fecha_hora,codigo,asignatura,grupo,cupos_disponibles
2026-07-21T04:35+00:00,2015938,Acueductos,(1) Grupo 1,3
2026-07-21T04:35+00:00,2015938,Acueductos,(2) Grupo 2,7
2026-07-21T04:35+00:00,2015938,Acueductos,(3) Grupo 3,0
2026-07-21T04:35+00:00,2015938,Acueductos,(4) Grupo 4,2
2026-07-21T04:35+00:00,2015939,Alcantarillados,(1) Grupo 1,0
2026-07-21T04:35+00:00,2015939,Alcantarillados,(2) Grupo 2,1
2026-07-21T04:35+00:00,2015939,Alcantarillados,(3) Grupo 3,1
2026-07-21T04:35+00:00,2015939,Alcantarillados,(4) Grupo 4,2
2026-07-21T04:35+00:00,2015939,Alcantarillados,(5) Grupo 5,2
2026-07-21T04:35+00:00,2015940,Análisis estructural aplicado,(BCA_0103) Cierre Anticipado Grupo 2,0
2026-07-21T04:35+00:00,2015940,Análisis estructural aplicado,(BCA_0434) Cierre Naticipado Grupo 3,0
2026-07-21T04:35+00:00,2015940,Análisis estructural aplicado,(1) Grupo 1,9
2026-07-21T04:35+00:00,2015940,Análisis estructural aplicado,(2) Grupo 2,3
2026-07-21T04:35+00:00,2015940,Análisis estructural aplicado,(3) Grupo 3,1
2026-07-21T04:35+00:00,2015941,Análisis estructural básico,(1) Grupo 1,1
2026-07-21T04:35+00:00,2015941,Análisis estructural básico,(2) Grupo 2,5
2026-07-21T04:35+00:00,2015941,Análisis estructural básico,(3) Grupo 3,0
2026-07-21T04:35+00:00,2015941,Análisis estructural básico,(4) Grupo 4,3
2026-07-21T04:35+00:00,1000004-B,Cálculo diferencial,(1) Grupo 1,13
2026-07-21T04:35+00:00,1000004-B,Cálculo diferencial,(10) Grupo 10,7
2026-07-21T04:35+00:00,1000004-B,Cálculo diferencial,(11) Grupo 11,8
2026-07-21T04:35+00:00,1000004-B,Cálculo diferencial,(12) Grupo 12,4
2026-07-21T04:35+00:00,1000004-B,Cálculo diferencial,(13) Grupo 13,3
2026-07-21T04:35+00:00,1000004-B,Cálculo diferencial,(14) Grupo 14,14
2026-07-21T04:35+00:00,1000004-B,Cálculo diferencial,(16) Grupo 16,8
2026-07-21T04:35+00:00,1000004-B,Cálculo diferencial,(17) Grupo 17,3
2026-07-21T04:35+00:00,1000004-B,Cálculo diferencial,(19) Grupo 19,10
2026-07-21T04:35+00:00,1000004-B,Cálculo diferencial,(2) Grupo 2,10
2026-07-21T04:35+00:00,1000004-B,Cálculo diferencial,(20) Grupo 20,7
2026-07-21T04:35+00:00,1000004-B,Cálculo diferencial,(21) Grupo 21,7
2026-07-21T04:35+00:00,1000004-B,Cálculo diferencial,(22) Grupo 22,6
2026-07-21T04:35+00:00,1000004-B,Cálculo diferencial,(23) Grupo 23,0
2026-07-21T04:35+00:00,1000004-B,Cálculo diferencial,(24) Grupo 24,5
2026-07-21T04:35+00:00,1000004-B,Cálculo diferencial,(25) Grupo 25,3
2026-07-21T04:35+00:00,1000004-B,Cálculo diferencial,(26) Grupo 26,4
2026-07-21T04:35+00:00,1000004-B,Cálculo diferencial,(27) Grupo 27,6
2026-07-21T04:35+00:00,1000004-B,Cálculo diferencial,(28) Grupo 28,20
2026-07-21T04:35+00:00,1000004-B,Cálculo diferencial,(29) Grupo 29,27
2026-07-21T04:35+00:00,1000004-B,Cálculo diferencial,(3) Grupo 3,14
2026-07-21T04:35+00:00,1000004-B,Cálculo diferencial,(30) Grupo 30,8
2026-07-21T04:35+00:00,1000004-B,Cálculo diferencial,(32) Grupo 32,10
2026-07-21T04:35+00:00,1000004-B,Cálculo diferencial,(4) Grupo 4,7
2026-07-21T04:35+00:00,1000004-B,Cálculo diferencial,(5) Grupo 5,12
2026-07-21T04:35+00:00,1000004-B,Cálculo diferencial,(6) Grupo 6,7
2026-07-21T04:35+00:00,1000004-B,Cálculo diferencial,(7) Grupo 7,3
2026-07-21T04:35+00:00,1000004-B,Cálculo diferencial,(8) Grupo 8,8
2026-07-21T04:35+00:00,1000004-B,Cálculo diferencial,(9) Grupo 9,3
2026-07-21T04:35+00:00,1000006-B,Cálculo en varias variables,(1) Grupo 1,19
2026-07-21T04:35+00:00,1000006-B,Cálculo en varias variables,(10) Grupo 10,18
2026-07-21T04:35+00:00,1000006-B,Cálculo en varias variables,(11) Grupo 11,16
2026-07-21T04:35+00:00,1000006-B,Cálculo en varias variables,(12) Grupo 12,3
2026-07-21T04:35+00:00,1000006-B,Cálculo en varias variables,(13) Grupo 13,7
2026-07-21T04:35+00:00,1000006-B,Cálculo en varias variables,(14) Grupo 14,1
2026-07-21T04:35+00:00,1000006-B,Cálculo en varias variables,(15) Grupo 15,9
2026-07-21T04:35+00:00,1000006-B,Cálculo en varias variables,(16) Grupo 16,0
2026-07-21T04:35+00:00,1000006-B,Cálculo en varias variables,(17) Grupo 17,2
2026-07-21T04:35+00:00,1000006-B,Cálculo en varias variables,(2) Grupo 2,4
2026-07-21T04:35+00:00,1000006-B,Cálculo en varias variables,(3) Grupo 3,2
2026-07-21T04:35+00:00,1000006-B,Cálculo en varias variables,(4) Grupo 4,37
2026-07-21T04:35+00:00,1000006-B,Cálculo en varias variables,(5) Grupo 5,11
2026-07-21T04:35+00:00,1000006-B,Cálculo en varias variables,(6) Grupo 6,5
2026-07-21T04:35+00:00,1000006-B,Cálculo en varias variables,(7) Grupo 7,61
2026-07-21T04:35+00:00,1000006-B,Cálculo en varias variables,(8) Grupo 8,16
2026-07-21T04:35+00:00,1000006-B,Cálculo en varias variables,(9) Grupo 9,0
2026-07-21T04:35+00:00,1000005-B,Cálculo Integral,(1) Grupo 1,0
2026-07-21T04:35+00:00,1000005-B,Cálculo Integral,(10) Grupo 10,1
2026-07-21T04:35+00:00,1000005-B,Cálculo Integral,(12) Grupo 12,9
2026-07-21T04:35+00:00,1000005-B,Cálculo Integral,(13) Grupo 13,27
2026-07-21T04:35+00:00,1000005-B,Cálculo Integral,(14) Grupo 14,27
2026-07-21T04:35+00:00,1000005-B,Cálculo Integral,(15) Grupo 15,6
2026-07-21T04:35+00:00,1000005-B,Cálculo Integral,(16) Grupo 16,9
2026-07-21T04:35+00:00,1000005-B,Cálculo Integral,(17) Grupo 17,0
2026-07-21T04:35+00:00,1000005-B,Cálculo Integral,(18) Grupo 18,0
2026-07-21T04:35+00:00,1000005-B,Cálculo Integral,(19) Grupo 19,8
2026-07-21T04:35+00:00,1000005-B,Cálculo Integral,(2) Grupo 2,23
2026-07-21T04:35+00:00,1000005-B,Cálculo Integral,(20) Grupo 20,10
2026-07-21T04:35+00:00,1000005-B,Cálculo Integral,(21) Grupo 21,14
2026-07-21T04:35+00:00,1000005-B,Cálculo Integral,(22) Grupo 22,29
2026-07-21T04:35+00:00,1000005-B,Cálculo Integral,(3) Grupo 3,33
2026-07-21T04:35+00:00,1000005-B,Cálculo Integral,(4) Grupo 4,7
2026-07-21T04:35+00:00,1000005-B,Cálculo Integral,(6) Grupo 6,5
2026-07-21T04:35+00:00,1000005-B,Cálculo Integral,(7) Grupo 7,0
2026-07-21T04:35+00:00,1000005-B,Cálculo Integral,(8) Grupo 8,8
2026-07-21T04:35+00:00,1000005-B,Cálculo Integral,(9) Grupo 9,1
2026-07-21T04:35+00:00,2015229,Colombia Contemporánea,(BCA_318) cierre anticipado grupo 1,0
2026-07-21T04:35+00:00,2015229,Colombia Contemporánea,(CARI) Grupo 1 PEAMA Caribe,2
2026-07-21T04:35+00:00,2015943,Construcción de edificaciones,(1) Grupo 1,1
2026-07-21T04:35+00:00,2015944,Construcción de Infraestructura Vial,(BCA_0436) Cierre Anticipado Grupo 1,0
2026-07-21T04:35+00:00,2015944,Construcción de Infraestructura Vial,(1) Grupo 1,3
2026-07-21T04:35+00:00,2015711,Dibujo básico,(10) 2015711-10 Dibujo básico,10
2026-07-21T04:35+00:00,2015711,Dibujo básico,(11) 2015711-11 Dibujo básico,10
2026-07-21T04:35+00:00,2015711,Dibujo básico,(14) 2015711-14 Dibujo básico,8
2026-07-21T04:35+00:00,2015711,Dibujo básico,(4) 2015711-4 Dibujo básico,11
2026-07-21T04:35+00:00,2015711,Dibujo básico,(5) 2015711-5 Dibujo básico,6
2026-07-21T04:35+00:00,2015711,Dibujo básico,(7) 2015711-7 Dibujo básico,22
2026-07-21T04:35+00:00,2015711,Dibujo básico,(8) 2015711-8 Dibujo básico,7
2026-07-21T04:35+00:00,2015711,Dibujo básico,(9) 2015711-9 Dibujo básico,4
2026-07-21T04:35+00:00,2015948,Dinámica,(1) Grupo 1,11
2026-07-21T04:35+00:00,2015948,Dinámica,(2) Grupo 2,2
2026-07-21T04:35+00:00,2015948,Dinámica,(3) Grupo 3,5
2026-07-21T04:35+00:00,2015950,Diseño estructural,(1) Grupo 1,1
2026-07-21T04:35+00:00,2015950,Diseño estructural,(2) Grupo 2,2
2026-07-21T04:35+00:00,2015950,Diseño estructural,(3) Grupo 3,7
2026-07-21T04:35+00:00,2015950,Diseño estructural,(4) Grupo 4,9
2026-07-21T04:35+00:00,2015950,Diseño estructural,(5) Grupo 5,3
2026-07-21T04:35+00:00,2015949,Diseño geométrico de Vías,(1) Grupo 1,9
2026-07-21T04:35+00:00,2015949,Diseño geométrico de Vías,(3) Grupo 2,3
2026-07-21T04:35+00:00,2015949,Diseño geométrico de Vías,(2) Grupo 3,0
2026-07-21T04:35+00:00,2015949,Diseño geométrico de Vías,(4) Grupo 4,11
2026-07-21T04:35+00:00,1000007-B,Ecuaciones Diferenciales,(1) Grupo 1,16
2026-07-21T04:35+00:00,1000007-B,Ecuaciones Diferenciales,(11) Grupo 11,3
2026-07-21T04:35+00:00,1000007-B,Ecuaciones Diferenciales,(12) Grupo 12,37
2026-07-21T04:35+00:00,1000007-B,Ecuaciones Diferenciales,(13) Grupo 13,3
2026-07-21T04:35+00:00,1000007-B,Ecuaciones Diferenciales,(14) Grupo 14,0
2026-07-21T04:35+00:00,1000007-B,Ecuaciones Diferenciales,(2) Grupo 2,1
2026-07-21T04:35+00:00,1000007-B,Ecuaciones Diferenciales,(3) Grupo 3,12
2026-07-21T04:35+00:00,1000007-B,Ecuaciones Diferenciales,(4) Grupo 4,13
2026-07-21T04:35+00:00,1000007-B,Ecuaciones Diferenciales,(6) Grupo 6,1
2026-07-21T04:35+00:00,1000007-B,Ecuaciones Diferenciales,(7) Grupo 7,3
2026-07-21T04:35+00:00,1000007-B,Ecuaciones Diferenciales,(9) Grupo 9,0
2026-07-21T04:35+00:00,2026134,Estática,(1) Grupo 1,4
2026-07-21T04:35+00:00,2026134,Estática,(2) Grupo 2,2
2026-07-21T04:35+00:00,2026134,Estática,(3) Grupo 3,2
2026-07-21T04:35+00:00,2026134,Estática,(4) Grupo 4,2
2026-07-21T04:35+00:00,2026134,Estática,(5) Grupo 5,2
2026-07-21T04:35+00:00,2026134,Estática,(6) Grupo 6,0
2026-07-21T04:35+00:00,2026134,Estática,(7) Grupo 7,7
2026-07-21T04:35+00:00,2015954,Estructuras hidráulicas,(2) Grupo 2,8
2026-07-21T04:35+00:00,2015954,Estructuras hidráulicas,(3) Grupo 3,2
2026-07-21T04:35+00:00,2015954,Estructuras hidráulicas,(4) Grupo 4,0
2026-07-21T04:35+00:00,2015955,Fundamentos de construcción,(1) Grupo 1,9
2026-07-21T04:35+00:00,2015955,Fundamentos de construcción,(2) Grupo 2,0
2026-07-21T04:35+00:00,2015955,Fundamentos de construcción,(3) Grupo 3,0
2026-07-21T04:35+00:00,1000011-B,Fundamentos de ecología,(1) Grupo 1,97
2026-07-21T04:35+00:00,1000011-B,Fundamentos de ecología,(3) Grupo 3,2
2026-07-21T04:35+00:00,1000019-B,Fundamentos de mecánica,(1) Grupo 1,1
2026-07-21T04:35+00:00,1000019-B,Fundamentos de mecánica,(10) Grupo 10,7
2026-07-21T04:35+00:00,1000019-B,Fundamentos de mecánica,(11) Grupo 11,21
2026-07-21T04:35+00:00,1000019-B,Fundamentos de mecánica,(12) Grupo 12,3
2026-07-21T04:35+00:00,1000019-B,Fundamentos de mecánica,(13) Grupo 13,3
2026-07-21T04:35+00:00,1000019-B,Fundamentos de mecánica,(14) Grupo 14,4
2026-07-21T04:35+00:00,1000019-B,Fundamentos de mecánica,(15) Grupo 15,4
2026-07-21T04:35+00:00,1000019-B,Fundamentos de mecánica,(16) Grupo 16,4
2026-07-21T04:35+00:00,1000019-B,Fundamentos de mecánica,(17) Grupo 17,9
2026-07-21T04:35+00:00,1000019-B,Fundamentos de mecánica,(18) Grupo 18,6
2026-07-21T04:35+00:00,1000019-B,Fundamentos de mecánica,(19) Grupo 19,19
2026-07-21T04:35+00:00,1000019-B,Fundamentos de mecánica,(2) Grupo 2,1
2026-07-21T04:35+00:00,1000019-B,Fundamentos de mecánica,(20) Grupo 20,27
2026-07-21T04:35+00:00,1000019-B,Fundamentos de mecánica,(21) Grupo 21,27
2026-07-21T04:35+00:00,1000019-B,Fundamentos de mecánica,(22) Grupo 22,28
2026-07-21T04:35+00:00,1000019-B,Fundamentos de mecánica,(23) Grupo 23,29
2026-07-21T04:35+00:00,1000019-B,Fundamentos de mecánica,(25) Grupo 25,36
2026-07-21T04:35+00:00,1000019-B,Fundamentos de mecánica,(26) Grupo 26 (VIRTUAL),76
2026-07-21T04:35+00:00,1000019-B,Fundamentos de mecánica,(3) Grupo 3,0
2026-07-21T04:35+00:00,1000019-B,Fundamentos de mecánica,(4) Grupo 4,0
2026-07-21T04:35+00:00,1000019-B,Fundamentos de mecánica,(5) Grupo 5,4
2026-07-21T04:35+00:00,1000019-B,Fundamentos de mecánica,(6) Grupo 6,3
2026-07-21T04:35+00:00,1000019-B,Fundamentos de mecánica,(7) Grupo 7,3
2026-07-21T04:35+00:00,1000019-B,Fundamentos de mecánica,(8) Grupo 8,3
2026-07-21T04:35+00:00,1000019-B,Fundamentos de mecánica,(9) Grupo 9,0
2026-07-21T04:35+00:00,1000019-B,Fundamentos de mecánica,(1) Grupo 1,1
2026-07-21T04:35+00:00,1000019-B,Fundamentos de mecánica,(10) Grupo 10,7
2026-07-21T04:35+00:00,1000019-B,Fundamentos de mecánica,(11) Grupo 11,20
2026-07-21T04:35+00:00,1000019-B,Fundamentos de mecánica,(12) Grupo 12,3
2026-07-21T04:35+00:00,1000019-B,Fundamentos de mecánica,(13) Grupo 13,3
2026-07-21T04:35+00:00,1000019-B,Fundamentos de mecánica,(14) Grupo 14,4
2026-07-21T04:35+00:00,1000019-B,Fundamentos de mecánica,(15) Grupo 15,4
2026-07-21T04:35+00:00,1000019-B,Fundamentos de mecánica,(16) Grupo 16,4
2026-07-21T04:35+00:00,1000019-B,Fundamentos de mecánica,(17) Grupo 17,9
2026-07-21T04:35+00:00,1000019-B,Fundamentos de mecánica,(18) Grupo 18,6
2026-07-21T04:35+00:00,1000019-B,Fundamentos de mecánica,(19) Grupo 19,19
2026-07-21T04:35+00:00,1000019-B,Fundamentos de mecánica,(2) Grupo 2,1
2026-07-21T04:35+00:00,1000019-B,Fundamentos de mecánica,(20) Grupo 20,27
2026-07-21T04:35+00:00,1000019-B,Fundamentos de mecánica,(21) Grupo 21,24
2026-07-21T04:35+00:00,1000019-B,Fundamentos de mecánica,(22) Grupo 22,28
2026-07-21T04:35+00:00,1000019-B,Fundamentos de mecánica,(23) Grupo 23,29
2026-07-21T04:35+00:00,1000019-B,Fundamentos de mecánica,(25) Grupo 25,26
2026-07-21T04:35+00:00,1000019-B,Fundamentos de mecánica,(26) Grupo 26 (VIRTUAL),76
2026-07-21T04:35+00:00,1000019-B,Fundamentos de mecánica,(3) Grupo 3,0
2026-07-21T04:35+00:00,1000019-B,Fundamentos de mecánica,(4) Grupo 4,0
2026-07-21T04:35+00:00,1000019-B,Fundamentos de mecánica,(5) Grupo 5,4
2026-07-21T04:35+00:00,1000019-B,Fundamentos de mecánica,(6) Grupo 6,3
2026-07-21T04:35+00:00,1000019-B,Fundamentos de mecánica,(7) Grupo 7,3
2026-07-21T04:35+00:00,1000019-B,Fundamentos de mecánica,(8) Grupo 8,3
2026-07-21T04:35+00:00,1000019-B,Fundamentos de mecánica,(9) Grupo 9,8
2026-07-21T04:35+00:00,1000019-B,Fundamentos de mecánica,(16) Gruop 16,8
2026-07-21T04:35+00:00,1000019-B,Fundamentos de mecánica,(1) Grupo 1,1
2026-07-21T04:35+00:00,1000019-B,Fundamentos de mecánica,(10) Grupo 10,7
2026-07-21T04:35+00:00,1000019-B,Fundamentos de mecánica,(11) Grupo 11,21
2026-07-21T04:35+00:00,1000019-B,Fundamentos de mecánica,(12) Grupo 12,3
2026-07-21T04:35+00:00,1000019-B,Fundamentos de mecánica,(13) Grupo 13,3
2026-07-21T04:35+00:00,1000019-B,Fundamentos de mecánica,(14) Grupo 14,4
2026-07-21T04:35+00:00,1000019-B,Fundamentos de mecánica,(15) Grupo 15,4
2026-07-21T04:35+00:00,1000019-B,Fundamentos de mecánica,(17) Grupo 17,8
2026-07-21T04:35+00:00,1000019-B,Fundamentos de mecánica,(18) Grupo 18,7
2026-07-21T04:35+00:00,1000019-B,Fundamentos de mecánica,(19) Grupo 19,19
2026-07-21T04:35+00:00,1000019-B,Fundamentos de mecánica,(2) Grupo 2,1
2026-07-21T04:35+00:00,1000019-B,Fundamentos de mecánica,(20) Grupo 20,27
2026-07-21T04:35+00:00,1000019-B,Fundamentos de mecánica,(21) Grupo 21,27
2026-07-21T04:35+00:00,1000019-B,Fundamentos de mecánica,(22) Grupo 22,28
2026-07-21T04:35+00:00,1000019-B,Fundamentos de mecánica,(23) Grupo 23,29
2026-07-21T04:35+00:00,1000019-B,Fundamentos de mecánica,(25) Grupo 25,36
2026-07-21T04:35+00:00,1000019-B,Fundamentos de mecánica,(26) Grupo 26 (VIRTUAL),76
2026-07-21T04:35+00:00,1000019-B,Fundamentos de mecánica,(3) Grupo 3,0
2026-07-21T04:35+00:00,1000019-B,Fundamentos de mecánica,(4) Grupo 4,0
2026-07-21T04:35+00:00,1000019-B,Fundamentos de mecánica,(5) Grupo 5,4
2026-07-21T04:35+00:00,1000019-B,Fundamentos de mecánica,(6) Grupo 6,3
2026-07-21T04:35+00:00,1000019-B,Fundamentos de mecánica,(7) Grupo 7,3
2026-07-21T04:35+00:00,1000019-B,Fundamentos de mecánica,(8) Grupo 8,3
2026-07-21T04:35+00:00,1000019-B,Fundamentos de mecánica,(9) Grupo 9,8
2026-07-21T04:35+00:00,2015956,Geología,(1) Grupo 1,2
2026-07-21T04:35+00:00,2015956,Geología,(2) Grupo 2,1
2026-07-21T04:35+00:00,2015956,Geología,(3) Grupo 3,2
2026-07-21T04:35+00:00,2015957,Geomática Aplicada,(1) Grupo 1,14
2026-07-21T04:35+00:00,2015957,Geomática Aplicada,(2) Grupo 2,17
2026-07-21T04:35+00:00,2015957,Geomática Aplicada,(3) Grupo 3,3
2026-07-21T04:35+00:00,2015957,Geomática Aplicada,(4) Grupo 4,3
2026-07-21T04:35+00:00,2015958,Geomática básica,(1) Grupo 1,10
2026-07-21T04:35+00:00,2015958,Geomática básica,(2) Grupo 2,7
2026-07-21T04:35+00:00,2015958,Geomática básica,(3) Grupo 3,1
2026-07-21T04:35+00:00,2015958,Geomática básica,(4) Grupo 4,1
2026-07-21T04:35+00:00,2015958,Geomática básica,(5) Grupo 5,0
2026-07-21T04:35+00:00,2015958,Geomática básica,(6) Grupo 6,2
2026-07-21T04:35+00:00,2015958,Geomática básica,(7) Grupo 7,10
2026-07-21T04:35+00:00,2015958,Geomática básica,(8) Grupo 8,5
2026-07-21T04:35+00:00,2015958,Geomática básica,(9) Grupo 9,0
2026-07-21T04:35+00:00,2015958,Geomática básica,(1) Grupo 1,10
2026-07-21T04:35+00:00,2015958,Geomática básica,(2) Grupo 2,7
2026-07-21T04:35+00:00,2015958,Geomática básica,(3) Grupo 3,1
2026-07-21T04:35+00:00,2015958,Geomática básica,(4) Grupo 4,1
2026-07-21T04:35+00:00,2015958,Geomática básica,(6) Grupo 6,12
2026-07-21T04:35+00:00,2015958,Geomática básica,(8) Grupo 8,5
2026-07-21T04:35+00:00,2015959,Geotecnia,(1) Grupo 1,21
2026-07-21T04:35+00:00,2015959,Geotecnia,(2) Grupo 2,0
2026-07-21T04:35+00:00,2015959,Geotecnia,(3) Grupo 3,0
2026-07-21T04:35+00:00,2015959,Geotecnia,(4) Grupo 4,17
2026-07-21T04:35+00:00,2015961,Hidráulica básica,(1) Grupo 1,2
2026-07-21T04:35+00:00,2015961,Hidráulica básica,(2) Grupo 2,1
2026-07-21T04:35+00:00,2015961,Hidráulica básica,(3) Grupo 3,0
2026-07-21T04:35+00:00,2015961,Hidráulica básica,(4) Grupo 4,1
2026-07-21T04:35+00:00,2015961,Hidráulica básica,(5) Grupo 5,5
2026-07-21T04:35+00:00,2015961,Hidráulica básica,(6) Grupo 6,1
2026-07-21T04:35+00:00,2015978,Hidrología,(1) Grupo 1,1
2026-07-21T04:35+00:00,2015978,Hidrología,(2) Grupo 2,5
2026-07-21T04:35+00:00,2015978,Hidrología,(3) Grupo 3,10
2026-07-21T04:35+00:00,2015978,Hidrología,(4) Grupo 4,2
2026-07-21T04:35+00:00,2015978,Hidrología,(5) Grupo 5,7
2026-07-21T04:35+00:00,2026135,Ingeniería civil sostenible,(BCA_0121) Cierre Antricipado Grupo 1,0
2026-07-21T04:35+00:00,2026135,Ingeniería civil sostenible,(1) Grupo 1,3
2026-07-21T04:35+00:00,2026135,Ingeniería civil sostenible,(2) Grupo 2,9
2026-07-21T04:35+00:00,2026135,Ingeniería civil sostenible,(3) Grupo 3,0
2026-07-21T04:35+00:00,2015963,Ingeniería de Tránsito,(1) Grupo 1,0
2026-07-21T04:35+00:00,2015963,Ingeniería de Tránsito,(2) Grupo 2,1
2026-07-21T04:35+00:00,2015963,Ingeniería de Tránsito,(3) Grupo 3,10
2026-07-21T04:35+00:00,2026138,Ingenieria de transporte,(1) Grupo 1,0
2026-07-21T04:35+00:00,2026138,Ingenieria de transporte,(2) Grupo 2,7
2026-07-21T04:35+00:00,2026138,Ingenieria de transporte,(3) Grupo 3,2
2026-07-21T04:35+00:00,2015703,Ingeniería económica,(BCA_0226) Cierre anticipado grupo 6,0
2026-07-21T04:35+00:00,2015703,Ingeniería económica,(1) Grupo 1,0
2026-07-21T04:35+00:00,2015703,Ingeniería económica,(10) Grupo 10,0
2026-07-21T04:35+00:00,2015703,Ingeniería económica,(11) Grupo 11,5
2026-07-21T04:35+00:00,2015703,Ingeniería económica,(2) Grupo 2,1
2026-07-21T04:35+00:00,2015703,Ingeniería económica,(3) Grupo 3,0
2026-07-21T04:35+00:00,2015703,Ingeniería económica,(4) Grupo 4,1
2026-07-21T04:35+00:00,2015703,Ingeniería económica,(5) Grupo 5 - Virtual,1
2026-07-21T04:35+00:00,2015703,Ingeniería económica,(6) Grupo 6,1
2026-07-21T04:35+00:00,2015703,Ingeniería económica,(7) Grupo 7,0
2026-07-21T04:35+00:00,2015703,Ingeniería económica,(8) Grupo 8,0
2026-07-21T04:35+00:00,2015703,Ingeniería económica,(9) Grupo 9,0
2026-07-21T04:35+00:00,1000044-B,Inglés I- Semestral,(1) Grupo 1,9
2026-07-21T04:35+00:00,1000044-B,Inglés I- Semestral,(2) Grupo 2,3
2026-07-21T04:35+00:00,1000044-B,Inglés I- Semestral,(3) Grupo 3,2
2026-07-21T04:35+00:00,1000044-B,Inglés I- Semestral,(4) Grupo 4,4
2026-07-21T04:35+00:00,1000044-B,Inglés I- Semestral,(5) Grupo 5,0
2026-07-21T04:35+00:00,1000044-B,Inglés I- Semestral,(6) Grupo 6,3
2026-07-21T04:35+00:00,1000044-B,Inglés I- Semestral,(7) Grupo 7,10
2026-07-21T04:35+00:00,1000044-B,Inglés I- Semestral,(8) Grupo 8,3
2026-07-21T04:35+00:00,1000044-B,Inglés I- Semestral,(9) Grupo 9,3
2026-07-21T04:35+00:00,1000045-B,Inglés II - Semestral,(1) Grupo 1,4
2026-07-21T04:35+00:00,1000045-B,Inglés II - Semestral,(10) Grupo 10,7
2026-07-21T04:35+00:00,1000045-B,Inglés II - Semestral,(11) Grupo 11,10
2026-07-21T04:35+00:00,1000045-B,Inglés II - Semestral,(12) Grupo 12,6
2026-07-21T04:35+00:00,1000045-B,Inglés II - Semestral,(13) Grupo 13,7
2026-07-21T04:35+00:00,1000045-B,Inglés II - Semestral,(14) Grupo 14,10
2026-07-21T04:35+00:00,1000045-B,Inglés II - Semestral,(15) Grupo 15,14
2026-07-21T04:35+00:00,1000045-B,Inglés II - Semestral,(16) Grupo 16,11
2026-07-21T04:35+00:00,1000045-B,Inglés II - Semestral,(2) Grupo 2,0
2026-07-21T04:35+00:00,1000045-B,Inglés II - Semestral,(3) Grupo 3,9
2026-07-21T04:35+00:00,1000045-B,Inglés II - Semestral,(4) Grupo 4,12
2026-07-21T04:35+00:00,1000045-B,Inglés II - Semestral,(5) Grupo 5,2
2026-07-21T04:35+00:00,1000045-B,Inglés II - Semestral,(6) Grupo 6,3
2026-07-21T04:35+00:00,1000045-B,Inglés II - Semestral,(7) Grupo 7,8
2026-07-21T04:35+00:00,1000045-B,Inglés II - Semestral,(8) Grupo 8,10
2026-07-21T04:35+00:00,1000045-B,Inglés II - Semestral,(9) Grupo 9,26
2026-07-21T04:35+00:00,1000046-B,Inglés III - Semestral,(1) Grupo 1,10
2026-07-21T04:35+00:00,1000046-B,Inglés III - Semestral,(10) Grupo 10,6
2026-07-21T04:35+00:00,1000046-B,Inglés III - Semestral,(11) Grupo 11,8
2026-07-21T04:35+00:00,1000046-B,Inglés III - Semestral,(12) Grupo 12,2
2026-07-21T04:35+00:00,1000046-B,Inglés III - Semestral,(13) Grupo 13,3
2026-07-21T04:35+00:00,1000046-B,Inglés III - Semestral,(14) Grupo 14,4
2026-07-21T04:35+00:00,1000046-B,Inglés III - Semestral,(15) Grupo 15,3
2026-07-21T04:35+00:00,1000046-B,Inglés III - Semestral,(16) Grupo 16,1
2026-07-21T04:35+00:00,1000046-B,Inglés III - Semestral,(17) Grupo 17,17
2026-07-21T04:35+00:00,1000046-B,Inglés III - Semestral,(18) Grupo 18,15
2026-07-21T04:35+00:00,1000046-B,Inglés III - Semestral,(2) Grupo 2,1
2026-07-21T04:35+00:00,1000046-B,Inglés III - Semestral,(3) Grupo 3,15
2026-07-21T04:35+00:00,1000046-B,Inglés III - Semestral,(4) Grupo 4,11
2026-07-21T04:35+00:00,1000046-B,Inglés III - Semestral,(5) Grupo 5,2
2026-07-21T04:35+00:00,1000046-B,Inglés III - Semestral,(6) Grupo 6,7
2026-07-21T04:35+00:00,1000046-B,Inglés III - Semestral,(7) Grupo 7,5
2026-07-21T04:35+00:00,1000046-B,Inglés III - Semestral,(8) Grupo 8,4
2026-07-21T04:35+00:00,1000046-B,Inglés III - Semestral,(9) Grupo 9,16
2026-07-21T04:35+00:00,1000052-B,Inglés Intensivo I y II,(1) Grupo 1,10
2026-07-21T04:35+00:00,1000052-B,Inglés Intensivo I y II,(2) Grupo 2,11
2026-07-21T04:35+00:00,1000052-B,Inglés Intensivo I y II,(3) Grupo 3,19
2026-07-21T04:35+00:00,1000053-B,Inglés Intensivo III y IV,(1) Grupo 1,11
2026-07-21T04:35+00:00,1000053-B,Inglés Intensivo III y IV,(2) Grupo 2,4
2026-07-21T04:35+00:00,1000053-B,Inglés Intensivo III y IV,(3) Grupo 3,9
2026-07-21T04:35+00:00,1000053-B,Inglés Intensivo III y IV,(4) Grupo 4,13
2026-07-21T04:35+00:00,1000053-B,Inglés Intensivo III y IV,(5) Grupo 5,23
2026-07-21T04:35+00:00,1000053-B,Inglés Intensivo III y IV,(6) Grupo 6,5
2026-07-21T04:35+00:00,1000047-B,Inglés IV- Semestral,(1) Grupo 1,11
2026-07-21T04:35+00:00,1000047-B,Inglés IV- Semestral,(10) Grupo 10,2
2026-07-21T04:35+00:00,1000047-B,Inglés IV- Semestral,(11) Grupo 11,8
2026-07-21T04:35+00:00,1000047-B,Inglés IV- Semestral,(12) Grupo 12,5
2026-07-21T04:35+00:00,1000047-B,Inglés IV- Semestral,(13) Grupo 13,5
2026-07-21T04:35+00:00,1000047-B,Inglés IV- Semestral,(14) Grupo 14,1
2026-07-21T04:35+00:00,1000047-B,Inglés IV- Semestral,(15) Grupo 15,8
2026-07-21T04:35+00:00,1000047-B,Inglés IV- Semestral,(16) Grupo 16,7
2026-07-21T04:35+00:00,1000047-B,Inglés IV- Semestral,(17) Grupo 17,11
2026-07-21T04:35+00:00,1000047-B,Inglés IV- Semestral,(18) Grupo 18,6
2026-07-21T04:35+00:00,1000047-B,Inglés IV- Semestral,(19) Grupo 19,14
2026-07-21T04:35+00:00,1000047-B,Inglés IV- Semestral,(2) Grupo 2,5
2026-07-21T04:35+00:00,1000047-B,Inglés IV- Semestral,(20) Grupo 20,12
2026-07-21T04:35+00:00,1000047-B,Inglés IV- Semestral,(21) Grupo 21,16
2026-07-21T04:35+00:00,1000047-B,Inglés IV- Semestral,(22) Grupo 22,15
2026-07-21T04:35+00:00,1000047-B,Inglés IV- Semestral,(3) Grupo 3,6
2026-07-21T04:35+00:00,1000047-B,Inglés IV- Semestral,(4) Grupo 4,14
2026-07-21T04:35+00:00,1000047-B,Inglés IV- Semestral,(5) Grupo 5,8
2026-07-21T04:35+00:00,1000047-B,Inglés IV- Semestral,(6) Grupo 6,1
2026-07-21T04:35+00:00,1000047-B,Inglés IV- Semestral,(7) Grupo 7,2
2026-07-21T04:35+00:00,1000047-B,Inglés IV- Semestral,(8) Grupo 8,7
2026-07-21T04:35+00:00,1000047-B,Inglés IV- Semestral,(9) Grupo 9,17
2026-07-21T04:35+00:00,2026186,Introducción a la ingeniería civil,(1) Grupo 1,5
2026-07-21T04:35+00:00,2026186,Introducción a la ingeniería civil,(2) Grupo 2,7
2026-07-21T04:35+00:00,2026186,Introducción a la ingeniería civil,(4) Grupo 4,13
2026-07-21T04:35+00:00,1000002-B,Lecto-Escritura,(BCA_302) Cierre anticipado grupo 6,0
2026-07-21T04:35+00:00,1000002-B,Lecto-Escritura,(1) Grupo 1 - Clase Presencial,6
2026-07-21T04:35+00:00,1000002-B,Lecto-Escritura,(10) Grupo 10 - Clase presencial,3
2026-07-21T04:35+00:00,1000002-B,Lecto-Escritura,(2) Grupo 2 - Clase Presencial,0
2026-07-21T04:35+00:00,1000002-B,Lecto-Escritura,(3) Grupo 3 - Clase Presencial,0
2026-07-21T04:35+00:00,1000002-B,Lecto-Escritura,(4) Grupo 4 - Clase Presencial,2
2026-07-21T04:35+00:00,1000002-B,Lecto-Escritura,(5) Grupo 5 - Clase Presencial,1
2026-07-21T04:35+00:00,1000002-B,Lecto-Escritura,(6) Grupo 6 - Clase Presencial,8
2026-07-21T04:35+00:00,1000002-B,Lecto-Escritura,(7) Grupo 7 - Clase Presencial,1
2026-07-21T04:35+00:00,1000002-B,Lecto-Escritura,(8) Grupo 8 - Clase Presencial,1
2026-07-21T04:35+00:00,1000002-B,Lecto-Escritura,(9) Grupo 9 - Clase Presencial,18
2026-07-21T04:35+00:00,1000001-B,Matemáticas Básicas,(1) Grupo 1,19
2026-07-21T04:35+00:00,1000001-B,Matemáticas Básicas,(2) Grupo 2,12
2026-07-21T04:35+00:00,1000001-B,Matemáticas Básicas,(1) Grupo 1,7
2026-07-21T04:35+00:00,1000001-B,Matemáticas Básicas,(10) Grupo 10,8
2026-07-21T04:35+00:00,1000001-B,Matemáticas Básicas,(2) Grupo 2,9
2026-07-21T04:35+00:00,1000001-B,Matemáticas Básicas,(4) Grupo 4,12
2026-07-21T04:35+00:00,1000001-B,Matemáticas Básicas,(5) Grupo 5,14
2026-07-21T04:35+00:00,1000001-B,Matemáticas Básicas,(6) Grupo 6,6
2026-07-21T04:35+00:00,1000001-B,Matemáticas Básicas,(7) Grupo 7,13
2026-07-21T04:35+00:00,1000001-B,Matemáticas Básicas,(8) Grupo 8,4
2026-07-21T04:35+00:00,1000001-B,Matemáticas Básicas,(9) Grupo 9,1
2026-07-21T04:35+00:00,2015965,Materiales para construcción,(1) Grupo 1,0
2026-07-21T04:35+00:00,2015965,Materiales para construcción,(2) Grupo 2,0
2026-07-21T04:35+00:00,2015965,Materiales para construcción,(3) Grupo 3,1
2026-07-21T04:35+00:00,2015966,Mecánica de fluidos,(1) Grupo 1,5
2026-07-21T04:35+00:00,2015966,Mecánica de fluidos,(2) Grupo 2,6
2026-07-21T04:35+00:00,2015966,Mecánica de fluidos,(3) Grupo 3,9
2026-07-21T04:35+00:00,2015966,Mecánica de fluidos,(4) Grupo 4,1
2026-07-21T04:35+00:00,2015966,Mecánica de fluidos,(5) Grupo 5,1
2026-07-21T04:35+00:00,2015966,Mecánica de fluidos,(6) Grupo 6,1
2026-07-21T04:35+00:00,2015966,Mecánica de fluidos,(7) Grupo 7,2
2026-07-21T04:35+00:00,2015966,Mecánica de fluidos,(8) Grupo 8,3
2026-07-21T04:35+00:00,2015967,Mecánica de Rocas,(BCA_0133) Cierre Anticipado Grupo 1,0
2026-07-21T04:35+00:00,2015967,Mecánica de Rocas,(1) Grupo 1,6
2026-07-21T04:35+00:00,2015968,Mecánica de sólidos,(1) Grupo 1,13
2026-07-21T04:35+00:00,2015968,Mecánica de sólidos,(2) Grupo 2,1
2026-07-21T04:35+00:00,2015968,Mecánica de sólidos,(3) Grupo 3,3
2026-07-21T04:35+00:00,2015968,Mecánica de sólidos,(4) Grupo 4,6
2026-07-21T04:35+00:00,2015968,Mecánica de sólidos,(5) Grupo 5,6
2026-07-21T04:35+00:00,2015968,Mecánica de sólidos,(6) Grupo 6,1
2026-07-21T04:35+00:00,2015968,Mecánica de sólidos,(7) Grupo 7,0
2026-07-21T04:35+00:00,2015969,Mecánica de suelos,(1) Grupo 1 (Inglés),6
2026-07-21T04:35+00:00,2015969,Mecánica de suelos,(2) Grupo 2,1
2026-07-21T04:35+00:00,2015969,Mecánica de suelos,(3) Grupo 3,9
2026-07-21T04:35+00:00,2015969,Mecánica de suelos,(4) Grupo 4,3
2026-07-21T04:35+00:00,2015970,Métodos numéricos,(BCA_0094) Cierre Anticipado Grupo 1,0
2026-07-21T04:35+00:00,2017293,Modelación matemática,(1) 2017293-1 Modelación matemática,5
2026-07-21T04:35+00:00,2017293,Modelación matemática,(2) 2017293-2 Modelación matemática,5
2026-07-21T04:35+00:00,2017293,Modelación matemática,(1M) 2017293-1M Modelación matemática - Magistral,22
2026-07-21T04:35+00:00,2015971,Pavimentos,(1) Grupo 1,3
2026-07-21T04:35+00:00,2015971,Pavimentos,(2) Grupo 2,0
2026-07-21T04:35+00:00,2015971,Pavimentos,(3) Grupo 3,1
2026-07-21T04:35+00:00,2015972,Preparación y evaluación de proyectos de infraestructura,(1) Grupo 1,2
2026-07-21T04:35+00:00,2015972,Preparación y evaluación de proyectos de infraestructura,(2) Grupo 2,1
2026-07-21T04:35+00:00,2015972,Preparación y evaluación de proyectos de infraestructura,(3) Grupo 3,2
2026-07-21T04:35+00:00,2015972,Preparación y evaluación de proyectos de infraestructura,(4) Grupo 4,5
2026-07-21T04:35+00:00,1000024-B,Principios de química,(11) Grupo 11,0
2026-07-21T04:35+00:00,1000024-B,Principios de química,(12) Grupo 12,0
2026-07-21T04:35+00:00,1000024-B,Principios de química,(13) Grupo 13,2
2026-07-21T04:35+00:00,1000024-B,Principios de química,(14) Grupo 14,0
2026-07-21T04:35+00:00,1000024-B,Principios de química,(18) Grupo 18,4
2026-07-21T04:35+00:00,1000013-B,Probabilidad y estadística fundamental,(10) Grupo 10,7
2026-07-21T04:35+00:00,1000013-B,Probabilidad y estadística fundamental,(11) Grupo 11,1
2026-07-21T04:35+00:00,1000013-B,Probabilidad y estadística fundamental,(12) Grupo 12,10
2026-07-21T04:35+00:00,1000013-B,Probabilidad y estadística fundamental,(13) Grupo 13,0
2026-07-21T04:35+00:00,1000013-B,Probabilidad y estadística fundamental,(14) Grupo 14,9
2026-07-21T04:35+00:00,1000013-B,Probabilidad y estadística fundamental,(16) Grupo 16,2
2026-07-21T04:35+00:00,1000013-B,Probabilidad y estadística fundamental,(2) Grupo 2,8
2026-07-21T04:35+00:00,1000013-B,Probabilidad y estadística fundamental,(21) Grupo 21,3
2026-07-21T04:35+00:00,1000013-B,Probabilidad y estadística fundamental,(24) Grupo 24,11
2026-07-21T04:35+00:00,1000013-B,Probabilidad y estadística fundamental,(3) Grupo 3,5
2026-07-21T04:35+00:00,1000013-B,Probabilidad y estadística fundamental,(4) Grupo 4,6
2026-07-21T04:35+00:00,1000013-B,Probabilidad y estadística fundamental,(6) Grupo 6,11
2026-07-21T04:35+00:00,1000013-B,Probabilidad y estadística fundamental,(7) Grupo 7,5
2026-07-21T04:35+00:00,1000013-B,Probabilidad y estadística fundamental,(8) Grupo 8,10
2026-07-21T04:35+00:00,1000013-B,Probabilidad y estadística fundamental,(9) Grupo 9,13
2026-07-21T04:35+00:00,2015734,Programación de computadores,(1) Grupo 1,0
2026-07-21T04:35+00:00,2015734,Programación de computadores,(10) Grupo 10,11
2026-07-21T04:35+00:00,2015734,Programación de computadores,(11) Grupo 11 - Virtual,4
2026-07-21T04:35+00:00,2015734,Programación de computadores,(12) Grupo 12,0
2026-07-21T04:35+00:00,2015734,Programación de computadores,(13) Grupo 13,4
2026-07-21T04:35+00:00,2015734,Programación de computadores,(2) Grupo 2,13
2026-07-21T04:35+00:00,2015734,Programación de computadores,(3) Grupo 3,7
2026-07-21T04:35+00:00,2015734,Programación de computadores,(5) Grupo 5,7
2026-07-21T04:35+00:00,2015734,Programación de computadores,(6) Grupo 6,11
2026-07-21T04:35+00:00,2015734,Programación de computadores,(7) Grupo 7 - Virtual,22
2026-07-21T04:35+00:00,2015734,Programación de computadores,(8) Grupo 8 - Virtual,1
2026-07-21T04:35+00:00,2015734,Programación de computadores,(9) Grupo 9 - Virtual,13
2026-07-21T04:35+00:00,2016375,Programación orientada a objetos,(1) Grupo 1,11
2026-07-21T04:35+00:00,2016375,Programación orientada a objetos,(2) Grupo 2 - Reserva validación PC,5
2026-07-21T04:35+00:00,2016375,Programación orientada a objetos,(3) Grupo 3,9
2026-07-21T04:35+00:00,2016375,Programación orientada a objetos,(4) Grupo 4,14
2026-07-21T04:35+00:00,2016375,Programación orientada a objetos,(5) Grupo 5 - Reserva validación PC,8
2026-07-21T04:35+00:00,2016375,Programación orientada a objetos,(6) Grupo 6 - Virtual - Reserva validación PC,8
2026-07-21T04:35+00:00,2016375,Programación orientada a objetos,(7) Grupo 7,8
2026-07-21T04:35+00:00,2016375,Programación orientada a objetos,(8) Grupo 8 - Reserva validación PC,3
2026-07-21T04:35+00:00,2016375,Programación orientada a objetos,(9) Grupo 9 - Reserva validación PC,6
2026-07-21T04:35+00:00,2015973,Saneamiento ambiental,(1) Grupo 1,0
2026-07-21T04:35+00:00,2015973,Saneamiento ambiental,(2) Grupo 2,0
2026-07-21T04:35+00:00,2015973,Saneamiento ambiental,(3) Grupo 3,1
2026-07-21T04:35+00:00,2022761,SIG para Ingeniería Civil,(1) Grupo 1,5
2026-07-21T04:35+00:00,2022761,SIG para Ingeniería Civil,(2) Grupo 2,2
2026-07-21T04:35+00:00,2022761,SIG para Ingeniería Civil,(3) Grupo 3,2
2026-07-21T04:35+00:00,2022761,SIG para Ingeniería Civil,(4) Grupo 4,4
2026-07-21T04:35+00:00,2015296,Trabajo de Grado,(1) Grupo 1,3
2026-07-21T04:35+00:00,2015296,Trabajo de Grado,(10) Grupo 10,4
2026-07-21T04:35+00:00,2015296,Trabajo de Grado,(11) Grupo 11,3
2026-07-21T04:35+00:00,2015296,Trabajo de Grado,(12) Grupo 12,4
2026-07-21T04:35+00:00,2015296,Trabajo de Grado,(13) Grupo 13,3
2026-07-21T04:35+00:00,2015296,Trabajo de Grado,(14) Grupo 14,1
2026-07-21T04:35+00:00,2015296,Trabajo de Grado,(15) Grupo 15,3
2026-07-21T04:35+00:00,2015296,Trabajo de Grado,(16) Grupo 16,4
2026-07-21T04:35+00:00,2015296,Trabajo de Grado,(17) Grupo 17,4
2026-07-21T04:35+00:00,2015296,Trabajo de Grado,(18) Grupo 18,3
2026-07-21T04:35+00:00,2015296,Trabajo de Grado,(19) Grupo 19,4
2026-07-21T04:35+00:00,2015296,Trabajo de Grado,(2) Grupo 2,3
2026-07-21T04:35+00:00,2015296,Trabajo de Grado,(3) Grupo 3,5
2026-07-21T04:35+00:00,2015296,Trabajo de Grado,(4) Grupo 4,5
2026-07-21T04:35+00:00,2015296,Trabajo de Grado,(5) Grupo 5,3
2026-07-21T04:35+00:00,2015296,Trabajo de Grado,(6) Grupo 6,5
2026-07-21T04:35+00:00,2015296,Trabajo de Grado,(7) Grupo 7,3
2026-07-21T04:35+00:00,2015296,Trabajo de Grado,(8) Grupo 8,4
2026-07-21T04:35+00:00,2015296,Trabajo de Grado,(9) Grupo 9,3
2026-07-21T04:35+00:00,2015977,Transporte Sostenible,(1) Grupo 1,2
2026-07-24T04:36+00:00,1000004-B,Cálculo diferencial,(1) Grupo 1,13
2026-07-24T04:36+00:00,1000004-B,Cálculo diferencial,(10) Grupo 10,7
2026-07-24T04:36+00:00,1000004-B,Cálculo diferencial,(11) Grupo 11,8
2026-07-24T04:36+00:00,1000004-B,Cálculo diferencial,(12) Grupo 12,4
2026-07-24T04:36+00:00,1000004-B,Cálculo diferencial,(13) Grupo 13,3
2026-07-24T04:36+00:00,1000004-B,Cálculo diferencial,(14) Grupo 14,15
2026-07-24T04:36+00:00,1000004-B,Cálculo diferencial,(16) Grupo 16,8
2026-07-24T04:36+00:00,1000004-B,Cálculo diferencial,(17) Grupo 17,3
2026-07-24T04:36+00:00,1000004-B,Cálculo diferencial,(19) Grupo 19,10
2026-07-24T04:36+00:00,1000004-B,Cálculo diferencial,(2) Grupo 2,10
2026-07-24T04:36+00:00,1000004-B,Cálculo diferencial,(20) Grupo 20,7
2026-07-24T04:36+00:00,1000004-B,Cálculo diferencial,(21) Grupo 21,7
2026-07-24T04:36+00:00,1000004-B,Cálculo diferencial,(22) Grupo 22,6
2026-07-24T04:36+00:00,1000004-B,Cálculo diferencial,(23) Grupo 23,0
2026-07-24T04:36+00:00,1000004-B,Cálculo diferencial,(24) Grupo 24,5
2026-07-24T04:36+00:00,1000004-B,Cálculo diferencial,(25) Grupo 25,3
2026-07-24T04:36+00:00,1000004-B,Cálculo diferencial,(26) Grupo 26,4
2026-07-24T04:36+00:00,1000004-B,Cálculo diferencial,(27) Grupo 27,6
2026-07-24T04:36+00:00,1000004-B,Cálculo diferencial,(28) Grupo 28,20
2026-07-24T04:36+00:00,1000004-B,Cálculo diferencial,(29) Grupo 29,27
2026-07-24T04:36+00:00,1000004-B,Cálculo diferencial,(3) Grupo 3,14
2026-07-24T04:36+00:00,1000004-B,Cálculo diferencial,(30) Grupo 30,9
2026-07-24T04:36+00:00,1000004-B,Cálculo diferencial,(32) Grupo 32,10
2026-07-24T04:36+00:00,1000004-B,Cálculo diferencial,(4) Grupo 4,7
2026-07-24T04:36+00:00,1000004-B,Cálculo diferencial,(5) Grupo 5,12
2026-07-24T04:36+00:00,1000004-B,Cálculo diferencial,(6) Grupo 6,7
2026-07-24T04:36+00:00,1000004-B,Cálculo diferencial,(7) Grupo 7,3
2026-07-24T04:36+00:00,1000004-B,Cálculo diferencial,(8) Grupo 8,8
2026-07-24T04:36+00:00,1000004-B,Cálculo diferencial,(9) Grupo 9,3
2026-07-24T04:36+00:00,1000044-B,Inglés I- Semestral,(1) Grupo 1,9
2026-07-24T04:36+00:00,1000044-B,Inglés I- Semestral,(2) Grupo 2,3
2026-07-24T04:36+00:00,1000044-B,Inglés I- Semestral,(3) Grupo 3,2
2026-07-24T04:36+00:00,1000044-B,Inglés I- Semestral,(4) Grupo 4,4
2026-07-24T04:36+00:00,1000044-B,Inglés I- Semestral,(5) Grupo 5,0
2026-07-24T04:36+00:00,1000044-B,Inglés I- Semestral,(6) Grupo 6,3
2026-07-24T04:36+00:00,1000044-B,Inglés I- Semestral,(7) Grupo 7,10
2026-07-24T04:36+00:00,1000044-B,Inglés I- Semestral,(8) Grupo 8,3
2026-07-24T04:36+00:00,1000044-B,Inglés I- Semestral,(9) Grupo 9,3
2026-07-24T04:36+00:00,1000045-B,Inglés II - Semestral,(1) Grupo 1,4
2026-07-24T04:36+00:00,1000045-B,Inglés II - Semestral,(10) Grupo 10,7
2026-07-24T04:36+00:00,1000045-B,Inglés II - Semestral,(11) Grupo 11,10
2026-07-24T04:36+00:00,1000045-B,Inglés II - Semestral,(12) Grupo 12,6
2026-07-24T04:36+00:00,1000045-B,Inglés II - Semestral,(13) Grupo 13,7
2026-07-24T04:36+00:00,1000045-B,Inglés II - Semestral,(14) Grupo 14,10
2026-07-24T04:36+00:00,1000045-B,Inglés II - Semestral,(15) Grupo 15,14
2026-07-24T04:36+00:00,1000045-B,Inglés II - Semestral,(16) Grupo 16,11
2026-07-24T04:36+00:00,1000045-B,Inglés II - Semestral,(2) Grupo 2,0
2026-07-24T04:36+00:00,1000045-B,Inglés II - Semestral,(3) Grupo 3,9
2026-07-24T04:36+00:00,1000045-B,Inglés II - Semestral,(4) Grupo 4,12
2026-07-24T04:36+00:00,1000045-B,Inglés II - Semestral,(5) Grupo 5,2
2026-07-24T04:36+00:00,1000045-B,Inglés II - Semestral,(6) Grupo 6,3
2026-07-24T04:36+00:00,1000045-B,Inglés II - Semestral,(7) Grupo 7,8
2026-07-24T04:36+00:00,1000045-B,Inglés II - Semestral,(8) Grupo 8,10
2026-07-24T04:36+00:00,1000045-B,Inglés II - Semestral,(9) Grupo 9,26
2026-07-24T04:36+00:00,1000046-B,Inglés III - Semestral,(1) Grupo 1,10
2026-07-24T04:36+00:00,1000046-B,Inglés III - Semestral,(10) Grupo 10,6
2026-07-24T04:36+00:00,1000046-B,Inglés III - Semestral,(11) Grupo 11,8
2026-07-24T04:36+00:00,1000046-B,Inglés III - Semestral,(12) Grupo 12,2
2026-07-24T04:36+00:00,1000046-B,Inglés III - Semestral,(13) Grupo 13,3
2026-07-24T04:36+00:00,1000046-B,Inglés III - Semestral,(14) Grupo 14,4
2026-07-24T04:36+00:00,1000046-B,Inglés III - Semestral,(15) Grupo 15,3
2026-07-24T04:36+00:00,1000046-B,Inglés III - Semestral,(16) Grupo 16,1
2026-07-24T04:36+00:00,1000046-B,Inglés III - Semestral,(17) Grupo 17,17
2026-07-24T04:36+00:00,1000046-B,Inglés III - Semestral,(18) Grupo 18,15
2026-07-24T04:36+00:00,1000046-B,Inglés III - Semestral,(2) Grupo 2,1
2026-07-24T04:36+00:00,1000046-B,Inglés III - Semestral,(3) Grupo 3,15
2026-07-24T04:36+00:00,1000046-B,Inglés III - Semestral,(4) Grupo 4,11
2026-07-24T04:36+00:00,1000046-B,Inglés III - Semestral,(5) Grupo 5,3
2026-07-24T04:36+00:00,1000046-B,Inglés III - Semestral,(6) Grupo 6,7
2026-07-24T04:36+00:00,1000046-B,Inglés III - Semestral,(7) Grupo 7,5
2026-07-24T04:36+00:00,1000046-B,Inglés III - Semestral,(8) Grupo 8,4
2026-07-24T04:36+00:00,1000046-B,Inglés III - Semestral,(9) Grupo 9,16
2026-07-24T04:36+00:00,1000052-B,Inglés Intensivo I y II,(1) Grupo 1,11
2026-07-24T04:36+00:00,1000052-B,Inglés Intensivo I y II,(2) Grupo 2,11
2026-07-24T04:36+00:00,1000052-B,Inglés Intensivo I y II,(3) Grupo 3,19
2026-07-24T04:36+00:00,1000053-B,Inglés Intensivo III y IV,(1) Grupo 1,11
2026-07-24T04:36+00:00,1000053-B,Inglés Intensivo III y IV,(2) Grupo 2,4
2026-07-24T04:36+00:00,1000053-B,Inglés Intensivo III y IV,(3) Grupo 3,9
2026-07-24T04:36+00:00,1000053-B,Inglés Intensivo III y IV,(4) Grupo 4,13
2026-07-24T04:36+00:00,1000053-B,Inglés Intensivo III y IV,(5) Grupo 5,23
2026-07-24T04:36+00:00,1000053-B,Inglés Intensivo III y IV,(6) Grupo 6,5
2026-07-24T04:36+00:00,1000047-B,Inglés IV- Semestral,(1) Grupo 1,11
2026-07-24T04:36+00:00,1000047-B,Inglés IV- Semestral,(10) Grupo 10,2
2026-07-24T04:36+00:00,1000047-B,Inglés IV- Semestral,(11) Grupo 11,8
2026-07-24T04:36+00:00,1000047-B,Inglés IV- Semestral,(12) Grupo 12,5
2026-07-24T04:36+00:00,1000047-B,Inglés IV- Semestral,(13) Grupo 13,5
2026-07-24T04:36+00:00,1000047-B,Inglés IV- Semestral,(14) Grupo 14,1
2026-07-24T04:36+00:00,1000047-B,Inglés IV- Semestral,(15) Grupo 15,8
2026-07-24T04:36+00:00,1000047-B,Inglés IV- Semestral,(16) Grupo 16,7
2026-07-24T04:36+00:00,1000047-B,Inglés IV- Semestral,(17) Grupo 17,11
2026-07-24T04:36+00:00,1000047-B,Inglés IV- Semestral,(18) Grupo 18,6
2026-07-24T04:36+00:00,1000047-B,Inglés IV- Semestral,(19) Grupo 19,14
2026-07-24T04:36+00:00,1000047-B,Inglés IV- Semestral,(2) Grupo 2,5
2026-07-24T04:36+00:00,1000047-B,Inglés IV- Semestral,(20) Grupo 20,12
2026-07-24T04:36+00:00,1000047-B,Inglés IV- Semestral,(21) Grupo 21,16
2026-07-24T04:36+00:00,1000047-B,Inglés IV- Semestral,(22) Grupo 22,15
2026-07-24T04:36+00:00,1000047-B,Inglés IV- Semestral,(3) Grupo 3,6
2026-07-24T04:36+00:00,1000047-B,Inglés IV- Semestral,(4) Grupo 4,14
2026-07-24T04:36+00:00,1000047-B,Inglés IV- Semestral,(5) Grupo 5,8
2026-07-24T04:36+00:00,1000047-B,Inglés IV- Semestral,(6) Grupo 6,1
2026-07-24T04:36+00:00,1000047-B,Inglés IV- Semestral,(7) Grupo 7,2
2026-07-24T04:36+00:00,1000047-B,Inglés IV- Semestral,(8) Grupo 8,7
2026-07-24T04:36+00:00,1000047-B,Inglés IV- Semestral,(9) Grupo 9,17
2026-07-24T04:36+00:00,1000002-B,Lecto-Escritura,(BCA_302) Cierre anticipado grupo 6,0
2026-07-24T04:36+00:00,1000002-B,Lecto-Escritura,(1) Grupo 1 - Clase Presencial,6
2026-07-24T04:36+00:00,1000002-B,Lecto-Escritura,(10) Grupo 10 - Clase presencial,3
2026-07-24T04:36+00:00,1000002-B,Lecto-Escritura,(2) Grupo 2 - Clase Presencial,0
2026-07-24T04:36+00:00,1000002-B,Lecto-Escritura,(3) Grupo 3 - Clase Presencial,0
2026-07-24T04:36+00:00,1000002-B,Lecto-Escritura,(4) Grupo 4 - Clase Presencial,2
2026-07-24T04:36+00:00,1000002-B,Lecto-Escritura,(5) Grupo 5 - Clase Presencial,1
2026-07-24T04:36+00:00,1000002-B,Lecto-Escritura,(6) Grupo 6 - Clase Presencial,8
2026-07-24T04:36+00:00,1000002-B,Lecto-Escritura,(7) Grupo 7 - Clase Presencial,1
2026-07-24T04:36+00:00,1000002-B,Lecto-Escritura,(8) Grupo 8 - Clase Presencial,1
2026-07-24T04:36+00:00,1000002-B,Lecto-Escritura,(9) Grupo 9 - Clase Presencial,18
2026-07-24T04:36+00:00,1000001-B,Matemáticas Básicas,(1) Grupo 1,20
2026-07-24T04:36+00:00,1000001-B,Matemáticas Básicas,(2) Grupo 2,12
2026-07-24T04:36+00:00,1000001-B,Matemáticas Básicas,(1) Grupo 1,8
2026-07-24T04:36+00:00,1000001-B,Matemáticas Básicas,(10) Grupo 10,8
2026-07-24T04:36+00:00,1000001-B,Matemáticas Básicas,(2) Grupo 2,9
2026-07-24T04:36+00:00,1000001-B,Matemáticas Básicas,(4) Grupo 4,12
2026-07-24T04:36+00:00,1000001-B,Matemáticas Básicas,(5) Grupo 5,14
2026-07-24T04:36+00:00,1000001-B,Matemáticas Básicas,(6) Grupo 6,7
2026-07-24T04:36+00:00,1000001-B,Matemáticas Básicas,(7) Grupo 7,13
2026-07-24T04:36+00:00,1000001-B,Matemáticas Básicas,(8) Grupo 8,4
2026-07-24T04:36+00:00,1000001-B,Matemáticas Básicas,(9) Grupo 9,1
2026-07-24T04:36+00:00,1000013-B,Probabilidad y estadística fundamental,(10) Grupo 10,7
2026-07-24T04:36+00:00,1000013-B,Probabilidad y estadística fundamental,(11) Grupo 11,1
2026-07-24T04:36+00:00,1000013-B,Probabilidad y estadística fundamental,(12) Grupo 12,10
2026-07-24T04:36+00:00,1000013-B,Probabilidad y estadística fundamental,(13) Grupo 13,0
2026-07-24T04:36+00:00,1000013-B,Probabilidad y estadística fundamental,(14) Grupo 14,9
2026-07-24T04:36+00:00,1000013-B,Probabilidad y estadística fundamental,(16) Grupo 16,2
2026-07-24T04:36+00:00,1000013-B,Probabilidad y estadística fundamental,(2) Grupo 2,8
2026-07-24T04:36+00:00,1000013-B,Probabilidad y estadística fundamental,(21) Grupo 21,3
2026-07-24T04:36+00:00,1000013-B,Probabilidad y estadística fundamental,(24) Grupo 24,11
2026-07-24T04:36+00:00,1000013-B,Probabilidad y estadística fundamental,(3) Grupo 3,5
2026-07-24T04:36+00:00,1000013-B,Probabilidad y estadística fundamental,(4) Grupo 4,6
2026-07-24T04:36+00:00,1000013-B,Probabilidad y estadística fundamental,(6) Grupo 6,11
2026-07-24T04:36+00:00,1000013-B,Probabilidad y estadística fundamental,(7) Grupo 7,5
2026-07-24T04:36+00:00,1000013-B,Probabilidad y estadística fundamental,(8) Grupo 8,10
2026-07-24T04:36+00:00,1000013-B,Probabilidad y estadística fundamental,(9) Grupo 9,13
2026-07-26T04:45+00:00,2015938,Acueductos,(1) Grupo 1,3
2026-07-26T04:45+00:00,2015938,Acueductos,(2) Grupo 2,7
2026-07-26T04:45+00:00,2015938,Acueductos,(3) Grupo 3,0
2026-07-26T04:45+00:00,2015938,Acueductos,(4) Grupo 4,2
2026-07-26T04:45+00:00,2015939,Alcantarillados,(1) Grupo 1,0
2026-07-26T04:45+00:00,2015939,Alcantarillados,(2) Grupo 2,1
2026-07-26T04:45+00:00,2015939,Alcantarillados,(3) Grupo 3,1
2026-07-26T04:45+00:00,2015939,Alcantarillados,(4) Grupo 4,2
2026-07-26T04:45+00:00,2015939,Alcantarillados,(5) Grupo 5,2
2026-07-26T04:45+00:00,2015940,Análisis estructural aplicado,(BCA_0103) Cierre Anticipado Grupo 2,0
2026-07-26T04:45+00:00,2015940,Análisis estructural aplicado,(BCA_0434) Cierre Naticipado Grupo 3,0
2026-07-26T04:45+00:00,2015940,Análisis estructural aplicado,(1) Grupo 1,9
2026-07-26T04:45+00:00,2015940,Análisis estructural aplicado,(2) Grupo 2,3
2026-07-26T04:45+00:00,2015940,Análisis estructural aplicado,(3) Grupo 3,1
2026-07-26T04:45+00:00,2015941,Análisis estructural básico,(1) Grupo 1,1
2026-07-26T04:45+00:00,2015941,Análisis estructural básico,(2) Grupo 2,5
2026-07-26T04:45+00:00,2015941,Análisis estructural básico,(3) Grupo 3,0
2026-07-26T04:45+00:00,2015941,Análisis estructural básico,(4) Grupo 4,3
2026-07-26T04:45+00:00,1000004-B,Cálculo diferencial,(1) Grupo 1,13
2026-07-26T04:45+00:00,1000004-B,Cálculo diferencial,(10) Grupo 10,7
2026-07-26T04:45+00:00,1000004-B,Cálculo diferencial,(11) Grupo 11,8
2026-07-26T04:45+00:00,1000004-B,Cálculo diferencial,(12) Grupo 12,4
2026-07-26T04:45+00:00,1000004-B,Cálculo diferencial,(13) Grupo 13,3
2026-07-26T04:45+00:00,1000004-B,Cálculo diferencial,(14) Grupo 14,15
2026-07-26T04:45+00:00,1000004-B,Cálculo diferencial,(16) Grupo 16,8
2026-07-26T04:45+00:00,1000004-B,Cálculo diferencial,(17) Grupo 17,3
2026-07-26T04:45+00:00,1000004-B,Cálculo diferencial,(19) Grupo 19,10
2026-07-26T04:45+00:00,1000004-B,Cálculo diferencial,(2) Grupo 2,10
2026-07-26T04:45+00:00,1000004-B,Cálculo diferencial,(20) Grupo 20,7
2026-07-26T04:45+00:00,1000004-B,Cálculo diferencial,(21) Grupo 21,8
2026-07-26T04:45+00:00,1000004-B,Cálculo diferencial,(22) Grupo 22,6
2026-07-26T04:45+00:00,1000004-B,Cálculo diferencial,(23) Grupo 23,0
2026-07-26T04:45+00:00,1000004-B,Cálculo diferencial,(24) Grupo 24,5
2026-07-26T04:45+00:00,1000004-B,Cálculo diferencial,(25) Grupo 25,3
2026-07-26T04:45+00:00,1000004-B,Cálculo diferencial,(26) Grupo 26,5
2026-07-26T04:45+00:00,1000004-B,Cálculo diferencial,(27) Grupo 27,6
2026-07-26T04:45+00:00,1000004-B,Cálculo diferencial,(28) Grupo 28,20
2026-07-26T04:45+00:00,1000004-B,Cálculo diferencial,(29) Grupo 29,27
2026-07-26T04:45+00:00,1000004-B,Cálculo diferencial,(3) Grupo 3,14
2026-07-26T04:45+00:00,1000004-B,Cálculo diferencial,(30) Grupo 30,9
2026-07-26T04:45+00:00,1000004-B,Cálculo diferencial,(32) Grupo 32,11
2026-07-26T04:45+00:00,1000004-B,Cálculo diferencial,(4) Grupo 4,7
2026-07-26T04:45+00:00,1000004-B,Cálculo diferencial,(5) Grupo 5,12
2026-07-26T04:45+00:00,1000004-B,Cálculo diferencial,(6) Grupo 6,7
2026-07-26T04:45+00:00,1000004-B,Cálculo diferencial,(7) Grupo 7,3
2026-07-26T04:45+00:00,1000004-B,Cálculo diferencial,(8) Grupo 8,8
2026-07-26T04:45+00:00,1000004-B,Cálculo diferencial,(9) Grupo 9,3
2026-07-26T04:45+00:00,1000006-B,Cálculo en varias variables,(1) Grupo 1,19
2026-07-26T04:45+00:00,1000006-B,Cálculo en varias variables,(10) Grupo 10,19
2026-07-26T04:45+00:00,1000006-B,Cálculo en varias variables,(11) Grupo 11,16
2026-07-26T04:45+00:00,1000006-B,Cálculo en varias variables,(12) Grupo 12,3
2026-07-26T04:45+00:00,1000006-B,Cálculo en varias variables,(13) Grupo 13,7
2026-07-26T04:45+00:00,1000006-B,Cálculo en varias variables,(14) Grupo 14,1
2026-07-26T04:45+00:00,1000006-B,Cálculo en varias variables,(15) Grupo 15,9
2026-07-26T04:45+00:00,1000006-B,Cálculo en varias variables,(16) Grupo 16,0
2026-07-26T04:45+00:00,1000006-B,Cálculo en varias variables,(17) Grupo 17,2
2026-07-26T04:45+00:00,1000006-B,Cálculo en varias variables,(2) Grupo 2,6
2026-07-26T04:45+00:00,1000006-B,Cálculo en varias variables,(3) Grupo 3,2
2026-07-26T04:45+00:00,1000006-B,Cálculo en varias variables,(4) Grupo 4,37
2026-07-26T04:45+00:00,1000006-B,Cálculo en varias variables,(5) Grupo 5,11
2026-07-26T04:45+00:00,1000006-B,Cálculo en varias variables,(6) Grupo 6,5
2026-07-26T04:45+00:00,1000006-B,Cálculo en varias variables,(7) Grupo 7,61
2026-07-26T04:45+00:00,1000006-B,Cálculo en varias variables,(8) Grupo 8,16
2026-07-26T04:45+00:00,1000006-B,Cálculo en varias variables,(9) Grupo 9,0
2026-07-26T04:45+00:00,1000005-B,Cálculo Integral,(1) Grupo 1,0
2026-07-26T04:45+00:00,1000005-B,Cálculo Integral,(10) Grupo 10,1
2026-07-26T04:45+00:00,1000005-B,Cálculo Integral,(12) Grupo 12,9
2026-07-26T04:45+00:00,1000005-B,Cálculo Integral,(13) Grupo 13,27
2026-07-26T04:45+00:00,1000005-B,Cálculo Integral,(14) Grupo 14,27
2026-07-26T04:45+00:00,1000005-B,Cálculo Integral,(15) Grupo 15,6
2026-07-26T04:45+00:00,1000005-B,Cálculo Integral,(16) Grupo 16,9
2026-07-26T04:45+00:00,1000005-B,Cálculo Integral,(17) Grupo 17,0
2026-07-26T04:45+00:00,1000005-B,Cálculo Integral,(18) Grupo 18,0
2026-07-26T04:45+00:00,1000005-B,Cálculo Integral,(19) Grupo 19,8
2026-07-26T04:45+00:00,1000005-B,Cálculo Integral,(2) Grupo 2,23
2026-07-26T04:45+00:00,1000005-B,Cálculo Integral,(20) Grupo 20,9
2026-07-26T04:45+00:00,1000005-B,Cálculo Integral,(21) Grupo 21,14
2026-07-26T04:45+00:00,1000005-B,Cálculo Integral,(22) Grupo 22,29
2026-07-26T04:45+00:00,1000005-B,Cálculo Integral,(3) Grupo 3,33
2026-07-26T04:45+00:00,1000005-B,Cálculo Integral,(4) Grupo 4,7
2026-07-26T04:45+00:00,1000005-B,Cálculo Integral,(6) Grupo 6,5
2026-07-26T04:45+00:00,1000005-B,Cálculo Integral,(7) Grupo 7,0
2026-07-26T04:45+00:00,1000005-B,Cálculo Integral,(8) Grupo 8,8
2026-07-26T04:45+00:00,1000005-B,Cálculo Integral,(9) Grupo 9,1
2026-07-26T04:45+00:00,2015229,Colombia Contemporánea,(BCA_318) cierre anticipado grupo 1,0
2026-07-26T04:45+00:00,2015229,Colombia Contemporánea,(CARI) Grupo 1 PEAMA Caribe,2
2026-07-26T04:45+00:00,2015943,Construcción de edificaciones,(1) Grupo 1,1
2026-07-26T04:45+00:00,2015944,Construcción de Infraestructura Vial,(BCA_0436) Cierre Anticipado Grupo 1,0
2026-07-26T04:45+00:00,2015944,Construcción de Infraestructura Vial,(1) Grupo 1,3
2026-07-26T04:45+00:00,2015711,Dibujo básico,(10) 2015711-10 Dibujo básico,10
2026-07-26T04:45+00:00,2015711,Dibujo básico,(11) 2015711-11 Dibujo básico,10
2026-07-26T04:45+00:00,2015711,Dibujo básico,(14) 2015711-14 Dibujo básico,8
2026-07-26T04:45+00:00,2015711,Dibujo básico,(4) 2015711-4 Dibujo básico,11
2026-07-26T04:45+00:00,2015711,Dibujo básico,(5) 2015711-5 Dibujo básico,6
2026-07-26T04:45+00:00,2015711,Dibujo básico,(7) 2015711-7 Dibujo básico,22
2026-07-26T04:45+00:00,2015711,Dibujo básico,(8) 2015711-8 Dibujo básico,8
2026-07-26T04:45+00:00,2015711,Dibujo básico,(9) 2015711-9 Dibujo básico,4
2026-07-26T04:45+00:00,2015948,Dinámica,(1) Grupo 1,11
2026-07-26T04:45+00:00,2015948,Dinámica,(2) Grupo 2,2
2026-07-26T04:45+00:00,2015948,Dinámica,(3) Grupo 3,5
2026-07-26T04:45+00:00,2015950,Diseño estructural,(1) Grupo 1,1
2026-07-26T04:45+00:00,2015950,Diseño estructural,(2) Grupo 2,2
2026-07-26T04:45+00:00,2015950,Diseño estructural,(3) Grupo 3,7
2026-07-26T04:45+00:00,2015950,Diseño estructural,(4) Grupo 4,9
2026-07-26T04:45+00:00,2015950,Diseño estructural,(5) Grupo 5,3
2026-07-26T04:45+00:00,2015949,Diseño geométrico de Vías,(1) Grupo 1,9
2026-07-26T04:45+00:00,2015949,Diseño geométrico de Vías,(3) Grupo 2,3
2026-07-26T04:45+00:00,2015949,Diseño geométrico de Vías,(2) Grupo 3,0
2026-07-26T04:45+00:00,2015949,Diseño geométrico de Vías,(4) Grupo 4,11
2026-07-26T04:45+00:00,1000007-B,Ecuaciones Diferenciales,(1) Grupo 1,16
2026-07-26T04:45+00:00,1000007-B,Ecuaciones Diferenciales,(11) Grupo 11,3
2026-07-26T04:45+00:00,1000007-B,Ecuaciones Diferenciales,(12) Grupo 12,37
2026-07-26T04:45+00:00,1000007-B,Ecuaciones Diferenciales,(13) Grupo 13,3
2026-07-26T04:45+00:00,1000007-B,Ecuaciones Diferenciales,(14) Grupo 14,0
2026-07-26T04:45+00:00,1000007-B,Ecuaciones Diferenciales,(2) Grupo 2,1
2026-07-26T04:45+00:00,1000007-B,Ecuaciones Diferenciales,(3) Grupo 3,12
2026-07-26T04:45+00:00,1000007-B,Ecuaciones Diferenciales,(4) Grupo 4,13
2026-07-26T04:45+00:00,1000007-B,Ecuaciones Diferenciales,(6) Grupo 6,1
2026-07-26T04:45+00:00,1000007-B,Ecuaciones Diferenciales,(7) Grupo 7,3
2026-07-26T04:45+00:00,1000007-B,Ecuaciones Diferenciales,(9) Grupo 9,0
2026-07-26T04:45+00:00,2026134,Estática,(1) Grupo 1,4
2026-07-26T04:45+00:00,2026134,Estática,(2) Grupo 2,2
2026-07-26T04:45+00:00,2026134,Estática,(3) Grupo 3,2
2026-07-26T04:45+00:00,2026134,Estática,(4) Grupo 4,2
2026-07-26T04:45+00:00,2026134,Estática,(5) Grupo 5,2
2026-07-26T04:45+00:00,2026134,Estática,(6) Grupo 6,0
2026-07-26T04:45+00:00,2026134,Estática,(7) Grupo 7,7
2026-07-26T04:45+00:00,2015954,Estructuras hidráulicas,(2) Grupo 2,8
2026-07-26T04:45+00:00,2015954,Estructuras hidráulicas,(3) Grupo 3,2
2026-07-26T04:45+00:00,2015954,Estructuras hidráulicas,(4) Grupo 4,0
2026-07-26T04:45+00:00,2015955,Fundamentos de construcción,(1) Grupo 1,9
2026-07-26T04:45+00:00,2015955,Fundamentos de construcción,(2) Grupo 2,0
2026-07-26T04:45+00:00,2015955,Fundamentos de construcción,(3) Grupo 3,0
2026-07-26T04:45+00:00,1000011-B,Fundamentos de ecología,(1) Grupo 1,97
2026-07-26T04:45+00:00,1000011-B,Fundamentos de ecología,(3) Grupo 3,2
2026-07-26T04:45+00:00,1000019-B,Fundamentos de mecánica,(1) Grupo 1,1
2026-07-26T04:45+00:00,1000019-B,Fundamentos de mecánica,(10) Grupo 10,7
2026-07-26T04:45+00:00,1000019-B,Fundamentos de mecánica,(11) Grupo 11,21
2026-07-26T04:45+00:00,1000019-B,Fundamentos de mecánica,(12) Grupo 12,3
2026-07-26T04:45+00:00,1000019-B,Fundamentos de mecánica,(13) Grupo 13,3
2026-07-26T04:45+00:00,1000019-B,Fundamentos de mecánica,(14) Grupo 14,4
2026-07-26T04:45+00:00,1000019-B,Fundamentos de mecánica,(15) Grupo 15,4
2026-07-26T04:45+00:00,1000019-B,Fundamentos de mecánica,(16) Grupo 16,4
2026-07-26T04:45+00:00,1000019-B,Fundamentos de mecánica,(17) Grupo 17,9
2026-07-26T04:45+00:00,1000019-B,Fundamentos de mecánica,(18) Grupo 18,6
2026-07-26T04:45+00:00,1000019-B,Fundamentos de mecánica,(19) Grupo 19,19
2026-07-26T04:45+00:00,1000019-B,Fundamentos de mecánica,(2) Grupo 2,1
2026-07-26T04:45+00:00,1000019-B,Fundamentos de mecánica,(20) Grupo 20,27
2026-07-26T04:45+00:00,1000019-B,Fundamentos de mecánica,(21) Grupo 21,27
2026-07-26T04:45+00:00,1000019-B,Fundamentos de mecánica,(22) Grupo 22,28
2026-07-26T04:45+00:00,1000019-B,Fundamentos de mecánica,(23) Grupo 23,29
2026-07-26T04:45+00:00,1000019-B,Fundamentos de mecánica,(25) Grupo 25,36
2026-07-26T04:45+00:00,1000019-B,Fundamentos de mecánica,(26) Grupo 26 (VIRTUAL),77
2026-07-26T04:45+00:00,1000019-B,Fundamentos de mecánica,(3) Grupo 3,0
2026-07-26T04:45+00:00,1000019-B,Fundamentos de mecánica,(4) Grupo 4,0
2026-07-26T04:45+00:00,1000019-B,Fundamentos de mecánica,(5) Grupo 5,4
2026-07-26T04:45+00:00,1000019-B,Fundamentos de mecánica,(6) Grupo 6,3
2026-07-26T04:45+00:00,1000019-B,Fundamentos de mecánica,(7) Grupo 7,3
2026-07-26T04:45+00:00,1000019-B,Fundamentos de mecánica,(8) Grupo 8,3
2026-07-26T04:45+00:00,1000019-B,Fundamentos de mecánica,(9) Grupo 9,0
2026-07-26T04:45+00:00,1000019-B,Fundamentos de mecánica,(1) Grupo 1,1
2026-07-26T04:45+00:00,1000019-B,Fundamentos de mecánica,(10) Grupo 10,7
2026-07-26T04:45+00:00,1000019-B,Fundamentos de mecánica,(11) Grupo 11,20
2026-07-26T04:45+00:00,1000019-B,Fundamentos de mecánica,(12) Grupo 12,3
2026-07-26T04:45+00:00,1000019-B,Fundamentos de mecánica,(13) Grupo 13,3
2026-07-26T04:45+00:00,1000019-B,Fundamentos de mecánica,(14) Grupo 14,4
2026-07-26T04:45+00:00,1000019-B,Fundamentos de mecánica,(15) Grupo 15,4
2026-07-26T04:45+00:00,1000019-B,Fundamentos de mecánica,(16) Grupo 16,4
2026-07-26T04:45+00:00,1000019-B,Fundamentos de mecánica,(17) Grupo 17,9
2026-07-26T04:45+00:00,1000019-B,Fundamentos de mecánica,(18) Grupo 18,6
2026-07-26T04:45+00:00,1000019-B,Fundamentos de mecánica,(19) Grupo 19,19
2026-07-26T04:45+00:00,1000019-B,Fundamentos de mecánica,(2) Grupo 2,1
2026-07-26T04:45+00:00,1000019-B,Fundamentos de mecánica,(20) Grupo 20,27
2026-07-26T04:45+00:00,1000019-B,Fundamentos de mecánica,(21) Grupo 21,24
2026-07-26T04:45+00:00,1000019-B,Fundamentos de mecánica,(22) Grupo 22,28
2026-07-26T04:45+00:00,1000019-B,Fundamentos de mecánica,(23) Grupo 23,29
2026-07-26T04:45+00:00,1000019-B,Fundamentos de mecánica,(25) Grupo 25,26
2026-07-26T04:45+00:00,1000019-B,Fundamentos de mecánica,(26) Grupo 26 (VIRTUAL),77
2026-07-26T04:45+00:00,1000019-B,Fundamentos de mecánica,(3) Grupo 3,0
2026-07-26T04:45+00:00,1000019-B,Fundamentos de mecánica,(4) Grupo 4,0
2026-07-26T04:45+00:00,1000019-B,Fundamentos de mecánica,(5) Grupo 5,4
2026-07-26T04:45+00:00,1000019-B,Fundamentos de mecánica,(6) Grupo 6,3
2026-07-26T04:45+00:00,1000019-B,Fundamentos de mecánica,(7) Grupo 7,3
2026-07-26T04:45+00:00,1000019-B,Fundamentos de mecánica,(8) Grupo 8,3
2026-07-26T04:45+00:00,1000019-B,Fundamentos de mecánica,(9) Grupo 9,8
2026-07-26T04:45+00:00,1000019-B,Fundamentos de mecánica,(16) Gruop 16,8
2026-07-26T04:45+00:00,1000019-B,Fundamentos de mecánica,(1) Grupo 1,1
2026-07-26T04:45+00:00,1000019-B,Fundamentos de mecánica,(10) Grupo 10,7
2026-07-26T04:45+00:00,1000019-B,Fundamentos de mecánica,(11) Grupo 11,21
2026-07-26T04:45+00:00,1000019-B,Fundamentos de mecánica,(12) Grupo 12,3
2026-07-26T04:45+00:00,1000019-B,Fundamentos de mecánica,(13) Grupo 13,3
2026-07-26T04:45+00:00,1000019-B,Fundamentos de mecánica,(14) Grupo 14,4
2026-07-26T04:45+00:00,1000019-B,Fundamentos de mecánica,(15) Grupo 15,4
2026-07-26T04:45+00:00,1000019-B,Fundamentos de mecánica,(17) Grupo 17,8
2026-07-26T04:45+00:00,1000019-B,Fundamentos de mecánica,(18) Grupo 18,7
2026-07-26T04:45+00:00,1000019-B,Fundamentos de mecánica,(19) Grupo 19,19
2026-07-26T04:45+00:00,1000019-B,Fundamentos de mecánica,(2) Grupo 2,1
2026-07-26T04:45+00:00,1000019-B,Fundamentos de mecánica,(20) Grupo 20,27
2026-07-26T04:45+00:00,1000019-B,Fundamentos de mecánica,(21) Grupo 21,27
2026-07-26T04:45+00:00,1000019-B,Fundamentos de mecánica,(22) Grupo 22,28
2026-07-26T04:45+00:00,1000019-B,Fundamentos de mecánica,(23) Grupo 23,29
2026-07-26T04:45+00:00,1000019-B,Fundamentos de mecánica,(25) Grupo 25,36
2026-07-26T04:45+00:00,1000019-B,Fundamentos de mecánica,(26) Grupo 26 (VIRTUAL),77
2026-07-26T04:45+00:00,1000019-B,Fundamentos de mecánica,(3) Grupo 3,0
2026-07-26T04:45+00:00,1000019-B,Fundamentos de mecánica,(4) Grupo 4,0
2026-07-26T04:45+00:00,1000019-B,Fundamentos de mecánica,(5) Grupo 5,4
2026-07-26T04:45+00:00,1000019-B,Fundamentos de mecánica,(6) Grupo 6,3
2026-07-26T04:45+00:00,1000019-B,Fundamentos de mecánica,(7) Grupo 7,3
2026-07-26T04:45+00:00,1000019-B,Fundamentos de mecánica,(8) Grupo 8,3
2026-07-26T04:45+00:00,1000019-B,Fundamentos de mecánica,(9) Grupo 9,8
2026-07-26T04:45+00:00,2015956,Geología,(1) Grupo 1,2
2026-07-26T04:45+00:00,2015956,Geología,(2) Grupo 2,1
2026-07-26T04:45+00:00,2015956,Geología,(3) Grupo 3,2
2026-07-26T04:45+00:00,2015957,Geomática Aplicada,(1) Grupo 1,14
2026-07-26T04:45+00:00,2015957,Geomática Aplicada,(2) Grupo 2,17
2026-07-26T04:45+00:00,2015957,Geomática Aplicada,(3) Grupo 3,3
2026-07-26T04:45+00:00,2015957,Geomática Aplicada,(4) Grupo 4,3
2026-07-26T04:45+00:00,2015958,Geomática básica,(1) Grupo 1,10
2026-07-26T04:45+00:00,2015958,Geomática básica,(2) Grupo 2,7
2026-07-26T04:45+00:00,2015958,Geomática básica,(3) Grupo 3,1
2026-07-26T04:45+00:00,2015958,Geomática básica,(4) Grupo 4,1
2026-07-26T04:45+00:00,2015958,Geomática básica,(5) Grupo 5,0
2026-07-26T04:45+00:00,2015958,Geomática básica,(6) Grupo 6,2
2026-07-26T04:45+00:00,2015958,Geomática básica,(7) Grupo 7,10
2026-07-26T04:45+00:00,2015958,Geomática básica,(8) Grupo 8,5
2026-07-26T04:45+00:00,2015958,Geomática básica,(9) Grupo 9,0
2026-07-26T04:45+00:00,2015958,Geomática básica,(1) Grupo 1,10
2026-07-26T04:45+00:00,2015958,Geomática básica,(2) Grupo 2,7
2026-07-26T04:45+00:00,2015958,Geomática básica,(3) Grupo 3,1
2026-07-26T04:45+00:00,2015958,Geomática básica,(4) Grupo 4,1
2026-07-26T04:45+00:00,2015958,Geomática básica,(6) Grupo 6,12
2026-07-26T04:45+00:00,2015958,Geomática básica,(8) Grupo 8,5
2026-07-26T04:45+00:00,2015959,Geotecnia,(1) Grupo 1,21
2026-07-26T04:45+00:00,2015959,Geotecnia,(2) Grupo 2,0
2026-07-26T04:45+00:00,2015959,Geotecnia,(3) Grupo 3,0
2026-07-26T04:45+00:00,2015959,Geotecnia,(4) Grupo 4,17
2026-07-26T04:45+00:00,2015961,Hidráulica básica,(1) Grupo 1,2
2026-07-26T04:45+00:00,2015961,Hidráulica básica,(2) Grupo 2,1
2026-07-26T04:45+00:00,2015961,Hidráulica básica,(3) Grupo 3,0
2026-07-26T04:45+00:00,2015961,Hidráulica básica,(4) Grupo 4,1
2026-07-26T04:45+00:00,2015961,Hidráulica básica,(5) Grupo 5,5
2026-07-26T04:45+00:00,2015961,Hidráulica básica,(6) Grupo 6,1
2026-07-26T04:45+00:00,2015978,Hidrología,(1) Grupo 1,1
2026-07-26T04:45+00:00,2015978,Hidrología,(2) Grupo 2,5
2026-07-26T04:45+00:00,2015978,Hidrología,(3) Grupo 3,10
2026-07-26T04:45+00:00,2015978,Hidrología,(4) Grupo 4,2
2026-07-26T04:45+00:00,2015978,Hidrología,(5) Grupo 5,7
2026-07-26T04:45+00:00,2026135,Ingeniería civil sostenible,(BCA_0121) Cierre Antricipado Grupo 1,0
2026-07-26T04:45+00:00,2026135,Ingeniería civil sostenible,(1) Grupo 1,3
2026-07-26T04:45+00:00,2026135,Ingeniería civil sostenible,(2) Grupo 2,9
2026-07-26T04:45+00:00,2026135,Ingeniería civil sostenible,(3) Grupo 3,0
2026-07-26T04:45+00:00,2015963,Ingeniería de Tránsito,(1) Grupo 1,0
2026-07-26T04:45+00:00,2015963,Ingeniería de Tránsito,(2) Grupo 2,1
2026-07-26T04:45+00:00,2015963,Ingeniería de Tránsito,(3) Grupo 3,10
2026-07-26T04:45+00:00,2026138,Ingenieria de transporte,(1) Grupo 1,0
2026-07-26T04:45+00:00,2026138,Ingenieria de transporte,(2) Grupo 2,7
2026-07-26T04:45+00:00,2026138,Ingenieria de transporte,(3) Grupo 3,2
2026-07-26T04:45+00:00,2015703,Ingeniería económica,(BCA_0226) Cierre anticipado grupo 6,0
2026-07-26T04:45+00:00,2015703,Ingeniería económica,(1) Grupo 1,1
2026-07-26T04:45+00:00,2015703,Ingeniería económica,(10) Grupo 10,0
2026-07-26T04:45+00:00,2015703,Ingeniería económica,(11) Grupo 11,5
2026-07-26T04:45+00:00,2015703,Ingeniería económica,(2) Grupo 2,1
2026-07-26T04:45+00:00,2015703,Ingeniería económica,(3) Grupo 3,0
2026-07-26T04:45+00:00,2015703,Ingeniería económica,(4) Grupo 4,0
2026-07-26T04:45+00:00,2015703,Ingeniería económica,(5) Grupo 5 - Virtual,1
2026-07-26T04:45+00:00,2015703,Ingeniería económica,(6) Grupo 6,1
2026-07-26T04:45+00:00,2015703,Ingeniería económica,(7) Grupo 7,0
2026-07-26T04:45+00:00,2015703,Ingeniería económica,(8) Grupo 8,0
2026-07-26T04:45+00:00,2015703,Ingeniería económica,(9) Grupo 9,0
2026-07-26T04:45+00:00,1000044-B,Inglés I- Semestral,(1) Grupo 1,9
2026-07-26T04:45+00:00,1000044-B,Inglés I- Semestral,(2) Grupo 2,3
2026-07-26T04:45+00:00,1000044-B,Inglés I- Semestral,(3) Grupo 3,2
2026-07-26T04:45+00:00,1000044-B,Inglés I- Semestral,(4) Grupo 4,4
2026-07-26T04:45+00:00,1000044-B,Inglés I- Semestral,(5) Grupo 5,0
2026-07-26T04:45+00:00,1000044-B,Inglés I- Semestral,(6) Grupo 6,3
2026-07-26T04:45+00:00,1000044-B,Inglés I- Semestral,(7) Grupo 7,10
2026-07-26T04:45+00:00,1000044-B,Inglés I- Semestral,(8) Grupo 8,3
2026-07-26T04:45+00:00,1000044-B,Inglés I- Semestral,(9) Grupo 9,3
2026-07-26T04:45+00:00,1000045-B,Inglés II - Semestral,(1) Grupo 1,4
2026-07-26T04:45+00:00,1000045-B,Inglés II - Semestral,(10) Grupo 10,7
2026-07-26T04:45+00:00,1000045-B,Inglés II - Semestral,(11) Grupo 11,10
2026-07-26T04:45+00:00,1000045-B,Inglés II - Semestral,(12) Grupo 12,6
2026-07-26T04:45+00:00,1000045-B,Inglés II - Semestral,(13) Grupo 13,7
2026-07-26T04:45+00:00,1000045-B,Inglés II - Semestral,(14) Grupo 14,10
2026-07-26T04:45+00:00,1000045-B,Inglés II - Semestral,(15) Grupo 15,14
2026-07-26T04:45+00:00,1000045-B,Inglés II - Semestral,(16) Grupo 16,11
2026-07-26T04:45+00:00,1000045-B,Inglés II - Semestral,(2) Grupo 2,0
2026-07-26T04:45+00:00,1000045-B,Inglés II - Semestral,(3) Grupo 3,9
2026-07-26T04:45+00:00,1000045-B,Inglés II - Semestral,(4) Grupo 4,12
2026-07-26T04:45+00:00,1000045-B,Inglés II - Semestral,(5) Grupo 5,2
2026-07-26T04:45+00:00,1000045-B,Inglés II - Semestral,(6) Grupo 6,3
2026-07-26T04:45+00:00,1000045-B,Inglés II - Semestral,(7) Grupo 7,8
2026-07-26T04:45+00:00,1000045-B,Inglés II - Semestral,(8) Grupo 8,10
2026-07-26T04:45+00:00,1000045-B,Inglés II - Semestral,(9) Grupo 9,26
2026-07-26T04:45+00:00,1000046-B,Inglés III - Semestral,(1) Grupo 1,10
2026-07-26T04:45+00:00,1000046-B,Inglés III - Semestral,(10) Grupo 10,6
2026-07-26T04:45+00:00,1000046-B,Inglés III - Semestral,(11) Grupo 11,8
2026-07-26T04:45+00:00,1000046-B,Inglés III - Semestral,(12) Grupo 12,2
2026-07-26T04:45+00:00,1000046-B,Inglés III - Semestral,(13) Grupo 13,3
2026-07-26T04:45+00:00,1000046-B,Inglés III - Semestral,(14) Grupo 14,4
2026-07-26T04:45+00:00,1000046-B,Inglés III - Semestral,(15) Grupo 15,3
2026-07-26T04:45+00:00,1000046-B,Inglés III - Semestral,(16) Grupo 16,1
2026-07-26T04:45+00:00,1000046-B,Inglés III - Semestral,(17) Grupo 17,17
2026-07-26T04:45+00:00,1000046-B,Inglés III - Semestral,(18) Grupo 18,15
2026-07-26T04:45+00:00,1000046-B,Inglés III - Semestral,(2) Grupo 2,1
2026-07-26T04:45+00:00,1000046-B,Inglés III - Semestral,(3) Grupo 3,15
2026-07-26T04:45+00:00,1000046-B,Inglés III - Semestral,(4) Grupo 4,11
2026-07-26T04:45+00:00,1000046-B,Inglés III - Semestral,(5) Grupo 5,3
2026-07-26T04:45+00:00,1000046-B,Inglés III - Semestral,(6) Grupo 6,7
2026-07-26T04:45+00:00,1000046-B,Inglés III - Semestral,(7) Grupo 7,5
2026-07-26T04:45+00:00,1000046-B,Inglés III - Semestral,(8) Grupo 8,4
2026-07-26T04:45+00:00,1000046-B,Inglés III - Semestral,(9) Grupo 9,16
2026-07-26T04:45+00:00,1000052-B,Inglés Intensivo I y II,(1) Grupo 1,11
2026-07-26T04:45+00:00,1000052-B,Inglés Intensivo I y II,(2) Grupo 2,11
2026-07-26T04:45+00:00,1000052-B,Inglés Intensivo I y II,(3) Grupo 3,19
2026-07-26T04:45+00:00,1000053-B,Inglés Intensivo III y IV,(1) Grupo 1,11
2026-07-26T04:45+00:00,1000053-B,Inglés Intensivo III y IV,(2) Grupo 2,4
2026-07-26T04:45+00:00,1000053-B,Inglés Intensivo III y IV,(3) Grupo 3,9
2026-07-26T04:45+00:00,1000053-B,Inglés Intensivo III y IV,(4) Grupo 4,13
2026-07-26T04:45+00:00,1000053-B,Inglés Intensivo III y IV,(5) Grupo 5,23
2026-07-26T04:45+00:00,1000053-B,Inglés Intensivo III y IV,(6) Grupo 6,5
2026-07-26T04:45+00:00,1000047-B,Inglés IV- Semestral,(1) Grupo 1,11
2026-07-26T04:45+00:00,1000047-B,Inglés IV- Semestral,(10) Grupo 10,2
2026-07-26T04:45+00:00,1000047-B,Inglés IV- Semestral,(11) Grupo 11,8
2026-07-26T04:45+00:00,1000047-B,Inglés IV- Semestral,(12) Grupo 12,5
2026-07-26T04:45+00:00,1000047-B,Inglés IV- Semestral,(13) Grupo 13,5
2026-07-26T04:45+00:00,1000047-B,Inglés IV- Semestral,(14) Grupo 14,1
2026-07-26T04:45+00:00,1000047-B,Inglés IV- Semestral,(15) Grupo 15,8
2026-07-26T04:45+00:00,1000047-B,Inglés IV- Semestral,(16) Grupo 16,7
2026-07-26T04:45+00:00,1000047-B,Inglés IV- Semestral,(17) Grupo 17,11
2026-07-26T04:45+00:00,1000047-B,Inglés IV- Semestral,(18) Grupo 18,6
2026-07-26T04:45+00:00,1000047-B,Inglés IV- Semestral,(19) Grupo 19,14
2026-07-26T04:45+00:00,1000047-B,Inglés IV- Semestral,(2) Grupo 2,5
2026-07-26T04:45+00:00,1000047-B,Inglés IV- Semestral,(20) Grupo 20,12
2026-07-26T04:45+00:00,1000047-B,Inglés IV- Semestral,(21) Grupo 21,16
2026-07-26T04:45+00:00,1000047-B,Inglés IV- Semestral,(22) Grupo 22,15
2026-07-26T04:45+00:00,1000047-B,Inglés IV- Semestral,(3) Grupo 3,6
2026-07-26T04:45+00:00,1000047-B,Inglés IV- Semestral,(4) Grupo 4,14
2026-07-26T04:45+00:00,1000047-B,Inglés IV- Semestral,(5) Grupo 5,8
2026-07-26T04:45+00:00,1000047-B,Inglés IV- Semestral,(6) Grupo 6,1
2026-07-26T04:45+00:00,1000047-B,Inglés IV- Semestral,(7) Grupo 7,2
2026-07-26T04:45+00:00,1000047-B,Inglés IV- Semestral,(8) Grupo 8,7
2026-07-26T04:45+00:00,1000047-B,Inglés IV- Semestral,(9) Grupo 9,17
2026-07-26T04:45+00:00,2026186,Introducción a la ingeniería civil,(1) Grupo 1,5
2026-07-26T04:45+00:00,2026186,Introducción a la ingeniería civil,(2) Grupo 2,8
2026-07-26T04:45+00:00,2026186,Introducción a la ingeniería civil,(4) Grupo 4,13
2026-07-26T04:45+00:00,1000002-B,Lecto-Escritura,(BCA_302) Cierre anticipado grupo 6,0
2026-07-26T04:45+00:00,1000002-B,Lecto-Escritura,(1) Grupo 1 - Clase Presencial,6
2026-07-26T04:45+00:00,1000002-B,Lecto-Escritura,(10) Grupo 10 - Clase presencial,3
2026-07-26T04:45+00:00,1000002-B,Lecto-Escritura,(2) Grupo 2 - Clase Presencial,0
2026-07-26T04:45+00:00,1000002-B,Lecto-Escritura,(3) Grupo 3 - Clase Presencial,0
2026-07-26T04:45+00:00,1000002-B,Lecto-Escritura,(4) Grupo 4 - Clase Presencial,2
2026-07-26T04:45+00:00,1000002-B,Lecto-Escritura,(5) Grupo 5 - Clase Presencial,1
2026-07-26T04:45+00:00,1000002-B,Lecto-Escritura,(6) Grupo 6 - Clase Presencial,8
2026-07-26T04:45+00:00,1000002-B,Lecto-Escritura,(7) Grupo 7 - Clase Presencial,1
2026-07-26T04:45+00:00,1000002-B,Lecto-Escritura,(8) Grupo 8 - Clase Presencial,1
2026-07-26T04:45+00:00,1000002-B,Lecto-Escritura,(9) Grupo 9 - Clase Presencial,18
2026-07-26T04:45+00:00,1000001-B,Matemáticas Básicas,(1) Grupo 1,20
2026-07-26T04:45+00:00,1000001-B,Matemáticas Básicas,(2) Grupo 2,12
2026-07-26T04:45+00:00,1000001-B,Matemáticas Básicas,(1) Grupo 1,8
2026-07-26T04:45+00:00,1000001-B,Matemáticas Básicas,(10) Grupo 10,8
2026-07-26T04:45+00:00,1000001-B,Matemáticas Básicas,(2) Grupo 2,9
2026-07-26T04:45+00:00,1000001-B,Matemáticas Básicas,(4) Grupo 4,12
2026-07-26T04:45+00:00,1000001-B,Matemáticas Básicas,(5) Grupo 5,14
2026-07-26T04:45+00:00,1000001-B,Matemáticas Básicas,(6) Grupo 6,7
2026-07-26T04:45+00:00,1000001-B,Matemáticas Básicas,(7) Grupo 7,13
2026-07-26T04:45+00:00,1000001-B,Matemáticas Básicas,(8) Grupo 8,4
2026-07-26T04:45+00:00,1000001-B,Matemáticas Básicas,(9) Grupo 9,1
2026-07-26T04:45+00:00,2015965,Materiales para construcción,(1) Grupo 1,0
2026-07-26T04:45+00:00,2015965,Materiales para construcción,(2) Grupo 2,0
2026-07-26T04:45+00:00,2015965,Materiales para construcción,(3) Grupo 3,1
2026-07-26T04:45+00:00,2015966,Mecánica de fluidos,(1) Grupo 1,5
2026-07-26T04:45+00:00,2015966,Mecánica de fluidos,(2) Grupo 2,6
2026-07-26T04:45+00:00,2015966,Mecánica de fluidos,(3) Grupo 3,9
2026-07-26T04:45+00:00,2015966,Mecánica de fluidos,(4) Grupo 4,1
2026-07-26T04:45+00:00,2015966,Mecánica de fluidos,(5) Grupo 5,1
2026-07-26T04:45+00:00,2015966,Mecánica de fluidos,(6) Grupo 6,1
2026-07-26T04:45+00:00,2015966,Mecánica de fluidos,(7) Grupo 7,2
2026-07-26T04:45+00:00,2015966,Mecánica de fluidos,(8) Grupo 8,3
2026-07-26T04:45+00:00,2015967,Mecánica de Rocas,(BCA_0133) Cierre Anticipado Grupo 1,0
2026-07-26T04:45+00:00,2015967,Mecánica de Rocas,(1) Grupo 1,6
2026-07-26T04:45+00:00,2015968,Mecánica de sólidos,(1) Grupo 1,13
2026-07-26T04:45+00:00,2015968,Mecánica de sólidos,(2) Grupo 2,1
2026-07-26T04:45+00:00,2015968,Mecánica de sólidos,(3) Grupo 3,3
2026-07-26T04:45+00:00,2015968,Mecánica de sólidos,(4) Grupo 4,6
2026-07-26T04:45+00:00,2015968,Mecánica de sólidos,(5) Grupo 5,6
2026-07-26T04:45+00:00,2015968,Mecánica de sólidos,(6) Grupo 6,1
2026-07-26T04:45+00:00,2015968,Mecánica de sólidos,(7) Grupo 7,0
2026-07-26T04:45+00:00,2015969,Mecánica de suelos,(1) Grupo 1 (Inglés),6
2026-07-26T04:45+00:00,2015969,Mecánica de suelos,(2) Grupo 2,1
2026-07-26T04:45+00:00,2015969,Mecánica de suelos,(3) Grupo 3,9
2026-07-26T04:45+00:00,2015969,Mecánica de suelos,(4) Grupo 4,3
2026-07-26T04:45+00:00,2015970,Métodos numéricos,(BCA_0094) Cierre Anticipado Grupo 1,0
2026-07-26T04:45+00:00,2017293,Modelación matemática,(1) 2017293-1 Modelación matemática,5
2026-07-26T04:45+00:00,2017293,Modelación matemática,(2) 2017293-2 Modelación matemática,5
2026-07-26T04:45+00:00,2017293,Modelación matemática,(1M) 2017293-1M Modelación matemática - Magistral,22
2026-07-26T04:45+00:00,2015971,Pavimentos,(1) Grupo 1,3
2026-07-26T04:45+00:00,2015971,Pavimentos,(2) Grupo 2,0
2026-07-26T04:45+00:00,2015971,Pavimentos,(3) Grupo 3,1
2026-07-26T04:45+00:00,2015972,Preparación y evaluación de proyectos de infraestructura,(1) Grupo 1,2
2026-07-26T04:45+00:00,2015972,Preparación y evaluación de proyectos de infraestructura,(2) Grupo 2,1
2026-07-26T04:45+00:00,2015972,Preparación y evaluación de proyectos de infraestructura,(3) Grupo 3,2
2026-07-26T04:45+00:00,2015972,Preparación y evaluación de proyectos de infraestructura,(4) Grupo 4,5
2026-07-26T04:45+00:00,1000024-B,Principios de química,(11) Grupo 11,0
2026-07-26T04:45+00:00,1000024-B,Principios de química,(12) Grupo 12,1
2026-07-26T04:45+00:00,1000024-B,Principios de química,(13) Grupo 13,2
2026-07-26T04:45+00:00,1000024-B,Principios de química,(14) Grupo 14,0
2026-07-26T04:45+00:00,1000024-B,Principios de química,(18) Grupo 18,4
2026-07-26T04:45+00:00,1000013-B,Probabilidad y estadística fundamental,(10) Grupo 10,7
2026-07-26T04:45+00:00,1000013-B,Probabilidad y estadística fundamental,(11) Grupo 11,1
2026-07-26T04:45+00:00,1000013-B,Probabilidad y estadística fundamental,(12) Grupo 12,10
2026-07-26T04:45+00:00,1000013-B,Probabilidad y estadística fundamental,(13) Grupo 13,0
2026-07-26T04:45+00:00,1000013-B,Probabilidad y estadística fundamental,(14) Grupo 14,9
2026-07-26T04:45+00:00,1000013-B,Probabilidad y estadística fundamental,(16) Grupo 16,2
2026-07-26T04:45+00:00,1000013-B,Probabilidad y estadística fundamental,(2) Grupo 2,8
2026-07-26T04:45+00:00,1000013-B,Probabilidad y estadística fundamental,(21) Grupo 21,3
2026-07-26T04:45+00:00,1000013-B,Probabilidad y estadística fundamental,(24) Grupo 24,11
2026-07-26T04:45+00:00,1000013-B,Probabilidad y estadística fundamental,(3) Grupo 3,5
2026-07-26T04:45+00:00,1000013-B,Probabilidad y estadística fundamental,(4) Grupo 4,6
2026-07-26T04:45+00:00,1000013-B,Probabilidad y estadística fundamental,(6) Grupo 6,11
2026-07-26T04:45+00:00,1000013-B,Probabilidad y estadística fundamental,(7) Grupo 7,5
2026-07-26T04:45+00:00,1000013-B,Probabilidad y estadística fundamental,(8) Grupo 8,10
2026-07-26T04:45+00:00,1000013-B,Probabilidad y estadística fundamental,(9) Grupo 9,13
2026-07-26T04:45+00:00,2015734,Programación de computadores,(1) Grupo 1,0
2026-07-26T04:45+00:00,2015734,Programación de computadores,(10) Grupo 10,11
2026-07-26T04:45+00:00,2015734,Programación de computadores,(11) Grupo 11 - Virtual,4
2026-07-26T04:45+00:00,2015734,Programación de computadores,(12) Grupo 12,0
2026-07-26T04:45+00:00,2015734,Programación de computadores,(13) Grupo 13,4
2026-07-26T04:45+00:00,2015734,Programación de computadores,(2) Grupo 2,13
2026-07-26T04:45+00:00,2015734,Programación de computadores,(3) Grupo 3,7
2026-07-26T04:45+00:00,2015734,Programación de computadores,(5) Grupo 5,7
2026-07-26T04:45+00:00,2015734,Programación de computadores,(6) Grupo 6,11
2026-07-26T04:45+00:00,2015734,Programación de computadores,(7) Grupo 7 - Virtual,22
2026-07-26T04:45+00:00,2015734,Programación de computadores,(8) Grupo 8 - Virtual,1
2026-07-26T04:45+00:00,2015734,Programación de computadores,(9) Grupo 9 - Virtual,13
2026-07-26T04:45+00:00,2016375,Programación orientada a objetos,(1) Grupo 1,11
2026-07-26T04:45+00:00,2016375,Programación orientada a objetos,(2) Grupo 2 - Reserva validación PC,5
2026-07-26T04:45+00:00,2016375,Programación orientada a objetos,(3) Grupo 3,9
2026-07-26T04:45+00:00,2016375,Programación orientada a objetos,(4) Grupo 4,14
2026-07-26T04:45+00:00,2016375,Programación orientada a objetos,(5) Grupo 5 - Reserva validación PC,8
2026-07-26T04:45+00:00,2016375,Programación orientada a objetos,(6) Grupo 6 - Virtual - Reserva validación PC,8
2026-07-26T04:45+00:00,2016375,Programación orientada a objetos,(7) Grupo 7,8
2026-07-26T04:45+00:00,2016375,Programación orientada a objetos,(8) Grupo 8 - Reserva validación PC,3
2026-07-26T04:45+00:00,2016375,Programación orientada a objetos,(9) Grupo 9 - Reserva validación PC,6
2026-07-26T04:45+00:00,2015973,Saneamiento ambiental,(1) Grupo 1,0
2026-07-26T04:45+00:00,2015973,Saneamiento ambiental,(2) Grupo 2,0
2026-07-26T04:45+00:00,2015973,Saneamiento ambiental,(3) Grupo 3,1
2026-07-26T04:45+00:00,2022761,SIG para Ingeniería Civil,(1) Grupo 1,5
2026-07-26T04:45+00:00,2022761,SIG para Ingeniería Civil,(2) Grupo 2,2
2026-07-26T04:45+00:00,2022761,SIG para Ingeniería Civil,(3) Grupo 3,2
2026-07-26T04:45+00:00,2022761,SIG para Ingeniería Civil,(4) Grupo 4,4
2026-07-26T04:45+00:00,2015296,Trabajo de Grado,(1) Grupo 1,3
2026-07-26T04:45+00:00,2015296,Trabajo de Grado,(10) Grupo 10,4
2026-07-26T04:45+00:00,2015296,Trabajo de Grado,(11) Grupo 11,3
2026-07-26T04:45+00:00,2015296,Trabajo de Grado,(12) Grupo 12,4
2026-07-26T04:45+00:00,2015296,Trabajo de Grado,(13) Grupo 13,3
2026-07-26T04:45+00:00,2015296,Trabajo de Grado,(14) Grupo 14,1
2026-07-26T04:45+00:00,2015296,Trabajo de Grado,(15) Grupo 15,3
2026-07-26T04:45+00:00,2015296,Trabajo de Grado,(16) Grupo 16,4
2026-07-26T04:45+00:00,2015296,Trabajo de Grado,(17) Grupo 17,4
2026-07-26T04:45+00:00,2015296,Trabajo de Grado,(18) Grupo 18,3
2026-07-26T04:45+00:00,2015296,Trabajo de Grado,(19) Grupo 19,4
2026-07-26T04:45+00:00,2015296,Trabajo de Grado,(2) Grupo 2,3
2026-07-26T04:45+00:00,2015296,Trabajo de Grado,(3) Grupo 3,5
2026-07-26T04:45+00:00,2015296,Trabajo de Grado,(4) Grupo 4,5
2026-07-26T04:45+00:00,2015296,Trabajo de Grado,(5) Grupo 5,3
2026-07-26T04:45+00:00,2015296,Trabajo de Grado,(6) Grupo 6,5
2026-07-26T04:45+00:00,2015296,Trabajo de Grado,(7) Grupo 7,3
2026-07-26T04:45+00:00,2015296,Trabajo de Grado,(8) Grupo 8,4
2026-07-26T04:45+00:00,2015296,Trabajo de Grado,(9) Grupo 9,3
2026-07-26T04:45+00:00,2015977,Transporte Sostenible,(1) Grupo 1,2
2026-07-28T04:31+00:00,2015229,Colombia Contemporánea,(BCA_318) cierre anticipado grupo 1,0
2026-07-28T04:31+00:00,2015229,Colombia Contemporánea,(CARI) Grupo 1 PEAMA Caribe,2
2026-07-28T04:31+00:00,1000044-B,Inglés I- Semestral,(1) Grupo 1,9
2026-07-28T04:31+00:00,1000044-B,Inglés I- Semestral,(2) Grupo 2,3
2026-07-28T04:31+00:00,1000044-B,Inglés I- Semestral,(3) Grupo 3,2
2026-07-28T04:31+00:00,1000044-B,Inglés I- Semestral,(4) Grupo 4,4
2026-07-28T04:31+00:00,1000044-B,Inglés I- Semestral,(5) Grupo 5,0
2026-07-28T04:31+00:00,1000044-B,Inglés I- Semestral,(6) Grupo 6,4
2026-07-28T04:31+00:00,1000044-B,Inglés I- Semestral,(7) Grupo 7,10
2026-07-28T04:31+00:00,1000044-B,Inglés I- Semestral,(8) Grupo 8,3
2026-07-28T04:31+00:00,1000044-B,Inglés I- Semestral,(9) Grupo 9,3
2026-07-28T04:31+00:00,1000045-B,Inglés II - Semestral,(1) Grupo 1,4
2026-07-28T04:31+00:00,1000045-B,Inglés II - Semestral,(10) Grupo 10,7
2026-07-28T04:31+00:00,1000045-B,Inglés II - Semestral,(11) Grupo 11,10
2026-07-28T04:31+00:00,1000045-B,Inglés II - Semestral,(12) Grupo 12,6
2026-07-28T04:31+00:00,1000045-B,Inglés II - Semestral,(13) Grupo 13,7
2026-07-28T04:31+00:00,1000045-B,Inglés II - Semestral,(14) Grupo 14,10
2026-07-28T04:31+00:00,1000045-B,Inglés II - Semestral,(15) Grupo 15,14
2026-07-28T04:31+00:00,1000045-B,Inglés II - Semestral,(16) Grupo 16,11
2026-07-28T04:31+00:00,1000045-B,Inglés II - Semestral,(2) Grupo 2,0
2026-07-28T04:31+00:00,1000045-B,Inglés II - Semestral,(3) Grupo 3,9
2026-07-28T04:31+00:00,1000045-B,Inglés II - Semestral,(4) Grupo 4,12
2026-07-28T04:31+00:00,1000045-B,Inglés II - Semestral,(5) Grupo 5,2
2026-07-28T04:31+00:00,1000045-B,Inglés II - Semestral,(6) Grupo 6,3
2026-07-28T04:31+00:00,1000045-B,Inglés II - Semestral,(7) Grupo 7,8
2026-07-28T04:31+00:00,1000045-B,Inglés II - Semestral,(8) Grupo 8,10
2026-07-28T04:31+00:00,1000045-B,Inglés II - Semestral,(9) Grupo 9,26
2026-07-28T04:31+00:00,1000046-B,Inglés III - Semestral,(1) Grupo 1,10
2026-07-28T04:31+00:00,1000046-B,Inglés III - Semestral,(10) Grupo 10,6
2026-07-28T04:31+00:00,1000046-B,Inglés III - Semestral,(11) Grupo 11,8
2026-07-28T04:31+00:00,1000046-B,Inglés III - Semestral,(12) Grupo 12,2
2026-07-28T04:31+00:00,1000046-B,Inglés III - Semestral,(13) Grupo 13,3
2026-07-28T04:31+00:00,1000046-B,Inglés III - Semestral,(14) Grupo 14,4
2026-07-28T04:31+00:00,1000046-B,Inglés III - Semestral,(15) Grupo 15,3
2026-07-28T04:31+00:00,1000046-B,Inglés III - Semestral,(16) Grupo 16,1
2026-07-28T04:31+00:00,1000046-B,Inglés III - Semestral,(17) Grupo 17,17
2026-07-28T04:31+00:00,1000046-B,Inglés III - Semestral,(18) Grupo 18,15
2026-07-28T04:31+00:00,1000046-B,Inglés III - Semestral,(2) Grupo 2,1
2026-07-28T04:31+00:00,1000046-B,Inglés III - Semestral,(3) Grupo 3,15
2026-07-28T04:31+00:00,1000046-B,Inglés III - Semestral,(4) Grupo 4,11
2026-07-28T04:31+00:00,1000046-B,Inglés III - Semestral,(5) Grupo 5,3
2026-07-28T04:31+00:00,1000046-B,Inglés III - Semestral,(6) Grupo 6,7
2026-07-28T04:31+00:00,1000046-B,Inglés III - Semestral,(7) Grupo 7,5
2026-07-28T04:31+00:00,1000046-B,Inglés III - Semestral,(8) Grupo 8,4
2026-07-28T04:31+00:00,1000046-B,Inglés III - Semestral,(9) Grupo 9,16
2026-07-28T04:31+00:00,1000052-B,Inglés Intensivo I y II,(1) Grupo 1,11
2026-07-28T04:31+00:00,1000052-B,Inglés Intensivo I y II,(2) Grupo 2,11
2026-07-28T04:31+00:00,1000052-B,Inglés Intensivo I y II,(3) Grupo 3,19
2026-07-28T04:31+00:00,1000053-B,Inglés Intensivo III y IV,(1) Grupo 1,11
2026-07-28T04:31+00:00,1000053-B,Inglés Intensivo III y IV,(2) Grupo 2,4
2026-07-28T04:31+00:00,1000053-B,Inglés Intensivo III y IV,(3) Grupo 3,9
2026-07-28T04:31+00:00,1000053-B,Inglés Intensivo III y IV,(4) Grupo 4,13
2026-07-28T04:31+00:00,1000053-B,Inglés Intensivo III y IV,(5) Grupo 5,23
2026-07-28T04:31+00:00,1000053-B,Inglés Intensivo III y IV,(6) Grupo 6,5
2026-07-28T04:31+00:00,1000047-B,Inglés IV- Semestral,(1) Grupo 1,11
2026-07-28T04:31+00:00,1000047-B,Inglés IV- Semestral,(10) Grupo 10,2
2026-07-28T04:31+00:00,1000047-B,Inglés IV- Semestral,(11) Grupo 11,8
2026-07-28T04:31+00:00,1000047-B,Inglés IV- Semestral,(12) Grupo 12,5
2026-07-28T04:31+00:00,1000047-B,Inglés IV- Semestral,(13) Grupo 13,5
2026-07-28T04:31+00:00,1000047-B,Inglés IV- Semestral,(14) Grupo 14,1
2026-07-28T04:31+00:00,1000047-B,Inglés IV- Semestral,(15) Grupo 15,8
2026-07-28T04:31+00:00,1000047-B,Inglés IV- Semestral,(16) Grupo 16,7
2026-07-28T04:31+00:00,1000047-B,Inglés IV- Semestral,(17) Grupo 17,11
2026-07-28T04:31+00:00,1000047-B,Inglés IV- Semestral,(18) Grupo 18,6
2026-07-28T04:31+00:00,1000047-B,Inglés IV- Semestral,(19) Grupo 19,14
2026-07-28T04:31+00:00,1000047-B,Inglés IV- Semestral,(2) Grupo 2,5
2026-07-28T04:31+00:00,1000047-B,Inglés IV- Semestral,(20) Grupo 20,12
2026-07-28T04:31+00:00,1000047-B,Inglés IV- Semestral,(21) Grupo 21,16
2026-07-28T04:31+00:00,1000047-B,Inglés IV- Semestral,(22) Grupo 22,15
2026-07-28T04:31+00:00,1000047-B,Inglés IV- Semestral,(3) Grupo 3,6
2026-07-28T04:31+00:00,1000047-B,Inglés IV- Semestral,(4) Grupo 4,14
2026-07-28T04:31+00:00,1000047-B,Inglés IV- Semestral,(5) Grupo 5,8
2026-07-28T04:31+00:00,1000047-B,Inglés IV- Semestral,(6) Grupo 6,1
2026-07-28T04:31+00:00,1000047-B,Inglés IV- Semestral,(7) Grupo 7,2
2026-07-28T04:31+00:00,1000047-B,Inglés IV- Semestral,(8) Grupo 8,7
2026-07-28T04:31+00:00,1000047-B,Inglés IV- Semestral,(9) Grupo 9,17
2026-07-28T04:31+00:00,1000002-B,Lecto-Escritura,(BCA_302) Cierre anticipado grupo 6,0
2026-07-28T04:31+00:00,1000002-B,Lecto-Escritura,(1) Grupo 1 - Clase Presencial,6
2026-07-28T04:31+00:00,1000002-B,Lecto-Escritura,(10) Grupo 10 - Clase presencial,3
2026-07-28T04:31+00:00,1000002-B,Lecto-Escritura,(2) Grupo 2 - Clase Presencial,0
2026-07-28T04:31+00:00,1000002-B,Lecto-Escritura,(3) Grupo 3 - Clase Presencial,0
2026-07-28T04:31+00:00,1000002-B,Lecto-Escritura,(4) Grupo 4 - Clase Presencial,2
2026-07-28T04:31+00:00,1000002-B,Lecto-Escritura,(5) Grupo 5 - Clase Presencial,1
2026-07-28T04:31+00:00,1000002-B,Lecto-Escritura,(6) Grupo 6 - Clase Presencial,8
2026-07-28T04:31+00:00,1000002-B,Lecto-Escritura,(7) Grupo 7 - Clase Presencial,1
2026-07-28T04:31+00:00,1000002-B,Lecto-Escritura,(8) Grupo 8 - Clase Presencial,1
2026-07-28T04:31+00:00,1000002-B,Lecto-Escritura,(9) Grupo 9 - Clase Presencial,18
2026-07-30T04:24+00:00,1000044-B,Inglés I- Semestral,(1) Grupo 1,9
2026-07-30T04:24+00:00,1000044-B,Inglés I- Semestral,(2) Grupo 2,3
2026-07-30T04:24+00:00,1000044-B,Inglés I- Semestral,(3) Grupo 3,2
2026-07-30T04:24+00:00,1000044-B,Inglés I- Semestral,(4) Grupo 4,4
2026-07-30T04:24+00:00,1000044-B,Inglés I- Semestral,(5) Grupo 5,0
2026-07-30T04:24+00:00,1000044-B,Inglés I- Semestral,(6) Grupo 6,4
2026-07-30T04:24+00:00,1000044-B,Inglés I- Semestral,(7) Grupo 7,10
2026-07-30T04:24+00:00,1000044-B,Inglés I- Semestral,(8) Grupo 8,3
2026-07-30T04:24+00:00,1000044-B,Inglés I- Semestral,(9) Grupo 9,3
2026-07-30T04:24+00:00,1000045-B,Inglés II - Semestral,(1) Grupo 1,4
2026-07-30T04:24+00:00,1000045-B,Inglés II - Semestral,(10) Grupo 10,7
2026-07-30T04:24+00:00,1000045-B,Inglés II - Semestral,(11) Grupo 11,10
2026-07-30T04:24+00:00,1000045-B,Inglés II - Semestral,(12) Grupo 12,6
2026-07-30T04:24+00:00,1000045-B,Inglés II - Semestral,(13) Grupo 13,7
2026-07-30T04:24+00:00,1000045-B,Inglés II - Semestral,(14) Grupo 14,10
2026-07-30T04:24+00:00,1000045-B,Inglés II - Semestral,(15) Grupo 15,15
2026-07-30T04:24+00:00,1000045-B,Inglés II - Semestral,(16) Grupo 16,11
2026-07-30T04:24+00:00,1000045-B,Inglés II - Semestral,(2) Grupo 2,0
2026-07-30T04:24+00:00,1000045-B,Inglés II - Semestral,(3) Grupo 3,9
2026-07-30T04:24+00:00,1000045-B,Inglés II - Semestral,(4) Grupo 4,13
2026-07-30T04:24+00:00,1000045-B,Inglés II - Semestral,(5) Grupo 5,2
2026-07-30T04:24+00:00,1000045-B,Inglés II - Semestral,(6) Grupo 6,3
2026-07-30T04:24+00:00,1000045-B,Inglés II - Semestral,(7) Grupo 7,8
2026-07-30T04:24+00:00,1000045-B,Inglés II - Semestral,(8) Grupo 8,10
2026-07-30T04:24+00:00,1000045-B,Inglés II - Semestral,(9) Grupo 9,26
2026-07-30T04:24+00:00,1000046-B,Inglés III - Semestral,(1) Grupo 1,10
2026-07-30T04:24+00:00,1000046-B,Inglés III - Semestral,(10) Grupo 10,6
2026-07-30T04:24+00:00,1000046-B,Inglés III - Semestral,(11) Grupo 11,8
2026-07-30T04:24+00:00,1000046-B,Inglés III - Semestral,(12) Grupo 12,2
2026-07-30T04:24+00:00,1000046-B,Inglés III - Semestral,(13) Grupo 13,3
2026-07-30T04:24+00:00,1000046-B,Inglés III - Semestral,(14) Grupo 14,4
2026-07-30T04:24+00:00,1000046-B,Inglés III - Semestral,(15) Grupo 15,3
2026-07-30T04:24+00:00,1000046-B,Inglés III - Semestral,(16) Grupo 16,2
2026-07-30T04:24+00:00,1000046-B,Inglés III - Semestral,(17) Grupo 17,17
2026-07-30T04:24+00:00,1000046-B,Inglés III - Semestral,(18) Grupo 18,15
2026-07-30T04:24+00:00,1000046-B,Inglés III - Semestral,(2) Grupo 2,1
2026-07-30T04:24+00:00,1000046-B,Inglés III - Semestral,(3) Grupo 3,15
2026-07-30T04:24+00:00,1000046-B,Inglés III - Semestral,(4) Grupo 4,11
2026-07-30T04:24+00:00,1000046-B,Inglés III - Semestral,(5) Grupo 5,3
2026-07-30T04:24+00:00,1000046-B,Inglés III - Semestral,(6) Grupo 6,7
2026-07-30T04:24+00:00,1000046-B,Inglés III - Semestral,(7) Grupo 7,5
2026-07-30T04:24+00:00,1000046-B,Inglés III - Semestral,(8) Grupo 8,4
2026-07-30T04:24+00:00,1000046-B,Inglés III - Semestral,(9) Grupo 9,16
2026-07-30T04:24+00:00,1000052-B,Inglés Intensivo I y II,(1) Grupo 1,11
2026-07-30T04:24+00:00,1000052-B,Inglés Intensivo I y II,(2) Grupo 2,11
2026-07-30T04:24+00:00,1000052-B,Inglés Intensivo I y II,(3) Grupo 3,19
2026-07-30T04:24+00:00,1000053-B,Inglés Intensivo III y IV,(1) Grupo 1,11
2026-07-30T04:24+00:00,1000053-B,Inglés Intensivo III y IV,(2) Grupo 2,4
2026-07-30T04:24+00:00,1000053-B,Inglés Intensivo III y IV,(3) Grupo 3,9
2026-07-30T04:24+00:00,1000053-B,Inglés Intensivo III y IV,(4) Grupo 4,13
2026-07-30T04:24+00:00,1000053-B,Inglés Intensivo III y IV,(5) Grupo 5,23
2026-07-30T04:24+00:00,1000053-B,Inglés Intensivo III y IV,(6) Grupo 6,5
2026-07-30T04:24+00:00,1000047-B,Inglés IV- Semestral,(1) Grupo 1,11
2026-07-30T04:24+00:00,1000047-B,Inglés IV- Semestral,(10) Grupo 10,2
2026-07-30T04:24+00:00,1000047-B,Inglés IV- Semestral,(11) Grupo 11,8
2026-07-30T04:24+00:00,1000047-B,Inglés IV- Semestral,(12) Grupo 12,5
2026-07-30T04:24+00:00,1000047-B,Inglés IV- Semestral,(13) Grupo 13,5
2026-07-30T04:24+00:00,1000047-B,Inglés IV- Semestral,(14) Grupo 14,1
2026-07-30T04:24+00:00,1000047-B,Inglés IV- Semestral,(15) Grupo 15,8
2026-07-30T04:24+00:00,1000047-B,Inglés IV- Semestral,(16) Grupo 16,7
2026-07-30T04:24+00:00,1000047-B,Inglés IV- Semestral,(17) Grupo 17,11
2026-07-30T04:24+00:00,1000047-B,Inglés IV- Semestral,(18) Grupo 18,6
2026-07-30T04:24+00:00,1000047-B,Inglés IV- Semestral,(19) Grupo 19,14
2026-07-30T04:24+00:00,1000047-B,Inglés IV- Semestral,(2) Grupo 2,5
2026-07-30T04:24+00:00,1000047-B,Inglés IV- Semestral,(20) Grupo 20,12
2026-07-30T04:24+00:00,1000047-B,Inglés IV- Semestral,(21) Grupo 21,16
2026-07-30T04:24+00:00,1000047-B,Inglés IV- Semestral,(22) Grupo 22,15
2026-07-30T04:24+00:00,1000047-B,Inglés IV- Semestral,(3) Grupo 3,6
2026-07-30T04:24+00:00,1000047-B,Inglés IV- Semestral,(4) Grupo 4,14
2026-07-30T04:24+00:00,1000047-B,Inglés IV- Semestral,(5) Grupo 5,8
2026-07-30T04:24+00:00,1000047-B,Inglés IV- Semestral,(6) Grupo 6,1
2026-07-30T04:24+00:00,1000047-B,Inglés IV- Semestral,(7) Grupo 7,2
2026-07-30T04:24+00:00,1000047-B,Inglés IV- Semestral,(8) Grupo 8,7
2026-07-30T04:24+00:00,1000047-B,Inglés IV- Semestral,(9) Grupo 9,17
2026-07-30T04:24+00:00,1000002-B,Lecto-Escritura,(BCA_302) Cierre anticipado grupo 6,0
2026-07-30T04:24+00:00,1000002-B,Lecto-Escritura,(1) Grupo 1 - Clase Presencial,6
2026-07-30T04:24+00:00,1000002-B,Lecto-Escritura,(10) Grupo 10 - Clase presencial,3
2026-07-30T04:24+00:00,1000002-B,Lecto-Escritura,(2) Grupo 2 - Clase Presencial,1
2026-07-30T04:24+00:00,1000002-B,Lecto-Escritura,(3) Grupo 3 - Clase Presencial,1
2026-07-30T04:24+00:00,1000002-B,Lecto-Escritura,(4) Grupo 4 - Clase Presencial,2
2026-07-30T04:24+00:00,1000002-B,Lecto-Escritura,(5) Grupo 5 - Clase Presencial,1
2026-07-30T04:24+00:00,1000002-B,Lecto-Escritura,(6) Grupo 6 - Clase Presencial,8
2026-07-30T04:24+00:00,1000002-B,Lecto-Escritura,(7) Grupo 7 - Clase Presencial,1
2026-07-30T04:24+00:00,1000002-B,Lecto-Escritura,(8) Grupo 8 - Clase Presencial,1
2026-07-30T04:24+00:00,1000002-B,Lecto-Escritura,(9) Grupo 9 - Clase Presencial,18
2026-07-31T04:46+00:00,2015938,Acueductos,(1) Grupo 1,3
2026-07-31T04:46+00:00,2015938,Acueductos,(2) Grupo 2,7
2026-07-31T04:46+00:00,2015938,Acueductos,(3) Grupo 3,1
2026-07-31T04:46+00:00,2015938,Acueductos,(4) Grupo 4,2
2026-07-31T04:46+00:00,2015939,Alcantarillados,(1) Grupo 1,0
2026-07-31T04:46+00:00,2015939,Alcantarillados,(2) Grupo 2,1
2026-07-31T04:46+00:00,2015939,Alcantarillados,(3) Grupo 3,1
2026-07-31T04:46+00:00,2015939,Alcantarillados,(4) Grupo 4,2
2026-07-31T04:46+00:00,2015939,Alcantarillados,(5) Grupo 5,3
2026-07-31T04:46+00:00,2015940,Análisis estructural aplicado,(BCA_0103) Cierre Anticipado Grupo 2,0
2026-07-31T04:46+00:00,2015940,Análisis estructural aplicado,(BCA_0434) Cierre Naticipado Grupo 3,0
2026-07-31T04:46+00:00,2015940,Análisis estructural aplicado,(1) Grupo 1,9
2026-07-31T04:46+00:00,2015940,Análisis estructural aplicado,(2) Grupo 2,3
2026-07-31T04:46+00:00,2015940,Análisis estructural aplicado,(3) Grupo 3,1
2026-07-31T04:46+00:00,2015941,Análisis estructural básico,(1) Grupo 1,1
2026-07-31T04:46+00:00,2015941,Análisis estructural básico,(2) Grupo 2,5
2026-07-31T04:46+00:00,2015941,Análisis estructural básico,(3) Grupo 3,0
2026-07-31T04:46+00:00,2015941,Análisis estructural básico,(4) Grupo 4,3
2026-07-31T04:46+00:00,1000004-B,Cálculo diferencial,(1) Grupo 1,14
2026-07-31T04:46+00:00,1000004-B,Cálculo diferencial,(10) Grupo 10,7
2026-07-31T04:46+00:00,1000004-B,Cálculo diferencial,(11) Grupo 11,8
2026-07-31T04:46+00:00,1000004-B,Cálculo diferencial,(12) Grupo 12,4
2026-07-31T04:46+00:00,1000004-B,Cálculo diferencial,(13) Grupo 13,4
2026-07-31T04:46+00:00,1000004-B,Cálculo diferencial,(14) Grupo 14,14
2026-07-31T04:46+00:00,1000004-B,Cálculo diferencial,(16) Grupo 16,8
2026-07-31T04:46+00:00,1000004-B,Cálculo diferencial,(17) Grupo 17,3
2026-07-31T04:46+00:00,1000004-B,Cálculo diferencial,(19) Grupo 19,11
2026-07-31T04:46+00:00,1000004-B,Cálculo diferencial,(2) Grupo 2,11
2026-07-31T04:46+00:00,1000004-B,Cálculo diferencial,(20) Grupo 20,7
2026-07-31T04:46+00:00,1000004-B,Cálculo diferencial,(21) Grupo 21,8
2026-07-31T04:46+00:00,1000004-B,Cálculo diferencial,(22) Grupo 22,7
2026-07-31T04:46+00:00,1000004-B,Cálculo diferencial,(23) Grupo 23,0
2026-07-31T04:46+00:00,1000004-B,Cálculo diferencial,(24) Grupo 24,5
2026-07-31T04:46+00:00,1000004-B,Cálculo diferencial,(25) Grupo 25,3
2026-07-31T04:46+00:00,1000004-B,Cálculo diferencial,(26) Grupo 26,5
2026-07-31T04:46+00:00,1000004-B,Cálculo diferencial,(27) Grupo 27,6
2026-07-31T04:46+00:00,1000004-B,Cálculo diferencial,(28) Grupo 28,20
2026-07-31T04:46+00:00,1000004-B,Cálculo diferencial,(29) Grupo 29,27
2026-07-31T04:46+00:00,1000004-B,Cálculo diferencial,(3) Grupo 3,14
2026-07-31T04:46+00:00,1000004-B,Cálculo diferencial,(30) Grupo 30,9
2026-07-31T04:46+00:00,1000004-B,Cálculo diferencial,(32) Grupo 32,11
2026-07-31T04:46+00:00,1000004-B,Cálculo diferencial,(4) Grupo 4,7
2026-07-31T04:46+00:00,1000004-B,Cálculo diferencial,(5) Grupo 5,12
2026-07-31T04:46+00:00,1000004-B,Cálculo diferencial,(6) Grupo 6,7
2026-07-31T04:46+00:00,1000004-B,Cálculo diferencial,(7) Grupo 7,3
2026-07-31T04:46+00:00,1000004-B,Cálculo diferencial,(8) Grupo 8,9
2026-07-31T04:46+00:00,1000004-B,Cálculo diferencial,(9) Grupo 9,3
2026-07-31T04:46+00:00,1000006-B,Cálculo en varias variables,(1) Grupo 1,19
2026-07-31T04:46+00:00,1000006-B,Cálculo en varias variables,(10) Grupo 10,19
2026-07-31T04:46+00:00,1000006-B,Cálculo en varias variables,(11) Grupo 11,16
2026-07-31T04:46+00:00,1000006-B,Cálculo en varias variables,(12) Grupo 12,3
2026-07-31T04:46+00:00,1000006-B,Cálculo en varias variables,(13) Grupo 13,7
2026-07-31T04:46+00:00,1000006-B,Cálculo en varias variables,(14) Grupo 14,1
2026-07-31T04:46+00:00,1000006-B,Cálculo en varias variables,(15) Grupo 15,9
2026-07-31T04:46+00:00,1000006-B,Cálculo en varias variables,(16) Grupo 16,0
2026-07-31T04:46+00:00,1000006-B,Cálculo en varias variables,(17) Grupo 17,2
2026-07-31T04:46+00:00,1000006-B,Cálculo en varias variables,(2) Grupo 2,6
2026-07-31T04:46+00:00,1000006-B,Cálculo en varias variables,(3) Grupo 3,3
2026-07-31T04:46+00:00,1000006-B,Cálculo en varias variables,(4) Grupo 4,37
2026-07-31T04:46+00:00,1000006-B,Cálculo en varias variables,(5) Grupo 5,11
2026-07-31T04:46+00:00,1000006-B,Cálculo en varias variables,(6) Grupo 6,6
2026-07-31T04:46+00:00,1000006-B,Cálculo en varias variables,(7) Grupo 7,62
2026-07-31T04:46+00:00,1000006-B,Cálculo en varias variables,(8) Grupo 8,17
2026-07-31T04:46+00:00,1000006-B,Cálculo en varias variables,(9) Grupo 9,0
2026-07-31T04:46+00:00,1000005-B,Cálculo Integral,(1) Grupo 1,0
2026-07-31T04:46+00:00,1000005-B,Cálculo Integral,(10) Grupo 10,1
2026-07-31T04:46+00:00,1000005-B,Cálculo Integral,(12) Grupo 12,9
2026-07-31T04:46+00:00,1000005-B,Cálculo Integral,(13) Grupo 13,27
2026-07-31T04:46+00:00,1000005-B,Cálculo Integral,(14) Grupo 14,27
2026-07-31T04:46+00:00,1000005-B,Cálculo Integral,(15) Grupo 15,6
2026-07-31T04:46+00:00,1000005-B,Cálculo Integral,(16) Grupo 16,9
2026-07-31T04:46+00:00,1000005-B,Cálculo Integral,(17) Grupo 17,0
2026-07-31T04:46+00:00,1000005-B,Cálculo Integral,(18) Grupo 18,0
2026-07-31T04:46+00:00,1000005-B,Cálculo Integral,(19) Grupo 19,9
2026-07-31T04:46+00:00,1000005-B,Cálculo Integral,(2) Grupo 2,23
2026-07-31T04:46+00:00,1000005-B,Cálculo Integral,(20) Grupo 20,9
2026-07-31T04:46+00:00,1000005-B,Cálculo Integral,(21) Grupo 21,14
2026-07-31T04:46+00:00,1000005-B,Cálculo Integral,(22) Grupo 22,29
2026-07-31T04:46+00:00,1000005-B,Cálculo Integral,(3) Grupo 3,33
2026-07-31T04:46+00:00,1000005-B,Cálculo Integral,(4) Grupo 4,7
2026-07-31T04:46+00:00,1000005-B,Cálculo Integral,(6) Grupo 6,5
2026-07-31T04:46+00:00,1000005-B,Cálculo Integral,(7) Grupo 7,0
2026-07-31T04:46+00:00,1000005-B,Cálculo Integral,(8) Grupo 8,8
2026-07-31T04:46+00:00,1000005-B,Cálculo Integral,(9) Grupo 9,1
2026-07-31T04:46+00:00,2015229,Colombia Contemporánea,(BCA_318) cierre anticipado grupo 1,0
2026-07-31T04:46+00:00,2015229,Colombia Contemporánea,(CARI) Grupo 1 PEAMA Caribe,2
2026-07-31T04:46+00:00,2015943,Construcción de edificaciones,(1) Grupo 1,1
2026-07-31T04:46+00:00,2015944,Construcción de Infraestructura Vial,(BCA_0436) Cierre Anticipado Grupo 1,0
2026-07-31T04:46+00:00,2015944,Construcción de Infraestructura Vial,(1) Grupo 1,3
2026-07-31T04:46+00:00,2015711,Dibujo básico,(10) 2015711-10 Dibujo básico,10
2026-07-31T04:46+00:00,2015711,Dibujo básico,(11) 2015711-11 Dibujo básico,12
2026-07-31T04:46+00:00,2015711,Dibujo básico,(14) 2015711-14 Dibujo básico,8
2026-07-31T04:46+00:00,2015711,Dibujo básico,(4) 2015711-4 Dibujo básico,11
2026-07-31T04:46+00:00,2015711,Dibujo básico,(5) 2015711-5 Dibujo básico,6
2026-07-31T04:46+00:00,2015711,Dibujo básico,(7) 2015711-7 Dibujo básico,22
2026-07-31T04:46+00:00,2015711,Dibujo básico,(8) 2015711-8 Dibujo básico,9
2026-07-31T04:46+00:00,2015711,Dibujo básico,(9) 2015711-9 Dibujo básico,4
2026-07-31T04:46+00:00,2015948,Dinámica,(1) Grupo 1,11
2026-07-31T04:46+00:00,2015948,Dinámica,(2) Grupo 2,2
2026-07-31T04:46+00:00,2015948,Dinámica,(3) Grupo 3,5
2026-07-31T04:46+00:00,2015950,Diseño estructural,(1) Grupo 1,2
2026-07-31T04:46+00:00,2015950,Diseño estructural,(2) Grupo 2,2
2026-07-31T04:46+00:00,2015950,Diseño estructural,(3) Grupo 3,7
2026-07-31T04:46+00:00,2015950,Diseño estructural,(4) Grupo 4,9
2026-07-31T04:46+00:00,2015950,Diseño estructural,(5) Grupo 5,3
2026-07-31T04:46+00:00,2015949,Diseño geométrico de Vías,(1) Grupo 1,9
2026-07-31T04:46+00:00,2015949,Diseño geométrico de Vías,(3) Grupo 2,4
2026-07-31T04:46+00:00,2015949,Diseño geométrico de Vías,(2) Grupo 3,1
2026-07-31T04:46+00:00,2015949,Diseño geométrico de Vías,(4) Grupo 4,11
2026-07-31T04:46+00:00,1000007-B,Ecuaciones Diferenciales,(1) Grupo 1,16
2026-07-31T04:46+00:00,1000007-B,Ecuaciones Diferenciales,(11) Grupo 11,3
2026-07-31T04:46+00:00,1000007-B,Ecuaciones Diferenciales,(12) Grupo 12,38
2026-07-31T04:46+00:00,1000007-B,Ecuaciones Diferenciales,(13) Grupo 13,3
2026-07-31T04:46+00:00,1000007-B,Ecuaciones Diferenciales,(14) Grupo 14,1
2026-07-31T04:46+00:00,1000007-B,Ecuaciones Diferenciales,(2) Grupo 2,1
2026-07-31T04:46+00:00,1000007-B,Ecuaciones Diferenciales,(3) Grupo 3,13
2026-07-31T04:46+00:00,1000007-B,Ecuaciones Diferenciales,(4) Grupo 4,13
2026-07-31T04:46+00:00,1000007-B,Ecuaciones Diferenciales,(6) Grupo 6,1
2026-07-31T04:46+00:00,1000007-B,Ecuaciones Diferenciales,(7) Grupo 7,3
2026-07-31T04:46+00:00,1000007-B,Ecuaciones Diferenciales,(9) Grupo 9,0
2026-07-31T04:46+00:00,2026134,Estática,(1) Grupo 1,4
2026-07-31T04:46+00:00,2026134,Estática,(2) Grupo 2,2
2026-07-31T04:46+00:00,2026134,Estática,(3) Grupo 3,2
2026-07-31T04:46+00:00,2026134,Estática,(4) Grupo 4,2
2026-07-31T04:46+00:00,2026134,Estática,(5) Grupo 5,2
2026-07-31T04:46+00:00,2026134,Estática,(6) Grupo 6,1
2026-07-31T04:46+00:00,2026134,Estática,(7) Grupo 7,9
2026-07-31T04:46+00:00,2015954,Estructuras hidráulicas,(2) Grupo 2,8
2026-07-31T04:46+00:00,2015954,Estructuras hidráulicas,(3) Grupo 3,3
2026-07-31T04:46+00:00,2015954,Estructuras hidráulicas,(4) Grupo 4,0
2026-07-31T04:46+00:00,2015955,Fundamentos de construcción,(1) Grupo 1,10
2026-07-31T04:46+00:00,2015955,Fundamentos de construcción,(2) Grupo 2,0
2026-07-31T04:46+00:00,2015955,Fundamentos de construcción,(3) Grupo 3,0
2026-07-31T04:46+00:00,1000011-B,Fundamentos de ecología,(1) Grupo 1,97
2026-07-31T04:46+00:00,1000011-B,Fundamentos de ecología,(3) Grupo 3,2
2026-07-31T04:46+00:00,1000019-B,Fundamentos de mecánica,(1) Grupo 1,1
2026-07-31T04:46+00:00,1000019-B,Fundamentos de mecánica,(10) Grupo 10,7
2026-07-31T04:46+00:00,1000019-B,Fundamentos de mecánica,(11) Grupo 11,21
2026-07-31T04:46+00:00,1000019-B,Fundamentos de mecánica,(12) Grupo 12,3
2026-07-31T04:46+00:00,1000019-B,Fundamentos de mecánica,(13) Grupo 13,3
2026-07-31T04:46+00:00,1000019-B,Fundamentos de mecánica,(14) Grupo 14,4
2026-07-31T04:46+00:00,1000019-B,Fundamentos de mecánica,(15) Grupo 15,4
2026-07-31T04:46+00:00,1000019-B,Fundamentos de mecánica,(16) Grupo 16,4
2026-07-31T04:46+00:00,1000019-B,Fundamentos de mecánica,(17) Grupo 17,8
2026-07-31T04:46+00:00,1000019-B,Fundamentos de mecánica,(18) Grupo 18,7
2026-07-31T04:46+00:00,1000019-B,Fundamentos de mecánica,(19) Grupo 19,19
2026-07-31T04:46+00:00,1000019-B,Fundamentos de mecánica,(2) Grupo 2,1
2026-07-31T04:46+00:00,1000019-B,Fundamentos de mecánica,(20) Grupo 20,27
2026-07-31T04:46+00:00,1000019-B,Fundamentos de mecánica,(21) Grupo 21,27
2026-07-31T04:46+00:00,1000019-B,Fundamentos de mecánica,(22) Grupo 22,28
2026-07-31T04:46+00:00,1000019-B,Fundamentos de mecánica,(23) Grupo 23,29
2026-07-31T04:46+00:00,1000019-B,Fundamentos de mecánica,(25) Grupo 25,36
2026-07-31T04:46+00:00,1000019-B,Fundamentos de mecánica,(26) Grupo 26 (VIRTUAL),78
2026-07-31T04:46+00:00,1000019-B,Fundamentos de mecánica,(3) Grupo 3,0
2026-07-31T04:46+00:00,1000019-B,Fundamentos de mecánica,(4) Grupo 4,1
2026-07-31T04:46+00:00,1000019-B,Fundamentos de mecánica,(5) Grupo 5,4
2026-07-31T04:46+00:00,1000019-B,Fundamentos de mecánica,(6) Grupo 6,3
2026-07-31T04:46+00:00,1000019-B,Fundamentos de mecánica,(7) Grupo 7,3
2026-07-31T04:46+00:00,1000019-B,Fundamentos de mecánica,(8) Grupo 8,3
2026-07-31T04:46+00:00,1000019-B,Fundamentos de mecánica,(9) Grupo 9,0
2026-07-31T04:46+00:00,1000019-B,Fundamentos de mecánica,(1) Grupo 1,1
2026-07-31T04:46+00:00,1000019-B,Fundamentos de mecánica,(10) Grupo 10,7
2026-07-31T04:46+00:00,1000019-B,Fundamentos de mecánica,(11) Grupo 11,20
2026-07-31T04:46+00:00,1000019-B,Fundamentos de mecánica,(12) Grupo 12,3
2026-07-31T04:46+00:00,1000019-B,Fundamentos de mecánica,(13) Grupo 13,3
2026-07-31T04:46+00:00,1000019-B,Fundamentos de mecánica,(14) Grupo 14,4
2026-07-31T04:46+00:00,1000019-B,Fundamentos de mecánica,(15) Grupo 15,4
2026-07-31T04:46+00:00,1000019-B,Fundamentos de mecánica,(16) Grupo 16,4
2026-07-31T04:46+00:00,1000019-B,Fundamentos de mecánica,(17) Grupo 17,8
2026-07-31T04:46+00:00,1000019-B,Fundamentos de mecánica,(18) Grupo 18,7
2026-07-31T04:46+00:00,1000019-B,Fundamentos de mecánica,(19) Grupo 19,19
2026-07-31T04:46+00:00,1000019-B,Fundamentos de mecánica,(2) Grupo 2,1
2026-07-31T04:46+00:00,1000019-B,Fundamentos de mecánica,(20) Grupo 20,27
2026-07-31T04:46+00:00,1000019-B,Fundamentos de mecánica,(21) Grupo 21,24
2026-07-31T04:46+00:00,1000019-B,Fundamentos de mecánica,(22) Grupo 22,28
2026-07-31T04:46+00:00,1000019-B,Fundamentos de mecánica,(23) Grupo 23,29
2026-07-31T04:46+00:00,1000019-B,Fundamentos de mecánica,(25) Grupo 25,26
2026-07-31T04:46+00:00,1000019-B,Fundamentos de mecánica,(26) Grupo 26 (VIRTUAL),78
2026-07-31T04:46+00:00,1000019-B,Fundamentos de mecánica,(3) Grupo 3,0
2026-07-31T04:46+00:00,1000019-B,Fundamentos de mecánica,(4) Grupo 4,1
2026-07-31T04:46+00:00,1000019-B,Fundamentos de mecánica,(5) Grupo 5,4
2026-07-31T04:46+00:00,1000019-B,Fundamentos de mecánica,(6) Grupo 6,3
2026-07-31T04:46+00:00,1000019-B,Fundamentos de mecánica,(7) Grupo 7,3
2026-07-31T04:46+00:00,1000019-B,Fundamentos de mecánica,(8) Grupo 8,3
2026-07-31T04:46+00:00,1000019-B,Fundamentos de mecánica,(9) Grupo 9,8
2026-07-31T04:46+00:00,1000019-B,Fundamentos de mecánica,(16) Gruop 16,8
2026-07-31T04:46+00:00,1000019-B,Fundamentos de mecánica,(1) Grupo 1,1
2026-07-31T04:46+00:00,1000019-B,Fundamentos de mecánica,(10) Grupo 10,7
2026-07-31T04:46+00:00,1000019-B,Fundamentos de mecánica,(11) Grupo 11,21
2026-07-31T04:46+00:00,1000019-B,Fundamentos de mecánica,(12) Grupo 12,3
2026-07-31T04:46+00:00,1000019-B,Fundamentos de mecánica,(13) Grupo 13,3
2026-07-31T04:46+00:00,1000019-B,Fundamentos de mecánica,(14) Grupo 14,4
2026-07-31T04:46+00:00,1000019-B,Fundamentos de mecánica,(15) Grupo 15,4
2026-07-31T04:46+00:00,1000019-B,Fundamentos de mecánica,(17) Grupo 17,8
2026-07-31T04:46+00:00,1000019-B,Fundamentos de mecánica,(18) Grupo 18,7
2026-07-31T04:46+00:00,1000019-B,Fundamentos de mecánica,(19) Grupo 19,19
2026-07-31T04:46+00:00,1000019-B,Fundamentos de mecánica,(2) Grupo 2,1
2026-07-31T04:46+00:00,1000019-B,Fundamentos de mecánica,(20) Grupo 20,27
2026-07-31T04:46+00:00,1000019-B,Fundamentos de mecánica,(21) Grupo 21,27
2026-07-31T04:46+00:00,1000019-B,Fundamentos de mecánica,(22) Grupo 22,28
2026-07-31T04:46+00:00,1000019-B,Fundamentos de mecánica,(23) Grupo 23,29
2026-07-31T04:46+00:00,1000019-B,Fundamentos de mecánica,(25) Grupo 25,36
2026-07-31T04:46+00:00,1000019-B,Fundamentos de mecánica,(26) Grupo 26 (VIRTUAL),78
2026-07-31T04:46+00:00,1000019-B,Fundamentos de mecánica,(3) Grupo 3,0
2026-07-31T04:46+00:00,1000019-B,Fundamentos de mecánica,(4) Grupo 4,1
2026-07-31T04:46+00:00,1000019-B,Fundamentos de mecánica,(5) Grupo 5,4
2026-07-31T04:46+00:00,1000019-B,Fundamentos de mecánica,(6) Grupo 6,3
2026-07-31T04:46+00:00,1000019-B,Fundamentos de mecánica,(7) Grupo 7,3
2026-07-31T04:46+00:00,1000019-B,Fundamentos de mecánica,(8) Grupo 8,3
2026-07-31T04:46+00:00,1000019-B,Fundamentos de mecánica,(9) Grupo 9,8
2026-07-31T04:46+00:00,2015956,Geología,(1) Grupo 1,2
2026-07-31T04:46+00:00,2015956,Geología,(2) Grupo 2,3
2026-07-31T04:46+00:00,2015956,Geología,(3) Grupo 3,2
2026-07-31T04:46+00:00,2015957,Geomática Aplicada,(1) Grupo 1,14
2026-07-31T04:46+00:00,2015957,Geomática Aplicada,(2) Grupo 2,17
2026-07-31T04:46+00:00,2015957,Geomática Aplicada,(3) Grupo 3,3
2026-07-31T04:46+00:00,2015957,Geomática Aplicada,(4) Grupo 4,4
2026-07-31T04:46+00:00,2015958,Geomática básica,(1) Grupo 1,10
2026-07-31T04:46+00:00,2015958,Geomática básica,(2) Grupo 2,7
2026-07-31T04:46+00:00,2015958,Geomática básica,(3) Grupo 3,2
2026-07-31T04:46+00:00,2015958,Geomática básica,(4) Grupo 4,1
2026-07-31T04:46+00:00,2015958,Geomática básica,(5) Grupo 5,1
2026-07-31T04:46+00:00,2015958,Geomática básica,(6) Grupo 6,2
2026-07-31T04:46+00:00,2015958,Geomática básica,(7) Grupo 7,10
2026-07-31T04:46+00:00,2015958,Geomática básica,(8) Grupo 8,6
2026-07-31T04:46+00:00,2015958,Geomática básica,(9) Grupo 9,0
2026-07-31T04:46+00:00,2015958,Geomática básica,(1) Grupo 1,10
2026-07-31T04:46+00:00,2015958,Geomática básica,(2) Grupo 2,7
2026-07-31T04:46+00:00,2015958,Geomática básica,(3) Grupo 3,2
2026-07-31T04:46+00:00,2015958,Geomática básica,(4) Grupo 4,2
2026-07-31T04:46+00:00,2015958,Geomática básica,(6) Grupo 6,12
2026-07-31T04:46+00:00,2015958,Geomática básica,(8) Grupo 8,6
2026-07-31T04:46+00:00,2015959,Geotecnia,(1) Grupo 1,21
2026-07-31T04:46+00:00,2015959,Geotecnia,(2) Grupo 2,0
2026-07-31T04:46+00:00,2015959,Geotecnia,(3) Grupo 3,0
2026-07-31T04:46+00:00,2015959,Geotecnia,(4) Grupo 4,17
2026-07-31T04:46+00:00,2015961,Hidráulica básica,(1) Grupo 1,3
2026-07-31T04:46+00:00,2015961,Hidráulica básica,(2) Grupo 2,1
2026-07-31T04:46+00:00,2015961,Hidráulica básica,(3) Grupo 3,0
2026-07-31T04:46+00:00,2015961,Hidráulica básica,(4) Grupo 4,1
2026-07-31T04:46+00:00,2015961,Hidráulica básica,(5) Grupo 5,5
2026-07-31T04:46+00:00,2015961,Hidráulica básica,(6) Grupo 6,1
2026-07-31T04:46+00:00,2015978,Hidrología,(1) Grupo 1,1
2026-07-31T04:46+00:00,2015978,Hidrología,(2) Grupo 2,5
2026-07-31T04:46+00:00,2015978,Hidrología,(3) Grupo 3,10
2026-07-31T04:46+00:00,2015978,Hidrología,(4) Grupo 4,2
2026-07-31T04:46+00:00,2015978,Hidrología,(5) Grupo 5,7
2026-07-31T04:46+00:00,2026135,Ingeniería civil sostenible,(BCA_0121) Cierre Antricipado Grupo 1,0
2026-07-31T04:46+00:00,2026135,Ingeniería civil sostenible,(1) Grupo 1,3
2026-07-31T04:46+00:00,2026135,Ingeniería civil sostenible,(2) Grupo 2,9
2026-07-31T04:46+00:00,2026135,Ingeniería civil sostenible,(3) Grupo 3,0
2026-07-31T04:46+00:00,2015963,Ingeniería de Tránsito,(1) Grupo 1,0
2026-07-31T04:46+00:00,2015963,Ingeniería de Tránsito,(2) Grupo 2,2
2026-07-31T04:46+00:00,2015963,Ingeniería de Tránsito,(3) Grupo 3,10
2026-07-31T04:46+00:00,2026138,Ingenieria de transporte,(1) Grupo 1,0
2026-07-31T04:46+00:00,2026138,Ingenieria de transporte,(2) Grupo 2,7
2026-07-31T04:46+00:00,2026138,Ingenieria de transporte,(3) Grupo 3,2
2026-07-31T04:46+00:00,2015703,Ingeniería económica,(BCA_0226) Cierre anticipado grupo 6,0
2026-07-31T04:46+00:00,2015703,Ingeniería económica,(1) Grupo 1,1
2026-07-31T04:46+00:00,2015703,Ingeniería económica,(10) Grupo 10,0
2026-07-31T04:46+00:00,2015703,Ingeniería económica,(11) Grupo 11,5
2026-07-31T04:46+00:00,2015703,Ingeniería económica,(2) Grupo 2,1
2026-07-31T04:46+00:00,2015703,Ingeniería económica,(3) Grupo 3,0
2026-07-31T04:46+00:00,2015703,Ingeniería económica,(4) Grupo 4,0
2026-07-31T04:46+00:00,2015703,Ingeniería económica,(5) Grupo 5 - Virtual,2
2026-07-31T04:46+00:00,2015703,Ingeniería económica,(6) Grupo 6,1
2026-07-31T04:46+00:00,2015703,Ingeniería económica,(7) Grupo 7,0
2026-07-31T04:46+00:00,2015703,Ingeniería económica,(8) Grupo 8,0
2026-07-31T04:46+00:00,2015703,Ingeniería económica,(9) Grupo 9,1
2026-07-31T04:46+00:00,1000044-B,Inglés I- Semestral,(1) Grupo 1,9
2026-07-31T04:46+00:00,1000044-B,Inglés I- Semestral,(2) Grupo 2,3
2026-07-31T04:46+00:00,1000044-B,Inglés I- Semestral,(3) Grupo 3,2
2026-07-31T04:46+00:00,1000044-B,Inglés I- Semestral,(4) Grupo 4,4
2026-07-31T04:46+00:00,1000044-B,Inglés I- Semestral,(5) Grupo 5,0
2026-07-31T04:46+00:00,1000044-B,Inglés I- Semestral,(6) Grupo 6,4
2026-07-31T04:46+00:00,1000044-B,Inglés I- Semestral,(7) Grupo 7,10
2026-07-31T04:46+00:00,1000044-B,Inglés I- Semestral,(8) Grupo 8,3
2026-07-31T04:46+00:00,1000044-B,Inglés I- Semestral,(9) Grupo 9,3
2026-07-31T04:46+00:00,1000045-B,Inglés II - Semestral,(1) Grupo 1,4
2026-07-31T04:46+00:00,1000045-B,Inglés II - Semestral,(10) Grupo 10,7
2026-07-31T04:46+00:00,1000045-B,Inglés II - Semestral,(11) Grupo 11,10
2026-07-31T04:46+00:00,1000045-B,Inglés II - Semestral,(12) Grupo 12,6
2026-07-31T04:46+00:00,1000045-B,Inglés II - Semestral,(13) Grupo 13,7
2026-07-31T04:46+00:00,1000045-B,Inglés II - Semestral,(14) Grupo 14,10
2026-07-31T04:46+00:00,1000045-B,Inglés II - Semestral,(15) Grupo 15,15
2026-07-31T04:46+00:00,1000045-B,Inglés II - Semestral,(16) Grupo 16,11
2026-07-31T04:46+00:00,1000045-B,Inglés II - Semestral,(2) Grupo 2,0
2026-07-31T04:46+00:00,1000045-B,Inglés II - Semestral,(3) Grupo 3,9
2026-07-31T04:46+00:00,1000045-B,Inglés II - Semestral,(4) Grupo 4,13
2026-07-31T04:46+00:00,1000045-B,Inglés II - Semestral,(5) Grupo 5,2
2026-07-31T04:46+00:00,1000045-B,Inglés II - Semestral,(6) Grupo 6,3
2026-07-31T04:46+00:00,1000045-B,Inglés II - Semestral,(7) Grupo 7,8
2026-07-31T04:46+00:00,1000045-B,Inglés II - Semestral,(8) Grupo 8,10
2026-07-31T04:46+00:00,1000045-B,Inglés II - Semestral,(9) Grupo 9,26
2026-07-31T04:46+00:00,1000046-B,Inglés III - Semestral,(1) Grupo 1,10
2026-07-31T04:46+00:00,1000046-B,Inglés III - Semestral,(10) Grupo 10,6
2026-07-31T04:46+00:00,1000046-B,Inglés III - Semestral,(11) Grupo 11,8
2026-07-31T04:46+00:00,1000046-B,Inglés III - Semestral,(12) Grupo 12,2
2026-07-31T04:46+00:00,1000046-B,Inglés III - Semestral,(13) Grupo 13,3
2026-07-31T04:46+00:00,1000046-B,Inglés III - Semestral,(14) Grupo 14,4
2026-07-31T04:46+00:00,1000046-B,Inglés III - Semestral,(15) Grupo 15,3
2026-07-31T04:46+00:00,1000046-B,Inglés III - Semestral,(16) Grupo 16,2
2026-07-31T04:46+00:00,1000046-B,Inglés III - Semestral,(17) Grupo 17,17
2026-07-31T04:46+00:00,1000046-B,Inglés III - Semestral,(18) Grupo 18,15
2026-07-31T04:46+00:00,1000046-B,Inglés III - Semestral,(2) Grupo 2,1
2026-07-31T04:46+00:00,1000046-B,Inglés III - Semestral,(3) Grupo 3,15
2026-07-31T04:46+00:00,1000046-B,Inglés III - Semestral,(4) Grupo 4,11
2026-07-31T04:46+00:00,1000046-B,Inglés III - Semestral,(5) Grupo 5,3
2026-07-31T04:46+00:00,1000046-B,Inglés III - Semestral,(6) Grupo 6,7
2026-07-31T04:46+00:00,1000046-B,Inglés III - Semestral,(7) Grupo 7,5
2026-07-31T04:46+00:00,1000046-B,Inglés III - Semestral,(8) Grupo 8,4
2026-07-31T04:46+00:00,1000046-B,Inglés III - Semestral,(9) Grupo 9,16
2026-07-31T04:46+00:00,1000052-B,Inglés Intensivo I y II,(1) Grupo 1,11
2026-07-31T04:46+00:00,1000052-B,Inglés Intensivo I y II,(2) Grupo 2,11
2026-07-31T04:46+00:00,1000052-B,Inglés Intensivo I y II,(3) Grupo 3,19
2026-07-31T04:46+00:00,1000053-B,Inglés Intensivo III y IV,(1) Grupo 1,11
2026-07-31T04:46+00:00,1000053-B,Inglés Intensivo III y IV,(2) Grupo 2,4
2026-07-31T04:46+00:00,1000053-B,Inglés Intensivo III y IV,(3) Grupo 3,9
2026-07-31T04:46+00:00,1000053-B,Inglés Intensivo III y IV,(4) Grupo 4,13
2026-07-31T04:46+00:00,1000053-B,Inglés Intensivo III y IV,(5) Grupo 5,23
2026-07-31T04:46+00:00,1000053-B,Inglés Intensivo III y IV,(6) Grupo 6,5
2026-07-31T04:46+00:00,1000047-B,Inglés IV- Semestral,(1) Grupo 1,11
2026-07-31T04:46+00:00,1000047-B,Inglés IV- Semestral,(10) Grupo 10,2
2026-07-31T04:46+00:00,1000047-B,Inglés IV- Semestral,(11) Grupo 11,8
2026-07-31T04:46+00:00,1000047-B,Inglés IV- Semestral,(12) Grupo 12,5
2026-07-31T04:46+00:00,1000047-B,Inglés IV- Semestral,(13) Grupo 13,5
2026-07-31T04:46+00:00,1000047-B,Inglés IV- Semestral,(14) Grupo 14,1
2026-07-31T04:46+00:00,1000047-B,Inglés IV- Semestral,(15) Grupo 15,8
2026-07-31T04:46+00:00,1000047-B,Inglés IV- Semestral,(16) Grupo 16,7
2026-07-31T04:46+00:00,1000047-B,Inglés IV- Semestral,(17) Grupo 17,11
2026-07-31T04:46+00:00,1000047-B,Inglés IV- Semestral,(18) Grupo 18,6
2026-07-31T04:46+00:00,1000047-B,Inglés IV- Semestral,(19) Grupo 19,14
2026-07-31T04:46+00:00,1000047-B,Inglés IV- Semestral,(2) Grupo 2,5
2026-07-31T04:46+00:00,1000047-B,Inglés IV- Semestral,(20) Grupo 20,12
2026-07-31T04:46+00:00,1000047-B,Inglés IV- Semestral,(21) Grupo 21,16
2026-07-31T04:46+00:00,1000047-B,Inglés IV- Semestral,(22) Grupo 22,15
2026-07-31T04:46+00:00,1000047-B,Inglés IV- Semestral,(3) Grupo 3,6
2026-07-31T04:46+00:00,1000047-B,Inglés IV- Semestral,(4) Grupo 4,14
2026-07-31T04:46+00:00,1000047-B,Inglés IV- Semestral,(5) Grupo 5,8
2026-07-31T04:46+00:00,1000047-B,Inglés IV- Semestral,(6) Grupo 6,1
2026-07-31T04:46+00:00,1000047-B,Inglés IV- Semestral,(7) Grupo 7,2
2026-07-31T04:46+00:00,1000047-B,Inglés IV- Semestral,(8) Grupo 8,7
2026-07-31T04:46+00:00,1000047-B,Inglés IV- Semestral,(9) Grupo 9,17
2026-07-31T04:46+00:00,2026186,Introducción a la ingeniería civil,(1) Grupo 1,5
2026-07-31T04:46+00:00,2026186,Introducción a la ingeniería civil,(2) Grupo 2,8
2026-07-31T04:46+00:00,2026186,Introducción a la ingeniería civil,(4) Grupo 4,13
2026-07-31T04:46+00:00,1000002-B,Lecto-Escritura,(BCA_302) Cierre anticipado grupo 6,0
2026-07-31T04:46+00:00,1000002-B,Lecto-Escritura,(1) Grupo 1 - Clase Presencial,6
2026-07-31T04:46+00:00,1000002-B,Lecto-Escritura,(10) Grupo 10 - Clase presencial,3
2026-07-31T04:46+00:00,1000002-B,Lecto-Escritura,(2) Grupo 2 - Clase Presencial,1
2026-07-31T04:46+00:00,1000002-B,Lecto-Escritura,(3) Grupo 3 - Clase Presencial,1
2026-07-31T04:46+00:00,1000002-B,Lecto-Escritura,(4) Grupo 4 - Clase Presencial,2
2026-07-31T04:46+00:00,1000002-B,Lecto-Escritura,(5) Grupo 5 - Clase Presencial,1
2026-07-31T04:46+00:00,1000002-B,Lecto-Escritura,(6) Grupo 6 - Clase Presencial,8
2026-07-31T04:46+00:00,1000002-B,Lecto-Escritura,(7) Grupo 7 - Clase Presencial,1
2026-07-31T04:46+00:00,1000002-B,Lecto-Escritura,(8) Grupo 8 - Clase Presencial,1
2026-07-31T04:46+00:00,1000002-B,Lecto-Escritura,(9) Grupo 9 - Clase Presencial,18
2026-07-31T04:46+00:00,1000001-B,Matemáticas Básicas,(1) Grupo 1,21
2026-07-31T04:46+00:00,1000001-B,Matemáticas Básicas,(2) Grupo 2,12
2026-07-31T04:46+00:00,1000001-B,Matemáticas Básicas,(1) Grupo 1,9
2026-07-31T04:46+00:00,1000001-B,Matemáticas Básicas,(10) Grupo 10,8
2026-07-31T04:46+00:00,1000001-B,Matemáticas Básicas,(2) Grupo 2,9
2026-07-31T04:46+00:00,1000001-B,Matemáticas Básicas,(4) Grupo 4,13
2026-07-31T04:46+00:00,1000001-B,Matemáticas Básicas,(5) Grupo 5,14
2026-07-31T04:46+00:00,1000001-B,Matemáticas Básicas,(6) Grupo 6,6
2026-07-31T04:46+00:00,1000001-B,Matemáticas Básicas,(7) Grupo 7,13
2026-07-31T04:46+00:00,1000001-B,Matemáticas Básicas,(8) Grupo 8,5
2026-07-31T04:46+00:00,1000001-B,Matemáticas Básicas,(9) Grupo 9,1
2026-07-31T04:46+00:00,2015965,Materiales para construcción,(1) Grupo 1,0
2026-07-31T04:46+00:00,2015965,Materiales para construcción,(2) Grupo 2,1
2026-07-31T04:46+00:00,2015965,Materiales para construcción,(3) Grupo 3,1
2026-07-31T04:46+00:00,2015966,Mecánica de fluidos,(1) Grupo 1,5
2026-07-31T04:46+00:00,2015966,Mecánica de fluidos,(2) Grupo 2,6
2026-07-31T04:46+00:00,2015966,Mecánica de fluidos,(3) Grupo 3,9
2026-07-31T04:46+00:00,2015966,Mecánica de fluidos,(4) Grupo 4,1
2026-07-31T04:46+00:00,2015966,Mecánica de fluidos,(5) Grupo 5,1
2026-07-31T04:46+00:00,2015966,Mecánica de fluidos,(6) Grupo 6,2
2026-07-31T04:46+00:00,2015966,Mecánica de fluidos,(7) Grupo 7,2
2026-07-31T04:46+00:00,2015966,Mecánica de fluidos,(8) Grupo 8,3
2026-07-31T04:46+00:00,2015967,Mecánica de Rocas,(BCA_0133) Cierre Anticipado Grupo 1,0
2026-07-31T04:46+00:00,2015967,Mecánica de Rocas,(1) Grupo 1,6
2026-07-31T04:46+00:00,2015968,Mecánica de sólidos,(1) Grupo 1,13
2026-07-31T04:46+00:00,2015968,Mecánica de sólidos,(2) Grupo 2,2
2026-07-31T04:46+00:00,2015968,Mecánica de sólidos,(3) Grupo 3,3
2026-07-31T04:46+00:00,2015968,Mecánica de sólidos,(4) Grupo 4,6
2026-07-31T04:46+00:00,2015968,Mecánica de sólidos,(5) Grupo 5,6
2026-07-31T04:46+00:00,2015968,Mecánica de sólidos,(6) Grupo 6,1
2026-07-31T04:46+00:00,2015968,Mecánica de sólidos,(7) Grupo 7,1
2026-07-31T04:46+00:00,2015969,Mecánica de suelos,(1) Grupo 1 (Inglés),6
2026-07-31T04:46+00:00,2015969,Mecánica de suelos,(2) Grupo 2,1
2026-07-31T04:46+00:00,2015969,Mecánica de suelos,(3) Grupo 3,9
2026-07-31T04:46+00:00,2015969,Mecánica de suelos,(4) Grupo 4,3
2026-07-31T04:46+00:00,2015970,Métodos numéricos,(BCA_0094) Cierre Anticipado Grupo 1,0
2026-07-31T04:46+00:00,2017293,Modelación matemática,(1) 2017293-1 Modelación matemática,5
2026-07-31T04:46+00:00,2017293,Modelación matemática,(2) 2017293-2 Modelación matemática,5
2026-07-31T04:46+00:00,2017293,Modelación matemática,(1M) 2017293-1M Modelación matemática - Magistral,22
2026-07-31T04:46+00:00,2015971,Pavimentos,(1) Grupo 1,3
2026-07-31T04:46+00:00,2015971,Pavimentos,(2) Grupo 2,0
2026-07-31T04:46+00:00,2015971,Pavimentos,(3) Grupo 3,2
2026-07-31T04:46+00:00,2015972,Preparación y evaluación de proyectos de infraestructura,(1) Grupo 1,2
2026-07-31T04:46+00:00,2015972,Preparación y evaluación de proyectos de infraestructura,(2) Grupo 2,1
2026-07-31T04:46+00:00,2015972,Preparación y evaluación de proyectos de infraestructura,(3) Grupo 3,3
2026-07-31T04:46+00:00,2015972,Preparación y evaluación de proyectos de infraestructura,(4) Grupo 4,5
2026-07-31T04:46+00:00,1000024-B,Principios de química,(11) Grupo 11,0
2026-07-31T04:46+00:00,1000024-B,Principios de química,(12) Grupo 12,2
2026-07-31T04:46+00:00,1000024-B,Principios de química,(13) Grupo 13,2
2026-07-31T04:46+00:00,1000024-B,Principios de química,(14) Grupo 14,0
2026-07-31T04:46+00:00,1000024-B,Principios de química,(18) Grupo 18,4
2026-07-31T04:46+00:00,1000013-B,Probabilidad y estadística fundamental,(10) Grupo 10,7
2026-07-31T04:46+00:00,1000013-B,Probabilidad y estadística fundamental,(11) Grupo 11,1
2026-07-31T04:46+00:00,1000013-B,Probabilidad y estadística fundamental,(12) Grupo 12,11
2026-07-31T04:46+00:00,1000013-B,Probabilidad y estadística fundamental,(13) Grupo 13,0
2026-07-31T04:46+00:00,1000013-B,Probabilidad y estadística fundamental,(14) Grupo 14,9
2026-07-31T04:46+00:00,1000013-B,Probabilidad y estadística fundamental,(16) Grupo 16,2
2026-07-31T04:46+00:00,1000013-B,Probabilidad y estadística fundamental,(2) Grupo 2,8
2026-07-31T04:46+00:00,1000013-B,Probabilidad y estadística fundamental,(21) Grupo 21,3
2026-07-31T04:46+00:00,1000013-B,Probabilidad y estadística fundamental,(24) Grupo 24,11
2026-07-31T04:46+00:00,1000013-B,Probabilidad y estadística fundamental,(3) Grupo 3,5
2026-07-31T04:46+00:00,1000013-B,Probabilidad y estadística fundamental,(4) Grupo 4,6
2026-07-31T04:46+00:00,1000013-B,Probabilidad y estadística fundamental,(6) Grupo 6,11
2026-07-31T04:46+00:00,1000013-B,Probabilidad y estadística fundamental,(7) Grupo 7,5
2026-07-31T04:46+00:00,1000013-B,Probabilidad y estadística fundamental,(8) Grupo 8,10
2026-07-31T04:46+00:00,1000013-B,Probabilidad y estadística fundamental,(9) Grupo 9,13
2026-07-31T04:46+00:00,2015734,Programación de computadores,(1) Grupo 1,0
2026-07-31T04:46+00:00,2015734,Programación de computadores,(10) Grupo 10,11
2026-07-31T04:46+00:00,2015734,Programación de computadores,(11) Grupo 11 - Virtual,4
2026-07-31T04:46+00:00,2015734,Programación de computadores,(12) Grupo 12,2
2026-07-31T04:46+00:00,2015734,Programación de computadores,(13) Grupo 13,4
2026-07-31T04:46+00:00,2015734,Programación de computadores,(2) Grupo 2,13
2026-07-31T04:46+00:00,2015734,Programación de computadores,(3) Grupo 3,7
2026-07-31T04:46+00:00,2015734,Programación de computadores,(5) Grupo 5,8
2026-07-31T04:46+00:00,2015734,Programación de computadores,(6) Grupo 6,11
2026-07-31T04:46+00:00,2015734,Programación de computadores,(7) Grupo 7 - Virtual,22
2026-07-31T04:46+00:00,2015734,Programación de computadores,(8) Grupo 8 - Virtual,2
2026-07-31T04:46+00:00,2015734,Programación de computadores,(9) Grupo 9 - Virtual,13
2026-07-31T04:46+00:00,2016375,Programación orientada a objetos,(1) Grupo 1,11
2026-07-31T04:46+00:00,2016375,Programación orientada a objetos,(2) Grupo 2 - Reserva validación PC,6
2026-07-31T04:46+00:00,2016375,Programación orientada a objetos,(3) Grupo 3,9
2026-07-31T04:46+00:00,2016375,Programación orientada a objetos,(4) Grupo 4,14
2026-07-31T04:46+00:00,2016375,Programación orientada a objetos,(5) Grupo 5 - Reserva validación PC,8
2026-07-31T04:46+00:00,2016375,Programación orientada a objetos,(6) Grupo 6 - Virtual - Reserva validación PC,8
2026-07-31T04:46+00:00,2016375,Programación orientada a objetos,(7) Grupo 7,8
2026-07-31T04:46+00:00,2016375,Programación orientada a objetos,(8) Grupo 8 - Reserva validación PC,3
2026-07-31T04:46+00:00,2016375,Programación orientada a objetos,(9) Grupo 9 - Reserva validación PC,6
2026-07-31T04:46+00:00,2015973,Saneamiento ambiental,(1) Grupo 1,0
2026-07-31T04:46+00:00,2015973,Saneamiento ambiental,(2) Grupo 2,0
2026-07-31T04:46+00:00,2015973,Saneamiento ambiental,(3) Grupo 3,1
2026-07-31T04:46+00:00,2022761,SIG para Ingeniería Civil,(1) Grupo 1,6
2026-07-31T04:46+00:00,2022761,SIG para Ingeniería Civil,(2) Grupo 2,2
2026-07-31T04:46+00:00,2022761,SIG para Ingeniería Civil,(3) Grupo 3,2
2026-07-31T04:46+00:00,2022761,SIG para Ingeniería Civil,(4) Grupo 4,4
2026-07-31T04:46+00:00,2015296,Trabajo de Grado,(1) Grupo 1,3
2026-07-31T04:46+00:00,2015296,Trabajo de Grado,(10) Grupo 10,4
2026-07-31T04:46+00:00,2015296,Trabajo de Grado,(11) Grupo 11,3
2026-07-31T04:46+00:00,2015296,Trabajo de Grado,(12) Grupo 12,4
2026-07-31T04:46+00:00,2015296,Trabajo de Grado,(13) Grupo 13,3
2026-07-31T04:46+00:00,2015296,Trabajo de Grado,(14) Grupo 14,1
2026-07-31T04:46+00:00,2015296,Trabajo de Grado,(15) Grupo 15,3
2026-07-31T04:46+00:00,2015296,Trabajo de Grado,(16) Grupo 16,4
2026-07-31T04:46+00:00,2015296,Trabajo de Grado,(17) Grupo 17,4
2026-07-31T04:46+00:00,2015296,Trabajo de Grado,(18) Grupo 18,3
2026-07-31T04:46+00:00,2015296,Trabajo de Grado,(19) Grupo 19,4
2026-07-31T04:46+00:00,2015296,Trabajo de Grado,(2) Grupo 2,3
2026-07-31T04:46+00:00,2015296,Trabajo de Grado,(3) Grupo 3,5
2026-07-31T04:46+00:00,2015296,Trabajo de Grado,(4) Grupo 4,5
2026-07-31T04:46+00:00,2015296,Trabajo de Grado,(5) Grupo 5,3
2026-07-31T04:46+00:00,2015296,Trabajo de Grado,(6) Grupo 6,5
2026-07-31T04:46+00:00,2015296,Trabajo de Grado,(7) Grupo 7,3
2026-07-31T04:46+00:00,2015296,Trabajo de Grado,(8) Grupo 8,4
2026-07-31T04:46+00:00,2015296,Trabajo de Grado,(9) Grupo 9,3
2026-07-31T04:46+00:00,2015977,Transporte Sostenible,(1) Grupo 1,2
2026-08-01T04:38+00:00,2015938,Acueductos,(1) Grupo 1,25
2026-08-01T04:38+00:00,2015938,Acueductos,(2) Grupo 2,25
2026-08-01T04:38+00:00,2015938,Acueductos,(3) Grupo 3,25
2026-08-01T04:38+00:00,2015938,Acueductos,(4) Grupo 4,24
2026-08-01T04:38+00:00,2015939,Alcantarillados,(1) Grupo 1,25
2026-08-01T04:38+00:00,2015939,Alcantarillados,(2) Grupo 2,25
2026-08-01T04:38+00:00,2015939,Alcantarillados,(3) Grupo 3,25
2026-08-01T04:38+00:00,2015939,Alcantarillados,(4) Grupo 4,25
2026-08-01T04:38+00:00,2015940,Análisis estructural aplicado,(1) Grupo 1,24
2026-08-01T04:38+00:00,2015940,Análisis estructural aplicado,(2) Grupo 2,24
2026-08-01T04:38+00:00,2015940,Análisis estructural aplicado,(3) Grupo 3,24
2026-08-01T04:38+00:00,2015941,Análisis estructural básico,(1) Grupo 1,30
2026-08-01T04:38+00:00,2015941,Análisis estructural básico,(2) Grupo 2,30
2026-08-01T04:38+00:00,2015941,Análisis estructural básico,(3) Grupo 3,30
2026-08-01T04:38+00:00,2015941,Análisis estructural básico,(4) Grupo 4,30
2026-08-01T04:38+00:00,1000004-B,Cálculo diferencial,(10) Grupo 10,53
2026-08-01T04:38+00:00,1000004-B,Cálculo diferencial,(11) Grupo 11,24
2026-08-01T04:38+00:00,1000004-B,Cálculo diferencial,(12) Grupo 12,24
2026-08-01T04:38+00:00,1000004-B,Cálculo diferencial,(13) Grupo 13,16
2026-08-01T04:38+00:00,1000004-B,Cálculo diferencial,(14) Grupo 14,90
2026-08-01T04:38+00:00,1000004-B,Cálculo diferencial,(16) Grupo 16,27
2026-08-01T04:38+00:00,1000004-B,Cálculo diferencial,(17) Grupo 17,39
2026-08-01T04:38+00:00,1000004-B,Cálculo diferencial,(19) Grupo 19,59
2026-08-01T04:38+00:00,1000004-B,Cálculo diferencial,(2) Grupo 2,24
2026-08-01T04:38+00:00,1000004-B,Cálculo diferencial,(20) Grupo 20,10
2026-08-01T04:38+00:00,1000004-B,Cálculo diferencial,(21) Grupo 21,60
2026-08-01T04:38+00:00,1000004-B,Cálculo diferencial,(22) Grupo 22,60
2026-08-01T04:38+00:00,1000004-B,Cálculo diferencial,(24) Grupo 24,60
2026-08-01T04:38+00:00,1000004-B,Cálculo diferencial,(25) Grupo 25,40
2026-08-01T04:38+00:00,1000004-B,Cálculo diferencial,(27) Grupo 27,51
2026-08-01T04:38+00:00,1000004-B,Cálculo diferencial,(28) Grupo 28,60
2026-08-01T04:38+00:00,1000004-B,Cálculo diferencial,(29) Grupo 29,60
2026-08-01T04:38+00:00,1000004-B,Cálculo diferencial,(30) Grupo 30,60
2026-08-01T04:38+00:00,1000004-B,Cálculo diferencial,(32) Grupo 32,90
2026-08-01T04:38+00:00,1000004-B,Cálculo diferencial,(4) Grupo 4,37
2026-08-01T04:38+00:00,1000004-B,Cálculo diferencial,(5) Grupo 5,84
2026-08-01T04:38+00:00,1000004-B,Cálculo diferencial,(7) Grupo 7,64
2026-08-01T04:38+00:00,1000004-B,Cálculo diferencial,(8) Grupo 8,40
2026-08-01T04:38+00:00,1000004-B,Cálculo diferencial,(9) Grupo 9,18
2026-08-01T04:38+00:00,1000006-B,Cálculo en varias variables,(1) Grupo 1,40
2026-08-01T04:38+00:00,1000006-B,Cálculo en varias variables,(10) Grupo 10,100
2026-08-01T04:38+00:00,1000006-B,Cálculo en varias variables,(11) Grupo 11,40
2026-08-01T04:38+00:00,1000006-B,Cálculo en varias variables,(12) Grupo 12,60
2026-08-01T04:38+00:00,1000006-B,Cálculo en varias variables,(13) Grupo 13,40
2026-08-01T04:38+00:00,1000006-B,Cálculo en varias variables,(14) Grupo 14,60
2026-08-01T04:38+00:00,1000006-B,Cálculo en varias variables,(15) Grupo 15,112
2026-08-01T04:38+00:00,1000006-B,Cálculo en varias variables,(2) Grupo 2,40
2026-08-01T04:38+00:00,1000006-B,Cálculo en varias variables,(3) Grupo 3,40
2026-08-01T04:38+00:00,1000006-B,Cálculo en varias variables,(4) Grupo 4,100
2026-08-01T04:38+00:00,1000006-B,Cálculo en varias variables,(5) Grupo 5,40
2026-08-01T04:38+00:00,1000006-B,Cálculo en varias variables,(7) Grupo 7,70
2026-08-01T04:38+00:00,1000006-B,Cálculo en varias variables,(8) Grupo 8,60
2026-08-01T04:38+00:00,1000006-B,Cálculo en varias variables,(9) Grupo 9,0
2026-08-01T04:38+00:00,1000005-B,Cálculo Integral,(1) Grupo 1,0
2026-08-01T04:38+00:00,1000005-B,Cálculo Integral,(10) Grupo 10,50
2026-08-01T04:38+00:00,1000005-B,Cálculo Integral,(14) Grupo 14,40
2026-08-01T04:38+00:00,1000005-B,Cálculo Integral,(15) Grupo 15,60
2026-08-01T04:38+00:00,1000005-B,Cálculo Integral,(16) Grupo 16,70
2026-08-01T04:38+00:00,1000005-B,Cálculo Integral,(17) Grupo 17,40
2026-08-01T04:38+00:00,1000005-B,Cálculo Integral,(2) Grupo 2,60
2026-08-01T04:38+00:00,1000005-B,Cálculo Integral,(20) Grupo 20,40
2026-08-01T04:38+00:00,1000005-B,Cálculo Integral,(22) Grupo 22,60
2026-08-01T04:38+00:00,1000005-B,Cálculo Integral,(3) Grupo 3,70
2026-08-01T04:38+00:00,1000005-B,Cálculo Integral,(4) Grupo 4,60
2026-08-01T04:38+00:00,1000005-B,Cálculo Integral,(6) Grupo 6,60
2026-08-01T04:38+00:00,1000005-B,Cálculo Integral,(7) Grupo 7,100
2026-08-01T04:38+00:00,1000005-B,Cálculo Integral,(8) Grupo 8,40
2026-08-01T04:38+00:00,1000005-B,Cálculo Integral,(9) Grupo 9,10
2026-08-01T04:38+00:00,2015943,Construcción de edificaciones,(1) Grupo 1,15
2026-08-01T04:38+00:00,2015944,Construcción de Infraestructura Vial,(1) Grupo 1,15
2026-08-01T04:38+00:00,2015711,Dibujo básico,(10) 2015711-10 Dibujo básico,0
2026-08-01T04:38+00:00,2015711,Dibujo básico,(11) 2015711-11 Dibujo básico,0
2026-08-01T04:38+00:00,2015711,Dibujo básico,(14) 2015711-14 Dibujo básico,0
2026-08-01T04:38+00:00,2015711,Dibujo básico,(16) 2015711-16 Dibujo básico,0
2026-08-01T04:38+00:00,2015711,Dibujo básico,(4) 2015711-4 Dibujo básico,9
2026-08-01T04:38+00:00,2015711,Dibujo básico,(5) 2015711-5 Dibujo básico,0
2026-08-01T04:38+00:00,2015711,Dibujo básico,(7) 2015711-7 Dibujo básico,20
2026-08-01T04:38+00:00,2015711,Dibujo básico,(8) 2015711-8 Dibujo básico,0
2026-08-01T04:38+00:00,2015711,Dibujo básico,(9) 2015711-9 Dibujo básico,0
2026-08-01T04:38+00:00,2015948,Dinámica,(1) Grupo 1,30
2026-08-01T04:38+00:00,2015948,Dinámica,(2) Grupo 2,30
2026-08-01T04:38+00:00,2015948,Dinámica,(3) Grupo 3,30
2026-08-01T04:38+00:00,2015950,Diseño estructural,(1) Grupo 1,25
2026-08-01T04:38+00:00,2015950,Diseño estructural,(2) Grupo 2,25
2026-08-01T04:38+00:00,2015950,Diseño estructural,(3) Grupo 3,25
2026-08-01T04:38+00:00,2015950,Diseño estructural,(4) Grupo 4,25
2026-08-01T04:38+00:00,2015950,Diseño estructural,(5) Grupo 5,0
2026-08-01T04:38+00:00,2015949,Diseño geométrico de Vías,(1) Grupo 1,30
2026-08-01T04:38+00:00,2015949,Diseño geométrico de Vías,(2) Grupo 2,30
2026-08-01T04:38+00:00,2015949,Diseño geométrico de Vías,(3) Grupo 3,30
2026-08-01T04:38+00:00,1000007-B,Ecuaciones Diferenciales,(1) Grupo 1,60
2026-08-01T04:38+00:00,1000007-B,Ecuaciones Diferenciales,(11) Grupo 11,60
2026-08-01T04:38+00:00,1000007-B,Ecuaciones Diferenciales,(12) Grupo 12,60
2026-08-01T04:38+00:00,1000007-B,Ecuaciones Diferenciales,(13) Grupo 13,40
2026-08-01T04:38+00:00,1000007-B,Ecuaciones Diferenciales,(14) Grupo 14,100
2026-08-01T04:38+00:00,1000007-B,Ecuaciones Diferenciales,(3) Grupo 3,40
2026-08-01T04:38+00:00,1000007-B,Ecuaciones Diferenciales,(4) Grupo 4,60
2026-08-01T04:38+00:00,1000007-B,Ecuaciones Diferenciales,(6) Grupo 6,50
2026-08-01T04:38+00:00,1000007-B,Ecuaciones Diferenciales,(7) Grupo 7,40
2026-08-01T04:38+00:00,1000007-B,Ecuaciones Diferenciales,(9) Grupo 9,0
2026-08-01T04:38+00:00,2026134,Estática,(1) Grupo 1,0
2026-08-01T04:38+00:00,2026134,Estática,(2) Grupo 2,30
2026-08-01T04:38+00:00,2026134,Estática,(3) Grupo 3,30
2026-08-01T04:38+00:00,2026134,Estática,(4) Grupo 4,30
2026-08-01T04:38+00:00,2026134,Estática,(5) Grupo 5,30
2026-08-01T04:38+00:00,2026134,Estática,(6) Grupo 6,30
2026-08-01T04:38+00:00,2015954,Estructuras hidráulicas,(1) Grupo 1,30
2026-08-01T04:38+00:00,2015954,Estructuras hidráulicas,(2) Grupo 2,30
2026-08-01T04:38+00:00,2015954,Estructuras hidráulicas,(3) Grupo 3,30
2026-08-01T04:38+00:00,2015955,Fundamentos de construcción,(1) Grupo 1,30
2026-08-01T04:38+00:00,2015955,Fundamentos de construcción,(2) Grupo 2,30
2026-08-01T04:38+00:00,2015955,Fundamentos de construcción,(3) Grupo 3,30
2026-08-01T04:38+00:00,1000011-B,Fundamentos de ecología,(1) Grupo 1,118
2026-08-01T04:38+00:00,1000011-B,Fundamentos de ecología,(3) Grupo 3,12
2026-08-01T04:38+00:00,1000019-B,Fundamentos de mecánica,(1) Grupo 1,35
2026-08-01T04:38+00:00,1000019-B,Fundamentos de mecánica,(10) Grupo 10,35
2026-08-01T04:38+00:00,1000019-B,Fundamentos de mecánica,(11) Grupo 11,35
2026-08-01T04:38+00:00,1000019-B,Fundamentos de mecánica,(12) Grupo 12,35
2026-08-01T04:38+00:00,1000019-B,Fundamentos de mecánica,(13) Grupo 13,35
2026-08-01T04:38+00:00,1000019-B,Fundamentos de mecánica,(14) Grupo 14,35
2026-08-01T04:38+00:00,1000019-B,Fundamentos de mecánica,(15) Grupo 15,32
2026-08-01T04:38+00:00,1000019-B,Fundamentos de mecánica,(16) Grupo 16,35
2026-08-01T04:38+00:00,1000019-B,Fundamentos de mecánica,(17) Grupo 17,35
2026-08-01T04:38+00:00,1000019-B,Fundamentos de mecánica,(18) Grupo 18,35
2026-08-01T04:38+00:00,1000019-B,Fundamentos de mecánica,(19) Grupo 19,33
2026-08-01T04:38+00:00,1000019-B,Fundamentos de mecánica,(2) Grupo 2,35
2026-08-01T04:38+00:00,1000019-B,Fundamentos de mecánica,(20) Grupo 20,35
2026-08-01T04:38+00:00,1000019-B,Fundamentos de mecánica,(21) Grupo 21,35
2026-08-01T04:38+00:00,1000019-B,Fundamentos de mecánica,(22) Grupo 22,35
2026-08-01T04:38+00:00,1000019-B,Fundamentos de mecánica,(23) Grupo 23,35
2026-08-01T04:38+00:00,1000019-B,Fundamentos de mecánica,(24) Grupo 24,35
2026-08-01T04:38+00:00,1000019-B,Fundamentos de mecánica,(25) Grupo 25,45
2026-08-01T04:38+00:00,1000019-B,Fundamentos de mecánica,(26) Grupo 26 (VIRTUAL),50
2026-08-01T04:38+00:00,1000019-B,Fundamentos de mecánica,(27) Grupo 27 (VIRTUAL),50
2026-08-01T04:38+00:00,1000019-B,Fundamentos de mecánica,(28) Grupo 28 (VIRTUAL),50
2026-08-01T04:38+00:00,1000019-B,Fundamentos de mecánica,(29) Grupo 29 (VIRTUAL),50
2026-08-01T04:38+00:00,1000019-B,Fundamentos de mecánica,(3) Grupo 3,35
2026-08-01T04:38+00:00,1000019-B,Fundamentos de mecánica,(4) Grupo 4,35
2026-08-01T04:38+00:00,1000019-B,Fundamentos de mecánica,(5) Grupo 5,35
2026-08-01T04:38+00:00,1000019-B,Fundamentos de mecánica,(6) Grupo 6,35
2026-08-01T04:38+00:00,1000019-B,Fundamentos de mecánica,(7) Grupo 7,35
2026-08-01T04:38+00:00,1000019-B,Fundamentos de mecánica,(8) Grupo 8,35
2026-08-01T04:38+00:00,1000019-B,Fundamentos de mecánica,(9) Grupo 9,0
2026-08-01T04:38+00:00,1000019-B,Fundamentos de mecánica,(1) Grupo 1,35
2026-08-01T04:38+00:00,1000019-B,Fundamentos de mecánica,(10) Grupo 10,35
2026-08-01T04:38+00:00,1000019-B,Fundamentos de mecánica,(11) Grupo 11,35
2026-08-01T04:38+00:00,1000019-B,Fundamentos de mecánica,(12) Grupo 12,35
2026-08-01T04:38+00:00,1000019-B,Fundamentos de mecánica,(13) Grupo 13,35
2026-08-01T04:38+00:00,1000019-B,Fundamentos de mecánica,(14) Grupo 14,35
2026-08-01T04:38+00:00,1000019-B,Fundamentos de mecánica,(15) Grupo 15,32
2026-08-01T04:38+00:00,1000019-B,Fundamentos de mecánica,(16) Grupo 16,36
2026-08-01T04:38+00:00,1000019-B,Fundamentos de mecánica,(17) Grupo 17,34
2026-08-01T04:38+00:00,1000019-B,Fundamentos de mecánica,(18) Grupo 18,34
2026-08-01T04:38+00:00,1000019-B,Fundamentos de mecánica,(19) Grupo 19,33
2026-08-01T04:38+00:00,1000019-B,Fundamentos de mecánica,(2) Grupo 2,35
2026-08-01T04:38+00:00,1000019-B,Fundamentos de mecánica,(20) Grupo 20,35
2026-08-01T04:38+00:00,1000019-B,Fundamentos de mecánica,(21) Grupo 21,35
2026-08-01T04:38+00:00,1000019-B,Fundamentos de mecánica,(22) Grupo 22,35
2026-08-01T04:38+00:00,1000019-B,Fundamentos de mecánica,(23) Grupo 23,35
2026-08-01T04:38+00:00,1000019-B,Fundamentos de mecánica,(24) Grupo 24,35
2026-08-01T04:38+00:00,1000019-B,Fundamentos de mecánica,(25) Grupo 25,45
2026-08-01T04:38+00:00,1000019-B,Fundamentos de mecánica,(26) Grupo 26 (VIRTUAL),50
2026-08-01T04:38+00:00,1000019-B,Fundamentos de mecánica,(27) Grupo 27 (VIRTUAL),50
2026-08-01T04:38+00:00,1000019-B,Fundamentos de mecánica,(28) Grupo 28 (VIRTUAL),50
2026-08-01T04:38+00:00,1000019-B,Fundamentos de mecánica,(29) Grupo 29 (VIRTUAL),50
2026-08-01T04:38+00:00,1000019-B,Fundamentos de mecánica,(3) Grupo 3,35
2026-08-01T04:38+00:00,1000019-B,Fundamentos de mecánica,(4) Grupo 4,35
2026-08-01T04:38+00:00,1000019-B,Fundamentos de mecánica,(5) Grupo 5,35
2026-08-01T04:38+00:00,1000019-B,Fundamentos de mecánica,(6) Grupo 6,35
2026-08-01T04:38+00:00,1000019-B,Fundamentos de mecánica,(7) Grupo 7,35
2026-08-01T04:38+00:00,1000019-B,Fundamentos de mecánica,(8) Grupo 8,35
2026-08-01T04:38+00:00,1000019-B,Fundamentos de mecánica,(9) Grupo 9,15
2026-08-01T04:38+00:00,1000019-B,Fundamentos de mecánica,(16) Gruop 16,8
2026-08-01T04:38+00:00,1000019-B,Fundamentos de mecánica,(1) Grupo 1,35
2026-08-01T04:38+00:00,1000019-B,Fundamentos de mecánica,(10) Grupo 10,35
2026-08-01T04:38+00:00,1000019-B,Fundamentos de mecánica,(11) Grupo 11,35
2026-08-01T04:38+00:00,1000019-B,Fundamentos de mecánica,(12) Grupo 12,35
2026-08-01T04:38+00:00,1000019-B,Fundamentos de mecánica,(13) Grupo 13,35
2026-08-01T04:38+00:00,1000019-B,Fundamentos de mecánica,(14) Grupo 14,35
2026-08-01T04:38+00:00,1000019-B,Fundamentos de mecánica,(15) Grupo 15,32
2026-08-01T04:38+00:00,1000019-B,Fundamentos de mecánica,(17) Grupo 17,34
2026-08-01T04:38+00:00,1000019-B,Fundamentos de mecánica,(18) Grupo 18,34
2026-08-01T04:38+00:00,1000019-B,Fundamentos de mecánica,(19) Grupo 19,32
2026-08-01T04:38+00:00,1000019-B,Fundamentos de mecánica,(2) Grupo 2,35
2026-08-01T04:38+00:00,1000019-B,Fundamentos de mecánica,(20) Grupo 20,35
2026-08-01T04:38+00:00,1000019-B,Fundamentos de mecánica,(21) Grupo 21,35
2026-08-01T04:38+00:00,1000019-B,Fundamentos de mecánica,(22) Grupo 22,35
2026-08-01T04:38+00:00,1000019-B,Fundamentos de mecánica,(23) Grupo 23,35
2026-08-01T04:38+00:00,1000019-B,Fundamentos de mecánica,(24) Grupo 24,35
2026-08-01T04:38+00:00,1000019-B,Fundamentos de mecánica,(25) Grupo 25,45
2026-08-01T04:38+00:00,1000019-B,Fundamentos de mecánica,(26) Grupo 26 (VIRTUAL),50
2026-08-01T04:38+00:00,1000019-B,Fundamentos de mecánica,(27) Grupo 27 (VIRTUAL),50
2026-08-01T04:38+00:00,1000019-B,Fundamentos de mecánica,(28) Grupo 28 (VIRTUAL),50
2026-08-01T04:38+00:00,1000019-B,Fundamentos de mecánica,(29) Grupo 29 (VIRTUAL),50
2026-08-01T04:38+00:00,1000019-B,Fundamentos de mecánica,(3) Grupo 3,35
2026-08-01T04:38+00:00,1000019-B,Fundamentos de mecánica,(4) Grupo 4,35
2026-08-01T04:38+00:00,1000019-B,Fundamentos de mecánica,(5) Grupo 5,35
2026-08-01T04:38+00:00,1000019-B,Fundamentos de mecánica,(6) Grupo 6,35
2026-08-01T04:38+00:00,1000019-B,Fundamentos de mecánica,(7) Grupo 7,35
2026-08-01T04:38+00:00,1000019-B,Fundamentos de mecánica,(8) Grupo 8,35
2026-08-01T04:38+00:00,1000019-B,Fundamentos de mecánica,(9) Grupo 9,10
2026-08-01T04:38+00:00,2015956,Geología,(1) Grupo 1,35
2026-08-01T04:38+00:00,2015956,Geología,(2) Grupo 2,30
2026-08-01T04:38+00:00,2015956,Geología,(3) Grupo 3,30
2026-08-01T04:38+00:00,2015956,Geología,(4) Grupo 4,35
2026-08-01T04:38+00:00,2015957,Geomática Aplicada,(1) Grupo 1,30
2026-08-01T04:38+00:00,2015957,Geomática Aplicada,(2) Grupo 2,30
2026-08-01T04:38+00:00,2015957,Geomática Aplicada,(3) Grupo 3,30
2026-08-01T04:38+00:00,2015957,Geomática Aplicada,(4) Grupo 4,30
2026-08-01T04:38+00:00,2015958,Geomática básica,(1) Grupo 1,20
2026-08-01T04:38+00:00,2015958,Geomática básica,(2) Grupo 2,20
2026-08-01T04:38+00:00,2015958,Geomática básica,(3) Grupo 3,30
2026-08-01T04:38+00:00,2015958,Geomática básica,(4) Grupo 4,20
2026-08-01T04:38+00:00,2015958,Geomática básica,(5) Grupo 5,20
2026-08-01T04:38+00:00,2015958,Geomática básica,(6) Grupo 6,20
2026-08-01T04:38+00:00,2015958,Geomática básica,(7) Grupo 7,20
2026-08-01T04:38+00:00,2015958,Geomática básica,(8) Grupo 8,20
2026-08-01T04:38+00:00,2015958,Geomática básica,(9) Grupo 9,20
2026-08-01T04:38+00:00,2015958,Geomática básica,(1) Grupo 1,40
2026-08-01T04:38+00:00,2015958,Geomática básica,(3) Grupo 3,30
2026-08-01T04:38+00:00,2015958,Geomática básica,(4) Grupo 4,40
2026-08-01T04:38+00:00,2015958,Geomática básica,(6) Grupo 6,40
2026-08-01T04:38+00:00,2015958,Geomática básica,(8) Grupo 8,40
2026-08-01T04:38+00:00,2015959,Geotecnia,(1) Grupo 1,30
2026-08-01T04:38+00:00,2015959,Geotecnia,(2) Grupo 2,30
2026-08-01T04:38+00:00,2015959,Geotecnia,(3) Grupo 3,30
2026-08-01T04:38+00:00,2015959,Geotecnia,(4) Grupo 4,0
2026-08-01T04:38+00:00,2015961,Hidráulica básica,(1) Grupo 1,24
2026-08-01T04:38+00:00,2015961,Hidráulica básica,(2) Grupo 2,24
2026-08-01T04:38+00:00,2015961,Hidráulica básica,(3) Grupo 3,24
2026-08-01T04:38+00:00,2015961,Hidráulica básica,(4) Grupo 4,24
2026-08-01T04:38+00:00,2015961,Hidráulica básica,(5) Grupo 5,24
2026-08-01T04:38+00:00,2015961,Hidráulica básica,(6) Grupo 6,24
2026-08-01T04:38+00:00,2015978,Hidrología,(1) Grupo 1,0
2026-08-01T04:38+00:00,2015978,Hidrología,(2) Grupo 2,30
2026-08-01T04:38+00:00,2015978,Hidrología,(3) Grupo 3,30
2026-08-01T04:38+00:00,2015978,Hidrología,(4) Grupo 4,30
2026-08-01T04:38+00:00,2015978,Hidrología,(5) Grupo 5,30
2026-08-01T04:38+00:00,2026135,Ingeniería civil sostenible,(1) Grupo 1,25
2026-08-01T04:38+00:00,2026135,Ingeniería civil sostenible,(2) Grupo 2,25
2026-08-01T04:38+00:00,2026135,Ingeniería civil sostenible,(3) Grupo 3,25
2026-08-01T04:38+00:00,2015963,Ingeniería de Tránsito,(1) Grupo 1,30
2026-08-01T04:38+00:00,2015963,Ingeniería de Tránsito,(2) Grupo 2,30
2026-08-01T04:38+00:00,2015963,Ingeniería de Tránsito,(3) Grupo 3,30
2026-08-01T04:38+00:00,2026138,Ingenieria de transporte,(1) Grupo 1,30
2026-08-01T04:38+00:00,2026138,Ingenieria de transporte,(2) Grupo 2,30
2026-08-01T04:38+00:00,2026138,Ingenieria de transporte,(3) Grupo 3,30
2026-08-01T04:38+00:00,2015703,Ingeniería económica,(1) Grupo 1,30
2026-08-01T04:38+00:00,2015703,Ingeniería económica,(10) Grupo 10,30
2026-08-01T04:38+00:00,2015703,Ingeniería económica,(11) Grupo 11,30
2026-08-01T04:38+00:00,2015703,Ingeniería económica,(2) Grupo 2,50
2026-08-01T04:38+00:00,2015703,Ingeniería económica,(3) Grupo 3,40
2026-08-01T04:38+00:00,2015703,Ingeniería económica,(4) Grupo 4,30
2026-08-01T04:38+00:00,2015703,Ingeniería económica,(5) Grupo 5 - Virtual,60
2026-08-01T04:38+00:00,2015703,Ingeniería económica,(6) Grupo 6,40
2026-08-01T04:38+00:00,2015703,Ingeniería económica,(7) Grupo 7,30
2026-08-01T04:38+00:00,2015703,Ingeniería económica,(8) Grupo 8,40
2026-08-01T04:38+00:00,2015703,Ingeniería económica,(9) Grupo 9,35
2026-08-01T04:38+00:00,1000044-B,Inglés I- Semestral,(1) Grupo 1,26
2026-08-01T04:38+00:00,1000044-B,Inglés I- Semestral,(2) Grupo 2,26
2026-08-01T04:38+00:00,1000044-B,Inglés I- Semestral,(3) Grupo 3,26
2026-08-01T04:38+00:00,1000044-B,Inglés I- Semestral,(4) Grupo 4,26
2026-08-01T04:38+00:00,1000044-B,Inglés I- Semestral,(5) Grupo 5,26
2026-08-01T04:38+00:00,1000044-B,Inglés I- Semestral,(6) Grupo 6,26
2026-08-01T04:38+00:00,1000044-B,Inglés I- Semestral,(7) Grupo 7,26
2026-08-01T04:38+00:00,1000044-B,Inglés I- Semestral,(8) Grupo 8,26
2026-08-01T04:38+00:00,1000044-B,Inglés I- Semestral,(9) Grupo 9,7
2026-08-01T04:38+00:00,1000045-B,Inglés II - Semestral,(1) Grupo 1,10
2026-08-01T04:38+00:00,1000045-B,Inglés II - Semestral,(10) Grupo 10,26
2026-08-01T04:38+00:00,1000045-B,Inglés II - Semestral,(11) Grupo 11,26
2026-08-01T04:38+00:00,1000045-B,Inglés II - Semestral,(12) Grupo 12,26
2026-08-01T04:38+00:00,1000045-B,Inglés II - Semestral,(13) Grupo 13,26
2026-08-01T04:38+00:00,1000045-B,Inglés II - Semestral,(14) Grupo 14,26
2026-08-01T04:38+00:00,1000045-B,Inglés II - Semestral,(15) Grupo 15,26
2026-08-01T04:38+00:00,1000045-B,Inglés II - Semestral,(16) Grupo 16,26
2026-08-01T04:38+00:00,1000045-B,Inglés II - Semestral,(2) Grupo 2,26
2026-08-01T04:38+00:00,1000045-B,Inglés II - Semestral,(3) Grupo 3,26
2026-08-01T04:38+00:00,1000045-B,Inglés II - Semestral,(4) Grupo 4,26
2026-08-01T04:38+00:00,1000045-B,Inglés II - Semestral,(5) Grupo 5,26
2026-08-01T04:38+00:00,1000045-B,Inglés II - Semestral,(6) Grupo 6,26
2026-08-01T04:38+00:00,1000045-B,Inglés II - Semestral,(7) Grupo 7,26
2026-08-01T04:38+00:00,1000045-B,Inglés II - Semestral,(8) Grupo 8,26
2026-08-01T04:38+00:00,1000045-B,Inglés II - Semestral,(9) Grupo 9,15
2026-08-01T04:38+00:00,1000046-B,Inglés III - Semestral,(1) Grupo 1,26
2026-08-01T04:38+00:00,1000046-B,Inglés III - Semestral,(10) Grupo 10,26
2026-08-01T04:38+00:00,1000046-B,Inglés III - Semestral,(11) Grupo 11,26
2026-08-01T04:38+00:00,1000046-B,Inglés III - Semestral,(12) Grupo 12,26
2026-08-01T04:38+00:00,1000046-B,Inglés III - Semestral,(13) Grupo 13,26
2026-08-01T04:38+00:00,1000046-B,Inglés III - Semestral,(14) Grupo 14,26
2026-08-01T04:38+00:00,1000046-B,Inglés III - Semestral,(15) Grupo 15,26
2026-08-01T04:38+00:00,1000046-B,Inglés III - Semestral,(16) Grupo 16,26
2026-08-01T04:38+00:00,1000046-B,Inglés III - Semestral,(17) Grupo 17,26
2026-08-01T04:38+00:00,1000046-B,Inglés III - Semestral,(18) Grupo 18,26
2026-08-01T04:38+00:00,1000046-B,Inglés III - Semestral,(2) Grupo 2,26
2026-08-01T04:38+00:00,1000046-B,Inglés III - Semestral,(3) Grupo 3,26
2026-08-01T04:38+00:00,1000046-B,Inglés III - Semestral,(4) Grupo 4,26
2026-08-01T04:38+00:00,1000046-B,Inglés III - Semestral,(5) Grupo 5,26
2026-08-01T04:38+00:00,1000046-B,Inglés III - Semestral,(6) Grupo 6,26
2026-08-01T04:38+00:00,1000046-B,Inglés III - Semestral,(7) Grupo 7,26
2026-08-01T04:38+00:00,1000046-B,Inglés III - Semestral,(8) Grupo 8,26
2026-08-01T04:38+00:00,1000046-B,Inglés III - Semestral,(9) Grupo 9,10
2026-08-01T04:38+00:00,1000052-B,Inglés Intensivo I y II,(1) Grupo 1,28
2026-08-01T04:38+00:00,1000052-B,Inglés Intensivo I y II,(2) Grupo 2,28
2026-08-01T04:38+00:00,1000052-B,Inglés Intensivo I y II,(3) Grupo 3,28
2026-08-01T04:38+00:00,1000053-B,Inglés Intensivo III y IV,(1) Grupo 1,28
2026-08-01T04:38+00:00,1000053-B,Inglés Intensivo III y IV,(2) Grupo 2,28
2026-08-01T04:38+00:00,1000053-B,Inglés Intensivo III y IV,(3) Grupo 3,28
2026-08-01T04:38+00:00,1000053-B,Inglés Intensivo III y IV,(4) Grupo 4,28
2026-08-01T04:38+00:00,1000053-B,Inglés Intensivo III y IV,(5) Grupo 5,28
2026-08-01T04:38+00:00,1000053-B,Inglés Intensivo III y IV,(6) Grupo 6,28
2026-08-01T04:38+00:00,1000047-B,Inglés IV- Semestral,(1) Grupo 1,26
2026-08-01T04:38+00:00,1000047-B,Inglés IV- Semestral,(10) Grupo 10,26
2026-08-01T04:38+00:00,1000047-B,Inglés IV- Semestral,(11) Grupo 11,26
2026-08-01T04:38+00:00,1000047-B,Inglés IV- Semestral,(12) Grupo 12,26
2026-08-01T04:38+00:00,1000047-B,Inglés IV- Semestral,(13) Grupo 13,26
2026-08-01T04:38+00:00,1000047-B,Inglés IV- Semestral,(14) Grupo 14,26
2026-08-01T04:38+00:00,1000047-B,Inglés IV- Semestral,(15) Grupo 15,26
2026-08-01T04:38+00:00,1000047-B,Inglés IV- Semestral,(16) Grupo 16,26
2026-08-01T04:38+00:00,1000047-B,Inglés IV- Semestral,(17) Grupo 17,26
2026-08-01T04:38+00:00,1000047-B,Inglés IV- Semestral,(18) Grupo 18,26
2026-08-01T04:38+00:00,1000047-B,Inglés IV- Semestral,(19) Grupo 19,26
2026-08-01T04:38+00:00,1000047-B,Inglés IV- Semestral,(2) Grupo 2,26
2026-08-01T04:38+00:00,1000047-B,Inglés IV- Semestral,(20) Grupo 20,26
2026-08-01T04:38+00:00,1000047-B,Inglés IV- Semestral,(21) Grupo 21,26
2026-08-01T04:38+00:00,1000047-B,Inglés IV- Semestral,(22) Grupo 22,26
2026-08-01T04:38+00:00,1000047-B,Inglés IV- Semestral,(3) Grupo 3,26
2026-08-01T04:38+00:00,1000047-B,Inglés IV- Semestral,(4) Grupo 4,26
2026-08-01T04:38+00:00,1000047-B,Inglés IV- Semestral,(5) Grupo 5,26
2026-08-01T04:38+00:00,1000047-B,Inglés IV- Semestral,(6) Grupo 6,26
2026-08-01T04:38+00:00,1000047-B,Inglés IV- Semestral,(7) Grupo 7,26
2026-08-01T04:38+00:00,1000047-B,Inglés IV- Semestral,(8) Grupo 8,26
2026-08-01T04:38+00:00,1000047-B,Inglés IV- Semestral,(9) Grupo 9,15
2026-08-01T04:38+00:00,2026186,Introducción a la ingeniería civil,(1) Grupo 1,7
2026-08-01T04:38+00:00,2026186,Introducción a la ingeniería civil,(2) Grupo 2,0
2026-08-01T04:38+00:00,2026186,Introducción a la ingeniería civil,(4) Grupo 4,10
2026-08-01T04:38+00:00,1000002-B,Lecto-Escritura,(1) Grupo 1 - Clase Presencial,1
2026-08-01T04:38+00:00,1000002-B,Lecto-Escritura,(10) Grupo 10 - Clase presencial,0
2026-08-01T04:38+00:00,1000002-B,Lecto-Escritura,(2) Grupo 2 - Clase Presencial,0
2026-08-01T04:38+00:00,1000002-B,Lecto-Escritura,(3) Grupo 3 - Clase Presencial,3
2026-08-01T04:38+00:00,1000002-B,Lecto-Escritura,(4) Grupo 4 - Clase Presencial,1
2026-08-01T04:38+00:00,1000002-B,Lecto-Escritura,(5) Grupo 5 - Clase Presencial,4
2026-08-01T04:38+00:00,1000002-B,Lecto-Escritura,(6) Grupo 6 - Clase Presencial,0
2026-08-01T04:38+00:00,1000002-B,Lecto-Escritura,(7) Grupo 7 - Clase Presencial,0
2026-08-01T04:38+00:00,1000002-B,Lecto-Escritura,(8) Grupo 8 - Clase Presencial,0
2026-08-01T04:38+00:00,1000002-B,Lecto-Escritura,(9) Grupo 9 - Clase Presencial,10
2026-08-01T04:38+00:00,1000001-B,Matemáticas Básicas,(1) Grupo 1,0
2026-08-01T04:38+00:00,1000001-B,Matemáticas Básicas,(19) Grupo 19,5
2026-08-01T04:38+00:00,1000001-B,Matemáticas Básicas,(2) Grupo 2,10
2026-08-01T04:38+00:00,1000001-B,Matemáticas Básicas,(1) Grupo 1,0
2026-08-01T04:38+00:00,1000001-B,Matemáticas Básicas,(10) Grupo 10,0
2026-08-01T04:38+00:00,1000001-B,Matemáticas Básicas,(2) Grupo 2,0
2026-08-01T04:38+00:00,1000001-B,Matemáticas Básicas,(3) Grupo 3,0
2026-08-01T04:38+00:00,1000001-B,Matemáticas Básicas,(4) Grupo 4,0
2026-08-01T04:38+00:00,1000001-B,Matemáticas Básicas,(5) Grupo 5,0
2026-08-01T04:38+00:00,1000001-B,Matemáticas Básicas,(6) Grupo 6,0
2026-08-01T04:38+00:00,1000001-B,Matemáticas Básicas,(7) Grupo 7,0
2026-08-01T04:38+00:00,1000001-B,Matemáticas Básicas,(8) Grupo 8,0
2026-08-01T04:38+00:00,1000001-B,Matemáticas Básicas,(9) Grupo 9,10
2026-08-01T04:38+00:00,2015965,Materiales para construcción,(1) Grupo 1,24
2026-08-01T04:38+00:00,2015965,Materiales para construcción,(2) Grupo 2,24
2026-08-01T04:38+00:00,2015965,Materiales para construcción,(3) Grupo 3,24
2026-08-01T04:38+00:00,2015965,Materiales para construcción,(4) Grupo 4,24
2026-08-01T04:38+00:00,2015966,Mecánica de fluidos,(1) Grupo 1,24
2026-08-01T04:38+00:00,2015966,Mecánica de fluidos,(2) Grupo 2,24
2026-08-01T04:38+00:00,2015966,Mecánica de fluidos,(3) Grupo 3,24
2026-08-01T04:38+00:00,2015966,Mecánica de fluidos,(4) Grupo 4,24
2026-08-01T04:38+00:00,2015966,Mecánica de fluidos,(5) Grupo 5,24
2026-08-01T04:38+00:00,2015966,Mecánica de fluidos,(6) Grupo 6,24
2026-08-01T04:38+00:00,2015966,Mecánica de fluidos,(7) Grupo 7,24
2026-08-01T04:38+00:00,2015966,Mecánica de fluidos,(8) Grupo 8,24
2026-08-01T04:38+00:00,2015967,Mecánica de Rocas,(1) Grupo 1,24
2026-08-01T04:38+00:00,2015968,Mecánica de sólidos,(1) Grupo 1,24
2026-08-01T04:38+00:00,2015968,Mecánica de sólidos,(2) Grupo 2,24
2026-08-01T04:38+00:00,2015968,Mecánica de sólidos,(3) Grupo 3,24
2026-08-01T04:38+00:00,2015968,Mecánica de sólidos,(4) Grupo 4,24
2026-08-01T04:38+00:00,2015968,Mecánica de sólidos,(5) Grupo 5,24
2026-08-01T04:38+00:00,2015968,Mecánica de sólidos,(6) Grupo 6,24
2026-08-01T04:38+00:00,2015968,Mecánica de sólidos,(7) Grupo 7,0
2026-08-01T04:38+00:00,2015969,Mecánica de suelos,(1) Grupo 1 (Inglés),30
2026-08-01T04:38+00:00,2015969,Mecánica de suelos,(2) Grupo 2,30
2026-08-01T04:38+00:00,2015969,Mecánica de suelos,(3) Grupo 3,30
2026-08-01T04:38+00:00,2015969,Mecánica de suelos,(4) Grupo 4,30
2026-08-01T04:38+00:00,2017293,Modelación matemática,(1) 2017293-1 Modelación matemática,34
2026-08-01T04:38+00:00,2017293,Modelación matemática,(2) 2017293-2 Modelación matemática,34
2026-08-01T04:38+00:00,2017293,Modelación matemática,(1M) 2017293-1M Modelación matemática - Magistral,80
2026-08-01T04:38+00:00,2015971,Pavimentos,(1) Grupo 1,30
2026-08-01T04:38+00:00,2015971,Pavimentos,(2) Grupo 2,30
2026-08-01T04:38+00:00,2015971,Pavimentos,(3) Grupo 3,30
2026-08-01T04:38+00:00,2015972,Preparación y evaluación de proyectos de infraestructura,(1) Grupo 1,15
2026-08-01T04:38+00:00,2015972,Preparación y evaluación de proyectos de infraestructura,(2) Grupo 2,15
2026-08-01T04:38+00:00,2015972,Preparación y evaluación de proyectos de infraestructura,(3) Grupo 3,15
2026-08-01T04:38+00:00,1000024-B,Principios de química,(10) Grupo 10,15
2026-08-01T04:38+00:00,1000024-B,Principios de química,(11) Grupo 11,3
2026-08-01T04:38+00:00,1000024-B,Principios de química,(12) Grupo 12,0
2026-08-01T04:38+00:00,1000024-B,Principios de química,(13) Grupo 13,0
2026-08-01T04:38+00:00,1000024-B,Principios de química,(14) Grupo 14,35
2026-08-01T04:38+00:00,1000024-B,Principios de química,(9) Grupo 9,10
2026-08-01T04:38+00:00,1000013-B,Probabilidad y estadística fundamental,(10) Grupo 10,35
2026-08-01T04:38+00:00,1000013-B,Probabilidad y estadística fundamental,(11) Grupo 11,40
2026-08-01T04:38+00:00,1000013-B,Probabilidad y estadística fundamental,(12) Grupo 12,40
2026-08-01T04:38+00:00,1000013-B,Probabilidad y estadística fundamental,(13) Grupo 13,30
2026-08-01T04:38+00:00,1000013-B,Probabilidad y estadística fundamental,(14) Grupo 14,45
2026-08-01T04:38+00:00,1000013-B,Probabilidad y estadística fundamental,(16) Grupo 16,30
2026-08-01T04:38+00:00,1000013-B,Probabilidad y estadística fundamental,(2) Grupo 2,40
2026-08-01T04:38+00:00,1000013-B,Probabilidad y estadística fundamental,(22) Grupo 22,45
2026-08-01T04:38+00:00,1000013-B,Probabilidad y estadística fundamental,(23) Grupo 23,0
2026-08-01T04:38+00:00,1000013-B,Probabilidad y estadística fundamental,(3) Grupo 3,40
2026-08-01T04:38+00:00,1000013-B,Probabilidad y estadística fundamental,(4) Grupo 4,40
2026-08-01T04:38+00:00,1000013-B,Probabilidad y estadística fundamental,(7) Grupo 7,40
2026-08-01T04:38+00:00,2015734,Programación de computadores,(9) Grupo 9,18
2026-08-01T04:38+00:00,2016375,Programación orientada a objetos,(1) Grupo 1,40
2026-08-01T04:38+00:00,2016375,Programación orientada a objetos,(2) Grupo 2,40
2026-08-01T04:38+00:00,2016375,Programación orientada a objetos,(3) Grupo 3,30
2026-08-01T04:38+00:00,2016375,Programación orientada a objetos,(4) Grupo 4,33
2026-08-01T04:38+00:00,2016375,Programación orientada a objetos,(5) Grupo 5,30
2026-08-01T04:38+00:00,2016375,Programación orientada a objetos,(6) Grupo 6 - Virtual,50
2026-08-01T04:38+00:00,2016375,Programación orientada a objetos,(7) Grupo 7,30
2026-08-01T04:38+00:00,2016375,Programación orientada a objetos,(8) Grupo 8,33
2026-08-01T04:38+00:00,2016375,Programación orientada a objetos,(9) Grupo 9,6
2026-08-01T04:38+00:00,2015973,Saneamiento ambiental,(1) Grupo 1,25
2026-08-01T04:38+00:00,2015973,Saneamiento ambiental,(2) Grupo 2,25
2026-08-01T04:38+00:00,2015973,Saneamiento ambiental,(3) Grupo 3,25
2026-08-01T04:38+00:00,2022761,SIG para Ingeniería Civil,(1) Grupo 1,15
2026-08-01T04:38+00:00,2022761,SIG para Ingeniería Civil,(2) Grupo 2,15
2026-08-01T04:38+00:00,2022761,SIG para Ingeniería Civil,(3) Grupo 3,15
2026-08-01T04:38+00:00,2015296,Trabajo de Grado,(1) Grupo 1,5
2026-08-01T04:38+00:00,2015296,Trabajo de Grado,(10) Grupo 10,5
2026-08-01T04:38+00:00,2015296,Trabajo de Grado,(11) Grupo 11,5
2026-08-01T04:38+00:00,2015296,Trabajo de Grado,(12) Grupo 12,5
2026-08-01T04:38+00:00,2015296,Trabajo de Grado,(13) Grupo 13,5
2026-08-01T04:38+00:00,2015296,Trabajo de Grado,(14) Grupo 14,5
2026-08-01T04:38+00:00,2015296,Trabajo de Grado,(15) Grupo 15,5
2026-08-01T04:38+00:00,2015296,Trabajo de Grado,(16) Grupo 16,5
2026-08-01T04:38+00:00,2015296,Trabajo de Grado,(17) Grupo 17,5
2026-08-01T04:38+00:00,2015296,Trabajo de Grado,(18) Grupo 18,5
2026-08-01T04:38+00:00,2015296,Trabajo de Grado,(19) Grupo 19,0
2026-08-01T04:38+00:00,2015296,Trabajo de Grado,(2) Grupo 2,5
2026-08-01T04:38+00:00,2015296,Trabajo de Grado,(3) Grupo 3,5
2026-08-01T04:38+00:00,2015296,Trabajo de Grado,(4) Grupo 4,5
2026-08-01T04:38+00:00,2015296,Trabajo de Grado,(5) Grupo 5,5
2026-08-01T04:38+00:00,2015296,Trabajo de Grado,(6) Grupo 6,5
2026-08-01T04:38+00:00,2015296,Trabajo de Grado,(7) Grupo 7,5
2026-08-01T04:38+00:00,2015296,Trabajo de Grado,(8) Grupo 8,5
2026-08-01T04:38+00:00,2015296,Trabajo de Grado,(9) Grupo 9,5
2026-08-03T04:50+00:00,2015938,Acueductos,(1) Grupo 1,25
2026-08-03T04:50+00:00,2015938,Acueductos,(2) Grupo 2,25
2026-08-03T04:50+00:00,2015938,Acueductos,(3) Grupo 3,25
2026-08-03T04:50+00:00,2015938,Acueductos,(4) Grupo 4,24
2026-08-03T04:50+00:00,2015939,Alcantarillados,(1) Grupo 1,25
2026-08-03T04:50+00:00,2015939,Alcantarillados,(2) Grupo 2,25
2026-08-03T04:50+00:00,2015939,Alcantarillados,(3) Grupo 3,25
2026-08-03T04:50+00:00,2015939,Alcantarillados,(4) Grupo 4,25
2026-08-03T04:50+00:00,2015940,Análisis estructural aplicado,(1) Grupo 1,24
2026-08-03T04:50+00:00,2015940,Análisis estructural aplicado,(2) Grupo 2,24
2026-08-03T04:50+00:00,2015940,Análisis estructural aplicado,(3) Grupo 3,24
2026-08-03T04:50+00:00,2015941,Análisis estructural básico,(1) Grupo 1,30
2026-08-03T04:50+00:00,2015941,Análisis estructural básico,(2) Grupo 2,30
2026-08-03T04:50+00:00,2015941,Análisis estructural básico,(3) Grupo 3,30
2026-08-03T04:50+00:00,2015941,Análisis estructural básico,(4) Grupo 4,30
2026-08-03T04:50+00:00,1000004-B,Cálculo diferencial,(10) Grupo 10,53
2026-08-03T04:50+00:00,1000004-B,Cálculo diferencial,(11) Grupo 11,24
2026-08-03T04:50+00:00,1000004-B,Cálculo diferencial,(12) Grupo 12,24
2026-08-03T04:50+00:00,1000004-B,Cálculo diferencial,(13) Grupo 13,16
2026-08-03T04:50+00:00,1000004-B,Cálculo diferencial,(14) Grupo 14,90
2026-08-03T04:50+00:00,1000004-B,Cálculo diferencial,(16) Grupo 16,27
2026-08-03T04:50+00:00,1000004-B,Cálculo diferencial,(17) Grupo 17,39
2026-08-03T04:50+00:00,1000004-B,Cálculo diferencial,(19) Grupo 19,59
2026-08-03T04:50+00:00,1000004-B,Cálculo diferencial,(2) Grupo 2,24
2026-08-03T04:50+00:00,1000004-B,Cálculo diferencial,(20) Grupo 20,10
2026-08-03T04:50+00:00,1000004-B,Cálculo diferencial,(21) Grupo 21,60
2026-08-03T04:50+00:00,1000004-B,Cálculo diferencial,(22) Grupo 22,60
2026-08-03T04:50+00:00,1000004-B,Cálculo diferencial,(24) Grupo 24,60
2026-08-03T04:50+00:00,1000004-B,Cálculo diferencial,(25) Grupo 25,40
2026-08-03T04:50+00:00,1000004-B,Cálculo diferencial,(27) Grupo 27,51
2026-08-03T04:50+00:00,1000004-B,Cálculo diferencial,(28) Grupo 28,60
2026-08-03T04:50+00:00,1000004-B,Cálculo diferencial,(29) Grupo 29,60
2026-08-03T04:50+00:00,1000004-B,Cálculo diferencial,(30) Grupo 30,60
2026-08-03T04:50+00:00,1000004-B,Cálculo diferencial,(32) Grupo 32,90
2026-08-03T04:50+00:00,1000004-B,Cálculo diferencial,(4) Grupo 4,37
2026-08-03T04:50+00:00,1000004-B,Cálculo diferencial,(5) Grupo 5,84
2026-08-03T04:50+00:00,1000004-B,Cálculo diferencial,(7) Grupo 7,64
2026-08-03T04:50+00:00,1000004-B,Cálculo diferencial,(8) Grupo 8,40
2026-08-03T04:50+00:00,1000004-B,Cálculo diferencial,(9) Grupo 9,18
2026-08-03T04:50+00:00,1000006-B,Cálculo en varias variables,(1) Grupo 1,40
2026-08-03T04:50+00:00,1000006-B,Cálculo en varias variables,(10) Grupo 10,100
2026-08-03T04:50+00:00,1000006-B,Cálculo en varias variables,(11) Grupo 11,40
2026-08-03T04:50+00:00,1000006-B,Cálculo en varias variables,(12) Grupo 12,60
2026-08-03T04:50+00:00,1000006-B,Cálculo en varias variables,(13) Grupo 13,40
2026-08-03T04:50+00:00,1000006-B,Cálculo en varias variables,(14) Grupo 14,60
2026-08-03T04:50+00:00,1000006-B,Cálculo en varias variables,(15) Grupo 15,112
2026-08-03T04:50+00:00,1000006-B,Cálculo en varias variables,(2) Grupo 2,40
2026-08-03T04:50+00:00,1000006-B,Cálculo en varias variables,(3) Grupo 3,40
2026-08-03T04:50+00:00,1000006-B,Cálculo en varias variables,(4) Grupo 4,100
2026-08-03T04:50+00:00,1000006-B,Cálculo en varias variables,(5) Grupo 5,40
2026-08-03T04:50+00:00,1000006-B,Cálculo en varias variables,(7) Grupo 7,70
2026-08-03T04:50+00:00,1000006-B,Cálculo en varias variables,(8) Grupo 8,60
2026-08-03T04:50+00:00,1000006-B,Cálculo en varias variables,(9) Grupo 9,0
2026-08-03T04:50+00:00,1000005-B,Cálculo Integral,(1) Grupo 1,0
2026-08-03T04:50+00:00,1000005-B,Cálculo Integral,(10) Grupo 10,50
2026-08-03T04:50+00:00,1000005-B,Cálculo Integral,(14) Grupo 14,40
2026-08-03T04:50+00:00,1000005-B,Cálculo Integral,(15) Grupo 15,60
2026-08-03T04:50+00:00,1000005-B,Cálculo Integral,(16) Grupo 16,70
2026-08-03T04:50+00:00,1000005-B,Cálculo Integral,(17) Grupo 17,40
2026-08-03T04:50+00:00,1000005-B,Cálculo Integral,(2) Grupo 2,60
2026-08-03T04:50+00:00,1000005-B,Cálculo Integral,(20) Grupo 20,40
2026-08-03T04:50+00:00,1000005-B,Cálculo Integral,(22) Grupo 22,60
2026-08-03T04:50+00:00,1000005-B,Cálculo Integral,(3) Grupo 3,70
2026-08-03T04:50+00:00,1000005-B,Cálculo Integral,(4) Grupo 4,60
2026-08-03T04:50+00:00,1000005-B,Cálculo Integral,(6) Grupo 6,60
2026-08-03T04:50+00:00,1000005-B,Cálculo Integral,(7) Grupo 7,100
2026-08-03T04:50+00:00,1000005-B,Cálculo Integral,(8) Grupo 8,40
2026-08-03T04:50+00:00,1000005-B,Cálculo Integral,(9) Grupo 9,10
2026-08-03T04:50+00:00,2015943,Construcción de edificaciones,(1) Grupo 1,15
2026-08-03T04:50+00:00,2015944,Construcción de Infraestructura Vial,(1) Grupo 1,15
2026-08-03T04:50+00:00,2015711,Dibujo básico,(10) 2015711-10 Dibujo básico,0
2026-08-03T04:50+00:00,2015711,Dibujo básico,(11) 2015711-11 Dibujo básico,0
2026-08-03T04:50+00:00,2015711,Dibujo básico,(14) 2015711-14 Dibujo básico,0
2026-08-03T04:50+00:00,2015711,Dibujo básico,(16) 2015711-16 Dibujo básico,0
2026-08-03T04:50+00:00,2015711,Dibujo básico,(4) 2015711-4 Dibujo básico,9
2026-08-03T04:50+00:00,2015711,Dibujo básico,(5) 2015711-5 Dibujo básico,0
2026-08-03T04:50+00:00,2015711,Dibujo básico,(7) 2015711-7 Dibujo básico,20
2026-08-03T04:50+00:00,2015711,Dibujo básico,(8) 2015711-8 Dibujo básico,0
2026-08-03T04:50+00:00,2015711,Dibujo básico,(9) 2015711-9 Dibujo básico,0
2026-08-03T04:50+00:00,2015948,Dinámica,(1) Grupo 1,30
2026-08-03T04:50+00:00,2015948,Dinámica,(2) Grupo 2,30
2026-08-03T04:50+00:00,2015948,Dinámica,(3) Grupo 3,30
2026-08-03T04:50+00:00,2015950,Diseño estructural,(1) Grupo 1,25
2026-08-03T04:50+00:00,2015950,Diseño estructural,(2) Grupo 2,0
2026-08-03T04:50+00:00,2015950,Diseño estructural,(3) Grupo 3,25
2026-08-03T04:50+00:00,2015950,Diseño estructural,(4) Grupo 4,25
2026-08-03T04:50+00:00,2015950,Diseño estructural,(5) Grupo 5,25
2026-08-03T04:50+00:00,2015949,Diseño geométrico de Vías,(1) Grupo 1,30
2026-08-03T04:50+00:00,2015949,Diseño geométrico de Vías,(2) Grupo 2,30
2026-08-03T04:50+00:00,2015949,Diseño geométrico de Vías,(3) Grupo 3,30
2026-08-03T04:50+00:00,1000007-B,Ecuaciones Diferenciales,(1) Grupo 1,60
2026-08-03T04:50+00:00,1000007-B,Ecuaciones Diferenciales,(11) Grupo 11,60
2026-08-03T04:50+00:00,1000007-B,Ecuaciones Diferenciales,(12) Grupo 12,60
2026-08-03T04:50+00:00,1000007-B,Ecuaciones Diferenciales,(13) Grupo 13,40
2026-08-03T04:50+00:00,1000007-B,Ecuaciones Diferenciales,(14) Grupo 14,100
2026-08-03T04:50+00:00,1000007-B,Ecuaciones Diferenciales,(3) Grupo 3,40
2026-08-03T04:50+00:00,1000007-B,Ecuaciones Diferenciales,(4) Grupo 4,60
2026-08-03T04:50+00:00,1000007-B,Ecuaciones Diferenciales,(6) Grupo 6,50
2026-08-03T04:50+00:00,1000007-B,Ecuaciones Diferenciales,(7) Grupo 7,40
2026-08-03T04:50+00:00,1000007-B,Ecuaciones Diferenciales,(9) Grupo 9,0
2026-08-03T04:50+00:00,2026134,Estática,(1) Grupo 1,0
2026-08-03T04:50+00:00,2026134,Estática,(2) Grupo 2,30
2026-08-03T04:50+00:00,2026134,Estática,(3) Grupo 3,30
2026-08-03T04:50+00:00,2026134,Estática,(4) Grupo 4,30
2026-08-03T04:50+00:00,2026134,Estática,(5) Grupo 5,30
2026-08-03T04:50+00:00,2026134,Estática,(6) Grupo 6,30
2026-08-03T04:50+00:00,2015954,Estructuras hidráulicas,(1) Grupo 1,30
2026-08-03T04:50+00:00,2015954,Estructuras hidráulicas,(2) Grupo 2,30
2026-08-03T04:50+00:00,2015954,Estructuras hidráulicas,(3) Grupo 3,30
2026-08-03T04:50+00:00,2015955,Fundamentos de construcción,(1) Grupo 1,30
2026-08-03T04:50+00:00,2015955,Fundamentos de construcción,(2) Grupo 2,30
2026-08-03T04:50+00:00,2015955,Fundamentos de construcción,(3) Grupo 3,30
2026-08-03T04:50+00:00,1000011-B,Fundamentos de ecología,(1) Grupo 1,118
2026-08-03T04:50+00:00,1000011-B,Fundamentos de ecología,(3) Grupo 3,12
2026-08-03T04:50+00:00,1000019-B,Fundamentos de mecánica,(1) Grupo 1,35
2026-08-03T04:50+00:00,1000019-B,Fundamentos de mecánica,(10) Grupo 10,35
2026-08-03T04:50+00:00,1000019-B,Fundamentos de mecánica,(11) Grupo 11,35
2026-08-03T04:50+00:00,1000019-B,Fundamentos de mecánica,(12) Grupo 12,35
2026-08-03T04:50+00:00,1000019-B,Fundamentos de mecánica,(13) Grupo 13,35
2026-08-03T04:50+00:00,1000019-B,Fundamentos de mecánica,(14) Grupo 14,35
2026-08-03T04:50+00:00,1000019-B,Fundamentos de mecánica,(15) Grupo 15,32
2026-08-03T04:50+00:00,1000019-B,Fundamentos de mecánica,(16) Grupo 16,35
2026-08-03T04:50+00:00,1000019-B,Fundamentos de mecánica,(17) Grupo 17,35
2026-08-03T04:50+00:00,1000019-B,Fundamentos de mecánica,(18) Grupo 18,35
2026-08-03T04:50+00:00,1000019-B,Fundamentos de mecánica,(19) Grupo 19,33
2026-08-03T04:50+00:00,1000019-B,Fundamentos de mecánica,(2) Grupo 2,35
2026-08-03T04:50+00:00,1000019-B,Fundamentos de mecánica,(20) Grupo 20,35
2026-08-03T04:50+00:00,1000019-B,Fundamentos de mecánica,(21) Grupo 21,35
2026-08-03T04:50+00:00,1000019-B,Fundamentos de mecánica,(22) Grupo 22,35
2026-08-03T04:50+00:00,1000019-B,Fundamentos de mecánica,(23) Grupo 23,35
2026-08-03T04:50+00:00,1000019-B,Fundamentos de mecánica,(24) Grupo 24,35
2026-08-03T04:50+00:00,1000019-B,Fundamentos de mecánica,(25) Grupo 25,45
2026-08-03T04:50+00:00,1000019-B,Fundamentos de mecánica,(26) Grupo 26 (VIRTUAL),50
2026-08-03T04:50+00:00,1000019-B,Fundamentos de mecánica,(27) Grupo 27 (VIRTUAL),50
2026-08-03T04:50+00:00,1000019-B,Fundamentos de mecánica,(28) Grupo 28 (VIRTUAL),50
2026-08-03T04:50+00:00,1000019-B,Fundamentos de mecánica,(29) Grupo 29 (VIRTUAL),50
2026-08-03T04:50+00:00,1000019-B,Fundamentos de mecánica,(3) Grupo 3,35
2026-08-03T04:50+00:00,1000019-B,Fundamentos de mecánica,(4) Grupo 4,35
2026-08-03T04:50+00:00,1000019-B,Fundamentos de mecánica,(5) Grupo 5,35
2026-08-03T04:50+00:00,1000019-B,Fundamentos de mecánica,(6) Grupo 6,35
2026-08-03T04:50+00:00,1000019-B,Fundamentos de mecánica,(7) Grupo 7,35
2026-08-03T04:50+00:00,1000019-B,Fundamentos de mecánica,(8) Grupo 8,35
2026-08-03T04:50+00:00,1000019-B,Fundamentos de mecánica,(9) Grupo 9,0
2026-08-03T04:50+00:00,1000019-B,Fundamentos de mecánica,(1) Grupo 1,35
2026-08-03T04:50+00:00,1000019-B,Fundamentos de mecánica,(10) Grupo 10,35
2026-08-03T04:50+00:00,1000019-B,Fundamentos de mecánica,(11) Grupo 11,35
2026-08-03T04:50+00:00,1000019-B,Fundamentos de mecánica,(12) Grupo 12,35
2026-08-03T04:50+00:00,1000019-B,Fundamentos de mecánica,(13) Grupo 13,35
2026-08-03T04:50+00:00,1000019-B,Fundamentos de mecánica,(14) Grupo 14,35
2026-08-03T04:50+00:00,1000019-B,Fundamentos de mecánica,(15) Grupo 15,32
2026-08-03T04:50+00:00,1000019-B,Fundamentos de mecánica,(16) Grupo 16,36
2026-08-03T04:50+00:00,1000019-B,Fundamentos de mecánica,(17) Grupo 17,34
2026-08-03T04:50+00:00,1000019-B,Fundamentos de mecánica,(18) Grupo 18,34
2026-08-03T04:50+00:00,1000019-B,Fundamentos de mecánica,(19) Grupo 19,33
2026-08-03T04:50+00:00,1000019-B,Fundamentos de mecánica,(2) Grupo 2,35
2026-08-03T04:50+00:00,1000019-B,Fundamentos de mecánica,(20) Grupo 20,35
2026-08-03T04:50+00:00,1000019-B,Fundamentos de mecánica,(21) Grupo 21,35
2026-08-03T04:50+00:00,1000019-B,Fundamentos de mecánica,(22) Grupo 22,35
2026-08-03T04:50+00:00,1000019-B,Fundamentos de mecánica,(23) Grupo 23,35
2026-08-03T04:50+00:00,1000019-B,Fundamentos de mecánica,(24) Grupo 24,35
2026-08-03T04:50+00:00,1000019-B,Fundamentos de mecánica,(25) Grupo 25,45
2026-08-03T04:50+00:00,1000019-B,Fundamentos de mecánica,(26) Grupo 26 (VIRTUAL),50
2026-08-03T04:50+00:00,1000019-B,Fundamentos de mecánica,(27) Grupo 27 (VIRTUAL),50
2026-08-03T04:50+00:00,1000019-B,Fundamentos de mecánica,(28) Grupo 28 (VIRTUAL),50
2026-08-03T04:50+00:00,1000019-B,Fundamentos de mecánica,(29) Grupo 29 (VIRTUAL),50
2026-08-03T04:50+00:00,1000019-B,Fundamentos de mecánica,(3) Grupo 3,35
2026-08-03T04:50+00:00,1000019-B,Fundamentos de mecánica,(4) Grupo 4,35
2026-08-03T04:50+00:00,1000019-B,Fundamentos de mecánica,(5) Grupo 5,35
2026-08-03T04:50+00:00,1000019-B,Fundamentos de mecánica,(6) Grupo 6,35
2026-08-03T04:50+00:00,1000019-B,Fundamentos de mecánica,(7) Grupo 7,35
2026-08-03T04:50+00:00,1000019-B,Fundamentos de mecánica,(8) Grupo 8,35
2026-08-03T04:50+00:00,1000019-B,Fundamentos de mecánica,(9) Grupo 9,15
2026-08-03T04:50+00:00,1000019-B,Fundamentos de mecánica,(16) Gruop 16,8
2026-08-03T04:50+00:00,1000019-B,Fundamentos de mecánica,(1) Grupo 1,35
2026-08-03T04:50+00:00,1000019-B,Fundamentos de mecánica,(10) Grupo 10,35
2026-08-03T04:50+00:00,1000019-B,Fundamentos de mecánica,(11) Grupo 11,35
2026-08-03T04:50+00:00,1000019-B,Fundamentos de mecánica,(12) Grupo 12,35
2026-08-03T04:50+00:00,1000019-B,Fundamentos de mecánica,(13) Grupo 13,35
2026-08-03T04:50+00:00,1000019-B,Fundamentos de mecánica,(14) Grupo 14,35
2026-08-03T04:50+00:00,1000019-B,Fundamentos de mecánica,(15) Grupo 15,32
2026-08-03T04:50+00:00,1000019-B,Fundamentos de mecánica,(17) Grupo 17,34
2026-08-03T04:50+00:00,1000019-B,Fundamentos de mecánica,(18) Grupo 18,34
2026-08-03T04:50+00:00,1000019-B,Fundamentos de mecánica,(19) Grupo 19,32
2026-08-03T04:50+00:00,1000019-B,Fundamentos de mecánica,(2) Grupo 2,35
2026-08-03T04:50+00:00,1000019-B,Fundamentos de mecánica,(20) Grupo 20,35
2026-08-03T04:50+00:00,1000019-B,Fundamentos de mecánica,(21) Grupo 21,35
2026-08-03T04:50+00:00,1000019-B,Fundamentos de mecánica,(22) Grupo 22,35
2026-08-03T04:50+00:00,1000019-B,Fundamentos de mecánica,(23) Grupo 23,35
2026-08-03T04:50+00:00,1000019-B,Fundamentos de mecánica,(24) Grupo 24,35
2026-08-03T04:50+00:00,1000019-B,Fundamentos de mecánica,(25) Grupo 25,45
2026-08-03T04:50+00:00,1000019-B,Fundamentos de mecánica,(26) Grupo 26 (VIRTUAL),50
2026-08-03T04:50+00:00,1000019-B,Fundamentos de mecánica,(27) Grupo 27 (VIRTUAL),50
2026-08-03T04:50+00:00,1000019-B,Fundamentos de mecánica,(28) Grupo 28 (VIRTUAL),50
2026-08-03T04:50+00:00,1000019-B,Fundamentos de mecánica,(29) Grupo 29 (VIRTUAL),50
2026-08-03T04:50+00:00,1000019-B,Fundamentos de mecánica,(3) Grupo 3,35
2026-08-03T04:50+00:00,1000019-B,Fundamentos de mecánica,(4) Grupo 4,35
2026-08-03T04:50+00:00,1000019-B,Fundamentos de mecánica,(5) Grupo 5,35
2026-08-03T04:50+00:00,1000019-B,Fundamentos de mecánica,(6) Grupo 6,35
2026-08-03T04:50+00:00,1000019-B,Fundamentos de mecánica,(7) Grupo 7,35
2026-08-03T04:50+00:00,1000019-B,Fundamentos de mecánica,(8) Grupo 8,35
2026-08-03T04:50+00:00,1000019-B,Fundamentos de mecánica,(9) Grupo 9,10
2026-08-03T04:50+00:00,2015956,Geología,(1) Grupo 1,35
2026-08-03T04:50+00:00,2015956,Geología,(2) Grupo 2,30
2026-08-03T04:50+00:00,2015956,Geología,(3) Grupo 3,30
2026-08-03T04:50+00:00,2015956,Geología,(4) Grupo 4,35
2026-08-03T04:50+00:00,2015957,Geomática Aplicada,(1) Grupo 1,30
2026-08-03T04:50+00:00,2015957,Geomática Aplicada,(2) Grupo 2,30
2026-08-03T04:50+00:00,2015957,Geomática Aplicada,(3) Grupo 3,30
2026-08-03T04:50+00:00,2015957,Geomática Aplicada,(4) Grupo 4,30
2026-08-03T04:50+00:00,2015958,Geomática básica,(1) Grupo 1,20
2026-08-03T04:50+00:00,2015958,Geomática básica,(2) Grupo 2,20
2026-08-03T04:50+00:00,2015958,Geomática básica,(3) Grupo 3,30
2026-08-03T04:50+00:00,2015958,Geomática básica,(4) Grupo 4,20
2026-08-03T04:50+00:00,2015958,Geomática básica,(5) Grupo 5,20
2026-08-03T04:50+00:00,2015958,Geomática básica,(6) Grupo 6,20
2026-08-03T04:50+00:00,2015958,Geomática básica,(7) Grupo 7,20
2026-08-03T04:50+00:00,2015958,Geomática básica,(8) Grupo 8,20
2026-08-03T04:50+00:00,2015958,Geomática básica,(9) Grupo 9,20
2026-08-03T04:50+00:00,2015958,Geomática básica,(1) Grupo 1,40
2026-08-03T04:50+00:00,2015958,Geomática básica,(3) Grupo 3,30
2026-08-03T04:50+00:00,2015958,Geomática básica,(4) Grupo 4,40
2026-08-03T04:50+00:00,2015958,Geomática básica,(6) Grupo 6,40
2026-08-03T04:50+00:00,2015958,Geomática básica,(8) Grupo 8,40
2026-08-03T04:50+00:00,2015959,Geotecnia,(1) Grupo 1,30
2026-08-03T04:50+00:00,2015959,Geotecnia,(2) Grupo 2,30
2026-08-03T04:50+00:00,2015959,Geotecnia,(3) Grupo 3,30
2026-08-03T04:50+00:00,2015959,Geotecnia,(4) Grupo 4,0
2026-08-03T04:50+00:00,2015961,Hidráulica básica,(1) Grupo 1,24
2026-08-03T04:50+00:00,2015961,Hidráulica básica,(2) Grupo 2,24
2026-08-03T04:50+00:00,2015961,Hidráulica básica,(3) Grupo 3,24
2026-08-03T04:50+00:00,2015961,Hidráulica básica,(4) Grupo 4,24
2026-08-03T04:50+00:00,2015961,Hidráulica básica,(5) Grupo 5,24
2026-08-03T04:50+00:00,2015961,Hidráulica básica,(6) Grupo 6,24
2026-08-03T04:50+00:00,2015978,Hidrología,(1) Grupo 1,0
2026-08-03T04:50+00:00,2015978,Hidrología,(2) Grupo 2,30
2026-08-03T04:50+00:00,2015978,Hidrología,(3) Grupo 3,30
2026-08-03T04:50+00:00,2015978,Hidrología,(4) Grupo 4,30
2026-08-03T04:50+00:00,2015978,Hidrología,(5) Grupo 5,30
2026-08-03T04:50+00:00,2026135,Ingeniería civil sostenible,(1) Grupo 1,25
2026-08-03T04:50+00:00,2026135,Ingeniería civil sostenible,(2) Grupo 2,25
2026-08-03T04:50+00:00,2026135,Ingeniería civil sostenible,(3) Grupo 3,25
2026-08-03T04:50+00:00,2015963,Ingeniería de Tránsito,(1) Grupo 1,30
2026-08-03T04:50+00:00,2015963,Ingeniería de Tránsito,(2) Grupo 2,30
2026-08-03T04:50+00:00,2015963,Ingeniería de Tránsito,(3) Grupo 3,30
2026-08-03T04:50+00:00,2026138,Ingenieria de transporte,(1) Grupo 1,30
2026-08-03T04:50+00:00,2026138,Ingenieria de transporte,(2) Grupo 2,30
2026-08-03T04:50+00:00,2026138,Ingenieria de transporte,(3) Grupo 3,30
2026-08-03T04:50+00:00,2015703,Ingeniería económica,(1) Grupo 1,40
2026-08-03T04:50+00:00,2015703,Ingeniería económica,(10) Grupo 10,30
2026-08-03T04:50+00:00,2015703,Ingeniería económica,(11) Grupo 11,30
2026-08-03T04:50+00:00,2015703,Ingeniería económica,(2) Grupo 2,40
2026-08-03T04:50+00:00,2015703,Ingeniería económica,(3) Grupo 3,40
2026-08-03T04:50+00:00,2015703,Ingeniería económica,(4) Grupo 4,30
2026-08-03T04:50+00:00,2015703,Ingeniería económica,(5) Grupo 5 - Virtual,60
2026-08-03T04:50+00:00,2015703,Ingeniería económica,(6) Grupo 6,40
2026-08-03T04:50+00:00,2015703,Ingeniería económica,(7) Grupo 7,20
2026-08-03T04:50+00:00,2015703,Ingeniería económica,(8) Grupo 8,40
2026-08-03T04:50+00:00,2015703,Ingeniería económica,(9) Grupo 9,35
2026-08-03T04:50+00:00,1000044-B,Inglés I- Semestral,(1) Grupo 1,26
2026-08-03T04:50+00:00,1000044-B,Inglés I- Semestral,(2) Grupo 2,26
2026-08-03T04:50+00:00,1000044-B,Inglés I- Semestral,(3) Grupo 3,26
2026-08-03T04:50+00:00,1000044-B,Inglés I- Semestral,(4) Grupo 4,26
2026-08-03T04:50+00:00,1000044-B,Inglés I- Semestral,(5) Grupo 5,26
2026-08-03T04:50+00:00,1000044-B,Inglés I- Semestral,(6) Grupo 6,26
2026-08-03T04:50+00:00,1000044-B,Inglés I- Semestral,(7) Grupo 7,26
2026-08-03T04:50+00:00,1000044-B,Inglés I- Semestral,(8) Grupo 8,26
2026-08-03T04:50+00:00,1000044-B,Inglés I- Semestral,(9) Grupo 9,7
2026-08-03T04:50+00:00,1000045-B,Inglés II - Semestral,(1) Grupo 1,10
2026-08-03T04:50+00:00,1000045-B,Inglés II - Semestral,(10) Grupo 10,26
2026-08-03T04:50+00:00,1000045-B,Inglés II - Semestral,(11) Grupo 11,26
2026-08-03T04:50+00:00,1000045-B,Inglés II - Semestral,(12) Grupo 12,26
2026-08-03T04:50+00:00,1000045-B,Inglés II - Semestral,(13) Grupo 13,26
2026-08-03T04:50+00:00,1000045-B,Inglés II - Semestral,(14) Grupo 14,26
2026-08-03T04:50+00:00,1000045-B,Inglés II - Semestral,(15) Grupo 15,26
2026-08-03T04:50+00:00,1000045-B,Inglés II - Semestral,(16) Grupo 16,26
2026-08-03T04:50+00:00,1000045-B,Inglés II - Semestral,(2) Grupo 2,26
2026-08-03T04:50+00:00,1000045-B,Inglés II - Semestral,(3) Grupo 3,26
2026-08-03T04:50+00:00,1000045-B,Inglés II - Semestral,(4) Grupo 4,26
2026-08-03T04:50+00:00,1000045-B,Inglés II - Semestral,(5) Grupo 5,26
2026-08-03T04:50+00:00,1000045-B,Inglés II - Semestral,(6) Grupo 6,26
2026-08-03T04:50+00:00,1000045-B,Inglés II - Semestral,(7) Grupo 7,26
2026-08-03T04:50+00:00,1000045-B,Inglés II - Semestral,(8) Grupo 8,26
2026-08-03T04:50+00:00,1000045-B,Inglés II - Semestral,(9) Grupo 9,15
2026-08-03T04:50+00:00,1000046-B,Inglés III - Semestral,(1) Grupo 1,26
2026-08-03T04:50+00:00,1000046-B,Inglés III - Semestral,(10) Grupo 10,26
2026-08-03T04:50+00:00,1000046-B,Inglés III - Semestral,(11) Grupo 11,26
2026-08-03T04:50+00:00,1000046-B,Inglés III - Semestral,(12) Grupo 12,26
2026-08-03T04:50+00:00,1000046-B,Inglés III - Semestral,(13) Grupo 13,26
2026-08-03T04:50+00:00,1000046-B,Inglés III - Semestral,(14) Grupo 14,26
2026-08-03T04:50+00:00,1000046-B,Inglés III - Semestral,(15) Grupo 15,26
2026-08-03T04:50+00:00,1000046-B,Inglés III - Semestral,(16) Grupo 16,26
2026-08-03T04:50+00:00,1000046-B,Inglés III - Semestral,(17) Grupo 17,26
2026-08-03T04:50+00:00,1000046-B,Inglés III - Semestral,(18) Grupo 18,26
2026-08-03T04:50+00:00,1000046-B,Inglés III - Semestral,(2) Grupo 2,26
2026-08-03T04:50+00:00,1000046-B,Inglés III - Semestral,(3) Grupo 3,26
2026-08-03T04:50+00:00,1000046-B,Inglés III - Semestral,(4) Grupo 4,26
2026-08-03T04:50+00:00,1000046-B,Inglés III - Semestral,(5) Grupo 5,26
2026-08-03T04:50+00:00,1000046-B,Inglés III - Semestral,(6) Grupo 6,26
2026-08-03T04:50+00:00,1000046-B,Inglés III - Semestral,(7) Grupo 7,26
2026-08-03T04:50+00:00,1000046-B,Inglés III - Semestral,(8) Grupo 8,26
2026-08-03T04:50+00:00,1000046-B,Inglés III - Semestral,(9) Grupo 9,10
2026-08-03T04:50+00:00,1000052-B,Inglés Intensivo I y II,(1) Grupo 1,28
2026-08-03T04:50+00:00,1000052-B,Inglés Intensivo I y II,(2) Grupo 2,28
2026-08-03T04:50+00:00,1000052-B,Inglés Intensivo I y II,(3) Grupo 3,28
2026-08-03T04:50+00:00,1000053-B,Inglés Intensivo III y IV,(1) Grupo 1,28
2026-08-03T04:50+00:00,1000053-B,Inglés Intensivo III y IV,(2) Grupo 2,28
2026-08-03T04:50+00:00,1000053-B,Inglés Intensivo III y IV,(3) Grupo 3,28
2026-08-03T04:50+00:00,1000053-B,Inglés Intensivo III y IV,(4) Grupo 4,28
2026-08-03T04:50+00:00,1000053-B,Inglés Intensivo III y IV,(5) Grupo 5,28
2026-08-03T04:50+00:00,1000053-B,Inglés Intensivo III y IV,(6) Grupo 6,28
2026-08-03T04:50+00:00,1000047-B,Inglés IV- Semestral,(1) Grupo 1,26
2026-08-03T04:50+00:00,1000047-B,Inglés IV- Semestral,(10) Grupo 10,26
2026-08-03T04:50+00:00,1000047-B,Inglés IV- Semestral,(11) Grupo 11,26
2026-08-03T04:50+00:00,1000047-B,Inglés IV- Semestral,(12) Grupo 12,26
2026-08-03T04:50+00:00,1000047-B,Inglés IV- Semestral,(13) Grupo 13,26
2026-08-03T04:50+00:00,1000047-B,Inglés IV- Semestral,(14) Grupo 14,26
2026-08-03T04:50+00:00,1000047-B,Inglés IV- Semestral,(15) Grupo 15,26
2026-08-03T04:50+00:00,1000047-B,Inglés IV- Semestral,(16) Grupo 16,26
2026-08-03T04:50+00:00,1000047-B,Inglés IV- Semestral,(17) Grupo 17,26
2026-08-03T04:50+00:00,1000047-B,Inglés IV- Semestral,(18) Grupo 18,26
2026-08-03T04:50+00:00,1000047-B,Inglés IV- Semestral,(19) Grupo 19,26
2026-08-03T04:50+00:00,1000047-B,Inglés IV- Semestral,(2) Grupo 2,26
2026-08-03T04:50+00:00,1000047-B,Inglés IV- Semestral,(20) Grupo 20,26
2026-08-03T04:50+00:00,1000047-B,Inglés IV- Semestral,(21) Grupo 21,26
2026-08-03T04:50+00:00,1000047-B,Inglés IV- Semestral,(22) Grupo 22,26
2026-08-03T04:50+00:00,1000047-B,Inglés IV- Semestral,(3) Grupo 3,26
2026-08-03T04:50+00:00,1000047-B,Inglés IV- Semestral,(4) Grupo 4,26
2026-08-03T04:50+00:00,1000047-B,Inglés IV- Semestral,(5) Grupo 5,26
2026-08-03T04:50+00:00,1000047-B,Inglés IV- Semestral,(6) Grupo 6,26
2026-08-03T04:50+00:00,1000047-B,Inglés IV- Semestral,(7) Grupo 7,26
2026-08-03T04:50+00:00,1000047-B,Inglés IV- Semestral,(8) Grupo 8,26
2026-08-03T04:50+00:00,1000047-B,Inglés IV- Semestral,(9) Grupo 9,15
2026-08-03T04:50+00:00,2026186,Introducción a la ingeniería civil,(1) Grupo 1,7
2026-08-03T04:50+00:00,2026186,Introducción a la ingeniería civil,(2) Grupo 2,0
2026-08-03T04:50+00:00,2026186,Introducción a la ingeniería civil,(4) Grupo 4,10
2026-08-03T04:50+00:00,1000002-B,Lecto-Escritura,(1) Grupo 1 - Clase Presencial,1
2026-08-03T04:50+00:00,1000002-B,Lecto-Escritura,(10) Grupo 10 - Clase presencial,0
2026-08-03T04:50+00:00,1000002-B,Lecto-Escritura,(2) Grupo 2 - Clase Presencial,0
2026-08-03T04:50+00:00,1000002-B,Lecto-Escritura,(3) Grupo 3 - Clase Presencial,0
2026-08-03T04:50+00:00,1000002-B,Lecto-Escritura,(4) Grupo 4 - Clase Presencial,0
2026-08-03T04:50+00:00,1000002-B,Lecto-Escritura,(5) Grupo 5 - Clase Presencial,0
2026-08-03T04:50+00:00,1000002-B,Lecto-Escritura,(6) Grupo 6 - Clase Presencial,0
2026-08-03T04:50+00:00,1000002-B,Lecto-Escritura,(7) Grupo 7 - Clase Presencial,0
2026-08-03T04:50+00:00,1000002-B,Lecto-Escritura,(8) Grupo 8 - Clase Presencial,0
2026-08-03T04:50+00:00,1000002-B,Lecto-Escritura,(9) Grupo 9 - Clase Presencial,10
2026-08-03T04:50+00:00,1000001-B,Matemáticas Básicas,(1) Grupo 1,0
2026-08-03T04:50+00:00,1000001-B,Matemáticas Básicas,(19) Grupo 19,5
2026-08-03T04:50+00:00,1000001-B,Matemáticas Básicas,(2) Grupo 2,10
2026-08-03T04:50+00:00,1000001-B,Matemáticas Básicas,(1) Grupo 1,0
2026-08-03T04:50+00:00,1000001-B,Matemáticas Básicas,(10) Grupo 10,0
2026-08-03T04:50+00:00,1000001-B,Matemáticas Básicas,(2) Grupo 2,0
2026-08-03T04:50+00:00,1000001-B,Matemáticas Básicas,(3) Grupo 3,0
2026-08-03T04:50+00:00,1000001-B,Matemáticas Básicas,(4) Grupo 4,0
2026-08-03T04:50+00:00,1000001-B,Matemáticas Básicas,(5) Grupo 5,0
2026-08-03T04:50+00:00,1000001-B,Matemáticas Básicas,(6) Grupo 6,0
2026-08-03T04:50+00:00,1000001-B,Matemáticas Básicas,(7) Grupo 7,0
2026-08-03T04:50+00:00,1000001-B,Matemáticas Básicas,(8) Grupo 8,0
2026-08-03T04:50+00:00,1000001-B,Matemáticas Básicas,(9) Grupo 9,10
2026-08-03T04:50+00:00,2015965,Materiales para construcción,(1) Grupo 1,24
2026-08-03T04:50+00:00,2015965,Materiales para construcción,(2) Grupo 2,24
2026-08-03T04:50+00:00,2015965,Materiales para construcción,(3) Grupo 3,24
2026-08-03T04:50+00:00,2015965,Materiales para construcción,(4) Grupo 4,24
2026-08-03T04:50+00:00,2015966,Mecánica de fluidos,(1) Grupo 1,24
2026-08-03T04:50+00:00,2015966,Mecánica de fluidos,(2) Grupo 2,24
2026-08-03T04:50+00:00,2015966,Mecánica de fluidos,(3) Grupo 3,24
2026-08-03T04:50+00:00,2015966,Mecánica de fluidos,(4) Grupo 4,24
2026-08-03T04:50+00:00,2015966,Mecánica de fluidos,(5) Grupo 5,24
2026-08-03T04:50+00:00,2015966,Mecánica de fluidos,(6) Grupo 6,24
2026-08-03T04:50+00:00,2015966,Mecánica de fluidos,(7) Grupo 7,24
2026-08-03T04:50+00:00,2015966,Mecánica de fluidos,(8) Grupo 8,24
2026-08-03T04:50+00:00,2015967,Mecánica de Rocas,(1) Grupo 1,24
2026-08-03T04:50+00:00,2015968,Mecánica de sólidos,(1) Grupo 1,24
2026-08-03T04:50+00:00,2015968,Mecánica de sólidos,(2) Grupo 2,24
2026-08-03T04:50+00:00,2015968,Mecánica de sólidos,(3) Grupo 3,24
2026-08-03T04:50+00:00,2015968,Mecánica de sólidos,(4) Grupo 4,24
2026-08-03T04:50+00:00,2015968,Mecánica de sólidos,(5) Grupo 5,24
2026-08-03T04:50+00:00,2015968,Mecánica de sólidos,(6) Grupo 6,24
2026-08-03T04:50+00:00,2015968,Mecánica de sólidos,(7) Grupo 7,0
2026-08-03T04:50+00:00,2015969,Mecánica de suelos,(1) Grupo 1 (Inglés),30
2026-08-03T04:50+00:00,2015969,Mecánica de suelos,(2) Grupo 2,30
2026-08-03T04:50+00:00,2015969,Mecánica de suelos,(3) Grupo 3,30
2026-08-03T04:50+00:00,2015969,Mecánica de suelos,(4) Grupo 4,30
2026-08-03T04:50+00:00,2015970,Métodos numéricos,(4) Grupo 4,30
2026-08-03T04:50+00:00,2015970,Métodos numéricos,(5) Grupo 5,45
2026-08-03T04:50+00:00,2015970,Métodos numéricos,(8) Grupo 8,30
2026-08-03T04:50+00:00,2015970,Métodos numéricos,(9) Grupo 9,45
2026-08-03T04:50+00:00,2017293,Modelación matemática,(1) 2017293-1 Modelación matemática,34
2026-08-03T04:50+00:00,2017293,Modelación matemática,(2) 2017293-2 Modelación matemática,34
2026-08-03T04:50+00:00,2017293,Modelación matemática,(1M) 2017293-1M Modelación matemática - Magistral,80
2026-08-03T04:50+00:00,2015971,Pavimentos,(1) Grupo 1,30
2026-08-03T04:50+00:00,2015971,Pavimentos,(2) Grupo 2,30
2026-08-03T04:50+00:00,2015971,Pavimentos,(3) Grupo 3,30
2026-08-03T04:50+00:00,2015972,Preparación y evaluación de proyectos de infraestructura,(1) Grupo 1,15
2026-08-03T04:50+00:00,2015972,Preparación y evaluación de proyectos de infraestructura,(2) Grupo 2,15
2026-08-03T04:50+00:00,2015972,Preparación y evaluación de proyectos de infraestructura,(3) Grupo 3,15
2026-08-03T04:50+00:00,1000024-B,Principios de química,(12) Grupo 12,0
2026-08-03T04:50+00:00,1000024-B,Principios de química,(13) Grupo 13,0
2026-08-03T04:50+00:00,1000024-B,Principios de química,(14) Grupo 14,10
2026-08-03T04:50+00:00,1000013-B,Probabilidad y estadística fundamental,(10) Grupo 10,35
2026-08-03T04:50+00:00,1000013-B,Probabilidad y estadística fundamental,(11) Grupo 11,40
2026-08-03T04:50+00:00,1000013-B,Probabilidad y estadística fundamental,(12) Grupo 12,40
2026-08-03T04:50+00:00,1000013-B,Probabilidad y estadística fundamental,(13) Grupo 13,30
2026-08-03T04:50+00:00,1000013-B,Probabilidad y estadística fundamental,(14) Grupo 14,45
2026-08-03T04:50+00:00,1000013-B,Probabilidad y estadística fundamental,(16) Grupo 16,30
2026-08-03T04:50+00:00,1000013-B,Probabilidad y estadística fundamental,(2) Grupo 2,40
2026-08-03T04:50+00:00,1000013-B,Probabilidad y estadística fundamental,(22) Grupo 22,45
2026-08-03T04:50+00:00,1000013-B,Probabilidad y estadística fundamental,(23) Grupo 23,0
2026-08-03T04:50+00:00,1000013-B,Probabilidad y estadística fundamental,(3) Grupo 3,40
2026-08-03T04:50+00:00,1000013-B,Probabilidad y estadística fundamental,(4) Grupo 4,40
2026-08-03T04:50+00:00,1000013-B,Probabilidad y estadística fundamental,(7) Grupo 7,40
2026-08-03T04:50+00:00,2015734,Programación de computadores,(1) Grupo 1,6
2026-08-03T04:50+00:00,2015734,Programación de computadores,(10) Grupo 10,4
2026-08-03T04:50+00:00,2015734,Programación de computadores,(11) Grupo 11,0
2026-08-03T04:50+00:00,2015734,Programación de computadores,(12) Grupo 12,1
2026-08-03T04:50+00:00,2015734,Programación de computadores,(13) Grupo 13,4
2026-08-03T04:50+00:00,2015734,Programación de computadores,(14) Grupo 14,0
2026-08-03T04:50+00:00,2015734,Programación de computadores,(2) Grupo 2,16
2026-08-03T04:50+00:00,2015734,Programación de computadores,(3) Grupo 3,0
2026-08-03T04:50+00:00,2015734,Programación de computadores,(4) Grupo 4,0
2026-08-03T04:50+00:00,2015734,Programación de computadores,(5) Grupo 5,0
2026-08-03T04:50+00:00,2015734,Programación de computadores,(6) Grupo 6,8
2026-08-03T04:50+00:00,2015734,Programación de computadores,(7) Grupo 7,3
2026-08-03T04:50+00:00,2015734,Programación de computadores,(8) Grupo 8 - Virtual,30
2026-08-03T04:50+00:00,2015734,Programación de computadores,(9) Grupo 9,18
2026-08-03T04:50+00:00,2015973,Saneamiento ambiental,(1) Grupo 1,25
2026-08-03T04:50+00:00,2015973,Saneamiento ambiental,(2) Grupo 2,25
2026-08-03T04:50+00:00,2015973,Saneamiento ambiental,(3) Grupo 3,25
2026-08-03T04:50+00:00,2022761,SIG para Ingeniería Civil,(1) Grupo 1,15
2026-08-03T04:50+00:00,2022761,SIG para Ingeniería Civil,(2) Grupo 2,15
2026-08-03T04:50+00:00,2022761,SIG para Ingeniería Civil,(3) Grupo 3,15
2026-08-03T04:50+00:00,2015296,Trabajo de Grado,(1) Grupo 1,5
2026-08-03T04:50+00:00,2015296,Trabajo de Grado,(10) Grupo 10,5
2026-08-03T04:50+00:00,2015296,Trabajo de Grado,(11) Grupo 11,5
2026-08-03T04:50+00:00,2015296,Trabajo de Grado,(12) Grupo 12,5
2026-08-03T04:50+00:00,2015296,Trabajo de Grado,(13) Grupo 13,5
2026-08-03T04:50+00:00,2015296,Trabajo de Grado,(14) Grupo 14,5
2026-08-03T04:50+00:00,2015296,Trabajo de Grado,(15) Grupo 15,5
2026-08-03T04:50+00:00,2015296,Trabajo de Grado,(16) Grupo 16,5
2026-08-03T04:50+00:00,2015296,Trabajo de Grado,(17) Grupo 17,5
2026-08-03T04:50+00:00,2015296,Trabajo de Grado,(18) Grupo 18,5
2026-08-03T04:50+00:00,2015296,Trabajo de Grado,(19) Grupo 19,0
2026-08-03T04:50+00:00,2015296,Trabajo de Grado,(2) Grupo 2,5
2026-08-03T04:50+00:00,2015296,Trabajo de Grado,(3) Grupo 3,5
2026-08-03T04:50+00:00,2015296,Trabajo de Grado,(4) Grupo 4,5
2026-08-03T04:50+00:00,2015296,Trabajo de Grado,(5) Grupo 5,5
2026-08-03T04:50+00:00,2015296,Trabajo de Grado,(6) Grupo 6,5
2026-08-03T04:50+00:00,2015296,Trabajo de Grado,(7) Grupo 7,5
2026-08-03T04:50+00:00,2015296,Trabajo de Grado,(8) Grupo 8,5
2026-08-03T04:50+00:00,2015296,Trabajo de Grado,(9) Grupo 9,5
2026-08-04T04:34+00:00,2015938,Acueductos,(1) Grupo 1,25
2026-08-04T04:34+00:00,2015938,Acueductos,(2) Grupo 2,25
2026-08-04T04:34+00:00,2015938,Acueductos,(3) Grupo 3,25
2026-08-04T04:34+00:00,2015938,Acueductos,(4) Grupo 4,24
2026-08-04T04:34+00:00,2015939,Alcantarillados,(1) Grupo 1,25
2026-08-04T04:34+00:00,2015939,Alcantarillados,(2) Grupo 2,25
2026-08-04T04:34+00:00,2015939,Alcantarillados,(3) Grupo 3,25
2026-08-04T04:34+00:00,2015939,Alcantarillados,(4) Grupo 4,25
2026-08-04T04:34+00:00,2015940,Análisis estructural aplicado,(1) Grupo 1,24
2026-08-04T04:34+00:00,2015940,Análisis estructural aplicado,(2) Grupo 2,24
2026-08-04T04:34+00:00,2015940,Análisis estructural aplicado,(3) Grupo 3,24
2026-08-04T04:34+00:00,2015941,Análisis estructural básico,(1) Grupo 1,30
2026-08-04T04:34+00:00,2015941,Análisis estructural básico,(2) Grupo 2,30
2026-08-04T04:34+00:00,2015941,Análisis estructural básico,(3) Grupo 3,30
2026-08-04T04:34+00:00,2015941,Análisis estructural básico,(4) Grupo 4,30
2026-08-04T04:34+00:00,1000004-B,Cálculo diferencial,(10) Grupo 10,53
2026-08-04T04:34+00:00,1000004-B,Cálculo diferencial,(11) Grupo 11,24
2026-08-04T04:34+00:00,1000004-B,Cálculo diferencial,(12) Grupo 12,24
2026-08-04T04:34+00:00,1000004-B,Cálculo diferencial,(13) Grupo 13,16
2026-08-04T04:34+00:00,1000004-B,Cálculo diferencial,(14) Grupo 14,90
2026-08-04T04:34+00:00,1000004-B,Cálculo diferencial,(16) Grupo 16,27
2026-08-04T04:34+00:00,1000004-B,Cálculo diferencial,(17) Grupo 17,39
2026-08-04T04:34+00:00,1000004-B,Cálculo diferencial,(19) Grupo 19,59
2026-08-04T04:34+00:00,1000004-B,Cálculo diferencial,(2) Grupo 2,24
2026-08-04T04:34+00:00,1000004-B,Cálculo diferencial,(20) Grupo 20,10
2026-08-04T04:34+00:00,1000004-B,Cálculo diferencial,(21) Grupo 21,60
2026-08-04T04:34+00:00,1000004-B,Cálculo diferencial,(22) Grupo 22,60
2026-08-04T04:34+00:00,1000004-B,Cálculo diferencial,(24) Grupo 24,60
2026-08-04T04:34+00:00,1000004-B,Cálculo diferencial,(25) Grupo 25,40
2026-08-04T04:34+00:00,1000004-B,Cálculo diferencial,(27) Grupo 27,51
2026-08-04T04:34+00:00,1000004-B,Cálculo diferencial,(28) Grupo 28,60
2026-08-04T04:34+00:00,1000004-B,Cálculo diferencial,(29) Grupo 29,60
2026-08-04T04:34+00:00,1000004-B,Cálculo diferencial,(30) Grupo 30,60
2026-08-04T04:34+00:00,1000004-B,Cálculo diferencial,(32) Grupo 32,90
2026-08-04T04:34+00:00,1000004-B,Cálculo diferencial,(4) Grupo 4,37
2026-08-04T04:34+00:00,1000004-B,Cálculo diferencial,(5) Grupo 5,84
2026-08-04T04:34+00:00,1000004-B,Cálculo diferencial,(7) Grupo 7,64
2026-08-04T04:34+00:00,1000004-B,Cálculo diferencial,(8) Grupo 8,40
2026-08-04T04:34+00:00,1000004-B,Cálculo diferencial,(9) Grupo 9,18
2026-08-04T04:34+00:00,1000006-B,Cálculo en varias variables,(1) Grupo 1,40
2026-08-04T04:34+00:00,1000006-B,Cálculo en varias variables,(10) Grupo 10,100
2026-08-04T04:34+00:00,1000006-B,Cálculo en varias variables,(11) Grupo 11,40
2026-08-04T04:34+00:00,1000006-B,Cálculo en varias variables,(12) Grupo 12,60
2026-08-04T04:34+00:00,1000006-B,Cálculo en varias variables,(13) Grupo 13,40
2026-08-04T04:34+00:00,1000006-B,Cálculo en varias variables,(14) Grupo 14,60
2026-08-04T04:34+00:00,1000006-B,Cálculo en varias variables,(15) Grupo 15,112
2026-08-04T04:34+00:00,1000006-B,Cálculo en varias variables,(2) Grupo 2,40
2026-08-04T04:34+00:00,1000006-B,Cálculo en varias variables,(3) Grupo 3,40
2026-08-04T04:34+00:00,1000006-B,Cálculo en varias variables,(4) Grupo 4,100
2026-08-04T04:34+00:00,1000006-B,Cálculo en varias variables,(5) Grupo 5,40
2026-08-04T04:34+00:00,1000006-B,Cálculo en varias variables,(7) Grupo 7,70
2026-08-04T04:34+00:00,1000006-B,Cálculo en varias variables,(8) Grupo 8,60
2026-08-04T04:34+00:00,1000006-B,Cálculo en varias variables,(9) Grupo 9,0
2026-08-04T04:34+00:00,1000005-B,Cálculo Integral,(1) Grupo 1,0
2026-08-04T04:34+00:00,1000005-B,Cálculo Integral,(10) Grupo 10,50
2026-08-04T04:34+00:00,1000005-B,Cálculo Integral,(14) Grupo 14,40
2026-08-04T04:34+00:00,1000005-B,Cálculo Integral,(15) Grupo 15,60
2026-08-04T04:34+00:00,1000005-B,Cálculo Integral,(16) Grupo 16,70
2026-08-04T04:34+00:00,1000005-B,Cálculo Integral,(17) Grupo 17,40
2026-08-04T04:34+00:00,1000005-B,Cálculo Integral,(2) Grupo 2,60
2026-08-04T04:34+00:00,1000005-B,Cálculo Integral,(20) Grupo 20,40
2026-08-04T04:34+00:00,1000005-B,Cálculo Integral,(22) Grupo 22,60
2026-08-04T04:34+00:00,1000005-B,Cálculo Integral,(3) Grupo 3,70
2026-08-04T04:34+00:00,1000005-B,Cálculo Integral,(4) Grupo 4,60
2026-08-04T04:34+00:00,1000005-B,Cálculo Integral,(6) Grupo 6,60
2026-08-04T04:34+00:00,1000005-B,Cálculo Integral,(7) Grupo 7,100
2026-08-04T04:34+00:00,1000005-B,Cálculo Integral,(8) Grupo 8,40
2026-08-04T04:34+00:00,1000005-B,Cálculo Integral,(9) Grupo 9,10
2026-08-04T04:34+00:00,2015943,Construcción de edificaciones,(1) Grupo 1,15
2026-08-04T04:34+00:00,2015944,Construcción de Infraestructura Vial,(1) Grupo 1,15
2026-08-04T04:34+00:00,2015711,Dibujo básico,(10) 2015711-10 Dibujo básico,0
2026-08-04T04:34+00:00,2015711,Dibujo básico,(11) 2015711-11 Dibujo básico,0
2026-08-04T04:34+00:00,2015711,Dibujo básico,(14) 2015711-14 Dibujo básico,0
2026-08-04T04:34+00:00,2015711,Dibujo básico,(16) 2015711-16 Dibujo básico,0
2026-08-04T04:34+00:00,2015711,Dibujo básico,(4) 2015711-4 Dibujo básico,9
2026-08-04T04:34+00:00,2015711,Dibujo básico,(5) 2015711-5 Dibujo básico,0
2026-08-04T04:34+00:00,2015711,Dibujo básico,(7) 2015711-7 Dibujo básico,20
2026-08-04T04:34+00:00,2015711,Dibujo básico,(8) 2015711-8 Dibujo básico,0
2026-08-04T04:34+00:00,2015711,Dibujo básico,(9) 2015711-9 Dibujo básico,0
2026-08-04T04:34+00:00,2015948,Dinámica,(1) Grupo 1,30
2026-08-04T04:34+00:00,2015948,Dinámica,(2) Grupo 2,30
2026-08-04T04:34+00:00,2015948,Dinámica,(3) Grupo 3,30
2026-08-04T04:34+00:00,2015950,Diseño estructural,(1) Grupo 1,25
2026-08-04T04:34+00:00,2015950,Diseño estructural,(2) Grupo 2,0
2026-08-04T04:34+00:00,2015950,Diseño estructural,(3) Grupo 3,25
2026-08-04T04:34+00:00,2015950,Diseño estructural,(4) Grupo 4,25
2026-08-04T04:34+00:00,2015950,Diseño estructural,(5) Grupo 5,25
2026-08-04T04:34+00:00,2015949,Diseño geométrico de Vías,(1) Grupo 1,30
2026-08-04T04:34+00:00,2015949,Diseño geométrico de Vías,(2) Grupo 2,30
2026-08-04T04:34+00:00,2015949,Diseño geométrico de Vías,(3) Grupo 3,30
2026-08-04T04:34+00:00,1000007-B,Ecuaciones Diferenciales,(1) Grupo 1,60
2026-08-04T04:34+00:00,1000007-B,Ecuaciones Diferenciales,(11) Grupo 11,60
2026-08-04T04:34+00:00,1000007-B,Ecuaciones Diferenciales,(12) Grupo 12,60
2026-08-04T04:34+00:00,1000007-B,Ecuaciones Diferenciales,(13) Grupo 13,40
2026-08-04T04:34+00:00,1000007-B,Ecuaciones Diferenciales,(14) Grupo 14,100
2026-08-04T04:34+00:00,1000007-B,Ecuaciones Diferenciales,(3) Grupo 3,40
2026-08-04T04:34+00:00,1000007-B,Ecuaciones Diferenciales,(4) Grupo 4,60
2026-08-04T04:34+00:00,1000007-B,Ecuaciones Diferenciales,(6) Grupo 6,50
2026-08-04T04:34+00:00,1000007-B,Ecuaciones Diferenciales,(7) Grupo 7,40
2026-08-04T04:34+00:00,1000007-B,Ecuaciones Diferenciales,(9) Grupo 9,0
2026-08-04T04:34+00:00,2026134,Estática,(1) Grupo 1,0
2026-08-04T04:34+00:00,2026134,Estática,(2) Grupo 2,30
2026-08-04T04:34+00:00,2026134,Estática,(3) Grupo 3,30
2026-08-04T04:34+00:00,2026134,Estática,(4) Grupo 4,30
2026-08-04T04:34+00:00,2026134,Estática,(5) Grupo 5,30
2026-08-04T04:34+00:00,2026134,Estática,(6) Grupo 6,30
2026-08-04T04:34+00:00,2015954,Estructuras hidráulicas,(1) Grupo 1,30
2026-08-04T04:34+00:00,2015954,Estructuras hidráulicas,(2) Grupo 2,30
2026-08-04T04:34+00:00,2015954,Estructuras hidráulicas,(3) Grupo 3,30
2026-08-04T04:34+00:00,2015955,Fundamentos de construcción,(1) Grupo 1,30
2026-08-04T04:34+00:00,2015955,Fundamentos de construcción,(2) Grupo 2,30
2026-08-04T04:34+00:00,2015955,Fundamentos de construcción,(3) Grupo 3,30
2026-08-04T04:34+00:00,1000011-B,Fundamentos de ecología,(1) Grupo 1,118
2026-08-04T04:34+00:00,1000011-B,Fundamentos de ecología,(3) Grupo 3,12
2026-08-04T04:34+00:00,1000019-B,Fundamentos de mecánica,(1) Grupo 1,35
2026-08-04T04:34+00:00,1000019-B,Fundamentos de mecánica,(10) Grupo 10,35
2026-08-04T04:34+00:00,1000019-B,Fundamentos de mecánica,(11) Grupo 11,35
2026-08-04T04:34+00:00,1000019-B,Fundamentos de mecánica,(12) Grupo 12,35
2026-08-04T04:34+00:00,1000019-B,Fundamentos de mecánica,(13) Grupo 13,35
2026-08-04T04:34+00:00,1000019-B,Fundamentos de mecánica,(14) Grupo 14,35
2026-08-04T04:34+00:00,1000019-B,Fundamentos de mecánica,(15) Grupo 15,32
2026-08-04T04:34+00:00,1000019-B,Fundamentos de mecánica,(16) Grupo 16,35
2026-08-04T04:34+00:00,1000019-B,Fundamentos de mecánica,(17) Grupo 17,34
2026-08-04T04:34+00:00,1000019-B,Fundamentos de mecánica,(18) Grupo 18,34
2026-08-04T04:34+00:00,1000019-B,Fundamentos de mecánica,(19) Grupo 19,32
2026-08-04T04:34+00:00,1000019-B,Fundamentos de mecánica,(2) Grupo 2,35
2026-08-04T04:34+00:00,1000019-B,Fundamentos de mecánica,(20) Grupo 20,35
2026-08-04T04:34+00:00,1000019-B,Fundamentos de mecánica,(21) Grupo 21,35
2026-08-04T04:34+00:00,1000019-B,Fundamentos de mecánica,(22) Grupo 22,35
2026-08-04T04:34+00:00,1000019-B,Fundamentos de mecánica,(23) Grupo 23,35
2026-08-04T04:34+00:00,1000019-B,Fundamentos de mecánica,(24) Grupo 24,35
2026-08-04T04:34+00:00,1000019-B,Fundamentos de mecánica,(25) Grupo 25,45
2026-08-04T04:34+00:00,1000019-B,Fundamentos de mecánica,(26) Grupo 26 (VIRTUAL),50
2026-08-04T04:34+00:00,1000019-B,Fundamentos de mecánica,(27) Grupo 27 (VIRTUAL),50
2026-08-04T04:34+00:00,1000019-B,Fundamentos de mecánica,(28) Grupo 28 (VIRTUAL),50
2026-08-04T04:34+00:00,1000019-B,Fundamentos de mecánica,(29) Grupo 29 (VIRTUAL),50
2026-08-04T04:34+00:00,1000019-B,Fundamentos de mecánica,(3) Grupo 3,35
2026-08-04T04:34+00:00,1000019-B,Fundamentos de mecánica,(4) Grupo 4,35
2026-08-04T04:34+00:00,1000019-B,Fundamentos de mecánica,(5) Grupo 5,35
2026-08-04T04:34+00:00,1000019-B,Fundamentos de mecánica,(6) Grupo 6,35
2026-08-04T04:34+00:00,1000019-B,Fundamentos de mecánica,(7) Grupo 7,35
2026-08-04T04:34+00:00,1000019-B,Fundamentos de mecánica,(8) Grupo 8,35
2026-08-04T04:34+00:00,1000019-B,Fundamentos de mecánica,(9) Grupo 9,0
2026-08-04T04:34+00:00,1000019-B,Fundamentos de mecánica,(1) Grupo 1,35
2026-08-04T04:34+00:00,1000019-B,Fundamentos de mecánica,(10) Grupo 10,35
2026-08-04T04:34+00:00,1000019-B,Fundamentos de mecánica,(11) Grupo 11,35
2026-08-04T04:34+00:00,1000019-B,Fundamentos de mecánica,(12) Grupo 12,35
2026-08-04T04:34+00:00,1000019-B,Fundamentos de mecánica,(13) Grupo 13,35
2026-08-04T04:34+00:00,1000019-B,Fundamentos de mecánica,(14) Grupo 14,35
2026-08-04T04:34+00:00,1000019-B,Fundamentos de mecánica,(15) Grupo 15,32
2026-08-04T04:34+00:00,1000019-B,Fundamentos de mecánica,(16) Grupo 16,35
2026-08-04T04:34+00:00,1000019-B,Fundamentos de mecánica,(17) Grupo 17,34
2026-08-04T04:34+00:00,1000019-B,Fundamentos de mecánica,(18) Grupo 18,34
2026-08-04T04:34+00:00,1000019-B,Fundamentos de mecánica,(19) Grupo 19,32
2026-08-04T04:34+00:00,1000019-B,Fundamentos de mecánica,(2) Grupo 2,35
2026-08-04T04:34+00:00,1000019-B,Fundamentos de mecánica,(20) Grupo 20,35
2026-08-04T04:34+00:00,1000019-B,Fundamentos de mecánica,(21) Grupo 21,35
2026-08-04T04:34+00:00,1000019-B,Fundamentos de mecánica,(22) Grupo 22,35
2026-08-04T04:34+00:00,1000019-B,Fundamentos de mecánica,(23) Grupo 23,35
2026-08-04T04:34+00:00,1000019-B,Fundamentos de mecánica,(24) Grupo 24,35
2026-08-04T04:34+00:00,1000019-B,Fundamentos de mecánica,(25) Grupo 25,45
2026-08-04T04:34+00:00,1000019-B,Fundamentos de mecánica,(26) Grupo 26 (VIRTUAL),50
2026-08-04T04:34+00:00,1000019-B,Fundamentos de mecánica,(27) Grupo 27 (VIRTUAL),50
2026-08-04T04:34+00:00,1000019-B,Fundamentos de mecánica,(28) Grupo 28 (VIRTUAL),50
2026-08-04T04:34+00:00,1000019-B,Fundamentos de mecánica,(29) Grupo 29 (VIRTUAL),50
2026-08-04T04:34+00:00,1000019-B,Fundamentos de mecánica,(3) Grupo 3,35
2026-08-04T04:34+00:00,1000019-B,Fundamentos de mecánica,(4) Grupo 4,35
2026-08-04T04:34+00:00,1000019-B,Fundamentos de mecánica,(5) Grupo 5,35
2026-08-04T04:34+00:00,1000019-B,Fundamentos de mecánica,(6) Grupo 6,35
2026-08-04T04:34+00:00,1000019-B,Fundamentos de mecánica,(7) Grupo 7,35
2026-08-04T04:34+00:00,1000019-B,Fundamentos de mecánica,(8) Grupo 8,35
2026-08-04T04:34+00:00,1000019-B,Fundamentos de mecánica,(9) Grupo 9,15
2026-08-04T04:34+00:00,1000019-B,Fundamentos de mecánica,(16) Gruop 16,8
2026-08-04T04:34+00:00,1000019-B,Fundamentos de mecánica,(1) Grupo 1,35
2026-08-04T04:34+00:00,1000019-B,Fundamentos de mecánica,(10) Grupo 10,35
2026-08-04T04:34+00:00,1000019-B,Fundamentos de mecánica,(11) Grupo 11,35
2026-08-04T04:34+00:00,1000019-B,Fundamentos de mecánica,(12) Grupo 12,35
2026-08-04T04:34+00:00,1000019-B,Fundamentos de mecánica,(13) Grupo 13,35
2026-08-04T04:34+00:00,1000019-B,Fundamentos de mecánica,(14) Grupo 14,35
2026-08-04T04:34+00:00,1000019-B,Fundamentos de mecánica,(15) Grupo 15,32
2026-08-04T04:34+00:00,1000019-B,Fundamentos de mecánica,(17) Grupo 17,34
2026-08-04T04:34+00:00,1000019-B,Fundamentos de mecánica,(18) Grupo 18,34
2026-08-04T04:34+00:00,1000019-B,Fundamentos de mecánica,(19) Grupo 19,32
2026-08-04T04:34+00:00,1000019-B,Fundamentos de mecánica,(2) Grupo 2,35
2026-08-04T04:34+00:00,1000019-B,Fundamentos de mecánica,(20) Grupo 20,35
2026-08-04T04:34+00:00,1000019-B,Fundamentos de mecánica,(21) Grupo 21,35
2026-08-04T04:34+00:00,1000019-B,Fundamentos de mecánica,(22) Grupo 22,35
2026-08-04T04:34+00:00,1000019-B,Fundamentos de mecánica,(23) Grupo 23,35
2026-08-04T04:34+00:00,1000019-B,Fundamentos de mecánica,(24) Grupo 24,35
2026-08-04T04:34+00:00,1000019-B,Fundamentos de mecánica,(25) Grupo 25,45
2026-08-04T04:34+00:00,1000019-B,Fundamentos de mecánica,(26) Grupo 26 (VIRTUAL),50
2026-08-04T04:34+00:00,1000019-B,Fundamentos de mecánica,(27) Grupo 27 (VIRTUAL),50
2026-08-04T04:34+00:00,1000019-B,Fundamentos de mecánica,(28) Grupo 28 (VIRTUAL),50
2026-08-04T04:34+00:00,1000019-B,Fundamentos de mecánica,(29) Grupo 29 (VIRTUAL),50
2026-08-04T04:34+00:00,1000019-B,Fundamentos de mecánica,(3) Grupo 3,35
2026-08-04T04:34+00:00,1000019-B,Fundamentos de mecánica,(4) Grupo 4,35
2026-08-04T04:34+00:00,1000019-B,Fundamentos de mecánica,(5) Grupo 5,35
2026-08-04T04:34+00:00,1000019-B,Fundamentos de mecánica,(6) Grupo 6,35
2026-08-04T04:34+00:00,1000019-B,Fundamentos de mecánica,(7) Grupo 7,35
2026-08-04T04:34+00:00,1000019-B,Fundamentos de mecánica,(8) Grupo 8,35
2026-08-04T04:34+00:00,1000019-B,Fundamentos de mecánica,(9) Grupo 9,10
2026-08-04T04:34+00:00,2015956,Geología,(1) Grupo 1,35
2026-08-04T04:34+00:00,2015956,Geología,(2) Grupo 2,30
2026-08-04T04:34+00:00,2015956,Geología,(3) Grupo 3,30
2026-08-04T04:34+00:00,2015956,Geología,(4) Grupo 4,35
2026-08-04T04:34+00:00,2015957,Geomática Aplicada,(1) Grupo 1,30
2026-08-04T04:34+00:00,2015957,Geomática Aplicada,(2) Grupo 2,30
2026-08-04T04:34+00:00,2015957,Geomática Aplicada,(3) Grupo 3,30
2026-08-04T04:34+00:00,2015957,Geomática Aplicada,(4) Grupo 4,30
2026-08-04T04:34+00:00,2015958,Geomática básica,(1) Grupo 1,20
2026-08-04T04:34+00:00,2015958,Geomática básica,(2) Grupo 2,20
2026-08-04T04:34+00:00,2015958,Geomática básica,(3) Grupo 3,30
2026-08-04T04:34+00:00,2015958,Geomática básica,(4) Grupo 4,20
2026-08-04T04:34+00:00,2015958,Geomática básica,(5) Grupo 5,20
2026-08-04T04:34+00:00,2015958,Geomática básica,(6) Grupo 6,20
2026-08-04T04:34+00:00,2015958,Geomática básica,(7) Grupo 7,20
2026-08-04T04:34+00:00,2015958,Geomática básica,(8) Grupo 8,20
2026-08-04T04:34+00:00,2015958,Geomática básica,(9) Grupo 9,20
2026-08-04T04:34+00:00,2015958,Geomática básica,(1) Grupo 1,40
2026-08-04T04:34+00:00,2015958,Geomática básica,(3) Grupo 3,30
2026-08-04T04:34+00:00,2015958,Geomática básica,(4) Grupo 4,40
2026-08-04T04:34+00:00,2015958,Geomática básica,(6) Grupo 6,40
2026-08-04T04:34+00:00,2015958,Geomática básica,(8) Grupo 8,40
2026-08-04T04:34+00:00,2015959,Geotecnia,(1) Grupo 1,30
2026-08-04T04:34+00:00,2015959,Geotecnia,(2) Grupo 2,30
2026-08-04T04:34+00:00,2015959,Geotecnia,(3) Grupo 3,30
2026-08-04T04:34+00:00,2015959,Geotecnia,(4) Grupo 4,0
2026-08-04T04:34+00:00,2015961,Hidráulica básica,(1) Grupo 1,24
2026-08-04T04:34+00:00,2015961,Hidráulica básica,(2) Grupo 2,24
2026-08-04T04:34+00:00,2015961,Hidráulica básica,(3) Grupo 3,24
2026-08-04T04:34+00:00,2015961,Hidráulica básica,(4) Grupo 4,24
2026-08-04T04:34+00:00,2015961,Hidráulica básica,(5) Grupo 5,24
2026-08-04T04:34+00:00,2015961,Hidráulica básica,(6) Grupo 6,24
2026-08-04T04:34+00:00,2015978,Hidrología,(1) Grupo 1,0
2026-08-04T04:34+00:00,2015978,Hidrología,(2) Grupo 2,30
2026-08-04T04:34+00:00,2015978,Hidrología,(3) Grupo 3,30
2026-08-04T04:34+00:00,2015978,Hidrología,(4) Grupo 4,30
2026-08-04T04:34+00:00,2015978,Hidrología,(5) Grupo 5,30
2026-08-04T04:34+00:00,2026135,Ingeniería civil sostenible,(1) Grupo 1,25
2026-08-04T04:34+00:00,2026135,Ingeniería civil sostenible,(2) Grupo 2,25
2026-08-04T04:34+00:00,2026135,Ingeniería civil sostenible,(3) Grupo 3,25
2026-08-04T04:34+00:00,2015963,Ingeniería de Tránsito,(1) Grupo 1,30
2026-08-04T04:34+00:00,2015963,Ingeniería de Tránsito,(2) Grupo 2,30
2026-08-04T04:34+00:00,2015963,Ingeniería de Tránsito,(3) Grupo 3,30
2026-08-04T04:34+00:00,2026138,Ingenieria de transporte,(1) Grupo 1,30
2026-08-04T04:34+00:00,2026138,Ingenieria de transporte,(2) Grupo 2,30
2026-08-04T04:34+00:00,2026138,Ingenieria de transporte,(3) Grupo 3,30
2026-08-04T04:34+00:00,2015703,Ingeniería económica,(1) Grupo 1,40
2026-08-04T04:34+00:00,2015703,Ingeniería económica,(10) Grupo 10,30
2026-08-04T04:34+00:00,2015703,Ingeniería económica,(11) Grupo 11,30
2026-08-04T04:34+00:00,2015703,Ingeniería económica,(2) Grupo 2,40
2026-08-04T04:34+00:00,2015703,Ingeniería económica,(3) Grupo 3,40
2026-08-04T04:34+00:00,2015703,Ingeniería económica,(4) Grupo 4,30
2026-08-04T04:34+00:00,2015703,Ingeniería económica,(5) Grupo 5 - Virtual,60
2026-08-04T04:34+00:00,2015703,Ingeniería económica,(6) Grupo 6,40
2026-08-04T04:34+00:00,2015703,Ingeniería económica,(7) Grupo 7,20
2026-08-04T04:34+00:00,2015703,Ingeniería económica,(8) Grupo 8,40
2026-08-04T04:34+00:00,2015703,Ingeniería económica,(9) Grupo 9,35
2026-08-04T04:34+00:00,1000044-B,Inglés I- Semestral,(1) Grupo 1,26
2026-08-04T04:34+00:00,1000044-B,Inglés I- Semestral,(2) Grupo 2,26
2026-08-04T04:34+00:00,1000044-B,Inglés I- Semestral,(3) Grupo 3,26
2026-08-04T04:34+00:00,1000044-B,Inglés I- Semestral,(4) Grupo 4,26
2026-08-04T04:34+00:00,1000044-B,Inglés I- Semestral,(5) Grupo 5,26
2026-08-04T04:34+00:00,1000044-B,Inglés I- Semestral,(6) Grupo 6,26
2026-08-04T04:34+00:00,1000044-B,Inglés I- Semestral,(7) Grupo 7,26
2026-08-04T04:34+00:00,1000044-B,Inglés I- Semestral,(8) Grupo 8,26
2026-08-04T04:34+00:00,1000044-B,Inglés I- Semestral,(9) Grupo 9,7
2026-08-04T04:34+00:00,1000045-B,Inglés II - Semestral,(1) Grupo 1,10
2026-08-04T04:34+00:00,1000045-B,Inglés II - Semestral,(10) Grupo 10,26
2026-08-04T04:34+00:00,1000045-B,Inglés II - Semestral,(11) Grupo 11,26
2026-08-04T04:34+00:00,1000045-B,Inglés II - Semestral,(12) Grupo 12,26
2026-08-04T04:34+00:00,1000045-B,Inglés II - Semestral,(13) Grupo 13,26
2026-08-04T04:34+00:00,1000045-B,Inglés II - Semestral,(14) Grupo 14,26
2026-08-04T04:34+00:00,1000045-B,Inglés II - Semestral,(15) Grupo 15,26
2026-08-04T04:34+00:00,1000045-B,Inglés II - Semestral,(16) Grupo 16,26
2026-08-04T04:34+00:00,1000045-B,Inglés II - Semestral,(2) Grupo 2,26
2026-08-04T04:34+00:00,1000045-B,Inglés II - Semestral,(3) Grupo 3,26
2026-08-04T04:34+00:00,1000045-B,Inglés II - Semestral,(4) Grupo 4,26
2026-08-04T04:34+00:00,1000045-B,Inglés II - Semestral,(5) Grupo 5,26
2026-08-04T04:34+00:00,1000045-B,Inglés II - Semestral,(6) Grupo 6,26
2026-08-04T04:34+00:00,1000045-B,Inglés II - Semestral,(7) Grupo 7,26
2026-08-04T04:34+00:00,1000045-B,Inglés II - Semestral,(8) Grupo 8,26
2026-08-04T04:34+00:00,1000045-B,Inglés II - Semestral,(9) Grupo 9,15
2026-08-04T04:34+00:00,1000046-B,Inglés III - Semestral,(1) Grupo 1,26
2026-08-04T04:34+00:00,1000046-B,Inglés III - Semestral,(10) Grupo 10,26
2026-08-04T04:34+00:00,1000046-B,Inglés III - Semestral,(11) Grupo 11,26
2026-08-04T04:34+00:00,1000046-B,Inglés III - Semestral,(12) Grupo 12,26
2026-08-04T04:34+00:00,1000046-B,Inglés III - Semestral,(13) Grupo 13,26
2026-08-04T04:34+00:00,1000046-B,Inglés III - Semestral,(14) Grupo 14,26
2026-08-04T04:34+00:00,1000046-B,Inglés III - Semestral,(15) Grupo 15,26
2026-08-04T04:34+00:00,1000046-B,Inglés III - Semestral,(16) Grupo 16,26
2026-08-04T04:34+00:00,1000046-B,Inglés III - Semestral,(17) Grupo 17,26
2026-08-04T04:34+00:00,1000046-B,Inglés III - Semestral,(18) Grupo 18,26
2026-08-04T04:34+00:00,1000046-B,Inglés III - Semestral,(2) Grupo 2,26
2026-08-04T04:34+00:00,1000046-B,Inglés III - Semestral,(3) Grupo 3,26
2026-08-04T04:34+00:00,1000046-B,Inglés III - Semestral,(4) Grupo 4,26
2026-08-04T04:34+00:00,1000046-B,Inglés III - Semestral,(5) Grupo 5,26
2026-08-04T04:34+00:00,1000046-B,Inglés III - Semestral,(6) Grupo 6,26
2026-08-04T04:34+00:00,1000046-B,Inglés III - Semestral,(7) Grupo 7,26
2026-08-04T04:34+00:00,1000046-B,Inglés III - Semestral,(8) Grupo 8,26
2026-08-04T04:34+00:00,1000046-B,Inglés III - Semestral,(9) Grupo 9,10
2026-08-04T04:34+00:00,1000052-B,Inglés Intensivo I y II,(1) Grupo 1,28
2026-08-04T04:34+00:00,1000052-B,Inglés Intensivo I y II,(2) Grupo 2,28
2026-08-04T04:34+00:00,1000052-B,Inglés Intensivo I y II,(3) Grupo 3,28
2026-08-04T04:34+00:00,1000053-B,Inglés Intensivo III y IV,(1) Grupo 1,28
2026-08-04T04:34+00:00,1000053-B,Inglés Intensivo III y IV,(2) Grupo 2,28
2026-08-04T04:34+00:00,1000053-B,Inglés Intensivo III y IV,(3) Grupo 3,30
2026-08-04T04:34+00:00,1000053-B,Inglés Intensivo III y IV,(4) Grupo 4,30
2026-08-04T04:34+00:00,1000053-B,Inglés Intensivo III y IV,(5) Grupo 5,28
2026-08-04T04:34+00:00,1000053-B,Inglés Intensivo III y IV,(6) Grupo 6,28
2026-08-04T04:34+00:00,1000047-B,Inglés IV- Semestral,(1) Grupo 1,26
2026-08-04T04:34+00:00,1000047-B,Inglés IV- Semestral,(10) Grupo 10,26
2026-08-04T04:34+00:00,1000047-B,Inglés IV- Semestral,(11) Grupo 11,26
2026-08-04T04:34+00:00,1000047-B,Inglés IV- Semestral,(12) Grupo 12,26
2026-08-04T04:34+00:00,1000047-B,Inglés IV- Semestral,(13) Grupo 13,26
2026-08-04T04:34+00:00,1000047-B,Inglés IV- Semestral,(14) Grupo 14,26
2026-08-04T04:34+00:00,1000047-B,Inglés IV- Semestral,(15) Grupo 15,26
2026-08-04T04:34+00:00,1000047-B,Inglés IV- Semestral,(16) Grupo 16,26
2026-08-04T04:34+00:00,1000047-B,Inglés IV- Semestral,(17) Grupo 17,26
2026-08-04T04:34+00:00,1000047-B,Inglés IV- Semestral,(18) Grupo 18,26
2026-08-04T04:34+00:00,1000047-B,Inglés IV- Semestral,(19) Grupo 19,26
2026-08-04T04:34+00:00,1000047-B,Inglés IV- Semestral,(2) Grupo 2,26
2026-08-04T04:34+00:00,1000047-B,Inglés IV- Semestral,(20) Grupo 20,26
2026-08-04T04:34+00:00,1000047-B,Inglés IV- Semestral,(21) Grupo 21,26
2026-08-04T04:34+00:00,1000047-B,Inglés IV- Semestral,(22) Grupo 22,26
2026-08-04T04:34+00:00,1000047-B,Inglés IV- Semestral,(3) Grupo 3,26
2026-08-04T04:34+00:00,1000047-B,Inglés IV- Semestral,(4) Grupo 4,26
2026-08-04T04:34+00:00,1000047-B,Inglés IV- Semestral,(5) Grupo 5,26
2026-08-04T04:34+00:00,1000047-B,Inglés IV- Semestral,(6) Grupo 6,26
2026-08-04T04:34+00:00,1000047-B,Inglés IV- Semestral,(7) Grupo 7,26
2026-08-04T04:34+00:00,1000047-B,Inglés IV- Semestral,(8) Grupo 8,26
2026-08-04T04:34+00:00,1000047-B,Inglés IV- Semestral,(9) Grupo 9,15
2026-08-04T04:34+00:00,2026186,Introducción a la ingeniería civil,(1) Grupo 1,7
2026-08-04T04:34+00:00,2026186,Introducción a la ingeniería civil,(2) Grupo 2,0
2026-08-04T04:34+00:00,2026186,Introducción a la ingeniería civil,(4) Grupo 4,10
2026-08-04T04:34+00:00,1000002-B,Lecto-Escritura,(1) Grupo 1 - Clase Presencial,1
2026-08-04T04:34+00:00,1000002-B,Lecto-Escritura,(10) Grupo 10 - Clase presencial,0
2026-08-04T04:34+00:00,1000002-B,Lecto-Escritura,(2) Grupo 2 - Clase Presencial,0
2026-08-04T04:34+00:00,1000002-B,Lecto-Escritura,(3) Grupo 3 - Clase Presencial,0
2026-08-04T04:34+00:00,1000002-B,Lecto-Escritura,(4) Grupo 4 - Clase Presencial,0
2026-08-04T04:34+00:00,1000002-B,Lecto-Escritura,(5) Grupo 5 - Clase Presencial,0
2026-08-04T04:34+00:00,1000002-B,Lecto-Escritura,(6) Grupo 6 - Clase Presencial,0
2026-08-04T04:34+00:00,1000002-B,Lecto-Escritura,(7) Grupo 7 - Clase Presencial,0
2026-08-04T04:34+00:00,1000002-B,Lecto-Escritura,(8) Grupo 8 - Clase Presencial,0
2026-08-04T04:34+00:00,1000002-B,Lecto-Escritura,(9) Grupo 9 - Clase Presencial,10
2026-08-04T04:34+00:00,1000001-B,Matemáticas Básicas,(1) Grupo 1,0
2026-08-04T04:34+00:00,1000001-B,Matemáticas Básicas,(19) Grupo 19,5
2026-08-04T04:34+00:00,1000001-B,Matemáticas Básicas,(2) Grupo 2,10
2026-08-04T04:34+00:00,1000001-B,Matemáticas Básicas,(1) Grupo 1,0
2026-08-04T04:34+00:00,1000001-B,Matemáticas Básicas,(10) Grupo 10,0
2026-08-04T04:34+00:00,1000001-B,Matemáticas Básicas,(2) Grupo 2,0
2026-08-04T04:34+00:00,1000001-B,Matemáticas Básicas,(3) Grupo 3,0
2026-08-04T04:34+00:00,1000001-B,Matemáticas Básicas,(4) Grupo 4,0
2026-08-04T04:34+00:00,1000001-B,Matemáticas Básicas,(5) Grupo 5,0
2026-08-04T04:34+00:00,1000001-B,Matemáticas Básicas,(6) Grupo 6,0
2026-08-04T04:34+00:00,1000001-B,Matemáticas Básicas,(7) Grupo 7,0
2026-08-04T04:34+00:00,1000001-B,Matemáticas Básicas,(8) Grupo 8,0
2026-08-04T04:34+00:00,1000001-B,Matemáticas Básicas,(9) Grupo 9,10
2026-08-04T04:34+00:00,2015965,Materiales para construcción,(1) Grupo 1,24
2026-08-04T04:34+00:00,2015965,Materiales para construcción,(2) Grupo 2,24
2026-08-04T04:34+00:00,2015965,Materiales para construcción,(3) Grupo 3,24
2026-08-04T04:34+00:00,2015965,Materiales para construcción,(4) Grupo 4,24
2026-08-04T04:34+00:00,2015966,Mecánica de fluidos,(1) Grupo 1,24
2026-08-04T04:34+00:00,2015966,Mecánica de fluidos,(2) Grupo 2,24
2026-08-04T04:34+00:00,2015966,Mecánica de fluidos,(3) Grupo 3,24
2026-08-04T04:34+00:00,2015966,Mecánica de fluidos,(4) Grupo 4,24
2026-08-04T04:34+00:00,2015966,Mecánica de fluidos,(5) Grupo 5,24
2026-08-04T04:34+00:00,2015966,Mecánica de fluidos,(6) Grupo 6,24
2026-08-04T04:34+00:00,2015966,Mecánica de fluidos,(7) Grupo 7,24
2026-08-04T04:34+00:00,2015966,Mecánica de fluidos,(8) Grupo 8,24
2026-08-04T04:34+00:00,2015967,Mecánica de Rocas,(1) Grupo 1,24
2026-08-04T04:34+00:00,2015968,Mecánica de sólidos,(1) Grupo 1,24
2026-08-04T04:34+00:00,2015968,Mecánica de sólidos,(2) Grupo 2,24
2026-08-04T04:34+00:00,2015968,Mecánica de sólidos,(3) Grupo 3,24
2026-08-04T04:34+00:00,2015968,Mecánica de sólidos,(4) Grupo 4,24
2026-08-04T04:34+00:00,2015968,Mecánica de sólidos,(5) Grupo 5,24
2026-08-04T04:34+00:00,2015968,Mecánica de sólidos,(6) Grupo 6,24
2026-08-04T04:34+00:00,2015968,Mecánica de sólidos,(7) Grupo 7,0
2026-08-04T04:34+00:00,2015969,Mecánica de suelos,(1) Grupo 1 (Inglés),30
2026-08-04T04:34+00:00,2015969,Mecánica de suelos,(2) Grupo 2,30
2026-08-04T04:34+00:00,2015969,Mecánica de suelos,(3) Grupo 3,30
2026-08-04T04:34+00:00,2015969,Mecánica de suelos,(4) Grupo 4,30
2026-08-04T04:34+00:00,2015970,Métodos numéricos,(4) Grupo 4,30
2026-08-04T04:34+00:00,2015970,Métodos numéricos,(5) Grupo 5,45
2026-08-04T04:34+00:00,2015970,Métodos numéricos,(8) Grupo 8,30
2026-08-04T04:34+00:00,2015970,Métodos numéricos,(9) Grupo 9,45
2026-08-04T04:34+00:00,2017293,Modelación matemática,(1) 2017293-1 Modelación matemática,34
2026-08-04T04:34+00:00,2017293,Modelación matemática,(2) 2017293-2 Modelación matemática,34
2026-08-04T04:34+00:00,2017293,Modelación matemática,(1M) 2017293-1M Modelación matemática - Magistral,80
2026-08-04T04:34+00:00,2015971,Pavimentos,(1) Grupo 1,30
2026-08-04T04:34+00:00,2015971,Pavimentos,(2) Grupo 2,30
2026-08-04T04:34+00:00,2015971,Pavimentos,(3) Grupo 3,30
2026-08-04T04:34+00:00,2015972,Preparación y evaluación de proyectos de infraestructura,(1) Grupo 1,15
2026-08-04T04:34+00:00,2015972,Preparación y evaluación de proyectos de infraestructura,(2) Grupo 2,15
2026-08-04T04:34+00:00,2015972,Preparación y evaluación de proyectos de infraestructura,(3) Grupo 3,15
2026-08-04T04:34+00:00,1000024-B,Principios de química,(12) Grupo 12,0
2026-08-04T04:34+00:00,1000024-B,Principios de química,(13) Grupo 13,0
2026-08-04T04:34+00:00,1000024-B,Principios de química,(14) Grupo 14,10
2026-08-04T04:34+00:00,1000013-B,Probabilidad y estadística fundamental,(1) Grupo 1,0
2026-08-04T04:34+00:00,1000013-B,Probabilidad y estadística fundamental,(10) Grupo 10,35
2026-08-04T04:34+00:00,1000013-B,Probabilidad y estadística fundamental,(11) Grupo 11,40
2026-08-04T04:34+00:00,1000013-B,Probabilidad y estadística fundamental,(12) Grupo 12,40
2026-08-04T04:34+00:00,1000013-B,Probabilidad y estadística fundamental,(13) Grupo 13,30
2026-08-04T04:34+00:00,1000013-B,Probabilidad y estadística fundamental,(14) Grupo 14,45
2026-08-04T04:34+00:00,1000013-B,Probabilidad y estadística fundamental,(16) Grupo 16,30
2026-08-04T04:34+00:00,1000013-B,Probabilidad y estadística fundamental,(2) Grupo 2,40
2026-08-04T04:34+00:00,1000013-B,Probabilidad y estadística fundamental,(22) Grupo 22,45
2026-08-04T04:34+00:00,1000013-B,Probabilidad y estadística fundamental,(23) Grupo 23,0
2026-08-04T04:34+00:00,1000013-B,Probabilidad y estadística fundamental,(3) Grupo 3,40
2026-08-04T04:34+00:00,1000013-B,Probabilidad y estadística fundamental,(4) Grupo 4,40
2026-08-04T04:34+00:00,1000013-B,Probabilidad y estadística fundamental,(5) Grupo 5,35
2026-08-04T04:34+00:00,1000013-B,Probabilidad y estadística fundamental,(6) Grupo 6,35
2026-08-04T04:34+00:00,1000013-B,Probabilidad y estadística fundamental,(7) Grupo 7,40
2026-08-04T04:34+00:00,2015734,Programación de computadores,(1) Grupo 1,6
2026-08-04T04:34+00:00,2015734,Programación de computadores,(10) Grupo 10,4
2026-08-04T04:34+00:00,2015734,Programación de computadores,(11) Grupo 11,0
2026-08-04T04:34+00:00,2015734,Programación de computadores,(12) Grupo 12,1
2026-08-04T04:34+00:00,2015734,Programación de computadores,(13) Grupo 13,4
2026-08-04T04:34+00:00,2015734,Programación de computadores,(14) Grupo 14,0
2026-08-04T04:34+00:00,2015734,Programación de computadores,(2) Grupo 2,16
2026-08-04T04:34+00:00,2015734,Programación de computadores,(3) Grupo 3,0
2026-08-04T04:34+00:00,2015734,Programación de computadores,(4) Grupo 4,0
2026-08-04T04:34+00:00,2015734,Programación de computadores,(5) Grupo 5,0
2026-08-04T04:34+00:00,2015734,Programación de computadores,(6) Grupo 6,8
2026-08-04T04:34+00:00,2015734,Programación de computadores,(7) Grupo 7,3
2026-08-04T04:34+00:00,2015734,Programación de computadores,(8) Grupo 8 - Virtual,30
2026-08-04T04:34+00:00,2015734,Programación de computadores,(9) Grupo 9,18
2026-08-04T04:34+00:00,2015973,Saneamiento ambiental,(1) Grupo 1,25
2026-08-04T04:34+00:00,2015973,Saneamiento ambiental,(2) Grupo 2,25
2026-08-04T04:34+00:00,2015973,Saneamiento ambiental,(3) Grupo 3,25
2026-08-04T04:34+00:00,2022761,SIG para Ingeniería Civil,(1) Grupo 1,15
2026-08-04T04:34+00:00,2022761,SIG para Ingeniería Civil,(2) Grupo 2,15
2026-08-04T04:34+00:00,2022761,SIG para Ingeniería Civil,(3) Grupo 3,15
2026-08-04T04:34+00:00,2015296,Trabajo de Grado,(1) Grupo 1,5
2026-08-04T04:34+00:00,2015296,Trabajo de Grado,(10) Grupo 10,5
2026-08-04T04:34+00:00,2015296,Trabajo de Grado,(11) Grupo 11,5
2026-08-04T04:34+00:00,2015296,Trabajo de Grado,(12) Grupo 12,5
2026-08-04T04:34+00:00,2015296,Trabajo de Grado,(13) Grupo 13,5
2026-08-04T04:34+00:00,2015296,Trabajo de Grado,(14) Grupo 14,5
2026-08-04T04:34+00:00,2015296,Trabajo de Grado,(15) Grupo 15,5
2026-08-04T04:34+00:00,2015296,Trabajo de Grado,(16) Grupo 16,5
2026-08-04T04:34+00:00,2015296,Trabajo de Grado,(17) Grupo 17,5
2026-08-04T04:34+00:00,2015296,Trabajo de Grado,(18) Grupo 18,5
2026-08-04T04:34+00:00,2015296,Trabajo de Grado,(19) Grupo 19,0
2026-08-04T04:34+00:00,2015296,Trabajo de Grado,(2) Grupo 2,5
2026-08-04T04:34+00:00,2015296,Trabajo de Grado,(3) Grupo 3,5
2026-08-04T04:34+00:00,2015296,Trabajo de Grado,(4) Grupo 4,5
2026-08-04T04:34+00:00,2015296,Trabajo de Grado,(5) Grupo 5,5
2026-08-04T04:34+00:00,2015296,Trabajo de Grado,(6) Grupo 6,5
2026-08-04T04:34+00:00,2015296,Trabajo de Grado,(7) Grupo 7,5
2026-08-04T04:34+00:00,2015296,Trabajo de Grado,(8) Grupo 8,5
2026-08-04T04:34+00:00,2015296,Trabajo de Grado,(9) Grupo 9,5
2026-08-05T04:32+00:00,2015938,Acueductos,(1) Grupo 1,25
2026-08-05T04:32+00:00,2015938,Acueductos,(2) Grupo 2,25
2026-08-05T04:32+00:00,2015938,Acueductos,(3) Grupo 3,25
2026-08-05T04:32+00:00,2015938,Acueductos,(4) Grupo 4,24
2026-08-05T04:32+00:00,2015939,Alcantarillados,(1) Grupo 1,25
2026-08-05T04:32+00:00,2015939,Alcantarillados,(2) Grupo 2,25
2026-08-05T04:32+00:00,2015939,Alcantarillados,(3) Grupo 3,25
2026-08-05T04:32+00:00,2015939,Alcantarillados,(4) Grupo 4,25
2026-08-05T04:32+00:00,2015940,Análisis estructural aplicado,(1) Grupo 1,24
2026-08-05T04:32+00:00,2015940,Análisis estructural aplicado,(2) Grupo 2,24
2026-08-05T04:32+00:00,2015940,Análisis estructural aplicado,(3) Grupo 3,24
2026-08-05T04:32+00:00,2015941,Análisis estructural básico,(1) Grupo 1,30
2026-08-05T04:32+00:00,2015941,Análisis estructural básico,(2) Grupo 2,30
2026-08-05T04:32+00:00,2015941,Análisis estructural básico,(3) Grupo 3,30
2026-08-05T04:32+00:00,2015941,Análisis estructural básico,(4) Grupo 4,30
2026-08-05T04:32+00:00,1000004-B,Cálculo diferencial,(10) Grupo 10,53
2026-08-05T04:32+00:00,1000004-B,Cálculo diferencial,(11) Grupo 11,24
2026-08-05T04:32+00:00,1000004-B,Cálculo diferencial,(12) Grupo 12,24
2026-08-05T04:32+00:00,1000004-B,Cálculo diferencial,(13) Grupo 13,16
2026-08-05T04:32+00:00,1000004-B,Cálculo diferencial,(14) Grupo 14,90
2026-08-05T04:32+00:00,1000004-B,Cálculo diferencial,(16) Grupo 16,27
2026-08-05T04:32+00:00,1000004-B,Cálculo diferencial,(17) Grupo 17,39
2026-08-05T04:32+00:00,1000004-B,Cálculo diferencial,(19) Grupo 19,59
2026-08-05T04:32+00:00,1000004-B,Cálculo diferencial,(2) Grupo 2,24
2026-08-05T04:32+00:00,1000004-B,Cálculo diferencial,(20) Grupo 20,10
2026-08-05T04:32+00:00,1000004-B,Cálculo diferencial,(21) Grupo 21,60
2026-08-05T04:32+00:00,1000004-B,Cálculo diferencial,(22) Grupo 22,60
2026-08-05T04:32+00:00,1000004-B,Cálculo diferencial,(24) Grupo 24,60
2026-08-05T04:32+00:00,1000004-B,Cálculo diferencial,(25) Grupo 25,40
2026-08-05T04:32+00:00,1000004-B,Cálculo diferencial,(27) Grupo 27,51
2026-08-05T04:32+00:00,1000004-B,Cálculo diferencial,(28) Grupo 28,60
2026-08-05T04:32+00:00,1000004-B,Cálculo diferencial,(29) Grupo 29,60
2026-08-05T04:32+00:00,1000004-B,Cálculo diferencial,(30) Grupo 30,60
2026-08-05T04:32+00:00,1000004-B,Cálculo diferencial,(32) Grupo 32,90
2026-08-05T04:32+00:00,1000004-B,Cálculo diferencial,(4) Grupo 4,37
2026-08-05T04:32+00:00,1000004-B,Cálculo diferencial,(5) Grupo 5,84
2026-08-05T04:32+00:00,1000004-B,Cálculo diferencial,(7) Grupo 7,64
2026-08-05T04:32+00:00,1000004-B,Cálculo diferencial,(8) Grupo 8,40
2026-08-05T04:32+00:00,1000004-B,Cálculo diferencial,(9) Grupo 9,18
2026-08-05T04:32+00:00,1000006-B,Cálculo en varias variables,(1) Grupo 1,40
2026-08-05T04:32+00:00,1000006-B,Cálculo en varias variables,(10) Grupo 10,100
2026-08-05T04:32+00:00,1000006-B,Cálculo en varias variables,(11) Grupo 11,40
2026-08-05T04:32+00:00,1000006-B,Cálculo en varias variables,(12) Grupo 12,60
2026-08-05T04:32+00:00,1000006-B,Cálculo en varias variables,(13) Grupo 13,40
2026-08-05T04:32+00:00,1000006-B,Cálculo en varias variables,(14) Grupo 14,60
2026-08-05T04:32+00:00,1000006-B,Cálculo en varias variables,(15) Grupo 15,112
2026-08-05T04:32+00:00,1000006-B,Cálculo en varias variables,(2) Grupo 2,40
2026-08-05T04:32+00:00,1000006-B,Cálculo en varias variables,(3) Grupo 3,40
2026-08-05T04:32+00:00,1000006-B,Cálculo en varias variables,(4) Grupo 4,100
2026-08-05T04:32+00:00,1000006-B,Cálculo en varias variables,(5) Grupo 5,40
2026-08-05T04:32+00:00,1000006-B,Cálculo en varias variables,(7) Grupo 7,70
2026-08-05T04:32+00:00,1000006-B,Cálculo en varias variables,(8) Grupo 8,60
2026-08-05T04:32+00:00,1000006-B,Cálculo en varias variables,(9) Grupo 9,0
2026-08-05T04:32+00:00,1000005-B,Cálculo Integral,(1) Grupo 1,0
2026-08-05T04:32+00:00,1000005-B,Cálculo Integral,(10) Grupo 10,50
2026-08-05T04:32+00:00,1000005-B,Cálculo Integral,(14) Grupo 14,40
2026-08-05T04:32+00:00,1000005-B,Cálculo Integral,(15) Grupo 15,60
2026-08-05T04:32+00:00,1000005-B,Cálculo Integral,(16) Grupo 16,70
2026-08-05T04:32+00:00,1000005-B,Cálculo Integral,(17) Grupo 17,40
2026-08-05T04:32+00:00,1000005-B,Cálculo Integral,(2) Grupo 2,60
2026-08-05T04:32+00:00,1000005-B,Cálculo Integral,(20) Grupo 20,40
2026-08-05T04:32+00:00,1000005-B,Cálculo Integral,(22) Grupo 22,60
2026-08-05T04:32+00:00,1000005-B,Cálculo Integral,(3) Grupo 3,70
2026-08-05T04:32+00:00,1000005-B,Cálculo Integral,(4) Grupo 4,60
2026-08-05T04:32+00:00,1000005-B,Cálculo Integral,(6) Grupo 6,60
2026-08-05T04:32+00:00,1000005-B,Cálculo Integral,(7) Grupo 7,100
2026-08-05T04:32+00:00,1000005-B,Cálculo Integral,(8) Grupo 8,40
2026-08-05T04:32+00:00,1000005-B,Cálculo Integral,(9) Grupo 9,10
2026-08-05T04:32+00:00,2015943,Construcción de edificaciones,(1) Grupo 1,15
2026-08-05T04:32+00:00,2015944,Construcción de Infraestructura Vial,(1) Grupo 1,15
2026-08-05T04:32+00:00,2015711,Dibujo básico,(10) 2015711-10 Dibujo básico,0
2026-08-05T04:32+00:00,2015711,Dibujo básico,(11) 2015711-11 Dibujo básico,0
2026-08-05T04:32+00:00,2015711,Dibujo básico,(14) 2015711-14 Dibujo básico,0
2026-08-05T04:32+00:00,2015711,Dibujo básico,(16) 2015711-16 Dibujo básico,0
2026-08-05T04:32+00:00,2015711,Dibujo básico,(4) 2015711-4 Dibujo básico,9
2026-08-05T04:32+00:00,2015711,Dibujo básico,(5) 2015711-5 Dibujo básico,0
2026-08-05T04:32+00:00,2015711,Dibujo básico,(7) 2015711-7 Dibujo básico,20
2026-08-05T04:32+00:00,2015711,Dibujo básico,(8) 2015711-8 Dibujo básico,0
2026-08-05T04:32+00:00,2015711,Dibujo básico,(9) 2015711-9 Dibujo básico,0
2026-08-05T04:32+00:00,2015948,Dinámica,(1) Grupo 1,30
2026-08-05T04:32+00:00,2015948,Dinámica,(2) Grupo 2,30
2026-08-05T04:32+00:00,2015948,Dinámica,(3) Grupo 3,30
2026-08-05T04:32+00:00,2015950,Diseño estructural,(1) Grupo 1,25
2026-08-05T04:32+00:00,2015950,Diseño estructural,(2) Grupo 2,0
2026-08-05T04:32+00:00,2015950,Diseño estructural,(3) Grupo 3,25
2026-08-05T04:32+00:00,2015950,Diseño estructural,(4) Grupo 4,25
2026-08-05T04:32+00:00,2015950,Diseño estructural,(5) Grupo 5,25
2026-08-05T04:32+00:00,2015949,Diseño geométrico de Vías,(1) Grupo 1,30
2026-08-05T04:32+00:00,2015949,Diseño geométrico de Vías,(2) Grupo 2,30
2026-08-05T04:32+00:00,2015949,Diseño geométrico de Vías,(3) Grupo 3,30
2026-08-05T04:32+00:00,1000007-B,Ecuaciones Diferenciales,(1) Grupo 1,60
2026-08-05T04:32+00:00,1000007-B,Ecuaciones Diferenciales,(11) Grupo 11,60
2026-08-05T04:32+00:00,1000007-B,Ecuaciones Diferenciales,(12) Grupo 12,60
2026-08-05T04:32+00:00,1000007-B,Ecuaciones Diferenciales,(13) Grupo 13,40
2026-08-05T04:32+00:00,1000007-B,Ecuaciones Diferenciales,(14) Grupo 14,100
2026-08-05T04:32+00:00,1000007-B,Ecuaciones Diferenciales,(3) Grupo 3,40
2026-08-05T04:32+00:00,1000007-B,Ecuaciones Diferenciales,(4) Grupo 4,60
2026-08-05T04:32+00:00,1000007-B,Ecuaciones Diferenciales,(6) Grupo 6,50
2026-08-05T04:32+00:00,1000007-B,Ecuaciones Diferenciales,(7) Grupo 7,40
2026-08-05T04:32+00:00,1000007-B,Ecuaciones Diferenciales,(9) Grupo 9,0
2026-08-05T04:32+00:00,2026134,Estática,(1) Grupo 1,0
2026-08-05T04:32+00:00,2026134,Estática,(2) Grupo 2,30
2026-08-05T04:32+00:00,2026134,Estática,(3) Grupo 3,30
2026-08-05T04:32+00:00,2026134,Estática,(4) Grupo 4,30
2026-08-05T04:32+00:00,2026134,Estática,(5) Grupo 5,30
2026-08-05T04:32+00:00,2026134,Estática,(6) Grupo 6,30
2026-08-05T04:32+00:00,2015954,Estructuras hidráulicas,(1) Grupo 1,30
2026-08-05T04:32+00:00,2015954,Estructuras hidráulicas,(2) Grupo 2,30
2026-08-05T04:32+00:00,2015954,Estructuras hidráulicas,(3) Grupo 3,30
2026-08-05T04:32+00:00,2015955,Fundamentos de construcción,(1) Grupo 1,30
2026-08-05T04:32+00:00,2015955,Fundamentos de construcción,(2) Grupo 2,30
2026-08-05T04:32+00:00,2015955,Fundamentos de construcción,(3) Grupo 3,30
2026-08-05T04:32+00:00,1000011-B,Fundamentos de ecología,(1) Grupo 1,118
2026-08-05T04:32+00:00,1000011-B,Fundamentos de ecología,(3) Grupo 3,12
2026-08-05T04:32+00:00,1000019-B,Fundamentos de mecánica,(1) Grupo 1,35
2026-08-05T04:32+00:00,1000019-B,Fundamentos de mecánica,(10) Grupo 10,35
2026-08-05T04:32+00:00,1000019-B,Fundamentos de mecánica,(11) Grupo 11,35
2026-08-05T04:32+00:00,1000019-B,Fundamentos de mecánica,(12) Grupo 12,35
2026-08-05T04:32+00:00,1000019-B,Fundamentos de mecánica,(13) Grupo 13,35
2026-08-05T04:32+00:00,1000019-B,Fundamentos de mecánica,(14) Grupo 14,35
2026-08-05T04:32+00:00,1000019-B,Fundamentos de mecánica,(15) Grupo 15,32
2026-08-05T04:32+00:00,1000019-B,Fundamentos de mecánica,(16) Grupo 16,35
2026-08-05T04:32+00:00,1000019-B,Fundamentos de mecánica,(17) Grupo 17,34
2026-08-05T04:32+00:00,1000019-B,Fundamentos de mecánica,(18) Grupo 18,34
2026-08-05T04:32+00:00,1000019-B,Fundamentos de mecánica,(19) Grupo 19,32
2026-08-05T04:32+00:00,1000019-B,Fundamentos de mecánica,(2) Grupo 2,35
2026-08-05T04:32+00:00,1000019-B,Fundamentos de mecánica,(20) Grupo 20,35
2026-08-05T04:32+00:00,1000019-B,Fundamentos de mecánica,(21) Grupo 21,35
2026-08-05T04:32+00:00,1000019-B,Fundamentos de mecánica,(22) Grupo 22,35
2026-08-05T04:32+00:00,1000019-B,Fundamentos de mecánica,(23) Grupo 23,35
2026-08-05T04:32+00:00,1000019-B,Fundamentos de mecánica,(24) Grupo 24,35
2026-08-05T04:32+00:00,1000019-B,Fundamentos de mecánica,(25) Grupo 25,45
2026-08-05T04:32+00:00,1000019-B,Fundamentos de mecánica,(26) Grupo 26 (VIRTUAL),50
2026-08-05T04:32+00:00,1000019-B,Fundamentos de mecánica,(27) Grupo 27 (VIRTUAL),50
2026-08-05T04:32+00:00,1000019-B,Fundamentos de mecánica,(28) Grupo 28 (VIRTUAL),50
2026-08-05T04:32+00:00,1000019-B,Fundamentos de mecánica,(29) Grupo 29 (VIRTUAL),50
2026-08-05T04:32+00:00,1000019-B,Fundamentos de mecánica,(3) Grupo 3,35
2026-08-05T04:32+00:00,1000019-B,Fundamentos de mecánica,(4) Grupo 4,35
2026-08-05T04:32+00:00,1000019-B,Fundamentos de mecánica,(5) Grupo 5,35
2026-08-05T04:32+00:00,1000019-B,Fundamentos de mecánica,(6) Grupo 6,35
2026-08-05T04:32+00:00,1000019-B,Fundamentos de mecánica,(7) Grupo 7,35
2026-08-05T04:32+00:00,1000019-B,Fundamentos de mecánica,(8) Grupo 8,35
2026-08-05T04:32+00:00,1000019-B,Fundamentos de mecánica,(9) Grupo 9,0
2026-08-05T04:32+00:00,1000019-B,Fundamentos de mecánica,(1) Grupo 1,35
2026-08-05T04:32+00:00,1000019-B,Fundamentos de mecánica,(10) Grupo 10,35
2026-08-05T04:32+00:00,1000019-B,Fundamentos de mecánica,(11) Grupo 11,35
2026-08-05T04:32+00:00,1000019-B,Fundamentos de mecánica,(12) Grupo 12,35
2026-08-05T04:32+00:00,1000019-B,Fundamentos de mecánica,(13) Grupo 13,35
2026-08-05T04:32+00:00,1000019-B,Fundamentos de mecánica,(14) Grupo 14,35
2026-08-05T04:32+00:00,1000019-B,Fundamentos de mecánica,(15) Grupo 15,32
2026-08-05T04:32+00:00,1000019-B,Fundamentos de mecánica,(16) Grupo 16,35
2026-08-05T04:32+00:00,1000019-B,Fundamentos de mecánica,(17) Grupo 17,34
2026-08-05T04:32+00:00,1000019-B,Fundamentos de mecánica,(18) Grupo 18,34
2026-08-05T04:32+00:00,1000019-B,Fundamentos de mecánica,(19) Grupo 19,32
2026-08-05T04:32+00:00,1000019-B,Fundamentos de mecánica,(2) Grupo 2,35
2026-08-05T04:32+00:00,1000019-B,Fundamentos de mecánica,(20) Grupo 20,35
2026-08-05T04:32+00:00,1000019-B,Fundamentos de mecánica,(21) Grupo 21,35
2026-08-05T04:32+00:00,1000019-B,Fundamentos de mecánica,(22) Grupo 22,35
2026-08-05T04:32+00:00,1000019-B,Fundamentos de mecánica,(23) Grupo 23,35
2026-08-05T04:32+00:00,1000019-B,Fundamentos de mecánica,(24) Grupo 24,35
2026-08-05T04:32+00:00,1000019-B,Fundamentos de mecánica,(25) Grupo 25,45
2026-08-05T04:32+00:00,1000019-B,Fundamentos de mecánica,(26) Grupo 26 (VIRTUAL),50
2026-08-05T04:32+00:00,1000019-B,Fundamentos de mecánica,(27) Grupo 27 (VIRTUAL),50
2026-08-05T04:32+00:00,1000019-B,Fundamentos de mecánica,(28) Grupo 28 (VIRTUAL),50
2026-08-05T04:32+00:00,1000019-B,Fundamentos de mecánica,(29) Grupo 29 (VIRTUAL),50
2026-08-05T04:32+00:00,1000019-B,Fundamentos de mecánica,(3) Grupo 3,35
2026-08-05T04:32+00:00,1000019-B,Fundamentos de mecánica,(4) Grupo 4,35
2026-08-05T04:32+00:00,1000019-B,Fundamentos de mecánica,(5) Grupo 5,35
2026-08-05T04:32+00:00,1000019-B,Fundamentos de mecánica,(6) Grupo 6,35
2026-08-05T04:32+00:00,1000019-B,Fundamentos de mecánica,(7) Grupo 7,35
2026-08-05T04:32+00:00,1000019-B,Fundamentos de mecánica,(8) Grupo 8,35
2026-08-05T04:32+00:00,1000019-B,Fundamentos de mecánica,(9) Grupo 9,15
2026-08-05T04:32+00:00,1000019-B,Fundamentos de mecánica,(16) Gruop 16,8
2026-08-05T04:32+00:00,1000019-B,Fundamentos de mecánica,(1) Grupo 1,35
2026-08-05T04:32+00:00,1000019-B,Fundamentos de mecánica,(10) Grupo 10,35
2026-08-05T04:32+00:00,1000019-B,Fundamentos de mecánica,(11) Grupo 11,35
2026-08-05T04:32+00:00,1000019-B,Fundamentos de mecánica,(12) Grupo 12,35
2026-08-05T04:32+00:00,1000019-B,Fundamentos de mecánica,(13) Grupo 13,35
2026-08-05T04:32+00:00,1000019-B,Fundamentos de mecánica,(14) Grupo 14,35
2026-08-05T04:32+00:00,1000019-B,Fundamentos de mecánica,(15) Grupo 15,32
2026-08-05T04:32+00:00,1000019-B,Fundamentos de mecánica,(17) Grupo 17,34
2026-08-05T04:32+00:00,1000019-B,Fundamentos de mecánica,(18) Grupo 18,34
2026-08-05T04:32+00:00,1000019-B,Fundamentos de mecánica,(19) Grupo 19,32
2026-08-05T04:32+00:00,1000019-B,Fundamentos de mecánica,(2) Grupo 2,35
2026-08-05T04:32+00:00,1000019-B,Fundamentos de mecánica,(20) Grupo 20,35
2026-08-05T04:32+00:00,1000019-B,Fundamentos de mecánica,(21) Grupo 21,35
2026-08-05T04:32+00:00,1000019-B,Fundamentos de mecánica,(22) Grupo 22,35
2026-08-05T04:32+00:00,1000019-B,Fundamentos de mecánica,(23) Grupo 23,35
2026-08-05T04:32+00:00,1000019-B,Fundamentos de mecánica,(24) Grupo 24,35
2026-08-05T04:32+00:00,1000019-B,Fundamentos de mecánica,(25) Grupo 25,45
2026-08-05T04:32+00:00,1000019-B,Fundamentos de mecánica,(26) Grupo 26 (VIRTUAL),50
2026-08-05T04:32+00:00,1000019-B,Fundamentos de mecánica,(27) Grupo 27 (VIRTUAL),50
2026-08-05T04:32+00:00,1000019-B,Fundamentos de mecánica,(28) Grupo 28 (VIRTUAL),50
2026-08-05T04:32+00:00,1000019-B,Fundamentos de mecánica,(29) Grupo 29 (VIRTUAL),50
2026-08-05T04:32+00:00,1000019-B,Fundamentos de mecánica,(3) Grupo 3,35
2026-08-05T04:32+00:00,1000019-B,Fundamentos de mecánica,(4) Grupo 4,35
2026-08-05T04:32+00:00,1000019-B,Fundamentos de mecánica,(5) Grupo 5,35
2026-08-05T04:32+00:00,1000019-B,Fundamentos de mecánica,(6) Grupo 6,35
2026-08-05T04:32+00:00,1000019-B,Fundamentos de mecánica,(7) Grupo 7,35
2026-08-05T04:32+00:00,1000019-B,Fundamentos de mecánica,(8) Grupo 8,35
2026-08-05T04:32+00:00,1000019-B,Fundamentos de mecánica,(9) Grupo 9,10
2026-08-05T04:32+00:00,2015956,Geología,(1) Grupo 1,35
2026-08-05T04:32+00:00,2015956,Geología,(2) Grupo 2,30
2026-08-05T04:32+00:00,2015956,Geología,(3) Grupo 3,30
2026-08-05T04:32+00:00,2015956,Geología,(4) Grupo 4,35
2026-08-05T04:32+00:00,2015957,Geomática Aplicada,(1) Grupo 1,30
2026-08-05T04:32+00:00,2015957,Geomática Aplicada,(2) Grupo 2,30
2026-08-05T04:32+00:00,2015957,Geomática Aplicada,(3) Grupo 3,30
2026-08-05T04:32+00:00,2015957,Geomática Aplicada,(4) Grupo 4,30
2026-08-05T04:32+00:00,2015958,Geomática básica,(1) Grupo 1,20
2026-08-05T04:32+00:00,2015958,Geomática básica,(2) Grupo 2,20
2026-08-05T04:32+00:00,2015958,Geomática básica,(3) Grupo 3,30
2026-08-05T04:32+00:00,2015958,Geomática básica,(4) Grupo 4,20
2026-08-05T04:32+00:00,2015958,Geomática básica,(5) Grupo 5,20
2026-08-05T04:32+00:00,2015958,Geomática básica,(6) Grupo 6,20
2026-08-05T04:32+00:00,2015958,Geomática básica,(7) Grupo 7,20
2026-08-05T04:32+00:00,2015958,Geomática básica,(8) Grupo 8,20
2026-08-05T04:32+00:00,2015958,Geomática básica,(9) Grupo 9,20
2026-08-05T04:32+00:00,2015958,Geomática básica,(1) Grupo 1,40
2026-08-05T04:32+00:00,2015958,Geomática básica,(3) Grupo 3,30
2026-08-05T04:32+00:00,2015958,Geomática básica,(4) Grupo 4,40
2026-08-05T04:32+00:00,2015958,Geomática básica,(6) Grupo 6,40
2026-08-05T04:32+00:00,2015958,Geomática básica,(8) Grupo 8,40
2026-08-05T04:32+00:00,2015959,Geotecnia,(1) Grupo 1,30
2026-08-05T04:32+00:00,2015959,Geotecnia,(2) Grupo 2,30
2026-08-05T04:32+00:00,2015959,Geotecnia,(3) Grupo 3,30
2026-08-05T04:32+00:00,2015959,Geotecnia,(4) Grupo 4,0
2026-08-05T04:32+00:00,2015961,Hidráulica básica,(1) Grupo 1,24
2026-08-05T04:32+00:00,2015961,Hidráulica básica,(2) Grupo 2,24
2026-08-05T04:32+00:00,2015961,Hidráulica básica,(3) Grupo 3,24
2026-08-05T04:32+00:00,2015961,Hidráulica básica,(4) Grupo 4,24
2026-08-05T04:32+00:00,2015961,Hidráulica básica,(5) Grupo 5,24
2026-08-05T04:32+00:00,2015961,Hidráulica básica,(6) Grupo 6,24
2026-08-05T04:32+00:00,2015978,Hidrología,(1) Grupo 1,0
2026-08-05T04:32+00:00,2015978,Hidrología,(2) Grupo 2,30
2026-08-05T04:32+00:00,2015978,Hidrología,(3) Grupo 3,30
2026-08-05T04:32+00:00,2015978,Hidrología,(4) Grupo 4,30
2026-08-05T04:32+00:00,2015978,Hidrología,(5) Grupo 5,30
2026-08-05T04:32+00:00,2026135,Ingeniería civil sostenible,(1) Grupo 1,25
2026-08-05T04:32+00:00,2026135,Ingeniería civil sostenible,(2) Grupo 2,25
2026-08-05T04:32+00:00,2026135,Ingeniería civil sostenible,(3) Grupo 3,25
2026-08-05T04:32+00:00,2015963,Ingeniería de Tránsito,(1) Grupo 1,30
2026-08-05T04:32+00:00,2015963,Ingeniería de Tránsito,(2) Grupo 2,30
2026-08-05T04:32+00:00,2015963,Ingeniería de Tránsito,(3) Grupo 3,30
2026-08-05T04:32+00:00,2026138,Ingenieria de transporte,(1) Grupo 1,30
2026-08-05T04:32+00:00,2026138,Ingenieria de transporte,(2) Grupo 2,30
2026-08-05T04:32+00:00,2026138,Ingenieria de transporte,(3) Grupo 3,30
2026-08-05T04:32+00:00,2015703,Ingeniería económica,(1) Grupo 1,40
2026-08-05T04:32+00:00,2015703,Ingeniería económica,(10) Grupo 10,30
2026-08-05T04:32+00:00,2015703,Ingeniería económica,(11) Grupo 11,30
2026-08-05T04:32+00:00,2015703,Ingeniería económica,(2) Grupo 2,40
2026-08-05T04:32+00:00,2015703,Ingeniería económica,(3) Grupo 3,40
2026-08-05T04:32+00:00,2015703,Ingeniería económica,(4) Grupo 4,30
2026-08-05T04:32+00:00,2015703,Ingeniería económica,(5) Grupo 5 - Virtual,60
2026-08-05T04:32+00:00,2015703,Ingeniería económica,(6) Grupo 6,40
2026-08-05T04:32+00:00,2015703,Ingeniería económica,(7) Grupo 7,20
2026-08-05T04:32+00:00,2015703,Ingeniería económica,(8) Grupo 8,40
2026-08-05T04:32+00:00,2015703,Ingeniería económica,(9) Grupo 9,35
2026-08-05T04:32+00:00,1000044-B,Inglés I- Semestral,(1) Grupo 1,26
2026-08-05T04:32+00:00,1000044-B,Inglés I- Semestral,(2) Grupo 2,26
2026-08-05T04:32+00:00,1000044-B,Inglés I- Semestral,(3) Grupo 3,26
2026-08-05T04:32+00:00,1000044-B,Inglés I- Semestral,(4) Grupo 4,26
2026-08-05T04:32+00:00,1000044-B,Inglés I- Semestral,(5) Grupo 5,26
2026-08-05T04:32+00:00,1000044-B,Inglés I- Semestral,(6) Grupo 6,26
2026-08-05T04:32+00:00,1000044-B,Inglés I- Semestral,(7) Grupo 7,26
2026-08-05T04:32+00:00,1000044-B,Inglés I- Semestral,(8) Grupo 8,26
2026-08-05T04:32+00:00,1000044-B,Inglés I- Semestral,(9) Grupo 9,7
2026-08-05T04:32+00:00,1000045-B,Inglés II - Semestral,(1) Grupo 1,10
2026-08-05T04:32+00:00,1000045-B,Inglés II - Semestral,(10) Grupo 10,26
2026-08-05T04:32+00:00,1000045-B,Inglés II - Semestral,(11) Grupo 11,26
2026-08-05T04:32+00:00,1000045-B,Inglés II - Semestral,(12) Grupo 12,26
2026-08-05T04:32+00:00,1000045-B,Inglés II - Semestral,(13) Grupo 13,26
2026-08-05T04:32+00:00,1000045-B,Inglés II - Semestral,(14) Grupo 14,26
2026-08-05T04:32+00:00,1000045-B,Inglés II - Semestral,(15) Grupo 15,26
2026-08-05T04:32+00:00,1000045-B,Inglés II - Semestral,(16) Grupo 16,26
2026-08-05T04:32+00:00,1000045-B,Inglés II - Semestral,(2) Grupo 2,26
2026-08-05T04:32+00:00,1000045-B,Inglés II - Semestral,(3) Grupo 3,26
2026-08-05T04:32+00:00,1000045-B,Inglés II - Semestral,(4) Grupo 4,26
2026-08-05T04:32+00:00,1000045-B,Inglés II - Semestral,(5) Grupo 5,26
2026-08-05T04:32+00:00,1000045-B,Inglés II - Semestral,(6) Grupo 6,26
2026-08-05T04:32+00:00,1000045-B,Inglés II - Semestral,(7) Grupo 7,26
2026-08-05T04:32+00:00,1000045-B,Inglés II - Semestral,(8) Grupo 8,26
2026-08-05T04:32+00:00,1000045-B,Inglés II - Semestral,(9) Grupo 9,15
2026-08-05T04:32+00:00,1000046-B,Inglés III - Semestral,(1) Grupo 1,26
2026-08-05T04:32+00:00,1000046-B,Inglés III - Semestral,(10) Grupo 10,26
2026-08-05T04:32+00:00,1000046-B,Inglés III - Semestral,(11) Grupo 11,26
2026-08-05T04:32+00:00,1000046-B,Inglés III - Semestral,(12) Grupo 12,26
2026-08-05T04:32+00:00,1000046-B,Inglés III - Semestral,(13) Grupo 13,26
2026-08-05T04:32+00:00,1000046-B,Inglés III - Semestral,(14) Grupo 14,26
2026-08-05T04:32+00:00,1000046-B,Inglés III - Semestral,(15) Grupo 15,26
2026-08-05T04:32+00:00,1000046-B,Inglés III - Semestral,(16) Grupo 16,26
2026-08-05T04:32+00:00,1000046-B,Inglés III - Semestral,(17) Grupo 17,26
2026-08-05T04:32+00:00,1000046-B,Inglés III - Semestral,(18) Grupo 18,26
2026-08-05T04:32+00:00,1000046-B,Inglés III - Semestral,(2) Grupo 2,26
2026-08-05T04:32+00:00,1000046-B,Inglés III - Semestral,(3) Grupo 3,26
2026-08-05T04:32+00:00,1000046-B,Inglés III - Semestral,(4) Grupo 4,26
2026-08-05T04:32+00:00,1000046-B,Inglés III - Semestral,(5) Grupo 5,26
2026-08-05T04:32+00:00,1000046-B,Inglés III - Semestral,(6) Grupo 6,26
2026-08-05T04:32+00:00,1000046-B,Inglés III - Semestral,(7) Grupo 7,26
2026-08-05T04:32+00:00,1000046-B,Inglés III - Semestral,(8) Grupo 8,26
2026-08-05T04:32+00:00,1000046-B,Inglés III - Semestral,(9) Grupo 9,10
2026-08-05T04:32+00:00,1000052-B,Inglés Intensivo I y II,(1) Grupo 1,28
2026-08-05T04:32+00:00,1000052-B,Inglés Intensivo I y II,(2) Grupo 2,28
2026-08-05T04:32+00:00,1000052-B,Inglés Intensivo I y II,(3) Grupo 3,28
2026-08-05T04:32+00:00,1000053-B,Inglés Intensivo III y IV,(1) Grupo 1,28
2026-08-05T04:32+00:00,1000053-B,Inglés Intensivo III y IV,(2) Grupo 2,28
2026-08-05T04:32+00:00,1000053-B,Inglés Intensivo III y IV,(3) Grupo 3,30
2026-08-05T04:32+00:00,1000053-B,Inglés Intensivo III y IV,(4) Grupo 4,30
2026-08-05T04:32+00:00,1000053-B,Inglés Intensivo III y IV,(5) Grupo 5,28
2026-08-05T04:32+00:00,1000053-B,Inglés Intensivo III y IV,(6) Grupo 6,28
2026-08-05T04:32+00:00,1000047-B,Inglés IV- Semestral,(1) Grupo 1,26
2026-08-05T04:32+00:00,1000047-B,Inglés IV- Semestral,(10) Grupo 10,26
2026-08-05T04:32+00:00,1000047-B,Inglés IV- Semestral,(11) Grupo 11,26
2026-08-05T04:32+00:00,1000047-B,Inglés IV- Semestral,(12) Grupo 12,26
2026-08-05T04:32+00:00,1000047-B,Inglés IV- Semestral,(13) Grupo 13,26
2026-08-05T04:32+00:00,1000047-B,Inglés IV- Semestral,(14) Grupo 14,26
2026-08-05T04:32+00:00,1000047-B,Inglés IV- Semestral,(15) Grupo 15,26
2026-08-05T04:32+00:00,1000047-B,Inglés IV- Semestral,(16) Grupo 16,26
2026-08-05T04:32+00:00,1000047-B,Inglés IV- Semestral,(17) Grupo 17,26
2026-08-05T04:32+00:00,1000047-B,Inglés IV- Semestral,(18) Grupo 18,26
2026-08-05T04:32+00:00,1000047-B,Inglés IV- Semestral,(19) Grupo 19,26
2026-08-05T04:32+00:00,1000047-B,Inglés IV- Semestral,(2) Grupo 2,26
2026-08-05T04:32+00:00,1000047-B,Inglés IV- Semestral,(20) Grupo 20,26
2026-08-05T04:32+00:00,1000047-B,Inglés IV- Semestral,(21) Grupo 21,26
2026-08-05T04:32+00:00,1000047-B,Inglés IV- Semestral,(22) Grupo 22,26
2026-08-05T04:32+00:00,1000047-B,Inglés IV- Semestral,(3) Grupo 3,26
2026-08-05T04:32+00:00,1000047-B,Inglés IV- Semestral,(4) Grupo 4,26
2026-08-05T04:32+00:00,1000047-B,Inglés IV- Semestral,(5) Grupo 5,26
2026-08-05T04:32+00:00,1000047-B,Inglés IV- Semestral,(6) Grupo 6,26
2026-08-05T04:32+00:00,1000047-B,Inglés IV- Semestral,(7) Grupo 7,26
2026-08-05T04:32+00:00,1000047-B,Inglés IV- Semestral,(8) Grupo 8,26
2026-08-05T04:32+00:00,1000047-B,Inglés IV- Semestral,(9) Grupo 9,15
2026-08-05T04:32+00:00,2026186,Introducción a la ingeniería civil,(1) Grupo 1,7
2026-08-05T04:32+00:00,2026186,Introducción a la ingeniería civil,(2) Grupo 2,0
2026-08-05T04:32+00:00,2026186,Introducción a la ingeniería civil,(4) Grupo 4,10
2026-08-05T04:32+00:00,1000002-B,Lecto-Escritura,(1) Grupo 1 - Clase Presencial,1
2026-08-05T04:32+00:00,1000002-B,Lecto-Escritura,(10) Grupo 10 - Clase presencial,0
2026-08-05T04:32+00:00,1000002-B,Lecto-Escritura,(2) Grupo 2 - Clase Presencial,0
2026-08-05T04:32+00:00,1000002-B,Lecto-Escritura,(3) Grupo 3 - Clase Presencial,0
2026-08-05T04:32+00:00,1000002-B,Lecto-Escritura,(4) Grupo 4 - Clase Presencial,0
2026-08-05T04:32+00:00,1000002-B,Lecto-Escritura,(5) Grupo 5 - Clase Presencial,0
2026-08-05T04:32+00:00,1000002-B,Lecto-Escritura,(6) Grupo 6 - Clase Presencial,0
2026-08-05T04:32+00:00,1000002-B,Lecto-Escritura,(7) Grupo 7 - Clase Presencial,0
2026-08-05T04:32+00:00,1000002-B,Lecto-Escritura,(8) Grupo 8 - Clase Presencial,0
2026-08-05T04:32+00:00,1000002-B,Lecto-Escritura,(9) Grupo 9 - Clase Presencial,10
2026-08-05T04:32+00:00,1000001-B,Matemáticas Básicas,(1) Grupo 1,0
2026-08-05T04:32+00:00,1000001-B,Matemáticas Básicas,(19) Grupo 19,5
2026-08-05T04:32+00:00,1000001-B,Matemáticas Básicas,(2) Grupo 2,10
2026-08-05T04:32+00:00,1000001-B,Matemáticas Básicas,(1) Grupo 1,0
2026-08-05T04:32+00:00,1000001-B,Matemáticas Básicas,(10) Grupo 10,0
2026-08-05T04:32+00:00,1000001-B,Matemáticas Básicas,(2) Grupo 2,0
2026-08-05T04:32+00:00,1000001-B,Matemáticas Básicas,(3) Grupo 3,0
2026-08-05T04:32+00:00,1000001-B,Matemáticas Básicas,(4) Grupo 4,0
2026-08-05T04:32+00:00,1000001-B,Matemáticas Básicas,(5) Grupo 5,0
2026-08-05T04:32+00:00,1000001-B,Matemáticas Básicas,(6) Grupo 6,0
2026-08-05T04:32+00:00,1000001-B,Matemáticas Básicas,(7) Grupo 7,0
2026-08-05T04:32+00:00,1000001-B,Matemáticas Básicas,(8) Grupo 8,0
2026-08-05T04:32+00:00,1000001-B,Matemáticas Básicas,(9) Grupo 9,10
2026-08-05T04:32+00:00,2015965,Materiales para construcción,(1) Grupo 1,24
2026-08-05T04:32+00:00,2015965,Materiales para construcción,(2) Grupo 2,24
2026-08-05T04:32+00:00,2015965,Materiales para construcción,(3) Grupo 3,24
2026-08-05T04:32+00:00,2015965,Materiales para construcción,(4) Grupo 4,24
2026-08-05T04:32+00:00,2015966,Mecánica de fluidos,(1) Grupo 1,24
2026-08-05T04:32+00:00,2015966,Mecánica de fluidos,(2) Grupo 2,24
2026-08-05T04:32+00:00,2015966,Mecánica de fluidos,(3) Grupo 3,24
2026-08-05T04:32+00:00,2015966,Mecánica de fluidos,(4) Grupo 4,24
2026-08-05T04:32+00:00,2015966,Mecánica de fluidos,(5) Grupo 5,24
2026-08-05T04:32+00:00,2015966,Mecánica de fluidos,(6) Grupo 6,24
2026-08-05T04:32+00:00,2015966,Mecánica de fluidos,(7) Grupo 7,24
2026-08-05T04:32+00:00,2015966,Mecánica de fluidos,(8) Grupo 8,24
2026-08-05T04:32+00:00,2015967,Mecánica de Rocas,(1) Grupo 1,24
2026-08-05T04:32+00:00,2015968,Mecánica de sólidos,(1) Grupo 1,24
2026-08-05T04:32+00:00,2015968,Mecánica de sólidos,(2) Grupo 2,24
2026-08-05T04:32+00:00,2015968,Mecánica de sólidos,(3) Grupo 3,24
2026-08-05T04:32+00:00,2015968,Mecánica de sólidos,(4) Grupo 4,24
2026-08-05T04:32+00:00,2015968,Mecánica de sólidos,(5) Grupo 5,24
2026-08-05T04:32+00:00,2015968,Mecánica de sólidos,(6) Grupo 6,24
2026-08-05T04:32+00:00,2015968,Mecánica de sólidos,(7) Grupo 7,0
2026-08-05T04:32+00:00,2015969,Mecánica de suelos,(1) Grupo 1 (Inglés),30
2026-08-05T04:32+00:00,2015969,Mecánica de suelos,(2) Grupo 2,30
2026-08-05T04:32+00:00,2015969,Mecánica de suelos,(3) Grupo 3,30
2026-08-05T04:32+00:00,2015969,Mecánica de suelos,(4) Grupo 4,30
2026-08-05T04:32+00:00,2015970,Métodos numéricos,(4) Grupo 4,30
2026-08-05T04:32+00:00,2015970,Métodos numéricos,(5) Grupo 5,45
2026-08-05T04:32+00:00,2015970,Métodos numéricos,(8) Grupo 8,30
2026-08-05T04:32+00:00,2015970,Métodos numéricos,(9) Grupo 9,45
2026-08-05T04:32+00:00,2017293,Modelación matemática,(1) 2017293-1 Modelación matemática,34
2026-08-05T04:32+00:00,2017293,Modelación matemática,(2) 2017293-2 Modelación matemática,34
2026-08-05T04:32+00:00,2017293,Modelación matemática,(1M) 2017293-1M Modelación matemática - Magistral,80
2026-08-05T04:32+00:00,2015971,Pavimentos,(1) Grupo 1,30
2026-08-05T04:32+00:00,2015971,Pavimentos,(2) Grupo 2,30
2026-08-05T04:32+00:00,2015971,Pavimentos,(3) Grupo 3,30
2026-08-05T04:32+00:00,2015972,Preparación y evaluación de proyectos de infraestructura,(1) Grupo 1,15
2026-08-05T04:32+00:00,2015972,Preparación y evaluación de proyectos de infraestructura,(2) Grupo 2,15
2026-08-05T04:32+00:00,2015972,Preparación y evaluación de proyectos de infraestructura,(3) Grupo 3,15
2026-08-05T04:32+00:00,1000024-B,Principios de química,(12) Grupo 12,0
2026-08-05T04:32+00:00,1000024-B,Principios de química,(13) Grupo 13,0
2026-08-05T04:32+00:00,1000024-B,Principios de química,(14) Grupo 14,10
2026-08-05T04:32+00:00,1000013-B,Probabilidad y estadística fundamental,(1) Grupo 1,0
2026-08-05T04:32+00:00,1000013-B,Probabilidad y estadística fundamental,(10) Grupo 10,35
2026-08-05T04:32+00:00,1000013-B,Probabilidad y estadística fundamental,(11) Grupo 11,40
2026-08-05T04:32+00:00,1000013-B,Probabilidad y estadística fundamental,(12) Grupo 12,40
2026-08-05T04:32+00:00,1000013-B,Probabilidad y estadística fundamental,(13) Grupo 13,30
2026-08-05T04:32+00:00,1000013-B,Probabilidad y estadística fundamental,(14) Grupo 14,45
2026-08-05T04:32+00:00,1000013-B,Probabilidad y estadística fundamental,(16) Grupo 16,30
2026-08-05T04:32+00:00,1000013-B,Probabilidad y estadística fundamental,(2) Grupo 2,40
2026-08-05T04:32+00:00,1000013-B,Probabilidad y estadística fundamental,(22) Grupo 22,45
2026-08-05T04:32+00:00,1000013-B,Probabilidad y estadística fundamental,(23) Grupo 23,0
2026-08-05T04:32+00:00,1000013-B,Probabilidad y estadística fundamental,(3) Grupo 3,40
2026-08-05T04:32+00:00,1000013-B,Probabilidad y estadística fundamental,(4) Grupo 4,40
2026-08-05T04:32+00:00,1000013-B,Probabilidad y estadística fundamental,(5) Grupo 5,35
2026-08-05T04:32+00:00,1000013-B,Probabilidad y estadística fundamental,(6) Grupo 6,35
2026-08-05T04:32+00:00,1000013-B,Probabilidad y estadística fundamental,(7) Grupo 7,40
2026-08-05T04:32+00:00,2015734,Programación de computadores,(1) Grupo 1,6
2026-08-05T04:32+00:00,2015734,Programación de computadores,(10) Grupo 10,4
2026-08-05T04:32+00:00,2015734,Programación de computadores,(11) Grupo 11,0
2026-08-05T04:32+00:00,2015734,Programación de computadores,(12) Grupo 12,1
2026-08-05T04:32+00:00,2015734,Programación de computadores,(13) Grupo 13,4
2026-08-05T04:32+00:00,2015734,Programación de computadores,(14) Grupo 14,0
2026-08-05T04:32+00:00,2015734,Programación de computadores,(2) Grupo 2,16
2026-08-05T04:32+00:00,2015734,Programación de computadores,(3) Grupo 3,0
2026-08-05T04:32+00:00,2015734,Programación de computadores,(4) Grupo 4,0
2026-08-05T04:32+00:00,2015734,Programación de computadores,(5) Grupo 5,0
2026-08-05T04:32+00:00,2015734,Programación de computadores,(6) Grupo 6,8
2026-08-05T04:32+00:00,2015734,Programación de computadores,(7) Grupo 7,3
2026-08-05T04:32+00:00,2015734,Programación de computadores,(8) Grupo 8 - Virtual,30
2026-08-05T04:32+00:00,2015734,Programación de computadores,(9) Grupo 9,18
2026-08-05T04:32+00:00,2015973,Saneamiento ambiental,(1) Grupo 1,25
2026-08-05T04:32+00:00,2015973,Saneamiento ambiental,(2) Grupo 2,25
2026-08-05T04:32+00:00,2015973,Saneamiento ambiental,(3) Grupo 3,25
2026-08-05T04:32+00:00,2022761,SIG para Ingeniería Civil,(1) Grupo 1,15
2026-08-05T04:32+00:00,2022761,SIG para Ingeniería Civil,(2) Grupo 2,15
2026-08-05T04:32+00:00,2022761,SIG para Ingeniería Civil,(3) Grupo 3,15
2026-08-05T04:32+00:00,2015296,Trabajo de Grado,(1) Grupo 1,5
2026-08-05T04:32+00:00,2015296,Trabajo de Grado,(10) Grupo 10,5
2026-08-05T04:32+00:00,2015296,Trabajo de Grado,(11) Grupo 11,5
2026-08-05T04:32+00:00,2015296,Trabajo de Grado,(12) Grupo 12,5
2026-08-05T04:32+00:00,2015296,Trabajo de Grado,(13) Grupo 13,5
2026-08-05T04:32+00:00,2015296,Trabajo de Grado,(14) Grupo 14,5
2026-08-05T04:32+00:00,2015296,Trabajo de Grado,(15) Grupo 15,5
2026-08-05T04:32+00:00,2015296,Trabajo de Grado,(16) Grupo 16,5
2026-08-05T04:32+00:00,2015296,Trabajo de Grado,(17) Grupo 17,5
2026-08-05T04:32+00:00,2015296,Trabajo de Grado,(18) Grupo 18,5
2026-08-05T04:32+00:00,2015296,Trabajo de Grado,(19) Grupo 19,0
2026-08-05T04:32+00:00,2015296,Trabajo de Grado,(2) Grupo 2,5
2026-08-05T04:32+00:00,2015296,Trabajo de Grado,(3) Grupo 3,5
2026-08-05T04:32+00:00,2015296,Trabajo de Grado,(4) Grupo 4,5
2026-08-05T04:32+00:00,2015296,Trabajo de Grado,(5) Grupo 5,5
2026-08-05T04:32+00:00,2015296,Trabajo de Grado,(6) Grupo 6,5
2026-08-05T04:32+00:00,2015296,Trabajo de Grado,(7) Grupo 7,5
2026-08-05T04:32+00:00,2015296,Trabajo de Grado,(8) Grupo 8,5
2026-08-05T04:32+00:00,2015296,Trabajo de Grado,(9) Grupo 9,5
2026-08-06T04:33+00:00,2015938,Acueductos,(1) Grupo 1,25
2026-08-06T04:33+00:00,2015938,Acueductos,(2) Grupo 2,25
2026-08-06T04:33+00:00,2015938,Acueductos,(3) Grupo 3,25
2026-08-06T04:33+00:00,2015938,Acueductos,(4) Grupo 4,24
2026-08-06T04:33+00:00,2015939,Alcantarillados,(1) Grupo 1,25
2026-08-06T04:33+00:00,2015939,Alcantarillados,(2) Grupo 2,25
2026-08-06T04:33+00:00,2015939,Alcantarillados,(3) Grupo 3,25
2026-08-06T04:33+00:00,2015939,Alcantarillados,(4) Grupo 4,25
2026-08-06T04:33+00:00,2015940,Análisis estructural aplicado,(1) Grupo 1,24
2026-08-06T04:33+00:00,2015940,Análisis estructural aplicado,(2) Grupo 2,24
2026-08-06T04:33+00:00,2015940,Análisis estructural aplicado,(3) Grupo 3,24
2026-08-06T04:33+00:00,2015941,Análisis estructural básico,(1) Grupo 1,30
2026-08-06T04:33+00:00,2015941,Análisis estructural básico,(2) Grupo 2,30
2026-08-06T04:33+00:00,2015941,Análisis estructural básico,(3) Grupo 3,30
2026-08-06T04:33+00:00,2015941,Análisis estructural básico,(4) Grupo 4,30
2026-08-06T04:33+00:00,1000004-B,Cálculo diferencial,(10) Grupo 10,53
2026-08-06T04:33+00:00,1000004-B,Cálculo diferencial,(11) Grupo 11,24
2026-08-06T04:33+00:00,1000004-B,Cálculo diferencial,(12) Grupo 12,24
2026-08-06T04:33+00:00,1000004-B,Cálculo diferencial,(13) Grupo 13,16
2026-08-06T04:33+00:00,1000004-B,Cálculo diferencial,(14) Grupo 14,90
2026-08-06T04:33+00:00,1000004-B,Cálculo diferencial,(16) Grupo 16,27
2026-08-06T04:33+00:00,1000004-B,Cálculo diferencial,(17) Grupo 17,39
2026-08-06T04:33+00:00,1000004-B,Cálculo diferencial,(19) Grupo 19,59
2026-08-06T04:33+00:00,1000004-B,Cálculo diferencial,(2) Grupo 2,24
2026-08-06T04:33+00:00,1000004-B,Cálculo diferencial,(20) Grupo 20,10
2026-08-06T04:33+00:00,1000004-B,Cálculo diferencial,(21) Grupo 21,60
2026-08-06T04:33+00:00,1000004-B,Cálculo diferencial,(22) Grupo 22,60
2026-08-06T04:33+00:00,1000004-B,Cálculo diferencial,(24) Grupo 24,60
2026-08-06T04:33+00:00,1000004-B,Cálculo diferencial,(25) Grupo 25,40
2026-08-06T04:33+00:00,1000004-B,Cálculo diferencial,(27) Grupo 27,51
2026-08-06T04:33+00:00,1000004-B,Cálculo diferencial,(28) Grupo 28,60
2026-08-06T04:33+00:00,1000004-B,Cálculo diferencial,(29) Grupo 29,60
2026-08-06T04:33+00:00,1000004-B,Cálculo diferencial,(30) Grupo 30,60
2026-08-06T04:33+00:00,1000004-B,Cálculo diferencial,(32) Grupo 32,90
2026-08-06T04:33+00:00,1000004-B,Cálculo diferencial,(4) Grupo 4,37
2026-08-06T04:33+00:00,1000004-B,Cálculo diferencial,(5) Grupo 5,84
2026-08-06T04:33+00:00,1000004-B,Cálculo diferencial,(7) Grupo 7,64
2026-08-06T04:33+00:00,1000004-B,Cálculo diferencial,(8) Grupo 8,40
2026-08-06T04:33+00:00,1000004-B,Cálculo diferencial,(9) Grupo 9,18
2026-08-06T04:33+00:00,1000006-B,Cálculo en varias variables,(1) Grupo 1,40
2026-08-06T04:33+00:00,1000006-B,Cálculo en varias variables,(10) Grupo 10,100
2026-08-06T04:33+00:00,1000006-B,Cálculo en varias variables,(11) Grupo 11,40
2026-08-06T04:33+00:00,1000006-B,Cálculo en varias variables,(12) Grupo 12,60
2026-08-06T04:33+00:00,1000006-B,Cálculo en varias variables,(13) Grupo 13,40
2026-08-06T04:33+00:00,1000006-B,Cálculo en varias variables,(14) Grupo 14,60
2026-08-06T04:33+00:00,1000006-B,Cálculo en varias variables,(15) Grupo 15,112
2026-08-06T04:33+00:00,1000006-B,Cálculo en varias variables,(2) Grupo 2,40
2026-08-06T04:33+00:00,1000006-B,Cálculo en varias variables,(3) Grupo 3,40
2026-08-06T04:33+00:00,1000006-B,Cálculo en varias variables,(4) Grupo 4,100
2026-08-06T04:33+00:00,1000006-B,Cálculo en varias variables,(5) Grupo 5,40
2026-08-06T04:33+00:00,1000006-B,Cálculo en varias variables,(7) Grupo 7,70
2026-08-06T04:33+00:00,1000006-B,Cálculo en varias variables,(8) Grupo 8,60
2026-08-06T04:33+00:00,1000006-B,Cálculo en varias variables,(9) Grupo 9,0
2026-08-06T04:33+00:00,1000005-B,Cálculo Integral,(1) Grupo 1,0
2026-08-06T04:33+00:00,1000005-B,Cálculo Integral,(10) Grupo 10,50
2026-08-06T04:33+00:00,1000005-B,Cálculo Integral,(14) Grupo 14,40
2026-08-06T04:33+00:00,1000005-B,Cálculo Integral,(15) Grupo 15,60
2026-08-06T04:33+00:00,1000005-B,Cálculo Integral,(16) Grupo 16,70
2026-08-06T04:33+00:00,1000005-B,Cálculo Integral,(17) Grupo 17,40
2026-08-06T04:33+00:00,1000005-B,Cálculo Integral,(2) Grupo 2,60
2026-08-06T04:33+00:00,1000005-B,Cálculo Integral,(20) Grupo 20,40
2026-08-06T04:33+00:00,1000005-B,Cálculo Integral,(22) Grupo 22,60
2026-08-06T04:33+00:00,1000005-B,Cálculo Integral,(3) Grupo 3,70
2026-08-06T04:33+00:00,1000005-B,Cálculo Integral,(4) Grupo 4,60
2026-08-06T04:33+00:00,1000005-B,Cálculo Integral,(6) Grupo 6,60
2026-08-06T04:33+00:00,1000005-B,Cálculo Integral,(7) Grupo 7,100
2026-08-06T04:33+00:00,1000005-B,Cálculo Integral,(8) Grupo 8,40
2026-08-06T04:33+00:00,1000005-B,Cálculo Integral,(9) Grupo 9,10
2026-08-06T04:33+00:00,2015943,Construcción de edificaciones,(1) Grupo 1,15
2026-08-06T04:33+00:00,2015944,Construcción de Infraestructura Vial,(1) Grupo 1,15
2026-08-06T04:33+00:00,2015711,Dibujo básico,(10) 2015711-10 Dibujo básico,0
2026-08-06T04:33+00:00,2015711,Dibujo básico,(11) 2015711-11 Dibujo básico,0
2026-08-06T04:33+00:00,2015711,Dibujo básico,(14) 2015711-14 Dibujo básico,0
2026-08-06T04:33+00:00,2015711,Dibujo básico,(16) 2015711-16 Dibujo básico,0
2026-08-06T04:33+00:00,2015711,Dibujo básico,(4) 2015711-4 Dibujo básico,9
2026-08-06T04:33+00:00,2015711,Dibujo básico,(5) 2015711-5 Dibujo básico,0
2026-08-06T04:33+00:00,2015711,Dibujo básico,(7) 2015711-7 Dibujo básico,20
2026-08-06T04:33+00:00,2015711,Dibujo básico,(8) 2015711-8 Dibujo básico,0
2026-08-06T04:33+00:00,2015711,Dibujo básico,(9) 2015711-9 Dibujo básico,0
2026-08-06T04:33+00:00,2015948,Dinámica,(1) Grupo 1,30
2026-08-06T04:33+00:00,2015948,Dinámica,(2) Grupo 2,30
2026-08-06T04:33+00:00,2015948,Dinámica,(3) Grupo 3,30
2026-08-06T04:33+00:00,2015950,Diseño estructural,(1) Grupo 1,25
2026-08-06T04:33+00:00,2015950,Diseño estructural,(2) Grupo 2,0
2026-08-06T04:33+00:00,2015950,Diseño estructural,(3) Grupo 3,25
2026-08-06T04:33+00:00,2015950,Diseño estructural,(4) Grupo 4,25
2026-08-06T04:33+00:00,2015950,Diseño estructural,(5) Grupo 5,25
2026-08-06T04:33+00:00,2015949,Diseño geométrico de Vías,(1) Grupo 1,30
2026-08-06T04:33+00:00,2015949,Diseño geométrico de Vías,(2) Grupo 2,30
2026-08-06T04:33+00:00,2015949,Diseño geométrico de Vías,(3) Grupo 3,30
2026-08-06T04:33+00:00,1000007-B,Ecuaciones Diferenciales,(1) Grupo 1,60
2026-08-06T04:33+00:00,1000007-B,Ecuaciones Diferenciales,(11) Grupo 11,60
2026-08-06T04:33+00:00,1000007-B,Ecuaciones Diferenciales,(12) Grupo 12,60
2026-08-06T04:33+00:00,1000007-B,Ecuaciones Diferenciales,(13) Grupo 13,40
2026-08-06T04:33+00:00,1000007-B,Ecuaciones Diferenciales,(14) Grupo 14,100
2026-08-06T04:33+00:00,1000007-B,Ecuaciones Diferenciales,(3) Grupo 3,40
2026-08-06T04:33+00:00,1000007-B,Ecuaciones Diferenciales,(4) Grupo 4,60
2026-08-06T04:33+00:00,1000007-B,Ecuaciones Diferenciales,(6) Grupo 6,50
2026-08-06T04:33+00:00,1000007-B,Ecuaciones Diferenciales,(7) Grupo 7,40
2026-08-06T04:33+00:00,1000007-B,Ecuaciones Diferenciales,(9) Grupo 9,0
2026-08-06T04:33+00:00,2026134,Estática,(1) Grupo 1,0
2026-08-06T04:33+00:00,2026134,Estática,(2) Grupo 2,30
2026-08-06T04:33+00:00,2026134,Estática,(3) Grupo 3,30
2026-08-06T04:33+00:00,2026134,Estática,(4) Grupo 4,30
2026-08-06T04:33+00:00,2026134,Estática,(5) Grupo 5,30
2026-08-06T04:33+00:00,2026134,Estática,(6) Grupo 6,30
2026-08-06T04:33+00:00,2015954,Estructuras hidráulicas,(1) Grupo 1,30
2026-08-06T04:33+00:00,2015954,Estructuras hidráulicas,(2) Grupo 2,30
2026-08-06T04:33+00:00,2015954,Estructuras hidráulicas,(3) Grupo 3,30
2026-08-06T04:33+00:00,2015955,Fundamentos de construcción,(1) Grupo 1,30
2026-08-06T04:33+00:00,2015955,Fundamentos de construcción,(2) Grupo 2,30
2026-08-06T04:33+00:00,2015955,Fundamentos de construcción,(3) Grupo 3,30
2026-08-06T04:33+00:00,1000011-B,Fundamentos de ecología,(1) Grupo 1,118
2026-08-06T04:33+00:00,1000011-B,Fundamentos de ecología,(3) Grupo 3,12
2026-08-06T04:33+00:00,1000019-B,Fundamentos de mecánica,(1) Grupo 1,35
2026-08-06T04:33+00:00,1000019-B,Fundamentos de mecánica,(10) Grupo 10,35
2026-08-06T04:33+00:00,1000019-B,Fundamentos de mecánica,(11) Grupo 11,35
2026-08-06T04:33+00:00,1000019-B,Fundamentos de mecánica,(12) Grupo 12,35
2026-08-06T04:33+00:00,1000019-B,Fundamentos de mecánica,(13) Grupo 13,35
2026-08-06T04:33+00:00,1000019-B,Fundamentos de mecánica,(14) Grupo 14,35
2026-08-06T04:33+00:00,1000019-B,Fundamentos de mecánica,(15) Grupo 15,32
2026-08-06T04:33+00:00,1000019-B,Fundamentos de mecánica,(16) Grupo 16,35
2026-08-06T04:33+00:00,1000019-B,Fundamentos de mecánica,(17) Grupo 17,34
2026-08-06T04:33+00:00,1000019-B,Fundamentos de mecánica,(18) Grupo 18,34
2026-08-06T04:33+00:00,1000019-B,Fundamentos de mecánica,(19) Grupo 19,32
2026-08-06T04:33+00:00,1000019-B,Fundamentos de mecánica,(2) Grupo 2,35
2026-08-06T04:33+00:00,1000019-B,Fundamentos de mecánica,(20) Grupo 20,35
2026-08-06T04:33+00:00,1000019-B,Fundamentos de mecánica,(21) Grupo 21,35
2026-08-06T04:33+00:00,1000019-B,Fundamentos de mecánica,(22) Grupo 22,35
2026-08-06T04:33+00:00,1000019-B,Fundamentos de mecánica,(23) Grupo 23,35
2026-08-06T04:33+00:00,1000019-B,Fundamentos de mecánica,(24) Grupo 24,35
2026-08-06T04:33+00:00,1000019-B,Fundamentos de mecánica,(25) Grupo 25,45
2026-08-06T04:33+00:00,1000019-B,Fundamentos de mecánica,(26) Grupo 26 (VIRTUAL),50
2026-08-06T04:33+00:00,1000019-B,Fundamentos de mecánica,(27) Grupo 27 (VIRTUAL),50
2026-08-06T04:33+00:00,1000019-B,Fundamentos de mecánica,(28) Grupo 28 (VIRTUAL),50
2026-08-06T04:33+00:00,1000019-B,Fundamentos de mecánica,(29) Grupo 29 (VIRTUAL),50
2026-08-06T04:33+00:00,1000019-B,Fundamentos de mecánica,(3) Grupo 3,35
2026-08-06T04:33+00:00,1000019-B,Fundamentos de mecánica,(4) Grupo 4,35
2026-08-06T04:33+00:00,1000019-B,Fundamentos de mecánica,(5) Grupo 5,35
2026-08-06T04:33+00:00,1000019-B,Fundamentos de mecánica,(6) Grupo 6,35
2026-08-06T04:33+00:00,1000019-B,Fundamentos de mecánica,(7) Grupo 7,35
2026-08-06T04:33+00:00,1000019-B,Fundamentos de mecánica,(8) Grupo 8,35
2026-08-06T04:33+00:00,1000019-B,Fundamentos de mecánica,(9) Grupo 9,0
2026-08-06T04:33+00:00,1000019-B,Fundamentos de mecánica,(1) Grupo 1,35
2026-08-06T04:33+00:00,1000019-B,Fundamentos de mecánica,(10) Grupo 10,35
2026-08-06T04:33+00:00,1000019-B,Fundamentos de mecánica,(11) Grupo 11,35
2026-08-06T04:33+00:00,1000019-B,Fundamentos de mecánica,(12) Grupo 12,35
2026-08-06T04:33+00:00,1000019-B,Fundamentos de mecánica,(13) Grupo 13,35
2026-08-06T04:33+00:00,1000019-B,Fundamentos de mecánica,(14) Grupo 14,35
2026-08-06T04:33+00:00,1000019-B,Fundamentos de mecánica,(15) Grupo 15,32
2026-08-06T04:33+00:00,1000019-B,Fundamentos de mecánica,(16) Grupo 16,35
2026-08-06T04:33+00:00,1000019-B,Fundamentos de mecánica,(17) Grupo 17,34
2026-08-06T04:33+00:00,1000019-B,Fundamentos de mecánica,(18) Grupo 18,34
2026-08-06T04:33+00:00,1000019-B,Fundamentos de mecánica,(19) Grupo 19,32
2026-08-06T04:33+00:00,1000019-B,Fundamentos de mecánica,(2) Grupo 2,35
2026-08-06T04:33+00:00,1000019-B,Fundamentos de mecánica,(20) Grupo 20,35
2026-08-06T04:33+00:00,1000019-B,Fundamentos de mecánica,(21) Grupo 21,35
2026-08-06T04:33+00:00,1000019-B,Fundamentos de mecánica,(22) Grupo 22,35
2026-08-06T04:33+00:00,1000019-B,Fundamentos de mecánica,(23) Grupo 23,35
2026-08-06T04:33+00:00,1000019-B,Fundamentos de mecánica,(24) Grupo 24,35
2026-08-06T04:33+00:00,1000019-B,Fundamentos de mecánica,(25) Grupo 25,45
2026-08-06T04:33+00:00,1000019-B,Fundamentos de mecánica,(26) Grupo 26 (VIRTUAL),50
2026-08-06T04:33+00:00,1000019-B,Fundamentos de mecánica,(27) Grupo 27 (VIRTUAL),50
2026-08-06T04:33+00:00,1000019-B,Fundamentos de mecánica,(28) Grupo 28 (VIRTUAL),50
2026-08-06T04:33+00:00,1000019-B,Fundamentos de mecánica,(29) Grupo 29 (VIRTUAL),50
2026-08-06T04:33+00:00,1000019-B,Fundamentos de mecánica,(3) Grupo 3,35
2026-08-06T04:33+00:00,1000019-B,Fundamentos de mecánica,(4) Grupo 4,35
2026-08-06T04:33+00:00,1000019-B,Fundamentos de mecánica,(5) Grupo 5,35
2026-08-06T04:33+00:00,1000019-B,Fundamentos de mecánica,(6) Grupo 6,35
2026-08-06T04:33+00:00,1000019-B,Fundamentos de mecánica,(7) Grupo 7,35
2026-08-06T04:33+00:00,1000019-B,Fundamentos de mecánica,(8) Grupo 8,35
2026-08-06T04:33+00:00,1000019-B,Fundamentos de mecánica,(9) Grupo 9,15
2026-08-06T04:33+00:00,1000019-B,Fundamentos de mecánica,(16) Gruop 16,8
2026-08-06T04:33+00:00,1000019-B,Fundamentos de mecánica,(1) Grupo 1,35
2026-08-06T04:33+00:00,1000019-B,Fundamentos de mecánica,(10) Grupo 10,35
2026-08-06T04:33+00:00,1000019-B,Fundamentos de mecánica,(11) Grupo 11,35
2026-08-06T04:33+00:00,1000019-B,Fundamentos de mecánica,(12) Grupo 12,35
2026-08-06T04:33+00:00,1000019-B,Fundamentos de mecánica,(13) Grupo 13,35
2026-08-06T04:33+00:00,1000019-B,Fundamentos de mecánica,(14) Grupo 14,35
2026-08-06T04:33+00:00,1000019-B,Fundamentos de mecánica,(15) Grupo 15,32
2026-08-06T04:33+00:00,1000019-B,Fundamentos de mecánica,(17) Grupo 17,34
2026-08-06T04:33+00:00,1000019-B,Fundamentos de mecánica,(18) Grupo 18,34
2026-08-06T04:33+00:00,1000019-B,Fundamentos de mecánica,(19) Grupo 19,32
2026-08-06T04:33+00:00,1000019-B,Fundamentos de mecánica,(2) Grupo 2,35
2026-08-06T04:33+00:00,1000019-B,Fundamentos de mecánica,(20) Grupo 20,35
2026-08-06T04:33+00:00,1000019-B,Fundamentos de mecánica,(21) Grupo 21,35
2026-08-06T04:33+00:00,1000019-B,Fundamentos de mecánica,(22) Grupo 22,35
2026-08-06T04:33+00:00,1000019-B,Fundamentos de mecánica,(23) Grupo 23,35
2026-08-06T04:33+00:00,1000019-B,Fundamentos de mecánica,(24) Grupo 24,35
2026-08-06T04:33+00:00,1000019-B,Fundamentos de mecánica,(25) Grupo 25,45
2026-08-06T04:33+00:00,1000019-B,Fundamentos de mecánica,(26) Grupo 26 (VIRTUAL),50
2026-08-06T04:33+00:00,1000019-B,Fundamentos de mecánica,(27) Grupo 27 (VIRTUAL),50
2026-08-06T04:33+00:00,1000019-B,Fundamentos de mecánica,(28) Grupo 28 (VIRTUAL),50
2026-08-06T04:33+00:00,1000019-B,Fundamentos de mecánica,(29) Grupo 29 (VIRTUAL),50
2026-08-06T04:33+00:00,1000019-B,Fundamentos de mecánica,(3) Grupo 3,35
2026-08-06T04:33+00:00,1000019-B,Fundamentos de mecánica,(4) Grupo 4,35
2026-08-06T04:33+00:00,1000019-B,Fundamentos de mecánica,(5) Grupo 5,35
2026-08-06T04:33+00:00,1000019-B,Fundamentos de mecánica,(6) Grupo 6,35
2026-08-06T04:33+00:00,1000019-B,Fundamentos de mecánica,(7) Grupo 7,35
2026-08-06T04:33+00:00,1000019-B,Fundamentos de mecánica,(8) Grupo 8,35
2026-08-06T04:33+00:00,1000019-B,Fundamentos de mecánica,(9) Grupo 9,10
2026-08-06T04:33+00:00,2015956,Geología,(1) Grupo 1,35
2026-08-06T04:33+00:00,2015956,Geología,(2) Grupo 2,30
2026-08-06T04:33+00:00,2015956,Geología,(3) Grupo 3,30
2026-08-06T04:33+00:00,2015956,Geología,(4) Grupo 4,35
2026-08-06T04:33+00:00,2015957,Geomática Aplicada,(1) Grupo 1,30
2026-08-06T04:33+00:00,2015957,Geomática Aplicada,(2) Grupo 2,30
2026-08-06T04:33+00:00,2015957,Geomática Aplicada,(3) Grupo 3,30
2026-08-06T04:33+00:00,2015957,Geomática Aplicada,(4) Grupo 4,30
2026-08-06T04:33+00:00,2015958,Geomática básica,(1) Grupo 1,20
2026-08-06T04:33+00:00,2015958,Geomática básica,(2) Grupo 2,20
2026-08-06T04:33+00:00,2015958,Geomática básica,(3) Grupo 3,30
2026-08-06T04:33+00:00,2015958,Geomática básica,(4) Grupo 4,20
2026-08-06T04:33+00:00,2015958,Geomática básica,(5) Grupo 5,20
2026-08-06T04:33+00:00,2015958,Geomática básica,(6) Grupo 6,20
2026-08-06T04:33+00:00,2015958,Geomática básica,(7) Grupo 7,20
2026-08-06T04:33+00:00,2015958,Geomática básica,(8) Grupo 8,20
2026-08-06T04:33+00:00,2015958,Geomática básica,(9) Grupo 9,20
2026-08-06T04:33+00:00,2015958,Geomática básica,(1) Grupo 1,40
2026-08-06T04:33+00:00,2015958,Geomática básica,(3) Grupo 3,30
2026-08-06T04:33+00:00,2015958,Geomática básica,(4) Grupo 4,40
2026-08-06T04:33+00:00,2015958,Geomática básica,(6) Grupo 6,40
2026-08-06T04:33+00:00,2015958,Geomática básica,(8) Grupo 8,40
2026-08-06T04:33+00:00,2015959,Geotecnia,(1) Grupo 1,30
2026-08-06T04:33+00:00,2015959,Geotecnia,(2) Grupo 2,30
2026-08-06T04:33+00:00,2015959,Geotecnia,(3) Grupo 3,30
2026-08-06T04:33+00:00,2015959,Geotecnia,(4) Grupo 4,0
2026-08-06T04:33+00:00,2015961,Hidráulica básica,(1) Grupo 1,24
2026-08-06T04:33+00:00,2015961,Hidráulica básica,(2) Grupo 2,24
2026-08-06T04:33+00:00,2015961,Hidráulica básica,(3) Grupo 3,24
2026-08-06T04:33+00:00,2015961,Hidráulica básica,(4) Grupo 4,24
2026-08-06T04:33+00:00,2015961,Hidráulica básica,(5) Grupo 5,24
2026-08-06T04:33+00:00,2015961,Hidráulica básica,(6) Grupo 6,24
2026-08-06T04:33+00:00,2015978,Hidrología,(1) Grupo 1,0
2026-08-06T04:33+00:00,2015978,Hidrología,(2) Grupo 2,30
2026-08-06T04:33+00:00,2015978,Hidrología,(3) Grupo 3,30
2026-08-06T04:33+00:00,2015978,Hidrología,(4) Grupo 4,30
2026-08-06T04:33+00:00,2015978,Hidrología,(5) Grupo 5,30
2026-08-06T04:33+00:00,2026135,Ingeniería civil sostenible,(1) Grupo 1,25
2026-08-06T04:33+00:00,2026135,Ingeniería civil sostenible,(2) Grupo 2,25
2026-08-06T04:33+00:00,2026135,Ingeniería civil sostenible,(3) Grupo 3,25
2026-08-06T04:33+00:00,2015963,Ingeniería de Tránsito,(1) Grupo 1,30
2026-08-06T04:33+00:00,2015963,Ingeniería de Tránsito,(2) Grupo 2,30
2026-08-06T04:33+00:00,2015963,Ingeniería de Tránsito,(3) Grupo 3,30
2026-08-06T04:33+00:00,2026138,Ingenieria de transporte,(1) Grupo 1,30
2026-08-06T04:33+00:00,2026138,Ingenieria de transporte,(2) Grupo 2,30
2026-08-06T04:33+00:00,2026138,Ingenieria de transporte,(3) Grupo 3,30
2026-08-06T04:33+00:00,2015703,Ingeniería económica,(1) Grupo 1,40
2026-08-06T04:33+00:00,2015703,Ingeniería económica,(10) Grupo 10,30
2026-08-06T04:33+00:00,2015703,Ingeniería económica,(11) Grupo 11,30
2026-08-06T04:33+00:00,2015703,Ingeniería económica,(2) Grupo 2,40
2026-08-06T04:33+00:00,2015703,Ingeniería económica,(3) Grupo 3,40
2026-08-06T04:33+00:00,2015703,Ingeniería económica,(4) Grupo 4,30
2026-08-06T04:33+00:00,2015703,Ingeniería económica,(5) Grupo 5 - Virtual,60
2026-08-06T04:33+00:00,2015703,Ingeniería económica,(6) Grupo 6,40
2026-08-06T04:33+00:00,2015703,Ingeniería económica,(7) Grupo 7,20
2026-08-06T04:33+00:00,2015703,Ingeniería económica,(8) Grupo 8,40
2026-08-06T04:33+00:00,2015703,Ingeniería económica,(9) Grupo 9,35
2026-08-06T04:33+00:00,1000044-B,Inglés I- Semestral,(1) Grupo 1,26
2026-08-06T04:33+00:00,1000044-B,Inglés I- Semestral,(2) Grupo 2,26
2026-08-06T04:33+00:00,1000044-B,Inglés I- Semestral,(3) Grupo 3,26
2026-08-06T04:33+00:00,1000044-B,Inglés I- Semestral,(4) Grupo 4,26
2026-08-06T04:33+00:00,1000044-B,Inglés I- Semestral,(5) Grupo 5,26
2026-08-06T04:33+00:00,1000044-B,Inglés I- Semestral,(6) Grupo 6,26
2026-08-06T04:33+00:00,1000044-B,Inglés I- Semestral,(7) Grupo 7,26
2026-08-06T04:33+00:00,1000044-B,Inglés I- Semestral,(8) Grupo 8,26
2026-08-06T04:33+00:00,1000044-B,Inglés I- Semestral,(9) Grupo 9,7
2026-08-06T04:33+00:00,1000045-B,Inglés II - Semestral,(1) Grupo 1,10
2026-08-06T04:33+00:00,1000045-B,Inglés II - Semestral,(10) Grupo 10,26
2026-08-06T04:33+00:00,1000045-B,Inglés II - Semestral,(11) Grupo 11,26
2026-08-06T04:33+00:00,1000045-B,Inglés II - Semestral,(12) Grupo 12,26
2026-08-06T04:33+00:00,1000045-B,Inglés II - Semestral,(13) Grupo 13,26
2026-08-06T04:33+00:00,1000045-B,Inglés II - Semestral,(14) Grupo 14,26
2026-08-06T04:33+00:00,1000045-B,Inglés II - Semestral,(15) Grupo 15,26
2026-08-06T04:33+00:00,1000045-B,Inglés II - Semestral,(16) Grupo 16,26
2026-08-06T04:33+00:00,1000045-B,Inglés II - Semestral,(2) Grupo 2,26
2026-08-06T04:33+00:00,1000045-B,Inglés II - Semestral,(3) Grupo 3,26
2026-08-06T04:33+00:00,1000045-B,Inglés II - Semestral,(4) Grupo 4,26
2026-08-06T04:33+00:00,1000045-B,Inglés II - Semestral,(5) Grupo 5,26
2026-08-06T04:33+00:00,1000045-B,Inglés II - Semestral,(6) Grupo 6,26
2026-08-06T04:33+00:00,1000045-B,Inglés II - Semestral,(7) Grupo 7,26
2026-08-06T04:33+00:00,1000045-B,Inglés II - Semestral,(8) Grupo 8,26
2026-08-06T04:33+00:00,1000045-B,Inglés II - Semestral,(9) Grupo 9,15
2026-08-06T04:33+00:00,1000046-B,Inglés III - Semestral,(1) Grupo 1,26
2026-08-06T04:33+00:00,1000046-B,Inglés III - Semestral,(10) Grupo 10,26
2026-08-06T04:33+00:00,1000046-B,Inglés III - Semestral,(11) Grupo 11,26
2026-08-06T04:33+00:00,1000046-B,Inglés III - Semestral,(12) Grupo 12,26
2026-08-06T04:33+00:00,1000046-B,Inglés III - Semestral,(13) Grupo 13,26
2026-08-06T04:33+00:00,1000046-B,Inglés III - Semestral,(14) Grupo 14,26
2026-08-06T04:33+00:00,1000046-B,Inglés III - Semestral,(15) Grupo 15,26
2026-08-06T04:33+00:00,1000046-B,Inglés III - Semestral,(16) Grupo 16,26
2026-08-06T04:33+00:00,1000046-B,Inglés III - Semestral,(17) Grupo 17,26
2026-08-06T04:33+00:00,1000046-B,Inglés III - Semestral,(18) Grupo 18,26
2026-08-06T04:33+00:00,1000046-B,Inglés III - Semestral,(2) Grupo 2,26
2026-08-06T04:33+00:00,1000046-B,Inglés III - Semestral,(3) Grupo 3,26
2026-08-06T04:33+00:00,1000046-B,Inglés III - Semestral,(4) Grupo 4,26
2026-08-06T04:33+00:00,1000046-B,Inglés III - Semestral,(5) Grupo 5,26
2026-08-06T04:33+00:00,1000046-B,Inglés III - Semestral,(6) Grupo 6,26
2026-08-06T04:33+00:00,1000046-B,Inglés III - Semestral,(7) Grupo 7,26
2026-08-06T04:33+00:00,1000046-B,Inglés III - Semestral,(8) Grupo 8,26
2026-08-06T04:33+00:00,1000046-B,Inglés III - Semestral,(9) Grupo 9,10
2026-08-06T04:33+00:00,1000052-B,Inglés Intensivo I y II,(1) Grupo 1,28
2026-08-06T04:33+00:00,1000052-B,Inglés Intensivo I y II,(2) Grupo 2,28
2026-08-06T04:33+00:00,1000052-B,Inglés Intensivo I y II,(3) Grupo 3,28
2026-08-06T04:33+00:00,1000053-B,Inglés Intensivo III y IV,(1) Grupo 1,28
2026-08-06T04:33+00:00,1000053-B,Inglés Intensivo III y IV,(2) Grupo 2,28
2026-08-06T04:33+00:00,1000053-B,Inglés Intensivo III y IV,(3) Grupo 3,30
2026-08-06T04:33+00:00,1000053-B,Inglés Intensivo III y IV,(4) Grupo 4,30
2026-08-06T04:33+00:00,1000053-B,Inglés Intensivo III y IV,(5) Grupo 5,28
2026-08-06T04:33+00:00,1000053-B,Inglés Intensivo III y IV,(6) Grupo 6,28
2026-08-06T04:33+00:00,1000047-B,Inglés IV- Semestral,(1) Grupo 1,26
2026-08-06T04:33+00:00,1000047-B,Inglés IV- Semestral,(10) Grupo 10,26
2026-08-06T04:33+00:00,1000047-B,Inglés IV- Semestral,(11) Grupo 11,26
2026-08-06T04:33+00:00,1000047-B,Inglés IV- Semestral,(12) Grupo 12,26
2026-08-06T04:33+00:00,1000047-B,Inglés IV- Semestral,(13) Grupo 13,26
2026-08-06T04:33+00:00,1000047-B,Inglés IV- Semestral,(14) Grupo 14,26
2026-08-06T04:33+00:00,1000047-B,Inglés IV- Semestral,(15) Grupo 15,26
2026-08-06T04:33+00:00,1000047-B,Inglés IV- Semestral,(16) Grupo 16,26
2026-08-06T04:33+00:00,1000047-B,Inglés IV- Semestral,(17) Grupo 17,26
2026-08-06T04:33+00:00,1000047-B,Inglés IV- Semestral,(18) Grupo 18,26
2026-08-06T04:33+00:00,1000047-B,Inglés IV- Semestral,(19) Grupo 19,26
2026-08-06T04:33+00:00,1000047-B,Inglés IV- Semestral,(2) Grupo 2,26
2026-08-06T04:33+00:00,1000047-B,Inglés IV- Semestral,(20) Grupo 20,26
2026-08-06T04:33+00:00,1000047-B,Inglés IV- Semestral,(21) Grupo 21,26
2026-08-06T04:33+00:00,1000047-B,Inglés IV- Semestral,(22) Grupo 22,26
2026-08-06T04:33+00:00,1000047-B,Inglés IV- Semestral,(3) Grupo 3,26
2026-08-06T04:33+00:00,1000047-B,Inglés IV- Semestral,(4) Grupo 4,26
2026-08-06T04:33+00:00,1000047-B,Inglés IV- Semestral,(5) Grupo 5,26
2026-08-06T04:33+00:00,1000047-B,Inglés IV- Semestral,(6) Grupo 6,26
2026-08-06T04:33+00:00,1000047-B,Inglés IV- Semestral,(7) Grupo 7,26
2026-08-06T04:33+00:00,1000047-B,Inglés IV- Semestral,(8) Grupo 8,26
2026-08-06T04:33+00:00,1000047-B,Inglés IV- Semestral,(9) Grupo 9,15
2026-08-06T04:33+00:00,2026186,Introducción a la ingeniería civil,(1) Grupo 1,7
2026-08-06T04:33+00:00,2026186,Introducción a la ingeniería civil,(2) Grupo 2,0
2026-08-06T04:33+00:00,2026186,Introducción a la ingeniería civil,(4) Grupo 4,10
2026-08-06T04:33+00:00,1000002-B,Lecto-Escritura,(1) Grupo 1 - Clase Presencial,1
2026-08-06T04:33+00:00,1000002-B,Lecto-Escritura,(10) Grupo 10 - Clase presencial,0
2026-08-06T04:33+00:00,1000002-B,Lecto-Escritura,(2) Grupo 2 - Clase Presencial,0
2026-08-06T04:33+00:00,1000002-B,Lecto-Escritura,(3) Grupo 3 - Clase Presencial,0
2026-08-06T04:33+00:00,1000002-B,Lecto-Escritura,(4) Grupo 4 - Clase Presencial,0
2026-08-06T04:33+00:00,1000002-B,Lecto-Escritura,(5) Grupo 5 - Clase Presencial,0
2026-08-06T04:33+00:00,1000002-B,Lecto-Escritura,(6) Grupo 6 - Clase Presencial,0
2026-08-06T04:33+00:00,1000002-B,Lecto-Escritura,(7) Grupo 7 - Clase Presencial,0
2026-08-06T04:33+00:00,1000002-B,Lecto-Escritura,(8) Grupo 8 - Clase Presencial,0
2026-08-06T04:33+00:00,1000002-B,Lecto-Escritura,(9) Grupo 9 - Clase Presencial,10
2026-08-06T04:33+00:00,1000001-B,Matemáticas Básicas,(1) Grupo 1,0
2026-08-06T04:33+00:00,1000001-B,Matemáticas Básicas,(19) Grupo 19,5
2026-08-06T04:33+00:00,1000001-B,Matemáticas Básicas,(2) Grupo 2,10
2026-08-06T04:33+00:00,1000001-B,Matemáticas Básicas,(1) Grupo 1,0
2026-08-06T04:33+00:00,1000001-B,Matemáticas Básicas,(10) Grupo 10,0
2026-08-06T04:33+00:00,1000001-B,Matemáticas Básicas,(2) Grupo 2,0
2026-08-06T04:33+00:00,1000001-B,Matemáticas Básicas,(3) Grupo 3,0
2026-08-06T04:33+00:00,1000001-B,Matemáticas Básicas,(4) Grupo 4,0
2026-08-06T04:33+00:00,1000001-B,Matemáticas Básicas,(5) Grupo 5,0
2026-08-06T04:33+00:00,1000001-B,Matemáticas Básicas,(6) Grupo 6,0
2026-08-06T04:33+00:00,1000001-B,Matemáticas Básicas,(7) Grupo 7,0
2026-08-06T04:33+00:00,1000001-B,Matemáticas Básicas,(8) Grupo 8,0
2026-08-06T04:33+00:00,1000001-B,Matemáticas Básicas,(9) Grupo 9,10
2026-08-06T04:33+00:00,2015965,Materiales para construcción,(1) Grupo 1,24
2026-08-06T04:33+00:00,2015965,Materiales para construcción,(2) Grupo 2,24
2026-08-06T04:33+00:00,2015965,Materiales para construcción,(3) Grupo 3,24
2026-08-06T04:33+00:00,2015965,Materiales para construcción,(4) Grupo 4,24
2026-08-06T04:33+00:00,2015966,Mecánica de fluidos,(1) Grupo 1,24
2026-08-06T04:33+00:00,2015966,Mecánica de fluidos,(2) Grupo 2,24
2026-08-06T04:33+00:00,2015966,Mecánica de fluidos,(3) Grupo 3,24
2026-08-06T04:33+00:00,2015966,Mecánica de fluidos,(4) Grupo 4,24
2026-08-06T04:33+00:00,2015966,Mecánica de fluidos,(5) Grupo 5,24
2026-08-06T04:33+00:00,2015966,Mecánica de fluidos,(6) Grupo 6,24
2026-08-06T04:33+00:00,2015966,Mecánica de fluidos,(7) Grupo 7,24
2026-08-06T04:33+00:00,2015966,Mecánica de fluidos,(8) Grupo 8,24
2026-08-06T04:33+00:00,2015967,Mecánica de Rocas,(1) Grupo 1,24
2026-08-06T04:33+00:00,2015968,Mecánica de sólidos,(1) Grupo 1,24
2026-08-06T04:33+00:00,2015968,Mecánica de sólidos,(2) Grupo 2,24
2026-08-06T04:33+00:00,2015968,Mecánica de sólidos,(3) Grupo 3,24
2026-08-06T04:33+00:00,2015968,Mecánica de sólidos,(4) Grupo 4,24
2026-08-06T04:33+00:00,2015968,Mecánica de sólidos,(5) Grupo 5,24
2026-08-06T04:33+00:00,2015968,Mecánica de sólidos,(6) Grupo 6,24
2026-08-06T04:33+00:00,2015968,Mecánica de sólidos,(7) Grupo 7,0
2026-08-06T04:33+00:00,2015969,Mecánica de suelos,(1) Grupo 1 (Inglés),30
2026-08-06T04:33+00:00,2015969,Mecánica de suelos,(2) Grupo 2,30
2026-08-06T04:33+00:00,2015969,Mecánica de suelos,(3) Grupo 3,30
2026-08-06T04:33+00:00,2015969,Mecánica de suelos,(4) Grupo 4,30
2026-08-06T04:33+00:00,2015970,Métodos numéricos,(4) Grupo 4,30
2026-08-06T04:33+00:00,2015970,Métodos numéricos,(5) Grupo 5,45
2026-08-06T04:33+00:00,2015970,Métodos numéricos,(8) Grupo 8,30
2026-08-06T04:33+00:00,2015970,Métodos numéricos,(9) Grupo 9,45
2026-08-06T04:33+00:00,2017293,Modelación matemática,(1) 2017293-1 Modelación matemática,34
2026-08-06T04:33+00:00,2017293,Modelación matemática,(2) 2017293-2 Modelación matemática,34
2026-08-06T04:33+00:00,2017293,Modelación matemática,(1M) 2017293-1M Modelación matemática - Magistral,80
2026-08-06T04:33+00:00,2015971,Pavimentos,(1) Grupo 1,30
2026-08-06T04:33+00:00,2015971,Pavimentos,(2) Grupo 2,30
2026-08-06T04:33+00:00,2015971,Pavimentos,(3) Grupo 3,30
2026-08-06T04:33+00:00,2015972,Preparación y evaluación de proyectos de infraestructura,(1) Grupo 1,15
2026-08-06T04:33+00:00,2015972,Preparación y evaluación de proyectos de infraestructura,(2) Grupo 2,15
2026-08-06T04:33+00:00,2015972,Preparación y evaluación de proyectos de infraestructura,(3) Grupo 3,15
2026-08-06T04:33+00:00,1000024-B,Principios de química,(12) Grupo 12,0
2026-08-06T04:33+00:00,1000024-B,Principios de química,(13) Grupo 13,0
2026-08-06T04:33+00:00,1000024-B,Principios de química,(14) Grupo 14,10
2026-08-06T04:33+00:00,1000013-B,Probabilidad y estadística fundamental,(1) Grupo 1,0
2026-08-06T04:33+00:00,1000013-B,Probabilidad y estadística fundamental,(10) Grupo 10,35
2026-08-06T04:33+00:00,1000013-B,Probabilidad y estadística fundamental,(11) Grupo 11,40
2026-08-06T04:33+00:00,1000013-B,Probabilidad y estadística fundamental,(12) Grupo 12,40
2026-08-06T04:33+00:00,1000013-B,Probabilidad y estadística fundamental,(13) Grupo 13,30
2026-08-06T04:33+00:00,1000013-B,Probabilidad y estadística fundamental,(14) Grupo 14,45
2026-08-06T04:33+00:00,1000013-B,Probabilidad y estadística fundamental,(16) Grupo 16,30
2026-08-06T04:33+00:00,1000013-B,Probabilidad y estadística fundamental,(2) Grupo 2,40
2026-08-06T04:33+00:00,1000013-B,Probabilidad y estadística fundamental,(22) Grupo 22,45
2026-08-06T04:33+00:00,1000013-B,Probabilidad y estadística fundamental,(23) Grupo 23,0
2026-08-06T04:33+00:00,1000013-B,Probabilidad y estadística fundamental,(3) Grupo 3,40
2026-08-06T04:33+00:00,1000013-B,Probabilidad y estadística fundamental,(4) Grupo 4,40
2026-08-06T04:33+00:00,1000013-B,Probabilidad y estadística fundamental,(5) Grupo 5,35
2026-08-06T04:33+00:00,1000013-B,Probabilidad y estadística fundamental,(6) Grupo 6,35
2026-08-06T04:33+00:00,1000013-B,Probabilidad y estadística fundamental,(7) Grupo 7,40
2026-08-06T04:33+00:00,2015734,Programación de computadores,(1) Grupo 1,6
2026-08-06T04:33+00:00,2015734,Programación de computadores,(10) Grupo 10,4
2026-08-06T04:33+00:00,2015734,Programación de computadores,(11) Grupo 11,0
2026-08-06T04:33+00:00,2015734,Programación de computadores,(12) Grupo 12,1
2026-08-06T04:33+00:00,2015734,Programación de computadores,(13) Grupo 13,4
2026-08-06T04:33+00:00,2015734,Programación de computadores,(14) Grupo 14,0
2026-08-06T04:33+00:00,2015734,Programación de computadores,(2) Grupo 2,16
2026-08-06T04:33+00:00,2015734,Programación de computadores,(3) Grupo 3,0
2026-08-06T04:33+00:00,2015734,Programación de computadores,(4) Grupo 4,0
2026-08-06T04:33+00:00,2015734,Programación de computadores,(5) Grupo 5,0
2026-08-06T04:33+00:00,2015734,Programación de computadores,(6) Grupo 6,8
2026-08-06T04:33+00:00,2015734,Programación de computadores,(7) Grupo 7,3
2026-08-06T04:33+00:00,2015734,Programación de computadores,(8) Grupo 8 - Virtual,30
2026-08-06T04:33+00:00,2015734,Programación de computadores,(9) Grupo 9,18
2026-08-06T04:33+00:00,2015973,Saneamiento ambiental,(1) Grupo 1,25
2026-08-06T04:33+00:00,2015973,Saneamiento ambiental,(2) Grupo 2,25
2026-08-06T04:33+00:00,2015973,Saneamiento ambiental,(3) Grupo 3,25
2026-08-06T04:33+00:00,2022761,SIG para Ingeniería Civil,(1) Grupo 1,15
2026-08-06T04:33+00:00,2022761,SIG para Ingeniería Civil,(2) Grupo 2,15
2026-08-06T04:33+00:00,2022761,SIG para Ingeniería Civil,(3) Grupo 3,15
2026-08-06T04:33+00:00,2015296,Trabajo de Grado,(1) Grupo 1,5
2026-08-06T04:33+00:00,2015296,Trabajo de Grado,(10) Grupo 10,5
2026-08-06T04:33+00:00,2015296,Trabajo de Grado,(11) Grupo 11,5
2026-08-06T04:33+00:00,2015296,Trabajo de Grado,(12) Grupo 12,5
2026-08-06T04:33+00:00,2015296,Trabajo de Grado,(13) Grupo 13,5
2026-08-06T04:33+00:00,2015296,Trabajo de Grado,(14) Grupo 14,5
2026-08-06T04:33+00:00,2015296,Trabajo de Grado,(15) Grupo 15,5
2026-08-06T04:33+00:00,2015296,Trabajo de Grado,(16) Grupo 16,5
2026-08-06T04:33+00:00,2015296,Trabajo de Grado,(17) Grupo 17,5
2026-08-06T04:33+00:00,2015296,Trabajo de Grado,(18) Grupo 18,5
2026-08-06T04:33+00:00,2015296,Trabajo de Grado,(19) Grupo 19,0
2026-08-06T04:33+00:00,2015296,Trabajo de Grado,(2) Grupo 2,5
2026-08-06T04:33+00:00,2015296,Trabajo de Grado,(3) Grupo 3,5
2026-08-06T04:33+00:00,2015296,Trabajo de Grado,(4) Grupo 4,5
2026-08-06T04:33+00:00,2015296,Trabajo de Grado,(5) Grupo 5,5
2026-08-06T04:33+00:00,2015296,Trabajo de Grado,(6) Grupo 6,5
2026-08-06T04:33+00:00,2015296,Trabajo de Grado,(7) Grupo 7,5
2026-08-06T04:33+00:00,2015296,Trabajo de Grado,(8) Grupo 8,5
2026-08-06T04:33+00:00,2015296,Trabajo de Grado,(9) Grupo 9,5
2026-08-07T21:28+00:00,2015938,Acueductos,(1) Grupo 1,25
2026-08-07T21:28+00:00,2015938,Acueductos,(2) Grupo 2,25
2026-08-07T21:28+00:00,2015938,Acueductos,(3) Grupo 3,25
2026-08-07T21:28+00:00,2015938,Acueductos,(4) Grupo 4,24
2026-08-07T21:28+00:00,2015939,Alcantarillados,(1) Grupo 1,25
2026-08-07T21:28+00:00,2015939,Alcantarillados,(2) Grupo 2,25
2026-08-07T21:28+00:00,2015939,Alcantarillados,(3) Grupo 3,25
2026-08-07T21:28+00:00,2015939,Alcantarillados,(4) Grupo 4,25
2026-08-07T21:28+00:00,2015940,Análisis estructural aplicado,(1) Grupo 1,24
2026-08-07T21:28+00:00,2015940,Análisis estructural aplicado,(2) Grupo 2,24
2026-08-07T21:28+00:00,2015940,Análisis estructural aplicado,(3) Grupo 3,24
2026-08-07T21:28+00:00,2015941,Análisis estructural básico,(1) Grupo 1,30
2026-08-07T21:28+00:00,2015941,Análisis estructural básico,(2) Grupo 2,30
2026-08-07T21:28+00:00,2015941,Análisis estructural básico,(3) Grupo 3,30
2026-08-07T21:28+00:00,2015941,Análisis estructural básico,(4) Grupo 4,30
2026-08-07T21:28+00:00,1000004-B,Cálculo diferencial,(10) Grupo 10,53
2026-08-07T21:28+00:00,1000004-B,Cálculo diferencial,(11) Grupo 11,24
2026-08-07T21:28+00:00,1000004-B,Cálculo diferencial,(12) Grupo 12,24
2026-08-07T21:28+00:00,1000004-B,Cálculo diferencial,(13) Grupo 13,16
2026-08-07T21:28+00:00,1000004-B,Cálculo diferencial,(14) Grupo 14,90
2026-08-07T21:28+00:00,1000004-B,Cálculo diferencial,(16) Grupo 16,27
2026-08-07T21:28+00:00,1000004-B,Cálculo diferencial,(17) Grupo 17,39
2026-08-07T21:28+00:00,1000004-B,Cálculo diferencial,(19) Grupo 19,59
2026-08-07T21:28+00:00,1000004-B,Cálculo diferencial,(2) Grupo 2,24
2026-08-07T21:28+00:00,1000004-B,Cálculo diferencial,(20) Grupo 20,10
2026-08-07T21:28+00:00,1000004-B,Cálculo diferencial,(21) Grupo 21,60
2026-08-07T21:28+00:00,1000004-B,Cálculo diferencial,(22) Grupo 22,60
2026-08-07T21:28+00:00,1000004-B,Cálculo diferencial,(24) Grupo 24,60
2026-08-07T21:28+00:00,1000004-B,Cálculo diferencial,(25) Grupo 25,40
2026-08-07T21:28+00:00,1000004-B,Cálculo diferencial,(27) Grupo 27,51
2026-08-07T21:28+00:00,1000004-B,Cálculo diferencial,(28) Grupo 28,60
2026-08-07T21:28+00:00,1000004-B,Cálculo diferencial,(29) Grupo 29,60
2026-08-07T21:28+00:00,1000004-B,Cálculo diferencial,(30) Grupo 30,60
2026-08-07T21:28+00:00,1000004-B,Cálculo diferencial,(32) Grupo 32,90
2026-08-07T21:28+00:00,1000004-B,Cálculo diferencial,(4) Grupo 4,37
2026-08-07T21:28+00:00,1000004-B,Cálculo diferencial,(5) Grupo 5,84
2026-08-07T21:28+00:00,1000004-B,Cálculo diferencial,(7) Grupo 7,64
2026-08-07T21:28+00:00,1000004-B,Cálculo diferencial,(8) Grupo 8,40
2026-08-07T21:28+00:00,1000004-B,Cálculo diferencial,(9) Grupo 9,18
2026-08-07T21:28+00:00,1000006-B,Cálculo en varias variables,(1) Grupo 1,40
2026-08-07T21:28+00:00,1000006-B,Cálculo en varias variables,(10) Grupo 10,100
2026-08-07T21:28+00:00,1000006-B,Cálculo en varias variables,(11) Grupo 11,40
2026-08-07T21:28+00:00,1000006-B,Cálculo en varias variables,(12) Grupo 12,60
2026-08-07T21:28+00:00,1000006-B,Cálculo en varias variables,(13) Grupo 13,40
2026-08-07T21:28+00:00,1000006-B,Cálculo en varias variables,(14) Grupo 14,60
2026-08-07T21:28+00:00,1000006-B,Cálculo en varias variables,(15) Grupo 15,112
2026-08-07T21:28+00:00,1000006-B,Cálculo en varias variables,(2) Grupo 2,40
2026-08-07T21:28+00:00,1000006-B,Cálculo en varias variables,(3) Grupo 3,40
2026-08-07T21:28+00:00,1000006-B,Cálculo en varias variables,(4) Grupo 4,100
2026-08-07T21:28+00:00,1000006-B,Cálculo en varias variables,(5) Grupo 5,40
2026-08-07T21:28+00:00,1000006-B,Cálculo en varias variables,(7) Grupo 7,70
2026-08-07T21:28+00:00,1000006-B,Cálculo en varias variables,(8) Grupo 8,60
2026-08-07T21:28+00:00,1000006-B,Cálculo en varias variables,(9) Grupo 9,0
2026-08-07T21:28+00:00,1000005-B,Cálculo Integral,(1) Grupo 1,0
2026-08-07T21:28+00:00,1000005-B,Cálculo Integral,(10) Grupo 10,50
2026-08-07T21:28+00:00,1000005-B,Cálculo Integral,(14) Grupo 14,40
2026-08-07T21:28+00:00,1000005-B,Cálculo Integral,(15) Grupo 15,60
2026-08-07T21:28+00:00,1000005-B,Cálculo Integral,(16) Grupo 16,70
2026-08-07T21:28+00:00,1000005-B,Cálculo Integral,(17) Grupo 17,40
2026-08-07T21:28+00:00,1000005-B,Cálculo Integral,(2) Grupo 2,60
2026-08-07T21:28+00:00,1000005-B,Cálculo Integral,(20) Grupo 20,40
2026-08-07T21:28+00:00,1000005-B,Cálculo Integral,(22) Grupo 22,60
2026-08-07T21:28+00:00,1000005-B,Cálculo Integral,(3) Grupo 3,70
2026-08-07T21:28+00:00,1000005-B,Cálculo Integral,(4) Grupo 4,60
2026-08-07T21:28+00:00,1000005-B,Cálculo Integral,(6) Grupo 6,60
2026-08-07T21:28+00:00,1000005-B,Cálculo Integral,(7) Grupo 7,100
2026-08-07T21:28+00:00,1000005-B,Cálculo Integral,(8) Grupo 8,40
2026-08-07T21:28+00:00,1000005-B,Cálculo Integral,(9) Grupo 9,10
2026-08-07T21:28+00:00,2015943,Construcción de edificaciones,(1) Grupo 1,15
2026-08-07T21:28+00:00,2015944,Construcción de Infraestructura Vial,(1) Grupo 1,15
2026-08-07T21:28+00:00,2015711,Dibujo básico,(10) 2015711-10 Dibujo básico,0
2026-08-07T21:28+00:00,2015711,Dibujo básico,(11) 2015711-11 Dibujo básico,0
2026-08-07T21:28+00:00,2015711,Dibujo básico,(14) 2015711-14 Dibujo básico,0
2026-08-07T21:28+00:00,2015711,Dibujo básico,(16) 2015711-16 Dibujo básico,0
2026-08-07T21:28+00:00,2015711,Dibujo básico,(4) 2015711-4 Dibujo básico,9
2026-08-07T21:28+00:00,2015711,Dibujo básico,(5) 2015711-5 Dibujo básico,0
2026-08-07T21:28+00:00,2015711,Dibujo básico,(7) 2015711-7 Dibujo básico,20
2026-08-07T21:28+00:00,2015711,Dibujo básico,(8) 2015711-8 Dibujo básico,0
2026-08-07T21:28+00:00,2015711,Dibujo básico,(9) 2015711-9 Dibujo básico,0
2026-08-07T21:28+00:00,2015948,Dinámica,(1) Grupo 1,30
2026-08-07T21:28+00:00,2015948,Dinámica,(2) Grupo 2,30
2026-08-07T21:28+00:00,2015948,Dinámica,(3) Grupo 3,30
2026-08-07T21:28+00:00,2015950,Diseño estructural,(1) Grupo 1,25
2026-08-07T21:28+00:00,2015950,Diseño estructural,(2) Grupo 2,0
2026-08-07T21:28+00:00,2015950,Diseño estructural,(3) Grupo 3,25
2026-08-07T21:28+00:00,2015950,Diseño estructural,(4) Grupo 4,25
2026-08-07T21:28+00:00,2015950,Diseño estructural,(5) Grupo 5,25
2026-08-07T21:28+00:00,2015949,Diseño geométrico de Vías,(1) Grupo 1,30
2026-08-07T21:28+00:00,2015949,Diseño geométrico de Vías,(2) Grupo 2,30
2026-08-07T21:28+00:00,2015949,Diseño geométrico de Vías,(3) Grupo 3,30
2026-08-07T21:28+00:00,1000007-B,Ecuaciones Diferenciales,(1) Grupo 1,60
2026-08-07T21:28+00:00,1000007-B,Ecuaciones Diferenciales,(11) Grupo 11,60
2026-08-07T21:28+00:00,1000007-B,Ecuaciones Diferenciales,(12) Grupo 12,60
2026-08-07T21:28+00:00,1000007-B,Ecuaciones Diferenciales,(13) Grupo 13,40
2026-08-07T21:28+00:00,1000007-B,Ecuaciones Diferenciales,(14) Grupo 14,100
2026-08-07T21:28+00:00,1000007-B,Ecuaciones Diferenciales,(3) Grupo 3,40
2026-08-07T21:28+00:00,1000007-B,Ecuaciones Diferenciales,(4) Grupo 4,60
2026-08-07T21:28+00:00,1000007-B,Ecuaciones Diferenciales,(6) Grupo 6,50
2026-08-07T21:28+00:00,1000007-B,Ecuaciones Diferenciales,(7) Grupo 7,40
2026-08-07T21:28+00:00,1000007-B,Ecuaciones Diferenciales,(9) Grupo 9,0
2026-08-07T21:28+00:00,2026134,Estática,(1) Grupo 1,0
2026-08-07T21:28+00:00,2026134,Estática,(2) Grupo 2,30
2026-08-07T21:28+00:00,2026134,Estática,(3) Grupo 3,30
2026-08-07T21:28+00:00,2026134,Estática,(4) Grupo 4,30
2026-08-07T21:28+00:00,2026134,Estática,(5) Grupo 5,30
2026-08-07T21:28+00:00,2026134,Estática,(6) Grupo 6,30
2026-08-07T21:28+00:00,2015954,Estructuras hidráulicas,(1) Grupo 1,30
2026-08-07T21:28+00:00,2015954,Estructuras hidráulicas,(2) Grupo 2,30
2026-08-07T21:28+00:00,2015954,Estructuras hidráulicas,(3) Grupo 3,30
2026-08-07T21:28+00:00,2015955,Fundamentos de construcción,(1) Grupo 1,30
2026-08-07T21:28+00:00,2015955,Fundamentos de construcción,(2) Grupo 2,30
2026-08-07T21:28+00:00,2015955,Fundamentos de construcción,(3) Grupo 3,30
2026-08-07T21:28+00:00,1000011-B,Fundamentos de ecología,(1) Grupo 1,118
2026-08-07T21:28+00:00,1000011-B,Fundamentos de ecología,(3) Grupo 3,12
2026-08-07T21:28+00:00,1000019-B,Fundamentos de mecánica,(1) Grupo 1,35
2026-08-07T21:28+00:00,1000019-B,Fundamentos de mecánica,(10) Grupo 10,35
2026-08-07T21:28+00:00,1000019-B,Fundamentos de mecánica,(11) Grupo 11,35
2026-08-07T21:28+00:00,1000019-B,Fundamentos de mecánica,(12) Grupo 12,35
2026-08-07T21:28+00:00,1000019-B,Fundamentos de mecánica,(13) Grupo 13,35
2026-08-07T21:28+00:00,1000019-B,Fundamentos de mecánica,(14) Grupo 14,35
2026-08-07T21:28+00:00,1000019-B,Fundamentos de mecánica,(15) Grupo 15,32
2026-08-07T21:28+00:00,1000019-B,Fundamentos de mecánica,(16) Grupo 16,35
2026-08-07T21:28+00:00,1000019-B,Fundamentos de mecánica,(17) Grupo 17,34
2026-08-07T21:28+00:00,1000019-B,Fundamentos de mecánica,(18) Grupo 18,34
2026-08-07T21:28+00:00,1000019-B,Fundamentos de mecánica,(19) Grupo 19,32
2026-08-07T21:28+00:00,1000019-B,Fundamentos de mecánica,(2) Grupo 2,35
2026-08-07T21:28+00:00,1000019-B,Fundamentos de mecánica,(20) Grupo 20,35
2026-08-07T21:28+00:00,1000019-B,Fundamentos de mecánica,(21) Grupo 21,35
2026-08-07T21:28+00:00,1000019-B,Fundamentos de mecánica,(22) Grupo 22,35
2026-08-07T21:28+00:00,1000019-B,Fundamentos de mecánica,(23) Grupo 23,35
2026-08-07T21:28+00:00,1000019-B,Fundamentos de mecánica,(24) Grupo 24,35
2026-08-07T21:28+00:00,1000019-B,Fundamentos de mecánica,(25) Grupo 25,45
2026-08-07T21:28+00:00,1000019-B,Fundamentos de mecánica,(26) Grupo 26 (VIRTUAL),50
2026-08-07T21:28+00:00,1000019-B,Fundamentos de mecánica,(27) Grupo 27 (VIRTUAL),50
2026-08-07T21:28+00:00,1000019-B,Fundamentos de mecánica,(28) Grupo 28 (VIRTUAL),50
2026-08-07T21:28+00:00,1000019-B,Fundamentos de mecánica,(29) Grupo 29 (VIRTUAL),50
2026-08-07T21:28+00:00,1000019-B,Fundamentos de mecánica,(3) Grupo 3,35
2026-08-07T21:28+00:00,1000019-B,Fundamentos de mecánica,(4) Grupo 4,35
2026-08-07T21:28+00:00,1000019-B,Fundamentos de mecánica,(5) Grupo 5,35
2026-08-07T21:28+00:00,1000019-B,Fundamentos de mecánica,(6) Grupo 6,35
2026-08-07T21:28+00:00,1000019-B,Fundamentos de mecánica,(7) Grupo 7,35
2026-08-07T21:28+00:00,1000019-B,Fundamentos de mecánica,(8) Grupo 8,35
2026-08-07T21:28+00:00,1000019-B,Fundamentos de mecánica,(9) Grupo 9,0
2026-08-07T21:28+00:00,1000019-B,Fundamentos de mecánica,(1) Grupo 1,35
2026-08-07T21:28+00:00,1000019-B,Fundamentos de mecánica,(10) Grupo 10,35
2026-08-07T21:28+00:00,1000019-B,Fundamentos de mecánica,(11) Grupo 11,35
2026-08-07T21:28+00:00,1000019-B,Fundamentos de mecánica,(12) Grupo 12,35
2026-08-07T21:28+00:00,1000019-B,Fundamentos de mecánica,(13) Grupo 13,35
2026-08-07T21:28+00:00,1000019-B,Fundamentos de mecánica,(14) Grupo 14,35
2026-08-07T21:28+00:00,1000019-B,Fundamentos de mecánica,(15) Grupo 15,32
2026-08-07T21:28+00:00,1000019-B,Fundamentos de mecánica,(16) Grupo 16,35
2026-08-07T21:28+00:00,1000019-B,Fundamentos de mecánica,(17) Grupo 17,34
2026-08-07T21:28+00:00,1000019-B,Fundamentos de mecánica,(18) Grupo 18,34
2026-08-07T21:28+00:00,1000019-B,Fundamentos de mecánica,(19) Grupo 19,32
2026-08-07T21:28+00:00,1000019-B,Fundamentos de mecánica,(2) Grupo 2,35
2026-08-07T21:28+00:00,1000019-B,Fundamentos de mecánica,(20) Grupo 20,35
2026-08-07T21:28+00:00,1000019-B,Fundamentos de mecánica,(21) Grupo 21,35
2026-08-07T21:28+00:00,1000019-B,Fundamentos de mecánica,(22) Grupo 22,35
2026-08-07T21:28+00:00,1000019-B,Fundamentos de mecánica,(23) Grupo 23,35
2026-08-07T21:28+00:00,1000019-B,Fundamentos de mecánica,(24) Grupo 24,35
2026-08-07T21:28+00:00,1000019-B,Fundamentos de mecánica,(25) Grupo 25,45
2026-08-07T21:28+00:00,1000019-B,Fundamentos de mecánica,(26) Grupo 26 (VIRTUAL),50
2026-08-07T21:28+00:00,1000019-B,Fundamentos de mecánica,(27) Grupo 27 (VIRTUAL),50
2026-08-07T21:28+00:00,1000019-B,Fundamentos de mecánica,(28) Grupo 28 (VIRTUAL),50
2026-08-07T21:28+00:00,1000019-B,Fundamentos de mecánica,(29) Grupo 29 (VIRTUAL),50
2026-08-07T21:28+00:00,1000019-B,Fundamentos de mecánica,(3) Grupo 3,35
2026-08-07T21:28+00:00,1000019-B,Fundamentos de mecánica,(4) Grupo 4,35
2026-08-07T21:28+00:00,1000019-B,Fundamentos de mecánica,(5) Grupo 5,35
2026-08-07T21:28+00:00,1000019-B,Fundamentos de mecánica,(6) Grupo 6,35
2026-08-07T21:28+00:00,1000019-B,Fundamentos de mecánica,(7) Grupo 7,35
2026-08-07T21:28+00:00,1000019-B,Fundamentos de mecánica,(8) Grupo 8,35
2026-08-07T21:28+00:00,1000019-B,Fundamentos de mecánica,(9) Grupo 9,10
2026-08-07T21:28+00:00,1000019-B,Fundamentos de mecánica,(16) Gruop 16,8
2026-08-07T21:28+00:00,1000019-B,Fundamentos de mecánica,(1) Grupo 1,35
2026-08-07T21:28+00:00,1000019-B,Fundamentos de mecánica,(10) Grupo 10,35
2026-08-07T21:28+00:00,1000019-B,Fundamentos de mecánica,(11) Grupo 11,35
2026-08-07T21:28+00:00,1000019-B,Fundamentos de mecánica,(12) Grupo 12,35
2026-08-07T21:28+00:00,1000019-B,Fundamentos de mecánica,(13) Grupo 13,35
2026-08-07T21:28+00:00,1000019-B,Fundamentos de mecánica,(14) Grupo 14,35
2026-08-07T21:28+00:00,1000019-B,Fundamentos de mecánica,(15) Grupo 15,32
2026-08-07T21:28+00:00,1000019-B,Fundamentos de mecánica,(17) Grupo 17,34
2026-08-07T21:28+00:00,1000019-B,Fundamentos de mecánica,(18) Grupo 18,34
2026-08-07T21:28+00:00,1000019-B,Fundamentos de mecánica,(19) Grupo 19,32
2026-08-07T21:28+00:00,1000019-B,Fundamentos de mecánica,(2) Grupo 2,35
2026-08-07T21:28+00:00,1000019-B,Fundamentos de mecánica,(20) Grupo 20,35
2026-08-07T21:28+00:00,1000019-B,Fundamentos de mecánica,(21) Grupo 21,35
2026-08-07T21:28+00:00,1000019-B,Fundamentos de mecánica,(22) Grupo 22,35
2026-08-07T21:28+00:00,1000019-B,Fundamentos de mecánica,(23) Grupo 23,35
2026-08-07T21:28+00:00,1000019-B,Fundamentos de mecánica,(24) Grupo 24,35
2026-08-07T21:28+00:00,1000019-B,Fundamentos de mecánica,(25) Grupo 25,45
2026-08-07T21:28+00:00,1000019-B,Fundamentos de mecánica,(26) Grupo 26 (VIRTUAL),50
2026-08-07T21:28+00:00,1000019-B,Fundamentos de mecánica,(27) Grupo 27 (VIRTUAL),50
2026-08-07T21:28+00:00,1000019-B,Fundamentos de mecánica,(28) Grupo 28 (VIRTUAL),50
2026-08-07T21:28+00:00,1000019-B,Fundamentos de mecánica,(29) Grupo 29 (VIRTUAL),50
2026-08-07T21:28+00:00,1000019-B,Fundamentos de mecánica,(3) Grupo 3,35
2026-08-07T21:28+00:00,1000019-B,Fundamentos de mecánica,(4) Grupo 4,35
2026-08-07T21:28+00:00,1000019-B,Fundamentos de mecánica,(5) Grupo 5,35
2026-08-07T21:28+00:00,1000019-B,Fundamentos de mecánica,(6) Grupo 6,35
2026-08-07T21:28+00:00,1000019-B,Fundamentos de mecánica,(7) Grupo 7,35
2026-08-07T21:28+00:00,1000019-B,Fundamentos de mecánica,(8) Grupo 8,35
2026-08-07T21:28+00:00,1000019-B,Fundamentos de mecánica,(9) Grupo 9,10
2026-08-07T21:28+00:00,2015956,Geología,(1) Grupo 1,35
2026-08-07T21:28+00:00,2015956,Geología,(2) Grupo 2,30
2026-08-07T21:28+00:00,2015956,Geología,(3) Grupo 3,30
2026-08-07T21:28+00:00,2015956,Geología,(4) Grupo 4,35
2026-08-07T21:28+00:00,2015957,Geomática Aplicada,(1) Grupo 1,30
2026-08-07T21:28+00:00,2015957,Geomática Aplicada,(2) Grupo 2,30
2026-08-07T21:28+00:00,2015957,Geomática Aplicada,(3) Grupo 3,30
2026-08-07T21:28+00:00,2015957,Geomática Aplicada,(4) Grupo 4,30
2026-08-07T21:28+00:00,2015958,Geomática básica,(1) Grupo 1,20
2026-08-07T21:28+00:00,2015958,Geomática básica,(2) Grupo 2,20
2026-08-07T21:28+00:00,2015958,Geomática básica,(3) Grupo 3,30
2026-08-07T21:28+00:00,2015958,Geomática básica,(4) Grupo 4,20
2026-08-07T21:28+00:00,2015958,Geomática básica,(5) Grupo 5,20
2026-08-07T21:28+00:00,2015958,Geomática básica,(6) Grupo 6,20
2026-08-07T21:28+00:00,2015958,Geomática básica,(7) Grupo 7,20
2026-08-07T21:28+00:00,2015958,Geomática básica,(8) Grupo 8,20
2026-08-07T21:28+00:00,2015958,Geomática básica,(9) Grupo 9,20
2026-08-07T21:28+00:00,2015958,Geomática básica,(1) Grupo 1,40
2026-08-07T21:28+00:00,2015958,Geomática básica,(3) Grupo 3,30
2026-08-07T21:28+00:00,2015958,Geomática básica,(4) Grupo 4,40
2026-08-07T21:28+00:00,2015958,Geomática básica,(6) Grupo 6,40
2026-08-07T21:28+00:00,2015958,Geomática básica,(8) Grupo 8,40
2026-08-07T21:28+00:00,2015959,Geotecnia,(1) Grupo 1,30
2026-08-07T21:28+00:00,2015959,Geotecnia,(2) Grupo 2,30
2026-08-07T21:28+00:00,2015959,Geotecnia,(3) Grupo 3,30
2026-08-07T21:28+00:00,2015959,Geotecnia,(4) Grupo 4,0
2026-08-07T21:28+00:00,2015961,Hidráulica básica,(1) Grupo 1,24
2026-08-07T21:28+00:00,2015961,Hidráulica básica,(2) Grupo 2,24
2026-08-07T21:28+00:00,2015961,Hidráulica básica,(3) Grupo 3,24
2026-08-07T21:28+00:00,2015961,Hidráulica básica,(4) Grupo 4,24
2026-08-07T21:28+00:00,2015961,Hidráulica básica,(5) Grupo 5,24
2026-08-07T21:28+00:00,2015961,Hidráulica básica,(6) Grupo 6,24
2026-08-07T21:28+00:00,2015978,Hidrología,(1) Grupo 1,0
2026-08-07T21:28+00:00,2015978,Hidrología,(2) Grupo 2,30
2026-08-07T21:28+00:00,2015978,Hidrología,(3) Grupo 3,30
2026-08-07T21:28+00:00,2015978,Hidrología,(4) Grupo 4,30
2026-08-07T21:28+00:00,2015978,Hidrología,(5) Grupo 5,30
2026-08-07T21:28+00:00,2026135,Ingeniería civil sostenible,(1) Grupo 1,25
2026-08-07T21:28+00:00,2026135,Ingeniería civil sostenible,(2) Grupo 2,25
2026-08-07T21:28+00:00,2026135,Ingeniería civil sostenible,(3) Grupo 3,25
2026-08-07T21:28+00:00,2015963,Ingeniería de Tránsito,(1) Grupo 1,30
2026-08-07T21:28+00:00,2015963,Ingeniería de Tránsito,(2) Grupo 2,30
2026-08-07T21:28+00:00,2015963,Ingeniería de Tránsito,(3) Grupo 3,30
2026-08-07T21:28+00:00,2026138,Ingenieria de transporte,(1) Grupo 1,30
2026-08-07T21:28+00:00,2026138,Ingenieria de transporte,(2) Grupo 2,30
2026-08-07T21:28+00:00,2026138,Ingenieria de transporte,(3) Grupo 3,30
2026-08-07T21:28+00:00,2015703,Ingeniería económica,(1) Grupo 1,40
2026-08-07T21:28+00:00,2015703,Ingeniería económica,(10) Grupo 10,30
2026-08-07T21:28+00:00,2015703,Ingeniería económica,(11) Grupo 11,30
2026-08-07T21:28+00:00,2015703,Ingeniería económica,(2) Grupo 2,40
2026-08-07T21:28+00:00,2015703,Ingeniería económica,(3) Grupo 3,40
2026-08-07T21:28+00:00,2015703,Ingeniería económica,(4) Grupo 4,30
2026-08-07T21:28+00:00,2015703,Ingeniería económica,(5) Grupo 5 - Virtual,60
2026-08-07T21:28+00:00,2015703,Ingeniería económica,(6) Grupo 6,40
2026-08-07T21:28+00:00,2015703,Ingeniería económica,(7) Grupo 7,20
2026-08-07T21:28+00:00,2015703,Ingeniería económica,(8) Grupo 8,40
2026-08-07T21:28+00:00,2015703,Ingeniería económica,(9) Grupo 9,35
2026-08-07T21:28+00:00,1000044-B,Inglés I- Semestral,(1) Grupo 1,26
2026-08-07T21:28+00:00,1000044-B,Inglés I- Semestral,(2) Grupo 2,26
2026-08-07T21:28+00:00,1000044-B,Inglés I- Semestral,(3) Grupo 3,26
2026-08-07T21:28+00:00,1000044-B,Inglés I- Semestral,(4) Grupo 4,26
2026-08-07T21:28+00:00,1000044-B,Inglés I- Semestral,(5) Grupo 5,26
2026-08-07T21:28+00:00,1000044-B,Inglés I- Semestral,(6) Grupo 6,26
2026-08-07T21:28+00:00,1000044-B,Inglés I- Semestral,(7) Grupo 7,26
2026-08-07T21:28+00:00,1000044-B,Inglés I- Semestral,(8) Grupo 8,26
2026-08-07T21:28+00:00,1000044-B,Inglés I- Semestral,(9) Grupo 9,7
2026-08-07T21:28+00:00,1000045-B,Inglés II - Semestral,(1) Grupo 1,10
2026-08-07T21:28+00:00,1000045-B,Inglés II - Semestral,(10) Grupo 10,26
2026-08-07T21:28+00:00,1000045-B,Inglés II - Semestral,(11) Grupo 11,26
2026-08-07T21:28+00:00,1000045-B,Inglés II - Semestral,(12) Grupo 12,26
2026-08-07T21:28+00:00,1000045-B,Inglés II - Semestral,(13) Grupo 13,26
2026-08-07T21:28+00:00,1000045-B,Inglés II - Semestral,(14) Grupo 14,26
2026-08-07T21:28+00:00,1000045-B,Inglés II - Semestral,(15) Grupo 15,26
2026-08-07T21:28+00:00,1000045-B,Inglés II - Semestral,(16) Grupo 16,26
2026-08-07T21:28+00:00,1000045-B,Inglés II - Semestral,(2) Grupo 2,26
2026-08-07T21:28+00:00,1000045-B,Inglés II - Semestral,(3) Grupo 3,26
2026-08-07T21:28+00:00,1000045-B,Inglés II - Semestral,(4) Grupo 4,26
2026-08-07T21:28+00:00,1000045-B,Inglés II - Semestral,(5) Grupo 5,26
2026-08-07T21:28+00:00,1000045-B,Inglés II - Semestral,(6) Grupo 6,26
2026-08-07T21:28+00:00,1000045-B,Inglés II - Semestral,(7) Grupo 7,26
2026-08-07T21:28+00:00,1000045-B,Inglés II - Semestral,(8) Grupo 8,26
2026-08-07T21:28+00:00,1000045-B,Inglés II - Semestral,(9) Grupo 9,15
2026-08-07T21:28+00:00,1000046-B,Inglés III - Semestral,(1) Grupo 1,26
2026-08-07T21:28+00:00,1000046-B,Inglés III - Semestral,(10) Grupo 10,26
2026-08-07T21:28+00:00,1000046-B,Inglés III - Semestral,(11) Grupo 11,26
2026-08-07T21:28+00:00,1000046-B,Inglés III - Semestral,(12) Grupo 12,26
2026-08-07T21:28+00:00,1000046-B,Inglés III - Semestral,(13) Grupo 13,26
2026-08-07T21:28+00:00,1000046-B,Inglés III - Semestral,(14) Grupo 14,26
2026-08-07T21:28+00:00,1000046-B,Inglés III - Semestral,(15) Grupo 15,26
2026-08-07T21:28+00:00,1000046-B,Inglés III - Semestral,(16) Grupo 16,26
2026-08-07T21:28+00:00,1000046-B,Inglés III - Semestral,(17) Grupo 17,26
2026-08-07T21:28+00:00,1000046-B,Inglés III - Semestral,(18) Grupo 18,26
2026-08-07T21:28+00:00,1000046-B,Inglés III - Semestral,(2) Grupo 2,26
2026-08-07T21:28+00:00,1000046-B,Inglés III - Semestral,(3) Grupo 3,26
2026-08-07T21:28+00:00,1000046-B,Inglés III - Semestral,(4) Grupo 4,26
2026-08-07T21:28+00:00,1000046-B,Inglés III - Semestral,(5) Grupo 5,26
2026-08-07T21:28+00:00,1000046-B,Inglés III - Semestral,(6) Grupo 6,26
2026-08-07T21:28+00:00,1000046-B,Inglés III - Semestral,(7) Grupo 7,26
2026-08-07T21:28+00:00,1000046-B,Inglés III - Semestral,(8) Grupo 8,26
2026-08-07T21:28+00:00,1000046-B,Inglés III - Semestral,(9) Grupo 9,10
2026-08-07T21:28+00:00,1000052-B,Inglés Intensivo I y II,(1) Grupo 1,28
2026-08-07T21:28+00:00,1000052-B,Inglés Intensivo I y II,(2) Grupo 2,28
2026-08-07T21:28+00:00,1000052-B,Inglés Intensivo I y II,(3) Grupo 3,28
2026-08-07T21:28+00:00,1000053-B,Inglés Intensivo III y IV,(1) Grupo 1,28
2026-08-07T21:28+00:00,1000053-B,Inglés Intensivo III y IV,(2) Grupo 2,28
2026-08-07T21:28+00:00,1000053-B,Inglés Intensivo III y IV,(3) Grupo 3,30
2026-08-07T21:28+00:00,1000053-B,Inglés Intensivo III y IV,(4) Grupo 4,30
2026-08-07T21:28+00:00,1000053-B,Inglés Intensivo III y IV,(5) Grupo 5,28
2026-08-07T21:28+00:00,1000053-B,Inglés Intensivo III y IV,(6) Grupo 6,28
2026-08-07T21:28+00:00,1000047-B,Inglés IV- Semestral,(1) Grupo 1,26
2026-08-07T21:28+00:00,1000047-B,Inglés IV- Semestral,(10) Grupo 10,26
2026-08-07T21:28+00:00,1000047-B,Inglés IV- Semestral,(11) Grupo 11,26
2026-08-07T21:28+00:00,1000047-B,Inglés IV- Semestral,(12) Grupo 12,26
2026-08-07T21:28+00:00,1000047-B,Inglés IV- Semestral,(13) Grupo 13,26
2026-08-07T21:28+00:00,1000047-B,Inglés IV- Semestral,(14) Grupo 14,26
2026-08-07T21:28+00:00,1000047-B,Inglés IV- Semestral,(15) Grupo 15,26
2026-08-07T21:28+00:00,1000047-B,Inglés IV- Semestral,(16) Grupo 16,26
2026-08-07T21:28+00:00,1000047-B,Inglés IV- Semestral,(17) Grupo 17,26
2026-08-07T21:28+00:00,1000047-B,Inglés IV- Semestral,(18) Grupo 18,26
2026-08-07T21:28+00:00,1000047-B,Inglés IV- Semestral,(19) Grupo 19,26
2026-08-07T21:28+00:00,1000047-B,Inglés IV- Semestral,(2) Grupo 2,26
2026-08-07T21:28+00:00,1000047-B,Inglés IV- Semestral,(20) Grupo 20,26
2026-08-07T21:28+00:00,1000047-B,Inglés IV- Semestral,(21) Grupo 21,26
2026-08-07T21:28+00:00,1000047-B,Inglés IV- Semestral,(22) Grupo 22,26
2026-08-07T21:28+00:00,1000047-B,Inglés IV- Semestral,(3) Grupo 3,26
2026-08-07T21:28+00:00,1000047-B,Inglés IV- Semestral,(4) Grupo 4,26
2026-08-07T21:28+00:00,1000047-B,Inglés IV- Semestral,(5) Grupo 5,26
2026-08-07T21:28+00:00,1000047-B,Inglés IV- Semestral,(6) Grupo 6,26
2026-08-07T21:28+00:00,1000047-B,Inglés IV- Semestral,(7) Grupo 7,26
2026-08-07T21:28+00:00,1000047-B,Inglés IV- Semestral,(8) Grupo 8,26
2026-08-07T21:28+00:00,1000047-B,Inglés IV- Semestral,(9) Grupo 9,15
2026-08-07T21:28+00:00,2026186,Introducción a la ingeniería civil,(1) Grupo 1,7
2026-08-07T21:28+00:00,2026186,Introducción a la ingeniería civil,(2) Grupo 2,0
2026-08-07T21:28+00:00,2026186,Introducción a la ingeniería civil,(4) Grupo 4,10
2026-08-07T21:28+00:00,1000002-B,Lecto-Escritura,(1) Grupo 1 - Clase Presencial,1
2026-08-07T21:28+00:00,1000002-B,Lecto-Escritura,(10) Grupo 10 - Clase presencial,0
2026-08-07T21:28+00:00,1000002-B,Lecto-Escritura,(2) Grupo 2 - Clase Presencial,0
2026-08-07T21:28+00:00,1000002-B,Lecto-Escritura,(3) Grupo 3 - Clase Presencial,0
2026-08-07T21:28+00:00,1000002-B,Lecto-Escritura,(4) Grupo 4 - Clase Presencial,0
2026-08-07T21:28+00:00,1000002-B,Lecto-Escritura,(5) Grupo 5 - Clase Presencial,0
2026-08-07T21:28+00:00,1000002-B,Lecto-Escritura,(6) Grupo 6 - Clase Presencial,0
2026-08-07T21:28+00:00,1000002-B,Lecto-Escritura,(7) Grupo 7 - Clase Presencial,0
2026-08-07T21:28+00:00,1000002-B,Lecto-Escritura,(8) Grupo 8 - Clase Presencial,0
2026-08-07T21:28+00:00,1000002-B,Lecto-Escritura,(9) Grupo 9 - Clase Presencial,10
2026-08-07T21:28+00:00,1000001-B,Matemáticas Básicas,(1) Grupo 1,0
2026-08-07T21:28+00:00,1000001-B,Matemáticas Básicas,(19) Grupo 19,5
2026-08-07T21:28+00:00,1000001-B,Matemáticas Básicas,(2) Grupo 2,10
2026-08-07T21:28+00:00,1000001-B,Matemáticas Básicas,(1) Grupo 1,0
2026-08-07T21:28+00:00,1000001-B,Matemáticas Básicas,(10) Grupo 10,0
2026-08-07T21:28+00:00,1000001-B,Matemáticas Básicas,(2) Grupo 2,0
2026-08-07T21:28+00:00,1000001-B,Matemáticas Básicas,(3) Grupo 3,0
2026-08-07T21:28+00:00,1000001-B,Matemáticas Básicas,(4) Grupo 4,0
2026-08-07T21:28+00:00,1000001-B,Matemáticas Básicas,(5) Grupo 5,0
2026-08-07T21:28+00:00,1000001-B,Matemáticas Básicas,(6) Grupo 6,0
2026-08-07T21:28+00:00,1000001-B,Matemáticas Básicas,(7) Grupo 7,0
2026-08-07T21:28+00:00,1000001-B,Matemáticas Básicas,(8) Grupo 8,0
2026-08-07T21:28+00:00,1000001-B,Matemáticas Básicas,(9) Grupo 9,10
2026-08-07T21:28+00:00,2015965,Materiales para construcción,(1) Grupo 1,24
2026-08-07T21:28+00:00,2015965,Materiales para construcción,(2) Grupo 2,24
2026-08-07T21:28+00:00,2015965,Materiales para construcción,(3) Grupo 3,24
2026-08-07T21:28+00:00,2015965,Materiales para construcción,(4) Grupo 4,24
2026-08-07T21:28+00:00,2015966,Mecánica de fluidos,(1) Grupo 1,24
2026-08-07T21:28+00:00,2015966,Mecánica de fluidos,(2) Grupo 2,24
2026-08-07T21:28+00:00,2015966,Mecánica de fluidos,(3) Grupo 3,24
2026-08-07T21:28+00:00,2015966,Mecánica de fluidos,(4) Grupo 4,24
2026-08-07T21:28+00:00,2015966,Mecánica de fluidos,(5) Grupo 5,24
2026-08-07T21:28+00:00,2015966,Mecánica de fluidos,(6) Grupo 6,24
2026-08-07T21:28+00:00,2015966,Mecánica de fluidos,(7) Grupo 7,24
2026-08-07T21:28+00:00,2015966,Mecánica de fluidos,(8) Grupo 8,24
2026-08-07T21:28+00:00,2015967,Mecánica de Rocas,(1) Grupo 1,24
2026-08-07T21:28+00:00,2015968,Mecánica de sólidos,(1) Grupo 1,24
2026-08-07T21:28+00:00,2015968,Mecánica de sólidos,(2) Grupo 2,24
2026-08-07T21:28+00:00,2015968,Mecánica de sólidos,(3) Grupo 3,24
2026-08-07T21:28+00:00,2015968,Mecánica de sólidos,(4) Grupo 4,24
2026-08-07T21:28+00:00,2015968,Mecánica de sólidos,(5) Grupo 5,24
2026-08-07T21:28+00:00,2015968,Mecánica de sólidos,(6) Grupo 6,24
2026-08-07T21:28+00:00,2015968,Mecánica de sólidos,(7) Grupo 7,0
2026-08-07T21:28+00:00,2015969,Mecánica de suelos,(1) Grupo 1 (Inglés),30
2026-08-07T21:28+00:00,2015969,Mecánica de suelos,(2) Grupo 2,30
2026-08-07T21:28+00:00,2015969,Mecánica de suelos,(3) Grupo 3,30
2026-08-07T21:28+00:00,2015969,Mecánica de suelos,(4) Grupo 4,30
2026-08-07T21:28+00:00,2015970,Métodos numéricos,(4) Grupo 4,30
2026-08-07T21:28+00:00,2015970,Métodos numéricos,(5) Grupo 5,45
2026-08-07T21:28+00:00,2015970,Métodos numéricos,(8) Grupo 8,30
2026-08-07T21:28+00:00,2015970,Métodos numéricos,(9) Grupo 9,45
2026-08-07T21:28+00:00,2017293,Modelación matemática,(1) 2017293-1 Modelación matemática,34
2026-08-07T21:28+00:00,2017293,Modelación matemática,(2) 2017293-2 Modelación matemática,34
2026-08-07T21:28+00:00,2017293,Modelación matemática,(1M) 2017293-1M Modelación matemática - Magistral,80
2026-08-07T21:28+00:00,2015971,Pavimentos,(1) Grupo 1,30
2026-08-07T21:28+00:00,2015971,Pavimentos,(2) Grupo 2,30
2026-08-07T21:28+00:00,2015971,Pavimentos,(3) Grupo 3,30
2026-08-07T21:28+00:00,2015972,Preparación y evaluación de proyectos de infraestructura,(1) Grupo 1,15
2026-08-07T21:28+00:00,2015972,Preparación y evaluación de proyectos de infraestructura,(2) Grupo 2,15
2026-08-07T21:28+00:00,2015972,Preparación y evaluación de proyectos de infraestructura,(3) Grupo 3,15
2026-08-07T21:28+00:00,1000024-B,Principios de química,(12) Grupo 12,0
2026-08-07T21:28+00:00,1000024-B,Principios de química,(13) Grupo 13,0
2026-08-07T21:28+00:00,1000024-B,Principios de química,(14) Grupo 14,10
2026-08-07T21:28+00:00,1000013-B,Probabilidad y estadística fundamental,(1) Grupo 1,0
2026-08-07T21:28+00:00,1000013-B,Probabilidad y estadística fundamental,(10) Grupo 10,35
2026-08-07T21:28+00:00,1000013-B,Probabilidad y estadística fundamental,(11) Grupo 11,40
2026-08-07T21:28+00:00,1000013-B,Probabilidad y estadística fundamental,(12) Grupo 12,40
2026-08-07T21:28+00:00,1000013-B,Probabilidad y estadística fundamental,(13) Grupo 13,30
2026-08-07T21:28+00:00,1000013-B,Probabilidad y estadística fundamental,(14) Grupo 14,45
2026-08-07T21:28+00:00,1000013-B,Probabilidad y estadística fundamental,(16) Grupo 16,30
2026-08-07T21:28+00:00,1000013-B,Probabilidad y estadística fundamental,(2) Grupo 2,40
2026-08-07T21:28+00:00,1000013-B,Probabilidad y estadística fundamental,(22) Grupo 22,45
2026-08-07T21:28+00:00,1000013-B,Probabilidad y estadística fundamental,(23) Grupo 23,0
2026-08-07T21:28+00:00,1000013-B,Probabilidad y estadística fundamental,(3) Grupo 3,40
2026-08-07T21:28+00:00,1000013-B,Probabilidad y estadística fundamental,(4) Grupo 4,40
2026-08-07T21:28+00:00,1000013-B,Probabilidad y estadística fundamental,(5) Grupo 5,35
2026-08-07T21:28+00:00,1000013-B,Probabilidad y estadística fundamental,(6) Grupo 6,35
2026-08-07T21:28+00:00,1000013-B,Probabilidad y estadística fundamental,(7) Grupo 7,40
2026-08-07T21:28+00:00,2015734,Programación de computadores,(1) Grupo 1,6
2026-08-07T21:28+00:00,2015734,Programación de computadores,(10) Grupo 10,4
2026-08-07T21:28+00:00,2015734,Programación de computadores,(11) Grupo 11,0
2026-08-07T21:28+00:00,2015734,Programación de computadores,(12) Grupo 12,1
2026-08-07T21:28+00:00,2015734,Programación de computadores,(13) Grupo 13,4
2026-08-07T21:28+00:00,2015734,Programación de computadores,(14) Grupo 14,0
2026-08-07T21:28+00:00,2015734,Programación de computadores,(2) Grupo 2,16
2026-08-07T21:28+00:00,2015734,Programación de computadores,(3) Grupo 3,0
2026-08-07T21:28+00:00,2015734,Programación de computadores,(4) Grupo 4,0
2026-08-07T21:28+00:00,2015734,Programación de computadores,(5) Grupo 5,0
2026-08-07T21:28+00:00,2015734,Programación de computadores,(6) Grupo 6,8
2026-08-07T21:28+00:00,2015734,Programación de computadores,(7) Grupo 7,3
2026-08-07T21:28+00:00,2015734,Programación de computadores,(8) Grupo 8 - Virtual,30
2026-08-07T21:28+00:00,2015734,Programación de computadores,(9) Grupo 9,18
2026-08-07T21:28+00:00,2015973,Saneamiento ambiental,(1) Grupo 1,25
2026-08-07T21:28+00:00,2015973,Saneamiento ambiental,(2) Grupo 2,25
2026-08-07T21:28+00:00,2015973,Saneamiento ambiental,(3) Grupo 3,25
2026-08-07T21:28+00:00,2022761,SIG para Ingeniería Civil,(1) Grupo 1,15
2026-08-07T21:28+00:00,2022761,SIG para Ingeniería Civil,(2) Grupo 2,15
2026-08-07T21:28+00:00,2022761,SIG para Ingeniería Civil,(3) Grupo 3,15
2026-08-07T21:28+00:00,2015296,Trabajo de Grado,(1) Grupo 1,5
2026-08-07T21:28+00:00,2015296,Trabajo de Grado,(10) Grupo 10,5
2026-08-07T21:28+00:00,2015296,Trabajo de Grado,(11) Grupo 11,5
2026-08-07T21:28+00:00,2015296,Trabajo de Grado,(12) Grupo 12,5
2026-08-07T21:28+00:00,2015296,Trabajo de Grado,(13) Grupo 13,5
2026-08-07T21:28+00:00,2015296,Trabajo de Grado,(14) Grupo 14,5
2026-08-07T21:28+00:00,2015296,Trabajo de Grado,(15) Grupo 15,5
2026-08-07T21:28+00:00,2015296,Trabajo de Grado,(16) Grupo 16,5
2026-08-07T21:28+00:00,2015296,Trabajo de Grado,(17) Grupo 17,5
2026-08-07T21:28+00:00,2015296,Trabajo de Grado,(18) Grupo 18,5
2026-08-07T21:28+00:00,2015296,Trabajo de Grado,(19) Grupo 19,0
2026-08-07T21:28+00:00,2015296,Trabajo de Grado,(2) Grupo 2,5
2026-08-07T21:28+00:00,2015296,Trabajo de Grado,(3) Grupo 3,5
2026-08-07T21:28+00:00,2015296,Trabajo de Grado,(4) Grupo 4,5
2026-08-07T21:28+00:00,2015296,Trabajo de Grado,(5) Grupo 5,5
2026-08-07T21:28+00:00,2015296,Trabajo de Grado,(6) Grupo 6,5
2026-08-07T21:28+00:00,2015296,Trabajo de Grado,(7) Grupo 7,5
2026-08-07T21:28+00:00,2015296,Trabajo de Grado,(8) Grupo 8,5
2026-08-07T21:28+00:00,2015296,Trabajo de Grado,(9) Grupo 9,5
2026-08-07T23:56+00:00,2015938,Acueductos,(1) Grupo 1,25
2026-08-07T23:56+00:00,2015938,Acueductos,(2) Grupo 2,25
2026-08-07T23:56+00:00,2015938,Acueductos,(3) Grupo 3,25
2026-08-07T23:56+00:00,2015938,Acueductos,(4) Grupo 4,24
2026-08-07T23:56+00:00,2015939,Alcantarillados,(1) Grupo 1,25
2026-08-07T23:56+00:00,2015939,Alcantarillados,(2) Grupo 2,25
2026-08-07T23:56+00:00,2015939,Alcantarillados,(3) Grupo 3,25
2026-08-07T23:56+00:00,2015939,Alcantarillados,(4) Grupo 4,25
2026-08-07T23:56+00:00,2015940,Análisis estructural aplicado,(1) Grupo 1,24
2026-08-07T23:56+00:00,2015940,Análisis estructural aplicado,(2) Grupo 2,24
2026-08-07T23:56+00:00,2015940,Análisis estructural aplicado,(3) Grupo 3,24
2026-08-07T23:56+00:00,2015941,Análisis estructural básico,(1) Grupo 1,30
2026-08-07T23:56+00:00,2015941,Análisis estructural básico,(2) Grupo 2,30
2026-08-07T23:56+00:00,2015941,Análisis estructural básico,(3) Grupo 3,30
2026-08-07T23:56+00:00,2015941,Análisis estructural básico,(4) Grupo 4,30
2026-08-07T23:56+00:00,1000004-B,Cálculo diferencial,(10) Grupo 10,53
2026-08-07T23:56+00:00,1000004-B,Cálculo diferencial,(11) Grupo 11,24
2026-08-07T23:56+00:00,1000004-B,Cálculo diferencial,(12) Grupo 12,24
2026-08-07T23:56+00:00,1000004-B,Cálculo diferencial,(13) Grupo 13,16
2026-08-07T23:56+00:00,1000004-B,Cálculo diferencial,(14) Grupo 14,90
2026-08-07T23:56+00:00,1000004-B,Cálculo diferencial,(16) Grupo 16,27
2026-08-07T23:56+00:00,1000004-B,Cálculo diferencial,(17) Grupo 17,39
2026-08-07T23:56+00:00,1000004-B,Cálculo diferencial,(19) Grupo 19,59
2026-08-07T23:56+00:00,1000004-B,Cálculo diferencial,(2) Grupo 2,24
2026-08-07T23:56+00:00,1000004-B,Cálculo diferencial,(20) Grupo 20,10
2026-08-07T23:56+00:00,1000004-B,Cálculo diferencial,(21) Grupo 21,60
2026-08-07T23:56+00:00,1000004-B,Cálculo diferencial,(22) Grupo 22,60
2026-08-07T23:56+00:00,1000004-B,Cálculo diferencial,(24) Grupo 24,60
2026-08-07T23:56+00:00,1000004-B,Cálculo diferencial,(25) Grupo 25,40
2026-08-07T23:56+00:00,1000004-B,Cálculo diferencial,(27) Grupo 27,51
2026-08-07T23:56+00:00,1000004-B,Cálculo diferencial,(28) Grupo 28,60
2026-08-07T23:56+00:00,1000004-B,Cálculo diferencial,(29) Grupo 29,60
2026-08-07T23:56+00:00,1000004-B,Cálculo diferencial,(30) Grupo 30,60
2026-08-07T23:56+00:00,1000004-B,Cálculo diferencial,(32) Grupo 32,90
2026-08-07T23:56+00:00,1000004-B,Cálculo diferencial,(4) Grupo 4,37
2026-08-07T23:56+00:00,1000004-B,Cálculo diferencial,(5) Grupo 5,84
2026-08-07T23:56+00:00,1000004-B,Cálculo diferencial,(7) Grupo 7,64
2026-08-07T23:56+00:00,1000004-B,Cálculo diferencial,(8) Grupo 8,40
2026-08-07T23:56+00:00,1000004-B,Cálculo diferencial,(9) Grupo 9,18
2026-08-07T23:56+00:00,1000006-B,Cálculo en varias variables,(1) Grupo 1,40
2026-08-07T23:56+00:00,1000006-B,Cálculo en varias variables,(10) Grupo 10,100
2026-08-07T23:56+00:00,1000006-B,Cálculo en varias variables,(11) Grupo 11,40
2026-08-07T23:56+00:00,1000006-B,Cálculo en varias variables,(12) Grupo 12,60
2026-08-07T23:56+00:00,1000006-B,Cálculo en varias variables,(13) Grupo 13,40
2026-08-07T23:56+00:00,1000006-B,Cálculo en varias variables,(14) Grupo 14,60
2026-08-07T23:56+00:00,1000006-B,Cálculo en varias variables,(15) Grupo 15,112
2026-08-07T23:56+00:00,1000006-B,Cálculo en varias variables,(2) Grupo 2,40
2026-08-07T23:56+00:00,1000006-B,Cálculo en varias variables,(3) Grupo 3,40
2026-08-07T23:56+00:00,1000006-B,Cálculo en varias variables,(4) Grupo 4,100
2026-08-07T23:56+00:00,1000006-B,Cálculo en varias variables,(5) Grupo 5,40
2026-08-07T23:56+00:00,1000006-B,Cálculo en varias variables,(7) Grupo 7,70
2026-08-07T23:56+00:00,1000006-B,Cálculo en varias variables,(8) Grupo 8,60
2026-08-07T23:56+00:00,1000006-B,Cálculo en varias variables,(9) Grupo 9,0
2026-08-07T23:56+00:00,1000005-B,Cálculo Integral,(1) Grupo 1,0
2026-08-07T23:56+00:00,1000005-B,Cálculo Integral,(10) Grupo 10,50
2026-08-07T23:56+00:00,1000005-B,Cálculo Integral,(14) Grupo 14,40
2026-08-07T23:56+00:00,1000005-B,Cálculo Integral,(15) Grupo 15,60
2026-08-07T23:56+00:00,1000005-B,Cálculo Integral,(16) Grupo 16,70
2026-08-07T23:56+00:00,1000005-B,Cálculo Integral,(17) Grupo 17,40
2026-08-07T23:56+00:00,1000005-B,Cálculo Integral,(2) Grupo 2,60
2026-08-07T23:56+00:00,1000005-B,Cálculo Integral,(20) Grupo 20,40
2026-08-07T23:56+00:00,1000005-B,Cálculo Integral,(22) Grupo 22,60
2026-08-07T23:56+00:00,1000005-B,Cálculo Integral,(3) Grupo 3,70
2026-08-07T23:56+00:00,1000005-B,Cálculo Integral,(4) Grupo 4,60
2026-08-07T23:56+00:00,1000005-B,Cálculo Integral,(6) Grupo 6,60
2026-08-07T23:56+00:00,1000005-B,Cálculo Integral,(7) Grupo 7,100
2026-08-07T23:56+00:00,1000005-B,Cálculo Integral,(8) Grupo 8,40
2026-08-07T23:56+00:00,1000005-B,Cálculo Integral,(9) Grupo 9,10
2026-08-07T23:56+00:00,2015943,Construcción de edificaciones,(1) Grupo 1,15
2026-08-07T23:56+00:00,2015944,Construcción de Infraestructura Vial,(1) Grupo 1,15
2026-08-07T23:56+00:00,2015711,Dibujo básico,(10) 2015711-10 Dibujo básico,0
2026-08-07T23:56+00:00,2015711,Dibujo básico,(11) 2015711-11 Dibujo básico,0
2026-08-07T23:56+00:00,2015711,Dibujo básico,(14) 2015711-14 Dibujo básico,0
2026-08-07T23:56+00:00,2015711,Dibujo básico,(16) 2015711-16 Dibujo básico,0
2026-08-07T23:56+00:00,2015711,Dibujo básico,(4) 2015711-4 Dibujo básico,9
2026-08-07T23:56+00:00,2015711,Dibujo básico,(5) 2015711-5 Dibujo básico,0
2026-08-07T23:56+00:00,2015711,Dibujo básico,(7) 2015711-7 Dibujo básico,20
2026-08-07T23:56+00:00,2015711,Dibujo básico,(8) 2015711-8 Dibujo básico,0
2026-08-07T23:56+00:00,2015711,Dibujo básico,(9) 2015711-9 Dibujo básico,0
2026-08-07T23:56+00:00,2015948,Dinámica,(1) Grupo 1,30
2026-08-07T23:56+00:00,2015948,Dinámica,(2) Grupo 2,30
2026-08-07T23:56+00:00,2015948,Dinámica,(3) Grupo 3,30
2026-08-07T23:56+00:00,2015950,Diseño estructural,(1) Grupo 1,25
2026-08-07T23:56+00:00,2015950,Diseño estructural,(2) Grupo 2,0
2026-08-07T23:56+00:00,2015950,Diseño estructural,(3) Grupo 3,25
2026-08-07T23:56+00:00,2015950,Diseño estructural,(4) Grupo 4,25
2026-08-07T23:56+00:00,2015950,Diseño estructural,(5) Grupo 5,25
2026-08-07T23:56+00:00,2015949,Diseño geométrico de Vías,(1) Grupo 1,30
2026-08-07T23:56+00:00,2015949,Diseño geométrico de Vías,(2) Grupo 2,30
2026-08-07T23:56+00:00,2015949,Diseño geométrico de Vías,(3) Grupo 3,30
2026-08-07T23:56+00:00,1000007-B,Ecuaciones Diferenciales,(1) Grupo 1,60
2026-08-07T23:56+00:00,1000007-B,Ecuaciones Diferenciales,(11) Grupo 11,60
2026-08-07T23:56+00:00,1000007-B,Ecuaciones Diferenciales,(12) Grupo 12,60
2026-08-07T23:56+00:00,1000007-B,Ecuaciones Diferenciales,(13) Grupo 13,40
2026-08-07T23:56+00:00,1000007-B,Ecuaciones Diferenciales,(14) Grupo 14,100
2026-08-07T23:56+00:00,1000007-B,Ecuaciones Diferenciales,(3) Grupo 3,40
2026-08-07T23:56+00:00,1000007-B,Ecuaciones Diferenciales,(4) Grupo 4,60
2026-08-07T23:56+00:00,1000007-B,Ecuaciones Diferenciales,(6) Grupo 6,50
2026-08-07T23:56+00:00,1000007-B,Ecuaciones Diferenciales,(7) Grupo 7,40
2026-08-07T23:56+00:00,1000007-B,Ecuaciones Diferenciales,(9) Grupo 9,0
2026-08-07T23:56+00:00,2026134,Estática,(1) Grupo 1,0
2026-08-07T23:56+00:00,2026134,Estática,(2) Grupo 2,30
2026-08-07T23:56+00:00,2026134,Estática,(3) Grupo 3,30
2026-08-07T23:56+00:00,2026134,Estática,(4) Grupo 4,30
2026-08-07T23:56+00:00,2026134,Estática,(5) Grupo 5,30
2026-08-07T23:56+00:00,2026134,Estática,(6) Grupo 6,30
2026-08-07T23:56+00:00,2015954,Estructuras hidráulicas,(1) Grupo 1,30
2026-08-07T23:56+00:00,2015954,Estructuras hidráulicas,(2) Grupo 2,30
2026-08-07T23:56+00:00,2015954,Estructuras hidráulicas,(3) Grupo 3,30
2026-08-07T23:56+00:00,2015955,Fundamentos de construcción,(1) Grupo 1,30
2026-08-07T23:56+00:00,2015955,Fundamentos de construcción,(2) Grupo 2,30
2026-08-07T23:56+00:00,2015955,Fundamentos de construcción,(3) Grupo 3,30
2026-08-07T23:56+00:00,1000011-B,Fundamentos de ecología,(1) Grupo 1,118
2026-08-07T23:56+00:00,1000011-B,Fundamentos de ecología,(3) Grupo 3,12
2026-08-07T23:56+00:00,1000019-B,Fundamentos de mecánica,(1) Grupo 1,35
2026-08-07T23:56+00:00,1000019-B,Fundamentos de mecánica,(10) Grupo 10,35
2026-08-07T23:56+00:00,1000019-B,Fundamentos de mecánica,(11) Grupo 11,35
2026-08-07T23:56+00:00,1000019-B,Fundamentos de mecánica,(12) Grupo 12,35
2026-08-07T23:56+00:00,1000019-B,Fundamentos de mecánica,(13) Grupo 13,35
2026-08-07T23:56+00:00,1000019-B,Fundamentos de mecánica,(14) Grupo 14,35
2026-08-07T23:56+00:00,1000019-B,Fundamentos de mecánica,(15) Grupo 15,32
2026-08-07T23:56+00:00,1000019-B,Fundamentos de mecánica,(16) Grupo 16,35
2026-08-07T23:56+00:00,1000019-B,Fundamentos de mecánica,(17) Grupo 17,34
2026-08-07T23:56+00:00,1000019-B,Fundamentos de mecánica,(18) Grupo 18,34
2026-08-07T23:56+00:00,1000019-B,Fundamentos de mecánica,(19) Grupo 19,32
2026-08-07T23:56+00:00,1000019-B,Fundamentos de mecánica,(2) Grupo 2,35
2026-08-07T23:56+00:00,1000019-B,Fundamentos de mecánica,(20) Grupo 20,35
2026-08-07T23:56+00:00,1000019-B,Fundamentos de mecánica,(21) Grupo 21,35
2026-08-07T23:56+00:00,1000019-B,Fundamentos de mecánica,(22) Grupo 22,35
2026-08-07T23:56+00:00,1000019-B,Fundamentos de mecánica,(23) Grupo 23,35
2026-08-07T23:56+00:00,1000019-B,Fundamentos de mecánica,(24) Grupo 24,35
2026-08-07T23:56+00:00,1000019-B,Fundamentos de mecánica,(25) Grupo 25,45
2026-08-07T23:56+00:00,1000019-B,Fundamentos de mecánica,(26) Grupo 26 (VIRTUAL),50
2026-08-07T23:56+00:00,1000019-B,Fundamentos de mecánica,(27) Grupo 27 (VIRTUAL),50
2026-08-07T23:56+00:00,1000019-B,Fundamentos de mecánica,(28) Grupo 28 (VIRTUAL),50
2026-08-07T23:56+00:00,1000019-B,Fundamentos de mecánica,(29) Grupo 29 (VIRTUAL),50
2026-08-07T23:56+00:00,1000019-B,Fundamentos de mecánica,(3) Grupo 3,35
2026-08-07T23:56+00:00,1000019-B,Fundamentos de mecánica,(4) Grupo 4,35
2026-08-07T23:56+00:00,1000019-B,Fundamentos de mecánica,(5) Grupo 5,35
2026-08-07T23:56+00:00,1000019-B,Fundamentos de mecánica,(6) Grupo 6,35
2026-08-07T23:56+00:00,1000019-B,Fundamentos de mecánica,(7) Grupo 7,35
2026-08-07T23:56+00:00,1000019-B,Fundamentos de mecánica,(8) Grupo 8,35
2026-08-07T23:56+00:00,1000019-B,Fundamentos de mecánica,(9) Grupo 9,0
2026-08-07T23:56+00:00,1000019-B,Fundamentos de mecánica,(1) Grupo 1,35
2026-08-07T23:56+00:00,1000019-B,Fundamentos de mecánica,(10) Grupo 10,35
2026-08-07T23:56+00:00,1000019-B,Fundamentos de mecánica,(11) Grupo 11,35
2026-08-07T23:56+00:00,1000019-B,Fundamentos de mecánica,(12) Grupo 12,35
2026-08-07T23:56+00:00,1000019-B,Fundamentos de mecánica,(13) Grupo 13,35
2026-08-07T23:56+00:00,1000019-B,Fundamentos de mecánica,(14) Grupo 14,35
2026-08-07T23:56+00:00,1000019-B,Fundamentos de mecánica,(15) Grupo 15,32
2026-08-07T23:56+00:00,1000019-B,Fundamentos de mecánica,(16) Grupo 16,35
2026-08-07T23:56+00:00,1000019-B,Fundamentos de mecánica,(17) Grupo 17,34
2026-08-07T23:56+00:00,1000019-B,Fundamentos de mecánica,(18) Grupo 18,34
2026-08-07T23:56+00:00,1000019-B,Fundamentos de mecánica,(19) Grupo 19,32
2026-08-07T23:56+00:00,1000019-B,Fundamentos de mecánica,(2) Grupo 2,35
2026-08-07T23:56+00:00,1000019-B,Fundamentos de mecánica,(20) Grupo 20,35
2026-08-07T23:56+00:00,1000019-B,Fundamentos de mecánica,(21) Grupo 21,35
2026-08-07T23:56+00:00,1000019-B,Fundamentos de mecánica,(22) Grupo 22,35
2026-08-07T23:56+00:00,1000019-B,Fundamentos de mecánica,(23) Grupo 23,35
2026-08-07T23:56+00:00,1000019-B,Fundamentos de mecánica,(24) Grupo 24,35
2026-08-07T23:56+00:00,1000019-B,Fundamentos de mecánica,(25) Grupo 25,45
2026-08-07T23:56+00:00,1000019-B,Fundamentos de mecánica,(26) Grupo 26 (VIRTUAL),50
2026-08-07T23:56+00:00,1000019-B,Fundamentos de mecánica,(27) Grupo 27 (VIRTUAL),50
2026-08-07T23:56+00:00,1000019-B,Fundamentos de mecánica,(28) Grupo 28 (VIRTUAL),50
2026-08-07T23:56+00:00,1000019-B,Fundamentos de mecánica,(29) Grupo 29 (VIRTUAL),50
2026-08-07T23:56+00:00,1000019-B,Fundamentos de mecánica,(3) Grupo 3,35
2026-08-07T23:56+00:00,1000019-B,Fundamentos de mecánica,(4) Grupo 4,35
2026-08-07T23:56+00:00,1000019-B,Fundamentos de mecánica,(5) Grupo 5,35
2026-08-07T23:56+00:00,1000019-B,Fundamentos de mecánica,(6) Grupo 6,35
2026-08-07T23:56+00:00,1000019-B,Fundamentos de mecánica,(7) Grupo 7,35
2026-08-07T23:56+00:00,1000019-B,Fundamentos de mecánica,(8) Grupo 8,35
2026-08-07T23:56+00:00,1000019-B,Fundamentos de mecánica,(9) Grupo 9,10
2026-08-07T23:56+00:00,1000019-B,Fundamentos de mecánica,(16) Gruop 16,8
2026-08-07T23:56+00:00,1000019-B,Fundamentos de mecánica,(1) Grupo 1,35
2026-08-07T23:56+00:00,1000019-B,Fundamentos de mecánica,(10) Grupo 10,35
2026-08-07T23:56+00:00,1000019-B,Fundamentos de mecánica,(11) Grupo 11,35
2026-08-07T23:56+00:00,1000019-B,Fundamentos de mecánica,(12) Grupo 12,35
2026-08-07T23:56+00:00,1000019-B,Fundamentos de mecánica,(13) Grupo 13,35
2026-08-07T23:56+00:00,1000019-B,Fundamentos de mecánica,(14) Grupo 14,35
2026-08-07T23:56+00:00,1000019-B,Fundamentos de mecánica,(15) Grupo 15,32
2026-08-07T23:56+00:00,1000019-B,Fundamentos de mecánica,(17) Grupo 17,34
2026-08-07T23:56+00:00,1000019-B,Fundamentos de mecánica,(18) Grupo 18,34
2026-08-07T23:56+00:00,1000019-B,Fundamentos de mecánica,(19) Grupo 19,32
2026-08-07T23:56+00:00,1000019-B,Fundamentos de mecánica,(2) Grupo 2,35
2026-08-07T23:56+00:00,1000019-B,Fundamentos de mecánica,(20) Grupo 20,35
2026-08-07T23:56+00:00,1000019-B,Fundamentos de mecánica,(21) Grupo 21,35
2026-08-07T23:56+00:00,1000019-B,Fundamentos de mecánica,(22) Grupo 22,35
2026-08-07T23:56+00:00,1000019-B,Fundamentos de mecánica,(23) Grupo 23,35
2026-08-07T23:56+00:00,1000019-B,Fundamentos de mecánica,(24) Grupo 24,35
2026-08-07T23:56+00:00,1000019-B,Fundamentos de mecánica,(25) Grupo 25,45
2026-08-07T23:56+00:00,1000019-B,Fundamentos de mecánica,(26) Grupo 26 (VIRTUAL),50
2026-08-07T23:56+00:00,1000019-B,Fundamentos de mecánica,(27) Grupo 27 (VIRTUAL),50
2026-08-07T23:56+00:00,1000019-B,Fundamentos de mecánica,(28) Grupo 28 (VIRTUAL),50
2026-08-07T23:56+00:00,1000019-B,Fundamentos de mecánica,(29) Grupo 29 (VIRTUAL),50
2026-08-07T23:56+00:00,1000019-B,Fundamentos de mecánica,(3) Grupo 3,35
2026-08-07T23:56+00:00,1000019-B,Fundamentos de mecánica,(4) Grupo 4,35
2026-08-07T23:56+00:00,1000019-B,Fundamentos de mecánica,(5) Grupo 5,35
2026-08-07T23:56+00:00,1000019-B,Fundamentos de mecánica,(6) Grupo 6,35
2026-08-07T23:56+00:00,1000019-B,Fundamentos de mecánica,(7) Grupo 7,35
2026-08-07T23:56+00:00,1000019-B,Fundamentos de mecánica,(8) Grupo 8,35
2026-08-07T23:56+00:00,1000019-B,Fundamentos de mecánica,(9) Grupo 9,10
2026-08-07T23:56+00:00,2015956,Geología,(1) Grupo 1,35
2026-08-07T23:56+00:00,2015956,Geología,(2) Grupo 2,30
2026-08-07T23:56+00:00,2015956,Geología,(3) Grupo 3,30
2026-08-07T23:56+00:00,2015956,Geología,(4) Grupo 4,35
2026-08-07T23:56+00:00,2015957,Geomática Aplicada,(1) Grupo 1,30
2026-08-07T23:56+00:00,2015957,Geomática Aplicada,(2) Grupo 2,30
2026-08-07T23:56+00:00,2015957,Geomática Aplicada,(3) Grupo 3,30
2026-08-07T23:56+00:00,2015957,Geomática Aplicada,(4) Grupo 4,30
2026-08-07T23:56+00:00,2015958,Geomática básica,(1) Grupo 1,20
2026-08-07T23:56+00:00,2015958,Geomática básica,(2) Grupo 2,20
2026-08-07T23:56+00:00,2015958,Geomática básica,(3) Grupo 3,30
2026-08-07T23:56+00:00,2015958,Geomática básica,(4) Grupo 4,20
2026-08-07T23:56+00:00,2015958,Geomática básica,(5) Grupo 5,20
2026-08-07T23:56+00:00,2015958,Geomática básica,(6) Grupo 6,20
2026-08-07T23:56+00:00,2015958,Geomática básica,(7) Grupo 7,20
2026-08-07T23:56+00:00,2015958,Geomática básica,(8) Grupo 8,20
2026-08-07T23:56+00:00,2015958,Geomática básica,(9) Grupo 9,20
2026-08-07T23:56+00:00,2015958,Geomática básica,(1) Grupo 1,40
2026-08-07T23:56+00:00,2015958,Geomática básica,(3) Grupo 3,30
2026-08-07T23:56+00:00,2015958,Geomática básica,(4) Grupo 4,40
2026-08-07T23:56+00:00,2015958,Geomática básica,(6) Grupo 6,40
2026-08-07T23:56+00:00,2015958,Geomática básica,(8) Grupo 8,40
2026-08-07T23:56+00:00,2015959,Geotecnia,(1) Grupo 1,30
2026-08-07T23:56+00:00,2015959,Geotecnia,(2) Grupo 2,30
2026-08-07T23:56+00:00,2015959,Geotecnia,(3) Grupo 3,30
2026-08-07T23:56+00:00,2015959,Geotecnia,(4) Grupo 4,0
2026-08-07T23:56+00:00,2015961,Hidráulica básica,(1) Grupo 1,24
2026-08-07T23:56+00:00,2015961,Hidráulica básica,(2) Grupo 2,24
2026-08-07T23:56+00:00,2015961,Hidráulica básica,(3) Grupo 3,24
2026-08-07T23:56+00:00,2015961,Hidráulica básica,(4) Grupo 4,24
2026-08-07T23:56+00:00,2015961,Hidráulica básica,(5) Grupo 5,24
2026-08-07T23:56+00:00,2015961,Hidráulica básica,(6) Grupo 6,24
2026-08-07T23:56+00:00,2015978,Hidrología,(1) Grupo 1,0
2026-08-07T23:56+00:00,2015978,Hidrología,(2) Grupo 2,30
2026-08-07T23:56+00:00,2015978,Hidrología,(3) Grupo 3,30
2026-08-07T23:56+00:00,2015978,Hidrología,(4) Grupo 4,30
2026-08-07T23:56+00:00,2015978,Hidrología,(5) Grupo 5,30
2026-08-07T23:56+00:00,2026135,Ingeniería civil sostenible,(1) Grupo 1,25
2026-08-07T23:56+00:00,2026135,Ingeniería civil sostenible,(2) Grupo 2,25
2026-08-07T23:56+00:00,2026135,Ingeniería civil sostenible,(3) Grupo 3,25
2026-08-07T23:56+00:00,2015963,Ingeniería de Tránsito,(1) Grupo 1,30
2026-08-07T23:56+00:00,2015963,Ingeniería de Tránsito,(2) Grupo 2,30
2026-08-07T23:56+00:00,2015963,Ingeniería de Tránsito,(3) Grupo 3,30
2026-08-07T23:56+00:00,2026138,Ingenieria de transporte,(1) Grupo 1,30
2026-08-07T23:56+00:00,2026138,Ingenieria de transporte,(2) Grupo 2,30
2026-08-07T23:56+00:00,2026138,Ingenieria de transporte,(3) Grupo 3,30
2026-08-07T23:56+00:00,2015703,Ingeniería económica,(1) Grupo 1,40
2026-08-07T23:56+00:00,2015703,Ingeniería económica,(10) Grupo 10,30
2026-08-07T23:56+00:00,2015703,Ingeniería económica,(11) Grupo 11,30
2026-08-07T23:56+00:00,2015703,Ingeniería económica,(2) Grupo 2,40
2026-08-07T23:56+00:00,2015703,Ingeniería económica,(3) Grupo 3,40
2026-08-07T23:56+00:00,2015703,Ingeniería económica,(4) Grupo 4,30
2026-08-07T23:56+00:00,2015703,Ingeniería económica,(5) Grupo 5 - Virtual,60
2026-08-07T23:56+00:00,2015703,Ingeniería económica,(6) Grupo 6,40
2026-08-07T23:56+00:00,2015703,Ingeniería económica,(7) Grupo 7,20
2026-08-07T23:56+00:00,2015703,Ingeniería económica,(8) Grupo 8,40
2026-08-07T23:56+00:00,2015703,Ingeniería económica,(9) Grupo 9,35
2026-08-07T23:56+00:00,1000044-B,Inglés I- Semestral,(1) Grupo 1,26
2026-08-07T23:56+00:00,1000044-B,Inglés I- Semestral,(2) Grupo 2,26
2026-08-07T23:56+00:00,1000044-B,Inglés I- Semestral,(3) Grupo 3,26
2026-08-07T23:56+00:00,1000044-B,Inglés I- Semestral,(4) Grupo 4,26
2026-08-07T23:56+00:00,1000044-B,Inglés I- Semestral,(5) Grupo 5,26
2026-08-07T23:56+00:00,1000044-B,Inglés I- Semestral,(6) Grupo 6,26
2026-08-07T23:56+00:00,1000044-B,Inglés I- Semestral,(7) Grupo 7,26
2026-08-07T23:56+00:00,1000044-B,Inglés I- Semestral,(8) Grupo 8,26
2026-08-07T23:56+00:00,1000044-B,Inglés I- Semestral,(9) Grupo 9,7
2026-08-07T23:56+00:00,1000045-B,Inglés II - Semestral,(1) Grupo 1,10
2026-08-07T23:56+00:00,1000045-B,Inglés II - Semestral,(10) Grupo 10,26
2026-08-07T23:56+00:00,1000045-B,Inglés II - Semestral,(11) Grupo 11,26
2026-08-07T23:56+00:00,1000045-B,Inglés II - Semestral,(12) Grupo 12,26
2026-08-07T23:56+00:00,1000045-B,Inglés II - Semestral,(13) Grupo 13,26
2026-08-07T23:56+00:00,1000045-B,Inglés II - Semestral,(14) Grupo 14,26
2026-08-07T23:56+00:00,1000045-B,Inglés II - Semestral,(15) Grupo 15,26
2026-08-07T23:56+00:00,1000045-B,Inglés II - Semestral,(16) Grupo 16,26
2026-08-07T23:56+00:00,1000045-B,Inglés II - Semestral,(2) Grupo 2,26
2026-08-07T23:56+00:00,1000045-B,Inglés II - Semestral,(3) Grupo 3,26
2026-08-07T23:56+00:00,1000045-B,Inglés II - Semestral,(4) Grupo 4,26
2026-08-07T23:56+00:00,1000045-B,Inglés II - Semestral,(5) Grupo 5,26
2026-08-07T23:56+00:00,1000045-B,Inglés II - Semestral,(6) Grupo 6,26
2026-08-07T23:56+00:00,1000045-B,Inglés II - Semestral,(7) Grupo 7,26
2026-08-07T23:56+00:00,1000045-B,Inglés II - Semestral,(8) Grupo 8,26
2026-08-07T23:56+00:00,1000045-B,Inglés II - Semestral,(9) Grupo 9,15
2026-08-07T23:56+00:00,1000046-B,Inglés III - Semestral,(1) Grupo 1,26
2026-08-07T23:56+00:00,1000046-B,Inglés III - Semestral,(10) Grupo 10,26
2026-08-07T23:56+00:00,1000046-B,Inglés III - Semestral,(11) Grupo 11,26
2026-08-07T23:56+00:00,1000046-B,Inglés III - Semestral,(12) Grupo 12,26
2026-08-07T23:56+00:00,1000046-B,Inglés III - Semestral,(13) Grupo 13,26
2026-08-07T23:56+00:00,1000046-B,Inglés III - Semestral,(14) Grupo 14,26
2026-08-07T23:56+00:00,1000046-B,Inglés III - Semestral,(15) Grupo 15,26
2026-08-07T23:56+00:00,1000046-B,Inglés III - Semestral,(16) Grupo 16,26
2026-08-07T23:56+00:00,1000046-B,Inglés III - Semestral,(17) Grupo 17,26
2026-08-07T23:56+00:00,1000046-B,Inglés III - Semestral,(18) Grupo 18,26
2026-08-07T23:56+00:00,1000046-B,Inglés III - Semestral,(2) Grupo 2,26
2026-08-07T23:56+00:00,1000046-B,Inglés III - Semestral,(3) Grupo 3,26
2026-08-07T23:56+00:00,1000046-B,Inglés III - Semestral,(4) Grupo 4,26
2026-08-07T23:56+00:00,1000046-B,Inglés III - Semestral,(5) Grupo 5,26
2026-08-07T23:56+00:00,1000046-B,Inglés III - Semestral,(6) Grupo 6,26
2026-08-07T23:56+00:00,1000046-B,Inglés III - Semestral,(7) Grupo 7,26
2026-08-07T23:56+00:00,1000046-B,Inglés III - Semestral,(8) Grupo 8,26
2026-08-07T23:56+00:00,1000046-B,Inglés III - Semestral,(9) Grupo 9,10
2026-08-07T23:56+00:00,1000052-B,Inglés Intensivo I y II,(1) Grupo 1,28
2026-08-07T23:56+00:00,1000052-B,Inglés Intensivo I y II,(2) Grupo 2,28
2026-08-07T23:56+00:00,1000052-B,Inglés Intensivo I y II,(3) Grupo 3,28
2026-08-07T23:56+00:00,1000053-B,Inglés Intensivo III y IV,(1) Grupo 1,28
2026-08-07T23:56+00:00,1000053-B,Inglés Intensivo III y IV,(2) Grupo 2,28
2026-08-07T23:56+00:00,1000053-B,Inglés Intensivo III y IV,(3) Grupo 3,30
2026-08-07T23:56+00:00,1000053-B,Inglés Intensivo III y IV,(4) Grupo 4,30
2026-08-07T23:56+00:00,1000053-B,Inglés Intensivo III y IV,(5) Grupo 5,28
2026-08-07T23:56+00:00,1000053-B,Inglés Intensivo III y IV,(6) Grupo 6,28
2026-08-07T23:56+00:00,1000047-B,Inglés IV- Semestral,(1) Grupo 1,26
2026-08-07T23:56+00:00,1000047-B,Inglés IV- Semestral,(10) Grupo 10,26
2026-08-07T23:56+00:00,1000047-B,Inglés IV- Semestral,(11) Grupo 11,26
2026-08-07T23:56+00:00,1000047-B,Inglés IV- Semestral,(12) Grupo 12,26
2026-08-07T23:56+00:00,1000047-B,Inglés IV- Semestral,(13) Grupo 13,26
2026-08-07T23:56+00:00,1000047-B,Inglés IV- Semestral,(14) Grupo 14,26
2026-08-07T23:56+00:00,1000047-B,Inglés IV- Semestral,(15) Grupo 15,26
2026-08-07T23:56+00:00,1000047-B,Inglés IV- Semestral,(16) Grupo 16,26
2026-08-07T23:56+00:00,1000047-B,Inglés IV- Semestral,(17) Grupo 17,26
2026-08-07T23:56+00:00,1000047-B,Inglés IV- Semestral,(18) Grupo 18,26
2026-08-07T23:56+00:00,1000047-B,Inglés IV- Semestral,(19) Grupo 19,26
2026-08-07T23:56+00:00,1000047-B,Inglés IV- Semestral,(2) Grupo 2,26
2026-08-07T23:56+00:00,1000047-B,Inglés IV- Semestral,(20) Grupo 20,26
2026-08-07T23:56+00:00,1000047-B,Inglés IV- Semestral,(21) Grupo 21,26
2026-08-07T23:56+00:00,1000047-B,Inglés IV- Semestral,(22) Grupo 22,26
2026-08-07T23:56+00:00,1000047-B,Inglés IV- Semestral,(3) Grupo 3,26
2026-08-07T23:56+00:00,1000047-B,Inglés IV- Semestral,(4) Grupo 4,26
2026-08-07T23:56+00:00,1000047-B,Inglés IV- Semestral,(5) Grupo 5,26
2026-08-07T23:56+00:00,1000047-B,Inglés IV- Semestral,(6) Grupo 6,26
2026-08-07T23:56+00:00,1000047-B,Inglés IV- Semestral,(7) Grupo 7,26
2026-08-07T23:56+00:00,1000047-B,Inglés IV- Semestral,(8) Grupo 8,26
2026-08-07T23:56+00:00,1000047-B,Inglés IV- Semestral,(9) Grupo 9,15
2026-08-07T23:56+00:00,2026186,Introducción a la ingeniería civil,(1) Grupo 1,7
2026-08-07T23:56+00:00,2026186,Introducción a la ingeniería civil,(2) Grupo 2,0
2026-08-07T23:56+00:00,2026186,Introducción a la ingeniería civil,(4) Grupo 4,10
2026-08-07T23:56+00:00,1000002-B,Lecto-Escritura,(1) Grupo 1 - Clase Presencial,1
2026-08-07T23:56+00:00,1000002-B,Lecto-Escritura,(10) Grupo 10 - Clase presencial,0
2026-08-07T23:56+00:00,1000002-B,Lecto-Escritura,(2) Grupo 2 - Clase Presencial,0
2026-08-07T23:56+00:00,1000002-B,Lecto-Escritura,(3) Grupo 3 - Clase Presencial,0
2026-08-07T23:56+00:00,1000002-B,Lecto-Escritura,(4) Grupo 4 - Clase Presencial,0
2026-08-07T23:56+00:00,1000002-B,Lecto-Escritura,(5) Grupo 5 - Clase Presencial,0
2026-08-07T23:56+00:00,1000002-B,Lecto-Escritura,(6) Grupo 6 - Clase Presencial,0
2026-08-07T23:56+00:00,1000002-B,Lecto-Escritura,(7) Grupo 7 - Clase Presencial,0
2026-08-07T23:56+00:00,1000002-B,Lecto-Escritura,(8) Grupo 8 - Clase Presencial,0
2026-08-07T23:56+00:00,1000002-B,Lecto-Escritura,(9) Grupo 9 - Clase Presencial,10
2026-08-07T23:56+00:00,1000001-B,Matemáticas Básicas,(1) Grupo 1,0
2026-08-07T23:56+00:00,1000001-B,Matemáticas Básicas,(19) Grupo 19,5
2026-08-07T23:56+00:00,1000001-B,Matemáticas Básicas,(2) Grupo 2,10
2026-08-07T23:56+00:00,1000001-B,Matemáticas Básicas,(1) Grupo 1,0
2026-08-07T23:56+00:00,1000001-B,Matemáticas Básicas,(10) Grupo 10,0
2026-08-07T23:56+00:00,1000001-B,Matemáticas Básicas,(2) Grupo 2,0
2026-08-07T23:56+00:00,1000001-B,Matemáticas Básicas,(3) Grupo 3,0
2026-08-07T23:56+00:00,1000001-B,Matemáticas Básicas,(4) Grupo 4,0
2026-08-07T23:56+00:00,1000001-B,Matemáticas Básicas,(5) Grupo 5,0
2026-08-07T23:56+00:00,1000001-B,Matemáticas Básicas,(6) Grupo 6,0
2026-08-07T23:56+00:00,1000001-B,Matemáticas Básicas,(7) Grupo 7,0
2026-08-07T23:56+00:00,1000001-B,Matemáticas Básicas,(8) Grupo 8,0
2026-08-07T23:56+00:00,1000001-B,Matemáticas Básicas,(9) Grupo 9,10
2026-08-07T23:56+00:00,2015965,Materiales para construcción,(1) Grupo 1,24
2026-08-07T23:56+00:00,2015965,Materiales para construcción,(2) Grupo 2,24
2026-08-07T23:56+00:00,2015965,Materiales para construcción,(3) Grupo 3,24
2026-08-07T23:56+00:00,2015965,Materiales para construcción,(4) Grupo 4,24
2026-08-07T23:56+00:00,2015966,Mecánica de fluidos,(1) Grupo 1,24
2026-08-07T23:56+00:00,2015966,Mecánica de fluidos,(2) Grupo 2,24
2026-08-07T23:56+00:00,2015966,Mecánica de fluidos,(3) Grupo 3,24
2026-08-07T23:56+00:00,2015966,Mecánica de fluidos,(4) Grupo 4,24
2026-08-07T23:56+00:00,2015966,Mecánica de fluidos,(5) Grupo 5,24
2026-08-07T23:56+00:00,2015966,Mecánica de fluidos,(6) Grupo 6,24
2026-08-07T23:56+00:00,2015966,Mecánica de fluidos,(7) Grupo 7,24
2026-08-07T23:56+00:00,2015966,Mecánica de fluidos,(8) Grupo 8,24
2026-08-07T23:56+00:00,2015967,Mecánica de Rocas,(1) Grupo 1,24
2026-08-07T23:56+00:00,2015968,Mecánica de sólidos,(1) Grupo 1,24
2026-08-07T23:56+00:00,2015968,Mecánica de sólidos,(2) Grupo 2,24
2026-08-07T23:56+00:00,2015968,Mecánica de sólidos,(3) Grupo 3,24
2026-08-07T23:56+00:00,2015968,Mecánica de sólidos,(4) Grupo 4,24
2026-08-07T23:56+00:00,2015968,Mecánica de sólidos,(5) Grupo 5,24
2026-08-07T23:56+00:00,2015968,Mecánica de sólidos,(6) Grupo 6,24
2026-08-07T23:56+00:00,2015968,Mecánica de sólidos,(7) Grupo 7,0
2026-08-07T23:56+00:00,2015969,Mecánica de suelos,(1) Grupo 1 (Inglés),30
2026-08-07T23:56+00:00,2015969,Mecánica de suelos,(2) Grupo 2,30
2026-08-07T23:56+00:00,2015969,Mecánica de suelos,(3) Grupo 3,30
2026-08-07T23:56+00:00,2015969,Mecánica de suelos,(4) Grupo 4,30
2026-08-07T23:56+00:00,2015970,Métodos numéricos,(4) Grupo 4,30
2026-08-07T23:56+00:00,2015970,Métodos numéricos,(5) Grupo 5,45
2026-08-07T23:56+00:00,2015970,Métodos numéricos,(8) Grupo 8,30
2026-08-07T23:56+00:00,2015970,Métodos numéricos,(9) Grupo 9,45
2026-08-07T23:56+00:00,2017293,Modelación matemática,(1) 2017293-1 Modelación matemática,34
2026-08-07T23:56+00:00,2017293,Modelación matemática,(2) 2017293-2 Modelación matemática,34
2026-08-07T23:56+00:00,2017293,Modelación matemática,(1M) 2017293-1M Modelación matemática - Magistral,80
2026-08-07T23:56+00:00,2015971,Pavimentos,(1) Grupo 1,30
2026-08-07T23:56+00:00,2015971,Pavimentos,(2) Grupo 2,30
2026-08-07T23:56+00:00,2015971,Pavimentos,(3) Grupo 3,30
2026-08-07T23:56+00:00,2015972,Preparación y evaluación de proyectos de infraestructura,(1) Grupo 1,15
2026-08-07T23:56+00:00,2015972,Preparación y evaluación de proyectos de infraestructura,(2) Grupo 2,15
2026-08-07T23:56+00:00,2015972,Preparación y evaluación de proyectos de infraestructura,(3) Grupo 3,15
2026-08-07T23:56+00:00,1000024-B,Principios de química,(12) Grupo 12,0
2026-08-07T23:56+00:00,1000024-B,Principios de química,(13) Grupo 13,0
2026-08-07T23:56+00:00,1000024-B,Principios de química,(14) Grupo 14,10
2026-08-07T23:56+00:00,1000013-B,Probabilidad y estadística fundamental,(1) Grupo 1,0
2026-08-07T23:56+00:00,1000013-B,Probabilidad y estadística fundamental,(10) Grupo 10,35
2026-08-07T23:56+00:00,1000013-B,Probabilidad y estadística fundamental,(11) Grupo 11,40
2026-08-07T23:56+00:00,1000013-B,Probabilidad y estadística fundamental,(12) Grupo 12,40
2026-08-07T23:56+00:00,1000013-B,Probabilidad y estadística fundamental,(13) Grupo 13,30
2026-08-07T23:56+00:00,1000013-B,Probabilidad y estadística fundamental,(14) Grupo 14,45
2026-08-07T23:56+00:00,1000013-B,Probabilidad y estadística fundamental,(16) Grupo 16,30
2026-08-07T23:56+00:00,1000013-B,Probabilidad y estadística fundamental,(2) Grupo 2,40
2026-08-07T23:56+00:00,1000013-B,Probabilidad y estadística fundamental,(22) Grupo 22,45
2026-08-07T23:56+00:00,1000013-B,Probabilidad y estadística fundamental,(23) Grupo 23,0
2026-08-07T23:56+00:00,1000013-B,Probabilidad y estadística fundamental,(3) Grupo 3,40
2026-08-07T23:56+00:00,1000013-B,Probabilidad y estadística fundamental,(4) Grupo 4,40
2026-08-07T23:56+00:00,1000013-B,Probabilidad y estadística fundamental,(5) Grupo 5,35
2026-08-07T23:56+00:00,1000013-B,Probabilidad y estadística fundamental,(6) Grupo 6,35
2026-08-07T23:56+00:00,1000013-B,Probabilidad y estadística fundamental,(7) Grupo 7,40
2026-08-07T23:56+00:00,2015734,Programación de computadores,(1) Grupo 1,6
2026-08-07T23:56+00:00,2015734,Programación de computadores,(10) Grupo 10,4
2026-08-07T23:56+00:00,2015734,Programación de computadores,(11) Grupo 11,0
2026-08-07T23:56+00:00,2015734,Programación de computadores,(12) Grupo 12,1
2026-08-07T23:56+00:00,2015734,Programación de computadores,(13) Grupo 13,4
2026-08-07T23:56+00:00,2015734,Programación de computadores,(14) Grupo 14,0
2026-08-07T23:56+00:00,2015734,Programación de computadores,(2) Grupo 2,16
2026-08-07T23:56+00:00,2015734,Programación de computadores,(3) Grupo 3,0
2026-08-07T23:56+00:00,2015734,Programación de computadores,(4) Grupo 4,0
2026-08-07T23:56+00:00,2015734,Programación de computadores,(5) Grupo 5,0
2026-08-07T23:56+00:00,2015734,Programación de computadores,(6) Grupo 6,8
2026-08-07T23:56+00:00,2015734,Programación de computadores,(7) Grupo 7,3
2026-08-07T23:56+00:00,2015734,Programación de computadores,(8) Grupo 8 - Virtual,30
2026-08-07T23:56+00:00,2015734,Programación de computadores,(9) Grupo 9,18
2026-08-07T23:56+00:00,2015973,Saneamiento ambiental,(1) Grupo 1,25
2026-08-07T23:56+00:00,2015973,Saneamiento ambiental,(2) Grupo 2,25
2026-08-07T23:56+00:00,2015973,Saneamiento ambiental,(3) Grupo 3,25
2026-08-07T23:56+00:00,2022761,SIG para Ingeniería Civil,(1) Grupo 1,15
2026-08-07T23:56+00:00,2022761,SIG para Ingeniería Civil,(2) Grupo 2,15
2026-08-07T23:56+00:00,2022761,SIG para Ingeniería Civil,(3) Grupo 3,15
2026-08-07T23:56+00:00,2015296,Trabajo de Grado,(1) Grupo 1,5
2026-08-07T23:56+00:00,2015296,Trabajo de Grado,(10) Grupo 10,5
2026-08-07T23:56+00:00,2015296,Trabajo de Grado,(11) Grupo 11,5
2026-08-07T23:56+00:00,2015296,Trabajo de Grado,(12) Grupo 12,5
2026-08-07T23:56+00:00,2015296,Trabajo de Grado,(13) Grupo 13,5
2026-08-07T23:56+00:00,2015296,Trabajo de Grado,(14) Grupo 14,5
2026-08-07T23:56+00:00,2015296,Trabajo de Grado,(15) Grupo 15,5
2026-08-07T23:56+00:00,2015296,Trabajo de Grado,(16) Grupo 16,5
2026-08-07T23:56+00:00,2015296,Trabajo de Grado,(17) Grupo 17,5
2026-08-07T23:56+00:00,2015296,Trabajo de Grado,(18) Grupo 18,5
2026-08-07T23:56+00:00,2015296,Trabajo de Grado,(19) Grupo 19,0
2026-08-07T23:56+00:00,2015296,Trabajo de Grado,(2) Grupo 2,5
2026-08-07T23:56+00:00,2015296,Trabajo de Grado,(3) Grupo 3,5
2026-08-07T23:56+00:00,2015296,Trabajo de Grado,(4) Grupo 4,5
2026-08-07T23:56+00:00,2015296,Trabajo de Grado,(5) Grupo 5,5
2026-08-07T23:56+00:00,2015296,Trabajo de Grado,(6) Grupo 6,5
2026-08-07T23:56+00:00,2015296,Trabajo de Grado,(7) Grupo 7,5
2026-08-07T23:56+00:00,2015296,Trabajo de Grado,(8) Grupo 8,5
2026-08-07T23:56+00:00,2015296,Trabajo de Grado,(9) Grupo 9,5
2026-08-08T02:50+00:00,1000004-B,Cálculo diferencial,(10) Grupo 10,53
2026-08-08T02:50+00:00,1000004-B,Cálculo diferencial,(11) Grupo 11,24
2026-08-08T02:50+00:00,1000004-B,Cálculo diferencial,(12) Grupo 12,24
2026-08-08T02:50+00:00,1000004-B,Cálculo diferencial,(13) Grupo 13,16
2026-08-08T02:50+00:00,1000004-B,Cálculo diferencial,(14) Grupo 14,90
2026-08-08T02:50+00:00,1000004-B,Cálculo diferencial,(16) Grupo 16,27
2026-08-08T02:50+00:00,1000004-B,Cálculo diferencial,(17) Grupo 17,39
2026-08-08T02:50+00:00,1000004-B,Cálculo diferencial,(19) Grupo 19,59
2026-08-08T02:50+00:00,1000004-B,Cálculo diferencial,(2) Grupo 2,24
2026-08-08T02:50+00:00,1000004-B,Cálculo diferencial,(20) Grupo 20,10
2026-08-08T02:50+00:00,1000004-B,Cálculo diferencial,(21) Grupo 21,60
2026-08-08T02:50+00:00,1000004-B,Cálculo diferencial,(22) Grupo 22,60
2026-08-08T02:50+00:00,1000004-B,Cálculo diferencial,(24) Grupo 24,60
2026-08-08T02:50+00:00,1000004-B,Cálculo diferencial,(25) Grupo 25,40
2026-08-08T02:50+00:00,1000004-B,Cálculo diferencial,(27) Grupo 27,51
2026-08-08T02:50+00:00,1000004-B,Cálculo diferencial,(28) Grupo 28,60
2026-08-08T02:50+00:00,1000004-B,Cálculo diferencial,(29) Grupo 29,60
2026-08-08T02:50+00:00,1000004-B,Cálculo diferencial,(30) Grupo 30,60
2026-08-08T02:50+00:00,1000004-B,Cálculo diferencial,(32) Grupo 32,90
2026-08-08T02:50+00:00,1000004-B,Cálculo diferencial,(4) Grupo 4,37
2026-08-08T02:50+00:00,1000004-B,Cálculo diferencial,(5) Grupo 5,84
2026-08-08T02:50+00:00,1000004-B,Cálculo diferencial,(7) Grupo 7,64
2026-08-08T02:50+00:00,1000004-B,Cálculo diferencial,(8) Grupo 8,40
2026-08-08T02:50+00:00,1000004-B,Cálculo diferencial,(9) Grupo 9,18
2026-08-08T02:50+00:00,1000044-B,Inglés I- Semestral,(1) Grupo 1,26
2026-08-08T02:50+00:00,1000044-B,Inglés I- Semestral,(2) Grupo 2,26
2026-08-08T02:50+00:00,1000044-B,Inglés I- Semestral,(3) Grupo 3,26
2026-08-08T02:50+00:00,1000044-B,Inglés I- Semestral,(4) Grupo 4,26
2026-08-08T02:50+00:00,1000044-B,Inglés I- Semestral,(5) Grupo 5,26
2026-08-08T02:50+00:00,1000044-B,Inglés I- Semestral,(6) Grupo 6,26
2026-08-08T02:50+00:00,1000044-B,Inglés I- Semestral,(7) Grupo 7,26
2026-08-08T02:50+00:00,1000044-B,Inglés I- Semestral,(8) Grupo 8,26
2026-08-08T02:50+00:00,1000044-B,Inglés I- Semestral,(9) Grupo 9,7
2026-08-08T02:50+00:00,1000045-B,Inglés II - Semestral,(1) Grupo 1,10
2026-08-08T02:50+00:00,1000045-B,Inglés II - Semestral,(10) Grupo 10,26
2026-08-08T02:50+00:00,1000045-B,Inglés II - Semestral,(11) Grupo 11,26
2026-08-08T02:50+00:00,1000045-B,Inglés II - Semestral,(12) Grupo 12,26
2026-08-08T02:50+00:00,1000045-B,Inglés II - Semestral,(13) Grupo 13,26
2026-08-08T02:50+00:00,1000045-B,Inglés II - Semestral,(14) Grupo 14,26
2026-08-08T02:50+00:00,1000045-B,Inglés II - Semestral,(15) Grupo 15,26
2026-08-08T02:50+00:00,1000045-B,Inglés II - Semestral,(16) Grupo 16,26
2026-08-08T02:50+00:00,1000045-B,Inglés II - Semestral,(2) Grupo 2,26
2026-08-08T02:50+00:00,1000045-B,Inglés II - Semestral,(3) Grupo 3,26
2026-08-08T02:50+00:00,1000045-B,Inglés II - Semestral,(4) Grupo 4,26
2026-08-08T02:50+00:00,1000045-B,Inglés II - Semestral,(5) Grupo 5,26
2026-08-08T02:50+00:00,1000045-B,Inglés II - Semestral,(6) Grupo 6,26
2026-08-08T02:50+00:00,1000045-B,Inglés II - Semestral,(7) Grupo 7,26
2026-08-08T02:50+00:00,1000045-B,Inglés II - Semestral,(8) Grupo 8,26
2026-08-08T02:50+00:00,1000045-B,Inglés II - Semestral,(9) Grupo 9,15
2026-08-08T02:50+00:00,1000046-B,Inglés III - Semestral,(1) Grupo 1,26
2026-08-08T02:50+00:00,1000046-B,Inglés III - Semestral,(10) Grupo 10,26
2026-08-08T02:50+00:00,1000046-B,Inglés III - Semestral,(11) Grupo 11,26
2026-08-08T02:50+00:00,1000046-B,Inglés III - Semestral,(12) Grupo 12,26
2026-08-08T02:50+00:00,1000046-B,Inglés III - Semestral,(13) Grupo 13,26
2026-08-08T02:50+00:00,1000046-B,Inglés III - Semestral,(14) Grupo 14,26
2026-08-08T02:50+00:00,1000046-B,Inglés III - Semestral,(15) Grupo 15,26
2026-08-08T02:50+00:00,1000046-B,Inglés III - Semestral,(16) Grupo 16,26
2026-08-08T02:50+00:00,1000046-B,Inglés III - Semestral,(17) Grupo 17,26
2026-08-08T02:50+00:00,1000046-B,Inglés III - Semestral,(18) Grupo 18,26
2026-08-08T02:50+00:00,1000046-B,Inglés III - Semestral,(2) Grupo 2,26
2026-08-08T02:50+00:00,1000046-B,Inglés III - Semestral,(3) Grupo 3,26
2026-08-08T02:50+00:00,1000046-B,Inglés III - Semestral,(4) Grupo 4,26
2026-08-08T02:50+00:00,1000046-B,Inglés III - Semestral,(5) Grupo 5,26
2026-08-08T02:50+00:00,1000046-B,Inglés III - Semestral,(6) Grupo 6,26
2026-08-08T02:50+00:00,1000046-B,Inglés III - Semestral,(7) Grupo 7,26
2026-08-08T02:50+00:00,1000046-B,Inglés III - Semestral,(8) Grupo 8,26
2026-08-08T02:50+00:00,1000046-B,Inglés III - Semestral,(9) Grupo 9,10
2026-08-08T02:50+00:00,1000052-B,Inglés Intensivo I y II,(1) Grupo 1,28
2026-08-08T02:50+00:00,1000052-B,Inglés Intensivo I y II,(2) Grupo 2,28
2026-08-08T02:50+00:00,1000052-B,Inglés Intensivo I y II,(3) Grupo 3,28
2026-08-08T02:50+00:00,1000053-B,Inglés Intensivo III y IV,(1) Grupo 1,28
2026-08-08T02:50+00:00,1000053-B,Inglés Intensivo III y IV,(2) Grupo 2,28
2026-08-08T02:50+00:00,1000053-B,Inglés Intensivo III y IV,(3) Grupo 3,30
2026-08-08T02:50+00:00,1000053-B,Inglés Intensivo III y IV,(4) Grupo 4,30
2026-08-08T02:50+00:00,1000053-B,Inglés Intensivo III y IV,(5) Grupo 5,28
2026-08-08T02:50+00:00,1000053-B,Inglés Intensivo III y IV,(6) Grupo 6,28
2026-08-08T02:50+00:00,1000047-B,Inglés IV- Semestral,(1) Grupo 1,26
2026-08-08T02:50+00:00,1000047-B,Inglés IV- Semestral,(10) Grupo 10,26
2026-08-08T02:50+00:00,1000047-B,Inglés IV- Semestral,(11) Grupo 11,26
2026-08-08T02:50+00:00,1000047-B,Inglés IV- Semestral,(12) Grupo 12,26
2026-08-08T02:50+00:00,1000047-B,Inglés IV- Semestral,(13) Grupo 13,26
2026-08-08T02:50+00:00,1000047-B,Inglés IV- Semestral,(14) Grupo 14,26
2026-08-08T02:50+00:00,1000047-B,Inglés IV- Semestral,(15) Grupo 15,26
2026-08-08T02:50+00:00,1000047-B,Inglés IV- Semestral,(16) Grupo 16,26
2026-08-08T02:50+00:00,1000047-B,Inglés IV- Semestral,(17) Grupo 17,26
2026-08-08T02:50+00:00,1000047-B,Inglés IV- Semestral,(18) Grupo 18,26
2026-08-08T02:50+00:00,1000047-B,Inglés IV- Semestral,(19) Grupo 19,26
2026-08-08T02:50+00:00,1000047-B,Inglés IV- Semestral,(2) Grupo 2,26
2026-08-08T02:50+00:00,1000047-B,Inglés IV- Semestral,(20) Grupo 20,26
2026-08-08T02:50+00:00,1000047-B,Inglés IV- Semestral,(21) Grupo 21,26
2026-08-08T02:50+00:00,1000047-B,Inglés IV- Semestral,(22) Grupo 22,26
2026-08-08T02:50+00:00,1000047-B,Inglés IV- Semestral,(3) Grupo 3,26
2026-08-08T02:50+00:00,1000047-B,Inglés IV- Semestral,(4) Grupo 4,26
2026-08-08T02:50+00:00,1000047-B,Inglés IV- Semestral,(5) Grupo 5,26
2026-08-08T02:50+00:00,1000047-B,Inglés IV- Semestral,(6) Grupo 6,26
2026-08-08T02:50+00:00,1000047-B,Inglés IV- Semestral,(7) Grupo 7,26
2026-08-08T02:50+00:00,1000047-B,Inglés IV- Semestral,(8) Grupo 8,26
2026-08-08T02:50+00:00,1000047-B,Inglés IV- Semestral,(9) Grupo 9,15
2026-08-08T02:50+00:00,1000002-B,Lecto-Escritura,(1) Grupo 1 - Clase Presencial,1
2026-08-08T02:50+00:00,1000002-B,Lecto-Escritura,(10) Grupo 10 - Clase presencial,0
2026-08-08T02:50+00:00,1000002-B,Lecto-Escritura,(2) Grupo 2 - Clase Presencial,0
2026-08-08T02:50+00:00,1000002-B,Lecto-Escritura,(3) Grupo 3 - Clase Presencial,0
2026-08-08T02:50+00:00,1000002-B,Lecto-Escritura,(4) Grupo 4 - Clase Presencial,0
2026-08-08T02:50+00:00,1000002-B,Lecto-Escritura,(5) Grupo 5 - Clase Presencial,0
2026-08-08T02:50+00:00,1000002-B,Lecto-Escritura,(6) Grupo 6 - Clase Presencial,0
2026-08-08T02:50+00:00,1000002-B,Lecto-Escritura,(7) Grupo 7 - Clase Presencial,0
2026-08-08T02:50+00:00,1000002-B,Lecto-Escritura,(8) Grupo 8 - Clase Presencial,0
2026-08-08T02:50+00:00,1000002-B,Lecto-Escritura,(9) Grupo 9 - Clase Presencial,10
2026-08-08T02:50+00:00,1000001-B,Matemáticas Básicas,(1) Grupo 1,0
2026-08-08T02:50+00:00,1000001-B,Matemáticas Básicas,(19) Grupo 19,5
2026-08-08T02:50+00:00,1000001-B,Matemáticas Básicas,(2) Grupo 2,10
2026-08-08T02:50+00:00,1000001-B,Matemáticas Básicas,(1) Grupo 1,0
2026-08-08T02:50+00:00,1000001-B,Matemáticas Básicas,(10) Grupo 10,0
2026-08-08T02:50+00:00,1000001-B,Matemáticas Básicas,(2) Grupo 2,0
2026-08-08T02:50+00:00,1000001-B,Matemáticas Básicas,(3) Grupo 3,0
2026-08-08T02:50+00:00,1000001-B,Matemáticas Básicas,(4) Grupo 4,0
2026-08-08T02:50+00:00,1000001-B,Matemáticas Básicas,(5) Grupo 5,0
2026-08-08T02:50+00:00,1000001-B,Matemáticas Básicas,(6) Grupo 6,0
2026-08-08T02:50+00:00,1000001-B,Matemáticas Básicas,(7) Grupo 7,0
2026-08-08T02:50+00:00,1000001-B,Matemáticas Básicas,(8) Grupo 8,0
2026-08-08T02:50+00:00,1000001-B,Matemáticas Básicas,(9) Grupo 9,10
2026-08-08T02:50+00:00,1000013-B,Probabilidad y estadística fundamental,(1) Grupo 1,0
2026-08-08T02:50+00:00,1000013-B,Probabilidad y estadística fundamental,(10) Grupo 10,35
2026-08-08T02:50+00:00,1000013-B,Probabilidad y estadística fundamental,(11) Grupo 11,40
2026-08-08T02:50+00:00,1000013-B,Probabilidad y estadística fundamental,(12) Grupo 12,40
2026-08-08T02:50+00:00,1000013-B,Probabilidad y estadística fundamental,(13) Grupo 13,30
2026-08-08T02:50+00:00,1000013-B,Probabilidad y estadística fundamental,(14) Grupo 14,45
2026-08-08T02:50+00:00,1000013-B,Probabilidad y estadística fundamental,(16) Grupo 16,30
2026-08-08T02:50+00:00,1000013-B,Probabilidad y estadística fundamental,(2) Grupo 2,40
2026-08-08T02:50+00:00,1000013-B,Probabilidad y estadística fundamental,(22) Grupo 22,45
2026-08-08T02:50+00:00,1000013-B,Probabilidad y estadística fundamental,(23) Grupo 23,0
2026-08-08T02:50+00:00,1000013-B,Probabilidad y estadística fundamental,(3) Grupo 3,40
2026-08-08T02:50+00:00,1000013-B,Probabilidad y estadística fundamental,(4) Grupo 4,40
2026-08-08T02:50+00:00,1000013-B,Probabilidad y estadística fundamental,(5) Grupo 5,35
2026-08-08T02:50+00:00,1000013-B,Probabilidad y estadística fundamental,(6) Grupo 6,35
2026-08-08T02:50+00:00,1000013-B,Probabilidad y estadística fundamental,(7) Grupo 7,40
2026-08-08T04:05+00:00,2015938,Acueductos,(1) Grupo 1,25
2026-08-08T04:05+00:00,2015938,Acueductos,(2) Grupo 2,25
2026-08-08T04:05+00:00,2015938,Acueductos,(3) Grupo 3,25
2026-08-08T04:05+00:00,2015938,Acueductos,(4) Grupo 4,24
2026-08-08T04:05+00:00,2015939,Alcantarillados,(1) Grupo 1,25
2026-08-08T04:05+00:00,2015939,Alcantarillados,(2) Grupo 2,25
2026-08-08T04:05+00:00,2015939,Alcantarillados,(3) Grupo 3,25
2026-08-08T04:05+00:00,2015939,Alcantarillados,(4) Grupo 4,25
2026-08-08T04:05+00:00,2015940,Análisis estructural aplicado,(1) Grupo 1,24
2026-08-08T04:05+00:00,2015940,Análisis estructural aplicado,(2) Grupo 2,24
2026-08-08T04:05+00:00,2015940,Análisis estructural aplicado,(3) Grupo 3,24
2026-08-08T04:05+00:00,2015941,Análisis estructural básico,(1) Grupo 1,30
2026-08-08T04:05+00:00,2015941,Análisis estructural básico,(2) Grupo 2,30
2026-08-08T04:05+00:00,2015941,Análisis estructural básico,(3) Grupo 3,30
2026-08-08T04:05+00:00,2015941,Análisis estructural básico,(4) Grupo 4,30
2026-08-08T04:05+00:00,1000004-B,Cálculo diferencial,(10) Grupo 10,53
2026-08-08T04:05+00:00,1000004-B,Cálculo diferencial,(11) Grupo 11,24
2026-08-08T04:05+00:00,1000004-B,Cálculo diferencial,(12) Grupo 12,24
2026-08-08T04:05+00:00,1000004-B,Cálculo diferencial,(13) Grupo 13,16
2026-08-08T04:05+00:00,1000004-B,Cálculo diferencial,(14) Grupo 14,90
2026-08-08T04:05+00:00,1000004-B,Cálculo diferencial,(16) Grupo 16,27
2026-08-08T04:05+00:00,1000004-B,Cálculo diferencial,(17) Grupo 17,39
2026-08-08T04:05+00:00,1000004-B,Cálculo diferencial,(19) Grupo 19,59
2026-08-08T04:05+00:00,1000004-B,Cálculo diferencial,(2) Grupo 2,24
2026-08-08T04:05+00:00,1000004-B,Cálculo diferencial,(20) Grupo 20,10
2026-08-08T04:05+00:00,1000004-B,Cálculo diferencial,(21) Grupo 21,60
2026-08-08T04:05+00:00,1000004-B,Cálculo diferencial,(22) Grupo 22,60
2026-08-08T04:05+00:00,1000004-B,Cálculo diferencial,(24) Grupo 24,60
2026-08-08T04:05+00:00,1000004-B,Cálculo diferencial,(25) Grupo 25,40
2026-08-08T04:05+00:00,1000004-B,Cálculo diferencial,(27) Grupo 27,51
2026-08-08T04:05+00:00,1000004-B,Cálculo diferencial,(28) Grupo 28,60
2026-08-08T04:05+00:00,1000004-B,Cálculo diferencial,(29) Grupo 29,60
2026-08-08T04:05+00:00,1000004-B,Cálculo diferencial,(30) Grupo 30,60
2026-08-08T04:05+00:00,1000004-B,Cálculo diferencial,(32) Grupo 32,90
2026-08-08T04:05+00:00,1000004-B,Cálculo diferencial,(4) Grupo 4,37
2026-08-08T04:05+00:00,1000004-B,Cálculo diferencial,(5) Grupo 5,84
2026-08-08T04:05+00:00,1000004-B,Cálculo diferencial,(7) Grupo 7,64
2026-08-08T04:05+00:00,1000004-B,Cálculo diferencial,(8) Grupo 8,40
2026-08-08T04:05+00:00,1000004-B,Cálculo diferencial,(9) Grupo 9,18
2026-08-08T04:05+00:00,1000006-B,Cálculo en varias variables,(1) Grupo 1,40
2026-08-08T04:05+00:00,1000006-B,Cálculo en varias variables,(10) Grupo 10,100
2026-08-08T04:05+00:00,1000006-B,Cálculo en varias variables,(11) Grupo 11,40
2026-08-08T04:05+00:00,1000006-B,Cálculo en varias variables,(12) Grupo 12,60
2026-08-08T04:05+00:00,1000006-B,Cálculo en varias variables,(13) Grupo 13,40
2026-08-08T04:05+00:00,1000006-B,Cálculo en varias variables,(14) Grupo 14,60
2026-08-08T04:05+00:00,1000006-B,Cálculo en varias variables,(15) Grupo 15,112
2026-08-08T04:05+00:00,1000006-B,Cálculo en varias variables,(2) Grupo 2,40
2026-08-08T04:05+00:00,1000006-B,Cálculo en varias variables,(3) Grupo 3,40
2026-08-08T04:05+00:00,1000006-B,Cálculo en varias variables,(4) Grupo 4,100
2026-08-08T04:05+00:00,1000006-B,Cálculo en varias variables,(5) Grupo 5,40
2026-08-08T04:05+00:00,1000006-B,Cálculo en varias variables,(7) Grupo 7,70
2026-08-08T04:05+00:00,1000006-B,Cálculo en varias variables,(8) Grupo 8,60
2026-08-08T04:05+00:00,1000006-B,Cálculo en varias variables,(9) Grupo 9,0
2026-08-08T04:05+00:00,1000005-B,Cálculo Integral,(1) Grupo 1,0
2026-08-08T04:05+00:00,1000005-B,Cálculo Integral,(10) Grupo 10,50
2026-08-08T04:05+00:00,1000005-B,Cálculo Integral,(14) Grupo 14,40
2026-08-08T04:05+00:00,1000005-B,Cálculo Integral,(15) Grupo 15,60
2026-08-08T04:05+00:00,1000005-B,Cálculo Integral,(16) Grupo 16,70
2026-08-08T04:05+00:00,1000005-B,Cálculo Integral,(17) Grupo 17,40
2026-08-08T04:05+00:00,1000005-B,Cálculo Integral,(2) Grupo 2,60
2026-08-08T04:05+00:00,1000005-B,Cálculo Integral,(20) Grupo 20,40
2026-08-08T04:05+00:00,1000005-B,Cálculo Integral,(22) Grupo 22,60
2026-08-08T04:05+00:00,1000005-B,Cálculo Integral,(3) Grupo 3,70
2026-08-08T04:05+00:00,1000005-B,Cálculo Integral,(4) Grupo 4,60
2026-08-08T04:05+00:00,1000005-B,Cálculo Integral,(6) Grupo 6,60
2026-08-08T04:05+00:00,1000005-B,Cálculo Integral,(7) Grupo 7,100
2026-08-08T04:05+00:00,1000005-B,Cálculo Integral,(8) Grupo 8,40
2026-08-08T04:05+00:00,1000005-B,Cálculo Integral,(9) Grupo 9,10
2026-08-08T04:05+00:00,2015943,Construcción de edificaciones,(1) Grupo 1,15
2026-08-08T04:05+00:00,2015944,Construcción de Infraestructura Vial,(1) Grupo 1,15
2026-08-08T04:05+00:00,2015711,Dibujo básico,(10) 2015711-10 Dibujo básico,0
2026-08-08T04:05+00:00,2015711,Dibujo básico,(11) 2015711-11 Dibujo básico,0
2026-08-08T04:05+00:00,2015711,Dibujo básico,(14) 2015711-14 Dibujo básico,0
2026-08-08T04:05+00:00,2015711,Dibujo básico,(16) 2015711-16 Dibujo básico,0
2026-08-08T04:05+00:00,2015711,Dibujo básico,(4) 2015711-4 Dibujo básico,9
2026-08-08T04:05+00:00,2015711,Dibujo básico,(5) 2015711-5 Dibujo básico,0
2026-08-08T04:05+00:00,2015711,Dibujo básico,(7) 2015711-7 Dibujo básico,20
2026-08-08T04:05+00:00,2015711,Dibujo básico,(8) 2015711-8 Dibujo básico,0
2026-08-08T04:05+00:00,2015711,Dibujo básico,(9) 2015711-9 Dibujo básico,0
2026-08-08T04:05+00:00,2015948,Dinámica,(1) Grupo 1,30
2026-08-08T04:05+00:00,2015948,Dinámica,(2) Grupo 2,30
2026-08-08T04:05+00:00,2015948,Dinámica,(3) Grupo 3,30
2026-08-08T04:05+00:00,2015950,Diseño estructural,(1) Grupo 1,25
2026-08-08T04:05+00:00,2015950,Diseño estructural,(2) Grupo 2,0
2026-08-08T04:05+00:00,2015950,Diseño estructural,(3) Grupo 3,25
2026-08-08T04:05+00:00,2015950,Diseño estructural,(4) Grupo 4,25
2026-08-08T04:05+00:00,2015950,Diseño estructural,(5) Grupo 5,25
2026-08-08T04:05+00:00,2015949,Diseño geométrico de Vías,(1) Grupo 1,30
2026-08-08T04:05+00:00,2015949,Diseño geométrico de Vías,(2) Grupo 2,30
2026-08-08T04:05+00:00,2015949,Diseño geométrico de Vías,(3) Grupo 3,30
2026-08-08T04:05+00:00,1000007-B,Ecuaciones Diferenciales,(1) Grupo 1,60
2026-08-08T04:05+00:00,1000007-B,Ecuaciones Diferenciales,(11) Grupo 11,60
2026-08-08T04:05+00:00,1000007-B,Ecuaciones Diferenciales,(12) Grupo 12,60
2026-08-08T04:05+00:00,1000007-B,Ecuaciones Diferenciales,(13) Grupo 13,40
2026-08-08T04:05+00:00,1000007-B,Ecuaciones Diferenciales,(14) Grupo 14,100
2026-08-08T04:05+00:00,1000007-B,Ecuaciones Diferenciales,(3) Grupo 3,40
2026-08-08T04:05+00:00,1000007-B,Ecuaciones Diferenciales,(4) Grupo 4,60
2026-08-08T04:05+00:00,1000007-B,Ecuaciones Diferenciales,(6) Grupo 6,50
2026-08-08T04:05+00:00,1000007-B,Ecuaciones Diferenciales,(7) Grupo 7,40
2026-08-08T04:05+00:00,1000007-B,Ecuaciones Diferenciales,(9) Grupo 9,0
2026-08-08T04:05+00:00,2026134,Estática,(1) Grupo 1,0
2026-08-08T04:05+00:00,2026134,Estática,(2) Grupo 2,30
2026-08-08T04:05+00:00,2026134,Estática,(3) Grupo 3,30
2026-08-08T04:05+00:00,2026134,Estática,(4) Grupo 4,30
2026-08-08T04:05+00:00,2026134,Estática,(5) Grupo 5,30
2026-08-08T04:05+00:00,2026134,Estática,(6) Grupo 6,30
2026-08-08T04:05+00:00,2015954,Estructuras hidráulicas,(1) Grupo 1,30
2026-08-08T04:05+00:00,2015954,Estructuras hidráulicas,(2) Grupo 2,30
2026-08-08T04:05+00:00,2015954,Estructuras hidráulicas,(3) Grupo 3,30
2026-08-08T04:05+00:00,2015955,Fundamentos de construcción,(1) Grupo 1,30
2026-08-08T04:05+00:00,2015955,Fundamentos de construcción,(2) Grupo 2,30
2026-08-08T04:05+00:00,2015955,Fundamentos de construcción,(3) Grupo 3,30
2026-08-08T04:05+00:00,1000011-B,Fundamentos de ecología,(1) Grupo 1,118
2026-08-08T04:05+00:00,1000011-B,Fundamentos de ecología,(3) Grupo 3,12
2026-08-08T04:05+00:00,1000019-B,Fundamentos de mecánica,(1) Grupo 1,35
2026-08-08T04:05+00:00,1000019-B,Fundamentos de mecánica,(10) Grupo 10,35
2026-08-08T04:05+00:00,1000019-B,Fundamentos de mecánica,(11) Grupo 11,35
2026-08-08T04:05+00:00,1000019-B,Fundamentos de mecánica,(12) Grupo 12,35
2026-08-08T04:05+00:00,1000019-B,Fundamentos de mecánica,(13) Grupo 13,35
2026-08-08T04:05+00:00,1000019-B,Fundamentos de mecánica,(14) Grupo 14,35
2026-08-08T04:05+00:00,1000019-B,Fundamentos de mecánica,(15) Grupo 15,32
2026-08-08T04:05+00:00,1000019-B,Fundamentos de mecánica,(16) Grupo 16,35
2026-08-08T04:05+00:00,1000019-B,Fundamentos de mecánica,(17) Grupo 17,34
2026-08-08T04:05+00:00,1000019-B,Fundamentos de mecánica,(18) Grupo 18,34
2026-08-08T04:05+00:00,1000019-B,Fundamentos de mecánica,(19) Grupo 19,32
2026-08-08T04:05+00:00,1000019-B,Fundamentos de mecánica,(2) Grupo 2,35
2026-08-08T04:05+00:00,1000019-B,Fundamentos de mecánica,(20) Grupo 20,35
2026-08-08T04:05+00:00,1000019-B,Fundamentos de mecánica,(21) Grupo 21,35
2026-08-08T04:05+00:00,1000019-B,Fundamentos de mecánica,(22) Grupo 22,35
2026-08-08T04:05+00:00,1000019-B,Fundamentos de mecánica,(23) Grupo 23,35
2026-08-08T04:05+00:00,1000019-B,Fundamentos de mecánica,(24) Grupo 24,35
2026-08-08T04:05+00:00,1000019-B,Fundamentos de mecánica,(25) Grupo 25,45
2026-08-08T04:05+00:00,1000019-B,Fundamentos de mecánica,(26) Grupo 26 (VIRTUAL),50
2026-08-08T04:05+00:00,1000019-B,Fundamentos de mecánica,(27) Grupo 27 (VIRTUAL),50
2026-08-08T04:05+00:00,1000019-B,Fundamentos de mecánica,(28) Grupo 28 (VIRTUAL),50
2026-08-08T04:05+00:00,1000019-B,Fundamentos de mecánica,(29) Grupo 29 (VIRTUAL),50
2026-08-08T04:05+00:00,1000019-B,Fundamentos de mecánica,(3) Grupo 3,35
2026-08-08T04:05+00:00,1000019-B,Fundamentos de mecánica,(4) Grupo 4,35
2026-08-08T04:05+00:00,1000019-B,Fundamentos de mecánica,(5) Grupo 5,35
2026-08-08T04:05+00:00,1000019-B,Fundamentos de mecánica,(6) Grupo 6,35
2026-08-08T04:05+00:00,1000019-B,Fundamentos de mecánica,(7) Grupo 7,35
2026-08-08T04:05+00:00,1000019-B,Fundamentos de mecánica,(8) Grupo 8,35
2026-08-08T04:05+00:00,1000019-B,Fundamentos de mecánica,(9) Grupo 9,0
2026-08-08T04:05+00:00,1000019-B,Fundamentos de mecánica,(1) Grupo 1,35
2026-08-08T04:05+00:00,1000019-B,Fundamentos de mecánica,(10) Grupo 10,35
2026-08-08T04:05+00:00,1000019-B,Fundamentos de mecánica,(11) Grupo 11,35
2026-08-08T04:05+00:00,1000019-B,Fundamentos de mecánica,(12) Grupo 12,35
2026-08-08T04:05+00:00,1000019-B,Fundamentos de mecánica,(13) Grupo 13,35
2026-08-08T04:05+00:00,1000019-B,Fundamentos de mecánica,(14) Grupo 14,35
2026-08-08T04:05+00:00,1000019-B,Fundamentos de mecánica,(15) Grupo 15,32
2026-08-08T04:05+00:00,1000019-B,Fundamentos de mecánica,(16) Grupo 16,35
2026-08-08T04:05+00:00,1000019-B,Fundamentos de mecánica,(17) Grupo 17,34
2026-08-08T04:05+00:00,1000019-B,Fundamentos de mecánica,(18) Grupo 18,34
2026-08-08T04:05+00:00,1000019-B,Fundamentos de mecánica,(19) Grupo 19,32
2026-08-08T04:05+00:00,1000019-B,Fundamentos de mecánica,(2) Grupo 2,35
2026-08-08T04:05+00:00,1000019-B,Fundamentos de mecánica,(20) Grupo 20,35
2026-08-08T04:05+00:00,1000019-B,Fundamentos de mecánica,(21) Grupo 21,35
2026-08-08T04:05+00:00,1000019-B,Fundamentos de mecánica,(22) Grupo 22,35
2026-08-08T04:05+00:00,1000019-B,Fundamentos de mecánica,(23) Grupo 23,35
2026-08-08T04:05+00:00,1000019-B,Fundamentos de mecánica,(24) Grupo 24,35
2026-08-08T04:05+00:00,1000019-B,Fundamentos de mecánica,(25) Grupo 25,45
2026-08-08T04:05+00:00,1000019-B,Fundamentos de mecánica,(26) Grupo 26 (VIRTUAL),50
2026-08-08T04:05+00:00,1000019-B,Fundamentos de mecánica,(27) Grupo 27 (VIRTUAL),50
2026-08-08T04:05+00:00,1000019-B,Fundamentos de mecánica,(28) Grupo 28 (VIRTUAL),50
2026-08-08T04:05+00:00,1000019-B,Fundamentos de mecánica,(29) Grupo 29 (VIRTUAL),50
2026-08-08T04:05+00:00,1000019-B,Fundamentos de mecánica,(3) Grupo 3,35
2026-08-08T04:05+00:00,1000019-B,Fundamentos de mecánica,(4) Grupo 4,35
2026-08-08T04:05+00:00,1000019-B,Fundamentos de mecánica,(5) Grupo 5,35
2026-08-08T04:05+00:00,1000019-B,Fundamentos de mecánica,(6) Grupo 6,35
2026-08-08T04:05+00:00,1000019-B,Fundamentos de mecánica,(7) Grupo 7,35
2026-08-08T04:05+00:00,1000019-B,Fundamentos de mecánica,(8) Grupo 8,35
2026-08-08T04:05+00:00,1000019-B,Fundamentos de mecánica,(9) Grupo 9,10
2026-08-08T04:05+00:00,1000019-B,Fundamentos de mecánica,(16) Gruop 16,8
2026-08-08T04:05+00:00,1000019-B,Fundamentos de mecánica,(1) Grupo 1,35
2026-08-08T04:05+00:00,1000019-B,Fundamentos de mecánica,(10) Grupo 10,35
2026-08-08T04:05+00:00,1000019-B,Fundamentos de mecánica,(11) Grupo 11,35
2026-08-08T04:05+00:00,1000019-B,Fundamentos de mecánica,(12) Grupo 12,35
2026-08-08T04:05+00:00,1000019-B,Fundamentos de mecánica,(13) Grupo 13,35
2026-08-08T04:05+00:00,1000019-B,Fundamentos de mecánica,(14) Grupo 14,35
2026-08-08T04:05+00:00,1000019-B,Fundamentos de mecánica,(15) Grupo 15,32
2026-08-08T04:05+00:00,1000019-B,Fundamentos de mecánica,(17) Grupo 17,34
2026-08-08T04:05+00:00,1000019-B,Fundamentos de mecánica,(18) Grupo 18,34
2026-08-08T04:05+00:00,1000019-B,Fundamentos de mecánica,(19) Grupo 19,32
2026-08-08T04:05+00:00,1000019-B,Fundamentos de mecánica,(2) Grupo 2,35
2026-08-08T04:05+00:00,1000019-B,Fundamentos de mecánica,(20) Grupo 20,35
2026-08-08T04:05+00:00,1000019-B,Fundamentos de mecánica,(21) Grupo 21,35
2026-08-08T04:05+00:00,1000019-B,Fundamentos de mecánica,(22) Grupo 22,35
2026-08-08T04:05+00:00,1000019-B,Fundamentos de mecánica,(23) Grupo 23,35
2026-08-08T04:05+00:00,1000019-B,Fundamentos de mecánica,(24) Grupo 24,35
2026-08-08T04:05+00:00,1000019-B,Fundamentos de mecánica,(25) Grupo 25,45
2026-08-08T04:05+00:00,1000019-B,Fundamentos de mecánica,(26) Grupo 26 (VIRTUAL),50
2026-08-08T04:05+00:00,1000019-B,Fundamentos de mecánica,(27) Grupo 27 (VIRTUAL),50
2026-08-08T04:05+00:00,1000019-B,Fundamentos de mecánica,(28) Grupo 28 (VIRTUAL),50
2026-08-08T04:05+00:00,1000019-B,Fundamentos de mecánica,(29) Grupo 29 (VIRTUAL),50
2026-08-08T04:05+00:00,1000019-B,Fundamentos de mecánica,(3) Grupo 3,35
2026-08-08T04:05+00:00,1000019-B,Fundamentos de mecánica,(4) Grupo 4,35
2026-08-08T04:05+00:00,1000019-B,Fundamentos de mecánica,(5) Grupo 5,35
2026-08-08T04:05+00:00,1000019-B,Fundamentos de mecánica,(6) Grupo 6,35
2026-08-08T04:05+00:00,1000019-B,Fundamentos de mecánica,(7) Grupo 7,35
2026-08-08T04:05+00:00,1000019-B,Fundamentos de mecánica,(8) Grupo 8,35
2026-08-08T04:05+00:00,1000019-B,Fundamentos de mecánica,(9) Grupo 9,10
2026-08-08T04:05+00:00,2015956,Geología,(1) Grupo 1,35
2026-08-08T04:05+00:00,2015956,Geología,(2) Grupo 2,30
2026-08-08T04:05+00:00,2015956,Geología,(3) Grupo 3,30
2026-08-08T04:05+00:00,2015956,Geología,(4) Grupo 4,35
2026-08-08T04:05+00:00,2015957,Geomática Aplicada,(1) Grupo 1,30
2026-08-08T04:05+00:00,2015957,Geomática Aplicada,(2) Grupo 2,30
2026-08-08T04:05+00:00,2015957,Geomática Aplicada,(3) Grupo 3,30
2026-08-08T04:05+00:00,2015957,Geomática Aplicada,(4) Grupo 4,30
2026-08-08T04:05+00:00,2015958,Geomática básica,(1) Grupo 1,20
2026-08-08T04:05+00:00,2015958,Geomática básica,(2) Grupo 2,20
2026-08-08T04:05+00:00,2015958,Geomática básica,(3) Grupo 3,30
2026-08-08T04:05+00:00,2015958,Geomática básica,(4) Grupo 4,20
2026-08-08T04:05+00:00,2015958,Geomática básica,(5) Grupo 5,20
2026-08-08T04:05+00:00,2015958,Geomática básica,(6) Grupo 6,20
2026-08-08T04:05+00:00,2015958,Geomática básica,(7) Grupo 7,20
2026-08-08T04:05+00:00,2015958,Geomática básica,(8) Grupo 8,20
2026-08-08T04:05+00:00,2015958,Geomática básica,(9) Grupo 9,20
2026-08-08T04:05+00:00,2015958,Geomática básica,(1) Grupo 1,40
2026-08-08T04:05+00:00,2015958,Geomática básica,(3) Grupo 3,30
2026-08-08T04:05+00:00,2015958,Geomática básica,(4) Grupo 4,40
2026-08-08T04:05+00:00,2015958,Geomática básica,(6) Grupo 6,40
2026-08-08T04:05+00:00,2015958,Geomática básica,(8) Grupo 8,40
2026-08-08T04:05+00:00,2015959,Geotecnia,(1) Grupo 1,30
2026-08-08T04:05+00:00,2015959,Geotecnia,(2) Grupo 2,30
2026-08-08T04:05+00:00,2015959,Geotecnia,(3) Grupo 3,30
2026-08-08T04:05+00:00,2015959,Geotecnia,(4) Grupo 4,0
2026-08-08T04:05+00:00,2015961,Hidráulica básica,(1) Grupo 1,24
2026-08-08T04:05+00:00,2015961,Hidráulica básica,(2) Grupo 2,24
2026-08-08T04:05+00:00,2015961,Hidráulica básica,(3) Grupo 3,24
2026-08-08T04:05+00:00,2015961,Hidráulica básica,(4) Grupo 4,24
2026-08-08T04:05+00:00,2015961,Hidráulica básica,(5) Grupo 5,24
2026-08-08T04:05+00:00,2015961,Hidráulica básica,(6) Grupo 6,24
2026-08-08T04:05+00:00,2015978,Hidrología,(1) Grupo 1,0
2026-08-08T04:05+00:00,2015978,Hidrología,(2) Grupo 2,30
2026-08-08T04:05+00:00,2015978,Hidrología,(3) Grupo 3,30
2026-08-08T04:05+00:00,2015978,Hidrología,(4) Grupo 4,30
2026-08-08T04:05+00:00,2015978,Hidrología,(5) Grupo 5,30
2026-08-08T04:05+00:00,2026135,Ingeniería civil sostenible,(1) Grupo 1,25
2026-08-08T04:05+00:00,2026135,Ingeniería civil sostenible,(2) Grupo 2,25
2026-08-08T04:05+00:00,2026135,Ingeniería civil sostenible,(3) Grupo 3,25
2026-08-08T04:05+00:00,2015963,Ingeniería de Tránsito,(1) Grupo 1,30
2026-08-08T04:05+00:00,2015963,Ingeniería de Tránsito,(2) Grupo 2,30
2026-08-08T04:05+00:00,2015963,Ingeniería de Tránsito,(3) Grupo 3,30
2026-08-08T04:05+00:00,2026138,Ingenieria de transporte,(1) Grupo 1,30
2026-08-08T04:05+00:00,2026138,Ingenieria de transporte,(2) Grupo 2,30
2026-08-08T04:05+00:00,2026138,Ingenieria de transporte,(3) Grupo 3,30
2026-08-08T04:05+00:00,2015703,Ingeniería económica,(1) Grupo 1,40
2026-08-08T04:05+00:00,2015703,Ingeniería económica,(10) Grupo 10,30
2026-08-08T04:05+00:00,2015703,Ingeniería económica,(11) Grupo 11,30
2026-08-08T04:05+00:00,2015703,Ingeniería económica,(2) Grupo 2,40
2026-08-08T04:05+00:00,2015703,Ingeniería económica,(3) Grupo 3,40
2026-08-08T04:05+00:00,2015703,Ingeniería económica,(4) Grupo 4,30
2026-08-08T04:05+00:00,2015703,Ingeniería económica,(5) Grupo 5 - Virtual,60
2026-08-08T04:05+00:00,2015703,Ingeniería económica,(6) Grupo 6,40
2026-08-08T04:05+00:00,2015703,Ingeniería económica,(7) Grupo 7,20
2026-08-08T04:05+00:00,2015703,Ingeniería económica,(8) Grupo 8,40
2026-08-08T04:05+00:00,2015703,Ingeniería económica,(9) Grupo 9,35
2026-08-08T04:05+00:00,1000044-B,Inglés I- Semestral,(1) Grupo 1,26
2026-08-08T04:05+00:00,1000044-B,Inglés I- Semestral,(2) Grupo 2,26
2026-08-08T04:05+00:00,1000044-B,Inglés I- Semestral,(3) Grupo 3,26
2026-08-08T04:05+00:00,1000044-B,Inglés I- Semestral,(4) Grupo 4,26
2026-08-08T04:05+00:00,1000044-B,Inglés I- Semestral,(5) Grupo 5,26
2026-08-08T04:05+00:00,1000044-B,Inglés I- Semestral,(6) Grupo 6,26
2026-08-08T04:05+00:00,1000044-B,Inglés I- Semestral,(7) Grupo 7,26
2026-08-08T04:05+00:00,1000044-B,Inglés I- Semestral,(8) Grupo 8,26
2026-08-08T04:05+00:00,1000044-B,Inglés I- Semestral,(9) Grupo 9,7
2026-08-08T04:05+00:00,1000045-B,Inglés II - Semestral,(1) Grupo 1,10
2026-08-08T04:05+00:00,1000045-B,Inglés II - Semestral,(10) Grupo 10,26
2026-08-08T04:05+00:00,1000045-B,Inglés II - Semestral,(11) Grupo 11,26
2026-08-08T04:05+00:00,1000045-B,Inglés II - Semestral,(12) Grupo 12,26
2026-08-08T04:05+00:00,1000045-B,Inglés II - Semestral,(13) Grupo 13,26
2026-08-08T04:05+00:00,1000045-B,Inglés II - Semestral,(14) Grupo 14,26
2026-08-08T04:05+00:00,1000045-B,Inglés II - Semestral,(15) Grupo 15,26
2026-08-08T04:05+00:00,1000045-B,Inglés II - Semestral,(16) Grupo 16,26
2026-08-08T04:05+00:00,1000045-B,Inglés II - Semestral,(2) Grupo 2,26
2026-08-08T04:05+00:00,1000045-B,Inglés II - Semestral,(3) Grupo 3,26
2026-08-08T04:05+00:00,1000045-B,Inglés II - Semestral,(4) Grupo 4,26
2026-08-08T04:05+00:00,1000045-B,Inglés II - Semestral,(5) Grupo 5,26
2026-08-08T04:05+00:00,1000045-B,Inglés II - Semestral,(6) Grupo 6,26
2026-08-08T04:05+00:00,1000045-B,Inglés II - Semestral,(7) Grupo 7,26
2026-08-08T04:05+00:00,1000045-B,Inglés II - Semestral,(8) Grupo 8,26
2026-08-08T04:05+00:00,1000045-B,Inglés II - Semestral,(9) Grupo 9,15
2026-08-08T04:05+00:00,1000046-B,Inglés III - Semestral,(1) Grupo 1,26
2026-08-08T04:05+00:00,1000046-B,Inglés III - Semestral,(10) Grupo 10,26
2026-08-08T04:05+00:00,1000046-B,Inglés III - Semestral,(11) Grupo 11,26
2026-08-08T04:05+00:00,1000046-B,Inglés III - Semestral,(12) Grupo 12,26
2026-08-08T04:05+00:00,1000046-B,Inglés III - Semestral,(13) Grupo 13,26
2026-08-08T04:05+00:00,1000046-B,Inglés III - Semestral,(14) Grupo 14,26
2026-08-08T04:05+00:00,1000046-B,Inglés III - Semestral,(15) Grupo 15,26
2026-08-08T04:05+00:00,1000046-B,Inglés III - Semestral,(16) Grupo 16,26
2026-08-08T04:05+00:00,1000046-B,Inglés III - Semestral,(17) Grupo 17,26
2026-08-08T04:05+00:00,1000046-B,Inglés III - Semestral,(18) Grupo 18,26
2026-08-08T04:05+00:00,1000046-B,Inglés III - Semestral,(2) Grupo 2,26
2026-08-08T04:05+00:00,1000046-B,Inglés III - Semestral,(3) Grupo 3,26
2026-08-08T04:05+00:00,1000046-B,Inglés III - Semestral,(4) Grupo 4,26
2026-08-08T04:05+00:00,1000046-B,Inglés III - Semestral,(5) Grupo 5,26
2026-08-08T04:05+00:00,1000046-B,Inglés III - Semestral,(6) Grupo 6,26
2026-08-08T04:05+00:00,1000046-B,Inglés III - Semestral,(7) Grupo 7,26
2026-08-08T04:05+00:00,1000046-B,Inglés III - Semestral,(8) Grupo 8,26
2026-08-08T04:05+00:00,1000046-B,Inglés III - Semestral,(9) Grupo 9,10
2026-08-08T04:05+00:00,1000052-B,Inglés Intensivo I y II,(1) Grupo 1,28
2026-08-08T04:05+00:00,1000052-B,Inglés Intensivo I y II,(2) Grupo 2,28
2026-08-08T04:05+00:00,1000052-B,Inglés Intensivo I y II,(3) Grupo 3,28
2026-08-08T04:05+00:00,1000053-B,Inglés Intensivo III y IV,(1) Grupo 1,28
2026-08-08T04:05+00:00,1000053-B,Inglés Intensivo III y IV,(2) Grupo 2,28
2026-08-08T04:05+00:00,1000053-B,Inglés Intensivo III y IV,(3) Grupo 3,30
2026-08-08T04:05+00:00,1000053-B,Inglés Intensivo III y IV,(4) Grupo 4,30
2026-08-08T04:05+00:00,1000053-B,Inglés Intensivo III y IV,(5) Grupo 5,28
2026-08-08T04:05+00:00,1000053-B,Inglés Intensivo III y IV,(6) Grupo 6,28
2026-08-08T04:05+00:00,1000047-B,Inglés IV- Semestral,(1) Grupo 1,26
2026-08-08T04:05+00:00,1000047-B,Inglés IV- Semestral,(10) Grupo 10,26
2026-08-08T04:05+00:00,1000047-B,Inglés IV- Semestral,(11) Grupo 11,26
2026-08-08T04:05+00:00,1000047-B,Inglés IV- Semestral,(12) Grupo 12,26
2026-08-08T04:05+00:00,1000047-B,Inglés IV- Semestral,(13) Grupo 13,26
2026-08-08T04:05+00:00,1000047-B,Inglés IV- Semestral,(14) Grupo 14,26
2026-08-08T04:05+00:00,1000047-B,Inglés IV- Semestral,(15) Grupo 15,26
2026-08-08T04:05+00:00,1000047-B,Inglés IV- Semestral,(16) Grupo 16,26
2026-08-08T04:05+00:00,1000047-B,Inglés IV- Semestral,(17) Grupo 17,26
2026-08-08T04:05+00:00,1000047-B,Inglés IV- Semestral,(18) Grupo 18,26
2026-08-08T04:05+00:00,1000047-B,Inglés IV- Semestral,(19) Grupo 19,26
2026-08-08T04:05+00:00,1000047-B,Inglés IV- Semestral,(2) Grupo 2,26
2026-08-08T04:05+00:00,1000047-B,Inglés IV- Semestral,(20) Grupo 20,26
2026-08-08T04:05+00:00,1000047-B,Inglés IV- Semestral,(21) Grupo 21,26
2026-08-08T04:05+00:00,1000047-B,Inglés IV- Semestral,(22) Grupo 22,26
2026-08-08T04:05+00:00,1000047-B,Inglés IV- Semestral,(3) Grupo 3,26
2026-08-08T04:05+00:00,1000047-B,Inglés IV- Semestral,(4) Grupo 4,26
2026-08-08T04:05+00:00,1000047-B,Inglés IV- Semestral,(5) Grupo 5,26
2026-08-08T04:05+00:00,1000047-B,Inglés IV- Semestral,(6) Grupo 6,26
2026-08-08T04:05+00:00,1000047-B,Inglés IV- Semestral,(7) Grupo 7,26
2026-08-08T04:05+00:00,1000047-B,Inglés IV- Semestral,(8) Grupo 8,26
2026-08-08T04:05+00:00,1000047-B,Inglés IV- Semestral,(9) Grupo 9,15
2026-08-08T04:05+00:00,2026186,Introducción a la ingeniería civil,(1) Grupo 1,7
2026-08-08T04:05+00:00,2026186,Introducción a la ingeniería civil,(2) Grupo 2,0
2026-08-08T04:05+00:00,2026186,Introducción a la ingeniería civil,(4) Grupo 4,10
2026-08-08T04:05+00:00,1000002-B,Lecto-Escritura,(1) Grupo 1 - Clase Presencial,1
2026-08-08T04:05+00:00,1000002-B,Lecto-Escritura,(10) Grupo 10 - Clase presencial,0
2026-08-08T04:05+00:00,1000002-B,Lecto-Escritura,(2) Grupo 2 - Clase Presencial,0
2026-08-08T04:05+00:00,1000002-B,Lecto-Escritura,(3) Grupo 3 - Clase Presencial,0
2026-08-08T04:05+00:00,1000002-B,Lecto-Escritura,(4) Grupo 4 - Clase Presencial,0
2026-08-08T04:05+00:00,1000002-B,Lecto-Escritura,(5) Grupo 5 - Clase Presencial,0
2026-08-08T04:05+00:00,1000002-B,Lecto-Escritura,(6) Grupo 6 - Clase Presencial,0
2026-08-08T04:05+00:00,1000002-B,Lecto-Escritura,(7) Grupo 7 - Clase Presencial,0
2026-08-08T04:05+00:00,1000002-B,Lecto-Escritura,(8) Grupo 8 - Clase Presencial,0
2026-08-08T04:05+00:00,1000002-B,Lecto-Escritura,(9) Grupo 9 - Clase Presencial,10
2026-08-08T04:05+00:00,1000001-B,Matemáticas Básicas,(1) Grupo 1,0
2026-08-08T04:05+00:00,1000001-B,Matemáticas Básicas,(19) Grupo 19,5
2026-08-08T04:05+00:00,1000001-B,Matemáticas Básicas,(2) Grupo 2,10
2026-08-08T04:05+00:00,1000001-B,Matemáticas Básicas,(1) Grupo 1,0
2026-08-08T04:05+00:00,1000001-B,Matemáticas Básicas,(10) Grupo 10,0
2026-08-08T04:05+00:00,1000001-B,Matemáticas Básicas,(2) Grupo 2,0
2026-08-08T04:05+00:00,1000001-B,Matemáticas Básicas,(3) Grupo 3,0
2026-08-08T04:05+00:00,1000001-B,Matemáticas Básicas,(4) Grupo 4,0
2026-08-08T04:05+00:00,1000001-B,Matemáticas Básicas,(5) Grupo 5,0
2026-08-08T04:05+00:00,1000001-B,Matemáticas Básicas,(6) Grupo 6,0
2026-08-08T04:05+00:00,1000001-B,Matemáticas Básicas,(7) Grupo 7,0
2026-08-08T04:05+00:00,1000001-B,Matemáticas Básicas,(8) Grupo 8,0
2026-08-08T04:05+00:00,1000001-B,Matemáticas Básicas,(9) Grupo 9,10
2026-08-08T04:05+00:00,2015965,Materiales para construcción,(1) Grupo 1,24
2026-08-08T04:05+00:00,2015965,Materiales para construcción,(2) Grupo 2,24
2026-08-08T04:05+00:00,2015965,Materiales para construcción,(3) Grupo 3,24
2026-08-08T04:05+00:00,2015965,Materiales para construcción,(4) Grupo 4,24
2026-08-08T04:05+00:00,2015966,Mecánica de fluidos,(1) Grupo 1,24
2026-08-08T04:05+00:00,2015966,Mecánica de fluidos,(2) Grupo 2,24
2026-08-08T04:05+00:00,2015966,Mecánica de fluidos,(3) Grupo 3,24
2026-08-08T04:05+00:00,2015966,Mecánica de fluidos,(4) Grupo 4,24
2026-08-08T04:05+00:00,2015966,Mecánica de fluidos,(5) Grupo 5,24
2026-08-08T04:05+00:00,2015966,Mecánica de fluidos,(6) Grupo 6,24
2026-08-08T04:05+00:00,2015966,Mecánica de fluidos,(7) Grupo 7,24
2026-08-08T04:05+00:00,2015966,Mecánica de fluidos,(8) Grupo 8,24
2026-08-08T04:05+00:00,2015967,Mecánica de Rocas,(1) Grupo 1,24
2026-08-08T04:05+00:00,2015968,Mecánica de sólidos,(1) Grupo 1,24
2026-08-08T04:05+00:00,2015968,Mecánica de sólidos,(2) Grupo 2,24
2026-08-08T04:05+00:00,2015968,Mecánica de sólidos,(3) Grupo 3,24
2026-08-08T04:05+00:00,2015968,Mecánica de sólidos,(4) Grupo 4,24
2026-08-08T04:05+00:00,2015968,Mecánica de sólidos,(5) Grupo 5,24
2026-08-08T04:05+00:00,2015968,Mecánica de sólidos,(6) Grupo 6,24
2026-08-08T04:05+00:00,2015968,Mecánica de sólidos,(7) Grupo 7,0
2026-08-08T04:05+00:00,2015969,Mecánica de suelos,(1) Grupo 1 (Inglés),30
2026-08-08T04:05+00:00,2015969,Mecánica de suelos,(2) Grupo 2,30
2026-08-08T04:05+00:00,2015969,Mecánica de suelos,(3) Grupo 3,30
2026-08-08T04:05+00:00,2015969,Mecánica de suelos,(4) Grupo 4,30
2026-08-08T04:05+00:00,2015970,Métodos numéricos,(4) Grupo 4,30
2026-08-08T04:05+00:00,2015970,Métodos numéricos,(5) Grupo 5,45
2026-08-08T04:05+00:00,2015970,Métodos numéricos,(8) Grupo 8,30
2026-08-08T04:05+00:00,2015970,Métodos numéricos,(9) Grupo 9,45
2026-08-08T04:05+00:00,2017293,Modelación matemática,(1) 2017293-1 Modelación matemática,34
2026-08-08T04:05+00:00,2017293,Modelación matemática,(2) 2017293-2 Modelación matemática,34
2026-08-08T04:05+00:00,2017293,Modelación matemática,(1M) 2017293-1M Modelación matemática - Magistral,80
2026-08-08T04:05+00:00,2015971,Pavimentos,(1) Grupo 1,30
2026-08-08T04:05+00:00,2015971,Pavimentos,(2) Grupo 2,30
2026-08-08T04:05+00:00,2015971,Pavimentos,(3) Grupo 3,30
2026-08-08T04:05+00:00,2015972,Preparación y evaluación de proyectos de infraestructura,(1) Grupo 1,15
2026-08-08T04:05+00:00,2015972,Preparación y evaluación de proyectos de infraestructura,(2) Grupo 2,15
2026-08-08T04:05+00:00,2015972,Preparación y evaluación de proyectos de infraestructura,(3) Grupo 3,15
2026-08-08T04:05+00:00,1000024-B,Principios de química,(12) Grupo 12,0
2026-08-08T04:05+00:00,1000024-B,Principios de química,(13) Grupo 13,0
2026-08-08T04:05+00:00,1000024-B,Principios de química,(14) Grupo 14,10
2026-08-08T04:05+00:00,1000013-B,Probabilidad y estadística fundamental,(1) Grupo 1,0
2026-08-08T04:05+00:00,1000013-B,Probabilidad y estadística fundamental,(10) Grupo 10,35
2026-08-08T04:05+00:00,1000013-B,Probabilidad y estadística fundamental,(11) Grupo 11,40
2026-08-08T04:05+00:00,1000013-B,Probabilidad y estadística fundamental,(12) Grupo 12,40
2026-08-08T04:05+00:00,1000013-B,Probabilidad y estadística fundamental,(13) Grupo 13,30
2026-08-08T04:05+00:00,1000013-B,Probabilidad y estadística fundamental,(14) Grupo 14,45
2026-08-08T04:05+00:00,1000013-B,Probabilidad y estadística fundamental,(16) Grupo 16,30
2026-08-08T04:05+00:00,1000013-B,Probabilidad y estadística fundamental,(2) Grupo 2,40
2026-08-08T04:05+00:00,1000013-B,Probabilidad y estadística fundamental,(22) Grupo 22,45
2026-08-08T04:05+00:00,1000013-B,Probabilidad y estadística fundamental,(23) Grupo 23,0
2026-08-08T04:05+00:00,1000013-B,Probabilidad y estadística fundamental,(3) Grupo 3,40
2026-08-08T04:05+00:00,1000013-B,Probabilidad y estadística fundamental,(4) Grupo 4,40
2026-08-08T04:05+00:00,1000013-B,Probabilidad y estadística fundamental,(5) Grupo 5,35
2026-08-08T04:05+00:00,1000013-B,Probabilidad y estadística fundamental,(6) Grupo 6,35
2026-08-08T04:05+00:00,1000013-B,Probabilidad y estadística fundamental,(7) Grupo 7,40
2026-08-08T04:05+00:00,2015734,Programación de computadores,(1) Grupo 1,6
2026-08-08T04:05+00:00,2015734,Programación de computadores,(10) Grupo 10,4
2026-08-08T04:05+00:00,2015734,Programación de computadores,(11) Grupo 11,0
2026-08-08T04:05+00:00,2015734,Programación de computadores,(12) Grupo 12,1
2026-08-08T04:05+00:00,2015734,Programación de computadores,(13) Grupo 13,4
2026-08-08T04:05+00:00,2015734,Programación de computadores,(14) Grupo 14,0
2026-08-08T04:05+00:00,2015734,Programación de computadores,(2) Grupo 2,16
2026-08-08T04:05+00:00,2015734,Programación de computadores,(3) Grupo 3,0
2026-08-08T04:05+00:00,2015734,Programación de computadores,(4) Grupo 4,0
2026-08-08T04:05+00:00,2015734,Programación de computadores,(5) Grupo 5,0
2026-08-08T04:05+00:00,2015734,Programación de computadores,(6) Grupo 6,8
2026-08-08T04:05+00:00,2015734,Programación de computadores,(7) Grupo 7,3
2026-08-08T04:05+00:00,2015734,Programación de computadores,(8) Grupo 8 - Virtual,30
2026-08-08T04:05+00:00,2015734,Programación de computadores,(9) Grupo 9,18
2026-08-08T04:05+00:00,2015973,Saneamiento ambiental,(1) Grupo 1,25
2026-08-08T04:05+00:00,2015973,Saneamiento ambiental,(2) Grupo 2,25
2026-08-08T04:05+00:00,2015973,Saneamiento ambiental,(3) Grupo 3,25
2026-08-08T04:05+00:00,2022761,SIG para Ingeniería Civil,(1) Grupo 1,15
2026-08-08T04:05+00:00,2022761,SIG para Ingeniería Civil,(2) Grupo 2,15
2026-08-08T04:05+00:00,2022761,SIG para Ingeniería Civil,(3) Grupo 3,15
2026-08-08T04:05+00:00,2015296,Trabajo de Grado,(1) Grupo 1,5
2026-08-08T04:05+00:00,2015296,Trabajo de Grado,(10) Grupo 10,5
2026-08-08T04:05+00:00,2015296,Trabajo de Grado,(11) Grupo 11,5
2026-08-08T04:05+00:00,2015296,Trabajo de Grado,(12) Grupo 12,5
2026-08-08T04:05+00:00,2015296,Trabajo de Grado,(13) Grupo 13,5
2026-08-08T04:05+00:00,2015296,Trabajo de Grado,(14) Grupo 14,5
2026-08-08T04:05+00:00,2015296,Trabajo de Grado,(15) Grupo 15,5
2026-08-08T04:05+00:00,2015296,Trabajo de Grado,(16) Grupo 16,5
2026-08-08T04:05+00:00,2015296,Trabajo de Grado,(17) Grupo 17,5
2026-08-08T04:05+00:00,2015296,Trabajo de Grado,(18) Grupo 18,5
2026-08-08T04:05+00:00,2015296,Trabajo de Grado,(19) Grupo 19,0
2026-08-08T04:05+00:00,2015296,Trabajo de Grado,(2) Grupo 2,5
2026-08-08T04:05+00:00,2015296,Trabajo de Grado,(3) Grupo 3,5
2026-08-08T04:05+00:00,2015296,Trabajo de Grado,(4) Grupo 4,5
2026-08-08T04:05+00:00,2015296,Trabajo de Grado,(5) Grupo 5,5
2026-08-08T04:05+00:00,2015296,Trabajo de Grado,(6) Grupo 6,5
2026-08-08T04:05+00:00,2015296,Trabajo de Grado,(7) Grupo 7,5
2026-08-08T04:05+00:00,2015296,Trabajo de Grado,(8) Grupo 8,5
2026-08-08T04:05+00:00,2015296,Trabajo de Grado,(9) Grupo 9,5
2026-08-08T05:15+00:00,2015938,Acueductos,(1) Grupo 1,25
2026-08-08T05:15+00:00,2015938,Acueductos,(2) Grupo 2,25
2026-08-08T05:15+00:00,2015938,Acueductos,(3) Grupo 3,25
2026-08-08T05:15+00:00,2015938,Acueductos,(4) Grupo 4,24
2026-08-08T05:15+00:00,2015939,Alcantarillados,(1) Grupo 1,25
2026-08-08T05:15+00:00,2015939,Alcantarillados,(2) Grupo 2,25
2026-08-08T05:15+00:00,2015939,Alcantarillados,(3) Grupo 3,25
2026-08-08T05:15+00:00,2015939,Alcantarillados,(4) Grupo 4,25
2026-08-08T05:15+00:00,2015940,Análisis estructural aplicado,(1) Grupo 1,24
2026-08-08T05:15+00:00,2015940,Análisis estructural aplicado,(2) Grupo 2,24
2026-08-08T05:15+00:00,2015940,Análisis estructural aplicado,(3) Grupo 3,24
2026-08-08T05:15+00:00,2015941,Análisis estructural básico,(1) Grupo 1,30
2026-08-08T05:15+00:00,2015941,Análisis estructural básico,(2) Grupo 2,30
2026-08-08T05:15+00:00,2015941,Análisis estructural básico,(3) Grupo 3,30
2026-08-08T05:15+00:00,2015941,Análisis estructural básico,(4) Grupo 4,30
2026-08-08T05:15+00:00,1000004-B,Cálculo diferencial,(10) Grupo 10,53
2026-08-08T05:15+00:00,1000004-B,Cálculo diferencial,(11) Grupo 11,24
2026-08-08T05:15+00:00,1000004-B,Cálculo diferencial,(12) Grupo 12,24
2026-08-08T05:15+00:00,1000004-B,Cálculo diferencial,(13) Grupo 13,16
2026-08-08T05:15+00:00,1000004-B,Cálculo diferencial,(14) Grupo 14,90
2026-08-08T05:15+00:00,1000004-B,Cálculo diferencial,(16) Grupo 16,27
2026-08-08T05:15+00:00,1000004-B,Cálculo diferencial,(17) Grupo 17,39
2026-08-08T05:15+00:00,1000004-B,Cálculo diferencial,(19) Grupo 19,59
2026-08-08T05:15+00:00,1000004-B,Cálculo diferencial,(2) Grupo 2,24
2026-08-08T05:15+00:00,1000004-B,Cálculo diferencial,(20) Grupo 20,10
2026-08-08T05:15+00:00,1000004-B,Cálculo diferencial,(21) Grupo 21,60
2026-08-08T05:15+00:00,1000004-B,Cálculo diferencial,(22) Grupo 22,60
2026-08-08T05:15+00:00,1000004-B,Cálculo diferencial,(24) Grupo 24,60
2026-08-08T05:15+00:00,1000004-B,Cálculo diferencial,(25) Grupo 25,40
2026-08-08T05:15+00:00,1000004-B,Cálculo diferencial,(27) Grupo 27,51
2026-08-08T05:15+00:00,1000004-B,Cálculo diferencial,(28) Grupo 28,60
2026-08-08T05:15+00:00,1000004-B,Cálculo diferencial,(29) Grupo 29,60
2026-08-08T05:15+00:00,1000004-B,Cálculo diferencial,(30) Grupo 30,60
2026-08-08T05:15+00:00,1000004-B,Cálculo diferencial,(32) Grupo 32,90
2026-08-08T05:15+00:00,1000004-B,Cálculo diferencial,(4) Grupo 4,37
2026-08-08T05:15+00:00,1000004-B,Cálculo diferencial,(5) Grupo 5,84
2026-08-08T05:15+00:00,1000004-B,Cálculo diferencial,(7) Grupo 7,64
2026-08-08T05:15+00:00,1000004-B,Cálculo diferencial,(8) Grupo 8,40
2026-08-08T05:15+00:00,1000004-B,Cálculo diferencial,(9) Grupo 9,18
2026-08-08T05:15+00:00,1000006-B,Cálculo en varias variables,(1) Grupo 1,40
2026-08-08T05:15+00:00,1000006-B,Cálculo en varias variables,(10) Grupo 10,100
2026-08-08T05:15+00:00,1000006-B,Cálculo en varias variables,(11) Grupo 11,40
2026-08-08T05:15+00:00,1000006-B,Cálculo en varias variables,(12) Grupo 12,60
2026-08-08T05:15+00:00,1000006-B,Cálculo en varias variables,(13) Grupo 13,40
2026-08-08T05:15+00:00,1000006-B,Cálculo en varias variables,(14) Grupo 14,60
2026-08-08T05:15+00:00,1000006-B,Cálculo en varias variables,(15) Grupo 15,112
2026-08-08T05:15+00:00,1000006-B,Cálculo en varias variables,(2) Grupo 2,40
2026-08-08T05:15+00:00,1000006-B,Cálculo en varias variables,(3) Grupo 3,40
2026-08-08T05:15+00:00,1000006-B,Cálculo en varias variables,(4) Grupo 4,100
2026-08-08T05:15+00:00,1000006-B,Cálculo en varias variables,(5) Grupo 5,40
2026-08-08T05:15+00:00,1000006-B,Cálculo en varias variables,(7) Grupo 7,70
2026-08-08T05:15+00:00,1000006-B,Cálculo en varias variables,(8) Grupo 8,60
2026-08-08T05:15+00:00,1000006-B,Cálculo en varias variables,(9) Grupo 9,0
2026-08-08T05:15+00:00,1000005-B,Cálculo Integral,(1) Grupo 1,0
2026-08-08T05:15+00:00,1000005-B,Cálculo Integral,(10) Grupo 10,50
2026-08-08T05:15+00:00,1000005-B,Cálculo Integral,(14) Grupo 14,40
2026-08-08T05:15+00:00,1000005-B,Cálculo Integral,(15) Grupo 15,60
2026-08-08T05:15+00:00,1000005-B,Cálculo Integral,(16) Grupo 16,70
2026-08-08T05:15+00:00,1000005-B,Cálculo Integral,(17) Grupo 17,40
2026-08-08T05:15+00:00,1000005-B,Cálculo Integral,(2) Grupo 2,60
2026-08-08T05:15+00:00,1000005-B,Cálculo Integral,(20) Grupo 20,40
2026-08-08T05:15+00:00,1000005-B,Cálculo Integral,(22) Grupo 22,60
2026-08-08T05:15+00:00,1000005-B,Cálculo Integral,(3) Grupo 3,70
2026-08-08T05:15+00:00,1000005-B,Cálculo Integral,(4) Grupo 4,60
2026-08-08T05:15+00:00,1000005-B,Cálculo Integral,(6) Grupo 6,60
2026-08-08T05:15+00:00,1000005-B,Cálculo Integral,(7) Grupo 7,100
2026-08-08T05:15+00:00,1000005-B,Cálculo Integral,(8) Grupo 8,40
2026-08-08T05:15+00:00,1000005-B,Cálculo Integral,(9) Grupo 9,10
2026-08-08T05:15+00:00,2015943,Construcción de edificaciones,(1) Grupo 1,15
2026-08-08T05:15+00:00,2015944,Construcción de Infraestructura Vial,(1) Grupo 1,15
2026-08-08T05:15+00:00,2015711,Dibujo básico,(10) 2015711-10 Dibujo básico,0
2026-08-08T05:15+00:00,2015711,Dibujo básico,(11) 2015711-11 Dibujo básico,0
2026-08-08T05:15+00:00,2015711,Dibujo básico,(14) 2015711-14 Dibujo básico,0
2026-08-08T05:15+00:00,2015711,Dibujo básico,(16) 2015711-16 Dibujo básico,0
2026-08-08T05:15+00:00,2015711,Dibujo básico,(4) 2015711-4 Dibujo básico,9
2026-08-08T05:15+00:00,2015711,Dibujo básico,(5) 2015711-5 Dibujo básico,0
2026-08-08T05:15+00:00,2015711,Dibujo básico,(7) 2015711-7 Dibujo básico,20
2026-08-08T05:15+00:00,2015711,Dibujo básico,(8) 2015711-8 Dibujo básico,0
2026-08-08T05:15+00:00,2015711,Dibujo básico,(9) 2015711-9 Dibujo básico,0
2026-08-08T05:15+00:00,2015948,Dinámica,(1) Grupo 1,30
2026-08-08T05:15+00:00,2015948,Dinámica,(2) Grupo 2,30
2026-08-08T05:15+00:00,2015948,Dinámica,(3) Grupo 3,30
2026-08-08T05:15+00:00,2015950,Diseño estructural,(1) Grupo 1,25
2026-08-08T05:15+00:00,2015950,Diseño estructural,(2) Grupo 2,0
2026-08-08T05:15+00:00,2015950,Diseño estructural,(3) Grupo 3,25
2026-08-08T05:15+00:00,2015950,Diseño estructural,(4) Grupo 4,25
2026-08-08T05:15+00:00,2015950,Diseño estructural,(5) Grupo 5,25
2026-08-08T05:15+00:00,2015949,Diseño geométrico de Vías,(1) Grupo 1,30
2026-08-08T05:15+00:00,2015949,Diseño geométrico de Vías,(2) Grupo 2,30
2026-08-08T05:15+00:00,2015949,Diseño geométrico de Vías,(3) Grupo 3,30
2026-08-08T05:15+00:00,1000007-B,Ecuaciones Diferenciales,(1) Grupo 1,60
2026-08-08T05:15+00:00,1000007-B,Ecuaciones Diferenciales,(11) Grupo 11,60
2026-08-08T05:15+00:00,1000007-B,Ecuaciones Diferenciales,(12) Grupo 12,60
2026-08-08T05:15+00:00,1000007-B,Ecuaciones Diferenciales,(13) Grupo 13,40
2026-08-08T05:15+00:00,1000007-B,Ecuaciones Diferenciales,(14) Grupo 14,100
2026-08-08T05:15+00:00,1000007-B,Ecuaciones Diferenciales,(3) Grupo 3,40
2026-08-08T05:15+00:00,1000007-B,Ecuaciones Diferenciales,(4) Grupo 4,60
2026-08-08T05:15+00:00,1000007-B,Ecuaciones Diferenciales,(6) Grupo 6,50
2026-08-08T05:15+00:00,1000007-B,Ecuaciones Diferenciales,(7) Grupo 7,40
2026-08-08T05:15+00:00,1000007-B,Ecuaciones Diferenciales,(9) Grupo 9,0
2026-08-08T05:15+00:00,2026134,Estática,(1) Grupo 1,0
2026-08-08T05:15+00:00,2026134,Estática,(2) Grupo 2,30
2026-08-08T05:15+00:00,2026134,Estática,(3) Grupo 3,30
2026-08-08T05:15+00:00,2026134,Estática,(4) Grupo 4,30
2026-08-08T05:15+00:00,2026134,Estática,(5) Grupo 5,30
2026-08-08T05:15+00:00,2026134,Estática,(6) Grupo 6,30
2026-08-08T05:15+00:00,2015954,Estructuras hidráulicas,(1) Grupo 1,30
2026-08-08T05:15+00:00,2015954,Estructuras hidráulicas,(2) Grupo 2,30
2026-08-08T05:15+00:00,2015954,Estructuras hidráulicas,(3) Grupo 3,30
2026-08-08T05:15+00:00,2015955,Fundamentos de construcción,(1) Grupo 1,30
2026-08-08T05:15+00:00,2015955,Fundamentos de construcción,(2) Grupo 2,30
2026-08-08T05:15+00:00,2015955,Fundamentos de construcción,(3) Grupo 3,30
2026-08-08T05:15+00:00,1000011-B,Fundamentos de ecología,(1) Grupo 1,118
2026-08-08T05:15+00:00,1000011-B,Fundamentos de ecología,(3) Grupo 3,12
2026-08-08T05:15+00:00,1000019-B,Fundamentos de mecánica,(1) Grupo 1,35
2026-08-08T05:15+00:00,1000019-B,Fundamentos de mecánica,(10) Grupo 10,35
2026-08-08T05:15+00:00,1000019-B,Fundamentos de mecánica,(11) Grupo 11,35
2026-08-08T05:15+00:00,1000019-B,Fundamentos de mecánica,(12) Grupo 12,35
2026-08-08T05:15+00:00,1000019-B,Fundamentos de mecánica,(13) Grupo 13,35
2026-08-08T05:15+00:00,1000019-B,Fundamentos de mecánica,(14) Grupo 14,35
2026-08-08T05:15+00:00,1000019-B,Fundamentos de mecánica,(15) Grupo 15,32
2026-08-08T05:15+00:00,1000019-B,Fundamentos de mecánica,(16) Grupo 16,35
2026-08-08T05:15+00:00,1000019-B,Fundamentos de mecánica,(17) Grupo 17,34
2026-08-08T05:15+00:00,1000019-B,Fundamentos de mecánica,(18) Grupo 18,34
2026-08-08T05:15+00:00,1000019-B,Fundamentos de mecánica,(19) Grupo 19,32
2026-08-08T05:15+00:00,1000019-B,Fundamentos de mecánica,(2) Grupo 2,35
2026-08-08T05:15+00:00,1000019-B,Fundamentos de mecánica,(20) Grupo 20,35
2026-08-08T05:15+00:00,1000019-B,Fundamentos de mecánica,(21) Grupo 21,35
2026-08-08T05:15+00:00,1000019-B,Fundamentos de mecánica,(22) Grupo 22,35
2026-08-08T05:15+00:00,1000019-B,Fundamentos de mecánica,(23) Grupo 23,35
2026-08-08T05:15+00:00,1000019-B,Fundamentos de mecánica,(24) Grupo 24,35
2026-08-08T05:15+00:00,1000019-B,Fundamentos de mecánica,(25) Grupo 25,45
2026-08-08T05:15+00:00,1000019-B,Fundamentos de mecánica,(26) Grupo 26 (VIRTUAL),50
2026-08-08T05:15+00:00,1000019-B,Fundamentos de mecánica,(27) Grupo 27 (VIRTUAL),50
2026-08-08T05:15+00:00,1000019-B,Fundamentos de mecánica,(28) Grupo 28 (VIRTUAL),50
2026-08-08T05:15+00:00,1000019-B,Fundamentos de mecánica,(29) Grupo 29 (VIRTUAL),50
2026-08-08T05:15+00:00,1000019-B,Fundamentos de mecánica,(3) Grupo 3,35
2026-08-08T05:15+00:00,1000019-B,Fundamentos de mecánica,(4) Grupo 4,35
2026-08-08T05:15+00:00,1000019-B,Fundamentos de mecánica,(5) Grupo 5,35
2026-08-08T05:15+00:00,1000019-B,Fundamentos de mecánica,(6) Grupo 6,35
2026-08-08T05:15+00:00,1000019-B,Fundamentos de mecánica,(7) Grupo 7,35
2026-08-08T05:15+00:00,1000019-B,Fundamentos de mecánica,(8) Grupo 8,35
2026-08-08T05:15+00:00,1000019-B,Fundamentos de mecánica,(9) Grupo 9,0
2026-08-08T05:15+00:00,1000019-B,Fundamentos de mecánica,(1) Grupo 1,35
2026-08-08T05:15+00:00,1000019-B,Fundamentos de mecánica,(10) Grupo 10,35
2026-08-08T05:15+00:00,1000019-B,Fundamentos de mecánica,(11) Grupo 11,35
2026-08-08T05:15+00:00,1000019-B,Fundamentos de mecánica,(12) Grupo 12,35
2026-08-08T05:15+00:00,1000019-B,Fundamentos de mecánica,(13) Grupo 13,35
2026-08-08T05:15+00:00,1000019-B,Fundamentos de mecánica,(14) Grupo 14,35
2026-08-08T05:15+00:00,1000019-B,Fundamentos de mecánica,(15) Grupo 15,32
2026-08-08T05:15+00:00,1000019-B,Fundamentos de mecánica,(16) Grupo 16,35
2026-08-08T05:15+00:00,1000019-B,Fundamentos de mecánica,(17) Grupo 17,34
2026-08-08T05:15+00:00,1000019-B,Fundamentos de mecánica,(18) Grupo 18,34
2026-08-08T05:15+00:00,1000019-B,Fundamentos de mecánica,(19) Grupo 19,32
2026-08-08T05:15+00:00,1000019-B,Fundamentos de mecánica,(2) Grupo 2,35
2026-08-08T05:15+00:00,1000019-B,Fundamentos de mecánica,(20) Grupo 20,35
2026-08-08T05:15+00:00,1000019-B,Fundamentos de mecánica,(21) Grupo 21,35
2026-08-08T05:15+00:00,1000019-B,Fundamentos de mecánica,(22) Grupo 22,35
2026-08-08T05:15+00:00,1000019-B,Fundamentos de mecánica,(23) Grupo 23,35
2026-08-08T05:15+00:00,1000019-B,Fundamentos de mecánica,(24) Grupo 24,35
2026-08-08T05:15+00:00,1000019-B,Fundamentos de mecánica,(25) Grupo 25,45
2026-08-08T05:15+00:00,1000019-B,Fundamentos de mecánica,(26) Grupo 26 (VIRTUAL),50
2026-08-08T05:15+00:00,1000019-B,Fundamentos de mecánica,(27) Grupo 27 (VIRTUAL),50
2026-08-08T05:15+00:00,1000019-B,Fundamentos de mecánica,(28) Grupo 28 (VIRTUAL),50
2026-08-08T05:15+00:00,1000019-B,Fundamentos de mecánica,(29) Grupo 29 (VIRTUAL),50
2026-08-08T05:15+00:00,1000019-B,Fundamentos de mecánica,(3) Grupo 3,35
2026-08-08T05:15+00:00,1000019-B,Fundamentos de mecánica,(4) Grupo 4,35
2026-08-08T05:15+00:00,1000019-B,Fundamentos de mecánica,(5) Grupo 5,35
2026-08-08T05:15+00:00,1000019-B,Fundamentos de mecánica,(6) Grupo 6,35
2026-08-08T05:15+00:00,1000019-B,Fundamentos de mecánica,(7) Grupo 7,35
2026-08-08T05:15+00:00,1000019-B,Fundamentos de mecánica,(8) Grupo 8,35
2026-08-08T05:15+00:00,1000019-B,Fundamentos de mecánica,(9) Grupo 9,10
2026-08-08T05:15+00:00,1000019-B,Fundamentos de mecánica,(16) Gruop 16,8
2026-08-08T05:15+00:00,1000019-B,Fundamentos de mecánica,(1) Grupo 1,35
2026-08-08T05:15+00:00,1000019-B,Fundamentos de mecánica,(10) Grupo 10,35
2026-08-08T05:15+00:00,1000019-B,Fundamentos de mecánica,(11) Grupo 11,35
2026-08-08T05:15+00:00,1000019-B,Fundamentos de mecánica,(12) Grupo 12,35
2026-08-08T05:15+00:00,1000019-B,Fundamentos de mecánica,(13) Grupo 13,35
2026-08-08T05:15+00:00,1000019-B,Fundamentos de mecánica,(14) Grupo 14,35
2026-08-08T05:15+00:00,1000019-B,Fundamentos de mecánica,(15) Grupo 15,32
2026-08-08T05:15+00:00,1000019-B,Fundamentos de mecánica,(17) Grupo 17,34
2026-08-08T05:15+00:00,1000019-B,Fundamentos de mecánica,(18) Grupo 18,34
2026-08-08T05:15+00:00,1000019-B,Fundamentos de mecánica,(19) Grupo 19,32
2026-08-08T05:15+00:00,1000019-B,Fundamentos de mecánica,(2) Grupo 2,35
2026-08-08T05:15+00:00,1000019-B,Fundamentos de mecánica,(20) Grupo 20,35
2026-08-08T05:15+00:00,1000019-B,Fundamentos de mecánica,(21) Grupo 21,35
2026-08-08T05:15+00:00,1000019-B,Fundamentos de mecánica,(22) Grupo 22,35
2026-08-08T05:15+00:00,1000019-B,Fundamentos de mecánica,(23) Grupo 23,35
2026-08-08T05:15+00:00,1000019-B,Fundamentos de mecánica,(24) Grupo 24,35
2026-08-08T05:15+00:00,1000019-B,Fundamentos de mecánica,(25) Grupo 25,45
2026-08-08T05:15+00:00,1000019-B,Fundamentos de mecánica,(26) Grupo 26 (VIRTUAL),50
2026-08-08T05:15+00:00,1000019-B,Fundamentos de mecánica,(27) Grupo 27 (VIRTUAL),50
2026-08-08T05:15+00:00,1000019-B,Fundamentos de mecánica,(28) Grupo 28 (VIRTUAL),50
2026-08-08T05:15+00:00,1000019-B,Fundamentos de mecánica,(29) Grupo 29 (VIRTUAL),50
2026-08-08T05:15+00:00,1000019-B,Fundamentos de mecánica,(3) Grupo 3,35
2026-08-08T05:15+00:00,1000019-B,Fundamentos de mecánica,(4) Grupo 4,35
2026-08-08T05:15+00:00,1000019-B,Fundamentos de mecánica,(5) Grupo 5,35
2026-08-08T05:15+00:00,1000019-B,Fundamentos de mecánica,(6) Grupo 6,35
2026-08-08T05:15+00:00,1000019-B,Fundamentos de mecánica,(7) Grupo 7,35
2026-08-08T05:15+00:00,1000019-B,Fundamentos de mecánica,(8) Grupo 8,35
2026-08-08T05:15+00:00,1000019-B,Fundamentos de mecánica,(9) Grupo 9,10
2026-08-08T05:15+00:00,2015956,Geología,(1) Grupo 1,35
2026-08-08T05:15+00:00,2015956,Geología,(2) Grupo 2,30
2026-08-08T05:15+00:00,2015956,Geología,(3) Grupo 3,30
2026-08-08T05:15+00:00,2015956,Geología,(4) Grupo 4,35
2026-08-08T05:15+00:00,2015957,Geomática Aplicada,(1) Grupo 1,30
2026-08-08T05:15+00:00,2015957,Geomática Aplicada,(2) Grupo 2,30
2026-08-08T05:15+00:00,2015957,Geomática Aplicada,(3) Grupo 3,30
2026-08-08T05:15+00:00,2015957,Geomática Aplicada,(4) Grupo 4,30
2026-08-08T05:15+00:00,2015958,Geomática básica,(1) Grupo 1,20
2026-08-08T05:15+00:00,2015958,Geomática básica,(2) Grupo 2,20
2026-08-08T05:15+00:00,2015958,Geomática básica,(3) Grupo 3,30
2026-08-08T05:15+00:00,2015958,Geomática básica,(4) Grupo 4,20
2026-08-08T05:15+00:00,2015958,Geomática básica,(5) Grupo 5,20
2026-08-08T05:15+00:00,2015958,Geomática básica,(6) Grupo 6,20
2026-08-08T05:15+00:00,2015958,Geomática básica,(7) Grupo 7,20
2026-08-08T05:15+00:00,2015958,Geomática básica,(8) Grupo 8,20
2026-08-08T05:15+00:00,2015958,Geomática básica,(9) Grupo 9,20
2026-08-08T05:15+00:00,2015958,Geomática básica,(1) Grupo 1,40
2026-08-08T05:15+00:00,2015958,Geomática básica,(3) Grupo 3,30
2026-08-08T05:15+00:00,2015958,Geomática básica,(4) Grupo 4,40
2026-08-08T05:15+00:00,2015958,Geomática básica,(6) Grupo 6,40
2026-08-08T05:15+00:00,2015958,Geomática básica,(8) Grupo 8,40
2026-08-08T05:15+00:00,2015959,Geotecnia,(1) Grupo 1,30
2026-08-08T05:15+00:00,2015959,Geotecnia,(2) Grupo 2,30
2026-08-08T05:15+00:00,2015959,Geotecnia,(3) Grupo 3,30
2026-08-08T05:15+00:00,2015959,Geotecnia,(4) Grupo 4,0
2026-08-08T05:15+00:00,2015961,Hidráulica básica,(1) Grupo 1,24
2026-08-08T05:15+00:00,2015961,Hidráulica básica,(2) Grupo 2,24
2026-08-08T05:15+00:00,2015961,Hidráulica básica,(3) Grupo 3,24
2026-08-08T05:15+00:00,2015961,Hidráulica básica,(4) Grupo 4,24
2026-08-08T05:15+00:00,2015961,Hidráulica básica,(5) Grupo 5,24
2026-08-08T05:15+00:00,2015961,Hidráulica básica,(6) Grupo 6,24
2026-08-08T05:15+00:00,2015978,Hidrología,(1) Grupo 1,0
2026-08-08T05:15+00:00,2015978,Hidrología,(2) Grupo 2,30
2026-08-08T05:15+00:00,2015978,Hidrología,(3) Grupo 3,30
2026-08-08T05:15+00:00,2015978,Hidrología,(4) Grupo 4,30
2026-08-08T05:15+00:00,2015978,Hidrología,(5) Grupo 5,30
2026-08-08T05:15+00:00,2026135,Ingeniería civil sostenible,(1) Grupo 1,25
2026-08-08T05:15+00:00,2026135,Ingeniería civil sostenible,(2) Grupo 2,25
2026-08-08T05:15+00:00,2026135,Ingeniería civil sostenible,(3) Grupo 3,25
2026-08-08T05:15+00:00,2015963,Ingeniería de Tránsito,(1) Grupo 1,30
2026-08-08T05:15+00:00,2015963,Ingeniería de Tránsito,(2) Grupo 2,30
2026-08-08T05:15+00:00,2015963,Ingeniería de Tránsito,(3) Grupo 3,30
2026-08-08T05:15+00:00,2026138,Ingenieria de transporte,(1) Grupo 1,30
2026-08-08T05:15+00:00,2026138,Ingenieria de transporte,(2) Grupo 2,30
2026-08-08T05:15+00:00,2026138,Ingenieria de transporte,(3) Grupo 3,30
2026-08-08T05:15+00:00,2015703,Ingeniería económica,(1) Grupo 1,40
2026-08-08T05:15+00:00,2015703,Ingeniería económica,(10) Grupo 10,30
2026-08-08T05:15+00:00,2015703,Ingeniería económica,(11) Grupo 11,30
2026-08-08T05:15+00:00,2015703,Ingeniería económica,(2) Grupo 2,40
2026-08-08T05:15+00:00,2015703,Ingeniería económica,(3) Grupo 3,40
2026-08-08T05:15+00:00,2015703,Ingeniería económica,(4) Grupo 4,30
2026-08-08T05:15+00:00,2015703,Ingeniería económica,(5) Grupo 5 - Virtual,60
2026-08-08T05:15+00:00,2015703,Ingeniería económica,(6) Grupo 6,40
2026-08-08T05:15+00:00,2015703,Ingeniería económica,(7) Grupo 7,20
2026-08-08T05:15+00:00,2015703,Ingeniería económica,(8) Grupo 8,40
2026-08-08T05:15+00:00,2015703,Ingeniería económica,(9) Grupo 9,35
2026-08-08T05:15+00:00,1000044-B,Inglés I- Semestral,(1) Grupo 1,26
2026-08-08T05:15+00:00,1000044-B,Inglés I- Semestral,(2) Grupo 2,26
2026-08-08T05:15+00:00,1000044-B,Inglés I- Semestral,(3) Grupo 3,26
2026-08-08T05:15+00:00,1000044-B,Inglés I- Semestral,(4) Grupo 4,26
2026-08-08T05:15+00:00,1000044-B,Inglés I- Semestral,(5) Grupo 5,26
2026-08-08T05:15+00:00,1000044-B,Inglés I- Semestral,(6) Grupo 6,26
2026-08-08T05:15+00:00,1000044-B,Inglés I- Semestral,(7) Grupo 7,26
2026-08-08T05:15+00:00,1000044-B,Inglés I- Semestral,(8) Grupo 8,26
2026-08-08T05:15+00:00,1000044-B,Inglés I- Semestral,(9) Grupo 9,7
2026-08-08T05:15+00:00,1000045-B,Inglés II - Semestral,(1) Grupo 1,10
2026-08-08T05:15+00:00,1000045-B,Inglés II - Semestral,(10) Grupo 10,26
2026-08-08T05:15+00:00,1000045-B,Inglés II - Semestral,(11) Grupo 11,26
2026-08-08T05:15+00:00,1000045-B,Inglés II - Semestral,(12) Grupo 12,26
2026-08-08T05:15+00:00,1000045-B,Inglés II - Semestral,(13) Grupo 13,26
2026-08-08T05:15+00:00,1000045-B,Inglés II - Semestral,(14) Grupo 14,26
2026-08-08T05:15+00:00,1000045-B,Inglés II - Semestral,(15) Grupo 15,26
2026-08-08T05:15+00:00,1000045-B,Inglés II - Semestral,(16) Grupo 16,26
2026-08-08T05:15+00:00,1000045-B,Inglés II - Semestral,(2) Grupo 2,26
2026-08-08T05:15+00:00,1000045-B,Inglés II - Semestral,(3) Grupo 3,26
2026-08-08T05:15+00:00,1000045-B,Inglés II - Semestral,(4) Grupo 4,26
2026-08-08T05:15+00:00,1000045-B,Inglés II - Semestral,(5) Grupo 5,26
2026-08-08T05:15+00:00,1000045-B,Inglés II - Semestral,(6) Grupo 6,26
2026-08-08T05:15+00:00,1000045-B,Inglés II - Semestral,(7) Grupo 7,26
2026-08-08T05:15+00:00,1000045-B,Inglés II - Semestral,(8) Grupo 8,26
2026-08-08T05:15+00:00,1000045-B,Inglés II - Semestral,(9) Grupo 9,15
2026-08-08T05:15+00:00,1000046-B,Inglés III - Semestral,(1) Grupo 1,26
2026-08-08T05:15+00:00,1000046-B,Inglés III - Semestral,(10) Grupo 10,26
2026-08-08T05:15+00:00,1000046-B,Inglés III - Semestral,(11) Grupo 11,26
2026-08-08T05:15+00:00,1000046-B,Inglés III - Semestral,(12) Grupo 12,26
2026-08-08T05:15+00:00,1000046-B,Inglés III - Semestral,(13) Grupo 13,26
2026-08-08T05:15+00:00,1000046-B,Inglés III - Semestral,(14) Grupo 14,26
2026-08-08T05:15+00:00,1000046-B,Inglés III - Semestral,(15) Grupo 15,26
2026-08-08T05:15+00:00,1000046-B,Inglés III - Semestral,(16) Grupo 16,26
2026-08-08T05:15+00:00,1000046-B,Inglés III - Semestral,(17) Grupo 17,26
2026-08-08T05:15+00:00,1000046-B,Inglés III - Semestral,(18) Grupo 18,26
2026-08-08T05:15+00:00,1000046-B,Inglés III - Semestral,(2) Grupo 2,26
2026-08-08T05:15+00:00,1000046-B,Inglés III - Semestral,(3) Grupo 3,26
2026-08-08T05:15+00:00,1000046-B,Inglés III - Semestral,(4) Grupo 4,26
2026-08-08T05:15+00:00,1000046-B,Inglés III - Semestral,(5) Grupo 5,26
2026-08-08T05:15+00:00,1000046-B,Inglés III - Semestral,(6) Grupo 6,26
2026-08-08T05:15+00:00,1000046-B,Inglés III - Semestral,(7) Grupo 7,26
2026-08-08T05:15+00:00,1000046-B,Inglés III - Semestral,(8) Grupo 8,26
2026-08-08T05:15+00:00,1000046-B,Inglés III - Semestral,(9) Grupo 9,10
2026-08-08T05:15+00:00,1000052-B,Inglés Intensivo I y II,(1) Grupo 1,28
2026-08-08T05:15+00:00,1000052-B,Inglés Intensivo I y II,(2) Grupo 2,28
2026-08-08T05:15+00:00,1000052-B,Inglés Intensivo I y II,(3) Grupo 3,28
2026-08-08T05:15+00:00,1000053-B,Inglés Intensivo III y IV,(1) Grupo 1,28
2026-08-08T05:15+00:00,1000053-B,Inglés Intensivo III y IV,(2) Grupo 2,28
2026-08-08T05:15+00:00,1000053-B,Inglés Intensivo III y IV,(3) Grupo 3,30
2026-08-08T05:15+00:00,1000053-B,Inglés Intensivo III y IV,(4) Grupo 4,30
2026-08-08T05:15+00:00,1000053-B,Inglés Intensivo III y IV,(5) Grupo 5,28
2026-08-08T05:15+00:00,1000053-B,Inglés Intensivo III y IV,(6) Grupo 6,28
2026-08-08T05:15+00:00,1000047-B,Inglés IV- Semestral,(1) Grupo 1,26
2026-08-08T05:15+00:00,1000047-B,Inglés IV- Semestral,(10) Grupo 10,26
2026-08-08T05:15+00:00,1000047-B,Inglés IV- Semestral,(11) Grupo 11,26
2026-08-08T05:15+00:00,1000047-B,Inglés IV- Semestral,(12) Grupo 12,26
2026-08-08T05:15+00:00,1000047-B,Inglés IV- Semestral,(13) Grupo 13,26
2026-08-08T05:15+00:00,1000047-B,Inglés IV- Semestral,(14) Grupo 14,26
2026-08-08T05:15+00:00,1000047-B,Inglés IV- Semestral,(15) Grupo 15,26
2026-08-08T05:15+00:00,1000047-B,Inglés IV- Semestral,(16) Grupo 16,26
2026-08-08T05:15+00:00,1000047-B,Inglés IV- Semestral,(17) Grupo 17,26
2026-08-08T05:15+00:00,1000047-B,Inglés IV- Semestral,(18) Grupo 18,26
2026-08-08T05:15+00:00,1000047-B,Inglés IV- Semestral,(19) Grupo 19,26
2026-08-08T05:15+00:00,1000047-B,Inglés IV- Semestral,(2) Grupo 2,26
2026-08-08T05:15+00:00,1000047-B,Inglés IV- Semestral,(20) Grupo 20,26
2026-08-08T05:15+00:00,1000047-B,Inglés IV- Semestral,(21) Grupo 21,26
2026-08-08T05:15+00:00,1000047-B,Inglés IV- Semestral,(22) Grupo 22,26
2026-08-08T05:15+00:00,1000047-B,Inglés IV- Semestral,(3) Grupo 3,26
2026-08-08T05:15+00:00,1000047-B,Inglés IV- Semestral,(4) Grupo 4,26
2026-08-08T05:15+00:00,1000047-B,Inglés IV- Semestral,(5) Grupo 5,26
2026-08-08T05:15+00:00,1000047-B,Inglés IV- Semestral,(6) Grupo 6,26
2026-08-08T05:15+00:00,1000047-B,Inglés IV- Semestral,(7) Grupo 7,26
2026-08-08T05:15+00:00,1000047-B,Inglés IV- Semestral,(8) Grupo 8,26
2026-08-08T05:15+00:00,1000047-B,Inglés IV- Semestral,(9) Grupo 9,15
2026-08-08T05:15+00:00,2026186,Introducción a la ingeniería civil,(1) Grupo 1,7
2026-08-08T05:15+00:00,2026186,Introducción a la ingeniería civil,(2) Grupo 2,0
2026-08-08T05:15+00:00,2026186,Introducción a la ingeniería civil,(4) Grupo 4,10
2026-08-08T05:15+00:00,1000002-B,Lecto-Escritura,(1) Grupo 1 - Clase Presencial,1
2026-08-08T05:15+00:00,1000002-B,Lecto-Escritura,(10) Grupo 10 - Clase presencial,0
2026-08-08T05:15+00:00,1000002-B,Lecto-Escritura,(2) Grupo 2 - Clase Presencial,0
2026-08-08T05:15+00:00,1000002-B,Lecto-Escritura,(3) Grupo 3 - Clase Presencial,0
2026-08-08T05:15+00:00,1000002-B,Lecto-Escritura,(4) Grupo 4 - Clase Presencial,0
2026-08-08T05:15+00:00,1000002-B,Lecto-Escritura,(5) Grupo 5 - Clase Presencial,0
2026-08-08T05:15+00:00,1000002-B,Lecto-Escritura,(6) Grupo 6 - Clase Presencial,0
2026-08-08T05:15+00:00,1000002-B,Lecto-Escritura,(7) Grupo 7 - Clase Presencial,0
2026-08-08T05:15+00:00,1000002-B,Lecto-Escritura,(8) Grupo 8 - Clase Presencial,0
2026-08-08T05:15+00:00,1000002-B,Lecto-Escritura,(9) Grupo 9 - Clase Presencial,10
2026-08-08T05:15+00:00,1000001-B,Matemáticas Básicas,(1) Grupo 1,0
2026-08-08T05:15+00:00,1000001-B,Matemáticas Básicas,(19) Grupo 19,5
2026-08-08T05:15+00:00,1000001-B,Matemáticas Básicas,(2) Grupo 2,10
2026-08-08T05:15+00:00,1000001-B,Matemáticas Básicas,(1) Grupo 1,0
2026-08-08T05:15+00:00,1000001-B,Matemáticas Básicas,(10) Grupo 10,0
2026-08-08T05:15+00:00,1000001-B,Matemáticas Básicas,(2) Grupo 2,0
2026-08-08T05:15+00:00,1000001-B,Matemáticas Básicas,(3) Grupo 3,0
2026-08-08T05:15+00:00,1000001-B,Matemáticas Básicas,(4) Grupo 4,0
2026-08-08T05:15+00:00,1000001-B,Matemáticas Básicas,(5) Grupo 5,0
2026-08-08T05:15+00:00,1000001-B,Matemáticas Básicas,(6) Grupo 6,0
2026-08-08T05:15+00:00,1000001-B,Matemáticas Básicas,(7) Grupo 7,0
2026-08-08T05:15+00:00,1000001-B,Matemáticas Básicas,(8) Grupo 8,0
2026-08-08T05:15+00:00,1000001-B,Matemáticas Básicas,(9) Grupo 9,10
2026-08-08T05:15+00:00,2015965,Materiales para construcción,(1) Grupo 1,24
2026-08-08T05:15+00:00,2015965,Materiales para construcción,(2) Grupo 2,24
2026-08-08T05:15+00:00,2015965,Materiales para construcción,(3) Grupo 3,24
2026-08-08T05:15+00:00,2015965,Materiales para construcción,(4) Grupo 4,24
2026-08-08T05:15+00:00,2015966,Mecánica de fluidos,(1) Grupo 1,24
2026-08-08T05:15+00:00,2015966,Mecánica de fluidos,(2) Grupo 2,24
2026-08-08T05:15+00:00,2015966,Mecánica de fluidos,(3) Grupo 3,24
2026-08-08T05:15+00:00,2015966,Mecánica de fluidos,(4) Grupo 4,24
2026-08-08T05:15+00:00,2015966,Mecánica de fluidos,(5) Grupo 5,24
2026-08-08T05:15+00:00,2015966,Mecánica de fluidos,(6) Grupo 6,24
2026-08-08T05:15+00:00,2015966,Mecánica de fluidos,(7) Grupo 7,24
2026-08-08T05:15+00:00,2015966,Mecánica de fluidos,(8) Grupo 8,24
2026-08-08T05:15+00:00,2015967,Mecánica de Rocas,(1) Grupo 1,24
2026-08-08T05:15+00:00,2015968,Mecánica de sólidos,(1) Grupo 1,24
2026-08-08T05:15+00:00,2015968,Mecánica de sólidos,(2) Grupo 2,24
2026-08-08T05:15+00:00,2015968,Mecánica de sólidos,(3) Grupo 3,24
2026-08-08T05:15+00:00,2015968,Mecánica de sólidos,(4) Grupo 4,24
2026-08-08T05:15+00:00,2015968,Mecánica de sólidos,(5) Grupo 5,24
2026-08-08T05:15+00:00,2015968,Mecánica de sólidos,(6) Grupo 6,24
2026-08-08T05:15+00:00,2015968,Mecánica de sólidos,(7) Grupo 7,0
2026-08-08T05:15+00:00,2015969,Mecánica de suelos,(1) Grupo 1 (Inglés),30
2026-08-08T05:15+00:00,2015969,Mecánica de suelos,(2) Grupo 2,30
2026-08-08T05:15+00:00,2015969,Mecánica de suelos,(3) Grupo 3,30
2026-08-08T05:15+00:00,2015969,Mecánica de suelos,(4) Grupo 4,30
2026-08-08T05:15+00:00,2015970,Métodos numéricos,(4) Grupo 4,30
2026-08-08T05:15+00:00,2015970,Métodos numéricos,(5) Grupo 5,45
2026-08-08T05:15+00:00,2015970,Métodos numéricos,(8) Grupo 8,30
2026-08-08T05:15+00:00,2015970,Métodos numéricos,(9) Grupo 9,45
2026-08-08T05:15+00:00,2017293,Modelación matemática,(1) 2017293-1 Modelación matemática,34
2026-08-08T05:15+00:00,2017293,Modelación matemática,(2) 2017293-2 Modelación matemática,34
2026-08-08T05:15+00:00,2017293,Modelación matemática,(1M) 2017293-1M Modelación matemática - Magistral,80
2026-08-08T05:15+00:00,2015971,Pavimentos,(1) Grupo 1,30
2026-08-08T05:15+00:00,2015971,Pavimentos,(2) Grupo 2,30
2026-08-08T05:15+00:00,2015971,Pavimentos,(3) Grupo 3,30
2026-08-08T05:15+00:00,2015972,Preparación y evaluación de proyectos de infraestructura,(1) Grupo 1,15
2026-08-08T05:15+00:00,2015972,Preparación y evaluación de proyectos de infraestructura,(2) Grupo 2,15
2026-08-08T05:15+00:00,2015972,Preparación y evaluación de proyectos de infraestructura,(3) Grupo 3,15
2026-08-08T05:15+00:00,1000024-B,Principios de química,(12) Grupo 12,0
2026-08-08T05:15+00:00,1000024-B,Principios de química,(13) Grupo 13,0
2026-08-08T05:15+00:00,1000024-B,Principios de química,(14) Grupo 14,10
2026-08-08T05:15+00:00,1000013-B,Probabilidad y estadística fundamental,(1) Grupo 1,0
2026-08-08T05:15+00:00,1000013-B,Probabilidad y estadística fundamental,(10) Grupo 10,35
2026-08-08T05:15+00:00,1000013-B,Probabilidad y estadística fundamental,(11) Grupo 11,40
2026-08-08T05:15+00:00,1000013-B,Probabilidad y estadística fundamental,(12) Grupo 12,40
2026-08-08T05:15+00:00,1000013-B,Probabilidad y estadística fundamental,(13) Grupo 13,30
2026-08-08T05:15+00:00,1000013-B,Probabilidad y estadística fundamental,(14) Grupo 14,45
2026-08-08T05:15+00:00,1000013-B,Probabilidad y estadística fundamental,(16) Grupo 16,30
2026-08-08T05:15+00:00,1000013-B,Probabilidad y estadística fundamental,(2) Grupo 2,40
2026-08-08T05:15+00:00,1000013-B,Probabilidad y estadística fundamental,(22) Grupo 22,45
2026-08-08T05:15+00:00,1000013-B,Probabilidad y estadística fundamental,(23) Grupo 23,0
2026-08-08T05:15+00:00,1000013-B,Probabilidad y estadística fundamental,(3) Grupo 3,40
2026-08-08T05:15+00:00,1000013-B,Probabilidad y estadística fundamental,(4) Grupo 4,40
2026-08-08T05:15+00:00,1000013-B,Probabilidad y estadística fundamental,(5) Grupo 5,35
2026-08-08T05:15+00:00,1000013-B,Probabilidad y estadística fundamental,(6) Grupo 6,35
2026-08-08T05:15+00:00,1000013-B,Probabilidad y estadística fundamental,(7) Grupo 7,40
2026-08-08T05:15+00:00,2015734,Programación de computadores,(1) Grupo 1,6
2026-08-08T05:15+00:00,2015734,Programación de computadores,(10) Grupo 10,4
2026-08-08T05:15+00:00,2015734,Programación de computadores,(11) Grupo 11,0
2026-08-08T05:15+00:00,2015734,Programación de computadores,(12) Grupo 12,1
2026-08-08T05:15+00:00,2015734,Programación de computadores,(13) Grupo 13,4
2026-08-08T05:15+00:00,2015734,Programación de computadores,(14) Grupo 14,0
2026-08-08T05:15+00:00,2015734,Programación de computadores,(2) Grupo 2,16
2026-08-08T05:15+00:00,2015734,Programación de computadores,(3) Grupo 3,0
2026-08-08T05:15+00:00,2015734,Programación de computadores,(4) Grupo 4,0
2026-08-08T05:15+00:00,2015734,Programación de computadores,(5) Grupo 5,0
2026-08-08T05:15+00:00,2015734,Programación de computadores,(6) Grupo 6,8
2026-08-08T05:15+00:00,2015734,Programación de computadores,(7) Grupo 7,3
2026-08-08T05:15+00:00,2015734,Programación de computadores,(8) Grupo 8 - Virtual,30
2026-08-08T05:15+00:00,2015734,Programación de computadores,(9) Grupo 9,18
2026-08-08T05:15+00:00,2015973,Saneamiento ambiental,(1) Grupo 1,25
2026-08-08T05:15+00:00,2015973,Saneamiento ambiental,(2) Grupo 2,25
2026-08-08T05:15+00:00,2015973,Saneamiento ambiental,(3) Grupo 3,25
2026-08-08T05:15+00:00,2022761,SIG para Ingeniería Civil,(1) Grupo 1,15
2026-08-08T05:15+00:00,2022761,SIG para Ingeniería Civil,(2) Grupo 2,15
2026-08-08T05:15+00:00,2022761,SIG para Ingeniería Civil,(3) Grupo 3,15
2026-08-08T05:15+00:00,2015296,Trabajo de Grado,(1) Grupo 1,5
2026-08-08T05:15+00:00,2015296,Trabajo de Grado,(10) Grupo 10,5
2026-08-08T05:15+00:00,2015296,Trabajo de Grado,(11) Grupo 11,5
2026-08-08T05:15+00:00,2015296,Trabajo de Grado,(12) Grupo 12,5
2026-08-08T05:15+00:00,2015296,Trabajo de Grado,(13) Grupo 13,5
2026-08-08T05:15+00:00,2015296,Trabajo de Grado,(14) Grupo 14,5
2026-08-08T05:15+00:00,2015296,Trabajo de Grado,(15) Grupo 15,5
2026-08-08T05:15+00:00,2015296,Trabajo de Grado,(16) Grupo 16,5
2026-08-08T05:15+00:00,2015296,Trabajo de Grado,(17) Grupo 17,5
2026-08-08T05:15+00:00,2015296,Trabajo de Grado,(18) Grupo 18,5
2026-08-08T05:15+00:00,2015296,Trabajo de Grado,(19) Grupo 19,0
2026-08-08T05:15+00:00,2015296,Trabajo de Grado,(2) Grupo 2,5
2026-08-08T05:15+00:00,2015296,Trabajo de Grado,(3) Grupo 3,5
2026-08-08T05:15+00:00,2015296,Trabajo de Grado,(4) Grupo 4,5
2026-08-08T05:15+00:00,2015296,Trabajo de Grado,(5) Grupo 5,5
2026-08-08T05:15+00:00,2015296,Trabajo de Grado,(6) Grupo 6,5
2026-08-08T05:15+00:00,2015296,Trabajo de Grado,(7) Grupo 7,5
2026-08-08T05:15+00:00,2015296,Trabajo de Grado,(8) Grupo 8,5
2026-08-08T05:15+00:00,2015296,Trabajo de Grado,(9) Grupo 9,5
2026-08-08T06:05+00:00,2015938,Acueductos,(1) Grupo 1,25
2026-08-08T06:05+00:00,2015938,Acueductos,(2) Grupo 2,25
2026-08-08T06:05+00:00,2015938,Acueductos,(3) Grupo 3,25
2026-08-08T06:05+00:00,2015938,Acueductos,(4) Grupo 4,24
2026-08-08T06:05+00:00,2015939,Alcantarillados,(1) Grupo 1,25
2026-08-08T06:05+00:00,2015939,Alcantarillados,(2) Grupo 2,25
2026-08-08T06:05+00:00,2015939,Alcantarillados,(3) Grupo 3,25
2026-08-08T06:05+00:00,2015939,Alcantarillados,(4) Grupo 4,25
2026-08-08T06:05+00:00,2015940,Análisis estructural aplicado,(1) Grupo 1,24
2026-08-08T06:05+00:00,2015940,Análisis estructural aplicado,(2) Grupo 2,24
2026-08-08T06:05+00:00,2015940,Análisis estructural aplicado,(3) Grupo 3,24
2026-08-08T06:05+00:00,2015941,Análisis estructural básico,(1) Grupo 1,30
2026-08-08T06:05+00:00,2015941,Análisis estructural básico,(2) Grupo 2,30
2026-08-08T06:05+00:00,2015941,Análisis estructural básico,(3) Grupo 3,30
2026-08-08T06:05+00:00,2015941,Análisis estructural básico,(4) Grupo 4,30
2026-08-08T06:05+00:00,1000004-B,Cálculo diferencial,(10) Grupo 10,53
2026-08-08T06:05+00:00,1000004-B,Cálculo diferencial,(11) Grupo 11,24
2026-08-08T06:05+00:00,1000004-B,Cálculo diferencial,(12) Grupo 12,24
2026-08-08T06:05+00:00,1000004-B,Cálculo diferencial,(13) Grupo 13,16
2026-08-08T06:05+00:00,1000004-B,Cálculo diferencial,(14) Grupo 14,90
2026-08-08T06:05+00:00,1000004-B,Cálculo diferencial,(16) Grupo 16,27
2026-08-08T06:05+00:00,1000004-B,Cálculo diferencial,(17) Grupo 17,39
2026-08-08T06:05+00:00,1000004-B,Cálculo diferencial,(19) Grupo 19,59
2026-08-08T06:05+00:00,1000004-B,Cálculo diferencial,(2) Grupo 2,24
2026-08-08T06:05+00:00,1000004-B,Cálculo diferencial,(20) Grupo 20,10
2026-08-08T06:05+00:00,1000004-B,Cálculo diferencial,(21) Grupo 21,60
2026-08-08T06:05+00:00,1000004-B,Cálculo diferencial,(22) Grupo 22,60
2026-08-08T06:05+00:00,1000004-B,Cálculo diferencial,(24) Grupo 24,60
2026-08-08T06:05+00:00,1000004-B,Cálculo diferencial,(25) Grupo 25,40
2026-08-08T06:05+00:00,1000004-B,Cálculo diferencial,(27) Grupo 27,51
2026-08-08T06:05+00:00,1000004-B,Cálculo diferencial,(28) Grupo 28,60
2026-08-08T06:05+00:00,1000004-B,Cálculo diferencial,(29) Grupo 29,60
2026-08-08T06:05+00:00,1000004-B,Cálculo diferencial,(30) Grupo 30,60
2026-08-08T06:05+00:00,1000004-B,Cálculo diferencial,(32) Grupo 32,90
2026-08-08T06:05+00:00,1000004-B,Cálculo diferencial,(4) Grupo 4,37
2026-08-08T06:05+00:00,1000004-B,Cálculo diferencial,(5) Grupo 5,84
2026-08-08T06:05+00:00,1000004-B,Cálculo diferencial,(7) Grupo 7,64
2026-08-08T06:05+00:00,1000004-B,Cálculo diferencial,(8) Grupo 8,40
2026-08-08T06:05+00:00,1000004-B,Cálculo diferencial,(9) Grupo 9,18
2026-08-08T06:05+00:00,1000006-B,Cálculo en varias variables,(1) Grupo 1,40
2026-08-08T06:05+00:00,1000006-B,Cálculo en varias variables,(10) Grupo 10,100
2026-08-08T06:05+00:00,1000006-B,Cálculo en varias variables,(11) Grupo 11,40
2026-08-08T06:05+00:00,1000006-B,Cálculo en varias variables,(12) Grupo 12,60
2026-08-08T06:05+00:00,1000006-B,Cálculo en varias variables,(13) Grupo 13,40
2026-08-08T06:05+00:00,1000006-B,Cálculo en varias variables,(14) Grupo 14,60
2026-08-08T06:05+00:00,1000006-B,Cálculo en varias variables,(15) Grupo 15,112
2026-08-08T06:05+00:00,1000006-B,Cálculo en varias variables,(2) Grupo 2,40
2026-08-08T06:05+00:00,1000006-B,Cálculo en varias variables,(3) Grupo 3,40
2026-08-08T06:05+00:00,1000006-B,Cálculo en varias variables,(4) Grupo 4,100
2026-08-08T06:05+00:00,1000006-B,Cálculo en varias variables,(5) Grupo 5,40
2026-08-08T06:05+00:00,1000006-B,Cálculo en varias variables,(7) Grupo 7,70
2026-08-08T06:05+00:00,1000006-B,Cálculo en varias variables,(8) Grupo 8,60
2026-08-08T06:05+00:00,1000006-B,Cálculo en varias variables,(9) Grupo 9,0
2026-08-08T06:05+00:00,1000005-B,Cálculo Integral,(1) Grupo 1,0
2026-08-08T06:05+00:00,1000005-B,Cálculo Integral,(10) Grupo 10,50
2026-08-08T06:05+00:00,1000005-B,Cálculo Integral,(14) Grupo 14,40
2026-08-08T06:05+00:00,1000005-B,Cálculo Integral,(15) Grupo 15,60
2026-08-08T06:05+00:00,1000005-B,Cálculo Integral,(16) Grupo 16,70
2026-08-08T06:05+00:00,1000005-B,Cálculo Integral,(17) Grupo 17,40
2026-08-08T06:05+00:00,1000005-B,Cálculo Integral,(2) Grupo 2,60
2026-08-08T06:05+00:00,1000005-B,Cálculo Integral,(20) Grupo 20,40
2026-08-08T06:05+00:00,1000005-B,Cálculo Integral,(22) Grupo 22,60
2026-08-08T06:05+00:00,1000005-B,Cálculo Integral,(3) Grupo 3,70
2026-08-08T06:05+00:00,1000005-B,Cálculo Integral,(4) Grupo 4,60
2026-08-08T06:05+00:00,1000005-B,Cálculo Integral,(6) Grupo 6,60
2026-08-08T06:05+00:00,1000005-B,Cálculo Integral,(7) Grupo 7,100
2026-08-08T06:05+00:00,1000005-B,Cálculo Integral,(8) Grupo 8,40
2026-08-08T06:05+00:00,1000005-B,Cálculo Integral,(9) Grupo 9,10
2026-08-08T06:05+00:00,2015943,Construcción de edificaciones,(1) Grupo 1,15
2026-08-08T06:05+00:00,2015944,Construcción de Infraestructura Vial,(1) Grupo 1,15
2026-08-08T06:05+00:00,2015711,Dibujo básico,(10) 2015711-10 Dibujo básico,0
2026-08-08T06:05+00:00,2015711,Dibujo básico,(11) 2015711-11 Dibujo básico,0
2026-08-08T06:05+00:00,2015711,Dibujo básico,(14) 2015711-14 Dibujo básico,0
2026-08-08T06:05+00:00,2015711,Dibujo básico,(16) 2015711-16 Dibujo básico,0
2026-08-08T06:05+00:00,2015711,Dibujo básico,(4) 2015711-4 Dibujo básico,9
2026-08-08T06:05+00:00,2015711,Dibujo básico,(5) 2015711-5 Dibujo básico,0
2026-08-08T06:05+00:00,2015711,Dibujo básico,(7) 2015711-7 Dibujo básico,20
2026-08-08T06:05+00:00,2015711,Dibujo básico,(8) 2015711-8 Dibujo básico,0
2026-08-08T06:05+00:00,2015711,Dibujo básico,(9) 2015711-9 Dibujo básico,0
2026-08-08T06:05+00:00,2015948,Dinámica,(1) Grupo 1,30
2026-08-08T06:05+00:00,2015948,Dinámica,(2) Grupo 2,30
2026-08-08T06:05+00:00,2015948,Dinámica,(3) Grupo 3,30
2026-08-08T06:05+00:00,2015950,Diseño estructural,(1) Grupo 1,25
2026-08-08T06:05+00:00,2015950,Diseño estructural,(2) Grupo 2,0
2026-08-08T06:05+00:00,2015950,Diseño estructural,(3) Grupo 3,25
2026-08-08T06:05+00:00,2015950,Diseño estructural,(4) Grupo 4,25
2026-08-08T06:05+00:00,2015950,Diseño estructural,(5) Grupo 5,25
2026-08-08T06:05+00:00,2015949,Diseño geométrico de Vías,(1) Grupo 1,30
2026-08-08T06:05+00:00,2015949,Diseño geométrico de Vías,(2) Grupo 2,30
2026-08-08T06:05+00:00,2015949,Diseño geométrico de Vías,(3) Grupo 3,30
2026-08-08T06:05+00:00,1000007-B,Ecuaciones Diferenciales,(1) Grupo 1,60
2026-08-08T06:05+00:00,1000007-B,Ecuaciones Diferenciales,(11) Grupo 11,60
2026-08-08T06:05+00:00,1000007-B,Ecuaciones Diferenciales,(12) Grupo 12,60
2026-08-08T06:05+00:00,1000007-B,Ecuaciones Diferenciales,(13) Grupo 13,40
2026-08-08T06:05+00:00,1000007-B,Ecuaciones Diferenciales,(14) Grupo 14,100
2026-08-08T06:05+00:00,1000007-B,Ecuaciones Diferenciales,(3) Grupo 3,40
2026-08-08T06:05+00:00,1000007-B,Ecuaciones Diferenciales,(4) Grupo 4,60
2026-08-08T06:05+00:00,1000007-B,Ecuaciones Diferenciales,(6) Grupo 6,50
2026-08-08T06:05+00:00,1000007-B,Ecuaciones Diferenciales,(7) Grupo 7,40
2026-08-08T06:05+00:00,1000007-B,Ecuaciones Diferenciales,(9) Grupo 9,0
2026-08-08T06:05+00:00,2026134,Estática,(1) Grupo 1,0
2026-08-08T06:05+00:00,2026134,Estática,(2) Grupo 2,30
2026-08-08T06:05+00:00,2026134,Estática,(3) Grupo 3,30
2026-08-08T06:05+00:00,2026134,Estática,(4) Grupo 4,30
2026-08-08T06:05+00:00,2026134,Estática,(5) Grupo 5,30
2026-08-08T06:05+00:00,2026134,Estática,(6) Grupo 6,30
2026-08-08T06:05+00:00,2015954,Estructuras hidráulicas,(1) Grupo 1,30
2026-08-08T06:05+00:00,2015954,Estructuras hidráulicas,(2) Grupo 2,30
2026-08-08T06:05+00:00,2015954,Estructuras hidráulicas,(3) Grupo 3,30
2026-08-08T06:05+00:00,2015955,Fundamentos de construcción,(1) Grupo 1,30
2026-08-08T06:05+00:00,2015955,Fundamentos de construcción,(2) Grupo 2,30
2026-08-08T06:05+00:00,2015955,Fundamentos de construcción,(3) Grupo 3,30
2026-08-08T06:05+00:00,1000011-B,Fundamentos de ecología,(1) Grupo 1,118
2026-08-08T06:05+00:00,1000011-B,Fundamentos de ecología,(3) Grupo 3,12
2026-08-08T06:05+00:00,1000019-B,Fundamentos de mecánica,(1) Grupo 1,35
2026-08-08T06:05+00:00,1000019-B,Fundamentos de mecánica,(10) Grupo 10,35
2026-08-08T06:05+00:00,1000019-B,Fundamentos de mecánica,(11) Grupo 11,35
2026-08-08T06:05+00:00,1000019-B,Fundamentos de mecánica,(12) Grupo 12,35
2026-08-08T06:05+00:00,1000019-B,Fundamentos de mecánica,(13) Grupo 13,35
2026-08-08T06:05+00:00,1000019-B,Fundamentos de mecánica,(14) Grupo 14,35
2026-08-08T06:05+00:00,1000019-B,Fundamentos de mecánica,(15) Grupo 15,32
2026-08-08T06:05+00:00,1000019-B,Fundamentos de mecánica,(16) Grupo 16,35
2026-08-08T06:05+00:00,1000019-B,Fundamentos de mecánica,(17) Grupo 17,34
2026-08-08T06:05+00:00,1000019-B,Fundamentos de mecánica,(18) Grupo 18,34
2026-08-08T06:05+00:00,1000019-B,Fundamentos de mecánica,(19) Grupo 19,32
2026-08-08T06:05+00:00,1000019-B,Fundamentos de mecánica,(2) Grupo 2,35
2026-08-08T06:05+00:00,1000019-B,Fundamentos de mecánica,(20) Grupo 20,35
2026-08-08T06:05+00:00,1000019-B,Fundamentos de mecánica,(21) Grupo 21,35
2026-08-08T06:05+00:00,1000019-B,Fundamentos de mecánica,(22) Grupo 22,35
2026-08-08T06:05+00:00,1000019-B,Fundamentos de mecánica,(23) Grupo 23,35
2026-08-08T06:05+00:00,1000019-B,Fundamentos de mecánica,(24) Grupo 24,35
2026-08-08T06:05+00:00,1000019-B,Fundamentos de mecánica,(25) Grupo 25,45
2026-08-08T06:05+00:00,1000019-B,Fundamentos de mecánica,(26) Grupo 26 (VIRTUAL),50
2026-08-08T06:05+00:00,1000019-B,Fundamentos de mecánica,(27) Grupo 27 (VIRTUAL),50
2026-08-08T06:05+00:00,1000019-B,Fundamentos de mecánica,(28) Grupo 28 (VIRTUAL),50
2026-08-08T06:05+00:00,1000019-B,Fundamentos de mecánica,(29) Grupo 29 (VIRTUAL),50
2026-08-08T06:05+00:00,1000019-B,Fundamentos de mecánica,(3) Grupo 3,35
2026-08-08T06:05+00:00,1000019-B,Fundamentos de mecánica,(4) Grupo 4,35
2026-08-08T06:05+00:00,1000019-B,Fundamentos de mecánica,(5) Grupo 5,35
2026-08-08T06:05+00:00,1000019-B,Fundamentos de mecánica,(6) Grupo 6,35
2026-08-08T06:05+00:00,1000019-B,Fundamentos de mecánica,(7) Grupo 7,35
2026-08-08T06:05+00:00,1000019-B,Fundamentos de mecánica,(8) Grupo 8,35
2026-08-08T06:05+00:00,1000019-B,Fundamentos de mecánica,(9) Grupo 9,0
2026-08-08T06:05+00:00,1000019-B,Fundamentos de mecánica,(1) Grupo 1,35
2026-08-08T06:05+00:00,1000019-B,Fundamentos de mecánica,(10) Grupo 10,35
2026-08-08T06:05+00:00,1000019-B,Fundamentos de mecánica,(11) Grupo 11,35
2026-08-08T06:05+00:00,1000019-B,Fundamentos de mecánica,(12) Grupo 12,35
2026-08-08T06:05+00:00,1000019-B,Fundamentos de mecánica,(13) Grupo 13,35
2026-08-08T06:05+00:00,1000019-B,Fundamentos de mecánica,(14) Grupo 14,35
2026-08-08T06:05+00:00,1000019-B,Fundamentos de mecánica,(15) Grupo 15,32
2026-08-08T06:05+00:00,1000019-B,Fundamentos de mecánica,(16) Grupo 16,35
2026-08-08T06:05+00:00,1000019-B,Fundamentos de mecánica,(17) Grupo 17,34
2026-08-08T06:05+00:00,1000019-B,Fundamentos de mecánica,(18) Grupo 18,34
2026-08-08T06:05+00:00,1000019-B,Fundamentos de mecánica,(19) Grupo 19,32
2026-08-08T06:05+00:00,1000019-B,Fundamentos de mecánica,(2) Grupo 2,35
2026-08-08T06:05+00:00,1000019-B,Fundamentos de mecánica,(20) Grupo 20,35
2026-08-08T06:05+00:00,1000019-B,Fundamentos de mecánica,(21) Grupo 21,35
2026-08-08T06:05+00:00,1000019-B,Fundamentos de mecánica,(22) Grupo 22,35
2026-08-08T06:05+00:00,1000019-B,Fundamentos de mecánica,(23) Grupo 23,35
2026-08-08T06:05+00:00,1000019-B,Fundamentos de mecánica,(24) Grupo 24,35
2026-08-08T06:05+00:00,1000019-B,Fundamentos de mecánica,(25) Grupo 25,45
2026-08-08T06:05+00:00,1000019-B,Fundamentos de mecánica,(26) Grupo 26 (VIRTUAL),50
2026-08-08T06:05+00:00,1000019-B,Fundamentos de mecánica,(27) Grupo 27 (VIRTUAL),50
2026-08-08T06:05+00:00,1000019-B,Fundamentos de mecánica,(28) Grupo 28 (VIRTUAL),50
2026-08-08T06:05+00:00,1000019-B,Fundamentos de mecánica,(29) Grupo 29 (VIRTUAL),50
2026-08-08T06:05+00:00,1000019-B,Fundamentos de mecánica,(3) Grupo 3,35
2026-08-08T06:05+00:00,1000019-B,Fundamentos de mecánica,(4) Grupo 4,35
2026-08-08T06:05+00:00,1000019-B,Fundamentos de mecánica,(5) Grupo 5,35
2026-08-08T06:05+00:00,1000019-B,Fundamentos de mecánica,(6) Grupo 6,35
2026-08-08T06:05+00:00,1000019-B,Fundamentos de mecánica,(7) Grupo 7,35
2026-08-08T06:05+00:00,1000019-B,Fundamentos de mecánica,(8) Grupo 8,35
2026-08-08T06:05+00:00,1000019-B,Fundamentos de mecánica,(9) Grupo 9,10
2026-08-08T06:05+00:00,1000019-B,Fundamentos de mecánica,(16) Gruop 16,8
2026-08-08T06:05+00:00,1000019-B,Fundamentos de mecánica,(1) Grupo 1,35
2026-08-08T06:05+00:00,1000019-B,Fundamentos de mecánica,(10) Grupo 10,35
2026-08-08T06:05+00:00,1000019-B,Fundamentos de mecánica,(11) Grupo 11,35
2026-08-08T06:05+00:00,1000019-B,Fundamentos de mecánica,(12) Grupo 12,35
2026-08-08T06:05+00:00,1000019-B,Fundamentos de mecánica,(13) Grupo 13,35
2026-08-08T06:05+00:00,1000019-B,Fundamentos de mecánica,(14) Grupo 14,35
2026-08-08T06:05+00:00,1000019-B,Fundamentos de mecánica,(15) Grupo 15,32
2026-08-08T06:05+00:00,1000019-B,Fundamentos de mecánica,(17) Grupo 17,34
2026-08-08T06:05+00:00,1000019-B,Fundamentos de mecánica,(18) Grupo 18,34
2026-08-08T06:05+00:00,1000019-B,Fundamentos de mecánica,(19) Grupo 19,32
2026-08-08T06:05+00:00,1000019-B,Fundamentos de mecánica,(2) Grupo 2,35
2026-08-08T06:05+00:00,1000019-B,Fundamentos de mecánica,(20) Grupo 20,35
2026-08-08T06:05+00:00,1000019-B,Fundamentos de mecánica,(21) Grupo 21,35
2026-08-08T06:05+00:00,1000019-B,Fundamentos de mecánica,(22) Grupo 22,35
2026-08-08T06:05+00:00,1000019-B,Fundamentos de mecánica,(23) Grupo 23,35
2026-08-08T06:05+00:00,1000019-B,Fundamentos de mecánica,(24) Grupo 24,35
2026-08-08T06:05+00:00,1000019-B,Fundamentos de mecánica,(25) Grupo 25,45
2026-08-08T06:05+00:00,1000019-B,Fundamentos de mecánica,(26) Grupo 26 (VIRTUAL),50
2026-08-08T06:05+00:00,1000019-B,Fundamentos de mecánica,(27) Grupo 27 (VIRTUAL),50
2026-08-08T06:05+00:00,1000019-B,Fundamentos de mecánica,(28) Grupo 28 (VIRTUAL),50
2026-08-08T06:05+00:00,1000019-B,Fundamentos de mecánica,(29) Grupo 29 (VIRTUAL),50
2026-08-08T06:05+00:00,1000019-B,Fundamentos de mecánica,(3) Grupo 3,35
2026-08-08T06:05+00:00,1000019-B,Fundamentos de mecánica,(4) Grupo 4,35
2026-08-08T06:05+00:00,1000019-B,Fundamentos de mecánica,(5) Grupo 5,35
2026-08-08T06:05+00:00,1000019-B,Fundamentos de mecánica,(6) Grupo 6,35
2026-08-08T06:05+00:00,1000019-B,Fundamentos de mecánica,(7) Grupo 7,35
2026-08-08T06:05+00:00,1000019-B,Fundamentos de mecánica,(8) Grupo 8,35
2026-08-08T06:05+00:00,1000019-B,Fundamentos de mecánica,(9) Grupo 9,10
2026-08-08T06:05+00:00,2015956,Geología,(1) Grupo 1,35
2026-08-08T06:05+00:00,2015956,Geología,(2) Grupo 2,30
2026-08-08T06:05+00:00,2015956,Geología,(3) Grupo 3,30
2026-08-08T06:05+00:00,2015956,Geología,(4) Grupo 4,35
2026-08-08T06:05+00:00,2015957,Geomática Aplicada,(1) Grupo 1,30
2026-08-08T06:05+00:00,2015957,Geomática Aplicada,(2) Grupo 2,30
2026-08-08T06:05+00:00,2015957,Geomática Aplicada,(3) Grupo 3,30
2026-08-08T06:05+00:00,2015957,Geomática Aplicada,(4) Grupo 4,30
2026-08-08T06:05+00:00,2015958,Geomática básica,(1) Grupo 1,20
2026-08-08T06:05+00:00,2015958,Geomática básica,(2) Grupo 2,20
2026-08-08T06:05+00:00,2015958,Geomática básica,(3) Grupo 3,30
2026-08-08T06:05+00:00,2015958,Geomática básica,(4) Grupo 4,20
2026-08-08T06:05+00:00,2015958,Geomática básica,(5) Grupo 5,20
2026-08-08T06:05+00:00,2015958,Geomática básica,(6) Grupo 6,20
2026-08-08T06:05+00:00,2015958,Geomática básica,(7) Grupo 7,20
2026-08-08T06:05+00:00,2015958,Geomática básica,(8) Grupo 8,20
2026-08-08T06:05+00:00,2015958,Geomática básica,(9) Grupo 9,20
2026-08-08T06:05+00:00,2015958,Geomática básica,(1) Grupo 1,40
2026-08-08T06:05+00:00,2015958,Geomática básica,(3) Grupo 3,30
2026-08-08T06:05+00:00,2015958,Geomática básica,(4) Grupo 4,40
2026-08-08T06:05+00:00,2015958,Geomática básica,(6) Grupo 6,40
2026-08-08T06:05+00:00,2015958,Geomática básica,(8) Grupo 8,40
2026-08-08T06:05+00:00,2015959,Geotecnia,(1) Grupo 1,30
2026-08-08T06:05+00:00,2015959,Geotecnia,(2) Grupo 2,30
2026-08-08T06:05+00:00,2015959,Geotecnia,(3) Grupo 3,30
2026-08-08T06:05+00:00,2015959,Geotecnia,(4) Grupo 4,0
2026-08-08T06:05+00:00,2015961,Hidráulica básica,(1) Grupo 1,24
2026-08-08T06:05+00:00,2015961,Hidráulica básica,(2) Grupo 2,24
2026-08-08T06:05+00:00,2015961,Hidráulica básica,(3) Grupo 3,24
2026-08-08T06:05+00:00,2015961,Hidráulica básica,(4) Grupo 4,24
2026-08-08T06:05+00:00,2015961,Hidráulica básica,(5) Grupo 5,24
2026-08-08T06:05+00:00,2015961,Hidráulica básica,(6) Grupo 6,24
2026-08-08T06:05+00:00,2015978,Hidrología,(1) Grupo 1,0
2026-08-08T06:05+00:00,2015978,Hidrología,(2) Grupo 2,30
2026-08-08T06:05+00:00,2015978,Hidrología,(3) Grupo 3,30
2026-08-08T06:05+00:00,2015978,Hidrología,(4) Grupo 4,30
2026-08-08T06:05+00:00,2015978,Hidrología,(5) Grupo 5,30
2026-08-08T06:05+00:00,2026135,Ingeniería civil sostenible,(1) Grupo 1,25
2026-08-08T06:05+00:00,2026135,Ingeniería civil sostenible,(2) Grupo 2,25
2026-08-08T06:05+00:00,2026135,Ingeniería civil sostenible,(3) Grupo 3,25
2026-08-08T06:05+00:00,2015963,Ingeniería de Tránsito,(1) Grupo 1,30
2026-08-08T06:05+00:00,2015963,Ingeniería de Tránsito,(2) Grupo 2,30
2026-08-08T06:05+00:00,2015963,Ingeniería de Tránsito,(3) Grupo 3,30
2026-08-08T06:05+00:00,2026138,Ingenieria de transporte,(1) Grupo 1,30
2026-08-08T06:05+00:00,2026138,Ingenieria de transporte,(2) Grupo 2,30
2026-08-08T06:05+00:00,2026138,Ingenieria de transporte,(3) Grupo 3,30
2026-08-08T06:05+00:00,2015703,Ingeniería económica,(1) Grupo 1,40
2026-08-08T06:05+00:00,2015703,Ingeniería económica,(10) Grupo 10,30
2026-08-08T06:05+00:00,2015703,Ingeniería económica,(11) Grupo 11,30
2026-08-08T06:05+00:00,2015703,Ingeniería económica,(2) Grupo 2,40
2026-08-08T06:05+00:00,2015703,Ingeniería económica,(3) Grupo 3,40
2026-08-08T06:05+00:00,2015703,Ingeniería económica,(4) Grupo 4,30
2026-08-08T06:05+00:00,2015703,Ingeniería económica,(5) Grupo 5 - Virtual,60
2026-08-08T06:05+00:00,2015703,Ingeniería económica,(6) Grupo 6,40
2026-08-08T06:05+00:00,2015703,Ingeniería económica,(7) Grupo 7,20
2026-08-08T06:05+00:00,2015703,Ingeniería económica,(8) Grupo 8,40
2026-08-08T06:05+00:00,2015703,Ingeniería económica,(9) Grupo 9,35
2026-08-08T06:05+00:00,1000044-B,Inglés I- Semestral,(1) Grupo 1,26
2026-08-08T06:05+00:00,1000044-B,Inglés I- Semestral,(2) Grupo 2,26
2026-08-08T06:05+00:00,1000044-B,Inglés I- Semestral,(3) Grupo 3,26
2026-08-08T06:05+00:00,1000044-B,Inglés I- Semestral,(4) Grupo 4,26
2026-08-08T06:05+00:00,1000044-B,Inglés I- Semestral,(5) Grupo 5,26
2026-08-08T06:05+00:00,1000044-B,Inglés I- Semestral,(6) Grupo 6,26
2026-08-08T06:05+00:00,1000044-B,Inglés I- Semestral,(7) Grupo 7,26
2026-08-08T06:05+00:00,1000044-B,Inglés I- Semestral,(8) Grupo 8,26
2026-08-08T06:05+00:00,1000044-B,Inglés I- Semestral,(9) Grupo 9,7
2026-08-08T06:05+00:00,1000045-B,Inglés II - Semestral,(1) Grupo 1,10
2026-08-08T06:05+00:00,1000045-B,Inglés II - Semestral,(10) Grupo 10,26
2026-08-08T06:05+00:00,1000045-B,Inglés II - Semestral,(11) Grupo 11,26
2026-08-08T06:05+00:00,1000045-B,Inglés II - Semestral,(12) Grupo 12,26
2026-08-08T06:05+00:00,1000045-B,Inglés II - Semestral,(13) Grupo 13,26
2026-08-08T06:05+00:00,1000045-B,Inglés II - Semestral,(14) Grupo 14,26
2026-08-08T06:05+00:00,1000045-B,Inglés II - Semestral,(15) Grupo 15,26
2026-08-08T06:05+00:00,1000045-B,Inglés II - Semestral,(16) Grupo 16,26
2026-08-08T06:05+00:00,1000045-B,Inglés II - Semestral,(2) Grupo 2,26
2026-08-08T06:05+00:00,1000045-B,Inglés II - Semestral,(3) Grupo 3,26
2026-08-08T06:05+00:00,1000045-B,Inglés II - Semestral,(4) Grupo 4,26
2026-08-08T06:05+00:00,1000045-B,Inglés II - Semestral,(5) Grupo 5,26
2026-08-08T06:05+00:00,1000045-B,Inglés II - Semestral,(6) Grupo 6,26
2026-08-08T06:05+00:00,1000045-B,Inglés II - Semestral,(7) Grupo 7,26
2026-08-08T06:05+00:00,1000045-B,Inglés II - Semestral,(8) Grupo 8,26
2026-08-08T06:05+00:00,1000045-B,Inglés II - Semestral,(9) Grupo 9,15
2026-08-08T06:05+00:00,1000046-B,Inglés III - Semestral,(1) Grupo 1,26
2026-08-08T06:05+00:00,1000046-B,Inglés III - Semestral,(10) Grupo 10,26
2026-08-08T06:05+00:00,1000046-B,Inglés III - Semestral,(11) Grupo 11,26
2026-08-08T06:05+00:00,1000046-B,Inglés III - Semestral,(12) Grupo 12,26
2026-08-08T06:05+00:00,1000046-B,Inglés III - Semestral,(13) Grupo 13,26
2026-08-08T06:05+00:00,1000046-B,Inglés III - Semestral,(14) Grupo 14,26
2026-08-08T06:05+00:00,1000046-B,Inglés III - Semestral,(15) Grupo 15,26
2026-08-08T06:05+00:00,1000046-B,Inglés III - Semestral,(16) Grupo 16,26
2026-08-08T06:05+00:00,1000046-B,Inglés III - Semestral,(17) Grupo 17,26
2026-08-08T06:05+00:00,1000046-B,Inglés III - Semestral,(18) Grupo 18,26
2026-08-08T06:05+00:00,1000046-B,Inglés III - Semestral,(2) Grupo 2,26
2026-08-08T06:05+00:00,1000046-B,Inglés III - Semestral,(3) Grupo 3,26
2026-08-08T06:05+00:00,1000046-B,Inglés III - Semestral,(4) Grupo 4,26
2026-08-08T06:05+00:00,1000046-B,Inglés III - Semestral,(5) Grupo 5,26
2026-08-08T06:05+00:00,1000046-B,Inglés III - Semestral,(6) Grupo 6,26
2026-08-08T06:05+00:00,1000046-B,Inglés III - Semestral,(7) Grupo 7,26
2026-08-08T06:05+00:00,1000046-B,Inglés III - Semestral,(8) Grupo 8,26
2026-08-08T06:05+00:00,1000046-B,Inglés III - Semestral,(9) Grupo 9,10
2026-08-08T06:05+00:00,1000052-B,Inglés Intensivo I y II,(1) Grupo 1,28
2026-08-08T06:05+00:00,1000052-B,Inglés Intensivo I y II,(2) Grupo 2,28
2026-08-08T06:05+00:00,1000052-B,Inglés Intensivo I y II,(3) Grupo 3,28
2026-08-08T06:05+00:00,1000053-B,Inglés Intensivo III y IV,(1) Grupo 1,28
2026-08-08T06:05+00:00,1000053-B,Inglés Intensivo III y IV,(2) Grupo 2,28
2026-08-08T06:05+00:00,1000053-B,Inglés Intensivo III y IV,(3) Grupo 3,30
2026-08-08T06:05+00:00,1000053-B,Inglés Intensivo III y IV,(4) Grupo 4,30
2026-08-08T06:05+00:00,1000053-B,Inglés Intensivo III y IV,(5) Grupo 5,28
2026-08-08T06:05+00:00,1000053-B,Inglés Intensivo III y IV,(6) Grupo 6,28
2026-08-08T06:05+00:00,1000047-B,Inglés IV- Semestral,(1) Grupo 1,26
2026-08-08T06:05+00:00,1000047-B,Inglés IV- Semestral,(10) Grupo 10,26
2026-08-08T06:05+00:00,1000047-B,Inglés IV- Semestral,(11) Grupo 11,26
2026-08-08T06:05+00:00,1000047-B,Inglés IV- Semestral,(12) Grupo 12,26
2026-08-08T06:05+00:00,1000047-B,Inglés IV- Semestral,(13) Grupo 13,26
2026-08-08T06:05+00:00,1000047-B,Inglés IV- Semestral,(14) Grupo 14,26
2026-08-08T06:05+00:00,1000047-B,Inglés IV- Semestral,(15) Grupo 15,26
2026-08-08T06:05+00:00,1000047-B,Inglés IV- Semestral,(16) Grupo 16,26
2026-08-08T06:05+00:00,1000047-B,Inglés IV- Semestral,(17) Grupo 17,26
2026-08-08T06:05+00:00,1000047-B,Inglés IV- Semestral,(18) Grupo 18,26
2026-08-08T06:05+00:00,1000047-B,Inglés IV- Semestral,(19) Grupo 19,26
2026-08-08T06:05+00:00,1000047-B,Inglés IV- Semestral,(2) Grupo 2,26
2026-08-08T06:05+00:00,1000047-B,Inglés IV- Semestral,(20) Grupo 20,26
2026-08-08T06:05+00:00,1000047-B,Inglés IV- Semestral,(21) Grupo 21,26
2026-08-08T06:05+00:00,1000047-B,Inglés IV- Semestral,(22) Grupo 22,26
2026-08-08T06:05+00:00,1000047-B,Inglés IV- Semestral,(3) Grupo 3,26
2026-08-08T06:05+00:00,1000047-B,Inglés IV- Semestral,(4) Grupo 4,26
2026-08-08T06:05+00:00,1000047-B,Inglés IV- Semestral,(5) Grupo 5,26
2026-08-08T06:05+00:00,1000047-B,Inglés IV- Semestral,(6) Grupo 6,26
2026-08-08T06:05+00:00,1000047-B,Inglés IV- Semestral,(7) Grupo 7,26
2026-08-08T06:05+00:00,1000047-B,Inglés IV- Semestral,(8) Grupo 8,26
2026-08-08T06:05+00:00,1000047-B,Inglés IV- Semestral,(9) Grupo 9,15
2026-08-08T06:05+00:00,2026186,Introducción a la ingeniería civil,(1) Grupo 1,7
2026-08-08T06:05+00:00,2026186,Introducción a la ingeniería civil,(2) Grupo 2,0
2026-08-08T06:05+00:00,2026186,Introducción a la ingeniería civil,(4) Grupo 4,10
2026-08-08T06:05+00:00,1000002-B,Lecto-Escritura,(1) Grupo 1 - Clase Presencial,1
2026-08-08T06:05+00:00,1000002-B,Lecto-Escritura,(10) Grupo 10 - Clase presencial,0
2026-08-08T06:05+00:00,1000002-B,Lecto-Escritura,(2) Grupo 2 - Clase Presencial,0
2026-08-08T06:05+00:00,1000002-B,Lecto-Escritura,(3) Grupo 3 - Clase Presencial,0
2026-08-08T06:05+00:00,1000002-B,Lecto-Escritura,(4) Grupo 4 - Clase Presencial,0
2026-08-08T06:05+00:00,1000002-B,Lecto-Escritura,(5) Grupo 5 - Clase Presencial,0
2026-08-08T06:05+00:00,1000002-B,Lecto-Escritura,(6) Grupo 6 - Clase Presencial,0
2026-08-08T06:05+00:00,1000002-B,Lecto-Escritura,(7) Grupo 7 - Clase Presencial,0
2026-08-08T06:05+00:00,1000002-B,Lecto-Escritura,(8) Grupo 8 - Clase Presencial,0
2026-08-08T06:05+00:00,1000002-B,Lecto-Escritura,(9) Grupo 9 - Clase Presencial,10
2026-08-08T06:05+00:00,1000001-B,Matemáticas Básicas,(1) Grupo 1,0
2026-08-08T06:05+00:00,1000001-B,Matemáticas Básicas,(19) Grupo 19,5
2026-08-08T06:05+00:00,1000001-B,Matemáticas Básicas,(2) Grupo 2,10
2026-08-08T06:05+00:00,1000001-B,Matemáticas Básicas,(1) Grupo 1,0
2026-08-08T06:05+00:00,1000001-B,Matemáticas Básicas,(10) Grupo 10,0
2026-08-08T06:05+00:00,1000001-B,Matemáticas Básicas,(2) Grupo 2,0
2026-08-08T06:05+00:00,1000001-B,Matemáticas Básicas,(3) Grupo 3,0
2026-08-08T06:05+00:00,1000001-B,Matemáticas Básicas,(4) Grupo 4,0
2026-08-08T06:05+00:00,1000001-B,Matemáticas Básicas,(5) Grupo 5,0
2026-08-08T06:05+00:00,1000001-B,Matemáticas Básicas,(6) Grupo 6,0
2026-08-08T06:05+00:00,1000001-B,Matemáticas Básicas,(7) Grupo 7,0
2026-08-08T06:05+00:00,1000001-B,Matemáticas Básicas,(8) Grupo 8,0
2026-08-08T06:05+00:00,1000001-B,Matemáticas Básicas,(9) Grupo 9,10
2026-08-08T06:05+00:00,2015965,Materiales para construcción,(1) Grupo 1,24
2026-08-08T06:05+00:00,2015965,Materiales para construcción,(2) Grupo 2,24
2026-08-08T06:05+00:00,2015965,Materiales para construcción,(3) Grupo 3,24
2026-08-08T06:05+00:00,2015965,Materiales para construcción,(4) Grupo 4,24
2026-08-08T06:05+00:00,2015966,Mecánica de fluidos,(1) Grupo 1,24
2026-08-08T06:05+00:00,2015966,Mecánica de fluidos,(2) Grupo 2,24
2026-08-08T06:05+00:00,2015966,Mecánica de fluidos,(3) Grupo 3,24
2026-08-08T06:05+00:00,2015966,Mecánica de fluidos,(4) Grupo 4,24
2026-08-08T06:05+00:00,2015966,Mecánica de fluidos,(5) Grupo 5,24
2026-08-08T06:05+00:00,2015966,Mecánica de fluidos,(6) Grupo 6,24
2026-08-08T06:05+00:00,2015966,Mecánica de fluidos,(7) Grupo 7,24
2026-08-08T06:05+00:00,2015966,Mecánica de fluidos,(8) Grupo 8,24
2026-08-08T06:05+00:00,2015967,Mecánica de Rocas,(1) Grupo 1,24
2026-08-08T06:05+00:00,2015968,Mecánica de sólidos,(1) Grupo 1,24
2026-08-08T06:05+00:00,2015968,Mecánica de sólidos,(2) Grupo 2,24
2026-08-08T06:05+00:00,2015968,Mecánica de sólidos,(3) Grupo 3,24
2026-08-08T06:05+00:00,2015968,Mecánica de sólidos,(4) Grupo 4,24
2026-08-08T06:05+00:00,2015968,Mecánica de sólidos,(5) Grupo 5,24
2026-08-08T06:05+00:00,2015968,Mecánica de sólidos,(6) Grupo 6,24
2026-08-08T06:05+00:00,2015968,Mecánica de sólidos,(7) Grupo 7,0
2026-08-08T06:05+00:00,2015969,Mecánica de suelos,(1) Grupo 1 (Inglés),30
2026-08-08T06:05+00:00,2015969,Mecánica de suelos,(2) Grupo 2,30
2026-08-08T06:05+00:00,2015969,Mecánica de suelos,(3) Grupo 3,30
2026-08-08T06:05+00:00,2015969,Mecánica de suelos,(4) Grupo 4,30
2026-08-08T06:05+00:00,2015970,Métodos numéricos,(4) Grupo 4,30
2026-08-08T06:05+00:00,2015970,Métodos numéricos,(5) Grupo 5,45
2026-08-08T06:05+00:00,2015970,Métodos numéricos,(8) Grupo 8,30
2026-08-08T06:05+00:00,2015970,Métodos numéricos,(9) Grupo 9,45
2026-08-08T06:05+00:00,2017293,Modelación matemática,(1) 2017293-1 Modelación matemática,34
2026-08-08T06:05+00:00,2017293,Modelación matemática,(2) 2017293-2 Modelación matemática,34
2026-08-08T06:05+00:00,2017293,Modelación matemática,(1M) 2017293-1M Modelación matemática - Magistral,80
2026-08-08T06:05+00:00,2015971,Pavimentos,(1) Grupo 1,30
2026-08-08T06:05+00:00,2015971,Pavimentos,(2) Grupo 2,30
2026-08-08T06:05+00:00,2015971,Pavimentos,(3) Grupo 3,30
2026-08-08T06:05+00:00,2015972,Preparación y evaluación de proyectos de infraestructura,(1) Grupo 1,15
2026-08-08T06:05+00:00,2015972,Preparación y evaluación de proyectos de infraestructura,(2) Grupo 2,15
2026-08-08T06:05+00:00,2015972,Preparación y evaluación de proyectos de infraestructura,(3) Grupo 3,15
2026-08-08T06:05+00:00,1000024-B,Principios de química,(12) Grupo 12,0
2026-08-08T06:05+00:00,1000024-B,Principios de química,(13) Grupo 13,0
2026-08-08T06:05+00:00,1000024-B,Principios de química,(14) Grupo 14,10
2026-08-08T06:05+00:00,1000013-B,Probabilidad y estadística fundamental,(1) Grupo 1,0
2026-08-08T06:05+00:00,1000013-B,Probabilidad y estadística fundamental,(10) Grupo 10,35
2026-08-08T06:05+00:00,1000013-B,Probabilidad y estadística fundamental,(11) Grupo 11,40
2026-08-08T06:05+00:00,1000013-B,Probabilidad y estadística fundamental,(12) Grupo 12,40
2026-08-08T06:05+00:00,1000013-B,Probabilidad y estadística fundamental,(13) Grupo 13,30
2026-08-08T06:05+00:00,1000013-B,Probabilidad y estadística fundamental,(14) Grupo 14,45
2026-08-08T06:05+00:00,1000013-B,Probabilidad y estadística fundamental,(16) Grupo 16,30
2026-08-08T06:05+00:00,1000013-B,Probabilidad y estadística fundamental,(2) Grupo 2,40
2026-08-08T06:05+00:00,1000013-B,Probabilidad y estadística fundamental,(22) Grupo 22,45
2026-08-08T06:05+00:00,1000013-B,Probabilidad y estadística fundamental,(23) Grupo 23,0
2026-08-08T06:05+00:00,1000013-B,Probabilidad y estadística fundamental,(3) Grupo 3,40
2026-08-08T06:05+00:00,1000013-B,Probabilidad y estadística fundamental,(4) Grupo 4,40
2026-08-08T06:05+00:00,1000013-B,Probabilidad y estadística fundamental,(5) Grupo 5,35
2026-08-08T06:05+00:00,1000013-B,Probabilidad y estadística fundamental,(6) Grupo 6,35
2026-08-08T06:05+00:00,1000013-B,Probabilidad y estadística fundamental,(7) Grupo 7,40
2026-08-08T06:05+00:00,2015734,Programación de computadores,(1) Grupo 1,6
2026-08-08T06:05+00:00,2015734,Programación de computadores,(10) Grupo 10,4
2026-08-08T06:05+00:00,2015734,Programación de computadores,(11) Grupo 11,0
2026-08-08T06:05+00:00,2015734,Programación de computadores,(12) Grupo 12,1
2026-08-08T06:05+00:00,2015734,Programación de computadores,(13) Grupo 13,4
2026-08-08T06:05+00:00,2015734,Programación de computadores,(14) Grupo 14,0
2026-08-08T06:05+00:00,2015734,Programación de computadores,(2) Grupo 2,16
2026-08-08T06:05+00:00,2015734,Programación de computadores,(3) Grupo 3,0
2026-08-08T06:05+00:00,2015734,Programación de computadores,(4) Grupo 4,0
2026-08-08T06:05+00:00,2015734,Programación de computadores,(5) Grupo 5,0
2026-08-08T06:05+00:00,2015734,Programación de computadores,(6) Grupo 6,8
2026-08-08T06:05+00:00,2015734,Programación de computadores,(7) Grupo 7,3
2026-08-08T06:05+00:00,2015734,Programación de computadores,(8) Grupo 8 - Virtual,30
2026-08-08T06:05+00:00,2015734,Programación de computadores,(9) Grupo 9,18
2026-08-08T06:05+00:00,2015973,Saneamiento ambiental,(1) Grupo 1,25
2026-08-08T06:05+00:00,2015973,Saneamiento ambiental,(2) Grupo 2,25
2026-08-08T06:05+00:00,2015973,Saneamiento ambiental,(3) Grupo 3,25
2026-08-08T06:05+00:00,2022761,SIG para Ingeniería Civil,(1) Grupo 1,15
2026-08-08T06:05+00:00,2022761,SIG para Ingeniería Civil,(2) Grupo 2,15
2026-08-08T06:05+00:00,2022761,SIG para Ingeniería Civil,(3) Grupo 3,15
2026-08-08T06:05+00:00,2015296,Trabajo de Grado,(1) Grupo 1,5
2026-08-08T06:05+00:00,2015296,Trabajo de Grado,(10) Grupo 10,5
2026-08-08T06:05+00:00,2015296,Trabajo de Grado,(11) Grupo 11,5
2026-08-08T06:05+00:00,2015296,Trabajo de Grado,(12) Grupo 12,5
2026-08-08T06:05+00:00,2015296,Trabajo de Grado,(13) Grupo 13,5
2026-08-08T06:05+00:00,2015296,Trabajo de Grado,(14) Grupo 14,5
2026-08-08T06:05+00:00,2015296,Trabajo de Grado,(15) Grupo 15,5
2026-08-08T06:05+00:00,2015296,Trabajo de Grado,(16) Grupo 16,5
2026-08-08T06:05+00:00,2015296,Trabajo de Grado,(17) Grupo 17,5
2026-08-08T06:05+00:00,2015296,Trabajo de Grado,(18) Grupo 18,5
2026-08-08T06:05+00:00,2015296,Trabajo de Grado,(19) Grupo 19,0
2026-08-08T06:05+00:00,2015296,Trabajo de Grado,(2) Grupo 2,5
2026-08-08T06:05+00:00,2015296,Trabajo de Grado,(3) Grupo 3,5
2026-08-08T06:05+00:00,2015296,Trabajo de Grado,(4) Grupo 4,5
2026-08-08T06:05+00:00,2015296,Trabajo de Grado,(5) Grupo 5,5
2026-08-08T06:05+00:00,2015296,Trabajo de Grado,(6) Grupo 6,5
2026-08-08T06:05+00:00,2015296,Trabajo de Grado,(7) Grupo 7,5
2026-08-08T06:05+00:00,2015296,Trabajo de Grado,(8) Grupo 8,5
2026-08-08T06:05+00:00,2015296,Trabajo de Grado,(9) Grupo 9,5
2026-08-08T09:09+00:00,2015938,Acueductos,(1) Grupo 1,25
2026-08-08T09:09+00:00,2015938,Acueductos,(2) Grupo 2,25
2026-08-08T09:09+00:00,2015938,Acueductos,(3) Grupo 3,25
2026-08-08T09:09+00:00,2015938,Acueductos,(4) Grupo 4,24
2026-08-08T09:09+00:00,2015939,Alcantarillados,(1) Grupo 1,25
2026-08-08T09:09+00:00,2015939,Alcantarillados,(2) Grupo 2,25
2026-08-08T09:09+00:00,2015939,Alcantarillados,(3) Grupo 3,25
2026-08-08T09:09+00:00,2015939,Alcantarillados,(4) Grupo 4,25
2026-08-08T09:09+00:00,2015940,Análisis estructural aplicado,(1) Grupo 1,24
2026-08-08T09:09+00:00,2015940,Análisis estructural aplicado,(2) Grupo 2,24
2026-08-08T09:09+00:00,2015940,Análisis estructural aplicado,(3) Grupo 3,24
2026-08-08T09:09+00:00,2015941,Análisis estructural básico,(1) Grupo 1,30
2026-08-08T09:09+00:00,2015941,Análisis estructural básico,(2) Grupo 2,30
2026-08-08T09:09+00:00,2015941,Análisis estructural básico,(3) Grupo 3,30
2026-08-08T09:09+00:00,2015941,Análisis estructural básico,(4) Grupo 4,30
2026-08-08T09:09+00:00,1000004-B,Cálculo diferencial,(10) Grupo 10,53
2026-08-08T09:09+00:00,1000004-B,Cálculo diferencial,(11) Grupo 11,24
2026-08-08T09:09+00:00,1000004-B,Cálculo diferencial,(12) Grupo 12,24
2026-08-08T09:09+00:00,1000004-B,Cálculo diferencial,(13) Grupo 13,16
2026-08-08T09:09+00:00,1000004-B,Cálculo diferencial,(14) Grupo 14,90
2026-08-08T09:09+00:00,1000004-B,Cálculo diferencial,(16) Grupo 16,27
2026-08-08T09:09+00:00,1000004-B,Cálculo diferencial,(17) Grupo 17,39
2026-08-08T09:09+00:00,1000004-B,Cálculo diferencial,(19) Grupo 19,59
2026-08-08T09:09+00:00,1000004-B,Cálculo diferencial,(2) Grupo 2,24
2026-08-08T09:09+00:00,1000004-B,Cálculo diferencial,(20) Grupo 20,10
2026-08-08T09:09+00:00,1000004-B,Cálculo diferencial,(21) Grupo 21,60
2026-08-08T09:09+00:00,1000004-B,Cálculo diferencial,(22) Grupo 22,60
2026-08-08T09:09+00:00,1000004-B,Cálculo diferencial,(24) Grupo 24,60
2026-08-08T09:09+00:00,1000004-B,Cálculo diferencial,(25) Grupo 25,40
2026-08-08T09:09+00:00,1000004-B,Cálculo diferencial,(27) Grupo 27,51
2026-08-08T09:09+00:00,1000004-B,Cálculo diferencial,(28) Grupo 28,60
2026-08-08T09:09+00:00,1000004-B,Cálculo diferencial,(29) Grupo 29,60
2026-08-08T09:09+00:00,1000004-B,Cálculo diferencial,(30) Grupo 30,60
2026-08-08T09:09+00:00,1000004-B,Cálculo diferencial,(32) Grupo 32,90
2026-08-08T09:09+00:00,1000004-B,Cálculo diferencial,(4) Grupo 4,37
2026-08-08T09:09+00:00,1000004-B,Cálculo diferencial,(5) Grupo 5,84
2026-08-08T09:09+00:00,1000004-B,Cálculo diferencial,(7) Grupo 7,64
2026-08-08T09:09+00:00,1000004-B,Cálculo diferencial,(8) Grupo 8,40
2026-08-08T09:09+00:00,1000004-B,Cálculo diferencial,(9) Grupo 9,18
2026-08-08T09:09+00:00,1000006-B,Cálculo en varias variables,(1) Grupo 1,40
2026-08-08T09:09+00:00,1000006-B,Cálculo en varias variables,(10) Grupo 10,100
2026-08-08T09:09+00:00,1000006-B,Cálculo en varias variables,(11) Grupo 11,40
2026-08-08T09:09+00:00,1000006-B,Cálculo en varias variables,(12) Grupo 12,60
2026-08-08T09:09+00:00,1000006-B,Cálculo en varias variables,(13) Grupo 13,40
2026-08-08T09:09+00:00,1000006-B,Cálculo en varias variables,(14) Grupo 14,60
2026-08-08T09:09+00:00,1000006-B,Cálculo en varias variables,(15) Grupo 15,112
2026-08-08T09:09+00:00,1000006-B,Cálculo en varias variables,(2) Grupo 2,40
2026-08-08T09:09+00:00,1000006-B,Cálculo en varias variables,(3) Grupo 3,40
2026-08-08T09:09+00:00,1000006-B,Cálculo en varias variables,(4) Grupo 4,100
2026-08-08T09:09+00:00,1000006-B,Cálculo en varias variables,(5) Grupo 5,40
2026-08-08T09:09+00:00,1000006-B,Cálculo en varias variables,(7) Grupo 7,70
2026-08-08T09:09+00:00,1000006-B,Cálculo en varias variables,(8) Grupo 8,60
2026-08-08T09:09+00:00,1000006-B,Cálculo en varias variables,(9) Grupo 9,0
2026-08-08T09:09+00:00,1000005-B,Cálculo Integral,(1) Grupo 1,0
2026-08-08T09:09+00:00,1000005-B,Cálculo Integral,(10) Grupo 10,50
2026-08-08T09:09+00:00,1000005-B,Cálculo Integral,(14) Grupo 14,40
2026-08-08T09:09+00:00,1000005-B,Cálculo Integral,(15) Grupo 15,60
2026-08-08T09:09+00:00,1000005-B,Cálculo Integral,(16) Grupo 16,70
2026-08-08T09:09+00:00,1000005-B,Cálculo Integral,(17) Grupo 17,40
2026-08-08T09:09+00:00,1000005-B,Cálculo Integral,(2) Grupo 2,60
2026-08-08T09:09+00:00,1000005-B,Cálculo Integral,(20) Grupo 20,40
2026-08-08T09:09+00:00,1000005-B,Cálculo Integral,(22) Grupo 22,60
2026-08-08T09:09+00:00,1000005-B,Cálculo Integral,(3) Grupo 3,70
2026-08-08T09:09+00:00,1000005-B,Cálculo Integral,(4) Grupo 4,60
2026-08-08T09:09+00:00,1000005-B,Cálculo Integral,(6) Grupo 6,60
2026-08-08T09:09+00:00,1000005-B,Cálculo Integral,(7) Grupo 7,100
2026-08-08T09:09+00:00,1000005-B,Cálculo Integral,(8) Grupo 8,40
2026-08-08T09:09+00:00,1000005-B,Cálculo Integral,(9) Grupo 9,10
2026-08-08T09:09+00:00,2015943,Construcción de edificaciones,(1) Grupo 1,15
2026-08-08T09:09+00:00,2015944,Construcción de Infraestructura Vial,(1) Grupo 1,15
2026-08-08T09:09+00:00,2015711,Dibujo básico,(10) 2015711-10 Dibujo básico,0
2026-08-08T09:09+00:00,2015711,Dibujo básico,(11) 2015711-11 Dibujo básico,0
2026-08-08T09:09+00:00,2015711,Dibujo básico,(14) 2015711-14 Dibujo básico,0
2026-08-08T09:09+00:00,2015711,Dibujo básico,(16) 2015711-16 Dibujo básico,0
2026-08-08T09:09+00:00,2015711,Dibujo básico,(4) 2015711-4 Dibujo básico,9
2026-08-08T09:09+00:00,2015711,Dibujo básico,(5) 2015711-5 Dibujo básico,0
2026-08-08T09:09+00:00,2015711,Dibujo básico,(7) 2015711-7 Dibujo básico,20
2026-08-08T09:09+00:00,2015711,Dibujo básico,(8) 2015711-8 Dibujo básico,0
2026-08-08T09:09+00:00,2015711,Dibujo básico,(9) 2015711-9 Dibujo básico,0
2026-08-08T09:09+00:00,2015948,Dinámica,(1) Grupo 1,30
2026-08-08T09:09+00:00,2015948,Dinámica,(2) Grupo 2,30
2026-08-08T09:09+00:00,2015948,Dinámica,(3) Grupo 3,30
2026-08-08T09:09+00:00,2015950,Diseño estructural,(1) Grupo 1,25
2026-08-08T09:09+00:00,2015950,Diseño estructural,(2) Grupo 2,0
2026-08-08T09:09+00:00,2015950,Diseño estructural,(3) Grupo 3,25
2026-08-08T09:09+00:00,2015950,Diseño estructural,(4) Grupo 4,25
2026-08-08T09:09+00:00,2015950,Diseño estructural,(5) Grupo 5,25
2026-08-08T09:09+00:00,2015949,Diseño geométrico de Vías,(1) Grupo 1,30
2026-08-08T09:09+00:00,2015949,Diseño geométrico de Vías,(2) Grupo 2,30
2026-08-08T09:09+00:00,2015949,Diseño geométrico de Vías,(3) Grupo 3,30
2026-08-08T09:09+00:00,1000007-B,Ecuaciones Diferenciales,(1) Grupo 1,60
2026-08-08T09:09+00:00,1000007-B,Ecuaciones Diferenciales,(11) Grupo 11,60
2026-08-08T09:09+00:00,1000007-B,Ecuaciones Diferenciales,(12) Grupo 12,60
2026-08-08T09:09+00:00,1000007-B,Ecuaciones Diferenciales,(13) Grupo 13,40
2026-08-08T09:09+00:00,1000007-B,Ecuaciones Diferenciales,(14) Grupo 14,100
2026-08-08T09:09+00:00,1000007-B,Ecuaciones Diferenciales,(3) Grupo 3,40
2026-08-08T09:09+00:00,1000007-B,Ecuaciones Diferenciales,(4) Grupo 4,60
2026-08-08T09:09+00:00,1000007-B,Ecuaciones Diferenciales,(6) Grupo 6,50
2026-08-08T09:09+00:00,1000007-B,Ecuaciones Diferenciales,(7) Grupo 7,40
2026-08-08T09:09+00:00,1000007-B,Ecuaciones Diferenciales,(9) Grupo 9,0
2026-08-08T09:09+00:00,2026134,Estática,(1) Grupo 1,0
2026-08-08T09:09+00:00,2026134,Estática,(2) Grupo 2,30
2026-08-08T09:09+00:00,2026134,Estática,(3) Grupo 3,30
2026-08-08T09:09+00:00,2026134,Estática,(4) Grupo 4,30
2026-08-08T09:09+00:00,2026134,Estática,(5) Grupo 5,30
2026-08-08T09:09+00:00,2026134,Estática,(6) Grupo 6,30
2026-08-08T09:09+00:00,2015954,Estructuras hidráulicas,(1) Grupo 1,30
2026-08-08T09:09+00:00,2015954,Estructuras hidráulicas,(2) Grupo 2,30
2026-08-08T09:09+00:00,2015954,Estructuras hidráulicas,(3) Grupo 3,30
2026-08-08T09:09+00:00,2015955,Fundamentos de construcción,(1) Grupo 1,30
2026-08-08T09:09+00:00,2015955,Fundamentos de construcción,(2) Grupo 2,30
2026-08-08T09:09+00:00,2015955,Fundamentos de construcción,(3) Grupo 3,30
2026-08-08T09:09+00:00,1000011-B,Fundamentos de ecología,(1) Grupo 1,118
2026-08-08T09:09+00:00,1000011-B,Fundamentos de ecología,(3) Grupo 3,12
2026-08-08T09:09+00:00,1000019-B,Fundamentos de mecánica,(1) Grupo 1,35
2026-08-08T09:09+00:00,1000019-B,Fundamentos de mecánica,(10) Grupo 10,35
2026-08-08T09:09+00:00,1000019-B,Fundamentos de mecánica,(11) Grupo 11,35
2026-08-08T09:09+00:00,1000019-B,Fundamentos de mecánica,(12) Grupo 12,35
2026-08-08T09:09+00:00,1000019-B,Fundamentos de mecánica,(13) Grupo 13,35
2026-08-08T09:09+00:00,1000019-B,Fundamentos de mecánica,(14) Grupo 14,35
2026-08-08T09:09+00:00,1000019-B,Fundamentos de mecánica,(15) Grupo 15,32
2026-08-08T09:09+00:00,1000019-B,Fundamentos de mecánica,(16) Grupo 16,35
2026-08-08T09:09+00:00,1000019-B,Fundamentos de mecánica,(17) Grupo 17,34
2026-08-08T09:09+00:00,1000019-B,Fundamentos de mecánica,(18) Grupo 18,34
2026-08-08T09:09+00:00,1000019-B,Fundamentos de mecánica,(19) Grupo 19,32
2026-08-08T09:09+00:00,1000019-B,Fundamentos de mecánica,(2) Grupo 2,35
2026-08-08T09:09+00:00,1000019-B,Fundamentos de mecánica,(20) Grupo 20,35
2026-08-08T09:09+00:00,1000019-B,Fundamentos de mecánica,(21) Grupo 21,35
2026-08-08T09:09+00:00,1000019-B,Fundamentos de mecánica,(22) Grupo 22,35
2026-08-08T09:09+00:00,1000019-B,Fundamentos de mecánica,(23) Grupo 23,35
2026-08-08T09:09+00:00,1000019-B,Fundamentos de mecánica,(24) Grupo 24,35
2026-08-08T09:09+00:00,1000019-B,Fundamentos de mecánica,(25) Grupo 25,45
2026-08-08T09:09+00:00,1000019-B,Fundamentos de mecánica,(26) Grupo 26 (VIRTUAL),50
2026-08-08T09:09+00:00,1000019-B,Fundamentos de mecánica,(27) Grupo 27 (VIRTUAL),50
2026-08-08T09:09+00:00,1000019-B,Fundamentos de mecánica,(28) Grupo 28 (VIRTUAL),50
2026-08-08T09:09+00:00,1000019-B,Fundamentos de mecánica,(29) Grupo 29 (VIRTUAL),50
2026-08-08T09:09+00:00,1000019-B,Fundamentos de mecánica,(3) Grupo 3,35
2026-08-08T09:09+00:00,1000019-B,Fundamentos de mecánica,(4) Grupo 4,35
2026-08-08T09:09+00:00,1000019-B,Fundamentos de mecánica,(5) Grupo 5,35
2026-08-08T09:09+00:00,1000019-B,Fundamentos de mecánica,(6) Grupo 6,35
2026-08-08T09:09+00:00,1000019-B,Fundamentos de mecánica,(7) Grupo 7,35
2026-08-08T09:09+00:00,1000019-B,Fundamentos de mecánica,(8) Grupo 8,35
2026-08-08T09:09+00:00,1000019-B,Fundamentos de mecánica,(9) Grupo 9,0
2026-08-08T09:09+00:00,1000019-B,Fundamentos de mecánica,(1) Grupo 1,35
2026-08-08T09:09+00:00,1000019-B,Fundamentos de mecánica,(10) Grupo 10,35
2026-08-08T09:09+00:00,1000019-B,Fundamentos de mecánica,(11) Grupo 11,35
2026-08-08T09:09+00:00,1000019-B,Fundamentos de mecánica,(12) Grupo 12,35
2026-08-08T09:09+00:00,1000019-B,Fundamentos de mecánica,(13) Grupo 13,35
2026-08-08T09:09+00:00,1000019-B,Fundamentos de mecánica,(14) Grupo 14,35
2026-08-08T09:09+00:00,1000019-B,Fundamentos de mecánica,(15) Grupo 15,32
2026-08-08T09:09+00:00,1000019-B,Fundamentos de mecánica,(16) Grupo 16,35
2026-08-08T09:09+00:00,1000019-B,Fundamentos de mecánica,(17) Grupo 17,34
2026-08-08T09:09+00:00,1000019-B,Fundamentos de mecánica,(18) Grupo 18,34
2026-08-08T09:09+00:00,1000019-B,Fundamentos de mecánica,(19) Grupo 19,32
2026-08-08T09:09+00:00,1000019-B,Fundamentos de mecánica,(2) Grupo 2,35
2026-08-08T09:09+00:00,1000019-B,Fundamentos de mecánica,(20) Grupo 20,35
2026-08-08T09:09+00:00,1000019-B,Fundamentos de mecánica,(21) Grupo 21,35
2026-08-08T09:09+00:00,1000019-B,Fundamentos de mecánica,(22) Grupo 22,35
2026-08-08T09:09+00:00,1000019-B,Fundamentos de mecánica,(23) Grupo 23,35
2026-08-08T09:09+00:00,1000019-B,Fundamentos de mecánica,(24) Grupo 24,35
2026-08-08T09:09+00:00,1000019-B,Fundamentos de mecánica,(25) Grupo 25,45
2026-08-08T09:09+00:00,1000019-B,Fundamentos de mecánica,(26) Grupo 26 (VIRTUAL),50
2026-08-08T09:09+00:00,1000019-B,Fundamentos de mecánica,(27) Grupo 27 (VIRTUAL),50
2026-08-08T09:09+00:00,1000019-B,Fundamentos de mecánica,(28) Grupo 28 (VIRTUAL),50
2026-08-08T09:09+00:00,1000019-B,Fundamentos de mecánica,(29) Grupo 29 (VIRTUAL),50
2026-08-08T09:09+00:00,1000019-B,Fundamentos de mecánica,(3) Grupo 3,35
2026-08-08T09:09+00:00,1000019-B,Fundamentos de mecánica,(4) Grupo 4,35
2026-08-08T09:09+00:00,1000019-B,Fundamentos de mecánica,(5) Grupo 5,35
2026-08-08T09:09+00:00,1000019-B,Fundamentos de mecánica,(6) Grupo 6,35
2026-08-08T09:09+00:00,1000019-B,Fundamentos de mecánica,(7) Grupo 7,35
2026-08-08T09:09+00:00,1000019-B,Fundamentos de mecánica,(8) Grupo 8,35
2026-08-08T09:09+00:00,1000019-B,Fundamentos de mecánica,(9) Grupo 9,10
2026-08-08T09:09+00:00,1000019-B,Fundamentos de mecánica,(16) Gruop 16,8
2026-08-08T09:09+00:00,1000019-B,Fundamentos de mecánica,(1) Grupo 1,35
2026-08-08T09:09+00:00,1000019-B,Fundamentos de mecánica,(10) Grupo 10,35
2026-08-08T09:09+00:00,1000019-B,Fundamentos de mecánica,(11) Grupo 11,35
2026-08-08T09:09+00:00,1000019-B,Fundamentos de mecánica,(12) Grupo 12,35
2026-08-08T09:09+00:00,1000019-B,Fundamentos de mecánica,(13) Grupo 13,35
2026-08-08T09:09+00:00,1000019-B,Fundamentos de mecánica,(14) Grupo 14,35
2026-08-08T09:09+00:00,1000019-B,Fundamentos de mecánica,(15) Grupo 15,32
2026-08-08T09:09+00:00,1000019-B,Fundamentos de mecánica,(17) Grupo 17,34
2026-08-08T09:09+00:00,1000019-B,Fundamentos de mecánica,(18) Grupo 18,34
2026-08-08T09:09+00:00,1000019-B,Fundamentos de mecánica,(19) Grupo 19,32
2026-08-08T09:09+00:00,1000019-B,Fundamentos de mecánica,(2) Grupo 2,35
2026-08-08T09:09+00:00,1000019-B,Fundamentos de mecánica,(20) Grupo 20,35
2026-08-08T09:09+00:00,1000019-B,Fundamentos de mecánica,(21) Grupo 21,35
2026-08-08T09:09+00:00,1000019-B,Fundamentos de mecánica,(22) Grupo 22,35
2026-08-08T09:09+00:00,1000019-B,Fundamentos de mecánica,(23) Grupo 23,35
2026-08-08T09:09+00:00,1000019-B,Fundamentos de mecánica,(24) Grupo 24,35
2026-08-08T09:09+00:00,1000019-B,Fundamentos de mecánica,(25) Grupo 25,45
2026-08-08T09:09+00:00,1000019-B,Fundamentos de mecánica,(26) Grupo 26 (VIRTUAL),50
2026-08-08T09:09+00:00,1000019-B,Fundamentos de mecánica,(27) Grupo 27 (VIRTUAL),50
2026-08-08T09:09+00:00,1000019-B,Fundamentos de mecánica,(28) Grupo 28 (VIRTUAL),50
2026-08-08T09:09+00:00,1000019-B,Fundamentos de mecánica,(29) Grupo 29 (VIRTUAL),50
2026-08-08T09:09+00:00,1000019-B,Fundamentos de mecánica,(3) Grupo 3,35
2026-08-08T09:09+00:00,1000019-B,Fundamentos de mecánica,(4) Grupo 4,35
2026-08-08T09:09+00:00,1000019-B,Fundamentos de mecánica,(5) Grupo 5,35
2026-08-08T09:09+00:00,1000019-B,Fundamentos de mecánica,(6) Grupo 6,35
2026-08-08T09:09+00:00,1000019-B,Fundamentos de mecánica,(7) Grupo 7,35
2026-08-08T09:09+00:00,1000019-B,Fundamentos de mecánica,(8) Grupo 8,35
2026-08-08T09:09+00:00,1000019-B,Fundamentos de mecánica,(9) Grupo 9,10
2026-08-08T09:09+00:00,2015956,Geología,(1) Grupo 1,35
2026-08-08T09:09+00:00,2015956,Geología,(2) Grupo 2,30
2026-08-08T09:09+00:00,2015956,Geología,(3) Grupo 3,30
2026-08-08T09:09+00:00,2015956,Geología,(4) Grupo 4,35
2026-08-08T09:09+00:00,2015957,Geomática Aplicada,(1) Grupo 1,30
2026-08-08T09:09+00:00,2015957,Geomática Aplicada,(2) Grupo 2,30
2026-08-08T09:09+00:00,2015957,Geomática Aplicada,(3) Grupo 3,30
2026-08-08T09:09+00:00,2015957,Geomática Aplicada,(4) Grupo 4,30
2026-08-08T09:09+00:00,2015958,Geomática básica,(1) Grupo 1,20
2026-08-08T09:09+00:00,2015958,Geomática básica,(2) Grupo 2,20
2026-08-08T09:09+00:00,2015958,Geomática básica,(3) Grupo 3,30
2026-08-08T09:09+00:00,2015958,Geomática básica,(4) Grupo 4,20
2026-08-08T09:09+00:00,2015958,Geomática básica,(5) Grupo 5,20
2026-08-08T09:09+00:00,2015958,Geomática básica,(6) Grupo 6,20
2026-08-08T09:09+00:00,2015958,Geomática básica,(7) Grupo 7,20
2026-08-08T09:09+00:00,2015958,Geomática básica,(8) Grupo 8,20
2026-08-08T09:09+00:00,2015958,Geomática básica,(9) Grupo 9,20
2026-08-08T09:09+00:00,2015958,Geomática básica,(1) Grupo 1,40
2026-08-08T09:09+00:00,2015958,Geomática básica,(3) Grupo 3,30
2026-08-08T09:09+00:00,2015958,Geomática básica,(4) Grupo 4,40
2026-08-08T09:09+00:00,2015958,Geomática básica,(6) Grupo 6,40
2026-08-08T09:09+00:00,2015958,Geomática básica,(8) Grupo 8,40
2026-08-08T09:09+00:00,2015959,Geotecnia,(1) Grupo 1,30
2026-08-08T09:09+00:00,2015959,Geotecnia,(2) Grupo 2,30
2026-08-08T09:09+00:00,2015959,Geotecnia,(3) Grupo 3,30
2026-08-08T09:09+00:00,2015959,Geotecnia,(4) Grupo 4,0
2026-08-08T09:09+00:00,2015961,Hidráulica básica,(1) Grupo 1,24
2026-08-08T09:09+00:00,2015961,Hidráulica básica,(2) Grupo 2,24
2026-08-08T09:09+00:00,2015961,Hidráulica básica,(3) Grupo 3,24
2026-08-08T09:09+00:00,2015961,Hidráulica básica,(4) Grupo 4,24
2026-08-08T09:09+00:00,2015961,Hidráulica básica,(5) Grupo 5,24
2026-08-08T09:09+00:00,2015961,Hidráulica básica,(6) Grupo 6,24
2026-08-08T09:09+00:00,2015978,Hidrología,(1) Grupo 1,0
2026-08-08T09:09+00:00,2015978,Hidrología,(2) Grupo 2,30
2026-08-08T09:09+00:00,2015978,Hidrología,(3) Grupo 3,30
2026-08-08T09:09+00:00,2015978,Hidrología,(4) Grupo 4,30
2026-08-08T09:09+00:00,2015978,Hidrología,(5) Grupo 5,30
2026-08-08T09:09+00:00,2026135,Ingeniería civil sostenible,(1) Grupo 1,25
2026-08-08T09:09+00:00,2026135,Ingeniería civil sostenible,(2) Grupo 2,25
2026-08-08T09:09+00:00,2026135,Ingeniería civil sostenible,(3) Grupo 3,25
2026-08-08T09:09+00:00,2015963,Ingeniería de Tránsito,(1) Grupo 1,30
2026-08-08T09:09+00:00,2015963,Ingeniería de Tránsito,(2) Grupo 2,30
2026-08-08T09:09+00:00,2015963,Ingeniería de Tránsito,(3) Grupo 3,30
2026-08-08T09:09+00:00,2026138,Ingenieria de transporte,(1) Grupo 1,30
2026-08-08T09:09+00:00,2026138,Ingenieria de transporte,(2) Grupo 2,30
2026-08-08T09:09+00:00,2026138,Ingenieria de transporte,(3) Grupo 3,30
2026-08-08T09:09+00:00,2015703,Ingeniería económica,(1) Grupo 1,40
2026-08-08T09:09+00:00,2015703,Ingeniería económica,(10) Grupo 10,30
2026-08-08T09:09+00:00,2015703,Ingeniería económica,(11) Grupo 11,30
2026-08-08T09:09+00:00,2015703,Ingeniería económica,(2) Grupo 2,40
2026-08-08T09:09+00:00,2015703,Ingeniería económica,(3) Grupo 3,40
2026-08-08T09:09+00:00,2015703,Ingeniería económica,(4) Grupo 4,30
2026-08-08T09:09+00:00,2015703,Ingeniería económica,(5) Grupo 5 - Virtual,60
2026-08-08T09:09+00:00,2015703,Ingeniería económica,(6) Grupo 6,40
2026-08-08T09:09+00:00,2015703,Ingeniería económica,(7) Grupo 7,20
2026-08-08T09:09+00:00,2015703,Ingeniería económica,(8) Grupo 8,40
2026-08-08T09:09+00:00,2015703,Ingeniería económica,(9) Grupo 9,35
2026-08-08T09:09+00:00,1000044-B,Inglés I- Semestral,(1) Grupo 1,26
2026-08-08T09:09+00:00,1000044-B,Inglés I- Semestral,(2) Grupo 2,26
2026-08-08T09:09+00:00,1000044-B,Inglés I- Semestral,(3) Grupo 3,26
2026-08-08T09:09+00:00,1000044-B,Inglés I- Semestral,(4) Grupo 4,26
2026-08-08T09:09+00:00,1000044-B,Inglés I- Semestral,(5) Grupo 5,26
2026-08-08T09:09+00:00,1000044-B,Inglés I- Semestral,(6) Grupo 6,26
2026-08-08T09:09+00:00,1000044-B,Inglés I- Semestral,(7) Grupo 7,26
2026-08-08T09:09+00:00,1000044-B,Inglés I- Semestral,(8) Grupo 8,26
2026-08-08T09:09+00:00,1000044-B,Inglés I- Semestral,(9) Grupo 9,7
2026-08-08T09:09+00:00,1000045-B,Inglés II - Semestral,(1) Grupo 1,10
2026-08-08T09:09+00:00,1000045-B,Inglés II - Semestral,(10) Grupo 10,26
2026-08-08T09:09+00:00,1000045-B,Inglés II - Semestral,(11) Grupo 11,26
2026-08-08T09:09+00:00,1000045-B,Inglés II - Semestral,(12) Grupo 12,26
2026-08-08T09:09+00:00,1000045-B,Inglés II - Semestral,(13) Grupo 13,26
2026-08-08T09:09+00:00,1000045-B,Inglés II - Semestral,(14) Grupo 14,26
2026-08-08T09:09+00:00,1000045-B,Inglés II - Semestral,(15) Grupo 15,26
2026-08-08T09:09+00:00,1000045-B,Inglés II - Semestral,(16) Grupo 16,26
2026-08-08T09:09+00:00,1000045-B,Inglés II - Semestral,(2) Grupo 2,26
2026-08-08T09:09+00:00,1000045-B,Inglés II - Semestral,(3) Grupo 3,26
2026-08-08T09:09+00:00,1000045-B,Inglés II - Semestral,(4) Grupo 4,26
2026-08-08T09:09+00:00,1000045-B,Inglés II - Semestral,(5) Grupo 5,26
2026-08-08T09:09+00:00,1000045-B,Inglés II - Semestral,(6) Grupo 6,26
2026-08-08T09:09+00:00,1000045-B,Inglés II - Semestral,(7) Grupo 7,26
2026-08-08T09:09+00:00,1000045-B,Inglés II - Semestral,(8) Grupo 8,26
2026-08-08T09:09+00:00,1000045-B,Inglés II - Semestral,(9) Grupo 9,15
2026-08-08T09:09+00:00,1000046-B,Inglés III - Semestral,(1) Grupo 1,26
2026-08-08T09:09+00:00,1000046-B,Inglés III - Semestral,(10) Grupo 10,26
2026-08-08T09:09+00:00,1000046-B,Inglés III - Semestral,(11) Grupo 11,26
2026-08-08T09:09+00:00,1000046-B,Inglés III - Semestral,(12) Grupo 12,26
2026-08-08T09:09+00:00,1000046-B,Inglés III - Semestral,(13) Grupo 13,26
2026-08-08T09:09+00:00,1000046-B,Inglés III - Semestral,(14) Grupo 14,26
2026-08-08T09:09+00:00,1000046-B,Inglés III - Semestral,(15) Grupo 15,26
2026-08-08T09:09+00:00,1000046-B,Inglés III - Semestral,(16) Grupo 16,26
2026-08-08T09:09+00:00,1000046-B,Inglés III - Semestral,(17) Grupo 17,26
2026-08-08T09:09+00:00,1000046-B,Inglés III - Semestral,(18) Grupo 18,26
2026-08-08T09:09+00:00,1000046-B,Inglés III - Semestral,(2) Grupo 2,26
2026-08-08T09:09+00:00,1000046-B,Inglés III - Semestral,(3) Grupo 3,26
2026-08-08T09:09+00:00,1000046-B,Inglés III - Semestral,(4) Grupo 4,26
2026-08-08T09:09+00:00,1000046-B,Inglés III - Semestral,(5) Grupo 5,26
2026-08-08T09:09+00:00,1000046-B,Inglés III - Semestral,(6) Grupo 6,26
2026-08-08T09:09+00:00,1000046-B,Inglés III - Semestral,(7) Grupo 7,26
2026-08-08T09:09+00:00,1000046-B,Inglés III - Semestral,(8) Grupo 8,26
2026-08-08T09:09+00:00,1000046-B,Inglés III - Semestral,(9) Grupo 9,10
2026-08-08T09:09+00:00,1000052-B,Inglés Intensivo I y II,(1) Grupo 1,28
2026-08-08T09:09+00:00,1000052-B,Inglés Intensivo I y II,(2) Grupo 2,28
2026-08-08T09:09+00:00,1000052-B,Inglés Intensivo I y II,(3) Grupo 3,28
2026-08-08T09:09+00:00,1000053-B,Inglés Intensivo III y IV,(1) Grupo 1,28
2026-08-08T09:09+00:00,1000053-B,Inglés Intensivo III y IV,(2) Grupo 2,28
2026-08-08T09:09+00:00,1000053-B,Inglés Intensivo III y IV,(3) Grupo 3,30
2026-08-08T09:09+00:00,1000053-B,Inglés Intensivo III y IV,(4) Grupo 4,30
2026-08-08T09:09+00:00,1000053-B,Inglés Intensivo III y IV,(5) Grupo 5,28
2026-08-08T09:09+00:00,1000053-B,Inglés Intensivo III y IV,(6) Grupo 6,28
2026-08-08T09:09+00:00,1000047-B,Inglés IV- Semestral,(1) Grupo 1,26
2026-08-08T09:09+00:00,1000047-B,Inglés IV- Semestral,(10) Grupo 10,26
2026-08-08T09:09+00:00,1000047-B,Inglés IV- Semestral,(11) Grupo 11,26
2026-08-08T09:09+00:00,1000047-B,Inglés IV- Semestral,(12) Grupo 12,26
2026-08-08T09:09+00:00,1000047-B,Inglés IV- Semestral,(13) Grupo 13,26
2026-08-08T09:09+00:00,1000047-B,Inglés IV- Semestral,(14) Grupo 14,26
2026-08-08T09:09+00:00,1000047-B,Inglés IV- Semestral,(15) Grupo 15,26
2026-08-08T09:09+00:00,1000047-B,Inglés IV- Semestral,(16) Grupo 16,26
2026-08-08T09:09+00:00,1000047-B,Inglés IV- Semestral,(17) Grupo 17,26
2026-08-08T09:09+00:00,1000047-B,Inglés IV- Semestral,(18) Grupo 18,26
2026-08-08T09:09+00:00,1000047-B,Inglés IV- Semestral,(19) Grupo 19,26
2026-08-08T09:09+00:00,1000047-B,Inglés IV- Semestral,(2) Grupo 2,26
2026-08-08T09:09+00:00,1000047-B,Inglés IV- Semestral,(20) Grupo 20,26
2026-08-08T09:09+00:00,1000047-B,Inglés IV- Semestral,(21) Grupo 21,26
2026-08-08T09:09+00:00,1000047-B,Inglés IV- Semestral,(22) Grupo 22,26
2026-08-08T09:09+00:00,1000047-B,Inglés IV- Semestral,(3) Grupo 3,26
2026-08-08T09:09+00:00,1000047-B,Inglés IV- Semestral,(4) Grupo 4,26
2026-08-08T09:09+00:00,1000047-B,Inglés IV- Semestral,(5) Grupo 5,26
2026-08-08T09:09+00:00,1000047-B,Inglés IV- Semestral,(6) Grupo 6,26
2026-08-08T09:09+00:00,1000047-B,Inglés IV- Semestral,(7) Grupo 7,26
2026-08-08T09:09+00:00,1000047-B,Inglés IV- Semestral,(8) Grupo 8,26
2026-08-08T09:09+00:00,1000047-B,Inglés IV- Semestral,(9) Grupo 9,15
2026-08-08T09:09+00:00,2026186,Introducción a la ingeniería civil,(1) Grupo 1,7
2026-08-08T09:09+00:00,2026186,Introducción a la ingeniería civil,(2) Grupo 2,0
2026-08-08T09:09+00:00,2026186,Introducción a la ingeniería civil,(4) Grupo 4,10
2026-08-08T09:09+00:00,1000002-B,Lecto-Escritura,(1) Grupo 1 - Clase Presencial,1
2026-08-08T09:09+00:00,1000002-B,Lecto-Escritura,(10) Grupo 10 - Clase presencial,0
2026-08-08T09:09+00:00,1000002-B,Lecto-Escritura,(2) Grupo 2 - Clase Presencial,0
2026-08-08T09:09+00:00,1000002-B,Lecto-Escritura,(3) Grupo 3 - Clase Presencial,0
2026-08-08T09:09+00:00,1000002-B,Lecto-Escritura,(4) Grupo 4 - Clase Presencial,0
2026-08-08T09:09+00:00,1000002-B,Lecto-Escritura,(5) Grupo 5 - Clase Presencial,0
2026-08-08T09:09+00:00,1000002-B,Lecto-Escritura,(6) Grupo 6 - Clase Presencial,0
2026-08-08T09:09+00:00,1000002-B,Lecto-Escritura,(7) Grupo 7 - Clase Presencial,0
2026-08-08T09:09+00:00,1000002-B,Lecto-Escritura,(8) Grupo 8 - Clase Presencial,0
2026-08-08T09:09+00:00,1000002-B,Lecto-Escritura,(9) Grupo 9 - Clase Presencial,10
2026-08-08T09:09+00:00,1000001-B,Matemáticas Básicas,(1) Grupo 1,0
2026-08-08T09:09+00:00,1000001-B,Matemáticas Básicas,(19) Grupo 19,5
2026-08-08T09:09+00:00,1000001-B,Matemáticas Básicas,(2) Grupo 2,10
2026-08-08T09:09+00:00,1000001-B,Matemáticas Básicas,(1) Grupo 1,0
2026-08-08T09:09+00:00,1000001-B,Matemáticas Básicas,(10) Grupo 10,0
2026-08-08T09:09+00:00,1000001-B,Matemáticas Básicas,(2) Grupo 2,0
2026-08-08T09:09+00:00,1000001-B,Matemáticas Básicas,(3) Grupo 3,0
2026-08-08T09:09+00:00,1000001-B,Matemáticas Básicas,(4) Grupo 4,0
2026-08-08T09:09+00:00,1000001-B,Matemáticas Básicas,(5) Grupo 5,0
2026-08-08T09:09+00:00,1000001-B,Matemáticas Básicas,(6) Grupo 6,0
2026-08-08T09:09+00:00,1000001-B,Matemáticas Básicas,(7) Grupo 7,0
2026-08-08T09:09+00:00,1000001-B,Matemáticas Básicas,(8) Grupo 8,0
2026-08-08T09:09+00:00,1000001-B,Matemáticas Básicas,(9) Grupo 9,10
2026-08-08T09:09+00:00,2015965,Materiales para construcción,(1) Grupo 1,24
2026-08-08T09:09+00:00,2015965,Materiales para construcción,(2) Grupo 2,24
2026-08-08T09:09+00:00,2015965,Materiales para construcción,(3) Grupo 3,24
2026-08-08T09:09+00:00,2015965,Materiales para construcción,(4) Grupo 4,24
2026-08-08T09:09+00:00,2015966,Mecánica de fluidos,(1) Grupo 1,24
2026-08-08T09:09+00:00,2015966,Mecánica de fluidos,(2) Grupo 2,24
2026-08-08T09:09+00:00,2015966,Mecánica de fluidos,(3) Grupo 3,24
2026-08-08T09:09+00:00,2015966,Mecánica de fluidos,(4) Grupo 4,24
2026-08-08T09:09+00:00,2015966,Mecánica de fluidos,(5) Grupo 5,24
2026-08-08T09:09+00:00,2015966,Mecánica de fluidos,(6) Grupo 6,24
2026-08-08T09:09+00:00,2015966,Mecánica de fluidos,(7) Grupo 7,24
2026-08-08T09:09+00:00,2015966,Mecánica de fluidos,(8) Grupo 8,24
2026-08-08T09:09+00:00,2015967,Mecánica de Rocas,(1) Grupo 1,24
2026-08-08T09:09+00:00,2015968,Mecánica de sólidos,(1) Grupo 1,24
2026-08-08T09:09+00:00,2015968,Mecánica de sólidos,(2) Grupo 2,24
2026-08-08T09:09+00:00,2015968,Mecánica de sólidos,(3) Grupo 3,24
2026-08-08T09:09+00:00,2015968,Mecánica de sólidos,(4) Grupo 4,24
2026-08-08T09:09+00:00,2015968,Mecánica de sólidos,(5) Grupo 5,24
2026-08-08T09:09+00:00,2015968,Mecánica de sólidos,(6) Grupo 6,24
2026-08-08T09:09+00:00,2015968,Mecánica de sólidos,(7) Grupo 7,0
2026-08-08T09:09+00:00,2015969,Mecánica de suelos,(1) Grupo 1 (Inglés),30
2026-08-08T09:09+00:00,2015969,Mecánica de suelos,(2) Grupo 2,30
2026-08-08T09:09+00:00,2015969,Mecánica de suelos,(3) Grupo 3,30
2026-08-08T09:09+00:00,2015969,Mecánica de suelos,(4) Grupo 4,30
2026-08-08T09:09+00:00,2015970,Métodos numéricos,(4) Grupo 4,30
2026-08-08T09:09+00:00,2015970,Métodos numéricos,(5) Grupo 5,45
2026-08-08T09:09+00:00,2015970,Métodos numéricos,(8) Grupo 8,30
2026-08-08T09:09+00:00,2015970,Métodos numéricos,(9) Grupo 9,45
2026-08-08T09:09+00:00,2017293,Modelación matemática,(1) 2017293-1 Modelación matemática,34
2026-08-08T09:09+00:00,2017293,Modelación matemática,(2) 2017293-2 Modelación matemática,34
2026-08-08T09:09+00:00,2017293,Modelación matemática,(1M) 2017293-1M Modelación matemática - Magistral,80
2026-08-08T09:09+00:00,2015971,Pavimentos,(1) Grupo 1,30
2026-08-08T09:09+00:00,2015971,Pavimentos,(2) Grupo 2,30
2026-08-08T09:09+00:00,2015971,Pavimentos,(3) Grupo 3,30
2026-08-08T09:09+00:00,2015972,Preparación y evaluación de proyectos de infraestructura,(1) Grupo 1,15
2026-08-08T09:09+00:00,2015972,Preparación y evaluación de proyectos de infraestructura,(2) Grupo 2,15
2026-08-08T09:09+00:00,2015972,Preparación y evaluación de proyectos de infraestructura,(3) Grupo 3,15
2026-08-08T09:09+00:00,1000024-B,Principios de química,(12) Grupo 12,0
2026-08-08T09:09+00:00,1000024-B,Principios de química,(13) Grupo 13,0
2026-08-08T09:09+00:00,1000024-B,Principios de química,(14) Grupo 14,10
2026-08-08T09:09+00:00,1000013-B,Probabilidad y estadística fundamental,(1) Grupo 1,0
2026-08-08T09:09+00:00,1000013-B,Probabilidad y estadística fundamental,(10) Grupo 10,35
2026-08-08T09:09+00:00,1000013-B,Probabilidad y estadística fundamental,(11) Grupo 11,40
2026-08-08T09:09+00:00,1000013-B,Probabilidad y estadística fundamental,(12) Grupo 12,40
2026-08-08T09:09+00:00,1000013-B,Probabilidad y estadística fundamental,(13) Grupo 13,30
2026-08-08T09:09+00:00,1000013-B,Probabilidad y estadística fundamental,(14) Grupo 14,45
2026-08-08T09:09+00:00,1000013-B,Probabilidad y estadística fundamental,(16) Grupo 16,30
2026-08-08T09:09+00:00,1000013-B,Probabilidad y estadística fundamental,(2) Grupo 2,40
2026-08-08T09:09+00:00,1000013-B,Probabilidad y estadística fundamental,(22) Grupo 22,45
2026-08-08T09:09+00:00,1000013-B,Probabilidad y estadística fundamental,(23) Grupo 23,0
2026-08-08T09:09+00:00,1000013-B,Probabilidad y estadística fundamental,(3) Grupo 3,40
2026-08-08T09:09+00:00,1000013-B,Probabilidad y estadística fundamental,(4) Grupo 4,40
2026-08-08T09:09+00:00,1000013-B,Probabilidad y estadística fundamental,(5) Grupo 5,35
2026-08-08T09:09+00:00,1000013-B,Probabilidad y estadística fundamental,(6) Grupo 6,35
2026-08-08T09:09+00:00,1000013-B,Probabilidad y estadística fundamental,(7) Grupo 7,40
2026-08-08T09:09+00:00,2015734,Programación de computadores,(1) Grupo 1,6
2026-08-08T09:09+00:00,2015734,Programación de computadores,(10) Grupo 10,4
2026-08-08T09:09+00:00,2015734,Programación de computadores,(11) Grupo 11,0
2026-08-08T09:09+00:00,2015734,Programación de computadores,(12) Grupo 12,1
2026-08-08T09:09+00:00,2015734,Programación de computadores,(13) Grupo 13,4
2026-08-08T09:09+00:00,2015734,Programación de computadores,(14) Grupo 14,0
2026-08-08T09:09+00:00,2015734,Programación de computadores,(2) Grupo 2,16
2026-08-08T09:09+00:00,2015734,Programación de computadores,(3) Grupo 3,0
2026-08-08T09:09+00:00,2015734,Programación de computadores,(4) Grupo 4,0
2026-08-08T09:09+00:00,2015734,Programación de computadores,(5) Grupo 5,0
2026-08-08T09:09+00:00,2015734,Programación de computadores,(6) Grupo 6,8
2026-08-08T09:09+00:00,2015734,Programación de computadores,(7) Grupo 7,3
2026-08-08T09:09+00:00,2015734,Programación de computadores,(8) Grupo 8 - Virtual,30
2026-08-08T09:09+00:00,2015734,Programación de computadores,(9) Grupo 9,18
2026-08-08T09:09+00:00,2015973,Saneamiento ambiental,(1) Grupo 1,25
2026-08-08T09:09+00:00,2015973,Saneamiento ambiental,(2) Grupo 2,25
2026-08-08T09:09+00:00,2015973,Saneamiento ambiental,(3) Grupo 3,25
2026-08-08T09:09+00:00,2022761,SIG para Ingeniería Civil,(1) Grupo 1,15
2026-08-08T09:09+00:00,2022761,SIG para Ingeniería Civil,(2) Grupo 2,15
2026-08-08T09:09+00:00,2022761,SIG para Ingeniería Civil,(3) Grupo 3,15
2026-08-08T09:09+00:00,2015296,Trabajo de Grado,(1) Grupo 1,5
2026-08-08T09:09+00:00,2015296,Trabajo de Grado,(10) Grupo 10,5
2026-08-08T09:09+00:00,2015296,Trabajo de Grado,(11) Grupo 11,5
2026-08-08T09:09+00:00,2015296,Trabajo de Grado,(12) Grupo 12,5
2026-08-08T09:09+00:00,2015296,Trabajo de Grado,(13) Grupo 13,5
2026-08-08T09:09+00:00,2015296,Trabajo de Grado,(14) Grupo 14,5
2026-08-08T09:09+00:00,2015296,Trabajo de Grado,(15) Grupo 15,5
2026-08-08T09:09+00:00,2015296,Trabajo de Grado,(16) Grupo 16,5
2026-08-08T09:09+00:00,2015296,Trabajo de Grado,(17) Grupo 17,5
2026-08-08T09:09+00:00,2015296,Trabajo de Grado,(18) Grupo 18,5
2026-08-08T09:09+00:00,2015296,Trabajo de Grado,(19) Grupo 19,0
2026-08-08T09:09+00:00,2015296,Trabajo de Grado,(2) Grupo 2,5
2026-08-08T09:09+00:00,2015296,Trabajo de Grado,(3) Grupo 3,5
2026-08-08T09:09+00:00,2015296,Trabajo de Grado,(4) Grupo 4,5
2026-08-08T09:09+00:00,2015296,Trabajo de Grado,(5) Grupo 5,5
2026-08-08T09:09+00:00,2015296,Trabajo de Grado,(6) Grupo 6,5
2026-08-08T09:09+00:00,2015296,Trabajo de Grado,(7) Grupo 7,5
2026-08-08T09:09+00:00,2015296,Trabajo de Grado,(8) Grupo 8,5
2026-08-08T09:09+00:00,2015296,Trabajo de Grado,(9) Grupo 9,5
2026-08-08T10:58+00:00,2015938,Acueductos,(1) Grupo 1,25
2026-08-08T10:58+00:00,2015938,Acueductos,(2) Grupo 2,25
2026-08-08T10:58+00:00,2015938,Acueductos,(3) Grupo 3,25
2026-08-08T10:58+00:00,2015938,Acueductos,(4) Grupo 4,24
2026-08-08T10:58+00:00,2015939,Alcantarillados,(1) Grupo 1,25
2026-08-08T10:58+00:00,2015939,Alcantarillados,(2) Grupo 2,25
2026-08-08T10:58+00:00,2015939,Alcantarillados,(3) Grupo 3,25
2026-08-08T10:58+00:00,2015939,Alcantarillados,(4) Grupo 4,25
2026-08-08T10:58+00:00,2015940,Análisis estructural aplicado,(1) Grupo 1,24
2026-08-08T10:58+00:00,2015940,Análisis estructural aplicado,(2) Grupo 2,24
2026-08-08T10:58+00:00,2015940,Análisis estructural aplicado,(3) Grupo 3,24
2026-08-08T10:58+00:00,2015941,Análisis estructural básico,(1) Grupo 1,30
2026-08-08T10:58+00:00,2015941,Análisis estructural básico,(2) Grupo 2,30
2026-08-08T10:58+00:00,2015941,Análisis estructural básico,(3) Grupo 3,30
2026-08-08T10:58+00:00,2015941,Análisis estructural básico,(4) Grupo 4,30
2026-08-08T10:58+00:00,1000004-B,Cálculo diferencial,(10) Grupo 10,53
2026-08-08T10:58+00:00,1000004-B,Cálculo diferencial,(11) Grupo 11,24
2026-08-08T10:58+00:00,1000004-B,Cálculo diferencial,(12) Grupo 12,24
2026-08-08T10:58+00:00,1000004-B,Cálculo diferencial,(13) Grupo 13,16
2026-08-08T10:58+00:00,1000004-B,Cálculo diferencial,(14) Grupo 14,90
2026-08-08T10:58+00:00,1000004-B,Cálculo diferencial,(16) Grupo 16,27
2026-08-08T10:58+00:00,1000004-B,Cálculo diferencial,(17) Grupo 17,39
2026-08-08T10:58+00:00,1000004-B,Cálculo diferencial,(19) Grupo 19,59
2026-08-08T10:58+00:00,1000004-B,Cálculo diferencial,(2) Grupo 2,24
2026-08-08T10:58+00:00,1000004-B,Cálculo diferencial,(20) Grupo 20,10
2026-08-08T10:58+00:00,1000004-B,Cálculo diferencial,(21) Grupo 21,60
2026-08-08T10:58+00:00,1000004-B,Cálculo diferencial,(22) Grupo 22,60
2026-08-08T10:58+00:00,1000004-B,Cálculo diferencial,(24) Grupo 24,60
2026-08-08T10:58+00:00,1000004-B,Cálculo diferencial,(25) Grupo 25,40
2026-08-08T10:58+00:00,1000004-B,Cálculo diferencial,(27) Grupo 27,51
2026-08-08T10:58+00:00,1000004-B,Cálculo diferencial,(28) Grupo 28,60
2026-08-08T10:58+00:00,1000004-B,Cálculo diferencial,(29) Grupo 29,60
2026-08-08T10:58+00:00,1000004-B,Cálculo diferencial,(30) Grupo 30,60
2026-08-08T10:58+00:00,1000004-B,Cálculo diferencial,(32) Grupo 32,90
2026-08-08T10:58+00:00,1000004-B,Cálculo diferencial,(4) Grupo 4,37
2026-08-08T10:58+00:00,1000004-B,Cálculo diferencial,(5) Grupo 5,84
2026-08-08T10:58+00:00,1000004-B,Cálculo diferencial,(7) Grupo 7,64
2026-08-08T10:58+00:00,1000004-B,Cálculo diferencial,(8) Grupo 8,40
2026-08-08T10:58+00:00,1000004-B,Cálculo diferencial,(9) Grupo 9,18
2026-08-08T10:58+00:00,1000006-B,Cálculo en varias variables,(1) Grupo 1,40
2026-08-08T10:58+00:00,1000006-B,Cálculo en varias variables,(10) Grupo 10,100
2026-08-08T10:58+00:00,1000006-B,Cálculo en varias variables,(11) Grupo 11,40
2026-08-08T10:58+00:00,1000006-B,Cálculo en varias variables,(12) Grupo 12,60
2026-08-08T10:58+00:00,1000006-B,Cálculo en varias variables,(13) Grupo 13,40
2026-08-08T10:58+00:00,1000006-B,Cálculo en varias variables,(14) Grupo 14,60
2026-08-08T10:58+00:00,1000006-B,Cálculo en varias variables,(15) Grupo 15,112
2026-08-08T10:58+00:00,1000006-B,Cálculo en varias variables,(2) Grupo 2,40
2026-08-08T10:58+00:00,1000006-B,Cálculo en varias variables,(3) Grupo 3,40
2026-08-08T10:58+00:00,1000006-B,Cálculo en varias variables,(4) Grupo 4,100
2026-08-08T10:58+00:00,1000006-B,Cálculo en varias variables,(5) Grupo 5,40
2026-08-08T10:58+00:00,1000006-B,Cálculo en varias variables,(7) Grupo 7,70
2026-08-08T10:58+00:00,1000006-B,Cálculo en varias variables,(8) Grupo 8,60
2026-08-08T10:58+00:00,1000006-B,Cálculo en varias variables,(9) Grupo 9,0
2026-08-08T10:58+00:00,1000005-B,Cálculo Integral,(1) Grupo 1,0
2026-08-08T10:58+00:00,1000005-B,Cálculo Integral,(10) Grupo 10,50
2026-08-08T10:58+00:00,1000005-B,Cálculo Integral,(14) Grupo 14,40
2026-08-08T10:58+00:00,1000005-B,Cálculo Integral,(15) Grupo 15,60
2026-08-08T10:58+00:00,1000005-B,Cálculo Integral,(16) Grupo 16,70
2026-08-08T10:58+00:00,1000005-B,Cálculo Integral,(17) Grupo 17,40
2026-08-08T10:58+00:00,1000005-B,Cálculo Integral,(2) Grupo 2,60
2026-08-08T10:58+00:00,1000005-B,Cálculo Integral,(20) Grupo 20,40
2026-08-08T10:58+00:00,1000005-B,Cálculo Integral,(22) Grupo 22,60
2026-08-08T10:58+00:00,1000005-B,Cálculo Integral,(3) Grupo 3,70
2026-08-08T10:58+00:00,1000005-B,Cálculo Integral,(4) Grupo 4,60
2026-08-08T10:58+00:00,1000005-B,Cálculo Integral,(6) Grupo 6,60
2026-08-08T10:58+00:00,1000005-B,Cálculo Integral,(7) Grupo 7,100
2026-08-08T10:58+00:00,1000005-B,Cálculo Integral,(8) Grupo 8,40
2026-08-08T10:58+00:00,1000005-B,Cálculo Integral,(9) Grupo 9,10
2026-08-08T10:58+00:00,2015943,Construcción de edificaciones,(1) Grupo 1,15
2026-08-08T10:58+00:00,2015944,Construcción de Infraestructura Vial,(1) Grupo 1,15
2026-08-08T10:58+00:00,2015711,Dibujo básico,(10) 2015711-10 Dibujo básico,0
2026-08-08T10:58+00:00,2015711,Dibujo básico,(11) 2015711-11 Dibujo básico,0
2026-08-08T10:58+00:00,2015711,Dibujo básico,(14) 2015711-14 Dibujo básico,0
2026-08-08T10:58+00:00,2015711,Dibujo básico,(16) 2015711-16 Dibujo básico,0
2026-08-08T10:58+00:00,2015711,Dibujo básico,(4) 2015711-4 Dibujo básico,9
2026-08-08T10:58+00:00,2015711,Dibujo básico,(5) 2015711-5 Dibujo básico,0
2026-08-08T10:58+00:00,2015711,Dibujo básico,(7) 2015711-7 Dibujo básico,20
2026-08-08T10:58+00:00,2015711,Dibujo básico,(8) 2015711-8 Dibujo básico,0
2026-08-08T10:58+00:00,2015711,Dibujo básico,(9) 2015711-9 Dibujo básico,0
2026-08-08T10:58+00:00,2015948,Dinámica,(1) Grupo 1,30
2026-08-08T10:58+00:00,2015948,Dinámica,(2) Grupo 2,30
2026-08-08T10:58+00:00,2015948,Dinámica,(3) Grupo 3,30
2026-08-08T10:58+00:00,2015950,Diseño estructural,(1) Grupo 1,25
2026-08-08T10:58+00:00,2015950,Diseño estructural,(2) Grupo 2,0
2026-08-08T10:58+00:00,2015950,Diseño estructural,(3) Grupo 3,25
2026-08-08T10:58+00:00,2015950,Diseño estructural,(4) Grupo 4,25
2026-08-08T10:58+00:00,2015950,Diseño estructural,(5) Grupo 5,25
2026-08-08T10:58+00:00,2015949,Diseño geométrico de Vías,(1) Grupo 1,30
2026-08-08T10:58+00:00,2015949,Diseño geométrico de Vías,(2) Grupo 2,30
2026-08-08T10:58+00:00,2015949,Diseño geométrico de Vías,(3) Grupo 3,30
2026-08-08T10:58+00:00,1000007-B,Ecuaciones Diferenciales,(1) Grupo 1,60
2026-08-08T10:58+00:00,1000007-B,Ecuaciones Diferenciales,(11) Grupo 11,60
2026-08-08T10:58+00:00,1000007-B,Ecuaciones Diferenciales,(12) Grupo 12,60
2026-08-08T10:58+00:00,1000007-B,Ecuaciones Diferenciales,(13) Grupo 13,40
2026-08-08T10:58+00:00,1000007-B,Ecuaciones Diferenciales,(14) Grupo 14,100
2026-08-08T10:58+00:00,1000007-B,Ecuaciones Diferenciales,(3) Grupo 3,40
2026-08-08T10:58+00:00,1000007-B,Ecuaciones Diferenciales,(4) Grupo 4,60
2026-08-08T10:58+00:00,1000007-B,Ecuaciones Diferenciales,(6) Grupo 6,50
2026-08-08T10:58+00:00,1000007-B,Ecuaciones Diferenciales,(7) Grupo 7,40
2026-08-08T10:58+00:00,1000007-B,Ecuaciones Diferenciales,(9) Grupo 9,0
2026-08-08T10:58+00:00,2026134,Estática,(1) Grupo 1,0
2026-08-08T10:58+00:00,2026134,Estática,(2) Grupo 2,30
2026-08-08T10:58+00:00,2026134,Estática,(3) Grupo 3,30
2026-08-08T10:58+00:00,2026134,Estática,(4) Grupo 4,30
2026-08-08T10:58+00:00,2026134,Estática,(5) Grupo 5,30
2026-08-08T10:58+00:00,2026134,Estática,(6) Grupo 6,30
2026-08-08T10:58+00:00,2015954,Estructuras hidráulicas,(1) Grupo 1,30
2026-08-08T10:58+00:00,2015954,Estructuras hidráulicas,(2) Grupo 2,30
2026-08-08T10:58+00:00,2015954,Estructuras hidráulicas,(3) Grupo 3,30
2026-08-08T10:58+00:00,2015955,Fundamentos de construcción,(1) Grupo 1,30
2026-08-08T10:58+00:00,2015955,Fundamentos de construcción,(2) Grupo 2,30
2026-08-08T10:58+00:00,2015955,Fundamentos de construcción,(3) Grupo 3,30
2026-08-08T10:58+00:00,1000011-B,Fundamentos de ecología,(1) Grupo 1,118
2026-08-08T10:58+00:00,1000011-B,Fundamentos de ecología,(3) Grupo 3,12
2026-08-08T10:58+00:00,1000019-B,Fundamentos de mecánica,(1) Grupo 1,35
2026-08-08T10:58+00:00,1000019-B,Fundamentos de mecánica,(10) Grupo 10,35
2026-08-08T10:58+00:00,1000019-B,Fundamentos de mecánica,(11) Grupo 11,35
2026-08-08T10:58+00:00,1000019-B,Fundamentos de mecánica,(12) Grupo 12,35
2026-08-08T10:58+00:00,1000019-B,Fundamentos de mecánica,(13) Grupo 13,35
2026-08-08T10:58+00:00,1000019-B,Fundamentos de mecánica,(14) Grupo 14,35
2026-08-08T10:58+00:00,1000019-B,Fundamentos de mecánica,(15) Grupo 15,32
2026-08-08T10:58+00:00,1000019-B,Fundamentos de mecánica,(16) Grupo 16,35
2026-08-08T10:58+00:00,1000019-B,Fundamentos de mecánica,(17) Grupo 17,34
2026-08-08T10:58+00:00,1000019-B,Fundamentos de mecánica,(18) Grupo 18,34
2026-08-08T10:58+00:00,1000019-B,Fundamentos de mecánica,(19) Grupo 19,32
2026-08-08T10:58+00:00,1000019-B,Fundamentos de mecánica,(2) Grupo 2,35
2026-08-08T10:58+00:00,1000019-B,Fundamentos de mecánica,(20) Grupo 20,35
2026-08-08T10:58+00:00,1000019-B,Fundamentos de mecánica,(21) Grupo 21,35
2026-08-08T10:58+00:00,1000019-B,Fundamentos de mecánica,(22) Grupo 22,35
2026-08-08T10:58+00:00,1000019-B,Fundamentos de mecánica,(23) Grupo 23,35
2026-08-08T10:58+00:00,1000019-B,Fundamentos de mecánica,(24) Grupo 24,35
2026-08-08T10:58+00:00,1000019-B,Fundamentos de mecánica,(25) Grupo 25,45
2026-08-08T10:58+00:00,1000019-B,Fundamentos de mecánica,(26) Grupo 26 (VIRTUAL),50
2026-08-08T10:58+00:00,1000019-B,Fundamentos de mecánica,(27) Grupo 27 (VIRTUAL),50
2026-08-08T10:58+00:00,1000019-B,Fundamentos de mecánica,(28) Grupo 28 (VIRTUAL),50
2026-08-08T10:58+00:00,1000019-B,Fundamentos de mecánica,(29) Grupo 29 (VIRTUAL),50
2026-08-08T10:58+00:00,1000019-B,Fundamentos de mecánica,(3) Grupo 3,35
2026-08-08T10:58+00:00,1000019-B,Fundamentos de mecánica,(4) Grupo 4,35
2026-08-08T10:58+00:00,1000019-B,Fundamentos de mecánica,(5) Grupo 5,35
2026-08-08T10:58+00:00,1000019-B,Fundamentos de mecánica,(6) Grupo 6,35
2026-08-08T10:58+00:00,1000019-B,Fundamentos de mecánica,(7) Grupo 7,35
2026-08-08T10:58+00:00,1000019-B,Fundamentos de mecánica,(8) Grupo 8,35
2026-08-08T10:58+00:00,1000019-B,Fundamentos de mecánica,(9) Grupo 9,0
2026-08-08T10:58+00:00,1000019-B,Fundamentos de mecánica,(1) Grupo 1,35
2026-08-08T10:58+00:00,1000019-B,Fundamentos de mecánica,(10) Grupo 10,35
2026-08-08T10:58+00:00,1000019-B,Fundamentos de mecánica,(11) Grupo 11,35
2026-08-08T10:58+00:00,1000019-B,Fundamentos de mecánica,(12) Grupo 12,35
2026-08-08T10:58+00:00,1000019-B,Fundamentos de mecánica,(13) Grupo 13,35
2026-08-08T10:58+00:00,1000019-B,Fundamentos de mecánica,(14) Grupo 14,35
2026-08-08T10:58+00:00,1000019-B,Fundamentos de mecánica,(15) Grupo 15,32
2026-08-08T10:58+00:00,1000019-B,Fundamentos de mecánica,(16) Grupo 16,35
2026-08-08T10:58+00:00,1000019-B,Fundamentos de mecánica,(17) Grupo 17,34
2026-08-08T10:58+00:00,1000019-B,Fundamentos de mecánica,(18) Grupo 18,34
2026-08-08T10:58+00:00,1000019-B,Fundamentos de mecánica,(19) Grupo 19,32
2026-08-08T10:58+00:00,1000019-B,Fundamentos de mecánica,(2) Grupo 2,35
2026-08-08T10:58+00:00,1000019-B,Fundamentos de mecánica,(20) Grupo 20,35
2026-08-08T10:58+00:00,1000019-B,Fundamentos de mecánica,(21) Grupo 21,35
2026-08-08T10:58+00:00,1000019-B,Fundamentos de mecánica,(22) Grupo 22,35
2026-08-08T10:58+00:00,1000019-B,Fundamentos de mecánica,(23) Grupo 23,35
2026-08-08T10:58+00:00,1000019-B,Fundamentos de mecánica,(24) Grupo 24,35
2026-08-08T10:58+00:00,1000019-B,Fundamentos de mecánica,(25) Grupo 25,45
2026-08-08T10:58+00:00,1000019-B,Fundamentos de mecánica,(26) Grupo 26 (VIRTUAL),50
2026-08-08T10:58+00:00,1000019-B,Fundamentos de mecánica,(27) Grupo 27 (VIRTUAL),50
2026-08-08T10:58+00:00,1000019-B,Fundamentos de mecánica,(28) Grupo 28 (VIRTUAL),50
2026-08-08T10:58+00:00,1000019-B,Fundamentos de mecánica,(29) Grupo 29 (VIRTUAL),50
2026-08-08T10:58+00:00,1000019-B,Fundamentos de mecánica,(3) Grupo 3,35
2026-08-08T10:58+00:00,1000019-B,Fundamentos de mecánica,(4) Grupo 4,35
2026-08-08T10:58+00:00,1000019-B,Fundamentos de mecánica,(5) Grupo 5,35
2026-08-08T10:58+00:00,1000019-B,Fundamentos de mecánica,(6) Grupo 6,35
2026-08-08T10:58+00:00,1000019-B,Fundamentos de mecánica,(7) Grupo 7,35
2026-08-08T10:58+00:00,1000019-B,Fundamentos de mecánica,(8) Grupo 8,35
2026-08-08T10:58+00:00,1000019-B,Fundamentos de mecánica,(9) Grupo 9,10
2026-08-08T10:58+00:00,1000019-B,Fundamentos de mecánica,(16) Gruop 16,8
2026-08-08T10:58+00:00,1000019-B,Fundamentos de mecánica,(1) Grupo 1,35
2026-08-08T10:58+00:00,1000019-B,Fundamentos de mecánica,(10) Grupo 10,35
2026-08-08T10:58+00:00,1000019-B,Fundamentos de mecánica,(11) Grupo 11,35
2026-08-08T10:58+00:00,1000019-B,Fundamentos de mecánica,(12) Grupo 12,35
2026-08-08T10:58+00:00,1000019-B,Fundamentos de mecánica,(13) Grupo 13,35
2026-08-08T10:58+00:00,1000019-B,Fundamentos de mecánica,(14) Grupo 14,35
2026-08-08T10:58+00:00,1000019-B,Fundamentos de mecánica,(15) Grupo 15,32
2026-08-08T10:58+00:00,1000019-B,Fundamentos de mecánica,(17) Grupo 17,34
2026-08-08T10:58+00:00,1000019-B,Fundamentos de mecánica,(18) Grupo 18,34
2026-08-08T10:58+00:00,1000019-B,Fundamentos de mecánica,(19) Grupo 19,32
2026-08-08T10:58+00:00,1000019-B,Fundamentos de mecánica,(2) Grupo 2,35
2026-08-08T10:58+00:00,1000019-B,Fundamentos de mecánica,(20) Grupo 20,35
2026-08-08T10:58+00:00,1000019-B,Fundamentos de mecánica,(21) Grupo 21,35
2026-08-08T10:58+00:00,1000019-B,Fundamentos de mecánica,(22) Grupo 22,35
2026-08-08T10:58+00:00,1000019-B,Fundamentos de mecánica,(23) Grupo 23,35
2026-08-08T10:58+00:00,1000019-B,Fundamentos de mecánica,(24) Grupo 24,35
2026-08-08T10:58+00:00,1000019-B,Fundamentos de mecánica,(25) Grupo 25,45
2026-08-08T10:58+00:00,1000019-B,Fundamentos de mecánica,(26) Grupo 26 (VIRTUAL),50
2026-08-08T10:58+00:00,1000019-B,Fundamentos de mecánica,(27) Grupo 27 (VIRTUAL),50
2026-08-08T10:58+00:00,1000019-B,Fundamentos de mecánica,(28) Grupo 28 (VIRTUAL),50
2026-08-08T10:58+00:00,1000019-B,Fundamentos de mecánica,(29) Grupo 29 (VIRTUAL),50
2026-08-08T10:58+00:00,1000019-B,Fundamentos de mecánica,(3) Grupo 3,35
2026-08-08T10:58+00:00,1000019-B,Fundamentos de mecánica,(4) Grupo 4,35
2026-08-08T10:58+00:00,1000019-B,Fundamentos de mecánica,(5) Grupo 5,35
2026-08-08T10:58+00:00,1000019-B,Fundamentos de mecánica,(6) Grupo 6,35
2026-08-08T10:58+00:00,1000019-B,Fundamentos de mecánica,(7) Grupo 7,35
2026-08-08T10:58+00:00,1000019-B,Fundamentos de mecánica,(8) Grupo 8,35
2026-08-08T10:58+00:00,1000019-B,Fundamentos de mecánica,(9) Grupo 9,10
2026-08-08T10:58+00:00,2015956,Geología,(1) Grupo 1,35
2026-08-08T10:58+00:00,2015956,Geología,(2) Grupo 2,30
2026-08-08T10:58+00:00,2015956,Geología,(3) Grupo 3,30
2026-08-08T10:58+00:00,2015956,Geología,(4) Grupo 4,35
2026-08-08T10:58+00:00,2015957,Geomática Aplicada,(1) Grupo 1,30
2026-08-08T10:58+00:00,2015957,Geomática Aplicada,(2) Grupo 2,30
2026-08-08T10:58+00:00,2015957,Geomática Aplicada,(3) Grupo 3,30
2026-08-08T10:58+00:00,2015957,Geomática Aplicada,(4) Grupo 4,30
2026-08-08T10:58+00:00,2015958,Geomática básica,(1) Grupo 1,20
2026-08-08T10:58+00:00,2015958,Geomática básica,(2) Grupo 2,20
2026-08-08T10:58+00:00,2015958,Geomática básica,(3) Grupo 3,30
2026-08-08T10:58+00:00,2015958,Geomática básica,(4) Grupo 4,20
2026-08-08T10:58+00:00,2015958,Geomática básica,(5) Grupo 5,20
2026-08-08T10:58+00:00,2015958,Geomática básica,(6) Grupo 6,20
2026-08-08T10:58+00:00,2015958,Geomática básica,(7) Grupo 7,20
2026-08-08T10:58+00:00,2015958,Geomática básica,(8) Grupo 8,20
2026-08-08T10:58+00:00,2015958,Geomática básica,(9) Grupo 9,20
2026-08-08T10:58+00:00,2015958,Geomática básica,(1) Grupo 1,40
2026-08-08T10:58+00:00,2015958,Geomática básica,(3) Grupo 3,30
2026-08-08T10:58+00:00,2015958,Geomática básica,(4) Grupo 4,40
2026-08-08T10:58+00:00,2015958,Geomática básica,(6) Grupo 6,40
2026-08-08T10:58+00:00,2015958,Geomática básica,(8) Grupo 8,40
2026-08-08T10:58+00:00,2015959,Geotecnia,(1) Grupo 1,30
2026-08-08T10:58+00:00,2015959,Geotecnia,(2) Grupo 2,30
2026-08-08T10:58+00:00,2015959,Geotecnia,(3) Grupo 3,30
2026-08-08T10:58+00:00,2015959,Geotecnia,(4) Grupo 4,0
2026-08-08T10:58+00:00,2015961,Hidráulica básica,(1) Grupo 1,24
2026-08-08T10:58+00:00,2015961,Hidráulica básica,(2) Grupo 2,24
2026-08-08T10:58+00:00,2015961,Hidráulica básica,(3) Grupo 3,24
2026-08-08T10:58+00:00,2015961,Hidráulica básica,(4) Grupo 4,24
2026-08-08T10:58+00:00,2015961,Hidráulica básica,(5) Grupo 5,24
2026-08-08T10:58+00:00,2015961,Hidráulica básica,(6) Grupo 6,24
2026-08-08T10:58+00:00,2015978,Hidrología,(1) Grupo 1,0
2026-08-08T10:58+00:00,2015978,Hidrología,(2) Grupo 2,30
2026-08-08T10:58+00:00,2015978,Hidrología,(3) Grupo 3,30
2026-08-08T10:58+00:00,2015978,Hidrología,(4) Grupo 4,30
2026-08-08T10:58+00:00,2015978,Hidrología,(5) Grupo 5,30
2026-08-08T10:58+00:00,2026135,Ingeniería civil sostenible,(1) Grupo 1,25
2026-08-08T10:58+00:00,2026135,Ingeniería civil sostenible,(2) Grupo 2,25
2026-08-08T10:58+00:00,2026135,Ingeniería civil sostenible,(3) Grupo 3,25
2026-08-08T10:58+00:00,2015963,Ingeniería de Tránsito,(1) Grupo 1,30
2026-08-08T10:58+00:00,2015963,Ingeniería de Tránsito,(2) Grupo 2,30
2026-08-08T10:58+00:00,2015963,Ingeniería de Tránsito,(3) Grupo 3,30
2026-08-08T10:58+00:00,2026138,Ingenieria de transporte,(1) Grupo 1,30
2026-08-08T10:58+00:00,2026138,Ingenieria de transporte,(2) Grupo 2,30
2026-08-08T10:58+00:00,2026138,Ingenieria de transporte,(3) Grupo 3,30
2026-08-08T10:58+00:00,2015703,Ingeniería económica,(1) Grupo 1,40
2026-08-08T10:58+00:00,2015703,Ingeniería económica,(10) Grupo 10,30
2026-08-08T10:58+00:00,2015703,Ingeniería económica,(11) Grupo 11,30
2026-08-08T10:58+00:00,2015703,Ingeniería económica,(2) Grupo 2,40
2026-08-08T10:58+00:00,2015703,Ingeniería económica,(3) Grupo 3,40
2026-08-08T10:58+00:00,2015703,Ingeniería económica,(4) Grupo 4,30
2026-08-08T10:58+00:00,2015703,Ingeniería económica,(5) Grupo 5 - Virtual,60
2026-08-08T10:58+00:00,2015703,Ingeniería económica,(6) Grupo 6,40
2026-08-08T10:58+00:00,2015703,Ingeniería económica,(7) Grupo 7,20
2026-08-08T10:58+00:00,2015703,Ingeniería económica,(8) Grupo 8,40
2026-08-08T10:58+00:00,2015703,Ingeniería económica,(9) Grupo 9,35
2026-08-08T10:58+00:00,1000044-B,Inglés I- Semestral,(1) Grupo 1,26
2026-08-08T10:58+00:00,1000044-B,Inglés I- Semestral,(2) Grupo 2,26
2026-08-08T10:58+00:00,1000044-B,Inglés I- Semestral,(3) Grupo 3,26
2026-08-08T10:58+00:00,1000044-B,Inglés I- Semestral,(4) Grupo 4,26
2026-08-08T10:58+00:00,1000044-B,Inglés I- Semestral,(5) Grupo 5,26
2026-08-08T10:58+00:00,1000044-B,Inglés I- Semestral,(6) Grupo 6,26
2026-08-08T10:58+00:00,1000044-B,Inglés I- Semestral,(7) Grupo 7,26
2026-08-08T10:58+00:00,1000044-B,Inglés I- Semestral,(8) Grupo 8,26
2026-08-08T10:58+00:00,1000044-B,Inglés I- Semestral,(9) Grupo 9,7
2026-08-08T10:58+00:00,1000045-B,Inglés II - Semestral,(1) Grupo 1,10
2026-08-08T10:58+00:00,1000045-B,Inglés II - Semestral,(10) Grupo 10,26
2026-08-08T10:58+00:00,1000045-B,Inglés II - Semestral,(11) Grupo 11,26
2026-08-08T10:58+00:00,1000045-B,Inglés II - Semestral,(12) Grupo 12,26
2026-08-08T10:58+00:00,1000045-B,Inglés II - Semestral,(13) Grupo 13,26
2026-08-08T10:58+00:00,1000045-B,Inglés II - Semestral,(14) Grupo 14,26
2026-08-08T10:58+00:00,1000045-B,Inglés II - Semestral,(15) Grupo 15,26
2026-08-08T10:58+00:00,1000045-B,Inglés II - Semestral,(16) Grupo 16,26
2026-08-08T10:58+00:00,1000045-B,Inglés II - Semestral,(2) Grupo 2,26
2026-08-08T10:58+00:00,1000045-B,Inglés II - Semestral,(3) Grupo 3,26
2026-08-08T10:58+00:00,1000045-B,Inglés II - Semestral,(4) Grupo 4,26
2026-08-08T10:58+00:00,1000045-B,Inglés II - Semestral,(5) Grupo 5,26
2026-08-08T10:58+00:00,1000045-B,Inglés II - Semestral,(6) Grupo 6,26
2026-08-08T10:58+00:00,1000045-B,Inglés II - Semestral,(7) Grupo 7,26
2026-08-08T10:58+00:00,1000045-B,Inglés II - Semestral,(8) Grupo 8,26
2026-08-08T10:58+00:00,1000045-B,Inglés II - Semestral,(9) Grupo 9,15
2026-08-08T10:58+00:00,1000046-B,Inglés III - Semestral,(1) Grupo 1,26
2026-08-08T10:58+00:00,1000046-B,Inglés III - Semestral,(10) Grupo 10,26
2026-08-08T10:58+00:00,1000046-B,Inglés III - Semestral,(11) Grupo 11,26
2026-08-08T10:58+00:00,1000046-B,Inglés III - Semestral,(12) Grupo 12,26
2026-08-08T10:58+00:00,1000046-B,Inglés III - Semestral,(13) Grupo 13,26
2026-08-08T10:58+00:00,1000046-B,Inglés III - Semestral,(14) Grupo 14,26
2026-08-08T10:58+00:00,1000046-B,Inglés III - Semestral,(15) Grupo 15,26
2026-08-08T10:58+00:00,1000046-B,Inglés III - Semestral,(16) Grupo 16,26
2026-08-08T10:58+00:00,1000046-B,Inglés III - Semestral,(17) Grupo 17,26
2026-08-08T10:58+00:00,1000046-B,Inglés III - Semestral,(18) Grupo 18,26
2026-08-08T10:58+00:00,1000046-B,Inglés III - Semestral,(2) Grupo 2,26
2026-08-08T10:58+00:00,1000046-B,Inglés III - Semestral,(3) Grupo 3,26
2026-08-08T10:58+00:00,1000046-B,Inglés III - Semestral,(4) Grupo 4,26
2026-08-08T10:58+00:00,1000046-B,Inglés III - Semestral,(5) Grupo 5,26
2026-08-08T10:58+00:00,1000046-B,Inglés III - Semestral,(6) Grupo 6,26
2026-08-08T10:58+00:00,1000046-B,Inglés III - Semestral,(7) Grupo 7,26
2026-08-08T10:58+00:00,1000046-B,Inglés III - Semestral,(8) Grupo 8,26
2026-08-08T10:58+00:00,1000046-B,Inglés III - Semestral,(9) Grupo 9,10
2026-08-08T10:58+00:00,1000052-B,Inglés Intensivo I y II,(1) Grupo 1,28
2026-08-08T10:58+00:00,1000052-B,Inglés Intensivo I y II,(2) Grupo 2,28
2026-08-08T10:58+00:00,1000052-B,Inglés Intensivo I y II,(3) Grupo 3,28
2026-08-08T10:58+00:00,1000053-B,Inglés Intensivo III y IV,(1) Grupo 1,28
2026-08-08T10:58+00:00,1000053-B,Inglés Intensivo III y IV,(2) Grupo 2,28
2026-08-08T10:58+00:00,1000053-B,Inglés Intensivo III y IV,(3) Grupo 3,30
2026-08-08T10:58+00:00,1000053-B,Inglés Intensivo III y IV,(4) Grupo 4,30
2026-08-08T10:58+00:00,1000053-B,Inglés Intensivo III y IV,(5) Grupo 5,28
2026-08-08T10:58+00:00,1000053-B,Inglés Intensivo III y IV,(6) Grupo 6,28
2026-08-08T10:58+00:00,1000047-B,Inglés IV- Semestral,(1) Grupo 1,26
2026-08-08T10:58+00:00,1000047-B,Inglés IV- Semestral,(10) Grupo 10,26
2026-08-08T10:58+00:00,1000047-B,Inglés IV- Semestral,(11) Grupo 11,26
2026-08-08T10:58+00:00,1000047-B,Inglés IV- Semestral,(12) Grupo 12,26
2026-08-08T10:58+00:00,1000047-B,Inglés IV- Semestral,(13) Grupo 13,26
2026-08-08T10:58+00:00,1000047-B,Inglés IV- Semestral,(14) Grupo 14,26
2026-08-08T10:58+00:00,1000047-B,Inglés IV- Semestral,(15) Grupo 15,26
2026-08-08T10:58+00:00,1000047-B,Inglés IV- Semestral,(16) Grupo 16,26
2026-08-08T10:58+00:00,1000047-B,Inglés IV- Semestral,(17) Grupo 17,26
2026-08-08T10:58+00:00,1000047-B,Inglés IV- Semestral,(18) Grupo 18,26
2026-08-08T10:58+00:00,1000047-B,Inglés IV- Semestral,(19) Grupo 19,26
2026-08-08T10:58+00:00,1000047-B,Inglés IV- Semestral,(2) Grupo 2,26
2026-08-08T10:58+00:00,1000047-B,Inglés IV- Semestral,(20) Grupo 20,26
2026-08-08T10:58+00:00,1000047-B,Inglés IV- Semestral,(21) Grupo 21,26
2026-08-08T10:58+00:00,1000047-B,Inglés IV- Semestral,(22) Grupo 22,26
2026-08-08T10:58+00:00,1000047-B,Inglés IV- Semestral,(3) Grupo 3,26
2026-08-08T10:58+00:00,1000047-B,Inglés IV- Semestral,(4) Grupo 4,26
2026-08-08T10:58+00:00,1000047-B,Inglés IV- Semestral,(5) Grupo 5,26
2026-08-08T10:58+00:00,1000047-B,Inglés IV- Semestral,(6) Grupo 6,26
2026-08-08T10:58+00:00,1000047-B,Inglés IV- Semestral,(7) Grupo 7,26
2026-08-08T10:58+00:00,1000047-B,Inglés IV- Semestral,(8) Grupo 8,26
2026-08-08T10:58+00:00,1000047-B,Inglés IV- Semestral,(9) Grupo 9,15
2026-08-08T10:58+00:00,2026186,Introducción a la ingeniería civil,(1) Grupo 1,7
2026-08-08T10:58+00:00,2026186,Introducción a la ingeniería civil,(2) Grupo 2,0
2026-08-08T10:58+00:00,2026186,Introducción a la ingeniería civil,(4) Grupo 4,10
2026-08-08T10:58+00:00,1000002-B,Lecto-Escritura,(1) Grupo 1 - Clase Presencial,1
2026-08-08T10:58+00:00,1000002-B,Lecto-Escritura,(10) Grupo 10 - Clase presencial,0
2026-08-08T10:58+00:00,1000002-B,Lecto-Escritura,(2) Grupo 2 - Clase Presencial,0
2026-08-08T10:58+00:00,1000002-B,Lecto-Escritura,(3) Grupo 3 - Clase Presencial,0
2026-08-08T10:58+00:00,1000002-B,Lecto-Escritura,(4) Grupo 4 - Clase Presencial,0
2026-08-08T10:58+00:00,1000002-B,Lecto-Escritura,(5) Grupo 5 - Clase Presencial,0
2026-08-08T10:58+00:00,1000002-B,Lecto-Escritura,(6) Grupo 6 - Clase Presencial,0
2026-08-08T10:58+00:00,1000002-B,Lecto-Escritura,(7) Grupo 7 - Clase Presencial,0
2026-08-08T10:58+00:00,1000002-B,Lecto-Escritura,(8) Grupo 8 - Clase Presencial,0
2026-08-08T10:58+00:00,1000002-B,Lecto-Escritura,(9) Grupo 9 - Clase Presencial,10
2026-08-08T10:58+00:00,1000001-B,Matemáticas Básicas,(1) Grupo 1,0
2026-08-08T10:58+00:00,1000001-B,Matemáticas Básicas,(19) Grupo 19,5
2026-08-08T10:58+00:00,1000001-B,Matemáticas Básicas,(2) Grupo 2,10
2026-08-08T10:58+00:00,1000001-B,Matemáticas Básicas,(1) Grupo 1,0
2026-08-08T10:58+00:00,1000001-B,Matemáticas Básicas,(10) Grupo 10,0
2026-08-08T10:58+00:00,1000001-B,Matemáticas Básicas,(2) Grupo 2,0
2026-08-08T10:58+00:00,1000001-B,Matemáticas Básicas,(3) Grupo 3,0
2026-08-08T10:58+00:00,1000001-B,Matemáticas Básicas,(4) Grupo 4,0
2026-08-08T10:58+00:00,1000001-B,Matemáticas Básicas,(5) Grupo 5,0
2026-08-08T10:58+00:00,1000001-B,Matemáticas Básicas,(6) Grupo 6,0
2026-08-08T10:58+00:00,1000001-B,Matemáticas Básicas,(7) Grupo 7,0
2026-08-08T10:58+00:00,1000001-B,Matemáticas Básicas,(8) Grupo 8,0
2026-08-08T10:58+00:00,1000001-B,Matemáticas Básicas,(9) Grupo 9,10
2026-08-08T10:58+00:00,2015965,Materiales para construcción,(1) Grupo 1,24
2026-08-08T10:58+00:00,2015965,Materiales para construcción,(2) Grupo 2,24
2026-08-08T10:58+00:00,2015965,Materiales para construcción,(3) Grupo 3,24
2026-08-08T10:58+00:00,2015965,Materiales para construcción,(4) Grupo 4,24
2026-08-08T10:58+00:00,2015966,Mecánica de fluidos,(1) Grupo 1,24
2026-08-08T10:58+00:00,2015966,Mecánica de fluidos,(2) Grupo 2,24
2026-08-08T10:58+00:00,2015966,Mecánica de fluidos,(3) Grupo 3,24
2026-08-08T10:58+00:00,2015966,Mecánica de fluidos,(4) Grupo 4,24
2026-08-08T10:58+00:00,2015966,Mecánica de fluidos,(5) Grupo 5,24
2026-08-08T10:58+00:00,2015966,Mecánica de fluidos,(6) Grupo 6,24
2026-08-08T10:58+00:00,2015966,Mecánica de fluidos,(7) Grupo 7,24
2026-08-08T10:58+00:00,2015966,Mecánica de fluidos,(8) Grupo 8,24
2026-08-08T10:58+00:00,2015967,Mecánica de Rocas,(1) Grupo 1,24
2026-08-08T10:58+00:00,2015968,Mecánica de sólidos,(1) Grupo 1,24
2026-08-08T10:58+00:00,2015968,Mecánica de sólidos,(2) Grupo 2,24
2026-08-08T10:58+00:00,2015968,Mecánica de sólidos,(3) Grupo 3,24
2026-08-08T10:58+00:00,2015968,Mecánica de sólidos,(4) Grupo 4,24
2026-08-08T10:58+00:00,2015968,Mecánica de sólidos,(5) Grupo 5,24
2026-08-08T10:58+00:00,2015968,Mecánica de sólidos,(6) Grupo 6,24
2026-08-08T10:58+00:00,2015968,Mecánica de sólidos,(7) Grupo 7,0
2026-08-08T10:58+00:00,2015969,Mecánica de suelos,(1) Grupo 1 (Inglés),30
2026-08-08T10:58+00:00,2015969,Mecánica de suelos,(2) Grupo 2,30
2026-08-08T10:58+00:00,2015969,Mecánica de suelos,(3) Grupo 3,30
2026-08-08T10:58+00:00,2015969,Mecánica de suelos,(4) Grupo 4,30
2026-08-08T10:58+00:00,2015970,Métodos numéricos,(4) Grupo 4,30
2026-08-08T10:58+00:00,2015970,Métodos numéricos,(5) Grupo 5,45
2026-08-08T10:58+00:00,2015970,Métodos numéricos,(8) Grupo 8,30
2026-08-08T10:58+00:00,2015970,Métodos numéricos,(9) Grupo 9,45
2026-08-08T10:58+00:00,2017293,Modelación matemática,(1) 2017293-1 Modelación matemática,34
2026-08-08T10:58+00:00,2017293,Modelación matemática,(2) 2017293-2 Modelación matemática,34
2026-08-08T10:58+00:00,2017293,Modelación matemática,(1M) 2017293-1M Modelación matemática - Magistral,80
2026-08-08T10:58+00:00,2015971,Pavimentos,(1) Grupo 1,30
2026-08-08T10:58+00:00,2015971,Pavimentos,(2) Grupo 2,30
2026-08-08T10:58+00:00,2015971,Pavimentos,(3) Grupo 3,30
2026-08-08T10:58+00:00,2015972,Preparación y evaluación de proyectos de infraestructura,(1) Grupo 1,15
2026-08-08T10:58+00:00,2015972,Preparación y evaluación de proyectos de infraestructura,(2) Grupo 2,15
2026-08-08T10:58+00:00,2015972,Preparación y evaluación de proyectos de infraestructura,(3) Grupo 3,15
2026-08-08T10:58+00:00,1000024-B,Principios de química,(12) Grupo 12,0
2026-08-08T10:58+00:00,1000024-B,Principios de química,(13) Grupo 13,0
2026-08-08T10:58+00:00,1000024-B,Principios de química,(14) Grupo 14,10
2026-08-08T10:58+00:00,1000013-B,Probabilidad y estadística fundamental,(1) Grupo 1,0
2026-08-08T10:58+00:00,1000013-B,Probabilidad y estadística fundamental,(10) Grupo 10,35
2026-08-08T10:58+00:00,1000013-B,Probabilidad y estadística fundamental,(11) Grupo 11,40
2026-08-08T10:58+00:00,1000013-B,Probabilidad y estadística fundamental,(12) Grupo 12,40
2026-08-08T10:58+00:00,1000013-B,Probabilidad y estadística fundamental,(13) Grupo 13,30
2026-08-08T10:58+00:00,1000013-B,Probabilidad y estadística fundamental,(14) Grupo 14,45
2026-08-08T10:58+00:00,1000013-B,Probabilidad y estadística fundamental,(16) Grupo 16,30
2026-08-08T10:58+00:00,1000013-B,Probabilidad y estadística fundamental,(2) Grupo 2,40
2026-08-08T10:58+00:00,1000013-B,Probabilidad y estadística fundamental,(22) Grupo 22,45
2026-08-08T10:58+00:00,1000013-B,Probabilidad y estadística fundamental,(23) Grupo 23,0
2026-08-08T10:58+00:00,1000013-B,Probabilidad y estadística fundamental,(3) Grupo 3,40
2026-08-08T10:58+00:00,1000013-B,Probabilidad y estadística fundamental,(4) Grupo 4,40
2026-08-08T10:58+00:00,1000013-B,Probabilidad y estadística fundamental,(5) Grupo 5,35
2026-08-08T10:58+00:00,1000013-B,Probabilidad y estadística fundamental,(6) Grupo 6,35
2026-08-08T10:58+00:00,1000013-B,Probabilidad y estadística fundamental,(7) Grupo 7,40
2026-08-08T10:58+00:00,2015734,Programación de computadores,(1) Grupo 1,6
2026-08-08T10:58+00:00,2015734,Programación de computadores,(10) Grupo 10,4
2026-08-08T10:58+00:00,2015734,Programación de computadores,(11) Grupo 11,0
2026-08-08T10:58+00:00,2015734,Programación de computadores,(12) Grupo 12,1
2026-08-08T10:58+00:00,2015734,Programación de computadores,(13) Grupo 13,4
2026-08-08T10:58+00:00,2015734,Programación de computadores,(14) Grupo 14,0
2026-08-08T10:58+00:00,2015734,Programación de computadores,(2) Grupo 2,16
2026-08-08T10:58+00:00,2015734,Programación de computadores,(3) Grupo 3,0
2026-08-08T10:58+00:00,2015734,Programación de computadores,(4) Grupo 4,0
2026-08-08T10:58+00:00,2015734,Programación de computadores,(5) Grupo 5,0
2026-08-08T10:58+00:00,2015734,Programación de computadores,(6) Grupo 6,8
2026-08-08T10:58+00:00,2015734,Programación de computadores,(7) Grupo 7,3
2026-08-08T10:58+00:00,2015734,Programación de computadores,(8) Grupo 8 - Virtual,30
2026-08-08T10:58+00:00,2015734,Programación de computadores,(9) Grupo 9,18
2026-08-08T10:58+00:00,2015973,Saneamiento ambiental,(1) Grupo 1,25
2026-08-08T10:58+00:00,2015973,Saneamiento ambiental,(2) Grupo 2,25
2026-08-08T10:58+00:00,2015973,Saneamiento ambiental,(3) Grupo 3,25
2026-08-08T10:58+00:00,2022761,SIG para Ingeniería Civil,(1) Grupo 1,15
2026-08-08T10:58+00:00,2022761,SIG para Ingeniería Civil,(2) Grupo 2,15
2026-08-08T10:58+00:00,2022761,SIG para Ingeniería Civil,(3) Grupo 3,15
2026-08-08T10:58+00:00,2015296,Trabajo de Grado,(1) Grupo 1,5
2026-08-08T10:58+00:00,2015296,Trabajo de Grado,(10) Grupo 10,5
2026-08-08T10:58+00:00,2015296,Trabajo de Grado,(11) Grupo 11,5
2026-08-08T10:58+00:00,2015296,Trabajo de Grado,(12) Grupo 12,5
2026-08-08T10:58+00:00,2015296,Trabajo de Grado,(13) Grupo 13,5
2026-08-08T10:58+00:00,2015296,Trabajo de Grado,(14) Grupo 14,5
2026-08-08T10:58+00:00,2015296,Trabajo de Grado,(15) Grupo 15,5
2026-08-08T10:58+00:00,2015296,Trabajo de Grado,(16) Grupo 16,5
2026-08-08T10:58+00:00,2015296,Trabajo de Grado,(17) Grupo 17,5
2026-08-08T10:58+00:00,2015296,Trabajo de Grado,(18) Grupo 18,5
2026-08-08T10:58+00:00,2015296,Trabajo de Grado,(19) Grupo 19,0
2026-08-08T10:58+00:00,2015296,Trabajo de Grado,(2) Grupo 2,5
2026-08-08T10:58+00:00,2015296,Trabajo de Grado,(3) Grupo 3,5
2026-08-08T10:58+00:00,2015296,Trabajo de Grado,(4) Grupo 4,5
2026-08-08T10:58+00:00,2015296,Trabajo de Grado,(5) Grupo 5,5
2026-08-08T10:58+00:00,2015296,Trabajo de Grado,(6) Grupo 6,5
2026-08-08T10:58+00:00,2015296,Trabajo de Grado,(7) Grupo 7,5
2026-08-08T10:58+00:00,2015296,Trabajo de Grado,(8) Grupo 8,5
2026-08-08T10:58+00:00,2015296,Trabajo de Grado,(9) Grupo 9,5
2026-08-08T11:24+00:00,2015938,Acueductos,(1) Grupo 1,25
2026-08-08T11:24+00:00,2015938,Acueductos,(2) Grupo 2,25
2026-08-08T11:24+00:00,2015938,Acueductos,(3) Grupo 3,25
2026-08-08T11:24+00:00,2015938,Acueductos,(4) Grupo 4,24
2026-08-08T11:24+00:00,2015939,Alcantarillados,(1) Grupo 1,25
2026-08-08T11:24+00:00,2015939,Alcantarillados,(2) Grupo 2,25
2026-08-08T11:24+00:00,2015939,Alcantarillados,(3) Grupo 3,25
2026-08-08T11:24+00:00,2015939,Alcantarillados,(4) Grupo 4,25
2026-08-08T11:24+00:00,2015940,Análisis estructural aplicado,(1) Grupo 1,24
2026-08-08T11:24+00:00,2015940,Análisis estructural aplicado,(2) Grupo 2,24
2026-08-08T11:24+00:00,2015940,Análisis estructural aplicado,(3) Grupo 3,24
2026-08-08T11:24+00:00,2015941,Análisis estructural básico,(1) Grupo 1,30
2026-08-08T11:24+00:00,2015941,Análisis estructural básico,(2) Grupo 2,30
2026-08-08T11:24+00:00,2015941,Análisis estructural básico,(3) Grupo 3,30
2026-08-08T11:24+00:00,2015941,Análisis estructural básico,(4) Grupo 4,30
2026-08-08T11:24+00:00,1000004-B,Cálculo diferencial,(10) Grupo 10,53
2026-08-08T11:24+00:00,1000004-B,Cálculo diferencial,(11) Grupo 11,24
2026-08-08T11:24+00:00,1000004-B,Cálculo diferencial,(12) Grupo 12,24
2026-08-08T11:24+00:00,1000004-B,Cálculo diferencial,(13) Grupo 13,16
2026-08-08T11:24+00:00,1000004-B,Cálculo diferencial,(14) Grupo 14,90
2026-08-08T11:24+00:00,1000004-B,Cálculo diferencial,(16) Grupo 16,27
2026-08-08T11:24+00:00,1000004-B,Cálculo diferencial,(17) Grupo 17,39
2026-08-08T11:24+00:00,1000004-B,Cálculo diferencial,(19) Grupo 19,59
2026-08-08T11:24+00:00,1000004-B,Cálculo diferencial,(2) Grupo 2,24
2026-08-08T11:24+00:00,1000004-B,Cálculo diferencial,(20) Grupo 20,10
2026-08-08T11:24+00:00,1000004-B,Cálculo diferencial,(21) Grupo 21,60
2026-08-08T11:24+00:00,1000004-B,Cálculo diferencial,(22) Grupo 22,60
2026-08-08T11:24+00:00,1000004-B,Cálculo diferencial,(24) Grupo 24,60
2026-08-08T11:24+00:00,1000004-B,Cálculo diferencial,(25) Grupo 25,40
2026-08-08T11:24+00:00,1000004-B,Cálculo diferencial,(27) Grupo 27,51
2026-08-08T11:24+00:00,1000004-B,Cálculo diferencial,(28) Grupo 28,60
2026-08-08T11:24+00:00,1000004-B,Cálculo diferencial,(29) Grupo 29,60
2026-08-08T11:24+00:00,1000004-B,Cálculo diferencial,(30) Grupo 30,60
2026-08-08T11:24+00:00,1000004-B,Cálculo diferencial,(32) Grupo 32,90
2026-08-08T11:24+00:00,1000004-B,Cálculo diferencial,(4) Grupo 4,37
2026-08-08T11:24+00:00,1000004-B,Cálculo diferencial,(5) Grupo 5,84
2026-08-08T11:24+00:00,1000004-B,Cálculo diferencial,(7) Grupo 7,64
2026-08-08T11:24+00:00,1000004-B,Cálculo diferencial,(8) Grupo 8,40
2026-08-08T11:24+00:00,1000004-B,Cálculo diferencial,(9) Grupo 9,18
2026-08-08T11:24+00:00,1000006-B,Cálculo en varias variables,(1) Grupo 1,40
2026-08-08T11:24+00:00,1000006-B,Cálculo en varias variables,(10) Grupo 10,100
2026-08-08T11:24+00:00,1000006-B,Cálculo en varias variables,(11) Grupo 11,40
2026-08-08T11:24+00:00,1000006-B,Cálculo en varias variables,(12) Grupo 12,60
2026-08-08T11:24+00:00,1000006-B,Cálculo en varias variables,(13) Grupo 13,40
2026-08-08T11:24+00:00,1000006-B,Cálculo en varias variables,(14) Grupo 14,60
2026-08-08T11:24+00:00,1000006-B,Cálculo en varias variables,(15) Grupo 15,112
2026-08-08T11:24+00:00,1000006-B,Cálculo en varias variables,(2) Grupo 2,40
2026-08-08T11:24+00:00,1000006-B,Cálculo en varias variables,(3) Grupo 3,40
2026-08-08T11:24+00:00,1000006-B,Cálculo en varias variables,(4) Grupo 4,100
2026-08-08T11:24+00:00,1000006-B,Cálculo en varias variables,(5) Grupo 5,40
2026-08-08T11:24+00:00,1000006-B,Cálculo en varias variables,(7) Grupo 7,70
2026-08-08T11:24+00:00,1000006-B,Cálculo en varias variables,(8) Grupo 8,60
2026-08-08T11:24+00:00,1000006-B,Cálculo en varias variables,(9) Grupo 9,0
2026-08-08T11:24+00:00,1000005-B,Cálculo Integral,(1) Grupo 1,0
2026-08-08T11:24+00:00,1000005-B,Cálculo Integral,(10) Grupo 10,50
2026-08-08T11:24+00:00,1000005-B,Cálculo Integral,(14) Grupo 14,40
2026-08-08T11:24+00:00,1000005-B,Cálculo Integral,(15) Grupo 15,60
2026-08-08T11:24+00:00,1000005-B,Cálculo Integral,(16) Grupo 16,70
2026-08-08T11:24+00:00,1000005-B,Cálculo Integral,(17) Grupo 17,40
2026-08-08T11:24+00:00,1000005-B,Cálculo Integral,(2) Grupo 2,60
2026-08-08T11:24+00:00,1000005-B,Cálculo Integral,(20) Grupo 20,40
2026-08-08T11:24+00:00,1000005-B,Cálculo Integral,(22) Grupo 22,60
2026-08-08T11:24+00:00,1000005-B,Cálculo Integral,(3) Grupo 3,70
2026-08-08T11:24+00:00,1000005-B,Cálculo Integral,(4) Grupo 4,60
2026-08-08T11:24+00:00,1000005-B,Cálculo Integral,(6) Grupo 6,60
2026-08-08T11:24+00:00,1000005-B,Cálculo Integral,(7) Grupo 7,100
2026-08-08T11:24+00:00,1000005-B,Cálculo Integral,(8) Grupo 8,40
2026-08-08T11:24+00:00,1000005-B,Cálculo Integral,(9) Grupo 9,10
2026-08-08T11:24+00:00,2015943,Construcción de edificaciones,(1) Grupo 1,15
2026-08-08T11:24+00:00,2015944,Construcción de Infraestructura Vial,(1) Grupo 1,15
2026-08-08T11:24+00:00,2015711,Dibujo básico,(10) 2015711-10 Dibujo básico,0
2026-08-08T11:24+00:00,2015711,Dibujo básico,(11) 2015711-11 Dibujo básico,0
2026-08-08T11:24+00:00,2015711,Dibujo básico,(14) 2015711-14 Dibujo básico,0
2026-08-08T11:24+00:00,2015711,Dibujo básico,(16) 2015711-16 Dibujo básico,0
2026-08-08T11:24+00:00,2015711,Dibujo básico,(4) 2015711-4 Dibujo básico,9
2026-08-08T11:24+00:00,2015711,Dibujo básico,(5) 2015711-5 Dibujo básico,0
2026-08-08T11:24+00:00,2015711,Dibujo básico,(7) 2015711-7 Dibujo básico,20
2026-08-08T11:24+00:00,2015711,Dibujo básico,(8) 2015711-8 Dibujo básico,0
2026-08-08T11:24+00:00,2015711,Dibujo básico,(9) 2015711-9 Dibujo básico,0
2026-08-08T11:24+00:00,2015948,Dinámica,(1) Grupo 1,30
2026-08-08T11:24+00:00,2015948,Dinámica,(2) Grupo 2,30
2026-08-08T11:24+00:00,2015948,Dinámica,(3) Grupo 3,30
2026-08-08T11:24+00:00,2015950,Diseño estructural,(1) Grupo 1,25
2026-08-08T11:24+00:00,2015950,Diseño estructural,(2) Grupo 2,0
2026-08-08T11:24+00:00,2015950,Diseño estructural,(3) Grupo 3,25
2026-08-08T11:24+00:00,2015950,Diseño estructural,(4) Grupo 4,25
2026-08-08T11:24+00:00,2015950,Diseño estructural,(5) Grupo 5,25
2026-08-08T11:24+00:00,2015949,Diseño geométrico de Vías,(1) Grupo 1,30
2026-08-08T11:24+00:00,2015949,Diseño geométrico de Vías,(2) Grupo 2,30
2026-08-08T11:24+00:00,2015949,Diseño geométrico de Vías,(3) Grupo 3,30
2026-08-08T11:24+00:00,1000007-B,Ecuaciones Diferenciales,(1) Grupo 1,60
2026-08-08T11:24+00:00,1000007-B,Ecuaciones Diferenciales,(11) Grupo 11,60
2026-08-08T11:24+00:00,1000007-B,Ecuaciones Diferenciales,(12) Grupo 12,60
2026-08-08T11:24+00:00,1000007-B,Ecuaciones Diferenciales,(13) Grupo 13,40
2026-08-08T11:24+00:00,1000007-B,Ecuaciones Diferenciales,(14) Grupo 14,100
2026-08-08T11:24+00:00,1000007-B,Ecuaciones Diferenciales,(3) Grupo 3,40
2026-08-08T11:24+00:00,1000007-B,Ecuaciones Diferenciales,(4) Grupo 4,60
2026-08-08T11:24+00:00,1000007-B,Ecuaciones Diferenciales,(6) Grupo 6,50
2026-08-08T11:24+00:00,1000007-B,Ecuaciones Diferenciales,(7) Grupo 7,40
2026-08-08T11:24+00:00,1000007-B,Ecuaciones Diferenciales,(9) Grupo 9,0
2026-08-08T11:24+00:00,2026134,Estática,(1) Grupo 1,0
2026-08-08T11:24+00:00,2026134,Estática,(2) Grupo 2,30
2026-08-08T11:24+00:00,2026134,Estática,(3) Grupo 3,30
2026-08-08T11:24+00:00,2026134,Estática,(4) Grupo 4,30
2026-08-08T11:24+00:00,2026134,Estática,(5) Grupo 5,30
2026-08-08T11:24+00:00,2026134,Estática,(6) Grupo 6,30
2026-08-08T11:24+00:00,2015954,Estructuras hidráulicas,(1) Grupo 1,30
2026-08-08T11:24+00:00,2015954,Estructuras hidráulicas,(2) Grupo 2,30
2026-08-08T11:24+00:00,2015954,Estructuras hidráulicas,(3) Grupo 3,30
2026-08-08T11:24+00:00,2015955,Fundamentos de construcción,(1) Grupo 1,30
2026-08-08T11:24+00:00,2015955,Fundamentos de construcción,(2) Grupo 2,30
2026-08-08T11:24+00:00,2015955,Fundamentos de construcción,(3) Grupo 3,30
2026-08-08T11:24+00:00,1000011-B,Fundamentos de ecología,(1) Grupo 1,118
2026-08-08T11:24+00:00,1000011-B,Fundamentos de ecología,(3) Grupo 3,12
2026-08-08T11:24+00:00,1000019-B,Fundamentos de mecánica,(1) Grupo 1,35
2026-08-08T11:24+00:00,1000019-B,Fundamentos de mecánica,(10) Grupo 10,35
2026-08-08T11:24+00:00,1000019-B,Fundamentos de mecánica,(11) Grupo 11,35
2026-08-08T11:24+00:00,1000019-B,Fundamentos de mecánica,(12) Grupo 12,35
2026-08-08T11:24+00:00,1000019-B,Fundamentos de mecánica,(13) Grupo 13,35
2026-08-08T11:24+00:00,1000019-B,Fundamentos de mecánica,(14) Grupo 14,35
2026-08-08T11:24+00:00,1000019-B,Fundamentos de mecánica,(15) Grupo 15,32
2026-08-08T11:24+00:00,1000019-B,Fundamentos de mecánica,(16) Grupo 16,35
2026-08-08T11:24+00:00,1000019-B,Fundamentos de mecánica,(17) Grupo 17,34
2026-08-08T11:24+00:00,1000019-B,Fundamentos de mecánica,(18) Grupo 18,34
2026-08-08T11:24+00:00,1000019-B,Fundamentos de mecánica,(19) Grupo 19,32
2026-08-08T11:24+00:00,1000019-B,Fundamentos de mecánica,(2) Grupo 2,35
2026-08-08T11:24+00:00,1000019-B,Fundamentos de mecánica,(20) Grupo 20,35
2026-08-08T11:24+00:00,1000019-B,Fundamentos de mecánica,(21) Grupo 21,35
2026-08-08T11:24+00:00,1000019-B,Fundamentos de mecánica,(22) Grupo 22,35
2026-08-08T11:24+00:00,1000019-B,Fundamentos de mecánica,(23) Grupo 23,35
2026-08-08T11:24+00:00,1000019-B,Fundamentos de mecánica,(24) Grupo 24,35
2026-08-08T11:24+00:00,1000019-B,Fundamentos de mecánica,(25) Grupo 25,45
2026-08-08T11:24+00:00,1000019-B,Fundamentos de mecánica,(26) Grupo 26 (VIRTUAL),50
2026-08-08T11:24+00:00,1000019-B,Fundamentos de mecánica,(27) Grupo 27 (VIRTUAL),50
2026-08-08T11:24+00:00,1000019-B,Fundamentos de mecánica,(28) Grupo 28 (VIRTUAL),50
2026-08-08T11:24+00:00,1000019-B,Fundamentos de mecánica,(29) Grupo 29 (VIRTUAL),50
2026-08-08T11:24+00:00,1000019-B,Fundamentos de mecánica,(3) Grupo 3,35
2026-08-08T11:24+00:00,1000019-B,Fundamentos de mecánica,(4) Grupo 4,35
2026-08-08T11:24+00:00,1000019-B,Fundamentos de mecánica,(5) Grupo 5,35
2026-08-08T11:24+00:00,1000019-B,Fundamentos de mecánica,(6) Grupo 6,35
2026-08-08T11:24+00:00,1000019-B,Fundamentos de mecánica,(7) Grupo 7,35
2026-08-08T11:24+00:00,1000019-B,Fundamentos de mecánica,(8) Grupo 8,35
2026-08-08T11:24+00:00,1000019-B,Fundamentos de mecánica,(9) Grupo 9,0
2026-08-08T11:24+00:00,1000019-B,Fundamentos de mecánica,(1) Grupo 1,35
2026-08-08T11:24+00:00,1000019-B,Fundamentos de mecánica,(10) Grupo 10,35
2026-08-08T11:24+00:00,1000019-B,Fundamentos de mecánica,(11) Grupo 11,35
2026-08-08T11:24+00:00,1000019-B,Fundamentos de mecánica,(12) Grupo 12,35
2026-08-08T11:24+00:00,1000019-B,Fundamentos de mecánica,(13) Grupo 13,35
2026-08-08T11:24+00:00,1000019-B,Fundamentos de mecánica,(14) Grupo 14,35
2026-08-08T11:24+00:00,1000019-B,Fundamentos de mecánica,(15) Grupo 15,32
2026-08-08T11:24+00:00,1000019-B,Fundamentos de mecánica,(16) Grupo 16,35
2026-08-08T11:24+00:00,1000019-B,Fundamentos de mecánica,(17) Grupo 17,34
2026-08-08T11:24+00:00,1000019-B,Fundamentos de mecánica,(18) Grupo 18,34
2026-08-08T11:24+00:00,1000019-B,Fundamentos de mecánica,(19) Grupo 19,32
2026-08-08T11:24+00:00,1000019-B,Fundamentos de mecánica,(2) Grupo 2,35
2026-08-08T11:24+00:00,1000019-B,Fundamentos de mecánica,(20) Grupo 20,35
2026-08-08T11:24+00:00,1000019-B,Fundamentos de mecánica,(21) Grupo 21,35
2026-08-08T11:24+00:00,1000019-B,Fundamentos de mecánica,(22) Grupo 22,35
2026-08-08T11:24+00:00,1000019-B,Fundamentos de mecánica,(23) Grupo 23,35
2026-08-08T11:24+00:00,1000019-B,Fundamentos de mecánica,(24) Grupo 24,35
2026-08-08T11:24+00:00,1000019-B,Fundamentos de mecánica,(25) Grupo 25,45
2026-08-08T11:24+00:00,1000019-B,Fundamentos de mecánica,(26) Grupo 26 (VIRTUAL),50
2026-08-08T11:24+00:00,1000019-B,Fundamentos de mecánica,(27) Grupo 27 (VIRTUAL),50
2026-08-08T11:24+00:00,1000019-B,Fundamentos de mecánica,(28) Grupo 28 (VIRTUAL),50
2026-08-08T11:24+00:00,1000019-B,Fundamentos de mecánica,(29) Grupo 29 (VIRTUAL),50
2026-08-08T11:24+00:00,1000019-B,Fundamentos de mecánica,(3) Grupo 3,35
2026-08-08T11:24+00:00,1000019-B,Fundamentos de mecánica,(4) Grupo 4,35
2026-08-08T11:24+00:00,1000019-B,Fundamentos de mecánica,(5) Grupo 5,35
2026-08-08T11:24+00:00,1000019-B,Fundamentos de mecánica,(6) Grupo 6,35
2026-08-08T11:24+00:00,1000019-B,Fundamentos de mecánica,(7) Grupo 7,35
2026-08-08T11:24+00:00,1000019-B,Fundamentos de mecánica,(8) Grupo 8,35
2026-08-08T11:24+00:00,1000019-B,Fundamentos de mecánica,(9) Grupo 9,10
2026-08-08T11:24+00:00,1000019-B,Fundamentos de mecánica,(16) Gruop 16,8
2026-08-08T11:24+00:00,1000019-B,Fundamentos de mecánica,(1) Grupo 1,35
2026-08-08T11:24+00:00,1000019-B,Fundamentos de mecánica,(10) Grupo 10,35
2026-08-08T11:24+00:00,1000019-B,Fundamentos de mecánica,(11) Grupo 11,35
2026-08-08T11:24+00:00,1000019-B,Fundamentos de mecánica,(12) Grupo 12,35
2026-08-08T11:24+00:00,1000019-B,Fundamentos de mecánica,(13) Grupo 13,35
2026-08-08T11:24+00:00,1000019-B,Fundamentos de mecánica,(14) Grupo 14,35
2026-08-08T11:24+00:00,1000019-B,Fundamentos de mecánica,(15) Grupo 15,32
2026-08-08T11:24+00:00,1000019-B,Fundamentos de mecánica,(17) Grupo 17,34
2026-08-08T11:24+00:00,1000019-B,Fundamentos de mecánica,(18) Grupo 18,34
2026-08-08T11:24+00:00,1000019-B,Fundamentos de mecánica,(19) Grupo 19,32
2026-08-08T11:24+00:00,1000019-B,Fundamentos de mecánica,(2) Grupo 2,35
2026-08-08T11:24+00:00,1000019-B,Fundamentos de mecánica,(20) Grupo 20,35
2026-08-08T11:24+00:00,1000019-B,Fundamentos de mecánica,(21) Grupo 21,35
2026-08-08T11:24+00:00,1000019-B,Fundamentos de mecánica,(22) Grupo 22,35
2026-08-08T11:24+00:00,1000019-B,Fundamentos de mecánica,(23) Grupo 23,35
2026-08-08T11:24+00:00,1000019-B,Fundamentos de mecánica,(24) Grupo 24,35
2026-08-08T11:24+00:00,1000019-B,Fundamentos de mecánica,(25) Grupo 25,45
2026-08-08T11:24+00:00,1000019-B,Fundamentos de mecánica,(26) Grupo 26 (VIRTUAL),50
2026-08-08T11:24+00:00,1000019-B,Fundamentos de mecánica,(27) Grupo 27 (VIRTUAL),50
2026-08-08T11:24+00:00,1000019-B,Fundamentos de mecánica,(28) Grupo 28 (VIRTUAL),50
2026-08-08T11:24+00:00,1000019-B,Fundamentos de mecánica,(29) Grupo 29 (VIRTUAL),50
2026-08-08T11:24+00:00,1000019-B,Fundamentos de mecánica,(3) Grupo 3,35
2026-08-08T11:24+00:00,1000019-B,Fundamentos de mecánica,(4) Grupo 4,35
2026-08-08T11:24+00:00,1000019-B,Fundamentos de mecánica,(5) Grupo 5,35
2026-08-08T11:24+00:00,1000019-B,Fundamentos de mecánica,(6) Grupo 6,35
2026-08-08T11:24+00:00,1000019-B,Fundamentos de mecánica,(7) Grupo 7,35
2026-08-08T11:24+00:00,1000019-B,Fundamentos de mecánica,(8) Grupo 8,35
2026-08-08T11:24+00:00,1000019-B,Fundamentos de mecánica,(9) Grupo 9,10
2026-08-08T11:24+00:00,2015956,Geología,(1) Grupo 1,35
2026-08-08T11:24+00:00,2015956,Geología,(2) Grupo 2,30
2026-08-08T11:24+00:00,2015956,Geología,(3) Grupo 3,30
2026-08-08T11:24+00:00,2015956,Geología,(4) Grupo 4,35
2026-08-08T11:24+00:00,2015957,Geomática Aplicada,(1) Grupo 1,30
2026-08-08T11:24+00:00,2015957,Geomática Aplicada,(2) Grupo 2,30
2026-08-08T11:24+00:00,2015957,Geomática Aplicada,(3) Grupo 3,30
2026-08-08T11:24+00:00,2015957,Geomática Aplicada,(4) Grupo 4,30
2026-08-08T11:24+00:00,2015958,Geomática básica,(1) Grupo 1,20
2026-08-08T11:24+00:00,2015958,Geomática básica,(2) Grupo 2,20
2026-08-08T11:24+00:00,2015958,Geomática básica,(3) Grupo 3,30
2026-08-08T11:24+00:00,2015958,Geomática básica,(4) Grupo 4,20
2026-08-08T11:24+00:00,2015958,Geomática básica,(5) Grupo 5,20
2026-08-08T11:24+00:00,2015958,Geomática básica,(6) Grupo 6,20
2026-08-08T11:24+00:00,2015958,Geomática básica,(7) Grupo 7,20
2026-08-08T11:24+00:00,2015958,Geomática básica,(8) Grupo 8,20
2026-08-08T11:24+00:00,2015958,Geomática básica,(9) Grupo 9,20
2026-08-08T11:24+00:00,2015958,Geomática básica,(1) Grupo 1,40
2026-08-08T11:24+00:00,2015958,Geomática básica,(3) Grupo 3,30
2026-08-08T11:24+00:00,2015958,Geomática básica,(4) Grupo 4,40
2026-08-08T11:24+00:00,2015958,Geomática básica,(6) Grupo 6,40
2026-08-08T11:24+00:00,2015958,Geomática básica,(8) Grupo 8,40
2026-08-08T11:24+00:00,2015959,Geotecnia,(1) Grupo 1,30
2026-08-08T11:24+00:00,2015959,Geotecnia,(2) Grupo 2,30
2026-08-08T11:24+00:00,2015959,Geotecnia,(3) Grupo 3,30
2026-08-08T11:24+00:00,2015959,Geotecnia,(4) Grupo 4,0
2026-08-08T11:24+00:00,2015961,Hidráulica básica,(1) Grupo 1,24
2026-08-08T11:24+00:00,2015961,Hidráulica básica,(2) Grupo 2,24
2026-08-08T11:24+00:00,2015961,Hidráulica básica,(3) Grupo 3,24
2026-08-08T11:24+00:00,2015961,Hidráulica básica,(4) Grupo 4,24
2026-08-08T11:24+00:00,2015961,Hidráulica básica,(5) Grupo 5,24
2026-08-08T11:24+00:00,2015961,Hidráulica básica,(6) Grupo 6,24
2026-08-08T11:24+00:00,2015978,Hidrología,(1) Grupo 1,0
2026-08-08T11:24+00:00,2015978,Hidrología,(2) Grupo 2,30
2026-08-08T11:24+00:00,2015978,Hidrología,(3) Grupo 3,30
2026-08-08T11:24+00:00,2015978,Hidrología,(4) Grupo 4,30
2026-08-08T11:24+00:00,2015978,Hidrología,(5) Grupo 5,30
2026-08-08T11:24+00:00,2026135,Ingeniería civil sostenible,(1) Grupo 1,25
2026-08-08T11:24+00:00,2026135,Ingeniería civil sostenible,(2) Grupo 2,25
2026-08-08T11:24+00:00,2026135,Ingeniería civil sostenible,(3) Grupo 3,25
2026-08-08T11:24+00:00,2015963,Ingeniería de Tránsito,(1) Grupo 1,30
2026-08-08T11:24+00:00,2015963,Ingeniería de Tránsito,(2) Grupo 2,30
2026-08-08T11:24+00:00,2015963,Ingeniería de Tránsito,(3) Grupo 3,30
2026-08-08T11:24+00:00,2026138,Ingenieria de transporte,(1) Grupo 1,30
2026-08-08T11:24+00:00,2026138,Ingenieria de transporte,(2) Grupo 2,30
2026-08-08T11:24+00:00,2026138,Ingenieria de transporte,(3) Grupo 3,30
2026-08-08T11:24+00:00,2015703,Ingeniería económica,(1) Grupo 1,40
2026-08-08T11:24+00:00,2015703,Ingeniería económica,(10) Grupo 10,30
2026-08-08T11:24+00:00,2015703,Ingeniería económica,(11) Grupo 11,30
2026-08-08T11:24+00:00,2015703,Ingeniería económica,(2) Grupo 2,40
2026-08-08T11:24+00:00,2015703,Ingeniería económica,(3) Grupo 3,40
2026-08-08T11:24+00:00,2015703,Ingeniería económica,(4) Grupo 4,30
2026-08-08T11:24+00:00,2015703,Ingeniería económica,(5) Grupo 5 - Virtual,60
2026-08-08T11:24+00:00,2015703,Ingeniería económica,(6) Grupo 6,40
2026-08-08T11:24+00:00,2015703,Ingeniería económica,(7) Grupo 7,20
2026-08-08T11:24+00:00,2015703,Ingeniería económica,(8) Grupo 8,40
2026-08-08T11:24+00:00,2015703,Ingeniería económica,(9) Grupo 9,35
2026-08-08T11:24+00:00,1000044-B,Inglés I- Semestral,(1) Grupo 1,26
2026-08-08T11:24+00:00,1000044-B,Inglés I- Semestral,(2) Grupo 2,26
2026-08-08T11:24+00:00,1000044-B,Inglés I- Semestral,(3) Grupo 3,26
2026-08-08T11:24+00:00,1000044-B,Inglés I- Semestral,(4) Grupo 4,26
2026-08-08T11:24+00:00,1000044-B,Inglés I- Semestral,(5) Grupo 5,26
2026-08-08T11:24+00:00,1000044-B,Inglés I- Semestral,(6) Grupo 6,26
2026-08-08T11:24+00:00,1000044-B,Inglés I- Semestral,(7) Grupo 7,26
2026-08-08T11:24+00:00,1000044-B,Inglés I- Semestral,(8) Grupo 8,26
2026-08-08T11:24+00:00,1000044-B,Inglés I- Semestral,(9) Grupo 9,7
2026-08-08T11:24+00:00,1000045-B,Inglés II - Semestral,(1) Grupo 1,10
2026-08-08T11:24+00:00,1000045-B,Inglés II - Semestral,(10) Grupo 10,26
2026-08-08T11:24+00:00,1000045-B,Inglés II - Semestral,(11) Grupo 11,26
2026-08-08T11:24+00:00,1000045-B,Inglés II - Semestral,(12) Grupo 12,26
2026-08-08T11:24+00:00,1000045-B,Inglés II - Semestral,(13) Grupo 13,26
2026-08-08T11:24+00:00,1000045-B,Inglés II - Semestral,(14) Grupo 14,26
2026-08-08T11:24+00:00,1000045-B,Inglés II - Semestral,(15) Grupo 15,26
2026-08-08T11:24+00:00,1000045-B,Inglés II - Semestral,(16) Grupo 16,26
2026-08-08T11:24+00:00,1000045-B,Inglés II - Semestral,(2) Grupo 2,26
2026-08-08T11:24+00:00,1000045-B,Inglés II - Semestral,(3) Grupo 3,26
2026-08-08T11:24+00:00,1000045-B,Inglés II - Semestral,(4) Grupo 4,26
2026-08-08T11:24+00:00,1000045-B,Inglés II - Semestral,(5) Grupo 5,26
2026-08-08T11:24+00:00,1000045-B,Inglés II - Semestral,(6) Grupo 6,26
2026-08-08T11:24+00:00,1000045-B,Inglés II - Semestral,(7) Grupo 7,26
2026-08-08T11:24+00:00,1000045-B,Inglés II - Semestral,(8) Grupo 8,26
2026-08-08T11:24+00:00,1000045-B,Inglés II - Semestral,(9) Grupo 9,15
2026-08-08T11:24+00:00,1000046-B,Inglés III - Semestral,(1) Grupo 1,26
2026-08-08T11:24+00:00,1000046-B,Inglés III - Semestral,(10) Grupo 10,26
2026-08-08T11:24+00:00,1000046-B,Inglés III - Semestral,(11) Grupo 11,26
2026-08-08T11:24+00:00,1000046-B,Inglés III - Semestral,(12) Grupo 12,26
2026-08-08T11:24+00:00,1000046-B,Inglés III - Semestral,(13) Grupo 13,26
2026-08-08T11:24+00:00,1000046-B,Inglés III - Semestral,(14) Grupo 14,26
2026-08-08T11:24+00:00,1000046-B,Inglés III - Semestral,(15) Grupo 15,26
2026-08-08T11:24+00:00,1000046-B,Inglés III - Semestral,(16) Grupo 16,26
2026-08-08T11:24+00:00,1000046-B,Inglés III - Semestral,(17) Grupo 17,26
2026-08-08T11:24+00:00,1000046-B,Inglés III - Semestral,(18) Grupo 18,26
2026-08-08T11:24+00:00,1000046-B,Inglés III - Semestral,(2) Grupo 2,26
2026-08-08T11:24+00:00,1000046-B,Inglés III - Semestral,(3) Grupo 3,26
2026-08-08T11:24+00:00,1000046-B,Inglés III - Semestral,(4) Grupo 4,26
2026-08-08T11:24+00:00,1000046-B,Inglés III - Semestral,(5) Grupo 5,26
2026-08-08T11:24+00:00,1000046-B,Inglés III - Semestral,(6) Grupo 6,26
2026-08-08T11:24+00:00,1000046-B,Inglés III - Semestral,(7) Grupo 7,26
2026-08-08T11:24+00:00,1000046-B,Inglés III - Semestral,(8) Grupo 8,26
2026-08-08T11:24+00:00,1000046-B,Inglés III - Semestral,(9) Grupo 9,10
2026-08-08T11:24+00:00,1000052-B,Inglés Intensivo I y II,(1) Grupo 1,28
2026-08-08T11:24+00:00,1000052-B,Inglés Intensivo I y II,(2) Grupo 2,28
2026-08-08T11:24+00:00,1000052-B,Inglés Intensivo I y II,(3) Grupo 3,28
2026-08-08T11:24+00:00,1000053-B,Inglés Intensivo III y IV,(1) Grupo 1,28
2026-08-08T11:24+00:00,1000053-B,Inglés Intensivo III y IV,(2) Grupo 2,28
2026-08-08T11:24+00:00,1000053-B,Inglés Intensivo III y IV,(3) Grupo 3,30
2026-08-08T11:24+00:00,1000053-B,Inglés Intensivo III y IV,(4) Grupo 4,30
2026-08-08T11:24+00:00,1000053-B,Inglés Intensivo III y IV,(5) Grupo 5,28
2026-08-08T11:24+00:00,1000053-B,Inglés Intensivo III y IV,(6) Grupo 6,28
2026-08-08T11:24+00:00,1000047-B,Inglés IV- Semestral,(1) Grupo 1,26
2026-08-08T11:24+00:00,1000047-B,Inglés IV- Semestral,(10) Grupo 10,26
2026-08-08T11:24+00:00,1000047-B,Inglés IV- Semestral,(11) Grupo 11,26
2026-08-08T11:24+00:00,1000047-B,Inglés IV- Semestral,(12) Grupo 12,26
2026-08-08T11:24+00:00,1000047-B,Inglés IV- Semestral,(13) Grupo 13,26
2026-08-08T11:24+00:00,1000047-B,Inglés IV- Semestral,(14) Grupo 14,26
2026-08-08T11:24+00:00,1000047-B,Inglés IV- Semestral,(15) Grupo 15,26
2026-08-08T11:24+00:00,1000047-B,Inglés IV- Semestral,(16) Grupo 16,26
2026-08-08T11:24+00:00,1000047-B,Inglés IV- Semestral,(17) Grupo 17,26
2026-08-08T11:24+00:00,1000047-B,Inglés IV- Semestral,(18) Grupo 18,26
2026-08-08T11:24+00:00,1000047-B,Inglés IV- Semestral,(19) Grupo 19,26
2026-08-08T11:24+00:00,1000047-B,Inglés IV- Semestral,(2) Grupo 2,26
2026-08-08T11:24+00:00,1000047-B,Inglés IV- Semestral,(20) Grupo 20,26
2026-08-08T11:24+00:00,1000047-B,Inglés IV- Semestral,(21) Grupo 21,26
2026-08-08T11:24+00:00,1000047-B,Inglés IV- Semestral,(22) Grupo 22,26
2026-08-08T11:24+00:00,1000047-B,Inglés IV- Semestral,(3) Grupo 3,26
2026-08-08T11:24+00:00,1000047-B,Inglés IV- Semestral,(4) Grupo 4,26
2026-08-08T11:24+00:00,1000047-B,Inglés IV- Semestral,(5) Grupo 5,26
2026-08-08T11:24+00:00,1000047-B,Inglés IV- Semestral,(6) Grupo 6,26
2026-08-08T11:24+00:00,1000047-B,Inglés IV- Semestral,(7) Grupo 7,26
2026-08-08T11:24+00:00,1000047-B,Inglés IV- Semestral,(8) Grupo 8,26
2026-08-08T11:24+00:00,1000047-B,Inglés IV- Semestral,(9) Grupo 9,15
2026-08-08T11:24+00:00,2026186,Introducción a la ingeniería civil,(1) Grupo 1,7
2026-08-08T11:24+00:00,2026186,Introducción a la ingeniería civil,(2) Grupo 2,0
2026-08-08T11:24+00:00,2026186,Introducción a la ingeniería civil,(4) Grupo 4,10
2026-08-08T11:24+00:00,1000002-B,Lecto-Escritura,(1) Grupo 1 - Clase Presencial,1
2026-08-08T11:24+00:00,1000002-B,Lecto-Escritura,(10) Grupo 10 - Clase presencial,0
2026-08-08T11:24+00:00,1000002-B,Lecto-Escritura,(2) Grupo 2 - Clase Presencial,0
2026-08-08T11:24+00:00,1000002-B,Lecto-Escritura,(3) Grupo 3 - Clase Presencial,0
2026-08-08T11:24+00:00,1000002-B,Lecto-Escritura,(4) Grupo 4 - Clase Presencial,0
2026-08-08T11:24+00:00,1000002-B,Lecto-Escritura,(5) Grupo 5 - Clase Presencial,0
2026-08-08T11:24+00:00,1000002-B,Lecto-Escritura,(6) Grupo 6 - Clase Presencial,0
2026-08-08T11:24+00:00,1000002-B,Lecto-Escritura,(7) Grupo 7 - Clase Presencial,0
2026-08-08T11:24+00:00,1000002-B,Lecto-Escritura,(8) Grupo 8 - Clase Presencial,0
2026-08-08T11:24+00:00,1000002-B,Lecto-Escritura,(9) Grupo 9 - Clase Presencial,10
2026-08-08T11:24+00:00,1000001-B,Matemáticas Básicas,(1) Grupo 1,0
2026-08-08T11:24+00:00,1000001-B,Matemáticas Básicas,(19) Grupo 19,5
2026-08-08T11:24+00:00,1000001-B,Matemáticas Básicas,(2) Grupo 2,10
2026-08-08T11:24+00:00,1000001-B,Matemáticas Básicas,(1) Grupo 1,0
2026-08-08T11:24+00:00,1000001-B,Matemáticas Básicas,(10) Grupo 10,0
2026-08-08T11:24+00:00,1000001-B,Matemáticas Básicas,(2) Grupo 2,0
2026-08-08T11:24+00:00,1000001-B,Matemáticas Básicas,(3) Grupo 3,0
2026-08-08T11:24+00:00,1000001-B,Matemáticas Básicas,(4) Grupo 4,0
2026-08-08T11:24+00:00,1000001-B,Matemáticas Básicas,(5) Grupo 5,0
2026-08-08T11:24+00:00,1000001-B,Matemáticas Básicas,(6) Grupo 6,0
2026-08-08T11:24+00:00,1000001-B,Matemáticas Básicas,(7) Grupo 7,0
2026-08-08T11:24+00:00,1000001-B,Matemáticas Básicas,(8) Grupo 8,0
2026-08-08T11:24+00:00,1000001-B,Matemáticas Básicas,(9) Grupo 9,10
2026-08-08T11:24+00:00,2015965,Materiales para construcción,(1) Grupo 1,24
2026-08-08T11:24+00:00,2015965,Materiales para construcción,(2) Grupo 2,24
2026-08-08T11:24+00:00,2015965,Materiales para construcción,(3) Grupo 3,24
2026-08-08T11:24+00:00,2015965,Materiales para construcción,(4) Grupo 4,24
2026-08-08T11:24+00:00,2015966,Mecánica de fluidos,(1) Grupo 1,24
2026-08-08T11:24+00:00,2015966,Mecánica de fluidos,(2) Grupo 2,24
2026-08-08T11:24+00:00,2015966,Mecánica de fluidos,(3) Grupo 3,24
2026-08-08T11:24+00:00,2015966,Mecánica de fluidos,(4) Grupo 4,24
2026-08-08T11:24+00:00,2015966,Mecánica de fluidos,(5) Grupo 5,24
2026-08-08T11:24+00:00,2015966,Mecánica de fluidos,(6) Grupo 6,24
2026-08-08T11:24+00:00,2015966,Mecánica de fluidos,(7) Grupo 7,24
2026-08-08T11:24+00:00,2015966,Mecánica de fluidos,(8) Grupo 8,24
2026-08-08T11:24+00:00,2015967,Mecánica de Rocas,(1) Grupo 1,24
2026-08-08T11:24+00:00,2015968,Mecánica de sólidos,(1) Grupo 1,24
2026-08-08T11:24+00:00,2015968,Mecánica de sólidos,(2) Grupo 2,24
2026-08-08T11:24+00:00,2015968,Mecánica de sólidos,(3) Grupo 3,24
2026-08-08T11:24+00:00,2015968,Mecánica de sólidos,(4) Grupo 4,24
2026-08-08T11:24+00:00,2015968,Mecánica de sólidos,(5) Grupo 5,24
2026-08-08T11:24+00:00,2015968,Mecánica de sólidos,(6) Grupo 6,24
2026-08-08T11:24+00:00,2015968,Mecánica de sólidos,(7) Grupo 7,0
2026-08-08T11:24+00:00,2015969,Mecánica de suelos,(1) Grupo 1 (Inglés),30
2026-08-08T11:24+00:00,2015969,Mecánica de suelos,(2) Grupo 2,30
2026-08-08T11:24+00:00,2015969,Mecánica de suelos,(3) Grupo 3,30
2026-08-08T11:24+00:00,2015969,Mecánica de suelos,(4) Grupo 4,30
2026-08-08T11:24+00:00,2015970,Métodos numéricos,(4) Grupo 4,30
2026-08-08T11:24+00:00,2015970,Métodos numéricos,(5) Grupo 5,45
2026-08-08T11:24+00:00,2015970,Métodos numéricos,(8) Grupo 8,30
2026-08-08T11:24+00:00,2015970,Métodos numéricos,(9) Grupo 9,45
2026-08-08T11:24+00:00,2017293,Modelación matemática,(1) 2017293-1 Modelación matemática,34
2026-08-08T11:24+00:00,2017293,Modelación matemática,(2) 2017293-2 Modelación matemática,34
2026-08-08T11:24+00:00,2017293,Modelación matemática,(1M) 2017293-1M Modelación matemática - Magistral,80
2026-08-08T11:24+00:00,2015971,Pavimentos,(1) Grupo 1,30
2026-08-08T11:24+00:00,2015971,Pavimentos,(2) Grupo 2,30
2026-08-08T11:24+00:00,2015971,Pavimentos,(3) Grupo 3,30
2026-08-08T11:24+00:00,2015972,Preparación y evaluación de proyectos de infraestructura,(1) Grupo 1,15
2026-08-08T11:24+00:00,2015972,Preparación y evaluación de proyectos de infraestructura,(2) Grupo 2,15
2026-08-08T11:24+00:00,2015972,Preparación y evaluación de proyectos de infraestructura,(3) Grupo 3,15
2026-08-08T11:24+00:00,1000024-B,Principios de química,(12) Grupo 12,0
2026-08-08T11:24+00:00,1000024-B,Principios de química,(13) Grupo 13,0
2026-08-08T11:24+00:00,1000024-B,Principios de química,(14) Grupo 14,10
2026-08-08T11:24+00:00,1000013-B,Probabilidad y estadística fundamental,(1) Grupo 1,0
2026-08-08T11:24+00:00,1000013-B,Probabilidad y estadística fundamental,(10) Grupo 10,35
2026-08-08T11:24+00:00,1000013-B,Probabilidad y estadística fundamental,(11) Grupo 11,40
2026-08-08T11:24+00:00,1000013-B,Probabilidad y estadística fundamental,(12) Grupo 12,40
2026-08-08T11:24+00:00,1000013-B,Probabilidad y estadística fundamental,(13) Grupo 13,30
2026-08-08T11:24+00:00,1000013-B,Probabilidad y estadística fundamental,(14) Grupo 14,45
2026-08-08T11:24+00:00,1000013-B,Probabilidad y estadística fundamental,(16) Grupo 16,30
2026-08-08T11:24+00:00,1000013-B,Probabilidad y estadística fundamental,(2) Grupo 2,40
2026-08-08T11:24+00:00,1000013-B,Probabilidad y estadística fundamental,(22) Grupo 22,45
2026-08-08T11:24+00:00,1000013-B,Probabilidad y estadística fundamental,(23) Grupo 23,0
2026-08-08T11:24+00:00,1000013-B,Probabilidad y estadística fundamental,(3) Grupo 3,40
2026-08-08T11:24+00:00,1000013-B,Probabilidad y estadística fundamental,(4) Grupo 4,40
2026-08-08T11:24+00:00,1000013-B,Probabilidad y estadística fundamental,(5) Grupo 5,35
2026-08-08T11:24+00:00,1000013-B,Probabilidad y estadística fundamental,(6) Grupo 6,35
2026-08-08T11:24+00:00,1000013-B,Probabilidad y estadística fundamental,(7) Grupo 7,40
2026-08-08T11:24+00:00,2015734,Programación de computadores,(1) Grupo 1,6
2026-08-08T11:24+00:00,2015734,Programación de computadores,(10) Grupo 10,4
2026-08-08T11:24+00:00,2015734,Programación de computadores,(11) Grupo 11,0
2026-08-08T11:24+00:00,2015734,Programación de computadores,(12) Grupo 12,1
2026-08-08T11:24+00:00,2015734,Programación de computadores,(13) Grupo 13,4
2026-08-08T11:24+00:00,2015734,Programación de computadores,(14) Grupo 14,0
2026-08-08T11:24+00:00,2015734,Programación de computadores,(2) Grupo 2,16
2026-08-08T11:24+00:00,2015734,Programación de computadores,(3) Grupo 3,0
2026-08-08T11:24+00:00,2015734,Programación de computadores,(4) Grupo 4,0
2026-08-08T11:24+00:00,2015734,Programación de computadores,(5) Grupo 5,0
2026-08-08T11:24+00:00,2015734,Programación de computadores,(6) Grupo 6,8
2026-08-08T11:24+00:00,2015734,Programación de computadores,(7) Grupo 7,3
2026-08-08T11:24+00:00,2015734,Programación de computadores,(8) Grupo 8 - Virtual,30
2026-08-08T11:24+00:00,2015734,Programación de computadores,(9) Grupo 9,18
2026-08-08T11:24+00:00,2015973,Saneamiento ambiental,(1) Grupo 1,25
2026-08-08T11:24+00:00,2015973,Saneamiento ambiental,(2) Grupo 2,25
2026-08-08T11:24+00:00,2015973,Saneamiento ambiental,(3) Grupo 3,25
2026-08-08T11:24+00:00,2022761,SIG para Ingeniería Civil,(1) Grupo 1,15
2026-08-08T11:24+00:00,2022761,SIG para Ingeniería Civil,(2) Grupo 2,15
2026-08-08T11:24+00:00,2022761,SIG para Ingeniería Civil,(3) Grupo 3,15
2026-08-08T11:24+00:00,2015296,Trabajo de Grado,(1) Grupo 1,5
2026-08-08T11:24+00:00,2015296,Trabajo de Grado,(10) Grupo 10,5
2026-08-08T11:24+00:00,2015296,Trabajo de Grado,(11) Grupo 11,5
2026-08-08T11:24+00:00,2015296,Trabajo de Grado,(12) Grupo 12,5
2026-08-08T11:24+00:00,2015296,Trabajo de Grado,(13) Grupo 13,5
2026-08-08T11:24+00:00,2015296,Trabajo de Grado,(14) Grupo 14,5
2026-08-08T11:24+00:00,2015296,Trabajo de Grado,(15) Grupo 15,5
2026-08-08T11:24+00:00,2015296,Trabajo de Grado,(16) Grupo 16,5
2026-08-08T11:24+00:00,2015296,Trabajo de Grado,(17) Grupo 17,5
2026-08-08T11:24+00:00,2015296,Trabajo de Grado,(18) Grupo 18,5
2026-08-08T11:24+00:00,2015296,Trabajo de Grado,(19) Grupo 19,0
2026-08-08T11:24+00:00,2015296,Trabajo de Grado,(2) Grupo 2,5
2026-08-08T11:24+00:00,2015296,Trabajo de Grado,(3) Grupo 3,5
2026-08-08T11:24+00:00,2015296,Trabajo de Grado,(4) Grupo 4,5
2026-08-08T11:24+00:00,2015296,Trabajo de Grado,(5) Grupo 5,5
2026-08-08T11:24+00:00,2015296,Trabajo de Grado,(6) Grupo 6,5
2026-08-08T11:24+00:00,2015296,Trabajo de Grado,(7) Grupo 7,5
2026-08-08T11:24+00:00,2015296,Trabajo de Grado,(8) Grupo 8,5
2026-08-08T11:24+00:00,2015296,Trabajo de Grado,(9) Grupo 9,5
2026-08-08T11:52+00:00,2015938,Acueductos,(1) Grupo 1,25
2026-08-08T11:52+00:00,2015938,Acueductos,(2) Grupo 2,25
2026-08-08T11:52+00:00,2015938,Acueductos,(3) Grupo 3,25
2026-08-08T11:52+00:00,2015938,Acueductos,(4) Grupo 4,24
2026-08-08T11:52+00:00,2015939,Alcantarillados,(1) Grupo 1,25
2026-08-08T11:52+00:00,2015939,Alcantarillados,(2) Grupo 2,25
2026-08-08T11:52+00:00,2015939,Alcantarillados,(3) Grupo 3,25
2026-08-08T11:52+00:00,2015939,Alcantarillados,(4) Grupo 4,25
2026-08-08T11:52+00:00,2015940,Análisis estructural aplicado,(1) Grupo 1,24
2026-08-08T11:52+00:00,2015940,Análisis estructural aplicado,(2) Grupo 2,24
2026-08-08T11:52+00:00,2015940,Análisis estructural aplicado,(3) Grupo 3,24
2026-08-08T11:52+00:00,2015941,Análisis estructural básico,(1) Grupo 1,30
2026-08-08T11:52+00:00,2015941,Análisis estructural básico,(2) Grupo 2,30
2026-08-08T11:52+00:00,2015941,Análisis estructural básico,(3) Grupo 3,30
2026-08-08T11:52+00:00,2015941,Análisis estructural básico,(4) Grupo 4,30
2026-08-08T11:52+00:00,1000004-B,Cálculo diferencial,(10) Grupo 10,53
2026-08-08T11:52+00:00,1000004-B,Cálculo diferencial,(11) Grupo 11,24
2026-08-08T11:52+00:00,1000004-B,Cálculo diferencial,(12) Grupo 12,24
2026-08-08T11:52+00:00,1000004-B,Cálculo diferencial,(13) Grupo 13,16
2026-08-08T11:52+00:00,1000004-B,Cálculo diferencial,(14) Grupo 14,90
2026-08-08T11:52+00:00,1000004-B,Cálculo diferencial,(16) Grupo 16,27
2026-08-08T11:52+00:00,1000004-B,Cálculo diferencial,(17) Grupo 17,39
2026-08-08T11:52+00:00,1000004-B,Cálculo diferencial,(19) Grupo 19,59
2026-08-08T11:52+00:00,1000004-B,Cálculo diferencial,(2) Grupo 2,24
2026-08-08T11:52+00:00,1000004-B,Cálculo diferencial,(20) Grupo 20,10
2026-08-08T11:52+00:00,1000004-B,Cálculo diferencial,(21) Grupo 21,60
2026-08-08T11:52+00:00,1000004-B,Cálculo diferencial,(22) Grupo 22,60
2026-08-08T11:52+00:00,1000004-B,Cálculo diferencial,(24) Grupo 24,60
2026-08-08T11:52+00:00,1000004-B,Cálculo diferencial,(25) Grupo 25,40
2026-08-08T11:52+00:00,1000004-B,Cálculo diferencial,(27) Grupo 27,51
2026-08-08T11:52+00:00,1000004-B,Cálculo diferencial,(28) Grupo 28,60
2026-08-08T11:52+00:00,1000004-B,Cálculo diferencial,(29) Grupo 29,60
2026-08-08T11:52+00:00,1000004-B,Cálculo diferencial,(30) Grupo 30,60
2026-08-08T11:52+00:00,1000004-B,Cálculo diferencial,(32) Grupo 32,90
2026-08-08T11:52+00:00,1000004-B,Cálculo diferencial,(4) Grupo 4,37
2026-08-08T11:52+00:00,1000004-B,Cálculo diferencial,(5) Grupo 5,84
2026-08-08T11:52+00:00,1000004-B,Cálculo diferencial,(7) Grupo 7,64
2026-08-08T11:52+00:00,1000004-B,Cálculo diferencial,(8) Grupo 8,40
2026-08-08T11:52+00:00,1000004-B,Cálculo diferencial,(9) Grupo 9,18
2026-08-08T11:52+00:00,1000006-B,Cálculo en varias variables,(1) Grupo 1,40
2026-08-08T11:52+00:00,1000006-B,Cálculo en varias variables,(10) Grupo 10,100
2026-08-08T11:52+00:00,1000006-B,Cálculo en varias variables,(11) Grupo 11,40
2026-08-08T11:52+00:00,1000006-B,Cálculo en varias variables,(12) Grupo 12,60
2026-08-08T11:52+00:00,1000006-B,Cálculo en varias variables,(13) Grupo 13,40
2026-08-08T11:52+00:00,1000006-B,Cálculo en varias variables,(14) Grupo 14,60
2026-08-08T11:52+00:00,1000006-B,Cálculo en varias variables,(15) Grupo 15,112
2026-08-08T11:52+00:00,1000006-B,Cálculo en varias variables,(2) Grupo 2,40
2026-08-08T11:52+00:00,1000006-B,Cálculo en varias variables,(3) Grupo 3,40
2026-08-08T11:52+00:00,1000006-B,Cálculo en varias variables,(4) Grupo 4,100
2026-08-08T11:52+00:00,1000006-B,Cálculo en varias variables,(5) Grupo 5,40
2026-08-08T11:52+00:00,1000006-B,Cálculo en varias variables,(7) Grupo 7,70
2026-08-08T11:52+00:00,1000006-B,Cálculo en varias variables,(8) Grupo 8,60
2026-08-08T11:52+00:00,1000006-B,Cálculo en varias variables,(9) Grupo 9,0
2026-08-08T11:52+00:00,1000005-B,Cálculo Integral,(1) Grupo 1,0
2026-08-08T11:52+00:00,1000005-B,Cálculo Integral,(10) Grupo 10,50
2026-08-08T11:52+00:00,1000005-B,Cálculo Integral,(14) Grupo 14,40
2026-08-08T11:52+00:00,1000005-B,Cálculo Integral,(15) Grupo 15,60
2026-08-08T11:52+00:00,1000005-B,Cálculo Integral,(16) Grupo 16,70
2026-08-08T11:52+00:00,1000005-B,Cálculo Integral,(17) Grupo 17,40
2026-08-08T11:52+00:00,1000005-B,Cálculo Integral,(2) Grupo 2,60
2026-08-08T11:52+00:00,1000005-B,Cálculo Integral,(20) Grupo 20,40
2026-08-08T11:52+00:00,1000005-B,Cálculo Integral,(22) Grupo 22,60
2026-08-08T11:52+00:00,1000005-B,Cálculo Integral,(3) Grupo 3,70
2026-08-08T11:52+00:00,1000005-B,Cálculo Integral,(4) Grupo 4,60
2026-08-08T11:52+00:00,1000005-B,Cálculo Integral,(6) Grupo 6,60
2026-08-08T11:52+00:00,1000005-B,Cálculo Integral,(7) Grupo 7,100
2026-08-08T11:52+00:00,1000005-B,Cálculo Integral,(8) Grupo 8,40
2026-08-08T11:52+00:00,1000005-B,Cálculo Integral,(9) Grupo 9,10
2026-08-08T11:52+00:00,2015943,Construcción de edificaciones,(1) Grupo 1,15
2026-08-08T11:52+00:00,2015944,Construcción de Infraestructura Vial,(1) Grupo 1,15
2026-08-08T11:52+00:00,2015711,Dibujo básico,(10) 2015711-10 Dibujo básico,0
2026-08-08T11:52+00:00,2015711,Dibujo básico,(11) 2015711-11 Dibujo básico,0
2026-08-08T11:52+00:00,2015711,Dibujo básico,(14) 2015711-14 Dibujo básico,0
2026-08-08T11:52+00:00,2015711,Dibujo básico,(16) 2015711-16 Dibujo básico,0
2026-08-08T11:52+00:00,2015711,Dibujo básico,(4) 2015711-4 Dibujo básico,9
2026-08-08T11:52+00:00,2015711,Dibujo básico,(5) 2015711-5 Dibujo básico,0
2026-08-08T11:52+00:00,2015711,Dibujo básico,(7) 2015711-7 Dibujo básico,20
2026-08-08T11:52+00:00,2015711,Dibujo básico,(8) 2015711-8 Dibujo básico,0
2026-08-08T11:52+00:00,2015711,Dibujo básico,(9) 2015711-9 Dibujo básico,0
2026-08-08T11:52+00:00,2015948,Dinámica,(1) Grupo 1,30
2026-08-08T11:52+00:00,2015948,Dinámica,(2) Grupo 2,30
2026-08-08T11:52+00:00,2015948,Dinámica,(3) Grupo 3,30
2026-08-08T11:52+00:00,2015950,Diseño estructural,(1) Grupo 1,25
2026-08-08T11:52+00:00,2015950,Diseño estructural,(2) Grupo 2,0
2026-08-08T11:52+00:00,2015950,Diseño estructural,(3) Grupo 3,25
2026-08-08T11:52+00:00,2015950,Diseño estructural,(4) Grupo 4,25
2026-08-08T11:52+00:00,2015950,Diseño estructural,(5) Grupo 5,25
2026-08-08T11:52+00:00,2015949,Diseño geométrico de Vías,(1) Grupo 1,30
2026-08-08T11:52+00:00,2015949,Diseño geométrico de Vías,(2) Grupo 2,30
2026-08-08T11:52+00:00,2015949,Diseño geométrico de Vías,(3) Grupo 3,30
2026-08-08T11:52+00:00,1000007-B,Ecuaciones Diferenciales,(1) Grupo 1,60
2026-08-08T11:52+00:00,1000007-B,Ecuaciones Diferenciales,(11) Grupo 11,60
2026-08-08T11:52+00:00,1000007-B,Ecuaciones Diferenciales,(12) Grupo 12,60
2026-08-08T11:52+00:00,1000007-B,Ecuaciones Diferenciales,(13) Grupo 13,40
2026-08-08T11:52+00:00,1000007-B,Ecuaciones Diferenciales,(14) Grupo 14,100
2026-08-08T11:52+00:00,1000007-B,Ecuaciones Diferenciales,(3) Grupo 3,40
2026-08-08T11:52+00:00,1000007-B,Ecuaciones Diferenciales,(4) Grupo 4,60
2026-08-08T11:52+00:00,1000007-B,Ecuaciones Diferenciales,(6) Grupo 6,50
2026-08-08T11:52+00:00,1000007-B,Ecuaciones Diferenciales,(7) Grupo 7,40
2026-08-08T11:52+00:00,1000007-B,Ecuaciones Diferenciales,(9) Grupo 9,0
2026-08-08T11:52+00:00,2026134,Estática,(1) Grupo 1,0
2026-08-08T11:52+00:00,2026134,Estática,(2) Grupo 2,30
2026-08-08T11:52+00:00,2026134,Estática,(3) Grupo 3,30
2026-08-08T11:52+00:00,2026134,Estática,(4) Grupo 4,30
2026-08-08T11:52+00:00,2026134,Estática,(5) Grupo 5,30
2026-08-08T11:52+00:00,2026134,Estática,(6) Grupo 6,30
2026-08-08T11:52+00:00,2015954,Estructuras hidráulicas,(1) Grupo 1,30
2026-08-08T11:52+00:00,2015954,Estructuras hidráulicas,(2) Grupo 2,30
2026-08-08T11:52+00:00,2015954,Estructuras hidráulicas,(3) Grupo 3,30
2026-08-08T11:52+00:00,2015955,Fundamentos de construcción,(1) Grupo 1,30
2026-08-08T11:52+00:00,2015955,Fundamentos de construcción,(2) Grupo 2,30
2026-08-08T11:52+00:00,2015955,Fundamentos de construcción,(3) Grupo 3,30
2026-08-08T11:52+00:00,1000011-B,Fundamentos de ecología,(1) Grupo 1,118
2026-08-08T11:52+00:00,1000011-B,Fundamentos de ecología,(3) Grupo 3,12
2026-08-08T11:52+00:00,1000019-B,Fundamentos de mecánica,(1) Grupo 1,35
2026-08-08T11:52+00:00,1000019-B,Fundamentos de mecánica,(10) Grupo 10,35
2026-08-08T11:52+00:00,1000019-B,Fundamentos de mecánica,(11) Grupo 11,35
2026-08-08T11:52+00:00,1000019-B,Fundamentos de mecánica,(12) Grupo 12,35
2026-08-08T11:52+00:00,1000019-B,Fundamentos de mecánica,(13) Grupo 13,35
2026-08-08T11:52+00:00,1000019-B,Fundamentos de mecánica,(14) Grupo 14,35
2026-08-08T11:52+00:00,1000019-B,Fundamentos de mecánica,(15) Grupo 15,32
2026-08-08T11:52+00:00,1000019-B,Fundamentos de mecánica,(16) Grupo 16,35
2026-08-08T11:52+00:00,1000019-B,Fundamentos de mecánica,(17) Grupo 17,34
2026-08-08T11:52+00:00,1000019-B,Fundamentos de mecánica,(18) Grupo 18,34
2026-08-08T11:52+00:00,1000019-B,Fundamentos de mecánica,(19) Grupo 19,32
2026-08-08T11:52+00:00,1000019-B,Fundamentos de mecánica,(2) Grupo 2,35
2026-08-08T11:52+00:00,1000019-B,Fundamentos de mecánica,(20) Grupo 20,35
2026-08-08T11:52+00:00,1000019-B,Fundamentos de mecánica,(21) Grupo 21,35
2026-08-08T11:52+00:00,1000019-B,Fundamentos de mecánica,(22) Grupo 22,35
2026-08-08T11:52+00:00,1000019-B,Fundamentos de mecánica,(23) Grupo 23,35
2026-08-08T11:52+00:00,1000019-B,Fundamentos de mecánica,(24) Grupo 24,35
2026-08-08T11:52+00:00,1000019-B,Fundamentos de mecánica,(25) Grupo 25,45
2026-08-08T11:52+00:00,1000019-B,Fundamentos de mecánica,(26) Grupo 26 (VIRTUAL),50
2026-08-08T11:52+00:00,1000019-B,Fundamentos de mecánica,(27) Grupo 27 (VIRTUAL),50
2026-08-08T11:52+00:00,1000019-B,Fundamentos de mecánica,(28) Grupo 28 (VIRTUAL),50
2026-08-08T11:52+00:00,1000019-B,Fundamentos de mecánica,(29) Grupo 29 (VIRTUAL),50
2026-08-08T11:52+00:00,1000019-B,Fundamentos de mecánica,(3) Grupo 3,35
2026-08-08T11:52+00:00,1000019-B,Fundamentos de mecánica,(4) Grupo 4,35
2026-08-08T11:52+00:00,1000019-B,Fundamentos de mecánica,(5) Grupo 5,35
2026-08-08T11:52+00:00,1000019-B,Fundamentos de mecánica,(6) Grupo 6,35
2026-08-08T11:52+00:00,1000019-B,Fundamentos de mecánica,(7) Grupo 7,35
2026-08-08T11:52+00:00,1000019-B,Fundamentos de mecánica,(8) Grupo 8,35
2026-08-08T11:52+00:00,1000019-B,Fundamentos de mecánica,(9) Grupo 9,0
2026-08-08T11:52+00:00,1000019-B,Fundamentos de mecánica,(1) Grupo 1,35
2026-08-08T11:52+00:00,1000019-B,Fundamentos de mecánica,(10) Grupo 10,35
2026-08-08T11:52+00:00,1000019-B,Fundamentos de mecánica,(11) Grupo 11,35
2026-08-08T11:52+00:00,1000019-B,Fundamentos de mecánica,(12) Grupo 12,35
2026-08-08T11:52+00:00,1000019-B,Fundamentos de mecánica,(13) Grupo 13,35
2026-08-08T11:52+00:00,1000019-B,Fundamentos de mecánica,(14) Grupo 14,35
2026-08-08T11:52+00:00,1000019-B,Fundamentos de mecánica,(15) Grupo 15,32
2026-08-08T11:52+00:00,1000019-B,Fundamentos de mecánica,(16) Grupo 16,35
2026-08-08T11:52+00:00,1000019-B,Fundamentos de mecánica,(17) Grupo 17,34
2026-08-08T11:52+00:00,1000019-B,Fundamentos de mecánica,(18) Grupo 18,34
2026-08-08T11:52+00:00,1000019-B,Fundamentos de mecánica,(19) Grupo 19,32
2026-08-08T11:52+00:00,1000019-B,Fundamentos de mecánica,(2) Grupo 2,35
2026-08-08T11:52+00:00,1000019-B,Fundamentos de mecánica,(20) Grupo 20,35
2026-08-08T11:52+00:00,1000019-B,Fundamentos de mecánica,(21) Grupo 21,35
2026-08-08T11:52+00:00,1000019-B,Fundamentos de mecánica,(22) Grupo 22,35
2026-08-08T11:52+00:00,1000019-B,Fundamentos de mecánica,(23) Grupo 23,35
2026-08-08T11:52+00:00,1000019-B,Fundamentos de mecánica,(24) Grupo 24,35
2026-08-08T11:52+00:00,1000019-B,Fundamentos de mecánica,(25) Grupo 25,45
2026-08-08T11:52+00:00,1000019-B,Fundamentos de mecánica,(26) Grupo 26 (VIRTUAL),50
2026-08-08T11:52+00:00,1000019-B,Fundamentos de mecánica,(27) Grupo 27 (VIRTUAL),50
2026-08-08T11:52+00:00,1000019-B,Fundamentos de mecánica,(28) Grupo 28 (VIRTUAL),50
2026-08-08T11:52+00:00,1000019-B,Fundamentos de mecánica,(29) Grupo 29 (VIRTUAL),50
2026-08-08T11:52+00:00,1000019-B,Fundamentos de mecánica,(3) Grupo 3,35
2026-08-08T11:52+00:00,1000019-B,Fundamentos de mecánica,(4) Grupo 4,35
2026-08-08T11:52+00:00,1000019-B,Fundamentos de mecánica,(5) Grupo 5,35
2026-08-08T11:52+00:00,1000019-B,Fundamentos de mecánica,(6) Grupo 6,35
2026-08-08T11:52+00:00,1000019-B,Fundamentos de mecánica,(7) Grupo 7,35
2026-08-08T11:52+00:00,1000019-B,Fundamentos de mecánica,(8) Grupo 8,35
2026-08-08T11:52+00:00,1000019-B,Fundamentos de mecánica,(9) Grupo 9,10
2026-08-08T11:52+00:00,1000019-B,Fundamentos de mecánica,(16) Gruop 16,8
2026-08-08T11:52+00:00,1000019-B,Fundamentos de mecánica,(1) Grupo 1,35
2026-08-08T11:52+00:00,1000019-B,Fundamentos de mecánica,(10) Grupo 10,35
2026-08-08T11:52+00:00,1000019-B,Fundamentos de mecánica,(11) Grupo 11,35
2026-08-08T11:52+00:00,1000019-B,Fundamentos de mecánica,(12) Grupo 12,35
2026-08-08T11:52+00:00,1000019-B,Fundamentos de mecánica,(13) Grupo 13,35
2026-08-08T11:52+00:00,1000019-B,Fundamentos de mecánica,(14) Grupo 14,35
2026-08-08T11:52+00:00,1000019-B,Fundamentos de mecánica,(15) Grupo 15,32
2026-08-08T11:52+00:00,1000019-B,Fundamentos de mecánica,(17) Grupo 17,34
2026-08-08T11:52+00:00,1000019-B,Fundamentos de mecánica,(18) Grupo 18,34
2026-08-08T11:52+00:00,1000019-B,Fundamentos de mecánica,(19) Grupo 19,32
2026-08-08T11:52+00:00,1000019-B,Fundamentos de mecánica,(2) Grupo 2,35
2026-08-08T11:52+00:00,1000019-B,Fundamentos de mecánica,(20) Grupo 20,35
2026-08-08T11:52+00:00,1000019-B,Fundamentos de mecánica,(21) Grupo 21,35
2026-08-08T11:52+00:00,1000019-B,Fundamentos de mecánica,(22) Grupo 22,35
2026-08-08T11:52+00:00,1000019-B,Fundamentos de mecánica,(23) Grupo 23,35
2026-08-08T11:52+00:00,1000019-B,Fundamentos de mecánica,(24) Grupo 24,35
2026-08-08T11:52+00:00,1000019-B,Fundamentos de mecánica,(25) Grupo 25,45
2026-08-08T11:52+00:00,1000019-B,Fundamentos de mecánica,(26) Grupo 26 (VIRTUAL),50
2026-08-08T11:52+00:00,1000019-B,Fundamentos de mecánica,(27) Grupo 27 (VIRTUAL),50
2026-08-08T11:52+00:00,1000019-B,Fundamentos de mecánica,(28) Grupo 28 (VIRTUAL),50
2026-08-08T11:52+00:00,1000019-B,Fundamentos de mecánica,(29) Grupo 29 (VIRTUAL),50
2026-08-08T11:52+00:00,1000019-B,Fundamentos de mecánica,(3) Grupo 3,35
2026-08-08T11:52+00:00,1000019-B,Fundamentos de mecánica,(4) Grupo 4,35
2026-08-08T11:52+00:00,1000019-B,Fundamentos de mecánica,(5) Grupo 5,35
2026-08-08T11:52+00:00,1000019-B,Fundamentos de mecánica,(6) Grupo 6,35
2026-08-08T11:52+00:00,1000019-B,Fundamentos de mecánica,(7) Grupo 7,35
2026-08-08T11:52+00:00,1000019-B,Fundamentos de mecánica,(8) Grupo 8,35
2026-08-08T11:52+00:00,1000019-B,Fundamentos de mecánica,(9) Grupo 9,10
2026-08-08T11:52+00:00,2015956,Geología,(1) Grupo 1,35
2026-08-08T11:52+00:00,2015956,Geología,(2) Grupo 2,30
2026-08-08T11:52+00:00,2015956,Geología,(3) Grupo 3,30
2026-08-08T11:52+00:00,2015956,Geología,(4) Grupo 4,35
2026-08-08T11:52+00:00,2015957,Geomática Aplicada,(1) Grupo 1,30
2026-08-08T11:52+00:00,2015957,Geomática Aplicada,(2) Grupo 2,30
2026-08-08T11:52+00:00,2015957,Geomática Aplicada,(3) Grupo 3,30
2026-08-08T11:52+00:00,2015957,Geomática Aplicada,(4) Grupo 4,30
2026-08-08T11:52+00:00,2015958,Geomática básica,(1) Grupo 1,20
2026-08-08T11:52+00:00,2015958,Geomática básica,(2) Grupo 2,20
2026-08-08T11:52+00:00,2015958,Geomática básica,(3) Grupo 3,30
2026-08-08T11:52+00:00,2015958,Geomática básica,(4) Grupo 4,20
2026-08-08T11:52+00:00,2015958,Geomática básica,(5) Grupo 5,20
2026-08-08T11:52+00:00,2015958,Geomática básica,(6) Grupo 6,20
2026-08-08T11:52+00:00,2015958,Geomática básica,(7) Grupo 7,20
2026-08-08T11:52+00:00,2015958,Geomática básica,(8) Grupo 8,20
2026-08-08T11:52+00:00,2015958,Geomática básica,(9) Grupo 9,20
2026-08-08T11:52+00:00,2015958,Geomática básica,(1) Grupo 1,40
2026-08-08T11:52+00:00,2015958,Geomática básica,(3) Grupo 3,30
2026-08-08T11:52+00:00,2015958,Geomática básica,(4) Grupo 4,40
2026-08-08T11:52+00:00,2015958,Geomática básica,(6) Grupo 6,40
2026-08-08T11:52+00:00,2015958,Geomática básica,(8) Grupo 8,40
2026-08-08T11:52+00:00,2015959,Geotecnia,(1) Grupo 1,30
2026-08-08T11:52+00:00,2015959,Geotecnia,(2) Grupo 2,30
2026-08-08T11:52+00:00,2015959,Geotecnia,(3) Grupo 3,30
2026-08-08T11:52+00:00,2015959,Geotecnia,(4) Grupo 4,0
2026-08-08T11:52+00:00,2015961,Hidráulica básica,(1) Grupo 1,24
2026-08-08T11:52+00:00,2015961,Hidráulica básica,(2) Grupo 2,24
2026-08-08T11:52+00:00,2015961,Hidráulica básica,(3) Grupo 3,24
2026-08-08T11:52+00:00,2015961,Hidráulica básica,(4) Grupo 4,24
2026-08-08T11:52+00:00,2015961,Hidráulica básica,(5) Grupo 5,24
2026-08-08T11:52+00:00,2015961,Hidráulica básica,(6) Grupo 6,24
2026-08-08T11:52+00:00,2015978,Hidrología,(1) Grupo 1,0
2026-08-08T11:52+00:00,2015978,Hidrología,(2) Grupo 2,30
2026-08-08T11:52+00:00,2015978,Hidrología,(3) Grupo 3,30
2026-08-08T11:52+00:00,2015978,Hidrología,(4) Grupo 4,30
2026-08-08T11:52+00:00,2015978,Hidrología,(5) Grupo 5,30
2026-08-08T11:52+00:00,2026135,Ingeniería civil sostenible,(1) Grupo 1,25
2026-08-08T11:52+00:00,2026135,Ingeniería civil sostenible,(2) Grupo 2,25
2026-08-08T11:52+00:00,2026135,Ingeniería civil sostenible,(3) Grupo 3,25
2026-08-08T11:52+00:00,2015963,Ingeniería de Tránsito,(1) Grupo 1,30
2026-08-08T11:52+00:00,2015963,Ingeniería de Tránsito,(2) Grupo 2,30
2026-08-08T11:52+00:00,2015963,Ingeniería de Tránsito,(3) Grupo 3,30
2026-08-08T11:52+00:00,2026138,Ingenieria de transporte,(1) Grupo 1,30
2026-08-08T11:52+00:00,2026138,Ingenieria de transporte,(2) Grupo 2,30
2026-08-08T11:52+00:00,2026138,Ingenieria de transporte,(3) Grupo 3,30
2026-08-08T11:52+00:00,2015703,Ingeniería económica,(1) Grupo 1,40
2026-08-08T11:52+00:00,2015703,Ingeniería económica,(10) Grupo 10,30
2026-08-08T11:52+00:00,2015703,Ingeniería económica,(11) Grupo 11,30
2026-08-08T11:52+00:00,2015703,Ingeniería económica,(2) Grupo 2,40
2026-08-08T11:52+00:00,2015703,Ingeniería económica,(3) Grupo 3,40
2026-08-08T11:52+00:00,2015703,Ingeniería económica,(4) Grupo 4,30
2026-08-08T11:52+00:00,2015703,Ingeniería económica,(5) Grupo 5 - Virtual,60
2026-08-08T11:52+00:00,2015703,Ingeniería económica,(6) Grupo 6,40
2026-08-08T11:52+00:00,2015703,Ingeniería económica,(7) Grupo 7,20
2026-08-08T11:52+00:00,2015703,Ingeniería económica,(8) Grupo 8,40
2026-08-08T11:52+00:00,2015703,Ingeniería económica,(9) Grupo 9,35
2026-08-08T11:52+00:00,1000044-B,Inglés I- Semestral,(1) Grupo 1,26
2026-08-08T11:52+00:00,1000044-B,Inglés I- Semestral,(2) Grupo 2,26
2026-08-08T11:52+00:00,1000044-B,Inglés I- Semestral,(3) Grupo 3,26
2026-08-08T11:52+00:00,1000044-B,Inglés I- Semestral,(4) Grupo 4,26
2026-08-08T11:52+00:00,1000044-B,Inglés I- Semestral,(5) Grupo 5,26
2026-08-08T11:52+00:00,1000044-B,Inglés I- Semestral,(6) Grupo 6,26
2026-08-08T11:52+00:00,1000044-B,Inglés I- Semestral,(7) Grupo 7,26
2026-08-08T11:52+00:00,1000044-B,Inglés I- Semestral,(8) Grupo 8,26
2026-08-08T11:52+00:00,1000044-B,Inglés I- Semestral,(9) Grupo 9,7
2026-08-08T11:52+00:00,1000045-B,Inglés II - Semestral,(1) Grupo 1,10
2026-08-08T11:52+00:00,1000045-B,Inglés II - Semestral,(10) Grupo 10,26
2026-08-08T11:52+00:00,1000045-B,Inglés II - Semestral,(11) Grupo 11,26
2026-08-08T11:52+00:00,1000045-B,Inglés II - Semestral,(12) Grupo 12,26
2026-08-08T11:52+00:00,1000045-B,Inglés II - Semestral,(13) Grupo 13,26
2026-08-08T11:52+00:00,1000045-B,Inglés II - Semestral,(14) Grupo 14,26
2026-08-08T11:52+00:00,1000045-B,Inglés II - Semestral,(15) Grupo 15,26
2026-08-08T11:52+00:00,1000045-B,Inglés II - Semestral,(16) Grupo 16,26
2026-08-08T11:52+00:00,1000045-B,Inglés II - Semestral,(2) Grupo 2,26
2026-08-08T11:52+00:00,1000045-B,Inglés II - Semestral,(3) Grupo 3,26
2026-08-08T11:52+00:00,1000045-B,Inglés II - Semestral,(4) Grupo 4,26
2026-08-08T11:52+00:00,1000045-B,Inglés II - Semestral,(5) Grupo 5,26
2026-08-08T11:52+00:00,1000045-B,Inglés II - Semestral,(6) Grupo 6,26
2026-08-08T11:52+00:00,1000045-B,Inglés II - Semestral,(7) Grupo 7,26
2026-08-08T11:52+00:00,1000045-B,Inglés II - Semestral,(8) Grupo 8,26
2026-08-08T11:52+00:00,1000045-B,Inglés II - Semestral,(9) Grupo 9,15
2026-08-08T11:52+00:00,1000046-B,Inglés III - Semestral,(1) Grupo 1,26
2026-08-08T11:52+00:00,1000046-B,Inglés III - Semestral,(10) Grupo 10,26
2026-08-08T11:52+00:00,1000046-B,Inglés III - Semestral,(11) Grupo 11,26
2026-08-08T11:52+00:00,1000046-B,Inglés III - Semestral,(12) Grupo 12,26
2026-08-08T11:52+00:00,1000046-B,Inglés III - Semestral,(13) Grupo 13,26
2026-08-08T11:52+00:00,1000046-B,Inglés III - Semestral,(14) Grupo 14,26
2026-08-08T11:52+00:00,1000046-B,Inglés III - Semestral,(15) Grupo 15,26
2026-08-08T11:52+00:00,1000046-B,Inglés III - Semestral,(16) Grupo 16,26
2026-08-08T11:52+00:00,1000046-B,Inglés III - Semestral,(17) Grupo 17,26
2026-08-08T11:52+00:00,1000046-B,Inglés III - Semestral,(18) Grupo 18,26
2026-08-08T11:52+00:00,1000046-B,Inglés III - Semestral,(2) Grupo 2,26
2026-08-08T11:52+00:00,1000046-B,Inglés III - Semestral,(3) Grupo 3,26
2026-08-08T11:52+00:00,1000046-B,Inglés III - Semestral,(4) Grupo 4,26
2026-08-08T11:52+00:00,1000046-B,Inglés III - Semestral,(5) Grupo 5,26
2026-08-08T11:52+00:00,1000046-B,Inglés III - Semestral,(6) Grupo 6,26
2026-08-08T11:52+00:00,1000046-B,Inglés III - Semestral,(7) Grupo 7,26
2026-08-08T11:52+00:00,1000046-B,Inglés III - Semestral,(8) Grupo 8,26
2026-08-08T11:52+00:00,1000046-B,Inglés III - Semestral,(9) Grupo 9,10
2026-08-08T11:52+00:00,1000052-B,Inglés Intensivo I y II,(1) Grupo 1,28
2026-08-08T11:52+00:00,1000052-B,Inglés Intensivo I y II,(2) Grupo 2,28
2026-08-08T11:52+00:00,1000052-B,Inglés Intensivo I y II,(3) Grupo 3,28
2026-08-08T11:52+00:00,1000053-B,Inglés Intensivo III y IV,(1) Grupo 1,28
2026-08-08T11:52+00:00,1000053-B,Inglés Intensivo III y IV,(2) Grupo 2,28
2026-08-08T11:52+00:00,1000053-B,Inglés Intensivo III y IV,(3) Grupo 3,30
2026-08-08T11:52+00:00,1000053-B,Inglés Intensivo III y IV,(4) Grupo 4,30
2026-08-08T11:52+00:00,1000053-B,Inglés Intensivo III y IV,(5) Grupo 5,28
2026-08-08T11:52+00:00,1000053-B,Inglés Intensivo III y IV,(6) Grupo 6,28
2026-08-08T11:52+00:00,1000047-B,Inglés IV- Semestral,(1) Grupo 1,26
2026-08-08T11:52+00:00,1000047-B,Inglés IV- Semestral,(10) Grupo 10,26
2026-08-08T11:52+00:00,1000047-B,Inglés IV- Semestral,(11) Grupo 11,26
2026-08-08T11:52+00:00,1000047-B,Inglés IV- Semestral,(12) Grupo 12,26
2026-08-08T11:52+00:00,1000047-B,Inglés IV- Semestral,(13) Grupo 13,26
2026-08-08T11:52+00:00,1000047-B,Inglés IV- Semestral,(14) Grupo 14,26
2026-08-08T11:52+00:00,1000047-B,Inglés IV- Semestral,(15) Grupo 15,26
2026-08-08T11:52+00:00,1000047-B,Inglés IV- Semestral,(16) Grupo 16,26
2026-08-08T11:52+00:00,1000047-B,Inglés IV- Semestral,(17) Grupo 17,26
2026-08-08T11:52+00:00,1000047-B,Inglés IV- Semestral,(18) Grupo 18,26
2026-08-08T11:52+00:00,1000047-B,Inglés IV- Semestral,(19) Grupo 19,26
2026-08-08T11:52+00:00,1000047-B,Inglés IV- Semestral,(2) Grupo 2,26
2026-08-08T11:52+00:00,1000047-B,Inglés IV- Semestral,(20) Grupo 20,26
2026-08-08T11:52+00:00,1000047-B,Inglés IV- Semestral,(21) Grupo 21,26
2026-08-08T11:52+00:00,1000047-B,Inglés IV- Semestral,(22) Grupo 22,26
2026-08-08T11:52+00:00,1000047-B,Inglés IV- Semestral,(3) Grupo 3,26
2026-08-08T11:52+00:00,1000047-B,Inglés IV- Semestral,(4) Grupo 4,26
2026-08-08T11:52+00:00,1000047-B,Inglés IV- Semestral,(5) Grupo 5,26
2026-08-08T11:52+00:00,1000047-B,Inglés IV- Semestral,(6) Grupo 6,26
2026-08-08T11:52+00:00,1000047-B,Inglés IV- Semestral,(7) Grupo 7,26
2026-08-08T11:52+00:00,1000047-B,Inglés IV- Semestral,(8) Grupo 8,26
2026-08-08T11:52+00:00,1000047-B,Inglés IV- Semestral,(9) Grupo 9,15
2026-08-08T11:52+00:00,2026186,Introducción a la ingeniería civil,(1) Grupo 1,7
2026-08-08T11:52+00:00,2026186,Introducción a la ingeniería civil,(2) Grupo 2,0
2026-08-08T11:52+00:00,2026186,Introducción a la ingeniería civil,(4) Grupo 4,10
2026-08-08T11:52+00:00,1000002-B,Lecto-Escritura,(1) Grupo 1 - Clase Presencial,1
2026-08-08T11:52+00:00,1000002-B,Lecto-Escritura,(10) Grupo 10 - Clase presencial,0
2026-08-08T11:52+00:00,1000002-B,Lecto-Escritura,(2) Grupo 2 - Clase Presencial,0
2026-08-08T11:52+00:00,1000002-B,Lecto-Escritura,(3) Grupo 3 - Clase Presencial,0
2026-08-08T11:52+00:00,1000002-B,Lecto-Escritura,(4) Grupo 4 - Clase Presencial,0
2026-08-08T11:52+00:00,1000002-B,Lecto-Escritura,(5) Grupo 5 - Clase Presencial,0
2026-08-08T11:52+00:00,1000002-B,Lecto-Escritura,(6) Grupo 6 - Clase Presencial,0
2026-08-08T11:52+00:00,1000002-B,Lecto-Escritura,(7) Grupo 7 - Clase Presencial,0
2026-08-08T11:52+00:00,1000002-B,Lecto-Escritura,(8) Grupo 8 - Clase Presencial,0
2026-08-08T11:52+00:00,1000002-B,Lecto-Escritura,(9) Grupo 9 - Clase Presencial,10
2026-08-08T11:52+00:00,1000001-B,Matemáticas Básicas,(1) Grupo 1,0
2026-08-08T11:52+00:00,1000001-B,Matemáticas Básicas,(19) Grupo 19,5
2026-08-08T11:52+00:00,1000001-B,Matemáticas Básicas,(2) Grupo 2,10
2026-08-08T11:52+00:00,1000001-B,Matemáticas Básicas,(1) Grupo 1,0
2026-08-08T11:52+00:00,1000001-B,Matemáticas Básicas,(10) Grupo 10,0
2026-08-08T11:52+00:00,1000001-B,Matemáticas Básicas,(2) Grupo 2,0
2026-08-08T11:52+00:00,1000001-B,Matemáticas Básicas,(3) Grupo 3,0
2026-08-08T11:52+00:00,1000001-B,Matemáticas Básicas,(4) Grupo 4,0
2026-08-08T11:52+00:00,1000001-B,Matemáticas Básicas,(5) Grupo 5,0
2026-08-08T11:52+00:00,1000001-B,Matemáticas Básicas,(6) Grupo 6,0
2026-08-08T11:52+00:00,1000001-B,Matemáticas Básicas,(7) Grupo 7,0
2026-08-08T11:52+00:00,1000001-B,Matemáticas Básicas,(8) Grupo 8,0
2026-08-08T11:52+00:00,1000001-B,Matemáticas Básicas,(9) Grupo 9,10
2026-08-08T11:52+00:00,2015965,Materiales para construcción,(1) Grupo 1,24
2026-08-08T11:52+00:00,2015965,Materiales para construcción,(2) Grupo 2,24
2026-08-08T11:52+00:00,2015965,Materiales para construcción,(3) Grupo 3,24
2026-08-08T11:52+00:00,2015965,Materiales para construcción,(4) Grupo 4,24
2026-08-08T11:52+00:00,2015966,Mecánica de fluidos,(1) Grupo 1,24
2026-08-08T11:52+00:00,2015966,Mecánica de fluidos,(2) Grupo 2,24
2026-08-08T11:52+00:00,2015966,Mecánica de fluidos,(3) Grupo 3,24
2026-08-08T11:52+00:00,2015966,Mecánica de fluidos,(4) Grupo 4,24
2026-08-08T11:52+00:00,2015966,Mecánica de fluidos,(5) Grupo 5,24
2026-08-08T11:52+00:00,2015966,Mecánica de fluidos,(6) Grupo 6,24
2026-08-08T11:52+00:00,2015966,Mecánica de fluidos,(7) Grupo 7,24
2026-08-08T11:52+00:00,2015966,Mecánica de fluidos,(8) Grupo 8,24
2026-08-08T11:52+00:00,2015967,Mecánica de Rocas,(1) Grupo 1,24
2026-08-08T11:52+00:00,2015968,Mecánica de sólidos,(1) Grupo 1,24
2026-08-08T11:52+00:00,2015968,Mecánica de sólidos,(2) Grupo 2,24
2026-08-08T11:52+00:00,2015968,Mecánica de sólidos,(3) Grupo 3,24
2026-08-08T11:52+00:00,2015968,Mecánica de sólidos,(4) Grupo 4,24
2026-08-08T11:52+00:00,2015968,Mecánica de sólidos,(5) Grupo 5,24
2026-08-08T11:52+00:00,2015968,Mecánica de sólidos,(6) Grupo 6,24
2026-08-08T11:52+00:00,2015968,Mecánica de sólidos,(7) Grupo 7,0
2026-08-08T11:52+00:00,2015969,Mecánica de suelos,(1) Grupo 1 (Inglés),30
2026-08-08T11:52+00:00,2015969,Mecánica de suelos,(2) Grupo 2,30
2026-08-08T11:52+00:00,2015969,Mecánica de suelos,(3) Grupo 3,30
2026-08-08T11:52+00:00,2015969,Mecánica de suelos,(4) Grupo 4,30
2026-08-08T11:52+00:00,2015970,Métodos numéricos,(4) Grupo 4,30
2026-08-08T11:52+00:00,2015970,Métodos numéricos,(5) Grupo 5,45
2026-08-08T11:52+00:00,2015970,Métodos numéricos,(8) Grupo 8,30
2026-08-08T11:52+00:00,2015970,Métodos numéricos,(9) Grupo 9,45
2026-08-08T11:52+00:00,2017293,Modelación matemática,(1) 2017293-1 Modelación matemática,34
2026-08-08T11:52+00:00,2017293,Modelación matemática,(2) 2017293-2 Modelación matemática,34
2026-08-08T11:52+00:00,2017293,Modelación matemática,(1M) 2017293-1M Modelación matemática - Magistral,80
2026-08-08T11:52+00:00,2015971,Pavimentos,(1) Grupo 1,30
2026-08-08T11:52+00:00,2015971,Pavimentos,(2) Grupo 2,30
2026-08-08T11:52+00:00,2015971,Pavimentos,(3) Grupo 3,30
2026-08-08T11:52+00:00,2015972,Preparación y evaluación de proyectos de infraestructura,(1) Grupo 1,15
2026-08-08T11:52+00:00,2015972,Preparación y evaluación de proyectos de infraestructura,(2) Grupo 2,15
2026-08-08T11:52+00:00,2015972,Preparación y evaluación de proyectos de infraestructura,(3) Grupo 3,15
2026-08-08T11:52+00:00,1000024-B,Principios de química,(12) Grupo 12,0
2026-08-08T11:52+00:00,1000024-B,Principios de química,(13) Grupo 13,0
2026-08-08T11:52+00:00,1000024-B,Principios de química,(14) Grupo 14,10
2026-08-08T11:52+00:00,1000013-B,Probabilidad y estadística fundamental,(1) Grupo 1,0
2026-08-08T11:52+00:00,1000013-B,Probabilidad y estadística fundamental,(10) Grupo 10,35
2026-08-08T11:52+00:00,1000013-B,Probabilidad y estadística fundamental,(11) Grupo 11,40
2026-08-08T11:52+00:00,1000013-B,Probabilidad y estadística fundamental,(12) Grupo 12,40
2026-08-08T11:52+00:00,1000013-B,Probabilidad y estadística fundamental,(13) Grupo 13,30
2026-08-08T11:52+00:00,1000013-B,Probabilidad y estadística fundamental,(14) Grupo 14,45
2026-08-08T11:52+00:00,1000013-B,Probabilidad y estadística fundamental,(16) Grupo 16,30
2026-08-08T11:52+00:00,1000013-B,Probabilidad y estadística fundamental,(2) Grupo 2,40
2026-08-08T11:52+00:00,1000013-B,Probabilidad y estadística fundamental,(22) Grupo 22,45
2026-08-08T11:52+00:00,1000013-B,Probabilidad y estadística fundamental,(23) Grupo 23,0
2026-08-08T11:52+00:00,1000013-B,Probabilidad y estadística fundamental,(3) Grupo 3,40
2026-08-08T11:52+00:00,1000013-B,Probabilidad y estadística fundamental,(4) Grupo 4,40
2026-08-08T11:52+00:00,1000013-B,Probabilidad y estadística fundamental,(5) Grupo 5,35
2026-08-08T11:52+00:00,1000013-B,Probabilidad y estadística fundamental,(6) Grupo 6,35
2026-08-08T11:52+00:00,1000013-B,Probabilidad y estadística fundamental,(7) Grupo 7,40
2026-08-08T11:52+00:00,2015734,Programación de computadores,(1) Grupo 1,6
2026-08-08T11:52+00:00,2015734,Programación de computadores,(10) Grupo 10,4
2026-08-08T11:52+00:00,2015734,Programación de computadores,(11) Grupo 11,0
2026-08-08T11:52+00:00,2015734,Programación de computadores,(12) Grupo 12,1
2026-08-08T11:52+00:00,2015734,Programación de computadores,(13) Grupo 13,4
2026-08-08T11:52+00:00,2015734,Programación de computadores,(14) Grupo 14,0
2026-08-08T11:52+00:00,2015734,Programación de computadores,(2) Grupo 2,16
2026-08-08T11:52+00:00,2015734,Programación de computadores,(3) Grupo 3,0
2026-08-08T11:52+00:00,2015734,Programación de computadores,(4) Grupo 4,0
2026-08-08T11:52+00:00,2015734,Programación de computadores,(5) Grupo 5,0
2026-08-08T11:52+00:00,2015734,Programación de computadores,(6) Grupo 6,8
2026-08-08T11:52+00:00,2015734,Programación de computadores,(7) Grupo 7,3
2026-08-08T11:52+00:00,2015734,Programación de computadores,(8) Grupo 8 - Virtual,30
2026-08-08T11:52+00:00,2015734,Programación de computadores,(9) Grupo 9,18
2026-08-08T11:52+00:00,2015973,Saneamiento ambiental,(1) Grupo 1,25
2026-08-08T11:52+00:00,2015973,Saneamiento ambiental,(2) Grupo 2,25
2026-08-08T11:52+00:00,2015973,Saneamiento ambiental,(3) Grupo 3,25
2026-08-08T11:52+00:00,2022761,SIG para Ingeniería Civil,(1) Grupo 1,15
2026-08-08T11:52+00:00,2022761,SIG para Ingeniería Civil,(2) Grupo 2,15
2026-08-08T11:52+00:00,2022761,SIG para Ingeniería Civil,(3) Grupo 3,15
2026-08-08T11:52+00:00,2015296,Trabajo de Grado,(1) Grupo 1,5
2026-08-08T11:52+00:00,2015296,Trabajo de Grado,(10) Grupo 10,5
2026-08-08T11:52+00:00,2015296,Trabajo de Grado,(11) Grupo 11,5
2026-08-08T11:52+00:00,2015296,Trabajo de Grado,(12) Grupo 12,5
2026-08-08T11:52+00:00,2015296,Trabajo de Grado,(13) Grupo 13,5
2026-08-08T11:52+00:00,2015296,Trabajo de Grado,(14) Grupo 14,5
2026-08-08T11:52+00:00,2015296,Trabajo de Grado,(15) Grupo 15,5
2026-08-08T11:52+00:00,2015296,Trabajo de Grado,(16) Grupo 16,5
2026-08-08T11:52+00:00,2015296,Trabajo de Grado,(17) Grupo 17,5
2026-08-08T11:52+00:00,2015296,Trabajo de Grado,(18) Grupo 18,5
2026-08-08T11:52+00:00,2015296,Trabajo de Grado,(19) Grupo 19,0
2026-08-08T11:52+00:00,2015296,Trabajo de Grado,(2) Grupo 2,5
2026-08-08T11:52+00:00,2015296,Trabajo de Grado,(3) Grupo 3,5
2026-08-08T11:52+00:00,2015296,Trabajo de Grado,(4) Grupo 4,5
2026-08-08T11:52+00:00,2015296,Trabajo de Grado,(5) Grupo 5,5
2026-08-08T11:52+00:00,2015296,Trabajo de Grado,(6) Grupo 6,5
2026-08-08T11:52+00:00,2015296,Trabajo de Grado,(7) Grupo 7,5
2026-08-08T11:52+00:00,2015296,Trabajo de Grado,(8) Grupo 8,5
2026-08-08T11:52+00:00,2015296,Trabajo de Grado,(9) Grupo 9,5
2026-08-08T12:25+00:00,2015938,Acueductos,(1) Grupo 1,25
2026-08-08T12:25+00:00,2015938,Acueductos,(2) Grupo 2,25
2026-08-08T12:25+00:00,2015938,Acueductos,(3) Grupo 3,25
2026-08-08T12:25+00:00,2015938,Acueductos,(4) Grupo 4,24
2026-08-08T12:25+00:00,2015939,Alcantarillados,(1) Grupo 1,25
2026-08-08T12:25+00:00,2015939,Alcantarillados,(2) Grupo 2,25
2026-08-08T12:25+00:00,2015939,Alcantarillados,(3) Grupo 3,25
2026-08-08T12:25+00:00,2015939,Alcantarillados,(4) Grupo 4,25
2026-08-08T12:25+00:00,2015940,Análisis estructural aplicado,(1) Grupo 1,24
2026-08-08T12:25+00:00,2015940,Análisis estructural aplicado,(2) Grupo 2,24
2026-08-08T12:25+00:00,2015940,Análisis estructural aplicado,(3) Grupo 3,24
2026-08-08T12:25+00:00,2015941,Análisis estructural básico,(1) Grupo 1,30
2026-08-08T12:25+00:00,2015941,Análisis estructural básico,(2) Grupo 2,30
2026-08-08T12:25+00:00,2015941,Análisis estructural básico,(3) Grupo 3,30
2026-08-08T12:25+00:00,2015941,Análisis estructural básico,(4) Grupo 4,30
2026-08-08T12:25+00:00,1000004-B,Cálculo diferencial,(10) Grupo 10,53
2026-08-08T12:25+00:00,1000004-B,Cálculo diferencial,(11) Grupo 11,24
2026-08-08T12:25+00:00,1000004-B,Cálculo diferencial,(12) Grupo 12,24
2026-08-08T12:25+00:00,1000004-B,Cálculo diferencial,(13) Grupo 13,16
2026-08-08T12:25+00:00,1000004-B,Cálculo diferencial,(14) Grupo 14,90
2026-08-08T12:25+00:00,1000004-B,Cálculo diferencial,(16) Grupo 16,27
2026-08-08T12:25+00:00,1000004-B,Cálculo diferencial,(17) Grupo 17,39
2026-08-08T12:25+00:00,1000004-B,Cálculo diferencial,(19) Grupo 19,59
2026-08-08T12:25+00:00,1000004-B,Cálculo diferencial,(2) Grupo 2,24
2026-08-08T12:25+00:00,1000004-B,Cálculo diferencial,(20) Grupo 20,10
2026-08-08T12:25+00:00,1000004-B,Cálculo diferencial,(21) Grupo 21,60
2026-08-08T12:25+00:00,1000004-B,Cálculo diferencial,(22) Grupo 22,60
2026-08-08T12:25+00:00,1000004-B,Cálculo diferencial,(24) Grupo 24,60
2026-08-08T12:25+00:00,1000004-B,Cálculo diferencial,(25) Grupo 25,40
2026-08-08T12:25+00:00,1000004-B,Cálculo diferencial,(27) Grupo 27,51
2026-08-08T12:25+00:00,1000004-B,Cálculo diferencial,(28) Grupo 28,60
2026-08-08T12:25+00:00,1000004-B,Cálculo diferencial,(29) Grupo 29,60
2026-08-08T12:25+00:00,1000004-B,Cálculo diferencial,(30) Grupo 30,60
2026-08-08T12:25+00:00,1000004-B,Cálculo diferencial,(32) Grupo 32,90
2026-08-08T12:25+00:00,1000004-B,Cálculo diferencial,(4) Grupo 4,37
2026-08-08T12:25+00:00,1000004-B,Cálculo diferencial,(5) Grupo 5,84
2026-08-08T12:25+00:00,1000004-B,Cálculo diferencial,(7) Grupo 7,64
2026-08-08T12:25+00:00,1000004-B,Cálculo diferencial,(8) Grupo 8,40
2026-08-08T12:25+00:00,1000004-B,Cálculo diferencial,(9) Grupo 9,18
2026-08-08T12:25+00:00,1000006-B,Cálculo en varias variables,(1) Grupo 1,40
2026-08-08T12:25+00:00,1000006-B,Cálculo en varias variables,(10) Grupo 10,100
2026-08-08T12:25+00:00,1000006-B,Cálculo en varias variables,(11) Grupo 11,40
2026-08-08T12:25+00:00,1000006-B,Cálculo en varias variables,(12) Grupo 12,60
2026-08-08T12:25+00:00,1000006-B,Cálculo en varias variables,(13) Grupo 13,40
2026-08-08T12:25+00:00,1000006-B,Cálculo en varias variables,(14) Grupo 14,60
2026-08-08T12:25+00:00,1000006-B,Cálculo en varias variables,(15) Grupo 15,112
2026-08-08T12:25+00:00,1000006-B,Cálculo en varias variables,(2) Grupo 2,40
2026-08-08T12:25+00:00,1000006-B,Cálculo en varias variables,(3) Grupo 3,40
2026-08-08T12:25+00:00,1000006-B,Cálculo en varias variables,(4) Grupo 4,100
2026-08-08T12:25+00:00,1000006-B,Cálculo en varias variables,(5) Grupo 5,40
2026-08-08T12:25+00:00,1000006-B,Cálculo en varias variables,(7) Grupo 7,70
2026-08-08T12:25+00:00,1000006-B,Cálculo en varias variables,(8) Grupo 8,60
2026-08-08T12:25+00:00,1000006-B,Cálculo en varias variables,(9) Grupo 9,0
2026-08-08T12:25+00:00,1000005-B,Cálculo Integral,(1) Grupo 1,0
2026-08-08T12:25+00:00,1000005-B,Cálculo Integral,(10) Grupo 10,50
2026-08-08T12:25+00:00,1000005-B,Cálculo Integral,(14) Grupo 14,40
2026-08-08T12:25+00:00,1000005-B,Cálculo Integral,(15) Grupo 15,60
2026-08-08T12:25+00:00,1000005-B,Cálculo Integral,(16) Grupo 16,70
2026-08-08T12:25+00:00,1000005-B,Cálculo Integral,(17) Grupo 17,40
2026-08-08T12:25+00:00,1000005-B,Cálculo Integral,(2) Grupo 2,60
2026-08-08T12:25+00:00,1000005-B,Cálculo Integral,(20) Grupo 20,40
2026-08-08T12:25+00:00,1000005-B,Cálculo Integral,(22) Grupo 22,60
2026-08-08T12:25+00:00,1000005-B,Cálculo Integral,(3) Grupo 3,70
2026-08-08T12:25+00:00,1000005-B,Cálculo Integral,(4) Grupo 4,60
2026-08-08T12:25+00:00,1000005-B,Cálculo Integral,(6) Grupo 6,60
2026-08-08T12:25+00:00,1000005-B,Cálculo Integral,(7) Grupo 7,100
2026-08-08T12:25+00:00,1000005-B,Cálculo Integral,(8) Grupo 8,40
2026-08-08T12:25+00:00,1000005-B,Cálculo Integral,(9) Grupo 9,10
2026-08-08T12:25+00:00,2015943,Construcción de edificaciones,(1) Grupo 1,15
2026-08-08T12:25+00:00,2015944,Construcción de Infraestructura Vial,(1) Grupo 1,15
2026-08-08T12:25+00:00,2015711,Dibujo básico,(10) 2015711-10 Dibujo básico,0
2026-08-08T12:25+00:00,2015711,Dibujo básico,(11) 2015711-11 Dibujo básico,0
2026-08-08T12:25+00:00,2015711,Dibujo básico,(14) 2015711-14 Dibujo básico,0
2026-08-08T12:25+00:00,2015711,Dibujo básico,(16) 2015711-16 Dibujo básico,0
2026-08-08T12:25+00:00,2015711,Dibujo básico,(4) 2015711-4 Dibujo básico,9
2026-08-08T12:25+00:00,2015711,Dibujo básico,(5) 2015711-5 Dibujo básico,0
2026-08-08T12:25+00:00,2015711,Dibujo básico,(7) 2015711-7 Dibujo básico,20
2026-08-08T12:25+00:00,2015711,Dibujo básico,(8) 2015711-8 Dibujo básico,0
2026-08-08T12:25+00:00,2015711,Dibujo básico,(9) 2015711-9 Dibujo básico,0
2026-08-08T12:25+00:00,2015948,Dinámica,(1) Grupo 1,30
2026-08-08T12:25+00:00,2015948,Dinámica,(2) Grupo 2,30
2026-08-08T12:25+00:00,2015948,Dinámica,(3) Grupo 3,30
2026-08-08T12:25+00:00,2015950,Diseño estructural,(1) Grupo 1,25
2026-08-08T12:25+00:00,2015950,Diseño estructural,(2) Grupo 2,0
2026-08-08T12:25+00:00,2015950,Diseño estructural,(3) Grupo 3,25
2026-08-08T12:25+00:00,2015950,Diseño estructural,(4) Grupo 4,25
2026-08-08T12:25+00:00,2015950,Diseño estructural,(5) Grupo 5,25
2026-08-08T12:25+00:00,2015949,Diseño geométrico de Vías,(1) Grupo 1,30
2026-08-08T12:25+00:00,2015949,Diseño geométrico de Vías,(2) Grupo 2,30
2026-08-08T12:25+00:00,2015949,Diseño geométrico de Vías,(3) Grupo 3,30
2026-08-08T12:25+00:00,1000007-B,Ecuaciones Diferenciales,(1) Grupo 1,60
2026-08-08T12:25+00:00,1000007-B,Ecuaciones Diferenciales,(11) Grupo 11,60
2026-08-08T12:25+00:00,1000007-B,Ecuaciones Diferenciales,(12) Grupo 12,60
2026-08-08T12:25+00:00,1000007-B,Ecuaciones Diferenciales,(13) Grupo 13,40
2026-08-08T12:25+00:00,1000007-B,Ecuaciones Diferenciales,(14) Grupo 14,100
2026-08-08T12:25+00:00,1000007-B,Ecuaciones Diferenciales,(3) Grupo 3,40
2026-08-08T12:25+00:00,1000007-B,Ecuaciones Diferenciales,(4) Grupo 4,60
2026-08-08T12:25+00:00,1000007-B,Ecuaciones Diferenciales,(6) Grupo 6,50
2026-08-08T12:25+00:00,1000007-B,Ecuaciones Diferenciales,(7) Grupo 7,40
2026-08-08T12:25+00:00,1000007-B,Ecuaciones Diferenciales,(9) Grupo 9,0
2026-08-08T12:25+00:00,2026134,Estática,(1) Grupo 1,0
2026-08-08T12:25+00:00,2026134,Estática,(2) Grupo 2,30
2026-08-08T12:25+00:00,2026134,Estática,(3) Grupo 3,30
2026-08-08T12:25+00:00,2026134,Estática,(4) Grupo 4,30
2026-08-08T12:25+00:00,2026134,Estática,(5) Grupo 5,30
2026-08-08T12:25+00:00,2026134,Estática,(6) Grupo 6,30
2026-08-08T12:25+00:00,2015954,Estructuras hidráulicas,(1) Grupo 1,30
2026-08-08T12:25+00:00,2015954,Estructuras hidráulicas,(2) Grupo 2,30
2026-08-08T12:25+00:00,2015954,Estructuras hidráulicas,(3) Grupo 3,30
2026-08-08T12:25+00:00,2015955,Fundamentos de construcción,(1) Grupo 1,30
2026-08-08T12:25+00:00,2015955,Fundamentos de construcción,(2) Grupo 2,30
2026-08-08T12:25+00:00,2015955,Fundamentos de construcción,(3) Grupo 3,30
2026-08-08T12:25+00:00,1000011-B,Fundamentos de ecología,(1) Grupo 1,118
2026-08-08T12:25+00:00,1000011-B,Fundamentos de ecología,(3) Grupo 3,12
2026-08-08T12:25+00:00,1000019-B,Fundamentos de mecánica,(1) Grupo 1,35
2026-08-08T12:25+00:00,1000019-B,Fundamentos de mecánica,(10) Grupo 10,35
2026-08-08T12:25+00:00,1000019-B,Fundamentos de mecánica,(11) Grupo 11,35
2026-08-08T12:25+00:00,1000019-B,Fundamentos de mecánica,(12) Grupo 12,35
2026-08-08T12:25+00:00,1000019-B,Fundamentos de mecánica,(13) Grupo 13,35
2026-08-08T12:25+00:00,1000019-B,Fundamentos de mecánica,(14) Grupo 14,35
2026-08-08T12:25+00:00,1000019-B,Fundamentos de mecánica,(15) Grupo 15,32
2026-08-08T12:25+00:00,1000019-B,Fundamentos de mecánica,(16) Grupo 16,35
2026-08-08T12:25+00:00,1000019-B,Fundamentos de mecánica,(17) Grupo 17,34
2026-08-08T12:25+00:00,1000019-B,Fundamentos de mecánica,(18) Grupo 18,34
2026-08-08T12:25+00:00,1000019-B,Fundamentos de mecánica,(19) Grupo 19,32
2026-08-08T12:25+00:00,1000019-B,Fundamentos de mecánica,(2) Grupo 2,35
2026-08-08T12:25+00:00,1000019-B,Fundamentos de mecánica,(20) Grupo 20,35
2026-08-08T12:25+00:00,1000019-B,Fundamentos de mecánica,(21) Grupo 21,35
2026-08-08T12:25+00:00,1000019-B,Fundamentos de mecánica,(22) Grupo 22,35
2026-08-08T12:25+00:00,1000019-B,Fundamentos de mecánica,(23) Grupo 23,35
2026-08-08T12:25+00:00,1000019-B,Fundamentos de mecánica,(24) Grupo 24,35
2026-08-08T12:25+00:00,1000019-B,Fundamentos de mecánica,(25) Grupo 25,45
2026-08-08T12:25+00:00,1000019-B,Fundamentos de mecánica,(26) Grupo 26 (VIRTUAL),50
2026-08-08T12:25+00:00,1000019-B,Fundamentos de mecánica,(27) Grupo 27 (VIRTUAL),50
2026-08-08T12:25+00:00,1000019-B,Fundamentos de mecánica,(28) Grupo 28 (VIRTUAL),50
2026-08-08T12:25+00:00,1000019-B,Fundamentos de mecánica,(29) Grupo 29 (VIRTUAL),50
2026-08-08T12:25+00:00,1000019-B,Fundamentos de mecánica,(3) Grupo 3,35
2026-08-08T12:25+00:00,1000019-B,Fundamentos de mecánica,(4) Grupo 4,35
2026-08-08T12:25+00:00,1000019-B,Fundamentos de mecánica,(5) Grupo 5,35
2026-08-08T12:25+00:00,1000019-B,Fundamentos de mecánica,(6) Grupo 6,35
2026-08-08T12:25+00:00,1000019-B,Fundamentos de mecánica,(7) Grupo 7,35
2026-08-08T12:25+00:00,1000019-B,Fundamentos de mecánica,(8) Grupo 8,35
2026-08-08T12:25+00:00,1000019-B,Fundamentos de mecánica,(9) Grupo 9,0
2026-08-08T12:25+00:00,1000019-B,Fundamentos de mecánica,(1) Grupo 1,35
2026-08-08T12:25+00:00,1000019-B,Fundamentos de mecánica,(10) Grupo 10,35
2026-08-08T12:25+00:00,1000019-B,Fundamentos de mecánica,(11) Grupo 11,35
2026-08-08T12:25+00:00,1000019-B,Fundamentos de mecánica,(12) Grupo 12,35
2026-08-08T12:25+00:00,1000019-B,Fundamentos de mecánica,(13) Grupo 13,35
2026-08-08T12:25+00:00,1000019-B,Fundamentos de mecánica,(14) Grupo 14,35
2026-08-08T12:25+00:00,1000019-B,Fundamentos de mecánica,(15) Grupo 15,32
2026-08-08T12:25+00:00,1000019-B,Fundamentos de mecánica,(16) Grupo 16,35
2026-08-08T12:25+00:00,1000019-B,Fundamentos de mecánica,(17) Grupo 17,34
2026-08-08T12:25+00:00,1000019-B,Fundamentos de mecánica,(18) Grupo 18,34
2026-08-08T12:25+00:00,1000019-B,Fundamentos de mecánica,(19) Grupo 19,32
2026-08-08T12:25+00:00,1000019-B,Fundamentos de mecánica,(2) Grupo 2,35
2026-08-08T12:25+00:00,1000019-B,Fundamentos de mecánica,(20) Grupo 20,35
2026-08-08T12:25+00:00,1000019-B,Fundamentos de mecánica,(21) Grupo 21,35
2026-08-08T12:25+00:00,1000019-B,Fundamentos de mecánica,(22) Grupo 22,35
2026-08-08T12:25+00:00,1000019-B,Fundamentos de mecánica,(23) Grupo 23,35
2026-08-08T12:25+00:00,1000019-B,Fundamentos de mecánica,(24) Grupo 24,35
2026-08-08T12:25+00:00,1000019-B,Fundamentos de mecánica,(25) Grupo 25,45
2026-08-08T12:25+00:00,1000019-B,Fundamentos de mecánica,(26) Grupo 26 (VIRTUAL),50
2026-08-08T12:25+00:00,1000019-B,Fundamentos de mecánica,(27) Grupo 27 (VIRTUAL),50
2026-08-08T12:25+00:00,1000019-B,Fundamentos de mecánica,(28) Grupo 28 (VIRTUAL),50
2026-08-08T12:25+00:00,1000019-B,Fundamentos de mecánica,(29) Grupo 29 (VIRTUAL),50
2026-08-08T12:25+00:00,1000019-B,Fundamentos de mecánica,(3) Grupo 3,35
2026-08-08T12:25+00:00,1000019-B,Fundamentos de mecánica,(4) Grupo 4,35
2026-08-08T12:25+00:00,1000019-B,Fundamentos de mecánica,(5) Grupo 5,35
2026-08-08T12:25+00:00,1000019-B,Fundamentos de mecánica,(6) Grupo 6,35
2026-08-08T12:25+00:00,1000019-B,Fundamentos de mecánica,(7) Grupo 7,35
2026-08-08T12:25+00:00,1000019-B,Fundamentos de mecánica,(8) Grupo 8,35
2026-08-08T12:25+00:00,1000019-B,Fundamentos de mecánica,(9) Grupo 9,10
2026-08-08T12:25+00:00,1000019-B,Fundamentos de mecánica,(16) Gruop 16,8
2026-08-08T12:25+00:00,1000019-B,Fundamentos de mecánica,(1) Grupo 1,35
2026-08-08T12:25+00:00,1000019-B,Fundamentos de mecánica,(10) Grupo 10,35
2026-08-08T12:25+00:00,1000019-B,Fundamentos de mecánica,(11) Grupo 11,35
2026-08-08T12:25+00:00,1000019-B,Fundamentos de mecánica,(12) Grupo 12,35
2026-08-08T12:25+00:00,1000019-B,Fundamentos de mecánica,(13) Grupo 13,35
2026-08-08T12:25+00:00,1000019-B,Fundamentos de mecánica,(14) Grupo 14,35
2026-08-08T12:25+00:00,1000019-B,Fundamentos de mecánica,(15) Grupo 15,32
2026-08-08T12:25+00:00,1000019-B,Fundamentos de mecánica,(17) Grupo 17,34
2026-08-08T12:25+00:00,1000019-B,Fundamentos de mecánica,(18) Grupo 18,34
2026-08-08T12:25+00:00,1000019-B,Fundamentos de mecánica,(19) Grupo 19,32
2026-08-08T12:25+00:00,1000019-B,Fundamentos de mecánica,(2) Grupo 2,35
2026-08-08T12:25+00:00,1000019-B,Fundamentos de mecánica,(20) Grupo 20,35
2026-08-08T12:25+00:00,1000019-B,Fundamentos de mecánica,(21) Grupo 21,35
2026-08-08T12:25+00:00,1000019-B,Fundamentos de mecánica,(22) Grupo 22,35
2026-08-08T12:25+00:00,1000019-B,Fundamentos de mecánica,(23) Grupo 23,35
2026-08-08T12:25+00:00,1000019-B,Fundamentos de mecánica,(24) Grupo 24,35
2026-08-08T12:25+00:00,1000019-B,Fundamentos de mecánica,(25) Grupo 25,45
2026-08-08T12:25+00:00,1000019-B,Fundamentos de mecánica,(26) Grupo 26 (VIRTUAL),50
2026-08-08T12:25+00:00,1000019-B,Fundamentos de mecánica,(27) Grupo 27 (VIRTUAL),50
2026-08-08T12:25+00:00,1000019-B,Fundamentos de mecánica,(28) Grupo 28 (VIRTUAL),50
2026-08-08T12:25+00:00,1000019-B,Fundamentos de mecánica,(29) Grupo 29 (VIRTUAL),50
2026-08-08T12:25+00:00,1000019-B,Fundamentos de mecánica,(3) Grupo 3,35
2026-08-08T12:25+00:00,1000019-B,Fundamentos de mecánica,(4) Grupo 4,35
2026-08-08T12:25+00:00,1000019-B,Fundamentos de mecánica,(5) Grupo 5,35
2026-08-08T12:25+00:00,1000019-B,Fundamentos de mecánica,(6) Grupo 6,35
2026-08-08T12:25+00:00,1000019-B,Fundamentos de mecánica,(7) Grupo 7,35
2026-08-08T12:25+00:00,1000019-B,Fundamentos de mecánica,(8) Grupo 8,35
2026-08-08T12:25+00:00,1000019-B,Fundamentos de mecánica,(9) Grupo 9,10
2026-08-08T12:25+00:00,2015956,Geología,(1) Grupo 1,35
2026-08-08T12:25+00:00,2015956,Geología,(2) Grupo 2,30
2026-08-08T12:25+00:00,2015956,Geología,(3) Grupo 3,30
2026-08-08T12:25+00:00,2015956,Geología,(4) Grupo 4,35
2026-08-08T12:25+00:00,2015957,Geomática Aplicada,(1) Grupo 1,30
2026-08-08T12:25+00:00,2015957,Geomática Aplicada,(2) Grupo 2,30
2026-08-08T12:25+00:00,2015957,Geomática Aplicada,(3) Grupo 3,30
2026-08-08T12:25+00:00,2015957,Geomática Aplicada,(4) Grupo 4,30
2026-08-08T12:25+00:00,2015958,Geomática básica,(1) Grupo 1,20
2026-08-08T12:25+00:00,2015958,Geomática básica,(2) Grupo 2,20
2026-08-08T12:25+00:00,2015958,Geomática básica,(3) Grupo 3,30
2026-08-08T12:25+00:00,2015958,Geomática básica,(4) Grupo 4,20
2026-08-08T12:25+00:00,2015958,Geomática básica,(5) Grupo 5,20
2026-08-08T12:25+00:00,2015958,Geomática básica,(6) Grupo 6,20
2026-08-08T12:25+00:00,2015958,Geomática básica,(7) Grupo 7,20
2026-08-08T12:25+00:00,2015958,Geomática básica,(8) Grupo 8,20
2026-08-08T12:25+00:00,2015958,Geomática básica,(9) Grupo 9,20
2026-08-08T12:25+00:00,2015958,Geomática básica,(1) Grupo 1,40
2026-08-08T12:25+00:00,2015958,Geomática básica,(3) Grupo 3,30
2026-08-08T12:25+00:00,2015958,Geomática básica,(4) Grupo 4,40
2026-08-08T12:25+00:00,2015958,Geomática básica,(6) Grupo 6,40
2026-08-08T12:25+00:00,2015958,Geomática básica,(8) Grupo 8,40
2026-08-08T12:25+00:00,2015959,Geotecnia,(1) Grupo 1,30
2026-08-08T12:25+00:00,2015959,Geotecnia,(2) Grupo 2,30
2026-08-08T12:25+00:00,2015959,Geotecnia,(3) Grupo 3,30
2026-08-08T12:25+00:00,2015959,Geotecnia,(4) Grupo 4,0
2026-08-08T12:25+00:00,2015961,Hidráulica básica,(1) Grupo 1,24
2026-08-08T12:25+00:00,2015961,Hidráulica básica,(2) Grupo 2,24
2026-08-08T12:25+00:00,2015961,Hidráulica básica,(3) Grupo 3,24
2026-08-08T12:25+00:00,2015961,Hidráulica básica,(4) Grupo 4,24
2026-08-08T12:25+00:00,2015961,Hidráulica básica,(5) Grupo 5,24
2026-08-08T12:25+00:00,2015961,Hidráulica básica,(6) Grupo 6,24
2026-08-08T12:25+00:00,2015978,Hidrología,(1) Grupo 1,0
2026-08-08T12:25+00:00,2015978,Hidrología,(2) Grupo 2,30
2026-08-08T12:25+00:00,2015978,Hidrología,(3) Grupo 3,30
2026-08-08T12:25+00:00,2015978,Hidrología,(4) Grupo 4,30
2026-08-08T12:25+00:00,2015978,Hidrología,(5) Grupo 5,30
2026-08-08T12:25+00:00,2026135,Ingeniería civil sostenible,(1) Grupo 1,25
2026-08-08T12:25+00:00,2026135,Ingeniería civil sostenible,(2) Grupo 2,25
2026-08-08T12:25+00:00,2026135,Ingeniería civil sostenible,(3) Grupo 3,25
2026-08-08T12:25+00:00,2015963,Ingeniería de Tránsito,(1) Grupo 1,30
2026-08-08T12:25+00:00,2015963,Ingeniería de Tránsito,(2) Grupo 2,30
2026-08-08T12:25+00:00,2015963,Ingeniería de Tránsito,(3) Grupo 3,30
2026-08-08T12:25+00:00,2026138,Ingenieria de transporte,(1) Grupo 1,30
2026-08-08T12:25+00:00,2026138,Ingenieria de transporte,(2) Grupo 2,30
2026-08-08T12:25+00:00,2026138,Ingenieria de transporte,(3) Grupo 3,30
2026-08-08T12:25+00:00,2015703,Ingeniería económica,(1) Grupo 1,40
2026-08-08T12:25+00:00,2015703,Ingeniería económica,(10) Grupo 10,30
2026-08-08T12:25+00:00,2015703,Ingeniería económica,(11) Grupo 11,30
2026-08-08T12:25+00:00,2015703,Ingeniería económica,(2) Grupo 2,40
2026-08-08T12:25+00:00,2015703,Ingeniería económica,(3) Grupo 3,40
2026-08-08T12:25+00:00,2015703,Ingeniería económica,(4) Grupo 4,30
2026-08-08T12:25+00:00,2015703,Ingeniería económica,(5) Grupo 5 - Virtual,60
2026-08-08T12:25+00:00,2015703,Ingeniería económica,(6) Grupo 6,40
2026-08-08T12:25+00:00,2015703,Ingeniería económica,(7) Grupo 7,20
2026-08-08T12:25+00:00,2015703,Ingeniería económica,(8) Grupo 8,40
2026-08-08T12:25+00:00,2015703,Ingeniería económica,(9) Grupo 9,35
2026-08-08T12:25+00:00,1000044-B,Inglés I- Semestral,(1) Grupo 1,26
2026-08-08T12:25+00:00,1000044-B,Inglés I- Semestral,(2) Grupo 2,26
2026-08-08T12:25+00:00,1000044-B,Inglés I- Semestral,(3) Grupo 3,26
2026-08-08T12:25+00:00,1000044-B,Inglés I- Semestral,(4) Grupo 4,26
2026-08-08T12:25+00:00,1000044-B,Inglés I- Semestral,(5) Grupo 5,26
2026-08-08T12:25+00:00,1000044-B,Inglés I- Semestral,(6) Grupo 6,26
2026-08-08T12:25+00:00,1000044-B,Inglés I- Semestral,(7) Grupo 7,26
2026-08-08T12:25+00:00,1000044-B,Inglés I- Semestral,(8) Grupo 8,26
2026-08-08T12:25+00:00,1000044-B,Inglés I- Semestral,(9) Grupo 9,7
2026-08-08T12:25+00:00,1000045-B,Inglés II - Semestral,(1) Grupo 1,10
2026-08-08T12:25+00:00,1000045-B,Inglés II - Semestral,(10) Grupo 10,26
2026-08-08T12:25+00:00,1000045-B,Inglés II - Semestral,(11) Grupo 11,26
2026-08-08T12:25+00:00,1000045-B,Inglés II - Semestral,(12) Grupo 12,26
2026-08-08T12:25+00:00,1000045-B,Inglés II - Semestral,(13) Grupo 13,26
2026-08-08T12:25+00:00,1000045-B,Inglés II - Semestral,(14) Grupo 14,26
2026-08-08T12:25+00:00,1000045-B,Inglés II - Semestral,(15) Grupo 15,26
2026-08-08T12:25+00:00,1000045-B,Inglés II - Semestral,(16) Grupo 16,26
2026-08-08T12:25+00:00,1000045-B,Inglés II - Semestral,(2) Grupo 2,26
2026-08-08T12:25+00:00,1000045-B,Inglés II - Semestral,(3) Grupo 3,26
2026-08-08T12:25+00:00,1000045-B,Inglés II - Semestral,(4) Grupo 4,26
2026-08-08T12:25+00:00,1000045-B,Inglés II - Semestral,(5) Grupo 5,26
2026-08-08T12:25+00:00,1000045-B,Inglés II - Semestral,(6) Grupo 6,26
2026-08-08T12:25+00:00,1000045-B,Inglés II - Semestral,(7) Grupo 7,26
2026-08-08T12:25+00:00,1000045-B,Inglés II - Semestral,(8) Grupo 8,26
2026-08-08T12:25+00:00,1000045-B,Inglés II - Semestral,(9) Grupo 9,15
2026-08-08T12:25+00:00,1000046-B,Inglés III - Semestral,(1) Grupo 1,26
2026-08-08T12:25+00:00,1000046-B,Inglés III - Semestral,(10) Grupo 10,26
2026-08-08T12:25+00:00,1000046-B,Inglés III - Semestral,(11) Grupo 11,26
2026-08-08T12:25+00:00,1000046-B,Inglés III - Semestral,(12) Grupo 12,26
2026-08-08T12:25+00:00,1000046-B,Inglés III - Semestral,(13) Grupo 13,26
2026-08-08T12:25+00:00,1000046-B,Inglés III - Semestral,(14) Grupo 14,26
2026-08-08T12:25+00:00,1000046-B,Inglés III - Semestral,(15) Grupo 15,26
2026-08-08T12:25+00:00,1000046-B,Inglés III - Semestral,(16) Grupo 16,26
2026-08-08T12:25+00:00,1000046-B,Inglés III - Semestral,(17) Grupo 17,26
2026-08-08T12:25+00:00,1000046-B,Inglés III - Semestral,(18) Grupo 18,26
2026-08-08T12:25+00:00,1000046-B,Inglés III - Semestral,(2) Grupo 2,26
2026-08-08T12:25+00:00,1000046-B,Inglés III - Semestral,(3) Grupo 3,26
2026-08-08T12:25+00:00,1000046-B,Inglés III - Semestral,(4) Grupo 4,26
2026-08-08T12:25+00:00,1000046-B,Inglés III - Semestral,(5) Grupo 5,26
2026-08-08T12:25+00:00,1000046-B,Inglés III - Semestral,(6) Grupo 6,26
2026-08-08T12:25+00:00,1000046-B,Inglés III - Semestral,(7) Grupo 7,26
2026-08-08T12:25+00:00,1000046-B,Inglés III - Semestral,(8) Grupo 8,26
2026-08-08T12:25+00:00,1000046-B,Inglés III - Semestral,(9) Grupo 9,10
2026-08-08T12:25+00:00,1000052-B,Inglés Intensivo I y II,(1) Grupo 1,28
2026-08-08T12:25+00:00,1000052-B,Inglés Intensivo I y II,(2) Grupo 2,28
2026-08-08T12:25+00:00,1000052-B,Inglés Intensivo I y II,(3) Grupo 3,28
2026-08-08T12:25+00:00,1000053-B,Inglés Intensivo III y IV,(1) Grupo 1,28
2026-08-08T12:25+00:00,1000053-B,Inglés Intensivo III y IV,(2) Grupo 2,28
2026-08-08T12:25+00:00,1000053-B,Inglés Intensivo III y IV,(3) Grupo 3,30
2026-08-08T12:25+00:00,1000053-B,Inglés Intensivo III y IV,(4) Grupo 4,30
2026-08-08T12:25+00:00,1000053-B,Inglés Intensivo III y IV,(5) Grupo 5,28
2026-08-08T12:25+00:00,1000053-B,Inglés Intensivo III y IV,(6) Grupo 6,28
2026-08-08T12:25+00:00,1000047-B,Inglés IV- Semestral,(1) Grupo 1,26
2026-08-08T12:25+00:00,1000047-B,Inglés IV- Semestral,(10) Grupo 10,26
2026-08-08T12:25+00:00,1000047-B,Inglés IV- Semestral,(11) Grupo 11,26
2026-08-08T12:25+00:00,1000047-B,Inglés IV- Semestral,(12) Grupo 12,26
2026-08-08T12:25+00:00,1000047-B,Inglés IV- Semestral,(13) Grupo 13,26
2026-08-08T12:25+00:00,1000047-B,Inglés IV- Semestral,(14) Grupo 14,26
2026-08-08T12:25+00:00,1000047-B,Inglés IV- Semestral,(15) Grupo 15,26
2026-08-08T12:25+00:00,1000047-B,Inglés IV- Semestral,(16) Grupo 16,26
2026-08-08T12:25+00:00,1000047-B,Inglés IV- Semestral,(17) Grupo 17,26
2026-08-08T12:25+00:00,1000047-B,Inglés IV- Semestral,(18) Grupo 18,26
2026-08-08T12:25+00:00,1000047-B,Inglés IV- Semestral,(19) Grupo 19,26
2026-08-08T12:25+00:00,1000047-B,Inglés IV- Semestral,(2) Grupo 2,26
2026-08-08T12:25+00:00,1000047-B,Inglés IV- Semestral,(20) Grupo 20,26
2026-08-08T12:25+00:00,1000047-B,Inglés IV- Semestral,(21) Grupo 21,26
2026-08-08T12:25+00:00,1000047-B,Inglés IV- Semestral,(22) Grupo 22,26
2026-08-08T12:25+00:00,1000047-B,Inglés IV- Semestral,(3) Grupo 3,26
2026-08-08T12:25+00:00,1000047-B,Inglés IV- Semestral,(4) Grupo 4,26
2026-08-08T12:25+00:00,1000047-B,Inglés IV- Semestral,(5) Grupo 5,26
2026-08-08T12:25+00:00,1000047-B,Inglés IV- Semestral,(6) Grupo 6,26
2026-08-08T12:25+00:00,1000047-B,Inglés IV- Semestral,(7) Grupo 7,26
2026-08-08T12:25+00:00,1000047-B,Inglés IV- Semestral,(8) Grupo 8,26
2026-08-08T12:25+00:00,1000047-B,Inglés IV- Semestral,(9) Grupo 9,15
2026-08-08T12:25+00:00,2026186,Introducción a la ingeniería civil,(1) Grupo 1,7
2026-08-08T12:25+00:00,2026186,Introducción a la ingeniería civil,(2) Grupo 2,0
2026-08-08T12:25+00:00,2026186,Introducción a la ingeniería civil,(4) Grupo 4,10
2026-08-08T12:25+00:00,1000002-B,Lecto-Escritura,(1) Grupo 1 - Clase Presencial,1
2026-08-08T12:25+00:00,1000002-B,Lecto-Escritura,(10) Grupo 10 - Clase presencial,0
2026-08-08T12:25+00:00,1000002-B,Lecto-Escritura,(2) Grupo 2 - Clase Presencial,0
2026-08-08T12:25+00:00,1000002-B,Lecto-Escritura,(3) Grupo 3 - Clase Presencial,0
2026-08-08T12:25+00:00,1000002-B,Lecto-Escritura,(4) Grupo 4 - Clase Presencial,0
2026-08-08T12:25+00:00,1000002-B,Lecto-Escritura,(5) Grupo 5 - Clase Presencial,0
2026-08-08T12:25+00:00,1000002-B,Lecto-Escritura,(6) Grupo 6 - Clase Presencial,0
2026-08-08T12:25+00:00,1000002-B,Lecto-Escritura,(7) Grupo 7 - Clase Presencial,0
2026-08-08T12:25+00:00,1000002-B,Lecto-Escritura,(8) Grupo 8 - Clase Presencial,0
2026-08-08T12:25+00:00,1000002-B,Lecto-Escritura,(9) Grupo 9 - Clase Presencial,10
2026-08-08T12:25+00:00,1000001-B,Matemáticas Básicas,(1) Grupo 1,0
2026-08-08T12:25+00:00,1000001-B,Matemáticas Básicas,(19) Grupo 19,5
2026-08-08T12:25+00:00,1000001-B,Matemáticas Básicas,(2) Grupo 2,10
2026-08-08T12:25+00:00,1000001-B,Matemáticas Básicas,(1) Grupo 1,0
2026-08-08T12:25+00:00,1000001-B,Matemáticas Básicas,(10) Grupo 10,0
2026-08-08T12:25+00:00,1000001-B,Matemáticas Básicas,(2) Grupo 2,0
2026-08-08T12:25+00:00,1000001-B,Matemáticas Básicas,(3) Grupo 3,0
2026-08-08T12:25+00:00,1000001-B,Matemáticas Básicas,(4) Grupo 4,0
2026-08-08T12:25+00:00,1000001-B,Matemáticas Básicas,(5) Grupo 5,0
2026-08-08T12:25+00:00,1000001-B,Matemáticas Básicas,(6) Grupo 6,0
2026-08-08T12:25+00:00,1000001-B,Matemáticas Básicas,(7) Grupo 7,0
2026-08-08T12:25+00:00,1000001-B,Matemáticas Básicas,(8) Grupo 8,0
2026-08-08T12:25+00:00,1000001-B,Matemáticas Básicas,(9) Grupo 9,10
2026-08-08T12:25+00:00,2015965,Materiales para construcción,(1) Grupo 1,24
2026-08-08T12:25+00:00,2015965,Materiales para construcción,(2) Grupo 2,24
2026-08-08T12:25+00:00,2015965,Materiales para construcción,(3) Grupo 3,24
2026-08-08T12:25+00:00,2015965,Materiales para construcción,(4) Grupo 4,24
2026-08-08T12:25+00:00,2015966,Mecánica de fluidos,(1) Grupo 1,24
2026-08-08T12:25+00:00,2015966,Mecánica de fluidos,(2) Grupo 2,24
2026-08-08T12:25+00:00,2015966,Mecánica de fluidos,(3) Grupo 3,24
2026-08-08T12:25+00:00,2015966,Mecánica de fluidos,(4) Grupo 4,24
2026-08-08T12:25+00:00,2015966,Mecánica de fluidos,(5) Grupo 5,24
2026-08-08T12:25+00:00,2015966,Mecánica de fluidos,(6) Grupo 6,24
2026-08-08T12:25+00:00,2015966,Mecánica de fluidos,(7) Grupo 7,24
2026-08-08T12:25+00:00,2015966,Mecánica de fluidos,(8) Grupo 8,24
2026-08-08T12:25+00:00,2015967,Mecánica de Rocas,(1) Grupo 1,24
2026-08-08T12:25+00:00,2015968,Mecánica de sólidos,(1) Grupo 1,24
2026-08-08T12:25+00:00,2015968,Mecánica de sólidos,(2) Grupo 2,24
2026-08-08T12:25+00:00,2015968,Mecánica de sólidos,(3) Grupo 3,24
2026-08-08T12:25+00:00,2015968,Mecánica de sólidos,(4) Grupo 4,24
2026-08-08T12:25+00:00,2015968,Mecánica de sólidos,(5) Grupo 5,24
2026-08-08T12:25+00:00,2015968,Mecánica de sólidos,(6) Grupo 6,24
2026-08-08T12:25+00:00,2015968,Mecánica de sólidos,(7) Grupo 7,0
2026-08-08T12:25+00:00,2015969,Mecánica de suelos,(1) Grupo 1 (Inglés),30
2026-08-08T12:25+00:00,2015969,Mecánica de suelos,(2) Grupo 2,30
2026-08-08T12:25+00:00,2015969,Mecánica de suelos,(3) Grupo 3,30
2026-08-08T12:25+00:00,2015969,Mecánica de suelos,(4) Grupo 4,30
2026-08-08T12:25+00:00,2015970,Métodos numéricos,(4) Grupo 4,30
2026-08-08T12:25+00:00,2015970,Métodos numéricos,(5) Grupo 5,45
2026-08-08T12:25+00:00,2015970,Métodos numéricos,(8) Grupo 8,30
2026-08-08T12:25+00:00,2015970,Métodos numéricos,(9) Grupo 9,45
2026-08-08T12:25+00:00,2017293,Modelación matemática,(1) 2017293-1 Modelación matemática,34
2026-08-08T12:25+00:00,2017293,Modelación matemática,(2) 2017293-2 Modelación matemática,34
2026-08-08T12:25+00:00,2017293,Modelación matemática,(1M) 2017293-1M Modelación matemática - Magistral,80
2026-08-08T12:25+00:00,2015971,Pavimentos,(1) Grupo 1,30
2026-08-08T12:25+00:00,2015971,Pavimentos,(2) Grupo 2,30
2026-08-08T12:25+00:00,2015971,Pavimentos,(3) Grupo 3,30
2026-08-08T12:25+00:00,2015972,Preparación y evaluación de proyectos de infraestructura,(1) Grupo 1,15
2026-08-08T12:25+00:00,2015972,Preparación y evaluación de proyectos de infraestructura,(2) Grupo 2,15
2026-08-08T12:25+00:00,2015972,Preparación y evaluación de proyectos de infraestructura,(3) Grupo 3,15
2026-08-08T12:25+00:00,1000024-B,Principios de química,(12) Grupo 12,0
2026-08-08T12:25+00:00,1000024-B,Principios de química,(13) Grupo 13,0
2026-08-08T12:25+00:00,1000024-B,Principios de química,(14) Grupo 14,10
2026-08-08T12:25+00:00,1000013-B,Probabilidad y estadística fundamental,(1) Grupo 1,0
2026-08-08T12:25+00:00,1000013-B,Probabilidad y estadística fundamental,(10) Grupo 10,35
2026-08-08T12:25+00:00,1000013-B,Probabilidad y estadística fundamental,(11) Grupo 11,40
2026-08-08T12:25+00:00,1000013-B,Probabilidad y estadística fundamental,(12) Grupo 12,40
2026-08-08T12:25+00:00,1000013-B,Probabilidad y estadística fundamental,(13) Grupo 13,30
2026-08-08T12:25+00:00,1000013-B,Probabilidad y estadística fundamental,(14) Grupo 14,45
2026-08-08T12:25+00:00,1000013-B,Probabilidad y estadística fundamental,(16) Grupo 16,30
2026-08-08T12:25+00:00,1000013-B,Probabilidad y estadística fundamental,(2) Grupo 2,40
2026-08-08T12:25+00:00,1000013-B,Probabilidad y estadística fundamental,(22) Grupo 22,45
2026-08-08T12:25+00:00,1000013-B,Probabilidad y estadística fundamental,(23) Grupo 23,0
2026-08-08T12:25+00:00,1000013-B,Probabilidad y estadística fundamental,(3) Grupo 3,40
2026-08-08T12:25+00:00,1000013-B,Probabilidad y estadística fundamental,(4) Grupo 4,40
2026-08-08T12:25+00:00,1000013-B,Probabilidad y estadística fundamental,(5) Grupo 5,35
2026-08-08T12:25+00:00,1000013-B,Probabilidad y estadística fundamental,(6) Grupo 6,35
2026-08-08T12:25+00:00,1000013-B,Probabilidad y estadística fundamental,(7) Grupo 7,40
2026-08-08T12:25+00:00,2015734,Programación de computadores,(1) Grupo 1,6
2026-08-08T12:25+00:00,2015734,Programación de computadores,(10) Grupo 10,4
2026-08-08T12:25+00:00,2015734,Programación de computadores,(11) Grupo 11,0
2026-08-08T12:25+00:00,2015734,Programación de computadores,(12) Grupo 12,1
2026-08-08T12:25+00:00,2015734,Programación de computadores,(13) Grupo 13,4
2026-08-08T12:25+00:00,2015734,Programación de computadores,(14) Grupo 14,0
2026-08-08T12:25+00:00,2015734,Programación de computadores,(2) Grupo 2,16
2026-08-08T12:25+00:00,2015734,Programación de computadores,(3) Grupo 3,0
2026-08-08T12:25+00:00,2015734,Programación de computadores,(4) Grupo 4,0
2026-08-08T12:25+00:00,2015734,Programación de computadores,(5) Grupo 5,0
2026-08-08T12:25+00:00,2015734,Programación de computadores,(6) Grupo 6,8
2026-08-08T12:25+00:00,2015734,Programación de computadores,(7) Grupo 7,3
2026-08-08T12:25+00:00,2015734,Programación de computadores,(8) Grupo 8 - Virtual,30
2026-08-08T12:25+00:00,2015734,Programación de computadores,(9) Grupo 9,18
2026-08-08T12:25+00:00,2015973,Saneamiento ambiental,(1) Grupo 1,25
2026-08-08T12:25+00:00,2015973,Saneamiento ambiental,(2) Grupo 2,25
2026-08-08T12:25+00:00,2015973,Saneamiento ambiental,(3) Grupo 3,25
2026-08-08T12:25+00:00,2022761,SIG para Ingeniería Civil,(1) Grupo 1,15
2026-08-08T12:25+00:00,2022761,SIG para Ingeniería Civil,(2) Grupo 2,15
2026-08-08T12:25+00:00,2022761,SIG para Ingeniería Civil,(3) Grupo 3,15
2026-08-08T12:25+00:00,2015296,Trabajo de Grado,(1) Grupo 1,5
2026-08-08T12:25+00:00,2015296,Trabajo de Grado,(10) Grupo 10,5
2026-08-08T12:25+00:00,2015296,Trabajo de Grado,(11) Grupo 11,5
2026-08-08T12:25+00:00,2015296,Trabajo de Grado,(12) Grupo 12,5
2026-08-08T12:25+00:00,2015296,Trabajo de Grado,(13) Grupo 13,5
2026-08-08T12:25+00:00,2015296,Trabajo de Grado,(14) Grupo 14,5
2026-08-08T12:25+00:00,2015296,Trabajo de Grado,(15) Grupo 15,5
2026-08-08T12:25+00:00,2015296,Trabajo de Grado,(16) Grupo 16,5
2026-08-08T12:25+00:00,2015296,Trabajo de Grado,(17) Grupo 17,5
2026-08-08T12:25+00:00,2015296,Trabajo de Grado,(18) Grupo 18,5
2026-08-08T12:25+00:00,2015296,Trabajo de Grado,(19) Grupo 19,0
2026-08-08T12:25+00:00,2015296,Trabajo de Grado,(2) Grupo 2,5
2026-08-08T12:25+00:00,2015296,Trabajo de Grado,(3) Grupo 3,5
2026-08-08T12:25+00:00,2015296,Trabajo de Grado,(4) Grupo 4,5
2026-08-08T12:25+00:00,2015296,Trabajo de Grado,(5) Grupo 5,5
2026-08-08T12:25+00:00,2015296,Trabajo de Grado,(6) Grupo 6,5
2026-08-08T12:25+00:00,2015296,Trabajo de Grado,(7) Grupo 7,5
2026-08-08T12:25+00:00,2015296,Trabajo de Grado,(8) Grupo 8,5
2026-08-08T12:25+00:00,2015296,Trabajo de Grado,(9) Grupo 9,5
2026-08-08T13:26+00:00,2015938,Acueductos,(1) Grupo 1,25
2026-08-08T13:26+00:00,2015938,Acueductos,(2) Grupo 2,25
2026-08-08T13:26+00:00,2015938,Acueductos,(3) Grupo 3,25
2026-08-08T13:26+00:00,2015938,Acueductos,(4) Grupo 4,24
2026-08-08T13:26+00:00,2015939,Alcantarillados,(1) Grupo 1,25
2026-08-08T13:26+00:00,2015939,Alcantarillados,(2) Grupo 2,25
2026-08-08T13:26+00:00,2015939,Alcantarillados,(3) Grupo 3,25
2026-08-08T13:26+00:00,2015939,Alcantarillados,(4) Grupo 4,25
2026-08-08T13:26+00:00,2015940,Análisis estructural aplicado,(1) Grupo 1,24
2026-08-08T13:26+00:00,2015940,Análisis estructural aplicado,(2) Grupo 2,24
2026-08-08T13:26+00:00,2015940,Análisis estructural aplicado,(3) Grupo 3,24
2026-08-08T13:26+00:00,2015941,Análisis estructural básico,(1) Grupo 1,30
2026-08-08T13:26+00:00,2015941,Análisis estructural básico,(2) Grupo 2,30
2026-08-08T13:26+00:00,2015941,Análisis estructural básico,(3) Grupo 3,30
2026-08-08T13:26+00:00,2015941,Análisis estructural básico,(4) Grupo 4,30
2026-08-08T13:26+00:00,1000004-B,Cálculo diferencial,(10) Grupo 10,53
2026-08-08T13:26+00:00,1000004-B,Cálculo diferencial,(11) Grupo 11,24
2026-08-08T13:26+00:00,1000004-B,Cálculo diferencial,(12) Grupo 12,24
2026-08-08T13:26+00:00,1000004-B,Cálculo diferencial,(13) Grupo 13,16
2026-08-08T13:26+00:00,1000004-B,Cálculo diferencial,(14) Grupo 14,90
2026-08-08T13:26+00:00,1000004-B,Cálculo diferencial,(16) Grupo 16,27
2026-08-08T13:26+00:00,1000004-B,Cálculo diferencial,(17) Grupo 17,39
2026-08-08T13:26+00:00,1000004-B,Cálculo diferencial,(19) Grupo 19,59
2026-08-08T13:26+00:00,1000004-B,Cálculo diferencial,(2) Grupo 2,24
2026-08-08T13:26+00:00,1000004-B,Cálculo diferencial,(20) Grupo 20,10
2026-08-08T13:26+00:00,1000004-B,Cálculo diferencial,(21) Grupo 21,60
2026-08-08T13:26+00:00,1000004-B,Cálculo diferencial,(22) Grupo 22,60
2026-08-08T13:26+00:00,1000004-B,Cálculo diferencial,(24) Grupo 24,60
2026-08-08T13:26+00:00,1000004-B,Cálculo diferencial,(25) Grupo 25,40
2026-08-08T13:26+00:00,1000004-B,Cálculo diferencial,(27) Grupo 27,51
2026-08-08T13:26+00:00,1000004-B,Cálculo diferencial,(28) Grupo 28,60
2026-08-08T13:26+00:00,1000004-B,Cálculo diferencial,(29) Grupo 29,60
2026-08-08T13:26+00:00,1000004-B,Cálculo diferencial,(30) Grupo 30,60
2026-08-08T13:26+00:00,1000004-B,Cálculo diferencial,(32) Grupo 32,90
2026-08-08T13:26+00:00,1000004-B,Cálculo diferencial,(4) Grupo 4,37
2026-08-08T13:26+00:00,1000004-B,Cálculo diferencial,(5) Grupo 5,84
2026-08-08T13:26+00:00,1000004-B,Cálculo diferencial,(7) Grupo 7,64
2026-08-08T13:26+00:00,1000004-B,Cálculo diferencial,(8) Grupo 8,40
2026-08-08T13:26+00:00,1000004-B,Cálculo diferencial,(9) Grupo 9,18
2026-08-08T13:26+00:00,1000006-B,Cálculo en varias variables,(1) Grupo 1,40
2026-08-08T13:26+00:00,1000006-B,Cálculo en varias variables,(10) Grupo 10,100
2026-08-08T13:26+00:00,1000006-B,Cálculo en varias variables,(11) Grupo 11,40
2026-08-08T13:26+00:00,1000006-B,Cálculo en varias variables,(12) Grupo 12,60
2026-08-08T13:26+00:00,1000006-B,Cálculo en varias variables,(13) Grupo 13,40
2026-08-08T13:26+00:00,1000006-B,Cálculo en varias variables,(14) Grupo 14,60
2026-08-08T13:26+00:00,1000006-B,Cálculo en varias variables,(15) Grupo 15,112
2026-08-08T13:26+00:00,1000006-B,Cálculo en varias variables,(2) Grupo 2,40
2026-08-08T13:26+00:00,1000006-B,Cálculo en varias variables,(3) Grupo 3,40
2026-08-08T13:26+00:00,1000006-B,Cálculo en varias variables,(4) Grupo 4,100
2026-08-08T13:26+00:00,1000006-B,Cálculo en varias variables,(5) Grupo 5,40
2026-08-08T13:26+00:00,1000006-B,Cálculo en varias variables,(7) Grupo 7,70
2026-08-08T13:26+00:00,1000006-B,Cálculo en varias variables,(8) Grupo 8,60
2026-08-08T13:26+00:00,1000006-B,Cálculo en varias variables,(9) Grupo 9,0
2026-08-08T13:26+00:00,1000005-B,Cálculo Integral,(1) Grupo 1,0
2026-08-08T13:26+00:00,1000005-B,Cálculo Integral,(10) Grupo 10,50
2026-08-08T13:26+00:00,1000005-B,Cálculo Integral,(14) Grupo 14,40
2026-08-08T13:26+00:00,1000005-B,Cálculo Integral,(15) Grupo 15,60
2026-08-08T13:26+00:00,1000005-B,Cálculo Integral,(16) Grupo 16,70
2026-08-08T13:26+00:00,1000005-B,Cálculo Integral,(17) Grupo 17,40
2026-08-08T13:26+00:00,1000005-B,Cálculo Integral,(2) Grupo 2,60
2026-08-08T13:26+00:00,1000005-B,Cálculo Integral,(20) Grupo 20,40
2026-08-08T13:26+00:00,1000005-B,Cálculo Integral,(22) Grupo 22,60
2026-08-08T13:26+00:00,1000005-B,Cálculo Integral,(3) Grupo 3,70
2026-08-08T13:26+00:00,1000005-B,Cálculo Integral,(4) Grupo 4,60
2026-08-08T13:26+00:00,1000005-B,Cálculo Integral,(6) Grupo 6,60
2026-08-08T13:26+00:00,1000005-B,Cálculo Integral,(7) Grupo 7,100
2026-08-08T13:26+00:00,1000005-B,Cálculo Integral,(8) Grupo 8,40
2026-08-08T13:26+00:00,1000005-B,Cálculo Integral,(9) Grupo 9,10
2026-08-08T13:26+00:00,2015943,Construcción de edificaciones,(1) Grupo 1,15
2026-08-08T13:26+00:00,2015944,Construcción de Infraestructura Vial,(1) Grupo 1,15
2026-08-08T13:26+00:00,2015711,Dibujo básico,(10) 2015711-10 Dibujo básico,0
2026-08-08T13:26+00:00,2015711,Dibujo básico,(11) 2015711-11 Dibujo básico,0
2026-08-08T13:26+00:00,2015711,Dibujo básico,(14) 2015711-14 Dibujo básico,0
2026-08-08T13:26+00:00,2015711,Dibujo básico,(16) 2015711-16 Dibujo básico,0
2026-08-08T13:26+00:00,2015711,Dibujo básico,(4) 2015711-4 Dibujo básico,9
2026-08-08T13:26+00:00,2015711,Dibujo básico,(5) 2015711-5 Dibujo básico,0
2026-08-08T13:26+00:00,2015711,Dibujo básico,(7) 2015711-7 Dibujo básico,20
2026-08-08T13:26+00:00,2015711,Dibujo básico,(8) 2015711-8 Dibujo básico,0
2026-08-08T13:26+00:00,2015711,Dibujo básico,(9) 2015711-9 Dibujo básico,0
2026-08-08T13:26+00:00,2015948,Dinámica,(1) Grupo 1,30
2026-08-08T13:26+00:00,2015948,Dinámica,(2) Grupo 2,30
2026-08-08T13:26+00:00,2015948,Dinámica,(3) Grupo 3,30
2026-08-08T13:26+00:00,2015950,Diseño estructural,(1) Grupo 1,25
2026-08-08T13:26+00:00,2015950,Diseño estructural,(2) Grupo 2,0
2026-08-08T13:26+00:00,2015950,Diseño estructural,(3) Grupo 3,25
2026-08-08T13:26+00:00,2015950,Diseño estructural,(4) Grupo 4,25
2026-08-08T13:26+00:00,2015950,Diseño estructural,(5) Grupo 5,25
2026-08-08T13:26+00:00,2015949,Diseño geométrico de Vías,(1) Grupo 1,30
2026-08-08T13:26+00:00,2015949,Diseño geométrico de Vías,(2) Grupo 2,30
2026-08-08T13:26+00:00,2015949,Diseño geométrico de Vías,(3) Grupo 3,30
2026-08-08T13:26+00:00,1000007-B,Ecuaciones Diferenciales,(1) Grupo 1,60
2026-08-08T13:26+00:00,1000007-B,Ecuaciones Diferenciales,(11) Grupo 11,60
2026-08-08T13:26+00:00,1000007-B,Ecuaciones Diferenciales,(12) Grupo 12,60
2026-08-08T13:26+00:00,1000007-B,Ecuaciones Diferenciales,(13) Grupo 13,40
2026-08-08T13:26+00:00,1000007-B,Ecuaciones Diferenciales,(14) Grupo 14,100
2026-08-08T13:26+00:00,1000007-B,Ecuaciones Diferenciales,(3) Grupo 3,40
2026-08-08T13:26+00:00,1000007-B,Ecuaciones Diferenciales,(4) Grupo 4,60
2026-08-08T13:26+00:00,1000007-B,Ecuaciones Diferenciales,(6) Grupo 6,50
2026-08-08T13:26+00:00,1000007-B,Ecuaciones Diferenciales,(7) Grupo 7,40
2026-08-08T13:26+00:00,1000007-B,Ecuaciones Diferenciales,(9) Grupo 9,0
2026-08-08T13:26+00:00,2026134,Estática,(1) Grupo 1,0
2026-08-08T13:26+00:00,2026134,Estática,(2) Grupo 2,30
2026-08-08T13:26+00:00,2026134,Estática,(3) Grupo 3,30
2026-08-08T13:26+00:00,2026134,Estática,(4) Grupo 4,30
2026-08-08T13:26+00:00,2026134,Estática,(5) Grupo 5,30
2026-08-08T13:26+00:00,2026134,Estática,(6) Grupo 6,30
2026-08-08T13:26+00:00,2015954,Estructuras hidráulicas,(1) Grupo 1,30
2026-08-08T13:26+00:00,2015954,Estructuras hidráulicas,(2) Grupo 2,30
2026-08-08T13:26+00:00,2015954,Estructuras hidráulicas,(3) Grupo 3,30
2026-08-08T13:26+00:00,2015955,Fundamentos de construcción,(1) Grupo 1,30
2026-08-08T13:26+00:00,2015955,Fundamentos de construcción,(2) Grupo 2,30
2026-08-08T13:26+00:00,2015955,Fundamentos de construcción,(3) Grupo 3,30
2026-08-08T13:26+00:00,1000011-B,Fundamentos de ecología,(1) Grupo 1,118
2026-08-08T13:26+00:00,1000011-B,Fundamentos de ecología,(3) Grupo 3,12
2026-08-08T13:26+00:00,1000019-B,Fundamentos de mecánica,(1) Grupo 1,35
2026-08-08T13:26+00:00,1000019-B,Fundamentos de mecánica,(10) Grupo 10,35
2026-08-08T13:26+00:00,1000019-B,Fundamentos de mecánica,(11) Grupo 11,35
2026-08-08T13:26+00:00,1000019-B,Fundamentos de mecánica,(12) Grupo 12,35
2026-08-08T13:26+00:00,1000019-B,Fundamentos de mecánica,(13) Grupo 13,35
2026-08-08T13:26+00:00,1000019-B,Fundamentos de mecánica,(14) Grupo 14,35
2026-08-08T13:26+00:00,1000019-B,Fundamentos de mecánica,(15) Grupo 15,32
2026-08-08T13:26+00:00,1000019-B,Fundamentos de mecánica,(16) Grupo 16,35
2026-08-08T13:26+00:00,1000019-B,Fundamentos de mecánica,(17) Grupo 17,34
2026-08-08T13:26+00:00,1000019-B,Fundamentos de mecánica,(18) Grupo 18,34
2026-08-08T13:26+00:00,1000019-B,Fundamentos de mecánica,(19) Grupo 19,32
2026-08-08T13:26+00:00,1000019-B,Fundamentos de mecánica,(2) Grupo 2,35
2026-08-08T13:26+00:00,1000019-B,Fundamentos de mecánica,(20) Grupo 20,35
2026-08-08T13:26+00:00,1000019-B,Fundamentos de mecánica,(21) Grupo 21,35
2026-08-08T13:26+00:00,1000019-B,Fundamentos de mecánica,(22) Grupo 22,35
2026-08-08T13:26+00:00,1000019-B,Fundamentos de mecánica,(23) Grupo 23,35
2026-08-08T13:26+00:00,1000019-B,Fundamentos de mecánica,(24) Grupo 24,35
2026-08-08T13:26+00:00,1000019-B,Fundamentos de mecánica,(25) Grupo 25,45
2026-08-08T13:26+00:00,1000019-B,Fundamentos de mecánica,(26) Grupo 26 (VIRTUAL),50
2026-08-08T13:26+00:00,1000019-B,Fundamentos de mecánica,(27) Grupo 27 (VIRTUAL),50
2026-08-08T13:26+00:00,1000019-B,Fundamentos de mecánica,(28) Grupo 28 (VIRTUAL),50
2026-08-08T13:26+00:00,1000019-B,Fundamentos de mecánica,(29) Grupo 29 (VIRTUAL),50
2026-08-08T13:26+00:00,1000019-B,Fundamentos de mecánica,(3) Grupo 3,35
2026-08-08T13:26+00:00,1000019-B,Fundamentos de mecánica,(4) Grupo 4,35
2026-08-08T13:26+00:00,1000019-B,Fundamentos de mecánica,(5) Grupo 5,35
2026-08-08T13:26+00:00,1000019-B,Fundamentos de mecánica,(6) Grupo 6,35
2026-08-08T13:26+00:00,1000019-B,Fundamentos de mecánica,(7) Grupo 7,35
2026-08-08T13:26+00:00,1000019-B,Fundamentos de mecánica,(8) Grupo 8,35
2026-08-08T13:26+00:00,1000019-B,Fundamentos de mecánica,(9) Grupo 9,0
2026-08-08T13:26+00:00,1000019-B,Fundamentos de mecánica,(1) Grupo 1,35
2026-08-08T13:26+00:00,1000019-B,Fundamentos de mecánica,(10) Grupo 10,35
2026-08-08T13:26+00:00,1000019-B,Fundamentos de mecánica,(11) Grupo 11,35
2026-08-08T13:26+00:00,1000019-B,Fundamentos de mecánica,(12) Grupo 12,35
2026-08-08T13:26+00:00,1000019-B,Fundamentos de mecánica,(13) Grupo 13,35
2026-08-08T13:26+00:00,1000019-B,Fundamentos de mecánica,(14) Grupo 14,35
2026-08-08T13:26+00:00,1000019-B,Fundamentos de mecánica,(15) Grupo 15,32
2026-08-08T13:26+00:00,1000019-B,Fundamentos de mecánica,(16) Grupo 16,35
2026-08-08T13:26+00:00,1000019-B,Fundamentos de mecánica,(17) Grupo 17,34
2026-08-08T13:26+00:00,1000019-B,Fundamentos de mecánica,(18) Grupo 18,34
2026-08-08T13:26+00:00,1000019-B,Fundamentos de mecánica,(19) Grupo 19,32
2026-08-08T13:26+00:00,1000019-B,Fundamentos de mecánica,(2) Grupo 2,35
2026-08-08T13:26+00:00,1000019-B,Fundamentos de mecánica,(20) Grupo 20,35
2026-08-08T13:26+00:00,1000019-B,Fundamentos de mecánica,(21) Grupo 21,35
2026-08-08T13:26+00:00,1000019-B,Fundamentos de mecánica,(22) Grupo 22,35
2026-08-08T13:26+00:00,1000019-B,Fundamentos de mecánica,(23) Grupo 23,35
2026-08-08T13:26+00:00,1000019-B,Fundamentos de mecánica,(24) Grupo 24,35
2026-08-08T13:26+00:00,1000019-B,Fundamentos de mecánica,(25) Grupo 25,45
2026-08-08T13:26+00:00,1000019-B,Fundamentos de mecánica,(26) Grupo 26 (VIRTUAL),50
2026-08-08T13:26+00:00,1000019-B,Fundamentos de mecánica,(27) Grupo 27 (VIRTUAL),50
2026-08-08T13:26+00:00,1000019-B,Fundamentos de mecánica,(28) Grupo 28 (VIRTUAL),50
2026-08-08T13:26+00:00,1000019-B,Fundamentos de mecánica,(29) Grupo 29 (VIRTUAL),50
2026-08-08T13:26+00:00,1000019-B,Fundamentos de mecánica,(3) Grupo 3,35
2026-08-08T13:26+00:00,1000019-B,Fundamentos de mecánica,(4) Grupo 4,35
2026-08-08T13:26+00:00,1000019-B,Fundamentos de mecánica,(5) Grupo 5,35
2026-08-08T13:26+00:00,1000019-B,Fundamentos de mecánica,(6) Grupo 6,35
2026-08-08T13:26+00:00,1000019-B,Fundamentos de mecánica,(7) Grupo 7,35
2026-08-08T13:26+00:00,1000019-B,Fundamentos de mecánica,(8) Grupo 8,35
2026-08-08T13:26+00:00,1000019-B,Fundamentos de mecánica,(9) Grupo 9,10
2026-08-08T13:26+00:00,1000019-B,Fundamentos de mecánica,(16) Gruop 16,8
2026-08-08T13:26+00:00,1000019-B,Fundamentos de mecánica,(1) Grupo 1,35
2026-08-08T13:26+00:00,1000019-B,Fundamentos de mecánica,(10) Grupo 10,35
2026-08-08T13:26+00:00,1000019-B,Fundamentos de mecánica,(11) Grupo 11,35
2026-08-08T13:26+00:00,1000019-B,Fundamentos de mecánica,(12) Grupo 12,35
2026-08-08T13:26+00:00,1000019-B,Fundamentos de mecánica,(13) Grupo 13,35
2026-08-08T13:26+00:00,1000019-B,Fundamentos de mecánica,(14) Grupo 14,35
2026-08-08T13:26+00:00,1000019-B,Fundamentos de mecánica,(15) Grupo 15,32
2026-08-08T13:26+00:00,1000019-B,Fundamentos de mecánica,(17) Grupo 17,34
2026-08-08T13:26+00:00,1000019-B,Fundamentos de mecánica,(18) Grupo 18,34
2026-08-08T13:26+00:00,1000019-B,Fundamentos de mecánica,(19) Grupo 19,32
2026-08-08T13:26+00:00,1000019-B,Fundamentos de mecánica,(2) Grupo 2,35
2026-08-08T13:26+00:00,1000019-B,Fundamentos de mecánica,(20) Grupo 20,35
2026-08-08T13:26+00:00,1000019-B,Fundamentos de mecánica,(21) Grupo 21,35
2026-08-08T13:26+00:00,1000019-B,Fundamentos de mecánica,(22) Grupo 22,35
2026-08-08T13:26+00:00,1000019-B,Fundamentos de mecánica,(23) Grupo 23,35
2026-08-08T13:26+00:00,1000019-B,Fundamentos de mecánica,(24) Grupo 24,35
2026-08-08T13:26+00:00,1000019-B,Fundamentos de mecánica,(25) Grupo 25,45
2026-08-08T13:26+00:00,1000019-B,Fundamentos de mecánica,(26) Grupo 26 (VIRTUAL),50
2026-08-08T13:26+00:00,1000019-B,Fundamentos de mecánica,(27) Grupo 27 (VIRTUAL),50
2026-08-08T13:26+00:00,1000019-B,Fundamentos de mecánica,(28) Grupo 28 (VIRTUAL),50
2026-08-08T13:26+00:00,1000019-B,Fundamentos de mecánica,(29) Grupo 29 (VIRTUAL),50
2026-08-08T13:26+00:00,1000019-B,Fundamentos de mecánica,(3) Grupo 3,35
2026-08-08T13:26+00:00,1000019-B,Fundamentos de mecánica,(4) Grupo 4,35
2026-08-08T13:26+00:00,1000019-B,Fundamentos de mecánica,(5) Grupo 5,35
2026-08-08T13:26+00:00,1000019-B,Fundamentos de mecánica,(6) Grupo 6,35
2026-08-08T13:26+00:00,1000019-B,Fundamentos de mecánica,(7) Grupo 7,35
2026-08-08T13:26+00:00,1000019-B,Fundamentos de mecánica,(8) Grupo 8,35
2026-08-08T13:26+00:00,1000019-B,Fundamentos de mecánica,(9) Grupo 9,10
2026-08-08T13:26+00:00,2015956,Geología,(1) Grupo 1,35
2026-08-08T13:26+00:00,2015956,Geología,(2) Grupo 2,30
2026-08-08T13:26+00:00,2015956,Geología,(3) Grupo 3,30
2026-08-08T13:26+00:00,2015956,Geología,(4) Grupo 4,35
2026-08-08T13:26+00:00,2015957,Geomática Aplicada,(1) Grupo 1,30
2026-08-08T13:26+00:00,2015957,Geomática Aplicada,(2) Grupo 2,30
2026-08-08T13:26+00:00,2015957,Geomática Aplicada,(3) Grupo 3,30
2026-08-08T13:26+00:00,2015957,Geomática Aplicada,(4) Grupo 4,30
2026-08-08T13:26+00:00,2015958,Geomática básica,(1) Grupo 1,20
2026-08-08T13:26+00:00,2015958,Geomática básica,(2) Grupo 2,20
2026-08-08T13:26+00:00,2015958,Geomática básica,(3) Grupo 3,30
2026-08-08T13:26+00:00,2015958,Geomática básica,(4) Grupo 4,20
2026-08-08T13:26+00:00,2015958,Geomática básica,(5) Grupo 5,20
2026-08-08T13:26+00:00,2015958,Geomática básica,(6) Grupo 6,20
2026-08-08T13:26+00:00,2015958,Geomática básica,(7) Grupo 7,20
2026-08-08T13:26+00:00,2015958,Geomática básica,(8) Grupo 8,20
2026-08-08T13:26+00:00,2015958,Geomática básica,(9) Grupo 9,20
2026-08-08T13:26+00:00,2015958,Geomática básica,(1) Grupo 1,40
2026-08-08T13:26+00:00,2015958,Geomática básica,(3) Grupo 3,30
2026-08-08T13:26+00:00,2015958,Geomática básica,(4) Grupo 4,40
2026-08-08T13:26+00:00,2015958,Geomática básica,(6) Grupo 6,40
2026-08-08T13:26+00:00,2015958,Geomática básica,(8) Grupo 8,40
2026-08-08T13:26+00:00,2015959,Geotecnia,(1) Grupo 1,30
2026-08-08T13:26+00:00,2015959,Geotecnia,(2) Grupo 2,30
2026-08-08T13:26+00:00,2015959,Geotecnia,(3) Grupo 3,30
2026-08-08T13:26+00:00,2015959,Geotecnia,(4) Grupo 4,0
2026-08-08T13:26+00:00,2015961,Hidráulica básica,(1) Grupo 1,24
2026-08-08T13:26+00:00,2015961,Hidráulica básica,(2) Grupo 2,24
2026-08-08T13:26+00:00,2015961,Hidráulica básica,(3) Grupo 3,24
2026-08-08T13:26+00:00,2015961,Hidráulica básica,(4) Grupo 4,24
2026-08-08T13:26+00:00,2015961,Hidráulica básica,(5) Grupo 5,24
2026-08-08T13:26+00:00,2015961,Hidráulica básica,(6) Grupo 6,24
2026-08-08T13:26+00:00,2015978,Hidrología,(1) Grupo 1,0
2026-08-08T13:26+00:00,2015978,Hidrología,(2) Grupo 2,30
2026-08-08T13:26+00:00,2015978,Hidrología,(3) Grupo 3,30
2026-08-08T13:26+00:00,2015978,Hidrología,(4) Grupo 4,30
2026-08-08T13:26+00:00,2015978,Hidrología,(5) Grupo 5,30
2026-08-08T13:26+00:00,2026135,Ingeniería civil sostenible,(1) Grupo 1,25
2026-08-08T13:26+00:00,2026135,Ingeniería civil sostenible,(2) Grupo 2,25
2026-08-08T13:26+00:00,2026135,Ingeniería civil sostenible,(3) Grupo 3,25
2026-08-08T13:26+00:00,2015963,Ingeniería de Tránsito,(1) Grupo 1,30
2026-08-08T13:26+00:00,2015963,Ingeniería de Tránsito,(2) Grupo 2,30
2026-08-08T13:26+00:00,2015963,Ingeniería de Tránsito,(3) Grupo 3,30
2026-08-08T13:26+00:00,2026138,Ingenieria de transporte,(1) Grupo 1,30
2026-08-08T13:26+00:00,2026138,Ingenieria de transporte,(2) Grupo 2,30
2026-08-08T13:26+00:00,2026138,Ingenieria de transporte,(3) Grupo 3,30
2026-08-08T13:26+00:00,2015703,Ingeniería económica,(1) Grupo 1,40
2026-08-08T13:26+00:00,2015703,Ingeniería económica,(10) Grupo 10,30
2026-08-08T13:26+00:00,2015703,Ingeniería económica,(11) Grupo 11,30
2026-08-08T13:26+00:00,2015703,Ingeniería económica,(2) Grupo 2,40
2026-08-08T13:26+00:00,2015703,Ingeniería económica,(3) Grupo 3,40
2026-08-08T13:26+00:00,2015703,Ingeniería económica,(4) Grupo 4,30
2026-08-08T13:26+00:00,2015703,Ingeniería económica,(5) Grupo 5 - Virtual,60
2026-08-08T13:26+00:00,2015703,Ingeniería económica,(6) Grupo 6,40
2026-08-08T13:26+00:00,2015703,Ingeniería económica,(7) Grupo 7,20
2026-08-08T13:26+00:00,2015703,Ingeniería económica,(8) Grupo 8,40
2026-08-08T13:26+00:00,2015703,Ingeniería económica,(9) Grupo 9,35
2026-08-08T13:26+00:00,1000044-B,Inglés I- Semestral,(1) Grupo 1,26
2026-08-08T13:26+00:00,1000044-B,Inglés I- Semestral,(2) Grupo 2,26
2026-08-08T13:26+00:00,1000044-B,Inglés I- Semestral,(3) Grupo 3,26
2026-08-08T13:26+00:00,1000044-B,Inglés I- Semestral,(4) Grupo 4,26
2026-08-08T13:26+00:00,1000044-B,Inglés I- Semestral,(5) Grupo 5,26
2026-08-08T13:26+00:00,1000044-B,Inglés I- Semestral,(6) Grupo 6,26
2026-08-08T13:26+00:00,1000044-B,Inglés I- Semestral,(7) Grupo 7,26
2026-08-08T13:26+00:00,1000044-B,Inglés I- Semestral,(8) Grupo 8,26
2026-08-08T13:26+00:00,1000044-B,Inglés I- Semestral,(9) Grupo 9,7
2026-08-08T13:26+00:00,1000045-B,Inglés II - Semestral,(1) Grupo 1,10
2026-08-08T13:26+00:00,1000045-B,Inglés II - Semestral,(10) Grupo 10,26
2026-08-08T13:26+00:00,1000045-B,Inglés II - Semestral,(11) Grupo 11,26
2026-08-08T13:26+00:00,1000045-B,Inglés II - Semestral,(12) Grupo 12,26
2026-08-08T13:26+00:00,1000045-B,Inglés II - Semestral,(13) Grupo 13,26
2026-08-08T13:26+00:00,1000045-B,Inglés II - Semestral,(14) Grupo 14,26
2026-08-08T13:26+00:00,1000045-B,Inglés II - Semestral,(15) Grupo 15,26
2026-08-08T13:26+00:00,1000045-B,Inglés II - Semestral,(16) Grupo 16,26
2026-08-08T13:26+00:00,1000045-B,Inglés II - Semestral,(2) Grupo 2,26
2026-08-08T13:26+00:00,1000045-B,Inglés II - Semestral,(3) Grupo 3,26
2026-08-08T13:26+00:00,1000045-B,Inglés II - Semestral,(4) Grupo 4,26
2026-08-08T13:26+00:00,1000045-B,Inglés II - Semestral,(5) Grupo 5,26
2026-08-08T13:26+00:00,1000045-B,Inglés II - Semestral,(6) Grupo 6,26
2026-08-08T13:26+00:00,1000045-B,Inglés II - Semestral,(7) Grupo 7,26
2026-08-08T13:26+00:00,1000045-B,Inglés II - Semestral,(8) Grupo 8,26
2026-08-08T13:26+00:00,1000045-B,Inglés II - Semestral,(9) Grupo 9,15
2026-08-08T13:26+00:00,1000046-B,Inglés III - Semestral,(1) Grupo 1,26
2026-08-08T13:26+00:00,1000046-B,Inglés III - Semestral,(10) Grupo 10,26
2026-08-08T13:26+00:00,1000046-B,Inglés III - Semestral,(11) Grupo 11,26
2026-08-08T13:26+00:00,1000046-B,Inglés III - Semestral,(12) Grupo 12,26
2026-08-08T13:26+00:00,1000046-B,Inglés III - Semestral,(13) Grupo 13,26
2026-08-08T13:26+00:00,1000046-B,Inglés III - Semestral,(14) Grupo 14,26
2026-08-08T13:26+00:00,1000046-B,Inglés III - Semestral,(15) Grupo 15,26
2026-08-08T13:26+00:00,1000046-B,Inglés III - Semestral,(16) Grupo 16,26
2026-08-08T13:26+00:00,1000046-B,Inglés III - Semestral,(17) Grupo 17,26
2026-08-08T13:26+00:00,1000046-B,Inglés III - Semestral,(18) Grupo 18,26
2026-08-08T13:26+00:00,1000046-B,Inglés III - Semestral,(2) Grupo 2,26
2026-08-08T13:26+00:00,1000046-B,Inglés III - Semestral,(3) Grupo 3,26
2026-08-08T13:26+00:00,1000046-B,Inglés III - Semestral,(4) Grupo 4,26
2026-08-08T13:26+00:00,1000046-B,Inglés III - Semestral,(5) Grupo 5,26
2026-08-08T13:26+00:00,1000046-B,Inglés III - Semestral,(6) Grupo 6,26
2026-08-08T13:26+00:00,1000046-B,Inglés III - Semestral,(7) Grupo 7,26
2026-08-08T13:26+00:00,1000046-B,Inglés III - Semestral,(8) Grupo 8,26
2026-08-08T13:26+00:00,1000046-B,Inglés III - Semestral,(9) Grupo 9,10
2026-08-08T13:26+00:00,1000052-B,Inglés Intensivo I y II,(1) Grupo 1,28
2026-08-08T13:26+00:00,1000052-B,Inglés Intensivo I y II,(2) Grupo 2,28
2026-08-08T13:26+00:00,1000052-B,Inglés Intensivo I y II,(3) Grupo 3,28
2026-08-08T13:26+00:00,1000053-B,Inglés Intensivo III y IV,(1) Grupo 1,28
2026-08-08T13:26+00:00,1000053-B,Inglés Intensivo III y IV,(2) Grupo 2,28
2026-08-08T13:26+00:00,1000053-B,Inglés Intensivo III y IV,(3) Grupo 3,30
2026-08-08T13:26+00:00,1000053-B,Inglés Intensivo III y IV,(4) Grupo 4,30
2026-08-08T13:26+00:00,1000053-B,Inglés Intensivo III y IV,(5) Grupo 5,28
2026-08-08T13:26+00:00,1000053-B,Inglés Intensivo III y IV,(6) Grupo 6,28
2026-08-08T13:26+00:00,1000047-B,Inglés IV- Semestral,(1) Grupo 1,26
2026-08-08T13:26+00:00,1000047-B,Inglés IV- Semestral,(10) Grupo 10,26
2026-08-08T13:26+00:00,1000047-B,Inglés IV- Semestral,(11) Grupo 11,26
2026-08-08T13:26+00:00,1000047-B,Inglés IV- Semestral,(12) Grupo 12,26
2026-08-08T13:26+00:00,1000047-B,Inglés IV- Semestral,(13) Grupo 13,26
2026-08-08T13:26+00:00,1000047-B,Inglés IV- Semestral,(14) Grupo 14,26
2026-08-08T13:26+00:00,1000047-B,Inglés IV- Semestral,(15) Grupo 15,26
2026-08-08T13:26+00:00,1000047-B,Inglés IV- Semestral,(16) Grupo 16,26
2026-08-08T13:26+00:00,1000047-B,Inglés IV- Semestral,(17) Grupo 17,26
2026-08-08T13:26+00:00,1000047-B,Inglés IV- Semestral,(18) Grupo 18,26
2026-08-08T13:26+00:00,1000047-B,Inglés IV- Semestral,(19) Grupo 19,26
2026-08-08T13:26+00:00,1000047-B,Inglés IV- Semestral,(2) Grupo 2,26
2026-08-08T13:26+00:00,1000047-B,Inglés IV- Semestral,(20) Grupo 20,26
2026-08-08T13:26+00:00,1000047-B,Inglés IV- Semestral,(21) Grupo 21,26
2026-08-08T13:26+00:00,1000047-B,Inglés IV- Semestral,(22) Grupo 22,26
2026-08-08T13:26+00:00,1000047-B,Inglés IV- Semestral,(3) Grupo 3,26
2026-08-08T13:26+00:00,1000047-B,Inglés IV- Semestral,(4) Grupo 4,26
2026-08-08T13:26+00:00,1000047-B,Inglés IV- Semestral,(5) Grupo 5,26
2026-08-08T13:26+00:00,1000047-B,Inglés IV- Semestral,(6) Grupo 6,26
2026-08-08T13:26+00:00,1000047-B,Inglés IV- Semestral,(7) Grupo 7,26
2026-08-08T13:26+00:00,1000047-B,Inglés IV- Semestral,(8) Grupo 8,26
2026-08-08T13:26+00:00,1000047-B,Inglés IV- Semestral,(9) Grupo 9,15
2026-08-08T13:26+00:00,2026186,Introducción a la ingeniería civil,(1) Grupo 1,7
2026-08-08T13:26+00:00,2026186,Introducción a la ingeniería civil,(2) Grupo 2,0
2026-08-08T13:26+00:00,2026186,Introducción a la ingeniería civil,(4) Grupo 4,10
2026-08-08T13:26+00:00,1000002-B,Lecto-Escritura,(1) Grupo 1 - Clase Presencial,1
2026-08-08T13:26+00:00,1000002-B,Lecto-Escritura,(10) Grupo 10 - Clase presencial,0
2026-08-08T13:26+00:00,1000002-B,Lecto-Escritura,(2) Grupo 2 - Clase Presencial,0
2026-08-08T13:26+00:00,1000002-B,Lecto-Escritura,(3) Grupo 3 - Clase Presencial,0
2026-08-08T13:26+00:00,1000002-B,Lecto-Escritura,(4) Grupo 4 - Clase Presencial,0
2026-08-08T13:26+00:00,1000002-B,Lecto-Escritura,(5) Grupo 5 - Clase Presencial,0
2026-08-08T13:26+00:00,1000002-B,Lecto-Escritura,(6) Grupo 6 - Clase Presencial,0
2026-08-08T13:26+00:00,1000002-B,Lecto-Escritura,(7) Grupo 7 - Clase Presencial,0
2026-08-08T13:26+00:00,1000002-B,Lecto-Escritura,(8) Grupo 8 - Clase Presencial,0
2026-08-08T13:26+00:00,1000002-B,Lecto-Escritura,(9) Grupo 9 - Clase Presencial,10
2026-08-08T13:26+00:00,1000001-B,Matemáticas Básicas,(1) Grupo 1,0
2026-08-08T13:26+00:00,1000001-B,Matemáticas Básicas,(19) Grupo 19,5
2026-08-08T13:26+00:00,1000001-B,Matemáticas Básicas,(2) Grupo 2,10
2026-08-08T13:26+00:00,1000001-B,Matemáticas Básicas,(1) Grupo 1,0
2026-08-08T13:26+00:00,1000001-B,Matemáticas Básicas,(10) Grupo 10,0
2026-08-08T13:26+00:00,1000001-B,Matemáticas Básicas,(2) Grupo 2,0
2026-08-08T13:26+00:00,1000001-B,Matemáticas Básicas,(3) Grupo 3,0
2026-08-08T13:26+00:00,1000001-B,Matemáticas Básicas,(4) Grupo 4,0
2026-08-08T13:26+00:00,1000001-B,Matemáticas Básicas,(5) Grupo 5,0
2026-08-08T13:26+00:00,1000001-B,Matemáticas Básicas,(6) Grupo 6,0
2026-08-08T13:26+00:00,1000001-B,Matemáticas Básicas,(7) Grupo 7,0
2026-08-08T13:26+00:00,1000001-B,Matemáticas Básicas,(8) Grupo 8,0
2026-08-08T13:26+00:00,1000001-B,Matemáticas Básicas,(9) Grupo 9,10
2026-08-08T13:26+00:00,2015965,Materiales para construcción,(1) Grupo 1,24
2026-08-08T13:26+00:00,2015965,Materiales para construcción,(2) Grupo 2,24
2026-08-08T13:26+00:00,2015965,Materiales para construcción,(3) Grupo 3,24
2026-08-08T13:26+00:00,2015965,Materiales para construcción,(4) Grupo 4,24
2026-08-08T13:26+00:00,2015966,Mecánica de fluidos,(1) Grupo 1,24
2026-08-08T13:26+00:00,2015966,Mecánica de fluidos,(2) Grupo 2,24
2026-08-08T13:26+00:00,2015966,Mecánica de fluidos,(3) Grupo 3,24
2026-08-08T13:26+00:00,2015966,Mecánica de fluidos,(4) Grupo 4,24
2026-08-08T13:26+00:00,2015966,Mecánica de fluidos,(5) Grupo 5,24
2026-08-08T13:26+00:00,2015966,Mecánica de fluidos,(6) Grupo 6,24
2026-08-08T13:26+00:00,2015966,Mecánica de fluidos,(7) Grupo 7,24
2026-08-08T13:26+00:00,2015966,Mecánica de fluidos,(8) Grupo 8,24
2026-08-08T13:26+00:00,2015967,Mecánica de Rocas,(1) Grupo 1,24
2026-08-08T13:26+00:00,2015968,Mecánica de sólidos,(1) Grupo 1,24
2026-08-08T13:26+00:00,2015968,Mecánica de sólidos,(2) Grupo 2,24
2026-08-08T13:26+00:00,2015968,Mecánica de sólidos,(3) Grupo 3,24
2026-08-08T13:26+00:00,2015968,Mecánica de sólidos,(4) Grupo 4,24
2026-08-08T13:26+00:00,2015968,Mecánica de sólidos,(5) Grupo 5,24
2026-08-08T13:26+00:00,2015968,Mecánica de sólidos,(6) Grupo 6,24
2026-08-08T13:26+00:00,2015968,Mecánica de sólidos,(7) Grupo 7,0
2026-08-08T13:26+00:00,2015969,Mecánica de suelos,(1) Grupo 1 (Inglés),30
2026-08-08T13:26+00:00,2015969,Mecánica de suelos,(2) Grupo 2,30
2026-08-08T13:26+00:00,2015969,Mecánica de suelos,(3) Grupo 3,30
2026-08-08T13:26+00:00,2015969,Mecánica de suelos,(4) Grupo 4,30
2026-08-08T13:26+00:00,2015970,Métodos numéricos,(4) Grupo 4,30
2026-08-08T13:26+00:00,2015970,Métodos numéricos,(5) Grupo 5,45
2026-08-08T13:26+00:00,2015970,Métodos numéricos,(8) Grupo 8,30
2026-08-08T13:26+00:00,2015970,Métodos numéricos,(9) Grupo 9,45
2026-08-08T13:26+00:00,2017293,Modelación matemática,(1) 2017293-1 Modelación matemática,34
2026-08-08T13:26+00:00,2017293,Modelación matemática,(2) 2017293-2 Modelación matemática,34
2026-08-08T13:26+00:00,2017293,Modelación matemática,(1M) 2017293-1M Modelación matemática - Magistral,80
2026-08-08T13:26+00:00,2015971,Pavimentos,(1) Grupo 1,30
2026-08-08T13:26+00:00,2015971,Pavimentos,(2) Grupo 2,30
2026-08-08T13:26+00:00,2015971,Pavimentos,(3) Grupo 3,30
2026-08-08T13:26+00:00,2015972,Preparación y evaluación de proyectos de infraestructura,(1) Grupo 1,15
2026-08-08T13:26+00:00,2015972,Preparación y evaluación de proyectos de infraestructura,(2) Grupo 2,15
2026-08-08T13:26+00:00,2015972,Preparación y evaluación de proyectos de infraestructura,(3) Grupo 3,15
2026-08-08T13:26+00:00,1000024-B,Principios de química,(12) Grupo 12,0
2026-08-08T13:26+00:00,1000024-B,Principios de química,(13) Grupo 13,0
2026-08-08T13:26+00:00,1000024-B,Principios de química,(14) Grupo 14,10
2026-08-08T13:26+00:00,1000013-B,Probabilidad y estadística fundamental,(1) Grupo 1,0
2026-08-08T13:26+00:00,1000013-B,Probabilidad y estadística fundamental,(10) Grupo 10,35
2026-08-08T13:26+00:00,1000013-B,Probabilidad y estadística fundamental,(11) Grupo 11,40
2026-08-08T13:26+00:00,1000013-B,Probabilidad y estadística fundamental,(12) Grupo 12,40
2026-08-08T13:26+00:00,1000013-B,Probabilidad y estadística fundamental,(13) Grupo 13,30
2026-08-08T13:26+00:00,1000013-B,Probabilidad y estadística fundamental,(14) Grupo 14,45
2026-08-08T13:26+00:00,1000013-B,Probabilidad y estadística fundamental,(16) Grupo 16,30
2026-08-08T13:26+00:00,1000013-B,Probabilidad y estadística fundamental,(2) Grupo 2,40
2026-08-08T13:26+00:00,1000013-B,Probabilidad y estadística fundamental,(22) Grupo 22,45
2026-08-08T13:26+00:00,1000013-B,Probabilidad y estadística fundamental,(23) Grupo 23,0
2026-08-08T13:26+00:00,1000013-B,Probabilidad y estadística fundamental,(3) Grupo 3,40
2026-08-08T13:26+00:00,1000013-B,Probabilidad y estadística fundamental,(4) Grupo 4,40
2026-08-08T13:26+00:00,1000013-B,Probabilidad y estadística fundamental,(5) Grupo 5,35
2026-08-08T13:26+00:00,1000013-B,Probabilidad y estadística fundamental,(6) Grupo 6,35
2026-08-08T13:26+00:00,1000013-B,Probabilidad y estadística fundamental,(7) Grupo 7,40
2026-08-08T13:26+00:00,2015734,Programación de computadores,(1) Grupo 1,6
2026-08-08T13:26+00:00,2015734,Programación de computadores,(10) Grupo 10,4
2026-08-08T13:26+00:00,2015734,Programación de computadores,(11) Grupo 11,0
2026-08-08T13:26+00:00,2015734,Programación de computadores,(12) Grupo 12,1
2026-08-08T13:26+00:00,2015734,Programación de computadores,(13) Grupo 13,4
2026-08-08T13:26+00:00,2015734,Programación de computadores,(14) Grupo 14,0
2026-08-08T13:26+00:00,2015734,Programación de computadores,(2) Grupo 2,16
2026-08-08T13:26+00:00,2015734,Programación de computadores,(3) Grupo 3,0
2026-08-08T13:26+00:00,2015734,Programación de computadores,(4) Grupo 4,0
2026-08-08T13:26+00:00,2015734,Programación de computadores,(5) Grupo 5,0
2026-08-08T13:26+00:00,2015734,Programación de computadores,(6) Grupo 6,8
2026-08-08T13:26+00:00,2015734,Programación de computadores,(7) Grupo 7,3
2026-08-08T13:26+00:00,2015734,Programación de computadores,(8) Grupo 8 - Virtual,30
2026-08-08T13:26+00:00,2015734,Programación de computadores,(9) Grupo 9,18
2026-08-08T13:26+00:00,2015973,Saneamiento ambiental,(1) Grupo 1,25
2026-08-08T13:26+00:00,2015973,Saneamiento ambiental,(2) Grupo 2,25
2026-08-08T13:26+00:00,2015973,Saneamiento ambiental,(3) Grupo 3,25
2026-08-08T13:26+00:00,2022761,SIG para Ingeniería Civil,(1) Grupo 1,15
2026-08-08T13:26+00:00,2022761,SIG para Ingeniería Civil,(2) Grupo 2,15
2026-08-08T13:26+00:00,2022761,SIG para Ingeniería Civil,(3) Grupo 3,15
2026-08-08T13:26+00:00,2015296,Trabajo de Grado,(1) Grupo 1,5
2026-08-08T13:26+00:00,2015296,Trabajo de Grado,(10) Grupo 10,5
2026-08-08T13:26+00:00,2015296,Trabajo de Grado,(11) Grupo 11,5
2026-08-08T13:26+00:00,2015296,Trabajo de Grado,(12) Grupo 12,5
2026-08-08T13:26+00:00,2015296,Trabajo de Grado,(13) Grupo 13,5
2026-08-08T13:26+00:00,2015296,Trabajo de Grado,(14) Grupo 14,5
2026-08-08T13:26+00:00,2015296,Trabajo de Grado,(15) Grupo 15,5
2026-08-08T13:26+00:00,2015296,Trabajo de Grado,(16) Grupo 16,5
2026-08-08T13:26+00:00,2015296,Trabajo de Grado,(17) Grupo 17,5
2026-08-08T13:26+00:00,2015296,Trabajo de Grado,(18) Grupo 18,5
2026-08-08T13:26+00:00,2015296,Trabajo de Grado,(19) Grupo 19,0
2026-08-08T13:26+00:00,2015296,Trabajo de Grado,(2) Grupo 2,5
2026-08-08T13:26+00:00,2015296,Trabajo de Grado,(3) Grupo 3,5
2026-08-08T13:26+00:00,2015296,Trabajo de Grado,(4) Grupo 4,5
2026-08-08T13:26+00:00,2015296,Trabajo de Grado,(5) Grupo 5,5
2026-08-08T13:26+00:00,2015296,Trabajo de Grado,(6) Grupo 6,5
2026-08-08T13:26+00:00,2015296,Trabajo de Grado,(7) Grupo 7,5
2026-08-08T13:26+00:00,2015296,Trabajo de Grado,(8) Grupo 8,5
2026-08-08T13:26+00:00,2015296,Trabajo de Grado,(9) Grupo 9,5
2026-08-08T14:57+00:00,2015938,Acueductos,(1) Grupo 1,25
2026-08-08T14:57+00:00,2015938,Acueductos,(2) Grupo 2,25
2026-08-08T14:57+00:00,2015938,Acueductos,(3) Grupo 3,25
2026-08-08T14:57+00:00,2015938,Acueductos,(4) Grupo 4,24
2026-08-08T14:57+00:00,2015939,Alcantarillados,(1) Grupo 1,25
2026-08-08T14:57+00:00,2015939,Alcantarillados,(2) Grupo 2,25
2026-08-08T14:57+00:00,2015939,Alcantarillados,(3) Grupo 3,25
2026-08-08T14:57+00:00,2015939,Alcantarillados,(4) Grupo 4,25
2026-08-08T14:57+00:00,2015940,Análisis estructural aplicado,(1) Grupo 1,24
2026-08-08T14:57+00:00,2015940,Análisis estructural aplicado,(2) Grupo 2,24
2026-08-08T14:57+00:00,2015940,Análisis estructural aplicado,(3) Grupo 3,24
2026-08-08T14:57+00:00,2015941,Análisis estructural básico,(1) Grupo 1,30
2026-08-08T14:57+00:00,2015941,Análisis estructural básico,(2) Grupo 2,30
2026-08-08T14:57+00:00,2015941,Análisis estructural básico,(3) Grupo 3,30
2026-08-08T14:57+00:00,2015941,Análisis estructural básico,(4) Grupo 4,30
2026-08-08T14:57+00:00,1000004-B,Cálculo diferencial,(10) Grupo 10,53
2026-08-08T14:57+00:00,1000004-B,Cálculo diferencial,(11) Grupo 11,24
2026-08-08T14:57+00:00,1000004-B,Cálculo diferencial,(12) Grupo 12,24
2026-08-08T14:57+00:00,1000004-B,Cálculo diferencial,(13) Grupo 13,16
2026-08-08T14:57+00:00,1000004-B,Cálculo diferencial,(14) Grupo 14,90
2026-08-08T14:57+00:00,1000004-B,Cálculo diferencial,(16) Grupo 16,27
2026-08-08T14:57+00:00,1000004-B,Cálculo diferencial,(17) Grupo 17,39
2026-08-08T14:57+00:00,1000004-B,Cálculo diferencial,(19) Grupo 19,59
2026-08-08T14:57+00:00,1000004-B,Cálculo diferencial,(2) Grupo 2,24
2026-08-08T14:57+00:00,1000004-B,Cálculo diferencial,(20) Grupo 20,10
2026-08-08T14:57+00:00,1000004-B,Cálculo diferencial,(21) Grupo 21,60
2026-08-08T14:57+00:00,1000004-B,Cálculo diferencial,(22) Grupo 22,60
2026-08-08T14:57+00:00,1000004-B,Cálculo diferencial,(24) Grupo 24,60
2026-08-08T14:57+00:00,1000004-B,Cálculo diferencial,(25) Grupo 25,40
2026-08-08T14:57+00:00,1000004-B,Cálculo diferencial,(27) Grupo 27,51
2026-08-08T14:57+00:00,1000004-B,Cálculo diferencial,(28) Grupo 28,60
2026-08-08T14:57+00:00,1000004-B,Cálculo diferencial,(29) Grupo 29,60
2026-08-08T14:57+00:00,1000004-B,Cálculo diferencial,(30) Grupo 30,60
2026-08-08T14:57+00:00,1000004-B,Cálculo diferencial,(32) Grupo 32,90
2026-08-08T14:57+00:00,1000004-B,Cálculo diferencial,(4) Grupo 4,37
2026-08-08T14:57+00:00,1000004-B,Cálculo diferencial,(5) Grupo 5,84
2026-08-08T14:57+00:00,1000004-B,Cálculo diferencial,(7) Grupo 7,64
2026-08-08T14:57+00:00,1000004-B,Cálculo diferencial,(8) Grupo 8,40
2026-08-08T14:57+00:00,1000004-B,Cálculo diferencial,(9) Grupo 9,18
2026-08-08T14:57+00:00,1000006-B,Cálculo en varias variables,(1) Grupo 1,40
2026-08-08T14:57+00:00,1000006-B,Cálculo en varias variables,(10) Grupo 10,100
2026-08-08T14:57+00:00,1000006-B,Cálculo en varias variables,(11) Grupo 11,40
2026-08-08T14:57+00:00,1000006-B,Cálculo en varias variables,(12) Grupo 12,60
2026-08-08T14:57+00:00,1000006-B,Cálculo en varias variables,(13) Grupo 13,40
2026-08-08T14:57+00:00,1000006-B,Cálculo en varias variables,(14) Grupo 14,60
2026-08-08T14:57+00:00,1000006-B,Cálculo en varias variables,(15) Grupo 15,112
2026-08-08T14:57+00:00,1000006-B,Cálculo en varias variables,(2) Grupo 2,40
2026-08-08T14:57+00:00,1000006-B,Cálculo en varias variables,(3) Grupo 3,40
2026-08-08T14:57+00:00,1000006-B,Cálculo en varias variables,(4) Grupo 4,100
2026-08-08T14:57+00:00,1000006-B,Cálculo en varias variables,(5) Grupo 5,40
2026-08-08T14:57+00:00,1000006-B,Cálculo en varias variables,(7) Grupo 7,70
2026-08-08T14:57+00:00,1000006-B,Cálculo en varias variables,(8) Grupo 8,60
2026-08-08T14:57+00:00,1000006-B,Cálculo en varias variables,(9) Grupo 9,0
2026-08-08T14:57+00:00,1000005-B,Cálculo Integral,(1) Grupo 1,0
2026-08-08T14:57+00:00,1000005-B,Cálculo Integral,(10) Grupo 10,50
2026-08-08T14:57+00:00,1000005-B,Cálculo Integral,(14) Grupo 14,40
2026-08-08T14:57+00:00,1000005-B,Cálculo Integral,(15) Grupo 15,60
2026-08-08T14:57+00:00,1000005-B,Cálculo Integral,(16) Grupo 16,70
2026-08-08T14:57+00:00,1000005-B,Cálculo Integral,(17) Grupo 17,40
2026-08-08T14:57+00:00,1000005-B,Cálculo Integral,(2) Grupo 2,60
2026-08-08T14:57+00:00,1000005-B,Cálculo Integral,(20) Grupo 20,40
2026-08-08T14:57+00:00,1000005-B,Cálculo Integral,(22) Grupo 22,60
2026-08-08T14:57+00:00,1000005-B,Cálculo Integral,(3) Grupo 3,70
2026-08-08T14:57+00:00,1000005-B,Cálculo Integral,(4) Grupo 4,60
2026-08-08T14:57+00:00,1000005-B,Cálculo Integral,(6) Grupo 6,60
2026-08-08T14:57+00:00,1000005-B,Cálculo Integral,(7) Grupo 7,100
2026-08-08T14:57+00:00,1000005-B,Cálculo Integral,(8) Grupo 8,40
2026-08-08T14:57+00:00,1000005-B,Cálculo Integral,(9) Grupo 9,10
2026-08-08T14:57+00:00,2015943,Construcción de edificaciones,(1) Grupo 1,15
2026-08-08T14:57+00:00,2015944,Construcción de Infraestructura Vial,(1) Grupo 1,15
2026-08-08T14:57+00:00,2015711,Dibujo básico,(10) 2015711-10 Dibujo básico,0
2026-08-08T14:57+00:00,2015711,Dibujo básico,(11) 2015711-11 Dibujo básico,0
2026-08-08T14:57+00:00,2015711,Dibujo básico,(14) 2015711-14 Dibujo básico,0
2026-08-08T14:57+00:00,2015711,Dibujo básico,(16) 2015711-16 Dibujo básico,0
2026-08-08T14:57+00:00,2015711,Dibujo básico,(4) 2015711-4 Dibujo básico,9
2026-08-08T14:57+00:00,2015711,Dibujo básico,(5) 2015711-5 Dibujo básico,0
2026-08-08T14:57+00:00,2015711,Dibujo básico,(7) 2015711-7 Dibujo básico,20
2026-08-08T14:57+00:00,2015711,Dibujo básico,(8) 2015711-8 Dibujo básico,0
2026-08-08T14:57+00:00,2015711,Dibujo básico,(9) 2015711-9 Dibujo básico,0
2026-08-08T14:57+00:00,2015948,Dinámica,(1) Grupo 1,30
2026-08-08T14:57+00:00,2015948,Dinámica,(2) Grupo 2,30
2026-08-08T14:57+00:00,2015948,Dinámica,(3) Grupo 3,30
2026-08-08T14:57+00:00,2015950,Diseño estructural,(1) Grupo 1,25
2026-08-08T14:57+00:00,2015950,Diseño estructural,(2) Grupo 2,0
2026-08-08T14:57+00:00,2015950,Diseño estructural,(3) Grupo 3,25
2026-08-08T14:57+00:00,2015950,Diseño estructural,(4) Grupo 4,25
2026-08-08T14:57+00:00,2015950,Diseño estructural,(5) Grupo 5,25
2026-08-08T14:57+00:00,2015949,Diseño geométrico de Vías,(1) Grupo 1,30
2026-08-08T14:57+00:00,2015949,Diseño geométrico de Vías,(2) Grupo 2,30
2026-08-08T14:57+00:00,2015949,Diseño geométrico de Vías,(3) Grupo 3,30
2026-08-08T14:57+00:00,1000007-B,Ecuaciones Diferenciales,(1) Grupo 1,60
2026-08-08T14:57+00:00,1000007-B,Ecuaciones Diferenciales,(11) Grupo 11,60
2026-08-08T14:57+00:00,1000007-B,Ecuaciones Diferenciales,(12) Grupo 12,60
2026-08-08T14:57+00:00,1000007-B,Ecuaciones Diferenciales,(13) Grupo 13,40
2026-08-08T14:57+00:00,1000007-B,Ecuaciones Diferenciales,(14) Grupo 14,100
2026-08-08T14:57+00:00,1000007-B,Ecuaciones Diferenciales,(3) Grupo 3,40
2026-08-08T14:57+00:00,1000007-B,Ecuaciones Diferenciales,(4) Grupo 4,60
2026-08-08T14:57+00:00,1000007-B,Ecuaciones Diferenciales,(6) Grupo 6,50
2026-08-08T14:57+00:00,1000007-B,Ecuaciones Diferenciales,(7) Grupo 7,40
2026-08-08T14:57+00:00,1000007-B,Ecuaciones Diferenciales,(9) Grupo 9,0
2026-08-08T14:57+00:00,2026134,Estática,(1) Grupo 1,0
2026-08-08T14:57+00:00,2026134,Estática,(2) Grupo 2,30
2026-08-08T14:57+00:00,2026134,Estática,(3) Grupo 3,30
2026-08-08T14:57+00:00,2026134,Estática,(4) Grupo 4,30
2026-08-08T14:57+00:00,2026134,Estática,(5) Grupo 5,30
2026-08-08T14:57+00:00,2026134,Estática,(6) Grupo 6,30
2026-08-08T14:57+00:00,2015954,Estructuras hidráulicas,(1) Grupo 1,30
2026-08-08T14:57+00:00,2015954,Estructuras hidráulicas,(2) Grupo 2,30
2026-08-08T14:57+00:00,2015954,Estructuras hidráulicas,(3) Grupo 3,30
2026-08-08T14:57+00:00,2015955,Fundamentos de construcción,(1) Grupo 1,30
2026-08-08T14:57+00:00,2015955,Fundamentos de construcción,(2) Grupo 2,30
2026-08-08T14:57+00:00,2015955,Fundamentos de construcción,(3) Grupo 3,30
2026-08-08T14:57+00:00,1000011-B,Fundamentos de ecología,(1) Grupo 1,118
2026-08-08T14:57+00:00,1000011-B,Fundamentos de ecología,(3) Grupo 3,12
2026-08-08T14:57+00:00,1000019-B,Fundamentos de mecánica,(1) Grupo 1,35
2026-08-08T14:57+00:00,1000019-B,Fundamentos de mecánica,(10) Grupo 10,35
2026-08-08T14:57+00:00,1000019-B,Fundamentos de mecánica,(11) Grupo 11,35
2026-08-08T14:57+00:00,1000019-B,Fundamentos de mecánica,(12) Grupo 12,35
2026-08-08T14:57+00:00,1000019-B,Fundamentos de mecánica,(13) Grupo 13,35
2026-08-08T14:57+00:00,1000019-B,Fundamentos de mecánica,(14) Grupo 14,35
2026-08-08T14:57+00:00,1000019-B,Fundamentos de mecánica,(15) Grupo 15,32
2026-08-08T14:57+00:00,1000019-B,Fundamentos de mecánica,(16) Grupo 16,35
2026-08-08T14:57+00:00,1000019-B,Fundamentos de mecánica,(17) Grupo 17,34
2026-08-08T14:57+00:00,1000019-B,Fundamentos de mecánica,(18) Grupo 18,34
2026-08-08T14:57+00:00,1000019-B,Fundamentos de mecánica,(19) Grupo 19,32
2026-08-08T14:57+00:00,1000019-B,Fundamentos de mecánica,(2) Grupo 2,35
2026-08-08T14:57+00:00,1000019-B,Fundamentos de mecánica,(20) Grupo 20,35
2026-08-08T14:57+00:00,1000019-B,Fundamentos de mecánica,(21) Grupo 21,35
2026-08-08T14:57+00:00,1000019-B,Fundamentos de mecánica,(22) Grupo 22,35
2026-08-08T14:57+00:00,1000019-B,Fundamentos de mecánica,(23) Grupo 23,35
2026-08-08T14:57+00:00,1000019-B,Fundamentos de mecánica,(24) Grupo 24,35
2026-08-08T14:57+00:00,1000019-B,Fundamentos de mecánica,(25) Grupo 25,45
2026-08-08T14:57+00:00,1000019-B,Fundamentos de mecánica,(26) Grupo 26 (VIRTUAL),50
2026-08-08T14:57+00:00,1000019-B,Fundamentos de mecánica,(27) Grupo 27 (VIRTUAL),50
2026-08-08T14:57+00:00,1000019-B,Fundamentos de mecánica,(28) Grupo 28 (VIRTUAL),50
2026-08-08T14:57+00:00,1000019-B,Fundamentos de mecánica,(29) Grupo 29 (VIRTUAL),50
2026-08-08T14:57+00:00,1000019-B,Fundamentos de mecánica,(3) Grupo 3,35
2026-08-08T14:57+00:00,1000019-B,Fundamentos de mecánica,(4) Grupo 4,35
2026-08-08T14:57+00:00,1000019-B,Fundamentos de mecánica,(5) Grupo 5,35
2026-08-08T14:57+00:00,1000019-B,Fundamentos de mecánica,(6) Grupo 6,35
2026-08-08T14:57+00:00,1000019-B,Fundamentos de mecánica,(7) Grupo 7,35
2026-08-08T14:57+00:00,1000019-B,Fundamentos de mecánica,(8) Grupo 8,35
2026-08-08T14:57+00:00,1000019-B,Fundamentos de mecánica,(9) Grupo 9,0
2026-08-08T14:57+00:00,1000019-B,Fundamentos de mecánica,(1) Grupo 1,35
2026-08-08T14:57+00:00,1000019-B,Fundamentos de mecánica,(10) Grupo 10,35
2026-08-08T14:57+00:00,1000019-B,Fundamentos de mecánica,(11) Grupo 11,35
2026-08-08T14:57+00:00,1000019-B,Fundamentos de mecánica,(12) Grupo 12,35
2026-08-08T14:57+00:00,1000019-B,Fundamentos de mecánica,(13) Grupo 13,35
2026-08-08T14:57+00:00,1000019-B,Fundamentos de mecánica,(14) Grupo 14,35
2026-08-08T14:57+00:00,1000019-B,Fundamentos de mecánica,(15) Grupo 15,32
2026-08-08T14:57+00:00,1000019-B,Fundamentos de mecánica,(16) Grupo 16,35
2026-08-08T14:57+00:00,1000019-B,Fundamentos de mecánica,(17) Grupo 17,34
2026-08-08T14:57+00:00,1000019-B,Fundamentos de mecánica,(18) Grupo 18,34
2026-08-08T14:57+00:00,1000019-B,Fundamentos de mecánica,(19) Grupo 19,32
2026-08-08T14:57+00:00,1000019-B,Fundamentos de mecánica,(2) Grupo 2,35
2026-08-08T14:57+00:00,1000019-B,Fundamentos de mecánica,(20) Grupo 20,35
2026-08-08T14:57+00:00,1000019-B,Fundamentos de mecánica,(21) Grupo 21,35
2026-08-08T14:57+00:00,1000019-B,Fundamentos de mecánica,(22) Grupo 22,35
2026-08-08T14:57+00:00,1000019-B,Fundamentos de mecánica,(23) Grupo 23,35
2026-08-08T14:57+00:00,1000019-B,Fundamentos de mecánica,(24) Grupo 24,35
2026-08-08T14:57+00:00,1000019-B,Fundamentos de mecánica,(25) Grupo 25,45
2026-08-08T14:57+00:00,1000019-B,Fundamentos de mecánica,(26) Grupo 26 (VIRTUAL),50
2026-08-08T14:57+00:00,1000019-B,Fundamentos de mecánica,(27) Grupo 27 (VIRTUAL),50
2026-08-08T14:57+00:00,1000019-B,Fundamentos de mecánica,(28) Grupo 28 (VIRTUAL),50
2026-08-08T14:57+00:00,1000019-B,Fundamentos de mecánica,(29) Grupo 29 (VIRTUAL),50
2026-08-08T14:57+00:00,1000019-B,Fundamentos de mecánica,(3) Grupo 3,35
2026-08-08T14:57+00:00,1000019-B,Fundamentos de mecánica,(4) Grupo 4,35
2026-08-08T14:57+00:00,1000019-B,Fundamentos de mecánica,(5) Grupo 5,35
2026-08-08T14:57+00:00,1000019-B,Fundamentos de mecánica,(6) Grupo 6,35
2026-08-08T14:57+00:00,1000019-B,Fundamentos de mecánica,(7) Grupo 7,35
2026-08-08T14:57+00:00,1000019-B,Fundamentos de mecánica,(8) Grupo 8,35
2026-08-08T14:57+00:00,1000019-B,Fundamentos de mecánica,(9) Grupo 9,10
2026-08-08T14:57+00:00,1000019-B,Fundamentos de mecánica,(16) Gruop 16,8
2026-08-08T14:57+00:00,1000019-B,Fundamentos de mecánica,(1) Grupo 1,35
2026-08-08T14:57+00:00,1000019-B,Fundamentos de mecánica,(10) Grupo 10,35
2026-08-08T14:57+00:00,1000019-B,Fundamentos de mecánica,(11) Grupo 11,35
2026-08-08T14:57+00:00,1000019-B,Fundamentos de mecánica,(12) Grupo 12,35
2026-08-08T14:57+00:00,1000019-B,Fundamentos de mecánica,(13) Grupo 13,35
2026-08-08T14:57+00:00,1000019-B,Fundamentos de mecánica,(14) Grupo 14,35
2026-08-08T14:57+00:00,1000019-B,Fundamentos de mecánica,(15) Grupo 15,32
2026-08-08T14:57+00:00,1000019-B,Fundamentos de mecánica,(17) Grupo 17,34
2026-08-08T14:57+00:00,1000019-B,Fundamentos de mecánica,(18) Grupo 18,34
2026-08-08T14:57+00:00,1000019-B,Fundamentos de mecánica,(19) Grupo 19,32
2026-08-08T14:57+00:00,1000019-B,Fundamentos de mecánica,(2) Grupo 2,35
2026-08-08T14:57+00:00,1000019-B,Fundamentos de mecánica,(20) Grupo 20,35
2026-08-08T14:57+00:00,1000019-B,Fundamentos de mecánica,(21) Grupo 21,35
2026-08-08T14:57+00:00,1000019-B,Fundamentos de mecánica,(22) Grupo 22,35
2026-08-08T14:57+00:00,1000019-B,Fundamentos de mecánica,(23) Grupo 23,35
2026-08-08T14:57+00:00,1000019-B,Fundamentos de mecánica,(24) Grupo 24,35
2026-08-08T14:57+00:00,1000019-B,Fundamentos de mecánica,(25) Grupo 25,45
2026-08-08T14:57+00:00,1000019-B,Fundamentos de mecánica,(26) Grupo 26 (VIRTUAL),50
2026-08-08T14:57+00:00,1000019-B,Fundamentos de mecánica,(27) Grupo 27 (VIRTUAL),50
2026-08-08T14:57+00:00,1000019-B,Fundamentos de mecánica,(28) Grupo 28 (VIRTUAL),50
2026-08-08T14:57+00:00,1000019-B,Fundamentos de mecánica,(29) Grupo 29 (VIRTUAL),50
2026-08-08T14:57+00:00,1000019-B,Fundamentos de mecánica,(3) Grupo 3,35
2026-08-08T14:57+00:00,1000019-B,Fundamentos de mecánica,(4) Grupo 4,35
2026-08-08T14:57+00:00,1000019-B,Fundamentos de mecánica,(5) Grupo 5,35
2026-08-08T14:57+00:00,1000019-B,Fundamentos de mecánica,(6) Grupo 6,35
2026-08-08T14:57+00:00,1000019-B,Fundamentos de mecánica,(7) Grupo 7,35
2026-08-08T14:57+00:00,1000019-B,Fundamentos de mecánica,(8) Grupo 8,35
2026-08-08T14:57+00:00,1000019-B,Fundamentos de mecánica,(9) Grupo 9,10
2026-08-08T14:57+00:00,2015956,Geología,(1) Grupo 1,35
2026-08-08T14:57+00:00,2015956,Geología,(2) Grupo 2,30
2026-08-08T14:57+00:00,2015956,Geología,(3) Grupo 3,30
2026-08-08T14:57+00:00,2015956,Geología,(4) Grupo 4,35
2026-08-08T14:57+00:00,2015957,Geomática Aplicada,(1) Grupo 1,30
2026-08-08T14:57+00:00,2015957,Geomática Aplicada,(2) Grupo 2,30
2026-08-08T14:57+00:00,2015957,Geomática Aplicada,(3) Grupo 3,30
2026-08-08T14:57+00:00,2015957,Geomática Aplicada,(4) Grupo 4,30
2026-08-08T14:57+00:00,2015958,Geomática básica,(1) Grupo 1,20
2026-08-08T14:57+00:00,2015958,Geomática básica,(2) Grupo 2,20
2026-08-08T14:57+00:00,2015958,Geomática básica,(3) Grupo 3,30
2026-08-08T14:57+00:00,2015958,Geomática básica,(4) Grupo 4,20
2026-08-08T14:57+00:00,2015958,Geomática básica,(5) Grupo 5,20
2026-08-08T14:57+00:00,2015958,Geomática básica,(6) Grupo 6,20
2026-08-08T14:57+00:00,2015958,Geomática básica,(7) Grupo 7,20
2026-08-08T14:57+00:00,2015958,Geomática básica,(8) Grupo 8,20
2026-08-08T14:57+00:00,2015958,Geomática básica,(9) Grupo 9,20
2026-08-08T14:57+00:00,2015958,Geomática básica,(1) Grupo 1,40
2026-08-08T14:57+00:00,2015958,Geomática básica,(3) Grupo 3,30
2026-08-08T14:57+00:00,2015958,Geomática básica,(4) Grupo 4,40
2026-08-08T14:57+00:00,2015958,Geomática básica,(6) Grupo 6,40
2026-08-08T14:57+00:00,2015958,Geomática básica,(8) Grupo 8,40
2026-08-08T14:57+00:00,2015959,Geotecnia,(1) Grupo 1,30
2026-08-08T14:57+00:00,2015959,Geotecnia,(2) Grupo 2,30
2026-08-08T14:57+00:00,2015959,Geotecnia,(3) Grupo 3,30
2026-08-08T14:57+00:00,2015959,Geotecnia,(4) Grupo 4,0
2026-08-08T14:57+00:00,2015961,Hidráulica básica,(1) Grupo 1,24
2026-08-08T14:57+00:00,2015961,Hidráulica básica,(2) Grupo 2,24
2026-08-08T14:57+00:00,2015961,Hidráulica básica,(3) Grupo 3,24
2026-08-08T14:57+00:00,2015961,Hidráulica básica,(4) Grupo 4,24
2026-08-08T14:57+00:00,2015961,Hidráulica básica,(5) Grupo 5,24
2026-08-08T14:57+00:00,2015961,Hidráulica básica,(6) Grupo 6,24
2026-08-08T14:57+00:00,2015978,Hidrología,(1) Grupo 1,0
2026-08-08T14:57+00:00,2015978,Hidrología,(2) Grupo 2,30
2026-08-08T14:57+00:00,2015978,Hidrología,(3) Grupo 3,30
2026-08-08T14:57+00:00,2015978,Hidrología,(4) Grupo 4,30
2026-08-08T14:57+00:00,2015978,Hidrología,(5) Grupo 5,30
2026-08-08T14:57+00:00,2026135,Ingeniería civil sostenible,(1) Grupo 1,25
2026-08-08T14:57+00:00,2026135,Ingeniería civil sostenible,(2) Grupo 2,25
2026-08-08T14:57+00:00,2026135,Ingeniería civil sostenible,(3) Grupo 3,25
2026-08-08T14:57+00:00,2015963,Ingeniería de Tránsito,(1) Grupo 1,30
2026-08-08T14:57+00:00,2015963,Ingeniería de Tránsito,(2) Grupo 2,30
2026-08-08T14:57+00:00,2015963,Ingeniería de Tránsito,(3) Grupo 3,30
2026-08-08T14:57+00:00,2026138,Ingenieria de transporte,(1) Grupo 1,30
2026-08-08T14:57+00:00,2026138,Ingenieria de transporte,(2) Grupo 2,30
2026-08-08T14:57+00:00,2026138,Ingenieria de transporte,(3) Grupo 3,30
2026-08-08T14:57+00:00,2015703,Ingeniería económica,(1) Grupo 1,40
2026-08-08T14:57+00:00,2015703,Ingeniería económica,(10) Grupo 10,30
2026-08-08T14:57+00:00,2015703,Ingeniería económica,(11) Grupo 11,30
2026-08-08T14:57+00:00,2015703,Ingeniería económica,(2) Grupo 2,40
2026-08-08T14:57+00:00,2015703,Ingeniería económica,(3) Grupo 3,40
2026-08-08T14:57+00:00,2015703,Ingeniería económica,(4) Grupo 4,30
2026-08-08T14:57+00:00,2015703,Ingeniería económica,(5) Grupo 5 - Virtual,60
2026-08-08T14:57+00:00,2015703,Ingeniería económica,(6) Grupo 6,40
2026-08-08T14:57+00:00,2015703,Ingeniería económica,(7) Grupo 7,20
2026-08-08T14:57+00:00,2015703,Ingeniería económica,(8) Grupo 8,40
2026-08-08T14:57+00:00,2015703,Ingeniería económica,(9) Grupo 9,35
2026-08-08T14:57+00:00,1000044-B,Inglés I- Semestral,(1) Grupo 1,26
2026-08-08T14:57+00:00,1000044-B,Inglés I- Semestral,(2) Grupo 2,26
2026-08-08T14:57+00:00,1000044-B,Inglés I- Semestral,(3) Grupo 3,26
2026-08-08T14:57+00:00,1000044-B,Inglés I- Semestral,(4) Grupo 4,26
2026-08-08T14:57+00:00,1000044-B,Inglés I- Semestral,(5) Grupo 5,26
2026-08-08T14:57+00:00,1000044-B,Inglés I- Semestral,(6) Grupo 6,26
2026-08-08T14:57+00:00,1000044-B,Inglés I- Semestral,(7) Grupo 7,26
2026-08-08T14:57+00:00,1000044-B,Inglés I- Semestral,(8) Grupo 8,26
2026-08-08T14:57+00:00,1000044-B,Inglés I- Semestral,(9) Grupo 9,7
2026-08-08T14:57+00:00,1000045-B,Inglés II - Semestral,(1) Grupo 1,10
2026-08-08T14:57+00:00,1000045-B,Inglés II - Semestral,(10) Grupo 10,26
2026-08-08T14:57+00:00,1000045-B,Inglés II - Semestral,(11) Grupo 11,26
2026-08-08T14:57+00:00,1000045-B,Inglés II - Semestral,(12) Grupo 12,26
2026-08-08T14:57+00:00,1000045-B,Inglés II - Semestral,(13) Grupo 13,26
2026-08-08T14:57+00:00,1000045-B,Inglés II - Semestral,(14) Grupo 14,26
2026-08-08T14:57+00:00,1000045-B,Inglés II - Semestral,(15) Grupo 15,26
2026-08-08T14:57+00:00,1000045-B,Inglés II - Semestral,(16) Grupo 16,26
2026-08-08T14:57+00:00,1000045-B,Inglés II - Semestral,(2) Grupo 2,26
2026-08-08T14:57+00:00,1000045-B,Inglés II - Semestral,(3) Grupo 3,26
2026-08-08T14:57+00:00,1000045-B,Inglés II - Semestral,(4) Grupo 4,26
2026-08-08T14:57+00:00,1000045-B,Inglés II - Semestral,(5) Grupo 5,26
2026-08-08T14:57+00:00,1000045-B,Inglés II - Semestral,(6) Grupo 6,26
2026-08-08T14:57+00:00,1000045-B,Inglés II - Semestral,(7) Grupo 7,26
2026-08-08T14:57+00:00,1000045-B,Inglés II - Semestral,(8) Grupo 8,26
2026-08-08T14:57+00:00,1000045-B,Inglés II - Semestral,(9) Grupo 9,15
2026-08-08T14:57+00:00,1000046-B,Inglés III - Semestral,(1) Grupo 1,26
2026-08-08T14:57+00:00,1000046-B,Inglés III - Semestral,(10) Grupo 10,26
2026-08-08T14:57+00:00,1000046-B,Inglés III - Semestral,(11) Grupo 11,26
2026-08-08T14:57+00:00,1000046-B,Inglés III - Semestral,(12) Grupo 12,26
2026-08-08T14:57+00:00,1000046-B,Inglés III - Semestral,(13) Grupo 13,26
2026-08-08T14:57+00:00,1000046-B,Inglés III - Semestral,(14) Grupo 14,26
2026-08-08T14:57+00:00,1000046-B,Inglés III - Semestral,(15) Grupo 15,26
2026-08-08T14:57+00:00,1000046-B,Inglés III - Semestral,(16) Grupo 16,26
2026-08-08T14:57+00:00,1000046-B,Inglés III - Semestral,(17) Grupo 17,26
2026-08-08T14:57+00:00,1000046-B,Inglés III - Semestral,(18) Grupo 18,26
2026-08-08T14:57+00:00,1000046-B,Inglés III - Semestral,(2) Grupo 2,26
2026-08-08T14:57+00:00,1000046-B,Inglés III - Semestral,(3) Grupo 3,26
2026-08-08T14:57+00:00,1000046-B,Inglés III - Semestral,(4) Grupo 4,26
2026-08-08T14:57+00:00,1000046-B,Inglés III - Semestral,(5) Grupo 5,26
2026-08-08T14:57+00:00,1000046-B,Inglés III - Semestral,(6) Grupo 6,26
2026-08-08T14:57+00:00,1000046-B,Inglés III - Semestral,(7) Grupo 7,26
2026-08-08T14:57+00:00,1000046-B,Inglés III - Semestral,(8) Grupo 8,26
2026-08-08T14:57+00:00,1000046-B,Inglés III - Semestral,(9) Grupo 9,10
2026-08-08T14:57+00:00,1000052-B,Inglés Intensivo I y II,(1) Grupo 1,28
2026-08-08T14:57+00:00,1000052-B,Inglés Intensivo I y II,(2) Grupo 2,28
2026-08-08T14:57+00:00,1000052-B,Inglés Intensivo I y II,(3) Grupo 3,28
2026-08-08T14:57+00:00,1000053-B,Inglés Intensivo III y IV,(1) Grupo 1,28
2026-08-08T14:57+00:00,1000053-B,Inglés Intensivo III y IV,(2) Grupo 2,28
2026-08-08T14:57+00:00,1000053-B,Inglés Intensivo III y IV,(3) Grupo 3,30
2026-08-08T14:57+00:00,1000053-B,Inglés Intensivo III y IV,(4) Grupo 4,30
2026-08-08T14:57+00:00,1000053-B,Inglés Intensivo III y IV,(5) Grupo 5,28
2026-08-08T14:57+00:00,1000053-B,Inglés Intensivo III y IV,(6) Grupo 6,28
2026-08-08T14:57+00:00,1000047-B,Inglés IV- Semestral,(1) Grupo 1,26
2026-08-08T14:57+00:00,1000047-B,Inglés IV- Semestral,(10) Grupo 10,26
2026-08-08T14:57+00:00,1000047-B,Inglés IV- Semestral,(11) Grupo 11,26
2026-08-08T14:57+00:00,1000047-B,Inglés IV- Semestral,(12) Grupo 12,26
2026-08-08T14:57+00:00,1000047-B,Inglés IV- Semestral,(13) Grupo 13,26
2026-08-08T14:57+00:00,1000047-B,Inglés IV- Semestral,(14) Grupo 14,26
2026-08-08T14:57+00:00,1000047-B,Inglés IV- Semestral,(15) Grupo 15,26
2026-08-08T14:57+00:00,1000047-B,Inglés IV- Semestral,(16) Grupo 16,26
2026-08-08T14:57+00:00,1000047-B,Inglés IV- Semestral,(17) Grupo 17,26
2026-08-08T14:57+00:00,1000047-B,Inglés IV- Semestral,(18) Grupo 18,26
2026-08-08T14:57+00:00,1000047-B,Inglés IV- Semestral,(19) Grupo 19,26
2026-08-08T14:57+00:00,1000047-B,Inglés IV- Semestral,(2) Grupo 2,26
2026-08-08T14:57+00:00,1000047-B,Inglés IV- Semestral,(20) Grupo 20,26
2026-08-08T14:57+00:00,1000047-B,Inglés IV- Semestral,(21) Grupo 21,26
2026-08-08T14:57+00:00,1000047-B,Inglés IV- Semestral,(22) Grupo 22,26
2026-08-08T14:57+00:00,1000047-B,Inglés IV- Semestral,(3) Grupo 3,26
2026-08-08T14:57+00:00,1000047-B,Inglés IV- Semestral,(4) Grupo 4,26
2026-08-08T14:57+00:00,1000047-B,Inglés IV- Semestral,(5) Grupo 5,26
2026-08-08T14:57+00:00,1000047-B,Inglés IV- Semestral,(6) Grupo 6,26
2026-08-08T14:57+00:00,1000047-B,Inglés IV- Semestral,(7) Grupo 7,26
2026-08-08T14:57+00:00,1000047-B,Inglés IV- Semestral,(8) Grupo 8,26
2026-08-08T14:57+00:00,1000047-B,Inglés IV- Semestral,(9) Grupo 9,15
2026-08-08T14:57+00:00,2026186,Introducción a la ingeniería civil,(1) Grupo 1,7
2026-08-08T14:57+00:00,2026186,Introducción a la ingeniería civil,(2) Grupo 2,0
2026-08-08T14:57+00:00,2026186,Introducción a la ingeniería civil,(4) Grupo 4,10
2026-08-08T14:57+00:00,1000002-B,Lecto-Escritura,(1) Grupo 1 - Clase Presencial,1
2026-08-08T14:57+00:00,1000002-B,Lecto-Escritura,(10) Grupo 10 - Clase presencial,0
2026-08-08T14:57+00:00,1000002-B,Lecto-Escritura,(2) Grupo 2 - Clase Presencial,0
2026-08-08T14:57+00:00,1000002-B,Lecto-Escritura,(3) Grupo 3 - Clase Presencial,0
2026-08-08T14:57+00:00,1000002-B,Lecto-Escritura,(4) Grupo 4 - Clase Presencial,0
2026-08-08T14:57+00:00,1000002-B,Lecto-Escritura,(5) Grupo 5 - Clase Presencial,0
2026-08-08T14:57+00:00,1000002-B,Lecto-Escritura,(6) Grupo 6 - Clase Presencial,0
2026-08-08T14:57+00:00,1000002-B,Lecto-Escritura,(7) Grupo 7 - Clase Presencial,0
2026-08-08T14:57+00:00,1000002-B,Lecto-Escritura,(8) Grupo 8 - Clase Presencial,0
2026-08-08T14:57+00:00,1000002-B,Lecto-Escritura,(9) Grupo 9 - Clase Presencial,10
2026-08-08T14:57+00:00,1000001-B,Matemáticas Básicas,(1) Grupo 1,0
2026-08-08T14:57+00:00,1000001-B,Matemáticas Básicas,(19) Grupo 19,5
2026-08-08T14:57+00:00,1000001-B,Matemáticas Básicas,(2) Grupo 2,10
2026-08-08T14:57+00:00,1000001-B,Matemáticas Básicas,(1) Grupo 1,0
2026-08-08T14:57+00:00,1000001-B,Matemáticas Básicas,(10) Grupo 10,0
2026-08-08T14:57+00:00,1000001-B,Matemáticas Básicas,(2) Grupo 2,0
2026-08-08T14:57+00:00,1000001-B,Matemáticas Básicas,(3) Grupo 3,0
2026-08-08T14:57+00:00,1000001-B,Matemáticas Básicas,(4) Grupo 4,0
2026-08-08T14:57+00:00,1000001-B,Matemáticas Básicas,(5) Grupo 5,0
2026-08-08T14:57+00:00,1000001-B,Matemáticas Básicas,(6) Grupo 6,0
2026-08-08T14:57+00:00,1000001-B,Matemáticas Básicas,(7) Grupo 7,0
2026-08-08T14:57+00:00,1000001-B,Matemáticas Básicas,(8) Grupo 8,0
2026-08-08T14:57+00:00,1000001-B,Matemáticas Básicas,(9) Grupo 9,10
2026-08-08T14:57+00:00,2015965,Materiales para construcción,(1) Grupo 1,24
2026-08-08T14:57+00:00,2015965,Materiales para construcción,(2) Grupo 2,24
2026-08-08T14:57+00:00,2015965,Materiales para construcción,(3) Grupo 3,24
2026-08-08T14:57+00:00,2015965,Materiales para construcción,(4) Grupo 4,24
2026-08-08T14:57+00:00,2015966,Mecánica de fluidos,(1) Grupo 1,24
2026-08-08T14:57+00:00,2015966,Mecánica de fluidos,(2) Grupo 2,24
2026-08-08T14:57+00:00,2015966,Mecánica de fluidos,(3) Grupo 3,24
2026-08-08T14:57+00:00,2015966,Mecánica de fluidos,(4) Grupo 4,24
2026-08-08T14:57+00:00,2015966,Mecánica de fluidos,(5) Grupo 5,24
2026-08-08T14:57+00:00,2015966,Mecánica de fluidos,(6) Grupo 6,24
2026-08-08T14:57+00:00,2015966,Mecánica de fluidos,(7) Grupo 7,24
2026-08-08T14:57+00:00,2015966,Mecánica de fluidos,(8) Grupo 8,24
2026-08-08T14:57+00:00,2015967,Mecánica de Rocas,(1) Grupo 1,24
2026-08-08T14:57+00:00,2015968,Mecánica de sólidos,(1) Grupo 1,24
2026-08-08T14:57+00:00,2015968,Mecánica de sólidos,(2) Grupo 2,24
2026-08-08T14:57+00:00,2015968,Mecánica de sólidos,(3) Grupo 3,24
2026-08-08T14:57+00:00,2015968,Mecánica de sólidos,(4) Grupo 4,24
2026-08-08T14:57+00:00,2015968,Mecánica de sólidos,(5) Grupo 5,24
2026-08-08T14:57+00:00,2015968,Mecánica de sólidos,(6) Grupo 6,24
2026-08-08T14:57+00:00,2015968,Mecánica de sólidos,(7) Grupo 7,0
2026-08-08T14:57+00:00,2015969,Mecánica de suelos,(1) Grupo 1 (Inglés),30
2026-08-08T14:57+00:00,2015969,Mecánica de suelos,(2) Grupo 2,30
2026-08-08T14:57+00:00,2015969,Mecánica de suelos,(3) Grupo 3,30
2026-08-08T14:57+00:00,2015969,Mecánica de suelos,(4) Grupo 4,30
2026-08-08T14:57+00:00,2015970,Métodos numéricos,(4) Grupo 4,30
2026-08-08T14:57+00:00,2015970,Métodos numéricos,(5) Grupo 5,45
2026-08-08T14:57+00:00,2015970,Métodos numéricos,(8) Grupo 8,30
2026-08-08T14:57+00:00,2015970,Métodos numéricos,(9) Grupo 9,45
2026-08-08T14:57+00:00,2017293,Modelación matemática,(1) 2017293-1 Modelación matemática,34
2026-08-08T14:57+00:00,2017293,Modelación matemática,(2) 2017293-2 Modelación matemática,34
2026-08-08T14:57+00:00,2017293,Modelación matemática,(1M) 2017293-1M Modelación matemática - Magistral,80
2026-08-08T14:57+00:00,2015971,Pavimentos,(1) Grupo 1,30
2026-08-08T14:57+00:00,2015971,Pavimentos,(2) Grupo 2,30
2026-08-08T14:57+00:00,2015971,Pavimentos,(3) Grupo 3,30
2026-08-08T14:57+00:00,2015972,Preparación y evaluación de proyectos de infraestructura,(1) Grupo 1,15
2026-08-08T14:57+00:00,2015972,Preparación y evaluación de proyectos de infraestructura,(2) Grupo 2,15
2026-08-08T14:57+00:00,2015972,Preparación y evaluación de proyectos de infraestructura,(3) Grupo 3,15
2026-08-08T14:57+00:00,1000024-B,Principios de química,(12) Grupo 12,0
2026-08-08T14:57+00:00,1000024-B,Principios de química,(13) Grupo 13,0
2026-08-08T14:57+00:00,1000024-B,Principios de química,(14) Grupo 14,10
2026-08-08T14:57+00:00,1000013-B,Probabilidad y estadística fundamental,(1) Grupo 1,0
2026-08-08T14:57+00:00,1000013-B,Probabilidad y estadística fundamental,(10) Grupo 10,35
2026-08-08T14:57+00:00,1000013-B,Probabilidad y estadística fundamental,(11) Grupo 11,40
2026-08-08T14:57+00:00,1000013-B,Probabilidad y estadística fundamental,(12) Grupo 12,40
2026-08-08T14:57+00:00,1000013-B,Probabilidad y estadística fundamental,(13) Grupo 13,30
2026-08-08T14:57+00:00,1000013-B,Probabilidad y estadística fundamental,(14) Grupo 14,45
2026-08-08T14:57+00:00,1000013-B,Probabilidad y estadística fundamental,(16) Grupo 16,30
2026-08-08T14:57+00:00,1000013-B,Probabilidad y estadística fundamental,(2) Grupo 2,40
2026-08-08T14:57+00:00,1000013-B,Probabilidad y estadística fundamental,(22) Grupo 22,45
2026-08-08T14:57+00:00,1000013-B,Probabilidad y estadística fundamental,(23) Grupo 23,0
2026-08-08T14:57+00:00,1000013-B,Probabilidad y estadística fundamental,(3) Grupo 3,40
2026-08-08T14:57+00:00,1000013-B,Probabilidad y estadística fundamental,(4) Grupo 4,40
2026-08-08T14:57+00:00,1000013-B,Probabilidad y estadística fundamental,(5) Grupo 5,35
2026-08-08T14:57+00:00,1000013-B,Probabilidad y estadística fundamental,(6) Grupo 6,35
2026-08-08T14:57+00:00,1000013-B,Probabilidad y estadística fundamental,(7) Grupo 7,40
2026-08-08T14:57+00:00,2015734,Programación de computadores,(1) Grupo 1,6
2026-08-08T14:57+00:00,2015734,Programación de computadores,(10) Grupo 10,4
2026-08-08T14:57+00:00,2015734,Programación de computadores,(11) Grupo 11,0
2026-08-08T14:57+00:00,2015734,Programación de computadores,(12) Grupo 12,1
2026-08-08T14:57+00:00,2015734,Programación de computadores,(13) Grupo 13,4
2026-08-08T14:57+00:00,2015734,Programación de computadores,(14) Grupo 14,0
2026-08-08T14:57+00:00,2015734,Programación de computadores,(2) Grupo 2,16
2026-08-08T14:57+00:00,2015734,Programación de computadores,(3) Grupo 3,0
2026-08-08T14:57+00:00,2015734,Programación de computadores,(4) Grupo 4,0
2026-08-08T14:57+00:00,2015734,Programación de computadores,(5) Grupo 5,0
2026-08-08T14:57+00:00,2015734,Programación de computadores,(6) Grupo 6,8
2026-08-08T14:57+00:00,2015734,Programación de computadores,(7) Grupo 7,3
2026-08-08T14:57+00:00,2015734,Programación de computadores,(8) Grupo 8 - Virtual,30
2026-08-08T14:57+00:00,2015734,Programación de computadores,(9) Grupo 9,18
2026-08-08T14:57+00:00,2015973,Saneamiento ambiental,(1) Grupo 1,25
2026-08-08T14:57+00:00,2015973,Saneamiento ambiental,(2) Grupo 2,25
2026-08-08T14:57+00:00,2015973,Saneamiento ambiental,(3) Grupo 3,25
2026-08-08T14:57+00:00,2022761,SIG para Ingeniería Civil,(1) Grupo 1,15
2026-08-08T14:57+00:00,2022761,SIG para Ingeniería Civil,(2) Grupo 2,15
2026-08-08T14:57+00:00,2022761,SIG para Ingeniería Civil,(3) Grupo 3,15
2026-08-08T14:57+00:00,2015296,Trabajo de Grado,(1) Grupo 1,5
2026-08-08T14:57+00:00,2015296,Trabajo de Grado,(10) Grupo 10,5
2026-08-08T14:57+00:00,2015296,Trabajo de Grado,(11) Grupo 11,5
2026-08-08T14:57+00:00,2015296,Trabajo de Grado,(12) Grupo 12,5
2026-08-08T14:57+00:00,2015296,Trabajo de Grado,(13) Grupo 13,5
2026-08-08T14:57+00:00,2015296,Trabajo de Grado,(14) Grupo 14,5
2026-08-08T14:57+00:00,2015296,Trabajo de Grado,(15) Grupo 15,5
2026-08-08T14:57+00:00,2015296,Trabajo de Grado,(16) Grupo 16,5
2026-08-08T14:57+00:00,2015296,Trabajo de Grado,(17) Grupo 17,5
2026-08-08T14:57+00:00,2015296,Trabajo de Grado,(18) Grupo 18,5
2026-08-08T14:57+00:00,2015296,Trabajo de Grado,(19) Grupo 19,0
2026-08-08T14:57+00:00,2015296,Trabajo de Grado,(2) Grupo 2,5
2026-08-08T14:57+00:00,2015296,Trabajo de Grado,(3) Grupo 3,5
2026-08-08T14:57+00:00,2015296,Trabajo de Grado,(4) Grupo 4,5
2026-08-08T14:57+00:00,2015296,Trabajo de Grado,(5) Grupo 5,5
2026-08-08T14:57+00:00,2015296,Trabajo de Grado,(6) Grupo 6,5
2026-08-08T14:57+00:00,2015296,Trabajo de Grado,(7) Grupo 7,5
2026-08-08T14:57+00:00,2015296,Trabajo de Grado,(8) Grupo 8,5
2026-08-08T14:57+00:00,2015296,Trabajo de Grado,(9) Grupo 9,5
2026-08-08T15:20+00:00,2015938,Acueductos,(1) Grupo 1,25
2026-08-08T15:20+00:00,2015938,Acueductos,(2) Grupo 2,25
2026-08-08T15:20+00:00,2015938,Acueductos,(3) Grupo 3,25
2026-08-08T15:20+00:00,2015938,Acueductos,(4) Grupo 4,24
2026-08-08T15:20+00:00,2015939,Alcantarillados,(1) Grupo 1,25
2026-08-08T15:20+00:00,2015939,Alcantarillados,(2) Grupo 2,25
2026-08-08T15:20+00:00,2015939,Alcantarillados,(3) Grupo 3,25
2026-08-08T15:20+00:00,2015939,Alcantarillados,(4) Grupo 4,25
2026-08-08T15:20+00:00,2015940,Análisis estructural aplicado,(1) Grupo 1,24
2026-08-08T15:20+00:00,2015940,Análisis estructural aplicado,(2) Grupo 2,24
2026-08-08T15:20+00:00,2015940,Análisis estructural aplicado,(3) Grupo 3,24
2026-08-08T15:20+00:00,2015941,Análisis estructural básico,(1) Grupo 1,30
2026-08-08T15:20+00:00,2015941,Análisis estructural básico,(2) Grupo 2,30
2026-08-08T15:20+00:00,2015941,Análisis estructural básico,(3) Grupo 3,30
2026-08-08T15:20+00:00,2015941,Análisis estructural básico,(4) Grupo 4,30
2026-08-08T15:20+00:00,1000004-B,Cálculo diferencial,(10) Grupo 10,53
2026-08-08T15:20+00:00,1000004-B,Cálculo diferencial,(11) Grupo 11,24
2026-08-08T15:20+00:00,1000004-B,Cálculo diferencial,(12) Grupo 12,24
2026-08-08T15:20+00:00,1000004-B,Cálculo diferencial,(13) Grupo 13,16
2026-08-08T15:20+00:00,1000004-B,Cálculo diferencial,(14) Grupo 14,90
2026-08-08T15:20+00:00,1000004-B,Cálculo diferencial,(16) Grupo 16,27
2026-08-08T15:20+00:00,1000004-B,Cálculo diferencial,(17) Grupo 17,39
2026-08-08T15:20+00:00,1000004-B,Cálculo diferencial,(19) Grupo 19,59
2026-08-08T15:20+00:00,1000004-B,Cálculo diferencial,(2) Grupo 2,24
2026-08-08T15:20+00:00,1000004-B,Cálculo diferencial,(20) Grupo 20,10
2026-08-08T15:20+00:00,1000004-B,Cálculo diferencial,(21) Grupo 21,60
2026-08-08T15:20+00:00,1000004-B,Cálculo diferencial,(22) Grupo 22,60
2026-08-08T15:20+00:00,1000004-B,Cálculo diferencial,(24) Grupo 24,60
2026-08-08T15:20+00:00,1000004-B,Cálculo diferencial,(25) Grupo 25,40
2026-08-08T15:20+00:00,1000004-B,Cálculo diferencial,(27) Grupo 27,51
2026-08-08T15:20+00:00,1000004-B,Cálculo diferencial,(28) Grupo 28,60
2026-08-08T15:20+00:00,1000004-B,Cálculo diferencial,(29) Grupo 29,60
2026-08-08T15:20+00:00,1000004-B,Cálculo diferencial,(30) Grupo 30,60
2026-08-08T15:20+00:00,1000004-B,Cálculo diferencial,(32) Grupo 32,90
2026-08-08T15:20+00:00,1000004-B,Cálculo diferencial,(4) Grupo 4,37
2026-08-08T15:20+00:00,1000004-B,Cálculo diferencial,(5) Grupo 5,84
2026-08-08T15:20+00:00,1000004-B,Cálculo diferencial,(7) Grupo 7,64
2026-08-08T15:20+00:00,1000004-B,Cálculo diferencial,(8) Grupo 8,40
2026-08-08T15:20+00:00,1000004-B,Cálculo diferencial,(9) Grupo 9,18
2026-08-08T15:20+00:00,1000006-B,Cálculo en varias variables,(1) Grupo 1,40
2026-08-08T15:20+00:00,1000006-B,Cálculo en varias variables,(10) Grupo 10,100
2026-08-08T15:20+00:00,1000006-B,Cálculo en varias variables,(11) Grupo 11,40
2026-08-08T15:20+00:00,1000006-B,Cálculo en varias variables,(12) Grupo 12,60
2026-08-08T15:20+00:00,1000006-B,Cálculo en varias variables,(13) Grupo 13,40
2026-08-08T15:20+00:00,1000006-B,Cálculo en varias variables,(14) Grupo 14,60
2026-08-08T15:20+00:00,1000006-B,Cálculo en varias variables,(15) Grupo 15,112
2026-08-08T15:20+00:00,1000006-B,Cálculo en varias variables,(2) Grupo 2,40
2026-08-08T15:20+00:00,1000006-B,Cálculo en varias variables,(3) Grupo 3,40
2026-08-08T15:20+00:00,1000006-B,Cálculo en varias variables,(4) Grupo 4,100
2026-08-08T15:20+00:00,1000006-B,Cálculo en varias variables,(5) Grupo 5,40
2026-08-08T15:20+00:00,1000006-B,Cálculo en varias variables,(7) Grupo 7,70
2026-08-08T15:20+00:00,1000006-B,Cálculo en varias variables,(8) Grupo 8,60
2026-08-08T15:20+00:00,1000006-B,Cálculo en varias variables,(9) Grupo 9,0
2026-08-08T15:20+00:00,1000005-B,Cálculo Integral,(1) Grupo 1,0
2026-08-08T15:20+00:00,1000005-B,Cálculo Integral,(10) Grupo 10,50
2026-08-08T15:20+00:00,1000005-B,Cálculo Integral,(14) Grupo 14,40
2026-08-08T15:20+00:00,1000005-B,Cálculo Integral,(15) Grupo 15,60
2026-08-08T15:20+00:00,1000005-B,Cálculo Integral,(16) Grupo 16,70
2026-08-08T15:20+00:00,1000005-B,Cálculo Integral,(17) Grupo 17,40
2026-08-08T15:20+00:00,1000005-B,Cálculo Integral,(2) Grupo 2,60
2026-08-08T15:20+00:00,1000005-B,Cálculo Integral,(20) Grupo 20,40
2026-08-08T15:20+00:00,1000005-B,Cálculo Integral,(22) Grupo 22,60
2026-08-08T15:20+00:00,1000005-B,Cálculo Integral,(3) Grupo 3,70
2026-08-08T15:20+00:00,1000005-B,Cálculo Integral,(4) Grupo 4,60
2026-08-08T15:20+00:00,1000005-B,Cálculo Integral,(6) Grupo 6,60
2026-08-08T15:20+00:00,1000005-B,Cálculo Integral,(7) Grupo 7,100
2026-08-08T15:20+00:00,1000005-B,Cálculo Integral,(8) Grupo 8,40
2026-08-08T15:20+00:00,1000005-B,Cálculo Integral,(9) Grupo 9,10
2026-08-08T15:20+00:00,2015943,Construcción de edificaciones,(1) Grupo 1,15
2026-08-08T15:20+00:00,2015944,Construcción de Infraestructura Vial,(1) Grupo 1,15
2026-08-08T15:20+00:00,2015711,Dibujo básico,(10) 2015711-10 Dibujo básico,0
2026-08-08T15:20+00:00,2015711,Dibujo básico,(11) 2015711-11 Dibujo básico,0
2026-08-08T15:20+00:00,2015711,Dibujo básico,(14) 2015711-14 Dibujo básico,0
2026-08-08T15:20+00:00,2015711,Dibujo básico,(16) 2015711-16 Dibujo básico,0
2026-08-08T15:20+00:00,2015711,Dibujo básico,(4) 2015711-4 Dibujo básico,9
2026-08-08T15:20+00:00,2015711,Dibujo básico,(5) 2015711-5 Dibujo básico,0
2026-08-08T15:20+00:00,2015711,Dibujo básico,(7) 2015711-7 Dibujo básico,20
2026-08-08T15:20+00:00,2015711,Dibujo básico,(8) 2015711-8 Dibujo básico,0
2026-08-08T15:20+00:00,2015711,Dibujo básico,(9) 2015711-9 Dibujo básico,0
2026-08-08T15:20+00:00,2015948,Dinámica,(1) Grupo 1,30
2026-08-08T15:20+00:00,2015948,Dinámica,(2) Grupo 2,30
2026-08-08T15:20+00:00,2015948,Dinámica,(3) Grupo 3,30
2026-08-08T15:20+00:00,2015950,Diseño estructural,(1) Grupo 1,25
2026-08-08T15:20+00:00,2015950,Diseño estructural,(2) Grupo 2,0
2026-08-08T15:20+00:00,2015950,Diseño estructural,(3) Grupo 3,25
2026-08-08T15:20+00:00,2015950,Diseño estructural,(4) Grupo 4,25
2026-08-08T15:20+00:00,2015950,Diseño estructural,(5) Grupo 5,25
2026-08-08T15:20+00:00,2015949,Diseño geométrico de Vías,(1) Grupo 1,30
2026-08-08T15:20+00:00,2015949,Diseño geométrico de Vías,(2) Grupo 2,30
2026-08-08T15:20+00:00,2015949,Diseño geométrico de Vías,(3) Grupo 3,30
2026-08-08T15:20+00:00,1000007-B,Ecuaciones Diferenciales,(1) Grupo 1,60
2026-08-08T15:20+00:00,1000007-B,Ecuaciones Diferenciales,(11) Grupo 11,60
2026-08-08T15:20+00:00,1000007-B,Ecuaciones Diferenciales,(12) Grupo 12,60
2026-08-08T15:20+00:00,1000007-B,Ecuaciones Diferenciales,(13) Grupo 13,40
2026-08-08T15:20+00:00,1000007-B,Ecuaciones Diferenciales,(14) Grupo 14,100
2026-08-08T15:20+00:00,1000007-B,Ecuaciones Diferenciales,(3) Grupo 3,40
2026-08-08T15:20+00:00,1000007-B,Ecuaciones Diferenciales,(4) Grupo 4,60
2026-08-08T15:20+00:00,1000007-B,Ecuaciones Diferenciales,(6) Grupo 6,50
2026-08-08T15:20+00:00,1000007-B,Ecuaciones Diferenciales,(7) Grupo 7,40
2026-08-08T15:20+00:00,1000007-B,Ecuaciones Diferenciales,(9) Grupo 9,0
2026-08-08T15:20+00:00,2026134,Estática,(1) Grupo 1,0
2026-08-08T15:20+00:00,2026134,Estática,(2) Grupo 2,30
2026-08-08T15:20+00:00,2026134,Estática,(3) Grupo 3,30
2026-08-08T15:20+00:00,2026134,Estática,(4) Grupo 4,30
2026-08-08T15:20+00:00,2026134,Estática,(5) Grupo 5,30
2026-08-08T15:20+00:00,2026134,Estática,(6) Grupo 6,30
2026-08-08T15:20+00:00,2015954,Estructuras hidráulicas,(1) Grupo 1,30
2026-08-08T15:20+00:00,2015954,Estructuras hidráulicas,(2) Grupo 2,30
2026-08-08T15:20+00:00,2015954,Estructuras hidráulicas,(3) Grupo 3,30
2026-08-08T15:20+00:00,2015955,Fundamentos de construcción,(1) Grupo 1,30
2026-08-08T15:20+00:00,2015955,Fundamentos de construcción,(2) Grupo 2,30
2026-08-08T15:20+00:00,2015955,Fundamentos de construcción,(3) Grupo 3,30
2026-08-08T15:20+00:00,1000011-B,Fundamentos de ecología,(1) Grupo 1,118
2026-08-08T15:20+00:00,1000011-B,Fundamentos de ecología,(3) Grupo 3,12
2026-08-08T15:20+00:00,1000019-B,Fundamentos de mecánica,(1) Grupo 1,35
2026-08-08T15:20+00:00,1000019-B,Fundamentos de mecánica,(10) Grupo 10,35
2026-08-08T15:20+00:00,1000019-B,Fundamentos de mecánica,(11) Grupo 11,35
2026-08-08T15:20+00:00,1000019-B,Fundamentos de mecánica,(12) Grupo 12,35
2026-08-08T15:20+00:00,1000019-B,Fundamentos de mecánica,(13) Grupo 13,35
2026-08-08T15:20+00:00,1000019-B,Fundamentos de mecánica,(14) Grupo 14,35
2026-08-08T15:20+00:00,1000019-B,Fundamentos de mecánica,(15) Grupo 15,32
2026-08-08T15:20+00:00,1000019-B,Fundamentos de mecánica,(16) Grupo 16,35
2026-08-08T15:20+00:00,1000019-B,Fundamentos de mecánica,(17) Grupo 17,34
2026-08-08T15:20+00:00,1000019-B,Fundamentos de mecánica,(18) Grupo 18,34
2026-08-08T15:20+00:00,1000019-B,Fundamentos de mecánica,(19) Grupo 19,32
2026-08-08T15:20+00:00,1000019-B,Fundamentos de mecánica,(2) Grupo 2,35
2026-08-08T15:20+00:00,1000019-B,Fundamentos de mecánica,(20) Grupo 20,35
2026-08-08T15:20+00:00,1000019-B,Fundamentos de mecánica,(21) Grupo 21,35
2026-08-08T15:20+00:00,1000019-B,Fundamentos de mecánica,(22) Grupo 22,35
2026-08-08T15:20+00:00,1000019-B,Fundamentos de mecánica,(23) Grupo 23,35
2026-08-08T15:20+00:00,1000019-B,Fundamentos de mecánica,(24) Grupo 24,35
2026-08-08T15:20+00:00,1000019-B,Fundamentos de mecánica,(25) Grupo 25,45
2026-08-08T15:20+00:00,1000019-B,Fundamentos de mecánica,(26) Grupo 26 (VIRTUAL),50
2026-08-08T15:20+00:00,1000019-B,Fundamentos de mecánica,(27) Grupo 27 (VIRTUAL),50
2026-08-08T15:20+00:00,1000019-B,Fundamentos de mecánica,(28) Grupo 28 (VIRTUAL),50
2026-08-08T15:20+00:00,1000019-B,Fundamentos de mecánica,(29) Grupo 29 (VIRTUAL),50
2026-08-08T15:20+00:00,1000019-B,Fundamentos de mecánica,(3) Grupo 3,35
2026-08-08T15:20+00:00,1000019-B,Fundamentos de mecánica,(4) Grupo 4,35
2026-08-08T15:20+00:00,1000019-B,Fundamentos de mecánica,(5) Grupo 5,35
2026-08-08T15:20+00:00,1000019-B,Fundamentos de mecánica,(6) Grupo 6,35
2026-08-08T15:20+00:00,1000019-B,Fundamentos de mecánica,(7) Grupo 7,35
2026-08-08T15:20+00:00,1000019-B,Fundamentos de mecánica,(8) Grupo 8,35
2026-08-08T15:20+00:00,1000019-B,Fundamentos de mecánica,(9) Grupo 9,0
2026-08-08T15:20+00:00,1000019-B,Fundamentos de mecánica,(1) Grupo 1,35
2026-08-08T15:20+00:00,1000019-B,Fundamentos de mecánica,(10) Grupo 10,35
2026-08-08T15:20+00:00,1000019-B,Fundamentos de mecánica,(11) Grupo 11,35
2026-08-08T15:20+00:00,1000019-B,Fundamentos de mecánica,(12) Grupo 12,35
2026-08-08T15:20+00:00,1000019-B,Fundamentos de mecánica,(13) Grupo 13,35
2026-08-08T15:20+00:00,1000019-B,Fundamentos de mecánica,(14) Grupo 14,35
2026-08-08T15:20+00:00,1000019-B,Fundamentos de mecánica,(15) Grupo 15,32
2026-08-08T15:20+00:00,1000019-B,Fundamentos de mecánica,(16) Grupo 16,35
2026-08-08T15:20+00:00,1000019-B,Fundamentos de mecánica,(17) Grupo 17,34
2026-08-08T15:20+00:00,1000019-B,Fundamentos de mecánica,(18) Grupo 18,34
2026-08-08T15:20+00:00,1000019-B,Fundamentos de mecánica,(19) Grupo 19,32
2026-08-08T15:20+00:00,1000019-B,Fundamentos de mecánica,(2) Grupo 2,35
2026-08-08T15:20+00:00,1000019-B,Fundamentos de mecánica,(20) Grupo 20,35
2026-08-08T15:20+00:00,1000019-B,Fundamentos de mecánica,(21) Grupo 21,35
2026-08-08T15:20+00:00,1000019-B,Fundamentos de mecánica,(22) Grupo 22,35
2026-08-08T15:20+00:00,1000019-B,Fundamentos de mecánica,(23) Grupo 23,35
2026-08-08T15:20+00:00,1000019-B,Fundamentos de mecánica,(24) Grupo 24,35
2026-08-08T15:20+00:00,1000019-B,Fundamentos de mecánica,(25) Grupo 25,45
2026-08-08T15:20+00:00,1000019-B,Fundamentos de mecánica,(26) Grupo 26 (VIRTUAL),50
2026-08-08T15:20+00:00,1000019-B,Fundamentos de mecánica,(27) Grupo 27 (VIRTUAL),50
2026-08-08T15:20+00:00,1000019-B,Fundamentos de mecánica,(28) Grupo 28 (VIRTUAL),50
2026-08-08T15:20+00:00,1000019-B,Fundamentos de mecánica,(29) Grupo 29 (VIRTUAL),50
2026-08-08T15:20+00:00,1000019-B,Fundamentos de mecánica,(3) Grupo 3,35
2026-08-08T15:20+00:00,1000019-B,Fundamentos de mecánica,(4) Grupo 4,35
2026-08-08T15:20+00:00,1000019-B,Fundamentos de mecánica,(5) Grupo 5,35
2026-08-08T15:20+00:00,1000019-B,Fundamentos de mecánica,(6) Grupo 6,35
2026-08-08T15:20+00:00,1000019-B,Fundamentos de mecánica,(7) Grupo 7,35
2026-08-08T15:20+00:00,1000019-B,Fundamentos de mecánica,(8) Grupo 8,35
2026-08-08T15:20+00:00,1000019-B,Fundamentos de mecánica,(9) Grupo 9,10
2026-08-08T15:20+00:00,1000019-B,Fundamentos de mecánica,(16) Gruop 16,8
2026-08-08T15:20+00:00,1000019-B,Fundamentos de mecánica,(1) Grupo 1,35
2026-08-08T15:20+00:00,1000019-B,Fundamentos de mecánica,(10) Grupo 10,35
2026-08-08T15:20+00:00,1000019-B,Fundamentos de mecánica,(11) Grupo 11,35
2026-08-08T15:20+00:00,1000019-B,Fundamentos de mecánica,(12) Grupo 12,35
2026-08-08T15:20+00:00,1000019-B,Fundamentos de mecánica,(13) Grupo 13,35
2026-08-08T15:20+00:00,1000019-B,Fundamentos de mecánica,(14) Grupo 14,35
2026-08-08T15:20+00:00,1000019-B,Fundamentos de mecánica,(15) Grupo 15,32
2026-08-08T15:20+00:00,1000019-B,Fundamentos de mecánica,(17) Grupo 17,34
2026-08-08T15:20+00:00,1000019-B,Fundamentos de mecánica,(18) Grupo 18,34
2026-08-08T15:20+00:00,1000019-B,Fundamentos de mecánica,(19) Grupo 19,32
2026-08-08T15:20+00:00,1000019-B,Fundamentos de mecánica,(2) Grupo 2,35
2026-08-08T15:20+00:00,1000019-B,Fundamentos de mecánica,(20) Grupo 20,35
2026-08-08T15:20+00:00,1000019-B,Fundamentos de mecánica,(21) Grupo 21,35
2026-08-08T15:20+00:00,1000019-B,Fundamentos de mecánica,(22) Grupo 22,35
2026-08-08T15:20+00:00,1000019-B,Fundamentos de mecánica,(23) Grupo 23,35
2026-08-08T15:20+00:00,1000019-B,Fundamentos de mecánica,(24) Grupo 24,35
2026-08-08T15:20+00:00,1000019-B,Fundamentos de mecánica,(25) Grupo 25,45
2026-08-08T15:20+00:00,1000019-B,Fundamentos de mecánica,(26) Grupo 26 (VIRTUAL),50
2026-08-08T15:20+00:00,1000019-B,Fundamentos de mecánica,(27) Grupo 27 (VIRTUAL),50
2026-08-08T15:20+00:00,1000019-B,Fundamentos de mecánica,(28) Grupo 28 (VIRTUAL),50
2026-08-08T15:20+00:00,1000019-B,Fundamentos de mecánica,(29) Grupo 29 (VIRTUAL),50
2026-08-08T15:20+00:00,1000019-B,Fundamentos de mecánica,(3) Grupo 3,35
2026-08-08T15:20+00:00,1000019-B,Fundamentos de mecánica,(4) Grupo 4,35
2026-08-08T15:20+00:00,1000019-B,Fundamentos de mecánica,(5) Grupo 5,35
2026-08-08T15:20+00:00,1000019-B,Fundamentos de mecánica,(6) Grupo 6,35
2026-08-08T15:20+00:00,1000019-B,Fundamentos de mecánica,(7) Grupo 7,35
2026-08-08T15:20+00:00,1000019-B,Fundamentos de mecánica,(8) Grupo 8,35
2026-08-08T15:20+00:00,1000019-B,Fundamentos de mecánica,(9) Grupo 9,10
2026-08-08T15:20+00:00,2015956,Geología,(1) Grupo 1,35
2026-08-08T15:20+00:00,2015956,Geología,(2) Grupo 2,30
2026-08-08T15:20+00:00,2015956,Geología,(3) Grupo 3,30
2026-08-08T15:20+00:00,2015956,Geología,(4) Grupo 4,35
2026-08-08T15:20+00:00,2015957,Geomática Aplicada,(1) Grupo 1,30
2026-08-08T15:20+00:00,2015957,Geomática Aplicada,(2) Grupo 2,30
2026-08-08T15:20+00:00,2015957,Geomática Aplicada,(3) Grupo 3,30
2026-08-08T15:20+00:00,2015957,Geomática Aplicada,(4) Grupo 4,30
2026-08-08T15:20+00:00,2015958,Geomática básica,(1) Grupo 1,20
2026-08-08T15:20+00:00,2015958,Geomática básica,(2) Grupo 2,20
2026-08-08T15:20+00:00,2015958,Geomática básica,(3) Grupo 3,30
2026-08-08T15:20+00:00,2015958,Geomática básica,(4) Grupo 4,20
2026-08-08T15:20+00:00,2015958,Geomática básica,(5) Grupo 5,20
2026-08-08T15:20+00:00,2015958,Geomática básica,(6) Grupo 6,20
2026-08-08T15:20+00:00,2015958,Geomática básica,(7) Grupo 7,20
2026-08-08T15:20+00:00,2015958,Geomática básica,(8) Grupo 8,20
2026-08-08T15:20+00:00,2015958,Geomática básica,(9) Grupo 9,20
2026-08-08T15:20+00:00,2015958,Geomática básica,(1) Grupo 1,40
2026-08-08T15:20+00:00,2015958,Geomática básica,(3) Grupo 3,30
2026-08-08T15:20+00:00,2015958,Geomática básica,(4) Grupo 4,40
2026-08-08T15:20+00:00,2015958,Geomática básica,(6) Grupo 6,40
2026-08-08T15:20+00:00,2015958,Geomática básica,(8) Grupo 8,40
2026-08-08T15:20+00:00,2015959,Geotecnia,(1) Grupo 1,30
2026-08-08T15:20+00:00,2015959,Geotecnia,(2) Grupo 2,30
2026-08-08T15:20+00:00,2015959,Geotecnia,(3) Grupo 3,30
2026-08-08T15:20+00:00,2015959,Geotecnia,(4) Grupo 4,0
2026-08-08T15:20+00:00,2015961,Hidráulica básica,(1) Grupo 1,24
2026-08-08T15:20+00:00,2015961,Hidráulica básica,(2) Grupo 2,24
2026-08-08T15:20+00:00,2015961,Hidráulica básica,(3) Grupo 3,24
2026-08-08T15:20+00:00,2015961,Hidráulica básica,(4) Grupo 4,24
2026-08-08T15:20+00:00,2015961,Hidráulica básica,(5) Grupo 5,24
2026-08-08T15:20+00:00,2015961,Hidráulica básica,(6) Grupo 6,24
2026-08-08T15:20+00:00,2015978,Hidrología,(1) Grupo 1,0
2026-08-08T15:20+00:00,2015978,Hidrología,(2) Grupo 2,30
2026-08-08T15:20+00:00,2015978,Hidrología,(3) Grupo 3,30
2026-08-08T15:20+00:00,2015978,Hidrología,(4) Grupo 4,30
2026-08-08T15:20+00:00,2015978,Hidrología,(5) Grupo 5,30
2026-08-08T15:20+00:00,2026135,Ingeniería civil sostenible,(1) Grupo 1,25
2026-08-08T15:20+00:00,2026135,Ingeniería civil sostenible,(2) Grupo 2,25
2026-08-08T15:20+00:00,2026135,Ingeniería civil sostenible,(3) Grupo 3,25
2026-08-08T15:20+00:00,2015963,Ingeniería de Tránsito,(1) Grupo 1,30
2026-08-08T15:20+00:00,2015963,Ingeniería de Tránsito,(2) Grupo 2,30
2026-08-08T15:20+00:00,2015963,Ingeniería de Tránsito,(3) Grupo 3,30
2026-08-08T15:20+00:00,2026138,Ingenieria de transporte,(1) Grupo 1,30
2026-08-08T15:20+00:00,2026138,Ingenieria de transporte,(2) Grupo 2,30
2026-08-08T15:20+00:00,2026138,Ingenieria de transporte,(3) Grupo 3,30
2026-08-08T15:20+00:00,2015703,Ingeniería económica,(1) Grupo 1,40
2026-08-08T15:20+00:00,2015703,Ingeniería económica,(10) Grupo 10,30
2026-08-08T15:20+00:00,2015703,Ingeniería económica,(11) Grupo 11,30
2026-08-08T15:20+00:00,2015703,Ingeniería económica,(2) Grupo 2,40
2026-08-08T15:20+00:00,2015703,Ingeniería económica,(3) Grupo 3,40
2026-08-08T15:20+00:00,2015703,Ingeniería económica,(4) Grupo 4,30
2026-08-08T15:20+00:00,2015703,Ingeniería económica,(5) Grupo 5 - Virtual,60
2026-08-08T15:20+00:00,2015703,Ingeniería económica,(6) Grupo 6,40
2026-08-08T15:20+00:00,2015703,Ingeniería económica,(7) Grupo 7,20
2026-08-08T15:20+00:00,2015703,Ingeniería económica,(8) Grupo 8,40
2026-08-08T15:20+00:00,2015703,Ingeniería económica,(9) Grupo 9,35
2026-08-08T15:20+00:00,1000044-B,Inglés I- Semestral,(1) Grupo 1,26
2026-08-08T15:20+00:00,1000044-B,Inglés I- Semestral,(2) Grupo 2,26
2026-08-08T15:20+00:00,1000044-B,Inglés I- Semestral,(3) Grupo 3,26
2026-08-08T15:20+00:00,1000044-B,Inglés I- Semestral,(4) Grupo 4,26
2026-08-08T15:20+00:00,1000044-B,Inglés I- Semestral,(5) Grupo 5,26
2026-08-08T15:20+00:00,1000044-B,Inglés I- Semestral,(6) Grupo 6,26
2026-08-08T15:20+00:00,1000044-B,Inglés I- Semestral,(7) Grupo 7,26
2026-08-08T15:20+00:00,1000044-B,Inglés I- Semestral,(8) Grupo 8,26
2026-08-08T15:20+00:00,1000044-B,Inglés I- Semestral,(9) Grupo 9,7
2026-08-08T15:20+00:00,1000045-B,Inglés II - Semestral,(1) Grupo 1,10
2026-08-08T15:20+00:00,1000045-B,Inglés II - Semestral,(10) Grupo 10,26
2026-08-08T15:20+00:00,1000045-B,Inglés II - Semestral,(11) Grupo 11,26
2026-08-08T15:20+00:00,1000045-B,Inglés II - Semestral,(12) Grupo 12,26
2026-08-08T15:20+00:00,1000045-B,Inglés II - Semestral,(13) Grupo 13,26
2026-08-08T15:20+00:00,1000045-B,Inglés II - Semestral,(14) Grupo 14,26
2026-08-08T15:20+00:00,1000045-B,Inglés II - Semestral,(15) Grupo 15,26
2026-08-08T15:20+00:00,1000045-B,Inglés II - Semestral,(16) Grupo 16,26
2026-08-08T15:20+00:00,1000045-B,Inglés II - Semestral,(2) Grupo 2,26
2026-08-08T15:20+00:00,1000045-B,Inglés II - Semestral,(3) Grupo 3,26
2026-08-08T15:20+00:00,1000045-B,Inglés II - Semestral,(4) Grupo 4,26
2026-08-08T15:20+00:00,1000045-B,Inglés II - Semestral,(5) Grupo 5,26
2026-08-08T15:20+00:00,1000045-B,Inglés II - Semestral,(6) Grupo 6,26
2026-08-08T15:20+00:00,1000045-B,Inglés II - Semestral,(7) Grupo 7,26
2026-08-08T15:20+00:00,1000045-B,Inglés II - Semestral,(8) Grupo 8,26
2026-08-08T15:20+00:00,1000045-B,Inglés II - Semestral,(9) Grupo 9,15
2026-08-08T15:20+00:00,1000046-B,Inglés III - Semestral,(1) Grupo 1,26
2026-08-08T15:20+00:00,1000046-B,Inglés III - Semestral,(10) Grupo 10,26
2026-08-08T15:20+00:00,1000046-B,Inglés III - Semestral,(11) Grupo 11,26
2026-08-08T15:20+00:00,1000046-B,Inglés III - Semestral,(12) Grupo 12,26
2026-08-08T15:20+00:00,1000046-B,Inglés III - Semestral,(13) Grupo 13,26
2026-08-08T15:20+00:00,1000046-B,Inglés III - Semestral,(14) Grupo 14,26
2026-08-08T15:20+00:00,1000046-B,Inglés III - Semestral,(15) Grupo 15,26
2026-08-08T15:20+00:00,1000046-B,Inglés III - Semestral,(16) Grupo 16,26
2026-08-08T15:20+00:00,1000046-B,Inglés III - Semestral,(17) Grupo 17,26
2026-08-08T15:20+00:00,1000046-B,Inglés III - Semestral,(18) Grupo 18,26
2026-08-08T15:20+00:00,1000046-B,Inglés III - Semestral,(2) Grupo 2,26
2026-08-08T15:20+00:00,1000046-B,Inglés III - Semestral,(3) Grupo 3,26
2026-08-08T15:20+00:00,1000046-B,Inglés III - Semestral,(4) Grupo 4,26
2026-08-08T15:20+00:00,1000046-B,Inglés III - Semestral,(5) Grupo 5,26
2026-08-08T15:20+00:00,1000046-B,Inglés III - Semestral,(6) Grupo 6,26
2026-08-08T15:20+00:00,1000046-B,Inglés III - Semestral,(7) Grupo 7,26
2026-08-08T15:20+00:00,1000046-B,Inglés III - Semestral,(8) Grupo 8,26
2026-08-08T15:20+00:00,1000046-B,Inglés III - Semestral,(9) Grupo 9,10
2026-08-08T15:20+00:00,1000052-B,Inglés Intensivo I y II,(1) Grupo 1,28
2026-08-08T15:20+00:00,1000052-B,Inglés Intensivo I y II,(2) Grupo 2,28
2026-08-08T15:20+00:00,1000052-B,Inglés Intensivo I y II,(3) Grupo 3,28
2026-08-08T15:20+00:00,1000053-B,Inglés Intensivo III y IV,(1) Grupo 1,28
2026-08-08T15:20+00:00,1000053-B,Inglés Intensivo III y IV,(2) Grupo 2,28
2026-08-08T15:20+00:00,1000053-B,Inglés Intensivo III y IV,(3) Grupo 3,30
2026-08-08T15:20+00:00,1000053-B,Inglés Intensivo III y IV,(4) Grupo 4,30
2026-08-08T15:20+00:00,1000053-B,Inglés Intensivo III y IV,(5) Grupo 5,28
2026-08-08T15:20+00:00,1000053-B,Inglés Intensivo III y IV,(6) Grupo 6,28
2026-08-08T15:20+00:00,1000047-B,Inglés IV- Semestral,(1) Grupo 1,26
2026-08-08T15:20+00:00,1000047-B,Inglés IV- Semestral,(10) Grupo 10,26
2026-08-08T15:20+00:00,1000047-B,Inglés IV- Semestral,(11) Grupo 11,26
2026-08-08T15:20+00:00,1000047-B,Inglés IV- Semestral,(12) Grupo 12,26
2026-08-08T15:20+00:00,1000047-B,Inglés IV- Semestral,(13) Grupo 13,26
2026-08-08T15:20+00:00,1000047-B,Inglés IV- Semestral,(14) Grupo 14,26
2026-08-08T15:20+00:00,1000047-B,Inglés IV- Semestral,(15) Grupo 15,26
2026-08-08T15:20+00:00,1000047-B,Inglés IV- Semestral,(16) Grupo 16,26
2026-08-08T15:20+00:00,1000047-B,Inglés IV- Semestral,(17) Grupo 17,26
2026-08-08T15:20+00:00,1000047-B,Inglés IV- Semestral,(18) Grupo 18,26
2026-08-08T15:20+00:00,1000047-B,Inglés IV- Semestral,(19) Grupo 19,26
2026-08-08T15:20+00:00,1000047-B,Inglés IV- Semestral,(2) Grupo 2,26
2026-08-08T15:20+00:00,1000047-B,Inglés IV- Semestral,(20) Grupo 20,26
2026-08-08T15:20+00:00,1000047-B,Inglés IV- Semestral,(21) Grupo 21,26
2026-08-08T15:20+00:00,1000047-B,Inglés IV- Semestral,(22) Grupo 22,26
2026-08-08T15:20+00:00,1000047-B,Inglés IV- Semestral,(3) Grupo 3,26
2026-08-08T15:20+00:00,1000047-B,Inglés IV- Semestral,(4) Grupo 4,26
2026-08-08T15:20+00:00,1000047-B,Inglés IV- Semestral,(5) Grupo 5,26
2026-08-08T15:20+00:00,1000047-B,Inglés IV- Semestral,(6) Grupo 6,26
2026-08-08T15:20+00:00,1000047-B,Inglés IV- Semestral,(7) Grupo 7,26
2026-08-08T15:20+00:00,1000047-B,Inglés IV- Semestral,(8) Grupo 8,26
2026-08-08T15:20+00:00,1000047-B,Inglés IV- Semestral,(9) Grupo 9,15
2026-08-08T15:20+00:00,2026186,Introducción a la ingeniería civil,(1) Grupo 1,7
2026-08-08T15:20+00:00,2026186,Introducción a la ingeniería civil,(2) Grupo 2,0
2026-08-08T15:20+00:00,2026186,Introducción a la ingeniería civil,(4) Grupo 4,10
2026-08-08T15:20+00:00,1000002-B,Lecto-Escritura,(1) Grupo 1 - Clase Presencial,1
2026-08-08T15:20+00:00,1000002-B,Lecto-Escritura,(10) Grupo 10 - Clase presencial,0
2026-08-08T15:20+00:00,1000002-B,Lecto-Escritura,(2) Grupo 2 - Clase Presencial,0
2026-08-08T15:20+00:00,1000002-B,Lecto-Escritura,(3) Grupo 3 - Clase Presencial,0
2026-08-08T15:20+00:00,1000002-B,Lecto-Escritura,(4) Grupo 4 - Clase Presencial,0
2026-08-08T15:20+00:00,1000002-B,Lecto-Escritura,(5) Grupo 5 - Clase Presencial,0
2026-08-08T15:20+00:00,1000002-B,Lecto-Escritura,(6) Grupo 6 - Clase Presencial,0
2026-08-08T15:20+00:00,1000002-B,Lecto-Escritura,(7) Grupo 7 - Clase Presencial,0
2026-08-08T15:20+00:00,1000002-B,Lecto-Escritura,(8) Grupo 8 - Clase Presencial,0
2026-08-08T15:20+00:00,1000002-B,Lecto-Escritura,(9) Grupo 9 - Clase Presencial,10
2026-08-08T15:20+00:00,1000001-B,Matemáticas Básicas,(1) Grupo 1,0
2026-08-08T15:20+00:00,1000001-B,Matemáticas Básicas,(19) Grupo 19,5
2026-08-08T15:20+00:00,1000001-B,Matemáticas Básicas,(2) Grupo 2,10
2026-08-08T15:20+00:00,1000001-B,Matemáticas Básicas,(1) Grupo 1,0
2026-08-08T15:20+00:00,1000001-B,Matemáticas Básicas,(10) Grupo 10,0
2026-08-08T15:20+00:00,1000001-B,Matemáticas Básicas,(2) Grupo 2,0
2026-08-08T15:20+00:00,1000001-B,Matemáticas Básicas,(3) Grupo 3,0
2026-08-08T15:20+00:00,1000001-B,Matemáticas Básicas,(4) Grupo 4,0
2026-08-08T15:20+00:00,1000001-B,Matemáticas Básicas,(5) Grupo 5,0
2026-08-08T15:20+00:00,1000001-B,Matemáticas Básicas,(6) Grupo 6,0
2026-08-08T15:20+00:00,1000001-B,Matemáticas Básicas,(7) Grupo 7,0
2026-08-08T15:20+00:00,1000001-B,Matemáticas Básicas,(8) Grupo 8,0
2026-08-08T15:20+00:00,1000001-B,Matemáticas Básicas,(9) Grupo 9,10
2026-08-08T15:20+00:00,2015965,Materiales para construcción,(1) Grupo 1,24
2026-08-08T15:20+00:00,2015965,Materiales para construcción,(2) Grupo 2,24
2026-08-08T15:20+00:00,2015965,Materiales para construcción,(3) Grupo 3,24
2026-08-08T15:20+00:00,2015965,Materiales para construcción,(4) Grupo 4,24
2026-08-08T15:20+00:00,2015966,Mecánica de fluidos,(1) Grupo 1,24
2026-08-08T15:20+00:00,2015966,Mecánica de fluidos,(2) Grupo 2,24
2026-08-08T15:20+00:00,2015966,Mecánica de fluidos,(3) Grupo 3,24
2026-08-08T15:20+00:00,2015966,Mecánica de fluidos,(4) Grupo 4,24
2026-08-08T15:20+00:00,2015966,Mecánica de fluidos,(5) Grupo 5,24
2026-08-08T15:20+00:00,2015966,Mecánica de fluidos,(6) Grupo 6,24
2026-08-08T15:20+00:00,2015966,Mecánica de fluidos,(7) Grupo 7,24
2026-08-08T15:20+00:00,2015966,Mecánica de fluidos,(8) Grupo 8,24
2026-08-08T15:20+00:00,2015967,Mecánica de Rocas,(1) Grupo 1,24
2026-08-08T15:20+00:00,2015968,Mecánica de sólidos,(1) Grupo 1,24
2026-08-08T15:20+00:00,2015968,Mecánica de sólidos,(2) Grupo 2,24
2026-08-08T15:20+00:00,2015968,Mecánica de sólidos,(3) Grupo 3,24
2026-08-08T15:20+00:00,2015968,Mecánica de sólidos,(4) Grupo 4,24
2026-08-08T15:20+00:00,2015968,Mecánica de sólidos,(5) Grupo 5,24
2026-08-08T15:20+00:00,2015968,Mecánica de sólidos,(6) Grupo 6,24
2026-08-08T15:20+00:00,2015968,Mecánica de sólidos,(7) Grupo 7,0
2026-08-08T15:20+00:00,2015969,Mecánica de suelos,(1) Grupo 1 (Inglés),30
2026-08-08T15:20+00:00,2015969,Mecánica de suelos,(2) Grupo 2,30
2026-08-08T15:20+00:00,2015969,Mecánica de suelos,(3) Grupo 3,30
2026-08-08T15:20+00:00,2015969,Mecánica de suelos,(4) Grupo 4,30
2026-08-08T15:20+00:00,2015970,Métodos numéricos,(4) Grupo 4,30
2026-08-08T15:20+00:00,2015970,Métodos numéricos,(5) Grupo 5,45
2026-08-08T15:20+00:00,2015970,Métodos numéricos,(8) Grupo 8,30
2026-08-08T15:20+00:00,2015970,Métodos numéricos,(9) Grupo 9,45
2026-08-08T15:20+00:00,2017293,Modelación matemática,(1) 2017293-1 Modelación matemática,34
2026-08-08T15:20+00:00,2017293,Modelación matemática,(2) 2017293-2 Modelación matemática,34
2026-08-08T15:20+00:00,2017293,Modelación matemática,(1M) 2017293-1M Modelación matemática - Magistral,80
2026-08-08T15:20+00:00,2015971,Pavimentos,(1) Grupo 1,30
2026-08-08T15:20+00:00,2015971,Pavimentos,(2) Grupo 2,30
2026-08-08T15:20+00:00,2015971,Pavimentos,(3) Grupo 3,30
2026-08-08T15:20+00:00,2015972,Preparación y evaluación de proyectos de infraestructura,(1) Grupo 1,15
2026-08-08T15:20+00:00,2015972,Preparación y evaluación de proyectos de infraestructura,(2) Grupo 2,15
2026-08-08T15:20+00:00,2015972,Preparación y evaluación de proyectos de infraestructura,(3) Grupo 3,15
2026-08-08T15:20+00:00,1000024-B,Principios de química,(12) Grupo 12,0
2026-08-08T15:20+00:00,1000024-B,Principios de química,(13) Grupo 13,0
2026-08-08T15:20+00:00,1000024-B,Principios de química,(14) Grupo 14,10
2026-08-08T15:20+00:00,1000013-B,Probabilidad y estadística fundamental,(1) Grupo 1,0
2026-08-08T15:20+00:00,1000013-B,Probabilidad y estadística fundamental,(10) Grupo 10,35
2026-08-08T15:20+00:00,1000013-B,Probabilidad y estadística fundamental,(11) Grupo 11,40
2026-08-08T15:20+00:00,1000013-B,Probabilidad y estadística fundamental,(12) Grupo 12,40
2026-08-08T15:20+00:00,1000013-B,Probabilidad y estadística fundamental,(13) Grupo 13,30
2026-08-08T15:20+00:00,1000013-B,Probabilidad y estadística fundamental,(14) Grupo 14,45
2026-08-08T15:20+00:00,1000013-B,Probabilidad y estadística fundamental,(16) Grupo 16,30
2026-08-08T15:20+00:00,1000013-B,Probabilidad y estadística fundamental,(2) Grupo 2,40
2026-08-08T15:20+00:00,1000013-B,Probabilidad y estadística fundamental,(22) Grupo 22,45
2026-08-08T15:20+00:00,1000013-B,Probabilidad y estadística fundamental,(23) Grupo 23,0
2026-08-08T15:20+00:00,1000013-B,Probabilidad y estadística fundamental,(3) Grupo 3,40
2026-08-08T15:20+00:00,1000013-B,Probabilidad y estadística fundamental,(4) Grupo 4,40
2026-08-08T15:20+00:00,1000013-B,Probabilidad y estadística fundamental,(5) Grupo 5,35
2026-08-08T15:20+00:00,1000013-B,Probabilidad y estadística fundamental,(6) Grupo 6,35
2026-08-08T15:20+00:00,1000013-B,Probabilidad y estadística fundamental,(7) Grupo 7,40
2026-08-08T15:20+00:00,2015734,Programación de computadores,(1) Grupo 1,6
2026-08-08T15:20+00:00,2015734,Programación de computadores,(10) Grupo 10,4
2026-08-08T15:20+00:00,2015734,Programación de computadores,(11) Grupo 11,0
2026-08-08T15:20+00:00,2015734,Programación de computadores,(12) Grupo 12,1
2026-08-08T15:20+00:00,2015734,Programación de computadores,(13) Grupo 13,4
2026-08-08T15:20+00:00,2015734,Programación de computadores,(14) Grupo 14,0
2026-08-08T15:20+00:00,2015734,Programación de computadores,(2) Grupo 2,16
2026-08-08T15:20+00:00,2015734,Programación de computadores,(3) Grupo 3,0
2026-08-08T15:20+00:00,2015734,Programación de computadores,(4) Grupo 4,0
2026-08-08T15:20+00:00,2015734,Programación de computadores,(5) Grupo 5,0
2026-08-08T15:20+00:00,2015734,Programación de computadores,(6) Grupo 6,8
2026-08-08T15:20+00:00,2015734,Programación de computadores,(7) Grupo 7,3
2026-08-08T15:20+00:00,2015734,Programación de computadores,(8) Grupo 8 - Virtual,30
2026-08-08T15:20+00:00,2015734,Programación de computadores,(9) Grupo 9,18
2026-08-08T15:20+00:00,2015973,Saneamiento ambiental,(1) Grupo 1,25
2026-08-08T15:20+00:00,2015973,Saneamiento ambiental,(2) Grupo 2,25
2026-08-08T15:20+00:00,2015973,Saneamiento ambiental,(3) Grupo 3,25
2026-08-08T15:20+00:00,2022761,SIG para Ingeniería Civil,(1) Grupo 1,15
2026-08-08T15:20+00:00,2022761,SIG para Ingeniería Civil,(2) Grupo 2,15
2026-08-08T15:20+00:00,2022761,SIG para Ingeniería Civil,(3) Grupo 3,15
2026-08-08T15:20+00:00,2015296,Trabajo de Grado,(1) Grupo 1,5
2026-08-08T15:20+00:00,2015296,Trabajo de Grado,(10) Grupo 10,5
2026-08-08T15:20+00:00,2015296,Trabajo de Grado,(11) Grupo 11,5
2026-08-08T15:20+00:00,2015296,Trabajo de Grado,(12) Grupo 12,5
2026-08-08T15:20+00:00,2015296,Trabajo de Grado,(13) Grupo 13,5
2026-08-08T15:20+00:00,2015296,Trabajo de Grado,(14) Grupo 14,5
2026-08-08T15:20+00:00,2015296,Trabajo de Grado,(15) Grupo 15,5
2026-08-08T15:20+00:00,2015296,Trabajo de Grado,(16) Grupo 16,5
2026-08-08T15:20+00:00,2015296,Trabajo de Grado,(17) Grupo 17,5
2026-08-08T15:20+00:00,2015296,Trabajo de Grado,(18) Grupo 18,5
2026-08-08T15:20+00:00,2015296,Trabajo de Grado,(19) Grupo 19,0
2026-08-08T15:20+00:00,2015296,Trabajo de Grado,(2) Grupo 2,5
2026-08-08T15:20+00:00,2015296,Trabajo de Grado,(3) Grupo 3,5
2026-08-08T15:20+00:00,2015296,Trabajo de Grado,(4) Grupo 4,5
2026-08-08T15:20+00:00,2015296,Trabajo de Grado,(5) Grupo 5,5
2026-08-08T15:20+00:00,2015296,Trabajo de Grado,(6) Grupo 6,5
2026-08-08T15:20+00:00,2015296,Trabajo de Grado,(7) Grupo 7,5
2026-08-08T15:20+00:00,2015296,Trabajo de Grado,(8) Grupo 8,5
2026-08-08T15:20+00:00,2015296,Trabajo de Grado,(9) Grupo 9,5
2026-08-08T16:21+00:00,2015938,Acueductos,(1) Grupo 1,25
2026-08-08T16:21+00:00,2015938,Acueductos,(2) Grupo 2,25
2026-08-08T16:21+00:00,2015938,Acueductos,(3) Grupo 3,25
2026-08-08T16:21+00:00,2015938,Acueductos,(4) Grupo 4,24
2026-08-08T16:21+00:00,2015939,Alcantarillados,(1) Grupo 1,25
2026-08-08T16:21+00:00,2015939,Alcantarillados,(2) Grupo 2,25
2026-08-08T16:21+00:00,2015939,Alcantarillados,(3) Grupo 3,25
2026-08-08T16:21+00:00,2015939,Alcantarillados,(4) Grupo 4,25
2026-08-08T16:21+00:00,2015940,Análisis estructural aplicado,(1) Grupo 1,24
2026-08-08T16:21+00:00,2015940,Análisis estructural aplicado,(2) Grupo 2,24
2026-08-08T16:21+00:00,2015940,Análisis estructural aplicado,(3) Grupo 3,24
2026-08-08T16:21+00:00,2015941,Análisis estructural básico,(1) Grupo 1,30
2026-08-08T16:21+00:00,2015941,Análisis estructural básico,(2) Grupo 2,30
2026-08-08T16:21+00:00,2015941,Análisis estructural básico,(3) Grupo 3,30
2026-08-08T16:21+00:00,2015941,Análisis estructural básico,(4) Grupo 4,30
2026-08-08T16:21+00:00,1000004-B,Cálculo diferencial,(10) Grupo 10,53
2026-08-08T16:21+00:00,1000004-B,Cálculo diferencial,(11) Grupo 11,24
2026-08-08T16:21+00:00,1000004-B,Cálculo diferencial,(12) Grupo 12,24
2026-08-08T16:21+00:00,1000004-B,Cálculo diferencial,(13) Grupo 13,16
2026-08-08T16:21+00:00,1000004-B,Cálculo diferencial,(14) Grupo 14,90
2026-08-08T16:21+00:00,1000004-B,Cálculo diferencial,(16) Grupo 16,27
2026-08-08T16:21+00:00,1000004-B,Cálculo diferencial,(17) Grupo 17,39
2026-08-08T16:21+00:00,1000004-B,Cálculo diferencial,(19) Grupo 19,59
2026-08-08T16:21+00:00,1000004-B,Cálculo diferencial,(2) Grupo 2,24
2026-08-08T16:21+00:00,1000004-B,Cálculo diferencial,(20) Grupo 20,10
2026-08-08T16:21+00:00,1000004-B,Cálculo diferencial,(21) Grupo 21,60
2026-08-08T16:21+00:00,1000004-B,Cálculo diferencial,(22) Grupo 22,60
2026-08-08T16:21+00:00,1000004-B,Cálculo diferencial,(24) Grupo 24,60
2026-08-08T16:21+00:00,1000004-B,Cálculo diferencial,(25) Grupo 25,40
2026-08-08T16:21+00:00,1000004-B,Cálculo diferencial,(27) Grupo 27,51
2026-08-08T16:21+00:00,1000004-B,Cálculo diferencial,(28) Grupo 28,60
2026-08-08T16:21+00:00,1000004-B,Cálculo diferencial,(29) Grupo 29,60
2026-08-08T16:21+00:00,1000004-B,Cálculo diferencial,(30) Grupo 30,60
2026-08-08T16:21+00:00,1000004-B,Cálculo diferencial,(32) Grupo 32,90
2026-08-08T16:21+00:00,1000004-B,Cálculo diferencial,(4) Grupo 4,37
2026-08-08T16:21+00:00,1000004-B,Cálculo diferencial,(5) Grupo 5,84
2026-08-08T16:21+00:00,1000004-B,Cálculo diferencial,(7) Grupo 7,64
2026-08-08T16:21+00:00,1000004-B,Cálculo diferencial,(8) Grupo 8,40
2026-08-08T16:21+00:00,1000004-B,Cálculo diferencial,(9) Grupo 9,18
2026-08-08T16:21+00:00,1000006-B,Cálculo en varias variables,(1) Grupo 1,40
2026-08-08T16:21+00:00,1000006-B,Cálculo en varias variables,(10) Grupo 10,100
2026-08-08T16:21+00:00,1000006-B,Cálculo en varias variables,(11) Grupo 11,40
2026-08-08T16:21+00:00,1000006-B,Cálculo en varias variables,(12) Grupo 12,60
2026-08-08T16:21+00:00,1000006-B,Cálculo en varias variables,(13) Grupo 13,40
2026-08-08T16:21+00:00,1000006-B,Cálculo en varias variables,(14) Grupo 14,60
2026-08-08T16:21+00:00,1000006-B,Cálculo en varias variables,(15) Grupo 15,112
2026-08-08T16:21+00:00,1000006-B,Cálculo en varias variables,(2) Grupo 2,40
2026-08-08T16:21+00:00,1000006-B,Cálculo en varias variables,(3) Grupo 3,40
2026-08-08T16:21+00:00,1000006-B,Cálculo en varias variables,(4) Grupo 4,100
2026-08-08T16:21+00:00,1000006-B,Cálculo en varias variables,(5) Grupo 5,40
2026-08-08T16:21+00:00,1000006-B,Cálculo en varias variables,(7) Grupo 7,70
2026-08-08T16:21+00:00,1000006-B,Cálculo en varias variables,(8) Grupo 8,60
2026-08-08T16:21+00:00,1000006-B,Cálculo en varias variables,(9) Grupo 9,0
2026-08-08T16:21+00:00,1000005-B,Cálculo Integral,(1) Grupo 1,0
2026-08-08T16:21+00:00,1000005-B,Cálculo Integral,(10) Grupo 10,50
2026-08-08T16:21+00:00,1000005-B,Cálculo Integral,(14) Grupo 14,40
2026-08-08T16:21+00:00,1000005-B,Cálculo Integral,(15) Grupo 15,60
2026-08-08T16:21+00:00,1000005-B,Cálculo Integral,(16) Grupo 16,70
2026-08-08T16:21+00:00,1000005-B,Cálculo Integral,(17) Grupo 17,40
2026-08-08T16:21+00:00,1000005-B,Cálculo Integral,(2) Grupo 2,60
2026-08-08T16:21+00:00,1000005-B,Cálculo Integral,(20) Grupo 20,40
2026-08-08T16:21+00:00,1000005-B,Cálculo Integral,(22) Grupo 22,60
2026-08-08T16:21+00:00,1000005-B,Cálculo Integral,(3) Grupo 3,70
2026-08-08T16:21+00:00,1000005-B,Cálculo Integral,(4) Grupo 4,60
2026-08-08T16:21+00:00,1000005-B,Cálculo Integral,(6) Grupo 6,60
2026-08-08T16:21+00:00,1000005-B,Cálculo Integral,(7) Grupo 7,100
2026-08-08T16:21+00:00,1000005-B,Cálculo Integral,(8) Grupo 8,40
2026-08-08T16:21+00:00,1000005-B,Cálculo Integral,(9) Grupo 9,10
2026-08-08T16:21+00:00,2015943,Construcción de edificaciones,(1) Grupo 1,15
2026-08-08T16:21+00:00,2015944,Construcción de Infraestructura Vial,(1) Grupo 1,15
2026-08-08T16:21+00:00,2015711,Dibujo básico,(10) 2015711-10 Dibujo básico,0
2026-08-08T16:21+00:00,2015711,Dibujo básico,(11) 2015711-11 Dibujo básico,0
2026-08-08T16:21+00:00,2015711,Dibujo básico,(14) 2015711-14 Dibujo básico,0
2026-08-08T16:21+00:00,2015711,Dibujo básico,(16) 2015711-16 Dibujo básico,0
2026-08-08T16:21+00:00,2015711,Dibujo básico,(4) 2015711-4 Dibujo básico,9
2026-08-08T16:21+00:00,2015711,Dibujo básico,(5) 2015711-5 Dibujo básico,0
2026-08-08T16:21+00:00,2015711,Dibujo básico,(7) 2015711-7 Dibujo básico,20
2026-08-08T16:21+00:00,2015711,Dibujo básico,(8) 2015711-8 Dibujo básico,0
2026-08-08T16:21+00:00,2015711,Dibujo básico,(9) 2015711-9 Dibujo básico,0
2026-08-08T16:21+00:00,2015948,Dinámica,(1) Grupo 1,30
2026-08-08T16:21+00:00,2015948,Dinámica,(2) Grupo 2,30
2026-08-08T16:21+00:00,2015948,Dinámica,(3) Grupo 3,30
2026-08-08T16:21+00:00,2015950,Diseño estructural,(1) Grupo 1,25
2026-08-08T16:21+00:00,2015950,Diseño estructural,(2) Grupo 2,0
2026-08-08T16:21+00:00,2015950,Diseño estructural,(3) Grupo 3,25
2026-08-08T16:21+00:00,2015950,Diseño estructural,(4) Grupo 4,25
2026-08-08T16:21+00:00,2015950,Diseño estructural,(5) Grupo 5,25
2026-08-08T16:21+00:00,2015949,Diseño geométrico de Vías,(1) Grupo 1,30
2026-08-08T16:21+00:00,2015949,Diseño geométrico de Vías,(2) Grupo 2,30
2026-08-08T16:21+00:00,2015949,Diseño geométrico de Vías,(3) Grupo 3,30
2026-08-08T16:21+00:00,1000007-B,Ecuaciones Diferenciales,(1) Grupo 1,60
2026-08-08T16:21+00:00,1000007-B,Ecuaciones Diferenciales,(11) Grupo 11,60
2026-08-08T16:21+00:00,1000007-B,Ecuaciones Diferenciales,(12) Grupo 12,60
2026-08-08T16:21+00:00,1000007-B,Ecuaciones Diferenciales,(13) Grupo 13,40
2026-08-08T16:21+00:00,1000007-B,Ecuaciones Diferenciales,(14) Grupo 14,100
2026-08-08T16:21+00:00,1000007-B,Ecuaciones Diferenciales,(3) Grupo 3,40
2026-08-08T16:21+00:00,1000007-B,Ecuaciones Diferenciales,(4) Grupo 4,60
2026-08-08T16:21+00:00,1000007-B,Ecuaciones Diferenciales,(6) Grupo 6,50
2026-08-08T16:21+00:00,1000007-B,Ecuaciones Diferenciales,(7) Grupo 7,40
2026-08-08T16:21+00:00,1000007-B,Ecuaciones Diferenciales,(9) Grupo 9,0
2026-08-08T16:21+00:00,2026134,Estática,(1) Grupo 1,0
2026-08-08T16:21+00:00,2026134,Estática,(2) Grupo 2,30
2026-08-08T16:21+00:00,2026134,Estática,(3) Grupo 3,30
2026-08-08T16:21+00:00,2026134,Estática,(4) Grupo 4,30
2026-08-08T16:21+00:00,2026134,Estática,(5) Grupo 5,30
2026-08-08T16:21+00:00,2026134,Estática,(6) Grupo 6,30
2026-08-08T16:21+00:00,2015954,Estructuras hidráulicas,(1) Grupo 1,30
2026-08-08T16:21+00:00,2015954,Estructuras hidráulicas,(2) Grupo 2,30
2026-08-08T16:21+00:00,2015954,Estructuras hidráulicas,(3) Grupo 3,30
2026-08-08T16:21+00:00,2015955,Fundamentos de construcción,(1) Grupo 1,30
2026-08-08T16:21+00:00,2015955,Fundamentos de construcción,(2) Grupo 2,30
2026-08-08T16:21+00:00,2015955,Fundamentos de construcción,(3) Grupo 3,30
2026-08-08T16:21+00:00,1000011-B,Fundamentos de ecología,(1) Grupo 1,118
2026-08-08T16:21+00:00,1000011-B,Fundamentos de ecología,(3) Grupo 3,12
2026-08-08T16:21+00:00,1000019-B,Fundamentos de mecánica,(1) Grupo 1,35
2026-08-08T16:21+00:00,1000019-B,Fundamentos de mecánica,(10) Grupo 10,35
2026-08-08T16:21+00:00,1000019-B,Fundamentos de mecánica,(11) Grupo 11,35
2026-08-08T16:21+00:00,1000019-B,Fundamentos de mecánica,(12) Grupo 12,35
2026-08-08T16:21+00:00,1000019-B,Fundamentos de mecánica,(13) Grupo 13,35
2026-08-08T16:21+00:00,1000019-B,Fundamentos de mecánica,(14) Grupo 14,35
2026-08-08T16:21+00:00,1000019-B,Fundamentos de mecánica,(15) Grupo 15,32
2026-08-08T16:21+00:00,1000019-B,Fundamentos de mecánica,(16) Grupo 16,35
2026-08-08T16:21+00:00,1000019-B,Fundamentos de mecánica,(17) Grupo 17,34
2026-08-08T16:21+00:00,1000019-B,Fundamentos de mecánica,(18) Grupo 18,34
2026-08-08T16:21+00:00,1000019-B,Fundamentos de mecánica,(19) Grupo 19,32
2026-08-08T16:21+00:00,1000019-B,Fundamentos de mecánica,(2) Grupo 2,35
2026-08-08T16:21+00:00,1000019-B,Fundamentos de mecánica,(20) Grupo 20,35
2026-08-08T16:21+00:00,1000019-B,Fundamentos de mecánica,(21) Grupo 21,35
2026-08-08T16:21+00:00,1000019-B,Fundamentos de mecánica,(22) Grupo 22,35
2026-08-08T16:21+00:00,1000019-B,Fundamentos de mecánica,(23) Grupo 23,35
2026-08-08T16:21+00:00,1000019-B,Fundamentos de mecánica,(24) Grupo 24,35
2026-08-08T16:21+00:00,1000019-B,Fundamentos de mecánica,(25) Grupo 25,45
2026-08-08T16:21+00:00,1000019-B,Fundamentos de mecánica,(26) Grupo 26 (VIRTUAL),50
2026-08-08T16:21+00:00,1000019-B,Fundamentos de mecánica,(27) Grupo 27 (VIRTUAL),50
2026-08-08T16:21+00:00,1000019-B,Fundamentos de mecánica,(28) Grupo 28 (VIRTUAL),50
2026-08-08T16:21+00:00,1000019-B,Fundamentos de mecánica,(29) Grupo 29 (VIRTUAL),50
2026-08-08T16:21+00:00,1000019-B,Fundamentos de mecánica,(3) Grupo 3,35
2026-08-08T16:21+00:00,1000019-B,Fundamentos de mecánica,(4) Grupo 4,35
2026-08-08T16:21+00:00,1000019-B,Fundamentos de mecánica,(5) Grupo 5,35
2026-08-08T16:21+00:00,1000019-B,Fundamentos de mecánica,(6) Grupo 6,35
2026-08-08T16:21+00:00,1000019-B,Fundamentos de mecánica,(7) Grupo 7,35
2026-08-08T16:21+00:00,1000019-B,Fundamentos de mecánica,(8) Grupo 8,35
2026-08-08T16:21+00:00,1000019-B,Fundamentos de mecánica,(9) Grupo 9,0
2026-08-08T16:21+00:00,1000019-B,Fundamentos de mecánica,(1) Grupo 1,35
2026-08-08T16:21+00:00,1000019-B,Fundamentos de mecánica,(10) Grupo 10,35
2026-08-08T16:21+00:00,1000019-B,Fundamentos de mecánica,(11) Grupo 11,35
2026-08-08T16:21+00:00,1000019-B,Fundamentos de mecánica,(12) Grupo 12,35
2026-08-08T16:21+00:00,1000019-B,Fundamentos de mecánica,(13) Grupo 13,35
2026-08-08T16:21+00:00,1000019-B,Fundamentos de mecánica,(14) Grupo 14,35
2026-08-08T16:21+00:00,1000019-B,Fundamentos de mecánica,(15) Grupo 15,32
2026-08-08T16:21+00:00,1000019-B,Fundamentos de mecánica,(16) Grupo 16,35
2026-08-08T16:21+00:00,1000019-B,Fundamentos de mecánica,(17) Grupo 17,34
2026-08-08T16:21+00:00,1000019-B,Fundamentos de mecánica,(18) Grupo 18,34
2026-08-08T16:21+00:00,1000019-B,Fundamentos de mecánica,(19) Grupo 19,32
2026-08-08T16:21+00:00,1000019-B,Fundamentos de mecánica,(2) Grupo 2,35
2026-08-08T16:21+00:00,1000019-B,Fundamentos de mecánica,(20) Grupo 20,35
2026-08-08T16:21+00:00,1000019-B,Fundamentos de mecánica,(21) Grupo 21,35
2026-08-08T16:21+00:00,1000019-B,Fundamentos de mecánica,(22) Grupo 22,35
2026-08-08T16:21+00:00,1000019-B,Fundamentos de mecánica,(23) Grupo 23,35
2026-08-08T16:21+00:00,1000019-B,Fundamentos de mecánica,(24) Grupo 24,35
2026-08-08T16:21+00:00,1000019-B,Fundamentos de mecánica,(25) Grupo 25,45
2026-08-08T16:21+00:00,1000019-B,Fundamentos de mecánica,(26) Grupo 26 (VIRTUAL),50
2026-08-08T16:21+00:00,1000019-B,Fundamentos de mecánica,(27) Grupo 27 (VIRTUAL),50
2026-08-08T16:21+00:00,1000019-B,Fundamentos de mecánica,(28) Grupo 28 (VIRTUAL),50
2026-08-08T16:21+00:00,1000019-B,Fundamentos de mecánica,(29) Grupo 29 (VIRTUAL),50
2026-08-08T16:21+00:00,1000019-B,Fundamentos de mecánica,(3) Grupo 3,35
2026-08-08T16:21+00:00,1000019-B,Fundamentos de mecánica,(4) Grupo 4,35
2026-08-08T16:21+00:00,1000019-B,Fundamentos de mecánica,(5) Grupo 5,35
2026-08-08T16:21+00:00,1000019-B,Fundamentos de mecánica,(6) Grupo 6,35
2026-08-08T16:21+00:00,1000019-B,Fundamentos de mecánica,(7) Grupo 7,35
2026-08-08T16:21+00:00,1000019-B,Fundamentos de mecánica,(8) Grupo 8,35
2026-08-08T16:21+00:00,1000019-B,Fundamentos de mecánica,(9) Grupo 9,10
2026-08-08T16:21+00:00,1000019-B,Fundamentos de mecánica,(16) Gruop 16,8
2026-08-08T16:21+00:00,1000019-B,Fundamentos de mecánica,(1) Grupo 1,35
2026-08-08T16:21+00:00,1000019-B,Fundamentos de mecánica,(10) Grupo 10,35
2026-08-08T16:21+00:00,1000019-B,Fundamentos de mecánica,(11) Grupo 11,35
2026-08-08T16:21+00:00,1000019-B,Fundamentos de mecánica,(12) Grupo 12,35
2026-08-08T16:21+00:00,1000019-B,Fundamentos de mecánica,(13) Grupo 13,35
2026-08-08T16:21+00:00,1000019-B,Fundamentos de mecánica,(14) Grupo 14,35
2026-08-08T16:21+00:00,1000019-B,Fundamentos de mecánica,(15) Grupo 15,32
2026-08-08T16:21+00:00,1000019-B,Fundamentos de mecánica,(17) Grupo 17,34
2026-08-08T16:21+00:00,1000019-B,Fundamentos de mecánica,(18) Grupo 18,34
2026-08-08T16:21+00:00,1000019-B,Fundamentos de mecánica,(19) Grupo 19,32
2026-08-08T16:21+00:00,1000019-B,Fundamentos de mecánica,(2) Grupo 2,35
2026-08-08T16:21+00:00,1000019-B,Fundamentos de mecánica,(20) Grupo 20,35
2026-08-08T16:21+00:00,1000019-B,Fundamentos de mecánica,(21) Grupo 21,35
2026-08-08T16:21+00:00,1000019-B,Fundamentos de mecánica,(22) Grupo 22,35
2026-08-08T16:21+00:00,1000019-B,Fundamentos de mecánica,(23) Grupo 23,35
2026-08-08T16:21+00:00,1000019-B,Fundamentos de mecánica,(24) Grupo 24,35
2026-08-08T16:21+00:00,1000019-B,Fundamentos de mecánica,(25) Grupo 25,45
2026-08-08T16:21+00:00,1000019-B,Fundamentos de mecánica,(26) Grupo 26 (VIRTUAL),50
2026-08-08T16:21+00:00,1000019-B,Fundamentos de mecánica,(27) Grupo 27 (VIRTUAL),50
2026-08-08T16:21+00:00,1000019-B,Fundamentos de mecánica,(28) Grupo 28 (VIRTUAL),50
2026-08-08T16:21+00:00,1000019-B,Fundamentos de mecánica,(29) Grupo 29 (VIRTUAL),50
2026-08-08T16:21+00:00,1000019-B,Fundamentos de mecánica,(3) Grupo 3,35
2026-08-08T16:21+00:00,1000019-B,Fundamentos de mecánica,(4) Grupo 4,35
2026-08-08T16:21+00:00,1000019-B,Fundamentos de mecánica,(5) Grupo 5,35
2026-08-08T16:21+00:00,1000019-B,Fundamentos de mecánica,(6) Grupo 6,35
2026-08-08T16:21+00:00,1000019-B,Fundamentos de mecánica,(7) Grupo 7,35
2026-08-08T16:21+00:00,1000019-B,Fundamentos de mecánica,(8) Grupo 8,35
2026-08-08T16:21+00:00,1000019-B,Fundamentos de mecánica,(9) Grupo 9,10
2026-08-08T16:21+00:00,2015956,Geología,(1) Grupo 1,35
2026-08-08T16:21+00:00,2015956,Geología,(2) Grupo 2,30
2026-08-08T16:21+00:00,2015956,Geología,(3) Grupo 3,30
2026-08-08T16:21+00:00,2015956,Geología,(4) Grupo 4,35
2026-08-08T16:21+00:00,2015957,Geomática Aplicada,(1) Grupo 1,30
2026-08-08T16:21+00:00,2015957,Geomática Aplicada,(2) Grupo 2,30
2026-08-08T16:21+00:00,2015957,Geomática Aplicada,(3) Grupo 3,30
2026-08-08T16:21+00:00,2015957,Geomática Aplicada,(4) Grupo 4,30
2026-08-08T16:21+00:00,2015958,Geomática básica,(1) Grupo 1,20
2026-08-08T16:21+00:00,2015958,Geomática básica,(2) Grupo 2,20
2026-08-08T16:21+00:00,2015958,Geomática básica,(3) Grupo 3,30
2026-08-08T16:21+00:00,2015958,Geomática básica,(4) Grupo 4,20
2026-08-08T16:21+00:00,2015958,Geomática básica,(5) Grupo 5,20
2026-08-08T16:21+00:00,2015958,Geomática básica,(6) Grupo 6,20
2026-08-08T16:21+00:00,2015958,Geomática básica,(7) Grupo 7,20
2026-08-08T16:21+00:00,2015958,Geomática básica,(8) Grupo 8,20
2026-08-08T16:21+00:00,2015958,Geomática básica,(9) Grupo 9,20
2026-08-08T16:21+00:00,2015958,Geomática básica,(1) Grupo 1,40
2026-08-08T16:21+00:00,2015958,Geomática básica,(3) Grupo 3,30
2026-08-08T16:21+00:00,2015958,Geomática básica,(4) Grupo 4,40
2026-08-08T16:21+00:00,2015958,Geomática básica,(6) Grupo 6,40
2026-08-08T16:21+00:00,2015958,Geomática básica,(8) Grupo 8,40
2026-08-08T16:21+00:00,2015959,Geotecnia,(1) Grupo 1,30
2026-08-08T16:21+00:00,2015959,Geotecnia,(2) Grupo 2,30
2026-08-08T16:21+00:00,2015959,Geotecnia,(3) Grupo 3,30
2026-08-08T16:21+00:00,2015959,Geotecnia,(4) Grupo 4,0
2026-08-08T16:21+00:00,2015961,Hidráulica básica,(1) Grupo 1,24
2026-08-08T16:21+00:00,2015961,Hidráulica básica,(2) Grupo 2,24
2026-08-08T16:21+00:00,2015961,Hidráulica básica,(3) Grupo 3,24
2026-08-08T16:21+00:00,2015961,Hidráulica básica,(4) Grupo 4,24
2026-08-08T16:21+00:00,2015961,Hidráulica básica,(5) Grupo 5,24
2026-08-08T16:21+00:00,2015961,Hidráulica básica,(6) Grupo 6,24
2026-08-08T16:21+00:00,2015978,Hidrología,(1) Grupo 1,0
2026-08-08T16:21+00:00,2015978,Hidrología,(2) Grupo 2,30
2026-08-08T16:21+00:00,2015978,Hidrología,(3) Grupo 3,30
2026-08-08T16:21+00:00,2015978,Hidrología,(4) Grupo 4,30
2026-08-08T16:21+00:00,2015978,Hidrología,(5) Grupo 5,30
2026-08-08T16:21+00:00,2026135,Ingeniería civil sostenible,(1) Grupo 1,25
2026-08-08T16:21+00:00,2026135,Ingeniería civil sostenible,(2) Grupo 2,25
2026-08-08T16:21+00:00,2026135,Ingeniería civil sostenible,(3) Grupo 3,25
2026-08-08T16:21+00:00,2015963,Ingeniería de Tránsito,(1) Grupo 1,30
2026-08-08T16:21+00:00,2015963,Ingeniería de Tránsito,(2) Grupo 2,30
2026-08-08T16:21+00:00,2015963,Ingeniería de Tránsito,(3) Grupo 3,30
2026-08-08T16:21+00:00,2026138,Ingenieria de transporte,(1) Grupo 1,30
2026-08-08T16:21+00:00,2026138,Ingenieria de transporte,(2) Grupo 2,30
2026-08-08T16:21+00:00,2026138,Ingenieria de transporte,(3) Grupo 3,30
2026-08-08T16:21+00:00,2015703,Ingeniería económica,(1) Grupo 1,40
2026-08-08T16:21+00:00,2015703,Ingeniería económica,(10) Grupo 10,30
2026-08-08T16:21+00:00,2015703,Ingeniería económica,(11) Grupo 11,30
2026-08-08T16:21+00:00,2015703,Ingeniería económica,(2) Grupo 2,40
2026-08-08T16:21+00:00,2015703,Ingeniería económica,(3) Grupo 3,40
2026-08-08T16:21+00:00,2015703,Ingeniería económica,(4) Grupo 4,30
2026-08-08T16:21+00:00,2015703,Ingeniería económica,(5) Grupo 5 - Virtual,60
2026-08-08T16:21+00:00,2015703,Ingeniería económica,(6) Grupo 6,40
2026-08-08T16:21+00:00,2015703,Ingeniería económica,(7) Grupo 7,20
2026-08-08T16:21+00:00,2015703,Ingeniería económica,(8) Grupo 8,40
2026-08-08T16:21+00:00,2015703,Ingeniería económica,(9) Grupo 9,35
2026-08-08T16:21+00:00,1000044-B,Inglés I- Semestral,(1) Grupo 1,26
2026-08-08T16:21+00:00,1000044-B,Inglés I- Semestral,(2) Grupo 2,26
2026-08-08T16:21+00:00,1000044-B,Inglés I- Semestral,(3) Grupo 3,26
2026-08-08T16:21+00:00,1000044-B,Inglés I- Semestral,(4) Grupo 4,26
2026-08-08T16:21+00:00,1000044-B,Inglés I- Semestral,(5) Grupo 5,26
2026-08-08T16:21+00:00,1000044-B,Inglés I- Semestral,(6) Grupo 6,26
2026-08-08T16:21+00:00,1000044-B,Inglés I- Semestral,(7) Grupo 7,26
2026-08-08T16:21+00:00,1000044-B,Inglés I- Semestral,(8) Grupo 8,26
2026-08-08T16:21+00:00,1000044-B,Inglés I- Semestral,(9) Grupo 9,7
2026-08-08T16:21+00:00,1000045-B,Inglés II - Semestral,(1) Grupo 1,10
2026-08-08T16:21+00:00,1000045-B,Inglés II - Semestral,(10) Grupo 10,26
2026-08-08T16:21+00:00,1000045-B,Inglés II - Semestral,(11) Grupo 11,26
2026-08-08T16:21+00:00,1000045-B,Inglés II - Semestral,(12) Grupo 12,26
2026-08-08T16:21+00:00,1000045-B,Inglés II - Semestral,(13) Grupo 13,26
2026-08-08T16:21+00:00,1000045-B,Inglés II - Semestral,(14) Grupo 14,26
2026-08-08T16:21+00:00,1000045-B,Inglés II - Semestral,(15) Grupo 15,26
2026-08-08T16:21+00:00,1000045-B,Inglés II - Semestral,(16) Grupo 16,26
2026-08-08T16:21+00:00,1000045-B,Inglés II - Semestral,(2) Grupo 2,26
2026-08-08T16:21+00:00,1000045-B,Inglés II - Semestral,(3) Grupo 3,26
2026-08-08T16:21+00:00,1000045-B,Inglés II - Semestral,(4) Grupo 4,26
2026-08-08T16:21+00:00,1000045-B,Inglés II - Semestral,(5) Grupo 5,26
2026-08-08T16:21+00:00,1000045-B,Inglés II - Semestral,(6) Grupo 6,26
2026-08-08T16:21+00:00,1000045-B,Inglés II - Semestral,(7) Grupo 7,26
2026-08-08T16:21+00:00,1000045-B,Inglés II - Semestral,(8) Grupo 8,26
2026-08-08T16:21+00:00,1000045-B,Inglés II - Semestral,(9) Grupo 9,15
2026-08-08T16:21+00:00,1000046-B,Inglés III - Semestral,(1) Grupo 1,26
2026-08-08T16:21+00:00,1000046-B,Inglés III - Semestral,(10) Grupo 10,26
2026-08-08T16:21+00:00,1000046-B,Inglés III - Semestral,(11) Grupo 11,26
2026-08-08T16:21+00:00,1000046-B,Inglés III - Semestral,(12) Grupo 12,26
2026-08-08T16:21+00:00,1000046-B,Inglés III - Semestral,(13) Grupo 13,26
2026-08-08T16:21+00:00,1000046-B,Inglés III - Semestral,(14) Grupo 14,26
2026-08-08T16:21+00:00,1000046-B,Inglés III - Semestral,(15) Grupo 15,26
2026-08-08T16:21+00:00,1000046-B,Inglés III - Semestral,(16) Grupo 16,26
2026-08-08T16:21+00:00,1000046-B,Inglés III - Semestral,(17) Grupo 17,26
2026-08-08T16:21+00:00,1000046-B,Inglés III - Semestral,(18) Grupo 18,26
2026-08-08T16:21+00:00,1000046-B,Inglés III - Semestral,(2) Grupo 2,26
2026-08-08T16:21+00:00,1000046-B,Inglés III - Semestral,(3) Grupo 3,26
2026-08-08T16:21+00:00,1000046-B,Inglés III - Semestral,(4) Grupo 4,26
2026-08-08T16:21+00:00,1000046-B,Inglés III - Semestral,(5) Grupo 5,26
2026-08-08T16:21+00:00,1000046-B,Inglés III - Semestral,(6) Grupo 6,26
2026-08-08T16:21+00:00,1000046-B,Inglés III - Semestral,(7) Grupo 7,26
2026-08-08T16:21+00:00,1000046-B,Inglés III - Semestral,(8) Grupo 8,26
2026-08-08T16:21+00:00,1000046-B,Inglés III - Semestral,(9) Grupo 9,10
2026-08-08T16:21+00:00,1000052-B,Inglés Intensivo I y II,(1) Grupo 1,28
2026-08-08T16:21+00:00,1000052-B,Inglés Intensivo I y II,(2) Grupo 2,28
2026-08-08T16:21+00:00,1000052-B,Inglés Intensivo I y II,(3) Grupo 3,28
2026-08-08T16:21+00:00,1000053-B,Inglés Intensivo III y IV,(1) Grupo 1,28
2026-08-08T16:21+00:00,1000053-B,Inglés Intensivo III y IV,(2) Grupo 2,28
2026-08-08T16:21+00:00,1000053-B,Inglés Intensivo III y IV,(3) Grupo 3,30
2026-08-08T16:21+00:00,1000053-B,Inglés Intensivo III y IV,(4) Grupo 4,30
2026-08-08T16:21+00:00,1000053-B,Inglés Intensivo III y IV,(5) Grupo 5,28
2026-08-08T16:21+00:00,1000053-B,Inglés Intensivo III y IV,(6) Grupo 6,28
2026-08-08T16:21+00:00,1000047-B,Inglés IV- Semestral,(1) Grupo 1,26
2026-08-08T16:21+00:00,1000047-B,Inglés IV- Semestral,(10) Grupo 10,26
2026-08-08T16:21+00:00,1000047-B,Inglés IV- Semestral,(11) Grupo 11,26
2026-08-08T16:21+00:00,1000047-B,Inglés IV- Semestral,(12) Grupo 12,26
2026-08-08T16:21+00:00,1000047-B,Inglés IV- Semestral,(13) Grupo 13,26
2026-08-08T16:21+00:00,1000047-B,Inglés IV- Semestral,(14) Grupo 14,26
2026-08-08T16:21+00:00,1000047-B,Inglés IV- Semestral,(15) Grupo 15,26
2026-08-08T16:21+00:00,1000047-B,Inglés IV- Semestral,(16) Grupo 16,26
2026-08-08T16:21+00:00,1000047-B,Inglés IV- Semestral,(17) Grupo 17,26
2026-08-08T16:21+00:00,1000047-B,Inglés IV- Semestral,(18) Grupo 18,26
2026-08-08T16:21+00:00,1000047-B,Inglés IV- Semestral,(19) Grupo 19,26
2026-08-08T16:21+00:00,1000047-B,Inglés IV- Semestral,(2) Grupo 2,26
2026-08-08T16:21+00:00,1000047-B,Inglés IV- Semestral,(20) Grupo 20,26
2026-08-08T16:21+00:00,1000047-B,Inglés IV- Semestral,(21) Grupo 21,26
2026-08-08T16:21+00:00,1000047-B,Inglés IV- Semestral,(22) Grupo 22,26
2026-08-08T16:21+00:00,1000047-B,Inglés IV- Semestral,(3) Grupo 3,26
2026-08-08T16:21+00:00,1000047-B,Inglés IV- Semestral,(4) Grupo 4,26
2026-08-08T16:21+00:00,1000047-B,Inglés IV- Semestral,(5) Grupo 5,26
2026-08-08T16:21+00:00,1000047-B,Inglés IV- Semestral,(6) Grupo 6,26
2026-08-08T16:21+00:00,1000047-B,Inglés IV- Semestral,(7) Grupo 7,26
2026-08-08T16:21+00:00,1000047-B,Inglés IV- Semestral,(8) Grupo 8,26
2026-08-08T16:21+00:00,1000047-B,Inglés IV- Semestral,(9) Grupo 9,15
2026-08-08T16:21+00:00,2026186,Introducción a la ingeniería civil,(1) Grupo 1,7
2026-08-08T16:21+00:00,2026186,Introducción a la ingeniería civil,(2) Grupo 2,0
2026-08-08T16:21+00:00,2026186,Introducción a la ingeniería civil,(4) Grupo 4,10
2026-08-08T16:21+00:00,1000002-B,Lecto-Escritura,(1) Grupo 1 - Clase Presencial,1
2026-08-08T16:21+00:00,1000002-B,Lecto-Escritura,(10) Grupo 10 - Clase presencial,0
2026-08-08T16:21+00:00,1000002-B,Lecto-Escritura,(2) Grupo 2 - Clase Presencial,0
2026-08-08T16:21+00:00,1000002-B,Lecto-Escritura,(3) Grupo 3 - Clase Presencial,0
2026-08-08T16:21+00:00,1000002-B,Lecto-Escritura,(4) Grupo 4 - Clase Presencial,0
2026-08-08T16:21+00:00,1000002-B,Lecto-Escritura,(5) Grupo 5 - Clase Presencial,0
2026-08-08T16:21+00:00,1000002-B,Lecto-Escritura,(6) Grupo 6 - Clase Presencial,0
2026-08-08T16:21+00:00,1000002-B,Lecto-Escritura,(7) Grupo 7 - Clase Presencial,0
2026-08-08T16:21+00:00,1000002-B,Lecto-Escritura,(8) Grupo 8 - Clase Presencial,0
2026-08-08T16:21+00:00,1000002-B,Lecto-Escritura,(9) Grupo 9 - Clase Presencial,10
2026-08-08T16:21+00:00,1000001-B,Matemáticas Básicas,(1) Grupo 1,0
2026-08-08T16:21+00:00,1000001-B,Matemáticas Básicas,(19) Grupo 19,5
2026-08-08T16:21+00:00,1000001-B,Matemáticas Básicas,(2) Grupo 2,10
2026-08-08T16:21+00:00,1000001-B,Matemáticas Básicas,(1) Grupo 1,0
2026-08-08T16:21+00:00,1000001-B,Matemáticas Básicas,(10) Grupo 10,0
2026-08-08T16:21+00:00,1000001-B,Matemáticas Básicas,(2) Grupo 2,0
2026-08-08T16:21+00:00,1000001-B,Matemáticas Básicas,(3) Grupo 3,0
2026-08-08T16:21+00:00,1000001-B,Matemáticas Básicas,(4) Grupo 4,0
2026-08-08T16:21+00:00,1000001-B,Matemáticas Básicas,(5) Grupo 5,0
2026-08-08T16:21+00:00,1000001-B,Matemáticas Básicas,(6) Grupo 6,0
2026-08-08T16:21+00:00,1000001-B,Matemáticas Básicas,(7) Grupo 7,0
2026-08-08T16:21+00:00,1000001-B,Matemáticas Básicas,(8) Grupo 8,0
2026-08-08T16:21+00:00,1000001-B,Matemáticas Básicas,(9) Grupo 9,10
2026-08-08T16:21+00:00,2015965,Materiales para construcción,(1) Grupo 1,24
2026-08-08T16:21+00:00,2015965,Materiales para construcción,(2) Grupo 2,24
2026-08-08T16:21+00:00,2015965,Materiales para construcción,(3) Grupo 3,24
2026-08-08T16:21+00:00,2015965,Materiales para construcción,(4) Grupo 4,24
2026-08-08T16:21+00:00,2015966,Mecánica de fluidos,(1) Grupo 1,24
2026-08-08T16:21+00:00,2015966,Mecánica de fluidos,(2) Grupo 2,24
2026-08-08T16:21+00:00,2015966,Mecánica de fluidos,(3) Grupo 3,24
2026-08-08T16:21+00:00,2015966,Mecánica de fluidos,(4) Grupo 4,24
2026-08-08T16:21+00:00,2015966,Mecánica de fluidos,(5) Grupo 5,24
2026-08-08T16:21+00:00,2015966,Mecánica de fluidos,(6) Grupo 6,24
2026-08-08T16:21+00:00,2015966,Mecánica de fluidos,(7) Grupo 7,24
2026-08-08T16:21+00:00,2015966,Mecánica de fluidos,(8) Grupo 8,24
2026-08-08T16:21+00:00,2015967,Mecánica de Rocas,(1) Grupo 1,24
2026-08-08T16:21+00:00,2015968,Mecánica de sólidos,(1) Grupo 1,24
2026-08-08T16:21+00:00,2015968,Mecánica de sólidos,(2) Grupo 2,24
2026-08-08T16:21+00:00,2015968,Mecánica de sólidos,(3) Grupo 3,24
2026-08-08T16:21+00:00,2015968,Mecánica de sólidos,(4) Grupo 4,24
2026-08-08T16:21+00:00,2015968,Mecánica de sólidos,(5) Grupo 5,24
2026-08-08T16:21+00:00,2015968,Mecánica de sólidos,(6) Grupo 6,24
2026-08-08T16:21+00:00,2015968,Mecánica de sólidos,(7) Grupo 7,0
2026-08-08T16:21+00:00,2015969,Mecánica de suelos,(1) Grupo 1 (Inglés),30
2026-08-08T16:21+00:00,2015969,Mecánica de suelos,(2) Grupo 2,30
2026-08-08T16:21+00:00,2015969,Mecánica de suelos,(3) Grupo 3,30
2026-08-08T16:21+00:00,2015969,Mecánica de suelos,(4) Grupo 4,30
2026-08-08T16:21+00:00,2015970,Métodos numéricos,(4) Grupo 4,30
2026-08-08T16:21+00:00,2015970,Métodos numéricos,(5) Grupo 5,45
2026-08-08T16:21+00:00,2015970,Métodos numéricos,(8) Grupo 8,30
2026-08-08T16:21+00:00,2015970,Métodos numéricos,(9) Grupo 9,45
2026-08-08T16:21+00:00,2017293,Modelación matemática,(1) 2017293-1 Modelación matemática,34
2026-08-08T16:21+00:00,2017293,Modelación matemática,(2) 2017293-2 Modelación matemática,34
2026-08-08T16:21+00:00,2017293,Modelación matemática,(1M) 2017293-1M Modelación matemática - Magistral,80
2026-08-08T16:21+00:00,2015971,Pavimentos,(1) Grupo 1,30
2026-08-08T16:21+00:00,2015971,Pavimentos,(2) Grupo 2,30
2026-08-08T16:21+00:00,2015971,Pavimentos,(3) Grupo 3,30
2026-08-08T16:21+00:00,2015972,Preparación y evaluación de proyectos de infraestructura,(1) Grupo 1,15
2026-08-08T16:21+00:00,2015972,Preparación y evaluación de proyectos de infraestructura,(2) Grupo 2,15
2026-08-08T16:21+00:00,2015972,Preparación y evaluación de proyectos de infraestructura,(3) Grupo 3,15
2026-08-08T16:21+00:00,1000024-B,Principios de química,(12) Grupo 12,0
2026-08-08T16:21+00:00,1000024-B,Principios de química,(13) Grupo 13,0
2026-08-08T16:21+00:00,1000024-B,Principios de química,(14) Grupo 14,10
2026-08-08T16:21+00:00,1000013-B,Probabilidad y estadística fundamental,(1) Grupo 1,0
2026-08-08T16:21+00:00,1000013-B,Probabilidad y estadística fundamental,(10) Grupo 10,35
2026-08-08T16:21+00:00,1000013-B,Probabilidad y estadística fundamental,(11) Grupo 11,40
2026-08-08T16:21+00:00,1000013-B,Probabilidad y estadística fundamental,(12) Grupo 12,40
2026-08-08T16:21+00:00,1000013-B,Probabilidad y estadística fundamental,(13) Grupo 13,30
2026-08-08T16:21+00:00,1000013-B,Probabilidad y estadística fundamental,(14) Grupo 14,45
2026-08-08T16:21+00:00,1000013-B,Probabilidad y estadística fundamental,(16) Grupo 16,30
2026-08-08T16:21+00:00,1000013-B,Probabilidad y estadística fundamental,(2) Grupo 2,40
2026-08-08T16:21+00:00,1000013-B,Probabilidad y estadística fundamental,(22) Grupo 22,45
2026-08-08T16:21+00:00,1000013-B,Probabilidad y estadística fundamental,(23) Grupo 23,0
2026-08-08T16:21+00:00,1000013-B,Probabilidad y estadística fundamental,(3) Grupo 3,40
2026-08-08T16:21+00:00,1000013-B,Probabilidad y estadística fundamental,(4) Grupo 4,40
2026-08-08T16:21+00:00,1000013-B,Probabilidad y estadística fundamental,(5) Grupo 5,35
2026-08-08T16:21+00:00,1000013-B,Probabilidad y estadística fundamental,(6) Grupo 6,35
2026-08-08T16:21+00:00,1000013-B,Probabilidad y estadística fundamental,(7) Grupo 7,40
2026-08-08T16:21+00:00,2015734,Programación de computadores,(1) Grupo 1,6
2026-08-08T16:21+00:00,2015734,Programación de computadores,(10) Grupo 10,4
2026-08-08T16:21+00:00,2015734,Programación de computadores,(11) Grupo 11,0
2026-08-08T16:21+00:00,2015734,Programación de computadores,(12) Grupo 12,1
2026-08-08T16:21+00:00,2015734,Programación de computadores,(13) Grupo 13,4
2026-08-08T16:21+00:00,2015734,Programación de computadores,(14) Grupo 14,0
2026-08-08T16:21+00:00,2015734,Programación de computadores,(2) Grupo 2,16
2026-08-08T16:21+00:00,2015734,Programación de computadores,(3) Grupo 3,0
2026-08-08T16:21+00:00,2015734,Programación de computadores,(4) Grupo 4,0
2026-08-08T16:21+00:00,2015734,Programación de computadores,(5) Grupo 5,0
2026-08-08T16:21+00:00,2015734,Programación de computadores,(6) Grupo 6,8
2026-08-08T16:21+00:00,2015734,Programación de computadores,(7) Grupo 7,3
2026-08-08T16:21+00:00,2015734,Programación de computadores,(8) Grupo 8 - Virtual,30
2026-08-08T16:21+00:00,2015734,Programación de computadores,(9) Grupo 9,18
2026-08-08T16:21+00:00,2015973,Saneamiento ambiental,(1) Grupo 1,25
2026-08-08T16:21+00:00,2015973,Saneamiento ambiental,(2) Grupo 2,25
2026-08-08T16:21+00:00,2015973,Saneamiento ambiental,(3) Grupo 3,25
2026-08-08T16:21+00:00,2022761,SIG para Ingeniería Civil,(1) Grupo 1,15
2026-08-08T16:21+00:00,2022761,SIG para Ingeniería Civil,(2) Grupo 2,15
2026-08-08T16:21+00:00,2022761,SIG para Ingeniería Civil,(3) Grupo 3,15
2026-08-08T16:21+00:00,2015296,Trabajo de Grado,(1) Grupo 1,5
2026-08-08T16:21+00:00,2015296,Trabajo de Grado,(10) Grupo 10,5
2026-08-08T16:21+00:00,2015296,Trabajo de Grado,(11) Grupo 11,5
2026-08-08T16:21+00:00,2015296,Trabajo de Grado,(12) Grupo 12,5
2026-08-08T16:21+00:00,2015296,Trabajo de Grado,(13) Grupo 13,5
2026-08-08T16:21+00:00,2015296,Trabajo de Grado,(14) Grupo 14,5
2026-08-08T16:21+00:00,2015296,Trabajo de Grado,(15) Grupo 15,5
2026-08-08T16:21+00:00,2015296,Trabajo de Grado,(16) Grupo 16,5
2026-08-08T16:21+00:00,2015296,Trabajo de Grado,(17) Grupo 17,5
2026-08-08T16:21+00:00,2015296,Trabajo de Grado,(18) Grupo 18,5
2026-08-08T16:21+00:00,2015296,Trabajo de Grado,(19) Grupo 19,0
2026-08-08T16:21+00:00,2015296,Trabajo de Grado,(2) Grupo 2,5
2026-08-08T16:21+00:00,2015296,Trabajo de Grado,(3) Grupo 3,5
2026-08-08T16:21+00:00,2015296,Trabajo de Grado,(4) Grupo 4,5
2026-08-08T16:21+00:00,2015296,Trabajo de Grado,(5) Grupo 5,5
2026-08-08T16:21+00:00,2015296,Trabajo de Grado,(6) Grupo 6,5
2026-08-08T16:21+00:00,2015296,Trabajo de Grado,(7) Grupo 7,5
2026-08-08T16:21+00:00,2015296,Trabajo de Grado,(8) Grupo 8,5
2026-08-08T16:21+00:00,2015296,Trabajo de Grado,(9) Grupo 9,5
2026-08-08T17:01+00:00,1000044-B,Inglés I- Semestral,(1) Grupo 1,26
2026-08-08T17:01+00:00,1000044-B,Inglés I- Semestral,(2) Grupo 2,26
2026-08-08T17:01+00:00,1000044-B,Inglés I- Semestral,(3) Grupo 3,26
2026-08-08T17:01+00:00,1000044-B,Inglés I- Semestral,(4) Grupo 4,26
2026-08-08T17:01+00:00,1000044-B,Inglés I- Semestral,(5) Grupo 5,26
2026-08-08T17:01+00:00,1000044-B,Inglés I- Semestral,(6) Grupo 6,26
2026-08-08T17:01+00:00,1000044-B,Inglés I- Semestral,(7) Grupo 7,26
2026-08-08T17:01+00:00,1000044-B,Inglés I- Semestral,(8) Grupo 8,26
2026-08-08T17:01+00:00,1000044-B,Inglés I- Semestral,(9) Grupo 9,7
2026-08-08T17:01+00:00,1000045-B,Inglés II - Semestral,(1) Grupo 1,10
2026-08-08T17:01+00:00,1000045-B,Inglés II - Semestral,(10) Grupo 10,26
2026-08-08T17:01+00:00,1000045-B,Inglés II - Semestral,(11) Grupo 11,26
2026-08-08T17:01+00:00,1000045-B,Inglés II - Semestral,(12) Grupo 12,26
2026-08-08T17:01+00:00,1000045-B,Inglés II - Semestral,(13) Grupo 13,26
2026-08-08T17:01+00:00,1000045-B,Inglés II - Semestral,(14) Grupo 14,26
2026-08-08T17:01+00:00,1000045-B,Inglés II - Semestral,(15) Grupo 15,26
2026-08-08T17:01+00:00,1000045-B,Inglés II - Semestral,(16) Grupo 16,26
2026-08-08T17:01+00:00,1000045-B,Inglés II - Semestral,(2) Grupo 2,26
2026-08-08T17:01+00:00,1000045-B,Inglés II - Semestral,(3) Grupo 3,26
2026-08-08T17:01+00:00,1000045-B,Inglés II - Semestral,(4) Grupo 4,26
2026-08-08T17:01+00:00,1000045-B,Inglés II - Semestral,(5) Grupo 5,26
2026-08-08T17:01+00:00,1000045-B,Inglés II - Semestral,(6) Grupo 6,26
2026-08-08T17:01+00:00,1000045-B,Inglés II - Semestral,(7) Grupo 7,26
2026-08-08T17:01+00:00,1000045-B,Inglés II - Semestral,(8) Grupo 8,26
2026-08-08T17:01+00:00,1000045-B,Inglés II - Semestral,(9) Grupo 9,15
2026-08-08T17:01+00:00,1000046-B,Inglés III - Semestral,(1) Grupo 1,26
2026-08-08T17:01+00:00,1000046-B,Inglés III - Semestral,(10) Grupo 10,26
2026-08-08T17:01+00:00,1000046-B,Inglés III - Semestral,(11) Grupo 11,26
2026-08-08T17:01+00:00,1000046-B,Inglés III - Semestral,(12) Grupo 12,26
2026-08-08T17:01+00:00,1000046-B,Inglés III - Semestral,(13) Grupo 13,26
2026-08-08T17:01+00:00,1000046-B,Inglés III - Semestral,(14) Grupo 14,26
2026-08-08T17:01+00:00,1000046-B,Inglés III - Semestral,(15) Grupo 15,26
2026-08-08T17:01+00:00,1000046-B,Inglés III - Semestral,(16) Grupo 16,26
2026-08-08T17:01+00:00,1000046-B,Inglés III - Semestral,(17) Grupo 17,26
2026-08-08T17:01+00:00,1000046-B,Inglés III - Semestral,(18) Grupo 18,26
2026-08-08T17:01+00:00,1000046-B,Inglés III - Semestral,(2) Grupo 2,26
2026-08-08T17:01+00:00,1000046-B,Inglés III - Semestral,(3) Grupo 3,26
2026-08-08T17:01+00:00,1000046-B,Inglés III - Semestral,(4) Grupo 4,26
2026-08-08T17:01+00:00,1000046-B,Inglés III - Semestral,(5) Grupo 5,26
2026-08-08T17:01+00:00,1000046-B,Inglés III - Semestral,(6) Grupo 6,26
2026-08-08T17:01+00:00,1000046-B,Inglés III - Semestral,(7) Grupo 7,26
2026-08-08T17:01+00:00,1000046-B,Inglés III - Semestral,(8) Grupo 8,26
2026-08-08T17:01+00:00,1000046-B,Inglés III - Semestral,(9) Grupo 9,10
2026-08-08T17:01+00:00,1000052-B,Inglés Intensivo I y II,(1) Grupo 1,28
2026-08-08T17:01+00:00,1000052-B,Inglés Intensivo I y II,(2) Grupo 2,28
2026-08-08T17:01+00:00,1000052-B,Inglés Intensivo I y II,(3) Grupo 3,28
2026-08-08T17:01+00:00,1000053-B,Inglés Intensivo III y IV,(1) Grupo 1,28
2026-08-08T17:01+00:00,1000053-B,Inglés Intensivo III y IV,(2) Grupo 2,28
2026-08-08T17:01+00:00,1000053-B,Inglés Intensivo III y IV,(3) Grupo 3,30
2026-08-08T17:01+00:00,1000053-B,Inglés Intensivo III y IV,(4) Grupo 4,30
2026-08-08T17:01+00:00,1000053-B,Inglés Intensivo III y IV,(5) Grupo 5,28
2026-08-08T17:01+00:00,1000053-B,Inglés Intensivo III y IV,(6) Grupo 6,28
2026-08-08T17:01+00:00,1000047-B,Inglés IV- Semestral,(1) Grupo 1,26
2026-08-08T17:01+00:00,1000047-B,Inglés IV- Semestral,(10) Grupo 10,26
2026-08-08T17:01+00:00,1000047-B,Inglés IV- Semestral,(11) Grupo 11,26
2026-08-08T17:01+00:00,1000047-B,Inglés IV- Semestral,(12) Grupo 12,26
2026-08-08T17:01+00:00,1000047-B,Inglés IV- Semestral,(13) Grupo 13,26
2026-08-08T17:01+00:00,1000047-B,Inglés IV- Semestral,(14) Grupo 14,26
2026-08-08T17:01+00:00,1000047-B,Inglés IV- Semestral,(15) Grupo 15,26
2026-08-08T17:01+00:00,1000047-B,Inglés IV- Semestral,(16) Grupo 16,26
2026-08-08T17:01+00:00,1000047-B,Inglés IV- Semestral,(17) Grupo 17,26
2026-08-08T17:01+00:00,1000047-B,Inglés IV- Semestral,(18) Grupo 18,26
2026-08-08T17:01+00:00,1000047-B,Inglés IV- Semestral,(19) Grupo 19,26
2026-08-08T17:01+00:00,1000047-B,Inglés IV- Semestral,(2) Grupo 2,26
2026-08-08T17:01+00:00,1000047-B,Inglés IV- Semestral,(20) Grupo 20,26
2026-08-08T17:01+00:00,1000047-B,Inglés IV- Semestral,(21) Grupo 21,26
2026-08-08T17:01+00:00,1000047-B,Inglés IV- Semestral,(22) Grupo 22,26
2026-08-08T17:01+00:00,1000047-B,Inglés IV- Semestral,(3) Grupo 3,26
2026-08-08T17:01+00:00,1000047-B,Inglés IV- Semestral,(4) Grupo 4,26
2026-08-08T17:01+00:00,1000047-B,Inglés IV- Semestral,(5) Grupo 5,26
2026-08-08T17:01+00:00,1000047-B,Inglés IV- Semestral,(6) Grupo 6,26
2026-08-08T17:01+00:00,1000047-B,Inglés IV- Semestral,(7) Grupo 7,26
2026-08-08T17:01+00:00,1000047-B,Inglés IV- Semestral,(8) Grupo 8,26
2026-08-08T17:01+00:00,1000047-B,Inglés IV- Semestral,(9) Grupo 9,15
2026-08-08T17:01+00:00,1000002-B,Lecto-Escritura,(1) Grupo 1 - Clase Presencial,1
2026-08-08T17:01+00:00,1000002-B,Lecto-Escritura,(10) Grupo 10 - Clase presencial,0
2026-08-08T17:01+00:00,1000002-B,Lecto-Escritura,(2) Grupo 2 - Clase Presencial,0
2026-08-08T17:01+00:00,1000002-B,Lecto-Escritura,(3) Grupo 3 - Clase Presencial,0
2026-08-08T17:01+00:00,1000002-B,Lecto-Escritura,(4) Grupo 4 - Clase Presencial,0
2026-08-08T17:01+00:00,1000002-B,Lecto-Escritura,(5) Grupo 5 - Clase Presencial,0
2026-08-08T17:01+00:00,1000002-B,Lecto-Escritura,(6) Grupo 6 - Clase Presencial,0
2026-08-08T17:01+00:00,1000002-B,Lecto-Escritura,(7) Grupo 7 - Clase Presencial,0
2026-08-08T17:01+00:00,1000002-B,Lecto-Escritura,(8) Grupo 8 - Clase Presencial,0
2026-08-08T17:01+00:00,1000002-B,Lecto-Escritura,(9) Grupo 9 - Clase Presencial,10
2026-08-08T17:01+00:00,1000001-B,Matemáticas Básicas,(1) Grupo 1,0
2026-08-08T17:01+00:00,1000001-B,Matemáticas Básicas,(19) Grupo 19,5
2026-08-08T17:01+00:00,1000001-B,Matemáticas Básicas,(2) Grupo 2,10
2026-08-08T17:01+00:00,1000001-B,Matemáticas Básicas,(1) Grupo 1,0
2026-08-08T17:01+00:00,1000001-B,Matemáticas Básicas,(10) Grupo 10,0
2026-08-08T17:01+00:00,1000001-B,Matemáticas Básicas,(2) Grupo 2,0
2026-08-08T17:01+00:00,1000001-B,Matemáticas Básicas,(3) Grupo 3,0
2026-08-08T17:01+00:00,1000001-B,Matemáticas Básicas,(4) Grupo 4,0
2026-08-08T17:01+00:00,1000001-B,Matemáticas Básicas,(5) Grupo 5,0
2026-08-08T17:01+00:00,1000001-B,Matemáticas Básicas,(6) Grupo 6,0
2026-08-08T17:01+00:00,1000001-B,Matemáticas Básicas,(7) Grupo 7,0
2026-08-08T17:01+00:00,1000001-B,Matemáticas Básicas,(8) Grupo 8,0
2026-08-08T17:01+00:00,1000001-B,Matemáticas Básicas,(9) Grupo 9,10
2026-08-08T17:31+00:00,2015938,Acueductos,(1) Grupo 1,25
2026-08-08T17:31+00:00,2015938,Acueductos,(2) Grupo 2,25
2026-08-08T17:31+00:00,2015938,Acueductos,(3) Grupo 3,25
2026-08-08T17:31+00:00,2015938,Acueductos,(4) Grupo 4,24
2026-08-08T17:31+00:00,2015939,Alcantarillados,(1) Grupo 1,25
2026-08-08T17:31+00:00,2015939,Alcantarillados,(2) Grupo 2,25
2026-08-08T17:31+00:00,2015939,Alcantarillados,(3) Grupo 3,25
2026-08-08T17:31+00:00,2015939,Alcantarillados,(4) Grupo 4,25
2026-08-08T17:31+00:00,2015940,Análisis estructural aplicado,(1) Grupo 1,24
2026-08-08T17:31+00:00,2015940,Análisis estructural aplicado,(2) Grupo 2,24
2026-08-08T17:31+00:00,2015940,Análisis estructural aplicado,(3) Grupo 3,24
2026-08-08T17:31+00:00,2015941,Análisis estructural básico,(1) Grupo 1,30
2026-08-08T17:31+00:00,2015941,Análisis estructural básico,(2) Grupo 2,30
2026-08-08T17:31+00:00,2015941,Análisis estructural básico,(3) Grupo 3,30
2026-08-08T17:31+00:00,2015941,Análisis estructural básico,(4) Grupo 4,30
2026-08-08T17:31+00:00,1000004-B,Cálculo diferencial,(10) Grupo 10,53
2026-08-08T17:31+00:00,1000004-B,Cálculo diferencial,(11) Grupo 11,24
2026-08-08T17:31+00:00,1000004-B,Cálculo diferencial,(12) Grupo 12,24
2026-08-08T17:31+00:00,1000004-B,Cálculo diferencial,(13) Grupo 13,16
2026-08-08T17:31+00:00,1000004-B,Cálculo diferencial,(14) Grupo 14,90
2026-08-08T17:31+00:00,1000004-B,Cálculo diferencial,(16) Grupo 16,27
2026-08-08T17:31+00:00,1000004-B,Cálculo diferencial,(17) Grupo 17,39
2026-08-08T17:31+00:00,1000004-B,Cálculo diferencial,(19) Grupo 19,59
2026-08-08T17:31+00:00,1000004-B,Cálculo diferencial,(2) Grupo 2,24
2026-08-08T17:31+00:00,1000004-B,Cálculo diferencial,(20) Grupo 20,10
2026-08-08T17:31+00:00,1000004-B,Cálculo diferencial,(21) Grupo 21,60
2026-08-08T17:31+00:00,1000004-B,Cálculo diferencial,(22) Grupo 22,60
2026-08-08T17:31+00:00,1000004-B,Cálculo diferencial,(24) Grupo 24,60
2026-08-08T17:31+00:00,1000004-B,Cálculo diferencial,(25) Grupo 25,40
2026-08-08T17:31+00:00,1000004-B,Cálculo diferencial,(27) Grupo 27,51
2026-08-08T17:31+00:00,1000004-B,Cálculo diferencial,(28) Grupo 28,60
2026-08-08T17:31+00:00,1000004-B,Cálculo diferencial,(29) Grupo 29,60
2026-08-08T17:31+00:00,1000004-B,Cálculo diferencial,(30) Grupo 30,60
2026-08-08T17:31+00:00,1000004-B,Cálculo diferencial,(32) Grupo 32,90
2026-08-08T17:31+00:00,1000004-B,Cálculo diferencial,(4) Grupo 4,37
2026-08-08T17:31+00:00,1000004-B,Cálculo diferencial,(5) Grupo 5,84
2026-08-08T17:31+00:00,1000004-B,Cálculo diferencial,(7) Grupo 7,64
2026-08-08T17:31+00:00,1000004-B,Cálculo diferencial,(8) Grupo 8,40
2026-08-08T17:31+00:00,1000004-B,Cálculo diferencial,(9) Grupo 9,18
2026-08-08T17:31+00:00,1000006-B,Cálculo en varias variables,(1) Grupo 1,40
2026-08-08T17:31+00:00,1000006-B,Cálculo en varias variables,(10) Grupo 10,100
2026-08-08T17:31+00:00,1000006-B,Cálculo en varias variables,(11) Grupo 11,40
2026-08-08T17:31+00:00,1000006-B,Cálculo en varias variables,(12) Grupo 12,60
2026-08-08T17:31+00:00,1000006-B,Cálculo en varias variables,(13) Grupo 13,40
2026-08-08T17:31+00:00,1000006-B,Cálculo en varias variables,(14) Grupo 14,60
2026-08-08T17:31+00:00,1000006-B,Cálculo en varias variables,(15) Grupo 15,112
2026-08-08T17:31+00:00,1000006-B,Cálculo en varias variables,(2) Grupo 2,40
2026-08-08T17:31+00:00,1000006-B,Cálculo en varias variables,(3) Grupo 3,40
2026-08-08T17:31+00:00,1000006-B,Cálculo en varias variables,(4) Grupo 4,100
2026-08-08T17:31+00:00,1000006-B,Cálculo en varias variables,(5) Grupo 5,40
2026-08-08T17:31+00:00,1000006-B,Cálculo en varias variables,(7) Grupo 7,70
2026-08-08T17:31+00:00,1000006-B,Cálculo en varias variables,(8) Grupo 8,60
2026-08-08T17:31+00:00,1000006-B,Cálculo en varias variables,(9) Grupo 9,0
2026-08-08T17:31+00:00,1000005-B,Cálculo Integral,(1) Grupo 1,0
2026-08-08T17:31+00:00,1000005-B,Cálculo Integral,(10) Grupo 10,50
2026-08-08T17:31+00:00,1000005-B,Cálculo Integral,(14) Grupo 14,40
2026-08-08T17:31+00:00,1000005-B,Cálculo Integral,(15) Grupo 15,60
2026-08-08T17:31+00:00,1000005-B,Cálculo Integral,(16) Grupo 16,70
2026-08-08T17:31+00:00,1000005-B,Cálculo Integral,(17) Grupo 17,40
2026-08-08T17:31+00:00,1000005-B,Cálculo Integral,(2) Grupo 2,60
2026-08-08T17:31+00:00,1000005-B,Cálculo Integral,(20) Grupo 20,40
2026-08-08T17:31+00:00,1000005-B,Cálculo Integral,(22) Grupo 22,60
2026-08-08T17:31+00:00,1000005-B,Cálculo Integral,(3) Grupo 3,70
2026-08-08T17:31+00:00,1000005-B,Cálculo Integral,(4) Grupo 4,60
2026-08-08T17:31+00:00,1000005-B,Cálculo Integral,(6) Grupo 6,60
2026-08-08T17:31+00:00,1000005-B,Cálculo Integral,(7) Grupo 7,100
2026-08-08T17:31+00:00,1000005-B,Cálculo Integral,(8) Grupo 8,40
2026-08-08T17:31+00:00,1000005-B,Cálculo Integral,(9) Grupo 9,10
2026-08-08T17:31+00:00,2015943,Construcción de edificaciones,(1) Grupo 1,15
2026-08-08T17:31+00:00,2015944,Construcción de Infraestructura Vial,(1) Grupo 1,15
2026-08-08T17:31+00:00,2015711,Dibujo básico,(10) 2015711-10 Dibujo básico,0
2026-08-08T17:31+00:00,2015711,Dibujo básico,(11) 2015711-11 Dibujo básico,0
2026-08-08T17:31+00:00,2015711,Dibujo básico,(14) 2015711-14 Dibujo básico,0
2026-08-08T17:31+00:00,2015711,Dibujo básico,(16) 2015711-16 Dibujo básico,0
2026-08-08T17:31+00:00,2015711,Dibujo básico,(4) 2015711-4 Dibujo básico,9
2026-08-08T17:31+00:00,2015711,Dibujo básico,(5) 2015711-5 Dibujo básico,0
2026-08-08T17:31+00:00,2015711,Dibujo básico,(7) 2015711-7 Dibujo básico,20
2026-08-08T17:31+00:00,2015711,Dibujo básico,(8) 2015711-8 Dibujo básico,0
2026-08-08T17:31+00:00,2015711,Dibujo básico,(9) 2015711-9 Dibujo básico,0
2026-08-08T17:31+00:00,2015948,Dinámica,(1) Grupo 1,30
2026-08-08T17:31+00:00,2015948,Dinámica,(2) Grupo 2,30
2026-08-08T17:31+00:00,2015948,Dinámica,(3) Grupo 3,30
2026-08-08T17:31+00:00,2015950,Diseño estructural,(1) Grupo 1,25
2026-08-08T17:31+00:00,2015950,Diseño estructural,(2) Grupo 2,0
2026-08-08T17:31+00:00,2015950,Diseño estructural,(3) Grupo 3,25
2026-08-08T17:31+00:00,2015950,Diseño estructural,(4) Grupo 4,25
2026-08-08T17:31+00:00,2015950,Diseño estructural,(5) Grupo 5,25
2026-08-08T17:31+00:00,2015949,Diseño geométrico de Vías,(1) Grupo 1,30
2026-08-08T17:31+00:00,2015949,Diseño geométrico de Vías,(2) Grupo 2,30
2026-08-08T17:31+00:00,2015949,Diseño geométrico de Vías,(3) Grupo 3,30
2026-08-08T17:31+00:00,1000007-B,Ecuaciones Diferenciales,(1) Grupo 1,60
2026-08-08T17:31+00:00,1000007-B,Ecuaciones Diferenciales,(11) Grupo 11,60
2026-08-08T17:31+00:00,1000007-B,Ecuaciones Diferenciales,(12) Grupo 12,60
2026-08-08T17:31+00:00,1000007-B,Ecuaciones Diferenciales,(13) Grupo 13,40
2026-08-08T17:31+00:00,1000007-B,Ecuaciones Diferenciales,(14) Grupo 14,100
2026-08-08T17:31+00:00,1000007-B,Ecuaciones Diferenciales,(3) Grupo 3,40
2026-08-08T17:31+00:00,1000007-B,Ecuaciones Diferenciales,(4) Grupo 4,60
2026-08-08T17:31+00:00,1000007-B,Ecuaciones Diferenciales,(6) Grupo 6,50
2026-08-08T17:31+00:00,1000007-B,Ecuaciones Diferenciales,(7) Grupo 7,40
2026-08-08T17:31+00:00,1000007-B,Ecuaciones Diferenciales,(9) Grupo 9,0
2026-08-08T17:31+00:00,2026134,Estática,(1) Grupo 1,0
2026-08-08T17:31+00:00,2026134,Estática,(2) Grupo 2,30
2026-08-08T17:31+00:00,2026134,Estática,(3) Grupo 3,30
2026-08-08T17:31+00:00,2026134,Estática,(4) Grupo 4,30
2026-08-08T17:31+00:00,2026134,Estática,(5) Grupo 5,30
2026-08-08T17:31+00:00,2026134,Estática,(6) Grupo 6,30
2026-08-08T17:31+00:00,2015954,Estructuras hidráulicas,(1) Grupo 1,30
2026-08-08T17:31+00:00,2015954,Estructuras hidráulicas,(2) Grupo 2,30
2026-08-08T17:31+00:00,2015954,Estructuras hidráulicas,(3) Grupo 3,30
2026-08-08T17:31+00:00,2015955,Fundamentos de construcción,(1) Grupo 1,30
2026-08-08T17:31+00:00,2015955,Fundamentos de construcción,(2) Grupo 2,30
2026-08-08T17:31+00:00,2015955,Fundamentos de construcción,(3) Grupo 3,30
2026-08-08T17:31+00:00,1000011-B,Fundamentos de ecología,(1) Grupo 1,118
2026-08-08T17:31+00:00,1000011-B,Fundamentos de ecología,(3) Grupo 3,12
2026-08-08T17:31+00:00,1000019-B,Fundamentos de mecánica,(1) Grupo 1,35
2026-08-08T17:31+00:00,1000019-B,Fundamentos de mecánica,(10) Grupo 10,35
2026-08-08T17:31+00:00,1000019-B,Fundamentos de mecánica,(11) Grupo 11,35
2026-08-08T17:31+00:00,1000019-B,Fundamentos de mecánica,(12) Grupo 12,35
2026-08-08T17:31+00:00,1000019-B,Fundamentos de mecánica,(13) Grupo 13,35
2026-08-08T17:31+00:00,1000019-B,Fundamentos de mecánica,(14) Grupo 14,35
2026-08-08T17:31+00:00,1000019-B,Fundamentos de mecánica,(15) Grupo 15,32
2026-08-08T17:31+00:00,1000019-B,Fundamentos de mecánica,(16) Grupo 16,35
2026-08-08T17:31+00:00,1000019-B,Fundamentos de mecánica,(17) Grupo 17,34
2026-08-08T17:31+00:00,1000019-B,Fundamentos de mecánica,(18) Grupo 18,34
2026-08-08T17:31+00:00,1000019-B,Fundamentos de mecánica,(19) Grupo 19,32
2026-08-08T17:31+00:00,1000019-B,Fundamentos de mecánica,(2) Grupo 2,35
2026-08-08T17:31+00:00,1000019-B,Fundamentos de mecánica,(20) Grupo 20,35
2026-08-08T17:31+00:00,1000019-B,Fundamentos de mecánica,(21) Grupo 21,35
2026-08-08T17:31+00:00,1000019-B,Fundamentos de mecánica,(22) Grupo 22,35
2026-08-08T17:31+00:00,1000019-B,Fundamentos de mecánica,(23) Grupo 23,35
2026-08-08T17:31+00:00,1000019-B,Fundamentos de mecánica,(24) Grupo 24,35
2026-08-08T17:31+00:00,1000019-B,Fundamentos de mecánica,(25) Grupo 25,45
2026-08-08T17:31+00:00,1000019-B,Fundamentos de mecánica,(26) Grupo 26 (VIRTUAL),50
2026-08-08T17:31+00:00,1000019-B,Fundamentos de mecánica,(27) Grupo 27 (VIRTUAL),50
2026-08-08T17:31+00:00,1000019-B,Fundamentos de mecánica,(28) Grupo 28 (VIRTUAL),50
2026-08-08T17:31+00:00,1000019-B,Fundamentos de mecánica,(29) Grupo 29 (VIRTUAL),50
2026-08-08T17:31+00:00,1000019-B,Fundamentos de mecánica,(3) Grupo 3,35
2026-08-08T17:31+00:00,1000019-B,Fundamentos de mecánica,(4) Grupo 4,35
2026-08-08T17:31+00:00,1000019-B,Fundamentos de mecánica,(5) Grupo 5,35
2026-08-08T17:31+00:00,1000019-B,Fundamentos de mecánica,(6) Grupo 6,35
2026-08-08T17:31+00:00,1000019-B,Fundamentos de mecánica,(7) Grupo 7,35
2026-08-08T17:31+00:00,1000019-B,Fundamentos de mecánica,(8) Grupo 8,35
2026-08-08T17:31+00:00,1000019-B,Fundamentos de mecánica,(9) Grupo 9,0
2026-08-08T17:31+00:00,1000019-B,Fundamentos de mecánica,(1) Grupo 1,35
2026-08-08T17:31+00:00,1000019-B,Fundamentos de mecánica,(10) Grupo 10,35
2026-08-08T17:31+00:00,1000019-B,Fundamentos de mecánica,(11) Grupo 11,35
2026-08-08T17:31+00:00,1000019-B,Fundamentos de mecánica,(12) Grupo 12,35
2026-08-08T17:31+00:00,1000019-B,Fundamentos de mecánica,(13) Grupo 13,35
2026-08-08T17:31+00:00,1000019-B,Fundamentos de mecánica,(14) Grupo 14,35
2026-08-08T17:31+00:00,1000019-B,Fundamentos de mecánica,(15) Grupo 15,32
2026-08-08T17:31+00:00,1000019-B,Fundamentos de mecánica,(16) Grupo 16,35
2026-08-08T17:31+00:00,1000019-B,Fundamentos de mecánica,(17) Grupo 17,34
2026-08-08T17:31+00:00,1000019-B,Fundamentos de mecánica,(18) Grupo 18,34
2026-08-08T17:31+00:00,1000019-B,Fundamentos de mecánica,(19) Grupo 19,32
2026-08-08T17:31+00:00,1000019-B,Fundamentos de mecánica,(2) Grupo 2,35
2026-08-08T17:31+00:00,1000019-B,Fundamentos de mecánica,(20) Grupo 20,35
2026-08-08T17:31+00:00,1000019-B,Fundamentos de mecánica,(21) Grupo 21,35
2026-08-08T17:31+00:00,1000019-B,Fundamentos de mecánica,(22) Grupo 22,35
2026-08-08T17:31+00:00,1000019-B,Fundamentos de mecánica,(23) Grupo 23,35
2026-08-08T17:31+00:00,1000019-B,Fundamentos de mecánica,(24) Grupo 24,35
2026-08-08T17:31+00:00,1000019-B,Fundamentos de mecánica,(25) Grupo 25,45
2026-08-08T17:31+00:00,1000019-B,Fundamentos de mecánica,(26) Grupo 26 (VIRTUAL),50
2026-08-08T17:31+00:00,1000019-B,Fundamentos de mecánica,(27) Grupo 27 (VIRTUAL),50
2026-08-08T17:31+00:00,1000019-B,Fundamentos de mecánica,(28) Grupo 28 (VIRTUAL),50
2026-08-08T17:31+00:00,1000019-B,Fundamentos de mecánica,(29) Grupo 29 (VIRTUAL),50
2026-08-08T17:31+00:00,1000019-B,Fundamentos de mecánica,(3) Grupo 3,35
2026-08-08T17:31+00:00,1000019-B,Fundamentos de mecánica,(4) Grupo 4,35
2026-08-08T17:31+00:00,1000019-B,Fundamentos de mecánica,(5) Grupo 5,35
2026-08-08T17:31+00:00,1000019-B,Fundamentos de mecánica,(6) Grupo 6,35
2026-08-08T17:31+00:00,1000019-B,Fundamentos de mecánica,(7) Grupo 7,35
2026-08-08T17:31+00:00,1000019-B,Fundamentos de mecánica,(8) Grupo 8,35
2026-08-08T17:31+00:00,1000019-B,Fundamentos de mecánica,(9) Grupo 9,10
2026-08-08T17:31+00:00,1000019-B,Fundamentos de mecánica,(16) Gruop 16,8
2026-08-08T17:31+00:00,1000019-B,Fundamentos de mecánica,(1) Grupo 1,35
2026-08-08T17:31+00:00,1000019-B,Fundamentos de mecánica,(10) Grupo 10,35
2026-08-08T17:31+00:00,1000019-B,Fundamentos de mecánica,(11) Grupo 11,35
2026-08-08T17:31+00:00,1000019-B,Fundamentos de mecánica,(12) Grupo 12,35
2026-08-08T17:31+00:00,1000019-B,Fundamentos de mecánica,(13) Grupo 13,35
2026-08-08T17:31+00:00,1000019-B,Fundamentos de mecánica,(14) Grupo 14,35
2026-08-08T17:31+00:00,1000019-B,Fundamentos de mecánica,(15) Grupo 15,32
2026-08-08T17:31+00:00,1000019-B,Fundamentos de mecánica,(17) Grupo 17,34
2026-08-08T17:31+00:00,1000019-B,Fundamentos de mecánica,(18) Grupo 18,34
2026-08-08T17:31+00:00,1000019-B,Fundamentos de mecánica,(19) Grupo 19,32
2026-08-08T17:31+00:00,1000019-B,Fundamentos de mecánica,(2) Grupo 2,35
2026-08-08T17:31+00:00,1000019-B,Fundamentos de mecánica,(20) Grupo 20,35
2026-08-08T17:31+00:00,1000019-B,Fundamentos de mecánica,(21) Grupo 21,35
2026-08-08T17:31+00:00,1000019-B,Fundamentos de mecánica,(22) Grupo 22,35
2026-08-08T17:31+00:00,1000019-B,Fundamentos de mecánica,(23) Grupo 23,35
2026-08-08T17:31+00:00,1000019-B,Fundamentos de mecánica,(24) Grupo 24,35
2026-08-08T17:31+00:00,1000019-B,Fundamentos de mecánica,(25) Grupo 25,45
2026-08-08T17:31+00:00,1000019-B,Fundamentos de mecánica,(26) Grupo 26 (VIRTUAL),50
2026-08-08T17:31+00:00,1000019-B,Fundamentos de mecánica,(27) Grupo 27 (VIRTUAL),50
2026-08-08T17:31+00:00,1000019-B,Fundamentos de mecánica,(28) Grupo 28 (VIRTUAL),50
2026-08-08T17:31+00:00,1000019-B,Fundamentos de mecánica,(29) Grupo 29 (VIRTUAL),50
2026-08-08T17:31+00:00,1000019-B,Fundamentos de mecánica,(3) Grupo 3,35
2026-08-08T17:31+00:00,1000019-B,Fundamentos de mecánica,(4) Grupo 4,35
2026-08-08T17:31+00:00,1000019-B,Fundamentos de mecánica,(5) Grupo 5,35
2026-08-08T17:31+00:00,1000019-B,Fundamentos de mecánica,(6) Grupo 6,35
2026-08-08T17:31+00:00,1000019-B,Fundamentos de mecánica,(7) Grupo 7,35
2026-08-08T17:31+00:00,1000019-B,Fundamentos de mecánica,(8) Grupo 8,35
2026-08-08T17:31+00:00,1000019-B,Fundamentos de mecánica,(9) Grupo 9,10
2026-08-08T17:31+00:00,2015956,Geología,(1) Grupo 1,35
2026-08-08T17:31+00:00,2015956,Geología,(2) Grupo 2,30
2026-08-08T17:31+00:00,2015956,Geología,(3) Grupo 3,30
2026-08-08T17:31+00:00,2015956,Geología,(4) Grupo 4,35
2026-08-08T17:31+00:00,2015957,Geomática Aplicada,(1) Grupo 1,30
2026-08-08T17:31+00:00,2015957,Geomática Aplicada,(2) Grupo 2,30
2026-08-08T17:31+00:00,2015957,Geomática Aplicada,(3) Grupo 3,30
2026-08-08T17:31+00:00,2015957,Geomática Aplicada,(4) Grupo 4,30
2026-08-08T17:31+00:00,2015958,Geomática básica,(1) Grupo 1,20
2026-08-08T17:31+00:00,2015958,Geomática básica,(2) Grupo 2,20
2026-08-08T17:31+00:00,2015958,Geomática básica,(3) Grupo 3,30
2026-08-08T17:31+00:00,2015958,Geomática básica,(4) Grupo 4,20
2026-08-08T17:31+00:00,2015958,Geomática básica,(5) Grupo 5,20
2026-08-08T17:31+00:00,2015958,Geomática básica,(6) Grupo 6,20
2026-08-08T17:31+00:00,2015958,Geomática básica,(7) Grupo 7,20
2026-08-08T17:31+00:00,2015958,Geomática básica,(8) Grupo 8,20
2026-08-08T17:31+00:00,2015958,Geomática básica,(9) Grupo 9,20
2026-08-08T17:31+00:00,2015958,Geomática básica,(1) Grupo 1,40
2026-08-08T17:31+00:00,2015958,Geomática básica,(3) Grupo 3,30
2026-08-08T17:31+00:00,2015958,Geomática básica,(4) Grupo 4,40
2026-08-08T17:31+00:00,2015958,Geomática básica,(6) Grupo 6,40
2026-08-08T17:31+00:00,2015958,Geomática básica,(8) Grupo 8,40
2026-08-08T17:31+00:00,2015959,Geotecnia,(1) Grupo 1,30
2026-08-08T17:31+00:00,2015959,Geotecnia,(2) Grupo 2,30
2026-08-08T17:31+00:00,2015959,Geotecnia,(3) Grupo 3,30
2026-08-08T17:31+00:00,2015959,Geotecnia,(4) Grupo 4,0
2026-08-08T17:31+00:00,2015961,Hidráulica básica,(1) Grupo 1,24
2026-08-08T17:31+00:00,2015961,Hidráulica básica,(2) Grupo 2,24
2026-08-08T17:31+00:00,2015961,Hidráulica básica,(3) Grupo 3,24
2026-08-08T17:31+00:00,2015961,Hidráulica básica,(4) Grupo 4,24
2026-08-08T17:31+00:00,2015961,Hidráulica básica,(5) Grupo 5,24
2026-08-08T17:31+00:00,2015961,Hidráulica básica,(6) Grupo 6,24
2026-08-08T17:31+00:00,2015978,Hidrología,(1) Grupo 1,0
2026-08-08T17:31+00:00,2015978,Hidrología,(2) Grupo 2,30
2026-08-08T17:31+00:00,2015978,Hidrología,(3) Grupo 3,30
2026-08-08T17:31+00:00,2015978,Hidrología,(4) Grupo 4,30
2026-08-08T17:31+00:00,2015978,Hidrología,(5) Grupo 5,30
2026-08-08T17:31+00:00,2026135,Ingeniería civil sostenible,(1) Grupo 1,25
2026-08-08T17:31+00:00,2026135,Ingeniería civil sostenible,(2) Grupo 2,25
2026-08-08T17:31+00:00,2026135,Ingeniería civil sostenible,(3) Grupo 3,25
2026-08-08T17:31+00:00,2015963,Ingeniería de Tránsito,(1) Grupo 1,30
2026-08-08T17:31+00:00,2015963,Ingeniería de Tránsito,(2) Grupo 2,30
2026-08-08T17:31+00:00,2015963,Ingeniería de Tránsito,(3) Grupo 3,30
2026-08-08T17:31+00:00,2026138,Ingenieria de transporte,(1) Grupo 1,30
2026-08-08T17:31+00:00,2026138,Ingenieria de transporte,(2) Grupo 2,30
2026-08-08T17:31+00:00,2026138,Ingenieria de transporte,(3) Grupo 3,30
2026-08-08T17:31+00:00,2015703,Ingeniería económica,(1) Grupo 1,40
2026-08-08T17:31+00:00,2015703,Ingeniería económica,(10) Grupo 10,30
2026-08-08T17:31+00:00,2015703,Ingeniería económica,(11) Grupo 11,30
2026-08-08T17:31+00:00,2015703,Ingeniería económica,(2) Grupo 2,40
2026-08-08T17:31+00:00,2015703,Ingeniería económica,(3) Grupo 3,40
2026-08-08T17:31+00:00,2015703,Ingeniería económica,(4) Grupo 4,30
2026-08-08T17:31+00:00,2015703,Ingeniería económica,(5) Grupo 5 - Virtual,60
2026-08-08T17:31+00:00,2015703,Ingeniería económica,(6) Grupo 6,40
2026-08-08T17:31+00:00,2015703,Ingeniería económica,(7) Grupo 7,20
2026-08-08T17:31+00:00,2015703,Ingeniería económica,(8) Grupo 8,40
2026-08-08T17:31+00:00,2015703,Ingeniería económica,(9) Grupo 9,35
2026-08-08T17:31+00:00,1000044-B,Inglés I- Semestral,(1) Grupo 1,26
2026-08-08T17:31+00:00,1000044-B,Inglés I- Semestral,(2) Grupo 2,26
2026-08-08T17:31+00:00,1000044-B,Inglés I- Semestral,(3) Grupo 3,26
2026-08-08T17:31+00:00,1000044-B,Inglés I- Semestral,(4) Grupo 4,26
2026-08-08T17:31+00:00,1000044-B,Inglés I- Semestral,(5) Grupo 5,26
2026-08-08T17:31+00:00,1000044-B,Inglés I- Semestral,(6) Grupo 6,26
2026-08-08T17:31+00:00,1000044-B,Inglés I- Semestral,(7) Grupo 7,26
2026-08-08T17:31+00:00,1000044-B,Inglés I- Semestral,(8) Grupo 8,26
2026-08-08T17:31+00:00,1000044-B,Inglés I- Semestral,(9) Grupo 9,7
2026-08-08T17:31+00:00,1000045-B,Inglés II - Semestral,(1) Grupo 1,10
2026-08-08T17:31+00:00,1000045-B,Inglés II - Semestral,(10) Grupo 10,26
2026-08-08T17:31+00:00,1000045-B,Inglés II - Semestral,(11) Grupo 11,26
2026-08-08T17:31+00:00,1000045-B,Inglés II - Semestral,(12) Grupo 12,26
2026-08-08T17:31+00:00,1000045-B,Inglés II - Semestral,(13) Grupo 13,26
2026-08-08T17:31+00:00,1000045-B,Inglés II - Semestral,(14) Grupo 14,26
2026-08-08T17:31+00:00,1000045-B,Inglés II - Semestral,(15) Grupo 15,26
2026-08-08T17:31+00:00,1000045-B,Inglés II - Semestral,(16) Grupo 16,26
2026-08-08T17:31+00:00,1000045-B,Inglés II - Semestral,(2) Grupo 2,26
2026-08-08T17:31+00:00,1000045-B,Inglés II - Semestral,(3) Grupo 3,26
2026-08-08T17:31+00:00,1000045-B,Inglés II - Semestral,(4) Grupo 4,26
2026-08-08T17:31+00:00,1000045-B,Inglés II - Semestral,(5) Grupo 5,26
2026-08-08T17:31+00:00,1000045-B,Inglés II - Semestral,(6) Grupo 6,26
2026-08-08T17:31+00:00,1000045-B,Inglés II - Semestral,(7) Grupo 7,26
2026-08-08T17:31+00:00,1000045-B,Inglés II - Semestral,(8) Grupo 8,26
2026-08-08T17:31+00:00,1000045-B,Inglés II - Semestral,(9) Grupo 9,15
2026-08-08T17:31+00:00,1000046-B,Inglés III - Semestral,(1) Grupo 1,26
2026-08-08T17:31+00:00,1000046-B,Inglés III - Semestral,(10) Grupo 10,26
2026-08-08T17:31+00:00,1000046-B,Inglés III - Semestral,(11) Grupo 11,26
2026-08-08T17:31+00:00,1000046-B,Inglés III - Semestral,(12) Grupo 12,26
2026-08-08T17:31+00:00,1000046-B,Inglés III - Semestral,(13) Grupo 13,26
2026-08-08T17:31+00:00,1000046-B,Inglés III - Semestral,(14) Grupo 14,26
2026-08-08T17:31+00:00,1000046-B,Inglés III - Semestral,(15) Grupo 15,26
2026-08-08T17:31+00:00,1000046-B,Inglés III - Semestral,(16) Grupo 16,26
2026-08-08T17:31+00:00,1000046-B,Inglés III - Semestral,(17) Grupo 17,26
2026-08-08T17:31+00:00,1000046-B,Inglés III - Semestral,(18) Grupo 18,26
2026-08-08T17:31+00:00,1000046-B,Inglés III - Semestral,(2) Grupo 2,26
2026-08-08T17:31+00:00,1000046-B,Inglés III - Semestral,(3) Grupo 3,26
2026-08-08T17:31+00:00,1000046-B,Inglés III - Semestral,(4) Grupo 4,26
2026-08-08T17:31+00:00,1000046-B,Inglés III - Semestral,(5) Grupo 5,26
2026-08-08T17:31+00:00,1000046-B,Inglés III - Semestral,(6) Grupo 6,26
2026-08-08T17:31+00:00,1000046-B,Inglés III - Semestral,(7) Grupo 7,26
2026-08-08T17:31+00:00,1000046-B,Inglés III - Semestral,(8) Grupo 8,26
2026-08-08T17:31+00:00,1000046-B,Inglés III - Semestral,(9) Grupo 9,10
2026-08-08T17:31+00:00,1000052-B,Inglés Intensivo I y II,(1) Grupo 1,28
2026-08-08T17:31+00:00,1000052-B,Inglés Intensivo I y II,(2) Grupo 2,28
2026-08-08T17:31+00:00,1000052-B,Inglés Intensivo I y II,(3) Grupo 3,28
2026-08-08T17:31+00:00,1000053-B,Inglés Intensivo III y IV,(1) Grupo 1,28
2026-08-08T17:31+00:00,1000053-B,Inglés Intensivo III y IV,(2) Grupo 2,28
2026-08-08T17:31+00:00,1000053-B,Inglés Intensivo III y IV,(3) Grupo 3,30
2026-08-08T17:31+00:00,1000053-B,Inglés Intensivo III y IV,(4) Grupo 4,30
2026-08-08T17:31+00:00,1000053-B,Inglés Intensivo III y IV,(5) Grupo 5,28
2026-08-08T17:31+00:00,1000053-B,Inglés Intensivo III y IV,(6) Grupo 6,28
2026-08-08T17:31+00:00,1000047-B,Inglés IV- Semestral,(1) Grupo 1,26
2026-08-08T17:31+00:00,1000047-B,Inglés IV- Semestral,(10) Grupo 10,26
2026-08-08T17:31+00:00,1000047-B,Inglés IV- Semestral,(11) Grupo 11,26
2026-08-08T17:31+00:00,1000047-B,Inglés IV- Semestral,(12) Grupo 12,26
2026-08-08T17:31+00:00,1000047-B,Inglés IV- Semestral,(13) Grupo 13,26
2026-08-08T17:31+00:00,1000047-B,Inglés IV- Semestral,(14) Grupo 14,26
2026-08-08T17:31+00:00,1000047-B,Inglés IV- Semestral,(15) Grupo 15,26
2026-08-08T17:31+00:00,1000047-B,Inglés IV- Semestral,(16) Grupo 16,26
2026-08-08T17:31+00:00,1000047-B,Inglés IV- Semestral,(17) Grupo 17,26
2026-08-08T17:31+00:00,1000047-B,Inglés IV- Semestral,(18) Grupo 18,26
2026-08-08T17:31+00:00,1000047-B,Inglés IV- Semestral,(19) Grupo 19,26
2026-08-08T17:31+00:00,1000047-B,Inglés IV- Semestral,(2) Grupo 2,26
2026-08-08T17:31+00:00,1000047-B,Inglés IV- Semestral,(20) Grupo 20,26
2026-08-08T17:31+00:00,1000047-B,Inglés IV- Semestral,(21) Grupo 21,26
2026-08-08T17:31+00:00,1000047-B,Inglés IV- Semestral,(22) Grupo 22,26
2026-08-08T17:31+00:00,1000047-B,Inglés IV- Semestral,(3) Grupo 3,26
2026-08-08T17:31+00:00,1000047-B,Inglés IV- Semestral,(4) Grupo 4,26
2026-08-08T17:31+00:00,1000047-B,Inglés IV- Semestral,(5) Grupo 5,26
2026-08-08T17:31+00:00,1000047-B,Inglés IV- Semestral,(6) Grupo 6,26
2026-08-08T17:31+00:00,1000047-B,Inglés IV- Semestral,(7) Grupo 7,26
2026-08-08T17:31+00:00,1000047-B,Inglés IV- Semestral,(8) Grupo 8,26
2026-08-08T17:31+00:00,1000047-B,Inglés IV- Semestral,(9) Grupo 9,15
2026-08-08T17:31+00:00,2026186,Introducción a la ingeniería civil,(1) Grupo 1,7
2026-08-08T17:31+00:00,2026186,Introducción a la ingeniería civil,(2) Grupo 2,0
2026-08-08T17:31+00:00,2026186,Introducción a la ingeniería civil,(4) Grupo 4,10
2026-08-08T17:31+00:00,1000002-B,Lecto-Escritura,(1) Grupo 1 - Clase Presencial,1
2026-08-08T17:31+00:00,1000002-B,Lecto-Escritura,(10) Grupo 10 - Clase presencial,0
2026-08-08T17:31+00:00,1000002-B,Lecto-Escritura,(2) Grupo 2 - Clase Presencial,0
2026-08-08T17:31+00:00,1000002-B,Lecto-Escritura,(3) Grupo 3 - Clase Presencial,0
2026-08-08T17:31+00:00,1000002-B,Lecto-Escritura,(4) Grupo 4 - Clase Presencial,0
2026-08-08T17:31+00:00,1000002-B,Lecto-Escritura,(5) Grupo 5 - Clase Presencial,0
2026-08-08T17:31+00:00,1000002-B,Lecto-Escritura,(6) Grupo 6 - Clase Presencial,0
2026-08-08T17:31+00:00,1000002-B,Lecto-Escritura,(7) Grupo 7 - Clase Presencial,0
2026-08-08T17:31+00:00,1000002-B,Lecto-Escritura,(8) Grupo 8 - Clase Presencial,0
2026-08-08T17:31+00:00,1000002-B,Lecto-Escritura,(9) Grupo 9 - Clase Presencial,10
2026-08-08T17:31+00:00,1000001-B,Matemáticas Básicas,(1) Grupo 1,0
2026-08-08T17:31+00:00,1000001-B,Matemáticas Básicas,(19) Grupo 19,5
2026-08-08T17:31+00:00,1000001-B,Matemáticas Básicas,(2) Grupo 2,10
2026-08-08T17:31+00:00,1000001-B,Matemáticas Básicas,(1) Grupo 1,0
2026-08-08T17:31+00:00,1000001-B,Matemáticas Básicas,(10) Grupo 10,0
2026-08-08T17:31+00:00,1000001-B,Matemáticas Básicas,(2) Grupo 2,0
2026-08-08T17:31+00:00,1000001-B,Matemáticas Básicas,(3) Grupo 3,0
2026-08-08T17:31+00:00,1000001-B,Matemáticas Básicas,(4) Grupo 4,0
2026-08-08T17:31+00:00,1000001-B,Matemáticas Básicas,(5) Grupo 5,0
2026-08-08T17:31+00:00,1000001-B,Matemáticas Básicas,(6) Grupo 6,0
2026-08-08T17:31+00:00,1000001-B,Matemáticas Básicas,(7) Grupo 7,0
2026-08-08T17:31+00:00,1000001-B,Matemáticas Básicas,(8) Grupo 8,0
2026-08-08T17:31+00:00,1000001-B,Matemáticas Básicas,(9) Grupo 9,10
2026-08-08T17:31+00:00,2015965,Materiales para construcción,(1) Grupo 1,24
2026-08-08T17:31+00:00,2015965,Materiales para construcción,(2) Grupo 2,24
2026-08-08T17:31+00:00,2015965,Materiales para construcción,(3) Grupo 3,24
2026-08-08T17:31+00:00,2015965,Materiales para construcción,(4) Grupo 4,24
2026-08-08T17:31+00:00,2015966,Mecánica de fluidos,(1) Grupo 1,24
2026-08-08T17:31+00:00,2015966,Mecánica de fluidos,(2) Grupo 2,24
2026-08-08T17:31+00:00,2015966,Mecánica de fluidos,(3) Grupo 3,24
2026-08-08T17:31+00:00,2015966,Mecánica de fluidos,(4) Grupo 4,24
2026-08-08T17:31+00:00,2015966,Mecánica de fluidos,(5) Grupo 5,24
2026-08-08T17:31+00:00,2015966,Mecánica de fluidos,(6) Grupo 6,24
2026-08-08T17:31+00:00,2015966,Mecánica de fluidos,(7) Grupo 7,24
2026-08-08T17:31+00:00,2015966,Mecánica de fluidos,(8) Grupo 8,24
2026-08-08T17:31+00:00,2015967,Mecánica de Rocas,(1) Grupo 1,24
2026-08-08T17:31+00:00,2015968,Mecánica de sólidos,(1) Grupo 1,24
2026-08-08T17:31+00:00,2015968,Mecánica de sólidos,(2) Grupo 2,24
2026-08-08T17:31+00:00,2015968,Mecánica de sólidos,(3) Grupo 3,24
2026-08-08T17:31+00:00,2015968,Mecánica de sólidos,(4) Grupo 4,24
2026-08-08T17:31+00:00,2015968,Mecánica de sólidos,(5) Grupo 5,24
2026-08-08T17:31+00:00,2015968,Mecánica de sólidos,(6) Grupo 6,24
2026-08-08T17:31+00:00,2015968,Mecánica de sólidos,(7) Grupo 7,0
2026-08-08T17:31+00:00,2015969,Mecánica de suelos,(1) Grupo 1 (Inglés),30
2026-08-08T17:31+00:00,2015969,Mecánica de suelos,(2) Grupo 2,30
2026-08-08T17:31+00:00,2015969,Mecánica de suelos,(3) Grupo 3,30
2026-08-08T17:31+00:00,2015969,Mecánica de suelos,(4) Grupo 4,30
2026-08-08T17:31+00:00,2015970,Métodos numéricos,(4) Grupo 4,30
2026-08-08T17:31+00:00,2015970,Métodos numéricos,(5) Grupo 5,45
2026-08-08T17:31+00:00,2015970,Métodos numéricos,(8) Grupo 8,30
2026-08-08T17:31+00:00,2015970,Métodos numéricos,(9) Grupo 9,45
2026-08-08T17:31+00:00,2017293,Modelación matemática,(1) 2017293-1 Modelación matemática,34
2026-08-08T17:31+00:00,2017293,Modelación matemática,(2) 2017293-2 Modelación matemática,34
2026-08-08T17:31+00:00,2017293,Modelación matemática,(1M) 2017293-1M Modelación matemática - Magistral,80
2026-08-08T17:31+00:00,2015971,Pavimentos,(1) Grupo 1,30
2026-08-08T17:31+00:00,2015971,Pavimentos,(2) Grupo 2,30
2026-08-08T17:31+00:00,2015971,Pavimentos,(3) Grupo 3,30
2026-08-08T17:31+00:00,2015972,Preparación y evaluación de proyectos de infraestructura,(1) Grupo 1,15
2026-08-08T17:31+00:00,2015972,Preparación y evaluación de proyectos de infraestructura,(2) Grupo 2,15
2026-08-08T17:31+00:00,2015972,Preparación y evaluación de proyectos de infraestructura,(3) Grupo 3,15
2026-08-08T17:31+00:00,1000024-B,Principios de química,(12) Grupo 12,0
2026-08-08T17:31+00:00,1000024-B,Principios de química,(13) Grupo 13,0
2026-08-08T17:31+00:00,1000024-B,Principios de química,(14) Grupo 14,10
2026-08-08T17:31+00:00,1000013-B,Probabilidad y estadística fundamental,(1) Grupo 1,0
2026-08-08T17:31+00:00,1000013-B,Probabilidad y estadística fundamental,(10) Grupo 10,35
2026-08-08T17:31+00:00,1000013-B,Probabilidad y estadística fundamental,(11) Grupo 11,40
2026-08-08T17:31+00:00,1000013-B,Probabilidad y estadística fundamental,(12) Grupo 12,40
2026-08-08T17:31+00:00,1000013-B,Probabilidad y estadística fundamental,(13) Grupo 13,30
2026-08-08T17:31+00:00,1000013-B,Probabilidad y estadística fundamental,(14) Grupo 14,45
2026-08-08T17:31+00:00,1000013-B,Probabilidad y estadística fundamental,(16) Grupo 16,30
2026-08-08T17:31+00:00,1000013-B,Probabilidad y estadística fundamental,(2) Grupo 2,40
2026-08-08T17:31+00:00,1000013-B,Probabilidad y estadística fundamental,(22) Grupo 22,45
2026-08-08T17:31+00:00,1000013-B,Probabilidad y estadística fundamental,(23) Grupo 23,0
2026-08-08T17:31+00:00,1000013-B,Probabilidad y estadística fundamental,(3) Grupo 3,40
2026-08-08T17:31+00:00,1000013-B,Probabilidad y estadística fundamental,(4) Grupo 4,40
2026-08-08T17:31+00:00,1000013-B,Probabilidad y estadística fundamental,(5) Grupo 5,35
2026-08-08T17:31+00:00,1000013-B,Probabilidad y estadística fundamental,(6) Grupo 6,35
2026-08-08T17:31+00:00,1000013-B,Probabilidad y estadística fundamental,(7) Grupo 7,40
2026-08-08T17:31+00:00,2015734,Programación de computadores,(1) Grupo 1,6
2026-08-08T17:31+00:00,2015734,Programación de computadores,(10) Grupo 10,4
2026-08-08T17:31+00:00,2015734,Programación de computadores,(11) Grupo 11,0
2026-08-08T17:31+00:00,2015734,Programación de computadores,(12) Grupo 12,1
2026-08-08T17:31+00:00,2015734,Programación de computadores,(13) Grupo 13,4
2026-08-08T17:31+00:00,2015734,Programación de computadores,(14) Grupo 14,0
2026-08-08T17:31+00:00,2015734,Programación de computadores,(2) Grupo 2,16
2026-08-08T17:31+00:00,2015734,Programación de computadores,(3) Grupo 3,0
2026-08-08T17:31+00:00,2015734,Programación de computadores,(4) Grupo 4,0
2026-08-08T17:31+00:00,2015734,Programación de computadores,(5) Grupo 5,0
2026-08-08T17:31+00:00,2015734,Programación de computadores,(6) Grupo 6,8
2026-08-08T17:31+00:00,2015734,Programación de computadores,(7) Grupo 7,3
2026-08-08T17:31+00:00,2015734,Programación de computadores,(8) Grupo 8 - Virtual,30
2026-08-08T17:31+00:00,2015734,Programación de computadores,(9) Grupo 9,18
2026-08-08T17:31+00:00,2015973,Saneamiento ambiental,(1) Grupo 1,25
2026-08-08T17:31+00:00,2015973,Saneamiento ambiental,(2) Grupo 2,25
2026-08-08T17:31+00:00,2015973,Saneamiento ambiental,(3) Grupo 3,25
2026-08-08T17:31+00:00,2022761,SIG para Ingeniería Civil,(1) Grupo 1,15
2026-08-08T17:31+00:00,2022761,SIG para Ingeniería Civil,(2) Grupo 2,15
2026-08-08T17:31+00:00,2022761,SIG para Ingeniería Civil,(3) Grupo 3,15
2026-08-08T17:31+00:00,2015296,Trabajo de Grado,(1) Grupo 1,5
2026-08-08T17:31+00:00,2015296,Trabajo de Grado,(10) Grupo 10,5
2026-08-08T17:31+00:00,2015296,Trabajo de Grado,(11) Grupo 11,5
2026-08-08T17:31+00:00,2015296,Trabajo de Grado,(12) Grupo 12,5
2026-08-08T17:31+00:00,2015296,Trabajo de Grado,(13) Grupo 13,5
2026-08-08T17:31+00:00,2015296,Trabajo de Grado,(14) Grupo 14,5
2026-08-08T17:31+00:00,2015296,Trabajo de Grado,(15) Grupo 15,5
2026-08-08T17:31+00:00,2015296,Trabajo de Grado,(16) Grupo 16,5
2026-08-08T17:31+00:00,2015296,Trabajo de Grado,(17) Grupo 17,5
2026-08-08T17:31+00:00,2015296,Trabajo de Grado,(18) Grupo 18,5
2026-08-08T17:31+00:00,2015296,Trabajo de Grado,(19) Grupo 19,0
2026-08-08T17:31+00:00,2015296,Trabajo de Grado,(2) Grupo 2,5
2026-08-08T17:31+00:00,2015296,Trabajo de Grado,(3) Grupo 3,5
2026-08-08T17:31+00:00,2015296,Trabajo de Grado,(4) Grupo 4,5
2026-08-08T17:31+00:00,2015296,Trabajo de Grado,(5) Grupo 5,5
2026-08-08T17:31+00:00,2015296,Trabajo de Grado,(6) Grupo 6,5
2026-08-08T17:31+00:00,2015296,Trabajo de Grado,(7) Grupo 7,5
2026-08-08T17:31+00:00,2015296,Trabajo de Grado,(8) Grupo 8,5
2026-08-08T17:31+00:00,2015296,Trabajo de Grado,(9) Grupo 9,5
2026-08-08T18:36+00:00,2015938,Acueductos,(1) Grupo 1,25
2026-08-08T18:36+00:00,2015938,Acueductos,(2) Grupo 2,25
2026-08-08T18:36+00:00,2015938,Acueductos,(3) Grupo 3,25
2026-08-08T18:36+00:00,2015938,Acueductos,(4) Grupo 4,24
2026-08-08T18:36+00:00,2015939,Alcantarillados,(1) Grupo 1,25
2026-08-08T18:36+00:00,2015939,Alcantarillados,(2) Grupo 2,25
2026-08-08T18:36+00:00,2015939,Alcantarillados,(3) Grupo 3,25
2026-08-08T18:36+00:00,2015939,Alcantarillados,(4) Grupo 4,25
2026-08-08T18:36+00:00,2015940,Análisis estructural aplicado,(1) Grupo 1,24
2026-08-08T18:36+00:00,2015940,Análisis estructural aplicado,(2) Grupo 2,24
2026-08-08T18:36+00:00,2015940,Análisis estructural aplicado,(3) Grupo 3,24
2026-08-08T18:36+00:00,2015941,Análisis estructural básico,(1) Grupo 1,30
2026-08-08T18:36+00:00,2015941,Análisis estructural básico,(2) Grupo 2,30
2026-08-08T18:36+00:00,2015941,Análisis estructural básico,(3) Grupo 3,30
2026-08-08T18:36+00:00,2015941,Análisis estructural básico,(4) Grupo 4,30
2026-08-08T18:36+00:00,1000004-B,Cálculo diferencial,(10) Grupo 10,53
2026-08-08T18:36+00:00,1000004-B,Cálculo diferencial,(11) Grupo 11,24
2026-08-08T18:36+00:00,1000004-B,Cálculo diferencial,(12) Grupo 12,24
2026-08-08T18:36+00:00,1000004-B,Cálculo diferencial,(13) Grupo 13,16
2026-08-08T18:36+00:00,1000004-B,Cálculo diferencial,(14) Grupo 14,90
2026-08-08T18:36+00:00,1000004-B,Cálculo diferencial,(16) Grupo 16,27
2026-08-08T18:36+00:00,1000004-B,Cálculo diferencial,(17) Grupo 17,39
2026-08-08T18:36+00:00,1000004-B,Cálculo diferencial,(19) Grupo 19,59
2026-08-08T18:36+00:00,1000004-B,Cálculo diferencial,(2) Grupo 2,24
2026-08-08T18:36+00:00,1000004-B,Cálculo diferencial,(20) Grupo 20,10
2026-08-08T18:36+00:00,1000004-B,Cálculo diferencial,(21) Grupo 21,60
2026-08-08T18:36+00:00,1000004-B,Cálculo diferencial,(22) Grupo 22,60
2026-08-08T18:36+00:00,1000004-B,Cálculo diferencial,(24) Grupo 24,60
2026-08-08T18:36+00:00,1000004-B,Cálculo diferencial,(25) Grupo 25,40
2026-08-08T18:36+00:00,1000004-B,Cálculo diferencial,(27) Grupo 27,51
2026-08-08T18:36+00:00,1000004-B,Cálculo diferencial,(28) Grupo 28,60
2026-08-08T18:36+00:00,1000004-B,Cálculo diferencial,(29) Grupo 29,60
2026-08-08T18:36+00:00,1000004-B,Cálculo diferencial,(30) Grupo 30,60
2026-08-08T18:36+00:00,1000004-B,Cálculo diferencial,(32) Grupo 32,90
2026-08-08T18:36+00:00,1000004-B,Cálculo diferencial,(4) Grupo 4,37
2026-08-08T18:36+00:00,1000004-B,Cálculo diferencial,(5) Grupo 5,84
2026-08-08T18:36+00:00,1000004-B,Cálculo diferencial,(7) Grupo 7,64
2026-08-08T18:36+00:00,1000004-B,Cálculo diferencial,(8) Grupo 8,40
2026-08-08T18:36+00:00,1000004-B,Cálculo diferencial,(9) Grupo 9,18
2026-08-08T18:36+00:00,1000006-B,Cálculo en varias variables,(1) Grupo 1,40
2026-08-08T18:36+00:00,1000006-B,Cálculo en varias variables,(10) Grupo 10,100
2026-08-08T18:36+00:00,1000006-B,Cálculo en varias variables,(11) Grupo 11,40
2026-08-08T18:36+00:00,1000006-B,Cálculo en varias variables,(12) Grupo 12,60
2026-08-08T18:36+00:00,1000006-B,Cálculo en varias variables,(13) Grupo 13,40
2026-08-08T18:36+00:00,1000006-B,Cálculo en varias variables,(14) Grupo 14,60
2026-08-08T18:36+00:00,1000006-B,Cálculo en varias variables,(15) Grupo 15,112
2026-08-08T18:36+00:00,1000006-B,Cálculo en varias variables,(2) Grupo 2,40
2026-08-08T18:36+00:00,1000006-B,Cálculo en varias variables,(3) Grupo 3,40
2026-08-08T18:36+00:00,1000006-B,Cálculo en varias variables,(4) Grupo 4,100
2026-08-08T18:36+00:00,1000006-B,Cálculo en varias variables,(5) Grupo 5,40
2026-08-08T18:36+00:00,1000006-B,Cálculo en varias variables,(7) Grupo 7,70
2026-08-08T18:36+00:00,1000006-B,Cálculo en varias variables,(8) Grupo 8,60
2026-08-08T18:36+00:00,1000006-B,Cálculo en varias variables,(9) Grupo 9,0
2026-08-08T18:36+00:00,1000005-B,Cálculo Integral,(1) Grupo 1,0
2026-08-08T18:36+00:00,1000005-B,Cálculo Integral,(10) Grupo 10,50
2026-08-08T18:36+00:00,1000005-B,Cálculo Integral,(14) Grupo 14,40
2026-08-08T18:36+00:00,1000005-B,Cálculo Integral,(15) Grupo 15,60
2026-08-08T18:36+00:00,1000005-B,Cálculo Integral,(16) Grupo 16,70
2026-08-08T18:36+00:00,1000005-B,Cálculo Integral,(17) Grupo 17,40
2026-08-08T18:36+00:00,1000005-B,Cálculo Integral,(2) Grupo 2,60
2026-08-08T18:36+00:00,1000005-B,Cálculo Integral,(20) Grupo 20,40
2026-08-08T18:36+00:00,1000005-B,Cálculo Integral,(22) Grupo 22,60
2026-08-08T18:36+00:00,1000005-B,Cálculo Integral,(3) Grupo 3,70
2026-08-08T18:36+00:00,1000005-B,Cálculo Integral,(4) Grupo 4,60
2026-08-08T18:36+00:00,1000005-B,Cálculo Integral,(6) Grupo 6,60
2026-08-08T18:36+00:00,1000005-B,Cálculo Integral,(7) Grupo 7,100
2026-08-08T18:36+00:00,1000005-B,Cálculo Integral,(8) Grupo 8,40
2026-08-08T18:36+00:00,1000005-B,Cálculo Integral,(9) Grupo 9,10
2026-08-08T18:36+00:00,2015943,Construcción de edificaciones,(1) Grupo 1,15
2026-08-08T18:36+00:00,2015944,Construcción de Infraestructura Vial,(1) Grupo 1,15
2026-08-08T18:36+00:00,2015711,Dibujo básico,(10) 2015711-10 Dibujo básico,0
2026-08-08T18:36+00:00,2015711,Dibujo básico,(11) 2015711-11 Dibujo básico,0
2026-08-08T18:36+00:00,2015711,Dibujo básico,(14) 2015711-14 Dibujo básico,0
2026-08-08T18:36+00:00,2015711,Dibujo básico,(16) 2015711-16 Dibujo básico,0
2026-08-08T18:36+00:00,2015711,Dibujo básico,(4) 2015711-4 Dibujo básico,9
2026-08-08T18:36+00:00,2015711,Dibujo básico,(5) 2015711-5 Dibujo básico,0
2026-08-08T18:36+00:00,2015711,Dibujo básico,(7) 2015711-7 Dibujo básico,20
2026-08-08T18:36+00:00,2015711,Dibujo básico,(8) 2015711-8 Dibujo básico,0
2026-08-08T18:36+00:00,2015711,Dibujo básico,(9) 2015711-9 Dibujo básico,0
2026-08-08T18:36+00:00,2015948,Dinámica,(1) Grupo 1,30
2026-08-08T18:36+00:00,2015948,Dinámica,(2) Grupo 2,30
2026-08-08T18:36+00:00,2015948,Dinámica,(3) Grupo 3,30
2026-08-08T18:36+00:00,2015950,Diseño estructural,(1) Grupo 1,25
2026-08-08T18:36+00:00,2015950,Diseño estructural,(2) Grupo 2,0
2026-08-08T18:36+00:00,2015950,Diseño estructural,(3) Grupo 3,25
2026-08-08T18:36+00:00,2015950,Diseño estructural,(4) Grupo 4,25
2026-08-08T18:36+00:00,2015950,Diseño estructural,(5) Grupo 5,25
2026-08-08T18:36+00:00,2015949,Diseño geométrico de Vías,(1) Grupo 1,30
2026-08-08T18:36+00:00,2015949,Diseño geométrico de Vías,(2) Grupo 2,30
2026-08-08T18:36+00:00,2015949,Diseño geométrico de Vías,(3) Grupo 3,30
2026-08-08T18:36+00:00,1000007-B,Ecuaciones Diferenciales,(1) Grupo 1,60
2026-08-08T18:36+00:00,1000007-B,Ecuaciones Diferenciales,(11) Grupo 11,60
2026-08-08T18:36+00:00,1000007-B,Ecuaciones Diferenciales,(12) Grupo 12,60
2026-08-08T18:36+00:00,1000007-B,Ecuaciones Diferenciales,(13) Grupo 13,40
2026-08-08T18:36+00:00,1000007-B,Ecuaciones Diferenciales,(14) Grupo 14,100
2026-08-08T18:36+00:00,1000007-B,Ecuaciones Diferenciales,(3) Grupo 3,40
2026-08-08T18:36+00:00,1000007-B,Ecuaciones Diferenciales,(4) Grupo 4,60
2026-08-08T18:36+00:00,1000007-B,Ecuaciones Diferenciales,(6) Grupo 6,50
2026-08-08T18:36+00:00,1000007-B,Ecuaciones Diferenciales,(7) Grupo 7,40
2026-08-08T18:36+00:00,1000007-B,Ecuaciones Diferenciales,(9) Grupo 9,0
2026-08-08T18:36+00:00,2026134,Estática,(1) Grupo 1,0
2026-08-08T18:36+00:00,2026134,Estática,(2) Grupo 2,30
2026-08-08T18:36+00:00,2026134,Estática,(3) Grupo 3,30
2026-08-08T18:36+00:00,2026134,Estática,(4) Grupo 4,30
2026-08-08T18:36+00:00,2026134,Estática,(5) Grupo 5,30
2026-08-08T18:36+00:00,2026134,Estática,(6) Grupo 6,30
2026-08-08T18:36+00:00,2015954,Estructuras hidráulicas,(1) Grupo 1,30
2026-08-08T18:36+00:00,2015954,Estructuras hidráulicas,(2) Grupo 2,30
2026-08-08T18:36+00:00,2015954,Estructuras hidráulicas,(3) Grupo 3,30
2026-08-08T18:36+00:00,2015955,Fundamentos de construcción,(1) Grupo 1,30
2026-08-08T18:36+00:00,2015955,Fundamentos de construcción,(2) Grupo 2,30
2026-08-08T18:36+00:00,2015955,Fundamentos de construcción,(3) Grupo 3,30
2026-08-08T18:36+00:00,1000011-B,Fundamentos de ecología,(1) Grupo 1,118
2026-08-08T18:36+00:00,1000011-B,Fundamentos de ecología,(3) Grupo 3,12
2026-08-08T18:36+00:00,1000019-B,Fundamentos de mecánica,(1) Grupo 1,35
2026-08-08T18:36+00:00,1000019-B,Fundamentos de mecánica,(10) Grupo 10,35
2026-08-08T18:36+00:00,1000019-B,Fundamentos de mecánica,(11) Grupo 11,35
2026-08-08T18:36+00:00,1000019-B,Fundamentos de mecánica,(12) Grupo 12,35
2026-08-08T18:36+00:00,1000019-B,Fundamentos de mecánica,(13) Grupo 13,35
2026-08-08T18:36+00:00,1000019-B,Fundamentos de mecánica,(14) Grupo 14,35
2026-08-08T18:36+00:00,1000019-B,Fundamentos de mecánica,(15) Grupo 15,32
2026-08-08T18:36+00:00,1000019-B,Fundamentos de mecánica,(16) Grupo 16,35
2026-08-08T18:36+00:00,1000019-B,Fundamentos de mecánica,(17) Grupo 17,34
2026-08-08T18:36+00:00,1000019-B,Fundamentos de mecánica,(18) Grupo 18,34
2026-08-08T18:36+00:00,1000019-B,Fundamentos de mecánica,(19) Grupo 19,32
2026-08-08T18:36+00:00,1000019-B,Fundamentos de mecánica,(2) Grupo 2,35
2026-08-08T18:36+00:00,1000019-B,Fundamentos de mecánica,(20) Grupo 20,35
2026-08-08T18:36+00:00,1000019-B,Fundamentos de mecánica,(21) Grupo 21,35
2026-08-08T18:36+00:00,1000019-B,Fundamentos de mecánica,(22) Grupo 22,35
2026-08-08T18:36+00:00,1000019-B,Fundamentos de mecánica,(23) Grupo 23,35
2026-08-08T18:36+00:00,1000019-B,Fundamentos de mecánica,(24) Grupo 24,35
2026-08-08T18:36+00:00,1000019-B,Fundamentos de mecánica,(25) Grupo 25,45
2026-08-08T18:36+00:00,1000019-B,Fundamentos de mecánica,(26) Grupo 26 (VIRTUAL),50
2026-08-08T18:36+00:00,1000019-B,Fundamentos de mecánica,(27) Grupo 27 (VIRTUAL),50
2026-08-08T18:36+00:00,1000019-B,Fundamentos de mecánica,(28) Grupo 28 (VIRTUAL),50
2026-08-08T18:36+00:00,1000019-B,Fundamentos de mecánica,(29) Grupo 29 (VIRTUAL),50
2026-08-08T18:36+00:00,1000019-B,Fundamentos de mecánica,(3) Grupo 3,35
2026-08-08T18:36+00:00,1000019-B,Fundamentos de mecánica,(4) Grupo 4,35
2026-08-08T18:36+00:00,1000019-B,Fundamentos de mecánica,(5) Grupo 5,35
2026-08-08T18:36+00:00,1000019-B,Fundamentos de mecánica,(6) Grupo 6,35
2026-08-08T18:36+00:00,1000019-B,Fundamentos de mecánica,(7) Grupo 7,35
2026-08-08T18:36+00:00,1000019-B,Fundamentos de mecánica,(8) Grupo 8,35
2026-08-08T18:36+00:00,1000019-B,Fundamentos de mecánica,(9) Grupo 9,0
2026-08-08T18:36+00:00,1000019-B,Fundamentos de mecánica,(1) Grupo 1,35
2026-08-08T18:36+00:00,1000019-B,Fundamentos de mecánica,(10) Grupo 10,35
2026-08-08T18:36+00:00,1000019-B,Fundamentos de mecánica,(11) Grupo 11,35
2026-08-08T18:36+00:00,1000019-B,Fundamentos de mecánica,(12) Grupo 12,35
2026-08-08T18:36+00:00,1000019-B,Fundamentos de mecánica,(13) Grupo 13,35
2026-08-08T18:36+00:00,1000019-B,Fundamentos de mecánica,(14) Grupo 14,35
2026-08-08T18:36+00:00,1000019-B,Fundamentos de mecánica,(15) Grupo 15,32
2026-08-08T18:36+00:00,1000019-B,Fundamentos de mecánica,(16) Grupo 16,35
2026-08-08T18:36+00:00,1000019-B,Fundamentos de mecánica,(17) Grupo 17,34
2026-08-08T18:36+00:00,1000019-B,Fundamentos de mecánica,(18) Grupo 18,34
2026-08-08T18:36+00:00,1000019-B,Fundamentos de mecánica,(19) Grupo 19,32
2026-08-08T18:36+00:00,1000019-B,Fundamentos de mecánica,(2) Grupo 2,35
2026-08-08T18:36+00:00,1000019-B,Fundamentos de mecánica,(20) Grupo 20,35
2026-08-08T18:36+00:00,1000019-B,Fundamentos de mecánica,(21) Grupo 21,35
2026-08-08T18:36+00:00,1000019-B,Fundamentos de mecánica,(22) Grupo 22,35
2026-08-08T18:36+00:00,1000019-B,Fundamentos de mecánica,(23) Grupo 23,35
2026-08-08T18:36+00:00,1000019-B,Fundamentos de mecánica,(24) Grupo 24,35
2026-08-08T18:36+00:00,1000019-B,Fundamentos de mecánica,(25) Grupo 25,45
2026-08-08T18:36+00:00,1000019-B,Fundamentos de mecánica,(26) Grupo 26 (VIRTUAL),50
2026-08-08T18:36+00:00,1000019-B,Fundamentos de mecánica,(27) Grupo 27 (VIRTUAL),50
2026-08-08T18:36+00:00,1000019-B,Fundamentos de mecánica,(28) Grupo 28 (VIRTUAL),50
2026-08-08T18:36+00:00,1000019-B,Fundamentos de mecánica,(29) Grupo 29 (VIRTUAL),50
2026-08-08T18:36+00:00,1000019-B,Fundamentos de mecánica,(3) Grupo 3,35
2026-08-08T18:36+00:00,1000019-B,Fundamentos de mecánica,(4) Grupo 4,35
2026-08-08T18:36+00:00,1000019-B,Fundamentos de mecánica,(5) Grupo 5,35
2026-08-08T18:36+00:00,1000019-B,Fundamentos de mecánica,(6) Grupo 6,35
2026-08-08T18:36+00:00,1000019-B,Fundamentos de mecánica,(7) Grupo 7,35
2026-08-08T18:36+00:00,1000019-B,Fundamentos de mecánica,(8) Grupo 8,35
2026-08-08T18:36+00:00,1000019-B,Fundamentos de mecánica,(9) Grupo 9,10
2026-08-08T18:36+00:00,1000019-B,Fundamentos de mecánica,(16) Gruop 16,8
2026-08-08T18:36+00:00,1000019-B,Fundamentos de mecánica,(1) Grupo 1,35
2026-08-08T18:36+00:00,1000019-B,Fundamentos de mecánica,(10) Grupo 10,35
2026-08-08T18:36+00:00,1000019-B,Fundamentos de mecánica,(11) Grupo 11,35
2026-08-08T18:36+00:00,1000019-B,Fundamentos de mecánica,(12) Grupo 12,35
2026-08-08T18:36+00:00,1000019-B,Fundamentos de mecánica,(13) Grupo 13,35
2026-08-08T18:36+00:00,1000019-B,Fundamentos de mecánica,(14) Grupo 14,35
2026-08-08T18:36+00:00,1000019-B,Fundamentos de mecánica,(15) Grupo 15,32
2026-08-08T18:36+00:00,1000019-B,Fundamentos de mecánica,(17) Grupo 17,34
2026-08-08T18:36+00:00,1000019-B,Fundamentos de mecánica,(18) Grupo 18,34
2026-08-08T18:36+00:00,1000019-B,Fundamentos de mecánica,(19) Grupo 19,32
2026-08-08T18:36+00:00,1000019-B,Fundamentos de mecánica,(2) Grupo 2,35
2026-08-08T18:36+00:00,1000019-B,Fundamentos de mecánica,(20) Grupo 20,35
2026-08-08T18:36+00:00,1000019-B,Fundamentos de mecánica,(21) Grupo 21,35
2026-08-08T18:36+00:00,1000019-B,Fundamentos de mecánica,(22) Grupo 22,35
2026-08-08T18:36+00:00,1000019-B,Fundamentos de mecánica,(23) Grupo 23,35
2026-08-08T18:36+00:00,1000019-B,Fundamentos de mecánica,(24) Grupo 24,35
2026-08-08T18:36+00:00,1000019-B,Fundamentos de mecánica,(25) Grupo 25,45
2026-08-08T18:36+00:00,1000019-B,Fundamentos de mecánica,(26) Grupo 26 (VIRTUAL),50
2026-08-08T18:36+00:00,1000019-B,Fundamentos de mecánica,(27) Grupo 27 (VIRTUAL),50
2026-08-08T18:36+00:00,1000019-B,Fundamentos de mecánica,(28) Grupo 28 (VIRTUAL),50
2026-08-08T18:36+00:00,1000019-B,Fundamentos de mecánica,(29) Grupo 29 (VIRTUAL),50
2026-08-08T18:36+00:00,1000019-B,Fundamentos de mecánica,(3) Grupo 3,35
2026-08-08T18:36+00:00,1000019-B,Fundamentos de mecánica,(4) Grupo 4,35
2026-08-08T18:36+00:00,1000019-B,Fundamentos de mecánica,(5) Grupo 5,35
2026-08-08T18:36+00:00,1000019-B,Fundamentos de mecánica,(6) Grupo 6,35
2026-08-08T18:36+00:00,1000019-B,Fundamentos de mecánica,(7) Grupo 7,35
2026-08-08T18:36+00:00,1000019-B,Fundamentos de mecánica,(8) Grupo 8,35
2026-08-08T18:36+00:00,1000019-B,Fundamentos de mecánica,(9) Grupo 9,10
2026-08-08T18:36+00:00,2015956,Geología,(1) Grupo 1,35
2026-08-08T18:36+00:00,2015956,Geología,(2) Grupo 2,30
2026-08-08T18:36+00:00,2015956,Geología,(3) Grupo 3,30
2026-08-08T18:36+00:00,2015956,Geología,(4) Grupo 4,35
2026-08-08T18:36+00:00,2015957,Geomática Aplicada,(1) Grupo 1,30
2026-08-08T18:36+00:00,2015957,Geomática Aplicada,(2) Grupo 2,30
2026-08-08T18:36+00:00,2015957,Geomática Aplicada,(3) Grupo 3,30
2026-08-08T18:36+00:00,2015957,Geomática Aplicada,(4) Grupo 4,30
2026-08-08T18:36+00:00,2015958,Geomática básica,(1) Grupo 1,20
2026-08-08T18:36+00:00,2015958,Geomática básica,(2) Grupo 2,20
2026-08-08T18:36+00:00,2015958,Geomática básica,(3) Grupo 3,30
2026-08-08T18:36+00:00,2015958,Geomática básica,(4) Grupo 4,20
2026-08-08T18:36+00:00,2015958,Geomática básica,(5) Grupo 5,20
2026-08-08T18:36+00:00,2015958,Geomática básica,(6) Grupo 6,20
2026-08-08T18:36+00:00,2015958,Geomática básica,(7) Grupo 7,20
2026-08-08T18:36+00:00,2015958,Geomática básica,(8) Grupo 8,20
2026-08-08T18:36+00:00,2015958,Geomática básica,(9) Grupo 9,20
2026-08-08T18:36+00:00,2015958,Geomática básica,(1) Grupo 1,40
2026-08-08T18:36+00:00,2015958,Geomática básica,(3) Grupo 3,30
2026-08-08T18:36+00:00,2015958,Geomática básica,(4) Grupo 4,40
2026-08-08T18:36+00:00,2015958,Geomática básica,(6) Grupo 6,40
2026-08-08T18:36+00:00,2015958,Geomática básica,(8) Grupo 8,40
2026-08-08T18:36+00:00,2015959,Geotecnia,(1) Grupo 1,30
2026-08-08T18:36+00:00,2015959,Geotecnia,(2) Grupo 2,30
2026-08-08T18:36+00:00,2015959,Geotecnia,(3) Grupo 3,30
2026-08-08T18:36+00:00,2015959,Geotecnia,(4) Grupo 4,0
2026-08-08T18:36+00:00,2015961,Hidráulica básica,(1) Grupo 1,24
2026-08-08T18:36+00:00,2015961,Hidráulica básica,(2) Grupo 2,24
2026-08-08T18:36+00:00,2015961,Hidráulica básica,(3) Grupo 3,24
2026-08-08T18:36+00:00,2015961,Hidráulica básica,(4) Grupo 4,24
2026-08-08T18:36+00:00,2015961,Hidráulica básica,(5) Grupo 5,24
2026-08-08T18:36+00:00,2015961,Hidráulica básica,(6) Grupo 6,24
2026-08-08T18:36+00:00,2015978,Hidrología,(1) Grupo 1,0
2026-08-08T18:36+00:00,2015978,Hidrología,(2) Grupo 2,30
2026-08-08T18:36+00:00,2015978,Hidrología,(3) Grupo 3,30
2026-08-08T18:36+00:00,2015978,Hidrología,(4) Grupo 4,30
2026-08-08T18:36+00:00,2015978,Hidrología,(5) Grupo 5,30
2026-08-08T18:36+00:00,2026135,Ingeniería civil sostenible,(1) Grupo 1,25
2026-08-08T18:36+00:00,2026135,Ingeniería civil sostenible,(2) Grupo 2,25
2026-08-08T18:36+00:00,2026135,Ingeniería civil sostenible,(3) Grupo 3,25
2026-08-08T18:36+00:00,2015963,Ingeniería de Tránsito,(1) Grupo 1,30
2026-08-08T18:36+00:00,2015963,Ingeniería de Tránsito,(2) Grupo 2,30
2026-08-08T18:36+00:00,2015963,Ingeniería de Tránsito,(3) Grupo 3,30
2026-08-08T18:36+00:00,2026138,Ingenieria de transporte,(1) Grupo 1,30
2026-08-08T18:36+00:00,2026138,Ingenieria de transporte,(2) Grupo 2,30
2026-08-08T18:36+00:00,2026138,Ingenieria de transporte,(3) Grupo 3,30
2026-08-08T18:36+00:00,2015703,Ingeniería económica,(1) Grupo 1,40
2026-08-08T18:36+00:00,2015703,Ingeniería económica,(10) Grupo 10,30
2026-08-08T18:36+00:00,2015703,Ingeniería económica,(11) Grupo 11,30
2026-08-08T18:36+00:00,2015703,Ingeniería económica,(2) Grupo 2,40
2026-08-08T18:36+00:00,2015703,Ingeniería económica,(3) Grupo 3,40
2026-08-08T18:36+00:00,2015703,Ingeniería económica,(4) Grupo 4,30
2026-08-08T18:36+00:00,2015703,Ingeniería económica,(5) Grupo 5 - Virtual,60
2026-08-08T18:36+00:00,2015703,Ingeniería económica,(6) Grupo 6,40
2026-08-08T18:36+00:00,2015703,Ingeniería económica,(7) Grupo 7,20
2026-08-08T18:36+00:00,2015703,Ingeniería económica,(8) Grupo 8,40
2026-08-08T18:36+00:00,2015703,Ingeniería económica,(9) Grupo 9,35
2026-08-08T18:36+00:00,1000044-B,Inglés I- Semestral,(1) Grupo 1,26
2026-08-08T18:36+00:00,1000044-B,Inglés I- Semestral,(2) Grupo 2,26
2026-08-08T18:36+00:00,1000044-B,Inglés I- Semestral,(3) Grupo 3,26
2026-08-08T18:36+00:00,1000044-B,Inglés I- Semestral,(4) Grupo 4,26
2026-08-08T18:36+00:00,1000044-B,Inglés I- Semestral,(5) Grupo 5,26
2026-08-08T18:36+00:00,1000044-B,Inglés I- Semestral,(6) Grupo 6,26
2026-08-08T18:36+00:00,1000044-B,Inglés I- Semestral,(7) Grupo 7,26
2026-08-08T18:36+00:00,1000044-B,Inglés I- Semestral,(8) Grupo 8,26
2026-08-08T18:36+00:00,1000044-B,Inglés I- Semestral,(9) Grupo 9,7
2026-08-08T18:36+00:00,1000045-B,Inglés II - Semestral,(1) Grupo 1,10
2026-08-08T18:36+00:00,1000045-B,Inglés II - Semestral,(10) Grupo 10,26
2026-08-08T18:36+00:00,1000045-B,Inglés II - Semestral,(11) Grupo 11,26
2026-08-08T18:36+00:00,1000045-B,Inglés II - Semestral,(12) Grupo 12,26
2026-08-08T18:36+00:00,1000045-B,Inglés II - Semestral,(13) Grupo 13,26
2026-08-08T18:36+00:00,1000045-B,Inglés II - Semestral,(14) Grupo 14,26
2026-08-08T18:36+00:00,1000045-B,Inglés II - Semestral,(15) Grupo 15,26
2026-08-08T18:36+00:00,1000045-B,Inglés II - Semestral,(16) Grupo 16,26
2026-08-08T18:36+00:00,1000045-B,Inglés II - Semestral,(2) Grupo 2,26
2026-08-08T18:36+00:00,1000045-B,Inglés II - Semestral,(3) Grupo 3,26
2026-08-08T18:36+00:00,1000045-B,Inglés II - Semestral,(4) Grupo 4,26
2026-08-08T18:36+00:00,1000045-B,Inglés II - Semestral,(5) Grupo 5,26
2026-08-08T18:36+00:00,1000045-B,Inglés II - Semestral,(6) Grupo 6,26
2026-08-08T18:36+00:00,1000045-B,Inglés II - Semestral,(7) Grupo 7,26
2026-08-08T18:36+00:00,1000045-B,Inglés II - Semestral,(8) Grupo 8,26
2026-08-08T18:36+00:00,1000045-B,Inglés II - Semestral,(9) Grupo 9,15
2026-08-08T18:36+00:00,1000046-B,Inglés III - Semestral,(1) Grupo 1,26
2026-08-08T18:36+00:00,1000046-B,Inglés III - Semestral,(10) Grupo 10,26
2026-08-08T18:36+00:00,1000046-B,Inglés III - Semestral,(11) Grupo 11,26
2026-08-08T18:36+00:00,1000046-B,Inglés III - Semestral,(12) Grupo 12,26
2026-08-08T18:36+00:00,1000046-B,Inglés III - Semestral,(13) Grupo 13,26
2026-08-08T18:36+00:00,1000046-B,Inglés III - Semestral,(14) Grupo 14,26
2026-08-08T18:36+00:00,1000046-B,Inglés III - Semestral,(15) Grupo 15,26
2026-08-08T18:36+00:00,1000046-B,Inglés III - Semestral,(16) Grupo 16,26
2026-08-08T18:36+00:00,1000046-B,Inglés III - Semestral,(17) Grupo 17,26
2026-08-08T18:36+00:00,1000046-B,Inglés III - Semestral,(18) Grupo 18,26
2026-08-08T18:36+00:00,1000046-B,Inglés III - Semestral,(2) Grupo 2,26
2026-08-08T18:36+00:00,1000046-B,Inglés III - Semestral,(3) Grupo 3,26
2026-08-08T18:36+00:00,1000046-B,Inglés III - Semestral,(4) Grupo 4,26
2026-08-08T18:36+00:00,1000046-B,Inglés III - Semestral,(5) Grupo 5,26
2026-08-08T18:36+00:00,1000046-B,Inglés III - Semestral,(6) Grupo 6,26
2026-08-08T18:36+00:00,1000046-B,Inglés III - Semestral,(7) Grupo 7,26
2026-08-08T18:36+00:00,1000046-B,Inglés III - Semestral,(8) Grupo 8,26
2026-08-08T18:36+00:00,1000046-B,Inglés III - Semestral,(9) Grupo 9,10
2026-08-08T18:36+00:00,1000052-B,Inglés Intensivo I y II,(1) Grupo 1,28
2026-08-08T18:36+00:00,1000052-B,Inglés Intensivo I y II,(2) Grupo 2,28
2026-08-08T18:36+00:00,1000052-B,Inglés Intensivo I y II,(3) Grupo 3,28
2026-08-08T18:36+00:00,1000053-B,Inglés Intensivo III y IV,(1) Grupo 1,28
2026-08-08T18:36+00:00,1000053-B,Inglés Intensivo III y IV,(2) Grupo 2,28
2026-08-08T18:36+00:00,1000053-B,Inglés Intensivo III y IV,(3) Grupo 3,30
2026-08-08T18:36+00:00,1000053-B,Inglés Intensivo III y IV,(4) Grupo 4,30
2026-08-08T18:36+00:00,1000053-B,Inglés Intensivo III y IV,(5) Grupo 5,28
2026-08-08T18:36+00:00,1000053-B,Inglés Intensivo III y IV,(6) Grupo 6,28
2026-08-08T18:36+00:00,1000047-B,Inglés IV- Semestral,(1) Grupo 1,26
2026-08-08T18:36+00:00,1000047-B,Inglés IV- Semestral,(10) Grupo 10,26
2026-08-08T18:36+00:00,1000047-B,Inglés IV- Semestral,(11) Grupo 11,26
2026-08-08T18:36+00:00,1000047-B,Inglés IV- Semestral,(12) Grupo 12,26
2026-08-08T18:36+00:00,1000047-B,Inglés IV- Semestral,(13) Grupo 13,26
2026-08-08T18:36+00:00,1000047-B,Inglés IV- Semestral,(14) Grupo 14,26
2026-08-08T18:36+00:00,1000047-B,Inglés IV- Semestral,(15) Grupo 15,26
2026-08-08T18:36+00:00,1000047-B,Inglés IV- Semestral,(16) Grupo 16,26
2026-08-08T18:36+00:00,1000047-B,Inglés IV- Semestral,(17) Grupo 17,26
2026-08-08T18:36+00:00,1000047-B,Inglés IV- Semestral,(18) Grupo 18,26
2026-08-08T18:36+00:00,1000047-B,Inglés IV- Semestral,(19) Grupo 19,26
2026-08-08T18:36+00:00,1000047-B,Inglés IV- Semestral,(2) Grupo 2,26
2026-08-08T18:36+00:00,1000047-B,Inglés IV- Semestral,(20) Grupo 20,26
2026-08-08T18:36+00:00,1000047-B,Inglés IV- Semestral,(21) Grupo 21,26
2026-08-08T18:36+00:00,1000047-B,Inglés IV- Semestral,(22) Grupo 22,26
2026-08-08T18:36+00:00,1000047-B,Inglés IV- Semestral,(3) Grupo 3,26
2026-08-08T18:36+00:00,1000047-B,Inglés IV- Semestral,(4) Grupo 4,26
2026-08-08T18:36+00:00,1000047-B,Inglés IV- Semestral,(5) Grupo 5,26
2026-08-08T18:36+00:00,1000047-B,Inglés IV- Semestral,(6) Grupo 6,26
2026-08-08T18:36+00:00,1000047-B,Inglés IV- Semestral,(7) Grupo 7,26
2026-08-08T18:36+00:00,1000047-B,Inglés IV- Semestral,(8) Grupo 8,26
2026-08-08T18:36+00:00,1000047-B,Inglés IV- Semestral,(9) Grupo 9,15
2026-08-08T18:36+00:00,2026186,Introducción a la ingeniería civil,(1) Grupo 1,7
2026-08-08T18:36+00:00,2026186,Introducción a la ingeniería civil,(2) Grupo 2,0
2026-08-08T18:36+00:00,2026186,Introducción a la ingeniería civil,(4) Grupo 4,10
2026-08-08T18:36+00:00,1000002-B,Lecto-Escritura,(1) Grupo 1 - Clase Presencial,1
2026-08-08T18:36+00:00,1000002-B,Lecto-Escritura,(10) Grupo 10 - Clase presencial,0
2026-08-08T18:36+00:00,1000002-B,Lecto-Escritura,(2) Grupo 2 - Clase Presencial,0
2026-08-08T18:36+00:00,1000002-B,Lecto-Escritura,(3) Grupo 3 - Clase Presencial,0
2026-08-08T18:36+00:00,1000002-B,Lecto-Escritura,(4) Grupo 4 - Clase Presencial,0
2026-08-08T18:36+00:00,1000002-B,Lecto-Escritura,(5) Grupo 5 - Clase Presencial,0
2026-08-08T18:36+00:00,1000002-B,Lecto-Escritura,(6) Grupo 6 - Clase Presencial,0
2026-08-08T18:36+00:00,1000002-B,Lecto-Escritura,(7) Grupo 7 - Clase Presencial,0
2026-08-08T18:36+00:00,1000002-B,Lecto-Escritura,(8) Grupo 8 - Clase Presencial,0
2026-08-08T18:36+00:00,1000002-B,Lecto-Escritura,(9) Grupo 9 - Clase Presencial,10
2026-08-08T18:36+00:00,1000001-B,Matemáticas Básicas,(1) Grupo 1,0
2026-08-08T18:36+00:00,1000001-B,Matemáticas Básicas,(19) Grupo 19,5
2026-08-08T18:36+00:00,1000001-B,Matemáticas Básicas,(2) Grupo 2,10
2026-08-08T18:36+00:00,1000001-B,Matemáticas Básicas,(1) Grupo 1,0
2026-08-08T18:36+00:00,1000001-B,Matemáticas Básicas,(10) Grupo 10,0
2026-08-08T18:36+00:00,1000001-B,Matemáticas Básicas,(2) Grupo 2,0
2026-08-08T18:36+00:00,1000001-B,Matemáticas Básicas,(3) Grupo 3,0
2026-08-08T18:36+00:00,1000001-B,Matemáticas Básicas,(4) Grupo 4,0
2026-08-08T18:36+00:00,1000001-B,Matemáticas Básicas,(5) Grupo 5,0
2026-08-08T18:36+00:00,1000001-B,Matemáticas Básicas,(6) Grupo 6,0
2026-08-08T18:36+00:00,1000001-B,Matemáticas Básicas,(7) Grupo 7,0
2026-08-08T18:36+00:00,1000001-B,Matemáticas Básicas,(8) Grupo 8,0
2026-08-08T18:36+00:00,1000001-B,Matemáticas Básicas,(9) Grupo 9,10
2026-08-08T18:36+00:00,2015965,Materiales para construcción,(1) Grupo 1,24
2026-08-08T18:36+00:00,2015965,Materiales para construcción,(2) Grupo 2,24
2026-08-08T18:36+00:00,2015965,Materiales para construcción,(3) Grupo 3,24
2026-08-08T18:36+00:00,2015965,Materiales para construcción,(4) Grupo 4,24
2026-08-08T18:36+00:00,2015966,Mecánica de fluidos,(1) Grupo 1,24
2026-08-08T18:36+00:00,2015966,Mecánica de fluidos,(2) Grupo 2,24
2026-08-08T18:36+00:00,2015966,Mecánica de fluidos,(3) Grupo 3,24
2026-08-08T18:36+00:00,2015966,Mecánica de fluidos,(4) Grupo 4,24
2026-08-08T18:36+00:00,2015966,Mecánica de fluidos,(5) Grupo 5,24
2026-08-08T18:36+00:00,2015966,Mecánica de fluidos,(6) Grupo 6,24
2026-08-08T18:36+00:00,2015966,Mecánica de fluidos,(7) Grupo 7,24
2026-08-08T18:36+00:00,2015966,Mecánica de fluidos,(8) Grupo 8,24
2026-08-08T18:36+00:00,2015967,Mecánica de Rocas,(1) Grupo 1,24
2026-08-08T18:36+00:00,2015968,Mecánica de sólidos,(1) Grupo 1,24
2026-08-08T18:36+00:00,2015968,Mecánica de sólidos,(2) Grupo 2,24
2026-08-08T18:36+00:00,2015968,Mecánica de sólidos,(3) Grupo 3,24
2026-08-08T18:36+00:00,2015968,Mecánica de sólidos,(4) Grupo 4,24
2026-08-08T18:36+00:00,2015968,Mecánica de sólidos,(5) Grupo 5,24
2026-08-08T18:36+00:00,2015968,Mecánica de sólidos,(6) Grupo 6,24
2026-08-08T18:36+00:00,2015968,Mecánica de sólidos,(7) Grupo 7,0
2026-08-08T18:36+00:00,2015969,Mecánica de suelos,(1) Grupo 1 (Inglés),30
2026-08-08T18:36+00:00,2015969,Mecánica de suelos,(2) Grupo 2,30
2026-08-08T18:36+00:00,2015969,Mecánica de suelos,(3) Grupo 3,30
2026-08-08T18:36+00:00,2015969,Mecánica de suelos,(4) Grupo 4,30
2026-08-08T18:36+00:00,2015970,Métodos numéricos,(4) Grupo 4,30
2026-08-08T18:36+00:00,2015970,Métodos numéricos,(5) Grupo 5,45
2026-08-08T18:36+00:00,2015970,Métodos numéricos,(8) Grupo 8,30
2026-08-08T18:36+00:00,2015970,Métodos numéricos,(9) Grupo 9,45
2026-08-08T18:36+00:00,2017293,Modelación matemática,(1) 2017293-1 Modelación matemática,34
2026-08-08T18:36+00:00,2017293,Modelación matemática,(2) 2017293-2 Modelación matemática,34
2026-08-08T18:36+00:00,2017293,Modelación matemática,(1M) 2017293-1M Modelación matemática - Magistral,80
2026-08-08T18:36+00:00,2015971,Pavimentos,(1) Grupo 1,30
2026-08-08T18:36+00:00,2015971,Pavimentos,(2) Grupo 2,30
2026-08-08T18:36+00:00,2015971,Pavimentos,(3) Grupo 3,30
2026-08-08T18:36+00:00,2015972,Preparación y evaluación de proyectos de infraestructura,(1) Grupo 1,15
2026-08-08T18:36+00:00,2015972,Preparación y evaluación de proyectos de infraestructura,(2) Grupo 2,15
2026-08-08T18:36+00:00,2015972,Preparación y evaluación de proyectos de infraestructura,(3) Grupo 3,15
2026-08-08T18:36+00:00,1000024-B,Principios de química,(12) Grupo 12,0
2026-08-08T18:36+00:00,1000024-B,Principios de química,(13) Grupo 13,0
2026-08-08T18:36+00:00,1000024-B,Principios de química,(14) Grupo 14,10
2026-08-08T18:36+00:00,1000013-B,Probabilidad y estadística fundamental,(1) Grupo 1,0
2026-08-08T18:36+00:00,1000013-B,Probabilidad y estadística fundamental,(10) Grupo 10,35
2026-08-08T18:36+00:00,1000013-B,Probabilidad y estadística fundamental,(11) Grupo 11,40
2026-08-08T18:36+00:00,1000013-B,Probabilidad y estadística fundamental,(12) Grupo 12,40
2026-08-08T18:36+00:00,1000013-B,Probabilidad y estadística fundamental,(13) Grupo 13,30
2026-08-08T18:36+00:00,1000013-B,Probabilidad y estadística fundamental,(14) Grupo 14,45
2026-08-08T18:36+00:00,1000013-B,Probabilidad y estadística fundamental,(16) Grupo 16,30
2026-08-08T18:36+00:00,1000013-B,Probabilidad y estadística fundamental,(2) Grupo 2,40
2026-08-08T18:36+00:00,1000013-B,Probabilidad y estadística fundamental,(22) Grupo 22,45
2026-08-08T18:36+00:00,1000013-B,Probabilidad y estadística fundamental,(23) Grupo 23,0
2026-08-08T18:36+00:00,1000013-B,Probabilidad y estadística fundamental,(3) Grupo 3,40
2026-08-08T18:36+00:00,1000013-B,Probabilidad y estadística fundamental,(4) Grupo 4,40
2026-08-08T18:36+00:00,1000013-B,Probabilidad y estadística fundamental,(5) Grupo 5,35
2026-08-08T18:36+00:00,1000013-B,Probabilidad y estadística fundamental,(6) Grupo 6,35
2026-08-08T18:36+00:00,1000013-B,Probabilidad y estadística fundamental,(7) Grupo 7,40
2026-08-08T18:36+00:00,2015734,Programación de computadores,(1) Grupo 1,6
2026-08-08T18:36+00:00,2015734,Programación de computadores,(10) Grupo 10,4
2026-08-08T18:36+00:00,2015734,Programación de computadores,(11) Grupo 11,0
2026-08-08T18:36+00:00,2015734,Programación de computadores,(12) Grupo 12,1
2026-08-08T18:36+00:00,2015734,Programación de computadores,(13) Grupo 13,4
2026-08-08T18:36+00:00,2015734,Programación de computadores,(14) Grupo 14,0
2026-08-08T18:36+00:00,2015734,Programación de computadores,(2) Grupo 2,16
2026-08-08T18:36+00:00,2015734,Programación de computadores,(3) Grupo 3,0
2026-08-08T18:36+00:00,2015734,Programación de computadores,(4) Grupo 4,0
2026-08-08T18:36+00:00,2015734,Programación de computadores,(5) Grupo 5,0
2026-08-08T18:36+00:00,2015734,Programación de computadores,(6) Grupo 6,8
2026-08-08T18:36+00:00,2015734,Programación de computadores,(7) Grupo 7,3
2026-08-08T18:36+00:00,2015734,Programación de computadores,(8) Grupo 8 - Virtual,30
2026-08-08T18:36+00:00,2015734,Programación de computadores,(9) Grupo 9,18
2026-08-08T18:36+00:00,2015973,Saneamiento ambiental,(1) Grupo 1,25
2026-08-08T18:36+00:00,2015973,Saneamiento ambiental,(2) Grupo 2,25
2026-08-08T18:36+00:00,2015973,Saneamiento ambiental,(3) Grupo 3,25
2026-08-08T18:36+00:00,2022761,SIG para Ingeniería Civil,(1) Grupo 1,15
2026-08-08T18:36+00:00,2022761,SIG para Ingeniería Civil,(2) Grupo 2,15
2026-08-08T18:36+00:00,2022761,SIG para Ingeniería Civil,(3) Grupo 3,15
2026-08-08T18:36+00:00,2015296,Trabajo de Grado,(1) Grupo 1,5
2026-08-08T18:36+00:00,2015296,Trabajo de Grado,(10) Grupo 10,5
2026-08-08T18:36+00:00,2015296,Trabajo de Grado,(11) Grupo 11,5
2026-08-08T18:36+00:00,2015296,Trabajo de Grado,(12) Grupo 12,5
2026-08-08T18:36+00:00,2015296,Trabajo de Grado,(13) Grupo 13,5
2026-08-08T18:36+00:00,2015296,Trabajo de Grado,(14) Grupo 14,5
2026-08-08T18:36+00:00,2015296,Trabajo de Grado,(15) Grupo 15,5
2026-08-08T18:36+00:00,2015296,Trabajo de Grado,(16) Grupo 16,5
2026-08-08T18:36+00:00,2015296,Trabajo de Grado,(17) Grupo 17,5
2026-08-08T18:36+00:00,2015296,Trabajo de Grado,(18) Grupo 18,5
2026-08-08T18:36+00:00,2015296,Trabajo de Grado,(19) Grupo 19,0
2026-08-08T18:36+00:00,2015296,Trabajo de Grado,(2) Grupo 2,5
2026-08-08T18:36+00:00,2015296,Trabajo de Grado,(3) Grupo 3,5
2026-08-08T18:36+00:00,2015296,Trabajo de Grado,(4) Grupo 4,5
2026-08-08T18:36+00:00,2015296,Trabajo de Grado,(5) Grupo 5,5
2026-08-08T18:36+00:00,2015296,Trabajo de Grado,(6) Grupo 6,5
2026-08-08T18:36+00:00,2015296,Trabajo de Grado,(7) Grupo 7,5
2026-08-08T18:36+00:00,2015296,Trabajo de Grado,(8) Grupo 8,5
2026-08-08T18:36+00:00,2015296,Trabajo de Grado,(9) Grupo 9,5
