run_id,ts_lectura,codigo,actividad,grupo,profesores_raw,cupos_disponibles,orden_lectura
local-20260824T065159,2026-08-24T06:52:24-05:00,2015938,CLASE TEORICA,(1) Grupo 1,Maria Alejandra Caicedo Londoño,25,0
local-20260824T065159,2026-08-24T06:52:24-05:00,2015938,CLASE TEORICA,(2) Grupo 2,Maria Alejandra Caicedo Londoño,25,0
local-20260824T065159,2026-08-24T06:52:24-05:00,2015938,CLASE TEORICA,(3) Grupo 3,JOSE LUIS DIAZ AREVALO,25,0
local-20260824T065159,2026-08-24T06:52:24-05:00,2015938,CLASE TEORICA,(4) Grupo 4,JOSE LUIS DIAZ AREVALO,24,0
local-20260824T065159,2026-08-24T06:52:25-05:00,2015939,CLASE TEORICA,(1) Grupo 1,ALVARO MARTIN GUTIERREZ MALAXECHEBARRIA,25,1
local-20260824T065159,2026-08-24T06:52:25-05:00,2015939,CLASE TEORICA,(2) Grupo 2,ALVARO MARTIN GUTIERREZ MALAXECHEBARRIA,25,1
local-20260824T065159,2026-08-24T06:52:25-05:00,2015939,CLASE TEORICA,(3) Grupo 3,Edder Alexander Velandia Duran,25,1
local-20260824T065159,2026-08-24T06:52:25-05:00,2015939,CLASE TEORICA,(4) Grupo 4,No informado,25,1
local-20260824T065159,2026-08-24T06:52:25-05:00,2015939,CLASE TEORICA,(5) Grupo 5,No informado,0,1
local-20260824T065159,2026-08-24T06:52:27-05:00,1000003-B,NA,(1) Grupo 1,Erika Lorena Rosero Alzate; Oscar Andrés Rojas Sepúlveda,0,2
local-20260824T065159,2026-08-24T06:52:27-05:00,1000003-B,NA,(10) Grupo 10,Epifanio Lozano Ayala,11,2
local-20260824T065159,2026-08-24T06:52:27-05:00,1000003-B,NA,(11) Grupo 11,No informado,60,2
local-20260824T065159,2026-08-24T06:52:27-05:00,1000003-B,NA,(12) Grupo 12,No informado,40,2
local-20260824T065159,2026-08-24T06:52:27-05:00,1000003-B,NA,(13) Grupo 13,Mohammed EL AIDI,40,2
local-20260824T065159,2026-08-24T06:52:27-05:00,1000003-B,NA,(15) Grupo 15,Myriam Leonor Campos Florez,60,2
local-20260824T065159,2026-08-24T06:52:27-05:00,1000003-B,NA,(16) Grupo 16,No informado,60,2
local-20260824T065159,2026-08-24T06:52:27-05:00,1000003-B,NA,(17) Grupo 17,Martha Cecilia Moreno Penagos,39,2
local-20260824T065159,2026-08-24T06:52:27-05:00,1000003-B,NA,(18) Grupo 18,John Alexander Cruz Morales,52,2
local-20260824T065159,2026-08-24T06:52:27-05:00,1000003-B,NA,(20) Grupo 20,Natalia Camila Pinzon Cortes,60,2
local-20260824T065159,2026-08-24T06:52:27-05:00,1000003-B,NA,(21) Grupo 21,Ivon Andrea Dorado Correa,52,2
local-20260824T065159,2026-08-24T06:52:27-05:00,1000003-B,NA,(22) Grupo 22,No informado,46,2
local-20260824T065159,2026-08-24T06:52:27-05:00,1000003-B,NA,(3) Grupo 3,No informado,59,2
local-20260824T065159,2026-08-24T06:52:27-05:00,1000003-B,NA,(4) Grupo 4,Luis Alejandro Barbosa Torres,110,2
local-20260824T065159,2026-08-24T06:52:27-05:00,1000003-B,NA,(5) Grupo 5,Jaime David Mora Paz,58,2
local-20260824T065159,2026-08-24T06:52:27-05:00,1000003-B,NA,(7) Grupo 7,Myriam Leonor Campos Florez,40,2
local-20260824T065159,2026-08-24T06:52:27-05:00,1000003-B,NA,(8) Grupo 8,No informado,8,2
local-20260824T065159,2026-08-24T06:52:28-05:00,2015940,CLASE TEORICA,(1) Grupo 1,Maritzabel Molina Herrera,24,3
local-20260824T065159,2026-08-24T06:52:28-05:00,2015940,CLASE TEORICA,(2) Grupo 2,Gabriel Andres Bernal Granados,24,3
local-20260824T065159,2026-08-24T06:52:28-05:00,2015940,CLASE TEORICA,(3) Grupo 3,No informado,24,3
local-20260824T065159,2026-08-24T06:52:30-05:00,2015941,CLASE TEORICA,(1) Grupo 1,Patricia Luna Tamayo,30,4
local-20260824T065159,2026-08-24T06:52:30-05:00,2015941,CLASE TEORICA,(2) Grupo 2,No informado,30,4
local-20260824T065159,2026-08-24T06:52:30-05:00,2015941,CLASE TEORICA,(3) Grupo 3,Carlos Ramiro Vallecilla Bahena,30,4
local-20260824T065159,2026-08-24T06:52:30-05:00,2015941,CLASE TEORICA,(4) Grupo 4,No informado,30,4
local-20260824T065159,2026-08-24T06:52:41-05:00,1000004-B,NA,(10) Grupo 10,No informado,52,5
local-20260824T065159,2026-08-24T06:52:41-05:00,1000004-B,NA,(11) Grupo 11,No informado,25,5
local-20260824T065159,2026-08-24T06:52:41-05:00,1000004-B,NA,(12) Grupo 12,No informado,24,5
local-20260824T065159,2026-08-24T06:52:41-05:00,1000004-B,NA,(13) Grupo 13,No informado,13,5
local-20260824T065159,2026-08-24T06:52:41-05:00,1000004-B,NA,(14) Grupo 14,No informado,89,5
local-20260824T065159,2026-08-24T06:52:41-05:00,1000004-B,NA,(16) Grupo 16,No informado,27,5
local-20260824T065159,2026-08-24T06:52:41-05:00,1000004-B,NA,(17) Grupo 17,Hernan Garzon Gutierrez,38,5
local-20260824T065159,2026-08-24T06:52:41-05:00,1000004-B,NA,(19) Grupo 19,No informado,59,5
local-20260824T065159,2026-08-24T06:52:41-05:00,1000004-B,NA,(2) Grupo 2,No informado,24,5
local-20260824T065159,2026-08-24T06:52:41-05:00,1000004-B,NA,(20) Grupo 20,Hernan Garzon Gutierrez,7,5
local-20260824T065159,2026-08-24T06:52:41-05:00,1000004-B,NA,(21) Grupo 21,No informado,60,5
local-20260824T065159,2026-08-24T06:52:41-05:00,1000004-B,NA,(22) Grupo 22,No informado,60,5
local-20260824T065159,2026-08-24T06:52:41-05:00,1000004-B,NA,(24) Grupo 24,Ricardo Ariel Pastran Ramirez,60,5
local-20260824T065159,2026-08-24T06:52:41-05:00,1000004-B,NA,(25) Grupo 25,No informado,40,5
local-20260824T065159,2026-08-24T06:52:41-05:00,1000004-B,NA,(27) Grupo 27,No informado,51,5
local-20260824T065159,2026-08-24T06:52:41-05:00,1000004-B,NA,(28) Grupo 28,No informado,60,5
local-20260824T065159,2026-08-24T06:52:41-05:00,1000004-B,NA,(29) Grupo 29,No informado,60,5
local-20260824T065159,2026-08-24T06:52:41-05:00,1000004-B,NA,(30) Grupo 30,No informado,60,5
local-20260824T065159,2026-08-24T06:52:41-05:00,1000004-B,NA,(32) Grupo 32,No informado,89,5
local-20260824T065159,2026-08-24T06:52:41-05:00,1000004-B,NA,(4) Grupo 4,Myriam Leonor Campos Florez,36,5
local-20260824T065159,2026-08-24T06:52:41-05:00,1000004-B,NA,(5) Grupo 5,Oscar Javier Lopez Alfonso,82,5
local-20260824T065159,2026-08-24T06:52:41-05:00,1000004-B,NA,(7) Grupo 7,Anderson Arley Vera Arboleda,64,5
local-20260824T065159,2026-08-24T06:52:41-05:00,1000004-B,NA,(8) Grupo 8,No informado,40,5
local-20260824T065159,2026-08-24T06:52:41-05:00,1000004-B,NA,(9) Grupo 9,No informado,18,5
local-20260824T065159,2026-08-24T06:52:42-05:00,1000006-B,NA,(1) Grupo 1,No informado,39,6
local-20260824T065159,2026-08-24T06:52:42-05:00,1000006-B,NA,(10) Grupo 10,No informado,99,6
local-20260824T065159,2026-08-24T06:52:42-05:00,1000006-B,NA,(11) Grupo 11,No informado,40,6
local-20260824T065159,2026-08-24T06:52:42-05:00,1000006-B,NA,(12) Grupo 12,Leonid Lebedev,60,6
local-20260824T065159,2026-08-24T06:52:42-05:00,1000006-B,NA,(13) Grupo 13,Juan Carlos Hernandez Rincon,40,6
local-20260824T065159,2026-08-24T06:52:42-05:00,1000006-B,NA,(14) Grupo 14,No informado,60,6
local-20260824T065159,2026-08-24T06:52:42-05:00,1000006-B,NA,(15) Grupo 15,No informado,112,6
local-20260824T065159,2026-08-24T06:52:42-05:00,1000006-B,NA,(2) Grupo 2,EDIXON MANUEL ROJAS SANTANA,40,6
local-20260824T065159,2026-08-24T06:52:42-05:00,1000006-B,NA,(3) Grupo 3,Cesar Augusto Gomez Sierra,40,6
local-20260824T065159,2026-08-24T06:52:42-05:00,1000006-B,NA,(4) Grupo 4,Agustin Moreno Canadas,100,6
local-20260824T065159,2026-08-24T06:52:42-05:00,1000006-B,NA,(5) Grupo 5,German Eduardo Fonseca Buitrago,40,6
local-20260824T065159,2026-08-24T06:52:42-05:00,1000006-B,NA,(7) Grupo 7,No informado,70,6
local-20260824T065159,2026-08-24T06:52:42-05:00,1000006-B,NA,(8) Grupo 8,Epifanio Lozano Ayala,60,6
local-20260824T065159,2026-08-24T06:52:42-05:00,1000006-B,NA,(9) Grupo 9,Orlando Vanegas Canro,0,6
local-20260824T065159,2026-08-24T06:52:43-05:00,1000005-B,NA,(1) Grupo 1,Orlando Vanegas Canro,0,7
local-20260824T065159,2026-08-24T06:52:43-05:00,1000005-B,NA,(10) Grupo 10,Epifanio Lozano Ayala,50,7
local-20260824T065159,2026-08-24T06:52:43-05:00,1000005-B,NA,(14) Grupo 14,Mohammed EL AIDI,39,7
local-20260824T065159,2026-08-24T06:52:43-05:00,1000005-B,NA,(15) Grupo 15,Alina Fedosova,59,7
local-20260824T065159,2026-08-24T06:52:43-05:00,1000005-B,NA,(16) Grupo 16,No informado,70,7
local-20260824T065159,2026-08-24T06:52:43-05:00,1000005-B,NA,(17) Grupo 17,Hernan Garzon Gutierrez,39,7
local-20260824T065159,2026-08-24T06:52:43-05:00,1000005-B,NA,(2) Grupo 2,RENE ERLIN CASTILLO,59,7
local-20260824T065159,2026-08-24T06:52:43-05:00,1000005-B,NA,(20) Grupo 20,Franqui Solis Cardenas Poloche,40,7
local-20260824T065159,2026-08-24T06:52:43-05:00,1000005-B,NA,(22) Grupo 22,No informado,60,7
local-20260824T065159,2026-08-24T06:52:43-05:00,1000005-B,NA,(3) Grupo 3,Eduardo Cardenas Gomez,70,7
local-20260824T065159,2026-08-24T06:52:43-05:00,1000005-B,NA,(4) Grupo 4,Edward Samuel Becerra Rojas,60,7
local-20260824T065159,2026-08-24T06:52:43-05:00,1000005-B,NA,(6) Grupo 6,No informado,60,7
local-20260824T065159,2026-08-24T06:52:43-05:00,1000005-B,NA,(7) Grupo 7,Franqui Solis Cardenas Poloche,99,7
local-20260824T065159,2026-08-24T06:52:43-05:00,1000005-B,NA,(8) Grupo 8,No informado,40,7
local-20260824T065159,2026-08-24T06:52:43-05:00,1000005-B,NA,(9) Grupo 9,No informado,10,7
local-20260824T065159,2026-08-24T06:52:46-05:00,2015943,CLASE TEORICA,(1) Grupo 1,Carlos Orlando Robles Roa,15,9
local-20260824T065159,2026-08-24T06:52:54-05:00,2015944,CLASE TEORICA,(1) Grupo 1,SANTIAGO RAMIREZ ECHEVERRI,15,10
local-20260824T065159,2026-08-24T06:52:56-05:00,2015711,NA,(10) 2015711-10 Dibujo básico,Ariel Augusto Amaya Avila,0,11
local-20260824T065159,2026-08-24T06:52:56-05:00,2015711,NA,(11) 2015711-11 Dibujo básico,Cesar Augusto Bacca Gonzalez,0,11
local-20260824T065159,2026-08-24T06:52:56-05:00,2015711,NA,(14) 2015711-14 Dibujo básico,Cristian Felipe Morales Suárez,0,11
local-20260824T065159,2026-08-24T06:52:56-05:00,2015711,NA,(16) 2015711-16 Dibujo básico,DAVID FELIPE TORRES ARCE,0,11
local-20260824T065159,2026-08-24T06:52:56-05:00,2015711,NA,(4) 2015711-4 Dibujo básico,Cristian Felipe Morales Suárez,9,11
local-20260824T065159,2026-08-24T06:52:56-05:00,2015711,NA,(5) 2015711-5 Dibujo básico,Sebastian Achury Ortiz,0,11
local-20260824T065159,2026-08-24T06:52:56-05:00,2015711,NA,(7) 2015711-7 Dibujo básico,Cesar Augusto Bacca Gonzalez,22,11
local-20260824T065159,2026-08-24T06:52:56-05:00,2015711,NA,(8) 2015711-8 Dibujo básico,Miguel Angel Baquero Cortes,0,11
local-20260824T065159,2026-08-24T06:52:56-05:00,2015711,NA,(9) 2015711-9 Dibujo básico,EDWIN CAMILO REINA BELTRAN,0,11
local-20260824T065159,2026-08-24T06:52:57-05:00,2015948,CLASE TEORICA,(1) Grupo 1,No informado,30,12
local-20260824T065159,2026-08-24T06:52:57-05:00,2015948,CLASE TEORICA,(2) Grupo 2,Mauricio Alberto Tapias Camacho,30,12
local-20260824T065159,2026-08-24T06:52:57-05:00,2015948,CLASE TEORICA,(3) Grupo 3,No informado,29,12
local-20260824T065159,2026-08-24T06:52:58-05:00,2015950,CLASE TEORICA,(1) Grupo 1,No informado,25,13
local-20260824T065159,2026-08-24T06:52:58-05:00,2015950,CLASE TEORICA,(2) Grupo 2,No informado,0,13
local-20260824T065159,2026-08-24T06:52:58-05:00,2015950,CLASE TEORICA,(3) Grupo 3,Daniel Ricardo Lozano Monsalve,25,13
local-20260824T065159,2026-08-24T06:52:58-05:00,2015950,CLASE TEORICA,(4) Grupo 4,No informado,25,13
local-20260824T065159,2026-08-24T06:52:58-05:00,2015950,CLASE TEORICA,(5) Grupo 5,No informado,25,13
local-20260824T065159,2026-08-24T06:53:00-05:00,2015949,CLASE TEORICA,(1) Grupo 1,Mario Javier Cardozo Chaux,30,14
local-20260824T065159,2026-08-24T06:53:00-05:00,2015949,CLASE TEORICA,(2) Grupo 2,Wilson Ernesto Vargas Vargas,30,14
local-20260824T065159,2026-08-24T06:53:00-05:00,2015949,CLASE TEORICA,(3) Grupo 3,No informado,30,14
local-20260824T065159,2026-08-24T06:53:13-05:00,1000007-B,NA,(1) Grupo 1,German Eduardo Fonseca Buitrago,60,15
local-20260824T065159,2026-08-24T06:53:13-05:00,1000007-B,NA,(11) Grupo 11,Leonid Lebedev,59,15
local-20260824T065159,2026-08-24T06:53:13-05:00,1000007-B,NA,(12) Grupo 12,No informado,60,15
local-20260824T065159,2026-08-24T06:53:13-05:00,1000007-B,NA,(13) Grupo 13,Omar Duque Gomez,40,15
local-20260824T065159,2026-08-24T06:53:13-05:00,1000007-B,NA,(14) Grupo 14,No informado,100,15
local-20260824T065159,2026-08-24T06:53:13-05:00,1000007-B,NA,(3) Grupo 3,Serafin Bautista Diaz,40,15
local-20260824T065159,2026-08-24T06:53:13-05:00,1000007-B,NA,(4) Grupo 4,EDIXON MANUEL ROJAS SANTANA,59,15
local-20260824T065159,2026-08-24T06:53:13-05:00,1000007-B,NA,(6) Grupo 6,Alexander Caviedes Castro,50,15
local-20260824T065159,2026-08-24T06:53:13-05:00,1000007-B,NA,(7) Grupo 7,Oscar Guillermo Riaño Castañeda,40,15
local-20260824T065159,2026-08-24T06:53:13-05:00,1000007-B,NA,(9) Grupo 9,Orlando Vanegas Canro,0,15
local-20260824T065159,2026-08-24T06:53:15-05:00,2026134,CLASE TEORICA,(1) Grupo 1,No informado,0,16
local-20260824T065159,2026-08-24T06:53:15-05:00,2026134,CLASE TEORICA,(2) Grupo 2,Juan Manuel Lizarazo Marriaga,30,16
local-20260824T065159,2026-08-24T06:53:15-05:00,2026134,CLASE TEORICA,(3) Grupo 3,Maritzabel Molina Herrera,30,16
local-20260824T065159,2026-08-24T06:53:15-05:00,2026134,CLASE TEORICA,(4) Grupo 4,Carlos Ramiro Vallecilla Bahena,29,16
local-20260824T065159,2026-08-24T06:53:15-05:00,2026134,CLASE TEORICA,(5) Grupo 5,Fernando Lozano Osorno,30,16
local-20260824T065159,2026-08-24T06:53:15-05:00,2026134,CLASE TEORICA,(6) Grupo 6,No informado,30,16
local-20260824T065159,2026-08-24T06:53:16-05:00,2015954,CLASE TEORICA,(1) Grupo 1,Erasmo Alfredo Rodriguez Sandoval,30,17
local-20260824T065159,2026-08-24T06:53:16-05:00,2015954,CLASE TEORICA,(2) Grupo 2,Mario Enrique Moreno Castiblanco,30,17
local-20260824T065159,2026-08-24T06:53:16-05:00,2015954,CLASE TEORICA,(3) Grupo 3,Luis Alejandro Morales Marin,30,17
local-20260824T065159,2026-08-24T06:53:17-05:00,2015955,CLASE TEORICA,(1) Grupo 1,Giovanni Andres Cortes Tovar,30,18
local-20260824T065159,2026-08-24T06:53:17-05:00,2015955,CLASE TEORICA,(2) Grupo 2,Angela Barrera Puerto,30,18
local-20260824T065159,2026-08-24T06:53:17-05:00,2015955,CLASE TEORICA,(3) Grupo 3,Giovanni Andres Cortes Tovar,30,18
local-20260824T065159,2026-08-24T06:53:18-05:00,1000011-B,CLASE TEORICA,(1) Grupo 1,Ernesto Javier Puertas Dellepianes,118,19
local-20260824T065159,2026-08-24T06:53:18-05:00,1000011-B,CLASE TEORICA,(3) Grupo 3,Néstor Fernando Perez Buitrago,10,19
local-20260824T065159,2026-08-24T06:53:27-05:00,1000019-B,CLASE LABORATORIO,(1) Grupo 1,Gustavo Martinez Tamayo,35,20
local-20260824T065159,2026-08-24T06:53:27-05:00,1000019-B,CLASE LABORATORIO,(10) Grupo 10,No informado,35,20
local-20260824T065159,2026-08-24T06:53:27-05:00,1000019-B,CLASE LABORATORIO,(11) Grupo 11,EVER DAVID ALCALA CAJAR,35,20
local-20260824T065159,2026-08-24T06:53:27-05:00,1000019-B,CLASE LABORATORIO,(12) Grupo 12,FABIAN FELIPE QUEVEDO FARIETA,35,20
local-20260824T065159,2026-08-24T06:53:27-05:00,1000019-B,CLASE LABORATORIO,(13) Grupo 13,Alvaro Marino Camargo,34,20
local-20260824T065159,2026-08-24T06:53:27-05:00,1000019-B,CLASE LABORATORIO,(14) Grupo 14,Alvaro Marino Camargo,35,20
local-20260824T065159,2026-08-24T06:53:27-05:00,1000019-B,CLASE LABORATORIO,(15) Grupo 15,JULIAN MATEO DE MENDOZA GUTIERREZ,32,20
local-20260824T065159,2026-08-24T06:53:27-05:00,1000019-B,CLASE LABORATORIO,(16) Grupo 16,Alvaro Marino Camargo,35,20
local-20260824T065159,2026-08-24T06:53:27-05:00,1000019-B,CLASE LABORATORIO,(17) Grupo 17,JULIAN MATEO DE MENDOZA GUTIERREZ,34,20
local-20260824T065159,2026-08-24T06:53:27-05:00,1000019-B,CLASE LABORATORIO,(18) Grupo 18,Jaime Villalobos Velasco,33,20
local-20260824T065159,2026-08-24T06:53:27-05:00,1000019-B,CLASE LABORATORIO,(19) Grupo 19,JULY PAOLA GARZÓN LOPEZ,32,20
local-20260824T065159,2026-08-24T06:53:27-05:00,1000019-B,CLASE LABORATORIO,(2) Grupo 2,Gustavo Martinez Tamayo,34,20
local-20260824T065159,2026-08-24T06:53:27-05:00,1000019-B,CLASE LABORATORIO,(20) Grupo 20,JOSE ALFREDO GOMEZ MATEUS,35,20
local-20260824T065159,2026-08-24T06:53:27-05:00,1000019-B,CLASE LABORATORIO,(21) Grupo 21,Pedro Hernan Sanchez Machet,35,20
local-20260824T065159,2026-08-24T06:53:27-05:00,1000019-B,CLASE LABORATORIO,(22) Grupo 22,Pedro Hernan Sanchez Machet,35,20
local-20260824T065159,2026-08-24T06:53:27-05:00,1000019-B,CLASE LABORATORIO,(23) Grupo 23,Pedro Hernan Sanchez Machet,35,20
local-20260824T065159,2026-08-24T06:53:27-05:00,1000019-B,CLASE LABORATORIO,(24) Grupo 24,Pedro Hernan Sanchez Machet,35,20
local-20260824T065159,2026-08-24T06:53:27-05:00,1000019-B,CLASE LABORATORIO,(25) Grupo 25,Plinio Del Carmen Teheran Sermeno,30,20
local-20260824T065159,2026-08-24T06:53:27-05:00,1000019-B,CLASE LABORATORIO,(26) Grupo 26 (VIRTUAL),Plinio Del Carmen Teheran Sermeno,50,20
local-20260824T065159,2026-08-24T06:53:27-05:00,1000019-B,CLASE LABORATORIO,(27) Grupo 27 (VIRTUAL),Plinio Del Carmen Teheran Sermeno,50,20
local-20260824T065159,2026-08-24T06:53:27-05:00,1000019-B,CLASE LABORATORIO,(28) Grupo 28 (VIRTUAL),Plinio Del Carmen Teheran Sermeno,50,20
local-20260824T065159,2026-08-24T06:53:27-05:00,1000019-B,CLASE LABORATORIO,(29) Grupo 29 (VIRTUAL),Plinio Del Carmen Teheran Sermeno,50,20
local-20260824T065159,2026-08-24T06:53:27-05:00,1000019-B,CLASE LABORATORIO,(3) Grupo 3,Gustavo Martinez Tamayo,35,20
local-20260824T065159,2026-08-24T06:53:27-05:00,1000019-B,CLASE LABORATORIO,(4) Grupo 4,No informado,35,20
local-20260824T065159,2026-08-24T06:53:27-05:00,1000019-B,CLASE LABORATORIO,(5) Grupo 5,FABIAN FELIPE QUEVEDO FARIETA,35,20
local-20260824T065159,2026-08-24T06:53:27-05:00,1000019-B,CLASE LABORATORIO,(6) Grupo 6,Jaime Villalobos Velasco,35,20
local-20260824T065159,2026-08-24T06:53:27-05:00,1000019-B,CLASE LABORATORIO,(7) Grupo 7,Jaime Villalobos Velasco,35,20
local-20260824T065159,2026-08-24T06:53:27-05:00,1000019-B,CLASE LABORATORIO,(8) Grupo 8,Alvaro Marino Camargo,35,20
local-20260824T065159,2026-08-24T06:53:27-05:00,1000019-B,CLASE LABORATORIO,(9) Grupo 9,Erika Lorena Rosero Alzate,0,20
local-20260824T065159,2026-08-24T06:53:27-05:00,1000019-B,CLASE TALLER,(1) Grupo 1,FABIAN FELIPE QUEVEDO FARIETA,35,20
local-20260824T065159,2026-08-24T06:53:27-05:00,1000019-B,CLASE TALLER,(10) Grupo 10,FABIAN FELIPE QUEVEDO FARIETA,35,20
local-20260824T065159,2026-08-24T06:53:27-05:00,1000019-B,CLASE TALLER,(11) Grupo 11,JULIAN MATEO DE MENDOZA GUTIERREZ,35,20
local-20260824T065159,2026-08-24T06:53:27-05:00,1000019-B,CLASE TALLER,(12) Grupo 12,EVER DAVID ALCALA CAJAR,35,20
local-20260824T065159,2026-08-24T06:53:27-05:00,1000019-B,CLASE TALLER,(13) Grupo 13,MIGUEL ENRIQUE GÁMEZ LÓPEZ,34,20
local-20260824T065159,2026-08-24T06:53:27-05:00,1000019-B,CLASE TALLER,(14) Grupo 14,No informado,35,20
local-20260824T065159,2026-08-24T06:53:27-05:00,1000019-B,CLASE TALLER,(15) Grupo 15,EVER DAVID ALCALA CAJAR,32,20
local-20260824T065159,2026-08-24T06:53:27-05:00,1000019-B,CLASE TALLER,(16) Grupo 16,Edna Carolina Pinilla Beltran,35,20
local-20260824T065159,2026-08-24T06:53:27-05:00,1000019-B,CLASE TALLER,(17) Grupo 17,Jereson Silva Valencia,34,20
local-20260824T065159,2026-08-24T06:53:27-05:00,1000019-B,CLASE TALLER,(18) Grupo 18,Jereson Silva Valencia,33,20
local-20260824T065159,2026-08-24T06:53:27-05:00,1000019-B,CLASE TALLER,(19) Grupo 19,Jereson Silva Valencia,32,20
local-20260824T065159,2026-08-24T06:53:27-05:00,1000019-B,CLASE TALLER,(2) Grupo 2,Gustavo Martinez Tamayo,34,20
local-20260824T065159,2026-08-24T06:53:27-05:00,1000019-B,CLASE TALLER,(20) Grupo 20,Jereson Silva Valencia,35,20
local-20260824T065159,2026-08-24T06:53:27-05:00,1000019-B,CLASE TALLER,(21) Grupo 21,JOSE ALFREDO GOMEZ MATEUS,35,20
local-20260824T065159,2026-08-24T06:53:27-05:00,1000019-B,CLASE TALLER,(22) Grupo 22,JULY PAOLA GARZÓN LOPEZ,35,20
local-20260824T065159,2026-08-24T06:53:27-05:00,1000019-B,CLASE TALLER,(23) Grupo 23,Edna Carolina Pinilla Beltran,35,20
local-20260824T065159,2026-08-24T06:53:27-05:00,1000019-B,CLASE TALLER,(24) Grupo 24,Diego Alejandro Torres Galindo,35,20
local-20260824T065159,2026-08-24T06:53:27-05:00,1000019-B,CLASE TALLER,(25) Grupo 25,Plinio Del Carmen Teheran Sermeno,30,20
local-20260824T065159,2026-08-24T06:53:27-05:00,1000019-B,CLASE TALLER,(26) Grupo 26 (VIRTUAL),Plinio Del Carmen Teheran Sermeno,50,20
local-20260824T065159,2026-08-24T06:53:27-05:00,1000019-B,CLASE TALLER,(27) Grupo 27 (VIRTUAL),Plinio Del Carmen Teheran Sermeno,50,20
local-20260824T065159,2026-08-24T06:53:27-05:00,1000019-B,CLASE TALLER,(28) Grupo 28 (VIRTUAL),Plinio Del Carmen Teheran Sermeno,50,20
local-20260824T065159,2026-08-24T06:53:27-05:00,1000019-B,CLASE TALLER,(29) Grupo 29 (VIRTUAL),Plinio Del Carmen Teheran Sermeno,50,20
local-20260824T065159,2026-08-24T06:53:27-05:00,1000019-B,CLASE TALLER,(3) Grupo 3,Gustavo Martinez Tamayo,35,20
local-20260824T065159,2026-08-24T06:53:27-05:00,1000019-B,CLASE TALLER,(4) Grupo 4,Jaime Villalobos Velasco,35,20
local-20260824T065159,2026-08-24T06:53:27-05:00,1000019-B,CLASE TALLER,(5) Grupo 5,Jaime Villalobos Velasco,35,20
local-20260824T065159,2026-08-24T06:53:27-05:00,1000019-B,CLASE TALLER,(6) Grupo 6,Ramiro Cardona Cardona,35,20
local-20260824T065159,2026-08-24T06:53:27-05:00,1000019-B,CLASE TALLER,(7) Grupo 7,Ramiro Cardona Cardona,35,20
local-20260824T065159,2026-08-24T06:53:27-05:00,1000019-B,CLASE TALLER,(8) Grupo 8,Edna Carolina Pinilla Beltran,35,20
local-20260824T065159,2026-08-24T06:53:27-05:00,1000019-B,CLASE TALLER,(9) Grupo 9,No informado,7,20
local-20260824T065159,2026-08-24T06:53:27-05:00,1000019-B,CLASE MAGISTRAL,(16) Gruop 16,Erika Lorena Rosero Alzate; Daniel Camilo Padilla González,8,20
local-20260824T065159,2026-08-24T06:53:27-05:00,1000019-B,CLASE MAGISTRAL,(1) Grupo 1,Gustavo Martinez Tamayo,35,20
local-20260824T065159,2026-08-24T06:53:27-05:00,1000019-B,CLASE MAGISTRAL,(10) Grupo 10,Ovidio Amado Almanza Montero,35,20
local-20260824T065159,2026-08-24T06:53:27-05:00,1000019-B,CLASE MAGISTRAL,(11) Grupo 11,Ovidio Amado Almanza Montero,35,20
local-20260824T065159,2026-08-24T06:53:27-05:00,1000019-B,CLASE MAGISTRAL,(12) Grupo 12,Ovidio Amado Almanza Montero,35,20
local-20260824T065159,2026-08-24T06:53:27-05:00,1000019-B,CLASE MAGISTRAL,(13) Grupo 13,Jaime Villalobos Velasco,34,20
local-20260824T065159,2026-08-24T06:53:27-05:00,1000019-B,CLASE MAGISTRAL,(14) Grupo 14,Jaime Villalobos Velasco,35,20
local-20260824T065159,2026-08-24T06:53:27-05:00,1000019-B,CLASE MAGISTRAL,(15) Grupo 15,Jaime Villalobos Velasco,32,20
local-20260824T065159,2026-08-24T06:53:27-05:00,1000019-B,CLASE MAGISTRAL,(17) Grupo 17,Jereson Silva Valencia,34,20
local-20260824T065159,2026-08-24T06:53:27-05:00,1000019-B,CLASE MAGISTRAL,(18) Grupo 18,Jereson Silva Valencia,33,20
local-20260824T065159,2026-08-24T06:53:27-05:00,1000019-B,CLASE MAGISTRAL,(19) Grupo 19,Jereson Silva Valencia,32,20
local-20260824T065159,2026-08-24T06:53:27-05:00,1000019-B,CLASE MAGISTRAL,(2) Grupo 2,Gustavo Martinez Tamayo,34,20
local-20260824T065159,2026-08-24T06:53:27-05:00,1000019-B,CLASE MAGISTRAL,(20) Grupo 20,Jereson Silva Valencia,35,20
local-20260824T065159,2026-08-24T06:53:27-05:00,1000019-B,CLASE MAGISTRAL,(21) Grupo 21,Diego Alejandro Torres Galindo,35,20
local-20260824T065159,2026-08-24T06:53:27-05:00,1000019-B,CLASE MAGISTRAL,(22) Grupo 22,Diego Alejandro Torres Galindo,35,20
local-20260824T065159,2026-08-24T06:53:27-05:00,1000019-B,CLASE MAGISTRAL,(23) Grupo 23,Diego Alejandro Torres Galindo,35,20
local-20260824T065159,2026-08-24T06:53:27-05:00,1000019-B,CLASE MAGISTRAL,(24) Grupo 24,Diego Alejandro Torres Galindo,35,20
local-20260824T065159,2026-08-24T06:53:27-05:00,1000019-B,CLASE MAGISTRAL,(25) Grupo 25,Plinio Del Carmen Teheran Sermeno,30,20
local-20260824T065159,2026-08-24T06:53:27-05:00,1000019-B,CLASE MAGISTRAL,(26) Grupo 26 (VIRTUAL),Plinio Del Carmen Teheran Sermeno,50,20
local-20260824T065159,2026-08-24T06:53:27-05:00,1000019-B,CLASE MAGISTRAL,(27) Grupo 27 (VIRTUAL),Plinio Del Carmen Teheran Sermeno,50,20
local-20260824T065159,2026-08-24T06:53:27-05:00,1000019-B,CLASE MAGISTRAL,(28) Grupo 28 (VIRTUAL),Plinio Del Carmen Teheran Sermeno,50,20
local-20260824T065159,2026-08-24T06:53:27-05:00,1000019-B,CLASE MAGISTRAL,(29) Grupo 29 (VIRTUAL),Plinio Del Carmen Teheran Sermeno,50,20
local-20260824T065159,2026-08-24T06:53:27-05:00,1000019-B,CLASE MAGISTRAL,(3) Grupo 3,Gustavo Martinez Tamayo,35,20
local-20260824T065159,2026-08-24T06:53:27-05:00,1000019-B,CLASE MAGISTRAL,(4) Grupo 4,Gustavo Martinez Tamayo,35,20
local-20260824T065159,2026-08-24T06:53:27-05:00,1000019-B,CLASE MAGISTRAL,(5) Grupo 5,Ramiro Cardona Cardona,35,20
local-20260824T065159,2026-08-24T06:53:27-05:00,1000019-B,CLASE MAGISTRAL,(6) Grupo 6,Ramiro Cardona Cardona,35,20
local-20260824T065159,2026-08-24T06:53:27-05:00,1000019-B,CLASE MAGISTRAL,(7) Grupo 7,Ramiro Cardona Cardona,35,20
local-20260824T065159,2026-08-24T06:53:27-05:00,1000019-B,CLASE MAGISTRAL,(8) Grupo 8,Ramiro Cardona Cardona,35,20
local-20260824T065159,2026-08-24T06:53:27-05:00,1000019-B,CLASE MAGISTRAL,(9) Grupo 9,Fredy Angel Jimenez Giraldo,7,20
local-20260824T065159,2026-08-24T06:53:29-05:00,2015956,CLASE TEORICA,(1) Grupo 1,Modesto Portilla Gamboa; Fernando Eli Romero Ordoñez,35,21
local-20260824T065159,2026-08-24T06:53:29-05:00,2015956,CLASE TEORICA,(2) Grupo 2,Jennifer Angel Amaya,30,21
local-20260824T065159,2026-08-24T06:53:29-05:00,2015956,CLASE TEORICA,(3) Grupo 3,Jennifer Angel Amaya,30,21
local-20260824T065159,2026-08-24T06:53:29-05:00,2015956,CLASE TEORICA,(4) Grupo 4,Fernando Eli Romero Ordoñez; Modesto Portilla Gamboa,35,21
local-20260824T065159,2026-08-24T06:53:31-05:00,2015957,CLASE PRACTICA,(1) Grupo 1,No informado,30,22
local-20260824T065159,2026-08-24T06:53:31-05:00,2015957,CLASE PRACTICA,(2) Grupo 2,Samuel Fernando Mesa Giraldo,30,22
local-20260824T065159,2026-08-24T06:53:31-05:00,2015957,CLASE PRACTICA,(3) Grupo 3,Rose Marie Aldana Boutin,30,22
local-20260824T065159,2026-08-24T06:53:31-05:00,2015957,CLASE PRACTICA,(4) Grupo 4,Rose Marie Aldana Boutin,30,22
local-20260824T065159,2026-08-24T06:53:32-05:00,2015958,CLASE PRACTICA,(1) Grupo 1,William Castro Garcia,20,23
local-20260824T065159,2026-08-24T06:53:32-05:00,2015958,CLASE PRACTICA,(2) Grupo 2,William Castro Garcia,18,23
local-20260824T065159,2026-08-24T06:53:32-05:00,2015958,CLASE PRACTICA,(3) Grupo 3,Carlos Alfonso Gomez Guacaneme,30,23
local-20260824T065159,2026-08-24T06:53:32-05:00,2015958,CLASE PRACTICA,(4) Grupo 4,Mario Arturo Rincon Villalba,20,23
local-20260824T065159,2026-08-24T06:53:32-05:00,2015958,CLASE PRACTICA,(5) Grupo 5,Mario Arturo Rincon Villalba,20,23
local-20260824T065159,2026-08-24T06:53:32-05:00,2015958,CLASE PRACTICA,(6) Grupo 6,Fausto Alejandro Silva España,20,23
local-20260824T065159,2026-08-24T06:53:32-05:00,2015958,CLASE PRACTICA,(7) Grupo 7,Fausto Alejandro Silva España,20,23
local-20260824T065159,2026-08-24T06:53:32-05:00,2015958,CLASE PRACTICA,(8) Grupo 8,Fausto Alejandro Silva España,20,23
local-20260824T065159,2026-08-24T06:53:32-05:00,2015958,CLASE PRACTICA,(9) Grupo 9,Fausto Alejandro Silva España,20,23
local-20260824T065159,2026-08-24T06:53:32-05:00,2015958,CLASE TEORICA,(1) Grupo 1,William Castro Garcia,38,23
local-20260824T065159,2026-08-24T06:53:32-05:00,2015958,CLASE TEORICA,(3) Grupo 3,Carlos Alfonso Gomez Guacaneme,30,23
local-20260824T065159,2026-08-24T06:53:32-05:00,2015958,CLASE TEORICA,(4) Grupo 4,Mario Arturo Rincon Villalba,40,23
local-20260824T065159,2026-08-24T06:53:32-05:00,2015958,CLASE TEORICA,(6) Grupo 6,Cesar Andres Cortes Bello,40,23
local-20260824T065159,2026-08-24T06:53:32-05:00,2015958,CLASE TEORICA,(8) Grupo 8,Cesar Andres Cortes Bello,40,23
local-20260824T065159,2026-08-24T06:53:33-05:00,2015959,CLASE TEORICA,(1) Grupo 1,Carlos Eduardo Rodriguez Pineda,30,24
local-20260824T065159,2026-08-24T06:53:33-05:00,2015959,CLASE TEORICA,(2) Grupo 2,Guillermo Eduardo Avila Alvarez,30,24
local-20260824T065159,2026-08-24T06:53:33-05:00,2015959,CLASE TEORICA,(3) Grupo 3,Livaniel Viveros Rosero,30,24
local-20260824T065159,2026-08-24T06:53:33-05:00,2015959,CLASE TEORICA,(4) Grupo 4,No informado,0,24
local-20260824T065159,2026-08-24T06:53:41-05:00,2022760,NA,(1) Grupo 1,No informado,15,25
local-20260824T065159,2026-08-24T06:53:42-05:00,2015961,CLASE TEORICA,(1) Grupo 1,Rafael Orland Ortiz Mosquera,24,26
local-20260824T065159,2026-08-24T06:53:42-05:00,2015961,CLASE TEORICA,(2) Grupo 2,Adriana Patricia Piña Fulano,24,26
local-20260824T065159,2026-08-24T06:53:42-05:00,2015961,CLASE TEORICA,(3) Grupo 3,Gelber Norberto Gutierrez Palacios,24,26
local-20260824T065159,2026-08-24T06:53:42-05:00,2015961,CLASE TEORICA,(4) Grupo 4,No informado,24,26
local-20260824T065159,2026-08-24T06:53:42-05:00,2015961,CLASE TEORICA,(5) Grupo 5,No informado,24,26
local-20260824T065159,2026-08-24T06:53:42-05:00,2015961,CLASE TEORICA,(6) Grupo 6,Leonardo David Donado Garzon,24,26
local-20260824T065159,2026-08-24T06:53:44-05:00,2015978,CLASE TEORICA,(1) Grupo 1,No informado,0,27
local-20260824T065159,2026-08-24T06:53:44-05:00,2015978,CLASE TEORICA,(2) Grupo 2,Erasmo Alfredo Rodriguez Sandoval,30,27
local-20260824T065159,2026-08-24T06:53:44-05:00,2015978,CLASE TEORICA,(3) Grupo 3,No informado,30,27
local-20260824T065159,2026-08-24T06:53:44-05:00,2015978,CLASE TEORICA,(4) Grupo 4,No informado,30,27
local-20260824T065159,2026-08-24T06:53:44-05:00,2015978,CLASE TEORICA,(5) Grupo 5,No informado,30,27
local-20260824T065159,2026-08-24T06:53:45-05:00,2026135,CLASE TEORICA,(1) Grupo 1,NICOLAS ESCALANTE MORA,25,28
local-20260824T065159,2026-08-24T06:53:45-05:00,2026135,CLASE TEORICA,(2) Grupo 2,Leonel Vega Mora,25,28
local-20260824T065159,2026-08-24T06:53:45-05:00,2026135,CLASE TEORICA,(3) Grupo 3,Leonel Vega Mora,25,28
local-20260824T065159,2026-08-24T06:53:47-05:00,2015963,CLASE TEORICA,(1) Grupo 1,No informado,29,29
local-20260824T065159,2026-08-24T06:53:47-05:00,2015963,CLASE TEORICA,(2) Grupo 2,No informado,30,29
local-20260824T065159,2026-08-24T06:53:47-05:00,2015963,CLASE TEORICA,(3) Grupo 3,William Castro Garcia,30,29
local-20260824T065159,2026-08-24T06:53:56-05:00,2026138,CLASE TEORICA,(1) Grupo 1,Ivan Dario Serrano Arrieta,30,30
local-20260824T065159,2026-08-24T06:53:56-05:00,2026138,CLASE TEORICA,(2) Grupo 2,Ivan Dario Serrano Arrieta,30,30
local-20260824T065159,2026-08-24T06:53:56-05:00,2026138,CLASE TEORICA,(3) Grupo 3,Pedro Luis Jimenez Poveda,30,30
local-20260824T065159,2026-08-24T06:53:57-05:00,2015703,NA,(1) Grupo 1,Angela Maria Arboleda Restrepo,40,31
local-20260824T065159,2026-08-24T06:53:57-05:00,2015703,NA,(10) Grupo 10,Diego Alejandro Hernandez Castañeda,30,31
local-20260824T065159,2026-08-24T06:53:57-05:00,2015703,NA,(11) Grupo 11,Julio Cesar Cañon Rodriguez,30,31
local-20260824T065159,2026-08-24T06:53:57-05:00,2015703,NA,(2) Grupo 2,Osman Benjamin Giovanny Vargas Rozo,40,31
local-20260824T065159,2026-08-24T06:53:57-05:00,2015703,NA,(3) Grupo 3,Hugo Alberto Herrera Fonseca,40,31
local-20260824T065159,2026-08-24T06:53:57-05:00,2015703,NA,(4) Grupo 4,LINA JULIANA BULLA CASAS,30,31
local-20260824T065159,2026-08-24T06:53:57-05:00,2015703,NA,(5) Grupo 5 - Virtual,Cesar Augusto Roa Lemus,60,31
local-20260824T065159,2026-08-24T06:53:57-05:00,2015703,NA,(6) Grupo 6,JAVIER RICARDO OJEDA SANCHEZ,40,31
local-20260824T065159,2026-08-24T06:53:57-05:00,2015703,NA,(7) Grupo 7,JAVIER RICARDO OJEDA SANCHEZ,40,31
local-20260824T065159,2026-08-24T06:53:57-05:00,2015703,NA,(8) Grupo 8,Diego Alejandro Hernandez Castañeda,39,31
local-20260824T065159,2026-08-24T06:53:57-05:00,2015703,NA,(9) Grupo 9,LINA JULIANA BULLA CASAS,35,31
local-20260824T065159,2026-08-24T06:53:59-05:00,1000044-B,CLASE TEORICA,(1) Grupo 1,Beatriz Elena Urrutia Sanchez,26,32
local-20260824T065159,2026-08-24T06:53:59-05:00,1000044-B,CLASE TEORICA,(2) Grupo 2,Yaneli Niño Osorio,25,32
local-20260824T065159,2026-08-24T06:53:59-05:00,1000044-B,CLASE TEORICA,(3) Grupo 3,Luis Gabriel Peña Ortiz,25,32
local-20260824T065159,2026-08-24T06:53:59-05:00,1000044-B,CLASE TEORICA,(4) Grupo 4,Liliana Marcela Guzman Aricapa,25,32
local-20260824T065159,2026-08-24T06:53:59-05:00,1000044-B,CLASE TEORICA,(5) Grupo 5,Beatriz Elena Urrutia Sanchez,26,32
local-20260824T065159,2026-08-24T06:53:59-05:00,1000044-B,CLASE TEORICA,(6) Grupo 6,Cesar Augusto Romero,26,32
local-20260824T065159,2026-08-24T06:53:59-05:00,1000044-B,CLASE TEORICA,(7) Grupo 7,JOSE JONATHAN MAESTRE HERRERA,26,32
local-20260824T065159,2026-08-24T06:53:59-05:00,1000044-B,CLASE TEORICA,(8) Grupo 8,Beymar Leonardo Solorzano Alviz,26,32
local-20260824T065159,2026-08-24T06:53:59-05:00,1000044-B,CLASE TEORICA,(9) Grupo 9,Claudia Marcela Arevalo Gomez,0,32
local-20260824T065159,2026-08-24T06:54:00-05:00,1000045-B,CLASE TEORICA,(1) Grupo 1,Claudia Marcela Arevalo Gomez,3,33
local-20260824T065159,2026-08-24T06:54:00-05:00,1000045-B,CLASE TEORICA,(10) Grupo 10,Jesica paola Rendon Alfonso,24,33
local-20260824T065159,2026-08-24T06:54:00-05:00,1000045-B,CLASE TEORICA,(11) Grupo 11,JOSE JONATHAN MAESTRE HERRERA,26,33
local-20260824T065159,2026-08-24T06:54:00-05:00,1000045-B,CLASE TEORICA,(12) Grupo 12,LINDA JOHANA RUIZ GOMEZ,24,33
local-20260824T065159,2026-08-24T06:54:00-05:00,1000045-B,CLASE TEORICA,(13) Grupo 13,Narly Yadira Pardo Cadena,26,33
local-20260824T065159,2026-08-24T06:54:00-05:00,1000045-B,CLASE TEORICA,(14) Grupo 14,Angelica Saenz Fonseca,24,33
local-20260824T065159,2026-08-24T06:54:00-05:00,1000045-B,CLASE TEORICA,(15) Grupo 15,Narly Yadira Pardo Cadena,26,33
local-20260824T065159,2026-08-24T06:54:00-05:00,1000045-B,CLASE TEORICA,(16) Grupo 16,Luis Gabriel Peña Ortiz,22,33
local-20260824T065159,2026-08-24T06:54:00-05:00,1000045-B,CLASE TEORICA,(2) Grupo 2,Cesar Augusto Romero,26,33
local-20260824T065159,2026-08-24T06:54:00-05:00,1000045-B,CLASE TEORICA,(3) Grupo 3,Jesica paola Rendon Alfonso,25,33
local-20260824T065159,2026-08-24T06:54:00-05:00,1000045-B,CLASE TEORICA,(4) Grupo 4,Adriana Marlen Sanchez Riaño,25,33
local-20260824T065159,2026-08-24T06:54:00-05:00,1000045-B,CLASE TEORICA,(5) Grupo 5,Cesar Augusto Romero,26,33
local-20260824T065159,2026-08-24T06:54:00-05:00,1000045-B,CLASE TEORICA,(6) Grupo 6,Sara Elisa Monsalve Patino,26,33
local-20260824T065159,2026-08-24T06:54:00-05:00,1000045-B,CLASE TEORICA,(7) Grupo 7,Luis Gabriel Peña Ortiz,25,33
local-20260824T065159,2026-08-24T06:54:00-05:00,1000045-B,CLASE TEORICA,(8) Grupo 8,Johnatan Martinez Hernandez,23,33
local-20260824T065159,2026-08-24T06:54:00-05:00,1000045-B,CLASE TEORICA,(9) Grupo 9,Maureen Elizabeth Hooker Oneill,13,33
local-20260824T065159,2026-08-24T06:54:11-05:00,1000046-B,CLASE TEORICA,(1) Grupo 1,Johnatan Martinez Hernandez,26,35
local-20260824T065159,2026-08-24T06:54:11-05:00,1000046-B,CLASE TEORICA,(10) Grupo 10,Jennly Angelica Gomez Rodriguez,26,35
local-20260824T065159,2026-08-24T06:54:11-05:00,1000046-B,CLASE TEORICA,(11) Grupo 11,Angelica Saenz Fonseca,26,35
local-20260824T065159,2026-08-24T06:54:11-05:00,1000046-B,CLASE TEORICA,(12) Grupo 12,Liliana Marcela Guzman Aricapa,25,35
local-20260824T065159,2026-08-24T06:54:11-05:00,1000046-B,CLASE TEORICA,(13) Grupo 13,ALBA LUCIA RIAÑO RODRIGUEZ,26,35
local-20260824T065159,2026-08-24T06:54:11-05:00,1000046-B,CLASE TEORICA,(14) Grupo 14,Angelica Saenz Fonseca,26,35
local-20260824T065159,2026-08-24T06:54:11-05:00,1000046-B,CLASE TEORICA,(15) Grupo 15,Luis Gabriel Peña Ortiz,26,35
local-20260824T065159,2026-08-24T06:54:11-05:00,1000046-B,CLASE TEORICA,(16) Grupo 16,Olga Lucia Ruiz Convers,26,35
local-20260824T065159,2026-08-24T06:54:11-05:00,1000046-B,CLASE TEORICA,(17) Grupo 17,Luis Gabriel Peña Ortiz,26,35
local-20260824T065159,2026-08-24T06:54:11-05:00,1000046-B,CLASE TEORICA,(18) Grupo 18,Narly Yadira Pardo Cadena,25,35
local-20260824T065159,2026-08-24T06:54:11-05:00,1000046-B,CLASE TEORICA,(2) Grupo 2,Jesica paola Rendon Alfonso,26,35
local-20260824T065159,2026-08-24T06:54:11-05:00,1000046-B,CLASE TEORICA,(3) Grupo 3,JESUS DAVID TORRES RODRIGUEZ,26,35
local-20260824T065159,2026-08-24T06:54:11-05:00,1000046-B,CLASE TEORICA,(4) Grupo 4,Claudia Patricia Cortes Lora,26,35
local-20260824T065159,2026-08-24T06:54:11-05:00,1000046-B,CLASE TEORICA,(5) Grupo 5,Johnatan Martinez Hernandez,26,35
local-20260824T065159,2026-08-24T06:54:11-05:00,1000046-B,CLASE TEORICA,(6) Grupo 6,Johnatan Martinez Hernandez,26,35
local-20260824T065159,2026-08-24T06:54:11-05:00,1000046-B,CLASE TEORICA,(7) Grupo 7,Jesica paola Rendon Alfonso,26,35
local-20260824T065159,2026-08-24T06:54:11-05:00,1000046-B,CLASE TEORICA,(8) Grupo 8,Beatriz Elena Urrutia Sanchez,26,35
local-20260824T065159,2026-08-24T06:54:11-05:00,1000046-B,CLASE TEORICA,(9) Grupo 9,Maureen Elizabeth Hooker Oneill,10,35
local-20260824T065159,2026-08-24T06:54:14-05:00,1000052-B,CLASE TEORICA,(1) Grupo 1,Liliana Marcela Guzman Aricapa,27,37
local-20260824T065159,2026-08-24T06:54:14-05:00,1000052-B,CLASE TEORICA,(2) Grupo 2,JOSE JONATHAN MAESTRE HERRERA,28,37
local-20260824T065159,2026-08-24T06:54:14-05:00,1000052-B,CLASE TEORICA,(3) Grupo 3,Aida Elena Monsalve Solorzano,28,37
local-20260824T065159,2026-08-24T06:54:15-05:00,1000053-B,CLASE TEORICA,(1) Grupo 1,Jennly Angelica Gomez Rodriguez,28,38
local-20260824T065159,2026-08-24T06:54:15-05:00,1000053-B,CLASE TEORICA,(2) Grupo 2,Yaneli Niño Osorio,27,38
local-20260824T065159,2026-08-24T06:54:15-05:00,1000053-B,CLASE TEORICA,(3) Grupo 3,Javier Rodriguez Gomez,30,38
local-20260824T065159,2026-08-24T06:54:15-05:00,1000053-B,CLASE TEORICA,(4) Grupo 4,Javier Rodriguez Gomez,30,38
local-20260824T065159,2026-08-24T06:54:15-05:00,1000053-B,CLASE TEORICA,(5) Grupo 5,LINDA JOHANA RUIZ GOMEZ,28,38
local-20260824T065159,2026-08-24T06:54:15-05:00,1000053-B,CLASE TEORICA,(6) Grupo 6,Olga Lucia Ruiz Convers,28,38
local-20260824T065159,2026-08-24T06:54:17-05:00,1000047-B,CLASE TEORICA,(1) Grupo 1,Cesar Augusto Romero,26,39
local-20260824T065159,2026-08-24T06:54:17-05:00,1000047-B,CLASE TEORICA,(10) Grupo 10,Monica Alexandra Riaño Orjuela,26,39
local-20260824T065159,2026-08-24T06:54:17-05:00,1000047-B,CLASE TEORICA,(11) Grupo 11,Jennly Angelica Gomez Rodriguez,26,39
local-20260824T065159,2026-08-24T06:54:17-05:00,1000047-B,CLASE TEORICA,(12) Grupo 12,Claudia Patricia Cortes Lora,26,39
local-20260824T065159,2026-08-24T06:54:17-05:00,1000047-B,CLASE TEORICA,(13) Grupo 13,Angelica Saenz Fonseca,26,39
local-20260824T065159,2026-08-24T06:54:17-05:00,1000047-B,CLASE TEORICA,(14) Grupo 14,LINDA JOHANA RUIZ GOMEZ,26,39
local-20260824T065159,2026-08-24T06:54:17-05:00,1000047-B,CLASE TEORICA,(15) Grupo 15,Claudia Patricia Cortes Lora,26,39
local-20260824T065159,2026-08-24T06:54:17-05:00,1000047-B,CLASE TEORICA,(16) Grupo 16,Narly Yadira Pardo Cadena,26,39
local-20260824T065159,2026-08-24T06:54:17-05:00,1000047-B,CLASE TEORICA,(17) Grupo 17,Angelica Saenz Fonseca,26,39
local-20260824T065159,2026-08-24T06:54:17-05:00,1000047-B,CLASE TEORICA,(18) Grupo 18,ALBA LUCIA RIAÑO RODRIGUEZ,26,39
local-20260824T065159,2026-08-24T06:54:17-05:00,1000047-B,CLASE TEORICA,(19) Grupo 19,Aida Elena Monsalve Solorzano,26,39
local-20260824T065159,2026-08-24T06:54:17-05:00,1000047-B,CLASE TEORICA,(2) Grupo 2,Yaneli Niño Osorio,26,39
local-20260824T065159,2026-08-24T06:54:17-05:00,1000047-B,CLASE TEORICA,(20) Grupo 20,ALBA LUCIA RIAÑO RODRIGUEZ,26,39
local-20260824T065159,2026-08-24T06:54:17-05:00,1000047-B,CLASE TEORICA,(21) Grupo 21,Edwin Yesid Leon Silva,26,39
local-20260824T065159,2026-08-24T06:54:17-05:00,1000047-B,CLASE TEORICA,(22) Grupo 22,LINDA JOHANA RUIZ GOMEZ,26,39
local-20260824T065159,2026-08-24T06:54:17-05:00,1000047-B,CLASE TEORICA,(3) Grupo 3,Monica Alexandra Riaño Orjuela,26,39
local-20260824T065159,2026-08-24T06:54:17-05:00,1000047-B,CLASE TEORICA,(4) Grupo 4,Claudia Patricia Cortes Lora,26,39
local-20260824T065159,2026-08-24T06:54:17-05:00,1000047-B,CLASE TEORICA,(5) Grupo 5,Olga Lucia Ruiz Convers,25,39
local-20260824T065159,2026-08-24T06:54:17-05:00,1000047-B,CLASE TEORICA,(6) Grupo 6,Monica Alexandra Riaño Orjuela,26,39
local-20260824T065159,2026-08-24T06:54:17-05:00,1000047-B,CLASE TEORICA,(7) Grupo 7,Cesar Augusto Romero,26,39
local-20260824T065159,2026-08-24T06:54:17-05:00,1000047-B,CLASE TEORICA,(8) Grupo 8,Beatriz Elena Urrutia Sanchez,26,39
local-20260824T065159,2026-08-24T06:54:17-05:00,1000047-B,CLASE TEORICA,(9) Grupo 9,Keshia Hilary Howard Livingston,14,39
local-20260824T065159,2026-08-24T06:54:27-05:00,2026186,CLASE TEORICA,(1) Grupo 1,Carol Andrea Murillo Feo,6,41
local-20260824T065159,2026-08-24T06:54:27-05:00,2026186,CLASE TEORICA,(2) Grupo 2,Leonel Vega Mora,0,41
local-20260824T065159,2026-08-24T06:54:27-05:00,2026186,CLASE TEORICA,(3) Grupo 3,CAMILO RIOS FRESNEDA,0,41
local-20260824T065159,2026-08-24T06:54:27-05:00,2026186,CLASE TEORICA,(4) Grupo 4,Carlos Orlando Robles Roa,7,41
local-20260824T065159,2026-08-24T06:54:31-05:00,1000001-B,CLASE TEORICA,(1) Grupo 1,No informado,0,43
local-20260824T065159,2026-08-24T06:54:31-05:00,1000001-B,CLASE TEORICA,(19) Grupo 19,No informado,4,43
local-20260824T065159,2026-08-24T06:54:31-05:00,1000001-B,CLASE TEORICA,(2) Grupo 2,No informado,21,43
local-20260824T065159,2026-08-24T06:54:31-05:00,1000001-B,CLASE MAGISTRAL,(1) Grupo 1,Ibeth Marcela Rubio Perilla,0,43
local-20260824T065159,2026-08-24T06:54:31-05:00,1000001-B,CLASE MAGISTRAL,(10) Grupo 10,No informado,0,43
local-20260824T065159,2026-08-24T06:54:31-05:00,1000001-B,CLASE MAGISTRAL,(2) Grupo 2,Herbert Alonso Dueñas Ruiz,0,43
local-20260824T065159,2026-08-24T06:54:31-05:00,1000001-B,CLASE MAGISTRAL,(3) Grupo 3,Jeanneth Galeano Penaloza,0,43
local-20260824T065159,2026-08-24T06:54:31-05:00,1000001-B,CLASE MAGISTRAL,(4) Grupo 4,Gustavo Adolfo Nieto Clavijo,0,43
local-20260824T065159,2026-08-24T06:54:31-05:00,1000001-B,CLASE MAGISTRAL,(5) Grupo 5,Natalia Camila Pinzon Cortes,0,43
local-20260824T065159,2026-08-24T06:54:31-05:00,1000001-B,CLASE MAGISTRAL,(6) Grupo 6,Martha Cecilia Moreno Penagos,0,43
local-20260824T065159,2026-08-24T06:54:31-05:00,1000001-B,CLASE MAGISTRAL,(7) Grupo 7,Claudio Rodriguez Beltran,1,43
local-20260824T065159,2026-08-24T06:54:31-05:00,1000001-B,CLASE MAGISTRAL,(8) Grupo 8,Gabriel Ignacio Padilla Leon,0,43
local-20260824T065159,2026-08-24T06:54:31-05:00,1000001-B,CLASE MAGISTRAL,(9) Grupo 9,No informado,11,43
local-20260824T065159,2026-08-24T06:54:32-05:00,2015965,CLASE TEORICA,(1) Grupo 1,CAMILO RIOS FRESNEDA,24,44
local-20260824T065159,2026-08-24T06:54:32-05:00,2015965,CLASE TEORICA,(2) Grupo 2,Julian David Puerto Suarez; Vladimir Buelvas Hernández,24,44
local-20260824T065159,2026-08-24T06:54:32-05:00,2015965,CLASE TEORICA,(3) Grupo 3,Ferney Betancourt Cardozo; Juan Manuel Lizarazo Marriaga,23,44
local-20260824T065159,2026-08-24T06:54:32-05:00,2015965,CLASE TEORICA,(4) Grupo 4,No informado,24,44
local-20260824T065159,2026-08-24T06:54:40-05:00,2015966,CLASE TEORICA,(1) Grupo 1,No informado,24,45
local-20260824T065159,2026-08-24T06:54:40-05:00,2015966,CLASE TEORICA,(2) Grupo 2,Adriana Patricia Piña Fulano,24,45
local-20260824T065159,2026-08-24T06:54:40-05:00,2015966,CLASE TEORICA,(3) Grupo 3,Rafael Orland Ortiz Mosquera,24,45
local-20260824T065159,2026-08-24T06:54:40-05:00,2015966,CLASE TEORICA,(4) Grupo 4,No informado,24,45
local-20260824T065159,2026-08-24T06:54:40-05:00,2015966,CLASE TEORICA,(5) Grupo 5,No informado,24,45
local-20260824T065159,2026-08-24T06:54:40-05:00,2015966,CLASE TEORICA,(6) Grupo 6,Luis Alejandro Morales Marin,23,45
local-20260824T065159,2026-08-24T06:54:40-05:00,2015966,CLASE TEORICA,(7) Grupo 7,No informado,24,45
local-20260824T065159,2026-08-24T06:54:40-05:00,2015966,CLASE TEORICA,(8) Grupo 8,No informado,24,45
local-20260824T065159,2026-08-24T06:54:42-05:00,2015967,NA,(1) Grupo 1,Vladimir Buelvas Hernández,24,46
local-20260824T065159,2026-08-24T06:54:43-05:00,2015968,CLASE TEORICA,(1) Grupo 1,Ricardo Parra Arango,24,47
local-20260824T065159,2026-08-24T06:54:43-05:00,2015968,CLASE TEORICA,(2) Grupo 2,Juan David Oliveros Salazar,24,47
local-20260824T065159,2026-08-24T06:54:43-05:00,2015968,CLASE TEORICA,(3) Grupo 3,No informado,24,47
local-20260824T065159,2026-08-24T06:54:43-05:00,2015968,CLASE TEORICA,(4) Grupo 4,Ricardo Parra Arango,24,47
local-20260824T065159,2026-08-24T06:54:43-05:00,2015968,CLASE TEORICA,(5) Grupo 5,Julian David Puerto Suarez,24,47
local-20260824T065159,2026-08-24T06:54:43-05:00,2015968,CLASE TEORICA,(6) Grupo 6,Dorian Luis Linero Segrera,24,47
local-20260824T065159,2026-08-24T06:54:43-05:00,2015968,CLASE TEORICA,(7) Grupo 7,No informado,0,47
local-20260824T065159,2026-08-24T06:54:44-05:00,2015969,CLASE TEORICA,(1) Grupo 1 (Inglés),Julio Esteban Colmenares Montañez,30,48
local-20260824T065159,2026-08-24T06:54:44-05:00,2015969,CLASE TEORICA,(2) Grupo 2,Guillermo Eduardo Avila Alvarez,30,48
local-20260824T065159,2026-08-24T06:54:44-05:00,2015969,CLASE TEORICA,(3) Grupo 3,Livaniel Viveros Rosero,30,48
local-20260824T065159,2026-08-24T06:54:44-05:00,2015969,CLASE TEORICA,(4) Grupo 4,No informado,30,48
local-20260824T065159,2026-08-24T06:54:46-05:00,2015970,CLASE PRACTICA,(4) Grupo 4,Helga Duarte,30,49
local-20260824T065159,2026-08-24T06:54:46-05:00,2015970,CLASE PRACTICA,(5) Grupo 5,Oswaldo Rojas Camacho,45,49
local-20260824T065159,2026-08-24T06:54:46-05:00,2015970,CLASE PRACTICA,(8) Grupo 8,Helga Duarte,30,49
local-20260824T065159,2026-08-24T06:54:46-05:00,2015970,CLASE PRACTICA,(9) Grupo 9,Oswaldo Rojas Camacho,45,49
local-20260824T065159,2026-08-24T06:54:56-05:00,2017293,CLASE TEORICA,(1) 2017293-1 Modelación matemática,David Leonardo Diaz Leon,34,50
local-20260824T065159,2026-08-24T06:54:56-05:00,2017293,CLASE TEORICA,(2) 2017293-2 Modelación matemática,David Leonardo Diaz Leon,33,50
local-20260824T065159,2026-08-24T06:54:56-05:00,2017293,CLASE MAGISTRAL,(1M) 2017293-1M Modelación matemática - Magistral,Carlos Alberto Duque Daza,79,50
local-20260824T065159,2026-08-24T06:55:00-05:00,2015971,CLASE TEORICA,(1) Grupo 1,No informado,30,53
local-20260824T065159,2026-08-24T06:55:00-05:00,2015971,CLASE TEORICA,(2) Grupo 2,Ferney Betancourt Cardozo,30,53
local-20260824T065159,2026-08-24T06:55:00-05:00,2015971,CLASE TEORICA,(3) Grupo 3,No informado,30,53
local-20260824T065159,2026-08-24T06:55:01-05:00,2015972,CLASE TEORICA,(1) Grupo 1,Carlos Alberto Moncada Aristizabal,15,54
local-20260824T065159,2026-08-24T06:55:01-05:00,2015972,CLASE TEORICA,(2) Grupo 2,SANTIAGO RAMIREZ ECHEVERRI,15,54
local-20260824T065159,2026-08-24T06:55:01-05:00,2015972,CLASE TEORICA,(3) Grupo 3,No informado,15,54
local-20260824T065159,2026-08-24T06:55:10-05:00,1000024-B,CLASE TEORICA,(12) Grupo 12,Edgar Delgado Mejia,0,55
local-20260824T065159,2026-08-24T06:55:10-05:00,1000024-B,CLASE TEORICA,(13) Grupo 13,Jesus Sigifredo Valencia Rios,0,55
local-20260824T065159,2026-08-24T06:55:10-05:00,1000024-B,CLASE TEORICA,(14) Grupo 14,Jhon Jairo Aragón Arias,8,55
local-20260824T065159,2026-08-24T06:55:11-05:00,1000013-B,CLASE TEORICA,(1) Grupo 1,JHONIER SEBASTIAN RANGEL GUTIERREZ,0,56
local-20260824T065159,2026-08-24T06:55:11-05:00,1000013-B,CLASE TEORICA,(10) Grupo 10,Sandra Vergara Cardozo,35,56
local-20260824T065159,2026-08-24T06:55:11-05:00,1000013-B,CLASE TEORICA,(11) Grupo 11,DIEGO ALBERTO MARTINEZ SIMBAQUEVA,39,56
local-20260824T065159,2026-08-24T06:55:11-05:00,1000013-B,CLASE TEORICA,(12) Grupo 12,DIEGO ALBERTO MARTINEZ SIMBAQUEVA,40,56
local-20260824T065159,2026-08-24T06:55:11-05:00,1000013-B,CLASE TEORICA,(13) Grupo 13,DIEGO ALBERTO MARTINEZ SIMBAQUEVA,29,56
local-20260824T065159,2026-08-24T06:55:11-05:00,1000013-B,CLASE TEORICA,(16) Grupo 16,Sergio Alejandro Calderon Villanueva,30,56
local-20260824T065159,2026-08-24T06:55:11-05:00,1000013-B,CLASE TEORICA,(2) Grupo 2,Luis Guillermo Diaz Monroy,40,56
local-20260824T065159,2026-08-24T06:55:11-05:00,1000013-B,CLASE TEORICA,(22) Grupo 22,Hanwen Zhang,45,56
local-20260824T065159,2026-08-24T06:55:11-05:00,1000013-B,CLASE TEORICA,(23) Grupo 23,ULPIANO LARA CRISTANCHO,0,56
local-20260824T065159,2026-08-24T06:55:11-05:00,1000013-B,CLASE TEORICA,(3) Grupo 3,Diana Carolina Franco Soto,40,56
local-20260824T065159,2026-08-24T06:55:11-05:00,1000013-B,CLASE TEORICA,(4) Grupo 4,Diana Carolina Franco Soto,40,56
local-20260824T065159,2026-08-24T06:55:11-05:00,1000013-B,CLASE TEORICA,(5) Grupo 5,Darwin Eduardo Martínez Riaño,35,56
local-20260824T065159,2026-08-24T06:55:11-05:00,1000013-B,CLASE TEORICA,(6) Grupo 6,Darwin Eduardo Martínez Riaño,35,56
local-20260824T065159,2026-08-24T06:55:11-05:00,1000013-B,CLASE TEORICA,(7) Grupo 7,Camilo Jose Torres Jimenez,40,56
local-20260824T065159,2026-08-24T06:55:12-05:00,2015734,NA,(1) Grupo 1,Fernando Salazar Delgado,5,57
local-20260824T065159,2026-08-24T06:55:12-05:00,2015734,NA,(10) Grupo 10,Tito Florez Calderon,4,57
local-20260824T065159,2026-08-24T06:55:12-05:00,2015734,NA,(11) Grupo 11,DAVID ALBERTO HERRERA ALVAREZ,0,57
local-20260824T065159,2026-08-24T06:55:12-05:00,2015734,NA,(12) Grupo 12,FABIEL NATÁN ESPINOSA CASTAÑEDA,1,57
local-20260824T065159,2026-08-24T06:55:12-05:00,2015734,NA,(13) Grupo 13,SERGIO CAMILO ESPINOSA BOTERO,33,57
local-20260824T065159,2026-08-24T06:55:12-05:00,2015734,NA,(14) Grupo 14,Felipe Gonzalez Roldan,0,57
local-20260824T065159,2026-08-24T06:55:12-05:00,2015734,NA,(2) Grupo 2,Fernando Salazar Delgado,15,57
local-20260824T065159,2026-08-24T06:55:12-05:00,2015734,NA,(3) Grupo 3,Jhoan Sebastian Restrepo Mendoza,0,57
local-20260824T065159,2026-08-24T06:55:12-05:00,2015734,NA,(4) Grupo 4,Sandra Liliana Rojas Martinez,0,57
local-20260824T065159,2026-08-24T06:55:12-05:00,2015734,NA,(5) Grupo 5,Jhoan Sebastian Restrepo Mendoza,1,57
local-20260824T065159,2026-08-24T06:55:12-05:00,2015734,NA,(6) Grupo 6,SERGIO CAMILO ESPINOSA BOTERO,5,57
local-20260824T065159,2026-08-24T06:55:12-05:00,2015734,NA,(7) Grupo 7,No informado,3,57
local-20260824T065159,2026-08-24T06:55:12-05:00,2015734,NA,(8) Grupo 8 - Virtual,FABIEL NATÁN ESPINOSA CASTAÑEDA,30,57
local-20260824T065159,2026-08-24T06:55:12-05:00,2015734,NA,(9) Grupo 9,Alvaro Reynel Córdoba,11,57
local-20260824T065159,2026-08-24T06:55:16-05:00,2015973,CLASE TEORICA,(1) Grupo 1,No informado,25,59
local-20260824T065159,2026-08-24T06:55:16-05:00,2015973,CLASE TEORICA,(2) Grupo 2,GABRIELA ARRIETA LOYO,25,59
local-20260824T065159,2026-08-24T06:55:16-05:00,2015973,CLASE TEORICA,(3) Grupo 3,NICOLAS ESCALANTE MORA,25,59
local-20260824T065159,2026-08-24T06:55:25-05:00,2022761,NA,(1) Grupo 1,Servio Javier Contreras Guerrero,15,60
local-20260824T065159,2026-08-24T06:55:25-05:00,2022761,NA,(2) Grupo 2,Servio Javier Contreras Guerrero,15,60
local-20260824T065159,2026-08-24T06:55:25-05:00,2022761,NA,(3) Grupo 3,Samuel Fernando Mesa Giraldo,15,60
local-20260824T065159,2026-08-24T06:55:26-05:00,2024045,CLASE TEORICA,(1) 2024045-1 Taller de proyectos interdisciplinarios,No informado,0,61
local-20260824T065159,2026-08-24T06:55:26-05:00,2024045,CLASE TEORICA,(10) 2024045-10 Taller de proyectos interdisciplinarios,Oscar Andres Eraso Eraso,0,61
local-20260824T065159,2026-08-24T06:55:26-05:00,2024045,CLASE TEORICA,(11) 2024045-11 Taller de proyectos interdisciplinarios,No informado,0,61
local-20260824T065159,2026-08-24T06:55:26-05:00,2024045,CLASE TEORICA,(12) 2024045-12 Taller de proyectos interdisciplinarios,Hector Julian Garcia Otalora,200,61
local-20260824T065159,2026-08-24T06:55:26-05:00,2024045,CLASE TEORICA,(13) 2024045-13 Taller de proyectos interdisciplinarios,No informado,0,61
local-20260824T065159,2026-08-24T06:55:26-05:00,2024045,CLASE TEORICA,(14) 2024045-14 Taller de proyectos interdisciplinarios,Dolly Santos Barbosa,0,61
local-20260824T065159,2026-08-24T06:55:26-05:00,2024045,CLASE TEORICA,(15) 2024045-15 Taller de proyectos interdisciplinarios,Oscar Andres Eraso Eraso,0,61
local-20260824T065159,2026-08-24T06:55:26-05:00,2024045,CLASE TEORICA,(16) 2024045-16 Taller de proyectos interdisciplinarios,Luis Ignacio Rodriguez Varela,0,61
local-20260824T065159,2026-08-24T06:55:26-05:00,2024045,CLASE TEORICA,(17) 2024045-17 Taller de proyectos interdisciplinarios,JOHANA CATALINA MANOSALVA BARRERA,0,61
local-20260824T065159,2026-08-24T06:55:26-05:00,2024045,CLASE TEORICA,(18) 2024045-18 Taller de proyectos interdisciplinarios,Fernando Bernal Martinez,0,61
local-20260824T065159,2026-08-24T06:55:26-05:00,2024045,CLASE TEORICA,(19) 2024045-19 Taller de proyectos interdisciplinarios,FRANCISCO JAVIER VÁSQUEZ VÁSQUEZ,0,61
local-20260824T065159,2026-08-24T06:55:26-05:00,2024045,CLASE TEORICA,(2) 2024045-2 Taller de proyectos interdisciplinarios,Fernando Bernal Martinez,0,61
local-20260824T065159,2026-08-24T06:55:26-05:00,2024045,CLASE TEORICA,(21) 2024045-21 Taller de proyectos interdisciplinarios,No informado,0,61
local-20260824T065159,2026-08-24T06:55:26-05:00,2024045,CLASE TEORICA,(22) 2024045-22 Taller de proyectos interdisciplinarios,Ubaldo Garcia Zaragoza,0,61
local-20260824T065159,2026-08-24T06:55:26-05:00,2024045,CLASE TEORICA,(23) 2024045-23 Taller de proyectos interdisciplinarios,No informado,0,61
local-20260824T065159,2026-08-24T06:55:26-05:00,2024045,CLASE TEORICA,(24) 2024045-24 Taller de proyectos interdisciplinarios,Hector Julian Garcia Otalora,200,61
local-20260824T065159,2026-08-24T06:55:26-05:00,2024045,CLASE TEORICA,(3) 2024045-3 Taller de proyectos interdisciplinarios,Guillermo Alberto Rocha Casas,0,61
local-20260824T065159,2026-08-24T06:55:26-05:00,2024045,CLASE TEORICA,(4) 2024045-4 Taller de proyectos interdisciplinarios,Francy Nayely Prieto Novoa,0,61
local-20260824T065159,2026-08-24T06:55:26-05:00,2024045,CLASE TEORICA,(40) 2024045-40 TPI-- NO BORRAR-- BLOQ ESPACIOS,No informado,0,61
local-20260824T065159,2026-08-24T06:55:26-05:00,2024045,CLASE TEORICA,(5) 2024045-5 Taller de proyectos interdisciplinarios,Nubia Carmenza Moreno Sarmiento,0,61
local-20260824T065159,2026-08-24T06:55:26-05:00,2024045,CLASE TEORICA,(6) 2024045-6 Taller de proyectos interdisciplinarios,JOHANA CATALINA MANOSALVA BARRERA,0,61
local-20260824T065159,2026-08-24T06:55:26-05:00,2024045,CLASE TEORICA,(7) 2024045-7 Taller de proyectos interdisciplinarios,Ubaldo Garcia Zaragoza,0,61
local-20260824T065159,2026-08-24T06:55:26-05:00,2024045,CLASE TEORICA,(8) 2024045-8 Taller de proyectos interdisciplinarios,JHON FREDDY LOPEZ MEDINA,0,61
local-20260824T065159,2026-08-24T06:55:26-05:00,2024045,CLASE TEORICA,(9) 2024045-9 Taller de proyectos interdisciplinarios,Manuel Alejandro Mayorga Betancourt,0,61
local-20260824T065159,2026-08-24T06:55:28-05:00,2015296,NA,(1) Grupo 1,Leonardo David Donado Garzon,5,62
local-20260824T065159,2026-08-24T06:55:28-05:00,2015296,NA,(10) Grupo 10,Juan Manuel Lizarazo Marriaga,5,62
local-20260824T065159,2026-08-24T06:55:28-05:00,2015296,NA,(11) Grupo 11,Octavio Coronado Garcia,5,62
local-20260824T065159,2026-08-24T06:55:28-05:00,2015296,NA,(12) Grupo 12,Carol Andrea Murillo Feo,5,62
local-20260824T065159,2026-08-24T06:55:28-05:00,2015296,NA,(13) Grupo 13,CAMILO RIOS FRESNEDA,5,62
local-20260824T065159,2026-08-24T06:55:28-05:00,2015296,NA,(14) Grupo 14,William Castro Garcia,5,62
local-20260824T065159,2026-08-24T06:55:28-05:00,2015296,NA,(15) Grupo 15,Luis Alejandro Morales Marin,5,62
local-20260824T065159,2026-08-24T06:55:28-05:00,2015296,NA,(16) Grupo 16,Ferney Betancourt Cardozo,5,62
local-20260824T065159,2026-08-24T06:55:28-05:00,2015296,NA,(17) Grupo 17,Maria Alejandra Caicedo Londoño,5,62
local-20260824T065159,2026-08-24T06:55:28-05:00,2015296,NA,(18) Grupo 18,Guillermo Eduardo Avila Alvarez,5,62
local-20260824T065159,2026-08-24T06:55:28-05:00,2015296,NA,(19) Grupo 19,Carlos Alfonso Gomez Guacaneme,0,62
local-20260824T065159,2026-08-24T06:55:28-05:00,2015296,NA,(2) Grupo 2,Carlos Orlando Robles Roa,5,62
local-20260824T065159,2026-08-24T06:55:28-05:00,2015296,NA,(3) Grupo 3,Angela Barrera Puerto,5,62
local-20260824T065159,2026-08-24T06:55:28-05:00,2015296,NA,(4) Grupo 4,Mauricio Alberto Tapias Camacho,5,62
local-20260824T065159,2026-08-24T06:55:28-05:00,2015296,NA,(5) Grupo 5,Maritzabel Molina Herrera,5,62
local-20260824T065159,2026-08-24T06:55:28-05:00,2015296,NA,(6) Grupo 6,Rodolfo Rodriguez Baracaldo,5,62
local-20260824T065159,2026-08-24T06:55:28-05:00,2015296,NA,(7) Grupo 7,SANTIAGO RAMIREZ ECHEVERRI,5,62
local-20260824T065159,2026-08-24T06:55:28-05:00,2015296,NA,(8) Grupo 8,Jose Ricardo Martinez Vargas,5,62
local-20260824T065159,2026-08-24T06:55:28-05:00,2015296,NA,(9) Grupo 9,GABRIELA ARRIETA LOYO,5,62
local-20260824T065159,2026-08-24T06:55:29-05:00,2015299,CLASE TEORICA,(1) Grupo 1,GABRIELA ARRIETA LOYO,51,63
local-20260824T075932,2026-08-24T08:00:13-05:00,2015938,CLASE TEORICA,(1) Grupo 1,Maria Alejandra Caicedo Londoño,25,0
local-20260824T075932,2026-08-24T08:00:13-05:00,2015938,CLASE TEORICA,(2) Grupo 2,Maria Alejandra Caicedo Londoño,25,0
local-20260824T075932,2026-08-24T08:00:13-05:00,2015938,CLASE TEORICA,(3) Grupo 3,JOSE LUIS DIAZ AREVALO,23,0
local-20260824T075932,2026-08-24T08:00:13-05:00,2015938,CLASE TEORICA,(4) Grupo 4,JOSE LUIS DIAZ AREVALO,24,0
local-20260824T075932,2026-08-24T08:00:14-05:00,2015939,CLASE TEORICA,(1) Grupo 1,ALVARO MARTIN GUTIERREZ MALAXECHEBARRIA,24,1
local-20260824T075932,2026-08-24T08:00:14-05:00,2015939,CLASE TEORICA,(2) Grupo 2,ALVARO MARTIN GUTIERREZ MALAXECHEBARRIA,25,1
local-20260824T075932,2026-08-24T08:00:14-05:00,2015939,CLASE TEORICA,(3) Grupo 3,Edder Alexander Velandia Duran,25,1
local-20260824T075932,2026-08-24T08:00:14-05:00,2015939,CLASE TEORICA,(4) Grupo 4,No informado,25,1
local-20260824T075932,2026-08-24T08:00:14-05:00,2015939,CLASE TEORICA,(5) Grupo 5,No informado,0,1
local-20260824T075932,2026-08-24T08:00:16-05:00,1000003-B,NA,(1) Grupo 1,Erika Lorena Rosero Alzate; Oscar Andrés Rojas Sepúlveda,0,2
local-20260824T075932,2026-08-24T08:00:16-05:00,1000003-B,NA,(10) Grupo 10,Epifanio Lozano Ayala,11,2
local-20260824T075932,2026-08-24T08:00:16-05:00,1000003-B,NA,(11) Grupo 11,No informado,59,2
local-20260824T075932,2026-08-24T08:00:16-05:00,1000003-B,NA,(12) Grupo 12,No informado,40,2
local-20260824T075932,2026-08-24T08:00:16-05:00,1000003-B,NA,(13) Grupo 13,Mohammed EL AIDI,38,2
local-20260824T075932,2026-08-24T08:00:16-05:00,1000003-B,NA,(15) Grupo 15,Myriam Leonor Campos Florez,57,2
local-20260824T075932,2026-08-24T08:00:16-05:00,1000003-B,NA,(16) Grupo 16,No informado,58,2
local-20260824T075932,2026-08-24T08:00:16-05:00,1000003-B,NA,(17) Grupo 17,Martha Cecilia Moreno Penagos,11,2
local-20260824T075932,2026-08-24T08:00:16-05:00,1000003-B,NA,(18) Grupo 18,John Alexander Cruz Morales,52,2
local-20260824T075932,2026-08-24T08:00:16-05:00,1000003-B,NA,(20) Grupo 20,Natalia Camila Pinzon Cortes,59,2
local-20260824T075932,2026-08-24T08:00:16-05:00,1000003-B,NA,(21) Grupo 21,Ivon Andrea Dorado Correa,48,2
local-20260824T075932,2026-08-24T08:00:16-05:00,1000003-B,NA,(22) Grupo 22,No informado,45,2
local-20260824T075932,2026-08-24T08:00:16-05:00,1000003-B,NA,(3) Grupo 3,No informado,59,2
local-20260824T075932,2026-08-24T08:00:16-05:00,1000003-B,NA,(4) Grupo 4,Luis Alejandro Barbosa Torres,99,2
local-20260824T075932,2026-08-24T08:00:16-05:00,1000003-B,NA,(5) Grupo 5,Jaime David Mora Paz,44,2
local-20260824T075932,2026-08-24T08:00:16-05:00,1000003-B,NA,(7) Grupo 7,Myriam Leonor Campos Florez,40,2
local-20260824T075932,2026-08-24T08:00:16-05:00,1000003-B,NA,(8) Grupo 8,No informado,8,2
local-20260824T075932,2026-08-24T08:00:17-05:00,2015940,CLASE TEORICA,(1) Grupo 1,Maritzabel Molina Herrera,22,3
local-20260824T075932,2026-08-24T08:00:17-05:00,2015940,CLASE TEORICA,(2) Grupo 2,Gabriel Andres Bernal Granados,24,3
local-20260824T075932,2026-08-24T08:00:17-05:00,2015940,CLASE TEORICA,(3) Grupo 3,No informado,24,3
local-20260824T075932,2026-08-24T08:00:18-05:00,2015941,CLASE TEORICA,(1) Grupo 1,Patricia Luna Tamayo,30,4
local-20260824T075932,2026-08-24T08:00:18-05:00,2015941,CLASE TEORICA,(2) Grupo 2,No informado,30,4
local-20260824T075932,2026-08-24T08:00:18-05:00,2015941,CLASE TEORICA,(3) Grupo 3,Carlos Ramiro Vallecilla Bahena,30,4
local-20260824T075932,2026-08-24T08:00:18-05:00,2015941,CLASE TEORICA,(4) Grupo 4,No informado,30,4
local-20260824T075932,2026-08-24T08:00:30-05:00,1000004-B,NA,(10) Grupo 10,No informado,51,5
local-20260824T075932,2026-08-24T08:00:30-05:00,1000004-B,NA,(11) Grupo 11,No informado,22,5
local-20260824T075932,2026-08-24T08:00:30-05:00,1000004-B,NA,(12) Grupo 12,No informado,24,5
local-20260824T075932,2026-08-24T08:00:30-05:00,1000004-B,NA,(13) Grupo 13,No informado,11,5
local-20260824T075932,2026-08-24T08:00:30-05:00,1000004-B,NA,(14) Grupo 14,No informado,87,5
local-20260824T075932,2026-08-24T08:00:30-05:00,1000004-B,NA,(16) Grupo 16,No informado,26,5
local-20260824T075932,2026-08-24T08:00:30-05:00,1000004-B,NA,(17) Grupo 17,Hernan Garzon Gutierrez,38,5
local-20260824T075932,2026-08-24T08:00:30-05:00,1000004-B,NA,(19) Grupo 19,No informado,59,5
local-20260824T075932,2026-08-24T08:00:30-05:00,1000004-B,NA,(2) Grupo 2,No informado,24,5
local-20260824T075932,2026-08-24T08:00:30-05:00,1000004-B,NA,(20) Grupo 20,Hernan Garzon Gutierrez,3,5
local-20260824T075932,2026-08-24T08:00:30-05:00,1000004-B,NA,(21) Grupo 21,No informado,60,5
local-20260824T075932,2026-08-24T08:00:30-05:00,1000004-B,NA,(22) Grupo 22,No informado,60,5
local-20260824T075932,2026-08-24T08:00:30-05:00,1000004-B,NA,(24) Grupo 24,Ricardo Ariel Pastran Ramirez,57,5
local-20260824T075932,2026-08-24T08:00:30-05:00,1000004-B,NA,(25) Grupo 25,No informado,40,5
local-20260824T075932,2026-08-24T08:00:30-05:00,1000004-B,NA,(27) Grupo 27,No informado,51,5
local-20260824T075932,2026-08-24T08:00:30-05:00,1000004-B,NA,(28) Grupo 28,No informado,60,5
local-20260824T075932,2026-08-24T08:00:30-05:00,1000004-B,NA,(29) Grupo 29,No informado,60,5
local-20260824T075932,2026-08-24T08:00:30-05:00,1000004-B,NA,(30) Grupo 30,No informado,60,5
local-20260824T075932,2026-08-24T08:00:30-05:00,1000004-B,NA,(32) Grupo 32,No informado,89,5
local-20260824T075932,2026-08-24T08:00:30-05:00,1000004-B,NA,(4) Grupo 4,Myriam Leonor Campos Florez,36,5
local-20260824T075932,2026-08-24T08:00:30-05:00,1000004-B,NA,(5) Grupo 5,Oscar Javier Lopez Alfonso,81,5
local-20260824T075932,2026-08-24T08:00:30-05:00,1000004-B,NA,(7) Grupo 7,Anderson Arley Vera Arboleda,62,5
local-20260824T075932,2026-08-24T08:00:30-05:00,1000004-B,NA,(8) Grupo 8,No informado,40,5
local-20260824T075932,2026-08-24T08:00:30-05:00,1000004-B,NA,(9) Grupo 9,No informado,18,5
local-20260824T075932,2026-08-24T08:00:35-05:00,1000004-B,NA,(10) Grupo 10,No informado,51,6
local-20260824T075932,2026-08-24T08:00:35-05:00,1000004-B,NA,(11) Grupo 11,No informado,22,6
local-20260824T075932,2026-08-24T08:00:35-05:00,1000004-B,NA,(12) Grupo 12,No informado,24,6
local-20260824T075932,2026-08-24T08:00:35-05:00,1000004-B,NA,(13) Grupo 13,No informado,11,6
local-20260824T075932,2026-08-24T08:00:35-05:00,1000004-B,NA,(14) Grupo 14,No informado,87,6
local-20260824T075932,2026-08-24T08:00:35-05:00,1000004-B,NA,(16) Grupo 16,No informado,26,6
local-20260824T075932,2026-08-24T08:00:35-05:00,1000004-B,NA,(17) Grupo 17,Hernan Garzon Gutierrez,38,6
local-20260824T075932,2026-08-24T08:00:35-05:00,1000004-B,NA,(19) Grupo 19,No informado,59,6
local-20260824T075932,2026-08-24T08:00:35-05:00,1000004-B,NA,(2) Grupo 2,No informado,24,6
local-20260824T075932,2026-08-24T08:00:35-05:00,1000004-B,NA,(20) Grupo 20,Hernan Garzon Gutierrez,3,6
local-20260824T075932,2026-08-24T08:00:35-05:00,1000004-B,NA,(21) Grupo 21,No informado,60,6
local-20260824T075932,2026-08-24T08:00:35-05:00,1000004-B,NA,(22) Grupo 22,No informado,60,6
local-20260824T075932,2026-08-24T08:00:35-05:00,1000004-B,NA,(24) Grupo 24,Ricardo Ariel Pastran Ramirez,57,6
local-20260824T075932,2026-08-24T08:00:35-05:00,1000004-B,NA,(25) Grupo 25,No informado,40,6
local-20260824T075932,2026-08-24T08:00:35-05:00,1000004-B,NA,(27) Grupo 27,No informado,51,6
local-20260824T075932,2026-08-24T08:00:35-05:00,1000004-B,NA,(28) Grupo 28,No informado,60,6
local-20260824T075932,2026-08-24T08:00:35-05:00,1000004-B,NA,(29) Grupo 29,No informado,60,6
local-20260824T075932,2026-08-24T08:00:35-05:00,1000004-B,NA,(30) Grupo 30,No informado,60,6
local-20260824T075932,2026-08-24T08:00:35-05:00,1000004-B,NA,(32) Grupo 32,No informado,89,6
local-20260824T075932,2026-08-24T08:00:35-05:00,1000004-B,NA,(4) Grupo 4,Myriam Leonor Campos Florez,36,6
local-20260824T075932,2026-08-24T08:00:35-05:00,1000004-B,NA,(5) Grupo 5,Oscar Javier Lopez Alfonso,81,6
local-20260824T075932,2026-08-24T08:00:35-05:00,1000004-B,NA,(7) Grupo 7,Anderson Arley Vera Arboleda,62,6
local-20260824T075932,2026-08-24T08:00:35-05:00,1000004-B,NA,(8) Grupo 8,No informado,40,6
local-20260824T075932,2026-08-24T08:00:35-05:00,1000004-B,NA,(9) Grupo 9,No informado,18,6
local-20260824T075932,2026-08-24T08:00:38-05:00,1000006-B,NA,(1) Grupo 1,No informado,38,7
local-20260824T075932,2026-08-24T08:00:38-05:00,1000006-B,NA,(10) Grupo 10,No informado,99,7
local-20260824T075932,2026-08-24T08:00:38-05:00,1000006-B,NA,(11) Grupo 11,No informado,40,7
local-20260824T075932,2026-08-24T08:00:38-05:00,1000006-B,NA,(12) Grupo 12,Leonid Lebedev,59,7
local-20260824T075932,2026-08-24T08:00:38-05:00,1000006-B,NA,(13) Grupo 13,Juan Carlos Hernandez Rincon,36,7
local-20260824T075932,2026-08-24T08:00:38-05:00,1000006-B,NA,(14) Grupo 14,No informado,58,7
local-20260824T075932,2026-08-24T08:00:38-05:00,1000006-B,NA,(15) Grupo 15,No informado,112,7
local-20260824T075932,2026-08-24T08:00:38-05:00,1000006-B,NA,(2) Grupo 2,EDIXON MANUEL ROJAS SANTANA,40,7
local-20260824T075932,2026-08-24T08:00:38-05:00,1000006-B,NA,(3) Grupo 3,Cesar Augusto Gomez Sierra,40,7
local-20260824T075932,2026-08-24T08:00:38-05:00,1000006-B,NA,(4) Grupo 4,Agustin Moreno Canadas,99,7
local-20260824T075932,2026-08-24T08:00:38-05:00,1000006-B,NA,(5) Grupo 5,German Eduardo Fonseca Buitrago,39,7
local-20260824T075932,2026-08-24T08:00:38-05:00,1000006-B,NA,(7) Grupo 7,No informado,70,7
local-20260824T075932,2026-08-24T08:00:38-05:00,1000006-B,NA,(8) Grupo 8,Epifanio Lozano Ayala,60,7
local-20260824T075932,2026-08-24T08:00:38-05:00,1000006-B,NA,(9) Grupo 9,Orlando Vanegas Canro,0,7
local-20260824T075932,2026-08-24T08:00:42-05:00,1000005-B,NA,(1) Grupo 1,Orlando Vanegas Canro,0,8
local-20260824T075932,2026-08-24T08:00:42-05:00,1000005-B,NA,(10) Grupo 10,Epifanio Lozano Ayala,50,8
local-20260824T075932,2026-08-24T08:00:42-05:00,1000005-B,NA,(14) Grupo 14,Mohammed EL AIDI,38,8
local-20260824T075932,2026-08-24T08:00:42-05:00,1000005-B,NA,(15) Grupo 15,Alina Fedosova,21,8
local-20260824T075932,2026-08-24T08:00:42-05:00,1000005-B,NA,(16) Grupo 16,No informado,70,8
local-20260824T075932,2026-08-24T08:00:42-05:00,1000005-B,NA,(17) Grupo 17,Hernan Garzon Gutierrez,35,8
local-20260824T075932,2026-08-24T08:00:42-05:00,1000005-B,NA,(2) Grupo 2,RENE ERLIN CASTILLO,47,8
local-20260824T075932,2026-08-24T08:00:42-05:00,1000005-B,NA,(20) Grupo 20,Franqui Solis Cardenas Poloche,40,8
local-20260824T075932,2026-08-24T08:00:42-05:00,1000005-B,NA,(22) Grupo 22,No informado,60,8
local-20260824T075932,2026-08-24T08:00:42-05:00,1000005-B,NA,(3) Grupo 3,Eduardo Cardenas Gomez,69,8
local-20260824T075932,2026-08-24T08:00:42-05:00,1000005-B,NA,(4) Grupo 4,Edward Samuel Becerra Rojas,59,8
local-20260824T075932,2026-08-24T08:00:42-05:00,1000005-B,NA,(6) Grupo 6,No informado,60,8
local-20260824T075932,2026-08-24T08:00:42-05:00,1000005-B,NA,(7) Grupo 7,Franqui Solis Cardenas Poloche,98,8
local-20260824T075932,2026-08-24T08:00:42-05:00,1000005-B,NA,(8) Grupo 8,No informado,39,8
local-20260824T075932,2026-08-24T08:00:42-05:00,1000005-B,NA,(9) Grupo 9,No informado,10,8
local-20260824T075932,2026-08-24T08:01:04-05:00,2015943,CLASE TEORICA,(1) Grupo 1,Carlos Orlando Robles Roa,15,10
local-20260824T075932,2026-08-24T08:01:13-05:00,2015944,CLASE TEORICA,(1) Grupo 1,SANTIAGO RAMIREZ ECHEVERRI,15,11
local-20260824T075932,2026-08-24T08:01:15-05:00,2015711,NA,(10) 2015711-10 Dibujo básico,Ariel Augusto Amaya Avila,0,12
local-20260824T075932,2026-08-24T08:01:15-05:00,2015711,NA,(11) 2015711-11 Dibujo básico,Cesar Augusto Bacca Gonzalez,0,12
local-20260824T075932,2026-08-24T08:01:15-05:00,2015711,NA,(14) 2015711-14 Dibujo básico,Cristian Felipe Morales Suárez,0,12
local-20260824T075932,2026-08-24T08:01:15-05:00,2015711,NA,(16) 2015711-16 Dibujo básico,DAVID FELIPE TORRES ARCE,0,12
local-20260824T075932,2026-08-24T08:01:15-05:00,2015711,NA,(4) 2015711-4 Dibujo básico,Cristian Felipe Morales Suárez,8,12
local-20260824T075932,2026-08-24T08:01:15-05:00,2015711,NA,(5) 2015711-5 Dibujo básico,Sebastian Achury Ortiz,0,12
local-20260824T075932,2026-08-24T08:01:15-05:00,2015711,NA,(7) 2015711-7 Dibujo básico,Cesar Augusto Bacca Gonzalez,20,12
local-20260824T075932,2026-08-24T08:01:15-05:00,2015711,NA,(8) 2015711-8 Dibujo básico,Miguel Angel Baquero Cortes,0,12
local-20260824T075932,2026-08-24T08:01:15-05:00,2015711,NA,(9) 2015711-9 Dibujo básico,EDWIN CAMILO REINA BELTRAN,0,12
local-20260824T075932,2026-08-24T08:01:16-05:00,2015948,CLASE TEORICA,(1) Grupo 1,No informado,29,13
local-20260824T075932,2026-08-24T08:01:16-05:00,2015948,CLASE TEORICA,(2) Grupo 2,Mauricio Alberto Tapias Camacho,30,13
local-20260824T075932,2026-08-24T08:01:16-05:00,2015948,CLASE TEORICA,(3) Grupo 3,No informado,29,13
local-20260824T075932,2026-08-24T08:01:18-05:00,2015950,CLASE TEORICA,(1) Grupo 1,No informado,25,14
local-20260824T075932,2026-08-24T08:01:18-05:00,2015950,CLASE TEORICA,(2) Grupo 2,No informado,0,14
local-20260824T075932,2026-08-24T08:01:18-05:00,2015950,CLASE TEORICA,(3) Grupo 3,Daniel Ricardo Lozano Monsalve,25,14
local-20260824T075932,2026-08-24T08:01:18-05:00,2015950,CLASE TEORICA,(4) Grupo 4,No informado,25,14
local-20260824T075932,2026-08-24T08:01:18-05:00,2015950,CLASE TEORICA,(5) Grupo 5,No informado,24,14
local-20260824T075932,2026-08-24T08:01:19-05:00,2015949,CLASE TEORICA,(1) Grupo 1,Mario Javier Cardozo Chaux,30,15
local-20260824T075932,2026-08-24T08:01:19-05:00,2015949,CLASE TEORICA,(2) Grupo 2,Wilson Ernesto Vargas Vargas,30,15
local-20260824T075932,2026-08-24T08:01:19-05:00,2015949,CLASE TEORICA,(3) Grupo 3,No informado,30,15
local-20260824T075932,2026-08-24T08:01:28-05:00,1000007-B,NA,(1) Grupo 1,German Eduardo Fonseca Buitrago,58,16
local-20260824T075932,2026-08-24T08:01:28-05:00,1000007-B,NA,(11) Grupo 11,Leonid Lebedev,57,16
local-20260824T075932,2026-08-24T08:01:28-05:00,1000007-B,NA,(12) Grupo 12,No informado,60,16
local-20260824T075932,2026-08-24T08:01:28-05:00,1000007-B,NA,(13) Grupo 13,Omar Duque Gomez,40,16
local-20260824T075932,2026-08-24T08:01:28-05:00,1000007-B,NA,(14) Grupo 14,No informado,100,16
local-20260824T075932,2026-08-24T08:01:28-05:00,1000007-B,NA,(3) Grupo 3,Serafin Bautista Diaz,39,16
local-20260824T075932,2026-08-24T08:01:28-05:00,1000007-B,NA,(4) Grupo 4,EDIXON MANUEL ROJAS SANTANA,59,16
local-20260824T075932,2026-08-24T08:01:28-05:00,1000007-B,NA,(6) Grupo 6,Alexander Caviedes Castro,50,16
local-20260824T075932,2026-08-24T08:01:28-05:00,1000007-B,NA,(7) Grupo 7,Oscar Guillermo Riaño Castañeda,40,16
local-20260824T075932,2026-08-24T08:01:28-05:00,1000007-B,NA,(9) Grupo 9,Orlando Vanegas Canro,0,16
local-20260824T075932,2026-08-24T08:01:30-05:00,2026134,CLASE TEORICA,(1) Grupo 1,No informado,0,17
local-20260824T075932,2026-08-24T08:01:30-05:00,2026134,CLASE TEORICA,(2) Grupo 2,Juan Manuel Lizarazo Marriaga,28,17
local-20260824T075932,2026-08-24T08:01:30-05:00,2026134,CLASE TEORICA,(3) Grupo 3,Maritzabel Molina Herrera,30,17
local-20260824T075932,2026-08-24T08:01:30-05:00,2026134,CLASE TEORICA,(4) Grupo 4,Carlos Ramiro Vallecilla Bahena,29,17
local-20260824T075932,2026-08-24T08:01:30-05:00,2026134,CLASE TEORICA,(5) Grupo 5,Fernando Lozano Osorno,29,17
local-20260824T075932,2026-08-24T08:01:30-05:00,2026134,CLASE TEORICA,(6) Grupo 6,No informado,30,17
local-20260824T075932,2026-08-24T08:01:31-05:00,2015954,CLASE TEORICA,(1) Grupo 1,Erasmo Alfredo Rodriguez Sandoval,30,18
local-20260824T075932,2026-08-24T08:01:31-05:00,2015954,CLASE TEORICA,(2) Grupo 2,Mario Enrique Moreno Castiblanco,29,18
local-20260824T075932,2026-08-24T08:01:31-05:00,2015954,CLASE TEORICA,(3) Grupo 3,Luis Alejandro Morales Marin,30,18
local-20260824T075932,2026-08-24T08:01:32-05:00,2015955,CLASE TEORICA,(1) Grupo 1,Giovanni Andres Cortes Tovar,30,19
local-20260824T075932,2026-08-24T08:01:32-05:00,2015955,CLASE TEORICA,(2) Grupo 2,Angela Barrera Puerto,30,19
local-20260824T075932,2026-08-24T08:01:32-05:00,2015955,CLASE TEORICA,(3) Grupo 3,Giovanni Andres Cortes Tovar,30,19
local-20260824T075932,2026-08-24T08:01:34-05:00,1000011-B,CLASE TEORICA,(1) Grupo 1,Ernesto Javier Puertas Dellepianes,118,20
local-20260824T075932,2026-08-24T08:01:34-05:00,1000011-B,CLASE TEORICA,(3) Grupo 3,Néstor Fernando Perez Buitrago,10,20
local-20260824T075932,2026-08-24T08:01:46-05:00,1000019-B,CLASE LABORATORIO,(1) Grupo 1,Gustavo Martinez Tamayo,26,21
local-20260824T075932,2026-08-24T08:01:46-05:00,1000019-B,CLASE LABORATORIO,(10) Grupo 10,No informado,27,21
local-20260824T075932,2026-08-24T08:01:46-05:00,1000019-B,CLASE LABORATORIO,(11) Grupo 11,EVER DAVID ALCALA CAJAR,32,21
local-20260824T075932,2026-08-24T08:01:46-05:00,1000019-B,CLASE LABORATORIO,(12) Grupo 12,FABIAN FELIPE QUEVEDO FARIETA,33,21
local-20260824T075932,2026-08-24T08:01:46-05:00,1000019-B,CLASE LABORATORIO,(13) Grupo 13,Alvaro Marino Camargo,28,21
local-20260824T075932,2026-08-24T08:01:46-05:00,1000019-B,CLASE LABORATORIO,(14) Grupo 14,Alvaro Marino Camargo,35,21
local-20260824T075932,2026-08-24T08:01:46-05:00,1000019-B,CLASE LABORATORIO,(15) Grupo 15,JULIAN MATEO DE MENDOZA GUTIERREZ,30,21
local-20260824T075932,2026-08-24T08:01:46-05:00,1000019-B,CLASE LABORATORIO,(16) Grupo 16,Alvaro Marino Camargo,34,21
local-20260824T075932,2026-08-24T08:01:46-05:00,1000019-B,CLASE LABORATORIO,(17) Grupo 17,JULIAN MATEO DE MENDOZA GUTIERREZ,32,21
local-20260824T075932,2026-08-24T08:01:46-05:00,1000019-B,CLASE LABORATORIO,(18) Grupo 18,Jaime Villalobos Velasco,31,21
local-20260824T075932,2026-08-24T08:01:46-05:00,1000019-B,CLASE LABORATORIO,(19) Grupo 19,JULY PAOLA GARZÓN LOPEZ,32,21
local-20260824T075932,2026-08-24T08:01:46-05:00,1000019-B,CLASE LABORATORIO,(2) Grupo 2,Gustavo Martinez Tamayo,31,21
local-20260824T075932,2026-08-24T08:01:46-05:00,1000019-B,CLASE LABORATORIO,(20) Grupo 20,JOSE ALFREDO GOMEZ MATEUS,34,21
local-20260824T075932,2026-08-24T08:01:46-05:00,1000019-B,CLASE LABORATORIO,(21) Grupo 21,Pedro Hernan Sanchez Machet,32,21
local-20260824T075932,2026-08-24T08:01:46-05:00,1000019-B,CLASE LABORATORIO,(22) Grupo 22,Pedro Hernan Sanchez Machet,34,21
local-20260824T075932,2026-08-24T08:01:46-05:00,1000019-B,CLASE LABORATORIO,(23) Grupo 23,Pedro Hernan Sanchez Machet,35,21
local-20260824T075932,2026-08-24T08:01:46-05:00,1000019-B,CLASE LABORATORIO,(24) Grupo 24,Pedro Hernan Sanchez Machet,33,21
local-20260824T075932,2026-08-24T08:01:46-05:00,1000019-B,CLASE LABORATORIO,(25) Grupo 25,Plinio Del Carmen Teheran Sermeno,29,21
local-20260824T075932,2026-08-24T08:01:46-05:00,1000019-B,CLASE LABORATORIO,(26) Grupo 26 (VIRTUAL),Plinio Del Carmen Teheran Sermeno,50,21
local-20260824T075932,2026-08-24T08:01:46-05:00,1000019-B,CLASE LABORATORIO,(27) Grupo 27 (VIRTUAL),Plinio Del Carmen Teheran Sermeno,48,21
local-20260824T075932,2026-08-24T08:01:46-05:00,1000019-B,CLASE LABORATORIO,(28) Grupo 28 (VIRTUAL),Plinio Del Carmen Teheran Sermeno,49,21
local-20260824T075932,2026-08-24T08:01:46-05:00,1000019-B,CLASE LABORATORIO,(29) Grupo 29 (VIRTUAL),Plinio Del Carmen Teheran Sermeno,49,21
local-20260824T075932,2026-08-24T08:01:46-05:00,1000019-B,CLASE LABORATORIO,(3) Grupo 3,Gustavo Martinez Tamayo,34,21
local-20260824T075932,2026-08-24T08:01:46-05:00,1000019-B,CLASE LABORATORIO,(4) Grupo 4,No informado,34,21
local-20260824T075932,2026-08-24T08:01:46-05:00,1000019-B,CLASE LABORATORIO,(5) Grupo 5,FABIAN FELIPE QUEVEDO FARIETA,32,21
local-20260824T075932,2026-08-24T08:01:46-05:00,1000019-B,CLASE LABORATORIO,(6) Grupo 6,Jaime Villalobos Velasco,33,21
local-20260824T075932,2026-08-24T08:01:46-05:00,1000019-B,CLASE LABORATORIO,(7) Grupo 7,Jaime Villalobos Velasco,33,21
local-20260824T075932,2026-08-24T08:01:46-05:00,1000019-B,CLASE LABORATORIO,(8) Grupo 8,Alvaro Marino Camargo,33,21
local-20260824T075932,2026-08-24T08:01:46-05:00,1000019-B,CLASE LABORATORIO,(9) Grupo 9,Erika Lorena Rosero Alzate,0,21
local-20260824T075932,2026-08-24T08:01:46-05:00,1000019-B,CLASE TALLER,(1) Grupo 1,FABIAN FELIPE QUEVEDO FARIETA,26,21
local-20260824T075932,2026-08-24T08:01:46-05:00,1000019-B,CLASE TALLER,(10) Grupo 10,FABIAN FELIPE QUEVEDO FARIETA,27,21
local-20260824T075932,2026-08-24T08:01:46-05:00,1000019-B,CLASE TALLER,(11) Grupo 11,JULIAN MATEO DE MENDOZA GUTIERREZ,32,21
local-20260824T075932,2026-08-24T08:01:46-05:00,1000019-B,CLASE TALLER,(12) Grupo 12,EVER DAVID ALCALA CAJAR,33,21
local-20260824T075932,2026-08-24T08:01:46-05:00,1000019-B,CLASE TALLER,(13) Grupo 13,MIGUEL ENRIQUE GÁMEZ LÓPEZ,28,21
local-20260824T075932,2026-08-24T08:01:46-05:00,1000019-B,CLASE TALLER,(14) Grupo 14,No informado,35,21
local-20260824T075932,2026-08-24T08:01:46-05:00,1000019-B,CLASE TALLER,(15) Grupo 15,EVER DAVID ALCALA CAJAR,30,21
local-20260824T075932,2026-08-24T08:01:46-05:00,1000019-B,CLASE TALLER,(16) Grupo 16,Edna Carolina Pinilla Beltran,34,21
local-20260824T075932,2026-08-24T08:01:46-05:00,1000019-B,CLASE TALLER,(17) Grupo 17,Jereson Silva Valencia,32,21
local-20260824T075932,2026-08-24T08:01:46-05:00,1000019-B,CLASE TALLER,(18) Grupo 18,Jereson Silva Valencia,31,21
local-20260824T075932,2026-08-24T08:01:46-05:00,1000019-B,CLASE TALLER,(19) Grupo 19,Jereson Silva Valencia,32,21
local-20260824T075932,2026-08-24T08:01:46-05:00,1000019-B,CLASE TALLER,(2) Grupo 2,Gustavo Martinez Tamayo,31,21
local-20260824T075932,2026-08-24T08:01:46-05:00,1000019-B,CLASE TALLER,(20) Grupo 20,Jereson Silva Valencia,34,21
local-20260824T075932,2026-08-24T08:01:46-05:00,1000019-B,CLASE TALLER,(21) Grupo 21,JOSE ALFREDO GOMEZ MATEUS,32,21
local-20260824T075932,2026-08-24T08:01:46-05:00,1000019-B,CLASE TALLER,(22) Grupo 22,JULY PAOLA GARZÓN LOPEZ,34,21
local-20260824T075932,2026-08-24T08:01:46-05:00,1000019-B,CLASE TALLER,(23) Grupo 23,Edna Carolina Pinilla Beltran,35,21
local-20260824T075932,2026-08-24T08:01:46-05:00,1000019-B,CLASE TALLER,(24) Grupo 24,Diego Alejandro Torres Galindo,33,21
local-20260824T075932,2026-08-24T08:01:46-05:00,1000019-B,CLASE TALLER,(25) Grupo 25,Plinio Del Carmen Teheran Sermeno,29,21
local-20260824T075932,2026-08-24T08:01:46-05:00,1000019-B,CLASE TALLER,(26) Grupo 26 (VIRTUAL),Plinio Del Carmen Teheran Sermeno,50,21
local-20260824T075932,2026-08-24T08:01:46-05:00,1000019-B,CLASE TALLER,(27) Grupo 27 (VIRTUAL),Plinio Del Carmen Teheran Sermeno,48,21
local-20260824T075932,2026-08-24T08:01:46-05:00,1000019-B,CLASE TALLER,(28) Grupo 28 (VIRTUAL),Plinio Del Carmen Teheran Sermeno,49,21
local-20260824T075932,2026-08-24T08:01:46-05:00,1000019-B,CLASE TALLER,(29) Grupo 29 (VIRTUAL),Plinio Del Carmen Teheran Sermeno,49,21
local-20260824T075932,2026-08-24T08:01:46-05:00,1000019-B,CLASE TALLER,(3) Grupo 3,Gustavo Martinez Tamayo,34,21
local-20260824T075932,2026-08-24T08:01:46-05:00,1000019-B,CLASE TALLER,(4) Grupo 4,Jaime Villalobos Velasco,34,21
local-20260824T075932,2026-08-24T08:01:46-05:00,1000019-B,CLASE TALLER,(5) Grupo 5,Jaime Villalobos Velasco,32,21
local-20260824T075932,2026-08-24T08:01:46-05:00,1000019-B,CLASE TALLER,(6) Grupo 6,Ramiro Cardona Cardona,33,21
local-20260824T075932,2026-08-24T08:01:46-05:00,1000019-B,CLASE TALLER,(7) Grupo 7,Ramiro Cardona Cardona,33,21
local-20260824T075932,2026-08-24T08:01:46-05:00,1000019-B,CLASE TALLER,(8) Grupo 8,Edna Carolina Pinilla Beltran,33,21
local-20260824T075932,2026-08-24T08:01:46-05:00,1000019-B,CLASE TALLER,(9) Grupo 9,No informado,7,21
local-20260824T075932,2026-08-24T08:01:46-05:00,1000019-B,CLASE MAGISTRAL,(16) Gruop 16,Erika Lorena Rosero Alzate; Daniel Camilo Padilla González,8,21
local-20260824T075932,2026-08-24T08:01:46-05:00,1000019-B,CLASE MAGISTRAL,(1) Grupo 1,Gustavo Martinez Tamayo,26,21
local-20260824T075932,2026-08-24T08:01:46-05:00,1000019-B,CLASE MAGISTRAL,(10) Grupo 10,Ovidio Amado Almanza Montero,27,21
local-20260824T075932,2026-08-24T08:01:46-05:00,1000019-B,CLASE MAGISTRAL,(11) Grupo 11,Ovidio Amado Almanza Montero,32,21
local-20260824T075932,2026-08-24T08:01:46-05:00,1000019-B,CLASE MAGISTRAL,(12) Grupo 12,Ovidio Amado Almanza Montero,33,21
local-20260824T075932,2026-08-24T08:01:46-05:00,1000019-B,CLASE MAGISTRAL,(13) Grupo 13,Jaime Villalobos Velasco,28,21
local-20260824T075932,2026-08-24T08:01:46-05:00,1000019-B,CLASE MAGISTRAL,(14) Grupo 14,Jaime Villalobos Velasco,35,21
local-20260824T075932,2026-08-24T08:01:46-05:00,1000019-B,CLASE MAGISTRAL,(15) Grupo 15,Jaime Villalobos Velasco,30,21
local-20260824T075932,2026-08-24T08:01:46-05:00,1000019-B,CLASE MAGISTRAL,(17) Grupo 17,Jereson Silva Valencia,32,21
local-20260824T075932,2026-08-24T08:01:46-05:00,1000019-B,CLASE MAGISTRAL,(18) Grupo 18,Jereson Silva Valencia,31,21
local-20260824T075932,2026-08-24T08:01:46-05:00,1000019-B,CLASE MAGISTRAL,(19) Grupo 19,Jereson Silva Valencia,32,21
local-20260824T075932,2026-08-24T08:01:46-05:00,1000019-B,CLASE MAGISTRAL,(2) Grupo 2,Gustavo Martinez Tamayo,31,21
local-20260824T075932,2026-08-24T08:01:46-05:00,1000019-B,CLASE MAGISTRAL,(20) Grupo 20,Jereson Silva Valencia,34,21
local-20260824T075932,2026-08-24T08:01:46-05:00,1000019-B,CLASE MAGISTRAL,(21) Grupo 21,Diego Alejandro Torres Galindo,32,21
local-20260824T075932,2026-08-24T08:01:46-05:00,1000019-B,CLASE MAGISTRAL,(22) Grupo 22,Diego Alejandro Torres Galindo,34,21
local-20260824T075932,2026-08-24T08:01:46-05:00,1000019-B,CLASE MAGISTRAL,(23) Grupo 23,Diego Alejandro Torres Galindo,35,21
local-20260824T075932,2026-08-24T08:01:46-05:00,1000019-B,CLASE MAGISTRAL,(24) Grupo 24,Diego Alejandro Torres Galindo,33,21
local-20260824T075932,2026-08-24T08:01:46-05:00,1000019-B,CLASE MAGISTRAL,(25) Grupo 25,Plinio Del Carmen Teheran Sermeno,29,21
local-20260824T075932,2026-08-24T08:01:46-05:00,1000019-B,CLASE MAGISTRAL,(26) Grupo 26 (VIRTUAL),Plinio Del Carmen Teheran Sermeno,50,21
local-20260824T075932,2026-08-24T08:01:46-05:00,1000019-B,CLASE MAGISTRAL,(27) Grupo 27 (VIRTUAL),Plinio Del Carmen Teheran Sermeno,48,21
local-20260824T075932,2026-08-24T08:01:46-05:00,1000019-B,CLASE MAGISTRAL,(28) Grupo 28 (VIRTUAL),Plinio Del Carmen Teheran Sermeno,49,21
local-20260824T075932,2026-08-24T08:01:46-05:00,1000019-B,CLASE MAGISTRAL,(29) Grupo 29 (VIRTUAL),Plinio Del Carmen Teheran Sermeno,49,21
local-20260824T075932,2026-08-24T08:01:46-05:00,1000019-B,CLASE MAGISTRAL,(3) Grupo 3,Gustavo Martinez Tamayo,34,21
local-20260824T075932,2026-08-24T08:01:46-05:00,1000019-B,CLASE MAGISTRAL,(4) Grupo 4,Gustavo Martinez Tamayo,34,21
local-20260824T075932,2026-08-24T08:01:46-05:00,1000019-B,CLASE MAGISTRAL,(5) Grupo 5,Ramiro Cardona Cardona,32,21
local-20260824T075932,2026-08-24T08:01:46-05:00,1000019-B,CLASE MAGISTRAL,(6) Grupo 6,Ramiro Cardona Cardona,33,21
local-20260824T075932,2026-08-24T08:01:46-05:00,1000019-B,CLASE MAGISTRAL,(7) Grupo 7,Ramiro Cardona Cardona,33,21
local-20260824T075932,2026-08-24T08:01:46-05:00,1000019-B,CLASE MAGISTRAL,(8) Grupo 8,Ramiro Cardona Cardona,33,21
local-20260824T075932,2026-08-24T08:01:46-05:00,1000019-B,CLASE MAGISTRAL,(9) Grupo 9,Fredy Angel Jimenez Giraldo,7,21
local-20260824T075932,2026-08-24T08:01:48-05:00,2015956,CLASE TEORICA,(1) Grupo 1,Modesto Portilla Gamboa; Fernando Eli Romero Ordoñez,35,22
local-20260824T075932,2026-08-24T08:01:48-05:00,2015956,CLASE TEORICA,(2) Grupo 2,Jennifer Angel Amaya,30,22
local-20260824T075932,2026-08-24T08:01:48-05:00,2015956,CLASE TEORICA,(3) Grupo 3,Jennifer Angel Amaya,30,22
local-20260824T075932,2026-08-24T08:01:48-05:00,2015956,CLASE TEORICA,(4) Grupo 4,Fernando Eli Romero Ordoñez; Modesto Portilla Gamboa,35,22
local-20260824T075932,2026-08-24T08:01:51-05:00,2015957,CLASE PRACTICA,(1) Grupo 1,No informado,30,23
local-20260824T075932,2026-08-24T08:01:51-05:00,2015957,CLASE PRACTICA,(2) Grupo 2,Samuel Fernando Mesa Giraldo,30,23
local-20260824T075932,2026-08-24T08:01:51-05:00,2015957,CLASE PRACTICA,(3) Grupo 3,Rose Marie Aldana Boutin,29,23
local-20260824T075932,2026-08-24T08:01:51-05:00,2015957,CLASE PRACTICA,(4) Grupo 4,Rose Marie Aldana Boutin,30,23
local-20260824T075932,2026-08-24T08:01:52-05:00,2015958,CLASE PRACTICA,(1) Grupo 1,William Castro Garcia,19,24
local-20260824T075932,2026-08-24T08:01:52-05:00,2015958,CLASE PRACTICA,(2) Grupo 2,William Castro Garcia,18,24
local-20260824T075932,2026-08-24T08:01:52-05:00,2015958,CLASE PRACTICA,(3) Grupo 3,Carlos Alfonso Gomez Guacaneme,30,24
local-20260824T075932,2026-08-24T08:01:52-05:00,2015958,CLASE PRACTICA,(4) Grupo 4,Mario Arturo Rincon Villalba,20,24
local-20260824T075932,2026-08-24T08:01:52-05:00,2015958,CLASE PRACTICA,(5) Grupo 5,Mario Arturo Rincon Villalba,20,24
local-20260824T075932,2026-08-24T08:01:52-05:00,2015958,CLASE PRACTICA,(6) Grupo 6,Fausto Alejandro Silva España,19,24
local-20260824T075932,2026-08-24T08:01:52-05:00,2015958,CLASE PRACTICA,(7) Grupo 7,Fausto Alejandro Silva España,20,24
local-20260824T075932,2026-08-24T08:01:52-05:00,2015958,CLASE PRACTICA,(8) Grupo 8,Fausto Alejandro Silva España,20,24
local-20260824T075932,2026-08-24T08:01:52-05:00,2015958,CLASE PRACTICA,(9) Grupo 9,Fausto Alejandro Silva España,20,24
local-20260824T075932,2026-08-24T08:01:52-05:00,2015958,CLASE TEORICA,(1) Grupo 1,William Castro Garcia,37,24
local-20260824T075932,2026-08-24T08:01:52-05:00,2015958,CLASE TEORICA,(3) Grupo 3,Carlos Alfonso Gomez Guacaneme,30,24
local-20260824T075932,2026-08-24T08:01:52-05:00,2015958,CLASE TEORICA,(4) Grupo 4,Mario Arturo Rincon Villalba,40,24
local-20260824T075932,2026-08-24T08:01:52-05:00,2015958,CLASE TEORICA,(6) Grupo 6,Cesar Andres Cortes Bello,39,24
local-20260824T075932,2026-08-24T08:01:52-05:00,2015958,CLASE TEORICA,(8) Grupo 8,Cesar Andres Cortes Bello,40,24
local-20260824T075932,2026-08-24T08:01:54-05:00,2015959,CLASE TEORICA,(1) Grupo 1,Carlos Eduardo Rodriguez Pineda,30,25
local-20260824T075932,2026-08-24T08:01:54-05:00,2015959,CLASE TEORICA,(2) Grupo 2,Guillermo Eduardo Avila Alvarez,28,25
local-20260824T075932,2026-08-24T08:01:54-05:00,2015959,CLASE TEORICA,(3) Grupo 3,Livaniel Viveros Rosero,29,25
local-20260824T075932,2026-08-24T08:01:54-05:00,2015959,CLASE TEORICA,(4) Grupo 4,No informado,0,25
local-20260824T075932,2026-08-24T08:02:04-05:00,2022760,NA,(1) Grupo 1,No informado,15,26
local-20260824T075932,2026-08-24T08:02:05-05:00,2015961,CLASE TEORICA,(1) Grupo 1,Rafael Orland Ortiz Mosquera,24,27
local-20260824T075932,2026-08-24T08:02:05-05:00,2015961,CLASE TEORICA,(2) Grupo 2,Adriana Patricia Piña Fulano,24,27
local-20260824T075932,2026-08-24T08:02:05-05:00,2015961,CLASE TEORICA,(3) Grupo 3,Gelber Norberto Gutierrez Palacios,24,27
local-20260824T075932,2026-08-24T08:02:05-05:00,2015961,CLASE TEORICA,(4) Grupo 4,No informado,24,27
local-20260824T075932,2026-08-24T08:02:05-05:00,2015961,CLASE TEORICA,(5) Grupo 5,No informado,24,27
local-20260824T075932,2026-08-24T08:02:05-05:00,2015961,CLASE TEORICA,(6) Grupo 6,Leonardo David Donado Garzon,24,27
local-20260824T075932,2026-08-24T08:02:07-05:00,2015978,CLASE TEORICA,(1) Grupo 1,No informado,0,28
local-20260824T075932,2026-08-24T08:02:07-05:00,2015978,CLASE TEORICA,(2) Grupo 2,Erasmo Alfredo Rodriguez Sandoval,30,28
local-20260824T075932,2026-08-24T08:02:07-05:00,2015978,CLASE TEORICA,(3) Grupo 3,No informado,30,28
local-20260824T075932,2026-08-24T08:02:07-05:00,2015978,CLASE TEORICA,(4) Grupo 4,No informado,30,28
local-20260824T075932,2026-08-24T08:02:07-05:00,2015978,CLASE TEORICA,(5) Grupo 5,No informado,30,28
local-20260824T075932,2026-08-24T08:02:09-05:00,2026135,CLASE TEORICA,(1) Grupo 1,NICOLAS ESCALANTE MORA,25,29
local-20260824T075932,2026-08-24T08:02:09-05:00,2026135,CLASE TEORICA,(2) Grupo 2,Leonel Vega Mora,25,29
local-20260824T075932,2026-08-24T08:02:09-05:00,2026135,CLASE TEORICA,(3) Grupo 3,Leonel Vega Mora,25,29
local-20260824T075932,2026-08-24T08:02:10-05:00,2015963,CLASE TEORICA,(1) Grupo 1,No informado,28,30
local-20260824T075932,2026-08-24T08:02:10-05:00,2015963,CLASE TEORICA,(2) Grupo 2,No informado,29,30
local-20260824T075932,2026-08-24T08:02:10-05:00,2015963,CLASE TEORICA,(3) Grupo 3,William Castro Garcia,28,30
local-20260824T075932,2026-08-24T08:02:20-05:00,2026138,CLASE TEORICA,(1) Grupo 1,Ivan Dario Serrano Arrieta,30,31
local-20260824T075932,2026-08-24T08:02:20-05:00,2026138,CLASE TEORICA,(2) Grupo 2,Ivan Dario Serrano Arrieta,29,31
local-20260824T075932,2026-08-24T08:02:20-05:00,2026138,CLASE TEORICA,(3) Grupo 3,Pedro Luis Jimenez Poveda,30,31
local-20260824T075932,2026-08-24T08:02:22-05:00,2015703,NA,(1) Grupo 1,Angela Maria Arboleda Restrepo,40,32
local-20260824T075932,2026-08-24T08:02:22-05:00,2015703,NA,(10) Grupo 10,Diego Alejandro Hernandez Castañeda,30,32
local-20260824T075932,2026-08-24T08:02:22-05:00,2015703,NA,(11) Grupo 11,Julio Cesar Cañon Rodriguez,29,32
local-20260824T075932,2026-08-24T08:02:22-05:00,2015703,NA,(2) Grupo 2,Osman Benjamin Giovanny Vargas Rozo,39,32
local-20260824T075932,2026-08-24T08:02:22-05:00,2015703,NA,(3) Grupo 3,Hugo Alberto Herrera Fonseca,39,32
local-20260824T075932,2026-08-24T08:02:22-05:00,2015703,NA,(4) Grupo 4,LINA JULIANA BULLA CASAS,29,32
local-20260824T075932,2026-08-24T08:02:22-05:00,2015703,NA,(5) Grupo 5 - Virtual,Cesar Augusto Roa Lemus,60,32
local-20260824T075932,2026-08-24T08:02:22-05:00,2015703,NA,(6) Grupo 6,JAVIER RICARDO OJEDA SANCHEZ,39,32
local-20260824T075932,2026-08-24T08:02:22-05:00,2015703,NA,(7) Grupo 7,JAVIER RICARDO OJEDA SANCHEZ,39,32
local-20260824T075932,2026-08-24T08:02:22-05:00,2015703,NA,(8) Grupo 8,Diego Alejandro Hernandez Castañeda,39,32
local-20260824T075932,2026-08-24T08:02:22-05:00,2015703,NA,(9) Grupo 9,LINA JULIANA BULLA CASAS,35,32
local-20260824T075932,2026-08-24T08:02:24-05:00,1000044-B,CLASE TEORICA,(1) Grupo 1,Beatriz Elena Urrutia Sanchez,26,33
local-20260824T075932,2026-08-24T08:02:24-05:00,1000044-B,CLASE TEORICA,(2) Grupo 2,Yaneli Niño Osorio,24,33
local-20260824T075932,2026-08-24T08:02:24-05:00,1000044-B,CLASE TEORICA,(3) Grupo 3,Luis Gabriel Peña Ortiz,24,33
local-20260824T075932,2026-08-24T08:02:24-05:00,1000044-B,CLASE TEORICA,(4) Grupo 4,Liliana Marcela Guzman Aricapa,24,33
local-20260824T075932,2026-08-24T08:02:24-05:00,1000044-B,CLASE TEORICA,(5) Grupo 5,Beatriz Elena Urrutia Sanchez,24,33
local-20260824T075932,2026-08-24T08:02:24-05:00,1000044-B,CLASE TEORICA,(6) Grupo 6,Cesar Augusto Romero,23,33
local-20260824T075932,2026-08-24T08:02:24-05:00,1000044-B,CLASE TEORICA,(7) Grupo 7,JOSE JONATHAN MAESTRE HERRERA,25,33
local-20260824T075932,2026-08-24T08:02:24-05:00,1000044-B,CLASE TEORICA,(8) Grupo 8,Beymar Leonardo Solorzano Alviz,26,33
local-20260824T075932,2026-08-24T08:02:24-05:00,1000044-B,CLASE TEORICA,(9) Grupo 9,Claudia Marcela Arevalo Gomez,0,33
local-20260824T075932,2026-08-24T08:02:26-05:00,1000045-B,CLASE TEORICA,(1) Grupo 1,Claudia Marcela Arevalo Gomez,3,34
local-20260824T075932,2026-08-24T08:02:26-05:00,1000045-B,CLASE TEORICA,(10) Grupo 10,Jesica paola Rendon Alfonso,22,34
local-20260824T075932,2026-08-24T08:02:26-05:00,1000045-B,CLASE TEORICA,(11) Grupo 11,JOSE JONATHAN MAESTRE HERRERA,25,34
local-20260824T075932,2026-08-24T08:02:26-05:00,1000045-B,CLASE TEORICA,(12) Grupo 12,LINDA JOHANA RUIZ GOMEZ,21,34
local-20260824T075932,2026-08-24T08:02:26-05:00,1000045-B,CLASE TEORICA,(13) Grupo 13,Narly Yadira Pardo Cadena,24,34
local-20260824T075932,2026-08-24T08:02:26-05:00,1000045-B,CLASE TEORICA,(14) Grupo 14,Angelica Saenz Fonseca,23,34
local-20260824T075932,2026-08-24T08:02:26-05:00,1000045-B,CLASE TEORICA,(15) Grupo 15,Narly Yadira Pardo Cadena,25,34
local-20260824T075932,2026-08-24T08:02:26-05:00,1000045-B,CLASE TEORICA,(16) Grupo 16,Luis Gabriel Peña Ortiz,22,34
local-20260824T075932,2026-08-24T08:02:26-05:00,1000045-B,CLASE TEORICA,(2) Grupo 2,Cesar Augusto Romero,24,34
local-20260824T075932,2026-08-24T08:02:26-05:00,1000045-B,CLASE TEORICA,(3) Grupo 3,Jesica paola Rendon Alfonso,25,34
local-20260824T075932,2026-08-24T08:02:26-05:00,1000045-B,CLASE TEORICA,(4) Grupo 4,Adriana Marlen Sanchez Riaño,24,34
local-20260824T075932,2026-08-24T08:02:26-05:00,1000045-B,CLASE TEORICA,(5) Grupo 5,Cesar Augusto Romero,25,34
local-20260824T075932,2026-08-24T08:02:26-05:00,1000045-B,CLASE TEORICA,(6) Grupo 6,Sara Elisa Monsalve Patino,25,34
local-20260824T075932,2026-08-24T08:02:26-05:00,1000045-B,CLASE TEORICA,(7) Grupo 7,Luis Gabriel Peña Ortiz,24,34
local-20260824T075932,2026-08-24T08:02:26-05:00,1000045-B,CLASE TEORICA,(8) Grupo 8,Johnatan Martinez Hernandez,22,34
local-20260824T075932,2026-08-24T08:02:26-05:00,1000045-B,CLASE TEORICA,(9) Grupo 9,Maureen Elizabeth Hooker Oneill,13,34
local-20260824T075932,2026-08-24T08:02:39-05:00,1000046-B,CLASE TEORICA,(1) Grupo 1,Johnatan Martinez Hernandez,24,36
local-20260824T075932,2026-08-24T08:02:39-05:00,1000046-B,CLASE TEORICA,(10) Grupo 10,Jennly Angelica Gomez Rodriguez,26,36
local-20260824T075932,2026-08-24T08:02:39-05:00,1000046-B,CLASE TEORICA,(11) Grupo 11,Angelica Saenz Fonseca,25,36
local-20260824T075932,2026-08-24T08:02:39-05:00,1000046-B,CLASE TEORICA,(12) Grupo 12,Liliana Marcela Guzman Aricapa,25,36
local-20260824T075932,2026-08-24T08:02:39-05:00,1000046-B,CLASE TEORICA,(13) Grupo 13,ALBA LUCIA RIAÑO RODRIGUEZ,25,36
local-20260824T075932,2026-08-24T08:02:39-05:00,1000046-B,CLASE TEORICA,(14) Grupo 14,Angelica Saenz Fonseca,26,36
local-20260824T075932,2026-08-24T08:02:39-05:00,1000046-B,CLASE TEORICA,(15) Grupo 15,Luis Gabriel Peña Ortiz,26,36
local-20260824T075932,2026-08-24T08:02:39-05:00,1000046-B,CLASE TEORICA,(16) Grupo 16,Olga Lucia Ruiz Convers,26,36
local-20260824T075932,2026-08-24T08:02:39-05:00,1000046-B,CLASE TEORICA,(17) Grupo 17,Luis Gabriel Peña Ortiz,26,36
local-20260824T075932,2026-08-24T08:02:39-05:00,1000046-B,CLASE TEORICA,(18) Grupo 18,Narly Yadira Pardo Cadena,25,36
local-20260824T075932,2026-08-24T08:02:39-05:00,1000046-B,CLASE TEORICA,(2) Grupo 2,Jesica paola Rendon Alfonso,25,36
local-20260824T075932,2026-08-24T08:02:39-05:00,1000046-B,CLASE TEORICA,(3) Grupo 3,JESUS DAVID TORRES RODRIGUEZ,25,36
local-20260824T075932,2026-08-24T08:02:39-05:00,1000046-B,CLASE TEORICA,(4) Grupo 4,Claudia Patricia Cortes Lora,26,36
local-20260824T075932,2026-08-24T08:02:39-05:00,1000046-B,CLASE TEORICA,(5) Grupo 5,Johnatan Martinez Hernandez,24,36
local-20260824T075932,2026-08-24T08:02:39-05:00,1000046-B,CLASE TEORICA,(6) Grupo 6,Johnatan Martinez Hernandez,23,36
local-20260824T075932,2026-08-24T08:02:39-05:00,1000046-B,CLASE TEORICA,(7) Grupo 7,Jesica paola Rendon Alfonso,26,36
local-20260824T075932,2026-08-24T08:02:39-05:00,1000046-B,CLASE TEORICA,(8) Grupo 8,Beatriz Elena Urrutia Sanchez,23,36
local-20260824T075932,2026-08-24T08:02:39-05:00,1000046-B,CLASE TEORICA,(9) Grupo 9,Maureen Elizabeth Hooker Oneill,10,36
local-20260824T075932,2026-08-24T08:02:43-05:00,1000052-B,CLASE TEORICA,(1) Grupo 1,Liliana Marcela Guzman Aricapa,27,38
local-20260824T075932,2026-08-24T08:02:43-05:00,1000052-B,CLASE TEORICA,(2) Grupo 2,JOSE JONATHAN MAESTRE HERRERA,27,38
local-20260824T075932,2026-08-24T08:02:43-05:00,1000052-B,CLASE TEORICA,(3) Grupo 3,Aida Elena Monsalve Solorzano,28,38
local-20260824T075932,2026-08-24T08:02:45-05:00,1000053-B,CLASE TEORICA,(1) Grupo 1,Jennly Angelica Gomez Rodriguez,28,39
local-20260824T075932,2026-08-24T08:02:45-05:00,1000053-B,CLASE TEORICA,(2) Grupo 2,Yaneli Niño Osorio,26,39
local-20260824T075932,2026-08-24T08:02:45-05:00,1000053-B,CLASE TEORICA,(3) Grupo 3,Javier Rodriguez Gomez,30,39
local-20260824T075932,2026-08-24T08:02:45-05:00,1000053-B,CLASE TEORICA,(4) Grupo 4,Javier Rodriguez Gomez,30,39
local-20260824T075932,2026-08-24T08:02:45-05:00,1000053-B,CLASE TEORICA,(5) Grupo 5,LINDA JOHANA RUIZ GOMEZ,28,39
local-20260824T075932,2026-08-24T08:02:45-05:00,1000053-B,CLASE TEORICA,(6) Grupo 6,Olga Lucia Ruiz Convers,28,39
local-20260824T075932,2026-08-24T08:02:48-05:00,1000047-B,CLASE TEORICA,(1) Grupo 1,Cesar Augusto Romero,25,40
local-20260824T075932,2026-08-24T08:02:48-05:00,1000047-B,CLASE TEORICA,(10) Grupo 10,Monica Alexandra Riaño Orjuela,26,40
local-20260824T075932,2026-08-24T08:02:48-05:00,1000047-B,CLASE TEORICA,(11) Grupo 11,Jennly Angelica Gomez Rodriguez,26,40
local-20260824T075932,2026-08-24T08:02:48-05:00,1000047-B,CLASE TEORICA,(12) Grupo 12,Claudia Patricia Cortes Lora,26,40
local-20260824T075932,2026-08-24T08:02:48-05:00,1000047-B,CLASE TEORICA,(13) Grupo 13,Angelica Saenz Fonseca,26,40
local-20260824T075932,2026-08-24T08:02:48-05:00,1000047-B,CLASE TEORICA,(14) Grupo 14,LINDA JOHANA RUIZ GOMEZ,22,40
local-20260824T075932,2026-08-24T08:02:48-05:00,1000047-B,CLASE TEORICA,(15) Grupo 15,Claudia Patricia Cortes Lora,25,40
local-20260824T075932,2026-08-24T08:02:48-05:00,1000047-B,CLASE TEORICA,(16) Grupo 16,Narly Yadira Pardo Cadena,22,40
local-20260824T075932,2026-08-24T08:02:48-05:00,1000047-B,CLASE TEORICA,(17) Grupo 17,Angelica Saenz Fonseca,25,40
local-20260824T075932,2026-08-24T08:02:48-05:00,1000047-B,CLASE TEORICA,(18) Grupo 18,ALBA LUCIA RIAÑO RODRIGUEZ,26,40
local-20260824T075932,2026-08-24T08:02:48-05:00,1000047-B,CLASE TEORICA,(19) Grupo 19,Aida Elena Monsalve Solorzano,26,40
local-20260824T075932,2026-08-24T08:02:48-05:00,1000047-B,CLASE TEORICA,(2) Grupo 2,Yaneli Niño Osorio,24,40
local-20260824T075932,2026-08-24T08:02:48-05:00,1000047-B,CLASE TEORICA,(20) Grupo 20,ALBA LUCIA RIAÑO RODRIGUEZ,26,40
local-20260824T075932,2026-08-24T08:02:48-05:00,1000047-B,CLASE TEORICA,(21) Grupo 21,Edwin Yesid Leon Silva,26,40
local-20260824T075932,2026-08-24T08:02:48-05:00,1000047-B,CLASE TEORICA,(22) Grupo 22,LINDA JOHANA RUIZ GOMEZ,26,40
local-20260824T075932,2026-08-24T08:02:48-05:00,1000047-B,CLASE TEORICA,(3) Grupo 3,Monica Alexandra Riaño Orjuela,26,40
local-20260824T075932,2026-08-24T08:02:48-05:00,1000047-B,CLASE TEORICA,(4) Grupo 4,Claudia Patricia Cortes Lora,25,40
local-20260824T075932,2026-08-24T08:02:48-05:00,1000047-B,CLASE TEORICA,(5) Grupo 5,Olga Lucia Ruiz Convers,21,40
local-20260824T075932,2026-08-24T08:02:48-05:00,1000047-B,CLASE TEORICA,(6) Grupo 6,Monica Alexandra Riaño Orjuela,25,40
local-20260824T075932,2026-08-24T08:02:48-05:00,1000047-B,CLASE TEORICA,(7) Grupo 7,Cesar Augusto Romero,26,40
local-20260824T075932,2026-08-24T08:02:48-05:00,1000047-B,CLASE TEORICA,(8) Grupo 8,Beatriz Elena Urrutia Sanchez,26,40
local-20260824T075932,2026-08-24T08:02:48-05:00,1000047-B,CLASE TEORICA,(9) Grupo 9,Keshia Hilary Howard Livingston,14,40
local-20260824T075932,2026-08-24T08:03:00-05:00,2026186,CLASE TEORICA,(1) Grupo 1,Carol Andrea Murillo Feo,4,42
local-20260824T075932,2026-08-24T08:03:00-05:00,2026186,CLASE TEORICA,(2) Grupo 2,Leonel Vega Mora,0,42
local-20260824T075932,2026-08-24T08:03:00-05:00,2026186,CLASE TEORICA,(3) Grupo 3,CAMILO RIOS FRESNEDA,0,42
local-20260824T075932,2026-08-24T08:03:00-05:00,2026186,CLASE TEORICA,(4) Grupo 4,Carlos Orlando Robles Roa,6,42
local-20260824T075932,2026-08-24T08:03:05-05:00,1000001-B,CLASE TEORICA,(1) Grupo 1,No informado,0,44
local-20260824T075932,2026-08-24T08:03:05-05:00,1000001-B,CLASE TEORICA,(19) Grupo 19,No informado,4,44
local-20260824T075932,2026-08-24T08:03:05-05:00,1000001-B,CLASE TEORICA,(2) Grupo 2,No informado,21,44
local-20260824T075932,2026-08-24T08:03:05-05:00,1000001-B,CLASE MAGISTRAL,(1) Grupo 1,Ibeth Marcela Rubio Perilla,0,44
local-20260824T075932,2026-08-24T08:03:05-05:00,1000001-B,CLASE MAGISTRAL,(10) Grupo 10,No informado,0,44
local-20260824T075932,2026-08-24T08:03:05-05:00,1000001-B,CLASE MAGISTRAL,(2) Grupo 2,Herbert Alonso Dueñas Ruiz,0,44
local-20260824T075932,2026-08-24T08:03:05-05:00,1000001-B,CLASE MAGISTRAL,(3) Grupo 3,Jeanneth Galeano Penaloza,0,44
local-20260824T075932,2026-08-24T08:03:05-05:00,1000001-B,CLASE MAGISTRAL,(4) Grupo 4,Gustavo Adolfo Nieto Clavijo,0,44
local-20260824T075932,2026-08-24T08:03:05-05:00,1000001-B,CLASE MAGISTRAL,(5) Grupo 5,Natalia Camila Pinzon Cortes,0,44
local-20260824T075932,2026-08-24T08:03:05-05:00,1000001-B,CLASE MAGISTRAL,(6) Grupo 6,Martha Cecilia Moreno Penagos,0,44
local-20260824T075932,2026-08-24T08:03:05-05:00,1000001-B,CLASE MAGISTRAL,(7) Grupo 7,Claudio Rodriguez Beltran,1,44
local-20260824T075932,2026-08-24T08:03:05-05:00,1000001-B,CLASE MAGISTRAL,(8) Grupo 8,Gabriel Ignacio Padilla Leon,0,44
local-20260824T075932,2026-08-24T08:03:05-05:00,1000001-B,CLASE MAGISTRAL,(9) Grupo 9,No informado,11,44
local-20260824T075932,2026-08-24T08:03:07-05:00,2015965,CLASE TEORICA,(1) Grupo 1,CAMILO RIOS FRESNEDA,23,45
local-20260824T075932,2026-08-24T08:03:07-05:00,2015965,CLASE TEORICA,(2) Grupo 2,Julian David Puerto Suarez; Vladimir Buelvas Hernández,24,45
local-20260824T075932,2026-08-24T08:03:07-05:00,2015965,CLASE TEORICA,(3) Grupo 3,Ferney Betancourt Cardozo; Juan Manuel Lizarazo Marriaga,23,45
local-20260824T075932,2026-08-24T08:03:07-05:00,2015965,CLASE TEORICA,(4) Grupo 4,No informado,24,45
local-20260824T075932,2026-08-24T08:03:17-05:00,2015966,CLASE TEORICA,(1) Grupo 1,No informado,24,46
local-20260824T075932,2026-08-24T08:03:17-05:00,2015966,CLASE TEORICA,(2) Grupo 2,Adriana Patricia Piña Fulano,24,46
local-20260824T075932,2026-08-24T08:03:17-05:00,2015966,CLASE TEORICA,(3) Grupo 3,Rafael Orland Ortiz Mosquera,24,46
local-20260824T075932,2026-08-24T08:03:17-05:00,2015966,CLASE TEORICA,(4) Grupo 4,No informado,24,46
local-20260824T075932,2026-08-24T08:03:17-05:00,2015966,CLASE TEORICA,(5) Grupo 5,No informado,24,46
local-20260824T075932,2026-08-24T08:03:17-05:00,2015966,CLASE TEORICA,(6) Grupo 6,Luis Alejandro Morales Marin,23,46
local-20260824T075932,2026-08-24T08:03:17-05:00,2015966,CLASE TEORICA,(7) Grupo 7,No informado,24,46
local-20260824T075932,2026-08-24T08:03:17-05:00,2015966,CLASE TEORICA,(8) Grupo 8,No informado,24,46
local-20260824T075932,2026-08-24T08:03:18-05:00,2015967,NA,(1) Grupo 1,Vladimir Buelvas Hernández,24,47
local-20260824T075932,2026-08-24T08:03:20-05:00,2015968,CLASE TEORICA,(1) Grupo 1,Ricardo Parra Arango,24,48
local-20260824T075932,2026-08-24T08:03:20-05:00,2015968,CLASE TEORICA,(2) Grupo 2,Juan David Oliveros Salazar,24,48
local-20260824T075932,2026-08-24T08:03:20-05:00,2015968,CLASE TEORICA,(3) Grupo 3,No informado,24,48
local-20260824T075932,2026-08-24T08:03:20-05:00,2015968,CLASE TEORICA,(4) Grupo 4,Ricardo Parra Arango,24,48
local-20260824T075932,2026-08-24T08:03:20-05:00,2015968,CLASE TEORICA,(5) Grupo 5,Julian David Puerto Suarez,24,48
local-20260824T075932,2026-08-24T08:03:20-05:00,2015968,CLASE TEORICA,(6) Grupo 6,Dorian Luis Linero Segrera,24,48
local-20260824T075932,2026-08-24T08:03:20-05:00,2015968,CLASE TEORICA,(7) Grupo 7,No informado,0,48
local-20260824T075932,2026-08-24T08:03:22-05:00,2015969,CLASE TEORICA,(1) Grupo 1 (Inglés),Julio Esteban Colmenares Montañez,30,49
local-20260824T075932,2026-08-24T08:03:22-05:00,2015969,CLASE TEORICA,(2) Grupo 2,Guillermo Eduardo Avila Alvarez,30,49
local-20260824T075932,2026-08-24T08:03:22-05:00,2015969,CLASE TEORICA,(3) Grupo 3,Livaniel Viveros Rosero,30,49
local-20260824T075932,2026-08-24T08:03:22-05:00,2015969,CLASE TEORICA,(4) Grupo 4,No informado,30,49
local-20260824T075932,2026-08-24T08:03:24-05:00,2015970,CLASE PRACTICA,(4) Grupo 4,Helga Duarte,30,50
local-20260824T075932,2026-08-24T08:03:24-05:00,2015970,CLASE PRACTICA,(5) Grupo 5,Oswaldo Rojas Camacho,45,50
local-20260824T075932,2026-08-24T08:03:24-05:00,2015970,CLASE PRACTICA,(8) Grupo 8,Helga Duarte,30,50
local-20260824T075932,2026-08-24T08:03:24-05:00,2015970,CLASE PRACTICA,(9) Grupo 9,Oswaldo Rojas Camacho,45,50
local-20260824T075932,2026-08-24T08:03:34-05:00,2017293,CLASE TEORICA,(1) 2017293-1 Modelación matemática,David Leonardo Diaz Leon,33,51
local-20260824T075932,2026-08-24T08:03:34-05:00,2017293,CLASE TEORICA,(2) 2017293-2 Modelación matemática,David Leonardo Diaz Leon,33,51
local-20260824T075932,2026-08-24T08:03:34-05:00,2017293,CLASE MAGISTRAL,(1M) 2017293-1M Modelación matemática - Magistral,Carlos Alberto Duque Daza,78,51
local-20260824T075932,2026-08-24T08:03:39-05:00,2015971,CLASE TEORICA,(1) Grupo 1,No informado,29,54
local-20260824T075932,2026-08-24T08:03:39-05:00,2015971,CLASE TEORICA,(2) Grupo 2,Ferney Betancourt Cardozo,30,54
local-20260824T075932,2026-08-24T08:03:39-05:00,2015971,CLASE TEORICA,(3) Grupo 3,No informado,30,54
local-20260824T075932,2026-08-24T08:03:41-05:00,2015972,CLASE TEORICA,(1) Grupo 1,Carlos Alberto Moncada Aristizabal,14,55
local-20260824T075932,2026-08-24T08:03:41-05:00,2015972,CLASE TEORICA,(2) Grupo 2,SANTIAGO RAMIREZ ECHEVERRI,15,55
local-20260824T075932,2026-08-24T08:03:41-05:00,2015972,CLASE TEORICA,(3) Grupo 3,No informado,14,55
local-20260824T075932,2026-08-24T08:03:52-05:00,1000024-B,CLASE TEORICA,(12) Grupo 12,Edgar Delgado Mejia,0,56
local-20260824T075932,2026-08-24T08:03:52-05:00,1000024-B,CLASE TEORICA,(13) Grupo 13,Jesus Sigifredo Valencia Rios,0,56
local-20260824T075932,2026-08-24T08:03:52-05:00,1000024-B,CLASE TEORICA,(14) Grupo 14,Jhon Jairo Aragón Arias,8,56
local-20260824T075932,2026-08-24T08:03:54-05:00,1000013-B,CLASE TEORICA,(1) Grupo 1,JHONIER SEBASTIAN RANGEL GUTIERREZ,0,57
local-20260824T075932,2026-08-24T08:03:54-05:00,1000013-B,CLASE TEORICA,(10) Grupo 10,Sandra Vergara Cardozo,34,57
local-20260824T075932,2026-08-24T08:03:54-05:00,1000013-B,CLASE TEORICA,(11) Grupo 11,DIEGO ALBERTO MARTINEZ SIMBAQUEVA,32,57
local-20260824T075932,2026-08-24T08:03:54-05:00,1000013-B,CLASE TEORICA,(12) Grupo 12,DIEGO ALBERTO MARTINEZ SIMBAQUEVA,38,57
local-20260824T075932,2026-08-24T08:03:54-05:00,1000013-B,CLASE TEORICA,(13) Grupo 13,DIEGO ALBERTO MARTINEZ SIMBAQUEVA,26,57
local-20260824T075932,2026-08-24T08:03:54-05:00,1000013-B,CLASE TEORICA,(16) Grupo 16,Sergio Alejandro Calderon Villanueva,30,57
local-20260824T075932,2026-08-24T08:03:54-05:00,1000013-B,CLASE TEORICA,(2) Grupo 2,Luis Guillermo Diaz Monroy,40,57
local-20260824T075932,2026-08-24T08:03:54-05:00,1000013-B,CLASE TEORICA,(22) Grupo 22,Hanwen Zhang,45,57
local-20260824T075932,2026-08-24T08:03:54-05:00,1000013-B,CLASE TEORICA,(23) Grupo 23,ULPIANO LARA CRISTANCHO,0,57
local-20260824T075932,2026-08-24T08:03:54-05:00,1000013-B,CLASE TEORICA,(3) Grupo 3,Diana Carolina Franco Soto,40,57
local-20260824T075932,2026-08-24T08:03:54-05:00,1000013-B,CLASE TEORICA,(4) Grupo 4,Diana Carolina Franco Soto,39,57
local-20260824T075932,2026-08-24T08:03:54-05:00,1000013-B,CLASE TEORICA,(5) Grupo 5,Darwin Eduardo Martínez Riaño,33,57
local-20260824T075932,2026-08-24T08:03:54-05:00,1000013-B,CLASE TEORICA,(6) Grupo 6,Darwin Eduardo Martínez Riaño,35,57
local-20260824T075932,2026-08-24T08:03:54-05:00,1000013-B,CLASE TEORICA,(7) Grupo 7,Camilo Jose Torres Jimenez,40,57
local-20260824T075932,2026-08-24T08:03:55-05:00,2015734,NA,(1) Grupo 1,Fernando Salazar Delgado,4,58
local-20260824T075932,2026-08-24T08:03:55-05:00,2015734,NA,(10) Grupo 10,Tito Florez Calderon,2,58
local-20260824T075932,2026-08-24T08:03:55-05:00,2015734,NA,(11) Grupo 11,DAVID ALBERTO HERRERA ALVAREZ,0,58
local-20260824T075932,2026-08-24T08:03:55-05:00,2015734,NA,(12) Grupo 12,FABIEL NATÁN ESPINOSA CASTAÑEDA,1,58
local-20260824T075932,2026-08-24T08:03:55-05:00,2015734,NA,(13) Grupo 13,SERGIO CAMILO ESPINOSA BOTERO,33,58
local-20260824T075932,2026-08-24T08:03:55-05:00,2015734,NA,(14) Grupo 14,Felipe Gonzalez Roldan,0,58
local-20260824T075932,2026-08-24T08:03:55-05:00,2015734,NA,(2) Grupo 2,Fernando Salazar Delgado,14,58
local-20260824T075932,2026-08-24T08:03:55-05:00,2015734,NA,(3) Grupo 3,Jhoan Sebastian Restrepo Mendoza,0,58
local-20260824T075932,2026-08-24T08:03:55-05:00,2015734,NA,(4) Grupo 4,Sandra Liliana Rojas Martinez,0,58
local-20260824T075932,2026-08-24T08:03:55-05:00,2015734,NA,(5) Grupo 5,Jhoan Sebastian Restrepo Mendoza,0,58
local-20260824T075932,2026-08-24T08:03:55-05:00,2015734,NA,(6) Grupo 6,SERGIO CAMILO ESPINOSA BOTERO,5,58
local-20260824T075932,2026-08-24T08:03:55-05:00,2015734,NA,(7) Grupo 7,No informado,3,58
local-20260824T075932,2026-08-24T08:03:55-05:00,2015734,NA,(8) Grupo 8 - Virtual,FABIEL NATÁN ESPINOSA CASTAÑEDA,29,58
local-20260824T075932,2026-08-24T08:03:55-05:00,2015734,NA,(9) Grupo 9,Alvaro Reynel Córdoba,11,58
local-20260824T075932,2026-08-24T08:03:58-05:00,2015973,CLASE TEORICA,(1) Grupo 1,No informado,25,60
local-20260824T075932,2026-08-24T08:03:58-05:00,2015973,CLASE TEORICA,(2) Grupo 2,GABRIELA ARRIETA LOYO,25,60
local-20260824T075932,2026-08-24T08:03:58-05:00,2015973,CLASE TEORICA,(3) Grupo 3,NICOLAS ESCALANTE MORA,24,60
local-20260824T075932,2026-08-24T08:04:08-05:00,2022761,NA,(1) Grupo 1,Servio Javier Contreras Guerrero,15,61
local-20260824T075932,2026-08-24T08:04:08-05:00,2022761,NA,(2) Grupo 2,Servio Javier Contreras Guerrero,15,61
local-20260824T075932,2026-08-24T08:04:08-05:00,2022761,NA,(3) Grupo 3,Samuel Fernando Mesa Giraldo,15,61
local-20260824T075932,2026-08-24T08:04:10-05:00,2024045,CLASE TEORICA,(1) 2024045-1 Taller de proyectos interdisciplinarios,No informado,0,62
local-20260824T075932,2026-08-24T08:04:10-05:00,2024045,CLASE TEORICA,(10) 2024045-10 Taller de proyectos interdisciplinarios,Oscar Andres Eraso Eraso,0,62
local-20260824T075932,2026-08-24T08:04:10-05:00,2024045,CLASE TEORICA,(11) 2024045-11 Taller de proyectos interdisciplinarios,No informado,0,62
local-20260824T075932,2026-08-24T08:04:10-05:00,2024045,CLASE TEORICA,(12) 2024045-12 Taller de proyectos interdisciplinarios,Hector Julian Garcia Otalora,199,62
local-20260824T075932,2026-08-24T08:04:10-05:00,2024045,CLASE TEORICA,(13) 2024045-13 Taller de proyectos interdisciplinarios,No informado,0,62
local-20260824T075932,2026-08-24T08:04:10-05:00,2024045,CLASE TEORICA,(14) 2024045-14 Taller de proyectos interdisciplinarios,Dolly Santos Barbosa,0,62
local-20260824T075932,2026-08-24T08:04:10-05:00,2024045,CLASE TEORICA,(15) 2024045-15 Taller de proyectos interdisciplinarios,Oscar Andres Eraso Eraso,0,62
local-20260824T075932,2026-08-24T08:04:10-05:00,2024045,CLASE TEORICA,(16) 2024045-16 Taller de proyectos interdisciplinarios,Luis Ignacio Rodriguez Varela,0,62
local-20260824T075932,2026-08-24T08:04:10-05:00,2024045,CLASE TEORICA,(17) 2024045-17 Taller de proyectos interdisciplinarios,JOHANA CATALINA MANOSALVA BARRERA,0,62
local-20260824T075932,2026-08-24T08:04:10-05:00,2024045,CLASE TEORICA,(18) 2024045-18 Taller de proyectos interdisciplinarios,Fernando Bernal Martinez,0,62
local-20260824T075932,2026-08-24T08:04:10-05:00,2024045,CLASE TEORICA,(19) 2024045-19 Taller de proyectos interdisciplinarios,FRANCISCO JAVIER VÁSQUEZ VÁSQUEZ,0,62
local-20260824T075932,2026-08-24T08:04:10-05:00,2024045,CLASE TEORICA,(2) 2024045-2 Taller de proyectos interdisciplinarios,Fernando Bernal Martinez,0,62
local-20260824T075932,2026-08-24T08:04:10-05:00,2024045,CLASE TEORICA,(21) 2024045-21 Taller de proyectos interdisciplinarios,No informado,0,62
local-20260824T075932,2026-08-24T08:04:10-05:00,2024045,CLASE TEORICA,(22) 2024045-22 Taller de proyectos interdisciplinarios,Ubaldo Garcia Zaragoza,0,62
local-20260824T075932,2026-08-24T08:04:10-05:00,2024045,CLASE TEORICA,(23) 2024045-23 Taller de proyectos interdisciplinarios,No informado,0,62
local-20260824T075932,2026-08-24T08:04:10-05:00,2024045,CLASE TEORICA,(24) 2024045-24 Taller de proyectos interdisciplinarios,Hector Julian Garcia Otalora,200,62
local-20260824T075932,2026-08-24T08:04:10-05:00,2024045,CLASE TEORICA,(3) 2024045-3 Taller de proyectos interdisciplinarios,Guillermo Alberto Rocha Casas,0,62
local-20260824T075932,2026-08-24T08:04:10-05:00,2024045,CLASE TEORICA,(4) 2024045-4 Taller de proyectos interdisciplinarios,Francy Nayely Prieto Novoa,0,62
local-20260824T075932,2026-08-24T08:04:10-05:00,2024045,CLASE TEORICA,(40) 2024045-40 TPI-- NO BORRAR-- BLOQ ESPACIOS,No informado,0,62
local-20260824T075932,2026-08-24T08:04:10-05:00,2024045,CLASE TEORICA,(5) 2024045-5 Taller de proyectos interdisciplinarios,Nubia Carmenza Moreno Sarmiento,0,62
local-20260824T075932,2026-08-24T08:04:10-05:00,2024045,CLASE TEORICA,(6) 2024045-6 Taller de proyectos interdisciplinarios,JOHANA CATALINA MANOSALVA BARRERA,0,62
local-20260824T075932,2026-08-24T08:04:10-05:00,2024045,CLASE TEORICA,(7) 2024045-7 Taller de proyectos interdisciplinarios,Ubaldo Garcia Zaragoza,0,62
local-20260824T075932,2026-08-24T08:04:10-05:00,2024045,CLASE TEORICA,(8) 2024045-8 Taller de proyectos interdisciplinarios,JHON FREDDY LOPEZ MEDINA,0,62
local-20260824T075932,2026-08-24T08:04:10-05:00,2024045,CLASE TEORICA,(9) 2024045-9 Taller de proyectos interdisciplinarios,Manuel Alejandro Mayorga Betancourt,0,62
local-20260824T075932,2026-08-24T08:04:13-05:00,2015296,NA,(1) Grupo 1,Leonardo David Donado Garzon,5,63
local-20260824T075932,2026-08-24T08:04:13-05:00,2015296,NA,(10) Grupo 10,Juan Manuel Lizarazo Marriaga,5,63
local-20260824T075932,2026-08-24T08:04:13-05:00,2015296,NA,(11) Grupo 11,Octavio Coronado Garcia,5,63
local-20260824T075932,2026-08-24T08:04:13-05:00,2015296,NA,(12) Grupo 12,Carol Andrea Murillo Feo,5,63
local-20260824T075932,2026-08-24T08:04:13-05:00,2015296,NA,(13) Grupo 13,CAMILO RIOS FRESNEDA,5,63
local-20260824T075932,2026-08-24T08:04:13-05:00,2015296,NA,(14) Grupo 14,William Castro Garcia,5,63
local-20260824T075932,2026-08-24T08:04:13-05:00,2015296,NA,(15) Grupo 15,Luis Alejandro Morales Marin,5,63
local-20260824T075932,2026-08-24T08:04:13-05:00,2015296,NA,(16) Grupo 16,Ferney Betancourt Cardozo,5,63
local-20260824T075932,2026-08-24T08:04:13-05:00,2015296,NA,(17) Grupo 17,Maria Alejandra Caicedo Londoño,5,63
local-20260824T075932,2026-08-24T08:04:13-05:00,2015296,NA,(18) Grupo 18,Guillermo Eduardo Avila Alvarez,5,63
local-20260824T075932,2026-08-24T08:04:13-05:00,2015296,NA,(19) Grupo 19,Carlos Alfonso Gomez Guacaneme,0,63
local-20260824T075932,2026-08-24T08:04:13-05:00,2015296,NA,(2) Grupo 2,Carlos Orlando Robles Roa,5,63
local-20260824T075932,2026-08-24T08:04:13-05:00,2015296,NA,(3) Grupo 3,Angela Barrera Puerto,5,63
local-20260824T075932,2026-08-24T08:04:13-05:00,2015296,NA,(4) Grupo 4,Mauricio Alberto Tapias Camacho,5,63
local-20260824T075932,2026-08-24T08:04:13-05:00,2015296,NA,(5) Grupo 5,Maritzabel Molina Herrera,5,63
local-20260824T075932,2026-08-24T08:04:13-05:00,2015296,NA,(6) Grupo 6,Rodolfo Rodriguez Baracaldo,5,63
local-20260824T075932,2026-08-24T08:04:13-05:00,2015296,NA,(7) Grupo 7,SANTIAGO RAMIREZ ECHEVERRI,5,63
local-20260824T075932,2026-08-24T08:04:13-05:00,2015296,NA,(8) Grupo 8,Jose Ricardo Martinez Vargas,5,63
local-20260824T075932,2026-08-24T08:04:13-05:00,2015296,NA,(9) Grupo 9,GABRIELA ARRIETA LOYO,5,63
local-20260824T075932,2026-08-24T08:04:15-05:00,2015299,CLASE TEORICA,(1) Grupo 1,GABRIELA ARRIETA LOYO,51,64
local-20260824T081005,2026-08-24T08:10:26-05:00,2015938,CLASE TEORICA,(1) Grupo 1,Maria Alejandra Caicedo Londoño,25,0
local-20260824T081005,2026-08-24T08:10:26-05:00,2015938,CLASE TEORICA,(2) Grupo 2,Maria Alejandra Caicedo Londoño,25,0
local-20260824T081005,2026-08-24T08:10:26-05:00,2015938,CLASE TEORICA,(3) Grupo 3,JOSE LUIS DIAZ AREVALO,23,0
local-20260824T081005,2026-08-24T08:10:26-05:00,2015938,CLASE TEORICA,(4) Grupo 4,JOSE LUIS DIAZ AREVALO,24,0
local-20260824T081005,2026-08-24T08:10:27-05:00,2015939,CLASE TEORICA,(1) Grupo 1,ALVARO MARTIN GUTIERREZ MALAXECHEBARRIA,24,1
local-20260824T081005,2026-08-24T08:10:27-05:00,2015939,CLASE TEORICA,(2) Grupo 2,ALVARO MARTIN GUTIERREZ MALAXECHEBARRIA,25,1
local-20260824T081005,2026-08-24T08:10:27-05:00,2015939,CLASE TEORICA,(3) Grupo 3,Edder Alexander Velandia Duran,25,1
local-20260824T081005,2026-08-24T08:10:27-05:00,2015939,CLASE TEORICA,(4) Grupo 4,No informado,25,1
local-20260824T081005,2026-08-24T08:10:27-05:00,2015939,CLASE TEORICA,(5) Grupo 5,No informado,0,1
local-20260824T081005,2026-08-24T08:10:28-05:00,1000003-B,NA,(1) Grupo 1,Erika Lorena Rosero Alzate; Oscar Andrés Rojas Sepúlveda,0,2
local-20260824T081005,2026-08-24T08:10:28-05:00,1000003-B,NA,(10) Grupo 10,Epifanio Lozano Ayala,11,2
local-20260824T081005,2026-08-24T08:10:28-05:00,1000003-B,NA,(11) Grupo 11,No informado,58,2
local-20260824T081005,2026-08-24T08:10:28-05:00,1000003-B,NA,(12) Grupo 12,No informado,40,2
local-20260824T081005,2026-08-24T08:10:28-05:00,1000003-B,NA,(13) Grupo 13,Mohammed EL AIDI,37,2
local-20260824T081005,2026-08-24T08:10:28-05:00,1000003-B,NA,(15) Grupo 15,Myriam Leonor Campos Florez,54,2
local-20260824T081005,2026-08-24T08:10:28-05:00,1000003-B,NA,(16) Grupo 16,No informado,58,2
local-20260824T081005,2026-08-24T08:10:28-05:00,1000003-B,NA,(17) Grupo 17,Martha Cecilia Moreno Penagos,0,2
local-20260824T081005,2026-08-24T08:10:28-05:00,1000003-B,NA,(18) Grupo 18,John Alexander Cruz Morales,52,2
local-20260824T081005,2026-08-24T08:10:28-05:00,1000003-B,NA,(20) Grupo 20,Natalia Camila Pinzon Cortes,56,2
local-20260824T081005,2026-08-24T08:10:28-05:00,1000003-B,NA,(21) Grupo 21,Ivon Andrea Dorado Correa,46,2
local-20260824T081005,2026-08-24T08:10:28-05:00,1000003-B,NA,(22) Grupo 22,No informado,45,2
local-20260824T081005,2026-08-24T08:10:28-05:00,1000003-B,NA,(3) Grupo 3,No informado,59,2
local-20260824T081005,2026-08-24T08:10:28-05:00,1000003-B,NA,(4) Grupo 4,Luis Alejandro Barbosa Torres,95,2
local-20260824T081005,2026-08-24T08:10:28-05:00,1000003-B,NA,(5) Grupo 5,Jaime David Mora Paz,24,2
local-20260824T081005,2026-08-24T08:10:28-05:00,1000003-B,NA,(7) Grupo 7,Myriam Leonor Campos Florez,38,2
local-20260824T081005,2026-08-24T08:10:28-05:00,1000003-B,NA,(8) Grupo 8,No informado,8,2
local-20260824T081005,2026-08-24T08:10:30-05:00,2015940,CLASE TEORICA,(1) Grupo 1,Maritzabel Molina Herrera,22,3
local-20260824T081005,2026-08-24T08:10:30-05:00,2015940,CLASE TEORICA,(2) Grupo 2,Gabriel Andres Bernal Granados,24,3
local-20260824T081005,2026-08-24T08:10:30-05:00,2015940,CLASE TEORICA,(3) Grupo 3,No informado,24,3
local-20260824T081005,2026-08-24T08:10:31-05:00,2015941,CLASE TEORICA,(1) Grupo 1,Patricia Luna Tamayo,30,4
local-20260824T081005,2026-08-24T08:10:31-05:00,2015941,CLASE TEORICA,(2) Grupo 2,No informado,30,4
local-20260824T081005,2026-08-24T08:10:31-05:00,2015941,CLASE TEORICA,(3) Grupo 3,Carlos Ramiro Vallecilla Bahena,30,4
local-20260824T081005,2026-08-24T08:10:31-05:00,2015941,CLASE TEORICA,(4) Grupo 4,No informado,30,4
local-20260824T081005,2026-08-24T08:10:42-05:00,1000004-B,NA,(10) Grupo 10,No informado,51,5
local-20260824T081005,2026-08-24T08:10:42-05:00,1000004-B,NA,(11) Grupo 11,No informado,22,5
local-20260824T081005,2026-08-24T08:10:42-05:00,1000004-B,NA,(12) Grupo 12,No informado,24,5
local-20260824T081005,2026-08-24T08:10:42-05:00,1000004-B,NA,(13) Grupo 13,No informado,11,5
local-20260824T081005,2026-08-24T08:10:42-05:00,1000004-B,NA,(14) Grupo 14,No informado,84,5
local-20260824T081005,2026-08-24T08:10:42-05:00,1000004-B,NA,(16) Grupo 16,No informado,25,5
local-20260824T081005,2026-08-24T08:10:42-05:00,1000004-B,NA,(17) Grupo 17,Hernan Garzon Gutierrez,29,5
local-20260824T081005,2026-08-24T08:10:42-05:00,1000004-B,NA,(19) Grupo 19,No informado,59,5
local-20260824T081005,2026-08-24T08:10:42-05:00,1000004-B,NA,(2) Grupo 2,No informado,24,5
local-20260824T081005,2026-08-24T08:10:42-05:00,1000004-B,NA,(20) Grupo 20,Hernan Garzon Gutierrez,3,5
local-20260824T081005,2026-08-24T08:10:42-05:00,1000004-B,NA,(21) Grupo 21,No informado,60,5
local-20260824T081005,2026-08-24T08:10:42-05:00,1000004-B,NA,(22) Grupo 22,No informado,60,5
local-20260824T081005,2026-08-24T08:10:42-05:00,1000004-B,NA,(24) Grupo 24,Ricardo Ariel Pastran Ramirez,55,5
local-20260824T081005,2026-08-24T08:10:42-05:00,1000004-B,NA,(25) Grupo 25,No informado,40,5
local-20260824T081005,2026-08-24T08:10:42-05:00,1000004-B,NA,(27) Grupo 27,No informado,51,5
local-20260824T081005,2026-08-24T08:10:42-05:00,1000004-B,NA,(28) Grupo 28,No informado,60,5
local-20260824T081005,2026-08-24T08:10:42-05:00,1000004-B,NA,(29) Grupo 29,No informado,60,5
local-20260824T081005,2026-08-24T08:10:42-05:00,1000004-B,NA,(30) Grupo 30,No informado,60,5
local-20260824T081005,2026-08-24T08:10:42-05:00,1000004-B,NA,(32) Grupo 32,No informado,88,5
local-20260824T081005,2026-08-24T08:10:42-05:00,1000004-B,NA,(4) Grupo 4,Myriam Leonor Campos Florez,36,5
local-20260824T081005,2026-08-24T08:10:42-05:00,1000004-B,NA,(5) Grupo 5,Oscar Javier Lopez Alfonso,79,5
local-20260824T081005,2026-08-24T08:10:42-05:00,1000004-B,NA,(7) Grupo 7,Anderson Arley Vera Arboleda,60,5
local-20260824T081005,2026-08-24T08:10:42-05:00,1000004-B,NA,(8) Grupo 8,No informado,40,5
local-20260824T081005,2026-08-24T08:10:42-05:00,1000004-B,NA,(9) Grupo 9,No informado,18,5
local-20260824T081005,2026-08-24T08:10:44-05:00,1000006-B,NA,(1) Grupo 1,No informado,38,6
local-20260824T081005,2026-08-24T08:10:44-05:00,1000006-B,NA,(10) Grupo 10,No informado,99,6
local-20260824T081005,2026-08-24T08:10:44-05:00,1000006-B,NA,(11) Grupo 11,No informado,40,6
local-20260824T081005,2026-08-24T08:10:44-05:00,1000006-B,NA,(12) Grupo 12,Leonid Lebedev,59,6
local-20260824T081005,2026-08-24T08:10:44-05:00,1000006-B,NA,(13) Grupo 13,Juan Carlos Hernandez Rincon,36,6
local-20260824T081005,2026-08-24T08:10:44-05:00,1000006-B,NA,(14) Grupo 14,No informado,58,6
local-20260824T081005,2026-08-24T08:10:44-05:00,1000006-B,NA,(15) Grupo 15,No informado,112,6
local-20260824T081005,2026-08-24T08:10:44-05:00,1000006-B,NA,(2) Grupo 2,EDIXON MANUEL ROJAS SANTANA,40,6
local-20260824T081005,2026-08-24T08:10:44-05:00,1000006-B,NA,(3) Grupo 3,Cesar Augusto Gomez Sierra,40,6
local-20260824T081005,2026-08-24T08:10:44-05:00,1000006-B,NA,(4) Grupo 4,Agustin Moreno Canadas,99,6
local-20260824T081005,2026-08-24T08:10:44-05:00,1000006-B,NA,(5) Grupo 5,German Eduardo Fonseca Buitrago,39,6
local-20260824T081005,2026-08-24T08:10:44-05:00,1000006-B,NA,(7) Grupo 7,No informado,70,6
local-20260824T081005,2026-08-24T08:10:44-05:00,1000006-B,NA,(8) Grupo 8,Epifanio Lozano Ayala,60,6
local-20260824T081005,2026-08-24T08:10:44-05:00,1000006-B,NA,(9) Grupo 9,Orlando Vanegas Canro,0,6
local-20260824T081005,2026-08-24T08:10:47-05:00,1000005-B,NA,(1) Grupo 1,Orlando Vanegas Canro,0,7
local-20260824T081005,2026-08-24T08:10:47-05:00,1000005-B,NA,(10) Grupo 10,Epifanio Lozano Ayala,49,7
local-20260824T081005,2026-08-24T08:10:47-05:00,1000005-B,NA,(14) Grupo 14,Mohammed EL AIDI,35,7
local-20260824T081005,2026-08-24T08:10:47-05:00,1000005-B,NA,(15) Grupo 15,Alina Fedosova,0,7
local-20260824T081005,2026-08-24T08:10:47-05:00,1000005-B,NA,(16) Grupo 16,No informado,69,7
local-20260824T081005,2026-08-24T08:10:47-05:00,1000005-B,NA,(17) Grupo 17,Hernan Garzon Gutierrez,31,7
local-20260824T081005,2026-08-24T08:10:47-05:00,1000005-B,NA,(2) Grupo 2,RENE ERLIN CASTILLO,45,7
local-20260824T081005,2026-08-24T08:10:47-05:00,1000005-B,NA,(20) Grupo 20,Franqui Solis Cardenas Poloche,39,7
local-20260824T081005,2026-08-24T08:10:47-05:00,1000005-B,NA,(22) Grupo 22,No informado,60,7
local-20260824T081005,2026-08-24T08:10:47-05:00,1000005-B,NA,(3) Grupo 3,Eduardo Cardenas Gomez,66,7
local-20260824T081005,2026-08-24T08:10:47-05:00,1000005-B,NA,(4) Grupo 4,Edward Samuel Becerra Rojas,58,7
local-20260824T081005,2026-08-24T08:10:47-05:00,1000005-B,NA,(6) Grupo 6,No informado,59,7
local-20260824T081005,2026-08-24T08:10:47-05:00,1000005-B,NA,(7) Grupo 7,Franqui Solis Cardenas Poloche,96,7
local-20260824T081005,2026-08-24T08:10:47-05:00,1000005-B,NA,(8) Grupo 8,No informado,39,7
local-20260824T081005,2026-08-24T08:10:47-05:00,1000005-B,NA,(9) Grupo 9,No informado,10,7
local-20260824T081005,2026-08-24T08:10:50-05:00,2015943,CLASE TEORICA,(1) Grupo 1,Carlos Orlando Robles Roa,15,9
local-20260824T081005,2026-08-24T08:10:59-05:00,2015944,CLASE TEORICA,(1) Grupo 1,SANTIAGO RAMIREZ ECHEVERRI,15,10
local-20260824T081005,2026-08-24T08:11:01-05:00,2015711,NA,(10) 2015711-10 Dibujo básico,Ariel Augusto Amaya Avila,0,11
local-20260824T081005,2026-08-24T08:11:01-05:00,2015711,NA,(11) 2015711-11 Dibujo básico,Cesar Augusto Bacca Gonzalez,0,11
local-20260824T081005,2026-08-24T08:11:01-05:00,2015711,NA,(14) 2015711-14 Dibujo básico,Cristian Felipe Morales Suárez,0,11
local-20260824T081005,2026-08-24T08:11:01-05:00,2015711,NA,(16) 2015711-16 Dibujo básico,DAVID FELIPE TORRES ARCE,0,11
local-20260824T081005,2026-08-24T08:11:01-05:00,2015711,NA,(4) 2015711-4 Dibujo básico,Cristian Felipe Morales Suárez,8,11
local-20260824T081005,2026-08-24T08:11:01-05:00,2015711,NA,(5) 2015711-5 Dibujo básico,Sebastian Achury Ortiz,0,11
local-20260824T081005,2026-08-24T08:11:01-05:00,2015711,NA,(7) 2015711-7 Dibujo básico,Cesar Augusto Bacca Gonzalez,20,11
local-20260824T081005,2026-08-24T08:11:01-05:00,2015711,NA,(8) 2015711-8 Dibujo básico,Miguel Angel Baquero Cortes,0,11
local-20260824T081005,2026-08-24T08:11:01-05:00,2015711,NA,(9) 2015711-9 Dibujo básico,EDWIN CAMILO REINA BELTRAN,0,11
local-20260824T081005,2026-08-24T08:11:03-05:00,2015948,CLASE TEORICA,(1) Grupo 1,No informado,29,12
local-20260824T081005,2026-08-24T08:11:03-05:00,2015948,CLASE TEORICA,(2) Grupo 2,Mauricio Alberto Tapias Camacho,30,12
local-20260824T081005,2026-08-24T08:11:03-05:00,2015948,CLASE TEORICA,(3) Grupo 3,No informado,29,12
local-20260824T081005,2026-08-24T08:11:05-05:00,2015950,CLASE TEORICA,(1) Grupo 1,No informado,25,13
local-20260824T081005,2026-08-24T08:11:05-05:00,2015950,CLASE TEORICA,(2) Grupo 2,No informado,0,13
local-20260824T081005,2026-08-24T08:11:05-05:00,2015950,CLASE TEORICA,(3) Grupo 3,Daniel Ricardo Lozano Monsalve,25,13
local-20260824T081005,2026-08-24T08:11:05-05:00,2015950,CLASE TEORICA,(4) Grupo 4,No informado,25,13
local-20260824T081005,2026-08-24T08:11:05-05:00,2015950,CLASE TEORICA,(5) Grupo 5,No informado,24,13
local-20260824T081005,2026-08-24T08:11:06-05:00,2015949,CLASE TEORICA,(1) Grupo 1,Mario Javier Cardozo Chaux,30,14
local-20260824T081005,2026-08-24T08:11:06-05:00,2015949,CLASE TEORICA,(2) Grupo 2,Wilson Ernesto Vargas Vargas,30,14
local-20260824T081005,2026-08-24T08:11:06-05:00,2015949,CLASE TEORICA,(3) Grupo 3,No informado,30,14
local-20260824T081005,2026-08-24T08:11:16-05:00,1000007-B,NA,(1) Grupo 1,German Eduardo Fonseca Buitrago,58,15
local-20260824T081005,2026-08-24T08:11:16-05:00,1000007-B,NA,(11) Grupo 11,Leonid Lebedev,57,15
local-20260824T081005,2026-08-24T08:11:16-05:00,1000007-B,NA,(12) Grupo 12,No informado,60,15
local-20260824T081005,2026-08-24T08:11:16-05:00,1000007-B,NA,(13) Grupo 13,Omar Duque Gomez,40,15
local-20260824T081005,2026-08-24T08:11:16-05:00,1000007-B,NA,(14) Grupo 14,No informado,100,15
local-20260824T081005,2026-08-24T08:11:16-05:00,1000007-B,NA,(3) Grupo 3,Serafin Bautista Diaz,39,15
local-20260824T081005,2026-08-24T08:11:16-05:00,1000007-B,NA,(4) Grupo 4,EDIXON MANUEL ROJAS SANTANA,59,15
local-20260824T081005,2026-08-24T08:11:16-05:00,1000007-B,NA,(6) Grupo 6,Alexander Caviedes Castro,50,15
local-20260824T081005,2026-08-24T08:11:16-05:00,1000007-B,NA,(7) Grupo 7,Oscar Guillermo Riaño Castañeda,40,15
local-20260824T081005,2026-08-24T08:11:16-05:00,1000007-B,NA,(9) Grupo 9,Orlando Vanegas Canro,0,15
local-20260824T081005,2026-08-24T08:11:18-05:00,2026134,CLASE TEORICA,(1) Grupo 1,No informado,0,16
local-20260824T081005,2026-08-24T08:11:18-05:00,2026134,CLASE TEORICA,(2) Grupo 2,Juan Manuel Lizarazo Marriaga,28,16
local-20260824T081005,2026-08-24T08:11:18-05:00,2026134,CLASE TEORICA,(3) Grupo 3,Maritzabel Molina Herrera,30,16
local-20260824T081005,2026-08-24T08:11:18-05:00,2026134,CLASE TEORICA,(4) Grupo 4,Carlos Ramiro Vallecilla Bahena,29,16
local-20260824T081005,2026-08-24T08:11:18-05:00,2026134,CLASE TEORICA,(5) Grupo 5,Fernando Lozano Osorno,29,16
local-20260824T081005,2026-08-24T08:11:18-05:00,2026134,CLASE TEORICA,(6) Grupo 6,No informado,30,16
local-20260824T081005,2026-08-24T08:11:20-05:00,2015954,CLASE TEORICA,(1) Grupo 1,Erasmo Alfredo Rodriguez Sandoval,30,17
local-20260824T081005,2026-08-24T08:11:20-05:00,2015954,CLASE TEORICA,(2) Grupo 2,Mario Enrique Moreno Castiblanco,29,17
local-20260824T081005,2026-08-24T08:11:20-05:00,2015954,CLASE TEORICA,(3) Grupo 3,Luis Alejandro Morales Marin,30,17
local-20260824T081005,2026-08-24T08:11:21-05:00,2015955,CLASE TEORICA,(1) Grupo 1,Giovanni Andres Cortes Tovar,30,18
local-20260824T081005,2026-08-24T08:11:21-05:00,2015955,CLASE TEORICA,(2) Grupo 2,Angela Barrera Puerto,30,18
local-20260824T081005,2026-08-24T08:11:21-05:00,2015955,CLASE TEORICA,(3) Grupo 3,Giovanni Andres Cortes Tovar,30,18
local-20260824T081005,2026-08-24T08:11:22-05:00,1000011-B,CLASE TEORICA,(1) Grupo 1,Ernesto Javier Puertas Dellepianes,118,19
local-20260824T081005,2026-08-24T08:11:22-05:00,1000011-B,CLASE TEORICA,(3) Grupo 3,Néstor Fernando Perez Buitrago,10,19
local-20260824T081005,2026-08-24T08:11:35-05:00,1000019-B,CLASE LABORATORIO,(1) Grupo 1,Gustavo Martinez Tamayo,19,20
local-20260824T081005,2026-08-24T08:11:35-05:00,1000019-B,CLASE LABORATORIO,(10) Grupo 10,No informado,18,20
local-20260824T081005,2026-08-24T08:11:35-05:00,1000019-B,CLASE LABORATORIO,(11) Grupo 11,EVER DAVID ALCALA CAJAR,30,20
local-20260824T081005,2026-08-24T08:11:35-05:00,1000019-B,CLASE LABORATORIO,(12) Grupo 12,FABIAN FELIPE QUEVEDO FARIETA,25,20
local-20260824T081005,2026-08-24T08:11:35-05:00,1000019-B,CLASE LABORATORIO,(13) Grupo 13,Alvaro Marino Camargo,24,20
local-20260824T081005,2026-08-24T08:11:35-05:00,1000019-B,CLASE LABORATORIO,(14) Grupo 14,Alvaro Marino Camargo,35,20
local-20260824T081005,2026-08-24T08:11:35-05:00,1000019-B,CLASE LABORATORIO,(15) Grupo 15,JULIAN MATEO DE MENDOZA GUTIERREZ,29,20
local-20260824T081005,2026-08-24T08:11:35-05:00,1000019-B,CLASE LABORATORIO,(16) Grupo 16,Alvaro Marino Camargo,34,20
local-20260824T081005,2026-08-24T08:11:35-05:00,1000019-B,CLASE LABORATORIO,(17) Grupo 17,JULIAN MATEO DE MENDOZA GUTIERREZ,31,20
local-20260824T081005,2026-08-24T08:11:35-05:00,1000019-B,CLASE LABORATORIO,(18) Grupo 18,Jaime Villalobos Velasco,31,20
local-20260824T081005,2026-08-24T08:11:35-05:00,1000019-B,CLASE LABORATORIO,(19) Grupo 19,JULY PAOLA GARZÓN LOPEZ,32,20
local-20260824T081005,2026-08-24T08:11:35-05:00,1000019-B,CLASE LABORATORIO,(2) Grupo 2,Gustavo Martinez Tamayo,30,20
local-20260824T081005,2026-08-24T08:11:35-05:00,1000019-B,CLASE LABORATORIO,(20) Grupo 20,JOSE ALFREDO GOMEZ MATEUS,33,20
local-20260824T081005,2026-08-24T08:11:35-05:00,1000019-B,CLASE LABORATORIO,(21) Grupo 21,Pedro Hernan Sanchez Machet,30,20
local-20260824T081005,2026-08-24T08:11:35-05:00,1000019-B,CLASE LABORATORIO,(22) Grupo 22,Pedro Hernan Sanchez Machet,34,20
local-20260824T081005,2026-08-24T08:11:35-05:00,1000019-B,CLASE LABORATORIO,(23) Grupo 23,Pedro Hernan Sanchez Machet,35,20
local-20260824T081005,2026-08-24T08:11:35-05:00,1000019-B,CLASE LABORATORIO,(24) Grupo 24,Pedro Hernan Sanchez Machet,33,20
local-20260824T081005,2026-08-24T08:11:35-05:00,1000019-B,CLASE LABORATORIO,(25) Grupo 25,Plinio Del Carmen Teheran Sermeno,29,20
local-20260824T081005,2026-08-24T08:11:35-05:00,1000019-B,CLASE LABORATORIO,(26) Grupo 26 (VIRTUAL),Plinio Del Carmen Teheran Sermeno,49,20
local-20260824T081005,2026-08-24T08:11:35-05:00,1000019-B,CLASE LABORATORIO,(27) Grupo 27 (VIRTUAL),Plinio Del Carmen Teheran Sermeno,48,20
local-20260824T081005,2026-08-24T08:11:35-05:00,1000019-B,CLASE LABORATORIO,(28) Grupo 28 (VIRTUAL),Plinio Del Carmen Teheran Sermeno,49,20
local-20260824T081005,2026-08-24T08:11:35-05:00,1000019-B,CLASE LABORATORIO,(29) Grupo 29 (VIRTUAL),Plinio Del Carmen Teheran Sermeno,46,20
local-20260824T081005,2026-08-24T08:11:35-05:00,1000019-B,CLASE LABORATORIO,(3) Grupo 3,Gustavo Martinez Tamayo,33,20
local-20260824T081005,2026-08-24T08:11:35-05:00,1000019-B,CLASE LABORATORIO,(4) Grupo 4,No informado,34,20
local-20260824T081005,2026-08-24T08:11:35-05:00,1000019-B,CLASE LABORATORIO,(5) Grupo 5,FABIAN FELIPE QUEVEDO FARIETA,29,20
local-20260824T081005,2026-08-24T08:11:35-05:00,1000019-B,CLASE LABORATORIO,(6) Grupo 6,Jaime Villalobos Velasco,30,20
local-20260824T081005,2026-08-24T08:11:35-05:00,1000019-B,CLASE LABORATORIO,(7) Grupo 7,Jaime Villalobos Velasco,32,20
local-20260824T081005,2026-08-24T08:11:35-05:00,1000019-B,CLASE LABORATORIO,(8) Grupo 8,Alvaro Marino Camargo,32,20
local-20260824T081005,2026-08-24T08:11:35-05:00,1000019-B,CLASE LABORATORIO,(9) Grupo 9,Erika Lorena Rosero Alzate,0,20
local-20260824T081005,2026-08-24T08:11:35-05:00,1000019-B,CLASE TALLER,(1) Grupo 1,FABIAN FELIPE QUEVEDO FARIETA,19,20
local-20260824T081005,2026-08-24T08:11:35-05:00,1000019-B,CLASE TALLER,(10) Grupo 10,FABIAN FELIPE QUEVEDO FARIETA,18,20
local-20260824T081005,2026-08-24T08:11:35-05:00,1000019-B,CLASE TALLER,(11) Grupo 11,JULIAN MATEO DE MENDOZA GUTIERREZ,30,20
local-20260824T081005,2026-08-24T08:11:35-05:00,1000019-B,CLASE TALLER,(12) Grupo 12,EVER DAVID ALCALA CAJAR,25,20
local-20260824T081005,2026-08-24T08:11:35-05:00,1000019-B,CLASE TALLER,(13) Grupo 13,MIGUEL ENRIQUE GÁMEZ LÓPEZ,24,20
local-20260824T081005,2026-08-24T08:11:35-05:00,1000019-B,CLASE TALLER,(14) Grupo 14,No informado,35,20
local-20260824T081005,2026-08-24T08:11:35-05:00,1000019-B,CLASE TALLER,(15) Grupo 15,EVER DAVID ALCALA CAJAR,29,20
local-20260824T081005,2026-08-24T08:11:35-05:00,1000019-B,CLASE TALLER,(16) Grupo 16,Edna Carolina Pinilla Beltran,34,20
local-20260824T081005,2026-08-24T08:11:35-05:00,1000019-B,CLASE TALLER,(17) Grupo 17,Jereson Silva Valencia,31,20
local-20260824T081005,2026-08-24T08:11:35-05:00,1000019-B,CLASE TALLER,(18) Grupo 18,Jereson Silva Valencia,31,20
local-20260824T081005,2026-08-24T08:11:35-05:00,1000019-B,CLASE TALLER,(19) Grupo 19,Jereson Silva Valencia,32,20
local-20260824T081005,2026-08-24T08:11:35-05:00,1000019-B,CLASE TALLER,(2) Grupo 2,Gustavo Martinez Tamayo,30,20
local-20260824T081005,2026-08-24T08:11:35-05:00,1000019-B,CLASE TALLER,(20) Grupo 20,Jereson Silva Valencia,33,20
local-20260824T081005,2026-08-24T08:11:35-05:00,1000019-B,CLASE TALLER,(21) Grupo 21,JOSE ALFREDO GOMEZ MATEUS,30,20
local-20260824T081005,2026-08-24T08:11:35-05:00,1000019-B,CLASE TALLER,(22) Grupo 22,JULY PAOLA GARZÓN LOPEZ,34,20
local-20260824T081005,2026-08-24T08:11:35-05:00,1000019-B,CLASE TALLER,(23) Grupo 23,Edna Carolina Pinilla Beltran,35,20
local-20260824T081005,2026-08-24T08:11:35-05:00,1000019-B,CLASE TALLER,(24) Grupo 24,Diego Alejandro Torres Galindo,33,20
local-20260824T081005,2026-08-24T08:11:35-05:00,1000019-B,CLASE TALLER,(25) Grupo 25,Plinio Del Carmen Teheran Sermeno,29,20
local-20260824T081005,2026-08-24T08:11:35-05:00,1000019-B,CLASE TALLER,(26) Grupo 26 (VIRTUAL),Plinio Del Carmen Teheran Sermeno,49,20
local-20260824T081005,2026-08-24T08:11:35-05:00,1000019-B,CLASE TALLER,(27) Grupo 27 (VIRTUAL),Plinio Del Carmen Teheran Sermeno,48,20
local-20260824T081005,2026-08-24T08:11:35-05:00,1000019-B,CLASE TALLER,(28) Grupo 28 (VIRTUAL),Plinio Del Carmen Teheran Sermeno,49,20
local-20260824T081005,2026-08-24T08:11:35-05:00,1000019-B,CLASE TALLER,(29) Grupo 29 (VIRTUAL),Plinio Del Carmen Teheran Sermeno,46,20
local-20260824T081005,2026-08-24T08:11:35-05:00,1000019-B,CLASE TALLER,(3) Grupo 3,Gustavo Martinez Tamayo,33,20
local-20260824T081005,2026-08-24T08:11:35-05:00,1000019-B,CLASE TALLER,(4) Grupo 4,Jaime Villalobos Velasco,34,20
local-20260824T081005,2026-08-24T08:11:35-05:00,1000019-B,CLASE TALLER,(5) Grupo 5,Jaime Villalobos Velasco,29,20
local-20260824T081005,2026-08-24T08:11:35-05:00,1000019-B,CLASE TALLER,(6) Grupo 6,Ramiro Cardona Cardona,30,20
local-20260824T081005,2026-08-24T08:11:35-05:00,1000019-B,CLASE TALLER,(7) Grupo 7,Ramiro Cardona Cardona,32,20
local-20260824T081005,2026-08-24T08:11:35-05:00,1000019-B,CLASE TALLER,(8) Grupo 8,Edna Carolina Pinilla Beltran,32,20
local-20260824T081005,2026-08-24T08:11:35-05:00,1000019-B,CLASE TALLER,(9) Grupo 9,No informado,7,20
local-20260824T081005,2026-08-24T08:11:35-05:00,1000019-B,CLASE MAGISTRAL,(16) Gruop 16,Erika Lorena Rosero Alzate; Daniel Camilo Padilla González,8,20
local-20260824T081005,2026-08-24T08:11:35-05:00,1000019-B,CLASE MAGISTRAL,(1) Grupo 1,Gustavo Martinez Tamayo,19,20
local-20260824T081005,2026-08-24T08:11:35-05:00,1000019-B,CLASE MAGISTRAL,(10) Grupo 10,Ovidio Amado Almanza Montero,18,20
local-20260824T081005,2026-08-24T08:11:35-05:00,1000019-B,CLASE MAGISTRAL,(11) Grupo 11,Ovidio Amado Almanza Montero,30,20
local-20260824T081005,2026-08-24T08:11:35-05:00,1000019-B,CLASE MAGISTRAL,(12) Grupo 12,Ovidio Amado Almanza Montero,25,20
local-20260824T081005,2026-08-24T08:11:35-05:00,1000019-B,CLASE MAGISTRAL,(13) Grupo 13,Jaime Villalobos Velasco,24,20
local-20260824T081005,2026-08-24T08:11:35-05:00,1000019-B,CLASE MAGISTRAL,(14) Grupo 14,Jaime Villalobos Velasco,35,20
local-20260824T081005,2026-08-24T08:11:35-05:00,1000019-B,CLASE MAGISTRAL,(15) Grupo 15,Jaime Villalobos Velasco,29,20
local-20260824T081005,2026-08-24T08:11:35-05:00,1000019-B,CLASE MAGISTRAL,(17) Grupo 17,Jereson Silva Valencia,31,20
local-20260824T081005,2026-08-24T08:11:35-05:00,1000019-B,CLASE MAGISTRAL,(18) Grupo 18,Jereson Silva Valencia,31,20
local-20260824T081005,2026-08-24T08:11:35-05:00,1000019-B,CLASE MAGISTRAL,(19) Grupo 19,Jereson Silva Valencia,32,20
local-20260824T081005,2026-08-24T08:11:35-05:00,1000019-B,CLASE MAGISTRAL,(2) Grupo 2,Gustavo Martinez Tamayo,30,20
local-20260824T081005,2026-08-24T08:11:35-05:00,1000019-B,CLASE MAGISTRAL,(20) Grupo 20,Jereson Silva Valencia,33,20
local-20260824T081005,2026-08-24T08:11:35-05:00,1000019-B,CLASE MAGISTRAL,(21) Grupo 21,Diego Alejandro Torres Galindo,30,20
local-20260824T081005,2026-08-24T08:11:35-05:00,1000019-B,CLASE MAGISTRAL,(22) Grupo 22,Diego Alejandro Torres Galindo,34,20
local-20260824T081005,2026-08-24T08:11:35-05:00,1000019-B,CLASE MAGISTRAL,(23) Grupo 23,Diego Alejandro Torres Galindo,35,20
local-20260824T081005,2026-08-24T08:11:35-05:00,1000019-B,CLASE MAGISTRAL,(24) Grupo 24,Diego Alejandro Torres Galindo,33,20
local-20260824T081005,2026-08-24T08:11:35-05:00,1000019-B,CLASE MAGISTRAL,(25) Grupo 25,Plinio Del Carmen Teheran Sermeno,29,20
local-20260824T081005,2026-08-24T08:11:35-05:00,1000019-B,CLASE MAGISTRAL,(26) Grupo 26 (VIRTUAL),Plinio Del Carmen Teheran Sermeno,49,20
local-20260824T081005,2026-08-24T08:11:35-05:00,1000019-B,CLASE MAGISTRAL,(27) Grupo 27 (VIRTUAL),Plinio Del Carmen Teheran Sermeno,48,20
local-20260824T081005,2026-08-24T08:11:35-05:00,1000019-B,CLASE MAGISTRAL,(28) Grupo 28 (VIRTUAL),Plinio Del Carmen Teheran Sermeno,49,20
local-20260824T081005,2026-08-24T08:11:35-05:00,1000019-B,CLASE MAGISTRAL,(29) Grupo 29 (VIRTUAL),Plinio Del Carmen Teheran Sermeno,46,20
local-20260824T081005,2026-08-24T08:11:35-05:00,1000019-B,CLASE MAGISTRAL,(3) Grupo 3,Gustavo Martinez Tamayo,33,20
local-20260824T081005,2026-08-24T08:11:35-05:00,1000019-B,CLASE MAGISTRAL,(4) Grupo 4,Gustavo Martinez Tamayo,34,20
local-20260824T081005,2026-08-24T08:11:35-05:00,1000019-B,CLASE MAGISTRAL,(5) Grupo 5,Ramiro Cardona Cardona,29,20
local-20260824T081005,2026-08-24T08:11:35-05:00,1000019-B,CLASE MAGISTRAL,(6) Grupo 6,Ramiro Cardona Cardona,30,20
local-20260824T081005,2026-08-24T08:11:35-05:00,1000019-B,CLASE MAGISTRAL,(7) Grupo 7,Ramiro Cardona Cardona,32,20
local-20260824T081005,2026-08-24T08:11:35-05:00,1000019-B,CLASE MAGISTRAL,(8) Grupo 8,Ramiro Cardona Cardona,32,20
local-20260824T081005,2026-08-24T08:11:35-05:00,1000019-B,CLASE MAGISTRAL,(9) Grupo 9,Fredy Angel Jimenez Giraldo,7,20
local-20260824T081005,2026-08-24T08:11:37-05:00,2015956,CLASE TEORICA,(1) Grupo 1,Modesto Portilla Gamboa; Fernando Eli Romero Ordoñez,35,21
local-20260824T081005,2026-08-24T08:11:37-05:00,2015956,CLASE TEORICA,(2) Grupo 2,Jennifer Angel Amaya,30,21
local-20260824T081005,2026-08-24T08:11:37-05:00,2015956,CLASE TEORICA,(3) Grupo 3,Jennifer Angel Amaya,30,21
local-20260824T081005,2026-08-24T08:11:37-05:00,2015956,CLASE TEORICA,(4) Grupo 4,Fernando Eli Romero Ordoñez; Modesto Portilla Gamboa,35,21
local-20260824T081005,2026-08-24T08:11:39-05:00,2015957,CLASE PRACTICA,(1) Grupo 1,No informado,30,22
local-20260824T081005,2026-08-24T08:11:39-05:00,2015957,CLASE PRACTICA,(2) Grupo 2,Samuel Fernando Mesa Giraldo,30,22
local-20260824T081005,2026-08-24T08:11:39-05:00,2015957,CLASE PRACTICA,(3) Grupo 3,Rose Marie Aldana Boutin,29,22
local-20260824T081005,2026-08-24T08:11:39-05:00,2015957,CLASE PRACTICA,(4) Grupo 4,Rose Marie Aldana Boutin,30,22
local-20260824T081005,2026-08-24T08:11:41-05:00,2015958,CLASE PRACTICA,(1) Grupo 1,William Castro Garcia,19,23
local-20260824T081005,2026-08-24T08:11:41-05:00,2015958,CLASE PRACTICA,(2) Grupo 2,William Castro Garcia,18,23
local-20260824T081005,2026-08-24T08:11:41-05:00,2015958,CLASE PRACTICA,(3) Grupo 3,Carlos Alfonso Gomez Guacaneme,30,23
local-20260824T081005,2026-08-24T08:11:41-05:00,2015958,CLASE PRACTICA,(4) Grupo 4,Mario Arturo Rincon Villalba,20,23
local-20260824T081005,2026-08-24T08:11:41-05:00,2015958,CLASE PRACTICA,(5) Grupo 5,Mario Arturo Rincon Villalba,20,23
local-20260824T081005,2026-08-24T08:11:41-05:00,2015958,CLASE PRACTICA,(6) Grupo 6,Fausto Alejandro Silva España,18,23
local-20260824T081005,2026-08-24T08:11:41-05:00,2015958,CLASE PRACTICA,(7) Grupo 7,Fausto Alejandro Silva España,20,23
local-20260824T081005,2026-08-24T08:11:41-05:00,2015958,CLASE PRACTICA,(8) Grupo 8,Fausto Alejandro Silva España,20,23
local-20260824T081005,2026-08-24T08:11:41-05:00,2015958,CLASE PRACTICA,(9) Grupo 9,Fausto Alejandro Silva España,20,23
local-20260824T081005,2026-08-24T08:11:41-05:00,2015958,CLASE TEORICA,(1) Grupo 1,William Castro Garcia,37,23
local-20260824T081005,2026-08-24T08:11:41-05:00,2015958,CLASE TEORICA,(3) Grupo 3,Carlos Alfonso Gomez Guacaneme,30,23
local-20260824T081005,2026-08-24T08:11:41-05:00,2015958,CLASE TEORICA,(4) Grupo 4,Mario Arturo Rincon Villalba,40,23
local-20260824T081005,2026-08-24T08:11:41-05:00,2015958,CLASE TEORICA,(6) Grupo 6,Cesar Andres Cortes Bello,38,23
local-20260824T081005,2026-08-24T08:11:41-05:00,2015958,CLASE TEORICA,(8) Grupo 8,Cesar Andres Cortes Bello,40,23
local-20260824T081005,2026-08-24T08:11:48-05:00,2015959,CLASE TEORICA,(1) Grupo 1,Carlos Eduardo Rodriguez Pineda,30,24
local-20260824T081005,2026-08-24T08:11:48-05:00,2015959,CLASE TEORICA,(2) Grupo 2,Guillermo Eduardo Avila Alvarez,28,24
local-20260824T081005,2026-08-24T08:11:48-05:00,2015959,CLASE TEORICA,(3) Grupo 3,Livaniel Viveros Rosero,29,24
local-20260824T081005,2026-08-24T08:11:48-05:00,2015959,CLASE TEORICA,(4) Grupo 4,No informado,0,24
local-20260824T081005,2026-08-24T08:11:59-05:00,2022760,NA,(1) Grupo 1,No informado,15,25
local-20260824T081005,2026-08-24T08:12:00-05:00,2015961,CLASE TEORICA,(1) Grupo 1,Rafael Orland Ortiz Mosquera,24,26
local-20260824T081005,2026-08-24T08:12:00-05:00,2015961,CLASE TEORICA,(2) Grupo 2,Adriana Patricia Piña Fulano,24,26
local-20260824T081005,2026-08-24T08:12:00-05:00,2015961,CLASE TEORICA,(3) Grupo 3,Gelber Norberto Gutierrez Palacios,24,26
local-20260824T081005,2026-08-24T08:12:00-05:00,2015961,CLASE TEORICA,(4) Grupo 4,No informado,24,26
local-20260824T081005,2026-08-24T08:12:00-05:00,2015961,CLASE TEORICA,(5) Grupo 5,No informado,24,26
local-20260824T081005,2026-08-24T08:12:00-05:00,2015961,CLASE TEORICA,(6) Grupo 6,Leonardo David Donado Garzon,24,26
local-20260824T081005,2026-08-24T08:12:02-05:00,2015978,CLASE TEORICA,(1) Grupo 1,No informado,0,27
local-20260824T081005,2026-08-24T08:12:02-05:00,2015978,CLASE TEORICA,(2) Grupo 2,Erasmo Alfredo Rodriguez Sandoval,30,27
local-20260824T081005,2026-08-24T08:12:02-05:00,2015978,CLASE TEORICA,(3) Grupo 3,No informado,30,27
local-20260824T081005,2026-08-24T08:12:02-05:00,2015978,CLASE TEORICA,(4) Grupo 4,No informado,30,27
local-20260824T081005,2026-08-24T08:12:02-05:00,2015978,CLASE TEORICA,(5) Grupo 5,No informado,30,27
local-20260824T081005,2026-08-24T08:12:03-05:00,2026135,CLASE TEORICA,(1) Grupo 1,NICOLAS ESCALANTE MORA,25,28
local-20260824T081005,2026-08-24T08:12:03-05:00,2026135,CLASE TEORICA,(2) Grupo 2,Leonel Vega Mora,25,28
local-20260824T081005,2026-08-24T08:12:03-05:00,2026135,CLASE TEORICA,(3) Grupo 3,Leonel Vega Mora,25,28
local-20260824T081005,2026-08-24T08:12:04-05:00,2015963,CLASE TEORICA,(1) Grupo 1,No informado,28,29
local-20260824T081005,2026-08-24T08:12:04-05:00,2015963,CLASE TEORICA,(2) Grupo 2,No informado,29,29
local-20260824T081005,2026-08-24T08:12:04-05:00,2015963,CLASE TEORICA,(3) Grupo 3,William Castro Garcia,28,29
local-20260824T081005,2026-08-24T08:12:15-05:00,2026138,CLASE TEORICA,(1) Grupo 1,Ivan Dario Serrano Arrieta,30,30
local-20260824T081005,2026-08-24T08:12:15-05:00,2026138,CLASE TEORICA,(2) Grupo 2,Ivan Dario Serrano Arrieta,29,30
local-20260824T081005,2026-08-24T08:12:15-05:00,2026138,CLASE TEORICA,(3) Grupo 3,Pedro Luis Jimenez Poveda,30,30
local-20260824T081005,2026-08-24T08:12:16-05:00,2015703,NA,(1) Grupo 1,Angela Maria Arboleda Restrepo,40,31
local-20260824T081005,2026-08-24T08:12:16-05:00,2015703,NA,(10) Grupo 10,Diego Alejandro Hernandez Castañeda,30,31
local-20260824T081005,2026-08-24T08:12:16-05:00,2015703,NA,(11) Grupo 11,Julio Cesar Cañon Rodriguez,29,31
local-20260824T081005,2026-08-24T08:12:16-05:00,2015703,NA,(2) Grupo 2,Osman Benjamin Giovanny Vargas Rozo,39,31
local-20260824T081005,2026-08-24T08:12:16-05:00,2015703,NA,(3) Grupo 3,Hugo Alberto Herrera Fonseca,39,31
local-20260824T081005,2026-08-24T08:12:16-05:00,2015703,NA,(4) Grupo 4,LINA JULIANA BULLA CASAS,29,31
local-20260824T081005,2026-08-24T08:12:16-05:00,2015703,NA,(5) Grupo 5 - Virtual,Cesar Augusto Roa Lemus,60,31
local-20260824T081005,2026-08-24T08:12:16-05:00,2015703,NA,(6) Grupo 6,JAVIER RICARDO OJEDA SANCHEZ,39,31
local-20260824T081005,2026-08-24T08:12:16-05:00,2015703,NA,(7) Grupo 7,JAVIER RICARDO OJEDA SANCHEZ,39,31
local-20260824T081005,2026-08-24T08:12:16-05:00,2015703,NA,(8) Grupo 8,Diego Alejandro Hernandez Castañeda,39,31
local-20260824T081005,2026-08-24T08:12:16-05:00,2015703,NA,(9) Grupo 9,LINA JULIANA BULLA CASAS,35,31
local-20260824T081005,2026-08-24T08:12:18-05:00,1000044-B,CLASE TEORICA,(1) Grupo 1,Beatriz Elena Urrutia Sanchez,26,32
local-20260824T081005,2026-08-24T08:12:18-05:00,1000044-B,CLASE TEORICA,(2) Grupo 2,Yaneli Niño Osorio,24,32
local-20260824T081005,2026-08-24T08:12:18-05:00,1000044-B,CLASE TEORICA,(3) Grupo 3,Luis Gabriel Peña Ortiz,24,32
local-20260824T081005,2026-08-24T08:12:18-05:00,1000044-B,CLASE TEORICA,(4) Grupo 4,Liliana Marcela Guzman Aricapa,22,32
local-20260824T081005,2026-08-24T08:12:18-05:00,1000044-B,CLASE TEORICA,(5) Grupo 5,Beatriz Elena Urrutia Sanchez,22,32
local-20260824T081005,2026-08-24T08:12:18-05:00,1000044-B,CLASE TEORICA,(6) Grupo 6,Cesar Augusto Romero,21,32
local-20260824T081005,2026-08-24T08:12:18-05:00,1000044-B,CLASE TEORICA,(7) Grupo 7,JOSE JONATHAN MAESTRE HERRERA,25,32
local-20260824T081005,2026-08-24T08:12:18-05:00,1000044-B,CLASE TEORICA,(8) Grupo 8,Beymar Leonardo Solorzano Alviz,25,32
local-20260824T081005,2026-08-24T08:12:18-05:00,1000044-B,CLASE TEORICA,(9) Grupo 9,Claudia Marcela Arevalo Gomez,0,32
local-20260824T081005,2026-08-24T08:12:20-05:00,1000045-B,CLASE TEORICA,(1) Grupo 1,Claudia Marcela Arevalo Gomez,3,33
local-20260824T081005,2026-08-24T08:12:20-05:00,1000045-B,CLASE TEORICA,(10) Grupo 10,Jesica paola Rendon Alfonso,20,33
local-20260824T081005,2026-08-24T08:12:20-05:00,1000045-B,CLASE TEORICA,(11) Grupo 11,JOSE JONATHAN MAESTRE HERRERA,24,33
local-20260824T081005,2026-08-24T08:12:20-05:00,1000045-B,CLASE TEORICA,(12) Grupo 12,LINDA JOHANA RUIZ GOMEZ,21,33
local-20260824T081005,2026-08-24T08:12:20-05:00,1000045-B,CLASE TEORICA,(13) Grupo 13,Narly Yadira Pardo Cadena,24,33
local-20260824T081005,2026-08-24T08:12:20-05:00,1000045-B,CLASE TEORICA,(14) Grupo 14,Angelica Saenz Fonseca,23,33
local-20260824T081005,2026-08-24T08:12:20-05:00,1000045-B,CLASE TEORICA,(15) Grupo 15,Narly Yadira Pardo Cadena,25,33
local-20260824T081005,2026-08-24T08:12:20-05:00,1000045-B,CLASE TEORICA,(16) Grupo 16,Luis Gabriel Peña Ortiz,21,33
local-20260824T081005,2026-08-24T08:12:20-05:00,1000045-B,CLASE TEORICA,(2) Grupo 2,Cesar Augusto Romero,24,33
local-20260824T081005,2026-08-24T08:12:20-05:00,1000045-B,CLASE TEORICA,(3) Grupo 3,Jesica paola Rendon Alfonso,25,33
local-20260824T081005,2026-08-24T08:12:20-05:00,1000045-B,CLASE TEORICA,(4) Grupo 4,Adriana Marlen Sanchez Riaño,24,33
local-20260824T081005,2026-08-24T08:12:20-05:00,1000045-B,CLASE TEORICA,(5) Grupo 5,Cesar Augusto Romero,25,33
local-20260824T081005,2026-08-24T08:12:20-05:00,1000045-B,CLASE TEORICA,(6) Grupo 6,Sara Elisa Monsalve Patino,25,33
local-20260824T081005,2026-08-24T08:12:20-05:00,1000045-B,CLASE TEORICA,(7) Grupo 7,Luis Gabriel Peña Ortiz,24,33
local-20260824T081005,2026-08-24T08:12:20-05:00,1000045-B,CLASE TEORICA,(8) Grupo 8,Johnatan Martinez Hernandez,21,33
local-20260824T081005,2026-08-24T08:12:20-05:00,1000045-B,CLASE TEORICA,(9) Grupo 9,Maureen Elizabeth Hooker Oneill,13,33
local-20260824T081005,2026-08-24T08:12:32-05:00,1000046-B,CLASE TEORICA,(1) Grupo 1,Johnatan Martinez Hernandez,23,35
local-20260824T081005,2026-08-24T08:12:32-05:00,1000046-B,CLASE TEORICA,(10) Grupo 10,Jennly Angelica Gomez Rodriguez,25,35
local-20260824T081005,2026-08-24T08:12:32-05:00,1000046-B,CLASE TEORICA,(11) Grupo 11,Angelica Saenz Fonseca,24,35
local-20260824T081005,2026-08-24T08:12:32-05:00,1000046-B,CLASE TEORICA,(12) Grupo 12,Liliana Marcela Guzman Aricapa,25,35
local-20260824T081005,2026-08-24T08:12:32-05:00,1000046-B,CLASE TEORICA,(13) Grupo 13,ALBA LUCIA RIAÑO RODRIGUEZ,25,35
local-20260824T081005,2026-08-24T08:12:32-05:00,1000046-B,CLASE TEORICA,(14) Grupo 14,Angelica Saenz Fonseca,26,35
local-20260824T081005,2026-08-24T08:12:32-05:00,1000046-B,CLASE TEORICA,(15) Grupo 15,Luis Gabriel Peña Ortiz,26,35
local-20260824T081005,2026-08-24T08:12:32-05:00,1000046-B,CLASE TEORICA,(16) Grupo 16,Olga Lucia Ruiz Convers,24,35
local-20260824T081005,2026-08-24T08:12:32-05:00,1000046-B,CLASE TEORICA,(17) Grupo 17,Luis Gabriel Peña Ortiz,26,35
local-20260824T081005,2026-08-24T08:12:32-05:00,1000046-B,CLASE TEORICA,(18) Grupo 18,Narly Yadira Pardo Cadena,25,35
local-20260824T081005,2026-08-24T08:12:32-05:00,1000046-B,CLASE TEORICA,(2) Grupo 2,Jesica paola Rendon Alfonso,25,35
local-20260824T081005,2026-08-24T08:12:32-05:00,1000046-B,CLASE TEORICA,(3) Grupo 3,JESUS DAVID TORRES RODRIGUEZ,25,35
local-20260824T081005,2026-08-24T08:12:32-05:00,1000046-B,CLASE TEORICA,(4) Grupo 4,Claudia Patricia Cortes Lora,26,35
local-20260824T081005,2026-08-24T08:12:32-05:00,1000046-B,CLASE TEORICA,(5) Grupo 5,Johnatan Martinez Hernandez,21,35
local-20260824T081005,2026-08-24T08:12:32-05:00,1000046-B,CLASE TEORICA,(6) Grupo 6,Johnatan Martinez Hernandez,23,35
local-20260824T081005,2026-08-24T08:12:32-05:00,1000046-B,CLASE TEORICA,(7) Grupo 7,Jesica paola Rendon Alfonso,26,35
local-20260824T081005,2026-08-24T08:12:32-05:00,1000046-B,CLASE TEORICA,(8) Grupo 8,Beatriz Elena Urrutia Sanchez,22,35
local-20260824T081005,2026-08-24T08:12:32-05:00,1000046-B,CLASE TEORICA,(9) Grupo 9,Maureen Elizabeth Hooker Oneill,10,35
local-20260824T081005,2026-08-24T08:12:36-05:00,1000052-B,CLASE TEORICA,(1) Grupo 1,Liliana Marcela Guzman Aricapa,27,37
local-20260824T081005,2026-08-24T08:12:36-05:00,1000052-B,CLASE TEORICA,(2) Grupo 2,JOSE JONATHAN MAESTRE HERRERA,27,37
local-20260824T081005,2026-08-24T08:12:36-05:00,1000052-B,CLASE TEORICA,(3) Grupo 3,Aida Elena Monsalve Solorzano,28,37
local-20260824T081005,2026-08-24T08:12:37-05:00,1000053-B,CLASE TEORICA,(1) Grupo 1,Jennly Angelica Gomez Rodriguez,28,38
local-20260824T081005,2026-08-24T08:12:37-05:00,1000053-B,CLASE TEORICA,(2) Grupo 2,Yaneli Niño Osorio,26,38
local-20260824T081005,2026-08-24T08:12:37-05:00,1000053-B,CLASE TEORICA,(3) Grupo 3,Javier Rodriguez Gomez,29,38
local-20260824T081005,2026-08-24T08:12:37-05:00,1000053-B,CLASE TEORICA,(4) Grupo 4,Javier Rodriguez Gomez,30,38
local-20260824T081005,2026-08-24T08:12:37-05:00,1000053-B,CLASE TEORICA,(5) Grupo 5,LINDA JOHANA RUIZ GOMEZ,28,38
local-20260824T081005,2026-08-24T08:12:37-05:00,1000053-B,CLASE TEORICA,(6) Grupo 6,Olga Lucia Ruiz Convers,28,38
local-20260824T081005,2026-08-24T08:12:39-05:00,1000047-B,CLASE TEORICA,(1) Grupo 1,Cesar Augusto Romero,21,39
local-20260824T081005,2026-08-24T08:12:39-05:00,1000047-B,CLASE TEORICA,(10) Grupo 10,Monica Alexandra Riaño Orjuela,25,39
local-20260824T081005,2026-08-24T08:12:39-05:00,1000047-B,CLASE TEORICA,(11) Grupo 11,Jennly Angelica Gomez Rodriguez,26,39
local-20260824T081005,2026-08-24T08:12:39-05:00,1000047-B,CLASE TEORICA,(12) Grupo 12,Claudia Patricia Cortes Lora,25,39
local-20260824T081005,2026-08-24T08:12:39-05:00,1000047-B,CLASE TEORICA,(13) Grupo 13,Angelica Saenz Fonseca,26,39
local-20260824T081005,2026-08-24T08:12:39-05:00,1000047-B,CLASE TEORICA,(14) Grupo 14,LINDA JOHANA RUIZ GOMEZ,22,39
local-20260824T081005,2026-08-24T08:12:39-05:00,1000047-B,CLASE TEORICA,(15) Grupo 15,Claudia Patricia Cortes Lora,25,39
local-20260824T081005,2026-08-24T08:12:39-05:00,1000047-B,CLASE TEORICA,(16) Grupo 16,Narly Yadira Pardo Cadena,22,39
local-20260824T081005,2026-08-24T08:12:39-05:00,1000047-B,CLASE TEORICA,(17) Grupo 17,Angelica Saenz Fonseca,24,39
local-20260824T081005,2026-08-24T08:12:39-05:00,1000047-B,CLASE TEORICA,(18) Grupo 18,ALBA LUCIA RIAÑO RODRIGUEZ,26,39
local-20260824T081005,2026-08-24T08:12:39-05:00,1000047-B,CLASE TEORICA,(19) Grupo 19,Aida Elena Monsalve Solorzano,26,39
local-20260824T081005,2026-08-24T08:12:39-05:00,1000047-B,CLASE TEORICA,(2) Grupo 2,Yaneli Niño Osorio,23,39
local-20260824T081005,2026-08-24T08:12:39-05:00,1000047-B,CLASE TEORICA,(20) Grupo 20,ALBA LUCIA RIAÑO RODRIGUEZ,26,39
local-20260824T081005,2026-08-24T08:12:39-05:00,1000047-B,CLASE TEORICA,(21) Grupo 21,Edwin Yesid Leon Silva,26,39
local-20260824T081005,2026-08-24T08:12:39-05:00,1000047-B,CLASE TEORICA,(22) Grupo 22,LINDA JOHANA RUIZ GOMEZ,26,39
local-20260824T081005,2026-08-24T08:12:39-05:00,1000047-B,CLASE TEORICA,(3) Grupo 3,Monica Alexandra Riaño Orjuela,26,39
local-20260824T081005,2026-08-24T08:12:39-05:00,1000047-B,CLASE TEORICA,(4) Grupo 4,Claudia Patricia Cortes Lora,25,39
local-20260824T081005,2026-08-24T08:12:39-05:00,1000047-B,CLASE TEORICA,(5) Grupo 5,Olga Lucia Ruiz Convers,21,39
local-20260824T081005,2026-08-24T08:12:39-05:00,1000047-B,CLASE TEORICA,(6) Grupo 6,Monica Alexandra Riaño Orjuela,25,39
local-20260824T081005,2026-08-24T08:12:39-05:00,1000047-B,CLASE TEORICA,(7) Grupo 7,Cesar Augusto Romero,26,39
local-20260824T081005,2026-08-24T08:12:39-05:00,1000047-B,CLASE TEORICA,(8) Grupo 8,Beatriz Elena Urrutia Sanchez,26,39
local-20260824T081005,2026-08-24T08:12:39-05:00,1000047-B,CLASE TEORICA,(9) Grupo 9,Keshia Hilary Howard Livingston,14,39
local-20260824T081005,2026-08-24T08:12:51-05:00,2026186,CLASE TEORICA,(1) Grupo 1,Carol Andrea Murillo Feo,4,41
local-20260824T081005,2026-08-24T08:12:51-05:00,2026186,CLASE TEORICA,(2) Grupo 2,Leonel Vega Mora,0,41
local-20260824T081005,2026-08-24T08:12:51-05:00,2026186,CLASE TEORICA,(3) Grupo 3,CAMILO RIOS FRESNEDA,0,41
local-20260824T081005,2026-08-24T08:12:51-05:00,2026186,CLASE TEORICA,(4) Grupo 4,Carlos Orlando Robles Roa,6,41
local-20260824T081005,2026-08-24T08:12:55-05:00,1000001-B,CLASE TEORICA,(1) Grupo 1,No informado,0,43
local-20260824T081005,2026-08-24T08:12:55-05:00,1000001-B,CLASE TEORICA,(19) Grupo 19,No informado,4,43
local-20260824T081005,2026-08-24T08:12:55-05:00,1000001-B,CLASE TEORICA,(2) Grupo 2,No informado,21,43
local-20260824T081005,2026-08-24T08:12:55-05:00,1000001-B,CLASE MAGISTRAL,(1) Grupo 1,Ibeth Marcela Rubio Perilla,0,43
local-20260824T081005,2026-08-24T08:12:55-05:00,1000001-B,CLASE MAGISTRAL,(10) Grupo 10,No informado,0,43
local-20260824T081005,2026-08-24T08:12:55-05:00,1000001-B,CLASE MAGISTRAL,(2) Grupo 2,Herbert Alonso Dueñas Ruiz,0,43
local-20260824T081005,2026-08-24T08:12:55-05:00,1000001-B,CLASE MAGISTRAL,(3) Grupo 3,Jeanneth Galeano Penaloza,0,43
local-20260824T081005,2026-08-24T08:12:55-05:00,1000001-B,CLASE MAGISTRAL,(4) Grupo 4,Gustavo Adolfo Nieto Clavijo,0,43
local-20260824T081005,2026-08-24T08:12:55-05:00,1000001-B,CLASE MAGISTRAL,(5) Grupo 5,Natalia Camila Pinzon Cortes,0,43
local-20260824T081005,2026-08-24T08:12:55-05:00,1000001-B,CLASE MAGISTRAL,(6) Grupo 6,Martha Cecilia Moreno Penagos,0,43
local-20260824T081005,2026-08-24T08:12:55-05:00,1000001-B,CLASE MAGISTRAL,(7) Grupo 7,Claudio Rodriguez Beltran,1,43
local-20260824T081005,2026-08-24T08:12:55-05:00,1000001-B,CLASE MAGISTRAL,(8) Grupo 8,Gabriel Ignacio Padilla Leon,0,43
local-20260824T081005,2026-08-24T08:12:55-05:00,1000001-B,CLASE MAGISTRAL,(9) Grupo 9,No informado,11,43
local-20260824T081005,2026-08-24T08:12:57-05:00,2015965,CLASE TEORICA,(1) Grupo 1,CAMILO RIOS FRESNEDA,23,44
local-20260824T081005,2026-08-24T08:12:57-05:00,2015965,CLASE TEORICA,(2) Grupo 2,Julian David Puerto Suarez; Vladimir Buelvas Hernández,24,44
local-20260824T081005,2026-08-24T08:12:57-05:00,2015965,CLASE TEORICA,(3) Grupo 3,Ferney Betancourt Cardozo; Juan Manuel Lizarazo Marriaga,23,44
local-20260824T081005,2026-08-24T08:12:57-05:00,2015965,CLASE TEORICA,(4) Grupo 4,No informado,24,44
local-20260824T081005,2026-08-24T08:13:07-05:00,2015966,CLASE TEORICA,(1) Grupo 1,No informado,24,45
local-20260824T081005,2026-08-24T08:13:07-05:00,2015966,CLASE TEORICA,(2) Grupo 2,Adriana Patricia Piña Fulano,24,45
local-20260824T081005,2026-08-24T08:13:07-05:00,2015966,CLASE TEORICA,(3) Grupo 3,Rafael Orland Ortiz Mosquera,24,45
local-20260824T081005,2026-08-24T08:13:07-05:00,2015966,CLASE TEORICA,(4) Grupo 4,No informado,24,45
local-20260824T081005,2026-08-24T08:13:07-05:00,2015966,CLASE TEORICA,(5) Grupo 5,No informado,24,45
local-20260824T081005,2026-08-24T08:13:07-05:00,2015966,CLASE TEORICA,(6) Grupo 6,Luis Alejandro Morales Marin,23,45
local-20260824T081005,2026-08-24T08:13:07-05:00,2015966,CLASE TEORICA,(7) Grupo 7,No informado,24,45
local-20260824T081005,2026-08-24T08:13:07-05:00,2015966,CLASE TEORICA,(8) Grupo 8,No informado,24,45
local-20260824T081005,2026-08-24T08:13:08-05:00,2015967,NA,(1) Grupo 1,Vladimir Buelvas Hernández,24,46
local-20260824T081005,2026-08-24T08:13:10-05:00,2015968,CLASE TEORICA,(1) Grupo 1,Ricardo Parra Arango,24,47
local-20260824T081005,2026-08-24T08:13:10-05:00,2015968,CLASE TEORICA,(2) Grupo 2,Juan David Oliveros Salazar,24,47
local-20260824T081005,2026-08-24T08:13:10-05:00,2015968,CLASE TEORICA,(3) Grupo 3,No informado,24,47
local-20260824T081005,2026-08-24T08:13:10-05:00,2015968,CLASE TEORICA,(4) Grupo 4,Ricardo Parra Arango,24,47
local-20260824T081005,2026-08-24T08:13:10-05:00,2015968,CLASE TEORICA,(5) Grupo 5,Julian David Puerto Suarez,24,47
local-20260824T081005,2026-08-24T08:13:10-05:00,2015968,CLASE TEORICA,(6) Grupo 6,Dorian Luis Linero Segrera,24,47
local-20260824T081005,2026-08-24T08:13:10-05:00,2015968,CLASE TEORICA,(7) Grupo 7,No informado,0,47
local-20260824T081005,2026-08-24T08:13:12-05:00,2015969,CLASE TEORICA,(1) Grupo 1 (Inglés),Julio Esteban Colmenares Montañez,30,48
local-20260824T081005,2026-08-24T08:13:12-05:00,2015969,CLASE TEORICA,(2) Grupo 2,Guillermo Eduardo Avila Alvarez,30,48
local-20260824T081005,2026-08-24T08:13:12-05:00,2015969,CLASE TEORICA,(3) Grupo 3,Livaniel Viveros Rosero,30,48
local-20260824T081005,2026-08-24T08:13:12-05:00,2015969,CLASE TEORICA,(4) Grupo 4,No informado,30,48
local-20260824T081005,2026-08-24T08:13:14-05:00,2015970,CLASE PRACTICA,(4) Grupo 4,Helga Duarte,30,49
local-20260824T081005,2026-08-24T08:13:14-05:00,2015970,CLASE PRACTICA,(5) Grupo 5,Oswaldo Rojas Camacho,45,49
local-20260824T081005,2026-08-24T08:13:14-05:00,2015970,CLASE PRACTICA,(8) Grupo 8,Helga Duarte,30,49
local-20260824T081005,2026-08-24T08:13:14-05:00,2015970,CLASE PRACTICA,(9) Grupo 9,Oswaldo Rojas Camacho,45,49
local-20260824T081005,2026-08-24T08:13:24-05:00,2017293,CLASE TEORICA,(1) 2017293-1 Modelación matemática,David Leonardo Diaz Leon,33,50
local-20260824T081005,2026-08-24T08:13:24-05:00,2017293,CLASE TEORICA,(2) 2017293-2 Modelación matemática,David Leonardo Diaz Leon,33,50
local-20260824T081005,2026-08-24T08:13:24-05:00,2017293,CLASE MAGISTRAL,(1M) 2017293-1M Modelación matemática - Magistral,Carlos Alberto Duque Daza,78,50
local-20260824T081005,2026-08-24T08:13:29-05:00,2015971,CLASE TEORICA,(1) Grupo 1,No informado,29,53
local-20260824T081005,2026-08-24T08:13:29-05:00,2015971,CLASE TEORICA,(2) Grupo 2,Ferney Betancourt Cardozo,30,53
local-20260824T081005,2026-08-24T08:13:29-05:00,2015971,CLASE TEORICA,(3) Grupo 3,No informado,30,53
local-20260824T081005,2026-08-24T08:13:30-05:00,2015972,CLASE TEORICA,(1) Grupo 1,Carlos Alberto Moncada Aristizabal,14,54
local-20260824T081005,2026-08-24T08:13:30-05:00,2015972,CLASE TEORICA,(2) Grupo 2,SANTIAGO RAMIREZ ECHEVERRI,15,54
local-20260824T081005,2026-08-24T08:13:30-05:00,2015972,CLASE TEORICA,(3) Grupo 3,No informado,14,54
local-20260824T081005,2026-08-24T08:13:40-05:00,1000024-B,CLASE TEORICA,(12) Grupo 12,Edgar Delgado Mejia,0,55
local-20260824T081005,2026-08-24T08:13:40-05:00,1000024-B,CLASE TEORICA,(13) Grupo 13,Jesus Sigifredo Valencia Rios,0,55
local-20260824T081005,2026-08-24T08:13:40-05:00,1000024-B,CLASE TEORICA,(14) Grupo 14,Jhon Jairo Aragón Arias,8,55
local-20260824T081005,2026-08-24T08:13:42-05:00,1000013-B,CLASE TEORICA,(1) Grupo 1,JHONIER SEBASTIAN RANGEL GUTIERREZ,0,56
local-20260824T081005,2026-08-24T08:13:42-05:00,1000013-B,CLASE TEORICA,(10) Grupo 10,Sandra Vergara Cardozo,34,56
local-20260824T081005,2026-08-24T08:13:42-05:00,1000013-B,CLASE TEORICA,(11) Grupo 11,DIEGO ALBERTO MARTINEZ SIMBAQUEVA,32,56
local-20260824T081005,2026-08-24T08:13:42-05:00,1000013-B,CLASE TEORICA,(12) Grupo 12,DIEGO ALBERTO MARTINEZ SIMBAQUEVA,38,56
local-20260824T081005,2026-08-24T08:13:42-05:00,1000013-B,CLASE TEORICA,(13) Grupo 13,DIEGO ALBERTO MARTINEZ SIMBAQUEVA,26,56
local-20260824T081005,2026-08-24T08:13:42-05:00,1000013-B,CLASE TEORICA,(16) Grupo 16,Sergio Alejandro Calderon Villanueva,30,56
local-20260824T081005,2026-08-24T08:13:42-05:00,1000013-B,CLASE TEORICA,(2) Grupo 2,Luis Guillermo Diaz Monroy,39,56
local-20260824T081005,2026-08-24T08:13:42-05:00,1000013-B,CLASE TEORICA,(22) Grupo 22,Hanwen Zhang,45,56
local-20260824T081005,2026-08-24T08:13:42-05:00,1000013-B,CLASE TEORICA,(23) Grupo 23,ULPIANO LARA CRISTANCHO,0,56
local-20260824T081005,2026-08-24T08:13:42-05:00,1000013-B,CLASE TEORICA,(3) Grupo 3,Diana Carolina Franco Soto,40,56
local-20260824T081005,2026-08-24T08:13:42-05:00,1000013-B,CLASE TEORICA,(4) Grupo 4,Diana Carolina Franco Soto,39,56
local-20260824T081005,2026-08-24T08:13:42-05:00,1000013-B,CLASE TEORICA,(5) Grupo 5,Darwin Eduardo Martínez Riaño,33,56
local-20260824T081005,2026-08-24T08:13:42-05:00,1000013-B,CLASE TEORICA,(6) Grupo 6,Darwin Eduardo Martínez Riaño,35,56
local-20260824T081005,2026-08-24T08:13:42-05:00,1000013-B,CLASE TEORICA,(7) Grupo 7,Camilo Jose Torres Jimenez,40,56
local-20260824T081005,2026-08-24T08:13:44-05:00,2015734,NA,(1) Grupo 1,Fernando Salazar Delgado,4,57
local-20260824T081005,2026-08-24T08:13:44-05:00,2015734,NA,(10) Grupo 10,Tito Florez Calderon,2,57
local-20260824T081005,2026-08-24T08:13:44-05:00,2015734,NA,(11) Grupo 11,DAVID ALBERTO HERRERA ALVAREZ,0,57
local-20260824T081005,2026-08-24T08:13:44-05:00,2015734,NA,(12) Grupo 12,FABIEL NATÁN ESPINOSA CASTAÑEDA,0,57
local-20260824T081005,2026-08-24T08:13:44-05:00,2015734,NA,(13) Grupo 13,SERGIO CAMILO ESPINOSA BOTERO,31,57
local-20260824T081005,2026-08-24T08:13:44-05:00,2015734,NA,(14) Grupo 14,Felipe Gonzalez Roldan,0,57
local-20260824T081005,2026-08-24T08:13:44-05:00,2015734,NA,(2) Grupo 2,Fernando Salazar Delgado,12,57
local-20260824T081005,2026-08-24T08:13:44-05:00,2015734,NA,(3) Grupo 3,Jhoan Sebastian Restrepo Mendoza,0,57
local-20260824T081005,2026-08-24T08:13:44-05:00,2015734,NA,(4) Grupo 4,Sandra Liliana Rojas Martinez,0,57
local-20260824T081005,2026-08-24T08:13:44-05:00,2015734,NA,(5) Grupo 5,Jhoan Sebastian Restrepo Mendoza,0,57
local-20260824T081005,2026-08-24T08:13:44-05:00,2015734,NA,(6) Grupo 6,SERGIO CAMILO ESPINOSA BOTERO,5,57
local-20260824T081005,2026-08-24T08:13:44-05:00,2015734,NA,(7) Grupo 7,No informado,3,57
local-20260824T081005,2026-08-24T08:13:44-05:00,2015734,NA,(8) Grupo 8 - Virtual,FABIEL NATÁN ESPINOSA CASTAÑEDA,29,57
local-20260824T081005,2026-08-24T08:13:44-05:00,2015734,NA,(9) Grupo 9,Alvaro Reynel Córdoba,11,57
local-20260824T081005,2026-08-24T08:13:48-05:00,2015973,CLASE TEORICA,(1) Grupo 1,No informado,25,59
local-20260824T081005,2026-08-24T08:13:48-05:00,2015973,CLASE TEORICA,(2) Grupo 2,GABRIELA ARRIETA LOYO,25,59
local-20260824T081005,2026-08-24T08:13:48-05:00,2015973,CLASE TEORICA,(3) Grupo 3,NICOLAS ESCALANTE MORA,24,59
local-20260824T081005,2026-08-24T08:13:58-05:00,2022761,NA,(1) Grupo 1,Servio Javier Contreras Guerrero,15,60
local-20260824T081005,2026-08-24T08:13:58-05:00,2022761,NA,(2) Grupo 2,Servio Javier Contreras Guerrero,15,60
local-20260824T081005,2026-08-24T08:13:58-05:00,2022761,NA,(3) Grupo 3,Samuel Fernando Mesa Giraldo,15,60
local-20260824T081005,2026-08-24T08:14:00-05:00,2024045,CLASE TEORICA,(1) 2024045-1 Taller de proyectos interdisciplinarios,No informado,0,61
local-20260824T081005,2026-08-24T08:14:00-05:00,2024045,CLASE TEORICA,(10) 2024045-10 Taller de proyectos interdisciplinarios,Oscar Andres Eraso Eraso,0,61
local-20260824T081005,2026-08-24T08:14:00-05:00,2024045,CLASE TEORICA,(11) 2024045-11 Taller de proyectos interdisciplinarios,No informado,0,61
local-20260824T081005,2026-08-24T08:14:00-05:00,2024045,CLASE TEORICA,(12) 2024045-12 Taller de proyectos interdisciplinarios,Hector Julian Garcia Otalora,199,61
local-20260824T081005,2026-08-24T08:14:00-05:00,2024045,CLASE TEORICA,(13) 2024045-13 Taller de proyectos interdisciplinarios,No informado,0,61
local-20260824T081005,2026-08-24T08:14:00-05:00,2024045,CLASE TEORICA,(14) 2024045-14 Taller de proyectos interdisciplinarios,Dolly Santos Barbosa,0,61
local-20260824T081005,2026-08-24T08:14:00-05:00,2024045,CLASE TEORICA,(15) 2024045-15 Taller de proyectos interdisciplinarios,Oscar Andres Eraso Eraso,0,61
local-20260824T081005,2026-08-24T08:14:00-05:00,2024045,CLASE TEORICA,(16) 2024045-16 Taller de proyectos interdisciplinarios,Luis Ignacio Rodriguez Varela,0,61
local-20260824T081005,2026-08-24T08:14:00-05:00,2024045,CLASE TEORICA,(17) 2024045-17 Taller de proyectos interdisciplinarios,JOHANA CATALINA MANOSALVA BARRERA,0,61
local-20260824T081005,2026-08-24T08:14:00-05:00,2024045,CLASE TEORICA,(18) 2024045-18 Taller de proyectos interdisciplinarios,Fernando Bernal Martinez,0,61
local-20260824T081005,2026-08-24T08:14:00-05:00,2024045,CLASE TEORICA,(19) 2024045-19 Taller de proyectos interdisciplinarios,FRANCISCO JAVIER VÁSQUEZ VÁSQUEZ,0,61
local-20260824T081005,2026-08-24T08:14:00-05:00,2024045,CLASE TEORICA,(2) 2024045-2 Taller de proyectos interdisciplinarios,Fernando Bernal Martinez,0,61
local-20260824T081005,2026-08-24T08:14:00-05:00,2024045,CLASE TEORICA,(21) 2024045-21 Taller de proyectos interdisciplinarios,No informado,0,61
local-20260824T081005,2026-08-24T08:14:00-05:00,2024045,CLASE TEORICA,(22) 2024045-22 Taller de proyectos interdisciplinarios,Ubaldo Garcia Zaragoza,0,61
local-20260824T081005,2026-08-24T08:14:00-05:00,2024045,CLASE TEORICA,(23) 2024045-23 Taller de proyectos interdisciplinarios,No informado,0,61
local-20260824T081005,2026-08-24T08:14:00-05:00,2024045,CLASE TEORICA,(24) 2024045-24 Taller de proyectos interdisciplinarios,Hector Julian Garcia Otalora,200,61
local-20260824T081005,2026-08-24T08:14:00-05:00,2024045,CLASE TEORICA,(3) 2024045-3 Taller de proyectos interdisciplinarios,Guillermo Alberto Rocha Casas,0,61
local-20260824T081005,2026-08-24T08:14:00-05:00,2024045,CLASE TEORICA,(4) 2024045-4 Taller de proyectos interdisciplinarios,Francy Nayely Prieto Novoa,0,61
local-20260824T081005,2026-08-24T08:14:00-05:00,2024045,CLASE TEORICA,(40) 2024045-40 TPI-- NO BORRAR-- BLOQ ESPACIOS,No informado,0,61
local-20260824T081005,2026-08-24T08:14:00-05:00,2024045,CLASE TEORICA,(5) 2024045-5 Taller de proyectos interdisciplinarios,Nubia Carmenza Moreno Sarmiento,0,61
local-20260824T081005,2026-08-24T08:14:00-05:00,2024045,CLASE TEORICA,(6) 2024045-6 Taller de proyectos interdisciplinarios,JOHANA CATALINA MANOSALVA BARRERA,0,61
local-20260824T081005,2026-08-24T08:14:00-05:00,2024045,CLASE TEORICA,(7) 2024045-7 Taller de proyectos interdisciplinarios,Ubaldo Garcia Zaragoza,0,61
local-20260824T081005,2026-08-24T08:14:00-05:00,2024045,CLASE TEORICA,(8) 2024045-8 Taller de proyectos interdisciplinarios,JHON FREDDY LOPEZ MEDINA,0,61
local-20260824T081005,2026-08-24T08:14:00-05:00,2024045,CLASE TEORICA,(9) 2024045-9 Taller de proyectos interdisciplinarios,Manuel Alejandro Mayorga Betancourt,0,61
local-20260824T081005,2026-08-24T08:14:02-05:00,2015296,NA,(1) Grupo 1,Leonardo David Donado Garzon,5,62
local-20260824T081005,2026-08-24T08:14:02-05:00,2015296,NA,(10) Grupo 10,Juan Manuel Lizarazo Marriaga,5,62
local-20260824T081005,2026-08-24T08:14:02-05:00,2015296,NA,(11) Grupo 11,Octavio Coronado Garcia,5,62
local-20260824T081005,2026-08-24T08:14:02-05:00,2015296,NA,(12) Grupo 12,Carol Andrea Murillo Feo,5,62
local-20260824T081005,2026-08-24T08:14:02-05:00,2015296,NA,(13) Grupo 13,CAMILO RIOS FRESNEDA,5,62
local-20260824T081005,2026-08-24T08:14:02-05:00,2015296,NA,(14) Grupo 14,William Castro Garcia,5,62
local-20260824T081005,2026-08-24T08:14:02-05:00,2015296,NA,(15) Grupo 15,Luis Alejandro Morales Marin,5,62
local-20260824T081005,2026-08-24T08:14:02-05:00,2015296,NA,(16) Grupo 16,Ferney Betancourt Cardozo,5,62
local-20260824T081005,2026-08-24T08:14:02-05:00,2015296,NA,(17) Grupo 17,Maria Alejandra Caicedo Londoño,5,62
local-20260824T081005,2026-08-24T08:14:02-05:00,2015296,NA,(18) Grupo 18,Guillermo Eduardo Avila Alvarez,5,62
local-20260824T081005,2026-08-24T08:14:02-05:00,2015296,NA,(19) Grupo 19,Carlos Alfonso Gomez Guacaneme,0,62
local-20260824T081005,2026-08-24T08:14:02-05:00,2015296,NA,(2) Grupo 2,Carlos Orlando Robles Roa,5,62
local-20260824T081005,2026-08-24T08:14:02-05:00,2015296,NA,(3) Grupo 3,Angela Barrera Puerto,5,62
local-20260824T081005,2026-08-24T08:14:02-05:00,2015296,NA,(4) Grupo 4,Mauricio Alberto Tapias Camacho,5,62
local-20260824T081005,2026-08-24T08:14:02-05:00,2015296,NA,(5) Grupo 5,Maritzabel Molina Herrera,5,62
local-20260824T081005,2026-08-24T08:14:02-05:00,2015296,NA,(6) Grupo 6,Rodolfo Rodriguez Baracaldo,5,62
local-20260824T081005,2026-08-24T08:14:02-05:00,2015296,NA,(7) Grupo 7,SANTIAGO RAMIREZ ECHEVERRI,5,62
local-20260824T081005,2026-08-24T08:14:02-05:00,2015296,NA,(8) Grupo 8,Jose Ricardo Martinez Vargas,5,62
local-20260824T081005,2026-08-24T08:14:02-05:00,2015296,NA,(9) Grupo 9,GABRIELA ARRIETA LOYO,5,62
local-20260824T081005,2026-08-24T08:14:03-05:00,2015299,CLASE TEORICA,(1) Grupo 1,GABRIELA ARRIETA LOYO,51,63
local-20260824T082816,2026-08-24T08:28:55-05:00,2015938,CLASE TEORICA,(1) Grupo 1,Maria Alejandra Caicedo Londoño,25,0
local-20260824T082816,2026-08-24T08:28:55-05:00,2015938,CLASE TEORICA,(2) Grupo 2,Maria Alejandra Caicedo Londoño,25,0
local-20260824T082816,2026-08-24T08:28:55-05:00,2015938,CLASE TEORICA,(3) Grupo 3,JOSE LUIS DIAZ AREVALO,23,0
local-20260824T082816,2026-08-24T08:28:55-05:00,2015938,CLASE TEORICA,(4) Grupo 4,JOSE LUIS DIAZ AREVALO,24,0
local-20260824T082816,2026-08-24T08:28:57-05:00,2015939,CLASE TEORICA,(1) Grupo 1,ALVARO MARTIN GUTIERREZ MALAXECHEBARRIA,24,1
local-20260824T082816,2026-08-24T08:28:57-05:00,2015939,CLASE TEORICA,(2) Grupo 2,ALVARO MARTIN GUTIERREZ MALAXECHEBARRIA,25,1
local-20260824T082816,2026-08-24T08:28:57-05:00,2015939,CLASE TEORICA,(3) Grupo 3,Edder Alexander Velandia Duran,25,1
local-20260824T082816,2026-08-24T08:28:57-05:00,2015939,CLASE TEORICA,(4) Grupo 4,No informado,25,1
local-20260824T082816,2026-08-24T08:28:57-05:00,2015939,CLASE TEORICA,(5) Grupo 5,No informado,0,1
local-20260824T082816,2026-08-24T08:29:01-05:00,1000003-B,NA,(1) Grupo 1,Erika Lorena Rosero Alzate; Oscar Andrés Rojas Sepúlveda,0,2
local-20260824T082816,2026-08-24T08:29:01-05:00,1000003-B,NA,(10) Grupo 10,Epifanio Lozano Ayala,8,2
local-20260824T082816,2026-08-24T08:29:01-05:00,1000003-B,NA,(11) Grupo 11,No informado,58,2
local-20260824T082816,2026-08-24T08:29:01-05:00,1000003-B,NA,(12) Grupo 12,No informado,40,2
local-20260824T082816,2026-08-24T08:29:01-05:00,1000003-B,NA,(13) Grupo 13,Mohammed EL AIDI,35,2
local-20260824T082816,2026-08-24T08:29:01-05:00,1000003-B,NA,(15) Grupo 15,Myriam Leonor Campos Florez,48,2
local-20260824T082816,2026-08-24T08:29:01-05:00,1000003-B,NA,(16) Grupo 16,No informado,57,2
local-20260824T082816,2026-08-24T08:29:01-05:00,1000003-B,NA,(17) Grupo 17,Martha Cecilia Moreno Penagos,0,2
local-20260824T082816,2026-08-24T08:29:01-05:00,1000003-B,NA,(18) Grupo 18,John Alexander Cruz Morales,52,2
local-20260824T082816,2026-08-24T08:29:01-05:00,1000003-B,NA,(20) Grupo 20,Natalia Camila Pinzon Cortes,50,2
local-20260824T082816,2026-08-24T08:29:01-05:00,1000003-B,NA,(21) Grupo 21,Ivon Andrea Dorado Correa,42,2
local-20260824T082816,2026-08-24T08:29:01-05:00,1000003-B,NA,(22) Grupo 22,No informado,45,2
local-20260824T082816,2026-08-24T08:29:01-05:00,1000003-B,NA,(3) Grupo 3,No informado,57,2
local-20260824T082816,2026-08-24T08:29:01-05:00,1000003-B,NA,(4) Grupo 4,Luis Alejandro Barbosa Torres,87,2
local-20260824T082816,2026-08-24T08:29:01-05:00,1000003-B,NA,(5) Grupo 5,Jaime David Mora Paz,0,2
local-20260824T082816,2026-08-24T08:29:01-05:00,1000003-B,NA,(7) Grupo 7,Myriam Leonor Campos Florez,35,2
local-20260824T082816,2026-08-24T08:29:01-05:00,1000003-B,NA,(8) Grupo 8,No informado,8,2
local-20260824T082816,2026-08-24T08:29:02-05:00,2015940,CLASE TEORICA,(1) Grupo 1,Maritzabel Molina Herrera,22,3
local-20260824T082816,2026-08-24T08:29:02-05:00,2015940,CLASE TEORICA,(2) Grupo 2,Gabriel Andres Bernal Granados,24,3
local-20260824T082816,2026-08-24T08:29:02-05:00,2015940,CLASE TEORICA,(3) Grupo 3,No informado,24,3
local-20260824T082816,2026-08-24T08:29:05-05:00,2015941,CLASE TEORICA,(1) Grupo 1,Patricia Luna Tamayo,30,4
local-20260824T082816,2026-08-24T08:29:05-05:00,2015941,CLASE TEORICA,(2) Grupo 2,No informado,30,4
local-20260824T082816,2026-08-24T08:29:05-05:00,2015941,CLASE TEORICA,(3) Grupo 3,Carlos Ramiro Vallecilla Bahena,30,4
local-20260824T082816,2026-08-24T08:29:05-05:00,2015941,CLASE TEORICA,(4) Grupo 4,No informado,30,4
local-20260824T082816,2026-08-24T08:29:17-05:00,1000004-B,NA,(10) Grupo 10,No informado,51,5
local-20260824T082816,2026-08-24T08:29:17-05:00,1000004-B,NA,(11) Grupo 11,No informado,22,5
local-20260824T082816,2026-08-24T08:29:17-05:00,1000004-B,NA,(12) Grupo 12,No informado,24,5
local-20260824T082816,2026-08-24T08:29:17-05:00,1000004-B,NA,(13) Grupo 13,No informado,8,5
local-20260824T082816,2026-08-24T08:29:17-05:00,1000004-B,NA,(14) Grupo 14,No informado,81,5
local-20260824T082816,2026-08-24T08:29:17-05:00,1000004-B,NA,(16) Grupo 16,No informado,25,5
local-20260824T082816,2026-08-24T08:29:17-05:00,1000004-B,NA,(17) Grupo 17,Hernan Garzon Gutierrez,13,5
local-20260824T082816,2026-08-24T08:29:17-05:00,1000004-B,NA,(19) Grupo 19,No informado,59,5
local-20260824T082816,2026-08-24T08:29:17-05:00,1000004-B,NA,(2) Grupo 2,No informado,23,5
local-20260824T082816,2026-08-24T08:29:17-05:00,1000004-B,NA,(20) Grupo 20,Hernan Garzon Gutierrez,0,5
local-20260824T082816,2026-08-24T08:29:17-05:00,1000004-B,NA,(21) Grupo 21,No informado,60,5
local-20260824T082816,2026-08-24T08:29:17-05:00,1000004-B,NA,(22) Grupo 22,No informado,60,5
local-20260824T082816,2026-08-24T08:29:17-05:00,1000004-B,NA,(24) Grupo 24,Ricardo Ariel Pastran Ramirez,52,5
local-20260824T082816,2026-08-24T08:29:17-05:00,1000004-B,NA,(25) Grupo 25,No informado,39,5
local-20260824T082816,2026-08-24T08:29:17-05:00,1000004-B,NA,(27) Grupo 27,No informado,51,5
local-20260824T082816,2026-08-24T08:29:17-05:00,1000004-B,NA,(28) Grupo 28,No informado,60,5
local-20260824T082816,2026-08-24T08:29:17-05:00,1000004-B,NA,(29) Grupo 29,No informado,60,5
local-20260824T082816,2026-08-24T08:29:17-05:00,1000004-B,NA,(30) Grupo 30,No informado,60,5
local-20260824T082816,2026-08-24T08:29:17-05:00,1000004-B,NA,(32) Grupo 32,No informado,87,5
local-20260824T082816,2026-08-24T08:29:17-05:00,1000004-B,NA,(4) Grupo 4,Myriam Leonor Campos Florez,34,5
local-20260824T082816,2026-08-24T08:29:17-05:00,1000004-B,NA,(5) Grupo 5,Oscar Javier Lopez Alfonso,79,5
local-20260824T082816,2026-08-24T08:29:17-05:00,1000004-B,NA,(7) Grupo 7,Anderson Arley Vera Arboleda,59,5
local-20260824T082816,2026-08-24T08:29:17-05:00,1000004-B,NA,(8) Grupo 8,No informado,40,5
local-20260824T082816,2026-08-24T08:29:17-05:00,1000004-B,NA,(9) Grupo 9,No informado,18,5
local-20260824T082816,2026-08-24T08:29:19-05:00,1000006-B,NA,(1) Grupo 1,No informado,38,6
local-20260824T082816,2026-08-24T08:29:19-05:00,1000006-B,NA,(10) Grupo 10,No informado,99,6
local-20260824T082816,2026-08-24T08:29:19-05:00,1000006-B,NA,(11) Grupo 11,No informado,40,6
local-20260824T082816,2026-08-24T08:29:19-05:00,1000006-B,NA,(12) Grupo 12,Leonid Lebedev,59,6
local-20260824T082816,2026-08-24T08:29:19-05:00,1000006-B,NA,(13) Grupo 13,Juan Carlos Hernandez Rincon,36,6
local-20260824T082816,2026-08-24T08:29:19-05:00,1000006-B,NA,(14) Grupo 14,No informado,58,6
local-20260824T082816,2026-08-24T08:29:19-05:00,1000006-B,NA,(15) Grupo 15,No informado,112,6
local-20260824T082816,2026-08-24T08:29:19-05:00,1000006-B,NA,(2) Grupo 2,EDIXON MANUEL ROJAS SANTANA,40,6
local-20260824T082816,2026-08-24T08:29:19-05:00,1000006-B,NA,(3) Grupo 3,Cesar Augusto Gomez Sierra,40,6
local-20260824T082816,2026-08-24T08:29:19-05:00,1000006-B,NA,(4) Grupo 4,Agustin Moreno Canadas,99,6
local-20260824T082816,2026-08-24T08:29:19-05:00,1000006-B,NA,(5) Grupo 5,German Eduardo Fonseca Buitrago,39,6
local-20260824T082816,2026-08-24T08:29:19-05:00,1000006-B,NA,(7) Grupo 7,No informado,70,6
local-20260824T082816,2026-08-24T08:29:19-05:00,1000006-B,NA,(8) Grupo 8,Epifanio Lozano Ayala,60,6
local-20260824T082816,2026-08-24T08:29:19-05:00,1000006-B,NA,(9) Grupo 9,Orlando Vanegas Canro,0,6
local-20260824T082816,2026-08-24T08:29:22-05:00,1000005-B,NA,(1) Grupo 1,Orlando Vanegas Canro,0,7
local-20260824T082816,2026-08-24T08:29:22-05:00,1000005-B,NA,(10) Grupo 10,Epifanio Lozano Ayala,44,7
local-20260824T082816,2026-08-24T08:29:22-05:00,1000005-B,NA,(14) Grupo 14,Mohammed EL AIDI,27,7
local-20260824T082816,2026-08-24T08:29:22-05:00,1000005-B,NA,(15) Grupo 15,Alina Fedosova,0,7
local-20260824T082816,2026-08-24T08:29:22-05:00,1000005-B,NA,(16) Grupo 16,No informado,65,7
local-20260824T082816,2026-08-24T08:29:22-05:00,1000005-B,NA,(17) Grupo 17,Hernan Garzon Gutierrez,16,7
local-20260824T082816,2026-08-24T08:29:22-05:00,1000005-B,NA,(2) Grupo 2,RENE ERLIN CASTILLO,39,7
local-20260824T082816,2026-08-24T08:29:22-05:00,1000005-B,NA,(20) Grupo 20,Franqui Solis Cardenas Poloche,38,7
local-20260824T082816,2026-08-24T08:29:22-05:00,1000005-B,NA,(22) Grupo 22,No informado,60,7
local-20260824T082816,2026-08-24T08:29:22-05:00,1000005-B,NA,(3) Grupo 3,Eduardo Cardenas Gomez,65,7
local-20260824T082816,2026-08-24T08:29:22-05:00,1000005-B,NA,(4) Grupo 4,Edward Samuel Becerra Rojas,56,7
local-20260824T082816,2026-08-24T08:29:22-05:00,1000005-B,NA,(6) Grupo 6,No informado,59,7
local-20260824T082816,2026-08-24T08:29:22-05:00,1000005-B,NA,(7) Grupo 7,Franqui Solis Cardenas Poloche,87,7
local-20260824T082816,2026-08-24T08:29:22-05:00,1000005-B,NA,(8) Grupo 8,No informado,39,7
local-20260824T082816,2026-08-24T08:29:22-05:00,1000005-B,NA,(9) Grupo 9,No informado,10,7
local-20260824T082816,2026-08-24T08:29:26-05:00,2015943,CLASE TEORICA,(1) Grupo 1,Carlos Orlando Robles Roa,15,9
local-20260824T082816,2026-08-24T08:29:35-05:00,2015944,CLASE TEORICA,(1) Grupo 1,SANTIAGO RAMIREZ ECHEVERRI,15,10
local-20260824T082816,2026-08-24T08:29:37-05:00,2015711,NA,(10) 2015711-10 Dibujo básico,Ariel Augusto Amaya Avila,0,11
local-20260824T082816,2026-08-24T08:29:37-05:00,2015711,NA,(11) 2015711-11 Dibujo básico,Cesar Augusto Bacca Gonzalez,0,11
local-20260824T082816,2026-08-24T08:29:37-05:00,2015711,NA,(14) 2015711-14 Dibujo básico,Cristian Felipe Morales Suárez,0,11
local-20260824T082816,2026-08-24T08:29:37-05:00,2015711,NA,(16) 2015711-16 Dibujo básico,DAVID FELIPE TORRES ARCE,0,11
local-20260824T082816,2026-08-24T08:29:37-05:00,2015711,NA,(4) 2015711-4 Dibujo básico,Cristian Felipe Morales Suárez,8,11
local-20260824T082816,2026-08-24T08:29:37-05:00,2015711,NA,(5) 2015711-5 Dibujo básico,Sebastian Achury Ortiz,0,11
local-20260824T082816,2026-08-24T08:29:37-05:00,2015711,NA,(7) 2015711-7 Dibujo básico,Cesar Augusto Bacca Gonzalez,20,11
local-20260824T082816,2026-08-24T08:29:37-05:00,2015711,NA,(8) 2015711-8 Dibujo básico,Miguel Angel Baquero Cortes,0,11
local-20260824T082816,2026-08-24T08:29:37-05:00,2015711,NA,(9) 2015711-9 Dibujo básico,EDWIN CAMILO REINA BELTRAN,0,11
local-20260824T082816,2026-08-24T08:29:39-05:00,2015948,CLASE TEORICA,(1) Grupo 1,No informado,29,12
local-20260824T082816,2026-08-24T08:29:39-05:00,2015948,CLASE TEORICA,(2) Grupo 2,Mauricio Alberto Tapias Camacho,30,12
local-20260824T082816,2026-08-24T08:29:39-05:00,2015948,CLASE TEORICA,(3) Grupo 3,No informado,29,12
local-20260824T082816,2026-08-24T08:29:41-05:00,2015950,CLASE TEORICA,(1) Grupo 1,No informado,25,13
local-20260824T082816,2026-08-24T08:29:41-05:00,2015950,CLASE TEORICA,(2) Grupo 2,No informado,0,13
local-20260824T082816,2026-08-24T08:29:41-05:00,2015950,CLASE TEORICA,(3) Grupo 3,Daniel Ricardo Lozano Monsalve,25,13
local-20260824T082816,2026-08-24T08:29:41-05:00,2015950,CLASE TEORICA,(4) Grupo 4,No informado,25,13
local-20260824T082816,2026-08-24T08:29:41-05:00,2015950,CLASE TEORICA,(5) Grupo 5,No informado,24,13
local-20260824T082816,2026-08-24T08:29:43-05:00,2015949,CLASE TEORICA,(1) Grupo 1,Mario Javier Cardozo Chaux,30,14
local-20260824T082816,2026-08-24T08:29:43-05:00,2015949,CLASE TEORICA,(2) Grupo 2,Wilson Ernesto Vargas Vargas,30,14
local-20260824T082816,2026-08-24T08:29:43-05:00,2015949,CLASE TEORICA,(3) Grupo 3,No informado,30,14
local-20260824T082816,2026-08-24T08:29:56-05:00,1000007-B,NA,(1) Grupo 1,German Eduardo Fonseca Buitrago,58,15
local-20260824T082816,2026-08-24T08:29:56-05:00,1000007-B,NA,(11) Grupo 11,Leonid Lebedev,57,15
local-20260824T082816,2026-08-24T08:29:56-05:00,1000007-B,NA,(12) Grupo 12,No informado,60,15
local-20260824T082816,2026-08-24T08:29:56-05:00,1000007-B,NA,(13) Grupo 13,Omar Duque Gomez,40,15
local-20260824T082816,2026-08-24T08:29:56-05:00,1000007-B,NA,(14) Grupo 14,No informado,100,15
local-20260824T082816,2026-08-24T08:29:56-05:00,1000007-B,NA,(3) Grupo 3,Serafin Bautista Diaz,39,15
local-20260824T082816,2026-08-24T08:29:56-05:00,1000007-B,NA,(4) Grupo 4,EDIXON MANUEL ROJAS SANTANA,59,15
local-20260824T082816,2026-08-24T08:29:56-05:00,1000007-B,NA,(6) Grupo 6,Alexander Caviedes Castro,50,15
local-20260824T082816,2026-08-24T08:29:56-05:00,1000007-B,NA,(7) Grupo 7,Oscar Guillermo Riaño Castañeda,40,15
local-20260824T082816,2026-08-24T08:29:56-05:00,1000007-B,NA,(9) Grupo 9,Orlando Vanegas Canro,0,15
local-20260824T082816,2026-08-24T08:29:58-05:00,2026134,CLASE TEORICA,(1) Grupo 1,No informado,0,16
local-20260824T082816,2026-08-24T08:29:58-05:00,2026134,CLASE TEORICA,(2) Grupo 2,Juan Manuel Lizarazo Marriaga,28,16
local-20260824T082816,2026-08-24T08:29:58-05:00,2026134,CLASE TEORICA,(3) Grupo 3,Maritzabel Molina Herrera,30,16
local-20260824T082816,2026-08-24T08:29:58-05:00,2026134,CLASE TEORICA,(4) Grupo 4,Carlos Ramiro Vallecilla Bahena,29,16
local-20260824T082816,2026-08-24T08:29:58-05:00,2026134,CLASE TEORICA,(5) Grupo 5,Fernando Lozano Osorno,29,16
local-20260824T082816,2026-08-24T08:29:58-05:00,2026134,CLASE TEORICA,(6) Grupo 6,No informado,30,16
local-20260824T082816,2026-08-24T08:29:59-05:00,2015954,CLASE TEORICA,(1) Grupo 1,Erasmo Alfredo Rodriguez Sandoval,30,17
local-20260824T082816,2026-08-24T08:29:59-05:00,2015954,CLASE TEORICA,(2) Grupo 2,Mario Enrique Moreno Castiblanco,29,17
local-20260824T082816,2026-08-24T08:29:59-05:00,2015954,CLASE TEORICA,(3) Grupo 3,Luis Alejandro Morales Marin,30,17
local-20260824T082816,2026-08-24T08:30:01-05:00,2015955,CLASE TEORICA,(1) Grupo 1,Giovanni Andres Cortes Tovar,30,18
local-20260824T082816,2026-08-24T08:30:01-05:00,2015955,CLASE TEORICA,(2) Grupo 2,Angela Barrera Puerto,30,18
local-20260824T082816,2026-08-24T08:30:01-05:00,2015955,CLASE TEORICA,(3) Grupo 3,Giovanni Andres Cortes Tovar,30,18
local-20260824T082816,2026-08-24T08:30:03-05:00,1000011-B,CLASE TEORICA,(1) Grupo 1,Ernesto Javier Puertas Dellepianes,118,19
local-20260824T082816,2026-08-24T08:30:03-05:00,1000011-B,CLASE TEORICA,(3) Grupo 3,Néstor Fernando Perez Buitrago,10,19
local-20260824T082816,2026-08-24T08:30:19-05:00,1000019-B,CLASE LABORATORIO,(1) Grupo 1,Gustavo Martinez Tamayo,16,20
local-20260824T082816,2026-08-24T08:30:19-05:00,1000019-B,CLASE LABORATORIO,(10) Grupo 10,No informado,10,20
local-20260824T082816,2026-08-24T08:30:19-05:00,1000019-B,CLASE LABORATORIO,(11) Grupo 11,EVER DAVID ALCALA CAJAR,25,20
local-20260824T082816,2026-08-24T08:30:19-05:00,1000019-B,CLASE LABORATORIO,(12) Grupo 12,FABIAN FELIPE QUEVEDO FARIETA,22,20
local-20260824T082816,2026-08-24T08:30:19-05:00,1000019-B,CLASE LABORATORIO,(13) Grupo 13,Alvaro Marino Camargo,16,20
local-20260824T082816,2026-08-24T08:30:19-05:00,1000019-B,CLASE LABORATORIO,(14) Grupo 14,Alvaro Marino Camargo,31,20
local-20260824T082816,2026-08-24T08:30:19-05:00,1000019-B,CLASE LABORATORIO,(15) Grupo 15,JULIAN MATEO DE MENDOZA GUTIERREZ,23,20
local-20260824T082816,2026-08-24T08:30:19-05:00,1000019-B,CLASE LABORATORIO,(16) Grupo 16,Alvaro Marino Camargo,34,20
local-20260824T082816,2026-08-24T08:30:19-05:00,1000019-B,CLASE LABORATORIO,(17) Grupo 17,JULIAN MATEO DE MENDOZA GUTIERREZ,30,20
local-20260824T082816,2026-08-24T08:30:19-05:00,1000019-B,CLASE LABORATORIO,(18) Grupo 18,Jaime Villalobos Velasco,28,20
local-20260824T082816,2026-08-24T08:30:19-05:00,1000019-B,CLASE LABORATORIO,(19) Grupo 19,JULY PAOLA GARZÓN LOPEZ,31,20
local-20260824T082816,2026-08-24T08:30:19-05:00,1000019-B,CLASE LABORATORIO,(2) Grupo 2,Gustavo Martinez Tamayo,29,20
local-20260824T082816,2026-08-24T08:30:19-05:00,1000019-B,CLASE LABORATORIO,(20) Grupo 20,JOSE ALFREDO GOMEZ MATEUS,33,20
local-20260824T082816,2026-08-24T08:30:19-05:00,1000019-B,CLASE LABORATORIO,(21) Grupo 21,Pedro Hernan Sanchez Machet,27,20
local-20260824T082816,2026-08-24T08:30:19-05:00,1000019-B,CLASE LABORATORIO,(22) Grupo 22,Pedro Hernan Sanchez Machet,34,20
local-20260824T082816,2026-08-24T08:30:19-05:00,1000019-B,CLASE LABORATORIO,(23) Grupo 23,Pedro Hernan Sanchez Machet,35,20
local-20260824T082816,2026-08-24T08:30:19-05:00,1000019-B,CLASE LABORATORIO,(24) Grupo 24,Pedro Hernan Sanchez Machet,31,20
local-20260824T082816,2026-08-24T08:30:19-05:00,1000019-B,CLASE LABORATORIO,(25) Grupo 25,Plinio Del Carmen Teheran Sermeno,29,20
local-20260824T082816,2026-08-24T08:30:19-05:00,1000019-B,CLASE LABORATORIO,(26) Grupo 26 (VIRTUAL),Plinio Del Carmen Teheran Sermeno,47,20
local-20260824T082816,2026-08-24T08:30:19-05:00,1000019-B,CLASE LABORATORIO,(27) Grupo 27 (VIRTUAL),Plinio Del Carmen Teheran Sermeno,48,20
local-20260824T082816,2026-08-24T08:30:19-05:00,1000019-B,CLASE LABORATORIO,(28) Grupo 28 (VIRTUAL),Plinio Del Carmen Teheran Sermeno,47,20
local-20260824T082816,2026-08-24T08:30:19-05:00,1000019-B,CLASE LABORATORIO,(29) Grupo 29 (VIRTUAL),Plinio Del Carmen Teheran Sermeno,46,20
local-20260824T082816,2026-08-24T08:30:19-05:00,1000019-B,CLASE LABORATORIO,(3) Grupo 3,Gustavo Martinez Tamayo,32,20
local-20260824T082816,2026-08-24T08:30:19-05:00,1000019-B,CLASE LABORATORIO,(4) Grupo 4,No informado,33,20
local-20260824T082816,2026-08-24T08:30:19-05:00,1000019-B,CLASE LABORATORIO,(5) Grupo 5,FABIAN FELIPE QUEVEDO FARIETA,29,20
local-20260824T082816,2026-08-24T08:30:19-05:00,1000019-B,CLASE LABORATORIO,(6) Grupo 6,Jaime Villalobos Velasco,30,20
local-20260824T082816,2026-08-24T08:30:19-05:00,1000019-B,CLASE LABORATORIO,(7) Grupo 7,Jaime Villalobos Velasco,28,20
local-20260824T082816,2026-08-24T08:30:19-05:00,1000019-B,CLASE LABORATORIO,(8) Grupo 8,Alvaro Marino Camargo,31,20
local-20260824T082816,2026-08-24T08:30:19-05:00,1000019-B,CLASE LABORATORIO,(9) Grupo 9,Erika Lorena Rosero Alzate,0,20
local-20260824T082816,2026-08-24T08:30:19-05:00,1000019-B,CLASE TALLER,(1) Grupo 1,FABIAN FELIPE QUEVEDO FARIETA,16,20
local-20260824T082816,2026-08-24T08:30:19-05:00,1000019-B,CLASE TALLER,(10) Grupo 10,FABIAN FELIPE QUEVEDO FARIETA,10,20
local-20260824T082816,2026-08-24T08:30:19-05:00,1000019-B,CLASE TALLER,(11) Grupo 11,JULIAN MATEO DE MENDOZA GUTIERREZ,25,20
local-20260824T082816,2026-08-24T08:30:19-05:00,1000019-B,CLASE TALLER,(12) Grupo 12,EVER DAVID ALCALA CAJAR,22,20
local-20260824T082816,2026-08-24T08:30:19-05:00,1000019-B,CLASE TALLER,(13) Grupo 13,MIGUEL ENRIQUE GÁMEZ LÓPEZ,16,20
local-20260824T082816,2026-08-24T08:30:19-05:00,1000019-B,CLASE TALLER,(14) Grupo 14,No informado,31,20
local-20260824T082816,2026-08-24T08:30:19-05:00,1000019-B,CLASE TALLER,(15) Grupo 15,EVER DAVID ALCALA CAJAR,23,20
local-20260824T082816,2026-08-24T08:30:19-05:00,1000019-B,CLASE TALLER,(16) Grupo 16,Edna Carolina Pinilla Beltran,34,20
local-20260824T082816,2026-08-24T08:30:19-05:00,1000019-B,CLASE TALLER,(17) Grupo 17,Jereson Silva Valencia,30,20
local-20260824T082816,2026-08-24T08:30:19-05:00,1000019-B,CLASE TALLER,(18) Grupo 18,Jereson Silva Valencia,28,20
local-20260824T082816,2026-08-24T08:30:19-05:00,1000019-B,CLASE TALLER,(19) Grupo 19,Jereson Silva Valencia,31,20
local-20260824T082816,2026-08-24T08:30:19-05:00,1000019-B,CLASE TALLER,(2) Grupo 2,Gustavo Martinez Tamayo,29,20
local-20260824T082816,2026-08-24T08:30:19-05:00,1000019-B,CLASE TALLER,(20) Grupo 20,Jereson Silva Valencia,33,20
local-20260824T082816,2026-08-24T08:30:19-05:00,1000019-B,CLASE TALLER,(21) Grupo 21,JOSE ALFREDO GOMEZ MATEUS,27,20
local-20260824T082816,2026-08-24T08:30:19-05:00,1000019-B,CLASE TALLER,(22) Grupo 22,JULY PAOLA GARZÓN LOPEZ,34,20
local-20260824T082816,2026-08-24T08:30:19-05:00,1000019-B,CLASE TALLER,(23) Grupo 23,Edna Carolina Pinilla Beltran,35,20
local-20260824T082816,2026-08-24T08:30:19-05:00,1000019-B,CLASE TALLER,(24) Grupo 24,Diego Alejandro Torres Galindo,31,20
local-20260824T082816,2026-08-24T08:30:19-05:00,1000019-B,CLASE TALLER,(25) Grupo 25,Plinio Del Carmen Teheran Sermeno,29,20
local-20260824T082816,2026-08-24T08:30:19-05:00,1000019-B,CLASE TALLER,(26) Grupo 26 (VIRTUAL),Plinio Del Carmen Teheran Sermeno,47,20
local-20260824T082816,2026-08-24T08:30:19-05:00,1000019-B,CLASE TALLER,(27) Grupo 27 (VIRTUAL),Plinio Del Carmen Teheran Sermeno,48,20
local-20260824T082816,2026-08-24T08:30:19-05:00,1000019-B,CLASE TALLER,(28) Grupo 28 (VIRTUAL),Plinio Del Carmen Teheran Sermeno,47,20
local-20260824T082816,2026-08-24T08:30:19-05:00,1000019-B,CLASE TALLER,(29) Grupo 29 (VIRTUAL),Plinio Del Carmen Teheran Sermeno,46,20
local-20260824T082816,2026-08-24T08:30:19-05:00,1000019-B,CLASE TALLER,(3) Grupo 3,Gustavo Martinez Tamayo,32,20
local-20260824T082816,2026-08-24T08:30:19-05:00,1000019-B,CLASE TALLER,(4) Grupo 4,Jaime Villalobos Velasco,33,20
local-20260824T082816,2026-08-24T08:30:19-05:00,1000019-B,CLASE TALLER,(5) Grupo 5,Jaime Villalobos Velasco,29,20
local-20260824T082816,2026-08-24T08:30:19-05:00,1000019-B,CLASE TALLER,(6) Grupo 6,Ramiro Cardona Cardona,30,20
local-20260824T082816,2026-08-24T08:30:19-05:00,1000019-B,CLASE TALLER,(7) Grupo 7,Ramiro Cardona Cardona,28,20
local-20260824T082816,2026-08-24T08:30:19-05:00,1000019-B,CLASE TALLER,(8) Grupo 8,Edna Carolina Pinilla Beltran,31,20
local-20260824T082816,2026-08-24T08:30:19-05:00,1000019-B,CLASE TALLER,(9) Grupo 9,No informado,7,20
local-20260824T082816,2026-08-24T08:30:19-05:00,1000019-B,CLASE MAGISTRAL,(16) Gruop 16,Erika Lorena Rosero Alzate; Daniel Camilo Padilla González,8,20
local-20260824T082816,2026-08-24T08:30:19-05:00,1000019-B,CLASE MAGISTRAL,(1) Grupo 1,Gustavo Martinez Tamayo,16,20
local-20260824T082816,2026-08-24T08:30:19-05:00,1000019-B,CLASE MAGISTRAL,(10) Grupo 10,Ovidio Amado Almanza Montero,10,20
local-20260824T082816,2026-08-24T08:30:19-05:00,1000019-B,CLASE MAGISTRAL,(11) Grupo 11,Ovidio Amado Almanza Montero,25,20
local-20260824T082816,2026-08-24T08:30:19-05:00,1000019-B,CLASE MAGISTRAL,(12) Grupo 12,Ovidio Amado Almanza Montero,22,20
local-20260824T082816,2026-08-24T08:30:19-05:00,1000019-B,CLASE MAGISTRAL,(13) Grupo 13,Jaime Villalobos Velasco,16,20
local-20260824T082816,2026-08-24T08:30:19-05:00,1000019-B,CLASE MAGISTRAL,(14) Grupo 14,Jaime Villalobos Velasco,31,20
local-20260824T082816,2026-08-24T08:30:19-05:00,1000019-B,CLASE MAGISTRAL,(15) Grupo 15,Jaime Villalobos Velasco,23,20
local-20260824T082816,2026-08-24T08:30:19-05:00,1000019-B,CLASE MAGISTRAL,(17) Grupo 17,Jereson Silva Valencia,30,20
local-20260824T082816,2026-08-24T08:30:19-05:00,1000019-B,CLASE MAGISTRAL,(18) Grupo 18,Jereson Silva Valencia,28,20
local-20260824T082816,2026-08-24T08:30:19-05:00,1000019-B,CLASE MAGISTRAL,(19) Grupo 19,Jereson Silva Valencia,31,20
local-20260824T082816,2026-08-24T08:30:19-05:00,1000019-B,CLASE MAGISTRAL,(2) Grupo 2,Gustavo Martinez Tamayo,29,20
local-20260824T082816,2026-08-24T08:30:19-05:00,1000019-B,CLASE MAGISTRAL,(20) Grupo 20,Jereson Silva Valencia,33,20
local-20260824T082816,2026-08-24T08:30:19-05:00,1000019-B,CLASE MAGISTRAL,(21) Grupo 21,Diego Alejandro Torres Galindo,27,20
local-20260824T082816,2026-08-24T08:30:19-05:00,1000019-B,CLASE MAGISTRAL,(22) Grupo 22,Diego Alejandro Torres Galindo,34,20
local-20260824T082816,2026-08-24T08:30:19-05:00,1000019-B,CLASE MAGISTRAL,(23) Grupo 23,Diego Alejandro Torres Galindo,35,20
local-20260824T082816,2026-08-24T08:30:19-05:00,1000019-B,CLASE MAGISTRAL,(24) Grupo 24,Diego Alejandro Torres Galindo,31,20
local-20260824T082816,2026-08-24T08:30:19-05:00,1000019-B,CLASE MAGISTRAL,(25) Grupo 25,Plinio Del Carmen Teheran Sermeno,29,20
local-20260824T082816,2026-08-24T08:30:19-05:00,1000019-B,CLASE MAGISTRAL,(26) Grupo 26 (VIRTUAL),Plinio Del Carmen Teheran Sermeno,47,20
local-20260824T082816,2026-08-24T08:30:19-05:00,1000019-B,CLASE MAGISTRAL,(27) Grupo 27 (VIRTUAL),Plinio Del Carmen Teheran Sermeno,48,20
local-20260824T082816,2026-08-24T08:30:19-05:00,1000019-B,CLASE MAGISTRAL,(28) Grupo 28 (VIRTUAL),Plinio Del Carmen Teheran Sermeno,47,20
local-20260824T082816,2026-08-24T08:30:19-05:00,1000019-B,CLASE MAGISTRAL,(29) Grupo 29 (VIRTUAL),Plinio Del Carmen Teheran Sermeno,46,20
local-20260824T082816,2026-08-24T08:30:19-05:00,1000019-B,CLASE MAGISTRAL,(3) Grupo 3,Gustavo Martinez Tamayo,32,20
local-20260824T082816,2026-08-24T08:30:19-05:00,1000019-B,CLASE MAGISTRAL,(4) Grupo 4,Gustavo Martinez Tamayo,33,20
local-20260824T082816,2026-08-24T08:30:19-05:00,1000019-B,CLASE MAGISTRAL,(5) Grupo 5,Ramiro Cardona Cardona,29,20
local-20260824T082816,2026-08-24T08:30:19-05:00,1000019-B,CLASE MAGISTRAL,(6) Grupo 6,Ramiro Cardona Cardona,30,20
local-20260824T082816,2026-08-24T08:30:19-05:00,1000019-B,CLASE MAGISTRAL,(7) Grupo 7,Ramiro Cardona Cardona,28,20
local-20260824T082816,2026-08-24T08:30:19-05:00,1000019-B,CLASE MAGISTRAL,(8) Grupo 8,Ramiro Cardona Cardona,31,20
local-20260824T082816,2026-08-24T08:30:19-05:00,1000019-B,CLASE MAGISTRAL,(9) Grupo 9,Fredy Angel Jimenez Giraldo,7,20
local-20260824T082816,2026-08-24T08:30:23-05:00,2015956,CLASE TEORICA,(1) Grupo 1,Modesto Portilla Gamboa; Fernando Eli Romero Ordoñez,35,21
local-20260824T082816,2026-08-24T08:30:23-05:00,2015956,CLASE TEORICA,(2) Grupo 2,Jennifer Angel Amaya,30,21
local-20260824T082816,2026-08-24T08:30:23-05:00,2015956,CLASE TEORICA,(3) Grupo 3,Jennifer Angel Amaya,30,21
local-20260824T082816,2026-08-24T08:30:23-05:00,2015956,CLASE TEORICA,(4) Grupo 4,Fernando Eli Romero Ordoñez; Modesto Portilla Gamboa,35,21
local-20260824T082816,2026-08-24T08:30:25-05:00,2015957,CLASE PRACTICA,(1) Grupo 1,No informado,30,22
local-20260824T082816,2026-08-24T08:30:25-05:00,2015957,CLASE PRACTICA,(2) Grupo 2,Samuel Fernando Mesa Giraldo,30,22
local-20260824T082816,2026-08-24T08:30:25-05:00,2015957,CLASE PRACTICA,(3) Grupo 3,Rose Marie Aldana Boutin,29,22
local-20260824T082816,2026-08-24T08:30:25-05:00,2015957,CLASE PRACTICA,(4) Grupo 4,Rose Marie Aldana Boutin,30,22
local-20260824T082816,2026-08-24T08:30:28-05:00,2015958,CLASE PRACTICA,(1) Grupo 1,William Castro Garcia,17,23
local-20260824T082816,2026-08-24T08:30:28-05:00,2015958,CLASE PRACTICA,(2) Grupo 2,William Castro Garcia,17,23
local-20260824T082816,2026-08-24T08:30:28-05:00,2015958,CLASE PRACTICA,(3) Grupo 3,Carlos Alfonso Gomez Guacaneme,30,23
local-20260824T082816,2026-08-24T08:30:28-05:00,2015958,CLASE PRACTICA,(4) Grupo 4,Mario Arturo Rincon Villalba,20,23
local-20260824T082816,2026-08-24T08:30:28-05:00,2015958,CLASE PRACTICA,(5) Grupo 5,Mario Arturo Rincon Villalba,20,23
local-20260824T082816,2026-08-24T08:30:28-05:00,2015958,CLASE PRACTICA,(6) Grupo 6,Fausto Alejandro Silva España,18,23
local-20260824T082816,2026-08-24T08:30:28-05:00,2015958,CLASE PRACTICA,(7) Grupo 7,Fausto Alejandro Silva España,18,23
local-20260824T082816,2026-08-24T08:30:28-05:00,2015958,CLASE PRACTICA,(8) Grupo 8,Fausto Alejandro Silva España,20,23
local-20260824T082816,2026-08-24T08:30:28-05:00,2015958,CLASE PRACTICA,(9) Grupo 9,Fausto Alejandro Silva España,20,23
local-20260824T082816,2026-08-24T08:30:28-05:00,2015958,CLASE TEORICA,(1) Grupo 1,William Castro Garcia,34,23
local-20260824T082816,2026-08-24T08:30:28-05:00,2015958,CLASE TEORICA,(3) Grupo 3,Carlos Alfonso Gomez Guacaneme,30,23
local-20260824T082816,2026-08-24T08:30:28-05:00,2015958,CLASE TEORICA,(4) Grupo 4,Mario Arturo Rincon Villalba,40,23
local-20260824T082816,2026-08-24T08:30:28-05:00,2015958,CLASE TEORICA,(6) Grupo 6,Cesar Andres Cortes Bello,36,23
local-20260824T082816,2026-08-24T08:30:28-05:00,2015958,CLASE TEORICA,(8) Grupo 8,Cesar Andres Cortes Bello,40,23
local-20260824T082816,2026-08-24T08:30:29-05:00,2015959,CLASE TEORICA,(1) Grupo 1,Carlos Eduardo Rodriguez Pineda,30,24
local-20260824T082816,2026-08-24T08:30:29-05:00,2015959,CLASE TEORICA,(2) Grupo 2,Guillermo Eduardo Avila Alvarez,28,24
local-20260824T082816,2026-08-24T08:30:29-05:00,2015959,CLASE TEORICA,(3) Grupo 3,Livaniel Viveros Rosero,29,24
local-20260824T082816,2026-08-24T08:30:29-05:00,2015959,CLASE TEORICA,(4) Grupo 4,No informado,0,24
local-20260824T082816,2026-08-24T08:30:41-05:00,2022760,NA,(1) Grupo 1,No informado,15,25
local-20260824T082816,2026-08-24T08:30:43-05:00,2015961,CLASE TEORICA,(1) Grupo 1,Rafael Orland Ortiz Mosquera,24,26
local-20260824T082816,2026-08-24T08:30:43-05:00,2015961,CLASE TEORICA,(2) Grupo 2,Adriana Patricia Piña Fulano,24,26
local-20260824T082816,2026-08-24T08:30:43-05:00,2015961,CLASE TEORICA,(3) Grupo 3,Gelber Norberto Gutierrez Palacios,24,26
local-20260824T082816,2026-08-24T08:30:43-05:00,2015961,CLASE TEORICA,(4) Grupo 4,No informado,24,26
local-20260824T082816,2026-08-24T08:30:43-05:00,2015961,CLASE TEORICA,(5) Grupo 5,No informado,24,26
local-20260824T082816,2026-08-24T08:30:43-05:00,2015961,CLASE TEORICA,(6) Grupo 6,Leonardo David Donado Garzon,24,26
local-20260824T082816,2026-08-24T08:30:47-05:00,2015978,CLASE TEORICA,(1) Grupo 1,No informado,0,27
local-20260824T082816,2026-08-24T08:30:47-05:00,2015978,CLASE TEORICA,(2) Grupo 2,Erasmo Alfredo Rodriguez Sandoval,30,27
local-20260824T082816,2026-08-24T08:30:47-05:00,2015978,CLASE TEORICA,(3) Grupo 3,No informado,30,27
local-20260824T082816,2026-08-24T08:30:47-05:00,2015978,CLASE TEORICA,(4) Grupo 4,No informado,30,27
local-20260824T082816,2026-08-24T08:30:47-05:00,2015978,CLASE TEORICA,(5) Grupo 5,No informado,30,27
local-20260824T082816,2026-08-24T08:30:49-05:00,2026135,CLASE TEORICA,(1) Grupo 1,NICOLAS ESCALANTE MORA,25,28
local-20260824T082816,2026-08-24T08:30:49-05:00,2026135,CLASE TEORICA,(2) Grupo 2,Leonel Vega Mora,25,28
local-20260824T082816,2026-08-24T08:30:49-05:00,2026135,CLASE TEORICA,(3) Grupo 3,Leonel Vega Mora,25,28
local-20260824T082816,2026-08-24T08:30:52-05:00,2015963,CLASE TEORICA,(1) Grupo 1,No informado,28,29
local-20260824T082816,2026-08-24T08:30:52-05:00,2015963,CLASE TEORICA,(2) Grupo 2,No informado,29,29
local-20260824T082816,2026-08-24T08:30:52-05:00,2015963,CLASE TEORICA,(3) Grupo 3,William Castro Garcia,28,29
local-20260824T082816,2026-08-24T08:31:02-05:00,2026138,CLASE TEORICA,(1) Grupo 1,Ivan Dario Serrano Arrieta,30,30
local-20260824T082816,2026-08-24T08:31:02-05:00,2026138,CLASE TEORICA,(2) Grupo 2,Ivan Dario Serrano Arrieta,29,30
local-20260824T082816,2026-08-24T08:31:02-05:00,2026138,CLASE TEORICA,(3) Grupo 3,Pedro Luis Jimenez Poveda,30,30
local-20260824T082816,2026-08-24T08:31:04-05:00,2015703,NA,(1) Grupo 1,Angela Maria Arboleda Restrepo,40,31
local-20260824T082816,2026-08-24T08:31:04-05:00,2015703,NA,(10) Grupo 10,Diego Alejandro Hernandez Castañeda,30,31
local-20260824T082816,2026-08-24T08:31:04-05:00,2015703,NA,(11) Grupo 11,Julio Cesar Cañon Rodriguez,29,31
local-20260824T082816,2026-08-24T08:31:04-05:00,2015703,NA,(2) Grupo 2,Osman Benjamin Giovanny Vargas Rozo,39,31
local-20260824T082816,2026-08-24T08:31:04-05:00,2015703,NA,(3) Grupo 3,Hugo Alberto Herrera Fonseca,39,31
local-20260824T082816,2026-08-24T08:31:04-05:00,2015703,NA,(4) Grupo 4,LINA JULIANA BULLA CASAS,29,31
local-20260824T082816,2026-08-24T08:31:04-05:00,2015703,NA,(5) Grupo 5 - Virtual,Cesar Augusto Roa Lemus,60,31
local-20260824T082816,2026-08-24T08:31:04-05:00,2015703,NA,(6) Grupo 6,JAVIER RICARDO OJEDA SANCHEZ,39,31
local-20260824T082816,2026-08-24T08:31:04-05:00,2015703,NA,(7) Grupo 7,JAVIER RICARDO OJEDA SANCHEZ,39,31
local-20260824T082816,2026-08-24T08:31:04-05:00,2015703,NA,(8) Grupo 8,Diego Alejandro Hernandez Castañeda,39,31
local-20260824T082816,2026-08-24T08:31:04-05:00,2015703,NA,(9) Grupo 9,LINA JULIANA BULLA CASAS,35,31
local-20260824T082816,2026-08-24T08:31:06-05:00,1000044-B,CLASE TEORICA,(1) Grupo 1,Beatriz Elena Urrutia Sanchez,24,32
local-20260824T082816,2026-08-24T08:31:06-05:00,1000044-B,CLASE TEORICA,(2) Grupo 2,Yaneli Niño Osorio,24,32
local-20260824T082816,2026-08-24T08:31:06-05:00,1000044-B,CLASE TEORICA,(3) Grupo 3,Luis Gabriel Peña Ortiz,23,32
local-20260824T082816,2026-08-24T08:31:06-05:00,1000044-B,CLASE TEORICA,(4) Grupo 4,Liliana Marcela Guzman Aricapa,19,32
local-20260824T082816,2026-08-24T08:31:06-05:00,1000044-B,CLASE TEORICA,(5) Grupo 5,Beatriz Elena Urrutia Sanchez,21,32
local-20260824T082816,2026-08-24T08:31:06-05:00,1000044-B,CLASE TEORICA,(6) Grupo 6,Cesar Augusto Romero,19,32
local-20260824T082816,2026-08-24T08:31:06-05:00,1000044-B,CLASE TEORICA,(7) Grupo 7,JOSE JONATHAN MAESTRE HERRERA,23,32
local-20260824T082816,2026-08-24T08:31:06-05:00,1000044-B,CLASE TEORICA,(8) Grupo 8,Beymar Leonardo Solorzano Alviz,25,32
local-20260824T082816,2026-08-24T08:31:06-05:00,1000044-B,CLASE TEORICA,(9) Grupo 9,Claudia Marcela Arevalo Gomez,0,32
local-20260824T082816,2026-08-24T08:31:08-05:00,1000045-B,CLASE TEORICA,(1) Grupo 1,Claudia Marcela Arevalo Gomez,3,33
local-20260824T082816,2026-08-24T08:31:08-05:00,1000045-B,CLASE TEORICA,(10) Grupo 10,Jesica paola Rendon Alfonso,18,33
local-20260824T082816,2026-08-24T08:31:08-05:00,1000045-B,CLASE TEORICA,(11) Grupo 11,JOSE JONATHAN MAESTRE HERRERA,21,33
local-20260824T082816,2026-08-24T08:31:08-05:00,1000045-B,CLASE TEORICA,(12) Grupo 12,LINDA JOHANA RUIZ GOMEZ,21,33
local-20260824T082816,2026-08-24T08:31:08-05:00,1000045-B,CLASE TEORICA,(13) Grupo 13,Narly Yadira Pardo Cadena,24,33
local-20260824T082816,2026-08-24T08:31:08-05:00,1000045-B,CLASE TEORICA,(14) Grupo 14,Angelica Saenz Fonseca,23,33
local-20260824T082816,2026-08-24T08:31:08-05:00,1000045-B,CLASE TEORICA,(15) Grupo 15,Narly Yadira Pardo Cadena,25,33
local-20260824T082816,2026-08-24T08:31:08-05:00,1000045-B,CLASE TEORICA,(16) Grupo 16,Luis Gabriel Peña Ortiz,21,33
local-20260824T082816,2026-08-24T08:31:08-05:00,1000045-B,CLASE TEORICA,(2) Grupo 2,Cesar Augusto Romero,23,33
local-20260824T082816,2026-08-24T08:31:08-05:00,1000045-B,CLASE TEORICA,(3) Grupo 3,Jesica paola Rendon Alfonso,25,33
local-20260824T082816,2026-08-24T08:31:08-05:00,1000045-B,CLASE TEORICA,(4) Grupo 4,Adriana Marlen Sanchez Riaño,24,33
local-20260824T082816,2026-08-24T08:31:08-05:00,1000045-B,CLASE TEORICA,(5) Grupo 5,Cesar Augusto Romero,24,33
local-20260824T082816,2026-08-24T08:31:08-05:00,1000045-B,CLASE TEORICA,(6) Grupo 6,Sara Elisa Monsalve Patino,25,33
local-20260824T082816,2026-08-24T08:31:08-05:00,1000045-B,CLASE TEORICA,(7) Grupo 7,Luis Gabriel Peña Ortiz,24,33
local-20260824T082816,2026-08-24T08:31:08-05:00,1000045-B,CLASE TEORICA,(8) Grupo 8,Johnatan Martinez Hernandez,21,33
local-20260824T082816,2026-08-24T08:31:08-05:00,1000045-B,CLASE TEORICA,(9) Grupo 9,Maureen Elizabeth Hooker Oneill,13,33
local-20260824T082816,2026-08-24T08:31:22-05:00,1000046-B,CLASE TEORICA,(1) Grupo 1,Johnatan Martinez Hernandez,23,35
local-20260824T082816,2026-08-24T08:31:22-05:00,1000046-B,CLASE TEORICA,(10) Grupo 10,Jennly Angelica Gomez Rodriguez,26,35
local-20260824T082816,2026-08-24T08:31:22-05:00,1000046-B,CLASE TEORICA,(11) Grupo 11,Angelica Saenz Fonseca,23,35
local-20260824T082816,2026-08-24T08:31:22-05:00,1000046-B,CLASE TEORICA,(12) Grupo 12,Liliana Marcela Guzman Aricapa,25,35
local-20260824T082816,2026-08-24T08:31:22-05:00,1000046-B,CLASE TEORICA,(13) Grupo 13,ALBA LUCIA RIAÑO RODRIGUEZ,25,35
local-20260824T082816,2026-08-24T08:31:22-05:00,1000046-B,CLASE TEORICA,(14) Grupo 14,Angelica Saenz Fonseca,26,35
local-20260824T082816,2026-08-24T08:31:22-05:00,1000046-B,CLASE TEORICA,(15) Grupo 15,Luis Gabriel Peña Ortiz,25,35
local-20260824T082816,2026-08-24T08:31:22-05:00,1000046-B,CLASE TEORICA,(16) Grupo 16,Olga Lucia Ruiz Convers,24,35
local-20260824T082816,2026-08-24T08:31:22-05:00,1000046-B,CLASE TEORICA,(17) Grupo 17,Luis Gabriel Peña Ortiz,26,35
local-20260824T082816,2026-08-24T08:31:22-05:00,1000046-B,CLASE TEORICA,(18) Grupo 18,Narly Yadira Pardo Cadena,24,35
local-20260824T082816,2026-08-24T08:31:22-05:00,1000046-B,CLASE TEORICA,(2) Grupo 2,Jesica paola Rendon Alfonso,25,35
local-20260824T082816,2026-08-24T08:31:22-05:00,1000046-B,CLASE TEORICA,(3) Grupo 3,JESUS DAVID TORRES RODRIGUEZ,25,35
local-20260824T082816,2026-08-24T08:31:22-05:00,1000046-B,CLASE TEORICA,(4) Grupo 4,Claudia Patricia Cortes Lora,26,35
local-20260824T082816,2026-08-24T08:31:22-05:00,1000046-B,CLASE TEORICA,(5) Grupo 5,Johnatan Martinez Hernandez,20,35
local-20260824T082816,2026-08-24T08:31:22-05:00,1000046-B,CLASE TEORICA,(6) Grupo 6,Johnatan Martinez Hernandez,22,35
local-20260824T082816,2026-08-24T08:31:22-05:00,1000046-B,CLASE TEORICA,(7) Grupo 7,Jesica paola Rendon Alfonso,25,35
local-20260824T082816,2026-08-24T08:31:22-05:00,1000046-B,CLASE TEORICA,(8) Grupo 8,Beatriz Elena Urrutia Sanchez,22,35
local-20260824T082816,2026-08-24T08:31:22-05:00,1000046-B,CLASE TEORICA,(9) Grupo 9,Maureen Elizabeth Hooker Oneill,10,35
local-20260824T082816,2026-08-24T08:31:25-05:00,1000052-B,CLASE TEORICA,(1) Grupo 1,Liliana Marcela Guzman Aricapa,27,37
local-20260824T082816,2026-08-24T08:31:25-05:00,1000052-B,CLASE TEORICA,(2) Grupo 2,JOSE JONATHAN MAESTRE HERRERA,27,37
local-20260824T082816,2026-08-24T08:31:25-05:00,1000052-B,CLASE TEORICA,(3) Grupo 3,Aida Elena Monsalve Solorzano,27,37
local-20260824T082816,2026-08-24T08:31:27-05:00,1000053-B,CLASE TEORICA,(1) Grupo 1,Jennly Angelica Gomez Rodriguez,28,38
local-20260824T082816,2026-08-24T08:31:27-05:00,1000053-B,CLASE TEORICA,(2) Grupo 2,Yaneli Niño Osorio,26,38
local-20260824T082816,2026-08-24T08:31:27-05:00,1000053-B,CLASE TEORICA,(3) Grupo 3,Javier Rodriguez Gomez,29,38
local-20260824T082816,2026-08-24T08:31:27-05:00,1000053-B,CLASE TEORICA,(4) Grupo 4,Javier Rodriguez Gomez,30,38
local-20260824T082816,2026-08-24T08:31:27-05:00,1000053-B,CLASE TEORICA,(5) Grupo 5,LINDA JOHANA RUIZ GOMEZ,28,38
local-20260824T082816,2026-08-24T08:31:27-05:00,1000053-B,CLASE TEORICA,(6) Grupo 6,Olga Lucia Ruiz Convers,28,38
local-20260824T082816,2026-08-24T08:31:28-05:00,1000047-B,CLASE TEORICA,(1) Grupo 1,Cesar Augusto Romero,22,39
local-20260824T082816,2026-08-24T08:31:28-05:00,1000047-B,CLASE TEORICA,(10) Grupo 10,Monica Alexandra Riaño Orjuela,25,39
local-20260824T082816,2026-08-24T08:31:28-05:00,1000047-B,CLASE TEORICA,(11) Grupo 11,Jennly Angelica Gomez Rodriguez,26,39
local-20260824T082816,2026-08-24T08:31:28-05:00,1000047-B,CLASE TEORICA,(12) Grupo 12,Claudia Patricia Cortes Lora,24,39
local-20260824T082816,2026-08-24T08:31:28-05:00,1000047-B,CLASE TEORICA,(13) Grupo 13,Angelica Saenz Fonseca,26,39
local-20260824T082816,2026-08-24T08:31:28-05:00,1000047-B,CLASE TEORICA,(14) Grupo 14,LINDA JOHANA RUIZ GOMEZ,21,39
local-20260824T082816,2026-08-24T08:31:28-05:00,1000047-B,CLASE TEORICA,(15) Grupo 15,Claudia Patricia Cortes Lora,25,39
local-20260824T082816,2026-08-24T08:31:28-05:00,1000047-B,CLASE TEORICA,(16) Grupo 16,Narly Yadira Pardo Cadena,22,39
local-20260824T082816,2026-08-24T08:31:28-05:00,1000047-B,CLASE TEORICA,(17) Grupo 17,Angelica Saenz Fonseca,24,39
local-20260824T082816,2026-08-24T08:31:28-05:00,1000047-B,CLASE TEORICA,(18) Grupo 18,ALBA LUCIA RIAÑO RODRIGUEZ,26,39
local-20260824T082816,2026-08-24T08:31:28-05:00,1000047-B,CLASE TEORICA,(19) Grupo 19,Aida Elena Monsalve Solorzano,26,39
local-20260824T082816,2026-08-24T08:31:28-05:00,1000047-B,CLASE TEORICA,(2) Grupo 2,Yaneli Niño Osorio,22,39
local-20260824T082816,2026-08-24T08:31:28-05:00,1000047-B,CLASE TEORICA,(20) Grupo 20,ALBA LUCIA RIAÑO RODRIGUEZ,26,39
local-20260824T082816,2026-08-24T08:31:28-05:00,1000047-B,CLASE TEORICA,(21) Grupo 21,Edwin Yesid Leon Silva,26,39
local-20260824T082816,2026-08-24T08:31:28-05:00,1000047-B,CLASE TEORICA,(22) Grupo 22,LINDA JOHANA RUIZ GOMEZ,26,39
local-20260824T082816,2026-08-24T08:31:28-05:00,1000047-B,CLASE TEORICA,(3) Grupo 3,Monica Alexandra Riaño Orjuela,24,39
local-20260824T082816,2026-08-24T08:31:28-05:00,1000047-B,CLASE TEORICA,(4) Grupo 4,Claudia Patricia Cortes Lora,25,39
local-20260824T082816,2026-08-24T08:31:28-05:00,1000047-B,CLASE TEORICA,(5) Grupo 5,Olga Lucia Ruiz Convers,21,39
local-20260824T082816,2026-08-24T08:31:28-05:00,1000047-B,CLASE TEORICA,(6) Grupo 6,Monica Alexandra Riaño Orjuela,24,39
local-20260824T082816,2026-08-24T08:31:28-05:00,1000047-B,CLASE TEORICA,(7) Grupo 7,Cesar Augusto Romero,24,39
local-20260824T082816,2026-08-24T08:31:28-05:00,1000047-B,CLASE TEORICA,(8) Grupo 8,Beatriz Elena Urrutia Sanchez,26,39
local-20260824T082816,2026-08-24T08:31:28-05:00,1000047-B,CLASE TEORICA,(9) Grupo 9,Keshia Hilary Howard Livingston,14,39
local-20260824T082816,2026-08-24T08:31:43-05:00,2026186,CLASE TEORICA,(1) Grupo 1,Carol Andrea Murillo Feo,4,41
local-20260824T082816,2026-08-24T08:31:43-05:00,2026186,CLASE TEORICA,(2) Grupo 2,Leonel Vega Mora,0,41
local-20260824T082816,2026-08-24T08:31:43-05:00,2026186,CLASE TEORICA,(3) Grupo 3,CAMILO RIOS FRESNEDA,0,41
local-20260824T082816,2026-08-24T08:31:43-05:00,2026186,CLASE TEORICA,(4) Grupo 4,Carlos Orlando Robles Roa,6,41
local-20260824T082816,2026-08-24T08:31:49-05:00,1000001-B,CLASE TEORICA,(1) Grupo 1,No informado,0,43
local-20260824T082816,2026-08-24T08:31:49-05:00,1000001-B,CLASE TEORICA,(19) Grupo 19,No informado,4,43
local-20260824T082816,2026-08-24T08:31:49-05:00,1000001-B,CLASE TEORICA,(2) Grupo 2,No informado,21,43
local-20260824T082816,2026-08-24T08:31:49-05:00,1000001-B,CLASE MAGISTRAL,(1) Grupo 1,Ibeth Marcela Rubio Perilla,0,43
local-20260824T082816,2026-08-24T08:31:49-05:00,1000001-B,CLASE MAGISTRAL,(10) Grupo 10,No informado,0,43
local-20260824T082816,2026-08-24T08:31:49-05:00,1000001-B,CLASE MAGISTRAL,(2) Grupo 2,Herbert Alonso Dueñas Ruiz,0,43
local-20260824T082816,2026-08-24T08:31:49-05:00,1000001-B,CLASE MAGISTRAL,(3) Grupo 3,Jeanneth Galeano Penaloza,0,43
local-20260824T082816,2026-08-24T08:31:49-05:00,1000001-B,CLASE MAGISTRAL,(4) Grupo 4,Gustavo Adolfo Nieto Clavijo,0,43
local-20260824T082816,2026-08-24T08:31:49-05:00,1000001-B,CLASE MAGISTRAL,(5) Grupo 5,Natalia Camila Pinzon Cortes,0,43
local-20260824T082816,2026-08-24T08:31:49-05:00,1000001-B,CLASE MAGISTRAL,(6) Grupo 6,Martha Cecilia Moreno Penagos,0,43
local-20260824T082816,2026-08-24T08:31:49-05:00,1000001-B,CLASE MAGISTRAL,(7) Grupo 7,Claudio Rodriguez Beltran,1,43
local-20260824T082816,2026-08-24T08:31:49-05:00,1000001-B,CLASE MAGISTRAL,(8) Grupo 8,Gabriel Ignacio Padilla Leon,0,43
local-20260824T082816,2026-08-24T08:31:49-05:00,1000001-B,CLASE MAGISTRAL,(9) Grupo 9,No informado,11,43
local-20260824T082816,2026-08-24T08:31:50-05:00,2015965,CLASE TEORICA,(1) Grupo 1,CAMILO RIOS FRESNEDA,23,44
local-20260824T082816,2026-08-24T08:31:50-05:00,2015965,CLASE TEORICA,(2) Grupo 2,Julian David Puerto Suarez; Vladimir Buelvas Hernández,24,44
local-20260824T082816,2026-08-24T08:31:50-05:00,2015965,CLASE TEORICA,(3) Grupo 3,Ferney Betancourt Cardozo; Juan Manuel Lizarazo Marriaga,23,44
local-20260824T082816,2026-08-24T08:31:50-05:00,2015965,CLASE TEORICA,(4) Grupo 4,No informado,24,44
local-20260824T082816,2026-08-24T08:32:00-05:00,2015966,CLASE TEORICA,(1) Grupo 1,No informado,24,45
local-20260824T082816,2026-08-24T08:32:00-05:00,2015966,CLASE TEORICA,(2) Grupo 2,Adriana Patricia Piña Fulano,24,45
local-20260824T082816,2026-08-24T08:32:00-05:00,2015966,CLASE TEORICA,(3) Grupo 3,Rafael Orland Ortiz Mosquera,24,45
local-20260824T082816,2026-08-24T08:32:00-05:00,2015966,CLASE TEORICA,(4) Grupo 4,No informado,24,45
local-20260824T082816,2026-08-24T08:32:00-05:00,2015966,CLASE TEORICA,(5) Grupo 5,No informado,24,45
local-20260824T082816,2026-08-24T08:32:00-05:00,2015966,CLASE TEORICA,(6) Grupo 6,Luis Alejandro Morales Marin,23,45
local-20260824T082816,2026-08-24T08:32:00-05:00,2015966,CLASE TEORICA,(7) Grupo 7,No informado,24,45
local-20260824T082816,2026-08-24T08:32:00-05:00,2015966,CLASE TEORICA,(8) Grupo 8,No informado,24,45
local-20260824T082816,2026-08-24T08:32:02-05:00,2015967,NA,(1) Grupo 1,Vladimir Buelvas Hernández,24,46
local-20260824T082816,2026-08-24T08:32:03-05:00,2015968,CLASE TEORICA,(1) Grupo 1,Ricardo Parra Arango,24,47
local-20260824T082816,2026-08-24T08:32:03-05:00,2015968,CLASE TEORICA,(2) Grupo 2,Juan David Oliveros Salazar,24,47
local-20260824T082816,2026-08-24T08:32:03-05:00,2015968,CLASE TEORICA,(3) Grupo 3,No informado,24,47
local-20260824T082816,2026-08-24T08:32:03-05:00,2015968,CLASE TEORICA,(4) Grupo 4,Ricardo Parra Arango,24,47
local-20260824T082816,2026-08-24T08:32:03-05:00,2015968,CLASE TEORICA,(5) Grupo 5,Julian David Puerto Suarez,24,47
local-20260824T082816,2026-08-24T08:32:03-05:00,2015968,CLASE TEORICA,(6) Grupo 6,Dorian Luis Linero Segrera,24,47
local-20260824T082816,2026-08-24T08:32:03-05:00,2015968,CLASE TEORICA,(7) Grupo 7,No informado,0,47
local-20260824T082816,2026-08-24T08:32:05-05:00,2015969,CLASE TEORICA,(1) Grupo 1 (Inglés),Julio Esteban Colmenares Montañez,30,48
local-20260824T082816,2026-08-24T08:32:05-05:00,2015969,CLASE TEORICA,(2) Grupo 2,Guillermo Eduardo Avila Alvarez,30,48
local-20260824T082816,2026-08-24T08:32:05-05:00,2015969,CLASE TEORICA,(3) Grupo 3,Livaniel Viveros Rosero,30,48
local-20260824T082816,2026-08-24T08:32:05-05:00,2015969,CLASE TEORICA,(4) Grupo 4,No informado,30,48
local-20260824T082816,2026-08-24T08:32:06-05:00,2015970,CLASE PRACTICA,(4) Grupo 4,Helga Duarte,30,49
local-20260824T082816,2026-08-24T08:32:06-05:00,2015970,CLASE PRACTICA,(5) Grupo 5,Oswaldo Rojas Camacho,45,49
local-20260824T082816,2026-08-24T08:32:06-05:00,2015970,CLASE PRACTICA,(8) Grupo 8,Helga Duarte,30,49
local-20260824T082816,2026-08-24T08:32:06-05:00,2015970,CLASE PRACTICA,(9) Grupo 9,Oswaldo Rojas Camacho,45,49
local-20260824T082816,2026-08-24T08:32:20-05:00,2017293,CLASE TEORICA,(1) 2017293-1 Modelación matemática,David Leonardo Diaz Leon,33,50
local-20260824T082816,2026-08-24T08:32:20-05:00,2017293,CLASE TEORICA,(2) 2017293-2 Modelación matemática,David Leonardo Diaz Leon,33,50
local-20260824T082816,2026-08-24T08:32:20-05:00,2017293,CLASE MAGISTRAL,(1M) 2017293-1M Modelación matemática - Magistral,Carlos Alberto Duque Daza,78,50
local-20260824T082816,2026-08-24T08:32:25-05:00,2015971,CLASE TEORICA,(1) Grupo 1,No informado,29,53
local-20260824T082816,2026-08-24T08:32:25-05:00,2015971,CLASE TEORICA,(2) Grupo 2,Ferney Betancourt Cardozo,30,53
local-20260824T082816,2026-08-24T08:32:25-05:00,2015971,CLASE TEORICA,(3) Grupo 3,No informado,30,53
local-20260824T082816,2026-08-24T08:32:26-05:00,2015972,CLASE TEORICA,(1) Grupo 1,Carlos Alberto Moncada Aristizabal,14,54
local-20260824T082816,2026-08-24T08:32:26-05:00,2015972,CLASE TEORICA,(2) Grupo 2,SANTIAGO RAMIREZ ECHEVERRI,15,54
local-20260824T082816,2026-08-24T08:32:26-05:00,2015972,CLASE TEORICA,(3) Grupo 3,No informado,14,54
local-20260824T082816,2026-08-24T08:32:37-05:00,1000024-B,CLASE TEORICA,(12) Grupo 12,Edgar Delgado Mejia,0,55
local-20260824T082816,2026-08-24T08:32:37-05:00,1000024-B,CLASE TEORICA,(13) Grupo 13,Jesus Sigifredo Valencia Rios,0,55
local-20260824T082816,2026-08-24T08:32:37-05:00,1000024-B,CLASE TEORICA,(14) Grupo 14,Jhon Jairo Aragón Arias,8,55
local-20260824T082816,2026-08-24T08:32:39-05:00,1000013-B,CLASE TEORICA,(1) Grupo 1,JHONIER SEBASTIAN RANGEL GUTIERREZ,0,56
local-20260824T082816,2026-08-24T08:32:39-05:00,1000013-B,CLASE TEORICA,(10) Grupo 10,Sandra Vergara Cardozo,34,56
local-20260824T082816,2026-08-24T08:32:39-05:00,1000013-B,CLASE TEORICA,(11) Grupo 11,DIEGO ALBERTO MARTINEZ SIMBAQUEVA,32,56
local-20260824T082816,2026-08-24T08:32:39-05:00,1000013-B,CLASE TEORICA,(12) Grupo 12,DIEGO ALBERTO MARTINEZ SIMBAQUEVA,37,56
local-20260824T082816,2026-08-24T08:32:39-05:00,1000013-B,CLASE TEORICA,(13) Grupo 13,DIEGO ALBERTO MARTINEZ SIMBAQUEVA,25,56
local-20260824T082816,2026-08-24T08:32:39-05:00,1000013-B,CLASE TEORICA,(16) Grupo 16,Sergio Alejandro Calderon Villanueva,30,56
local-20260824T082816,2026-08-24T08:32:39-05:00,1000013-B,CLASE TEORICA,(2) Grupo 2,Luis Guillermo Diaz Monroy,39,56
local-20260824T082816,2026-08-24T08:32:39-05:00,1000013-B,CLASE TEORICA,(22) Grupo 22,Hanwen Zhang,45,56
local-20260824T082816,2026-08-24T08:32:39-05:00,1000013-B,CLASE TEORICA,(23) Grupo 23,ULPIANO LARA CRISTANCHO,0,56
local-20260824T082816,2026-08-24T08:32:39-05:00,1000013-B,CLASE TEORICA,(3) Grupo 3,Diana Carolina Franco Soto,40,56
local-20260824T082816,2026-08-24T08:32:39-05:00,1000013-B,CLASE TEORICA,(4) Grupo 4,Diana Carolina Franco Soto,39,56
local-20260824T082816,2026-08-24T08:32:39-05:00,1000013-B,CLASE TEORICA,(5) Grupo 5,Darwin Eduardo Martínez Riaño,33,56
local-20260824T082816,2026-08-24T08:32:39-05:00,1000013-B,CLASE TEORICA,(6) Grupo 6,Darwin Eduardo Martínez Riaño,35,56
local-20260824T082816,2026-08-24T08:32:39-05:00,1000013-B,CLASE TEORICA,(7) Grupo 7,Camilo Jose Torres Jimenez,40,56
local-20260824T082816,2026-08-24T08:32:41-05:00,2015734,NA,(1) Grupo 1,Fernando Salazar Delgado,2,57
local-20260824T082816,2026-08-24T08:32:41-05:00,2015734,NA,(10) Grupo 10,Tito Florez Calderon,1,57
local-20260824T082816,2026-08-24T08:32:41-05:00,2015734,NA,(11) Grupo 11,DAVID ALBERTO HERRERA ALVAREZ,0,57
local-20260824T082816,2026-08-24T08:32:41-05:00,2015734,NA,(12) Grupo 12,FABIEL NATÁN ESPINOSA CASTAÑEDA,0,57
local-20260824T082816,2026-08-24T08:32:41-05:00,2015734,NA,(13) Grupo 13,SERGIO CAMILO ESPINOSA BOTERO,31,57
local-20260824T082816,2026-08-24T08:32:41-05:00,2015734,NA,(14) Grupo 14,Felipe Gonzalez Roldan,0,57
local-20260824T082816,2026-08-24T08:32:41-05:00,2015734,NA,(2) Grupo 2,Fernando Salazar Delgado,12,57
local-20260824T082816,2026-08-24T08:32:41-05:00,2015734,NA,(3) Grupo 3,Jhoan Sebastian Restrepo Mendoza,0,57
local-20260824T082816,2026-08-24T08:32:41-05:00,2015734,NA,(4) Grupo 4,Sandra Liliana Rojas Martinez,0,57
local-20260824T082816,2026-08-24T08:32:41-05:00,2015734,NA,(5) Grupo 5,Jhoan Sebastian Restrepo Mendoza,0,57
local-20260824T082816,2026-08-24T08:32:41-05:00,2015734,NA,(6) Grupo 6,SERGIO CAMILO ESPINOSA BOTERO,2,57
local-20260824T082816,2026-08-24T08:32:41-05:00,2015734,NA,(7) Grupo 7,No informado,1,57
local-20260824T082816,2026-08-24T08:32:41-05:00,2015734,NA,(8) Grupo 8 - Virtual,FABIEL NATÁN ESPINOSA CASTAÑEDA,29,57
local-20260824T082816,2026-08-24T08:32:41-05:00,2015734,NA,(9) Grupo 9,Alvaro Reynel Córdoba,11,57
local-20260824T082816,2026-08-24T08:32:45-05:00,2015973,CLASE TEORICA,(1) Grupo 1,No informado,25,59
local-20260824T082816,2026-08-24T08:32:45-05:00,2015973,CLASE TEORICA,(2) Grupo 2,GABRIELA ARRIETA LOYO,25,59
local-20260824T082816,2026-08-24T08:32:45-05:00,2015973,CLASE TEORICA,(3) Grupo 3,NICOLAS ESCALANTE MORA,24,59
local-20260824T082816,2026-08-24T08:32:56-05:00,2022761,NA,(1) Grupo 1,Servio Javier Contreras Guerrero,15,60
local-20260824T082816,2026-08-24T08:32:56-05:00,2022761,NA,(2) Grupo 2,Servio Javier Contreras Guerrero,15,60
local-20260824T082816,2026-08-24T08:32:56-05:00,2022761,NA,(3) Grupo 3,Samuel Fernando Mesa Giraldo,15,60
local-20260824T082816,2026-08-24T08:32:58-05:00,2024045,CLASE TEORICA,(1) 2024045-1 Taller de proyectos interdisciplinarios,No informado,0,61
local-20260824T082816,2026-08-24T08:32:58-05:00,2024045,CLASE TEORICA,(10) 2024045-10 Taller de proyectos interdisciplinarios,Oscar Andres Eraso Eraso,0,61
local-20260824T082816,2026-08-24T08:32:58-05:00,2024045,CLASE TEORICA,(11) 2024045-11 Taller de proyectos interdisciplinarios,No informado,0,61
local-20260824T082816,2026-08-24T08:32:58-05:00,2024045,CLASE TEORICA,(12) 2024045-12 Taller de proyectos interdisciplinarios,Hector Julian Garcia Otalora,199,61
local-20260824T082816,2026-08-24T08:32:58-05:00,2024045,CLASE TEORICA,(13) 2024045-13 Taller de proyectos interdisciplinarios,No informado,0,61
local-20260824T082816,2026-08-24T08:32:58-05:00,2024045,CLASE TEORICA,(14) 2024045-14 Taller de proyectos interdisciplinarios,Dolly Santos Barbosa,0,61
local-20260824T082816,2026-08-24T08:32:58-05:00,2024045,CLASE TEORICA,(15) 2024045-15 Taller de proyectos interdisciplinarios,Oscar Andres Eraso Eraso,0,61
local-20260824T082816,2026-08-24T08:32:58-05:00,2024045,CLASE TEORICA,(16) 2024045-16 Taller de proyectos interdisciplinarios,Luis Ignacio Rodriguez Varela,0,61
local-20260824T082816,2026-08-24T08:32:58-05:00,2024045,CLASE TEORICA,(17) 2024045-17 Taller de proyectos interdisciplinarios,JOHANA CATALINA MANOSALVA BARRERA,0,61
local-20260824T082816,2026-08-24T08:32:58-05:00,2024045,CLASE TEORICA,(18) 2024045-18 Taller de proyectos interdisciplinarios,Fernando Bernal Martinez,0,61
local-20260824T082816,2026-08-24T08:32:58-05:00,2024045,CLASE TEORICA,(19) 2024045-19 Taller de proyectos interdisciplinarios,FRANCISCO JAVIER VÁSQUEZ VÁSQUEZ,0,61
local-20260824T082816,2026-08-24T08:32:58-05:00,2024045,CLASE TEORICA,(2) 2024045-2 Taller de proyectos interdisciplinarios,Fernando Bernal Martinez,0,61
local-20260824T082816,2026-08-24T08:32:58-05:00,2024045,CLASE TEORICA,(21) 2024045-21 Taller de proyectos interdisciplinarios,No informado,0,61
local-20260824T082816,2026-08-24T08:32:58-05:00,2024045,CLASE TEORICA,(22) 2024045-22 Taller de proyectos interdisciplinarios,Ubaldo Garcia Zaragoza,0,61
local-20260824T082816,2026-08-24T08:32:58-05:00,2024045,CLASE TEORICA,(23) 2024045-23 Taller de proyectos interdisciplinarios,No informado,0,61
local-20260824T082816,2026-08-24T08:32:58-05:00,2024045,CLASE TEORICA,(24) 2024045-24 Taller de proyectos interdisciplinarios,Hector Julian Garcia Otalora,200,61
local-20260824T082816,2026-08-24T08:32:58-05:00,2024045,CLASE TEORICA,(3) 2024045-3 Taller de proyectos interdisciplinarios,Guillermo Alberto Rocha Casas,0,61
local-20260824T082816,2026-08-24T08:32:58-05:00,2024045,CLASE TEORICA,(4) 2024045-4 Taller de proyectos interdisciplinarios,Francy Nayely Prieto Novoa,0,61
local-20260824T082816,2026-08-24T08:32:58-05:00,2024045,CLASE TEORICA,(40) 2024045-40 TPI-- NO BORRAR-- BLOQ ESPACIOS,No informado,0,61
local-20260824T082816,2026-08-24T08:32:58-05:00,2024045,CLASE TEORICA,(5) 2024045-5 Taller de proyectos interdisciplinarios,Nubia Carmenza Moreno Sarmiento,0,61
local-20260824T082816,2026-08-24T08:32:58-05:00,2024045,CLASE TEORICA,(6) 2024045-6 Taller de proyectos interdisciplinarios,JOHANA CATALINA MANOSALVA BARRERA,0,61
local-20260824T082816,2026-08-24T08:32:58-05:00,2024045,CLASE TEORICA,(7) 2024045-7 Taller de proyectos interdisciplinarios,Ubaldo Garcia Zaragoza,0,61
local-20260824T082816,2026-08-24T08:32:58-05:00,2024045,CLASE TEORICA,(8) 2024045-8 Taller de proyectos interdisciplinarios,JHON FREDDY LOPEZ MEDINA,0,61
local-20260824T082816,2026-08-24T08:32:58-05:00,2024045,CLASE TEORICA,(9) 2024045-9 Taller de proyectos interdisciplinarios,Manuel Alejandro Mayorga Betancourt,0,61
local-20260824T082816,2026-08-24T08:32:59-05:00,2015296,NA,(1) Grupo 1,Leonardo David Donado Garzon,5,62
local-20260824T082816,2026-08-24T08:32:59-05:00,2015296,NA,(10) Grupo 10,Juan Manuel Lizarazo Marriaga,5,62
local-20260824T082816,2026-08-24T08:32:59-05:00,2015296,NA,(11) Grupo 11,Octavio Coronado Garcia,5,62
local-20260824T082816,2026-08-24T08:32:59-05:00,2015296,NA,(12) Grupo 12,Carol Andrea Murillo Feo,5,62
local-20260824T082816,2026-08-24T08:32:59-05:00,2015296,NA,(13) Grupo 13,CAMILO RIOS FRESNEDA,5,62
local-20260824T082816,2026-08-24T08:32:59-05:00,2015296,NA,(14) Grupo 14,William Castro Garcia,5,62
local-20260824T082816,2026-08-24T08:32:59-05:00,2015296,NA,(15) Grupo 15,Luis Alejandro Morales Marin,5,62
local-20260824T082816,2026-08-24T08:32:59-05:00,2015296,NA,(16) Grupo 16,Ferney Betancourt Cardozo,5,62
local-20260824T082816,2026-08-24T08:32:59-05:00,2015296,NA,(17) Grupo 17,Maria Alejandra Caicedo Londoño,5,62
local-20260824T082816,2026-08-24T08:32:59-05:00,2015296,NA,(18) Grupo 18,Guillermo Eduardo Avila Alvarez,5,62
local-20260824T082816,2026-08-24T08:32:59-05:00,2015296,NA,(19) Grupo 19,Carlos Alfonso Gomez Guacaneme,0,62
local-20260824T082816,2026-08-24T08:32:59-05:00,2015296,NA,(2) Grupo 2,Carlos Orlando Robles Roa,5,62
local-20260824T082816,2026-08-24T08:32:59-05:00,2015296,NA,(3) Grupo 3,Angela Barrera Puerto,5,62
local-20260824T082816,2026-08-24T08:32:59-05:00,2015296,NA,(4) Grupo 4,Mauricio Alberto Tapias Camacho,5,62
local-20260824T082816,2026-08-24T08:32:59-05:00,2015296,NA,(5) Grupo 5,Maritzabel Molina Herrera,5,62
local-20260824T082816,2026-08-24T08:32:59-05:00,2015296,NA,(6) Grupo 6,Rodolfo Rodriguez Baracaldo,5,62
local-20260824T082816,2026-08-24T08:32:59-05:00,2015296,NA,(7) Grupo 7,SANTIAGO RAMIREZ ECHEVERRI,5,62
local-20260824T082816,2026-08-24T08:32:59-05:00,2015296,NA,(8) Grupo 8,Jose Ricardo Martinez Vargas,5,62
local-20260824T082816,2026-08-24T08:32:59-05:00,2015296,NA,(9) Grupo 9,GABRIELA ARRIETA LOYO,5,62
local-20260824T082816,2026-08-24T08:33:01-05:00,2015299,CLASE TEORICA,(1) Grupo 1,GABRIELA ARRIETA LOYO,51,63
