run_id,ts_lectura,codigo,actividad,grupo,profesores_raw,cupos_disponibles,orden_lectura
local-20260825T070745,2026-08-25T07:08:22-05:00,2015938,CLASE TEORICA,(1) Grupo 1,Maria Alejandra Caicedo Londoño,22,0
local-20260825T070745,2026-08-25T07:08:22-05:00,2015938,CLASE TEORICA,(2) Grupo 2,Maria Alejandra Caicedo Londoño,24,0
local-20260825T070745,2026-08-25T07:08:22-05:00,2015938,CLASE TEORICA,(3) Grupo 3,JOSE LUIS DIAZ AREVALO,16,0
local-20260825T070745,2026-08-25T07:08:22-05:00,2015938,CLASE TEORICA,(4) Grupo 4,JOSE LUIS DIAZ AREVALO,20,0
local-20260825T070745,2026-08-25T07:08:24-05:00,2015939,CLASE TEORICA,(1) Grupo 1,ALVARO MARTIN GUTIERREZ MALAXECHEBARRIA,0,1
local-20260825T070745,2026-08-25T07:08:24-05:00,2015939,CLASE TEORICA,(2) Grupo 2,ALVARO MARTIN GUTIERREZ MALAXECHEBARRIA,0,1
local-20260825T070745,2026-08-25T07:08:24-05:00,2015939,CLASE TEORICA,(3) Grupo 3,Edder Alexander Velandia Duran,21,1
local-20260825T070745,2026-08-25T07:08:24-05:00,2015939,CLASE TEORICA,(4) Grupo 4,No informado,0,1
local-20260825T070745,2026-08-25T07:08:24-05:00,2015939,CLASE TEORICA,(5) Grupo 5,No informado,0,1
local-20260825T070745,2026-08-25T07:08:30-05:00,1000003-B,NA,(1) Grupo 1,Erika Lorena Rosero Alzate; Oscar Andrés Rojas Sepúlveda,0,2
local-20260825T070745,2026-08-25T07:08:30-05:00,1000003-B,NA,(10) Grupo 10,Epifanio Lozano Ayala,0,2
local-20260825T070745,2026-08-25T07:08:30-05:00,1000003-B,NA,(11) Grupo 11,No informado,0,2
local-20260825T070745,2026-08-25T07:08:30-05:00,1000003-B,NA,(12) Grupo 12,No informado,0,2
local-20260825T070745,2026-08-25T07:08:30-05:00,1000003-B,NA,(13) Grupo 13,Mohammed EL AIDI,0,2
local-20260825T070745,2026-08-25T07:08:30-05:00,1000003-B,NA,(15) Grupo 15,Myriam Leonor Campos Florez,0,2
local-20260825T070745,2026-08-25T07:08:30-05:00,1000003-B,NA,(16) Grupo 16,No informado,0,2
local-20260825T070745,2026-08-25T07:08:30-05:00,1000003-B,NA,(17) Grupo 17,Martha Cecilia Moreno Penagos,0,2
local-20260825T070745,2026-08-25T07:08:30-05:00,1000003-B,NA,(18) Grupo 18,John Alexander Cruz Morales,6,2
local-20260825T070745,2026-08-25T07:08:30-05:00,1000003-B,NA,(20) Grupo 20,Natalia Camila Pinzon Cortes,0,2
local-20260825T070745,2026-08-25T07:08:30-05:00,1000003-B,NA,(21) Grupo 21,Ivon Andrea Dorado Correa,0,2
local-20260825T070745,2026-08-25T07:08:30-05:00,1000003-B,NA,(22) Grupo 22,No informado,27,2
local-20260825T070745,2026-08-25T07:08:30-05:00,1000003-B,NA,(3) Grupo 3,No informado,15,2
local-20260825T070745,2026-08-25T07:08:30-05:00,1000003-B,NA,(4) Grupo 4,Luis Alejandro Barbosa Torres,0,2
local-20260825T070745,2026-08-25T07:08:30-05:00,1000003-B,NA,(5) Grupo 5,Jaime David Mora Paz,0,2
local-20260825T070745,2026-08-25T07:08:30-05:00,1000003-B,NA,(7) Grupo 7,Myriam Leonor Campos Florez,0,2
local-20260825T070745,2026-08-25T07:08:30-05:00,1000003-B,NA,(8) Grupo 8,No informado,8,2
local-20260825T070745,2026-08-25T07:08:31-05:00,2015940,CLASE TEORICA,(1) Grupo 1,Maritzabel Molina Herrera,20,3
local-20260825T070745,2026-08-25T07:08:31-05:00,2015940,CLASE TEORICA,(2) Grupo 2,Gabriel Andres Bernal Granados,18,3
local-20260825T070745,2026-08-25T07:08:31-05:00,2015940,CLASE TEORICA,(3) Grupo 3,No informado,23,3
local-20260825T070745,2026-08-25T07:08:34-05:00,2015941,CLASE TEORICA,(1) Grupo 1,Patricia Luna Tamayo,28,4
local-20260825T070745,2026-08-25T07:08:34-05:00,2015941,CLASE TEORICA,(2) Grupo 2,No informado,28,4
local-20260825T070745,2026-08-25T07:08:34-05:00,2015941,CLASE TEORICA,(3) Grupo 3,Carlos Ramiro Vallecilla Bahena,26,4
local-20260825T070745,2026-08-25T07:08:34-05:00,2015941,CLASE TEORICA,(4) Grupo 4,No informado,26,4
local-20260825T070745,2026-08-25T07:08:37-05:00,1000004-B,NA,(10) Grupo 10,No informado,0,5
local-20260825T070745,2026-08-25T07:08:37-05:00,1000004-B,NA,(11) Grupo 11,No informado,0,5
local-20260825T070745,2026-08-25T07:08:37-05:00,1000004-B,NA,(12) Grupo 12,No informado,0,5
local-20260825T070745,2026-08-25T07:08:37-05:00,1000004-B,NA,(13) Grupo 13,No informado,0,5
local-20260825T070745,2026-08-25T07:08:37-05:00,1000004-B,NA,(14) Grupo 14,No informado,0,5
local-20260825T070745,2026-08-25T07:08:37-05:00,1000004-B,NA,(16) Grupo 16,No informado,0,5
local-20260825T070745,2026-08-25T07:08:37-05:00,1000004-B,NA,(17) Grupo 17,Hernan Garzon Gutierrez,0,5
local-20260825T070745,2026-08-25T07:08:37-05:00,1000004-B,NA,(19) Grupo 19,No informado,0,5
local-20260825T070745,2026-08-25T07:08:37-05:00,1000004-B,NA,(2) Grupo 2,No informado,0,5
local-20260825T070745,2026-08-25T07:08:37-05:00,1000004-B,NA,(20) Grupo 20,Hernan Garzon Gutierrez,0,5
local-20260825T070745,2026-08-25T07:08:37-05:00,1000004-B,NA,(21) Grupo 21,No informado,24,5
local-20260825T070745,2026-08-25T07:08:37-05:00,1000004-B,NA,(22) Grupo 22,No informado,43,5
local-20260825T070745,2026-08-25T07:08:37-05:00,1000004-B,NA,(24) Grupo 24,Ricardo Ariel Pastran Ramirez,0,5
local-20260825T070745,2026-08-25T07:08:37-05:00,1000004-B,NA,(25) Grupo 25,No informado,0,5
local-20260825T070745,2026-08-25T07:08:37-05:00,1000004-B,NA,(27) Grupo 27,No informado,33,5
local-20260825T070745,2026-08-25T07:08:37-05:00,1000004-B,NA,(28) Grupo 28,No informado,0,5
local-20260825T070745,2026-08-25T07:08:37-05:00,1000004-B,NA,(29) Grupo 29,No informado,54,5
local-20260825T070745,2026-08-25T07:08:37-05:00,1000004-B,NA,(30) Grupo 30,No informado,48,5
local-20260825T070745,2026-08-25T07:08:37-05:00,1000004-B,NA,(32) Grupo 32,No informado,36,5
local-20260825T070745,2026-08-25T07:08:37-05:00,1000004-B,NA,(4) Grupo 4,Myriam Leonor Campos Florez,0,5
local-20260825T070745,2026-08-25T07:08:37-05:00,1000004-B,NA,(5) Grupo 5,Oscar Javier Lopez Alfonso,0,5
local-20260825T070745,2026-08-25T07:08:37-05:00,1000004-B,NA,(7) Grupo 7,Anderson Arley Vera Arboleda,0,5
local-20260825T070745,2026-08-25T07:08:37-05:00,1000004-B,NA,(8) Grupo 8,No informado,29,5
local-20260825T070745,2026-08-25T07:08:37-05:00,1000004-B,NA,(9) Grupo 9,No informado,18,5
local-20260825T070745,2026-08-25T07:08:40-05:00,1000006-B,NA,(1) Grupo 1,No informado,29,6
local-20260825T070745,2026-08-25T07:08:40-05:00,1000006-B,NA,(10) Grupo 10,No informado,96,6
local-20260825T070745,2026-08-25T07:08:40-05:00,1000006-B,NA,(11) Grupo 11,No informado,30,6
local-20260825T070745,2026-08-25T07:08:40-05:00,1000006-B,NA,(12) Grupo 12,Leonid Lebedev,6,6
local-20260825T070745,2026-08-25T07:08:40-05:00,1000006-B,NA,(13) Grupo 13,Juan Carlos Hernandez Rincon,16,6
local-20260825T070745,2026-08-25T07:08:40-05:00,1000006-B,NA,(14) Grupo 14,No informado,49,6
local-20260825T070745,2026-08-25T07:08:40-05:00,1000006-B,NA,(15) Grupo 15,No informado,103,6
local-20260825T070745,2026-08-25T07:08:40-05:00,1000006-B,NA,(2) Grupo 2,EDIXON MANUEL ROJAS SANTANA,32,6
local-20260825T070745,2026-08-25T07:08:40-05:00,1000006-B,NA,(3) Grupo 3,Cesar Augusto Gomez Sierra,22,6
local-20260825T070745,2026-08-25T07:08:40-05:00,1000006-B,NA,(4) Grupo 4,Agustin Moreno Canadas,87,6
local-20260825T070745,2026-08-25T07:08:40-05:00,1000006-B,NA,(5) Grupo 5,German Eduardo Fonseca Buitrago,0,6
local-20260825T070745,2026-08-25T07:08:40-05:00,1000006-B,NA,(7) Grupo 7,No informado,64,6
local-20260825T070745,2026-08-25T07:08:40-05:00,1000006-B,NA,(8) Grupo 8,Epifanio Lozano Ayala,56,6
local-20260825T070745,2026-08-25T07:08:40-05:00,1000006-B,NA,(9) Grupo 9,Orlando Vanegas Canro,0,6
local-20260825T070745,2026-08-25T07:08:42-05:00,1000005-B,NA,(1) Grupo 1,Orlando Vanegas Canro,0,7
local-20260825T070745,2026-08-25T07:08:42-05:00,1000005-B,NA,(10) Grupo 10,Epifanio Lozano Ayala,31,7
local-20260825T070745,2026-08-25T07:08:42-05:00,1000005-B,NA,(14) Grupo 14,Mohammed EL AIDI,0,7
local-20260825T070745,2026-08-25T07:08:42-05:00,1000005-B,NA,(15) Grupo 15,Alina Fedosova,0,7
local-20260825T070745,2026-08-25T07:08:42-05:00,1000005-B,NA,(16) Grupo 16,No informado,0,7
local-20260825T070745,2026-08-25T07:08:42-05:00,1000005-B,NA,(17) Grupo 17,Hernan Garzon Gutierrez,0,7
local-20260825T070745,2026-08-25T07:08:42-05:00,1000005-B,NA,(2) Grupo 2,RENE ERLIN CASTILLO,0,7
local-20260825T070745,2026-08-25T07:08:42-05:00,1000005-B,NA,(20) Grupo 20,Franqui Solis Cardenas Poloche,18,7
local-20260825T070745,2026-08-25T07:08:42-05:00,1000005-B,NA,(22) Grupo 22,No informado,9,7
local-20260825T070745,2026-08-25T07:08:42-05:00,1000005-B,NA,(3) Grupo 3,Eduardo Cardenas Gomez,0,7
local-20260825T070745,2026-08-25T07:08:42-05:00,1000005-B,NA,(4) Grupo 4,Edward Samuel Becerra Rojas,30,7
local-20260825T070745,2026-08-25T07:08:42-05:00,1000005-B,NA,(6) Grupo 6,No informado,0,7
local-20260825T070745,2026-08-25T07:08:42-05:00,1000005-B,NA,(7) Grupo 7,Franqui Solis Cardenas Poloche,17,7
local-20260825T070745,2026-08-25T07:08:42-05:00,1000005-B,NA,(8) Grupo 8,No informado,13,7
local-20260825T070745,2026-08-25T07:08:42-05:00,1000005-B,NA,(9) Grupo 9,No informado,10,7
local-20260825T070745,2026-08-25T07:08:45-05:00,2015943,CLASE TEORICA,(1) Grupo 1,Carlos Orlando Robles Roa,0,9
local-20260825T070745,2026-08-25T07:08:47-05:00,2015944,CLASE TEORICA,(1) Grupo 1,SANTIAGO RAMIREZ ECHEVERRI,0,10
local-20260825T070745,2026-08-25T07:08:49-05:00,2015711,NA,(10) 2015711-10 Dibujo básico,Ariel Augusto Amaya Avila,0,11
local-20260825T070745,2026-08-25T07:08:49-05:00,2015711,NA,(11) 2015711-11 Dibujo básico,Cesar Augusto Bacca Gonzalez,0,11
local-20260825T070745,2026-08-25T07:08:49-05:00,2015711,NA,(14) 2015711-14 Dibujo básico,Cristian Felipe Morales Suárez,0,11
local-20260825T070745,2026-08-25T07:08:49-05:00,2015711,NA,(16) 2015711-16 Dibujo básico,DAVID FELIPE TORRES ARCE,0,11
local-20260825T070745,2026-08-25T07:08:49-05:00,2015711,NA,(4) 2015711-4 Dibujo básico,Cristian Felipe Morales Suárez,0,11
local-20260825T070745,2026-08-25T07:08:49-05:00,2015711,NA,(5) 2015711-5 Dibujo básico,Sebastian Achury Ortiz,0,11
local-20260825T070745,2026-08-25T07:08:49-05:00,2015711,NA,(7) 2015711-7 Dibujo básico,Cesar Augusto Bacca Gonzalez,0,11
local-20260825T070745,2026-08-25T07:08:49-05:00,2015711,NA,(8) 2015711-8 Dibujo básico,Miguel Angel Baquero Cortes,0,11
local-20260825T070745,2026-08-25T07:08:49-05:00,2015711,NA,(9) 2015711-9 Dibujo básico,EDWIN CAMILO REINA BELTRAN,0,11
local-20260825T070745,2026-08-25T07:08:51-05:00,2015948,CLASE TEORICA,(1) Grupo 1,No informado,28,12
local-20260825T070745,2026-08-25T07:08:51-05:00,2015948,CLASE TEORICA,(2) Grupo 2,Mauricio Alberto Tapias Camacho,22,12
local-20260825T070745,2026-08-25T07:08:51-05:00,2015948,CLASE TEORICA,(3) Grupo 3,No informado,23,12
local-20260825T070745,2026-08-25T07:09:11-05:00,2015950,CLASE TEORICA,(1) Grupo 1,No informado,7,13
local-20260825T070745,2026-08-25T07:09:11-05:00,2015950,CLASE TEORICA,(2) Grupo 2,No informado,0,13
local-20260825T070745,2026-08-25T07:09:11-05:00,2015950,CLASE TEORICA,(3) Grupo 3,Daniel Ricardo Lozano Monsalve,18,13
local-20260825T070745,2026-08-25T07:09:11-05:00,2015950,CLASE TEORICA,(4) Grupo 4,No informado,21,13
local-20260825T070745,2026-08-25T07:09:11-05:00,2015950,CLASE TEORICA,(5) Grupo 5,No informado,4,13
local-20260825T070745,2026-08-25T07:09:13-05:00,2015949,CLASE TEORICA,(1) Grupo 1,Mario Javier Cardozo Chaux,25,14
local-20260825T070745,2026-08-25T07:09:13-05:00,2015949,CLASE TEORICA,(2) Grupo 2,Wilson Ernesto Vargas Vargas,20,14
local-20260825T070745,2026-08-25T07:09:13-05:00,2015949,CLASE TEORICA,(3) Grupo 3,No informado,26,14
local-20260825T070745,2026-08-25T07:09:14-05:00,1000007-B,NA,(1) Grupo 1,German Eduardo Fonseca Buitrago,37,15
local-20260825T070745,2026-08-25T07:09:14-05:00,1000007-B,NA,(11) Grupo 11,Leonid Lebedev,30,15
local-20260825T070745,2026-08-25T07:09:14-05:00,1000007-B,NA,(12) Grupo 12,No informado,58,15
local-20260825T070745,2026-08-25T07:09:14-05:00,1000007-B,NA,(13) Grupo 13,Omar Duque Gomez,40,15
local-20260825T070745,2026-08-25T07:09:14-05:00,1000007-B,NA,(14) Grupo 14,No informado,96,15
local-20260825T070745,2026-08-25T07:09:14-05:00,1000007-B,NA,(3) Grupo 3,Serafin Bautista Diaz,21,15
local-20260825T070745,2026-08-25T07:09:14-05:00,1000007-B,NA,(4) Grupo 4,EDIXON MANUEL ROJAS SANTANA,58,15
local-20260825T070745,2026-08-25T07:09:14-05:00,1000007-B,NA,(6) Grupo 6,Alexander Caviedes Castro,45,15
local-20260825T070745,2026-08-25T07:09:14-05:00,1000007-B,NA,(7) Grupo 7,Oscar Guillermo Riaño Castañeda,4,15
local-20260825T070745,2026-08-25T07:09:14-05:00,1000007-B,NA,(9) Grupo 9,Orlando Vanegas Canro,0,15
local-20260825T070745,2026-08-25T07:09:16-05:00,2026134,CLASE TEORICA,(1) Grupo 1,No informado,0,16
local-20260825T070745,2026-08-25T07:09:16-05:00,2026134,CLASE TEORICA,(2) Grupo 2,Juan Manuel Lizarazo Marriaga,12,16
local-20260825T070745,2026-08-25T07:09:16-05:00,2026134,CLASE TEORICA,(3) Grupo 3,Maritzabel Molina Herrera,28,16
local-20260825T070745,2026-08-25T07:09:16-05:00,2026134,CLASE TEORICA,(4) Grupo 4,Carlos Ramiro Vallecilla Bahena,22,16
local-20260825T070745,2026-08-25T07:09:16-05:00,2026134,CLASE TEORICA,(5) Grupo 5,Fernando Lozano Osorno,20,16
local-20260825T070745,2026-08-25T07:09:16-05:00,2026134,CLASE TEORICA,(6) Grupo 6,No informado,30,16
local-20260825T070745,2026-08-25T07:09:17-05:00,2015954,CLASE TEORICA,(1) Grupo 1,Erasmo Alfredo Rodriguez Sandoval,29,17
local-20260825T070745,2026-08-25T07:09:17-05:00,2015954,CLASE TEORICA,(2) Grupo 2,Mario Enrique Moreno Castiblanco,17,17
local-20260825T070745,2026-08-25T07:09:17-05:00,2015954,CLASE TEORICA,(3) Grupo 3,Luis Alejandro Morales Marin,23,17
local-20260825T070745,2026-08-25T07:09:19-05:00,2015955,CLASE TEORICA,(1) Grupo 1,Giovanni Andres Cortes Tovar,6,18
local-20260825T070745,2026-08-25T07:09:19-05:00,2015955,CLASE TEORICA,(2) Grupo 2,Angela Barrera Puerto,29,18
local-20260825T070745,2026-08-25T07:09:19-05:00,2015955,CLASE TEORICA,(3) Grupo 3,Giovanni Andres Cortes Tovar,0,18
local-20260825T070745,2026-08-25T07:09:20-05:00,1000011-B,CLASE TEORICA,(1) Grupo 1,Ernesto Javier Puertas Dellepianes,106,19
local-20260825T070745,2026-08-25T07:09:20-05:00,1000011-B,CLASE TEORICA,(3) Grupo 3,Néstor Fernando Perez Buitrago,10,19
local-20260825T070745,2026-08-25T07:09:23-05:00,1000019-B,CLASE LABORATORIO,(1) Grupo 1,Gustavo Martinez Tamayo,0,20
local-20260825T070745,2026-08-25T07:09:23-05:00,1000019-B,CLASE LABORATORIO,(10) Grupo 10,No informado,0,20
local-20260825T070745,2026-08-25T07:09:23-05:00,1000019-B,CLASE LABORATORIO,(11) Grupo 11,EVER DAVID ALCALA CAJAR,0,20
local-20260825T070745,2026-08-25T07:09:23-05:00,1000019-B,CLASE LABORATORIO,(12) Grupo 12,FABIAN FELIPE QUEVEDO FARIETA,0,20
local-20260825T070745,2026-08-25T07:09:23-05:00,1000019-B,CLASE LABORATORIO,(13) Grupo 13,Alvaro Marino Camargo,0,20
local-20260825T070745,2026-08-25T07:09:23-05:00,1000019-B,CLASE LABORATORIO,(14) Grupo 14,Alvaro Marino Camargo,0,20
local-20260825T070745,2026-08-25T07:09:23-05:00,1000019-B,CLASE LABORATORIO,(15) Grupo 15,EVER DAVID ALCALA CAJAR,0,20
local-20260825T070745,2026-08-25T07:09:23-05:00,1000019-B,CLASE LABORATORIO,(16) Grupo 16,Alvaro Marino Camargo,17,20
local-20260825T070745,2026-08-25T07:09:23-05:00,1000019-B,CLASE LABORATORIO,(17) Grupo 17,JULIAN MATEO DE MENDOZA GUTIERREZ,0,20
local-20260825T070745,2026-08-25T07:09:23-05:00,1000019-B,CLASE LABORATORIO,(18) Grupo 18,Jaime Villalobos Velasco,10,20
local-20260825T070745,2026-08-25T07:09:23-05:00,1000019-B,CLASE LABORATORIO,(19) Grupo 19,JULY PAOLA GARZÓN LOPEZ,22,20
local-20260825T070745,2026-08-25T07:09:23-05:00,1000019-B,CLASE LABORATORIO,(2) Grupo 2,Gustavo Martinez Tamayo,0,20
local-20260825T070745,2026-08-25T07:09:23-05:00,1000019-B,CLASE LABORATORIO,(20) Grupo 20,JOSE ALFREDO GOMEZ MATEUS,28,20
local-20260825T070745,2026-08-25T07:09:23-05:00,1000019-B,CLASE LABORATORIO,(21) Grupo 21,Pedro Hernan Sanchez Machet,0,20
local-20260825T070745,2026-08-25T07:09:23-05:00,1000019-B,CLASE LABORATORIO,(22) Grupo 22,Pedro Hernan Sanchez Machet,18,20
local-20260825T070745,2026-08-25T07:09:23-05:00,1000019-B,CLASE LABORATORIO,(23) Grupo 23,Pedro Hernan Sanchez Machet,30,20
local-20260825T070745,2026-08-25T07:09:23-05:00,1000019-B,CLASE LABORATORIO,(24) Grupo 24,Pedro Hernan Sanchez Machet,18,20
local-20260825T070745,2026-08-25T07:09:23-05:00,1000019-B,CLASE LABORATORIO,(25) Grupo 25,Plinio Del Carmen Teheran Sermeno,24,20
local-20260825T070745,2026-08-25T07:09:23-05:00,1000019-B,CLASE LABORATORIO,(26) Grupo 26 (VIRTUAL),Plinio Del Carmen Teheran Sermeno,25,20
local-20260825T070745,2026-08-25T07:09:23-05:00,1000019-B,CLASE LABORATORIO,(27) Grupo 27 (VIRTUAL),Plinio Del Carmen Teheran Sermeno,27,20
local-20260825T070745,2026-08-25T07:09:23-05:00,1000019-B,CLASE LABORATORIO,(28) Grupo 28 (VIRTUAL),Plinio Del Carmen Teheran Sermeno,31,20
local-20260825T070745,2026-08-25T07:09:23-05:00,1000019-B,CLASE LABORATORIO,(29) Grupo 29 (VIRTUAL),Plinio Del Carmen Teheran Sermeno,32,20
local-20260825T070745,2026-08-25T07:09:23-05:00,1000019-B,CLASE LABORATORIO,(3) Grupo 3,Gustavo Martinez Tamayo,0,20
local-20260825T070745,2026-08-25T07:09:23-05:00,1000019-B,CLASE LABORATORIO,(4) Grupo 4,No informado,10,20
local-20260825T070745,2026-08-25T07:09:23-05:00,1000019-B,CLASE LABORATORIO,(5) Grupo 5,FABIAN FELIPE QUEVEDO FARIETA,18,20
local-20260825T070745,2026-08-25T07:09:23-05:00,1000019-B,CLASE LABORATORIO,(6) Grupo 6,Jaime Villalobos Velasco,12,20
local-20260825T070745,2026-08-25T07:09:23-05:00,1000019-B,CLASE LABORATORIO,(7) Grupo 7,Jaime Villalobos Velasco,1,20
local-20260825T070745,2026-08-25T07:09:23-05:00,1000019-B,CLASE LABORATORIO,(8) Grupo 8,Alvaro Marino Camargo,23,20
local-20260825T070745,2026-08-25T07:09:23-05:00,1000019-B,CLASE LABORATORIO,(9) Grupo 9,Erika Lorena Rosero Alzate,0,20
local-20260825T070745,2026-08-25T07:09:23-05:00,1000019-B,CLASE TALLER,(1) Grupo 1,FABIAN FELIPE QUEVEDO FARIETA,0,20
local-20260825T070745,2026-08-25T07:09:23-05:00,1000019-B,CLASE TALLER,(10) Grupo 10,FABIAN FELIPE QUEVEDO FARIETA,0,20
local-20260825T070745,2026-08-25T07:09:23-05:00,1000019-B,CLASE TALLER,(11) Grupo 11,JULIAN MATEO DE MENDOZA GUTIERREZ,0,20
local-20260825T070745,2026-08-25T07:09:23-05:00,1000019-B,CLASE TALLER,(12) Grupo 12,JULIAN MATEO DE MENDOZA GUTIERREZ,0,20
local-20260825T070745,2026-08-25T07:09:23-05:00,1000019-B,CLASE TALLER,(13) Grupo 13,MIGUEL ENRIQUE GÁMEZ LÓPEZ,0,20
local-20260825T070745,2026-08-25T07:09:23-05:00,1000019-B,CLASE TALLER,(14) Grupo 14,No informado,0,20
local-20260825T070745,2026-08-25T07:09:23-05:00,1000019-B,CLASE TALLER,(15) Grupo 15,EVER DAVID ALCALA CAJAR,0,20
local-20260825T070745,2026-08-25T07:09:23-05:00,1000019-B,CLASE TALLER,(16) Grupo 16,Edna Carolina Pinilla Beltran,17,20
local-20260825T070745,2026-08-25T07:09:23-05:00,1000019-B,CLASE TALLER,(17) Grupo 17,Jereson Silva Valencia,0,20
local-20260825T070745,2026-08-25T07:09:23-05:00,1000019-B,CLASE TALLER,(18) Grupo 18,Jereson Silva Valencia,10,20
local-20260825T070745,2026-08-25T07:09:23-05:00,1000019-B,CLASE TALLER,(19) Grupo 19,Jereson Silva Valencia,22,20
local-20260825T070745,2026-08-25T07:09:23-05:00,1000019-B,CLASE TALLER,(2) Grupo 2,Gustavo Martinez Tamayo,0,20
local-20260825T070745,2026-08-25T07:09:23-05:00,1000019-B,CLASE TALLER,(20) Grupo 20,Jereson Silva Valencia,28,20
local-20260825T070745,2026-08-25T07:09:23-05:00,1000019-B,CLASE TALLER,(21) Grupo 21,JOSE ALFREDO GOMEZ MATEUS,0,20
local-20260825T070745,2026-08-25T07:09:23-05:00,1000019-B,CLASE TALLER,(22) Grupo 22,JULY PAOLA GARZÓN LOPEZ,18,20
local-20260825T070745,2026-08-25T07:09:23-05:00,1000019-B,CLASE TALLER,(23) Grupo 23,Edna Carolina Pinilla Beltran,30,20
local-20260825T070745,2026-08-25T07:09:23-05:00,1000019-B,CLASE TALLER,(24) Grupo 24,Diego Alejandro Torres Galindo,18,20
local-20260825T070745,2026-08-25T07:09:23-05:00,1000019-B,CLASE TALLER,(25) Grupo 25,Plinio Del Carmen Teheran Sermeno,24,20
local-20260825T070745,2026-08-25T07:09:23-05:00,1000019-B,CLASE TALLER,(26) Grupo 26 (VIRTUAL),Plinio Del Carmen Teheran Sermeno,25,20
local-20260825T070745,2026-08-25T07:09:23-05:00,1000019-B,CLASE TALLER,(27) Grupo 27 (VIRTUAL),Plinio Del Carmen Teheran Sermeno,27,20
local-20260825T070745,2026-08-25T07:09:23-05:00,1000019-B,CLASE TALLER,(28) Grupo 28 (VIRTUAL),Plinio Del Carmen Teheran Sermeno,31,20
local-20260825T070745,2026-08-25T07:09:23-05:00,1000019-B,CLASE TALLER,(29) Grupo 29 (VIRTUAL),Plinio Del Carmen Teheran Sermeno,32,20
local-20260825T070745,2026-08-25T07:09:23-05:00,1000019-B,CLASE TALLER,(3) Grupo 3,Gustavo Martinez Tamayo,0,20
local-20260825T070745,2026-08-25T07:09:23-05:00,1000019-B,CLASE TALLER,(4) Grupo 4,Jaime Villalobos Velasco,10,20
local-20260825T070745,2026-08-25T07:09:23-05:00,1000019-B,CLASE TALLER,(5) Grupo 5,Jaime Villalobos Velasco,18,20
local-20260825T070745,2026-08-25T07:09:23-05:00,1000019-B,CLASE TALLER,(6) Grupo 6,Ramiro Cardona Cardona,12,20
local-20260825T070745,2026-08-25T07:09:23-05:00,1000019-B,CLASE TALLER,(7) Grupo 7,Ramiro Cardona Cardona,1,20
local-20260825T070745,2026-08-25T07:09:23-05:00,1000019-B,CLASE TALLER,(8) Grupo 8,Edna Carolina Pinilla Beltran,23,20
local-20260825T070745,2026-08-25T07:09:23-05:00,1000019-B,CLASE TALLER,(9) Grupo 9,No informado,7,20
local-20260825T070745,2026-08-25T07:09:23-05:00,1000019-B,CLASE MAGISTRAL,(16) Gruop 16,Erika Lorena Rosero Alzate; Daniel Camilo Padilla González,8,20
local-20260825T070745,2026-08-25T07:09:23-05:00,1000019-B,CLASE MAGISTRAL,(1) Grupo 1,Gustavo Martinez Tamayo,0,20
local-20260825T070745,2026-08-25T07:09:23-05:00,1000019-B,CLASE MAGISTRAL,(10) Grupo 10,Ovidio Amado Almanza Montero,0,20
local-20260825T070745,2026-08-25T07:09:23-05:00,1000019-B,CLASE MAGISTRAL,(11) Grupo 11,Ovidio Amado Almanza Montero,0,20
local-20260825T070745,2026-08-25T07:09:23-05:00,1000019-B,CLASE MAGISTRAL,(12) Grupo 12,Ovidio Amado Almanza Montero,0,20
local-20260825T070745,2026-08-25T07:09:23-05:00,1000019-B,CLASE MAGISTRAL,(13) Grupo 13,Jaime Villalobos Velasco,0,20
local-20260825T070745,2026-08-25T07:09:23-05:00,1000019-B,CLASE MAGISTRAL,(14) Grupo 14,Jaime Villalobos Velasco,0,20
local-20260825T070745,2026-08-25T07:09:23-05:00,1000019-B,CLASE MAGISTRAL,(15) Grupo 15,Jaime Villalobos Velasco,0,20
local-20260825T070745,2026-08-25T07:09:23-05:00,1000019-B,CLASE MAGISTRAL,(17) Grupo 17,Jereson Silva Valencia,0,20
local-20260825T070745,2026-08-25T07:09:23-05:00,1000019-B,CLASE MAGISTRAL,(18) Grupo 18,Jereson Silva Valencia,10,20
local-20260825T070745,2026-08-25T07:09:23-05:00,1000019-B,CLASE MAGISTRAL,(19) Grupo 19,Jereson Silva Valencia,22,20
local-20260825T070745,2026-08-25T07:09:23-05:00,1000019-B,CLASE MAGISTRAL,(2) Grupo 2,Gustavo Martinez Tamayo,0,20
local-20260825T070745,2026-08-25T07:09:23-05:00,1000019-B,CLASE MAGISTRAL,(20) Grupo 20,Jereson Silva Valencia,28,20
local-20260825T070745,2026-08-25T07:09:23-05:00,1000019-B,CLASE MAGISTRAL,(21) Grupo 21,Diego Alejandro Torres Galindo,0,20
local-20260825T070745,2026-08-25T07:09:23-05:00,1000019-B,CLASE MAGISTRAL,(22) Grupo 22,Diego Alejandro Torres Galindo,18,20
local-20260825T070745,2026-08-25T07:09:23-05:00,1000019-B,CLASE MAGISTRAL,(23) Grupo 23,Diego Alejandro Torres Galindo,30,20
local-20260825T070745,2026-08-25T07:09:23-05:00,1000019-B,CLASE MAGISTRAL,(24) Grupo 24,Diego Alejandro Torres Galindo,18,20
local-20260825T070745,2026-08-25T07:09:23-05:00,1000019-B,CLASE MAGISTRAL,(25) Grupo 25,Plinio Del Carmen Teheran Sermeno,24,20
local-20260825T070745,2026-08-25T07:09:23-05:00,1000019-B,CLASE MAGISTRAL,(26) Grupo 26 (VIRTUAL),Plinio Del Carmen Teheran Sermeno,25,20
local-20260825T070745,2026-08-25T07:09:23-05:00,1000019-B,CLASE MAGISTRAL,(27) Grupo 27 (VIRTUAL),Plinio Del Carmen Teheran Sermeno,27,20
local-20260825T070745,2026-08-25T07:09:23-05:00,1000019-B,CLASE MAGISTRAL,(28) Grupo 28 (VIRTUAL),Plinio Del Carmen Teheran Sermeno,31,20
local-20260825T070745,2026-08-25T07:09:23-05:00,1000019-B,CLASE MAGISTRAL,(29) Grupo 29 (VIRTUAL),Plinio Del Carmen Teheran Sermeno,32,20
local-20260825T070745,2026-08-25T07:09:23-05:00,1000019-B,CLASE MAGISTRAL,(3) Grupo 3,Gustavo Martinez Tamayo,0,20
local-20260825T070745,2026-08-25T07:09:23-05:00,1000019-B,CLASE MAGISTRAL,(4) Grupo 4,Gustavo Martinez Tamayo,10,20
local-20260825T070745,2026-08-25T07:09:23-05:00,1000019-B,CLASE MAGISTRAL,(5) Grupo 5,Ramiro Cardona Cardona,18,20
local-20260825T070745,2026-08-25T07:09:23-05:00,1000019-B,CLASE MAGISTRAL,(6) Grupo 6,Ramiro Cardona Cardona,12,20
local-20260825T070745,2026-08-25T07:09:23-05:00,1000019-B,CLASE MAGISTRAL,(7) Grupo 7,Ramiro Cardona Cardona,1,20
local-20260825T070745,2026-08-25T07:09:23-05:00,1000019-B,CLASE MAGISTRAL,(8) Grupo 8,Ramiro Cardona Cardona,23,20
local-20260825T070745,2026-08-25T07:09:23-05:00,1000019-B,CLASE MAGISTRAL,(9) Grupo 9,Fredy Angel Jimenez Giraldo,7,20
local-20260825T070745,2026-08-25T07:09:25-05:00,2015956,CLASE TEORICA,(1) Grupo 1,Modesto Portilla Gamboa; Fernando Eli Romero Ordoñez,16,21
local-20260825T070745,2026-08-25T07:09:25-05:00,2015956,CLASE TEORICA,(2) Grupo 2,Jennifer Angel Amaya,17,21
local-20260825T070745,2026-08-25T07:09:25-05:00,2015956,CLASE TEORICA,(3) Grupo 3,Jennifer Angel Amaya,11,21
local-20260825T070745,2026-08-25T07:09:25-05:00,2015956,CLASE TEORICA,(4) Grupo 4,Fernando Eli Romero Ordoñez; Modesto Portilla Gamboa,32,21
local-20260825T070745,2026-08-25T07:09:27-05:00,2015957,CLASE PRACTICA,(1) Grupo 1,No informado,24,22
local-20260825T070745,2026-08-25T07:09:27-05:00,2015957,CLASE PRACTICA,(2) Grupo 2,Samuel Fernando Mesa Giraldo,23,22
local-20260825T070745,2026-08-25T07:09:27-05:00,2015957,CLASE PRACTICA,(3) Grupo 3,Rose Marie Aldana Boutin,16,22
local-20260825T070745,2026-08-25T07:09:27-05:00,2015957,CLASE PRACTICA,(4) Grupo 4,Rose Marie Aldana Boutin,11,22
local-20260825T070745,2026-08-25T07:09:29-05:00,2015958,CLASE PRACTICA,(1) Grupo 1,William Castro Garcia,0,23
local-20260825T070745,2026-08-25T07:09:29-05:00,2015958,CLASE PRACTICA,(2) Grupo 2,William Castro Garcia,0,23
local-20260825T070745,2026-08-25T07:09:29-05:00,2015958,CLASE PRACTICA,(3) Grupo 3,Carlos Alfonso Gomez Guacaneme,7,23
local-20260825T070745,2026-08-25T07:09:29-05:00,2015958,CLASE PRACTICA,(4) Grupo 4,Mario Arturo Rincon Villalba,9,23
local-20260825T070745,2026-08-25T07:09:29-05:00,2015958,CLASE PRACTICA,(5) Grupo 5,Mario Arturo Rincon Villalba,10,23
local-20260825T070745,2026-08-25T07:09:29-05:00,2015958,CLASE PRACTICA,(6) Grupo 6,Fausto Alejandro Silva España,6,23
local-20260825T070745,2026-08-25T07:09:29-05:00,2015958,CLASE PRACTICA,(7) Grupo 7,Fausto Alejandro Silva España,5,23
local-20260825T070745,2026-08-25T07:09:29-05:00,2015958,CLASE PRACTICA,(8) Grupo 8,Fausto Alejandro Silva España,7,23
local-20260825T070745,2026-08-25T07:09:29-05:00,2015958,CLASE PRACTICA,(9) Grupo 9,Fausto Alejandro Silva España,11,23
local-20260825T070745,2026-08-25T07:09:29-05:00,2015958,CLASE TEORICA,(1) Grupo 1,William Castro Garcia,0,23
local-20260825T070745,2026-08-25T07:09:29-05:00,2015958,CLASE TEORICA,(3) Grupo 3,Carlos Alfonso Gomez Guacaneme,7,23
local-20260825T070745,2026-08-25T07:09:29-05:00,2015958,CLASE TEORICA,(4) Grupo 4,Mario Arturo Rincon Villalba,19,23
local-20260825T070745,2026-08-25T07:09:29-05:00,2015958,CLASE TEORICA,(6) Grupo 6,Cesar Andres Cortes Bello,11,23
local-20260825T070745,2026-08-25T07:09:29-05:00,2015958,CLASE TEORICA,(8) Grupo 8,Cesar Andres Cortes Bello,18,23
local-20260825T070745,2026-08-25T07:09:31-05:00,2015959,CLASE TEORICA,(1) Grupo 1,Carlos Eduardo Rodriguez Pineda,30,24
local-20260825T070745,2026-08-25T07:09:31-05:00,2015959,CLASE TEORICA,(2) Grupo 2,Guillermo Eduardo Avila Alvarez,21,24
local-20260825T070745,2026-08-25T07:09:31-05:00,2015959,CLASE TEORICA,(3) Grupo 3,Livaniel Viveros Rosero,27,24
local-20260825T070745,2026-08-25T07:09:31-05:00,2015959,CLASE TEORICA,(4) Grupo 4,No informado,0,24
local-20260825T070745,2026-08-25T07:09:32-05:00,2022760,NA,(1) Grupo 1,No informado,0,25
local-20260825T070745,2026-08-25T07:09:40-05:00,2015961,CLASE TEORICA,(1) Grupo 1,Rafael Orland Ortiz Mosquera,23,26
local-20260825T070745,2026-08-25T07:09:40-05:00,2015961,CLASE TEORICA,(2) Grupo 2,Adriana Patricia Piña Fulano,18,26
local-20260825T070745,2026-08-25T07:09:40-05:00,2015961,CLASE TEORICA,(3) Grupo 3,Gelber Norberto Gutierrez Palacios,22,26
local-20260825T070745,2026-08-25T07:09:40-05:00,2015961,CLASE TEORICA,(4) Grupo 4,No informado,20,26
local-20260825T070745,2026-08-25T07:09:40-05:00,2015961,CLASE TEORICA,(5) Grupo 5,No informado,22,26
local-20260825T070745,2026-08-25T07:09:40-05:00,2015961,CLASE TEORICA,(6) Grupo 6,Leonardo David Donado Garzon,21,26
local-20260825T070745,2026-08-25T07:09:42-05:00,2015978,CLASE TEORICA,(1) Grupo 1,No informado,0,27
local-20260825T070745,2026-08-25T07:09:42-05:00,2015978,CLASE TEORICA,(2) Grupo 2,Erasmo Alfredo Rodriguez Sandoval,26,27
local-20260825T070745,2026-08-25T07:09:42-05:00,2015978,CLASE TEORICA,(3) Grupo 3,No informado,29,27
local-20260825T070745,2026-08-25T07:09:42-05:00,2015978,CLASE TEORICA,(4) Grupo 4,No informado,27,27
local-20260825T070745,2026-08-25T07:09:42-05:00,2015978,CLASE TEORICA,(5) Grupo 5,No informado,25,27
local-20260825T070745,2026-08-25T07:09:43-05:00,2026135,CLASE TEORICA,(1) Grupo 1,NICOLAS ESCALANTE MORA,0,28
local-20260825T070745,2026-08-25T07:09:43-05:00,2026135,CLASE TEORICA,(2) Grupo 2,Leonel Vega Mora,11,28
local-20260825T070745,2026-08-25T07:09:43-05:00,2026135,CLASE TEORICA,(3) Grupo 3,Leonel Vega Mora,0,28
local-20260825T070745,2026-08-25T07:09:45-05:00,2015963,CLASE TEORICA,(1) Grupo 1,No informado,26,29
local-20260825T070745,2026-08-25T07:09:45-05:00,2015963,CLASE TEORICA,(2) Grupo 2,No informado,27,29
local-20260825T070745,2026-08-25T07:09:45-05:00,2015963,CLASE TEORICA,(3) Grupo 3,William Castro Garcia,22,29
local-20260825T070745,2026-08-25T07:09:47-05:00,2026138,CLASE TEORICA,(1) Grupo 1,Ivan Dario Serrano Arrieta,25,30
local-20260825T070745,2026-08-25T07:09:47-05:00,2026138,CLASE TEORICA,(2) Grupo 2,Ivan Dario Serrano Arrieta,23,30
local-20260825T070745,2026-08-25T07:09:47-05:00,2026138,CLASE TEORICA,(3) Grupo 3,Pedro Luis Jimenez Poveda,27,30
local-20260825T070745,2026-08-25T07:09:48-05:00,2015703,NA,(1) Grupo 1,Angela Maria Arboleda Restrepo,38,31
local-20260825T070745,2026-08-25T07:09:48-05:00,2015703,NA,(10) Grupo 10,Diego Alejandro Hernandez Castañeda,22,31
local-20260825T070745,2026-08-25T07:09:48-05:00,2015703,NA,(11) Grupo 11,Julio Cesar Cañon Rodriguez,2,31
local-20260825T070745,2026-08-25T07:09:48-05:00,2015703,NA,(2) Grupo 2,Osman Benjamin Giovanny Vargas Rozo,31,31
local-20260825T070745,2026-08-25T07:09:48-05:00,2015703,NA,(3) Grupo 3,Hugo Alberto Herrera Fonseca,35,31
local-20260825T070745,2026-08-25T07:09:48-05:00,2015703,NA,(4) Grupo 4,LINA JULIANA BULLA CASAS,24,31
local-20260825T070745,2026-08-25T07:09:48-05:00,2015703,NA,(5) Grupo 5 - Virtual,Cesar Augusto Roa Lemus,53,31
local-20260825T070745,2026-08-25T07:09:48-05:00,2015703,NA,(6) Grupo 6,JAVIER RICARDO OJEDA SANCHEZ,14,31
local-20260825T070745,2026-08-25T07:09:48-05:00,2015703,NA,(7) Grupo 7,JAVIER RICARDO OJEDA SANCHEZ,24,31
local-20260825T070745,2026-08-25T07:09:48-05:00,2015703,NA,(8) Grupo 8,Diego Alejandro Hernandez Castañeda,33,31
local-20260825T070745,2026-08-25T07:09:48-05:00,2015703,NA,(9) Grupo 9,LINA JULIANA BULLA CASAS,20,31
local-20260825T070745,2026-08-25T07:09:51-05:00,1000044-B,CLASE TEORICA,(1) Grupo 1,Beatriz Elena Urrutia Sanchez,9,32
local-20260825T070745,2026-08-25T07:09:51-05:00,1000044-B,CLASE TEORICA,(2) Grupo 2,Yaneli Niño Osorio,4,32
local-20260825T070745,2026-08-25T07:09:51-05:00,1000044-B,CLASE TEORICA,(3) Grupo 3,Luis Gabriel Peña Ortiz,1,32
local-20260825T070745,2026-08-25T07:09:51-05:00,1000044-B,CLASE TEORICA,(4) Grupo 4,Liliana Marcela Guzman Aricapa,0,32
local-20260825T070745,2026-08-25T07:09:51-05:00,1000044-B,CLASE TEORICA,(5) Grupo 5,Beatriz Elena Urrutia Sanchez,0,32
local-20260825T070745,2026-08-25T07:09:51-05:00,1000044-B,CLASE TEORICA,(6) Grupo 6,Cesar Augusto Romero,0,32
local-20260825T070745,2026-08-25T07:09:51-05:00,1000044-B,CLASE TEORICA,(7) Grupo 7,JOSE JONATHAN MAESTRE HERRERA,1,32
local-20260825T070745,2026-08-25T07:09:51-05:00,1000044-B,CLASE TEORICA,(8) Grupo 8,Beymar Leonardo Solorzano Alviz,9,32
local-20260825T070745,2026-08-25T07:09:51-05:00,1000044-B,CLASE TEORICA,(9) Grupo 9,Claudia Marcela Arevalo Gomez,0,32
local-20260825T070745,2026-08-25T07:09:54-05:00,1000045-B,CLASE TEORICA,(1) Grupo 1,Claudia Marcela Arevalo Gomez,3,33
local-20260825T070745,2026-08-25T07:09:54-05:00,1000045-B,CLASE TEORICA,(10) Grupo 10,Jesica paola Rendon Alfonso,0,33
local-20260825T070745,2026-08-25T07:09:54-05:00,1000045-B,CLASE TEORICA,(11) Grupo 11,JOSE JONATHAN MAESTRE HERRERA,0,33
local-20260825T070745,2026-08-25T07:09:54-05:00,1000045-B,CLASE TEORICA,(12) Grupo 12,LINDA JOHANA RUIZ GOMEZ,0,33
local-20260825T070745,2026-08-25T07:09:54-05:00,1000045-B,CLASE TEORICA,(13) Grupo 13,Narly Yadira Pardo Cadena,0,33
local-20260825T070745,2026-08-25T07:09:54-05:00,1000045-B,CLASE TEORICA,(14) Grupo 14,Angelica Saenz Fonseca,7,33
local-20260825T070745,2026-08-25T07:09:54-05:00,1000045-B,CLASE TEORICA,(15) Grupo 15,Narly Yadira Pardo Cadena,10,33
local-20260825T070745,2026-08-25T07:09:54-05:00,1000045-B,CLASE TEORICA,(16) Grupo 16,Luis Gabriel Peña Ortiz,6,33
local-20260825T070745,2026-08-25T07:09:54-05:00,1000045-B,CLASE TEORICA,(2) Grupo 2,Cesar Augusto Romero,6,33
local-20260825T070745,2026-08-25T07:09:54-05:00,1000045-B,CLASE TEORICA,(3) Grupo 3,Jesica paola Rendon Alfonso,2,33
local-20260825T070745,2026-08-25T07:09:54-05:00,1000045-B,CLASE TEORICA,(4) Grupo 4,Adriana Marlen Sanchez Riaño,4,33
local-20260825T070745,2026-08-25T07:09:54-05:00,1000045-B,CLASE TEORICA,(5) Grupo 5,Cesar Augusto Romero,4,33
local-20260825T070745,2026-08-25T07:09:54-05:00,1000045-B,CLASE TEORICA,(6) Grupo 6,Sara Elisa Monsalve Patino,10,33
local-20260825T070745,2026-08-25T07:09:54-05:00,1000045-B,CLASE TEORICA,(7) Grupo 7,Luis Gabriel Peña Ortiz,10,33
local-20260825T070745,2026-08-25T07:09:54-05:00,1000045-B,CLASE TEORICA,(8) Grupo 8,Johnatan Martinez Hernandez,0,33
local-20260825T070745,2026-08-25T07:09:54-05:00,1000045-B,CLASE TEORICA,(9) Grupo 9,Maureen Elizabeth Hooker Oneill,13,33
local-20260825T070745,2026-08-25T07:09:58-05:00,1000046-B,CLASE TEORICA,(1) Grupo 1,Johnatan Martinez Hernandez,0,35
local-20260825T070745,2026-08-25T07:09:58-05:00,1000046-B,CLASE TEORICA,(10) Grupo 10,Jennly Angelica Gomez Rodriguez,0,35
local-20260825T070745,2026-08-25T07:09:58-05:00,1000046-B,CLASE TEORICA,(11) Grupo 11,Angelica Saenz Fonseca,7,35
local-20260825T070745,2026-08-25T07:09:58-05:00,1000046-B,CLASE TEORICA,(12) Grupo 12,Liliana Marcela Guzman Aricapa,0,35
local-20260825T070745,2026-08-25T07:09:58-05:00,1000046-B,CLASE TEORICA,(13) Grupo 13,ALBA LUCIA RIAÑO RODRIGUEZ,18,35
local-20260825T070745,2026-08-25T07:09:58-05:00,1000046-B,CLASE TEORICA,(14) Grupo 14,Angelica Saenz Fonseca,14,35
local-20260825T070745,2026-08-25T07:09:58-05:00,1000046-B,CLASE TEORICA,(15) Grupo 15,Luis Gabriel Peña Ortiz,12,35
local-20260825T070745,2026-08-25T07:09:58-05:00,1000046-B,CLASE TEORICA,(16) Grupo 16,Olga Lucia Ruiz Convers,11,35
local-20260825T070745,2026-08-25T07:09:58-05:00,1000046-B,CLASE TEORICA,(17) Grupo 17,Luis Gabriel Peña Ortiz,8,35
local-20260825T070745,2026-08-25T07:09:58-05:00,1000046-B,CLASE TEORICA,(18) Grupo 18,Narly Yadira Pardo Cadena,3,35
local-20260825T070745,2026-08-25T07:09:58-05:00,1000046-B,CLASE TEORICA,(2) Grupo 2,Jesica paola Rendon Alfonso,16,35
local-20260825T070745,2026-08-25T07:09:58-05:00,1000046-B,CLASE TEORICA,(3) Grupo 3,JESUS DAVID TORRES RODRIGUEZ,19,35
local-20260825T070745,2026-08-25T07:09:58-05:00,1000046-B,CLASE TEORICA,(4) Grupo 4,Claudia Patricia Cortes Lora,13,35
local-20260825T070745,2026-08-25T07:09:58-05:00,1000046-B,CLASE TEORICA,(5) Grupo 5,Johnatan Martinez Hernandez,7,35
local-20260825T070745,2026-08-25T07:09:58-05:00,1000046-B,CLASE TEORICA,(6) Grupo 6,Johnatan Martinez Hernandez,0,35
local-20260825T070745,2026-08-25T07:09:58-05:00,1000046-B,CLASE TEORICA,(7) Grupo 7,Jesica paola Rendon Alfonso,6,35
local-20260825T070745,2026-08-25T07:09:58-05:00,1000046-B,CLASE TEORICA,(8) Grupo 8,Beatriz Elena Urrutia Sanchez,14,35
local-20260825T070745,2026-08-25T07:09:58-05:00,1000046-B,CLASE TEORICA,(9) Grupo 9,Maureen Elizabeth Hooker Oneill,10,35
local-20260825T070745,2026-08-25T07:10:03-05:00,1000052-B,CLASE TEORICA,(1) Grupo 1,Liliana Marcela Guzman Aricapa,14,37
local-20260825T070745,2026-08-25T07:10:03-05:00,1000052-B,CLASE TEORICA,(2) Grupo 2,JOSE JONATHAN MAESTRE HERRERA,12,37
local-20260825T070745,2026-08-25T07:10:03-05:00,1000052-B,CLASE TEORICA,(3) Grupo 3,Aida Elena Monsalve Solorzano,17,37
local-20260825T070745,2026-08-25T07:10:04-05:00,1000053-B,CLASE TEORICA,(1) Grupo 1,Jennly Angelica Gomez Rodriguez,17,38
local-20260825T070745,2026-08-25T07:10:04-05:00,1000053-B,CLASE TEORICA,(2) Grupo 2,Yaneli Niño Osorio,5,38
local-20260825T070745,2026-08-25T07:10:04-05:00,1000053-B,CLASE TEORICA,(3) Grupo 3,Javier Rodriguez Gomez,24,38
local-20260825T070745,2026-08-25T07:10:04-05:00,1000053-B,CLASE TEORICA,(4) Grupo 4,Javier Rodriguez Gomez,21,38
local-20260825T070745,2026-08-25T07:10:04-05:00,1000053-B,CLASE TEORICA,(5) Grupo 5,LINDA JOHANA RUIZ GOMEZ,21,38
local-20260825T070745,2026-08-25T07:10:04-05:00,1000053-B,CLASE TEORICA,(6) Grupo 6,Olga Lucia Ruiz Convers,13,38
local-20260825T070745,2026-08-25T07:10:14-05:00,1000047-B,CLASE TEORICA,(1) Grupo 1,Cesar Augusto Romero,0,39
local-20260825T070745,2026-08-25T07:10:14-05:00,1000047-B,CLASE TEORICA,(10) Grupo 10,Monica Alexandra Riaño Orjuela,0,39
local-20260825T070745,2026-08-25T07:10:14-05:00,1000047-B,CLASE TEORICA,(11) Grupo 11,Jennly Angelica Gomez Rodriguez,16,39
local-20260825T070745,2026-08-25T07:10:14-05:00,1000047-B,CLASE TEORICA,(12) Grupo 12,Claudia Patricia Cortes Lora,13,39
local-20260825T070745,2026-08-25T07:10:14-05:00,1000047-B,CLASE TEORICA,(13) Grupo 13,Angelica Saenz Fonseca,18,39
local-20260825T070745,2026-08-25T07:10:14-05:00,1000047-B,CLASE TEORICA,(14) Grupo 14,LINDA JOHANA RUIZ GOMEZ,0,39
local-20260825T070745,2026-08-25T07:10:14-05:00,1000047-B,CLASE TEORICA,(15) Grupo 15,Claudia Patricia Cortes Lora,5,39
local-20260825T070745,2026-08-25T07:10:14-05:00,1000047-B,CLASE TEORICA,(16) Grupo 16,Narly Yadira Pardo Cadena,7,39
local-20260825T070745,2026-08-25T07:10:14-05:00,1000047-B,CLASE TEORICA,(17) Grupo 17,Angelica Saenz Fonseca,11,39
local-20260825T070745,2026-08-25T07:10:14-05:00,1000047-B,CLASE TEORICA,(18) Grupo 18,ALBA LUCIA RIAÑO RODRIGUEZ,20,39
local-20260825T070745,2026-08-25T07:10:14-05:00,1000047-B,CLASE TEORICA,(19) Grupo 19,Aida Elena Monsalve Solorzano,15,39
local-20260825T070745,2026-08-25T07:10:14-05:00,1000047-B,CLASE TEORICA,(2) Grupo 2,Yaneli Niño Osorio,2,39
local-20260825T070745,2026-08-25T07:10:14-05:00,1000047-B,CLASE TEORICA,(20) Grupo 20,ALBA LUCIA RIAÑO RODRIGUEZ,19,39
local-20260825T070745,2026-08-25T07:10:14-05:00,1000047-B,CLASE TEORICA,(21) Grupo 21,Edwin Yesid Leon Silva,13,39
local-20260825T070745,2026-08-25T07:10:14-05:00,1000047-B,CLASE TEORICA,(22) Grupo 22,LINDA JOHANA RUIZ GOMEZ,15,39
local-20260825T070745,2026-08-25T07:10:14-05:00,1000047-B,CLASE TEORICA,(3) Grupo 3,Monica Alexandra Riaño Orjuela,15,39
local-20260825T070745,2026-08-25T07:10:14-05:00,1000047-B,CLASE TEORICA,(4) Grupo 4,Claudia Patricia Cortes Lora,20,39
local-20260825T070745,2026-08-25T07:10:14-05:00,1000047-B,CLASE TEORICA,(5) Grupo 5,Olga Lucia Ruiz Convers,0,39
local-20260825T070745,2026-08-25T07:10:14-05:00,1000047-B,CLASE TEORICA,(6) Grupo 6,Monica Alexandra Riaño Orjuela,1,39
local-20260825T070745,2026-08-25T07:10:14-05:00,1000047-B,CLASE TEORICA,(7) Grupo 7,Cesar Augusto Romero,0,39
local-20260825T070745,2026-08-25T07:10:14-05:00,1000047-B,CLASE TEORICA,(8) Grupo 8,Beatriz Elena Urrutia Sanchez,13,39
local-20260825T070745,2026-08-25T07:10:14-05:00,1000047-B,CLASE TEORICA,(9) Grupo 9,Keshia Hilary Howard Livingston,14,39
local-20260825T070745,2026-08-25T07:10:17-05:00,2026186,CLASE TEORICA,(1) Grupo 1,Carol Andrea Murillo Feo,0,41
local-20260825T070745,2026-08-25T07:10:17-05:00,2026186,CLASE TEORICA,(2) Grupo 2,Leonel Vega Mora,0,41
local-20260825T070745,2026-08-25T07:10:17-05:00,2026186,CLASE TEORICA,(3) Grupo 3,CAMILO RIOS FRESNEDA,0,41
local-20260825T070745,2026-08-25T07:10:17-05:00,2026186,CLASE TEORICA,(4) Grupo 4,Carlos Orlando Robles Roa,0,41
local-20260825T070745,2026-08-25T07:10:23-05:00,1000001-B,CLASE TEORICA,(1) Grupo 1,No informado,0,43
local-20260825T070745,2026-08-25T07:10:23-05:00,1000001-B,CLASE TEORICA,(19) Grupo 19,No informado,4,43
local-20260825T070745,2026-08-25T07:10:23-05:00,1000001-B,CLASE TEORICA,(2) Grupo 2,No informado,19,43
local-20260825T070745,2026-08-25T07:10:23-05:00,1000001-B,CLASE MAGISTRAL,(1) Grupo 1,Ibeth Marcela Rubio Perilla,0,43
local-20260825T070745,2026-08-25T07:10:23-05:00,1000001-B,CLASE MAGISTRAL,(10) Grupo 10,No informado,0,43
local-20260825T070745,2026-08-25T07:10:23-05:00,1000001-B,CLASE MAGISTRAL,(2) Grupo 2,Herbert Alonso Dueñas Ruiz,0,43
local-20260825T070745,2026-08-25T07:10:23-05:00,1000001-B,CLASE MAGISTRAL,(3) Grupo 3,Jeanneth Galeano Penaloza,0,43
local-20260825T070745,2026-08-25T07:10:23-05:00,1000001-B,CLASE MAGISTRAL,(4) Grupo 4,Gustavo Adolfo Nieto Clavijo,0,43
local-20260825T070745,2026-08-25T07:10:23-05:00,1000001-B,CLASE MAGISTRAL,(5) Grupo 5,Natalia Camila Pinzon Cortes,0,43
local-20260825T070745,2026-08-25T07:10:23-05:00,1000001-B,CLASE MAGISTRAL,(6) Grupo 6,Martha Cecilia Moreno Penagos,0,43
local-20260825T070745,2026-08-25T07:10:23-05:00,1000001-B,CLASE MAGISTRAL,(7) Grupo 7,Claudio Rodriguez Beltran,1,43
local-20260825T070745,2026-08-25T07:10:23-05:00,1000001-B,CLASE MAGISTRAL,(8) Grupo 8,Gabriel Ignacio Padilla Leon,0,43
local-20260825T070745,2026-08-25T07:10:23-05:00,1000001-B,CLASE MAGISTRAL,(9) Grupo 9,No informado,9,43
local-20260825T070745,2026-08-25T07:10:25-05:00,2015965,CLASE TEORICA,(1) Grupo 1,CAMILO RIOS FRESNEDA,17,44
local-20260825T070745,2026-08-25T07:10:25-05:00,2015965,CLASE TEORICA,(2) Grupo 2,Julian David Puerto Suarez; Vladimir Buelvas Hernández,21,44
local-20260825T070745,2026-08-25T07:10:25-05:00,2015965,CLASE TEORICA,(3) Grupo 3,Ferney Betancourt Cardozo; Juan Manuel Lizarazo Marriaga,21,44
local-20260825T070745,2026-08-25T07:10:25-05:00,2015965,CLASE TEORICA,(4) Grupo 4,No informado,21,44
local-20260825T070745,2026-08-25T07:10:27-05:00,2015966,CLASE TEORICA,(1) Grupo 1,No informado,22,45
local-20260825T070745,2026-08-25T07:10:27-05:00,2015966,CLASE TEORICA,(2) Grupo 2,Adriana Patricia Piña Fulano,13,45
local-20260825T070745,2026-08-25T07:10:27-05:00,2015966,CLASE TEORICA,(3) Grupo 3,Rafael Orland Ortiz Mosquera,22,45
local-20260825T070745,2026-08-25T07:10:27-05:00,2015966,CLASE TEORICA,(4) Grupo 4,No informado,23,45
local-20260825T070745,2026-08-25T07:10:27-05:00,2015966,CLASE TEORICA,(5) Grupo 5,No informado,23,45
local-20260825T070745,2026-08-25T07:10:27-05:00,2015966,CLASE TEORICA,(6) Grupo 6,Luis Alejandro Morales Marin,20,45
local-20260825T070745,2026-08-25T07:10:27-05:00,2015966,CLASE TEORICA,(7) Grupo 7,No informado,23,45
local-20260825T070745,2026-08-25T07:10:27-05:00,2015966,CLASE TEORICA,(8) Grupo 8,No informado,24,45
local-20260825T070745,2026-08-25T07:10:29-05:00,2015967,NA,(1) Grupo 1,Vladimir Buelvas Hernández,0,46
local-20260825T070745,2026-08-25T07:10:30-05:00,2015968,CLASE TEORICA,(1) Grupo 1,Ricardo Parra Arango,21,47
local-20260825T070745,2026-08-25T07:10:30-05:00,2015968,CLASE TEORICA,(2) Grupo 2,Juan David Oliveros Salazar,14,47
local-20260825T070745,2026-08-25T07:10:30-05:00,2015968,CLASE TEORICA,(3) Grupo 3,No informado,23,47
local-20260825T070745,2026-08-25T07:10:30-05:00,2015968,CLASE TEORICA,(4) Grupo 4,Ricardo Parra Arango,23,47
local-20260825T070745,2026-08-25T07:10:30-05:00,2015968,CLASE TEORICA,(5) Grupo 5,Julian David Puerto Suarez,19,47
local-20260825T070745,2026-08-25T07:10:30-05:00,2015968,CLASE TEORICA,(6) Grupo 6,Dorian Luis Linero Segrera,21,47
local-20260825T070745,2026-08-25T07:10:30-05:00,2015968,CLASE TEORICA,(7) Grupo 7,No informado,0,47
local-20260825T070745,2026-08-25T07:10:32-05:00,2015969,CLASE TEORICA,(1) Grupo 1 (Inglés),Julio Esteban Colmenares Montañez,27,48
local-20260825T070745,2026-08-25T07:10:32-05:00,2015969,CLASE TEORICA,(2) Grupo 2,Guillermo Eduardo Avila Alvarez,22,48
local-20260825T070745,2026-08-25T07:10:32-05:00,2015969,CLASE TEORICA,(3) Grupo 3,Livaniel Viveros Rosero,22,48
local-20260825T070745,2026-08-25T07:10:32-05:00,2015969,CLASE TEORICA,(4) Grupo 4,No informado,25,48
local-20260825T070745,2026-08-25T07:10:34-05:00,2015970,CLASE PRACTICA,(4) Grupo 4,Helga Duarte,28,49
local-20260825T070745,2026-08-25T07:10:34-05:00,2015970,CLASE PRACTICA,(5) Grupo 5,Oswaldo Rojas Camacho,37,49
local-20260825T070745,2026-08-25T07:10:34-05:00,2015970,CLASE PRACTICA,(8) Grupo 8,Helga Duarte,26,49
local-20260825T070745,2026-08-25T07:10:34-05:00,2015970,CLASE PRACTICA,(9) Grupo 9,Oswaldo Rojas Camacho,33,49
local-20260825T070745,2026-08-25T07:10:35-05:00,2017293,CLASE TEORICA,(1) 2017293-1 Modelación matemática,David Leonardo Diaz Leon,26,50
local-20260825T070745,2026-08-25T07:10:35-05:00,2017293,CLASE TEORICA,(2) 2017293-2 Modelación matemática,David Leonardo Diaz Leon,26,50
local-20260825T070745,2026-08-25T07:10:35-05:00,2017293,CLASE MAGISTRAL,(1M) 2017293-1M Modelación matemática - Magistral,Carlos Alberto Duque Daza,64,50
local-20260825T070745,2026-08-25T07:10:49-05:00,2015971,CLASE TEORICA,(1) Grupo 1,No informado,26,53
local-20260825T070745,2026-08-25T07:10:49-05:00,2015971,CLASE TEORICA,(2) Grupo 2,Ferney Betancourt Cardozo,20,53
local-20260825T070745,2026-08-25T07:10:49-05:00,2015971,CLASE TEORICA,(3) Grupo 3,No informado,25,53
local-20260825T070745,2026-08-25T07:10:50-05:00,2015972,CLASE TEORICA,(1) Grupo 1,Carlos Alberto Moncada Aristizabal,0,54
local-20260825T070745,2026-08-25T07:10:50-05:00,2015972,CLASE TEORICA,(2) Grupo 2,SANTIAGO RAMIREZ ECHEVERRI,0,54
local-20260825T070745,2026-08-25T07:10:50-05:00,2015972,CLASE TEORICA,(3) Grupo 3,No informado,0,54
local-20260825T070745,2026-08-25T07:10:52-05:00,1000024-B,CLASE TEORICA,(12) Grupo 12,Edgar Delgado Mejia,0,55
local-20260825T070745,2026-08-25T07:10:52-05:00,1000024-B,CLASE TEORICA,(13) Grupo 13,Jesus Sigifredo Valencia Rios,0,55
local-20260825T070745,2026-08-25T07:10:52-05:00,1000024-B,CLASE TEORICA,(14) Grupo 14,Jhon Jairo Aragón Arias,8,55
local-20260825T070745,2026-08-25T07:10:54-05:00,1000013-B,CLASE TEORICA,(1) Grupo 1,JHONIER SEBASTIAN RANGEL GUTIERREZ,0,56
local-20260825T070745,2026-08-25T07:10:54-05:00,1000013-B,CLASE TEORICA,(10) Grupo 10,Sandra Vergara Cardozo,0,56
local-20260825T070745,2026-08-25T07:10:54-05:00,1000013-B,CLASE TEORICA,(11) Grupo 11,DIEGO ALBERTO MARTINEZ SIMBAQUEVA,0,56
local-20260825T070745,2026-08-25T07:10:54-05:00,1000013-B,CLASE TEORICA,(12) Grupo 12,DIEGO ALBERTO MARTINEZ SIMBAQUEVA,0,56
local-20260825T070745,2026-08-25T07:10:54-05:00,1000013-B,CLASE TEORICA,(13) Grupo 13,DIEGO ALBERTO MARTINEZ SIMBAQUEVA,0,56
local-20260825T070745,2026-08-25T07:10:54-05:00,1000013-B,CLASE TEORICA,(16) Grupo 16,Sergio Alejandro Calderon Villanueva,21,56
local-20260825T070745,2026-08-25T07:10:54-05:00,1000013-B,CLASE TEORICA,(2) Grupo 2,Luis Guillermo Diaz Monroy,28,56
local-20260825T070745,2026-08-25T07:10:54-05:00,1000013-B,CLASE TEORICA,(22) Grupo 22,Hanwen Zhang,26,56
local-20260825T070745,2026-08-25T07:10:54-05:00,1000013-B,CLASE TEORICA,(23) Grupo 23,ULPIANO LARA CRISTANCHO,0,56
local-20260825T070745,2026-08-25T07:10:54-05:00,1000013-B,CLASE TEORICA,(3) Grupo 3,Diana Carolina Franco Soto,25,56
local-20260825T070745,2026-08-25T07:10:54-05:00,1000013-B,CLASE TEORICA,(4) Grupo 4,Diana Carolina Franco Soto,31,56
local-20260825T070745,2026-08-25T07:10:54-05:00,1000013-B,CLASE TEORICA,(5) Grupo 5,Darwin Eduardo Martínez Riaño,13,56
local-20260825T070745,2026-08-25T07:10:54-05:00,1000013-B,CLASE TEORICA,(6) Grupo 6,Darwin Eduardo Martínez Riaño,29,56
local-20260825T070745,2026-08-25T07:10:54-05:00,1000013-B,CLASE TEORICA,(7) Grupo 7,Camilo Jose Torres Jimenez,10,56
local-20260825T070745,2026-08-25T07:10:57-05:00,2015734,NA,(1) Grupo 1,Fernando Salazar Delgado,0,57
local-20260825T070745,2026-08-25T07:10:57-05:00,2015734,NA,(10) Grupo 10,Tito Florez Calderon,0,57
local-20260825T070745,2026-08-25T07:10:57-05:00,2015734,NA,(11) Grupo 11,DAVID ALBERTO HERRERA ALVAREZ,0,57
local-20260825T070745,2026-08-25T07:10:57-05:00,2015734,NA,(12) Grupo 12,FABIEL NATÁN ESPINOSA CASTAÑEDA,0,57
local-20260825T070745,2026-08-25T07:10:57-05:00,2015734,NA,(13) Grupo 13,SERGIO CAMILO ESPINOSA BOTERO,0,57
local-20260825T070745,2026-08-25T07:10:57-05:00,2015734,NA,(14) Grupo 14,Felipe Gonzalez Roldan,0,57
local-20260825T070745,2026-08-25T07:10:57-05:00,2015734,NA,(2) Grupo 2,Fernando Salazar Delgado,0,57
local-20260825T070745,2026-08-25T07:10:57-05:00,2015734,NA,(3) Grupo 3,Jhoan Sebastian Restrepo Mendoza,0,57
local-20260825T070745,2026-08-25T07:10:57-05:00,2015734,NA,(4) Grupo 4,Sandra Liliana Rojas Martinez,0,57
local-20260825T070745,2026-08-25T07:10:57-05:00,2015734,NA,(5) Grupo 5,Jhoan Sebastian Restrepo Mendoza,0,57
local-20260825T070745,2026-08-25T07:10:57-05:00,2015734,NA,(6) Grupo 6,SERGIO CAMILO ESPINOSA BOTERO,0,57
local-20260825T070745,2026-08-25T07:10:57-05:00,2015734,NA,(7) Grupo 7,No informado,0,57
local-20260825T070745,2026-08-25T07:10:57-05:00,2015734,NA,(8) Grupo 8 - Virtual,FABIEL NATÁN ESPINOSA CASTAÑEDA,0,57
local-20260825T070745,2026-08-25T07:10:57-05:00,2015734,NA,(9) Grupo 9,Alvaro Reynel Córdoba,11,57
local-20260825T070745,2026-08-25T07:11:01-05:00,2015973,CLASE TEORICA,(1) Grupo 1,No informado,22,59
local-20260825T070745,2026-08-25T07:11:01-05:00,2015973,CLASE TEORICA,(2) Grupo 2,GABRIELA ARRIETA LOYO,8,59
local-20260825T070745,2026-08-25T07:11:01-05:00,2015973,CLASE TEORICA,(3) Grupo 3,NICOLAS ESCALANTE MORA,9,59
local-20260825T070745,2026-08-25T07:11:03-05:00,2022761,NA,(1) Grupo 1,Servio Javier Contreras Guerrero,3,60
local-20260825T070745,2026-08-25T07:11:03-05:00,2022761,NA,(2) Grupo 2,Servio Javier Contreras Guerrero,4,60
local-20260825T070745,2026-08-25T07:11:03-05:00,2022761,NA,(3) Grupo 3,Samuel Fernando Mesa Giraldo,3,60
local-20260825T070745,2026-08-25T07:11:06-05:00,2024045,CLASE TEORICA,(1) 2024045-1 Taller de proyectos interdisciplinarios,No informado,0,61
local-20260825T070745,2026-08-25T07:11:06-05:00,2024045,CLASE TEORICA,(10) 2024045-10 Taller de proyectos interdisciplinarios,Oscar Andres Eraso Eraso,0,61
local-20260825T070745,2026-08-25T07:11:06-05:00,2024045,CLASE TEORICA,(11) 2024045-11 Taller de proyectos interdisciplinarios,No informado,0,61
local-20260825T070745,2026-08-25T07:11:06-05:00,2024045,CLASE TEORICA,(12) 2024045-12 Taller de proyectos interdisciplinarios,Hector Julian Garcia Otalora,114,61
local-20260825T070745,2026-08-25T07:11:06-05:00,2024045,CLASE TEORICA,(13) 2024045-13 Taller de proyectos interdisciplinarios,No informado,0,61
local-20260825T070745,2026-08-25T07:11:06-05:00,2024045,CLASE TEORICA,(14) 2024045-14 Taller de proyectos interdisciplinarios,Dolly Santos Barbosa,0,61
local-20260825T070745,2026-08-25T07:11:06-05:00,2024045,CLASE TEORICA,(15) 2024045-15 Taller de proyectos interdisciplinarios,Oscar Andres Eraso Eraso,0,61
local-20260825T070745,2026-08-25T07:11:06-05:00,2024045,CLASE TEORICA,(16) 2024045-16 Taller de proyectos interdisciplinarios,Luis Ignacio Rodriguez Varela,0,61
local-20260825T070745,2026-08-25T07:11:06-05:00,2024045,CLASE TEORICA,(17) 2024045-17 Taller de proyectos interdisciplinarios,JOHANA CATALINA MANOSALVA BARRERA,0,61
local-20260825T070745,2026-08-25T07:11:06-05:00,2024045,CLASE TEORICA,(18) 2024045-18 Taller de proyectos interdisciplinarios,Fernando Bernal Martinez,0,61
local-20260825T070745,2026-08-25T07:11:06-05:00,2024045,CLASE TEORICA,(19) 2024045-19 Taller de proyectos interdisciplinarios,FRANCISCO JAVIER VÁSQUEZ VÁSQUEZ,0,61
local-20260825T070745,2026-08-25T07:11:06-05:00,2024045,CLASE TEORICA,(2) 2024045-2 Taller de proyectos interdisciplinarios,Fernando Bernal Martinez,0,61
local-20260825T070745,2026-08-25T07:11:06-05:00,2024045,CLASE TEORICA,(21) 2024045-21 Taller de proyectos interdisciplinarios,No informado,0,61
local-20260825T070745,2026-08-25T07:11:06-05:00,2024045,CLASE TEORICA,(22) 2024045-22 Taller de proyectos interdisciplinarios,Ubaldo Garcia Zaragoza,0,61
local-20260825T070745,2026-08-25T07:11:06-05:00,2024045,CLASE TEORICA,(23) 2024045-23 Taller de proyectos interdisciplinarios,No informado,0,61
local-20260825T070745,2026-08-25T07:11:06-05:00,2024045,CLASE TEORICA,(24) 2024045-24 Taller de proyectos interdisciplinarios,Hector Julian Garcia Otalora,128,61
local-20260825T070745,2026-08-25T07:11:06-05:00,2024045,CLASE TEORICA,(3) 2024045-3 Taller de proyectos interdisciplinarios,Guillermo Alberto Rocha Casas,0,61
local-20260825T070745,2026-08-25T07:11:06-05:00,2024045,CLASE TEORICA,(4) 2024045-4 Taller de proyectos interdisciplinarios,Francy Nayely Prieto Novoa,0,61
local-20260825T070745,2026-08-25T07:11:06-05:00,2024045,CLASE TEORICA,(40) 2024045-40 TPI-- NO BORRAR-- BLOQ ESPACIOS,No informado,0,61
local-20260825T070745,2026-08-25T07:11:06-05:00,2024045,CLASE TEORICA,(5) 2024045-5 Taller de proyectos interdisciplinarios,Nubia Carmenza Moreno Sarmiento,0,61
local-20260825T070745,2026-08-25T07:11:06-05:00,2024045,CLASE TEORICA,(6) 2024045-6 Taller de proyectos interdisciplinarios,JOHANA CATALINA MANOSALVA BARRERA,0,61
local-20260825T070745,2026-08-25T07:11:06-05:00,2024045,CLASE TEORICA,(7) 2024045-7 Taller de proyectos interdisciplinarios,Ubaldo Garcia Zaragoza,0,61
local-20260825T070745,2026-08-25T07:11:06-05:00,2024045,CLASE TEORICA,(8) 2024045-8 Taller de proyectos interdisciplinarios,JHON FREDDY LOPEZ MEDINA,0,61
local-20260825T070745,2026-08-25T07:11:06-05:00,2024045,CLASE TEORICA,(9) 2024045-9 Taller de proyectos interdisciplinarios,Manuel Alejandro Mayorga Betancourt,0,61
local-20260825T070745,2026-08-25T07:11:08-05:00,2015296,NA,(1) Grupo 1,Leonardo David Donado Garzon,3,62
local-20260825T070745,2026-08-25T07:11:08-05:00,2015296,NA,(10) Grupo 10,Juan Manuel Lizarazo Marriaga,5,62
local-20260825T070745,2026-08-25T07:11:08-05:00,2015296,NA,(11) Grupo 11,Octavio Coronado Garcia,5,62
local-20260825T070745,2026-08-25T07:11:08-05:00,2015296,NA,(12) Grupo 12,Carol Andrea Murillo Feo,5,62
local-20260825T070745,2026-08-25T07:11:08-05:00,2015296,NA,(13) Grupo 13,CAMILO RIOS FRESNEDA,5,62
local-20260825T070745,2026-08-25T07:11:08-05:00,2015296,NA,(14) Grupo 14,William Castro Garcia,5,62
local-20260825T070745,2026-08-25T07:11:08-05:00,2015296,NA,(15) Grupo 15,Luis Alejandro Morales Marin,5,62
local-20260825T070745,2026-08-25T07:11:08-05:00,2015296,NA,(16) Grupo 16,Ferney Betancourt Cardozo,5,62
local-20260825T070745,2026-08-25T07:11:08-05:00,2015296,NA,(17) Grupo 17,Maria Alejandra Caicedo Londoño,5,62
local-20260825T070745,2026-08-25T07:11:08-05:00,2015296,NA,(18) Grupo 18,Guillermo Eduardo Avila Alvarez,5,62
local-20260825T070745,2026-08-25T07:11:08-05:00,2015296,NA,(19) Grupo 19,Carlos Alfonso Gomez Guacaneme,0,62
local-20260825T070745,2026-08-25T07:11:08-05:00,2015296,NA,(2) Grupo 2,Carlos Orlando Robles Roa,5,62
local-20260825T070745,2026-08-25T07:11:08-05:00,2015296,NA,(3) Grupo 3,Angela Barrera Puerto,5,62
local-20260825T070745,2026-08-25T07:11:08-05:00,2015296,NA,(4) Grupo 4,Mauricio Alberto Tapias Camacho,5,62
local-20260825T070745,2026-08-25T07:11:08-05:00,2015296,NA,(5) Grupo 5,Maritzabel Molina Herrera,5,62
local-20260825T070745,2026-08-25T07:11:08-05:00,2015296,NA,(6) Grupo 6,Rodolfo Rodriguez Baracaldo,5,62
local-20260825T070745,2026-08-25T07:11:08-05:00,2015296,NA,(7) Grupo 7,SANTIAGO RAMIREZ ECHEVERRI,5,62
local-20260825T070745,2026-08-25T07:11:08-05:00,2015296,NA,(8) Grupo 8,Jose Ricardo Martinez Vargas,5,62
local-20260825T070745,2026-08-25T07:11:08-05:00,2015296,NA,(9) Grupo 9,GABRIELA ARRIETA LOYO,5,62
local-20260825T070745,2026-08-25T07:11:09-05:00,2015299,CLASE TEORICA,(1) Grupo 1,GABRIELA ARRIETA LOYO,51,63
local-20260825T072837,2026-08-25T07:29:18-05:00,2015938,CLASE TEORICA,(1) Grupo 1,Maria Alejandra Caicedo Londoño,22,0
local-20260825T072837,2026-08-25T07:29:18-05:00,2015938,CLASE TEORICA,(2) Grupo 2,Maria Alejandra Caicedo Londoño,24,0
local-20260825T072837,2026-08-25T07:29:18-05:00,2015938,CLASE TEORICA,(3) Grupo 3,JOSE LUIS DIAZ AREVALO,16,0
local-20260825T072837,2026-08-25T07:29:18-05:00,2015938,CLASE TEORICA,(4) Grupo 4,JOSE LUIS DIAZ AREVALO,20,0
local-20260825T072837,2026-08-25T07:29:20-05:00,2015939,CLASE TEORICA,(1) Grupo 1,ALVARO MARTIN GUTIERREZ MALAXECHEBARRIA,0,1
local-20260825T072837,2026-08-25T07:29:20-05:00,2015939,CLASE TEORICA,(2) Grupo 2,ALVARO MARTIN GUTIERREZ MALAXECHEBARRIA,0,1
local-20260825T072837,2026-08-25T07:29:20-05:00,2015939,CLASE TEORICA,(3) Grupo 3,Edder Alexander Velandia Duran,21,1
local-20260825T072837,2026-08-25T07:29:20-05:00,2015939,CLASE TEORICA,(4) Grupo 4,No informado,0,1
local-20260825T072837,2026-08-25T07:29:20-05:00,2015939,CLASE TEORICA,(5) Grupo 5,No informado,0,1
local-20260825T072837,2026-08-25T07:29:21-05:00,1000003-B,NA,(1) Grupo 1,Erika Lorena Rosero Alzate; Oscar Andrés Rojas Sepúlveda,0,2
local-20260825T072837,2026-08-25T07:29:21-05:00,1000003-B,NA,(10) Grupo 10,Epifanio Lozano Ayala,0,2
local-20260825T072837,2026-08-25T07:29:21-05:00,1000003-B,NA,(11) Grupo 11,No informado,0,2
local-20260825T072837,2026-08-25T07:29:21-05:00,1000003-B,NA,(12) Grupo 12,No informado,0,2
local-20260825T072837,2026-08-25T07:29:21-05:00,1000003-B,NA,(13) Grupo 13,Mohammed EL AIDI,0,2
local-20260825T072837,2026-08-25T07:29:21-05:00,1000003-B,NA,(15) Grupo 15,Myriam Leonor Campos Florez,0,2
local-20260825T072837,2026-08-25T07:29:21-05:00,1000003-B,NA,(16) Grupo 16,No informado,0,2
local-20260825T072837,2026-08-25T07:29:21-05:00,1000003-B,NA,(17) Grupo 17,Martha Cecilia Moreno Penagos,0,2
local-20260825T072837,2026-08-25T07:29:21-05:00,1000003-B,NA,(18) Grupo 18,John Alexander Cruz Morales,0,2
local-20260825T072837,2026-08-25T07:29:21-05:00,1000003-B,NA,(20) Grupo 20,Natalia Camila Pinzon Cortes,0,2
local-20260825T072837,2026-08-25T07:29:21-05:00,1000003-B,NA,(21) Grupo 21,Ivon Andrea Dorado Correa,0,2
local-20260825T072837,2026-08-25T07:29:21-05:00,1000003-B,NA,(22) Grupo 22,No informado,9,2
local-20260825T072837,2026-08-25T07:29:21-05:00,1000003-B,NA,(3) Grupo 3,No informado,0,2
local-20260825T072837,2026-08-25T07:29:21-05:00,1000003-B,NA,(4) Grupo 4,Luis Alejandro Barbosa Torres,0,2
local-20260825T072837,2026-08-25T07:29:21-05:00,1000003-B,NA,(5) Grupo 5,Jaime David Mora Paz,0,2
local-20260825T072837,2026-08-25T07:29:21-05:00,1000003-B,NA,(7) Grupo 7,Myriam Leonor Campos Florez,0,2
local-20260825T072837,2026-08-25T07:29:21-05:00,1000003-B,NA,(8) Grupo 8,No informado,8,2
local-20260825T072837,2026-08-25T07:29:22-05:00,2015940,CLASE TEORICA,(1) Grupo 1,Maritzabel Molina Herrera,20,3
local-20260825T072837,2026-08-25T07:29:22-05:00,2015940,CLASE TEORICA,(2) Grupo 2,Gabriel Andres Bernal Granados,18,3
local-20260825T072837,2026-08-25T07:29:22-05:00,2015940,CLASE TEORICA,(3) Grupo 3,No informado,23,3
local-20260825T072837,2026-08-25T07:29:23-05:00,2015941,CLASE TEORICA,(1) Grupo 1,Patricia Luna Tamayo,28,4
local-20260825T072837,2026-08-25T07:29:23-05:00,2015941,CLASE TEORICA,(2) Grupo 2,No informado,28,4
local-20260825T072837,2026-08-25T07:29:23-05:00,2015941,CLASE TEORICA,(3) Grupo 3,Carlos Ramiro Vallecilla Bahena,26,4
local-20260825T072837,2026-08-25T07:29:23-05:00,2015941,CLASE TEORICA,(4) Grupo 4,No informado,26,4
local-20260825T072837,2026-08-25T07:29:25-05:00,1000004-B,NA,(10) Grupo 10,No informado,0,5
local-20260825T072837,2026-08-25T07:29:25-05:00,1000004-B,NA,(11) Grupo 11,No informado,0,5
local-20260825T072837,2026-08-25T07:29:25-05:00,1000004-B,NA,(12) Grupo 12,No informado,0,5
local-20260825T072837,2026-08-25T07:29:25-05:00,1000004-B,NA,(13) Grupo 13,No informado,0,5
local-20260825T072837,2026-08-25T07:29:25-05:00,1000004-B,NA,(14) Grupo 14,No informado,0,5
local-20260825T072837,2026-08-25T07:29:25-05:00,1000004-B,NA,(16) Grupo 16,No informado,0,5
local-20260825T072837,2026-08-25T07:29:25-05:00,1000004-B,NA,(17) Grupo 17,Hernan Garzon Gutierrez,0,5
local-20260825T072837,2026-08-25T07:29:25-05:00,1000004-B,NA,(19) Grupo 19,No informado,0,5
local-20260825T072837,2026-08-25T07:29:25-05:00,1000004-B,NA,(2) Grupo 2,No informado,0,5
local-20260825T072837,2026-08-25T07:29:25-05:00,1000004-B,NA,(20) Grupo 20,Hernan Garzon Gutierrez,0,5
local-20260825T072837,2026-08-25T07:29:25-05:00,1000004-B,NA,(21) Grupo 21,No informado,19,5
local-20260825T072837,2026-08-25T07:29:25-05:00,1000004-B,NA,(22) Grupo 22,No informado,40,5
local-20260825T072837,2026-08-25T07:29:25-05:00,1000004-B,NA,(24) Grupo 24,Ricardo Ariel Pastran Ramirez,0,5
local-20260825T072837,2026-08-25T07:29:25-05:00,1000004-B,NA,(25) Grupo 25,No informado,0,5
local-20260825T072837,2026-08-25T07:29:25-05:00,1000004-B,NA,(27) Grupo 27,No informado,32,5
local-20260825T072837,2026-08-25T07:29:25-05:00,1000004-B,NA,(28) Grupo 28,No informado,0,5
local-20260825T072837,2026-08-25T07:29:25-05:00,1000004-B,NA,(29) Grupo 29,No informado,54,5
local-20260825T072837,2026-08-25T07:29:25-05:00,1000004-B,NA,(30) Grupo 30,No informado,47,5
local-20260825T072837,2026-08-25T07:29:25-05:00,1000004-B,NA,(32) Grupo 32,No informado,25,5
local-20260825T072837,2026-08-25T07:29:25-05:00,1000004-B,NA,(4) Grupo 4,Myriam Leonor Campos Florez,0,5
local-20260825T072837,2026-08-25T07:29:25-05:00,1000004-B,NA,(5) Grupo 5,Oscar Javier Lopez Alfonso,0,5
local-20260825T072837,2026-08-25T07:29:25-05:00,1000004-B,NA,(7) Grupo 7,Anderson Arley Vera Arboleda,0,5
local-20260825T072837,2026-08-25T07:29:25-05:00,1000004-B,NA,(8) Grupo 8,No informado,29,5
local-20260825T072837,2026-08-25T07:29:25-05:00,1000004-B,NA,(9) Grupo 9,No informado,18,5
local-20260825T072837,2026-08-25T07:29:26-05:00,1000006-B,NA,(1) Grupo 1,No informado,29,6
local-20260825T072837,2026-08-25T07:29:26-05:00,1000006-B,NA,(10) Grupo 10,No informado,96,6
local-20260825T072837,2026-08-25T07:29:26-05:00,1000006-B,NA,(11) Grupo 11,No informado,31,6
local-20260825T072837,2026-08-25T07:29:26-05:00,1000006-B,NA,(12) Grupo 12,Leonid Lebedev,3,6
local-20260825T072837,2026-08-25T07:29:26-05:00,1000006-B,NA,(13) Grupo 13,Juan Carlos Hernandez Rincon,15,6
local-20260825T072837,2026-08-25T07:29:26-05:00,1000006-B,NA,(14) Grupo 14,No informado,48,6
local-20260825T072837,2026-08-25T07:29:26-05:00,1000006-B,NA,(15) Grupo 15,No informado,103,6
local-20260825T072837,2026-08-25T07:29:26-05:00,1000006-B,NA,(2) Grupo 2,EDIXON MANUEL ROJAS SANTANA,31,6
local-20260825T072837,2026-08-25T07:29:26-05:00,1000006-B,NA,(3) Grupo 3,Cesar Augusto Gomez Sierra,22,6
local-20260825T072837,2026-08-25T07:29:26-05:00,1000006-B,NA,(4) Grupo 4,Agustin Moreno Canadas,87,6
local-20260825T072837,2026-08-25T07:29:26-05:00,1000006-B,NA,(5) Grupo 5,German Eduardo Fonseca Buitrago,0,6
local-20260825T072837,2026-08-25T07:29:26-05:00,1000006-B,NA,(7) Grupo 7,No informado,64,6
local-20260825T072837,2026-08-25T07:29:26-05:00,1000006-B,NA,(8) Grupo 8,Epifanio Lozano Ayala,56,6
local-20260825T072837,2026-08-25T07:29:26-05:00,1000006-B,NA,(9) Grupo 9,Orlando Vanegas Canro,0,6
local-20260825T072837,2026-08-25T07:29:27-05:00,1000005-B,NA,(1) Grupo 1,Orlando Vanegas Canro,0,7
local-20260825T072837,2026-08-25T07:29:27-05:00,1000005-B,NA,(10) Grupo 10,Epifanio Lozano Ayala,26,7
local-20260825T072837,2026-08-25T07:29:27-05:00,1000005-B,NA,(14) Grupo 14,Mohammed EL AIDI,0,7
local-20260825T072837,2026-08-25T07:29:27-05:00,1000005-B,NA,(15) Grupo 15,Alina Fedosova,0,7
local-20260825T072837,2026-08-25T07:29:27-05:00,1000005-B,NA,(16) Grupo 16,No informado,0,7
local-20260825T072837,2026-08-25T07:29:27-05:00,1000005-B,NA,(17) Grupo 17,Hernan Garzon Gutierrez,0,7
local-20260825T072837,2026-08-25T07:29:27-05:00,1000005-B,NA,(2) Grupo 2,RENE ERLIN CASTILLO,0,7
local-20260825T072837,2026-08-25T07:29:27-05:00,1000005-B,NA,(20) Grupo 20,Franqui Solis Cardenas Poloche,1,7
local-20260825T072837,2026-08-25T07:29:27-05:00,1000005-B,NA,(22) Grupo 22,No informado,0,7
local-20260825T072837,2026-08-25T07:29:27-05:00,1000005-B,NA,(3) Grupo 3,Eduardo Cardenas Gomez,0,7
local-20260825T072837,2026-08-25T07:29:27-05:00,1000005-B,NA,(4) Grupo 4,Edward Samuel Becerra Rojas,21,7
local-20260825T072837,2026-08-25T07:29:27-05:00,1000005-B,NA,(6) Grupo 6,No informado,0,7
local-20260825T072837,2026-08-25T07:29:27-05:00,1000005-B,NA,(7) Grupo 7,Franqui Solis Cardenas Poloche,10,7
local-20260825T072837,2026-08-25T07:29:27-05:00,1000005-B,NA,(8) Grupo 8,No informado,6,7
local-20260825T072837,2026-08-25T07:29:27-05:00,1000005-B,NA,(9) Grupo 9,No informado,10,7
local-20260825T072837,2026-08-25T07:29:30-05:00,2015943,CLASE TEORICA,(1) Grupo 1,Carlos Orlando Robles Roa,0,9
local-20260825T072837,2026-08-25T07:29:31-05:00,2015944,CLASE TEORICA,(1) Grupo 1,SANTIAGO RAMIREZ ECHEVERRI,0,10
local-20260825T072837,2026-08-25T07:29:33-05:00,2015711,NA,(10) 2015711-10 Dibujo básico,Ariel Augusto Amaya Avila,0,11
local-20260825T072837,2026-08-25T07:29:33-05:00,2015711,NA,(11) 2015711-11 Dibujo básico,Cesar Augusto Bacca Gonzalez,0,11
local-20260825T072837,2026-08-25T07:29:33-05:00,2015711,NA,(14) 2015711-14 Dibujo básico,Cristian Felipe Morales Suárez,0,11
local-20260825T072837,2026-08-25T07:29:33-05:00,2015711,NA,(16) 2015711-16 Dibujo básico,DAVID FELIPE TORRES ARCE,0,11
local-20260825T072837,2026-08-25T07:29:33-05:00,2015711,NA,(4) 2015711-4 Dibujo básico,Cristian Felipe Morales Suárez,0,11
local-20260825T072837,2026-08-25T07:29:33-05:00,2015711,NA,(5) 2015711-5 Dibujo básico,Sebastian Achury Ortiz,0,11
local-20260825T072837,2026-08-25T07:29:33-05:00,2015711,NA,(7) 2015711-7 Dibujo básico,Cesar Augusto Bacca Gonzalez,0,11
local-20260825T072837,2026-08-25T07:29:33-05:00,2015711,NA,(8) 2015711-8 Dibujo básico,Miguel Angel Baquero Cortes,0,11
local-20260825T072837,2026-08-25T07:29:33-05:00,2015711,NA,(9) 2015711-9 Dibujo básico,EDWIN CAMILO REINA BELTRAN,0,11
local-20260825T072837,2026-08-25T07:29:34-05:00,2015948,CLASE TEORICA,(1) Grupo 1,No informado,28,12
local-20260825T072837,2026-08-25T07:29:34-05:00,2015948,CLASE TEORICA,(2) Grupo 2,Mauricio Alberto Tapias Camacho,22,12
local-20260825T072837,2026-08-25T07:29:34-05:00,2015948,CLASE TEORICA,(3) Grupo 3,No informado,23,12
local-20260825T072837,2026-08-25T07:29:43-05:00,2015950,CLASE TEORICA,(1) Grupo 1,No informado,7,13
local-20260825T072837,2026-08-25T07:29:43-05:00,2015950,CLASE TEORICA,(2) Grupo 2,No informado,0,13
local-20260825T072837,2026-08-25T07:29:43-05:00,2015950,CLASE TEORICA,(3) Grupo 3,Daniel Ricardo Lozano Monsalve,18,13
local-20260825T072837,2026-08-25T07:29:43-05:00,2015950,CLASE TEORICA,(4) Grupo 4,No informado,21,13
local-20260825T072837,2026-08-25T07:29:43-05:00,2015950,CLASE TEORICA,(5) Grupo 5,No informado,4,13
local-20260825T072837,2026-08-25T07:29:45-05:00,2015949,CLASE TEORICA,(1) Grupo 1,Mario Javier Cardozo Chaux,25,14
local-20260825T072837,2026-08-25T07:29:45-05:00,2015949,CLASE TEORICA,(2) Grupo 2,Wilson Ernesto Vargas Vargas,20,14
local-20260825T072837,2026-08-25T07:29:45-05:00,2015949,CLASE TEORICA,(3) Grupo 3,No informado,26,14
local-20260825T072837,2026-08-25T07:29:47-05:00,1000007-B,NA,(1) Grupo 1,German Eduardo Fonseca Buitrago,37,15
local-20260825T072837,2026-08-25T07:29:47-05:00,1000007-B,NA,(11) Grupo 11,Leonid Lebedev,29,15
local-20260825T072837,2026-08-25T07:29:47-05:00,1000007-B,NA,(12) Grupo 12,No informado,58,15
local-20260825T072837,2026-08-25T07:29:47-05:00,1000007-B,NA,(13) Grupo 13,Omar Duque Gomez,40,15
local-20260825T072837,2026-08-25T07:29:47-05:00,1000007-B,NA,(14) Grupo 14,No informado,96,15
local-20260825T072837,2026-08-25T07:29:47-05:00,1000007-B,NA,(3) Grupo 3,Serafin Bautista Diaz,20,15
local-20260825T072837,2026-08-25T07:29:47-05:00,1000007-B,NA,(4) Grupo 4,EDIXON MANUEL ROJAS SANTANA,58,15
local-20260825T072837,2026-08-25T07:29:47-05:00,1000007-B,NA,(6) Grupo 6,Alexander Caviedes Castro,45,15
local-20260825T072837,2026-08-25T07:29:47-05:00,1000007-B,NA,(7) Grupo 7,Oscar Guillermo Riaño Castañeda,4,15
local-20260825T072837,2026-08-25T07:29:47-05:00,1000007-B,NA,(9) Grupo 9,Orlando Vanegas Canro,0,15
local-20260825T072837,2026-08-25T07:29:48-05:00,2026134,CLASE TEORICA,(1) Grupo 1,No informado,0,16
local-20260825T072837,2026-08-25T07:29:48-05:00,2026134,CLASE TEORICA,(2) Grupo 2,Juan Manuel Lizarazo Marriaga,11,16
local-20260825T072837,2026-08-25T07:29:48-05:00,2026134,CLASE TEORICA,(3) Grupo 3,Maritzabel Molina Herrera,29,16
local-20260825T072837,2026-08-25T07:29:48-05:00,2026134,CLASE TEORICA,(4) Grupo 4,Carlos Ramiro Vallecilla Bahena,21,16
local-20260825T072837,2026-08-25T07:29:48-05:00,2026134,CLASE TEORICA,(5) Grupo 5,Fernando Lozano Osorno,20,16
local-20260825T072837,2026-08-25T07:29:48-05:00,2026134,CLASE TEORICA,(6) Grupo 6,No informado,30,16
local-20260825T072837,2026-08-25T07:29:49-05:00,2015954,CLASE TEORICA,(1) Grupo 1,Erasmo Alfredo Rodriguez Sandoval,29,17
local-20260825T072837,2026-08-25T07:29:49-05:00,2015954,CLASE TEORICA,(2) Grupo 2,Mario Enrique Moreno Castiblanco,17,17
local-20260825T072837,2026-08-25T07:29:49-05:00,2015954,CLASE TEORICA,(3) Grupo 3,Luis Alejandro Morales Marin,23,17
local-20260825T072837,2026-08-25T07:29:51-05:00,2015955,CLASE TEORICA,(1) Grupo 1,Giovanni Andres Cortes Tovar,6,18
local-20260825T072837,2026-08-25T07:29:51-05:00,2015955,CLASE TEORICA,(2) Grupo 2,Angela Barrera Puerto,29,18
local-20260825T072837,2026-08-25T07:29:51-05:00,2015955,CLASE TEORICA,(3) Grupo 3,Giovanni Andres Cortes Tovar,0,18
local-20260825T072837,2026-08-25T07:29:52-05:00,1000011-B,CLASE TEORICA,(1) Grupo 1,Ernesto Javier Puertas Dellepianes,106,19
local-20260825T072837,2026-08-25T07:29:52-05:00,1000011-B,CLASE TEORICA,(3) Grupo 3,Néstor Fernando Perez Buitrago,10,19
local-20260825T072837,2026-08-25T07:29:55-05:00,1000019-B,CLASE LABORATORIO,(1) Grupo 1,Gustavo Martinez Tamayo,0,20
local-20260825T072837,2026-08-25T07:29:55-05:00,1000019-B,CLASE LABORATORIO,(10) Grupo 10,No informado,0,20
local-20260825T072837,2026-08-25T07:29:55-05:00,1000019-B,CLASE LABORATORIO,(11) Grupo 11,EVER DAVID ALCALA CAJAR,0,20
local-20260825T072837,2026-08-25T07:29:55-05:00,1000019-B,CLASE LABORATORIO,(12) Grupo 12,FABIAN FELIPE QUEVEDO FARIETA,0,20
local-20260825T072837,2026-08-25T07:29:55-05:00,1000019-B,CLASE LABORATORIO,(13) Grupo 13,Alvaro Marino Camargo,0,20
local-20260825T072837,2026-08-25T07:29:55-05:00,1000019-B,CLASE LABORATORIO,(14) Grupo 14,Alvaro Marino Camargo,0,20
local-20260825T072837,2026-08-25T07:29:55-05:00,1000019-B,CLASE LABORATORIO,(15) Grupo 15,EVER DAVID ALCALA CAJAR,0,20
local-20260825T072837,2026-08-25T07:29:55-05:00,1000019-B,CLASE LABORATORIO,(16) Grupo 16,Alvaro Marino Camargo,8,20
local-20260825T072837,2026-08-25T07:29:55-05:00,1000019-B,CLASE LABORATORIO,(17) Grupo 17,JULIAN MATEO DE MENDOZA GUTIERREZ,0,20
local-20260825T072837,2026-08-25T07:29:55-05:00,1000019-B,CLASE LABORATORIO,(18) Grupo 18,Jaime Villalobos Velasco,5,20
local-20260825T072837,2026-08-25T07:29:55-05:00,1000019-B,CLASE LABORATORIO,(19) Grupo 19,JULY PAOLA GARZÓN LOPEZ,19,20
local-20260825T072837,2026-08-25T07:29:55-05:00,1000019-B,CLASE LABORATORIO,(2) Grupo 2,Gustavo Martinez Tamayo,0,20
local-20260825T072837,2026-08-25T07:29:55-05:00,1000019-B,CLASE LABORATORIO,(20) Grupo 20,JOSE ALFREDO GOMEZ MATEUS,28,20
local-20260825T072837,2026-08-25T07:29:55-05:00,1000019-B,CLASE LABORATORIO,(21) Grupo 21,Pedro Hernan Sanchez Machet,0,20
local-20260825T072837,2026-08-25T07:29:55-05:00,1000019-B,CLASE LABORATORIO,(22) Grupo 22,Pedro Hernan Sanchez Machet,15,20
local-20260825T072837,2026-08-25T07:29:55-05:00,1000019-B,CLASE LABORATORIO,(23) Grupo 23,Pedro Hernan Sanchez Machet,28,20
local-20260825T072837,2026-08-25T07:29:55-05:00,1000019-B,CLASE LABORATORIO,(24) Grupo 24,Pedro Hernan Sanchez Machet,15,20
local-20260825T072837,2026-08-25T07:29:55-05:00,1000019-B,CLASE LABORATORIO,(25) Grupo 25,Plinio Del Carmen Teheran Sermeno,22,20
local-20260825T072837,2026-08-25T07:29:55-05:00,1000019-B,CLASE LABORATORIO,(26) Grupo 26 (VIRTUAL),Plinio Del Carmen Teheran Sermeno,22,20
local-20260825T072837,2026-08-25T07:29:55-05:00,1000019-B,CLASE LABORATORIO,(27) Grupo 27 (VIRTUAL),Plinio Del Carmen Teheran Sermeno,27,20
local-20260825T072837,2026-08-25T07:29:55-05:00,1000019-B,CLASE LABORATORIO,(28) Grupo 28 (VIRTUAL),Plinio Del Carmen Teheran Sermeno,29,20
local-20260825T072837,2026-08-25T07:29:55-05:00,1000019-B,CLASE LABORATORIO,(29) Grupo 29 (VIRTUAL),Plinio Del Carmen Teheran Sermeno,24,20
local-20260825T072837,2026-08-25T07:29:55-05:00,1000019-B,CLASE LABORATORIO,(3) Grupo 3,Gustavo Martinez Tamayo,0,20
local-20260825T072837,2026-08-25T07:29:55-05:00,1000019-B,CLASE LABORATORIO,(4) Grupo 4,No informado,2,20
local-20260825T072837,2026-08-25T07:29:55-05:00,1000019-B,CLASE LABORATORIO,(5) Grupo 5,FABIAN FELIPE QUEVEDO FARIETA,14,20
local-20260825T072837,2026-08-25T07:29:55-05:00,1000019-B,CLASE LABORATORIO,(6) Grupo 6,Jaime Villalobos Velasco,9,20
local-20260825T072837,2026-08-25T07:29:55-05:00,1000019-B,CLASE LABORATORIO,(7) Grupo 7,Jaime Villalobos Velasco,0,20
local-20260825T072837,2026-08-25T07:29:55-05:00,1000019-B,CLASE LABORATORIO,(8) Grupo 8,Alvaro Marino Camargo,19,20
local-20260825T072837,2026-08-25T07:29:55-05:00,1000019-B,CLASE LABORATORIO,(9) Grupo 9,Erika Lorena Rosero Alzate,0,20
local-20260825T072837,2026-08-25T07:29:55-05:00,1000019-B,CLASE TALLER,(1) Grupo 1,FABIAN FELIPE QUEVEDO FARIETA,0,20
local-20260825T072837,2026-08-25T07:29:55-05:00,1000019-B,CLASE TALLER,(10) Grupo 10,FABIAN FELIPE QUEVEDO FARIETA,0,20
local-20260825T072837,2026-08-25T07:29:55-05:00,1000019-B,CLASE TALLER,(11) Grupo 11,JULIAN MATEO DE MENDOZA GUTIERREZ,0,20
local-20260825T072837,2026-08-25T07:29:55-05:00,1000019-B,CLASE TALLER,(12) Grupo 12,JULIAN MATEO DE MENDOZA GUTIERREZ,0,20
local-20260825T072837,2026-08-25T07:29:55-05:00,1000019-B,CLASE TALLER,(13) Grupo 13,MIGUEL ENRIQUE GÁMEZ LÓPEZ,0,20
local-20260825T072837,2026-08-25T07:29:55-05:00,1000019-B,CLASE TALLER,(14) Grupo 14,No informado,0,20
local-20260825T072837,2026-08-25T07:29:55-05:00,1000019-B,CLASE TALLER,(15) Grupo 15,EVER DAVID ALCALA CAJAR,0,20
local-20260825T072837,2026-08-25T07:29:55-05:00,1000019-B,CLASE TALLER,(16) Grupo 16,Edna Carolina Pinilla Beltran,8,20
local-20260825T072837,2026-08-25T07:29:55-05:00,1000019-B,CLASE TALLER,(17) Grupo 17,Jereson Silva Valencia,0,20
local-20260825T072837,2026-08-25T07:29:55-05:00,1000019-B,CLASE TALLER,(18) Grupo 18,Jereson Silva Valencia,5,20
local-20260825T072837,2026-08-25T07:29:55-05:00,1000019-B,CLASE TALLER,(19) Grupo 19,Jereson Silva Valencia,19,20
local-20260825T072837,2026-08-25T07:29:55-05:00,1000019-B,CLASE TALLER,(2) Grupo 2,Gustavo Martinez Tamayo,0,20
local-20260825T072837,2026-08-25T07:29:55-05:00,1000019-B,CLASE TALLER,(20) Grupo 20,Jereson Silva Valencia,28,20
local-20260825T072837,2026-08-25T07:29:55-05:00,1000019-B,CLASE TALLER,(21) Grupo 21,JOSE ALFREDO GOMEZ MATEUS,0,20
local-20260825T072837,2026-08-25T07:29:55-05:00,1000019-B,CLASE TALLER,(22) Grupo 22,JULY PAOLA GARZÓN LOPEZ,15,20
local-20260825T072837,2026-08-25T07:29:55-05:00,1000019-B,CLASE TALLER,(23) Grupo 23,Edna Carolina Pinilla Beltran,28,20
local-20260825T072837,2026-08-25T07:29:55-05:00,1000019-B,CLASE TALLER,(24) Grupo 24,Diego Alejandro Torres Galindo,15,20
local-20260825T072837,2026-08-25T07:29:55-05:00,1000019-B,CLASE TALLER,(25) Grupo 25,Plinio Del Carmen Teheran Sermeno,22,20
local-20260825T072837,2026-08-25T07:29:55-05:00,1000019-B,CLASE TALLER,(26) Grupo 26 (VIRTUAL),Plinio Del Carmen Teheran Sermeno,22,20
local-20260825T072837,2026-08-25T07:29:55-05:00,1000019-B,CLASE TALLER,(27) Grupo 27 (VIRTUAL),Plinio Del Carmen Teheran Sermeno,27,20
local-20260825T072837,2026-08-25T07:29:55-05:00,1000019-B,CLASE TALLER,(28) Grupo 28 (VIRTUAL),Plinio Del Carmen Teheran Sermeno,29,20
local-20260825T072837,2026-08-25T07:29:55-05:00,1000019-B,CLASE TALLER,(29) Grupo 29 (VIRTUAL),Plinio Del Carmen Teheran Sermeno,24,20
local-20260825T072837,2026-08-25T07:29:55-05:00,1000019-B,CLASE TALLER,(3) Grupo 3,Gustavo Martinez Tamayo,0,20
local-20260825T072837,2026-08-25T07:29:55-05:00,1000019-B,CLASE TALLER,(4) Grupo 4,Jaime Villalobos Velasco,2,20
local-20260825T072837,2026-08-25T07:29:55-05:00,1000019-B,CLASE TALLER,(5) Grupo 5,Jaime Villalobos Velasco,14,20
local-20260825T072837,2026-08-25T07:29:55-05:00,1000019-B,CLASE TALLER,(6) Grupo 6,Ramiro Cardona Cardona,9,20
local-20260825T072837,2026-08-25T07:29:55-05:00,1000019-B,CLASE TALLER,(7) Grupo 7,Ramiro Cardona Cardona,0,20
local-20260825T072837,2026-08-25T07:29:55-05:00,1000019-B,CLASE TALLER,(8) Grupo 8,Edna Carolina Pinilla Beltran,19,20
local-20260825T072837,2026-08-25T07:29:55-05:00,1000019-B,CLASE TALLER,(9) Grupo 9,No informado,7,20
local-20260825T072837,2026-08-25T07:29:55-05:00,1000019-B,CLASE MAGISTRAL,(16) Gruop 16,Erika Lorena Rosero Alzate; Daniel Camilo Padilla González,8,20
local-20260825T072837,2026-08-25T07:29:55-05:00,1000019-B,CLASE MAGISTRAL,(1) Grupo 1,Gustavo Martinez Tamayo,0,20
local-20260825T072837,2026-08-25T07:29:55-05:00,1000019-B,CLASE MAGISTRAL,(10) Grupo 10,Ovidio Amado Almanza Montero,0,20
local-20260825T072837,2026-08-25T07:29:55-05:00,1000019-B,CLASE MAGISTRAL,(11) Grupo 11,Ovidio Amado Almanza Montero,0,20
local-20260825T072837,2026-08-25T07:29:55-05:00,1000019-B,CLASE MAGISTRAL,(12) Grupo 12,Ovidio Amado Almanza Montero,0,20
local-20260825T072837,2026-08-25T07:29:55-05:00,1000019-B,CLASE MAGISTRAL,(13) Grupo 13,Jaime Villalobos Velasco,0,20
local-20260825T072837,2026-08-25T07:29:55-05:00,1000019-B,CLASE MAGISTRAL,(14) Grupo 14,Jaime Villalobos Velasco,0,20
local-20260825T072837,2026-08-25T07:29:55-05:00,1000019-B,CLASE MAGISTRAL,(15) Grupo 15,Jaime Villalobos Velasco,0,20
local-20260825T072837,2026-08-25T07:29:55-05:00,1000019-B,CLASE MAGISTRAL,(17) Grupo 17,Jereson Silva Valencia,0,20
local-20260825T072837,2026-08-25T07:29:55-05:00,1000019-B,CLASE MAGISTRAL,(18) Grupo 18,Jereson Silva Valencia,5,20
local-20260825T072837,2026-08-25T07:29:55-05:00,1000019-B,CLASE MAGISTRAL,(19) Grupo 19,Jereson Silva Valencia,19,20
local-20260825T072837,2026-08-25T07:29:55-05:00,1000019-B,CLASE MAGISTRAL,(2) Grupo 2,Gustavo Martinez Tamayo,0,20
local-20260825T072837,2026-08-25T07:29:55-05:00,1000019-B,CLASE MAGISTRAL,(20) Grupo 20,Jereson Silva Valencia,28,20
local-20260825T072837,2026-08-25T07:29:55-05:00,1000019-B,CLASE MAGISTRAL,(21) Grupo 21,Diego Alejandro Torres Galindo,0,20
local-20260825T072837,2026-08-25T07:29:55-05:00,1000019-B,CLASE MAGISTRAL,(22) Grupo 22,Diego Alejandro Torres Galindo,15,20
local-20260825T072837,2026-08-25T07:29:55-05:00,1000019-B,CLASE MAGISTRAL,(23) Grupo 23,Diego Alejandro Torres Galindo,28,20
local-20260825T072837,2026-08-25T07:29:55-05:00,1000019-B,CLASE MAGISTRAL,(24) Grupo 24,Diego Alejandro Torres Galindo,15,20
local-20260825T072837,2026-08-25T07:29:55-05:00,1000019-B,CLASE MAGISTRAL,(25) Grupo 25,Plinio Del Carmen Teheran Sermeno,22,20
local-20260825T072837,2026-08-25T07:29:55-05:00,1000019-B,CLASE MAGISTRAL,(26) Grupo 26 (VIRTUAL),Plinio Del Carmen Teheran Sermeno,22,20
local-20260825T072837,2026-08-25T07:29:55-05:00,1000019-B,CLASE MAGISTRAL,(27) Grupo 27 (VIRTUAL),Plinio Del Carmen Teheran Sermeno,27,20
local-20260825T072837,2026-08-25T07:29:55-05:00,1000019-B,CLASE MAGISTRAL,(28) Grupo 28 (VIRTUAL),Plinio Del Carmen Teheran Sermeno,29,20
local-20260825T072837,2026-08-25T07:29:55-05:00,1000019-B,CLASE MAGISTRAL,(29) Grupo 29 (VIRTUAL),Plinio Del Carmen Teheran Sermeno,24,20
local-20260825T072837,2026-08-25T07:29:55-05:00,1000019-B,CLASE MAGISTRAL,(3) Grupo 3,Gustavo Martinez Tamayo,0,20
local-20260825T072837,2026-08-25T07:29:55-05:00,1000019-B,CLASE MAGISTRAL,(4) Grupo 4,Gustavo Martinez Tamayo,2,20
local-20260825T072837,2026-08-25T07:29:55-05:00,1000019-B,CLASE MAGISTRAL,(5) Grupo 5,Ramiro Cardona Cardona,14,20
local-20260825T072837,2026-08-25T07:29:55-05:00,1000019-B,CLASE MAGISTRAL,(6) Grupo 6,Ramiro Cardona Cardona,9,20
local-20260825T072837,2026-08-25T07:29:55-05:00,1000019-B,CLASE MAGISTRAL,(7) Grupo 7,Ramiro Cardona Cardona,0,20
local-20260825T072837,2026-08-25T07:29:55-05:00,1000019-B,CLASE MAGISTRAL,(8) Grupo 8,Ramiro Cardona Cardona,19,20
local-20260825T072837,2026-08-25T07:29:55-05:00,1000019-B,CLASE MAGISTRAL,(9) Grupo 9,Fredy Angel Jimenez Giraldo,7,20
local-20260825T072837,2026-08-25T07:29:56-05:00,2015956,CLASE TEORICA,(1) Grupo 1,Modesto Portilla Gamboa; Fernando Eli Romero Ordoñez,16,21
local-20260825T072837,2026-08-25T07:29:56-05:00,2015956,CLASE TEORICA,(2) Grupo 2,Jennifer Angel Amaya,15,21
local-20260825T072837,2026-08-25T07:29:56-05:00,2015956,CLASE TEORICA,(3) Grupo 3,Jennifer Angel Amaya,9,21
local-20260825T072837,2026-08-25T07:29:56-05:00,2015956,CLASE TEORICA,(4) Grupo 4,Fernando Eli Romero Ordoñez; Modesto Portilla Gamboa,32,21
local-20260825T072837,2026-08-25T07:29:58-05:00,2015957,CLASE PRACTICA,(1) Grupo 1,No informado,23,22
local-20260825T072837,2026-08-25T07:29:58-05:00,2015957,CLASE PRACTICA,(2) Grupo 2,Samuel Fernando Mesa Giraldo,23,22
local-20260825T072837,2026-08-25T07:29:58-05:00,2015957,CLASE PRACTICA,(3) Grupo 3,Rose Marie Aldana Boutin,13,22
local-20260825T072837,2026-08-25T07:29:58-05:00,2015957,CLASE PRACTICA,(4) Grupo 4,Rose Marie Aldana Boutin,11,22
local-20260825T072837,2026-08-25T07:29:59-05:00,2015958,CLASE PRACTICA,(1) Grupo 1,William Castro Garcia,0,23
local-20260825T072837,2026-08-25T07:29:59-05:00,2015958,CLASE PRACTICA,(2) Grupo 2,William Castro Garcia,0,23
local-20260825T072837,2026-08-25T07:29:59-05:00,2015958,CLASE PRACTICA,(3) Grupo 3,Carlos Alfonso Gomez Guacaneme,4,23
local-20260825T072837,2026-08-25T07:29:59-05:00,2015958,CLASE PRACTICA,(4) Grupo 4,Mario Arturo Rincon Villalba,7,23
local-20260825T072837,2026-08-25T07:29:59-05:00,2015958,CLASE PRACTICA,(5) Grupo 5,Mario Arturo Rincon Villalba,9,23
local-20260825T072837,2026-08-25T07:29:59-05:00,2015958,CLASE PRACTICA,(6) Grupo 6,Fausto Alejandro Silva España,6,23
local-20260825T072837,2026-08-25T07:29:59-05:00,2015958,CLASE PRACTICA,(7) Grupo 7,Fausto Alejandro Silva España,4,23
local-20260825T072837,2026-08-25T07:29:59-05:00,2015958,CLASE PRACTICA,(8) Grupo 8,Fausto Alejandro Silva España,6,23
local-20260825T072837,2026-08-25T07:29:59-05:00,2015958,CLASE PRACTICA,(9) Grupo 9,Fausto Alejandro Silva España,10,23
local-20260825T072837,2026-08-25T07:29:59-05:00,2015958,CLASE TEORICA,(1) Grupo 1,William Castro Garcia,0,23
local-20260825T072837,2026-08-25T07:29:59-05:00,2015958,CLASE TEORICA,(3) Grupo 3,Carlos Alfonso Gomez Guacaneme,4,23
local-20260825T072837,2026-08-25T07:29:59-05:00,2015958,CLASE TEORICA,(4) Grupo 4,Mario Arturo Rincon Villalba,16,23
local-20260825T072837,2026-08-25T07:29:59-05:00,2015958,CLASE TEORICA,(6) Grupo 6,Cesar Andres Cortes Bello,10,23
local-20260825T072837,2026-08-25T07:29:59-05:00,2015958,CLASE TEORICA,(8) Grupo 8,Cesar Andres Cortes Bello,16,23
local-20260825T072837,2026-08-25T07:30:00-05:00,2015959,CLASE TEORICA,(1) Grupo 1,Carlos Eduardo Rodriguez Pineda,30,24
local-20260825T072837,2026-08-25T07:30:00-05:00,2015959,CLASE TEORICA,(2) Grupo 2,Guillermo Eduardo Avila Alvarez,21,24
local-20260825T072837,2026-08-25T07:30:00-05:00,2015959,CLASE TEORICA,(3) Grupo 3,Livaniel Viveros Rosero,27,24
local-20260825T072837,2026-08-25T07:30:00-05:00,2015959,CLASE TEORICA,(4) Grupo 4,No informado,0,24
local-20260825T072837,2026-08-25T07:30:01-05:00,2022760,NA,(1) Grupo 1,No informado,0,25
local-20260825T072837,2026-08-25T07:30:19-05:00,2015961,CLASE TEORICA,(1) Grupo 1,Rafael Orland Ortiz Mosquera,23,26
local-20260825T072837,2026-08-25T07:30:19-05:00,2015961,CLASE TEORICA,(2) Grupo 2,Adriana Patricia Piña Fulano,18,26
local-20260825T072837,2026-08-25T07:30:19-05:00,2015961,CLASE TEORICA,(3) Grupo 3,Gelber Norberto Gutierrez Palacios,22,26
local-20260825T072837,2026-08-25T07:30:19-05:00,2015961,CLASE TEORICA,(4) Grupo 4,No informado,20,26
local-20260825T072837,2026-08-25T07:30:19-05:00,2015961,CLASE TEORICA,(5) Grupo 5,No informado,22,26
local-20260825T072837,2026-08-25T07:30:19-05:00,2015961,CLASE TEORICA,(6) Grupo 6,Leonardo David Donado Garzon,21,26
local-20260825T072837,2026-08-25T07:30:22-05:00,2015978,CLASE TEORICA,(1) Grupo 1,No informado,0,27
local-20260825T072837,2026-08-25T07:30:22-05:00,2015978,CLASE TEORICA,(2) Grupo 2,Erasmo Alfredo Rodriguez Sandoval,26,27
local-20260825T072837,2026-08-25T07:30:22-05:00,2015978,CLASE TEORICA,(3) Grupo 3,No informado,29,27
local-20260825T072837,2026-08-25T07:30:22-05:00,2015978,CLASE TEORICA,(4) Grupo 4,No informado,27,27
local-20260825T072837,2026-08-25T07:30:22-05:00,2015978,CLASE TEORICA,(5) Grupo 5,No informado,25,27
local-20260825T072837,2026-08-25T07:30:23-05:00,2026135,CLASE TEORICA,(1) Grupo 1,NICOLAS ESCALANTE MORA,0,28
local-20260825T072837,2026-08-25T07:30:23-05:00,2026135,CLASE TEORICA,(2) Grupo 2,Leonel Vega Mora,11,28
local-20260825T072837,2026-08-25T07:30:23-05:00,2026135,CLASE TEORICA,(3) Grupo 3,Leonel Vega Mora,0,28
local-20260825T072837,2026-08-25T07:30:24-05:00,2015963,CLASE TEORICA,(1) Grupo 1,No informado,26,29
local-20260825T072837,2026-08-25T07:30:24-05:00,2015963,CLASE TEORICA,(2) Grupo 2,No informado,27,29
local-20260825T072837,2026-08-25T07:30:24-05:00,2015963,CLASE TEORICA,(3) Grupo 3,William Castro Garcia,22,29
local-20260825T072837,2026-08-25T07:30:26-05:00,2026138,CLASE TEORICA,(1) Grupo 1,Ivan Dario Serrano Arrieta,25,30
local-20260825T072837,2026-08-25T07:30:26-05:00,2026138,CLASE TEORICA,(2) Grupo 2,Ivan Dario Serrano Arrieta,23,30
local-20260825T072837,2026-08-25T07:30:26-05:00,2026138,CLASE TEORICA,(3) Grupo 3,Pedro Luis Jimenez Poveda,27,30
local-20260825T072837,2026-08-25T07:30:27-05:00,2015703,NA,(1) Grupo 1,Angela Maria Arboleda Restrepo,38,31
local-20260825T072837,2026-08-25T07:30:27-05:00,2015703,NA,(10) Grupo 10,Diego Alejandro Hernandez Castañeda,19,31
local-20260825T072837,2026-08-25T07:30:27-05:00,2015703,NA,(11) Grupo 11,Julio Cesar Cañon Rodriguez,2,31
local-20260825T072837,2026-08-25T07:30:27-05:00,2015703,NA,(2) Grupo 2,Osman Benjamin Giovanny Vargas Rozo,30,31
local-20260825T072837,2026-08-25T07:30:27-05:00,2015703,NA,(3) Grupo 3,Hugo Alberto Herrera Fonseca,35,31
local-20260825T072837,2026-08-25T07:30:27-05:00,2015703,NA,(4) Grupo 4,LINA JULIANA BULLA CASAS,23,31
local-20260825T072837,2026-08-25T07:30:27-05:00,2015703,NA,(5) Grupo 5 - Virtual,Cesar Augusto Roa Lemus,53,31
local-20260825T072837,2026-08-25T07:30:27-05:00,2015703,NA,(6) Grupo 6,JAVIER RICARDO OJEDA SANCHEZ,12,31
local-20260825T072837,2026-08-25T07:30:27-05:00,2015703,NA,(7) Grupo 7,JAVIER RICARDO OJEDA SANCHEZ,24,31
local-20260825T072837,2026-08-25T07:30:27-05:00,2015703,NA,(8) Grupo 8,Diego Alejandro Hernandez Castañeda,33,31
local-20260825T072837,2026-08-25T07:30:27-05:00,2015703,NA,(9) Grupo 9,LINA JULIANA BULLA CASAS,20,31
local-20260825T072837,2026-08-25T07:30:28-05:00,1000044-B,CLASE TEORICA,(1) Grupo 1,Beatriz Elena Urrutia Sanchez,9,32
local-20260825T072837,2026-08-25T07:30:28-05:00,1000044-B,CLASE TEORICA,(2) Grupo 2,Yaneli Niño Osorio,3,32
local-20260825T072837,2026-08-25T07:30:28-05:00,1000044-B,CLASE TEORICA,(3) Grupo 3,Luis Gabriel Peña Ortiz,0,32
local-20260825T072837,2026-08-25T07:30:28-05:00,1000044-B,CLASE TEORICA,(4) Grupo 4,Liliana Marcela Guzman Aricapa,0,32
local-20260825T072837,2026-08-25T07:30:28-05:00,1000044-B,CLASE TEORICA,(5) Grupo 5,Beatriz Elena Urrutia Sanchez,0,32
local-20260825T072837,2026-08-25T07:30:28-05:00,1000044-B,CLASE TEORICA,(6) Grupo 6,Cesar Augusto Romero,0,32
local-20260825T072837,2026-08-25T07:30:28-05:00,1000044-B,CLASE TEORICA,(7) Grupo 7,JOSE JONATHAN MAESTRE HERRERA,1,32
local-20260825T072837,2026-08-25T07:30:28-05:00,1000044-B,CLASE TEORICA,(8) Grupo 8,Beymar Leonardo Solorzano Alviz,9,32
local-20260825T072837,2026-08-25T07:30:28-05:00,1000044-B,CLASE TEORICA,(9) Grupo 9,Claudia Marcela Arevalo Gomez,0,32
local-20260825T072837,2026-08-25T07:30:30-05:00,1000045-B,CLASE TEORICA,(1) Grupo 1,Claudia Marcela Arevalo Gomez,3,33
local-20260825T072837,2026-08-25T07:30:30-05:00,1000045-B,CLASE TEORICA,(10) Grupo 10,Jesica paola Rendon Alfonso,0,33
local-20260825T072837,2026-08-25T07:30:30-05:00,1000045-B,CLASE TEORICA,(11) Grupo 11,JOSE JONATHAN MAESTRE HERRERA,0,33
local-20260825T072837,2026-08-25T07:30:30-05:00,1000045-B,CLASE TEORICA,(12) Grupo 12,LINDA JOHANA RUIZ GOMEZ,0,33
local-20260825T072837,2026-08-25T07:30:30-05:00,1000045-B,CLASE TEORICA,(13) Grupo 13,Narly Yadira Pardo Cadena,0,33
local-20260825T072837,2026-08-25T07:30:30-05:00,1000045-B,CLASE TEORICA,(14) Grupo 14,Angelica Saenz Fonseca,5,33
local-20260825T072837,2026-08-25T07:30:30-05:00,1000045-B,CLASE TEORICA,(15) Grupo 15,Narly Yadira Pardo Cadena,9,33
local-20260825T072837,2026-08-25T07:30:30-05:00,1000045-B,CLASE TEORICA,(16) Grupo 16,Luis Gabriel Peña Ortiz,6,33
local-20260825T072837,2026-08-25T07:30:30-05:00,1000045-B,CLASE TEORICA,(2) Grupo 2,Cesar Augusto Romero,6,33
local-20260825T072837,2026-08-25T07:30:30-05:00,1000045-B,CLASE TEORICA,(3) Grupo 3,Jesica paola Rendon Alfonso,0,33
local-20260825T072837,2026-08-25T07:30:30-05:00,1000045-B,CLASE TEORICA,(4) Grupo 4,Adriana Marlen Sanchez Riaño,1,33
local-20260825T072837,2026-08-25T07:30:30-05:00,1000045-B,CLASE TEORICA,(5) Grupo 5,Cesar Augusto Romero,0,33
local-20260825T072837,2026-08-25T07:30:30-05:00,1000045-B,CLASE TEORICA,(6) Grupo 6,Sara Elisa Monsalve Patino,9,33
local-20260825T072837,2026-08-25T07:30:30-05:00,1000045-B,CLASE TEORICA,(7) Grupo 7,Luis Gabriel Peña Ortiz,9,33
local-20260825T072837,2026-08-25T07:30:30-05:00,1000045-B,CLASE TEORICA,(8) Grupo 8,Johnatan Martinez Hernandez,0,33
local-20260825T072837,2026-08-25T07:30:30-05:00,1000045-B,CLASE TEORICA,(9) Grupo 9,Maureen Elizabeth Hooker Oneill,13,33
local-20260825T072837,2026-08-25T07:30:33-05:00,1000046-B,CLASE TEORICA,(1) Grupo 1,Johnatan Martinez Hernandez,0,35
local-20260825T072837,2026-08-25T07:30:33-05:00,1000046-B,CLASE TEORICA,(10) Grupo 10,Jennly Angelica Gomez Rodriguez,0,35
local-20260825T072837,2026-08-25T07:30:33-05:00,1000046-B,CLASE TEORICA,(11) Grupo 11,Angelica Saenz Fonseca,4,35
local-20260825T072837,2026-08-25T07:30:33-05:00,1000046-B,CLASE TEORICA,(12) Grupo 12,Liliana Marcela Guzman Aricapa,0,35
local-20260825T072837,2026-08-25T07:30:33-05:00,1000046-B,CLASE TEORICA,(13) Grupo 13,ALBA LUCIA RIAÑO RODRIGUEZ,18,35
local-20260825T072837,2026-08-25T07:30:33-05:00,1000046-B,CLASE TEORICA,(14) Grupo 14,Angelica Saenz Fonseca,13,35
local-20260825T072837,2026-08-25T07:30:33-05:00,1000046-B,CLASE TEORICA,(15) Grupo 15,Luis Gabriel Peña Ortiz,11,35
local-20260825T072837,2026-08-25T07:30:33-05:00,1000046-B,CLASE TEORICA,(16) Grupo 16,Olga Lucia Ruiz Convers,10,35
local-20260825T072837,2026-08-25T07:30:33-05:00,1000046-B,CLASE TEORICA,(17) Grupo 17,Luis Gabriel Peña Ortiz,8,35
local-20260825T072837,2026-08-25T07:30:33-05:00,1000046-B,CLASE TEORICA,(18) Grupo 18,Narly Yadira Pardo Cadena,2,35
local-20260825T072837,2026-08-25T07:30:33-05:00,1000046-B,CLASE TEORICA,(2) Grupo 2,Jesica paola Rendon Alfonso,15,35
local-20260825T072837,2026-08-25T07:30:33-05:00,1000046-B,CLASE TEORICA,(3) Grupo 3,JESUS DAVID TORRES RODRIGUEZ,19,35
local-20260825T072837,2026-08-25T07:30:33-05:00,1000046-B,CLASE TEORICA,(4) Grupo 4,Claudia Patricia Cortes Lora,13,35
local-20260825T072837,2026-08-25T07:30:33-05:00,1000046-B,CLASE TEORICA,(5) Grupo 5,Johnatan Martinez Hernandez,7,35
local-20260825T072837,2026-08-25T07:30:33-05:00,1000046-B,CLASE TEORICA,(6) Grupo 6,Johnatan Martinez Hernandez,0,35
local-20260825T072837,2026-08-25T07:30:33-05:00,1000046-B,CLASE TEORICA,(7) Grupo 7,Jesica paola Rendon Alfonso,6,35
local-20260825T072837,2026-08-25T07:30:33-05:00,1000046-B,CLASE TEORICA,(8) Grupo 8,Beatriz Elena Urrutia Sanchez,14,35
local-20260825T072837,2026-08-25T07:30:33-05:00,1000046-B,CLASE TEORICA,(9) Grupo 9,Maureen Elizabeth Hooker Oneill,10,35
local-20260825T072837,2026-08-25T07:30:36-05:00,1000052-B,CLASE TEORICA,(1) Grupo 1,Liliana Marcela Guzman Aricapa,14,37
local-20260825T072837,2026-08-25T07:30:36-05:00,1000052-B,CLASE TEORICA,(2) Grupo 2,JOSE JONATHAN MAESTRE HERRERA,11,37
local-20260825T072837,2026-08-25T07:30:36-05:00,1000052-B,CLASE TEORICA,(3) Grupo 3,Aida Elena Monsalve Solorzano,17,37
local-20260825T072837,2026-08-25T07:30:38-05:00,1000053-B,CLASE TEORICA,(1) Grupo 1,Jennly Angelica Gomez Rodriguez,15,38
local-20260825T072837,2026-08-25T07:30:38-05:00,1000053-B,CLASE TEORICA,(2) Grupo 2,Yaneli Niño Osorio,5,38
local-20260825T072837,2026-08-25T07:30:38-05:00,1000053-B,CLASE TEORICA,(3) Grupo 3,Javier Rodriguez Gomez,23,38
local-20260825T072837,2026-08-25T07:30:38-05:00,1000053-B,CLASE TEORICA,(4) Grupo 4,Javier Rodriguez Gomez,21,38
local-20260825T072837,2026-08-25T07:30:38-05:00,1000053-B,CLASE TEORICA,(5) Grupo 5,LINDA JOHANA RUIZ GOMEZ,21,38
local-20260825T072837,2026-08-25T07:30:38-05:00,1000053-B,CLASE TEORICA,(6) Grupo 6,Olga Lucia Ruiz Convers,13,38
local-20260825T072837,2026-08-25T07:30:47-05:00,1000047-B,CLASE TEORICA,(1) Grupo 1,Cesar Augusto Romero,0,39
local-20260825T072837,2026-08-25T07:30:47-05:00,1000047-B,CLASE TEORICA,(10) Grupo 10,Monica Alexandra Riaño Orjuela,0,39
local-20260825T072837,2026-08-25T07:30:47-05:00,1000047-B,CLASE TEORICA,(11) Grupo 11,Jennly Angelica Gomez Rodriguez,16,39
local-20260825T072837,2026-08-25T07:30:47-05:00,1000047-B,CLASE TEORICA,(12) Grupo 12,Claudia Patricia Cortes Lora,11,39
local-20260825T072837,2026-08-25T07:30:47-05:00,1000047-B,CLASE TEORICA,(13) Grupo 13,Angelica Saenz Fonseca,16,39
local-20260825T072837,2026-08-25T07:30:47-05:00,1000047-B,CLASE TEORICA,(14) Grupo 14,LINDA JOHANA RUIZ GOMEZ,0,39
local-20260825T072837,2026-08-25T07:30:47-05:00,1000047-B,CLASE TEORICA,(15) Grupo 15,Claudia Patricia Cortes Lora,3,39
local-20260825T072837,2026-08-25T07:30:47-05:00,1000047-B,CLASE TEORICA,(16) Grupo 16,Narly Yadira Pardo Cadena,7,39
local-20260825T072837,2026-08-25T07:30:47-05:00,1000047-B,CLASE TEORICA,(17) Grupo 17,Angelica Saenz Fonseca,10,39
local-20260825T072837,2026-08-25T07:30:47-05:00,1000047-B,CLASE TEORICA,(18) Grupo 18,ALBA LUCIA RIAÑO RODRIGUEZ,20,39
local-20260825T072837,2026-08-25T07:30:47-05:00,1000047-B,CLASE TEORICA,(19) Grupo 19,Aida Elena Monsalve Solorzano,14,39
local-20260825T072837,2026-08-25T07:30:47-05:00,1000047-B,CLASE TEORICA,(2) Grupo 2,Yaneli Niño Osorio,1,39
local-20260825T072837,2026-08-25T07:30:47-05:00,1000047-B,CLASE TEORICA,(20) Grupo 20,ALBA LUCIA RIAÑO RODRIGUEZ,19,39
local-20260825T072837,2026-08-25T07:30:47-05:00,1000047-B,CLASE TEORICA,(21) Grupo 21,Edwin Yesid Leon Silva,13,39
local-20260825T072837,2026-08-25T07:30:47-05:00,1000047-B,CLASE TEORICA,(22) Grupo 22,LINDA JOHANA RUIZ GOMEZ,15,39
local-20260825T072837,2026-08-25T07:30:47-05:00,1000047-B,CLASE TEORICA,(3) Grupo 3,Monica Alexandra Riaño Orjuela,15,39
local-20260825T072837,2026-08-25T07:30:47-05:00,1000047-B,CLASE TEORICA,(4) Grupo 4,Claudia Patricia Cortes Lora,20,39
local-20260825T072837,2026-08-25T07:30:47-05:00,1000047-B,CLASE TEORICA,(5) Grupo 5,Olga Lucia Ruiz Convers,0,39
local-20260825T072837,2026-08-25T07:30:47-05:00,1000047-B,CLASE TEORICA,(6) Grupo 6,Monica Alexandra Riaño Orjuela,0,39
local-20260825T072837,2026-08-25T07:30:47-05:00,1000047-B,CLASE TEORICA,(7) Grupo 7,Cesar Augusto Romero,0,39
local-20260825T072837,2026-08-25T07:30:47-05:00,1000047-B,CLASE TEORICA,(8) Grupo 8,Beatriz Elena Urrutia Sanchez,12,39
local-20260825T072837,2026-08-25T07:30:47-05:00,1000047-B,CLASE TEORICA,(9) Grupo 9,Keshia Hilary Howard Livingston,14,39
local-20260825T072837,2026-08-25T07:30:51-05:00,2026186,CLASE TEORICA,(1) Grupo 1,Carol Andrea Murillo Feo,0,41
local-20260825T072837,2026-08-25T07:30:51-05:00,2026186,CLASE TEORICA,(2) Grupo 2,Leonel Vega Mora,0,41
local-20260825T072837,2026-08-25T07:30:51-05:00,2026186,CLASE TEORICA,(3) Grupo 3,CAMILO RIOS FRESNEDA,0,41
local-20260825T072837,2026-08-25T07:30:51-05:00,2026186,CLASE TEORICA,(4) Grupo 4,Carlos Orlando Robles Roa,0,41
local-20260825T072837,2026-08-25T07:30:55-05:00,1000001-B,CLASE TEORICA,(1) Grupo 1,No informado,0,43
local-20260825T072837,2026-08-25T07:30:55-05:00,1000001-B,CLASE TEORICA,(19) Grupo 19,No informado,4,43
local-20260825T072837,2026-08-25T07:30:55-05:00,1000001-B,CLASE TEORICA,(2) Grupo 2,No informado,19,43
local-20260825T072837,2026-08-25T07:30:55-05:00,1000001-B,CLASE MAGISTRAL,(1) Grupo 1,Ibeth Marcela Rubio Perilla,0,43
local-20260825T072837,2026-08-25T07:30:55-05:00,1000001-B,CLASE MAGISTRAL,(10) Grupo 10,No informado,0,43
local-20260825T072837,2026-08-25T07:30:55-05:00,1000001-B,CLASE MAGISTRAL,(2) Grupo 2,Herbert Alonso Dueñas Ruiz,0,43
local-20260825T072837,2026-08-25T07:30:55-05:00,1000001-B,CLASE MAGISTRAL,(3) Grupo 3,Jeanneth Galeano Penaloza,0,43
local-20260825T072837,2026-08-25T07:30:55-05:00,1000001-B,CLASE MAGISTRAL,(4) Grupo 4,Gustavo Adolfo Nieto Clavijo,0,43
local-20260825T072837,2026-08-25T07:30:55-05:00,1000001-B,CLASE MAGISTRAL,(5) Grupo 5,Natalia Camila Pinzon Cortes,0,43
local-20260825T072837,2026-08-25T07:30:55-05:00,1000001-B,CLASE MAGISTRAL,(6) Grupo 6,Martha Cecilia Moreno Penagos,0,43
local-20260825T072837,2026-08-25T07:30:55-05:00,1000001-B,CLASE MAGISTRAL,(7) Grupo 7,Claudio Rodriguez Beltran,1,43
local-20260825T072837,2026-08-25T07:30:55-05:00,1000001-B,CLASE MAGISTRAL,(8) Grupo 8,Gabriel Ignacio Padilla Leon,0,43
local-20260825T072837,2026-08-25T07:30:55-05:00,1000001-B,CLASE MAGISTRAL,(9) Grupo 9,No informado,9,43
local-20260825T072837,2026-08-25T07:30:56-05:00,2015965,CLASE TEORICA,(1) Grupo 1,CAMILO RIOS FRESNEDA,17,44
local-20260825T072837,2026-08-25T07:30:56-05:00,2015965,CLASE TEORICA,(2) Grupo 2,Julian David Puerto Suarez; Vladimir Buelvas Hernández,21,44
local-20260825T072837,2026-08-25T07:30:56-05:00,2015965,CLASE TEORICA,(3) Grupo 3,Ferney Betancourt Cardozo; Juan Manuel Lizarazo Marriaga,21,44
local-20260825T072837,2026-08-25T07:30:56-05:00,2015965,CLASE TEORICA,(4) Grupo 4,No informado,21,44
local-20260825T072837,2026-08-25T07:30:57-05:00,2015966,CLASE TEORICA,(1) Grupo 1,No informado,22,45
local-20260825T072837,2026-08-25T07:30:57-05:00,2015966,CLASE TEORICA,(2) Grupo 2,Adriana Patricia Piña Fulano,13,45
local-20260825T072837,2026-08-25T07:30:57-05:00,2015966,CLASE TEORICA,(3) Grupo 3,Rafael Orland Ortiz Mosquera,22,45
local-20260825T072837,2026-08-25T07:30:57-05:00,2015966,CLASE TEORICA,(4) Grupo 4,No informado,23,45
local-20260825T072837,2026-08-25T07:30:57-05:00,2015966,CLASE TEORICA,(5) Grupo 5,No informado,23,45
local-20260825T072837,2026-08-25T07:30:57-05:00,2015966,CLASE TEORICA,(6) Grupo 6,Luis Alejandro Morales Marin,20,45
local-20260825T072837,2026-08-25T07:30:57-05:00,2015966,CLASE TEORICA,(7) Grupo 7,No informado,23,45
local-20260825T072837,2026-08-25T07:30:57-05:00,2015966,CLASE TEORICA,(8) Grupo 8,No informado,24,45
local-20260825T072837,2026-08-25T07:30:59-05:00,2015967,NA,(1) Grupo 1,Vladimir Buelvas Hernández,0,46
local-20260825T072837,2026-08-25T07:31:01-05:00,2015968,CLASE TEORICA,(1) Grupo 1,Ricardo Parra Arango,21,47
local-20260825T072837,2026-08-25T07:31:01-05:00,2015968,CLASE TEORICA,(2) Grupo 2,Juan David Oliveros Salazar,14,47
local-20260825T072837,2026-08-25T07:31:01-05:00,2015968,CLASE TEORICA,(3) Grupo 3,No informado,23,47
local-20260825T072837,2026-08-25T07:31:01-05:00,2015968,CLASE TEORICA,(4) Grupo 4,Ricardo Parra Arango,23,47
local-20260825T072837,2026-08-25T07:31:01-05:00,2015968,CLASE TEORICA,(5) Grupo 5,Julian David Puerto Suarez,19,47
local-20260825T072837,2026-08-25T07:31:01-05:00,2015968,CLASE TEORICA,(6) Grupo 6,Dorian Luis Linero Segrera,21,47
local-20260825T072837,2026-08-25T07:31:01-05:00,2015968,CLASE TEORICA,(7) Grupo 7,No informado,0,47
local-20260825T072837,2026-08-25T07:31:02-05:00,2015969,CLASE TEORICA,(1) Grupo 1 (Inglés),Julio Esteban Colmenares Montañez,27,48
local-20260825T072837,2026-08-25T07:31:02-05:00,2015969,CLASE TEORICA,(2) Grupo 2,Guillermo Eduardo Avila Alvarez,22,48
local-20260825T072837,2026-08-25T07:31:02-05:00,2015969,CLASE TEORICA,(3) Grupo 3,Livaniel Viveros Rosero,22,48
local-20260825T072837,2026-08-25T07:31:02-05:00,2015969,CLASE TEORICA,(4) Grupo 4,No informado,25,48
local-20260825T072837,2026-08-25T07:31:04-05:00,2015970,CLASE PRACTICA,(4) Grupo 4,Helga Duarte,28,49
local-20260825T072837,2026-08-25T07:31:04-05:00,2015970,CLASE PRACTICA,(5) Grupo 5,Oswaldo Rojas Camacho,37,49
local-20260825T072837,2026-08-25T07:31:04-05:00,2015970,CLASE PRACTICA,(8) Grupo 8,Helga Duarte,26,49
local-20260825T072837,2026-08-25T07:31:04-05:00,2015970,CLASE PRACTICA,(9) Grupo 9,Oswaldo Rojas Camacho,33,49
local-20260825T072837,2026-08-25T07:31:05-05:00,2017293,CLASE TEORICA,(1) 2017293-1 Modelación matemática,David Leonardo Diaz Leon,26,50
local-20260825T072837,2026-08-25T07:31:05-05:00,2017293,CLASE TEORICA,(2) 2017293-2 Modelación matemática,David Leonardo Diaz Leon,26,50
local-20260825T072837,2026-08-25T07:31:05-05:00,2017293,CLASE MAGISTRAL,(1M) 2017293-1M Modelación matemática - Magistral,Carlos Alberto Duque Daza,64,50
local-20260825T072837,2026-08-25T07:31:26-05:00,2015971,CLASE TEORICA,(1) Grupo 1,No informado,26,53
local-20260825T072837,2026-08-25T07:31:26-05:00,2015971,CLASE TEORICA,(2) Grupo 2,Ferney Betancourt Cardozo,20,53
local-20260825T072837,2026-08-25T07:31:26-05:00,2015971,CLASE TEORICA,(3) Grupo 3,No informado,25,53
local-20260825T072837,2026-08-25T07:31:27-05:00,2015972,CLASE TEORICA,(1) Grupo 1,Carlos Alberto Moncada Aristizabal,0,54
local-20260825T072837,2026-08-25T07:31:27-05:00,2015972,CLASE TEORICA,(2) Grupo 2,SANTIAGO RAMIREZ ECHEVERRI,0,54
local-20260825T072837,2026-08-25T07:31:27-05:00,2015972,CLASE TEORICA,(3) Grupo 3,No informado,0,54
local-20260825T072837,2026-08-25T07:31:28-05:00,1000024-B,CLASE TEORICA,(12) Grupo 12,Edgar Delgado Mejia,0,55
local-20260825T072837,2026-08-25T07:31:28-05:00,1000024-B,CLASE TEORICA,(13) Grupo 13,Jesus Sigifredo Valencia Rios,0,55
local-20260825T072837,2026-08-25T07:31:28-05:00,1000024-B,CLASE TEORICA,(14) Grupo 14,Jhon Jairo Aragón Arias,8,55
local-20260825T072837,2026-08-25T07:31:30-05:00,1000013-B,CLASE TEORICA,(1) Grupo 1,JHONIER SEBASTIAN RANGEL GUTIERREZ,0,56
local-20260825T072837,2026-08-25T07:31:30-05:00,1000013-B,CLASE TEORICA,(10) Grupo 10,Sandra Vergara Cardozo,0,56
local-20260825T072837,2026-08-25T07:31:30-05:00,1000013-B,CLASE TEORICA,(11) Grupo 11,DIEGO ALBERTO MARTINEZ SIMBAQUEVA,0,56
local-20260825T072837,2026-08-25T07:31:30-05:00,1000013-B,CLASE TEORICA,(12) Grupo 12,DIEGO ALBERTO MARTINEZ SIMBAQUEVA,0,56
local-20260825T072837,2026-08-25T07:31:30-05:00,1000013-B,CLASE TEORICA,(13) Grupo 13,DIEGO ALBERTO MARTINEZ SIMBAQUEVA,0,56
local-20260825T072837,2026-08-25T07:31:30-05:00,1000013-B,CLASE TEORICA,(16) Grupo 16,Sergio Alejandro Calderon Villanueva,22,56
local-20260825T072837,2026-08-25T07:31:30-05:00,1000013-B,CLASE TEORICA,(2) Grupo 2,Luis Guillermo Diaz Monroy,25,56
local-20260825T072837,2026-08-25T07:31:30-05:00,1000013-B,CLASE TEORICA,(22) Grupo 22,Hanwen Zhang,22,56
local-20260825T072837,2026-08-25T07:31:30-05:00,1000013-B,CLASE TEORICA,(23) Grupo 23,ULPIANO LARA CRISTANCHO,0,56
local-20260825T072837,2026-08-25T07:31:30-05:00,1000013-B,CLASE TEORICA,(3) Grupo 3,Diana Carolina Franco Soto,21,56
local-20260825T072837,2026-08-25T07:31:30-05:00,1000013-B,CLASE TEORICA,(4) Grupo 4,Diana Carolina Franco Soto,27,56
local-20260825T072837,2026-08-25T07:31:30-05:00,1000013-B,CLASE TEORICA,(5) Grupo 5,Darwin Eduardo Martínez Riaño,9,56
local-20260825T072837,2026-08-25T07:31:30-05:00,1000013-B,CLASE TEORICA,(6) Grupo 6,Darwin Eduardo Martínez Riaño,24,56
local-20260825T072837,2026-08-25T07:31:30-05:00,1000013-B,CLASE TEORICA,(7) Grupo 7,Camilo Jose Torres Jimenez,6,56
local-20260825T072837,2026-08-25T07:31:31-05:00,2015734,NA,(1) Grupo 1,Fernando Salazar Delgado,0,57
local-20260825T072837,2026-08-25T07:31:31-05:00,2015734,NA,(10) Grupo 10,Tito Florez Calderon,0,57
local-20260825T072837,2026-08-25T07:31:31-05:00,2015734,NA,(11) Grupo 11,DAVID ALBERTO HERRERA ALVAREZ,0,57
local-20260825T072837,2026-08-25T07:31:31-05:00,2015734,NA,(12) Grupo 12,FABIEL NATÁN ESPINOSA CASTAÑEDA,0,57
local-20260825T072837,2026-08-25T07:31:31-05:00,2015734,NA,(13) Grupo 13,SERGIO CAMILO ESPINOSA BOTERO,0,57
local-20260825T072837,2026-08-25T07:31:31-05:00,2015734,NA,(14) Grupo 14,Felipe Gonzalez Roldan,0,57
local-20260825T072837,2026-08-25T07:31:31-05:00,2015734,NA,(2) Grupo 2,Fernando Salazar Delgado,0,57
local-20260825T072837,2026-08-25T07:31:31-05:00,2015734,NA,(3) Grupo 3,Jhoan Sebastian Restrepo Mendoza,0,57
local-20260825T072837,2026-08-25T07:31:31-05:00,2015734,NA,(4) Grupo 4,Sandra Liliana Rojas Martinez,0,57
local-20260825T072837,2026-08-25T07:31:31-05:00,2015734,NA,(5) Grupo 5,Jhoan Sebastian Restrepo Mendoza,0,57
local-20260825T072837,2026-08-25T07:31:31-05:00,2015734,NA,(6) Grupo 6,SERGIO CAMILO ESPINOSA BOTERO,0,57
local-20260825T072837,2026-08-25T07:31:31-05:00,2015734,NA,(7) Grupo 7,No informado,0,57
local-20260825T072837,2026-08-25T07:31:31-05:00,2015734,NA,(8) Grupo 8 - Virtual,FABIEL NATÁN ESPINOSA CASTAÑEDA,0,57
local-20260825T072837,2026-08-25T07:31:31-05:00,2015734,NA,(9) Grupo 9,Alvaro Reynel Córdoba,11,57
local-20260825T072837,2026-08-25T07:31:33-05:00,2015973,CLASE TEORICA,(1) Grupo 1,No informado,22,59
local-20260825T072837,2026-08-25T07:31:33-05:00,2015973,CLASE TEORICA,(2) Grupo 2,GABRIELA ARRIETA LOYO,8,59
local-20260825T072837,2026-08-25T07:31:33-05:00,2015973,CLASE TEORICA,(3) Grupo 3,NICOLAS ESCALANTE MORA,9,59
local-20260825T072837,2026-08-25T07:31:35-05:00,2022761,NA,(1) Grupo 1,Servio Javier Contreras Guerrero,3,60
local-20260825T072837,2026-08-25T07:31:35-05:00,2022761,NA,(2) Grupo 2,Servio Javier Contreras Guerrero,4,60
local-20260825T072837,2026-08-25T07:31:35-05:00,2022761,NA,(3) Grupo 3,Samuel Fernando Mesa Giraldo,3,60
local-20260825T072837,2026-08-25T07:31:37-05:00,2024045,CLASE TEORICA,(1) 2024045-1 Taller de proyectos interdisciplinarios,No informado,0,61
local-20260825T072837,2026-08-25T07:31:37-05:00,2024045,CLASE TEORICA,(10) 2024045-10 Taller de proyectos interdisciplinarios,Oscar Andres Eraso Eraso,0,61
local-20260825T072837,2026-08-25T07:31:37-05:00,2024045,CLASE TEORICA,(11) 2024045-11 Taller de proyectos interdisciplinarios,No informado,0,61
local-20260825T072837,2026-08-25T07:31:37-05:00,2024045,CLASE TEORICA,(12) 2024045-12 Taller de proyectos interdisciplinarios,Hector Julian Garcia Otalora,114,61
local-20260825T072837,2026-08-25T07:31:37-05:00,2024045,CLASE TEORICA,(13) 2024045-13 Taller de proyectos interdisciplinarios,No informado,0,61
local-20260825T072837,2026-08-25T07:31:37-05:00,2024045,CLASE TEORICA,(14) 2024045-14 Taller de proyectos interdisciplinarios,Dolly Santos Barbosa,0,61
local-20260825T072837,2026-08-25T07:31:37-05:00,2024045,CLASE TEORICA,(15) 2024045-15 Taller de proyectos interdisciplinarios,Oscar Andres Eraso Eraso,0,61
local-20260825T072837,2026-08-25T07:31:37-05:00,2024045,CLASE TEORICA,(16) 2024045-16 Taller de proyectos interdisciplinarios,Luis Ignacio Rodriguez Varela,0,61
local-20260825T072837,2026-08-25T07:31:37-05:00,2024045,CLASE TEORICA,(17) 2024045-17 Taller de proyectos interdisciplinarios,JOHANA CATALINA MANOSALVA BARRERA,0,61
local-20260825T072837,2026-08-25T07:31:37-05:00,2024045,CLASE TEORICA,(18) 2024045-18 Taller de proyectos interdisciplinarios,Fernando Bernal Martinez,0,61
local-20260825T072837,2026-08-25T07:31:37-05:00,2024045,CLASE TEORICA,(19) 2024045-19 Taller de proyectos interdisciplinarios,FRANCISCO JAVIER VÁSQUEZ VÁSQUEZ,0,61
local-20260825T072837,2026-08-25T07:31:37-05:00,2024045,CLASE TEORICA,(2) 2024045-2 Taller de proyectos interdisciplinarios,Fernando Bernal Martinez,0,61
local-20260825T072837,2026-08-25T07:31:37-05:00,2024045,CLASE TEORICA,(21) 2024045-21 Taller de proyectos interdisciplinarios,No informado,0,61
local-20260825T072837,2026-08-25T07:31:37-05:00,2024045,CLASE TEORICA,(22) 2024045-22 Taller de proyectos interdisciplinarios,Ubaldo Garcia Zaragoza,0,61
local-20260825T072837,2026-08-25T07:31:37-05:00,2024045,CLASE TEORICA,(23) 2024045-23 Taller de proyectos interdisciplinarios,No informado,0,61
local-20260825T072837,2026-08-25T07:31:37-05:00,2024045,CLASE TEORICA,(24) 2024045-24 Taller de proyectos interdisciplinarios,Hector Julian Garcia Otalora,128,61
local-20260825T072837,2026-08-25T07:31:37-05:00,2024045,CLASE TEORICA,(3) 2024045-3 Taller de proyectos interdisciplinarios,Guillermo Alberto Rocha Casas,0,61
local-20260825T072837,2026-08-25T07:31:37-05:00,2024045,CLASE TEORICA,(4) 2024045-4 Taller de proyectos interdisciplinarios,Francy Nayely Prieto Novoa,0,61
local-20260825T072837,2026-08-25T07:31:37-05:00,2024045,CLASE TEORICA,(40) 2024045-40 TPI-- NO BORRAR-- BLOQ ESPACIOS,No informado,0,61
local-20260825T072837,2026-08-25T07:31:37-05:00,2024045,CLASE TEORICA,(5) 2024045-5 Taller de proyectos interdisciplinarios,Nubia Carmenza Moreno Sarmiento,0,61
local-20260825T072837,2026-08-25T07:31:37-05:00,2024045,CLASE TEORICA,(6) 2024045-6 Taller de proyectos interdisciplinarios,JOHANA CATALINA MANOSALVA BARRERA,0,61
local-20260825T072837,2026-08-25T07:31:37-05:00,2024045,CLASE TEORICA,(7) 2024045-7 Taller de proyectos interdisciplinarios,Ubaldo Garcia Zaragoza,0,61
local-20260825T072837,2026-08-25T07:31:37-05:00,2024045,CLASE TEORICA,(8) 2024045-8 Taller de proyectos interdisciplinarios,JHON FREDDY LOPEZ MEDINA,0,61
local-20260825T072837,2026-08-25T07:31:37-05:00,2024045,CLASE TEORICA,(9) 2024045-9 Taller de proyectos interdisciplinarios,Manuel Alejandro Mayorga Betancourt,0,61
local-20260825T072837,2026-08-25T07:31:38-05:00,2015296,NA,(1) Grupo 1,Leonardo David Donado Garzon,3,62
local-20260825T072837,2026-08-25T07:31:38-05:00,2015296,NA,(10) Grupo 10,Juan Manuel Lizarazo Marriaga,5,62
local-20260825T072837,2026-08-25T07:31:38-05:00,2015296,NA,(11) Grupo 11,Octavio Coronado Garcia,5,62
local-20260825T072837,2026-08-25T07:31:38-05:00,2015296,NA,(12) Grupo 12,Carol Andrea Murillo Feo,5,62
local-20260825T072837,2026-08-25T07:31:38-05:00,2015296,NA,(13) Grupo 13,CAMILO RIOS FRESNEDA,5,62
local-20260825T072837,2026-08-25T07:31:38-05:00,2015296,NA,(14) Grupo 14,William Castro Garcia,5,62
local-20260825T072837,2026-08-25T07:31:38-05:00,2015296,NA,(15) Grupo 15,Luis Alejandro Morales Marin,5,62
local-20260825T072837,2026-08-25T07:31:38-05:00,2015296,NA,(16) Grupo 16,Ferney Betancourt Cardozo,5,62
local-20260825T072837,2026-08-25T07:31:38-05:00,2015296,NA,(17) Grupo 17,Maria Alejandra Caicedo Londoño,5,62
local-20260825T072837,2026-08-25T07:31:38-05:00,2015296,NA,(18) Grupo 18,Guillermo Eduardo Avila Alvarez,5,62
local-20260825T072837,2026-08-25T07:31:38-05:00,2015296,NA,(19) Grupo 19,Carlos Alfonso Gomez Guacaneme,0,62
local-20260825T072837,2026-08-25T07:31:38-05:00,2015296,NA,(2) Grupo 2,Carlos Orlando Robles Roa,5,62
local-20260825T072837,2026-08-25T07:31:38-05:00,2015296,NA,(3) Grupo 3,Angela Barrera Puerto,5,62
local-20260825T072837,2026-08-25T07:31:38-05:00,2015296,NA,(4) Grupo 4,Mauricio Alberto Tapias Camacho,5,62
local-20260825T072837,2026-08-25T07:31:38-05:00,2015296,NA,(5) Grupo 5,Maritzabel Molina Herrera,5,62
local-20260825T072837,2026-08-25T07:31:38-05:00,2015296,NA,(6) Grupo 6,Rodolfo Rodriguez Baracaldo,5,62
local-20260825T072837,2026-08-25T07:31:38-05:00,2015296,NA,(7) Grupo 7,SANTIAGO RAMIREZ ECHEVERRI,5,62
local-20260825T072837,2026-08-25T07:31:38-05:00,2015296,NA,(8) Grupo 8,Jose Ricardo Martinez Vargas,5,62
local-20260825T072837,2026-08-25T07:31:38-05:00,2015296,NA,(9) Grupo 9,GABRIELA ARRIETA LOYO,5,62
local-20260825T072837,2026-08-25T07:31:39-05:00,2015299,CLASE TEORICA,(1) Grupo 1,GABRIELA ARRIETA LOYO,51,63
