run_id,ts_lectura,codigo,actividad,grupo,profesores_raw,cupos_disponibles,orden_lectura
local-20260901T102346,2026-09-01T10:24:20-05:00,2015938,CLASE TEORICA,(1) Grupo 1,Maria Alejandra Caicedo Londoño,0,0
local-20260901T102346,2026-09-01T10:24:20-05:00,2015938,CLASE TEORICA,(2) Grupo 2,Maria Alejandra Caicedo Londoño,0,0
local-20260901T102346,2026-09-01T10:24:20-05:00,2015938,CLASE TEORICA,(3) Grupo 3,JOSE LUIS DIAZ AREVALO,0,0
local-20260901T102346,2026-09-01T10:24:20-05:00,2015938,CLASE TEORICA,(4) Grupo 4,JOSE LUIS DIAZ AREVALO,0,0
local-20260901T102346,2026-09-01T10:24:21-05:00,2015939,CLASE TEORICA,(1) Grupo 1,ALVARO MARTIN GUTIERREZ MALAXECHEBARRIA,0,1
local-20260901T102346,2026-09-01T10:24:21-05:00,2015939,CLASE TEORICA,(2) Grupo 2,ALVARO MARTIN GUTIERREZ MALAXECHEBARRIA,0,1
local-20260901T102346,2026-09-01T10:24:21-05:00,2015939,CLASE TEORICA,(3) Grupo 3,Edder Alexander Velandia Duran,1,1
local-20260901T102346,2026-09-01T10:24:21-05:00,2015939,CLASE TEORICA,(4) Grupo 4,CARLOS ALBERTO ESPAÑOL MARIÑO,0,1
local-20260901T102346,2026-09-01T10:24:21-05:00,2015939,CLASE TEORICA,(5) Grupo 5,No informado,0,1
local-20260901T102346,2026-09-01T10:24:23-05:00,1000003-B,NA,(1) Grupo 1,Agustin Moreno Canadas,0,2
local-20260901T102346,2026-09-01T10:24:23-05:00,1000003-B,NA,(10) Grupo 10,Epifanio Lozano Ayala,0,2
local-20260901T102346,2026-09-01T10:24:23-05:00,1000003-B,NA,(11) Grupo 11,Gustavo Adolfo Nieto Clavijo,0,2
local-20260901T102346,2026-09-01T10:24:23-05:00,1000003-B,NA,(12) Grupo 12,LENIN DAVID ANGARITA RIVERA,0,2
local-20260901T102346,2026-09-01T10:24:23-05:00,1000003-B,NA,(13) Grupo 13,Mohammed EL AIDI,0,2
local-20260901T102346,2026-09-01T10:24:23-05:00,1000003-B,NA,(15) Grupo 15,Myriam Leonor Campos Florez,0,2
local-20260901T102346,2026-09-01T10:24:23-05:00,1000003-B,NA,(16) Grupo 16,No informado,0,2
local-20260901T102346,2026-09-01T10:24:23-05:00,1000003-B,NA,(17) Grupo 17,Martha Cecilia Moreno Penagos,0,2
local-20260901T102346,2026-09-01T10:24:23-05:00,1000003-B,NA,(18) Grupo 18,John Alexander Cruz Morales,0,2
local-20260901T102346,2026-09-01T10:24:23-05:00,1000003-B,NA,(20) Grupo 20,Natalia Camila Pinzon Cortes,0,2
local-20260901T102346,2026-09-01T10:24:23-05:00,1000003-B,NA,(21) Grupo 21,Ivon Andrea Dorado Correa,0,2
local-20260901T102346,2026-09-01T10:24:23-05:00,1000003-B,NA,(22) Grupo 22,David Reyes Gaona,0,2
local-20260901T102346,2026-09-01T10:24:23-05:00,1000003-B,NA,(3) Grupo 3,JHON ALEJANDRO AYALA OLIVEROS,0,2
local-20260901T102346,2026-09-01T10:24:23-05:00,1000003-B,NA,(4) Grupo 4,Luis Alejandro Barbosa Torres,0,2
local-20260901T102346,2026-09-01T10:24:23-05:00,1000003-B,NA,(5) Grupo 5,Sherly Paola Alfonso Sanchez,0,2
local-20260901T102346,2026-09-01T10:24:23-05:00,1000003-B,NA,(7) Grupo 7,Myriam Leonor Campos Florez,0,2
local-20260901T102346,2026-09-01T10:24:23-05:00,1000003-B,NA,(8) Grupo 8,No informado,8,2
local-20260901T102346,2026-09-01T10:24:25-05:00,2015940,CLASE TEORICA,(1) Grupo 1,Maritzabel Molina Herrera,0,3
local-20260901T102346,2026-09-01T10:24:25-05:00,2015940,CLASE TEORICA,(2) Grupo 2,Gabriel Andres Bernal Granados,0,3
local-20260901T102346,2026-09-01T10:24:25-05:00,2015940,CLASE TEORICA,(3) Grupo 3,YON ALEXANDER BOLAÑOS DIAZ,0,3
local-20260901T102346,2026-09-01T10:24:26-05:00,2015941,CLASE TEORICA,(1) Grupo 1,Patricia Luna Tamayo,0,4
local-20260901T102346,2026-09-01T10:24:26-05:00,2015941,CLASE TEORICA,(2) Grupo 2,Raul Andres Lopera Rodriguez,0,4
local-20260901T102346,2026-09-01T10:24:26-05:00,2015941,CLASE TEORICA,(3) Grupo 3,Carlos Ramiro Vallecilla Bahena,0,4
local-20260901T102346,2026-09-01T10:24:26-05:00,2015941,CLASE TEORICA,(4) Grupo 4,Raul Andres Lopera Rodriguez,0,4
local-20260901T102346,2026-09-01T10:24:29-05:00,1000004-B,NA,(10) Grupo 10,Carolina Neira Jimenez,11,5
local-20260901T102346,2026-09-01T10:24:29-05:00,1000004-B,NA,(11) Grupo 11,Herbert Alonso Dueñas Ruiz,0,5
local-20260901T102346,2026-09-01T10:24:29-05:00,1000004-B,NA,(12) Grupo 12,Martha Cecilia Moreno Penagos,0,5
local-20260901T102346,2026-09-01T10:24:29-05:00,1000004-B,NA,(13) Grupo 13,NICOLAS RODRIGUEZ CHACON,0,5
local-20260901T102346,2026-09-01T10:24:29-05:00,1000004-B,NA,(14) Grupo 14,JOSÉ SEBASTIÁN NARANJO SPADAFORA,9,5
local-20260901T102346,2026-09-01T10:24:29-05:00,1000004-B,NA,(16) Grupo 16,MIGUEL ANGEL COLMENARES HERRERA,0,5
local-20260901T102346,2026-09-01T10:24:29-05:00,1000004-B,NA,(17) Grupo 17,Hernan Garzon Gutierrez,0,5
local-20260901T102346,2026-09-01T10:24:29-05:00,1000004-B,NA,(19) Grupo 19,JOSÉ SEBASTIÁN NARANJO SPADAFORA,11,5
local-20260901T102346,2026-09-01T10:24:29-05:00,1000004-B,NA,(2) Grupo 2,Gustavo Daver Cipagauta Cuitiva,0,5
local-20260901T102346,2026-09-01T10:24:29-05:00,1000004-B,NA,(20) Grupo 20,Hernan Garzon Gutierrez,0,5
local-20260901T102346,2026-09-01T10:24:29-05:00,1000004-B,NA,(21) Grupo 21,JHOAN SEBASTIAN TENJO GARCIA,0,5
local-20260901T102346,2026-09-01T10:24:29-05:00,1000004-B,NA,(22) Grupo 22,EDWIN RODRIGO CELIS MONTEALEGRE,18,5
local-20260901T102346,2026-09-01T10:24:29-05:00,1000004-B,NA,(24) Grupo 24,Ricardo Ariel Pastran Ramirez,0,5
local-20260901T102346,2026-09-01T10:24:29-05:00,1000004-B,NA,(25) Grupo 25,Jeanneth Galeano Penaloza,0,5
local-20260901T102346,2026-09-01T10:24:29-05:00,1000004-B,NA,(27) Grupo 27,JHOAN SEBASTIAN TENJO GARCIA,0,5
local-20260901T102346,2026-09-01T10:24:29-05:00,1000004-B,NA,(28) Grupo 28,Gabriel Ignacio Padilla Leon,1,5
local-20260901T102346,2026-09-01T10:24:29-05:00,1000004-B,NA,(29) Grupo 29,DANIEL FELIPE SUÁREZ LEÓN,14,5
local-20260901T102346,2026-09-01T10:24:29-05:00,1000004-B,NA,(30) Grupo 30,Gustavo Daver Cipagauta Cuitiva,43,5
local-20260901T102346,2026-09-01T10:24:29-05:00,1000004-B,NA,(32) Grupo 32,Ibeth Marcela Rubio Perilla,0,5
local-20260901T102346,2026-09-01T10:24:29-05:00,1000004-B,NA,(4) Grupo 4,Myriam Leonor Campos Florez,0,5
local-20260901T102346,2026-09-01T10:24:29-05:00,1000004-B,NA,(5) Grupo 5,RICHARD EDUARDO SANCHEZ MENDEZ,1,5
local-20260901T102346,2026-09-01T10:24:29-05:00,1000004-B,NA,(7) Grupo 7,Anderson Arley Vera Arboleda,0,5
local-20260901T102346,2026-09-01T10:24:29-05:00,1000004-B,NA,(8) Grupo 8,EDWIN RODRIGO CELIS MONTEALEGRE,26,5
local-20260901T102346,2026-09-01T10:24:29-05:00,1000004-B,NA,(9) Grupo 9,No informado,18,5
local-20260901T102346,2026-09-01T10:24:31-05:00,1000006-B,NA,(1) Grupo 1,ANDRÉS ÁLVAREZ RÍOS,0,6
local-20260901T102346,2026-09-01T10:24:31-05:00,1000006-B,NA,(10) Grupo 10,David Reyes Gaona,0,6
local-20260901T102346,2026-09-01T10:24:31-05:00,1000006-B,NA,(11) Grupo 11,No informado,0,6
local-20260901T102346,2026-09-01T10:24:31-05:00,1000006-B,NA,(12) Grupo 12,Leonid Lebedev,0,6
local-20260901T102346,2026-09-01T10:24:31-05:00,1000006-B,NA,(13) Grupo 13,Juan Carlos Hernandez Rincon,0,6
local-20260901T102346,2026-09-01T10:24:31-05:00,1000006-B,NA,(14) Grupo 14,CÉSAR ORLANDO RINCÓN GUERRERO,39,6
local-20260901T102346,2026-09-01T10:24:31-05:00,1000006-B,NA,(15) Grupo 15,JHOAN SEBASTIAN TENJO GARCIA,0,6
local-20260901T102346,2026-09-01T10:24:31-05:00,1000006-B,NA,(2) Grupo 2,Camilo Ernesto Medina Gonzalez,0,6
local-20260901T102346,2026-09-01T10:24:31-05:00,1000006-B,NA,(3) Grupo 3,Cesar Augusto Gomez Sierra,0,6
local-20260901T102346,2026-09-01T10:24:31-05:00,1000006-B,NA,(4) Grupo 4,Agustin Moreno Canadas,19,6
local-20260901T102346,2026-09-01T10:24:31-05:00,1000006-B,NA,(5) Grupo 5,Mauricio Lopez Hernandez,0,6
local-20260901T102346,2026-09-01T10:24:31-05:00,1000006-B,NA,(7) Grupo 7,No informado,8,6
local-20260901T102346,2026-09-01T10:24:31-05:00,1000006-B,NA,(8) Grupo 8,Epifanio Lozano Ayala,47,6
local-20260901T102346,2026-09-01T10:24:31-05:00,1000006-B,NA,(9) Grupo 9,Orlando Vanegas Canro,0,6
local-20260901T102346,2026-09-01T10:24:33-05:00,1000005-B,NA,(1) Grupo 1,Orlando Vanegas Canro,0,7
local-20260901T102346,2026-09-01T10:24:33-05:00,1000005-B,NA,(10) Grupo 10,Epifanio Lozano Ayala,0,7
local-20260901T102346,2026-09-01T10:24:33-05:00,1000005-B,NA,(14) Grupo 14,Mohammed EL AIDI,0,7
local-20260901T102346,2026-09-01T10:24:33-05:00,1000005-B,NA,(15) Grupo 15,Alina Fedosova,0,7
local-20260901T102346,2026-09-01T10:24:33-05:00,1000005-B,NA,(16) Grupo 16,Jonhatan Castillo Barajas,0,7
local-20260901T102346,2026-09-01T10:24:33-05:00,1000005-B,NA,(17) Grupo 17,Hernan Garzon Gutierrez,0,7
local-20260901T102346,2026-09-01T10:24:33-05:00,1000005-B,NA,(2) Grupo 2,RENE ERLIN CASTILLO,0,7
local-20260901T102346,2026-09-01T10:24:33-05:00,1000005-B,NA,(20) Grupo 20,Franqui Solis Cardenas Poloche,0,7
local-20260901T102346,2026-09-01T10:24:33-05:00,1000005-B,NA,(22) Grupo 22,No informado,0,7
local-20260901T102346,2026-09-01T10:24:33-05:00,1000005-B,NA,(3) Grupo 3,Eduardo Cardenas Gomez,0,7
local-20260901T102346,2026-09-01T10:24:33-05:00,1000005-B,NA,(4) Grupo 4,Edward Samuel Becerra Rojas,0,7
local-20260901T102346,2026-09-01T10:24:33-05:00,1000005-B,NA,(6) Grupo 6,DANIEL CAMILO ARANA HERNÁNDEZ,0,7
local-20260901T102346,2026-09-01T10:24:33-05:00,1000005-B,NA,(7) Grupo 7,Franqui Solis Cardenas Poloche,0,7
local-20260901T102346,2026-09-01T10:24:33-05:00,1000005-B,NA,(8) Grupo 8,No informado,0,7
local-20260901T102346,2026-09-01T10:24:33-05:00,1000005-B,NA,(9) Grupo 9,No informado,10,7
local-20260901T102346,2026-09-01T10:24:37-05:00,2015943,CLASE TEORICA,(1) Grupo 1,Carlos Orlando Robles Roa,1,9
local-20260901T102346,2026-09-01T10:24:38-05:00,2015944,CLASE TEORICA,(1) Grupo 1,SANTIAGO RAMIREZ ECHEVERRI,0,10
local-20260901T102346,2026-09-01T10:24:40-05:00,2015711,NA,(10) 2015711-10 Dibujo básico,Ariel Augusto Amaya Avila,0,11
local-20260901T102346,2026-09-01T10:24:40-05:00,2015711,NA,(11) 2015711-11 Dibujo básico,Cesar Augusto Bacca Gonzalez,0,11
local-20260901T102346,2026-09-01T10:24:40-05:00,2015711,NA,(14) 2015711-14 Dibujo básico,Cristian Felipe Morales Suárez,0,11
local-20260901T102346,2026-09-01T10:24:40-05:00,2015711,NA,(16) 2015711-16 Dibujo básico,DAVID FELIPE TORRES ARCE,0,11
local-20260901T102346,2026-09-01T10:24:40-05:00,2015711,NA,(4) 2015711-4 Dibujo básico,Cristian Felipe Morales Suárez,0,11
local-20260901T102346,2026-09-01T10:24:40-05:00,2015711,NA,(5) 2015711-5 Dibujo básico,Sebastian Achury Ortiz,0,11
local-20260901T102346,2026-09-01T10:24:40-05:00,2015711,NA,(7) 2015711-7 Dibujo básico,Cesar Augusto Bacca Gonzalez,0,11
local-20260901T102346,2026-09-01T10:24:40-05:00,2015711,NA,(8) 2015711-8 Dibujo básico,Miguel Angel Baquero Cortes,0,11
local-20260901T102346,2026-09-01T10:24:40-05:00,2015711,NA,(9) 2015711-9 Dibujo básico,EDWIN CAMILO REINA BELTRAN,0,11
local-20260901T102346,2026-09-01T10:24:42-05:00,2015948,CLASE TEORICA,(1) Grupo 1,YON ALEXANDER BOLAÑOS DIAZ,0,12
local-20260901T102346,2026-09-01T10:24:42-05:00,2015948,CLASE TEORICA,(2) Grupo 2,Mauricio Alberto Tapias Camacho,0,12
local-20260901T102346,2026-09-01T10:24:42-05:00,2015948,CLASE TEORICA,(3) Grupo 3,No informado,0,12
local-20260901T102346,2026-09-01T10:24:55-05:00,2015950,CLASE TEORICA,(1) Grupo 1,Darwin Humberto Mora Villota,0,13
local-20260901T102346,2026-09-01T10:24:55-05:00,2015950,CLASE TEORICA,(2) Grupo 2,No informado,0,13
local-20260901T102346,2026-09-01T10:24:55-05:00,2015950,CLASE TEORICA,(3) Grupo 3,Daniel Ricardo Lozano Monsalve,0,13
local-20260901T102346,2026-09-01T10:24:55-05:00,2015950,CLASE TEORICA,(4) Grupo 4,German Andres Mora Casas,0,13
local-20260901T102346,2026-09-01T10:24:55-05:00,2015950,CLASE TEORICA,(5) Grupo 5,THOMAS FEDERICO ROJAS VALLEJO,0,13
local-20260901T102346,2026-09-01T10:24:58-05:00,2015949,CLASE TEORICA,(1) Grupo 1,Mario Javier Cardozo Chaux,0,14
local-20260901T102346,2026-09-01T10:24:58-05:00,2015949,CLASE TEORICA,(2) Grupo 2,Wilson Ernesto Vargas Vargas,0,14
local-20260901T102346,2026-09-01T10:24:58-05:00,2015949,CLASE TEORICA,(3) Grupo 3,ELKIN DARIO CAÑON BUITRAGO,0,14
local-20260901T102346,2026-09-01T10:25:01-05:00,1000007-B,NA,(1) Grupo 1,JHON CRISTIAN MINA LADINO,0,15
local-20260901T102346,2026-09-01T10:25:01-05:00,1000007-B,NA,(11) Grupo 11,Leonid Lebedev,2,15
local-20260901T102346,2026-09-01T10:25:01-05:00,1000007-B,NA,(12) Grupo 12,Gustavo Adolfo Nieto Clavijo,0,15
local-20260901T102346,2026-09-01T10:25:01-05:00,1000007-B,NA,(13) Grupo 13,Omar Duque Gomez,31,15
local-20260901T102346,2026-09-01T10:25:01-05:00,1000007-B,NA,(14) Grupo 14,IVAN FELIPE SALAMANCA MEDINA,36,15
local-20260901T102346,2026-09-01T10:25:01-05:00,1000007-B,NA,(3) Grupo 3,IVAN FELIPE SALAMANCA MEDINA,0,15
local-20260901T102346,2026-09-01T10:25:01-05:00,1000007-B,NA,(4) Grupo 4,CARLOS SNEYDER OTALORA ALDANA,0,15
local-20260901T102346,2026-09-01T10:25:01-05:00,1000007-B,NA,(6) Grupo 6,Alexander Caviedes Castro,0,15
local-20260901T102346,2026-09-01T10:25:01-05:00,1000007-B,NA,(7) Grupo 7,Oscar Guillermo Riaño Castañeda,0,15
local-20260901T102346,2026-09-01T10:25:01-05:00,1000007-B,NA,(9) Grupo 9,Orlando Vanegas Canro,0,15
local-20260901T102346,2026-09-01T10:25:02-05:00,2026134,CLASE TEORICA,(1) Grupo 1,No informado,0,16
local-20260901T102346,2026-09-01T10:25:02-05:00,2026134,CLASE TEORICA,(2) Grupo 2,Juan Manuel Lizarazo Marriaga,0,16
local-20260901T102346,2026-09-01T10:25:02-05:00,2026134,CLASE TEORICA,(3) Grupo 3,Maritzabel Molina Herrera,0,16
local-20260901T102346,2026-09-01T10:25:02-05:00,2026134,CLASE TEORICA,(4) Grupo 4,Carlos Ramiro Vallecilla Bahena,3,16
local-20260901T102346,2026-09-01T10:25:02-05:00,2026134,CLASE TEORICA,(5) Grupo 5,Fernando Lozano Osorno,0,16
local-20260901T102346,2026-09-01T10:25:02-05:00,2026134,CLASE TEORICA,(6) Grupo 6,Jose Dario Moreno Pineda,9,16
local-20260901T102346,2026-09-01T10:25:04-05:00,2015954,CLASE TEORICA,(1) Grupo 1,Erasmo Alfredo Rodriguez Sandoval,0,17
local-20260901T102346,2026-09-01T10:25:04-05:00,2015954,CLASE TEORICA,(2) Grupo 2,Mario Enrique Moreno Castiblanco,0,17
local-20260901T102346,2026-09-01T10:25:04-05:00,2015954,CLASE TEORICA,(3) Grupo 3,Luis Alejandro Morales Marin,0,17
local-20260901T102346,2026-09-01T10:25:06-05:00,2015955,CLASE TEORICA,(1) Grupo 1,Giovanni Andres Cortes Tovar,0,18
local-20260901T102346,2026-09-01T10:25:06-05:00,2015955,CLASE TEORICA,(2) Grupo 2,Angela Barrera Puerto,15,18
local-20260901T102346,2026-09-01T10:25:06-05:00,2015955,CLASE TEORICA,(3) Grupo 3,Giovanni Andres Cortes Tovar,0,18
local-20260901T102346,2026-09-01T10:25:08-05:00,1000011-B,CLASE TEORICA,(1) Grupo 1,Ernesto Javier Puertas Dellepianes,59,19
local-20260901T102346,2026-09-01T10:25:08-05:00,1000011-B,CLASE TEORICA,(3) Grupo 3,Néstor Fernando Perez Buitrago,11,19
local-20260901T102346,2026-09-01T10:25:13-05:00,1000019-B,CLASE LABORATORIO,(1) Grupo 1,Gustavo Martinez Tamayo,0,20
local-20260901T102346,2026-09-01T10:25:13-05:00,1000019-B,CLASE LABORATORIO,(10) Grupo 10,No informado,0,20
local-20260901T102346,2026-09-01T10:25:13-05:00,1000019-B,CLASE LABORATORIO,(11) Grupo 11,EVER DAVID ALCALA CAJAR,0,20
local-20260901T102346,2026-09-01T10:25:13-05:00,1000019-B,CLASE LABORATORIO,(12) Grupo 12,FABIAN FELIPE QUEVEDO FARIETA,0,20
local-20260901T102346,2026-09-01T10:25:13-05:00,1000019-B,CLASE LABORATORIO,(13) Grupo 13,Alvaro Marino Camargo,0,20
local-20260901T102346,2026-09-01T10:25:13-05:00,1000019-B,CLASE LABORATORIO,(14) Grupo 14,Alvaro Marino Camargo,0,20
local-20260901T102346,2026-09-01T10:25:13-05:00,1000019-B,CLASE LABORATORIO,(15) Grupo 15,EVER DAVID ALCALA CAJAR,0,20
local-20260901T102346,2026-09-01T10:25:13-05:00,1000019-B,CLASE LABORATORIO,(16) Grupo 16,Alvaro Marino Camargo,1,20
local-20260901T102346,2026-09-01T10:25:13-05:00,1000019-B,CLASE LABORATORIO,(17) Grupo 17,JULIAN MATEO DE MENDOZA GUTIERREZ,2,20
local-20260901T102346,2026-09-01T10:25:13-05:00,1000019-B,CLASE LABORATORIO,(18) Grupo 18,Jaime Villalobos Velasco,1,20
local-20260901T102346,2026-09-01T10:25:13-05:00,1000019-B,CLASE LABORATORIO,(19) Grupo 19,JULY PAOLA GARZÓN LOPEZ,2,20
local-20260901T102346,2026-09-01T10:25:13-05:00,1000019-B,CLASE LABORATORIO,(2) Grupo 2,Gustavo Martinez Tamayo,0,20
local-20260901T102346,2026-09-01T10:25:13-05:00,1000019-B,CLASE LABORATORIO,(20) Grupo 20,JOSE ALFREDO GOMEZ MATEUS,15,20
local-20260901T102346,2026-09-01T10:25:13-05:00,1000019-B,CLASE LABORATORIO,(21) Grupo 21,Pedro Hernan Sanchez Machet,3,20
local-20260901T102346,2026-09-01T10:25:13-05:00,1000019-B,CLASE LABORATORIO,(22) Grupo 22,Pedro Hernan Sanchez Machet,4,20
local-20260901T102346,2026-09-01T10:25:13-05:00,1000019-B,CLASE LABORATORIO,(23) Grupo 23,Pedro Hernan Sanchez Machet,26,20
local-20260901T102346,2026-09-01T10:25:13-05:00,1000019-B,CLASE LABORATORIO,(24) Grupo 24,Pedro Hernan Sanchez Machet,10,20
local-20260901T102346,2026-09-01T10:25:13-05:00,1000019-B,CLASE LABORATORIO,(25) Grupo 25,Plinio Del Carmen Teheran Sermeno,24,20
local-20260901T102346,2026-09-01T10:25:13-05:00,1000019-B,CLASE LABORATORIO,(26) Grupo 26 (VIRTUAL),Plinio Del Carmen Teheran Sermeno,3,20
local-20260901T102346,2026-09-01T10:25:13-05:00,1000019-B,CLASE LABORATORIO,(27) Grupo 27 (VIRTUAL),Plinio Del Carmen Teheran Sermeno,10,20
local-20260901T102346,2026-09-01T10:25:13-05:00,1000019-B,CLASE LABORATORIO,(28) Grupo 28 (VIRTUAL),Plinio Del Carmen Teheran Sermeno,14,20
local-20260901T102346,2026-09-01T10:25:13-05:00,1000019-B,CLASE LABORATORIO,(29) Grupo 29 (VIRTUAL),Plinio Del Carmen Teheran Sermeno,11,20
local-20260901T102346,2026-09-01T10:25:13-05:00,1000019-B,CLASE LABORATORIO,(3) Grupo 3,Gustavo Martinez Tamayo,0,20
local-20260901T102346,2026-09-01T10:25:13-05:00,1000019-B,CLASE LABORATORIO,(4) Grupo 4,No informado,1,20
local-20260901T102346,2026-09-01T10:25:13-05:00,1000019-B,CLASE LABORATORIO,(5) Grupo 5,FABIAN FELIPE QUEVEDO FARIETA,0,20
local-20260901T102346,2026-09-01T10:25:13-05:00,1000019-B,CLASE LABORATORIO,(6) Grupo 6,Jaime Villalobos Velasco,0,20
local-20260901T102346,2026-09-01T10:25:13-05:00,1000019-B,CLASE LABORATORIO,(7) Grupo 7,Jaime Villalobos Velasco,0,20
local-20260901T102346,2026-09-01T10:25:13-05:00,1000019-B,CLASE LABORATORIO,(8) Grupo 8,Alvaro Marino Camargo,0,20
local-20260901T102346,2026-09-01T10:25:13-05:00,1000019-B,CLASE LABORATORIO,(9) Grupo 9,No informado,7,20
local-20260901T102346,2026-09-01T10:25:13-05:00,1000019-B,CLASE TALLER,(1) Grupo 1,FABIAN FELIPE QUEVEDO FARIETA,0,20
local-20260901T102346,2026-09-01T10:25:13-05:00,1000019-B,CLASE TALLER,(10) Grupo 10,FABIAN FELIPE QUEVEDO FARIETA; Gladys Aminta Mendoza Baron,0,20
local-20260901T102346,2026-09-01T10:25:13-05:00,1000019-B,CLASE TALLER,(11) Grupo 11,JULIAN MATEO DE MENDOZA GUTIERREZ; Gladys Aminta Mendoza Baron,0,20
local-20260901T102346,2026-09-01T10:25:13-05:00,1000019-B,CLASE TALLER,(12) Grupo 12,JULIAN MATEO DE MENDOZA GUTIERREZ,0,20
local-20260901T102346,2026-09-01T10:25:13-05:00,1000019-B,CLASE TALLER,(13) Grupo 13,MIGUEL ENRIQUE GÁMEZ LÓPEZ,0,20
local-20260901T102346,2026-09-01T10:25:13-05:00,1000019-B,CLASE TALLER,(14) Grupo 14,No informado,0,20
local-20260901T102346,2026-09-01T10:25:13-05:00,1000019-B,CLASE TALLER,(15) Grupo 15,EVER DAVID ALCALA CAJAR,0,20
local-20260901T102346,2026-09-01T10:25:13-05:00,1000019-B,CLASE TALLER,(16) Grupo 16,Edna Carolina Pinilla Beltran,1,20
local-20260901T102346,2026-09-01T10:25:13-05:00,1000019-B,CLASE TALLER,(17) Grupo 17,Jereson Silva Valencia,2,20
local-20260901T102346,2026-09-01T10:25:13-05:00,1000019-B,CLASE TALLER,(18) Grupo 18,Jereson Silva Valencia,1,20
local-20260901T102346,2026-09-01T10:25:13-05:00,1000019-B,CLASE TALLER,(19) Grupo 19,Jereson Silva Valencia,2,20
local-20260901T102346,2026-09-01T10:25:13-05:00,1000019-B,CLASE TALLER,(2) Grupo 2,Gustavo Martinez Tamayo,0,20
local-20260901T102346,2026-09-01T10:25:13-05:00,1000019-B,CLASE TALLER,(20) Grupo 20,Jereson Silva Valencia,15,20
local-20260901T102346,2026-09-01T10:25:13-05:00,1000019-B,CLASE TALLER,(21) Grupo 21,JOSE ALFREDO GOMEZ MATEUS,3,20
local-20260901T102346,2026-09-01T10:25:13-05:00,1000019-B,CLASE TALLER,(22) Grupo 22,JULY PAOLA GARZÓN LOPEZ,4,20
local-20260901T102346,2026-09-01T10:25:13-05:00,1000019-B,CLASE TALLER,(23) Grupo 23,Edna Carolina Pinilla Beltran,26,20
local-20260901T102346,2026-09-01T10:25:13-05:00,1000019-B,CLASE TALLER,(24) Grupo 24,Felipe Valencia Hernandez,10,20
local-20260901T102346,2026-09-01T10:25:13-05:00,1000019-B,CLASE TALLER,(25) Grupo 25,Plinio Del Carmen Teheran Sermeno,24,20
local-20260901T102346,2026-09-01T10:25:13-05:00,1000019-B,CLASE TALLER,(26) Grupo 26 (VIRTUAL),Plinio Del Carmen Teheran Sermeno,3,20
local-20260901T102346,2026-09-01T10:25:13-05:00,1000019-B,CLASE TALLER,(27) Grupo 27 (VIRTUAL),Plinio Del Carmen Teheran Sermeno,10,20
local-20260901T102346,2026-09-01T10:25:13-05:00,1000019-B,CLASE TALLER,(28) Grupo 28 (VIRTUAL),Plinio Del Carmen Teheran Sermeno,14,20
local-20260901T102346,2026-09-01T10:25:13-05:00,1000019-B,CLASE TALLER,(29) Grupo 29 (VIRTUAL),Plinio Del Carmen Teheran Sermeno,11,20
local-20260901T102346,2026-09-01T10:25:13-05:00,1000019-B,CLASE TALLER,(3) Grupo 3,Gustavo Martinez Tamayo,0,20
local-20260901T102346,2026-09-01T10:25:13-05:00,1000019-B,CLASE TALLER,(4) Grupo 4,Jaime Villalobos Velasco,1,20
local-20260901T102346,2026-09-01T10:25:13-05:00,1000019-B,CLASE TALLER,(5) Grupo 5,Jaime Villalobos Velasco,0,20
local-20260901T102346,2026-09-01T10:25:13-05:00,1000019-B,CLASE TALLER,(6) Grupo 6,Ramiro Cardona Cardona,0,20
local-20260901T102346,2026-09-01T10:25:13-05:00,1000019-B,CLASE TALLER,(7) Grupo 7,Ramiro Cardona Cardona,0,20
local-20260901T102346,2026-09-01T10:25:13-05:00,1000019-B,CLASE TALLER,(8) Grupo 8,Edna Carolina Pinilla Beltran,0,20
local-20260901T102346,2026-09-01T10:25:13-05:00,1000019-B,CLASE TALLER,(9) Grupo 9,No informado,7,20
local-20260901T102346,2026-09-01T10:25:13-05:00,1000019-B,CLASE MAGISTRAL,(16) Gruop 16,Erika Lorena Rosero Alzate; Daniel Camilo Padilla González,8,20
local-20260901T102346,2026-09-01T10:25:13-05:00,1000019-B,CLASE MAGISTRAL,(1) Grupo 1,Gustavo Martinez Tamayo,0,20
local-20260901T102346,2026-09-01T10:25:13-05:00,1000019-B,CLASE MAGISTRAL,(10) Grupo 10,Ovidio Amado Almanza Montero,0,20
local-20260901T102346,2026-09-01T10:25:13-05:00,1000019-B,CLASE MAGISTRAL,(11) Grupo 11,Ovidio Amado Almanza Montero,0,20
local-20260901T102346,2026-09-01T10:25:13-05:00,1000019-B,CLASE MAGISTRAL,(12) Grupo 12,Ovidio Amado Almanza Montero,0,20
local-20260901T102346,2026-09-01T10:25:13-05:00,1000019-B,CLASE MAGISTRAL,(13) Grupo 13,Jaime Villalobos Velasco,0,20
local-20260901T102346,2026-09-01T10:25:13-05:00,1000019-B,CLASE MAGISTRAL,(14) Grupo 14,Jaime Villalobos Velasco,0,20
local-20260901T102346,2026-09-01T10:25:13-05:00,1000019-B,CLASE MAGISTRAL,(15) Grupo 15,Jaime Villalobos Velasco,0,20
local-20260901T102346,2026-09-01T10:25:13-05:00,1000019-B,CLASE MAGISTRAL,(17) Grupo 17,Jereson Silva Valencia,2,20
local-20260901T102346,2026-09-01T10:25:13-05:00,1000019-B,CLASE MAGISTRAL,(18) Grupo 18,Jereson Silva Valencia,1,20
local-20260901T102346,2026-09-01T10:25:13-05:00,1000019-B,CLASE MAGISTRAL,(19) Grupo 19,Jereson Silva Valencia,2,20
local-20260901T102346,2026-09-01T10:25:13-05:00,1000019-B,CLASE MAGISTRAL,(2) Grupo 2,Gustavo Martinez Tamayo,0,20
local-20260901T102346,2026-09-01T10:25:13-05:00,1000019-B,CLASE MAGISTRAL,(20) Grupo 20,Jereson Silva Valencia,15,20
local-20260901T102346,2026-09-01T10:25:13-05:00,1000019-B,CLASE MAGISTRAL,(21) Grupo 21,Felipe Valencia Hernandez,3,20
local-20260901T102346,2026-09-01T10:25:13-05:00,1000019-B,CLASE MAGISTRAL,(22) Grupo 22,Felipe Valencia Hernandez,4,20
local-20260901T102346,2026-09-01T10:25:13-05:00,1000019-B,CLASE MAGISTRAL,(23) Grupo 23,Felipe Valencia Hernandez,26,20
local-20260901T102346,2026-09-01T10:25:13-05:00,1000019-B,CLASE MAGISTRAL,(24) Grupo 24,Felipe Valencia Hernandez,10,20
local-20260901T102346,2026-09-01T10:25:13-05:00,1000019-B,CLASE MAGISTRAL,(25) Grupo 25,Plinio Del Carmen Teheran Sermeno,24,20
local-20260901T102346,2026-09-01T10:25:13-05:00,1000019-B,CLASE MAGISTRAL,(26) Grupo 26 (VIRTUAL),Plinio Del Carmen Teheran Sermeno,3,20
local-20260901T102346,2026-09-01T10:25:13-05:00,1000019-B,CLASE MAGISTRAL,(27) Grupo 27 (VIRTUAL),Plinio Del Carmen Teheran Sermeno,10,20
local-20260901T102346,2026-09-01T10:25:13-05:00,1000019-B,CLASE MAGISTRAL,(28) Grupo 28 (VIRTUAL),Plinio Del Carmen Teheran Sermeno,14,20
local-20260901T102346,2026-09-01T10:25:13-05:00,1000019-B,CLASE MAGISTRAL,(29) Grupo 29 (VIRTUAL),Plinio Del Carmen Teheran Sermeno,11,20
local-20260901T102346,2026-09-01T10:25:13-05:00,1000019-B,CLASE MAGISTRAL,(3) Grupo 3,Gustavo Martinez Tamayo,0,20
local-20260901T102346,2026-09-01T10:25:13-05:00,1000019-B,CLASE MAGISTRAL,(4) Grupo 4,Gustavo Martinez Tamayo,1,20
local-20260901T102346,2026-09-01T10:25:13-05:00,1000019-B,CLASE MAGISTRAL,(5) Grupo 5,Ramiro Cardona Cardona,0,20
local-20260901T102346,2026-09-01T10:25:13-05:00,1000019-B,CLASE MAGISTRAL,(6) Grupo 6,Ramiro Cardona Cardona,0,20
local-20260901T102346,2026-09-01T10:25:13-05:00,1000019-B,CLASE MAGISTRAL,(7) Grupo 7,Ramiro Cardona Cardona,0,20
local-20260901T102346,2026-09-01T10:25:13-05:00,1000019-B,CLASE MAGISTRAL,(8) Grupo 8,Ramiro Cardona Cardona,0,20
local-20260901T102346,2026-09-01T10:25:13-05:00,1000019-B,CLASE MAGISTRAL,(9) Grupo 9,Fredy Angel Jimenez Giraldo,7,20
local-20260901T102346,2026-09-01T10:25:16-05:00,2015956,CLASE TEORICA,(1) Grupo 1,Modesto Portilla Gamboa; Fernando Eli Romero Ordoñez,0,21
local-20260901T102346,2026-09-01T10:25:16-05:00,2015956,CLASE TEORICA,(2) Grupo 2,Jennifer Angel Amaya,0,21
local-20260901T102346,2026-09-01T10:25:16-05:00,2015956,CLASE TEORICA,(3) Grupo 3,Jennifer Angel Amaya,0,21
local-20260901T102346,2026-09-01T10:25:16-05:00,2015956,CLASE TEORICA,(4) Grupo 4,Fernando Eli Romero Ordoñez; Modesto Portilla Gamboa,0,21
local-20260901T102346,2026-09-01T10:25:18-05:00,2015957,CLASE PRACTICA,(1) Grupo 1,RICARDO ANDRES VARGAS ECHAVARRIA,2,22
local-20260901T102346,2026-09-01T10:25:18-05:00,2015957,CLASE PRACTICA,(2) Grupo 2,Samuel Fernando Mesa Giraldo,10,22
local-20260901T102346,2026-09-01T10:25:18-05:00,2015957,CLASE PRACTICA,(3) Grupo 3,Rose Marie Aldana Boutin,0,22
local-20260901T102346,2026-09-01T10:25:18-05:00,2015957,CLASE PRACTICA,(4) Grupo 4,Rose Marie Aldana Boutin,0,22
local-20260901T102346,2026-09-01T10:25:20-05:00,2015958,CLASE PRACTICA,(1) Grupo 1,William Castro Garcia,0,23
local-20260901T102346,2026-09-01T10:25:20-05:00,2015958,CLASE PRACTICA,(2) Grupo 2,William Castro Garcia,0,23
local-20260901T102346,2026-09-01T10:25:20-05:00,2015958,CLASE PRACTICA,(3) Grupo 3,Carlos Alfonso Gomez Guacaneme,1,23
local-20260901T102346,2026-09-01T10:25:20-05:00,2015958,CLASE PRACTICA,(4) Grupo 4,Mario Arturo Rincon Villalba,1,23
local-20260901T102346,2026-09-01T10:25:20-05:00,2015958,CLASE PRACTICA,(5) Grupo 5,Mario Arturo Rincon Villalba,4,23
local-20260901T102346,2026-09-01T10:25:20-05:00,2015958,CLASE PRACTICA,(6) Grupo 6,Fausto Alejandro Silva España,1,23
local-20260901T102346,2026-09-01T10:25:20-05:00,2015958,CLASE PRACTICA,(7) Grupo 7,Fausto Alejandro Silva España,0,23
local-20260901T102346,2026-09-01T10:25:20-05:00,2015958,CLASE PRACTICA,(8) Grupo 8,Fausto Alejandro Silva España,3,23
local-20260901T102346,2026-09-01T10:25:20-05:00,2015958,CLASE PRACTICA,(9) Grupo 9,Fausto Alejandro Silva España,4,23
local-20260901T102346,2026-09-01T10:25:20-05:00,2015958,CLASE TEORICA,(1) Grupo 1,William Castro Garcia,0,23
local-20260901T102346,2026-09-01T10:25:20-05:00,2015958,CLASE TEORICA,(3) Grupo 3,Carlos Alfonso Gomez Guacaneme,1,23
local-20260901T102346,2026-09-01T10:25:20-05:00,2015958,CLASE TEORICA,(4) Grupo 4,Mario Arturo Rincon Villalba,5,23
local-20260901T102346,2026-09-01T10:25:20-05:00,2015958,CLASE TEORICA,(6) Grupo 6,Cesar Andres Cortes Bello,1,23
local-20260901T102346,2026-09-01T10:25:20-05:00,2015958,CLASE TEORICA,(8) Grupo 8,Cesar Andres Cortes Bello,7,23
local-20260901T102346,2026-09-01T10:25:22-05:00,2015959,CLASE TEORICA,(1) Grupo 1,Carlos Eduardo Rodriguez Pineda,19,24
local-20260901T102346,2026-09-01T10:25:22-05:00,2015959,CLASE TEORICA,(2) Grupo 2,Guillermo Eduardo Avila Alvarez,0,24
local-20260901T102346,2026-09-01T10:25:22-05:00,2015959,CLASE TEORICA,(3) Grupo 3,Livaniel Viveros Rosero,0,24
local-20260901T102346,2026-09-01T10:25:22-05:00,2015959,CLASE TEORICA,(4) Grupo 4,No informado,0,24
local-20260901T102346,2026-09-01T10:25:23-05:00,2022760,NA,(1) Grupo 1,No informado,0,25
local-20260901T102346,2026-09-01T10:25:23-05:00,2022760,NA,(2) Grupo 2,Angela Barrera Puerto,0,25
local-20260901T102346,2026-09-01T10:25:34-05:00,2015961,CLASE TEORICA,(1) Grupo 1,MANUEL ANDRES NIÑO SILVA; Rafael Orland Ortiz Mosquera,0,26
local-20260901T102346,2026-09-01T10:25:34-05:00,2015961,CLASE TEORICA,(2) Grupo 2,MANUEL ANDRES NIÑO SILVA; Adriana Patricia Piña Fulano,0,26
local-20260901T102346,2026-09-01T10:25:34-05:00,2015961,CLASE TEORICA,(3) Grupo 3,MANUEL ANDRES NIÑO SILVA; Gelber Norberto Gutierrez Palacios,0,26
local-20260901T102346,2026-09-01T10:25:34-05:00,2015961,CLASE TEORICA,(4) Grupo 4,MANUEL ANDRES NIÑO SILVA; Camilo Andrés Caro Galindo,0,26
local-20260901T102346,2026-09-01T10:25:34-05:00,2015961,CLASE TEORICA,(5) Grupo 5,MANUEL ANDRES NIÑO SILVA; Paula Angelica Solarte Blandon,0,26
local-20260901T102346,2026-09-01T10:25:34-05:00,2015961,CLASE TEORICA,(6) Grupo 6,MANUEL ANDRES NIÑO SILVA; Leonardo David Donado Garzon,0,26
local-20260901T102346,2026-09-01T10:25:36-05:00,2015978,CLASE TEORICA,(1) Grupo 1,No informado,0,27
local-20260901T102346,2026-09-01T10:25:36-05:00,2015978,CLASE TEORICA,(2) Grupo 2,Erasmo Alfredo Rodriguez Sandoval,0,27
local-20260901T102346,2026-09-01T10:25:36-05:00,2015978,CLASE TEORICA,(3) Grupo 3,No informado,0,27
local-20260901T102346,2026-09-01T10:25:36-05:00,2015978,CLASE TEORICA,(4) Grupo 4,Diego Alberto Cortés Ramos,0,27
local-20260901T102346,2026-09-01T10:25:36-05:00,2015978,CLASE TEORICA,(5) Grupo 5,Diego Alberto Cortés Ramos,0,27
local-20260901T102346,2026-09-01T10:25:38-05:00,2026135,CLASE TEORICA,(1) Grupo 1,NICOLAS ESCALANTE MORA,0,28
local-20260901T102346,2026-09-01T10:25:38-05:00,2026135,CLASE TEORICA,(2) Grupo 2,Leonel Vega Mora,11,28
local-20260901T102346,2026-09-01T10:25:38-05:00,2026135,CLASE TEORICA,(3) Grupo 3,Leonel Vega Mora,0,28
local-20260901T102346,2026-09-01T10:25:40-05:00,2015963,CLASE TEORICA,(1) Grupo 1,Liliana Yanneth Bohorques Avendaño,0,29
local-20260901T102346,2026-09-01T10:25:40-05:00,2015963,CLASE TEORICA,(2) Grupo 2,Diego Enrique Machuca Duarte,0,29
local-20260901T102346,2026-09-01T10:25:40-05:00,2015963,CLASE TEORICA,(3) Grupo 3,William Castro Garcia,0,29
local-20260901T102346,2026-09-01T10:25:41-05:00,2026138,CLASE TEORICA,(1) Grupo 1,Ivan Dario Serrano Arrieta,0,30
local-20260901T102346,2026-09-01T10:25:41-05:00,2026138,CLASE TEORICA,(2) Grupo 2,Ivan Dario Serrano Arrieta,0,30
local-20260901T102346,2026-09-01T10:25:41-05:00,2026138,CLASE TEORICA,(3) Grupo 3,Pedro Luis Jimenez Poveda,0,30
local-20260901T102346,2026-09-01T10:25:43-05:00,2015703,NA,(1) Grupo 1,Angela Maria Arboleda Restrepo,0,31
local-20260901T102346,2026-09-01T10:25:43-05:00,2015703,NA,(10) Grupo 10,Diego Alejandro Hernandez Castañeda,0,31
local-20260901T102346,2026-09-01T10:25:43-05:00,2015703,NA,(11) Grupo 11,Julio Cesar Cañon Rodriguez,0,31
local-20260901T102346,2026-09-01T10:25:43-05:00,2015703,NA,(2) Grupo 2,Osman Benjamin Giovanny Vargas Rozo,0,31
local-20260901T102346,2026-09-01T10:25:43-05:00,2015703,NA,(3) Grupo 3,Hugo Alberto Herrera Fonseca,0,31
local-20260901T102346,2026-09-01T10:25:43-05:00,2015703,NA,(4) Grupo 4,LINA JULIANA BULLA CASAS,0,31
local-20260901T102346,2026-09-01T10:25:43-05:00,2015703,NA,(5) Grupo 5 - Virtual,Cesar Augusto Roa Lemus,0,31
local-20260901T102346,2026-09-01T10:25:43-05:00,2015703,NA,(6) Grupo 6,JAVIER RICARDO OJEDA SANCHEZ,0,31
local-20260901T102346,2026-09-01T10:25:43-05:00,2015703,NA,(7) Grupo 7,JAVIER RICARDO OJEDA SANCHEZ,0,31
local-20260901T102346,2026-09-01T10:25:43-05:00,2015703,NA,(8) Grupo 8,Diego Alejandro Hernandez Castañeda,0,31
local-20260901T102346,2026-09-01T10:25:43-05:00,2015703,NA,(9) Grupo 9,LINA JULIANA BULLA CASAS,0,31
local-20260901T102346,2026-09-01T10:25:46-05:00,1000044-B,CLASE TEORICA,(1) Grupo 1,Beatriz Elena Urrutia Sanchez,5,32
local-20260901T102346,2026-09-01T10:25:46-05:00,1000044-B,CLASE TEORICA,(2) Grupo 2,Yaneli Niño Osorio,3,32
local-20260901T102346,2026-09-01T10:25:46-05:00,1000044-B,CLASE TEORICA,(3) Grupo 3,Luis Gabriel Peña Ortiz,5,32
local-20260901T102346,2026-09-01T10:25:46-05:00,1000044-B,CLASE TEORICA,(4) Grupo 4,Liliana Marcela Guzman Aricapa,1,32
local-20260901T102346,2026-09-01T10:25:46-05:00,1000044-B,CLASE TEORICA,(5) Grupo 5,Beatriz Elena Urrutia Sanchez,2,32
local-20260901T102346,2026-09-01T10:25:46-05:00,1000044-B,CLASE TEORICA,(6) Grupo 6,Cesar Augusto Romero,0,32
local-20260901T102346,2026-09-01T10:25:46-05:00,1000044-B,CLASE TEORICA,(7) Grupo 7,JOSE JONATHAN MAESTRE HERRERA,0,32
local-20260901T102346,2026-09-01T10:25:46-05:00,1000044-B,CLASE TEORICA,(8) Grupo 8,Beymar Leonardo Solorzano Alviz,2,32
local-20260901T102346,2026-09-01T10:25:46-05:00,1000044-B,CLASE TEORICA,(9) Grupo 9,Claudia Marcela Arevalo Gomez,0,32
local-20260901T102346,2026-09-01T10:25:49-05:00,1000045-B,CLASE TEORICA,(1) Grupo 1,Claudia Marcela Arevalo Gomez,3,33
local-20260901T102346,2026-09-01T10:25:49-05:00,1000045-B,CLASE TEORICA,(10) Grupo 10,Jesica paola Rendon Alfonso,0,33
local-20260901T102346,2026-09-01T10:25:49-05:00,1000045-B,CLASE TEORICA,(11) Grupo 11,JOSE JONATHAN MAESTRE HERRERA,0,33
local-20260901T102346,2026-09-01T10:25:49-05:00,1000045-B,CLASE TEORICA,(12) Grupo 12,LINDA JOHANA RUIZ GOMEZ,4,33
local-20260901T102346,2026-09-01T10:25:49-05:00,1000045-B,CLASE TEORICA,(13) Grupo 13,Narly Yadira Pardo Cadena,0,33
local-20260901T102346,2026-09-01T10:25:49-05:00,1000045-B,CLASE TEORICA,(14) Grupo 14,Angelica Saenz Fonseca,0,33
local-20260901T102346,2026-09-01T10:25:49-05:00,1000045-B,CLASE TEORICA,(15) Grupo 15,Narly Yadira Pardo Cadena,0,33
local-20260901T102346,2026-09-01T10:25:49-05:00,1000045-B,CLASE TEORICA,(16) Grupo 16,Luis Gabriel Peña Ortiz,0,33
local-20260901T102346,2026-09-01T10:25:49-05:00,1000045-B,CLASE TEORICA,(2) Grupo 2,Cesar Augusto Romero,0,33
local-20260901T102346,2026-09-01T10:25:49-05:00,1000045-B,CLASE TEORICA,(3) Grupo 3,Jesica paola Rendon Alfonso,0,33
local-20260901T102346,2026-09-01T10:25:49-05:00,1000045-B,CLASE TEORICA,(4) Grupo 4,Adriana Marlen Sanchez Riaño,0,33
local-20260901T102346,2026-09-01T10:25:49-05:00,1000045-B,CLASE TEORICA,(5) Grupo 5,Cesar Augusto Romero,0,33
local-20260901T102346,2026-09-01T10:25:49-05:00,1000045-B,CLASE TEORICA,(6) Grupo 6,Sara Elisa Monsalve Patino,0,33
local-20260901T102346,2026-09-01T10:25:49-05:00,1000045-B,CLASE TEORICA,(7) Grupo 7,Luis Gabriel Peña Ortiz,0,33
local-20260901T102346,2026-09-01T10:25:49-05:00,1000045-B,CLASE TEORICA,(8) Grupo 8,Johnatan Martinez Hernandez,0,33
local-20260901T102346,2026-09-01T10:25:49-05:00,1000045-B,CLASE TEORICA,(9) Grupo 9,Maureen Elizabeth Hooker Oneill,13,33
local-20260901T102346,2026-09-01T10:25:53-05:00,1000046-B,CLASE TEORICA,(1) Grupo 1,Johnatan Martinez Hernandez,1,35
local-20260901T102346,2026-09-01T10:25:53-05:00,1000046-B,CLASE TEORICA,(10) Grupo 10,Jennly Angelica Gomez Rodriguez,0,35
local-20260901T102346,2026-09-01T10:25:53-05:00,1000046-B,CLASE TEORICA,(11) Grupo 11,Angelica Saenz Fonseca,0,35
local-20260901T102346,2026-09-01T10:25:53-05:00,1000046-B,CLASE TEORICA,(12) Grupo 12,Liliana Marcela Guzman Aricapa,0,35
local-20260901T102346,2026-09-01T10:25:53-05:00,1000046-B,CLASE TEORICA,(13) Grupo 13,ALBA LUCIA RIAÑO RODRIGUEZ,7,35
local-20260901T102346,2026-09-01T10:25:53-05:00,1000046-B,CLASE TEORICA,(14) Grupo 14,Angelica Saenz Fonseca,0,35
local-20260901T102346,2026-09-01T10:25:53-05:00,1000046-B,CLASE TEORICA,(15) Grupo 15,Luis Gabriel Peña Ortiz,0,35
local-20260901T102346,2026-09-01T10:25:53-05:00,1000046-B,CLASE TEORICA,(16) Grupo 16,Olga Lucia Ruiz Convers,8,35
local-20260901T102346,2026-09-01T10:25:53-05:00,1000046-B,CLASE TEORICA,(17) Grupo 17,Luis Gabriel Peña Ortiz,0,35
local-20260901T102346,2026-09-01T10:25:53-05:00,1000046-B,CLASE TEORICA,(18) Grupo 18,Narly Yadira Pardo Cadena,0,35
local-20260901T102346,2026-09-01T10:25:53-05:00,1000046-B,CLASE TEORICA,(2) Grupo 2,Jesica paola Rendon Alfonso,1,35
local-20260901T102346,2026-09-01T10:25:53-05:00,1000046-B,CLASE TEORICA,(3) Grupo 3,JESUS DAVID TORRES RODRIGUEZ,2,35
local-20260901T102346,2026-09-01T10:25:53-05:00,1000046-B,CLASE TEORICA,(4) Grupo 4,Claudia Patricia Cortes Lora,1,35
local-20260901T102346,2026-09-01T10:25:53-05:00,1000046-B,CLASE TEORICA,(5) Grupo 5,Johnatan Martinez Hernandez,0,35
local-20260901T102346,2026-09-01T10:25:53-05:00,1000046-B,CLASE TEORICA,(6) Grupo 6,Johnatan Martinez Hernandez,0,35
local-20260901T102346,2026-09-01T10:25:53-05:00,1000046-B,CLASE TEORICA,(7) Grupo 7,Jesica paola Rendon Alfonso,0,35
local-20260901T102346,2026-09-01T10:25:53-05:00,1000046-B,CLASE TEORICA,(8) Grupo 8,Beatriz Elena Urrutia Sanchez,0,35
local-20260901T102346,2026-09-01T10:25:53-05:00,1000046-B,CLASE TEORICA,(9) Grupo 9,Maureen Elizabeth Hooker Oneill,10,35
local-20260901T102346,2026-09-01T10:25:56-05:00,1000052-B,CLASE TEORICA,(1) Grupo 1,Liliana Marcela Guzman Aricapa,8,37
local-20260901T102346,2026-09-01T10:25:56-05:00,1000052-B,CLASE TEORICA,(2) Grupo 2,JOSE JONATHAN MAESTRE HERRERA,2,37
local-20260901T102346,2026-09-01T10:25:56-05:00,1000052-B,CLASE TEORICA,(3) Grupo 3,Aida Elena Monsalve Solorzano,9,37
local-20260901T102346,2026-09-01T10:25:58-05:00,1000053-B,CLASE TEORICA,(1) Grupo 1,Jennly Angelica Gomez Rodriguez,1,38
local-20260901T102346,2026-09-01T10:25:58-05:00,1000053-B,CLASE TEORICA,(2) Grupo 2,Yaneli Niño Osorio,1,38
local-20260901T102346,2026-09-01T10:25:58-05:00,1000053-B,CLASE TEORICA,(3) Grupo 3,Javier Rodriguez Gomez,3,38
local-20260901T102346,2026-09-01T10:25:58-05:00,1000053-B,CLASE TEORICA,(4) Grupo 4,Javier Rodriguez Gomez,5,38
local-20260901T102346,2026-09-01T10:25:58-05:00,1000053-B,CLASE TEORICA,(5) Grupo 5,LINDA JOHANA RUIZ GOMEZ,9,38
local-20260901T102346,2026-09-01T10:25:58-05:00,1000053-B,CLASE TEORICA,(6) Grupo 6,Olga Lucia Ruiz Convers,8,38
local-20260901T102346,2026-09-01T10:26:09-05:00,1000047-B,CLASE TEORICA,(1) Grupo 1,Cesar Augusto Romero,0,39
local-20260901T102346,2026-09-01T10:26:09-05:00,1000047-B,CLASE TEORICA,(10) Grupo 10,Monica Alexandra Riaño Orjuela,0,39
local-20260901T102346,2026-09-01T10:26:09-05:00,1000047-B,CLASE TEORICA,(11) Grupo 11,Jennly Angelica Gomez Rodriguez,0,39
local-20260901T102346,2026-09-01T10:26:09-05:00,1000047-B,CLASE TEORICA,(12) Grupo 12,Claudia Patricia Cortes Lora,0,39
local-20260901T102346,2026-09-01T10:26:09-05:00,1000047-B,CLASE TEORICA,(13) Grupo 13,Angelica Saenz Fonseca,0,39
local-20260901T102346,2026-09-01T10:26:09-05:00,1000047-B,CLASE TEORICA,(14) Grupo 14,LINDA JOHANA RUIZ GOMEZ,0,39
local-20260901T102346,2026-09-01T10:26:09-05:00,1000047-B,CLASE TEORICA,(15) Grupo 15,Claudia Patricia Cortes Lora,0,39
local-20260901T102346,2026-09-01T10:26:09-05:00,1000047-B,CLASE TEORICA,(16) Grupo 16,Narly Yadira Pardo Cadena,0,39
local-20260901T102346,2026-09-01T10:26:09-05:00,1000047-B,CLASE TEORICA,(17) Grupo 17,Angelica Saenz Fonseca,0,39
local-20260901T102346,2026-09-01T10:26:09-05:00,1000047-B,CLASE TEORICA,(18) Grupo 18,ALBA LUCIA RIAÑO RODRIGUEZ,0,39
local-20260901T102346,2026-09-01T10:26:09-05:00,1000047-B,CLASE TEORICA,(19) Grupo 19,Aida Elena Monsalve Solorzano,4,39
local-20260901T102346,2026-09-01T10:26:09-05:00,1000047-B,CLASE TEORICA,(2) Grupo 2,Yaneli Niño Osorio,0,39
local-20260901T102346,2026-09-01T10:26:09-05:00,1000047-B,CLASE TEORICA,(20) Grupo 20,ALBA LUCIA RIAÑO RODRIGUEZ,0,39
local-20260901T102346,2026-09-01T10:26:09-05:00,1000047-B,CLASE TEORICA,(21) Grupo 21,Edwin Yesid Leon Silva,0,39
local-20260901T102346,2026-09-01T10:26:09-05:00,1000047-B,CLASE TEORICA,(22) Grupo 22,LINDA JOHANA RUIZ GOMEZ,0,39
local-20260901T102346,2026-09-01T10:26:09-05:00,1000047-B,CLASE TEORICA,(3) Grupo 3,Monica Alexandra Riaño Orjuela,0,39
local-20260901T102346,2026-09-01T10:26:09-05:00,1000047-B,CLASE TEORICA,(4) Grupo 4,Claudia Patricia Cortes Lora,1,39
local-20260901T102346,2026-09-01T10:26:09-05:00,1000047-B,CLASE TEORICA,(5) Grupo 5,Olga Lucia Ruiz Convers,0,39
local-20260901T102346,2026-09-01T10:26:09-05:00,1000047-B,CLASE TEORICA,(6) Grupo 6,Monica Alexandra Riaño Orjuela,0,39
local-20260901T102346,2026-09-01T10:26:09-05:00,1000047-B,CLASE TEORICA,(7) Grupo 7,Cesar Augusto Romero,0,39
local-20260901T102346,2026-09-01T10:26:09-05:00,1000047-B,CLASE TEORICA,(8) Grupo 8,Beatriz Elena Urrutia Sanchez,0,39
local-20260901T102346,2026-09-01T10:26:09-05:00,1000047-B,CLASE TEORICA,(9) Grupo 9,Keshia Hilary Howard Livingston,14,39
local-20260901T102346,2026-09-01T10:26:12-05:00,2026186,CLASE TEORICA,(1) Grupo 1,Carol Andrea Murillo Feo,0,41
local-20260901T102346,2026-09-01T10:26:12-05:00,2026186,CLASE TEORICA,(2) Grupo 2,Leonel Vega Mora,0,41
local-20260901T102346,2026-09-01T10:26:12-05:00,2026186,CLASE TEORICA,(3) Grupo 3,CAMILO RIOS FRESNEDA,0,41
local-20260901T102346,2026-09-01T10:26:12-05:00,2026186,CLASE TEORICA,(4) Grupo 4,Carlos Orlando Robles Roa,0,41
local-20260901T102346,2026-09-01T10:26:19-05:00,1000001-B,CLASE TEORICA,(1) Grupo 1,No informado,0,43
local-20260901T102346,2026-09-01T10:26:19-05:00,1000001-B,CLASE TEORICA,(19) Grupo 19,No informado,2,43
local-20260901T102346,2026-09-01T10:26:19-05:00,1000001-B,CLASE TEORICA,(2) Grupo 2,No informado,20,43
local-20260901T102346,2026-09-01T10:26:19-05:00,1000001-B,CLASE MAGISTRAL,(1) Grupo 1,DANIEL FELIPE SUÁREZ LEÓN,0,43
local-20260901T102346,2026-09-01T10:26:19-05:00,1000001-B,CLASE MAGISTRAL,(10) Grupo 10,David Reyes Gaona,0,43
local-20260901T102346,2026-09-01T10:26:19-05:00,1000001-B,CLASE MAGISTRAL,(2) Grupo 2,SERGIO ANDRES TAMAYO LÓPEZ,0,43
local-20260901T102346,2026-09-01T10:26:19-05:00,1000001-B,CLASE MAGISTRAL,(3) Grupo 3,NICOLAS RODRIGUEZ CHACON,0,43
local-20260901T102346,2026-09-01T10:26:19-05:00,1000001-B,CLASE MAGISTRAL,(4) Grupo 4,JHON CRISTIAN MINA LADINO,0,43
local-20260901T102346,2026-09-01T10:26:19-05:00,1000001-B,CLASE MAGISTRAL,(5) Grupo 5,MIGUEL ANGEL COLMENARES HERRERA,0,43
local-20260901T102346,2026-09-01T10:26:19-05:00,1000001-B,CLASE MAGISTRAL,(6) Grupo 6,DANIEL FELIPE SUÁREZ LEÓN,0,43
local-20260901T102346,2026-09-01T10:26:19-05:00,1000001-B,CLASE MAGISTRAL,(7) Grupo 7,SERGIO ANDRES TAMAYO LÓPEZ,0,43
local-20260901T102346,2026-09-01T10:26:19-05:00,1000001-B,CLASE MAGISTRAL,(8) Grupo 8,JAIRO SEBASTIÁN NIÑO CASTRO,0,43
local-20260901T102346,2026-09-01T10:26:19-05:00,1000001-B,CLASE MAGISTRAL,(9) Grupo 9,No informado,10,43
local-20260901T102346,2026-09-01T10:26:20-05:00,2015965,CLASE TEORICA,(1) Grupo 1,Edwin Alexander Prieto Saavedra; CAMILO RIOS FRESNEDA,0,44
local-20260901T102346,2026-09-01T10:26:20-05:00,2015965,CLASE TEORICA,(2) Grupo 2,Julian David Puerto Suarez; Vladimir Buelvas Hernández,0,44
local-20260901T102346,2026-09-01T10:26:20-05:00,2015965,CLASE TEORICA,(3) Grupo 3,Ferney Betancourt Cardozo; Juan Manuel Lizarazo Marriaga,0,44
local-20260901T102346,2026-09-01T10:26:20-05:00,2015965,CLASE TEORICA,(4) Grupo 4,Edwin Alexander Prieto Saavedra,0,44
local-20260901T102346,2026-09-01T10:26:22-05:00,2015966,CLASE TEORICA,(1) Grupo 1,NICOLAS GUTIERREZ ARIAS; Paula Angelica Solarte Blandon,3,45
local-20260901T102346,2026-09-01T10:26:22-05:00,2015966,CLASE TEORICA,(2) Grupo 2,NICOLAS GUTIERREZ ARIAS; Adriana Patricia Piña Fulano,0,45
local-20260901T102346,2026-09-01T10:26:22-05:00,2015966,CLASE TEORICA,(3) Grupo 3,NICOLAS GUTIERREZ ARIAS; Rafael Orland Ortiz Mosquera,0,45
local-20260901T102346,2026-09-01T10:26:22-05:00,2015966,CLASE TEORICA,(4) Grupo 4,NICOLAS GUTIERREZ ARIAS; Camilo Andrés Caro Galindo,0,45
local-20260901T102346,2026-09-01T10:26:22-05:00,2015966,CLASE TEORICA,(5) Grupo 5,NICOLAS GUTIERREZ ARIAS; MARIA LUCIA SALAZAR TORRES,0,45
local-20260901T102346,2026-09-01T10:26:22-05:00,2015966,CLASE TEORICA,(6) Grupo 6,NICOLAS GUTIERREZ ARIAS; Luis Alejandro Morales Marin,0,45
local-20260901T102346,2026-09-01T10:26:22-05:00,2015966,CLASE TEORICA,(7) Grupo 7,NICOLAS GUTIERREZ ARIAS; SERGIO ALEJANDRO RIVERA MONROY,7,45
local-20260901T102346,2026-09-01T10:26:22-05:00,2015966,CLASE TEORICA,(8) Grupo 8,NICOLAS GUTIERREZ ARIAS; SERGIO ALEJANDRO RIVERA MONROY,14,45
local-20260901T102346,2026-09-01T10:26:23-05:00,2015967,NA,(1) Grupo 1,Vladimir Buelvas Hernández,0,46
local-20260901T102346,2026-09-01T10:26:25-05:00,2015968,CLASE TEORICA,(1) Grupo 1,Ricardo Parra Arango,0,47
local-20260901T102346,2026-09-01T10:26:25-05:00,2015968,CLASE TEORICA,(2) Grupo 2,Daniel Felipe Rodriguez Ramirez,0,47
local-20260901T102346,2026-09-01T10:26:25-05:00,2015968,CLASE TEORICA,(3) Grupo 3,Juan David Oliveros Salazar,0,47
local-20260901T102346,2026-09-01T10:26:25-05:00,2015968,CLASE TEORICA,(4) Grupo 4,Ricardo Parra Arango,0,47
local-20260901T102346,2026-09-01T10:26:25-05:00,2015968,CLASE TEORICA,(5) Grupo 5,Julian David Puerto Suarez,0,47
local-20260901T102346,2026-09-01T10:26:25-05:00,2015968,CLASE TEORICA,(6) Grupo 6,Dorian Luis Linero Segrera,0,47
local-20260901T102346,2026-09-01T10:26:25-05:00,2015968,CLASE TEORICA,(7) Grupo 7,No informado,0,47
local-20260901T102346,2026-09-01T10:26:27-05:00,2015969,CLASE TEORICA,(1) Grupo 1 (Inglés),Julio Esteban Colmenares Montañez,0,48
local-20260901T102346,2026-09-01T10:26:27-05:00,2015969,CLASE TEORICA,(2) Grupo 2,Guillermo Eduardo Avila Alvarez,0,48
local-20260901T102346,2026-09-01T10:26:27-05:00,2015969,CLASE TEORICA,(3) Grupo 3,Livaniel Viveros Rosero,0,48
local-20260901T102346,2026-09-01T10:26:27-05:00,2015969,CLASE TEORICA,(4) Grupo 4,Ronald Steve Garzon Espejo,0,48
local-20260901T102346,2026-09-01T10:26:28-05:00,2015970,CLASE PRACTICA,(10) Grupo 10,JUAN DANIEL SARMIENTO ABELLO,0,49
local-20260901T102346,2026-09-01T10:26:28-05:00,2015970,CLASE PRACTICA,(4) Grupo 4,Helga Duarte,0,49
local-20260901T102346,2026-09-01T10:26:28-05:00,2015970,CLASE PRACTICA,(5) Grupo 5,Oswaldo Rojas Camacho,0,49
local-20260901T102346,2026-09-01T10:26:28-05:00,2015970,CLASE PRACTICA,(7) Grupo 7,Cristhian Fernando Lara Espejo,0,49
local-20260901T102346,2026-09-01T10:26:28-05:00,2015970,CLASE PRACTICA,(8) Grupo 8,Helga Duarte,1,49
local-20260901T102346,2026-09-01T10:26:28-05:00,2015970,CLASE PRACTICA,(9) Grupo 9,Oswaldo Rojas Camacho,0,49
local-20260901T102346,2026-09-01T10:26:30-05:00,2017293,CLASE TEORICA,(1) 2017293-1 Modelación matemática,David Leonardo Diaz Leon,0,50
local-20260901T102346,2026-09-01T10:26:30-05:00,2017293,CLASE TEORICA,(2) 2017293-2 Modelación matemática,David Leonardo Diaz Leon,0,50
local-20260901T102346,2026-09-01T10:26:30-05:00,2017293,CLASE MAGISTRAL,(1M) 2017293-1M Modelación matemática - Magistral,Carlos Alberto Duque Daza,12,50
local-20260901T102346,2026-09-01T10:26:43-05:00,2025971,CLASE TEORICA,(3) Grupo 3,Gustavo Alfredo Bula,19,52
local-20260901T102346,2026-09-01T10:26:43-05:00,2025971,CLASE TEORICA,(4) Grupo 4,Gustavo Alfredo Bula,3,52
local-20260901T102346,2026-09-01T10:26:44-05:00,2015971,CLASE TEORICA,(1) Grupo 1,Daniel Alberto Silva Castillo,5,53
local-20260901T102346,2026-09-01T10:26:44-05:00,2015971,CLASE TEORICA,(2) Grupo 2,Ferney Betancourt Cardozo,0,53
local-20260901T102346,2026-09-01T10:26:44-05:00,2015971,CLASE TEORICA,(3) Grupo 3,No informado,0,53
local-20260901T102346,2026-09-01T10:26:46-05:00,2015972,CLASE TEORICA,(1) Grupo 1,Carlos Alberto Moncada Aristizabal,0,54
local-20260901T102346,2026-09-01T10:26:46-05:00,2015972,CLASE TEORICA,(2) Grupo 2,SANTIAGO RAMIREZ ECHEVERRI,0,54
local-20260901T102346,2026-09-01T10:26:46-05:00,2015972,CLASE TEORICA,(3) Grupo 3,Maria Constanza Garcia Alicastro,0,54
local-20260901T102346,2026-09-01T10:26:48-05:00,1000024-B,CLASE TEORICA,(12) Grupo 12,Edgar Delgado Mejia,1,55
local-20260901T102346,2026-09-01T10:26:48-05:00,1000024-B,CLASE TEORICA,(13) Grupo 13,Jesus Sigifredo Valencia Rios,0,55
local-20260901T102346,2026-09-01T10:26:48-05:00,1000024-B,CLASE TEORICA,(14) Grupo 14,Jhon Jairo Aragón Arias,8,55
local-20260901T102346,2026-09-01T10:26:50-05:00,1000013-B,CLASE TEORICA,(1) Grupo 1,Carlos Eduardo Alonso Malaver,0,56
local-20260901T102346,2026-09-01T10:26:50-05:00,1000013-B,CLASE TEORICA,(10) Grupo 10,Sandra Vergara Cardozo,0,56
local-20260901T102346,2026-09-01T10:26:50-05:00,1000013-B,CLASE TEORICA,(11) Grupo 11,DIEGO ALBERTO MARTINEZ SIMBAQUEVA,0,56
local-20260901T102346,2026-09-01T10:26:50-05:00,1000013-B,CLASE TEORICA,(12) Grupo 12,DIEGO ALBERTO MARTINEZ SIMBAQUEVA,0,56
local-20260901T102346,2026-09-01T10:26:50-05:00,1000013-B,CLASE TEORICA,(13) Grupo 13,DIEGO ALBERTO MARTINEZ SIMBAQUEVA,0,56
local-20260901T102346,2026-09-01T10:26:50-05:00,1000013-B,CLASE TEORICA,(14) Grupo 14,Andrea Catalina Garcia Montoya,0,56
local-20260901T102346,2026-09-01T10:26:50-05:00,1000013-B,CLASE TEORICA,(15) Grupo 15,Andrea Catalina Garcia Montoya,0,56
local-20260901T102346,2026-09-01T10:26:50-05:00,1000013-B,CLASE TEORICA,(16) Grupo 16,Sergio Alejandro Calderon Villanueva,0,56
local-20260901T102346,2026-09-01T10:26:50-05:00,1000013-B,CLASE TEORICA,(2) Grupo 2,Luis Guillermo Diaz Monroy,0,56
local-20260901T102346,2026-09-01T10:26:50-05:00,1000013-B,CLASE TEORICA,(22) Grupo 22,Hanwen Zhang,0,56
local-20260901T102346,2026-09-01T10:26:50-05:00,1000013-B,CLASE TEORICA,(24) Grupo 24,ELIAN FERNANDO ESPITIA RINCÓN,0,56
local-20260901T102346,2026-09-01T10:26:50-05:00,1000013-B,CLASE TEORICA,(3) Grupo 3,Diana Carolina Franco Soto,0,56
local-20260901T102346,2026-09-01T10:26:50-05:00,1000013-B,CLASE TEORICA,(4) Grupo 4,Diana Carolina Franco Soto,0,56
local-20260901T102346,2026-09-01T10:26:50-05:00,1000013-B,CLASE TEORICA,(5) Grupo 5,Darwin Eduardo Martínez Riaño,0,56
local-20260901T102346,2026-09-01T10:26:50-05:00,1000013-B,CLASE TEORICA,(6) Grupo 6,Darwin Eduardo Martínez Riaño,0,56
local-20260901T102346,2026-09-01T10:26:50-05:00,1000013-B,CLASE TEORICA,(7) Grupo 7,Camilo Jose Torres Jimenez,0,56
local-20260901T102346,2026-09-01T10:26:53-05:00,2015734,NA,(1) Grupo 1,Fernando Salazar Delgado,0,57
local-20260901T102346,2026-09-01T10:26:53-05:00,2015734,NA,(10) Grupo 10,Tito Florez Calderon,0,57
local-20260901T102346,2026-09-01T10:26:53-05:00,2015734,NA,(11) Grupo 11,DAVID ALBERTO HERRERA ALVAREZ,0,57
local-20260901T102346,2026-09-01T10:26:53-05:00,2015734,NA,(12) Grupo 12,FABIEL NATÁN ESPINOSA CASTAÑEDA,0,57
local-20260901T102346,2026-09-01T10:26:53-05:00,2015734,NA,(13) Grupo 13,SERGIO CAMILO ESPINOSA BOTERO,0,57
local-20260901T102346,2026-09-01T10:26:53-05:00,2015734,NA,(14) Grupo 14,Carlos Andres Sierra Virguez,0,57
local-20260901T102346,2026-09-01T10:26:53-05:00,2015734,NA,(2) Grupo 2,Fernando Salazar Delgado,1,57
local-20260901T102346,2026-09-01T10:26:53-05:00,2015734,NA,(3) Grupo 3,Jhoan Sebastian Restrepo Mendoza,0,57
local-20260901T102346,2026-09-01T10:26:53-05:00,2015734,NA,(4) Grupo 4,Sandra Liliana Rojas Martinez,0,57
local-20260901T102346,2026-09-01T10:26:53-05:00,2015734,NA,(5) Grupo 5,Jhoan Sebastian Restrepo Mendoza,0,57
local-20260901T102346,2026-09-01T10:26:53-05:00,2015734,NA,(6) Grupo 6,SERGIO CAMILO ESPINOSA BOTERO,0,57
local-20260901T102346,2026-09-01T10:26:53-05:00,2015734,NA,(7) Grupo 7,No informado,0,57
local-20260901T102346,2026-09-01T10:26:53-05:00,2015734,NA,(8) Grupo 8 - Virtual,FABIEL NATÁN ESPINOSA CASTAÑEDA,0,57
local-20260901T102346,2026-09-01T10:26:53-05:00,2015734,NA,(9) Grupo 9,Alvaro Reynel Córdoba,4,57
local-20260901T102346,2026-09-01T10:26:55-05:00,2016375,CLASE PRACTICA-POO,(7) Grupo 7,No informado,0,58
local-20260901T102346,2026-09-01T10:26:57-05:00,2015973,CLASE TEORICA,(1) Grupo 1,CARLOS ALBERTO ESPAÑOL MARIÑO,0,59
local-20260901T102346,2026-09-01T10:26:57-05:00,2015973,CLASE TEORICA,(2) Grupo 2,GABRIELA ARRIETA LOYO,0,59
local-20260901T102346,2026-09-01T10:26:57-05:00,2015973,CLASE TEORICA,(3) Grupo 3,NICOLAS ESCALANTE MORA,0,59
local-20260901T102346,2026-09-01T10:26:58-05:00,2022761,NA,(1) Grupo 1,Servio Javier Contreras Guerrero,0,60
local-20260901T102346,2026-09-01T10:26:58-05:00,2022761,NA,(2) Grupo 2,Servio Javier Contreras Guerrero,1,60
local-20260901T102346,2026-09-01T10:26:58-05:00,2022761,NA,(3) Grupo 3,Samuel Fernando Mesa Giraldo,0,60
local-20260901T102346,2026-09-01T10:27:01-05:00,2024045,CLASE TEORICA,(1) 2024045-1 Taller de proyectos interdisciplinarios,Hector Julian Garcia Otalora,0,61
local-20260901T102346,2026-09-01T10:27:01-05:00,2024045,CLASE TEORICA,(10) 2024045-10 Taller de proyectos interdisciplinarios,Oscar Andres Eraso Eraso,0,61
local-20260901T102346,2026-09-01T10:27:01-05:00,2024045,CLASE TEORICA,(11) 2024045-11 Taller de proyectos interdisciplinarios,No informado,0,61
local-20260901T102346,2026-09-01T10:27:01-05:00,2024045,CLASE TEORICA,(12) 2024045-12 Taller de proyectos interdisciplinarios,Hector Julian Garcia Otalora,0,61
local-20260901T102346,2026-09-01T10:27:01-05:00,2024045,CLASE TEORICA,(13) 2024045-13 Taller de proyectos interdisciplinarios,Hector Julian Garcia Otalora,0,61
local-20260901T102346,2026-09-01T10:27:01-05:00,2024045,CLASE TEORICA,(14) 2024045-14 Taller de proyectos interdisciplinarios,Dolly Santos Barbosa,0,61
local-20260901T102346,2026-09-01T10:27:01-05:00,2024045,CLASE TEORICA,(15) 2024045-15 Taller de proyectos interdisciplinarios,Oscar Andres Eraso Eraso,0,61
local-20260901T102346,2026-09-01T10:27:01-05:00,2024045,CLASE TEORICA,(16) 2024045-16 Taller de proyectos interdisciplinarios,Luis Ignacio Rodriguez Varela,0,61
local-20260901T102346,2026-09-01T10:27:01-05:00,2024045,CLASE TEORICA,(17) 2024045-17 Taller de proyectos interdisciplinarios,JOHANA CATALINA MANOSALVA BARRERA,0,61
local-20260901T102346,2026-09-01T10:27:01-05:00,2024045,CLASE TEORICA,(18) 2024045-18 Taller de proyectos interdisciplinarios,Fernando Bernal Martinez,0,61
local-20260901T102346,2026-09-01T10:27:01-05:00,2024045,CLASE TEORICA,(19) 2024045-19 Taller de proyectos interdisciplinarios,FRANCISCO JAVIER VÁSQUEZ VÁSQUEZ,0,61
local-20260901T102346,2026-09-01T10:27:01-05:00,2024045,CLASE TEORICA,(2) 2024045-2 Taller de proyectos interdisciplinarios,Fernando Bernal Martinez,0,61
local-20260901T102346,2026-09-01T10:27:01-05:00,2024045,CLASE TEORICA,(21) 2024045-21 Taller de proyectos interdisciplinarios,No informado,0,61
local-20260901T102346,2026-09-01T10:27:01-05:00,2024045,CLASE TEORICA,(22) 2024045-22 Taller de proyectos interdisciplinarios,Ubaldo Garcia Zaragoza,0,61
local-20260901T102346,2026-09-01T10:27:01-05:00,2024045,CLASE TEORICA,(23) 2024045-23 Taller de proyectos interdisciplinarios,No informado,0,61
local-20260901T102346,2026-09-01T10:27:01-05:00,2024045,CLASE TEORICA,(24) 2024045-24 Taller de proyectos interdisciplinarios,Hector Julian Garcia Otalora,0,61
local-20260901T102346,2026-09-01T10:27:01-05:00,2024045,CLASE TEORICA,(3) 2024045-3 Taller de proyectos interdisciplinarios,Guillermo Alberto Rocha Casas,0,61
local-20260901T102346,2026-09-01T10:27:01-05:00,2024045,CLASE TEORICA,(4) 2024045-4 Taller de proyectos interdisciplinarios,Francy Nayely Prieto Novoa,0,61
local-20260901T102346,2026-09-01T10:27:01-05:00,2024045,CLASE TEORICA,(40) 2024045-40 TPI-- NO BORRAR-- BLOQ ESPACIOS,No informado,0,61
local-20260901T102346,2026-09-01T10:27:01-05:00,2024045,CLASE TEORICA,(5) 2024045-5 Taller de proyectos interdisciplinarios,Nubia Carmenza Moreno Sarmiento,0,61
local-20260901T102346,2026-09-01T10:27:01-05:00,2024045,CLASE TEORICA,(6) 2024045-6 Taller de proyectos interdisciplinarios,JOHANA CATALINA MANOSALVA BARRERA,0,61
local-20260901T102346,2026-09-01T10:27:01-05:00,2024045,CLASE TEORICA,(7) 2024045-7 Taller de proyectos interdisciplinarios,Ubaldo Garcia Zaragoza,0,61
local-20260901T102346,2026-09-01T10:27:01-05:00,2024045,CLASE TEORICA,(8) 2024045-8 Taller de proyectos interdisciplinarios,JHON FREDDY LOPEZ MEDINA,0,61
local-20260901T102346,2026-09-01T10:27:01-05:00,2024045,CLASE TEORICA,(9) 2024045-9 Taller de proyectos interdisciplinarios,Manuel Alejandro Mayorga Betancourt,0,61
local-20260901T102346,2026-09-01T10:27:03-05:00,2015296,NA,(1) Grupo 1,Leonardo David Donado Garzon,5,62
local-20260901T102346,2026-09-01T10:27:03-05:00,2015296,NA,(10) Grupo 10,Juan Manuel Lizarazo Marriaga,5,62
local-20260901T102346,2026-09-01T10:27:03-05:00,2015296,NA,(11) Grupo 11,Octavio Coronado Garcia,5,62
local-20260901T102346,2026-09-01T10:27:03-05:00,2015296,NA,(12) Grupo 12,Carol Andrea Murillo Feo,5,62
local-20260901T102346,2026-09-01T10:27:03-05:00,2015296,NA,(13) Grupo 13,CAMILO RIOS FRESNEDA,5,62
local-20260901T102346,2026-09-01T10:27:03-05:00,2015296,NA,(14) Grupo 14,William Castro Garcia,4,62
local-20260901T102346,2026-09-01T10:27:03-05:00,2015296,NA,(15) Grupo 15,Luis Alejandro Morales Marin,5,62
local-20260901T102346,2026-09-01T10:27:03-05:00,2015296,NA,(16) Grupo 16,Ferney Betancourt Cardozo,5,62
local-20260901T102346,2026-09-01T10:27:03-05:00,2015296,NA,(17) Grupo 17,Maria Alejandra Caicedo Londoño,5,62
local-20260901T102346,2026-09-01T10:27:03-05:00,2015296,NA,(18) Grupo 18,Guillermo Eduardo Avila Alvarez,5,62
local-20260901T102346,2026-09-01T10:27:03-05:00,2015296,NA,(19) Grupo 19,Carlos Alfonso Gomez Guacaneme,0,62
local-20260901T102346,2026-09-01T10:27:03-05:00,2015296,NA,(2) Grupo 2,Carlos Orlando Robles Roa,4,62
local-20260901T102346,2026-09-01T10:27:03-05:00,2015296,NA,(3) Grupo 3,Angela Barrera Puerto,5,62
local-20260901T102346,2026-09-01T10:27:03-05:00,2015296,NA,(4) Grupo 4,Mauricio Alberto Tapias Camacho,5,62
local-20260901T102346,2026-09-01T10:27:03-05:00,2015296,NA,(5) Grupo 5,Maritzabel Molina Herrera,5,62
local-20260901T102346,2026-09-01T10:27:03-05:00,2015296,NA,(6) Grupo 6,Rodolfo Rodriguez Baracaldo,5,62
local-20260901T102346,2026-09-01T10:27:03-05:00,2015296,NA,(7) Grupo 7,SANTIAGO RAMIREZ ECHEVERRI,5,62
local-20260901T102346,2026-09-01T10:27:03-05:00,2015296,NA,(8) Grupo 8,Jose Ricardo Martinez Vargas,5,62
local-20260901T102346,2026-09-01T10:27:03-05:00,2015296,NA,(9) Grupo 9,GABRIELA ARRIETA LOYO,5,62
local-20260901T102346,2026-09-01T10:27:05-05:00,2015299,CLASE TEORICA,(1) Grupo 1,GABRIELA ARRIETA LOYO,51,63
local-20260901T220712,2026-09-01T22:07:58-05:00,2015938,CLASE TEORICA,(1) Grupo 1,Maria Alejandra Caicedo Londoño,0,0
local-20260901T220712,2026-09-01T22:07:58-05:00,2015938,CLASE TEORICA,(2) Grupo 2,Maria Alejandra Caicedo Londoño,0,0
local-20260901T220712,2026-09-01T22:07:58-05:00,2015938,CLASE TEORICA,(3) Grupo 3,JOSE LUIS DIAZ AREVALO,0,0
local-20260901T220712,2026-09-01T22:07:58-05:00,2015938,CLASE TEORICA,(4) Grupo 4,JOSE LUIS DIAZ AREVALO,0,0
local-20260901T220712,2026-09-01T22:08:05-05:00,2015939,CLASE TEORICA,(1) Grupo 1,ALVARO MARTIN GUTIERREZ MALAXECHEBARRIA,0,1
local-20260901T220712,2026-09-01T22:08:05-05:00,2015939,CLASE TEORICA,(2) Grupo 2,ALVARO MARTIN GUTIERREZ MALAXECHEBARRIA,0,1
local-20260901T220712,2026-09-01T22:08:05-05:00,2015939,CLASE TEORICA,(3) Grupo 3,Edder Alexander Velandia Duran,7,1
local-20260901T220712,2026-09-01T22:08:05-05:00,2015939,CLASE TEORICA,(4) Grupo 4,CARLOS ALBERTO ESPAÑOL MARIÑO,0,1
local-20260901T220712,2026-09-01T22:08:05-05:00,2015939,CLASE TEORICA,(5) Grupo 5,No informado,0,1
local-20260901T220712,2026-09-01T22:08:09-05:00,1000003-B,NA,(1) Grupo 1,Agustin Moreno Canadas,0,2
local-20260901T220712,2026-09-01T22:08:09-05:00,1000003-B,NA,(10) Grupo 10,Epifanio Lozano Ayala,0,2
local-20260901T220712,2026-09-01T22:08:09-05:00,1000003-B,NA,(11) Grupo 11,Gustavo Adolfo Nieto Clavijo,0,2
local-20260901T220712,2026-09-01T22:08:09-05:00,1000003-B,NA,(12) Grupo 12,LENIN DAVID ANGARITA RIVERA,0,2
local-20260901T220712,2026-09-01T22:08:09-05:00,1000003-B,NA,(13) Grupo 13,Mohammed EL AIDI,0,2
local-20260901T220712,2026-09-01T22:08:09-05:00,1000003-B,NA,(15) Grupo 15,Myriam Leonor Campos Florez,0,2
local-20260901T220712,2026-09-01T22:08:09-05:00,1000003-B,NA,(16) Grupo 16,No informado,0,2
local-20260901T220712,2026-09-01T22:08:09-05:00,1000003-B,NA,(17) Grupo 17,Martha Cecilia Moreno Penagos,0,2
local-20260901T220712,2026-09-01T22:08:09-05:00,1000003-B,NA,(18) Grupo 18,John Alexander Cruz Morales,0,2
local-20260901T220712,2026-09-01T22:08:09-05:00,1000003-B,NA,(20) Grupo 20,Natalia Camila Pinzon Cortes,0,2
local-20260901T220712,2026-09-01T22:08:09-05:00,1000003-B,NA,(21) Grupo 21,Ivon Andrea Dorado Correa,0,2
local-20260901T220712,2026-09-01T22:08:09-05:00,1000003-B,NA,(22) Grupo 22,David Reyes Gaona,0,2
local-20260901T220712,2026-09-01T22:08:09-05:00,1000003-B,NA,(3) Grupo 3,JHON ALEJANDRO AYALA OLIVEROS,0,2
local-20260901T220712,2026-09-01T22:08:09-05:00,1000003-B,NA,(4) Grupo 4,Luis Alejandro Barbosa Torres,0,2
local-20260901T220712,2026-09-01T22:08:09-05:00,1000003-B,NA,(5) Grupo 5,Sherly Paola Alfonso Sanchez,0,2
local-20260901T220712,2026-09-01T22:08:09-05:00,1000003-B,NA,(7) Grupo 7,Myriam Leonor Campos Florez,0,2
local-20260901T220712,2026-09-01T22:08:09-05:00,1000003-B,NA,(8) Grupo 8,No informado,8,2
local-20260901T220712,2026-09-01T22:08:11-05:00,2015940,CLASE TEORICA,(1) Grupo 1,Maritzabel Molina Herrera,0,3
local-20260901T220712,2026-09-01T22:08:11-05:00,2015940,CLASE TEORICA,(2) Grupo 2,Gabriel Andres Bernal Granados,0,3
local-20260901T220712,2026-09-01T22:08:11-05:00,2015940,CLASE TEORICA,(3) Grupo 3,YON ALEXANDER BOLAÑOS DIAZ,0,3
local-20260901T220712,2026-09-01T22:08:11-05:00,2015940,CLASE TEORICA,(4) Grupo 4,No informado,0,3
local-20260901T220712,2026-09-01T22:08:15-05:00,2015941,CLASE TEORICA,(1) Grupo 1,Patricia Luna Tamayo,0,4
local-20260901T220712,2026-09-01T22:08:15-05:00,2015941,CLASE TEORICA,(2) Grupo 2,Raul Andres Lopera Rodriguez,0,4
local-20260901T220712,2026-09-01T22:08:15-05:00,2015941,CLASE TEORICA,(3) Grupo 3,Carlos Ramiro Vallecilla Bahena,0,4
local-20260901T220712,2026-09-01T22:08:15-05:00,2015941,CLASE TEORICA,(4) Grupo 4,Raul Andres Lopera Rodriguez,0,4
local-20260901T220712,2026-09-01T22:08:19-05:00,1000004-B,NA,(10) Grupo 10,Carolina Neira Jimenez,13,5
local-20260901T220712,2026-09-01T22:08:19-05:00,1000004-B,NA,(11) Grupo 11,Herbert Alonso Dueñas Ruiz,0,5
local-20260901T220712,2026-09-01T22:08:19-05:00,1000004-B,NA,(12) Grupo 12,Martha Cecilia Moreno Penagos,0,5
local-20260901T220712,2026-09-01T22:08:19-05:00,1000004-B,NA,(13) Grupo 13,NICOLAS RODRIGUEZ CHACON,1,5
local-20260901T220712,2026-09-01T22:08:19-05:00,1000004-B,NA,(14) Grupo 14,JOSÉ SEBASTIÁN NARANJO SPADAFORA,8,5
local-20260901T220712,2026-09-01T22:08:19-05:00,1000004-B,NA,(16) Grupo 16,MIGUEL ANGEL COLMENARES HERRERA,0,5
local-20260901T220712,2026-09-01T22:08:19-05:00,1000004-B,NA,(17) Grupo 17,Hernan Garzon Gutierrez,0,5
local-20260901T220712,2026-09-01T22:08:19-05:00,1000004-B,NA,(19) Grupo 19,JOSÉ SEBASTIÁN NARANJO SPADAFORA,18,5
local-20260901T220712,2026-09-01T22:08:19-05:00,1000004-B,NA,(2) Grupo 2,Gustavo Daver Cipagauta Cuitiva,1,5
local-20260901T220712,2026-09-01T22:08:19-05:00,1000004-B,NA,(20) Grupo 20,Hernan Garzon Gutierrez,0,5
local-20260901T220712,2026-09-01T22:08:19-05:00,1000004-B,NA,(21) Grupo 21,JHOAN SEBASTIAN TENJO GARCIA,0,5
local-20260901T220712,2026-09-01T22:08:19-05:00,1000004-B,NA,(22) Grupo 22,EDWIN RODRIGO CELIS MONTEALEGRE,21,5
local-20260901T220712,2026-09-01T22:08:19-05:00,1000004-B,NA,(24) Grupo 24,Ricardo Ariel Pastran Ramirez,0,5
local-20260901T220712,2026-09-01T22:08:19-05:00,1000004-B,NA,(25) Grupo 25,Jeanneth Galeano Penaloza,0,5
local-20260901T220712,2026-09-01T22:08:19-05:00,1000004-B,NA,(27) Grupo 27,JHOAN SEBASTIAN TENJO GARCIA,0,5
local-20260901T220712,2026-09-01T22:08:19-05:00,1000004-B,NA,(28) Grupo 28,Gabriel Ignacio Padilla Leon,0,5
local-20260901T220712,2026-09-01T22:08:19-05:00,1000004-B,NA,(29) Grupo 29,DANIEL FELIPE SUÁREZ LEÓN,2,5
local-20260901T220712,2026-09-01T22:08:19-05:00,1000004-B,NA,(30) Grupo 30,Gustavo Daver Cipagauta Cuitiva,44,5
local-20260901T220712,2026-09-01T22:08:19-05:00,1000004-B,NA,(32) Grupo 32,Ibeth Marcela Rubio Perilla,0,5
local-20260901T220712,2026-09-01T22:08:19-05:00,1000004-B,NA,(4) Grupo 4,Myriam Leonor Campos Florez,0,5
local-20260901T220712,2026-09-01T22:08:19-05:00,1000004-B,NA,(5) Grupo 5,RICHARD EDUARDO SANCHEZ MENDEZ,0,5
local-20260901T220712,2026-09-01T22:08:19-05:00,1000004-B,NA,(7) Grupo 7,Anderson Arley Vera Arboleda,0,5
local-20260901T220712,2026-09-01T22:08:19-05:00,1000004-B,NA,(8) Grupo 8,EDWIN RODRIGO CELIS MONTEALEGRE,26,5
local-20260901T220712,2026-09-01T22:08:19-05:00,1000004-B,NA,(9) Grupo 9,No informado,18,5
local-20260901T220712,2026-09-01T22:08:21-05:00,1000006-B,NA,(1) Grupo 1,ANDRÉS ÁLVAREZ RÍOS,0,6
local-20260901T220712,2026-09-01T22:08:21-05:00,1000006-B,NA,(10) Grupo 10,David Reyes Gaona,0,6
local-20260901T220712,2026-09-01T22:08:21-05:00,1000006-B,NA,(11) Grupo 11,No informado,1,6
local-20260901T220712,2026-09-01T22:08:21-05:00,1000006-B,NA,(12) Grupo 12,Leonid Lebedev,0,6
local-20260901T220712,2026-09-01T22:08:21-05:00,1000006-B,NA,(13) Grupo 13,Juan Carlos Hernandez Rincon,1,6
local-20260901T220712,2026-09-01T22:08:21-05:00,1000006-B,NA,(14) Grupo 14,CÉSAR ORLANDO RINCÓN GUERRERO,41,6
local-20260901T220712,2026-09-01T22:08:21-05:00,1000006-B,NA,(15) Grupo 15,JHOAN SEBASTIAN TENJO GARCIA,0,6
local-20260901T220712,2026-09-01T22:08:21-05:00,1000006-B,NA,(2) Grupo 2,Camilo Ernesto Medina Gonzalez,0,6
local-20260901T220712,2026-09-01T22:08:21-05:00,1000006-B,NA,(3) Grupo 3,Cesar Augusto Gomez Sierra,0,6
local-20260901T220712,2026-09-01T22:08:21-05:00,1000006-B,NA,(4) Grupo 4,Agustin Moreno Canadas,20,6
local-20260901T220712,2026-09-01T22:08:21-05:00,1000006-B,NA,(5) Grupo 5,Mauricio Lopez Hernandez,1,6
local-20260901T220712,2026-09-01T22:08:21-05:00,1000006-B,NA,(7) Grupo 7,No informado,4,6
local-20260901T220712,2026-09-01T22:08:21-05:00,1000006-B,NA,(8) Grupo 8,Epifanio Lozano Ayala,46,6
local-20260901T220712,2026-09-01T22:08:21-05:00,1000006-B,NA,(9) Grupo 9,Orlando Vanegas Canro,0,6
local-20260901T220712,2026-09-01T22:08:24-05:00,1000005-B,NA,(1) Grupo 1,Orlando Vanegas Canro,0,7
local-20260901T220712,2026-09-01T22:08:24-05:00,1000005-B,NA,(10) Grupo 10,Epifanio Lozano Ayala,0,7
local-20260901T220712,2026-09-01T22:08:24-05:00,1000005-B,NA,(14) Grupo 14,Mohammed EL AIDI,0,7
local-20260901T220712,2026-09-01T22:08:24-05:00,1000005-B,NA,(15) Grupo 15,Alina Fedosova,0,7
local-20260901T220712,2026-09-01T22:08:24-05:00,1000005-B,NA,(16) Grupo 16,Jonhatan Castillo Barajas,0,7
local-20260901T220712,2026-09-01T22:08:24-05:00,1000005-B,NA,(17) Grupo 17,Hernan Garzon Gutierrez,0,7
local-20260901T220712,2026-09-01T22:08:24-05:00,1000005-B,NA,(2) Grupo 2,RENE ERLIN CASTILLO,0,7
local-20260901T220712,2026-09-01T22:08:24-05:00,1000005-B,NA,(20) Grupo 20,Franqui Solis Cardenas Poloche,0,7
local-20260901T220712,2026-09-01T22:08:24-05:00,1000005-B,NA,(22) Grupo 22,No informado,0,7
local-20260901T220712,2026-09-01T22:08:24-05:00,1000005-B,NA,(3) Grupo 3,Eduardo Cardenas Gomez,0,7
local-20260901T220712,2026-09-01T22:08:24-05:00,1000005-B,NA,(4) Grupo 4,Edward Samuel Becerra Rojas,0,7
local-20260901T220712,2026-09-01T22:08:24-05:00,1000005-B,NA,(6) Grupo 6,DANIEL CAMILO ARANA HERNÁNDEZ,0,7
local-20260901T220712,2026-09-01T22:08:24-05:00,1000005-B,NA,(7) Grupo 7,Franqui Solis Cardenas Poloche,0,7
local-20260901T220712,2026-09-01T22:08:24-05:00,1000005-B,NA,(8) Grupo 8,No informado,0,7
local-20260901T220712,2026-09-01T22:08:24-05:00,1000005-B,NA,(9) Grupo 9,No informado,10,7
local-20260901T220712,2026-09-01T22:08:32-05:00,2015943,CLASE TEORICA,(1) Grupo 1,Carlos Orlando Robles Roa,0,9
local-20260901T220712,2026-09-01T22:08:33-05:00,2015944,CLASE TEORICA,(1) Grupo 1,SANTIAGO RAMIREZ ECHEVERRI,0,10
local-20260901T220712,2026-09-01T22:08:35-05:00,2015711,NA,(10) 2015711-10 Dibujo básico,Ariel Augusto Amaya Avila,0,11
local-20260901T220712,2026-09-01T22:08:35-05:00,2015711,NA,(11) 2015711-11 Dibujo básico,Cesar Augusto Bacca Gonzalez,0,11
local-20260901T220712,2026-09-01T22:08:35-05:00,2015711,NA,(14) 2015711-14 Dibujo básico,Cristian Felipe Morales Suárez,0,11
local-20260901T220712,2026-09-01T22:08:35-05:00,2015711,NA,(16) 2015711-16 Dibujo básico,DAVID FELIPE TORRES ARCE,0,11
local-20260901T220712,2026-09-01T22:08:35-05:00,2015711,NA,(4) 2015711-4 Dibujo básico,Cristian Felipe Morales Suárez,0,11
local-20260901T220712,2026-09-01T22:08:35-05:00,2015711,NA,(5) 2015711-5 Dibujo básico,Sebastian Achury Ortiz,0,11
local-20260901T220712,2026-09-01T22:08:35-05:00,2015711,NA,(7) 2015711-7 Dibujo básico,Cesar Augusto Bacca Gonzalez,0,11
local-20260901T220712,2026-09-01T22:08:35-05:00,2015711,NA,(8) 2015711-8 Dibujo básico,Miguel Angel Baquero Cortes,0,11
local-20260901T220712,2026-09-01T22:08:35-05:00,2015711,NA,(9) 2015711-9 Dibujo básico,EDWIN CAMILO REINA BELTRAN,0,11
local-20260901T220712,2026-09-01T22:08:37-05:00,2015948,CLASE TEORICA,(1) Grupo 1,YON ALEXANDER BOLAÑOS DIAZ,0,12
local-20260901T220712,2026-09-01T22:08:37-05:00,2015948,CLASE TEORICA,(2) Grupo 2,Mauricio Alberto Tapias Camacho,0,12
local-20260901T220712,2026-09-01T22:08:37-05:00,2015948,CLASE TEORICA,(3) Grupo 3,No informado,0,12
local-20260901T220712,2026-09-01T22:08:49-05:00,2015950,CLASE TEORICA,(1) Grupo 1,Darwin Humberto Mora Villota,0,13
local-20260901T220712,2026-09-01T22:08:49-05:00,2015950,CLASE TEORICA,(3) Grupo 3,Daniel Ricardo Lozano Monsalve,0,13
local-20260901T220712,2026-09-01T22:08:49-05:00,2015950,CLASE TEORICA,(4) Grupo 4,German Andres Mora Casas,0,13
local-20260901T220712,2026-09-01T22:08:49-05:00,2015950,CLASE TEORICA,(5) Grupo 5,THOMAS FEDERICO ROJAS VALLEJO,0,13
local-20260901T220712,2026-09-01T22:08:55-05:00,2015949,CLASE TEORICA,(1) Grupo 1,Mario Javier Cardozo Chaux,0,14
local-20260901T220712,2026-09-01T22:08:55-05:00,2015949,CLASE TEORICA,(2) Grupo 2,Wilson Ernesto Vargas Vargas,0,14
local-20260901T220712,2026-09-01T22:08:55-05:00,2015949,CLASE TEORICA,(3) Grupo 3,ELKIN DARIO CAÑON BUITRAGO,0,14
local-20260901T220712,2026-09-01T22:08:55-05:00,2015949,CLASE TEORICA,(4) Grupo 4,No informado,0,14
local-20260901T220712,2026-09-01T22:08:57-05:00,1000007-B,NA,(1) Grupo 1,JHON CRISTIAN MINA LADINO,0,15
local-20260901T220712,2026-09-01T22:08:57-05:00,1000007-B,NA,(11) Grupo 11,Leonid Lebedev,0,15
local-20260901T220712,2026-09-01T22:08:57-05:00,1000007-B,NA,(12) Grupo 12,Gustavo Adolfo Nieto Clavijo,1,15
local-20260901T220712,2026-09-01T22:08:57-05:00,1000007-B,NA,(13) Grupo 13,Omar Duque Gomez,31,15
local-20260901T220712,2026-09-01T22:08:57-05:00,1000007-B,NA,(14) Grupo 14,IVAN FELIPE SALAMANCA MEDINA,33,15
local-20260901T220712,2026-09-01T22:08:57-05:00,1000007-B,NA,(3) Grupo 3,IVAN FELIPE SALAMANCA MEDINA,0,15
local-20260901T220712,2026-09-01T22:08:57-05:00,1000007-B,NA,(4) Grupo 4,CARLOS SNEYDER OTALORA ALDANA,0,15
local-20260901T220712,2026-09-01T22:08:57-05:00,1000007-B,NA,(6) Grupo 6,Alexander Caviedes Castro,1,15
local-20260901T220712,2026-09-01T22:08:57-05:00,1000007-B,NA,(7) Grupo 7,Oscar Guillermo Riaño Castañeda,0,15
local-20260901T220712,2026-09-01T22:08:57-05:00,1000007-B,NA,(9) Grupo 9,Orlando Vanegas Canro,0,15
local-20260901T220712,2026-09-01T22:09:00-05:00,2026134,CLASE TEORICA,(2) Grupo 2,Juan Manuel Lizarazo Marriaga,0,16
local-20260901T220712,2026-09-01T22:09:00-05:00,2026134,CLASE TEORICA,(3) Grupo 3,Maritzabel Molina Herrera,1,16
local-20260901T220712,2026-09-01T22:09:00-05:00,2026134,CLASE TEORICA,(4) Grupo 4,Carlos Ramiro Vallecilla Bahena,3,16
local-20260901T220712,2026-09-01T22:09:00-05:00,2026134,CLASE TEORICA,(5) Grupo 5,Fernando Lozano Osorno,0,16
local-20260901T220712,2026-09-01T22:09:00-05:00,2026134,CLASE TEORICA,(6) Grupo 6,Jose Dario Moreno Pineda,5,16
local-20260901T220712,2026-09-01T22:09:02-05:00,2015954,CLASE TEORICA,(1) Grupo 1,Erasmo Alfredo Rodriguez Sandoval,0,17
local-20260901T220712,2026-09-01T22:09:02-05:00,2015954,CLASE TEORICA,(2) Grupo 2,Mario Enrique Moreno Castiblanco,0,17
local-20260901T220712,2026-09-01T22:09:02-05:00,2015954,CLASE TEORICA,(3) Grupo 3,Luis Alejandro Morales Marin,0,17
local-20260901T220712,2026-09-01T22:09:04-05:00,2015955,CLASE TEORICA,(1) Grupo 1,Giovanni Andres Cortes Tovar,0,18
local-20260901T220712,2026-09-01T22:09:04-05:00,2015955,CLASE TEORICA,(2) Grupo 2,Angela Barrera Puerto,14,18
local-20260901T220712,2026-09-01T22:09:04-05:00,2015955,CLASE TEORICA,(3) Grupo 3,Giovanni Andres Cortes Tovar,0,18
local-20260901T220712,2026-09-01T22:09:05-05:00,1000011-B,CLASE TEORICA,(1) Grupo 1,Ernesto Javier Puertas Dellepianes,59,19
local-20260901T220712,2026-09-01T22:09:05-05:00,1000011-B,CLASE TEORICA,(3) Grupo 3,Néstor Fernando Perez Buitrago,11,19
local-20260901T220712,2026-09-01T22:09:11-05:00,1000019-B,CLASE LABORATORIO,(1) Grupo 1,Gustavo Martinez Tamayo,0,20
local-20260901T220712,2026-09-01T22:09:11-05:00,1000019-B,CLASE LABORATORIO,(10) Grupo 10,No informado,0,20
local-20260901T220712,2026-09-01T22:09:11-05:00,1000019-B,CLASE LABORATORIO,(11) Grupo 11,EVER DAVID ALCALA CAJAR,0,20
local-20260901T220712,2026-09-01T22:09:11-05:00,1000019-B,CLASE LABORATORIO,(12) Grupo 12,FABIAN FELIPE QUEVEDO FARIETA,0,20
local-20260901T220712,2026-09-01T22:09:11-05:00,1000019-B,CLASE LABORATORIO,(13) Grupo 13,Alvaro Marino Camargo,0,20
local-20260901T220712,2026-09-01T22:09:11-05:00,1000019-B,CLASE LABORATORIO,(14) Grupo 14,Alvaro Marino Camargo,0,20
local-20260901T220712,2026-09-01T22:09:11-05:00,1000019-B,CLASE LABORATORIO,(15) Grupo 15,EVER DAVID ALCALA CAJAR,0,20
local-20260901T220712,2026-09-01T22:09:11-05:00,1000019-B,CLASE LABORATORIO,(16) Grupo 16,Alvaro Marino Camargo,0,20
local-20260901T220712,2026-09-01T22:09:11-05:00,1000019-B,CLASE LABORATORIO,(17) Grupo 17,JULIAN MATEO DE MENDOZA GUTIERREZ,3,20
local-20260901T220712,2026-09-01T22:09:11-05:00,1000019-B,CLASE LABORATORIO,(18) Grupo 18,Jaime Villalobos Velasco,2,20
local-20260901T220712,2026-09-01T22:09:11-05:00,1000019-B,CLASE LABORATORIO,(19) Grupo 19,JULY PAOLA GARZÓN LOPEZ,5,20
local-20260901T220712,2026-09-01T22:09:11-05:00,1000019-B,CLASE LABORATORIO,(2) Grupo 2,Gustavo Martinez Tamayo,0,20
local-20260901T220712,2026-09-01T22:09:11-05:00,1000019-B,CLASE LABORATORIO,(20) Grupo 20,JOSE ALFREDO GOMEZ MATEUS,17,20
local-20260901T220712,2026-09-01T22:09:11-05:00,1000019-B,CLASE LABORATORIO,(21) Grupo 21,Pedro Hernan Sanchez Machet,4,20
local-20260901T220712,2026-09-01T22:09:11-05:00,1000019-B,CLASE LABORATORIO,(22) Grupo 22,Pedro Hernan Sanchez Machet,6,20
local-20260901T220712,2026-09-01T22:09:11-05:00,1000019-B,CLASE LABORATORIO,(23) Grupo 23,Pedro Hernan Sanchez Machet,27,20
local-20260901T220712,2026-09-01T22:09:11-05:00,1000019-B,CLASE LABORATORIO,(24) Grupo 24,Pedro Hernan Sanchez Machet,9,20
local-20260901T220712,2026-09-01T22:09:11-05:00,1000019-B,CLASE LABORATORIO,(25) Grupo 25,Plinio Del Carmen Teheran Sermeno,27,20
local-20260901T220712,2026-09-01T22:09:11-05:00,1000019-B,CLASE LABORATORIO,(26) Grupo 26 (VIRTUAL),Plinio Del Carmen Teheran Sermeno,0,20
local-20260901T220712,2026-09-01T22:09:11-05:00,1000019-B,CLASE LABORATORIO,(27) Grupo 27 (VIRTUAL),Plinio Del Carmen Teheran Sermeno,7,20
local-20260901T220712,2026-09-01T22:09:11-05:00,1000019-B,CLASE LABORATORIO,(28) Grupo 28 (VIRTUAL),Plinio Del Carmen Teheran Sermeno,13,20
local-20260901T220712,2026-09-01T22:09:11-05:00,1000019-B,CLASE LABORATORIO,(29) Grupo 29 (VIRTUAL),Plinio Del Carmen Teheran Sermeno,9,20
local-20260901T220712,2026-09-01T22:09:11-05:00,1000019-B,CLASE LABORATORIO,(3) Grupo 3,Gustavo Martinez Tamayo,0,20
local-20260901T220712,2026-09-01T22:09:11-05:00,1000019-B,CLASE LABORATORIO,(4) Grupo 4,No informado,0,20
local-20260901T220712,2026-09-01T22:09:11-05:00,1000019-B,CLASE LABORATORIO,(5) Grupo 5,FABIAN FELIPE QUEVEDO FARIETA,0,20
local-20260901T220712,2026-09-01T22:09:11-05:00,1000019-B,CLASE LABORATORIO,(6) Grupo 6,Jaime Villalobos Velasco,0,20
local-20260901T220712,2026-09-01T22:09:11-05:00,1000019-B,CLASE LABORATORIO,(7) Grupo 7,Jaime Villalobos Velasco,0,20
local-20260901T220712,2026-09-01T22:09:11-05:00,1000019-B,CLASE LABORATORIO,(8) Grupo 8,Alvaro Marino Camargo,0,20
local-20260901T220712,2026-09-01T22:09:11-05:00,1000019-B,CLASE LABORATORIO,(9) Grupo 9,No informado,7,20
local-20260901T220712,2026-09-01T22:09:11-05:00,1000019-B,CLASE TALLER,(1) Grupo 1,FABIAN FELIPE QUEVEDO FARIETA,0,20
local-20260901T220712,2026-09-01T22:09:11-05:00,1000019-B,CLASE TALLER,(10) Grupo 10,FABIAN FELIPE QUEVEDO FARIETA; Gladys Aminta Mendoza Baron,0,20
local-20260901T220712,2026-09-01T22:09:11-05:00,1000019-B,CLASE TALLER,(11) Grupo 11,JULIAN MATEO DE MENDOZA GUTIERREZ; Gladys Aminta Mendoza Baron,0,20
local-20260901T220712,2026-09-01T22:09:11-05:00,1000019-B,CLASE TALLER,(12) Grupo 12,JULIAN MATEO DE MENDOZA GUTIERREZ,0,20
local-20260901T220712,2026-09-01T22:09:11-05:00,1000019-B,CLASE TALLER,(13) Grupo 13,MIGUEL ENRIQUE GÁMEZ LÓPEZ,0,20
local-20260901T220712,2026-09-01T22:09:11-05:00,1000019-B,CLASE TALLER,(14) Grupo 14,No informado,0,20
local-20260901T220712,2026-09-01T22:09:11-05:00,1000019-B,CLASE TALLER,(15) Grupo 15,EVER DAVID ALCALA CAJAR,0,20
local-20260901T220712,2026-09-01T22:09:11-05:00,1000019-B,CLASE TALLER,(16) Grupo 16,Edna Carolina Pinilla Beltran,0,20
local-20260901T220712,2026-09-01T22:09:11-05:00,1000019-B,CLASE TALLER,(17) Grupo 17,Jereson Silva Valencia,3,20
local-20260901T220712,2026-09-01T22:09:11-05:00,1000019-B,CLASE TALLER,(18) Grupo 18,Jereson Silva Valencia,2,20
local-20260901T220712,2026-09-01T22:09:11-05:00,1000019-B,CLASE TALLER,(19) Grupo 19,Jereson Silva Valencia,5,20
local-20260901T220712,2026-09-01T22:09:11-05:00,1000019-B,CLASE TALLER,(2) Grupo 2,Gustavo Martinez Tamayo,0,20
local-20260901T220712,2026-09-01T22:09:11-05:00,1000019-B,CLASE TALLER,(20) Grupo 20,Jereson Silva Valencia,17,20
local-20260901T220712,2026-09-01T22:09:11-05:00,1000019-B,CLASE TALLER,(21) Grupo 21,JOSE ALFREDO GOMEZ MATEUS,4,20
local-20260901T220712,2026-09-01T22:09:11-05:00,1000019-B,CLASE TALLER,(22) Grupo 22,JULY PAOLA GARZÓN LOPEZ,6,20
local-20260901T220712,2026-09-01T22:09:11-05:00,1000019-B,CLASE TALLER,(23) Grupo 23,Edna Carolina Pinilla Beltran,27,20
local-20260901T220712,2026-09-01T22:09:11-05:00,1000019-B,CLASE TALLER,(24) Grupo 24,Felipe Valencia Hernandez,9,20
local-20260901T220712,2026-09-01T22:09:11-05:00,1000019-B,CLASE TALLER,(25) Grupo 25,Plinio Del Carmen Teheran Sermeno,27,20
local-20260901T220712,2026-09-01T22:09:11-05:00,1000019-B,CLASE TALLER,(26) Grupo 26 (VIRTUAL),Plinio Del Carmen Teheran Sermeno,0,20
local-20260901T220712,2026-09-01T22:09:11-05:00,1000019-B,CLASE TALLER,(27) Grupo 27 (VIRTUAL),Plinio Del Carmen Teheran Sermeno,7,20
local-20260901T220712,2026-09-01T22:09:11-05:00,1000019-B,CLASE TALLER,(28) Grupo 28 (VIRTUAL),Plinio Del Carmen Teheran Sermeno,13,20
local-20260901T220712,2026-09-01T22:09:11-05:00,1000019-B,CLASE TALLER,(29) Grupo 29 (VIRTUAL),Plinio Del Carmen Teheran Sermeno,9,20
local-20260901T220712,2026-09-01T22:09:11-05:00,1000019-B,CLASE TALLER,(3) Grupo 3,Gustavo Martinez Tamayo,0,20
local-20260901T220712,2026-09-01T22:09:11-05:00,1000019-B,CLASE TALLER,(4) Grupo 4,Jaime Villalobos Velasco,0,20
local-20260901T220712,2026-09-01T22:09:11-05:00,1000019-B,CLASE TALLER,(5) Grupo 5,Jaime Villalobos Velasco,0,20
local-20260901T220712,2026-09-01T22:09:11-05:00,1000019-B,CLASE TALLER,(6) Grupo 6,Ramiro Cardona Cardona,0,20
local-20260901T220712,2026-09-01T22:09:11-05:00,1000019-B,CLASE TALLER,(7) Grupo 7,Ramiro Cardona Cardona,0,20
local-20260901T220712,2026-09-01T22:09:11-05:00,1000019-B,CLASE TALLER,(8) Grupo 8,Edna Carolina Pinilla Beltran,0,20
local-20260901T220712,2026-09-01T22:09:11-05:00,1000019-B,CLASE TALLER,(9) Grupo 9,No informado,7,20
local-20260901T220712,2026-09-01T22:09:11-05:00,1000019-B,CLASE MAGISTRAL,(16) Gruop 16,Erika Lorena Rosero Alzate; Daniel Camilo Padilla González,8,20
local-20260901T220712,2026-09-01T22:09:11-05:00,1000019-B,CLASE MAGISTRAL,(1) Grupo 1,Gustavo Martinez Tamayo,0,20
local-20260901T220712,2026-09-01T22:09:11-05:00,1000019-B,CLASE MAGISTRAL,(10) Grupo 10,Ovidio Amado Almanza Montero,0,20
local-20260901T220712,2026-09-01T22:09:11-05:00,1000019-B,CLASE MAGISTRAL,(11) Grupo 11,Ovidio Amado Almanza Montero,0,20
local-20260901T220712,2026-09-01T22:09:11-05:00,1000019-B,CLASE MAGISTRAL,(12) Grupo 12,Ovidio Amado Almanza Montero,0,20
local-20260901T220712,2026-09-01T22:09:11-05:00,1000019-B,CLASE MAGISTRAL,(13) Grupo 13,Jaime Villalobos Velasco,0,20
local-20260901T220712,2026-09-01T22:09:11-05:00,1000019-B,CLASE MAGISTRAL,(14) Grupo 14,Jaime Villalobos Velasco,0,20
local-20260901T220712,2026-09-01T22:09:11-05:00,1000019-B,CLASE MAGISTRAL,(15) Grupo 15,Jaime Villalobos Velasco,0,20
local-20260901T220712,2026-09-01T22:09:11-05:00,1000019-B,CLASE MAGISTRAL,(17) Grupo 17,Jereson Silva Valencia,3,20
local-20260901T220712,2026-09-01T22:09:11-05:00,1000019-B,CLASE MAGISTRAL,(18) Grupo 18,Jereson Silva Valencia,2,20
local-20260901T220712,2026-09-01T22:09:11-05:00,1000019-B,CLASE MAGISTRAL,(19) Grupo 19,Jereson Silva Valencia,5,20
local-20260901T220712,2026-09-01T22:09:11-05:00,1000019-B,CLASE MAGISTRAL,(2) Grupo 2,Gustavo Martinez Tamayo,0,20
local-20260901T220712,2026-09-01T22:09:11-05:00,1000019-B,CLASE MAGISTRAL,(20) Grupo 20,Jereson Silva Valencia,17,20
local-20260901T220712,2026-09-01T22:09:11-05:00,1000019-B,CLASE MAGISTRAL,(21) Grupo 21,Felipe Valencia Hernandez,4,20
local-20260901T220712,2026-09-01T22:09:11-05:00,1000019-B,CLASE MAGISTRAL,(22) Grupo 22,Felipe Valencia Hernandez,6,20
local-20260901T220712,2026-09-01T22:09:11-05:00,1000019-B,CLASE MAGISTRAL,(23) Grupo 23,Felipe Valencia Hernandez,27,20
local-20260901T220712,2026-09-01T22:09:11-05:00,1000019-B,CLASE MAGISTRAL,(24) Grupo 24,Felipe Valencia Hernandez,9,20
local-20260901T220712,2026-09-01T22:09:11-05:00,1000019-B,CLASE MAGISTRAL,(25) Grupo 25,Plinio Del Carmen Teheran Sermeno,27,20
local-20260901T220712,2026-09-01T22:09:11-05:00,1000019-B,CLASE MAGISTRAL,(26) Grupo 26 (VIRTUAL),Plinio Del Carmen Teheran Sermeno,0,20
local-20260901T220712,2026-09-01T22:09:11-05:00,1000019-B,CLASE MAGISTRAL,(27) Grupo 27 (VIRTUAL),Plinio Del Carmen Teheran Sermeno,7,20
local-20260901T220712,2026-09-01T22:09:11-05:00,1000019-B,CLASE MAGISTRAL,(28) Grupo 28 (VIRTUAL),Plinio Del Carmen Teheran Sermeno,13,20
local-20260901T220712,2026-09-01T22:09:11-05:00,1000019-B,CLASE MAGISTRAL,(29) Grupo 29 (VIRTUAL),Plinio Del Carmen Teheran Sermeno,9,20
local-20260901T220712,2026-09-01T22:09:11-05:00,1000019-B,CLASE MAGISTRAL,(3) Grupo 3,Gustavo Martinez Tamayo,0,20
local-20260901T220712,2026-09-01T22:09:11-05:00,1000019-B,CLASE MAGISTRAL,(4) Grupo 4,Gustavo Martinez Tamayo,0,20
local-20260901T220712,2026-09-01T22:09:11-05:00,1000019-B,CLASE MAGISTRAL,(5) Grupo 5,Ramiro Cardona Cardona,0,20
local-20260901T220712,2026-09-01T22:09:11-05:00,1000019-B,CLASE MAGISTRAL,(6) Grupo 6,Ramiro Cardona Cardona,0,20
local-20260901T220712,2026-09-01T22:09:11-05:00,1000019-B,CLASE MAGISTRAL,(7) Grupo 7,Ramiro Cardona Cardona,0,20
local-20260901T220712,2026-09-01T22:09:11-05:00,1000019-B,CLASE MAGISTRAL,(8) Grupo 8,Ramiro Cardona Cardona,0,20
local-20260901T220712,2026-09-01T22:09:11-05:00,1000019-B,CLASE MAGISTRAL,(9) Grupo 9,Fredy Angel Jimenez Giraldo,7,20
local-20260901T220712,2026-09-01T22:09:18-05:00,2015956,CLASE TEORICA,(1) Grupo 1,Modesto Portilla Gamboa; Fernando Eli Romero Ordoñez,0,21
local-20260901T220712,2026-09-01T22:09:18-05:00,2015956,CLASE TEORICA,(2) Grupo 2,Jennifer Angel Amaya,0,21
local-20260901T220712,2026-09-01T22:09:18-05:00,2015956,CLASE TEORICA,(3) Grupo 3,Jennifer Angel Amaya,0,21
local-20260901T220712,2026-09-01T22:09:18-05:00,2015956,CLASE TEORICA,(4) Grupo 4,Fernando Eli Romero Ordoñez; Modesto Portilla Gamboa,0,21
local-20260901T220712,2026-09-01T22:09:19-05:00,2015957,CLASE PRACTICA,(1) Grupo 1,RICARDO ANDRES VARGAS ECHAVARRIA,0,22
local-20260901T220712,2026-09-01T22:09:19-05:00,2015957,CLASE PRACTICA,(2) Grupo 2,Samuel Fernando Mesa Giraldo,12,22
local-20260901T220712,2026-09-01T22:09:19-05:00,2015957,CLASE PRACTICA,(3) Grupo 3,Rose Marie Aldana Boutin,0,22
local-20260901T220712,2026-09-01T22:09:19-05:00,2015957,CLASE PRACTICA,(4) Grupo 4,Rose Marie Aldana Boutin,0,22
local-20260901T220712,2026-09-01T22:09:22-05:00,2015958,CLASE PRACTICA,(1) Grupo 1,William Castro Garcia,0,23
local-20260901T220712,2026-09-01T22:09:22-05:00,2015958,CLASE PRACTICA,(2) Grupo 2,William Castro Garcia,0,23
local-20260901T220712,2026-09-01T22:09:22-05:00,2015958,CLASE PRACTICA,(3) Grupo 3,Carlos Alfonso Gomez Guacaneme,2,23
local-20260901T220712,2026-09-01T22:09:22-05:00,2015958,CLASE PRACTICA,(4) Grupo 4,Mario Arturo Rincon Villalba,0,23
local-20260901T220712,2026-09-01T22:09:22-05:00,2015958,CLASE PRACTICA,(5) Grupo 5,Mario Arturo Rincon Villalba,3,23
local-20260901T220712,2026-09-01T22:09:22-05:00,2015958,CLASE PRACTICA,(6) Grupo 6,Fausto Alejandro Silva España,0,23
local-20260901T220712,2026-09-01T22:09:22-05:00,2015958,CLASE PRACTICA,(7) Grupo 7,Fausto Alejandro Silva España,0,23
local-20260901T220712,2026-09-01T22:09:22-05:00,2015958,CLASE PRACTICA,(8) Grupo 8,Fausto Alejandro Silva España,4,23
local-20260901T220712,2026-09-01T22:09:22-05:00,2015958,CLASE PRACTICA,(9) Grupo 9,Fausto Alejandro Silva España,5,23
local-20260901T220712,2026-09-01T22:09:22-05:00,2015958,CLASE TEORICA,(1) Grupo 1,William Castro Garcia,0,23
local-20260901T220712,2026-09-01T22:09:22-05:00,2015958,CLASE TEORICA,(3) Grupo 3,Carlos Alfonso Gomez Guacaneme,2,23
local-20260901T220712,2026-09-01T22:09:22-05:00,2015958,CLASE TEORICA,(4) Grupo 4,Mario Arturo Rincon Villalba,3,23
local-20260901T220712,2026-09-01T22:09:22-05:00,2015958,CLASE TEORICA,(6) Grupo 6,Cesar Andres Cortes Bello,0,23
local-20260901T220712,2026-09-01T22:09:22-05:00,2015958,CLASE TEORICA,(8) Grupo 8,Cesar Andres Cortes Bello,9,23
local-20260901T220712,2026-09-01T22:09:23-05:00,2015959,CLASE TEORICA,(1) Grupo 1,Carlos Eduardo Rodriguez Pineda,19,24
local-20260901T220712,2026-09-01T22:09:23-05:00,2015959,CLASE TEORICA,(2) Grupo 2,Guillermo Eduardo Avila Alvarez,0,24
local-20260901T220712,2026-09-01T22:09:23-05:00,2015959,CLASE TEORICA,(3) Grupo 3,Livaniel Viveros Rosero,0,24
local-20260901T220712,2026-09-01T22:09:25-05:00,2022760,NA,(1) Grupo 1,No informado,0,25
local-20260901T220712,2026-09-01T22:09:25-05:00,2022760,NA,(2) Grupo 2,Angela Barrera Puerto,0,25
local-20260901T220712,2026-09-01T22:09:35-05:00,2015961,CLASE TEORICA,(1) Grupo 1,MANUEL ANDRES NIÑO SILVA; Rafael Orland Ortiz Mosquera,0,26
local-20260901T220712,2026-09-01T22:09:35-05:00,2015961,CLASE TEORICA,(2) Grupo 2,MANUEL ANDRES NIÑO SILVA; Adriana Patricia Piña Fulano,0,26
local-20260901T220712,2026-09-01T22:09:35-05:00,2015961,CLASE TEORICA,(3) Grupo 3,MANUEL ANDRES NIÑO SILVA; Gelber Norberto Gutierrez Palacios,0,26
local-20260901T220712,2026-09-01T22:09:35-05:00,2015961,CLASE TEORICA,(4) Grupo 4,MANUEL ANDRES NIÑO SILVA; Camilo Andrés Caro Galindo,0,26
local-20260901T220712,2026-09-01T22:09:35-05:00,2015961,CLASE TEORICA,(5) Grupo 5,MANUEL ANDRES NIÑO SILVA; Paula Angelica Solarte Blandon,0,26
local-20260901T220712,2026-09-01T22:09:35-05:00,2015961,CLASE TEORICA,(6) Grupo 6,MANUEL ANDRES NIÑO SILVA; Leonardo David Donado Garzon,0,26
local-20260901T220712,2026-09-01T22:09:35-05:00,2015961,CLASE TEORICA,(7) Grupo 7,No informado,0,26
local-20260901T220712,2026-09-01T22:09:36-05:00,2015978,CLASE TEORICA,(1) Grupo 1,No informado,0,27
local-20260901T220712,2026-09-01T22:09:36-05:00,2015978,CLASE TEORICA,(2) Grupo 2,Erasmo Alfredo Rodriguez Sandoval,0,27
local-20260901T220712,2026-09-01T22:09:36-05:00,2015978,CLASE TEORICA,(3) Grupo 3,No informado,0,27
local-20260901T220712,2026-09-01T22:09:36-05:00,2015978,CLASE TEORICA,(4) Grupo 4,Diego Alberto Cortés Ramos,0,27
local-20260901T220712,2026-09-01T22:09:36-05:00,2015978,CLASE TEORICA,(5) Grupo 5,Diego Alberto Cortés Ramos,0,27
local-20260901T220712,2026-09-01T22:09:38-05:00,2026135,CLASE TEORICA,(1) Grupo 1,NICOLAS ESCALANTE MORA,0,28
local-20260901T220712,2026-09-01T22:09:38-05:00,2026135,CLASE TEORICA,(2) Grupo 2,Leonel Vega Mora,12,28
local-20260901T220712,2026-09-01T22:09:38-05:00,2026135,CLASE TEORICA,(3) Grupo 3,Leonel Vega Mora,0,28
local-20260901T220712,2026-09-01T22:09:39-05:00,2015963,CLASE TEORICA,(1) Grupo 1,Liliana Yanneth Bohorques Avendaño,0,29
local-20260901T220712,2026-09-01T22:09:39-05:00,2015963,CLASE TEORICA,(2) Grupo 2,Diego Enrique Machuca Duarte,0,29
local-20260901T220712,2026-09-01T22:09:39-05:00,2015963,CLASE TEORICA,(3) Grupo 3,William Castro Garcia,0,29
local-20260901T220712,2026-09-01T22:09:41-05:00,2026138,CLASE TEORICA,(1) Grupo 1,Ivan Dario Serrano Arrieta,1,30
local-20260901T220712,2026-09-01T22:09:41-05:00,2026138,CLASE TEORICA,(2) Grupo 2,Ivan Dario Serrano Arrieta,0,30
local-20260901T220712,2026-09-01T22:09:41-05:00,2026138,CLASE TEORICA,(3) Grupo 3,Pedro Luis Jimenez Poveda,0,30
local-20260901T220712,2026-09-01T22:09:43-05:00,2015703,NA,(1) Grupo 1,Angela Maria Arboleda Restrepo,0,31
local-20260901T220712,2026-09-01T22:09:43-05:00,2015703,NA,(10) Grupo 10,Diego Alejandro Hernandez Castañeda,0,31
local-20260901T220712,2026-09-01T22:09:43-05:00,2015703,NA,(11) Grupo 11,Julio Cesar Cañon Rodriguez,0,31
local-20260901T220712,2026-09-01T22:09:43-05:00,2015703,NA,(2) Grupo 2,Osman Benjamin Giovanny Vargas Rozo,0,31
local-20260901T220712,2026-09-01T22:09:43-05:00,2015703,NA,(3) Grupo 3,Hugo Alberto Herrera Fonseca,0,31
local-20260901T220712,2026-09-01T22:09:43-05:00,2015703,NA,(4) Grupo 4,LINA JULIANA BULLA CASAS,0,31
local-20260901T220712,2026-09-01T22:09:43-05:00,2015703,NA,(5) Grupo 5 - Virtual,Cesar Augusto Roa Lemus,0,31
local-20260901T220712,2026-09-01T22:09:43-05:00,2015703,NA,(6) Grupo 6,JAVIER RICARDO OJEDA SANCHEZ,0,31
local-20260901T220712,2026-09-01T22:09:43-05:00,2015703,NA,(7) Grupo 7,JAVIER RICARDO OJEDA SANCHEZ,0,31
local-20260901T220712,2026-09-01T22:09:43-05:00,2015703,NA,(8) Grupo 8,Diego Alejandro Hernandez Castañeda,0,31
local-20260901T220712,2026-09-01T22:09:43-05:00,2015703,NA,(9) Grupo 9,LINA JULIANA BULLA CASAS,0,31
local-20260901T220712,2026-09-01T22:09:46-05:00,1000044-B,CLASE TEORICA,(1) Grupo 1,Beatriz Elena Urrutia Sanchez,4,32
local-20260901T220712,2026-09-01T22:09:46-05:00,1000044-B,CLASE TEORICA,(2) Grupo 2,Yaneli Niño Osorio,3,32
local-20260901T220712,2026-09-01T22:09:46-05:00,1000044-B,CLASE TEORICA,(3) Grupo 3,Luis Gabriel Peña Ortiz,2,32
local-20260901T220712,2026-09-01T22:09:46-05:00,1000044-B,CLASE TEORICA,(4) Grupo 4,Liliana Marcela Guzman Aricapa,0,32
local-20260901T220712,2026-09-01T22:09:46-05:00,1000044-B,CLASE TEORICA,(5) Grupo 5,Beatriz Elena Urrutia Sanchez,2,32
local-20260901T220712,2026-09-01T22:09:46-05:00,1000044-B,CLASE TEORICA,(6) Grupo 6,Cesar Augusto Romero,1,32
local-20260901T220712,2026-09-01T22:09:46-05:00,1000044-B,CLASE TEORICA,(7) Grupo 7,JOSE JONATHAN MAESTRE HERRERA,0,32
local-20260901T220712,2026-09-01T22:09:46-05:00,1000044-B,CLASE TEORICA,(8) Grupo 8,Beymar Leonardo Solorzano Alviz,2,32
local-20260901T220712,2026-09-01T22:09:46-05:00,1000044-B,CLASE TEORICA,(9) Grupo 9,Claudia Marcela Arevalo Gomez,0,32
local-20260901T220712,2026-09-01T22:09:54-05:00,1000045-B,CLASE TEORICA,(1) Grupo 1,Claudia Marcela Arevalo Gomez,3,33
local-20260901T220712,2026-09-01T22:09:54-05:00,1000045-B,CLASE TEORICA,(10) Grupo 10,Jesica paola Rendon Alfonso,0,33
local-20260901T220712,2026-09-01T22:09:54-05:00,1000045-B,CLASE TEORICA,(11) Grupo 11,JOSE JONATHAN MAESTRE HERRERA,1,33
local-20260901T220712,2026-09-01T22:09:54-05:00,1000045-B,CLASE TEORICA,(12) Grupo 12,LINDA JOHANA RUIZ GOMEZ,4,33
local-20260901T220712,2026-09-01T22:09:54-05:00,1000045-B,CLASE TEORICA,(13) Grupo 13,Narly Yadira Pardo Cadena,0,33
local-20260901T220712,2026-09-01T22:09:54-05:00,1000045-B,CLASE TEORICA,(14) Grupo 14,Angelica Saenz Fonseca,0,33
local-20260901T220712,2026-09-01T22:09:54-05:00,1000045-B,CLASE TEORICA,(15) Grupo 15,Narly Yadira Pardo Cadena,2,33
local-20260901T220712,2026-09-01T22:09:54-05:00,1000045-B,CLASE TEORICA,(16) Grupo 16,Luis Gabriel Peña Ortiz,1,33
local-20260901T220712,2026-09-01T22:09:54-05:00,1000045-B,CLASE TEORICA,(2) Grupo 2,Cesar Augusto Romero,0,33
local-20260901T220712,2026-09-01T22:09:54-05:00,1000045-B,CLASE TEORICA,(3) Grupo 3,Jesica paola Rendon Alfonso,0,33
local-20260901T220712,2026-09-01T22:09:54-05:00,1000045-B,CLASE TEORICA,(4) Grupo 4,Adriana Marlen Sanchez Riaño,0,33
local-20260901T220712,2026-09-01T22:09:54-05:00,1000045-B,CLASE TEORICA,(5) Grupo 5,Cesar Augusto Romero,0,33
local-20260901T220712,2026-09-01T22:09:54-05:00,1000045-B,CLASE TEORICA,(6) Grupo 6,Sara Elisa Monsalve Patino,0,33
local-20260901T220712,2026-09-01T22:09:54-05:00,1000045-B,CLASE TEORICA,(7) Grupo 7,Luis Gabriel Peña Ortiz,0,33
local-20260901T220712,2026-09-01T22:09:54-05:00,1000045-B,CLASE TEORICA,(8) Grupo 8,Johnatan Martinez Hernandez,0,33
local-20260901T220712,2026-09-01T22:09:54-05:00,1000045-B,CLASE TEORICA,(9) Grupo 9,Maureen Elizabeth Hooker Oneill,13,33
local-20260901T220712,2026-09-01T22:09:58-05:00,1000046-B,CLASE TEORICA,(1) Grupo 1,Johnatan Martinez Hernandez,0,35
local-20260901T220712,2026-09-01T22:09:58-05:00,1000046-B,CLASE TEORICA,(10) Grupo 10,Jennly Angelica Gomez Rodriguez,0,35
local-20260901T220712,2026-09-01T22:09:58-05:00,1000046-B,CLASE TEORICA,(11) Grupo 11,Angelica Saenz Fonseca,2,35
local-20260901T220712,2026-09-01T22:09:58-05:00,1000046-B,CLASE TEORICA,(12) Grupo 12,Liliana Marcela Guzman Aricapa,0,35
local-20260901T220712,2026-09-01T22:09:58-05:00,1000046-B,CLASE TEORICA,(13) Grupo 13,ALBA LUCIA RIAÑO RODRIGUEZ,7,35
local-20260901T220712,2026-09-01T22:09:58-05:00,1000046-B,CLASE TEORICA,(14) Grupo 14,Angelica Saenz Fonseca,0,35
local-20260901T220712,2026-09-01T22:09:58-05:00,1000046-B,CLASE TEORICA,(15) Grupo 15,Luis Gabriel Peña Ortiz,1,35
local-20260901T220712,2026-09-01T22:09:58-05:00,1000046-B,CLASE TEORICA,(16) Grupo 16,Olga Lucia Ruiz Convers,6,35
local-20260901T220712,2026-09-01T22:09:58-05:00,1000046-B,CLASE TEORICA,(17) Grupo 17,Luis Gabriel Peña Ortiz,1,35
local-20260901T220712,2026-09-01T22:09:58-05:00,1000046-B,CLASE TEORICA,(18) Grupo 18,Narly Yadira Pardo Cadena,0,35
local-20260901T220712,2026-09-01T22:09:58-05:00,1000046-B,CLASE TEORICA,(2) Grupo 2,Jesica paola Rendon Alfonso,0,35
local-20260901T220712,2026-09-01T22:09:58-05:00,1000046-B,CLASE TEORICA,(3) Grupo 3,JESUS DAVID TORRES RODRIGUEZ,5,35
local-20260901T220712,2026-09-01T22:09:58-05:00,1000046-B,CLASE TEORICA,(4) Grupo 4,Claudia Patricia Cortes Lora,0,35
local-20260901T220712,2026-09-01T22:09:58-05:00,1000046-B,CLASE TEORICA,(5) Grupo 5,Johnatan Martinez Hernandez,0,35
local-20260901T220712,2026-09-01T22:09:58-05:00,1000046-B,CLASE TEORICA,(6) Grupo 6,Johnatan Martinez Hernandez,0,35
local-20260901T220712,2026-09-01T22:09:58-05:00,1000046-B,CLASE TEORICA,(7) Grupo 7,Jesica paola Rendon Alfonso,0,35
local-20260901T220712,2026-09-01T22:09:58-05:00,1000046-B,CLASE TEORICA,(8) Grupo 8,Beatriz Elena Urrutia Sanchez,0,35
local-20260901T220712,2026-09-01T22:09:58-05:00,1000046-B,CLASE TEORICA,(9) Grupo 9,Maureen Elizabeth Hooker Oneill,10,35
local-20260901T220712,2026-09-01T22:10:07-05:00,1000052-B,CLASE TEORICA,(1) Grupo 1,Liliana Marcela Guzman Aricapa,4,37
local-20260901T220712,2026-09-01T22:10:07-05:00,1000052-B,CLASE TEORICA,(2) Grupo 2,JOSE JONATHAN MAESTRE HERRERA,1,37
local-20260901T220712,2026-09-01T22:10:07-05:00,1000052-B,CLASE TEORICA,(3) Grupo 3,Aida Elena Monsalve Solorzano,12,37
local-20260901T220712,2026-09-01T22:10:09-05:00,1000053-B,CLASE TEORICA,(1) Grupo 1,Jennly Angelica Gomez Rodriguez,0,38
local-20260901T220712,2026-09-01T22:10:09-05:00,1000053-B,CLASE TEORICA,(2) Grupo 2,Yaneli Niño Osorio,0,38
local-20260901T220712,2026-09-01T22:10:09-05:00,1000053-B,CLASE TEORICA,(3) Grupo 3,Javier Rodriguez Gomez,5,38
local-20260901T220712,2026-09-01T22:10:09-05:00,1000053-B,CLASE TEORICA,(4) Grupo 4,Javier Rodriguez Gomez,6,38
local-20260901T220712,2026-09-01T22:10:09-05:00,1000053-B,CLASE TEORICA,(5) Grupo 5,LINDA JOHANA RUIZ GOMEZ,11,38
local-20260901T220712,2026-09-01T22:10:09-05:00,1000053-B,CLASE TEORICA,(6) Grupo 6,Olga Lucia Ruiz Convers,6,38
local-20260901T220712,2026-09-01T22:10:20-05:00,1000047-B,CLASE TEORICA,(1) Grupo 1,Cesar Augusto Romero,0,39
local-20260901T220712,2026-09-01T22:10:20-05:00,1000047-B,CLASE TEORICA,(10) Grupo 10,Monica Alexandra Riaño Orjuela,0,39
local-20260901T220712,2026-09-01T22:10:20-05:00,1000047-B,CLASE TEORICA,(11) Grupo 11,Jennly Angelica Gomez Rodriguez,2,39
local-20260901T220712,2026-09-01T22:10:20-05:00,1000047-B,CLASE TEORICA,(12) Grupo 12,Claudia Patricia Cortes Lora,0,39
local-20260901T220712,2026-09-01T22:10:20-05:00,1000047-B,CLASE TEORICA,(13) Grupo 13,Angelica Saenz Fonseca,3,39
local-20260901T220712,2026-09-01T22:10:20-05:00,1000047-B,CLASE TEORICA,(14) Grupo 14,LINDA JOHANA RUIZ GOMEZ,1,39
local-20260901T220712,2026-09-01T22:10:20-05:00,1000047-B,CLASE TEORICA,(15) Grupo 15,Claudia Patricia Cortes Lora,1,39
local-20260901T220712,2026-09-01T22:10:20-05:00,1000047-B,CLASE TEORICA,(16) Grupo 16,Narly Yadira Pardo Cadena,0,39
local-20260901T220712,2026-09-01T22:10:20-05:00,1000047-B,CLASE TEORICA,(17) Grupo 17,Angelica Saenz Fonseca,0,39
local-20260901T220712,2026-09-01T22:10:20-05:00,1000047-B,CLASE TEORICA,(18) Grupo 18,ALBA LUCIA RIAÑO RODRIGUEZ,0,39
local-20260901T220712,2026-09-01T22:10:20-05:00,1000047-B,CLASE TEORICA,(19) Grupo 19,Aida Elena Monsalve Solorzano,1,39
local-20260901T220712,2026-09-01T22:10:20-05:00,1000047-B,CLASE TEORICA,(2) Grupo 2,Yaneli Niño Osorio,0,39
local-20260901T220712,2026-09-01T22:10:20-05:00,1000047-B,CLASE TEORICA,(20) Grupo 20,ALBA LUCIA RIAÑO RODRIGUEZ,0,39
local-20260901T220712,2026-09-01T22:10:20-05:00,1000047-B,CLASE TEORICA,(21) Grupo 21,Edwin Yesid Leon Silva,0,39
local-20260901T220712,2026-09-01T22:10:20-05:00,1000047-B,CLASE TEORICA,(22) Grupo 22,LINDA JOHANA RUIZ GOMEZ,1,39
local-20260901T220712,2026-09-01T22:10:20-05:00,1000047-B,CLASE TEORICA,(3) Grupo 3,Monica Alexandra Riaño Orjuela,0,39
local-20260901T220712,2026-09-01T22:10:20-05:00,1000047-B,CLASE TEORICA,(4) Grupo 4,Claudia Patricia Cortes Lora,0,39
local-20260901T220712,2026-09-01T22:10:20-05:00,1000047-B,CLASE TEORICA,(5) Grupo 5,Olga Lucia Ruiz Convers,0,39
local-20260901T220712,2026-09-01T22:10:20-05:00,1000047-B,CLASE TEORICA,(6) Grupo 6,Monica Alexandra Riaño Orjuela,0,39
local-20260901T220712,2026-09-01T22:10:20-05:00,1000047-B,CLASE TEORICA,(7) Grupo 7,Cesar Augusto Romero,0,39
local-20260901T220712,2026-09-01T22:10:20-05:00,1000047-B,CLASE TEORICA,(8) Grupo 8,Beatriz Elena Urrutia Sanchez,0,39
local-20260901T220712,2026-09-01T22:10:20-05:00,1000047-B,CLASE TEORICA,(9) Grupo 9,Keshia Hilary Howard Livingston,14,39
local-20260901T220712,2026-09-01T22:10:24-05:00,2026186,CLASE TEORICA,(1) Grupo 1,Carol Andrea Murillo Feo,0,41
local-20260901T220712,2026-09-01T22:10:24-05:00,2026186,CLASE TEORICA,(2) Grupo 2,Leonel Vega Mora,0,41
local-20260901T220712,2026-09-01T22:10:24-05:00,2026186,CLASE TEORICA,(3) Grupo 3,CAMILO RIOS FRESNEDA,0,41
local-20260901T220712,2026-09-01T22:10:24-05:00,2026186,CLASE TEORICA,(4) Grupo 4,Carlos Orlando Robles Roa,0,41
local-20260901T220712,2026-09-01T22:10:37-05:00,1000001-B,CLASE TEORICA,(1) Grupo 1,No informado,1,43
local-20260901T220712,2026-09-01T22:10:37-05:00,1000001-B,CLASE TEORICA,(19) Grupo 19,No informado,2,43
local-20260901T220712,2026-09-01T22:10:37-05:00,1000001-B,CLASE TEORICA,(2) Grupo 2,No informado,20,43
local-20260901T220712,2026-09-01T22:10:37-05:00,1000001-B,CLASE MAGISTRAL,(1) Grupo 1,DANIEL FELIPE SUÁREZ LEÓN,0,43
local-20260901T220712,2026-09-01T22:10:37-05:00,1000001-B,CLASE MAGISTRAL,(10) Grupo 10,David Reyes Gaona,0,43
local-20260901T220712,2026-09-01T22:10:37-05:00,1000001-B,CLASE MAGISTRAL,(2) Grupo 2,SERGIO ANDRES TAMAYO LÓPEZ,0,43
local-20260901T220712,2026-09-01T22:10:37-05:00,1000001-B,CLASE MAGISTRAL,(3) Grupo 3,NICOLAS RODRIGUEZ CHACON,0,43
local-20260901T220712,2026-09-01T22:10:37-05:00,1000001-B,CLASE MAGISTRAL,(4) Grupo 4,JHON CRISTIAN MINA LADINO,2,43
local-20260901T220712,2026-09-01T22:10:37-05:00,1000001-B,CLASE MAGISTRAL,(5) Grupo 5,MIGUEL ANGEL COLMENARES HERRERA,0,43
local-20260901T220712,2026-09-01T22:10:37-05:00,1000001-B,CLASE MAGISTRAL,(6) Grupo 6,DANIEL FELIPE SUÁREZ LEÓN,0,43
local-20260901T220712,2026-09-01T22:10:37-05:00,1000001-B,CLASE MAGISTRAL,(7) Grupo 7,SERGIO ANDRES TAMAYO LÓPEZ,0,43
local-20260901T220712,2026-09-01T22:10:37-05:00,1000001-B,CLASE MAGISTRAL,(8) Grupo 8,JAIRO SEBASTIÁN NIÑO CASTRO,0,43
local-20260901T220712,2026-09-01T22:10:37-05:00,1000001-B,CLASE MAGISTRAL,(9) Grupo 9,No informado,10,43
local-20260901T220712,2026-09-01T22:10:39-05:00,2015965,CLASE TEORICA,(1) Grupo 1,Edwin Alexander Prieto Saavedra; CAMILO RIOS FRESNEDA,0,44
local-20260901T220712,2026-09-01T22:10:39-05:00,2015965,CLASE TEORICA,(2) Grupo 2,Julian David Puerto Suarez; Vladimir Buelvas Hernández,0,44
local-20260901T220712,2026-09-01T22:10:39-05:00,2015965,CLASE TEORICA,(3) Grupo 3,Ferney Betancourt Cardozo; Juan Manuel Lizarazo Marriaga,0,44
local-20260901T220712,2026-09-01T22:10:39-05:00,2015965,CLASE TEORICA,(4) Grupo 4,Edwin Alexander Prieto Saavedra,0,44
local-20260901T220712,2026-09-01T22:10:41-05:00,2015966,CLASE TEORICA,(1) Grupo 1,NICOLAS GUTIERREZ ARIAS; Paula Angelica Solarte Blandon,3,45
local-20260901T220712,2026-09-01T22:10:41-05:00,2015966,CLASE TEORICA,(2) Grupo 2,NICOLAS GUTIERREZ ARIAS; Adriana Patricia Piña Fulano,0,45
local-20260901T220712,2026-09-01T22:10:41-05:00,2015966,CLASE TEORICA,(3) Grupo 3,NICOLAS GUTIERREZ ARIAS; Rafael Orland Ortiz Mosquera,0,45
local-20260901T220712,2026-09-01T22:10:41-05:00,2015966,CLASE TEORICA,(4) Grupo 4,NICOLAS GUTIERREZ ARIAS; Camilo Andrés Caro Galindo,0,45
local-20260901T220712,2026-09-01T22:10:41-05:00,2015966,CLASE TEORICA,(5) Grupo 5,NICOLAS GUTIERREZ ARIAS; MARIA LUCIA SALAZAR TORRES,0,45
local-20260901T220712,2026-09-01T22:10:41-05:00,2015966,CLASE TEORICA,(6) Grupo 6,NICOLAS GUTIERREZ ARIAS; Luis Alejandro Morales Marin,0,45
local-20260901T220712,2026-09-01T22:10:41-05:00,2015966,CLASE TEORICA,(7) Grupo 7,NICOLAS GUTIERREZ ARIAS; SERGIO ALEJANDRO RIVERA MONROY,7,45
local-20260901T220712,2026-09-01T22:10:41-05:00,2015966,CLASE TEORICA,(8) Grupo 8,NICOLAS GUTIERREZ ARIAS; SERGIO ALEJANDRO RIVERA MONROY,14,45
local-20260901T220712,2026-09-01T22:10:42-05:00,2015967,NA,(1) Grupo 1,Vladimir Buelvas Hernández,0,46
local-20260901T220712,2026-09-01T22:10:44-05:00,2015968,CLASE TEORICA,(1) Grupo 1,Ricardo Parra Arango,0,47
local-20260901T220712,2026-09-01T22:10:44-05:00,2015968,CLASE TEORICA,(2) Grupo 2,Daniel Felipe Rodriguez Ramirez,0,47
local-20260901T220712,2026-09-01T22:10:44-05:00,2015968,CLASE TEORICA,(3) Grupo 3,Juan David Oliveros Salazar,0,47
local-20260901T220712,2026-09-01T22:10:44-05:00,2015968,CLASE TEORICA,(4) Grupo 4,Ricardo Parra Arango,0,47
local-20260901T220712,2026-09-01T22:10:44-05:00,2015968,CLASE TEORICA,(5) Grupo 5,Julian David Puerto Suarez,0,47
local-20260901T220712,2026-09-01T22:10:44-05:00,2015968,CLASE TEORICA,(6) Grupo 6,Dorian Luis Linero Segrera,0,47
local-20260901T220712,2026-09-01T22:10:47-05:00,2015969,CLASE TEORICA,(1) Grupo 1 (Inglés),Julio Esteban Colmenares Montañez,0,48
local-20260901T220712,2026-09-01T22:10:47-05:00,2015969,CLASE TEORICA,(2) Grupo 2,Guillermo Eduardo Avila Alvarez,0,48
local-20260901T220712,2026-09-01T22:10:47-05:00,2015969,CLASE TEORICA,(3) Grupo 3,Livaniel Viveros Rosero,0,48
local-20260901T220712,2026-09-01T22:10:47-05:00,2015969,CLASE TEORICA,(4) Grupo 4,Ronald Steve Garzon Espejo,0,48
local-20260901T220712,2026-09-01T22:10:56-05:00,2015970,CLASE PRACTICA,(10) Grupo 10,JUAN DANIEL SARMIENTO ABELLO,0,49
local-20260901T220712,2026-09-01T22:10:56-05:00,2015970,CLASE PRACTICA,(4) Grupo 4,Helga Duarte,0,49
local-20260901T220712,2026-09-01T22:10:56-05:00,2015970,CLASE PRACTICA,(5) Grupo 5,Oswaldo Rojas Camacho,0,49
local-20260901T220712,2026-09-01T22:10:56-05:00,2015970,CLASE PRACTICA,(7) Grupo 7,Cristhian Fernando Lara Espejo,0,49
local-20260901T220712,2026-09-01T22:10:56-05:00,2015970,CLASE PRACTICA,(8) Grupo 8,Helga Duarte,2,49
local-20260901T220712,2026-09-01T22:10:56-05:00,2015970,CLASE PRACTICA,(9) Grupo 9,Oswaldo Rojas Camacho,0,49
local-20260901T220712,2026-09-01T22:11:04-05:00,2017293,CLASE TEORICA,(1) 2017293-1 Modelación matemática,David Leonardo Diaz Leon,0,50
local-20260901T220712,2026-09-01T22:11:04-05:00,2017293,CLASE TEORICA,(2) 2017293-2 Modelación matemática,David Leonardo Diaz Leon,1,50
local-20260901T220712,2026-09-01T22:11:04-05:00,2017293,CLASE MAGISTRAL,(1M) 2017293-1M Modelación matemática - Magistral,Carlos Alberto Duque Daza,13,50
local-20260901T220712,2026-09-01T22:11:19-05:00,2025971,CLASE TEORICA,(3) Grupo 3,Gustavo Alfredo Bula,20,52
local-20260901T220712,2026-09-01T22:11:19-05:00,2025971,CLASE TEORICA,(4) Grupo 4,Gustavo Alfredo Bula,2,52
local-20260901T220712,2026-09-01T22:11:21-05:00,2015971,CLASE TEORICA,(1) Grupo 1,Daniel Alberto Silva Castillo,5,53
local-20260901T220712,2026-09-01T22:11:21-05:00,2015971,CLASE TEORICA,(2) Grupo 2,Ferney Betancourt Cardozo,0,53
local-20260901T220712,2026-09-01T22:11:21-05:00,2015971,CLASE TEORICA,(3) Grupo 3,No informado,0,53
local-20260901T220712,2026-09-01T22:11:23-05:00,2015972,CLASE TEORICA,(1) Grupo 1,Carlos Alberto Moncada Aristizabal,0,54
local-20260901T220712,2026-09-01T22:11:23-05:00,2015972,CLASE TEORICA,(2) Grupo 2,SANTIAGO RAMIREZ ECHEVERRI,0,54
local-20260901T220712,2026-09-01T22:11:23-05:00,2015972,CLASE TEORICA,(3) Grupo 3,Maria Constanza Garcia Alicastro,0,54
local-20260901T220712,2026-09-01T22:11:25-05:00,1000024-B,CLASE TEORICA,(12) Grupo 12,Edgar Delgado Mejia,0,55
local-20260901T220712,2026-09-01T22:11:25-05:00,1000024-B,CLASE TEORICA,(13) Grupo 13,Jesus Sigifredo Valencia Rios,0,55
local-20260901T220712,2026-09-01T22:11:25-05:00,1000024-B,CLASE TEORICA,(14) Grupo 14,Jhon Jairo Aragón Arias,8,55
local-20260901T220712,2026-09-01T22:11:27-05:00,1000013-B,CLASE TEORICA,(1) Grupo 1,Carlos Eduardo Alonso Malaver,0,56
local-20260901T220712,2026-09-01T22:11:27-05:00,1000013-B,CLASE TEORICA,(10) Grupo 10,Sandra Vergara Cardozo,0,56
local-20260901T220712,2026-09-01T22:11:27-05:00,1000013-B,CLASE TEORICA,(11) Grupo 11,DIEGO ALBERTO MARTINEZ SIMBAQUEVA,0,56
local-20260901T220712,2026-09-01T22:11:27-05:00,1000013-B,CLASE TEORICA,(12) Grupo 12,DIEGO ALBERTO MARTINEZ SIMBAQUEVA,0,56
local-20260901T220712,2026-09-01T22:11:27-05:00,1000013-B,CLASE TEORICA,(13) Grupo 13,DIEGO ALBERTO MARTINEZ SIMBAQUEVA,0,56
local-20260901T220712,2026-09-01T22:11:27-05:00,1000013-B,CLASE TEORICA,(14) Grupo 14,Andrea Catalina Garcia Montoya,0,56
local-20260901T220712,2026-09-01T22:11:27-05:00,1000013-B,CLASE TEORICA,(15) Grupo 15,Andrea Catalina Garcia Montoya,0,56
local-20260901T220712,2026-09-01T22:11:27-05:00,1000013-B,CLASE TEORICA,(16) Grupo 16,Sergio Alejandro Calderon Villanueva,2,56
local-20260901T220712,2026-09-01T22:11:27-05:00,1000013-B,CLASE TEORICA,(2) Grupo 2,Luis Guillermo Diaz Monroy,0,56
local-20260901T220712,2026-09-01T22:11:27-05:00,1000013-B,CLASE TEORICA,(22) Grupo 22,Hanwen Zhang,0,56
local-20260901T220712,2026-09-01T22:11:27-05:00,1000013-B,CLASE TEORICA,(24) Grupo 24,ELIAN FERNANDO ESPITIA RINCÓN,0,56
local-20260901T220712,2026-09-01T22:11:27-05:00,1000013-B,CLASE TEORICA,(3) Grupo 3,Diana Carolina Franco Soto,0,56
local-20260901T220712,2026-09-01T22:11:27-05:00,1000013-B,CLASE TEORICA,(4) Grupo 4,Diana Carolina Franco Soto,0,56
local-20260901T220712,2026-09-01T22:11:27-05:00,1000013-B,CLASE TEORICA,(5) Grupo 5,Darwin Eduardo Martínez Riaño,0,56
local-20260901T220712,2026-09-01T22:11:27-05:00,1000013-B,CLASE TEORICA,(6) Grupo 6,Darwin Eduardo Martínez Riaño,3,56
local-20260901T220712,2026-09-01T22:11:27-05:00,1000013-B,CLASE TEORICA,(7) Grupo 7,Camilo Jose Torres Jimenez,0,56
local-20260901T220712,2026-09-01T22:11:29-05:00,2015734,NA,(1) Grupo 1,Fernando Salazar Delgado,0,57
local-20260901T220712,2026-09-01T22:11:29-05:00,2015734,NA,(10) Grupo 10,Tito Florez Calderon,0,57
local-20260901T220712,2026-09-01T22:11:29-05:00,2015734,NA,(11) Grupo 11,DAVID ALBERTO HERRERA ALVAREZ,0,57
local-20260901T220712,2026-09-01T22:11:29-05:00,2015734,NA,(12) Grupo 12,FABIEL NATÁN ESPINOSA CASTAÑEDA,0,57
local-20260901T220712,2026-09-01T22:11:29-05:00,2015734,NA,(13) Grupo 13,SERGIO CAMILO ESPINOSA BOTERO,0,57
local-20260901T220712,2026-09-01T22:11:29-05:00,2015734,NA,(14) Grupo 14,Carlos Andres Sierra Virguez,0,57
local-20260901T220712,2026-09-01T22:11:29-05:00,2015734,NA,(2) Grupo 2,Fernando Salazar Delgado,0,57
local-20260901T220712,2026-09-01T22:11:29-05:00,2015734,NA,(3) Grupo 3,Jhoan Sebastian Restrepo Mendoza,0,57
local-20260901T220712,2026-09-01T22:11:29-05:00,2015734,NA,(4) Grupo 4,Sandra Liliana Rojas Martinez,0,57
local-20260901T220712,2026-09-01T22:11:29-05:00,2015734,NA,(5) Grupo 5,Jhoan Sebastian Restrepo Mendoza,0,57
local-20260901T220712,2026-09-01T22:11:29-05:00,2015734,NA,(6) Grupo 6,SERGIO CAMILO ESPINOSA BOTERO,0,57
local-20260901T220712,2026-09-01T22:11:29-05:00,2015734,NA,(7) Grupo 7,No informado,0,57
local-20260901T220712,2026-09-01T22:11:29-05:00,2015734,NA,(8) Grupo 8 - Virtual,FABIEL NATÁN ESPINOSA CASTAÑEDA,0,57
local-20260901T220712,2026-09-01T22:11:29-05:00,2015734,NA,(9) Grupo 9,Alvaro Reynel Córdoba,4,57
local-20260901T220712,2026-09-01T22:11:31-05:00,2016375,CLASE PRACTICA-POO,(7) Grupo 7,No informado,0,58
local-20260901T220712,2026-09-01T22:11:34-05:00,2015973,CLASE TEORICA,(1) Grupo 1,CARLOS ALBERTO ESPAÑOL MARIÑO,0,59
local-20260901T220712,2026-09-01T22:11:34-05:00,2015973,CLASE TEORICA,(2) Grupo 2,GABRIELA ARRIETA LOYO,0,59
local-20260901T220712,2026-09-01T22:11:34-05:00,2015973,CLASE TEORICA,(3) Grupo 3,NICOLAS ESCALANTE MORA,0,59
local-20260901T220712,2026-09-01T22:11:36-05:00,2022761,NA,(1) Grupo 1,Servio Javier Contreras Guerrero,0,60
local-20260901T220712,2026-09-01T22:11:36-05:00,2022761,NA,(2) Grupo 2,Servio Javier Contreras Guerrero,0,60
local-20260901T220712,2026-09-01T22:11:36-05:00,2022761,NA,(3) Grupo 3,Samuel Fernando Mesa Giraldo,0,60
local-20260901T220712,2026-09-01T22:11:40-05:00,2024045,CLASE TEORICA,(1) 2024045-1 Taller de proyectos interdisciplinarios,Hector Julian Garcia Otalora,0,61
local-20260901T220712,2026-09-01T22:11:40-05:00,2024045,CLASE TEORICA,(10) 2024045-10 Taller de proyectos interdisciplinarios,Oscar Andres Eraso Eraso,0,61
local-20260901T220712,2026-09-01T22:11:40-05:00,2024045,CLASE TEORICA,(11) 2024045-11 Taller de proyectos interdisciplinarios,No informado,0,61
local-20260901T220712,2026-09-01T22:11:40-05:00,2024045,CLASE TEORICA,(12) 2024045-12 Taller de proyectos interdisciplinarios,Hector Julian Garcia Otalora,1,61
local-20260901T220712,2026-09-01T22:11:40-05:00,2024045,CLASE TEORICA,(13) 2024045-13 Taller de proyectos interdisciplinarios,Hector Julian Garcia Otalora,0,61
local-20260901T220712,2026-09-01T22:11:40-05:00,2024045,CLASE TEORICA,(14) 2024045-14 Taller de proyectos interdisciplinarios,Dolly Santos Barbosa,0,61
local-20260901T220712,2026-09-01T22:11:40-05:00,2024045,CLASE TEORICA,(15) 2024045-15 Taller de proyectos interdisciplinarios,Oscar Andres Eraso Eraso,0,61
local-20260901T220712,2026-09-01T22:11:40-05:00,2024045,CLASE TEORICA,(16) 2024045-16 Taller de proyectos interdisciplinarios,Luis Ignacio Rodriguez Varela,0,61
local-20260901T220712,2026-09-01T22:11:40-05:00,2024045,CLASE TEORICA,(17) 2024045-17 Taller de proyectos interdisciplinarios,JOHANA CATALINA MANOSALVA BARRERA,0,61
local-20260901T220712,2026-09-01T22:11:40-05:00,2024045,CLASE TEORICA,(18) 2024045-18 Taller de proyectos interdisciplinarios,Fernando Bernal Martinez,0,61
local-20260901T220712,2026-09-01T22:11:40-05:00,2024045,CLASE TEORICA,(19) 2024045-19 Taller de proyectos interdisciplinarios,FRANCISCO JAVIER VÁSQUEZ VÁSQUEZ,0,61
local-20260901T220712,2026-09-01T22:11:40-05:00,2024045,CLASE TEORICA,(2) 2024045-2 Taller de proyectos interdisciplinarios,Fernando Bernal Martinez,0,61
local-20260901T220712,2026-09-01T22:11:40-05:00,2024045,CLASE TEORICA,(21) 2024045-21 Taller de proyectos interdisciplinarios,No informado,0,61
local-20260901T220712,2026-09-01T22:11:40-05:00,2024045,CLASE TEORICA,(22) 2024045-22 Taller de proyectos interdisciplinarios,Ubaldo Garcia Zaragoza,0,61
local-20260901T220712,2026-09-01T22:11:40-05:00,2024045,CLASE TEORICA,(23) 2024045-23 Taller de proyectos interdisciplinarios,No informado,0,61
local-20260901T220712,2026-09-01T22:11:40-05:00,2024045,CLASE TEORICA,(24) 2024045-24 Taller de proyectos interdisciplinarios,Hector Julian Garcia Otalora,0,61
local-20260901T220712,2026-09-01T22:11:40-05:00,2024045,CLASE TEORICA,(3) 2024045-3 Taller de proyectos interdisciplinarios,Guillermo Alberto Rocha Casas,0,61
local-20260901T220712,2026-09-01T22:11:40-05:00,2024045,CLASE TEORICA,(4) 2024045-4 Taller de proyectos interdisciplinarios,Francy Nayely Prieto Novoa,0,61
local-20260901T220712,2026-09-01T22:11:40-05:00,2024045,CLASE TEORICA,(40) 2024045-40 TPI-- NO BORRAR-- BLOQ ESPACIOS,No informado,0,61
local-20260901T220712,2026-09-01T22:11:40-05:00,2024045,CLASE TEORICA,(5) 2024045-5 Taller de proyectos interdisciplinarios,Nubia Carmenza Moreno Sarmiento,0,61
local-20260901T220712,2026-09-01T22:11:40-05:00,2024045,CLASE TEORICA,(6) 2024045-6 Taller de proyectos interdisciplinarios,JOHANA CATALINA MANOSALVA BARRERA,0,61
local-20260901T220712,2026-09-01T22:11:40-05:00,2024045,CLASE TEORICA,(7) 2024045-7 Taller de proyectos interdisciplinarios,Ubaldo Garcia Zaragoza,0,61
local-20260901T220712,2026-09-01T22:11:40-05:00,2024045,CLASE TEORICA,(8) 2024045-8 Taller de proyectos interdisciplinarios,JHON FREDDY LOPEZ MEDINA,0,61
local-20260901T220712,2026-09-01T22:11:40-05:00,2024045,CLASE TEORICA,(9) 2024045-9 Taller de proyectos interdisciplinarios,Manuel Alejandro Mayorga Betancourt,0,61
local-20260901T220712,2026-09-01T22:11:42-05:00,2015296,NA,(1) Grupo 1,Leonardo David Donado Garzon,5,62
local-20260901T220712,2026-09-01T22:11:42-05:00,2015296,NA,(10) Grupo 10,Juan Manuel Lizarazo Marriaga,5,62
local-20260901T220712,2026-09-01T22:11:42-05:00,2015296,NA,(11) Grupo 11,Octavio Coronado Garcia,5,62
local-20260901T220712,2026-09-01T22:11:42-05:00,2015296,NA,(12) Grupo 12,Carol Andrea Murillo Feo,5,62
local-20260901T220712,2026-09-01T22:11:42-05:00,2015296,NA,(13) Grupo 13,CAMILO RIOS FRESNEDA,5,62
local-20260901T220712,2026-09-01T22:11:42-05:00,2015296,NA,(14) Grupo 14,William Castro Garcia,4,62
local-20260901T220712,2026-09-01T22:11:42-05:00,2015296,NA,(15) Grupo 15,Luis Alejandro Morales Marin,5,62
local-20260901T220712,2026-09-01T22:11:42-05:00,2015296,NA,(16) Grupo 16,Ferney Betancourt Cardozo,5,62
local-20260901T220712,2026-09-01T22:11:42-05:00,2015296,NA,(17) Grupo 17,Maria Alejandra Caicedo Londoño,5,62
local-20260901T220712,2026-09-01T22:11:42-05:00,2015296,NA,(18) Grupo 18,Guillermo Eduardo Avila Alvarez,5,62
local-20260901T220712,2026-09-01T22:11:42-05:00,2015296,NA,(19) Grupo 19,Carlos Alfonso Gomez Guacaneme,0,62
local-20260901T220712,2026-09-01T22:11:42-05:00,2015296,NA,(2) Grupo 2,Carlos Orlando Robles Roa,4,62
local-20260901T220712,2026-09-01T22:11:42-05:00,2015296,NA,(3) Grupo 3,Angela Barrera Puerto,5,62
local-20260901T220712,2026-09-01T22:11:42-05:00,2015296,NA,(4) Grupo 4,Mauricio Alberto Tapias Camacho,5,62
local-20260901T220712,2026-09-01T22:11:42-05:00,2015296,NA,(5) Grupo 5,Maritzabel Molina Herrera,5,62
local-20260901T220712,2026-09-01T22:11:42-05:00,2015296,NA,(6) Grupo 6,Rodolfo Rodriguez Baracaldo,5,62
local-20260901T220712,2026-09-01T22:11:42-05:00,2015296,NA,(7) Grupo 7,SANTIAGO RAMIREZ ECHEVERRI,5,62
local-20260901T220712,2026-09-01T22:11:42-05:00,2015296,NA,(8) Grupo 8,Jose Ricardo Martinez Vargas,5,62
local-20260901T220712,2026-09-01T22:11:42-05:00,2015296,NA,(9) Grupo 9,GABRIELA ARRIETA LOYO,5,62
local-20260901T220712,2026-09-01T22:11:44-05:00,2015299,CLASE TEORICA,(1) Grupo 1,GABRIELA ARRIETA LOYO,51,63
