run_id,ts_lectura,codigo,actividad,grupo,profesores_raw,cupos_disponibles,orden_lectura
local-20260914T050833,2026-09-14T05:08:55-05:00,2015938,CLASE TEORICA,(1) Grupo 1,Maria Alejandra Caicedo Londoño,0,0
local-20260914T050833,2026-09-14T05:08:55-05:00,2015938,CLASE TEORICA,(2) Grupo 2,Maria Alejandra Caicedo Londoño,0,0
local-20260914T050833,2026-09-14T05:08:55-05:00,2015938,CLASE TEORICA,(3) Grupo 3,JOSE LUIS DIAZ AREVALO,0,0
local-20260914T050833,2026-09-14T05:08:55-05:00,2015938,CLASE TEORICA,(4) Grupo 4,JOSE LUIS DIAZ AREVALO,0,0
local-20260914T050833,2026-09-14T05:08:56-05:00,2015939,CLASE TEORICA,(1) Grupo 1,ALVARO MARTIN GUTIERREZ MALAXECHEBARRIA,0,1
local-20260914T050833,2026-09-14T05:08:56-05:00,2015939,CLASE TEORICA,(2) Grupo 2,ALVARO MARTIN GUTIERREZ MALAXECHEBARRIA,0,1
local-20260914T050833,2026-09-14T05:08:56-05:00,2015939,CLASE TEORICA,(3) Grupo 3,Edder Alexander Velandia Duran,18,1
local-20260914T050833,2026-09-14T05:08:56-05:00,2015939,CLASE TEORICA,(4) Grupo 4,CARLOS ALBERTO ESPAÑOL MARIÑO,0,1
local-20260914T050833,2026-09-14T05:08:56-05:00,2015939,CLASE TEORICA,(5) Grupo 5,No informado,0,1
local-20260914T050833,2026-09-14T05:08:59-05:00,1000003-B,NA,(1) Grupo 1,Erika Lorena Rosero Alzate; Oscar Andrés Rojas Sepúlveda,0,2
local-20260914T050833,2026-09-14T05:08:59-05:00,1000003-B,NA,(10) Grupo 10,Epifanio Lozano Ayala,0,2
local-20260914T050833,2026-09-14T05:08:59-05:00,1000003-B,NA,(11) Grupo 11,Gustavo Adolfo Nieto Clavijo,0,2
local-20260914T050833,2026-09-14T05:08:59-05:00,1000003-B,NA,(12) Grupo 12,LENIN DAVID ANGARITA RIVERA,0,2
local-20260914T050833,2026-09-14T05:08:59-05:00,1000003-B,NA,(13) Grupo 13,Mohammed EL AIDI,0,2
local-20260914T050833,2026-09-14T05:08:59-05:00,1000003-B,NA,(15) Grupo 15,Myriam Leonor Campos Florez,0,2
local-20260914T050833,2026-09-14T05:08:59-05:00,1000003-B,NA,(16) Grupo 16,Harold Deivi Contreras Contreras,0,2
local-20260914T050833,2026-09-14T05:08:59-05:00,1000003-B,NA,(17) Grupo 17,Martha Cecilia Moreno Penagos,0,2
local-20260914T050833,2026-09-14T05:08:59-05:00,1000003-B,NA,(18) Grupo 18,John Alexander Cruz Morales,0,2
local-20260914T050833,2026-09-14T05:08:59-05:00,1000003-B,NA,(2) Grupo 2,No informado,0,2
local-20260914T050833,2026-09-14T05:08:59-05:00,1000003-B,NA,(20) Grupo 20,Natalia Camila Pinzon Cortes,0,2
local-20260914T050833,2026-09-14T05:08:59-05:00,1000003-B,NA,(21) Grupo 21,Ivon Andrea Dorado Correa,0,2
local-20260914T050833,2026-09-14T05:08:59-05:00,1000003-B,NA,(22) Grupo 22,David Reyes Gaona,0,2
local-20260914T050833,2026-09-14T05:08:59-05:00,1000003-B,NA,(3) Grupo 3,JHON ALEJANDRO AYALA OLIVEROS,1,2
local-20260914T050833,2026-09-14T05:08:59-05:00,1000003-B,NA,(4) Grupo 4,Luis Alejandro Barbosa Torres,0,2
local-20260914T050833,2026-09-14T05:08:59-05:00,1000003-B,NA,(5) Grupo 5,Sherly Paola Alfonso Sanchez,0,2
local-20260914T050833,2026-09-14T05:08:59-05:00,1000003-B,NA,(7) Grupo 7,Myriam Leonor Campos Florez,0,2
local-20260914T050833,2026-09-14T05:08:59-05:00,1000003-B,NA,(8) Grupo 8,No informado,8,2
local-20260914T050833,2026-09-14T05:09:00-05:00,2015940,CLASE TEORICA,(1) Grupo 1,Maritzabel Molina Herrera,0,3
local-20260914T050833,2026-09-14T05:09:00-05:00,2015940,CLASE TEORICA,(2) Grupo 2,Gabriel Andres Bernal Granados,0,3
local-20260914T050833,2026-09-14T05:09:00-05:00,2015940,CLASE TEORICA,(3) Grupo 3,YON ALEXANDER BOLAÑOS DIAZ,0,3
local-20260914T050833,2026-09-14T05:09:00-05:00,2015940,CLASE TEORICA,(4) Grupo 4,No informado,0,3
local-20260914T050833,2026-09-14T05:09:01-05:00,2015941,CLASE TEORICA,(1) Grupo 1,Patricia Luna Tamayo,0,4
local-20260914T050833,2026-09-14T05:09:01-05:00,2015941,CLASE TEORICA,(2) Grupo 2,Raul Andres Lopera Rodriguez,0,4
local-20260914T050833,2026-09-14T05:09:01-05:00,2015941,CLASE TEORICA,(3) Grupo 3,Carlos Ramiro Vallecilla Bahena,0,4
local-20260914T050833,2026-09-14T05:09:01-05:00,2015941,CLASE TEORICA,(4) Grupo 4,Raul Andres Lopera Rodriguez,0,4
local-20260914T050833,2026-09-14T05:09:03-05:00,2015942,CLASE TEORICA,(1) 2015942-1 Aplicaciones de elementos finitos,David Leonardo Diaz Leon,3,5
local-20260914T050833,2026-09-14T05:09:03-05:00,2015942,CLASE TEORICA,(2) 2015942-2 Aplicaciones de elementos finitos,David Leonardo Diaz Leon,1,5
local-20260914T050833,2026-09-14T05:09:03-05:00,2015942,CLASE MAGISTRAL,(1M) 2015942-1M Aplicaciones de elementos finitos - Magistral,Diego Alexander Garzon Alvarado,17,5
local-20260914T050833,2026-09-14T05:09:06-05:00,1000004-B,NA,(1) Grupo 1,Diana Marcela Serrano Rodriguez,35,6
local-20260914T050833,2026-09-14T05:09:06-05:00,1000004-B,NA,(10) Grupo 10,Carolina Neira Jimenez,14,6
local-20260914T050833,2026-09-14T05:09:06-05:00,1000004-B,NA,(11) Grupo 11,Herbert Alonso Dueñas Ruiz,0,6
local-20260914T050833,2026-09-14T05:09:06-05:00,1000004-B,NA,(12) Grupo 12,Martha Cecilia Moreno Penagos,0,6
local-20260914T050833,2026-09-14T05:09:06-05:00,1000004-B,NA,(13) Grupo 13,NICOLAS RODRIGUEZ CHACON,4,6
local-20260914T050833,2026-09-14T05:09:06-05:00,1000004-B,NA,(14) Grupo 14,JOSÉ SEBASTIÁN NARANJO SPADAFORA,12,6
local-20260914T050833,2026-09-14T05:09:06-05:00,1000004-B,NA,(15) Grupo 15,NICOLAS RODRIGUEZ CHACON,21,6
local-20260914T050833,2026-09-14T05:09:06-05:00,1000004-B,NA,(16) Grupo 16,MIGUEL ANGEL COLMENARES HERRERA,0,6
local-20260914T050833,2026-09-14T05:09:06-05:00,1000004-B,NA,(17) Grupo 17,Hernan Garzon Gutierrez,0,6
local-20260914T050833,2026-09-14T05:09:06-05:00,1000004-B,NA,(19) Grupo 19,JOSÉ SEBASTIÁN NARANJO SPADAFORA,24,6
local-20260914T050833,2026-09-14T05:09:06-05:00,1000004-B,NA,(2) Grupo 2,Gustavo Daver Cipagauta Cuitiva,7,6
local-20260914T050833,2026-09-14T05:09:06-05:00,1000004-B,NA,(20) Grupo 20,Hernan Garzon Gutierrez,0,6
local-20260914T050833,2026-09-14T05:09:06-05:00,1000004-B,NA,(21) Grupo 21,JHOAN SEBASTIAN TENJO GARCIA,0,6
local-20260914T050833,2026-09-14T05:09:06-05:00,1000004-B,NA,(22) Grupo 22,EDWIN RODRIGO CELIS MONTEALEGRE,17,6
local-20260914T050833,2026-09-14T05:09:06-05:00,1000004-B,NA,(24) Grupo 24,Ricardo Ariel Pastran Ramirez,0,6
local-20260914T050833,2026-09-14T05:09:06-05:00,1000004-B,NA,(25) Grupo 25,Jeanneth Galeano Penaloza,0,6
local-20260914T050833,2026-09-14T05:09:06-05:00,1000004-B,NA,(27) Grupo 27,JHOAN SEBASTIAN TENJO GARCIA,0,6
local-20260914T050833,2026-09-14T05:09:06-05:00,1000004-B,NA,(28) Grupo 28,Gabriel Ignacio Padilla Leon,2,6
local-20260914T050833,2026-09-14T05:09:06-05:00,1000004-B,NA,(29) Grupo 29,DANIEL FELIPE SUÁREZ LEÓN,0,6
local-20260914T050833,2026-09-14T05:09:06-05:00,1000004-B,NA,(3) Grupo 3,SANDRA NATALIA FLOREZ GARCIA,5,6
local-20260914T050833,2026-09-14T05:09:06-05:00,1000004-B,NA,(30) Grupo 30,Gustavo Daver Cipagauta Cuitiva,48,6
local-20260914T050833,2026-09-14T05:09:06-05:00,1000004-B,NA,(32) Grupo 32,Ibeth Marcela Rubio Perilla,0,6
local-20260914T050833,2026-09-14T05:09:06-05:00,1000004-B,NA,(4) Grupo 4,Myriam Leonor Campos Florez,0,6
local-20260914T050833,2026-09-14T05:09:06-05:00,1000004-B,NA,(5) Grupo 5,RICHARD EDUARDO SANCHEZ MENDEZ,0,6
local-20260914T050833,2026-09-14T05:09:06-05:00,1000004-B,NA,(7) Grupo 7,Anderson Arley Vera Arboleda,0,6
local-20260914T050833,2026-09-14T05:09:06-05:00,1000004-B,NA,(8) Grupo 8,EDWIN RODRIGO CELIS MONTEALEGRE,27,6
local-20260914T050833,2026-09-14T05:09:06-05:00,1000004-B,NA,(9) Grupo 9,No informado,16,6
local-20260914T050833,2026-09-14T05:09:07-05:00,1000006-B,NA,(1) Grupo 1,ANDRÉS ÁLVAREZ RÍOS,0,7
local-20260914T050833,2026-09-14T05:09:07-05:00,1000006-B,NA,(10) Grupo 10,David Reyes Gaona,0,7
local-20260914T050833,2026-09-14T05:09:07-05:00,1000006-B,NA,(11) Grupo 11,Harold Deivi Contreras Contreras,0,7
local-20260914T050833,2026-09-14T05:09:07-05:00,1000006-B,NA,(12) Grupo 12,Leonid Lebedev,0,7
local-20260914T050833,2026-09-14T05:09:07-05:00,1000006-B,NA,(13) Grupo 13,Juan Carlos Hernandez Rincon,2,7
local-20260914T050833,2026-09-14T05:09:07-05:00,1000006-B,NA,(14) Grupo 14,CÉSAR ORLANDO RINCÓN GUERRERO,48,7
local-20260914T050833,2026-09-14T05:09:07-05:00,1000006-B,NA,(15) Grupo 15,JHOAN SEBASTIAN TENJO GARCIA,0,7
local-20260914T050833,2026-09-14T05:09:07-05:00,1000006-B,NA,(2) Grupo 2,Camilo Ernesto Medina Gonzalez,0,7
local-20260914T050833,2026-09-14T05:09:07-05:00,1000006-B,NA,(3) Grupo 3,Cesar Augusto Gomez Sierra,2,7
local-20260914T050833,2026-09-14T05:09:07-05:00,1000006-B,NA,(4) Grupo 4,Agustin Moreno Canadas,19,7
local-20260914T050833,2026-09-14T05:09:07-05:00,1000006-B,NA,(5) Grupo 5,Mauricio Lopez Hernandez,0,7
local-20260914T050833,2026-09-14T05:09:07-05:00,1000006-B,NA,(7) Grupo 7,No informado,3,7
local-20260914T050833,2026-09-14T05:09:07-05:00,1000006-B,NA,(8) Grupo 8,Epifanio Lozano Ayala,47,7
local-20260914T050833,2026-09-14T05:09:07-05:00,1000006-B,NA,(9) Grupo 9,Orlando Vanegas Canro,0,7
local-20260914T050833,2026-09-14T05:09:09-05:00,1000005-B,NA,(1) Grupo 1,Orlando Vanegas Canro,0,8
local-20260914T050833,2026-09-14T05:09:09-05:00,1000005-B,NA,(10) Grupo 10,Epifanio Lozano Ayala,0,8
local-20260914T050833,2026-09-14T05:09:09-05:00,1000005-B,NA,(12) Grupo 12,EDGAR SANTIAGO OCHOA QUIROGA,0,8
local-20260914T050833,2026-09-14T05:09:09-05:00,1000005-B,NA,(13) Grupo 13,Natalia Camila Pinzon Cortes,0,8
local-20260914T050833,2026-09-14T05:09:09-05:00,1000005-B,NA,(14) Grupo 14,Mohammed EL AIDI,1,8
local-20260914T050833,2026-09-14T05:09:09-05:00,1000005-B,NA,(15) Grupo 15,Alina Fedosova,0,8
local-20260914T050833,2026-09-14T05:09:09-05:00,1000005-B,NA,(16) Grupo 16,Jonhatan Castillo Barajas,0,8
local-20260914T050833,2026-09-14T05:09:09-05:00,1000005-B,NA,(17) Grupo 17,Hernan Garzon Gutierrez,0,8
local-20260914T050833,2026-09-14T05:09:09-05:00,1000005-B,NA,(19) Grupo 19,No informado,0,8
local-20260914T050833,2026-09-14T05:09:09-05:00,1000005-B,NA,(2) Grupo 2,RENE ERLIN CASTILLO,0,8
local-20260914T050833,2026-09-14T05:09:09-05:00,1000005-B,NA,(20) Grupo 20,Franqui Solis Cardenas Poloche,0,8
local-20260914T050833,2026-09-14T05:09:09-05:00,1000005-B,NA,(21) Grupo 21,Gustavo Daver Cipagauta Cuitiva,0,8
local-20260914T050833,2026-09-14T05:09:09-05:00,1000005-B,NA,(22) Grupo 22,No informado,0,8
local-20260914T050833,2026-09-14T05:09:09-05:00,1000005-B,NA,(3) Grupo 3,Eduardo Cardenas Gomez,0,8
local-20260914T050833,2026-09-14T05:09:09-05:00,1000005-B,NA,(4) Grupo 4,Edward Samuel Becerra Rojas,6,8
local-20260914T050833,2026-09-14T05:09:09-05:00,1000005-B,NA,(6) Grupo 6,DANIEL CAMILO ARANA HERNÁNDEZ,0,8
local-20260914T050833,2026-09-14T05:09:09-05:00,1000005-B,NA,(7) Grupo 7,Franqui Solis Cardenas Poloche,0,8
local-20260914T050833,2026-09-14T05:09:09-05:00,1000005-B,NA,(8) Grupo 8,Franqui Solis Cardenas Poloche,0,8
local-20260914T050833,2026-09-14T05:09:09-05:00,1000005-B,NA,(9) Grupo 9,No informado,10,8
local-20260914T050833,2026-09-14T05:09:13-05:00,2015943,CLASE TEORICA,(1) Grupo 1,Carlos Orlando Robles Roa,2,10
local-20260914T050833,2026-09-14T05:09:14-05:00,2015944,CLASE TEORICA,(1) Grupo 1,SANTIAGO RAMIREZ ECHEVERRI,0,11
local-20260914T050833,2026-09-14T05:09:16-05:00,2015711,NA,(10) 2015711-10 Dibujo básico,Ariel Augusto Amaya Avila,0,12
local-20260914T050833,2026-09-14T05:09:16-05:00,2015711,NA,(11) 2015711-11 Dibujo básico,Cesar Augusto Bacca Gonzalez,0,12
local-20260914T050833,2026-09-14T05:09:16-05:00,2015711,NA,(14) 2015711-14 Dibujo básico,Cristian Felipe Morales Suárez,0,12
local-20260914T050833,2026-09-14T05:09:16-05:00,2015711,NA,(16) 2015711-16 Dibujo básico,DAVID FELIPE TORRES ARCE,0,12
local-20260914T050833,2026-09-14T05:09:16-05:00,2015711,NA,(4) 2015711-4 Dibujo básico,Cristian Felipe Morales Suárez,1,12
local-20260914T050833,2026-09-14T05:09:16-05:00,2015711,NA,(5) 2015711-5 Dibujo básico,Sebastian Achury Ortiz,0,12
local-20260914T050833,2026-09-14T05:09:16-05:00,2015711,NA,(7) 2015711-7 Dibujo básico,Cesar Augusto Bacca Gonzalez,1,12
local-20260914T050833,2026-09-14T05:09:16-05:00,2015711,NA,(8) 2015711-8 Dibujo básico,Miguel Angel Baquero Cortes,0,12
local-20260914T050833,2026-09-14T05:09:16-05:00,2015711,NA,(9) 2015711-9 Dibujo básico,EDWIN CAMILO REINA BELTRAN,0,12
local-20260914T050833,2026-09-14T05:09:26-05:00,2015948,CLASE TEORICA,(1) Grupo 1,YON ALEXANDER BOLAÑOS DIAZ,0,13
local-20260914T050833,2026-09-14T05:09:26-05:00,2015948,CLASE TEORICA,(2) Grupo 2,Mauricio Alberto Tapias Camacho,0,13
local-20260914T050833,2026-09-14T05:09:26-05:00,2015948,CLASE TEORICA,(3) Grupo 3,No informado,0,13
local-20260914T050833,2026-09-14T05:09:28-05:00,2015950,CLASE TEORICA,(1) Grupo 1,Darwin Humberto Mora Villota,0,14
local-20260914T050833,2026-09-14T05:09:28-05:00,2015950,CLASE TEORICA,(3) Grupo 3,Daniel Ricardo Lozano Monsalve,0,14
local-20260914T050833,2026-09-14T05:09:28-05:00,2015950,CLASE TEORICA,(4) Grupo 4,German Andres Mora Casas,0,14
local-20260914T050833,2026-09-14T05:09:28-05:00,2015950,CLASE TEORICA,(5) Grupo 5,THOMAS FEDERICO ROJAS VALLEJO,0,14
local-20260914T050833,2026-09-14T05:09:29-05:00,2015949,CLASE TEORICA,(1) Grupo 1,Mario Javier Cardozo Chaux,0,15
local-20260914T050833,2026-09-14T05:09:29-05:00,2015949,CLASE TEORICA,(2) Grupo 2,Wilson Ernesto Vargas Vargas,0,15
local-20260914T050833,2026-09-14T05:09:29-05:00,2015949,CLASE TEORICA,(3) Grupo 3,ELKIN DARIO CAÑON BUITRAGO,0,15
local-20260914T050833,2026-09-14T05:09:29-05:00,2015949,CLASE TEORICA,(4) Grupo 4,No informado,0,15
local-20260914T050833,2026-09-14T05:09:30-05:00,1000007-B,NA,(1) Grupo 1,JHON CRISTIAN MINA LADINO,0,16
local-20260914T050833,2026-09-14T05:09:30-05:00,1000007-B,NA,(11) Grupo 11,Leonid Lebedev,0,16
local-20260914T050833,2026-09-14T05:09:30-05:00,1000007-B,NA,(12) Grupo 12,Gustavo Adolfo Nieto Clavijo,3,16
local-20260914T050833,2026-09-14T05:09:30-05:00,1000007-B,NA,(13) Grupo 13,Omar Duque Gomez,32,16
local-20260914T050833,2026-09-14T05:09:30-05:00,1000007-B,NA,(14) Grupo 14,IVAN FELIPE SALAMANCA MEDINA,32,16
local-20260914T050833,2026-09-14T05:09:30-05:00,1000007-B,NA,(3) Grupo 3,IVAN FELIPE SALAMANCA MEDINA,0,16
local-20260914T050833,2026-09-14T05:09:30-05:00,1000007-B,NA,(4) Grupo 4,CARLOS SNEYDER OTALORA ALDANA,0,16
local-20260914T050833,2026-09-14T05:09:30-05:00,1000007-B,NA,(6) Grupo 6,Alexander Caviedes Castro,2,16
local-20260914T050833,2026-09-14T05:09:30-05:00,1000007-B,NA,(7) Grupo 7,Oscar Guillermo Riaño Castañeda,0,16
local-20260914T050833,2026-09-14T05:09:30-05:00,1000007-B,NA,(9) Grupo 9,Orlando Vanegas Canro,0,16
local-20260914T050833,2026-09-14T05:09:32-05:00,2026134,CLASE TEORICA,(2) Grupo 2,Juan Manuel Lizarazo Marriaga,0,17
local-20260914T050833,2026-09-14T05:09:32-05:00,2026134,CLASE TEORICA,(3) Grupo 3,Maritzabel Molina Herrera,2,17
local-20260914T050833,2026-09-14T05:09:32-05:00,2026134,CLASE TEORICA,(4) Grupo 4,Carlos Ramiro Vallecilla Bahena,0,17
local-20260914T050833,2026-09-14T05:09:32-05:00,2026134,CLASE TEORICA,(5) Grupo 5,Fernando Lozano Osorno,0,17
local-20260914T050833,2026-09-14T05:09:32-05:00,2026134,CLASE TEORICA,(6) Grupo 6,Jose Dario Moreno Pineda,0,17
local-20260914T050833,2026-09-14T05:09:33-05:00,2015954,CLASE TEORICA,(1) Grupo 1,Erasmo Alfredo Rodriguez Sandoval,0,18
local-20260914T050833,2026-09-14T05:09:33-05:00,2015954,CLASE TEORICA,(2) Grupo 2,Mario Enrique Moreno Castiblanco,0,18
local-20260914T050833,2026-09-14T05:09:33-05:00,2015954,CLASE TEORICA,(3) Grupo 3,Luis Alejandro Morales Marin,0,18
local-20260914T050833,2026-09-14T05:09:35-05:00,2015955,CLASE TEORICA,(1) Grupo 1,Giovanni Andres Cortes Tovar,0,19
local-20260914T050833,2026-09-14T05:09:35-05:00,2015955,CLASE TEORICA,(2) Grupo 2,Angela Barrera Puerto,13,19
local-20260914T050833,2026-09-14T05:09:35-05:00,2015955,CLASE TEORICA,(3) Grupo 3,Giovanni Andres Cortes Tovar,0,19
local-20260914T050833,2026-09-14T05:09:37-05:00,1000011-B,CLASE TEORICA,(1) Grupo 1,Ernesto Javier Puertas Dellepianes,79,20
local-20260914T050833,2026-09-14T05:09:37-05:00,1000011-B,CLASE TEORICA,(3) Grupo 3,Néstor Fernando Perez Buitrago,11,20
local-20260914T050833,2026-09-14T05:09:40-05:00,1000019-B,CLASE LABORATORIO,(1) Grupo 1,Gustavo Martinez Tamayo,0,21
local-20260914T050833,2026-09-14T05:09:40-05:00,1000019-B,CLASE LABORATORIO,(10) Grupo 10,No informado,0,21
local-20260914T050833,2026-09-14T05:09:40-05:00,1000019-B,CLASE LABORATORIO,(11) Grupo 11,EVER DAVID ALCALA CAJAR,0,21
local-20260914T050833,2026-09-14T05:09:40-05:00,1000019-B,CLASE LABORATORIO,(12) Grupo 12,FABIAN FELIPE QUEVEDO FARIETA,0,21
local-20260914T050833,2026-09-14T05:09:40-05:00,1000019-B,CLASE LABORATORIO,(13) Grupo 13,Alvaro Marino Camargo,0,21
local-20260914T050833,2026-09-14T05:09:40-05:00,1000019-B,CLASE LABORATORIO,(14) Grupo 14,Alvaro Marino Camargo,0,21
local-20260914T050833,2026-09-14T05:09:40-05:00,1000019-B,CLASE LABORATORIO,(15) Grupo 15,EVER DAVID ALCALA CAJAR,0,21
local-20260914T050833,2026-09-14T05:09:40-05:00,1000019-B,CLASE LABORATORIO,(16) Grupo 16,Alvaro Marino Camargo,0,21
local-20260914T050833,2026-09-14T05:09:40-05:00,1000019-B,CLASE LABORATORIO,(17) Grupo 17,JULIAN MATEO DE MENDOZA GUTIERREZ,2,21
local-20260914T050833,2026-09-14T05:09:40-05:00,1000019-B,CLASE LABORATORIO,(18) Grupo 18,Jaime Villalobos Velasco,0,21
local-20260914T050833,2026-09-14T05:09:40-05:00,1000019-B,CLASE LABORATORIO,(19) Grupo 19,JULY PAOLA GARZÓN LOPEZ,7,21
local-20260914T050833,2026-09-14T05:09:40-05:00,1000019-B,CLASE LABORATORIO,(2) Grupo 2,Gustavo Martinez Tamayo,0,21
local-20260914T050833,2026-09-14T05:09:40-05:00,1000019-B,CLASE LABORATORIO,(20) Grupo 20,JOSE ALFREDO GOMEZ MATEUS,20,21
local-20260914T050833,2026-09-14T05:09:40-05:00,1000019-B,CLASE LABORATORIO,(21) Grupo 21,Pedro Hernan Sanchez Machet,3,21
local-20260914T050833,2026-09-14T05:09:40-05:00,1000019-B,CLASE LABORATORIO,(22) Grupo 22,Pedro Hernan Sanchez Machet,14,21
local-20260914T050833,2026-09-14T05:09:40-05:00,1000019-B,CLASE LABORATORIO,(23) Grupo 23,Pedro Hernan Sanchez Machet,28,21
local-20260914T050833,2026-09-14T05:09:40-05:00,1000019-B,CLASE LABORATORIO,(24) Grupo 24,Pedro Hernan Sanchez Machet,12,21
local-20260914T050833,2026-09-14T05:09:40-05:00,1000019-B,CLASE LABORATORIO,(25) Grupo 25,Plinio Del Carmen Teheran Sermeno,25,21
local-20260914T050833,2026-09-14T05:09:40-05:00,1000019-B,CLASE LABORATORIO,(26) Grupo 26 (VIRTUAL),Plinio Del Carmen Teheran Sermeno,2,21
local-20260914T050833,2026-09-14T05:09:40-05:00,1000019-B,CLASE LABORATORIO,(27) Grupo 27 (VIRTUAL),Plinio Del Carmen Teheran Sermeno,1,21
local-20260914T050833,2026-09-14T05:09:40-05:00,1000019-B,CLASE LABORATORIO,(28) Grupo 28 (VIRTUAL),Plinio Del Carmen Teheran Sermeno,9,21
local-20260914T050833,2026-09-14T05:09:40-05:00,1000019-B,CLASE LABORATORIO,(29) Grupo 29 (VIRTUAL),Plinio Del Carmen Teheran Sermeno,7,21
local-20260914T050833,2026-09-14T05:09:40-05:00,1000019-B,CLASE LABORATORIO,(3) Grupo 3,Gustavo Martinez Tamayo,0,21
local-20260914T050833,2026-09-14T05:09:40-05:00,1000019-B,CLASE LABORATORIO,(4) Grupo 4,No informado,0,21
local-20260914T050833,2026-09-14T05:09:40-05:00,1000019-B,CLASE LABORATORIO,(5) Grupo 5,FABIAN FELIPE QUEVEDO FARIETA,1,21
local-20260914T050833,2026-09-14T05:09:40-05:00,1000019-B,CLASE LABORATORIO,(6) Grupo 6,Jaime Villalobos Velasco,1,21
local-20260914T050833,2026-09-14T05:09:40-05:00,1000019-B,CLASE LABORATORIO,(7) Grupo 7,Jaime Villalobos Velasco,0,21
local-20260914T050833,2026-09-14T05:09:40-05:00,1000019-B,CLASE LABORATORIO,(8) Grupo 8,Alvaro Marino Camargo,0,21
local-20260914T050833,2026-09-14T05:09:40-05:00,1000019-B,CLASE LABORATORIO,(9) Grupo 9,Erika Lorena Rosero Alzate,1,21
local-20260914T050833,2026-09-14T05:09:40-05:00,1000019-B,CLASE TALLER,(1) Grupo 1,FABIAN FELIPE QUEVEDO FARIETA,0,21
local-20260914T050833,2026-09-14T05:09:40-05:00,1000019-B,CLASE TALLER,(10) Grupo 10,FABIAN FELIPE QUEVEDO FARIETA; Gladys Aminta Mendoza Baron,0,21
local-20260914T050833,2026-09-14T05:09:40-05:00,1000019-B,CLASE TALLER,(11) Grupo 11,JULIAN MATEO DE MENDOZA GUTIERREZ; Gladys Aminta Mendoza Baron,0,21
local-20260914T050833,2026-09-14T05:09:40-05:00,1000019-B,CLASE TALLER,(12) Grupo 12,JULIAN MATEO DE MENDOZA GUTIERREZ,0,21
local-20260914T050833,2026-09-14T05:09:40-05:00,1000019-B,CLASE TALLER,(13) Grupo 13,MIGUEL ENRIQUE GÁMEZ LÓPEZ,0,21
local-20260914T050833,2026-09-14T05:09:40-05:00,1000019-B,CLASE TALLER,(14) Grupo 14,No informado,0,21
local-20260914T050833,2026-09-14T05:09:40-05:00,1000019-B,CLASE TALLER,(15) Grupo 15,EVER DAVID ALCALA CAJAR,0,21
local-20260914T050833,2026-09-14T05:09:40-05:00,1000019-B,CLASE TALLER,(16) Grupo 16,Edna Carolina Pinilla Beltran,0,21
local-20260914T050833,2026-09-14T05:09:40-05:00,1000019-B,CLASE TALLER,(17) Grupo 17,Jereson Silva Valencia,2,21
local-20260914T050833,2026-09-14T05:09:40-05:00,1000019-B,CLASE TALLER,(18) Grupo 18,Jereson Silva Valencia,0,21
local-20260914T050833,2026-09-14T05:09:40-05:00,1000019-B,CLASE TALLER,(19) Grupo 19,Jereson Silva Valencia,7,21
local-20260914T050833,2026-09-14T05:09:40-05:00,1000019-B,CLASE TALLER,(2) Grupo 2,Gustavo Martinez Tamayo,0,21
local-20260914T050833,2026-09-14T05:09:40-05:00,1000019-B,CLASE TALLER,(20) Grupo 20,Jereson Silva Valencia,20,21
local-20260914T050833,2026-09-14T05:09:40-05:00,1000019-B,CLASE TALLER,(21) Grupo 21,JOSE ALFREDO GOMEZ MATEUS,3,21
local-20260914T050833,2026-09-14T05:09:40-05:00,1000019-B,CLASE TALLER,(22) Grupo 22,JULY PAOLA GARZÓN LOPEZ,14,21
local-20260914T050833,2026-09-14T05:09:40-05:00,1000019-B,CLASE TALLER,(23) Grupo 23,Edna Carolina Pinilla Beltran,28,21
local-20260914T050833,2026-09-14T05:09:40-05:00,1000019-B,CLASE TALLER,(24) Grupo 24,Felipe Valencia Hernandez,12,21
local-20260914T050833,2026-09-14T05:09:40-05:00,1000019-B,CLASE TALLER,(25) Grupo 25,Plinio Del Carmen Teheran Sermeno,25,21
local-20260914T050833,2026-09-14T05:09:40-05:00,1000019-B,CLASE TALLER,(26) Grupo 26 (VIRTUAL),Plinio Del Carmen Teheran Sermeno,2,21
local-20260914T050833,2026-09-14T05:09:40-05:00,1000019-B,CLASE TALLER,(27) Grupo 27 (VIRTUAL),Plinio Del Carmen Teheran Sermeno,1,21
local-20260914T050833,2026-09-14T05:09:40-05:00,1000019-B,CLASE TALLER,(28) Grupo 28 (VIRTUAL),Plinio Del Carmen Teheran Sermeno,9,21
local-20260914T050833,2026-09-14T05:09:40-05:00,1000019-B,CLASE TALLER,(29) Grupo 29 (VIRTUAL),Plinio Del Carmen Teheran Sermeno,7,21
local-20260914T050833,2026-09-14T05:09:40-05:00,1000019-B,CLASE TALLER,(3) Grupo 3,Gustavo Martinez Tamayo,0,21
local-20260914T050833,2026-09-14T05:09:40-05:00,1000019-B,CLASE TALLER,(4) Grupo 4,Jaime Villalobos Velasco,0,21
local-20260914T050833,2026-09-14T05:09:40-05:00,1000019-B,CLASE TALLER,(5) Grupo 5,Jaime Villalobos Velasco,1,21
local-20260914T050833,2026-09-14T05:09:40-05:00,1000019-B,CLASE TALLER,(6) Grupo 6,Ramiro Cardona Cardona,1,21
local-20260914T050833,2026-09-14T05:09:40-05:00,1000019-B,CLASE TALLER,(7) Grupo 7,Ramiro Cardona Cardona,0,21
local-20260914T050833,2026-09-14T05:09:40-05:00,1000019-B,CLASE TALLER,(8) Grupo 8,Edna Carolina Pinilla Beltran,0,21
local-20260914T050833,2026-09-14T05:09:40-05:00,1000019-B,CLASE TALLER,(9) Grupo 9,No informado,6,21
local-20260914T050833,2026-09-14T05:09:40-05:00,1000019-B,CLASE MAGISTRAL,(16) Gruop 16,Erika Lorena Rosero Alzate; Daniel Camilo Padilla González,1,21
local-20260914T050833,2026-09-14T05:09:40-05:00,1000019-B,CLASE MAGISTRAL,(1) Grupo 1,Gustavo Martinez Tamayo,0,21
local-20260914T050833,2026-09-14T05:09:40-05:00,1000019-B,CLASE MAGISTRAL,(10) Grupo 10,Ovidio Amado Almanza Montero,0,21
local-20260914T050833,2026-09-14T05:09:40-05:00,1000019-B,CLASE MAGISTRAL,(11) Grupo 11,Ovidio Amado Almanza Montero,0,21
local-20260914T050833,2026-09-14T05:09:40-05:00,1000019-B,CLASE MAGISTRAL,(12) Grupo 12,Ovidio Amado Almanza Montero,0,21
local-20260914T050833,2026-09-14T05:09:40-05:00,1000019-B,CLASE MAGISTRAL,(13) Grupo 13,Jaime Villalobos Velasco,0,21
local-20260914T050833,2026-09-14T05:09:40-05:00,1000019-B,CLASE MAGISTRAL,(14) Grupo 14,Jaime Villalobos Velasco,0,21
local-20260914T050833,2026-09-14T05:09:40-05:00,1000019-B,CLASE MAGISTRAL,(15) Grupo 15,Jaime Villalobos Velasco,0,21
local-20260914T050833,2026-09-14T05:09:40-05:00,1000019-B,CLASE MAGISTRAL,(17) Grupo 17,Jereson Silva Valencia,2,21
local-20260914T050833,2026-09-14T05:09:40-05:00,1000019-B,CLASE MAGISTRAL,(18) Grupo 18,Jereson Silva Valencia,0,21
local-20260914T050833,2026-09-14T05:09:40-05:00,1000019-B,CLASE MAGISTRAL,(19) Grupo 19,Jereson Silva Valencia,7,21
local-20260914T050833,2026-09-14T05:09:40-05:00,1000019-B,CLASE MAGISTRAL,(2) Grupo 2,Gustavo Martinez Tamayo,0,21
local-20260914T050833,2026-09-14T05:09:40-05:00,1000019-B,CLASE MAGISTRAL,(20) Grupo 20,Jereson Silva Valencia,20,21
local-20260914T050833,2026-09-14T05:09:40-05:00,1000019-B,CLASE MAGISTRAL,(21) Grupo 21,Felipe Valencia Hernandez,3,21
local-20260914T050833,2026-09-14T05:09:40-05:00,1000019-B,CLASE MAGISTRAL,(22) Grupo 22,Felipe Valencia Hernandez,14,21
local-20260914T050833,2026-09-14T05:09:40-05:00,1000019-B,CLASE MAGISTRAL,(23) Grupo 23,Felipe Valencia Hernandez,28,21
local-20260914T050833,2026-09-14T05:09:40-05:00,1000019-B,CLASE MAGISTRAL,(24) Grupo 24,Felipe Valencia Hernandez,12,21
local-20260914T050833,2026-09-14T05:09:40-05:00,1000019-B,CLASE MAGISTRAL,(25) Grupo 25,Plinio Del Carmen Teheran Sermeno,25,21
local-20260914T050833,2026-09-14T05:09:40-05:00,1000019-B,CLASE MAGISTRAL,(26) Grupo 26 (VIRTUAL),Plinio Del Carmen Teheran Sermeno,2,21
local-20260914T050833,2026-09-14T05:09:40-05:00,1000019-B,CLASE MAGISTRAL,(27) Grupo 27 (VIRTUAL),Plinio Del Carmen Teheran Sermeno,1,21
local-20260914T050833,2026-09-14T05:09:40-05:00,1000019-B,CLASE MAGISTRAL,(28) Grupo 28 (VIRTUAL),Plinio Del Carmen Teheran Sermeno,9,21
local-20260914T050833,2026-09-14T05:09:40-05:00,1000019-B,CLASE MAGISTRAL,(29) Grupo 29 (VIRTUAL),Plinio Del Carmen Teheran Sermeno,7,21
local-20260914T050833,2026-09-14T05:09:40-05:00,1000019-B,CLASE MAGISTRAL,(3) Grupo 3,Gustavo Martinez Tamayo,0,21
local-20260914T050833,2026-09-14T05:09:40-05:00,1000019-B,CLASE MAGISTRAL,(4) Grupo 4,Gustavo Martinez Tamayo,0,21
local-20260914T050833,2026-09-14T05:09:40-05:00,1000019-B,CLASE MAGISTRAL,(5) Grupo 5,Ramiro Cardona Cardona,1,21
local-20260914T050833,2026-09-14T05:09:40-05:00,1000019-B,CLASE MAGISTRAL,(6) Grupo 6,Ramiro Cardona Cardona,1,21
local-20260914T050833,2026-09-14T05:09:40-05:00,1000019-B,CLASE MAGISTRAL,(7) Grupo 7,Ramiro Cardona Cardona,0,21
local-20260914T050833,2026-09-14T05:09:40-05:00,1000019-B,CLASE MAGISTRAL,(8) Grupo 8,Ramiro Cardona Cardona,0,21
local-20260914T050833,2026-09-14T05:09:40-05:00,1000019-B,CLASE MAGISTRAL,(9) Grupo 9,Fredy Angel Jimenez Giraldo,6,21
local-20260914T050833,2026-09-14T05:09:43-05:00,2015956,CLASE TEORICA,(1) Grupo 1,Modesto Portilla Gamboa; Fernando Eli Romero Ordoñez,0,22
local-20260914T050833,2026-09-14T05:09:43-05:00,2015956,CLASE TEORICA,(2) Grupo 2,Jennifer Angel Amaya,0,22
local-20260914T050833,2026-09-14T05:09:43-05:00,2015956,CLASE TEORICA,(3) Grupo 3,Jennifer Angel Amaya,0,22
local-20260914T050833,2026-09-14T05:09:43-05:00,2015956,CLASE TEORICA,(4) Grupo 4,Fernando Eli Romero Ordoñez; Modesto Portilla Gamboa,0,22
local-20260914T050833,2026-09-14T05:09:44-05:00,2015957,CLASE PRACTICA,(1) Grupo 1,ELKIN DARIO CAÑON BUITRAGO,0,23
local-20260914T050833,2026-09-14T05:09:44-05:00,2015957,CLASE PRACTICA,(2) Grupo 2,Samuel Fernando Mesa Giraldo,11,23
local-20260914T050833,2026-09-14T05:09:44-05:00,2015957,CLASE PRACTICA,(3) Grupo 3,Rose Marie Aldana Boutin,0,23
local-20260914T050833,2026-09-14T05:09:44-05:00,2015957,CLASE PRACTICA,(4) Grupo 4,Rose Marie Aldana Boutin,0,23
local-20260914T050833,2026-09-14T05:09:45-05:00,2015958,CLASE PRACTICA,(1) Grupo 1,William Castro Garcia,0,24
local-20260914T050833,2026-09-14T05:09:45-05:00,2015958,CLASE PRACTICA,(2) Grupo 2,William Castro Garcia,0,24
local-20260914T050833,2026-09-14T05:09:45-05:00,2015958,CLASE PRACTICA,(3) Grupo 3,Carlos Alfonso Gomez Guacaneme,4,24
local-20260914T050833,2026-09-14T05:09:45-05:00,2015958,CLASE PRACTICA,(4) Grupo 4,Mario Arturo Rincon Villalba,1,24
local-20260914T050833,2026-09-14T05:09:45-05:00,2015958,CLASE PRACTICA,(5) Grupo 5,Mario Arturo Rincon Villalba,4,24
local-20260914T050833,2026-09-14T05:09:45-05:00,2015958,CLASE PRACTICA,(6) Grupo 6,Fausto Alejandro Silva España,0,24
local-20260914T050833,2026-09-14T05:09:45-05:00,2015958,CLASE PRACTICA,(7) Grupo 7,Fausto Alejandro Silva España,1,24
local-20260914T050833,2026-09-14T05:09:45-05:00,2015958,CLASE PRACTICA,(8) Grupo 8,Fausto Alejandro Silva España,1,24
local-20260914T050833,2026-09-14T05:09:45-05:00,2015958,CLASE PRACTICA,(9) Grupo 9,Fausto Alejandro Silva España,7,24
local-20260914T050833,2026-09-14T05:09:45-05:00,2015958,CLASE TEORICA,(1) Grupo 1,William Castro Garcia,0,24
local-20260914T050833,2026-09-14T05:09:45-05:00,2015958,CLASE TEORICA,(3) Grupo 3,Carlos Alfonso Gomez Guacaneme,4,24
local-20260914T050833,2026-09-14T05:09:45-05:00,2015958,CLASE TEORICA,(4) Grupo 4,Mario Arturo Rincon Villalba,5,24
local-20260914T050833,2026-09-14T05:09:45-05:00,2015958,CLASE TEORICA,(6) Grupo 6,Cesar Andres Cortes Bello,1,24
local-20260914T050833,2026-09-14T05:09:45-05:00,2015958,CLASE TEORICA,(8) Grupo 8,Cesar Andres Cortes Bello,8,24
local-20260914T050833,2026-09-14T05:09:47-05:00,2015959,CLASE TEORICA,(1) Grupo 1,Carlos Eduardo Rodriguez Pineda,18,25
local-20260914T050833,2026-09-14T05:09:47-05:00,2015959,CLASE TEORICA,(2) Grupo 2,Guillermo Eduardo Avila Alvarez,0,25
local-20260914T050833,2026-09-14T05:09:47-05:00,2015959,CLASE TEORICA,(3) Grupo 3,Livaniel Viveros Rosero,1,25
local-20260914T050833,2026-09-14T05:09:57-05:00,2022760,NA,(1) Grupo 1,No informado,0,26
local-20260914T050833,2026-09-14T05:09:57-05:00,2022760,NA,(2) Grupo 2,Angela Barrera Puerto,0,26
local-20260914T050833,2026-09-14T05:09:58-05:00,2015961,CLASE TEORICA,(1) Grupo 1,MANUEL ANDRES NIÑO SILVA; Rafael Orland Ortiz Mosquera,0,27
local-20260914T050833,2026-09-14T05:09:58-05:00,2015961,CLASE TEORICA,(2) Grupo 2,MANUEL ANDRES NIÑO SILVA; Adriana Patricia Piña Fulano,0,27
local-20260914T050833,2026-09-14T05:09:58-05:00,2015961,CLASE TEORICA,(3) Grupo 3,MANUEL ANDRES NIÑO SILVA; Gelber Norberto Gutierrez Palacios,0,27
local-20260914T050833,2026-09-14T05:09:58-05:00,2015961,CLASE TEORICA,(4) Grupo 4,MANUEL ANDRES NIÑO SILVA; Camilo Andrés Caro Galindo,0,27
local-20260914T050833,2026-09-14T05:09:58-05:00,2015961,CLASE TEORICA,(5) Grupo 5,MANUEL ANDRES NIÑO SILVA; Paula Angelica Solarte Blandon,0,27
local-20260914T050833,2026-09-14T05:09:58-05:00,2015961,CLASE TEORICA,(6) Grupo 6,MANUEL ANDRES NIÑO SILVA; Leonardo David Donado Garzon,0,27
local-20260914T050833,2026-09-14T05:09:58-05:00,2015961,CLASE TEORICA,(7) Grupo 7,SERGIO ALEJANDRO RIVERA MONROY; Rafael Orland Ortiz Mosquera,3,27
local-20260914T050833,2026-09-14T05:09:58-05:00,2015961,CLASE TEORICA,(8) Grupo 8,SERGIO ALEJANDRO RIVERA MONROY,0,27
local-20260914T050833,2026-09-14T05:09:59-05:00,2015978,CLASE TEORICA,(1) Grupo 1,No informado,0,28
local-20260914T050833,2026-09-14T05:09:59-05:00,2015978,CLASE TEORICA,(2) Grupo 2,Erasmo Alfredo Rodriguez Sandoval,0,28
local-20260914T050833,2026-09-14T05:09:59-05:00,2015978,CLASE TEORICA,(3) Grupo 3,Estiveen Rodriguez Quintero,0,28
local-20260914T050833,2026-09-14T05:09:59-05:00,2015978,CLASE TEORICA,(4) Grupo 4,Diego Alberto Cortés Ramos,0,28
local-20260914T050833,2026-09-14T05:09:59-05:00,2015978,CLASE TEORICA,(5) Grupo 5,Diego Alberto Cortés Ramos,0,28
local-20260914T050833,2026-09-14T05:10:01-05:00,2026135,CLASE TEORICA,(1) Grupo 1,NICOLAS ESCALANTE MORA,0,29
local-20260914T050833,2026-09-14T05:10:01-05:00,2026135,CLASE TEORICA,(2) Grupo 2,Leonel Vega Mora,18,29
local-20260914T050833,2026-09-14T05:10:01-05:00,2026135,CLASE TEORICA,(3) Grupo 3,Leonel Vega Mora,0,29
local-20260914T050833,2026-09-14T05:10:03-05:00,2015963,CLASE TEORICA,(1) Grupo 1,Liliana Yanneth Bohorques Avendaño,2,30
local-20260914T050833,2026-09-14T05:10:03-05:00,2015963,CLASE TEORICA,(2) Grupo 2,Diego Enrique Machuca Duarte,0,30
local-20260914T050833,2026-09-14T05:10:03-05:00,2015963,CLASE TEORICA,(3) Grupo 3,William Castro Garcia,8,30
local-20260914T050833,2026-09-14T05:10:04-05:00,2026138,CLASE TEORICA,(1) Grupo 1,Ivan Dario Serrano Arrieta,2,31
local-20260914T050833,2026-09-14T05:10:04-05:00,2026138,CLASE TEORICA,(2) Grupo 2,Ivan Dario Serrano Arrieta,0,31
local-20260914T050833,2026-09-14T05:10:04-05:00,2026138,CLASE TEORICA,(3) Grupo 3,Pedro Luis Jimenez Poveda,2,31
local-20260914T050833,2026-09-14T05:10:06-05:00,2015703,NA,(1) Grupo 1,Angela Maria Arboleda Restrepo,0,32
local-20260914T050833,2026-09-14T05:10:06-05:00,2015703,NA,(10) Grupo 10,Diego Alejandro Hernandez Castañeda,0,32
local-20260914T050833,2026-09-14T05:10:06-05:00,2015703,NA,(11) Grupo 11,Julio Cesar Cañon Rodriguez,0,32
local-20260914T050833,2026-09-14T05:10:06-05:00,2015703,NA,(2) Grupo 2,Osman Benjamin Giovanny Vargas Rozo,0,32
local-20260914T050833,2026-09-14T05:10:06-05:00,2015703,NA,(3) Grupo 3,Hugo Alberto Herrera Fonseca,0,32
local-20260914T050833,2026-09-14T05:10:06-05:00,2015703,NA,(4) Grupo 4,LINA JULIANA BULLA CASAS,0,32
local-20260914T050833,2026-09-14T05:10:06-05:00,2015703,NA,(5) Grupo 5 - Virtual,Cesar Augusto Roa Lemus,0,32
local-20260914T050833,2026-09-14T05:10:06-05:00,2015703,NA,(6) Grupo 6,JAVIER RICARDO OJEDA SANCHEZ,0,32
local-20260914T050833,2026-09-14T05:10:06-05:00,2015703,NA,(7) Grupo 7,JAVIER RICARDO OJEDA SANCHEZ,0,32
local-20260914T050833,2026-09-14T05:10:06-05:00,2015703,NA,(8) Grupo 8,Diego Alejandro Hernandez Castañeda,0,32
local-20260914T050833,2026-09-14T05:10:06-05:00,2015703,NA,(9) Grupo 9,LINA JULIANA BULLA CASAS,0,32
local-20260914T050833,2026-09-14T05:10:08-05:00,1000044-B,CLASE TEORICA,(1) Grupo 1,Beatriz Elena Urrutia Sanchez,6,33
local-20260914T050833,2026-09-14T05:10:08-05:00,1000044-B,CLASE TEORICA,(2) Grupo 2,Yaneli Niño Osorio,3,33
local-20260914T050833,2026-09-14T05:10:08-05:00,1000044-B,CLASE TEORICA,(3) Grupo 3,Luis Gabriel Peña Ortiz,2,33
local-20260914T050833,2026-09-14T05:10:08-05:00,1000044-B,CLASE TEORICA,(4) Grupo 4,Liliana Marcela Guzman Aricapa,1,33
local-20260914T050833,2026-09-14T05:10:08-05:00,1000044-B,CLASE TEORICA,(5) Grupo 5,Beatriz Elena Urrutia Sanchez,0,33
local-20260914T050833,2026-09-14T05:10:08-05:00,1000044-B,CLASE TEORICA,(6) Grupo 6,Cesar Augusto Romero,0,33
local-20260914T050833,2026-09-14T05:10:08-05:00,1000044-B,CLASE TEORICA,(7) Grupo 7,JOSE JONATHAN MAESTRE HERRERA,1,33
local-20260914T050833,2026-09-14T05:10:08-05:00,1000044-B,CLASE TEORICA,(8) Grupo 8,Beymar Leonardo Solorzano Alviz,2,33
local-20260914T050833,2026-09-14T05:10:08-05:00,1000044-B,CLASE TEORICA,(9) Grupo 9,Claudia Marcela Arevalo Gomez,1,33
local-20260914T050833,2026-09-14T05:10:10-05:00,1000045-B,CLASE TEORICA,(1) Grupo 1,Claudia Marcela Arevalo Gomez,3,34
local-20260914T050833,2026-09-14T05:10:10-05:00,1000045-B,CLASE TEORICA,(10) Grupo 10,Jesica paola Rendon Alfonso,0,34
local-20260914T050833,2026-09-14T05:10:10-05:00,1000045-B,CLASE TEORICA,(11) Grupo 11,JOSE JONATHAN MAESTRE HERRERA,0,34
local-20260914T050833,2026-09-14T05:10:10-05:00,1000045-B,CLASE TEORICA,(12) Grupo 12,LINDA JOHANA RUIZ GOMEZ,0,34
local-20260914T050833,2026-09-14T05:10:10-05:00,1000045-B,CLASE TEORICA,(13) Grupo 13,Narly Yadira Pardo Cadena,1,34
local-20260914T050833,2026-09-14T05:10:10-05:00,1000045-B,CLASE TEORICA,(14) Grupo 14,Angelica Saenz Fonseca,0,34
local-20260914T050833,2026-09-14T05:10:10-05:00,1000045-B,CLASE TEORICA,(15) Grupo 15,Narly Yadira Pardo Cadena,1,34
local-20260914T050833,2026-09-14T05:10:10-05:00,1000045-B,CLASE TEORICA,(16) Grupo 16,Luis Gabriel Peña Ortiz,2,34
local-20260914T050833,2026-09-14T05:10:10-05:00,1000045-B,CLASE TEORICA,(2) Grupo 2,Cesar Augusto Romero,0,34
local-20260914T050833,2026-09-14T05:10:10-05:00,1000045-B,CLASE TEORICA,(3) Grupo 3,Jesica paola Rendon Alfonso,0,34
local-20260914T050833,2026-09-14T05:10:10-05:00,1000045-B,CLASE TEORICA,(4) Grupo 4,Adriana Marlen Sanchez Riaño,1,34
local-20260914T050833,2026-09-14T05:10:10-05:00,1000045-B,CLASE TEORICA,(5) Grupo 5,Cesar Augusto Romero,0,34
local-20260914T050833,2026-09-14T05:10:10-05:00,1000045-B,CLASE TEORICA,(6) Grupo 6,Sara Elisa Monsalve Patino,0,34
local-20260914T050833,2026-09-14T05:10:10-05:00,1000045-B,CLASE TEORICA,(7) Grupo 7,Luis Gabriel Peña Ortiz,0,34
local-20260914T050833,2026-09-14T05:10:10-05:00,1000045-B,CLASE TEORICA,(8) Grupo 8,Johnatan Martinez Hernandez,1,34
local-20260914T050833,2026-09-14T05:10:10-05:00,1000045-B,CLASE TEORICA,(9) Grupo 9,Maureen Elizabeth Hooker Oneill,9,34
local-20260914T050833,2026-09-14T05:10:13-05:00,1000046-B,CLASE TEORICA,(1) Grupo 1,Johnatan Martinez Hernandez,2,36
local-20260914T050833,2026-09-14T05:10:13-05:00,1000046-B,CLASE TEORICA,(10) Grupo 10,Jennly Angelica Gomez Rodriguez,0,36
local-20260914T050833,2026-09-14T05:10:13-05:00,1000046-B,CLASE TEORICA,(11) Grupo 11,Angelica Saenz Fonseca,0,36
local-20260914T050833,2026-09-14T05:10:13-05:00,1000046-B,CLASE TEORICA,(12) Grupo 12,Liliana Marcela Guzman Aricapa,0,36
local-20260914T050833,2026-09-14T05:10:13-05:00,1000046-B,CLASE TEORICA,(13) Grupo 13,ALBA LUCIA RIAÑO RODRIGUEZ,3,36
local-20260914T050833,2026-09-14T05:10:13-05:00,1000046-B,CLASE TEORICA,(14) Grupo 14,Angelica Saenz Fonseca,3,36
local-20260914T050833,2026-09-14T05:10:13-05:00,1000046-B,CLASE TEORICA,(15) Grupo 15,Luis Gabriel Peña Ortiz,1,36
local-20260914T050833,2026-09-14T05:10:13-05:00,1000046-B,CLASE TEORICA,(16) Grupo 16,Olga Lucia Ruiz Convers,5,36
local-20260914T050833,2026-09-14T05:10:13-05:00,1000046-B,CLASE TEORICA,(17) Grupo 17,Luis Gabriel Peña Ortiz,0,36
local-20260914T050833,2026-09-14T05:10:13-05:00,1000046-B,CLASE TEORICA,(18) Grupo 18,Narly Yadira Pardo Cadena,1,36
local-20260914T050833,2026-09-14T05:10:13-05:00,1000046-B,CLASE TEORICA,(2) Grupo 2,Jesica paola Rendon Alfonso,1,36
local-20260914T050833,2026-09-14T05:10:13-05:00,1000046-B,CLASE TEORICA,(3) Grupo 3,JESUS DAVID TORRES RODRIGUEZ,8,36
local-20260914T050833,2026-09-14T05:10:13-05:00,1000046-B,CLASE TEORICA,(4) Grupo 4,Claudia Patricia Cortes Lora,2,36
local-20260914T050833,2026-09-14T05:10:13-05:00,1000046-B,CLASE TEORICA,(5) Grupo 5,Johnatan Martinez Hernandez,2,36
local-20260914T050833,2026-09-14T05:10:13-05:00,1000046-B,CLASE TEORICA,(6) Grupo 6,Johnatan Martinez Hernandez,1,36
local-20260914T050833,2026-09-14T05:10:13-05:00,1000046-B,CLASE TEORICA,(7) Grupo 7,Jesica paola Rendon Alfonso,0,36
local-20260914T050833,2026-09-14T05:10:13-05:00,1000046-B,CLASE TEORICA,(8) Grupo 8,Beatriz Elena Urrutia Sanchez,0,36
local-20260914T050833,2026-09-14T05:10:13-05:00,1000046-B,CLASE TEORICA,(9) Grupo 9,Maureen Elizabeth Hooker Oneill,7,36
local-20260914T050833,2026-09-14T05:10:16-05:00,1000052-B,CLASE TEORICA,(1) Grupo 1,Liliana Marcela Guzman Aricapa,4,38
local-20260914T050833,2026-09-14T05:10:16-05:00,1000052-B,CLASE TEORICA,(2) Grupo 2,JOSE JONATHAN MAESTRE HERRERA,7,38
local-20260914T050833,2026-09-14T05:10:16-05:00,1000052-B,CLASE TEORICA,(3) Grupo 3,Aida Elena Monsalve Solorzano,14,38
local-20260914T050833,2026-09-14T05:10:26-05:00,1000053-B,CLASE TEORICA,(1) Grupo 1,Jennly Angelica Gomez Rodriguez,1,39
local-20260914T050833,2026-09-14T05:10:26-05:00,1000053-B,CLASE TEORICA,(2) Grupo 2,Yaneli Niño Osorio,0,39
local-20260914T050833,2026-09-14T05:10:26-05:00,1000053-B,CLASE TEORICA,(3) Grupo 3,Javier Rodriguez Gomez,15,39
local-20260914T050833,2026-09-14T05:10:26-05:00,1000053-B,CLASE TEORICA,(4) Grupo 4,Javier Rodriguez Gomez,9,39
local-20260914T050833,2026-09-14T05:10:26-05:00,1000053-B,CLASE TEORICA,(5) Grupo 5,LINDA JOHANA RUIZ GOMEZ,10,39
local-20260914T050833,2026-09-14T05:10:26-05:00,1000053-B,CLASE TEORICA,(6) Grupo 6,Olga Lucia Ruiz Convers,9,39
local-20260914T050833,2026-09-14T05:10:28-05:00,1000047-B,CLASE TEORICA,(1) Grupo 1,Cesar Augusto Romero,1,40
local-20260914T050833,2026-09-14T05:10:28-05:00,1000047-B,CLASE TEORICA,(10) Grupo 10,Monica Alexandra Riaño Orjuela,0,40
local-20260914T050833,2026-09-14T05:10:28-05:00,1000047-B,CLASE TEORICA,(11) Grupo 11,Jennly Angelica Gomez Rodriguez,1,40
local-20260914T050833,2026-09-14T05:10:28-05:00,1000047-B,CLASE TEORICA,(12) Grupo 12,Claudia Patricia Cortes Lora,2,40
local-20260914T050833,2026-09-14T05:10:28-05:00,1000047-B,CLASE TEORICA,(13) Grupo 13,Angelica Saenz Fonseca,2,40
local-20260914T050833,2026-09-14T05:10:28-05:00,1000047-B,CLASE TEORICA,(14) Grupo 14,LINDA JOHANA RUIZ GOMEZ,1,40
local-20260914T050833,2026-09-14T05:10:28-05:00,1000047-B,CLASE TEORICA,(15) Grupo 15,Claudia Patricia Cortes Lora,0,40
local-20260914T050833,2026-09-14T05:10:28-05:00,1000047-B,CLASE TEORICA,(16) Grupo 16,Narly Yadira Pardo Cadena,0,40
local-20260914T050833,2026-09-14T05:10:28-05:00,1000047-B,CLASE TEORICA,(17) Grupo 17,Angelica Saenz Fonseca,1,40
local-20260914T050833,2026-09-14T05:10:28-05:00,1000047-B,CLASE TEORICA,(18) Grupo 18,ALBA LUCIA RIAÑO RODRIGUEZ,1,40
local-20260914T050833,2026-09-14T05:10:28-05:00,1000047-B,CLASE TEORICA,(19) Grupo 19,Aida Elena Monsalve Solorzano,1,40
local-20260914T050833,2026-09-14T05:10:28-05:00,1000047-B,CLASE TEORICA,(2) Grupo 2,Yaneli Niño Osorio,0,40
local-20260914T050833,2026-09-14T05:10:28-05:00,1000047-B,CLASE TEORICA,(20) Grupo 20,ALBA LUCIA RIAÑO RODRIGUEZ,0,40
local-20260914T050833,2026-09-14T05:10:28-05:00,1000047-B,CLASE TEORICA,(21) Grupo 21,Edwin Yesid Leon Silva,2,40
local-20260914T050833,2026-09-14T05:10:28-05:00,1000047-B,CLASE TEORICA,(22) Grupo 22,LINDA JOHANA RUIZ GOMEZ,1,40
local-20260914T050833,2026-09-14T05:10:28-05:00,1000047-B,CLASE TEORICA,(3) Grupo 3,Monica Alexandra Riaño Orjuela,1,40
local-20260914T050833,2026-09-14T05:10:28-05:00,1000047-B,CLASE TEORICA,(4) Grupo 4,Claudia Patricia Cortes Lora,5,40
local-20260914T050833,2026-09-14T05:10:28-05:00,1000047-B,CLASE TEORICA,(5) Grupo 5,Olga Lucia Ruiz Convers,3,40
local-20260914T050833,2026-09-14T05:10:28-05:00,1000047-B,CLASE TEORICA,(6) Grupo 6,Monica Alexandra Riaño Orjuela,0,40
local-20260914T050833,2026-09-14T05:10:28-05:00,1000047-B,CLASE TEORICA,(7) Grupo 7,Cesar Augusto Romero,0,40
local-20260914T050833,2026-09-14T05:10:28-05:00,1000047-B,CLASE TEORICA,(8) Grupo 8,Beatriz Elena Urrutia Sanchez,2,40
local-20260914T050833,2026-09-14T05:10:28-05:00,1000047-B,CLASE TEORICA,(9) Grupo 9,Keshia Hilary Howard Livingston,13,40
local-20260914T050833,2026-09-14T05:10:31-05:00,2026186,CLASE TEORICA,(1) Grupo 1,MIGUEL ÁNGEL RIVAS TABARES,0,42
local-20260914T050833,2026-09-14T05:10:31-05:00,2026186,CLASE TEORICA,(2) Grupo 2,Leonel Vega Mora,0,42
local-20260914T050833,2026-09-14T05:10:31-05:00,2026186,CLASE TEORICA,(3) Grupo 3,CAMILO RIOS FRESNEDA,0,42
local-20260914T050833,2026-09-14T05:10:31-05:00,2026186,CLASE TEORICA,(4) Grupo 4,Carlos Orlando Robles Roa,0,42
local-20260914T050833,2026-09-14T05:10:33-05:00,1000002-B,CLASE TEORICA,(8) Grupo 8 - Clase Presencial,Gustavo Adolfo Zuluaga Hoyos,1,43
local-20260914T050833,2026-09-14T05:10:36-05:00,1000001-B,CLASE TEORICA,(1) Grupo 1,No informado,0,44
local-20260914T050833,2026-09-14T05:10:36-05:00,1000001-B,CLASE TEORICA,(19) Grupo 19,No informado,1,44
local-20260914T050833,2026-09-14T05:10:36-05:00,1000001-B,CLASE TEORICA,(2) Grupo 2,Orlando Vanegas Canro,0,44
local-20260914T050833,2026-09-14T05:10:36-05:00,1000001-B,CLASE MAGISTRAL,(1) Grupo 1,DANIEL FELIPE SUÁREZ LEÓN,0,44
local-20260914T050833,2026-09-14T05:10:36-05:00,1000001-B,CLASE MAGISTRAL,(10) Grupo 10,David Reyes Gaona,0,44
local-20260914T050833,2026-09-14T05:10:36-05:00,1000001-B,CLASE MAGISTRAL,(2) Grupo 2,SERGIO ANDRES TAMAYO LÓPEZ,0,44
local-20260914T050833,2026-09-14T05:10:36-05:00,1000001-B,CLASE MAGISTRAL,(3) Grupo 3,NICOLAS RODRIGUEZ CHACON,0,44
local-20260914T050833,2026-09-14T05:10:36-05:00,1000001-B,CLASE MAGISTRAL,(4) Grupo 4,JHON CRISTIAN MINA LADINO,0,44
local-20260914T050833,2026-09-14T05:10:36-05:00,1000001-B,CLASE MAGISTRAL,(5) Grupo 5,MIGUEL ANGEL COLMENARES HERRERA,0,44
local-20260914T050833,2026-09-14T05:10:36-05:00,1000001-B,CLASE MAGISTRAL,(6) Grupo 6,DANIEL FELIPE SUÁREZ LEÓN,0,44
local-20260914T050833,2026-09-14T05:10:36-05:00,1000001-B,CLASE MAGISTRAL,(7) Grupo 7,SERGIO ANDRES TAMAYO LÓPEZ,0,44
local-20260914T050833,2026-09-14T05:10:36-05:00,1000001-B,CLASE MAGISTRAL,(8) Grupo 8,JAIRO SEBASTIÁN NIÑO CASTRO,0,44
local-20260914T050833,2026-09-14T05:10:36-05:00,1000001-B,CLASE MAGISTRAL,(9) Grupo 9,No informado,10,44
local-20260914T050833,2026-09-14T05:10:37-05:00,2015965,CLASE TEORICA,(1) Grupo 1,Edwin Alexander Prieto Saavedra; CAMILO RIOS FRESNEDA,0,45
local-20260914T050833,2026-09-14T05:10:37-05:00,2015965,CLASE TEORICA,(2) Grupo 2,Julian David Puerto Suarez; Vladimir Buelvas Hernández,0,45
local-20260914T050833,2026-09-14T05:10:37-05:00,2015965,CLASE TEORICA,(3) Grupo 3,Ferney Betancourt Cardozo; Juan Manuel Lizarazo Marriaga,0,45
local-20260914T050833,2026-09-14T05:10:37-05:00,2015965,CLASE TEORICA,(4) Grupo 4,Edwin Alexander Prieto Saavedra,0,45
local-20260914T050833,2026-09-14T05:10:39-05:00,2015966,CLASE TEORICA,(1) Grupo 1,NICOLAS GUTIERREZ ARIAS; Paula Angelica Solarte Blandon,1,46
local-20260914T050833,2026-09-14T05:10:39-05:00,2015966,CLASE TEORICA,(2) Grupo 2,NICOLAS GUTIERREZ ARIAS; Adriana Patricia Piña Fulano,0,46
local-20260914T050833,2026-09-14T05:10:39-05:00,2015966,CLASE TEORICA,(3) Grupo 3,NICOLAS GUTIERREZ ARIAS,0,46
local-20260914T050833,2026-09-14T05:10:39-05:00,2015966,CLASE TEORICA,(4) Grupo 4,NICOLAS GUTIERREZ ARIAS; Camilo Andrés Caro Galindo,0,46
local-20260914T050833,2026-09-14T05:10:39-05:00,2015966,CLASE TEORICA,(5) Grupo 5,NICOLAS GUTIERREZ ARIAS; MARIA LUCIA SALAZAR TORRES,0,46
local-20260914T050833,2026-09-14T05:10:39-05:00,2015966,CLASE TEORICA,(6) Grupo 6,NICOLAS GUTIERREZ ARIAS; Luis Alejandro Morales Marin,0,46
local-20260914T050833,2026-09-14T05:10:39-05:00,2015966,CLASE TEORICA,(7) Grupo 7,NICOLAS GUTIERREZ ARIAS; SERGIO ALEJANDRO RIVERA MONROY,0,46
local-20260914T050833,2026-09-14T05:10:39-05:00,2015966,CLASE TEORICA,(8) Grupo 8,NICOLAS GUTIERREZ ARIAS,0,46
local-20260914T050833,2026-09-14T05:10:41-05:00,2015967,NA,(1) Grupo 1,Vladimir Buelvas Hernández,0,47
local-20260914T050833,2026-09-14T05:10:42-05:00,2015968,CLASE TEORICA,(1) Grupo 1,Ricardo Parra Arango,0,48
local-20260914T050833,2026-09-14T05:10:42-05:00,2015968,CLASE TEORICA,(2) Grupo 2,Daniel Felipe Rodriguez Ramirez,0,48
local-20260914T050833,2026-09-14T05:10:42-05:00,2015968,CLASE TEORICA,(3) Grupo 3,Juan David Oliveros Salazar,0,48
local-20260914T050833,2026-09-14T05:10:42-05:00,2015968,CLASE TEORICA,(4) Grupo 4,Ricardo Parra Arango,0,48
local-20260914T050833,2026-09-14T05:10:42-05:00,2015968,CLASE TEORICA,(5) Grupo 5,Julian David Puerto Suarez,0,48
local-20260914T050833,2026-09-14T05:10:42-05:00,2015968,CLASE TEORICA,(6) Grupo 6,Dorian Luis Linero Segrera,0,48
local-20260914T050833,2026-09-14T05:10:43-05:00,2015969,CLASE TEORICA,(1) Grupo 1 (Inglés),Julio Esteban Colmenares Montañez,5,49
local-20260914T050833,2026-09-14T05:10:43-05:00,2015969,CLASE TEORICA,(2) Grupo 2,Guillermo Eduardo Avila Alvarez,0,49
local-20260914T050833,2026-09-14T05:10:43-05:00,2015969,CLASE TEORICA,(3) Grupo 3,Livaniel Viveros Rosero,0,49
local-20260914T050833,2026-09-14T05:10:43-05:00,2015969,CLASE TEORICA,(4) Grupo 4,Ronald Steve Garzon Espejo,0,49
local-20260914T050833,2026-09-14T05:10:45-05:00,2015970,CLASE PRACTICA,(10) Grupo 10,JUAN DANIEL SARMIENTO ABELLO,0,50
local-20260914T050833,2026-09-14T05:10:45-05:00,2015970,CLASE PRACTICA,(4) Grupo 4,Helga Duarte,12,50
local-20260914T050833,2026-09-14T05:10:45-05:00,2015970,CLASE PRACTICA,(5) Grupo 5,Oswaldo Rojas Camacho,2,50
local-20260914T050833,2026-09-14T05:10:45-05:00,2015970,CLASE PRACTICA,(7) Grupo 7,Cristhian Fernando Lara Espejo,0,50
local-20260914T050833,2026-09-14T05:10:45-05:00,2015970,CLASE PRACTICA,(8) Grupo 8,Helga Duarte,14,50
local-20260914T050833,2026-09-14T05:10:45-05:00,2015970,CLASE PRACTICA,(9) Grupo 9,Oswaldo Rojas Camacho,3,50
local-20260914T050833,2026-09-14T05:10:47-05:00,2017293,CLASE TEORICA,(1) 2017293-1 Modelación matemática,David Leonardo Diaz Leon,3,51
local-20260914T050833,2026-09-14T05:10:47-05:00,2017293,CLASE TEORICA,(2) 2017293-2 Modelación matemática,David Leonardo Diaz Leon,1,51
local-20260914T050833,2026-09-14T05:10:47-05:00,2017293,CLASE MAGISTRAL,(1M) 2017293-1M Modelación matemática - Magistral,Carlos Alberto Duque Daza,9,51
local-20260914T050833,2026-09-14T05:10:58-05:00,2025971,CLASE TEORICA,(3) Grupo 3,Gustavo Alfredo Bula,27,53
local-20260914T050833,2026-09-14T05:10:58-05:00,2025971,CLASE TEORICA,(4) Grupo 4,Gustavo Alfredo Bula,12,53
local-20260914T050833,2026-09-14T05:10:59-05:00,2015971,CLASE TEORICA,(1) Grupo 1,Daniel Alberto Silva Castillo,7,54
local-20260914T050833,2026-09-14T05:10:59-05:00,2015971,CLASE TEORICA,(2) Grupo 2,Ferney Betancourt Cardozo,0,54
local-20260914T050833,2026-09-14T05:10:59-05:00,2015971,CLASE TEORICA,(3) Grupo 3,RODRIGO LEON JAIMES MADRID,0,54
local-20260914T050833,2026-09-14T05:11:00-05:00,2015972,CLASE TEORICA,(1) Grupo 1,Carlos Alberto Moncada Aristizabal,0,55
local-20260914T050833,2026-09-14T05:11:00-05:00,2015972,CLASE TEORICA,(2) Grupo 2,SANTIAGO RAMIREZ ECHEVERRI,0,55
local-20260914T050833,2026-09-14T05:11:00-05:00,2015972,CLASE TEORICA,(3) Grupo 3,Maria Constanza Garcia Alicastro,0,55
local-20260914T050833,2026-09-14T05:11:02-05:00,1000024-B,CLASE TEORICA,(12) Grupo 12,Edgar Delgado Mejia,4,56
local-20260914T050833,2026-09-14T05:11:02-05:00,1000024-B,CLASE TEORICA,(13) Grupo 13,Jesus Sigifredo Valencia Rios,0,56
local-20260914T050833,2026-09-14T05:11:02-05:00,1000024-B,CLASE TEORICA,(14) Grupo 14,Edgar Delgado Mejia,13,56
local-20260914T050833,2026-09-14T05:11:02-05:00,1000024-B,CLASE TEORICA,(18) Grupo 18,Jhon Jairo Aragón Arias,8,56
local-20260914T050833,2026-09-14T05:11:03-05:00,1000013-B,CLASE TEORICA,(1) Grupo 1,JHONIER SEBASTIAN RANGEL GUTIERREZ,0,57
local-20260914T050833,2026-09-14T05:11:03-05:00,1000013-B,CLASE TEORICA,(10) Grupo 10,Sandra Vergara Cardozo,0,57
local-20260914T050833,2026-09-14T05:11:03-05:00,1000013-B,CLASE TEORICA,(11) Grupo 11,DIEGO ALBERTO MARTINEZ SIMBAQUEVA,0,57
local-20260914T050833,2026-09-14T05:11:03-05:00,1000013-B,CLASE TEORICA,(12) Grupo 12,DIEGO ALBERTO MARTINEZ SIMBAQUEVA,0,57
local-20260914T050833,2026-09-14T05:11:03-05:00,1000013-B,CLASE TEORICA,(13) Grupo 13,DIEGO ALBERTO MARTINEZ SIMBAQUEVA,0,57
local-20260914T050833,2026-09-14T05:11:03-05:00,1000013-B,CLASE TEORICA,(14) Grupo 14,Andrea Catalina Garcia Montoya,0,57
local-20260914T050833,2026-09-14T05:11:03-05:00,1000013-B,CLASE TEORICA,(15) Grupo 15,Andrea Catalina Garcia Montoya,0,57
local-20260914T050833,2026-09-14T05:11:03-05:00,1000013-B,CLASE TEORICA,(2) Grupo 2,Luis Guillermo Diaz Monroy,0,57
local-20260914T050833,2026-09-14T05:11:03-05:00,1000013-B,CLASE TEORICA,(3) Grupo 3,Diana Carolina Franco Soto,0,57
local-20260914T050833,2026-09-14T05:11:03-05:00,1000013-B,CLASE TEORICA,(5) Grupo 5,Darwin Eduardo Martínez Riaño,1,57
local-20260914T050833,2026-09-14T05:11:03-05:00,1000013-B,CLASE TEORICA,(7) Grupo 7,Camilo Jose Torres Jimenez,2,57
local-20260914T050833,2026-09-14T05:11:05-05:00,2015734,NA,(1) Grupo 1,Fernando Salazar Delgado,0,58
local-20260914T050833,2026-09-14T05:11:05-05:00,2015734,NA,(10) Grupo 10,Tito Florez Calderon,0,58
local-20260914T050833,2026-09-14T05:11:05-05:00,2015734,NA,(11) Grupo 11,DAVID ALBERTO HERRERA ALVAREZ,0,58
local-20260914T050833,2026-09-14T05:11:05-05:00,2015734,NA,(12) Grupo 12,FABIEL NATÁN ESPINOSA CASTAÑEDA,0,58
local-20260914T050833,2026-09-14T05:11:05-05:00,2015734,NA,(13) Grupo 13,SERGIO CAMILO ESPINOSA BOTERO,0,58
local-20260914T050833,2026-09-14T05:11:05-05:00,2015734,NA,(14) Grupo 14,Carlos Andres Sierra Virguez,0,58
local-20260914T050833,2026-09-14T05:11:05-05:00,2015734,NA,(2) Grupo 2,Fernando Salazar Delgado,0,58
local-20260914T050833,2026-09-14T05:11:05-05:00,2015734,NA,(3) Grupo 3,Jhoan Sebastian Restrepo Mendoza,0,58
local-20260914T050833,2026-09-14T05:11:05-05:00,2015734,NA,(4) Grupo 4,Sandra Liliana Rojas Martinez,0,58
local-20260914T050833,2026-09-14T05:11:05-05:00,2015734,NA,(5) Grupo 5,Jhoan Sebastian Restrepo Mendoza,0,58
local-20260914T050833,2026-09-14T05:11:05-05:00,2015734,NA,(6) Grupo 6,SERGIO CAMILO ESPINOSA BOTERO,0,58
local-20260914T050833,2026-09-14T05:11:05-05:00,2015734,NA,(7) Grupo 7,No informado,0,58
local-20260914T050833,2026-09-14T05:11:05-05:00,2015734,NA,(8) Grupo 8 - Virtual,FABIEL NATÁN ESPINOSA CASTAÑEDA,0,58
local-20260914T050833,2026-09-14T05:11:05-05:00,2015734,NA,(9) Grupo 9,Alvaro Reynel Córdoba,4,58
local-20260914T050833,2026-09-14T05:11:07-05:00,2016375,CLASE PRACTICA-POO,(7) Grupo 7,No informado,2,59
local-20260914T050833,2026-09-14T05:11:08-05:00,2015973,CLASE TEORICA,(1) Grupo 1,CARLOS ALBERTO ESPAÑOL MARIÑO,3,60
local-20260914T050833,2026-09-14T05:11:08-05:00,2015973,CLASE TEORICA,(2) Grupo 2,GABRIELA ARRIETA LOYO,0,60
local-20260914T050833,2026-09-14T05:11:08-05:00,2015973,CLASE TEORICA,(3) Grupo 3,NICOLAS ESCALANTE MORA,2,60
local-20260914T050833,2026-09-14T05:11:10-05:00,2022761,NA,(1) Grupo 1,Servio Javier Contreras Guerrero,0,61
local-20260914T050833,2026-09-14T05:11:10-05:00,2022761,NA,(2) Grupo 2,Servio Javier Contreras Guerrero,0,61
local-20260914T050833,2026-09-14T05:11:10-05:00,2022761,NA,(3) Grupo 3,Samuel Fernando Mesa Giraldo,0,61
local-20260914T050833,2026-09-14T05:11:12-05:00,2024045,CLASE TEORICA,(1) 2024045-1 Taller de proyectos interdisciplinarios,Hector Julian Garcia Otalora,0,62
local-20260914T050833,2026-09-14T05:11:12-05:00,2024045,CLASE TEORICA,(10) 2024045-10 Taller de proyectos interdisciplinarios,Oscar Andres Eraso Eraso,0,62
local-20260914T050833,2026-09-14T05:11:12-05:00,2024045,CLASE TEORICA,(11) 2024045-11 Taller de proyectos interdisciplinarios,No informado,0,62
local-20260914T050833,2026-09-14T05:11:12-05:00,2024045,CLASE TEORICA,(12) 2024045-12 Taller de proyectos interdisciplinarios,Hector Julian Garcia Otalora,18,62
local-20260914T050833,2026-09-14T05:11:12-05:00,2024045,CLASE TEORICA,(13) 2024045-13 Taller de proyectos interdisciplinarios,Hector Julian Garcia Otalora,0,62
local-20260914T050833,2026-09-14T05:11:12-05:00,2024045,CLASE TEORICA,(14) 2024045-14 Taller de proyectos interdisciplinarios,Dolly Santos Barbosa,0,62
local-20260914T050833,2026-09-14T05:11:12-05:00,2024045,CLASE TEORICA,(15) 2024045-15 Taller de proyectos interdisciplinarios,Oscar Andres Eraso Eraso,0,62
local-20260914T050833,2026-09-14T05:11:12-05:00,2024045,CLASE TEORICA,(16) 2024045-16 Taller de proyectos interdisciplinarios,Luis Ignacio Rodriguez Varela,0,62
local-20260914T050833,2026-09-14T05:11:12-05:00,2024045,CLASE TEORICA,(17) 2024045-17 Taller de proyectos interdisciplinarios,JOHANA CATALINA MANOSALVA BARRERA,0,62
local-20260914T050833,2026-09-14T05:11:12-05:00,2024045,CLASE TEORICA,(18) 2024045-18 Taller de proyectos interdisciplinarios,Fernando Bernal Martinez,0,62
local-20260914T050833,2026-09-14T05:11:12-05:00,2024045,CLASE TEORICA,(19) 2024045-19 Taller de proyectos interdisciplinarios,FRANCISCO JAVIER VÁSQUEZ VÁSQUEZ,0,62
local-20260914T050833,2026-09-14T05:11:12-05:00,2024045,CLASE TEORICA,(2) 2024045-2 Taller de proyectos interdisciplinarios,Fernando Bernal Martinez,0,62
local-20260914T050833,2026-09-14T05:11:12-05:00,2024045,CLASE TEORICA,(21) 2024045-21 Taller de proyectos interdisciplinarios,No informado,0,62
local-20260914T050833,2026-09-14T05:11:12-05:00,2024045,CLASE TEORICA,(22) 2024045-22 Taller de proyectos interdisciplinarios,Ubaldo Garcia Zaragoza,0,62
local-20260914T050833,2026-09-14T05:11:12-05:00,2024045,CLASE TEORICA,(23) 2024045-23 Taller de proyectos interdisciplinarios,No informado,0,62
local-20260914T050833,2026-09-14T05:11:12-05:00,2024045,CLASE TEORICA,(24) 2024045-24 Taller de proyectos interdisciplinarios,Hector Julian Garcia Otalora,18,62
local-20260914T050833,2026-09-14T05:11:12-05:00,2024045,CLASE TEORICA,(3) 2024045-3 Taller de proyectos interdisciplinarios,Guillermo Alberto Rocha Casas,0,62
local-20260914T050833,2026-09-14T05:11:12-05:00,2024045,CLASE TEORICA,(4) 2024045-4 Taller de proyectos interdisciplinarios,Francy Nayely Prieto Novoa,0,62
local-20260914T050833,2026-09-14T05:11:12-05:00,2024045,CLASE TEORICA,(40) 2024045-40 TPI-- NO BORRAR-- BLOQ ESPACIOS,No informado,0,62
local-20260914T050833,2026-09-14T05:11:12-05:00,2024045,CLASE TEORICA,(41) 2024045-41 TPI -- No BORRAR - - BLQ ESPACIOS,No informado,0,62
local-20260914T050833,2026-09-14T05:11:12-05:00,2024045,CLASE TEORICA,(5) 2024045-5 Taller de proyectos interdisciplinarios,Nubia Carmenza Moreno Sarmiento,0,62
local-20260914T050833,2026-09-14T05:11:12-05:00,2024045,CLASE TEORICA,(6) 2024045-6 Taller de proyectos interdisciplinarios,JOHANA CATALINA MANOSALVA BARRERA,0,62
local-20260914T050833,2026-09-14T05:11:12-05:00,2024045,CLASE TEORICA,(7) 2024045-7 Taller de proyectos interdisciplinarios,Ubaldo Garcia Zaragoza,0,62
local-20260914T050833,2026-09-14T05:11:12-05:00,2024045,CLASE TEORICA,(8) 2024045-8 Taller de proyectos interdisciplinarios,JHON FREDDY LOPEZ MEDINA,0,62
local-20260914T050833,2026-09-14T05:11:12-05:00,2024045,CLASE TEORICA,(9) 2024045-9 Taller de proyectos interdisciplinarios,Manuel Alejandro Mayorga Betancourt,0,62
local-20260914T050833,2026-09-14T05:11:14-05:00,2015296,NA,(1) Grupo 1,Leonardo David Donado Garzon,4,63
local-20260914T050833,2026-09-14T05:11:14-05:00,2015296,NA,(10) Grupo 10,Juan Manuel Lizarazo Marriaga,5,63
local-20260914T050833,2026-09-14T05:11:14-05:00,2015296,NA,(11) Grupo 11,Octavio Coronado Garcia,5,63
local-20260914T050833,2026-09-14T05:11:14-05:00,2015296,NA,(12) Grupo 12,Carol Andrea Murillo Feo,5,63
local-20260914T050833,2026-09-14T05:11:14-05:00,2015296,NA,(13) Grupo 13,CAMILO RIOS FRESNEDA,4,63
local-20260914T050833,2026-09-14T05:11:14-05:00,2015296,NA,(14) Grupo 14,William Castro Garcia,1,63
local-20260914T050833,2026-09-14T05:11:14-05:00,2015296,NA,(15) Grupo 15,Luis Alejandro Morales Marin,5,63
local-20260914T050833,2026-09-14T05:11:14-05:00,2015296,NA,(16) Grupo 16,Ferney Betancourt Cardozo,4,63
local-20260914T050833,2026-09-14T05:11:14-05:00,2015296,NA,(17) Grupo 17,Maria Alejandra Caicedo Londoño,4,63
local-20260914T050833,2026-09-14T05:11:14-05:00,2015296,NA,(18) Grupo 18,Guillermo Eduardo Avila Alvarez,4,63
local-20260914T050833,2026-09-14T05:11:14-05:00,2015296,NA,(19) Grupo 19,Carlos Alfonso Gomez Guacaneme,0,63
local-20260914T050833,2026-09-14T05:11:14-05:00,2015296,NA,(2) Grupo 2,Carlos Orlando Robles Roa,2,63
local-20260914T050833,2026-09-14T05:11:14-05:00,2015296,NA,(20) Grupo 20,Giovanni Andres Cortes Tovar,1,63
local-20260914T050833,2026-09-14T05:11:14-05:00,2015296,NA,(21) Grupo 21,Adriana Patricia Piña Fulano,4,63
local-20260914T050833,2026-09-14T05:11:14-05:00,2015296,NA,(22) Grupo 22,Martha Cristina Bustos Lopez,3,63
local-20260914T050833,2026-09-14T05:11:14-05:00,2015296,NA,(23) Grupo 23,Ricardo Parra Arango,4,63
local-20260914T050833,2026-09-14T05:11:14-05:00,2015296,NA,(24) Grupo 24,NESTOR ALONSO MANCIPE MUÑOZ,4,63
local-20260914T050833,2026-09-14T05:11:14-05:00,2015296,NA,(25) Grupo 25,NICOLAS ESCALANTE MORA,4,63
local-20260914T050833,2026-09-14T05:11:14-05:00,2015296,NA,(26) Grupo 26,Pedro Luis Jimenez Poveda,4,63
local-20260914T050833,2026-09-14T05:11:14-05:00,2015296,NA,(27) Grupo 27,Mario Enrique Moreno Castiblanco,4,63
local-20260914T050833,2026-09-14T05:11:14-05:00,2015296,NA,(28) Grupo 28,Julio Esteban Colmenares Montañez,4,63
local-20260914T050833,2026-09-14T05:11:14-05:00,2015296,NA,(29) Grupo 29,Ricardo Jose Pena Lindarte,3,63
local-20260914T050833,2026-09-14T05:11:14-05:00,2015296,NA,(3) Grupo 3,Angela Barrera Puerto,4,63
local-20260914T050833,2026-09-14T05:11:14-05:00,2015296,NA,(4) Grupo 4,Mauricio Alberto Tapias Camacho,4,63
local-20260914T050833,2026-09-14T05:11:14-05:00,2015296,NA,(5) Grupo 5,Maritzabel Molina Herrera,3,63
local-20260914T050833,2026-09-14T05:11:14-05:00,2015296,NA,(6) Grupo 6,Rodolfo Rodriguez Baracaldo,4,63
local-20260914T050833,2026-09-14T05:11:14-05:00,2015296,NA,(7) Grupo 7,SANTIAGO RAMIREZ ECHEVERRI,3,63
local-20260914T050833,2026-09-14T05:11:14-05:00,2015296,NA,(8) Grupo 8,Jose Ricardo Martinez Vargas,5,63
local-20260914T050833,2026-09-14T05:11:14-05:00,2015296,NA,(9) Grupo 9,GABRIELA ARRIETA LOYO,5,63
local-20260914T050833,2026-09-14T05:11:15-05:00,2015299,CLASE TEORICA,(1) Grupo 1,GABRIELA ARRIETA LOYO,9,64
local-20260914T213133,2026-09-14T21:32:05-05:00,2015938,CLASE TEORICA,(1) Grupo 1,Maria Alejandra Caicedo Londoño,0,0
local-20260914T213133,2026-09-14T21:32:05-05:00,2015938,CLASE TEORICA,(2) Grupo 2,Maria Alejandra Caicedo Londoño,0,0
local-20260914T213133,2026-09-14T21:32:05-05:00,2015938,CLASE TEORICA,(3) Grupo 3,JOSE LUIS DIAZ AREVALO,0,0
local-20260914T213133,2026-09-14T21:32:05-05:00,2015938,CLASE TEORICA,(4) Grupo 4,JOSE LUIS DIAZ AREVALO,0,0
local-20260914T213133,2026-09-14T21:32:07-05:00,2015939,CLASE TEORICA,(1) Grupo 1,ALVARO MARTIN GUTIERREZ MALAXECHEBARRIA,0,1
local-20260914T213133,2026-09-14T21:32:07-05:00,2015939,CLASE TEORICA,(2) Grupo 2,ALVARO MARTIN GUTIERREZ MALAXECHEBARRIA,0,1
local-20260914T213133,2026-09-14T21:32:07-05:00,2015939,CLASE TEORICA,(3) Grupo 3,Edder Alexander Velandia Duran,18,1
local-20260914T213133,2026-09-14T21:32:07-05:00,2015939,CLASE TEORICA,(4) Grupo 4,CARLOS ALBERTO ESPAÑOL MARIÑO,0,1
local-20260914T213133,2026-09-14T21:32:07-05:00,2015939,CLASE TEORICA,(5) Grupo 5,No informado,0,1
local-20260914T213133,2026-09-14T21:32:08-05:00,1000003-B,NA,(1) Grupo 1,Erika Lorena Rosero Alzate; Oscar Andrés Rojas Sepúlveda,0,2
local-20260914T213133,2026-09-14T21:32:08-05:00,1000003-B,NA,(10) Grupo 10,Epifanio Lozano Ayala,0,2
local-20260914T213133,2026-09-14T21:32:08-05:00,1000003-B,NA,(11) Grupo 11,Gustavo Adolfo Nieto Clavijo,0,2
local-20260914T213133,2026-09-14T21:32:08-05:00,1000003-B,NA,(12) Grupo 12,LENIN DAVID ANGARITA RIVERA,0,2
local-20260914T213133,2026-09-14T21:32:08-05:00,1000003-B,NA,(13) Grupo 13,Mohammed EL AIDI,0,2
local-20260914T213133,2026-09-14T21:32:08-05:00,1000003-B,NA,(15) Grupo 15,Myriam Leonor Campos Florez,0,2
local-20260914T213133,2026-09-14T21:32:08-05:00,1000003-B,NA,(16) Grupo 16,Harold Deivi Contreras Contreras,0,2
local-20260914T213133,2026-09-14T21:32:08-05:00,1000003-B,NA,(17) Grupo 17,Martha Cecilia Moreno Penagos,0,2
local-20260914T213133,2026-09-14T21:32:08-05:00,1000003-B,NA,(18) Grupo 18,John Alexander Cruz Morales,0,2
local-20260914T213133,2026-09-14T21:32:08-05:00,1000003-B,NA,(2) Grupo 2,RENE ERLIN CASTILLO,0,2
local-20260914T213133,2026-09-14T21:32:08-05:00,1000003-B,NA,(20) Grupo 20,Natalia Camila Pinzon Cortes,0,2
local-20260914T213133,2026-09-14T21:32:08-05:00,1000003-B,NA,(21) Grupo 21,Ivon Andrea Dorado Correa,0,2
local-20260914T213133,2026-09-14T21:32:08-05:00,1000003-B,NA,(22) Grupo 22,David Reyes Gaona,0,2
local-20260914T213133,2026-09-14T21:32:08-05:00,1000003-B,NA,(3) Grupo 3,JHON ALEJANDRO AYALA OLIVEROS,1,2
local-20260914T213133,2026-09-14T21:32:08-05:00,1000003-B,NA,(4) Grupo 4,Luis Alejandro Barbosa Torres,0,2
local-20260914T213133,2026-09-14T21:32:08-05:00,1000003-B,NA,(5) Grupo 5,Sherly Paola Alfonso Sanchez,0,2
local-20260914T213133,2026-09-14T21:32:08-05:00,1000003-B,NA,(7) Grupo 7,Myriam Leonor Campos Florez,0,2
local-20260914T213133,2026-09-14T21:32:08-05:00,1000003-B,NA,(8) Grupo 8,No informado,8,2
local-20260914T213133,2026-09-14T21:32:10-05:00,2015940,CLASE TEORICA,(1) Grupo 1,Maritzabel Molina Herrera,0,3
local-20260914T213133,2026-09-14T21:32:10-05:00,2015940,CLASE TEORICA,(2) Grupo 2,Gabriel Andres Bernal Granados,0,3
local-20260914T213133,2026-09-14T21:32:10-05:00,2015940,CLASE TEORICA,(3) Grupo 3,YON ALEXANDER BOLAÑOS DIAZ,0,3
local-20260914T213133,2026-09-14T21:32:10-05:00,2015940,CLASE TEORICA,(4) Grupo 4,No informado,0,3
local-20260914T213133,2026-09-14T21:32:11-05:00,2015941,CLASE TEORICA,(1) Grupo 1,Patricia Luna Tamayo,0,4
local-20260914T213133,2026-09-14T21:32:11-05:00,2015941,CLASE TEORICA,(2) Grupo 2,Raul Andres Lopera Rodriguez,0,4
local-20260914T213133,2026-09-14T21:32:11-05:00,2015941,CLASE TEORICA,(3) Grupo 3,Carlos Ramiro Vallecilla Bahena,0,4
local-20260914T213133,2026-09-14T21:32:11-05:00,2015941,CLASE TEORICA,(4) Grupo 4,Raul Andres Lopera Rodriguez,0,4
local-20260914T213133,2026-09-14T21:32:13-05:00,2015942,CLASE TEORICA,(1) 2015942-1 Aplicaciones de elementos finitos,David Leonardo Diaz Leon,3,5
local-20260914T213133,2026-09-14T21:32:13-05:00,2015942,CLASE TEORICA,(2) 2015942-2 Aplicaciones de elementos finitos,David Leonardo Diaz Leon,1,5
local-20260914T213133,2026-09-14T21:32:13-05:00,2015942,CLASE MAGISTRAL,(1M) 2015942-1M Aplicaciones de elementos finitos - Magistral,Diego Alexander Garzon Alvarado,17,5
local-20260914T213133,2026-09-14T21:32:16-05:00,1000004-B,NA,(1) Grupo 1,Diana Marcela Serrano Rodriguez,35,6
local-20260914T213133,2026-09-14T21:32:16-05:00,1000004-B,NA,(10) Grupo 10,Carolina Neira Jimenez,14,6
local-20260914T213133,2026-09-14T21:32:16-05:00,1000004-B,NA,(11) Grupo 11,Herbert Alonso Dueñas Ruiz,0,6
local-20260914T213133,2026-09-14T21:32:16-05:00,1000004-B,NA,(12) Grupo 12,Martha Cecilia Moreno Penagos,0,6
local-20260914T213133,2026-09-14T21:32:16-05:00,1000004-B,NA,(13) Grupo 13,NICOLAS RODRIGUEZ CHACON,4,6
local-20260914T213133,2026-09-14T21:32:16-05:00,1000004-B,NA,(14) Grupo 14,JOSÉ SEBASTIÁN NARANJO SPADAFORA,12,6
local-20260914T213133,2026-09-14T21:32:16-05:00,1000004-B,NA,(15) Grupo 15,NICOLAS RODRIGUEZ CHACON,21,6
local-20260914T213133,2026-09-14T21:32:16-05:00,1000004-B,NA,(16) Grupo 16,MIGUEL ANGEL COLMENARES HERRERA,0,6
local-20260914T213133,2026-09-14T21:32:16-05:00,1000004-B,NA,(17) Grupo 17,Hernan Garzon Gutierrez,0,6
local-20260914T213133,2026-09-14T21:32:16-05:00,1000004-B,NA,(19) Grupo 19,JOSÉ SEBASTIÁN NARANJO SPADAFORA,24,6
local-20260914T213133,2026-09-14T21:32:16-05:00,1000004-B,NA,(2) Grupo 2,Gustavo Daver Cipagauta Cuitiva,7,6
local-20260914T213133,2026-09-14T21:32:16-05:00,1000004-B,NA,(20) Grupo 20,Hernan Garzon Gutierrez,0,6
local-20260914T213133,2026-09-14T21:32:16-05:00,1000004-B,NA,(21) Grupo 21,JHOAN SEBASTIAN TENJO GARCIA,0,6
local-20260914T213133,2026-09-14T21:32:16-05:00,1000004-B,NA,(22) Grupo 22,EDWIN RODRIGO CELIS MONTEALEGRE,17,6
local-20260914T213133,2026-09-14T21:32:16-05:00,1000004-B,NA,(24) Grupo 24,Ricardo Ariel Pastran Ramirez,0,6
local-20260914T213133,2026-09-14T21:32:16-05:00,1000004-B,NA,(25) Grupo 25,Jeanneth Galeano Penaloza,0,6
local-20260914T213133,2026-09-14T21:32:16-05:00,1000004-B,NA,(27) Grupo 27,JHOAN SEBASTIAN TENJO GARCIA,0,6
local-20260914T213133,2026-09-14T21:32:16-05:00,1000004-B,NA,(28) Grupo 28,Gabriel Ignacio Padilla Leon,2,6
local-20260914T213133,2026-09-14T21:32:16-05:00,1000004-B,NA,(29) Grupo 29,DANIEL FELIPE SUÁREZ LEÓN,0,6
local-20260914T213133,2026-09-14T21:32:16-05:00,1000004-B,NA,(3) Grupo 3,SANDRA NATALIA FLOREZ GARCIA,5,6
local-20260914T213133,2026-09-14T21:32:16-05:00,1000004-B,NA,(30) Grupo 30,Gustavo Daver Cipagauta Cuitiva,48,6
local-20260914T213133,2026-09-14T21:32:16-05:00,1000004-B,NA,(32) Grupo 32,Ibeth Marcela Rubio Perilla,0,6
local-20260914T213133,2026-09-14T21:32:16-05:00,1000004-B,NA,(4) Grupo 4,Myriam Leonor Campos Florez,0,6
local-20260914T213133,2026-09-14T21:32:16-05:00,1000004-B,NA,(5) Grupo 5,RICHARD EDUARDO SANCHEZ MENDEZ,0,6
local-20260914T213133,2026-09-14T21:32:16-05:00,1000004-B,NA,(7) Grupo 7,Anderson Arley Vera Arboleda,0,6
local-20260914T213133,2026-09-14T21:32:16-05:00,1000004-B,NA,(8) Grupo 8,EDWIN RODRIGO CELIS MONTEALEGRE,27,6
local-20260914T213133,2026-09-14T21:32:16-05:00,1000004-B,NA,(9) Grupo 9,No informado,16,6
local-20260914T213133,2026-09-14T21:32:18-05:00,1000006-B,NA,(1) Grupo 1,ANDRÉS ÁLVAREZ RÍOS,0,7
local-20260914T213133,2026-09-14T21:32:18-05:00,1000006-B,NA,(10) Grupo 10,David Reyes Gaona,0,7
local-20260914T213133,2026-09-14T21:32:18-05:00,1000006-B,NA,(11) Grupo 11,Harold Deivi Contreras Contreras,0,7
local-20260914T213133,2026-09-14T21:32:18-05:00,1000006-B,NA,(12) Grupo 12,Leonid Lebedev,0,7
local-20260914T213133,2026-09-14T21:32:18-05:00,1000006-B,NA,(13) Grupo 13,Juan Carlos Hernandez Rincon,2,7
local-20260914T213133,2026-09-14T21:32:18-05:00,1000006-B,NA,(14) Grupo 14,CÉSAR ORLANDO RINCÓN GUERRERO,48,7
local-20260914T213133,2026-09-14T21:32:18-05:00,1000006-B,NA,(15) Grupo 15,JHOAN SEBASTIAN TENJO GARCIA,0,7
local-20260914T213133,2026-09-14T21:32:18-05:00,1000006-B,NA,(2) Grupo 2,Camilo Ernesto Medina Gonzalez,0,7
local-20260914T213133,2026-09-14T21:32:18-05:00,1000006-B,NA,(3) Grupo 3,Cesar Augusto Gomez Sierra,2,7
local-20260914T213133,2026-09-14T21:32:18-05:00,1000006-B,NA,(4) Grupo 4,Agustin Moreno Canadas,19,7
local-20260914T213133,2026-09-14T21:32:18-05:00,1000006-B,NA,(5) Grupo 5,Mauricio Lopez Hernandez,0,7
local-20260914T213133,2026-09-14T21:32:18-05:00,1000006-B,NA,(7) Grupo 7,No informado,3,7
local-20260914T213133,2026-09-14T21:32:18-05:00,1000006-B,NA,(8) Grupo 8,Epifanio Lozano Ayala,47,7
local-20260914T213133,2026-09-14T21:32:18-05:00,1000006-B,NA,(9) Grupo 9,Orlando Vanegas Canro,0,7
local-20260914T213133,2026-09-14T21:32:20-05:00,1000005-B,NA,(1) Grupo 1,Orlando Vanegas Canro,0,8
local-20260914T213133,2026-09-14T21:32:20-05:00,1000005-B,NA,(10) Grupo 10,Epifanio Lozano Ayala,0,8
local-20260914T213133,2026-09-14T21:32:20-05:00,1000005-B,NA,(12) Grupo 12,EDGAR SANTIAGO OCHOA QUIROGA,0,8
local-20260914T213133,2026-09-14T21:32:20-05:00,1000005-B,NA,(13) Grupo 13,Natalia Camila Pinzon Cortes,0,8
local-20260914T213133,2026-09-14T21:32:20-05:00,1000005-B,NA,(14) Grupo 14,Mohammed EL AIDI,1,8
local-20260914T213133,2026-09-14T21:32:20-05:00,1000005-B,NA,(15) Grupo 15,Alina Fedosova,0,8
local-20260914T213133,2026-09-14T21:32:20-05:00,1000005-B,NA,(16) Grupo 16,Jonhatan Castillo Barajas,0,8
local-20260914T213133,2026-09-14T21:32:20-05:00,1000005-B,NA,(17) Grupo 17,Hernan Garzon Gutierrez,0,8
local-20260914T213133,2026-09-14T21:32:20-05:00,1000005-B,NA,(19) Grupo 19,No informado,0,8
local-20260914T213133,2026-09-14T21:32:20-05:00,1000005-B,NA,(2) Grupo 2,No informado,0,8
local-20260914T213133,2026-09-14T21:32:20-05:00,1000005-B,NA,(20) Grupo 20,Franqui Solis Cardenas Poloche,0,8
local-20260914T213133,2026-09-14T21:32:20-05:00,1000005-B,NA,(21) Grupo 21,Gustavo Daver Cipagauta Cuitiva,0,8
local-20260914T213133,2026-09-14T21:32:20-05:00,1000005-B,NA,(22) Grupo 22,No informado,0,8
local-20260914T213133,2026-09-14T21:32:20-05:00,1000005-B,NA,(3) Grupo 3,Eduardo Cardenas Gomez,0,8
local-20260914T213133,2026-09-14T21:32:20-05:00,1000005-B,NA,(4) Grupo 4,Edward Samuel Becerra Rojas,6,8
local-20260914T213133,2026-09-14T21:32:20-05:00,1000005-B,NA,(6) Grupo 6,DANIEL CAMILO ARANA HERNÁNDEZ,0,8
local-20260914T213133,2026-09-14T21:32:20-05:00,1000005-B,NA,(7) Grupo 7,Franqui Solis Cardenas Poloche,0,8
local-20260914T213133,2026-09-14T21:32:20-05:00,1000005-B,NA,(8) Grupo 8,Franqui Solis Cardenas Poloche,0,8
local-20260914T213133,2026-09-14T21:32:20-05:00,1000005-B,NA,(9) Grupo 9,No informado,10,8
local-20260914T213133,2026-09-14T21:32:23-05:00,2015943,CLASE TEORICA,(1) Grupo 1,Carlos Orlando Robles Roa,2,10
local-20260914T213133,2026-09-14T21:32:24-05:00,2015944,CLASE TEORICA,(1) Grupo 1,SANTIAGO RAMIREZ ECHEVERRI,0,11
local-20260914T213133,2026-09-14T21:32:27-05:00,2015711,NA,(10) 2015711-10 Dibujo básico,Ariel Augusto Amaya Avila,0,12
local-20260914T213133,2026-09-14T21:32:27-05:00,2015711,NA,(11) 2015711-11 Dibujo básico,Cesar Augusto Bacca Gonzalez,0,12
local-20260914T213133,2026-09-14T21:32:27-05:00,2015711,NA,(14) 2015711-14 Dibujo básico,Cristian Felipe Morales Suárez,0,12
local-20260914T213133,2026-09-14T21:32:27-05:00,2015711,NA,(16) 2015711-16 Dibujo básico,DAVID FELIPE TORRES ARCE,0,12
local-20260914T213133,2026-09-14T21:32:27-05:00,2015711,NA,(4) 2015711-4 Dibujo básico,Cristian Felipe Morales Suárez,1,12
local-20260914T213133,2026-09-14T21:32:27-05:00,2015711,NA,(5) 2015711-5 Dibujo básico,Sebastian Achury Ortiz,0,12
local-20260914T213133,2026-09-14T21:32:27-05:00,2015711,NA,(7) 2015711-7 Dibujo básico,Cesar Augusto Bacca Gonzalez,1,12
local-20260914T213133,2026-09-14T21:32:27-05:00,2015711,NA,(8) 2015711-8 Dibujo básico,Miguel Angel Baquero Cortes,0,12
local-20260914T213133,2026-09-14T21:32:27-05:00,2015711,NA,(9) 2015711-9 Dibujo básico,EDWIN CAMILO REINA BELTRAN,0,12
local-20260914T213133,2026-09-14T21:32:38-05:00,2015948,CLASE TEORICA,(1) Grupo 1,YON ALEXANDER BOLAÑOS DIAZ,0,13
local-20260914T213133,2026-09-14T21:32:38-05:00,2015948,CLASE TEORICA,(2) Grupo 2,Mauricio Alberto Tapias Camacho,0,13
local-20260914T213133,2026-09-14T21:32:38-05:00,2015948,CLASE TEORICA,(3) Grupo 3,No informado,0,13
local-20260914T213133,2026-09-14T21:32:39-05:00,2015950,CLASE TEORICA,(1) Grupo 1,Darwin Humberto Mora Villota,0,14
local-20260914T213133,2026-09-14T21:32:39-05:00,2015950,CLASE TEORICA,(3) Grupo 3,Daniel Ricardo Lozano Monsalve,0,14
local-20260914T213133,2026-09-14T21:32:39-05:00,2015950,CLASE TEORICA,(4) Grupo 4,German Andres Mora Casas,0,14
local-20260914T213133,2026-09-14T21:32:39-05:00,2015950,CLASE TEORICA,(5) Grupo 5,THOMAS FEDERICO ROJAS VALLEJO,0,14
local-20260914T213133,2026-09-14T21:32:41-05:00,2015949,CLASE TEORICA,(1) Grupo 1,Mario Javier Cardozo Chaux,0,15
local-20260914T213133,2026-09-14T21:32:41-05:00,2015949,CLASE TEORICA,(2) Grupo 2,Wilson Ernesto Vargas Vargas,0,15
local-20260914T213133,2026-09-14T21:32:41-05:00,2015949,CLASE TEORICA,(3) Grupo 3,ELKIN DARIO CAÑON BUITRAGO,0,15
local-20260914T213133,2026-09-14T21:32:41-05:00,2015949,CLASE TEORICA,(4) Grupo 4,No informado,0,15
local-20260914T213133,2026-09-14T21:32:43-05:00,1000007-B,NA,(1) Grupo 1,JHON CRISTIAN MINA LADINO,0,16
local-20260914T213133,2026-09-14T21:32:43-05:00,1000007-B,NA,(11) Grupo 11,Leonid Lebedev,0,16
local-20260914T213133,2026-09-14T21:32:43-05:00,1000007-B,NA,(12) Grupo 12,Gustavo Adolfo Nieto Clavijo,3,16
local-20260914T213133,2026-09-14T21:32:43-05:00,1000007-B,NA,(13) Grupo 13,Omar Duque Gomez,32,16
local-20260914T213133,2026-09-14T21:32:43-05:00,1000007-B,NA,(14) Grupo 14,IVAN FELIPE SALAMANCA MEDINA,32,16
local-20260914T213133,2026-09-14T21:32:43-05:00,1000007-B,NA,(3) Grupo 3,IVAN FELIPE SALAMANCA MEDINA,0,16
local-20260914T213133,2026-09-14T21:32:43-05:00,1000007-B,NA,(4) Grupo 4,CARLOS SNEYDER OTALORA ALDANA,0,16
local-20260914T213133,2026-09-14T21:32:43-05:00,1000007-B,NA,(6) Grupo 6,Alexander Caviedes Castro,2,16
local-20260914T213133,2026-09-14T21:32:43-05:00,1000007-B,NA,(7) Grupo 7,Oscar Guillermo Riaño Castañeda,0,16
local-20260914T213133,2026-09-14T21:32:43-05:00,1000007-B,NA,(9) Grupo 9,Orlando Vanegas Canro,0,16
local-20260914T213133,2026-09-14T21:32:45-05:00,2026134,CLASE TEORICA,(2) Grupo 2,Juan Manuel Lizarazo Marriaga,0,17
local-20260914T213133,2026-09-14T21:32:45-05:00,2026134,CLASE TEORICA,(3) Grupo 3,Maritzabel Molina Herrera,2,17
local-20260914T213133,2026-09-14T21:32:45-05:00,2026134,CLASE TEORICA,(4) Grupo 4,Carlos Ramiro Vallecilla Bahena,0,17
local-20260914T213133,2026-09-14T21:32:45-05:00,2026134,CLASE TEORICA,(5) Grupo 5,Fernando Lozano Osorno,0,17
local-20260914T213133,2026-09-14T21:32:45-05:00,2026134,CLASE TEORICA,(6) Grupo 6,Jose Dario Moreno Pineda,0,17
local-20260914T213133,2026-09-14T21:32:47-05:00,2015954,CLASE TEORICA,(1) Grupo 1,Erasmo Alfredo Rodriguez Sandoval,0,18
local-20260914T213133,2026-09-14T21:32:47-05:00,2015954,CLASE TEORICA,(2) Grupo 2,Mario Enrique Moreno Castiblanco,0,18
local-20260914T213133,2026-09-14T21:32:47-05:00,2015954,CLASE TEORICA,(3) Grupo 3,Luis Alejandro Morales Marin,0,18
local-20260914T213133,2026-09-14T21:32:48-05:00,2015955,CLASE TEORICA,(1) Grupo 1,Giovanni Andres Cortes Tovar,0,19
local-20260914T213133,2026-09-14T21:32:48-05:00,2015955,CLASE TEORICA,(2) Grupo 2,Angela Barrera Puerto,13,19
local-20260914T213133,2026-09-14T21:32:48-05:00,2015955,CLASE TEORICA,(3) Grupo 3,Giovanni Andres Cortes Tovar,0,19
local-20260914T213133,2026-09-14T21:32:50-05:00,1000011-B,CLASE TEORICA,(1) Grupo 1,Ernesto Javier Puertas Dellepianes,79,20
local-20260914T213133,2026-09-14T21:32:50-05:00,1000011-B,CLASE TEORICA,(3) Grupo 3,Néstor Fernando Perez Buitrago,11,20
local-20260914T213133,2026-09-14T21:32:54-05:00,1000019-B,CLASE LABORATORIO,(1) Grupo 1,Gustavo Martinez Tamayo,0,21
local-20260914T213133,2026-09-14T21:32:54-05:00,1000019-B,CLASE LABORATORIO,(10) Grupo 10,No informado,0,21
local-20260914T213133,2026-09-14T21:32:54-05:00,1000019-B,CLASE LABORATORIO,(11) Grupo 11,EVER DAVID ALCALA CAJAR,0,21
local-20260914T213133,2026-09-14T21:32:54-05:00,1000019-B,CLASE LABORATORIO,(12) Grupo 12,FABIAN FELIPE QUEVEDO FARIETA,0,21
local-20260914T213133,2026-09-14T21:32:54-05:00,1000019-B,CLASE LABORATORIO,(13) Grupo 13,Alvaro Marino Camargo,0,21
local-20260914T213133,2026-09-14T21:32:54-05:00,1000019-B,CLASE LABORATORIO,(14) Grupo 14,Alvaro Marino Camargo,0,21
local-20260914T213133,2026-09-14T21:32:54-05:00,1000019-B,CLASE LABORATORIO,(15) Grupo 15,EVER DAVID ALCALA CAJAR,0,21
local-20260914T213133,2026-09-14T21:32:54-05:00,1000019-B,CLASE LABORATORIO,(16) Grupo 16,Alvaro Marino Camargo,0,21
local-20260914T213133,2026-09-14T21:32:54-05:00,1000019-B,CLASE LABORATORIO,(17) Grupo 17,JULIAN MATEO DE MENDOZA GUTIERREZ,2,21
local-20260914T213133,2026-09-14T21:32:54-05:00,1000019-B,CLASE LABORATORIO,(18) Grupo 18,Jaime Villalobos Velasco,0,21
local-20260914T213133,2026-09-14T21:32:54-05:00,1000019-B,CLASE LABORATORIO,(19) Grupo 19,JULY PAOLA GARZÓN LOPEZ,7,21
local-20260914T213133,2026-09-14T21:32:54-05:00,1000019-B,CLASE LABORATORIO,(2) Grupo 2,Gustavo Martinez Tamayo,0,21
local-20260914T213133,2026-09-14T21:32:54-05:00,1000019-B,CLASE LABORATORIO,(20) Grupo 20,JOSE ALFREDO GOMEZ MATEUS,20,21
local-20260914T213133,2026-09-14T21:32:54-05:00,1000019-B,CLASE LABORATORIO,(21) Grupo 21,Pedro Hernan Sanchez Machet,3,21
local-20260914T213133,2026-09-14T21:32:54-05:00,1000019-B,CLASE LABORATORIO,(22) Grupo 22,Pedro Hernan Sanchez Machet,14,21
local-20260914T213133,2026-09-14T21:32:54-05:00,1000019-B,CLASE LABORATORIO,(23) Grupo 23,Pedro Hernan Sanchez Machet,28,21
local-20260914T213133,2026-09-14T21:32:54-05:00,1000019-B,CLASE LABORATORIO,(24) Grupo 24,Pedro Hernan Sanchez Machet,12,21
local-20260914T213133,2026-09-14T21:32:54-05:00,1000019-B,CLASE LABORATORIO,(25) Grupo 25,Plinio Del Carmen Teheran Sermeno,25,21
local-20260914T213133,2026-09-14T21:32:54-05:00,1000019-B,CLASE LABORATORIO,(26) Grupo 26 (VIRTUAL),Plinio Del Carmen Teheran Sermeno,2,21
local-20260914T213133,2026-09-14T21:32:54-05:00,1000019-B,CLASE LABORATORIO,(27) Grupo 27 (VIRTUAL),Plinio Del Carmen Teheran Sermeno,1,21
local-20260914T213133,2026-09-14T21:32:54-05:00,1000019-B,CLASE LABORATORIO,(28) Grupo 28 (VIRTUAL),Plinio Del Carmen Teheran Sermeno,9,21
local-20260914T213133,2026-09-14T21:32:54-05:00,1000019-B,CLASE LABORATORIO,(29) Grupo 29 (VIRTUAL),Plinio Del Carmen Teheran Sermeno,7,21
local-20260914T213133,2026-09-14T21:32:54-05:00,1000019-B,CLASE LABORATORIO,(3) Grupo 3,Gustavo Martinez Tamayo,0,21
local-20260914T213133,2026-09-14T21:32:54-05:00,1000019-B,CLASE LABORATORIO,(4) Grupo 4,No informado,0,21
local-20260914T213133,2026-09-14T21:32:54-05:00,1000019-B,CLASE LABORATORIO,(5) Grupo 5,FABIAN FELIPE QUEVEDO FARIETA,1,21
local-20260914T213133,2026-09-14T21:32:54-05:00,1000019-B,CLASE LABORATORIO,(6) Grupo 6,Jaime Villalobos Velasco,1,21
local-20260914T213133,2026-09-14T21:32:54-05:00,1000019-B,CLASE LABORATORIO,(7) Grupo 7,Jaime Villalobos Velasco,0,21
local-20260914T213133,2026-09-14T21:32:54-05:00,1000019-B,CLASE LABORATORIO,(8) Grupo 8,Alvaro Marino Camargo,0,21
local-20260914T213133,2026-09-14T21:32:54-05:00,1000019-B,CLASE LABORATORIO,(9) Grupo 9,Erika Lorena Rosero Alzate,0,21
local-20260914T213133,2026-09-14T21:32:54-05:00,1000019-B,CLASE TALLER,(1) Grupo 1,FABIAN FELIPE QUEVEDO FARIETA,0,21
local-20260914T213133,2026-09-14T21:32:54-05:00,1000019-B,CLASE TALLER,(10) Grupo 10,FABIAN FELIPE QUEVEDO FARIETA; Gladys Aminta Mendoza Baron,0,21
local-20260914T213133,2026-09-14T21:32:54-05:00,1000019-B,CLASE TALLER,(11) Grupo 11,JULIAN MATEO DE MENDOZA GUTIERREZ; Gladys Aminta Mendoza Baron,0,21
local-20260914T213133,2026-09-14T21:32:54-05:00,1000019-B,CLASE TALLER,(12) Grupo 12,JULIAN MATEO DE MENDOZA GUTIERREZ,0,21
local-20260914T213133,2026-09-14T21:32:54-05:00,1000019-B,CLASE TALLER,(13) Grupo 13,MIGUEL ENRIQUE GÁMEZ LÓPEZ,0,21
local-20260914T213133,2026-09-14T21:32:54-05:00,1000019-B,CLASE TALLER,(14) Grupo 14,No informado,0,21
local-20260914T213133,2026-09-14T21:32:54-05:00,1000019-B,CLASE TALLER,(15) Grupo 15,EVER DAVID ALCALA CAJAR,0,21
local-20260914T213133,2026-09-14T21:32:54-05:00,1000019-B,CLASE TALLER,(16) Grupo 16,Edna Carolina Pinilla Beltran,0,21
local-20260914T213133,2026-09-14T21:32:54-05:00,1000019-B,CLASE TALLER,(17) Grupo 17,Jereson Silva Valencia,2,21
local-20260914T213133,2026-09-14T21:32:54-05:00,1000019-B,CLASE TALLER,(18) Grupo 18,Jereson Silva Valencia,0,21
local-20260914T213133,2026-09-14T21:32:54-05:00,1000019-B,CLASE TALLER,(19) Grupo 19,Jereson Silva Valencia,7,21
local-20260914T213133,2026-09-14T21:32:54-05:00,1000019-B,CLASE TALLER,(2) Grupo 2,Gustavo Martinez Tamayo,0,21
local-20260914T213133,2026-09-14T21:32:54-05:00,1000019-B,CLASE TALLER,(20) Grupo 20,Jereson Silva Valencia,20,21
local-20260914T213133,2026-09-14T21:32:54-05:00,1000019-B,CLASE TALLER,(21) Grupo 21,JOSE ALFREDO GOMEZ MATEUS,3,21
local-20260914T213133,2026-09-14T21:32:54-05:00,1000019-B,CLASE TALLER,(22) Grupo 22,JULY PAOLA GARZÓN LOPEZ,14,21
local-20260914T213133,2026-09-14T21:32:54-05:00,1000019-B,CLASE TALLER,(23) Grupo 23,Edna Carolina Pinilla Beltran,28,21
local-20260914T213133,2026-09-14T21:32:54-05:00,1000019-B,CLASE TALLER,(24) Grupo 24,Felipe Valencia Hernandez,12,21
local-20260914T213133,2026-09-14T21:32:54-05:00,1000019-B,CLASE TALLER,(25) Grupo 25,Plinio Del Carmen Teheran Sermeno,25,21
local-20260914T213133,2026-09-14T21:32:54-05:00,1000019-B,CLASE TALLER,(26) Grupo 26 (VIRTUAL),Plinio Del Carmen Teheran Sermeno,2,21
local-20260914T213133,2026-09-14T21:32:54-05:00,1000019-B,CLASE TALLER,(27) Grupo 27 (VIRTUAL),Plinio Del Carmen Teheran Sermeno,1,21
local-20260914T213133,2026-09-14T21:32:54-05:00,1000019-B,CLASE TALLER,(28) Grupo 28 (VIRTUAL),Plinio Del Carmen Teheran Sermeno,9,21
local-20260914T213133,2026-09-14T21:32:54-05:00,1000019-B,CLASE TALLER,(29) Grupo 29 (VIRTUAL),Plinio Del Carmen Teheran Sermeno,7,21
local-20260914T213133,2026-09-14T21:32:54-05:00,1000019-B,CLASE TALLER,(3) Grupo 3,Gustavo Martinez Tamayo,0,21
local-20260914T213133,2026-09-14T21:32:54-05:00,1000019-B,CLASE TALLER,(4) Grupo 4,Jaime Villalobos Velasco,0,21
local-20260914T213133,2026-09-14T21:32:54-05:00,1000019-B,CLASE TALLER,(5) Grupo 5,Jaime Villalobos Velasco,1,21
local-20260914T213133,2026-09-14T21:32:54-05:00,1000019-B,CLASE TALLER,(6) Grupo 6,Ramiro Cardona Cardona,1,21
local-20260914T213133,2026-09-14T21:32:54-05:00,1000019-B,CLASE TALLER,(7) Grupo 7,Ramiro Cardona Cardona,0,21
local-20260914T213133,2026-09-14T21:32:54-05:00,1000019-B,CLASE TALLER,(8) Grupo 8,Edna Carolina Pinilla Beltran,0,21
local-20260914T213133,2026-09-14T21:32:54-05:00,1000019-B,CLASE TALLER,(9) Grupo 9,No informado,6,21
local-20260914T213133,2026-09-14T21:32:54-05:00,1000019-B,CLASE MAGISTRAL,(16) Gruop 16,Erika Lorena Rosero Alzate; Daniel Camilo Padilla González,0,21
local-20260914T213133,2026-09-14T21:32:54-05:00,1000019-B,CLASE MAGISTRAL,(1) Grupo 1,Gustavo Martinez Tamayo,0,21
local-20260914T213133,2026-09-14T21:32:54-05:00,1000019-B,CLASE MAGISTRAL,(10) Grupo 10,Ovidio Amado Almanza Montero,0,21
local-20260914T213133,2026-09-14T21:32:54-05:00,1000019-B,CLASE MAGISTRAL,(11) Grupo 11,Ovidio Amado Almanza Montero,0,21
local-20260914T213133,2026-09-14T21:32:54-05:00,1000019-B,CLASE MAGISTRAL,(12) Grupo 12,Ovidio Amado Almanza Montero,0,21
local-20260914T213133,2026-09-14T21:32:54-05:00,1000019-B,CLASE MAGISTRAL,(13) Grupo 13,Jaime Villalobos Velasco,0,21
local-20260914T213133,2026-09-14T21:32:54-05:00,1000019-B,CLASE MAGISTRAL,(14) Grupo 14,Jaime Villalobos Velasco,0,21
local-20260914T213133,2026-09-14T21:32:54-05:00,1000019-B,CLASE MAGISTRAL,(15) Grupo 15,Jaime Villalobos Velasco,0,21
local-20260914T213133,2026-09-14T21:32:54-05:00,1000019-B,CLASE MAGISTRAL,(17) Grupo 17,Jereson Silva Valencia,2,21
local-20260914T213133,2026-09-14T21:32:54-05:00,1000019-B,CLASE MAGISTRAL,(18) Grupo 18,Jereson Silva Valencia,0,21
local-20260914T213133,2026-09-14T21:32:54-05:00,1000019-B,CLASE MAGISTRAL,(19) Grupo 19,Jereson Silva Valencia,7,21
local-20260914T213133,2026-09-14T21:32:54-05:00,1000019-B,CLASE MAGISTRAL,(2) Grupo 2,Gustavo Martinez Tamayo,0,21
local-20260914T213133,2026-09-14T21:32:54-05:00,1000019-B,CLASE MAGISTRAL,(20) Grupo 20,Jereson Silva Valencia,20,21
local-20260914T213133,2026-09-14T21:32:54-05:00,1000019-B,CLASE MAGISTRAL,(21) Grupo 21,Felipe Valencia Hernandez,3,21
local-20260914T213133,2026-09-14T21:32:54-05:00,1000019-B,CLASE MAGISTRAL,(22) Grupo 22,Felipe Valencia Hernandez,14,21
local-20260914T213133,2026-09-14T21:32:54-05:00,1000019-B,CLASE MAGISTRAL,(23) Grupo 23,Felipe Valencia Hernandez,28,21
local-20260914T213133,2026-09-14T21:32:54-05:00,1000019-B,CLASE MAGISTRAL,(24) Grupo 24,Felipe Valencia Hernandez,12,21
local-20260914T213133,2026-09-14T21:32:54-05:00,1000019-B,CLASE MAGISTRAL,(25) Grupo 25,Plinio Del Carmen Teheran Sermeno,25,21
local-20260914T213133,2026-09-14T21:32:54-05:00,1000019-B,CLASE MAGISTRAL,(26) Grupo 26 (VIRTUAL),Plinio Del Carmen Teheran Sermeno,2,21
local-20260914T213133,2026-09-14T21:32:54-05:00,1000019-B,CLASE MAGISTRAL,(27) Grupo 27 (VIRTUAL),Plinio Del Carmen Teheran Sermeno,1,21
local-20260914T213133,2026-09-14T21:32:54-05:00,1000019-B,CLASE MAGISTRAL,(28) Grupo 28 (VIRTUAL),Plinio Del Carmen Teheran Sermeno,9,21
local-20260914T213133,2026-09-14T21:32:54-05:00,1000019-B,CLASE MAGISTRAL,(29) Grupo 29 (VIRTUAL),Plinio Del Carmen Teheran Sermeno,7,21
local-20260914T213133,2026-09-14T21:32:54-05:00,1000019-B,CLASE MAGISTRAL,(3) Grupo 3,Gustavo Martinez Tamayo,0,21
local-20260914T213133,2026-09-14T21:32:54-05:00,1000019-B,CLASE MAGISTRAL,(4) Grupo 4,Gustavo Martinez Tamayo,0,21
local-20260914T213133,2026-09-14T21:32:54-05:00,1000019-B,CLASE MAGISTRAL,(5) Grupo 5,Ramiro Cardona Cardona,1,21
local-20260914T213133,2026-09-14T21:32:54-05:00,1000019-B,CLASE MAGISTRAL,(6) Grupo 6,Ramiro Cardona Cardona,1,21
local-20260914T213133,2026-09-14T21:32:54-05:00,1000019-B,CLASE MAGISTRAL,(7) Grupo 7,Ramiro Cardona Cardona,0,21
local-20260914T213133,2026-09-14T21:32:54-05:00,1000019-B,CLASE MAGISTRAL,(8) Grupo 8,Ramiro Cardona Cardona,0,21
local-20260914T213133,2026-09-14T21:32:54-05:00,1000019-B,CLASE MAGISTRAL,(9) Grupo 9,Fredy Angel Jimenez Giraldo,6,21
local-20260914T213133,2026-09-14T21:32:55-05:00,2015956,CLASE TEORICA,(1) Grupo 1,Modesto Portilla Gamboa; Fernando Eli Romero Ordoñez,0,22
local-20260914T213133,2026-09-14T21:32:55-05:00,2015956,CLASE TEORICA,(2) Grupo 2,Jennifer Angel Amaya,0,22
local-20260914T213133,2026-09-14T21:32:55-05:00,2015956,CLASE TEORICA,(3) Grupo 3,Jennifer Angel Amaya,0,22
local-20260914T213133,2026-09-14T21:32:55-05:00,2015956,CLASE TEORICA,(4) Grupo 4,Fernando Eli Romero Ordoñez; Modesto Portilla Gamboa,0,22
local-20260914T213133,2026-09-14T21:32:57-05:00,2015957,CLASE PRACTICA,(1) Grupo 1,ELKIN DARIO CAÑON BUITRAGO,0,23
local-20260914T213133,2026-09-14T21:32:57-05:00,2015957,CLASE PRACTICA,(2) Grupo 2,Samuel Fernando Mesa Giraldo,11,23
local-20260914T213133,2026-09-14T21:32:57-05:00,2015957,CLASE PRACTICA,(3) Grupo 3,Rose Marie Aldana Boutin,0,23
local-20260914T213133,2026-09-14T21:32:57-05:00,2015957,CLASE PRACTICA,(4) Grupo 4,Rose Marie Aldana Boutin,0,23
local-20260914T213133,2026-09-14T21:32:59-05:00,2015958,CLASE PRACTICA,(1) Grupo 1,William Castro Garcia,0,24
local-20260914T213133,2026-09-14T21:32:59-05:00,2015958,CLASE PRACTICA,(2) Grupo 2,William Castro Garcia,0,24
local-20260914T213133,2026-09-14T21:32:59-05:00,2015958,CLASE PRACTICA,(3) Grupo 3,Carlos Alfonso Gomez Guacaneme,4,24
local-20260914T213133,2026-09-14T21:32:59-05:00,2015958,CLASE PRACTICA,(4) Grupo 4,Mario Arturo Rincon Villalba,1,24
local-20260914T213133,2026-09-14T21:32:59-05:00,2015958,CLASE PRACTICA,(5) Grupo 5,Mario Arturo Rincon Villalba,4,24
local-20260914T213133,2026-09-14T21:32:59-05:00,2015958,CLASE PRACTICA,(6) Grupo 6,Fausto Alejandro Silva España,0,24
local-20260914T213133,2026-09-14T21:32:59-05:00,2015958,CLASE PRACTICA,(7) Grupo 7,Fausto Alejandro Silva España,1,24
local-20260914T213133,2026-09-14T21:32:59-05:00,2015958,CLASE PRACTICA,(8) Grupo 8,Fausto Alejandro Silva España,1,24
local-20260914T213133,2026-09-14T21:32:59-05:00,2015958,CLASE PRACTICA,(9) Grupo 9,Fausto Alejandro Silva España,7,24
local-20260914T213133,2026-09-14T21:32:59-05:00,2015958,CLASE TEORICA,(1) Grupo 1,William Castro Garcia,0,24
local-20260914T213133,2026-09-14T21:32:59-05:00,2015958,CLASE TEORICA,(3) Grupo 3,Carlos Alfonso Gomez Guacaneme,4,24
local-20260914T213133,2026-09-14T21:32:59-05:00,2015958,CLASE TEORICA,(4) Grupo 4,Mario Arturo Rincon Villalba,5,24
local-20260914T213133,2026-09-14T21:32:59-05:00,2015958,CLASE TEORICA,(6) Grupo 6,Cesar Andres Cortes Bello,1,24
local-20260914T213133,2026-09-14T21:32:59-05:00,2015958,CLASE TEORICA,(8) Grupo 8,Cesar Andres Cortes Bello,8,24
local-20260914T213133,2026-09-14T21:33:01-05:00,2015959,CLASE TEORICA,(1) Grupo 1,Carlos Eduardo Rodriguez Pineda,18,25
local-20260914T213133,2026-09-14T21:33:01-05:00,2015959,CLASE TEORICA,(2) Grupo 2,Guillermo Eduardo Avila Alvarez,0,25
local-20260914T213133,2026-09-14T21:33:01-05:00,2015959,CLASE TEORICA,(3) Grupo 3,Livaniel Viveros Rosero,1,25
local-20260914T213133,2026-09-14T21:33:10-05:00,2022760,NA,(1) Grupo 1,No informado,0,26
local-20260914T213133,2026-09-14T21:33:10-05:00,2022760,NA,(2) Grupo 2,Angela Barrera Puerto,0,26
local-20260914T213133,2026-09-14T21:33:12-05:00,2015961,CLASE TEORICA,(1) Grupo 1,MANUEL ANDRES NIÑO SILVA; Rafael Orland Ortiz Mosquera,0,27
local-20260914T213133,2026-09-14T21:33:12-05:00,2015961,CLASE TEORICA,(2) Grupo 2,MANUEL ANDRES NIÑO SILVA; Adriana Patricia Piña Fulano,0,27
local-20260914T213133,2026-09-14T21:33:12-05:00,2015961,CLASE TEORICA,(3) Grupo 3,MANUEL ANDRES NIÑO SILVA; Gelber Norberto Gutierrez Palacios,0,27
local-20260914T213133,2026-09-14T21:33:12-05:00,2015961,CLASE TEORICA,(4) Grupo 4,MANUEL ANDRES NIÑO SILVA; Camilo Andrés Caro Galindo,0,27
local-20260914T213133,2026-09-14T21:33:12-05:00,2015961,CLASE TEORICA,(5) Grupo 5,MANUEL ANDRES NIÑO SILVA; Paula Angelica Solarte Blandon,0,27
local-20260914T213133,2026-09-14T21:33:12-05:00,2015961,CLASE TEORICA,(6) Grupo 6,MANUEL ANDRES NIÑO SILVA; Leonardo David Donado Garzon,0,27
local-20260914T213133,2026-09-14T21:33:12-05:00,2015961,CLASE TEORICA,(7) Grupo 7,SERGIO ALEJANDRO RIVERA MONROY; Rafael Orland Ortiz Mosquera,3,27
local-20260914T213133,2026-09-14T21:33:12-05:00,2015961,CLASE TEORICA,(8) Grupo 8,SERGIO ALEJANDRO RIVERA MONROY,0,27
local-20260914T213133,2026-09-14T21:33:13-05:00,2015978,CLASE TEORICA,(1) Grupo 1,No informado,0,28
local-20260914T213133,2026-09-14T21:33:13-05:00,2015978,CLASE TEORICA,(2) Grupo 2,Erasmo Alfredo Rodriguez Sandoval,0,28
local-20260914T213133,2026-09-14T21:33:13-05:00,2015978,CLASE TEORICA,(3) Grupo 3,Estiveen Rodriguez Quintero,0,28
local-20260914T213133,2026-09-14T21:33:13-05:00,2015978,CLASE TEORICA,(4) Grupo 4,Diego Alberto Cortés Ramos,0,28
local-20260914T213133,2026-09-14T21:33:13-05:00,2015978,CLASE TEORICA,(5) Grupo 5,Diego Alberto Cortés Ramos,0,28
local-20260914T213133,2026-09-14T21:33:14-05:00,2026135,CLASE TEORICA,(1) Grupo 1,NICOLAS ESCALANTE MORA,0,29
local-20260914T213133,2026-09-14T21:33:14-05:00,2026135,CLASE TEORICA,(2) Grupo 2,Leonel Vega Mora,18,29
local-20260914T213133,2026-09-14T21:33:14-05:00,2026135,CLASE TEORICA,(3) Grupo 3,Leonel Vega Mora,0,29
local-20260914T213133,2026-09-14T21:33:16-05:00,2015963,CLASE TEORICA,(1) Grupo 1,Liliana Yanneth Bohorques Avendaño,2,30
local-20260914T213133,2026-09-14T21:33:16-05:00,2015963,CLASE TEORICA,(2) Grupo 2,Diego Enrique Machuca Duarte,0,30
local-20260914T213133,2026-09-14T21:33:16-05:00,2015963,CLASE TEORICA,(3) Grupo 3,William Castro Garcia,8,30
local-20260914T213133,2026-09-14T21:33:17-05:00,2026138,CLASE TEORICA,(1) Grupo 1,Ivan Dario Serrano Arrieta,2,31
local-20260914T213133,2026-09-14T21:33:17-05:00,2026138,CLASE TEORICA,(2) Grupo 2,Ivan Dario Serrano Arrieta,0,31
local-20260914T213133,2026-09-14T21:33:17-05:00,2026138,CLASE TEORICA,(3) Grupo 3,Pedro Luis Jimenez Poveda,2,31
local-20260914T213133,2026-09-14T21:33:19-05:00,2015703,NA,(1) Grupo 1,Angela Maria Arboleda Restrepo,0,32
local-20260914T213133,2026-09-14T21:33:19-05:00,2015703,NA,(10) Grupo 10,Diego Alejandro Hernandez Castañeda,0,32
local-20260914T213133,2026-09-14T21:33:19-05:00,2015703,NA,(11) Grupo 11,Julio Cesar Cañon Rodriguez,0,32
local-20260914T213133,2026-09-14T21:33:19-05:00,2015703,NA,(2) Grupo 2,Osman Benjamin Giovanny Vargas Rozo,0,32
local-20260914T213133,2026-09-14T21:33:19-05:00,2015703,NA,(3) Grupo 3,Hugo Alberto Herrera Fonseca,0,32
local-20260914T213133,2026-09-14T21:33:19-05:00,2015703,NA,(4) Grupo 4,LINA JULIANA BULLA CASAS,0,32
local-20260914T213133,2026-09-14T21:33:19-05:00,2015703,NA,(5) Grupo 5 - Virtual,Cesar Augusto Roa Lemus,0,32
local-20260914T213133,2026-09-14T21:33:19-05:00,2015703,NA,(6) Grupo 6,JAVIER RICARDO OJEDA SANCHEZ,0,32
local-20260914T213133,2026-09-14T21:33:19-05:00,2015703,NA,(7) Grupo 7,JAVIER RICARDO OJEDA SANCHEZ,0,32
local-20260914T213133,2026-09-14T21:33:19-05:00,2015703,NA,(8) Grupo 8,Diego Alejandro Hernandez Castañeda,0,32
local-20260914T213133,2026-09-14T21:33:19-05:00,2015703,NA,(9) Grupo 9,LINA JULIANA BULLA CASAS,0,32
local-20260914T213133,2026-09-14T21:33:22-05:00,1000044-B,CLASE TEORICA,(1) Grupo 1,Beatriz Elena Urrutia Sanchez,6,33
local-20260914T213133,2026-09-14T21:33:22-05:00,1000044-B,CLASE TEORICA,(2) Grupo 2,Yaneli Niño Osorio,3,33
local-20260914T213133,2026-09-14T21:33:22-05:00,1000044-B,CLASE TEORICA,(3) Grupo 3,Luis Gabriel Peña Ortiz,2,33
local-20260914T213133,2026-09-14T21:33:22-05:00,1000044-B,CLASE TEORICA,(4) Grupo 4,Liliana Marcela Guzman Aricapa,1,33
local-20260914T213133,2026-09-14T21:33:22-05:00,1000044-B,CLASE TEORICA,(5) Grupo 5,Beatriz Elena Urrutia Sanchez,0,33
local-20260914T213133,2026-09-14T21:33:22-05:00,1000044-B,CLASE TEORICA,(6) Grupo 6,Cesar Augusto Romero,0,33
local-20260914T213133,2026-09-14T21:33:22-05:00,1000044-B,CLASE TEORICA,(7) Grupo 7,JOSE JONATHAN MAESTRE HERRERA,1,33
local-20260914T213133,2026-09-14T21:33:22-05:00,1000044-B,CLASE TEORICA,(8) Grupo 8,Beymar Leonardo Solorzano Alviz,2,33
local-20260914T213133,2026-09-14T21:33:22-05:00,1000044-B,CLASE TEORICA,(9) Grupo 9,Claudia Marcela Arevalo Gomez,1,33
local-20260914T213133,2026-09-14T21:33:25-05:00,1000045-B,CLASE TEORICA,(1) Grupo 1,Claudia Marcela Arevalo Gomez,3,34
local-20260914T213133,2026-09-14T21:33:25-05:00,1000045-B,CLASE TEORICA,(10) Grupo 10,Jesica paola Rendon Alfonso,0,34
local-20260914T213133,2026-09-14T21:33:25-05:00,1000045-B,CLASE TEORICA,(11) Grupo 11,JOSE JONATHAN MAESTRE HERRERA,0,34
local-20260914T213133,2026-09-14T21:33:25-05:00,1000045-B,CLASE TEORICA,(12) Grupo 12,LINDA JOHANA RUIZ GOMEZ,0,34
local-20260914T213133,2026-09-14T21:33:25-05:00,1000045-B,CLASE TEORICA,(13) Grupo 13,Narly Yadira Pardo Cadena,1,34
local-20260914T213133,2026-09-14T21:33:25-05:00,1000045-B,CLASE TEORICA,(14) Grupo 14,Angelica Saenz Fonseca,0,34
local-20260914T213133,2026-09-14T21:33:25-05:00,1000045-B,CLASE TEORICA,(15) Grupo 15,Narly Yadira Pardo Cadena,1,34
local-20260914T213133,2026-09-14T21:33:25-05:00,1000045-B,CLASE TEORICA,(16) Grupo 16,Luis Gabriel Peña Ortiz,2,34
local-20260914T213133,2026-09-14T21:33:25-05:00,1000045-B,CLASE TEORICA,(2) Grupo 2,Cesar Augusto Romero,0,34
local-20260914T213133,2026-09-14T21:33:25-05:00,1000045-B,CLASE TEORICA,(3) Grupo 3,Jesica paola Rendon Alfonso,0,34
local-20260914T213133,2026-09-14T21:33:25-05:00,1000045-B,CLASE TEORICA,(4) Grupo 4,Adriana Marlen Sanchez Riaño,1,34
local-20260914T213133,2026-09-14T21:33:25-05:00,1000045-B,CLASE TEORICA,(5) Grupo 5,Cesar Augusto Romero,0,34
local-20260914T213133,2026-09-14T21:33:25-05:00,1000045-B,CLASE TEORICA,(6) Grupo 6,Sara Elisa Monsalve Patino,0,34
local-20260914T213133,2026-09-14T21:33:25-05:00,1000045-B,CLASE TEORICA,(7) Grupo 7,Luis Gabriel Peña Ortiz,0,34
local-20260914T213133,2026-09-14T21:33:25-05:00,1000045-B,CLASE TEORICA,(8) Grupo 8,Johnatan Martinez Hernandez,1,34
local-20260914T213133,2026-09-14T21:33:25-05:00,1000045-B,CLASE TEORICA,(9) Grupo 9,Maureen Elizabeth Hooker Oneill,9,34
local-20260914T213133,2026-09-14T21:33:29-05:00,1000046-B,CLASE TEORICA,(1) Grupo 1,Johnatan Martinez Hernandez,2,36
local-20260914T213133,2026-09-14T21:33:29-05:00,1000046-B,CLASE TEORICA,(10) Grupo 10,Jennly Angelica Gomez Rodriguez,0,36
local-20260914T213133,2026-09-14T21:33:29-05:00,1000046-B,CLASE TEORICA,(11) Grupo 11,Angelica Saenz Fonseca,0,36
local-20260914T213133,2026-09-14T21:33:29-05:00,1000046-B,CLASE TEORICA,(12) Grupo 12,Liliana Marcela Guzman Aricapa,0,36
local-20260914T213133,2026-09-14T21:33:29-05:00,1000046-B,CLASE TEORICA,(13) Grupo 13,ALBA LUCIA RIAÑO RODRIGUEZ,3,36
local-20260914T213133,2026-09-14T21:33:29-05:00,1000046-B,CLASE TEORICA,(14) Grupo 14,Angelica Saenz Fonseca,3,36
local-20260914T213133,2026-09-14T21:33:29-05:00,1000046-B,CLASE TEORICA,(15) Grupo 15,Luis Gabriel Peña Ortiz,1,36
local-20260914T213133,2026-09-14T21:33:29-05:00,1000046-B,CLASE TEORICA,(16) Grupo 16,Olga Lucia Ruiz Convers,5,36
local-20260914T213133,2026-09-14T21:33:29-05:00,1000046-B,CLASE TEORICA,(17) Grupo 17,Luis Gabriel Peña Ortiz,0,36
local-20260914T213133,2026-09-14T21:33:29-05:00,1000046-B,CLASE TEORICA,(18) Grupo 18,Narly Yadira Pardo Cadena,1,36
local-20260914T213133,2026-09-14T21:33:29-05:00,1000046-B,CLASE TEORICA,(2) Grupo 2,Jesica paola Rendon Alfonso,1,36
local-20260914T213133,2026-09-14T21:33:29-05:00,1000046-B,CLASE TEORICA,(3) Grupo 3,JESUS DAVID TORRES RODRIGUEZ,8,36
local-20260914T213133,2026-09-14T21:33:29-05:00,1000046-B,CLASE TEORICA,(4) Grupo 4,Claudia Patricia Cortes Lora,2,36
local-20260914T213133,2026-09-14T21:33:29-05:00,1000046-B,CLASE TEORICA,(5) Grupo 5,Johnatan Martinez Hernandez,2,36
local-20260914T213133,2026-09-14T21:33:29-05:00,1000046-B,CLASE TEORICA,(6) Grupo 6,Johnatan Martinez Hernandez,1,36
local-20260914T213133,2026-09-14T21:33:29-05:00,1000046-B,CLASE TEORICA,(7) Grupo 7,Jesica paola Rendon Alfonso,0,36
local-20260914T213133,2026-09-14T21:33:29-05:00,1000046-B,CLASE TEORICA,(8) Grupo 8,Beatriz Elena Urrutia Sanchez,0,36
local-20260914T213133,2026-09-14T21:33:29-05:00,1000046-B,CLASE TEORICA,(9) Grupo 9,Maureen Elizabeth Hooker Oneill,7,36
local-20260914T213133,2026-09-14T21:33:32-05:00,1000052-B,CLASE TEORICA,(1) Grupo 1,Liliana Marcela Guzman Aricapa,4,38
local-20260914T213133,2026-09-14T21:33:32-05:00,1000052-B,CLASE TEORICA,(2) Grupo 2,JOSE JONATHAN MAESTRE HERRERA,7,38
local-20260914T213133,2026-09-14T21:33:32-05:00,1000052-B,CLASE TEORICA,(3) Grupo 3,Aida Elena Monsalve Solorzano,14,38
local-20260914T213133,2026-09-14T21:33:41-05:00,1000053-B,CLASE TEORICA,(1) Grupo 1,Jennly Angelica Gomez Rodriguez,1,39
local-20260914T213133,2026-09-14T21:33:41-05:00,1000053-B,CLASE TEORICA,(2) Grupo 2,Yaneli Niño Osorio,0,39
local-20260914T213133,2026-09-14T21:33:41-05:00,1000053-B,CLASE TEORICA,(3) Grupo 3,Javier Rodriguez Gomez,15,39
local-20260914T213133,2026-09-14T21:33:41-05:00,1000053-B,CLASE TEORICA,(4) Grupo 4,Javier Rodriguez Gomez,9,39
local-20260914T213133,2026-09-14T21:33:41-05:00,1000053-B,CLASE TEORICA,(5) Grupo 5,LINDA JOHANA RUIZ GOMEZ,10,39
local-20260914T213133,2026-09-14T21:33:41-05:00,1000053-B,CLASE TEORICA,(6) Grupo 6,Olga Lucia Ruiz Convers,9,39
local-20260914T213133,2026-09-14T21:33:44-05:00,1000047-B,CLASE TEORICA,(1) Grupo 1,Cesar Augusto Romero,1,40
local-20260914T213133,2026-09-14T21:33:44-05:00,1000047-B,CLASE TEORICA,(10) Grupo 10,Monica Alexandra Riaño Orjuela,0,40
local-20260914T213133,2026-09-14T21:33:44-05:00,1000047-B,CLASE TEORICA,(11) Grupo 11,Jennly Angelica Gomez Rodriguez,1,40
local-20260914T213133,2026-09-14T21:33:44-05:00,1000047-B,CLASE TEORICA,(12) Grupo 12,Claudia Patricia Cortes Lora,2,40
local-20260914T213133,2026-09-14T21:33:44-05:00,1000047-B,CLASE TEORICA,(13) Grupo 13,Angelica Saenz Fonseca,2,40
local-20260914T213133,2026-09-14T21:33:44-05:00,1000047-B,CLASE TEORICA,(14) Grupo 14,LINDA JOHANA RUIZ GOMEZ,1,40
local-20260914T213133,2026-09-14T21:33:44-05:00,1000047-B,CLASE TEORICA,(15) Grupo 15,Claudia Patricia Cortes Lora,0,40
local-20260914T213133,2026-09-14T21:33:44-05:00,1000047-B,CLASE TEORICA,(16) Grupo 16,Narly Yadira Pardo Cadena,0,40
local-20260914T213133,2026-09-14T21:33:44-05:00,1000047-B,CLASE TEORICA,(17) Grupo 17,Angelica Saenz Fonseca,1,40
local-20260914T213133,2026-09-14T21:33:44-05:00,1000047-B,CLASE TEORICA,(18) Grupo 18,ALBA LUCIA RIAÑO RODRIGUEZ,1,40
local-20260914T213133,2026-09-14T21:33:44-05:00,1000047-B,CLASE TEORICA,(19) Grupo 19,Aida Elena Monsalve Solorzano,1,40
local-20260914T213133,2026-09-14T21:33:44-05:00,1000047-B,CLASE TEORICA,(2) Grupo 2,Yaneli Niño Osorio,0,40
local-20260914T213133,2026-09-14T21:33:44-05:00,1000047-B,CLASE TEORICA,(20) Grupo 20,ALBA LUCIA RIAÑO RODRIGUEZ,0,40
local-20260914T213133,2026-09-14T21:33:44-05:00,1000047-B,CLASE TEORICA,(21) Grupo 21,Edwin Yesid Leon Silva,2,40
local-20260914T213133,2026-09-14T21:33:44-05:00,1000047-B,CLASE TEORICA,(22) Grupo 22,LINDA JOHANA RUIZ GOMEZ,1,40
local-20260914T213133,2026-09-14T21:33:44-05:00,1000047-B,CLASE TEORICA,(3) Grupo 3,Monica Alexandra Riaño Orjuela,1,40
local-20260914T213133,2026-09-14T21:33:44-05:00,1000047-B,CLASE TEORICA,(4) Grupo 4,Claudia Patricia Cortes Lora,5,40
local-20260914T213133,2026-09-14T21:33:44-05:00,1000047-B,CLASE TEORICA,(5) Grupo 5,Olga Lucia Ruiz Convers,3,40
local-20260914T213133,2026-09-14T21:33:44-05:00,1000047-B,CLASE TEORICA,(6) Grupo 6,Monica Alexandra Riaño Orjuela,0,40
local-20260914T213133,2026-09-14T21:33:44-05:00,1000047-B,CLASE TEORICA,(7) Grupo 7,Cesar Augusto Romero,0,40
local-20260914T213133,2026-09-14T21:33:44-05:00,1000047-B,CLASE TEORICA,(8) Grupo 8,Beatriz Elena Urrutia Sanchez,2,40
local-20260914T213133,2026-09-14T21:33:44-05:00,1000047-B,CLASE TEORICA,(9) Grupo 9,Keshia Hilary Howard Livingston,13,40
local-20260914T213133,2026-09-14T21:33:47-05:00,2026186,CLASE TEORICA,(1) Grupo 1,MIGUEL ÁNGEL RIVAS TABARES,0,42
local-20260914T213133,2026-09-14T21:33:47-05:00,2026186,CLASE TEORICA,(2) Grupo 2,Leonel Vega Mora,0,42
local-20260914T213133,2026-09-14T21:33:47-05:00,2026186,CLASE TEORICA,(3) Grupo 3,CAMILO RIOS FRESNEDA,0,42
local-20260914T213133,2026-09-14T21:33:47-05:00,2026186,CLASE TEORICA,(4) Grupo 4,Carlos Orlando Robles Roa,0,42
local-20260914T213133,2026-09-14T21:33:53-05:00,1000001-B,CLASE TEORICA,(1) Grupo 1,No informado,0,44
local-20260914T213133,2026-09-14T21:33:53-05:00,1000001-B,CLASE TEORICA,(19) Grupo 19,No informado,1,44
local-20260914T213133,2026-09-14T21:33:53-05:00,1000001-B,CLASE TEORICA,(2) Grupo 2,Orlando Vanegas Canro,0,44
local-20260914T213133,2026-09-14T21:33:53-05:00,1000001-B,CLASE MAGISTRAL,(1) Grupo 1,DANIEL FELIPE SUÁREZ LEÓN,0,44
local-20260914T213133,2026-09-14T21:33:53-05:00,1000001-B,CLASE MAGISTRAL,(10) Grupo 10,David Reyes Gaona,0,44
local-20260914T213133,2026-09-14T21:33:53-05:00,1000001-B,CLASE MAGISTRAL,(2) Grupo 2,SERGIO ANDRES TAMAYO LÓPEZ,0,44
local-20260914T213133,2026-09-14T21:33:53-05:00,1000001-B,CLASE MAGISTRAL,(3) Grupo 3,NICOLAS RODRIGUEZ CHACON,0,44
local-20260914T213133,2026-09-14T21:33:53-05:00,1000001-B,CLASE MAGISTRAL,(4) Grupo 4,JHON CRISTIAN MINA LADINO,0,44
local-20260914T213133,2026-09-14T21:33:53-05:00,1000001-B,CLASE MAGISTRAL,(5) Grupo 5,MIGUEL ANGEL COLMENARES HERRERA,1,44
local-20260914T213133,2026-09-14T21:33:53-05:00,1000001-B,CLASE MAGISTRAL,(6) Grupo 6,DANIEL FELIPE SUÁREZ LEÓN,0,44
local-20260914T213133,2026-09-14T21:33:53-05:00,1000001-B,CLASE MAGISTRAL,(7) Grupo 7,SERGIO ANDRES TAMAYO LÓPEZ,0,44
local-20260914T213133,2026-09-14T21:33:53-05:00,1000001-B,CLASE MAGISTRAL,(8) Grupo 8,JAIRO SEBASTIÁN NIÑO CASTRO,0,44
local-20260914T213133,2026-09-14T21:33:53-05:00,1000001-B,CLASE MAGISTRAL,(9) Grupo 9,No informado,10,44
local-20260914T213133,2026-09-14T21:33:55-05:00,2015965,CLASE TEORICA,(1) Grupo 1,Edwin Alexander Prieto Saavedra; CAMILO RIOS FRESNEDA,0,45
local-20260914T213133,2026-09-14T21:33:55-05:00,2015965,CLASE TEORICA,(2) Grupo 2,Julian David Puerto Suarez; Vladimir Buelvas Hernández,0,45
local-20260914T213133,2026-09-14T21:33:55-05:00,2015965,CLASE TEORICA,(3) Grupo 3,Ferney Betancourt Cardozo; Juan Manuel Lizarazo Marriaga,0,45
local-20260914T213133,2026-09-14T21:33:55-05:00,2015965,CLASE TEORICA,(4) Grupo 4,Edwin Alexander Prieto Saavedra,0,45
local-20260914T213133,2026-09-14T21:33:56-05:00,2015966,CLASE TEORICA,(1) Grupo 1,NICOLAS GUTIERREZ ARIAS; Paula Angelica Solarte Blandon,1,46
local-20260914T213133,2026-09-14T21:33:56-05:00,2015966,CLASE TEORICA,(2) Grupo 2,NICOLAS GUTIERREZ ARIAS; Adriana Patricia Piña Fulano,0,46
local-20260914T213133,2026-09-14T21:33:56-05:00,2015966,CLASE TEORICA,(3) Grupo 3,NICOLAS GUTIERREZ ARIAS,0,46
local-20260914T213133,2026-09-14T21:33:56-05:00,2015966,CLASE TEORICA,(4) Grupo 4,NICOLAS GUTIERREZ ARIAS; Camilo Andrés Caro Galindo,0,46
local-20260914T213133,2026-09-14T21:33:56-05:00,2015966,CLASE TEORICA,(5) Grupo 5,NICOLAS GUTIERREZ ARIAS; MARIA LUCIA SALAZAR TORRES,0,46
local-20260914T213133,2026-09-14T21:33:56-05:00,2015966,CLASE TEORICA,(6) Grupo 6,NICOLAS GUTIERREZ ARIAS; Luis Alejandro Morales Marin,0,46
local-20260914T213133,2026-09-14T21:33:56-05:00,2015966,CLASE TEORICA,(7) Grupo 7,NICOLAS GUTIERREZ ARIAS; SERGIO ALEJANDRO RIVERA MONROY,0,46
local-20260914T213133,2026-09-14T21:33:56-05:00,2015966,CLASE TEORICA,(8) Grupo 8,NICOLAS GUTIERREZ ARIAS,0,46
local-20260914T213133,2026-09-14T21:33:57-05:00,2015967,NA,(1) Grupo 1,Vladimir Buelvas Hernández,0,47
local-20260914T213133,2026-09-14T21:34:00-05:00,2015968,CLASE TEORICA,(1) Grupo 1,Ricardo Parra Arango,0,48
local-20260914T213133,2026-09-14T21:34:00-05:00,2015968,CLASE TEORICA,(2) Grupo 2,Daniel Felipe Rodriguez Ramirez,0,48
local-20260914T213133,2026-09-14T21:34:00-05:00,2015968,CLASE TEORICA,(3) Grupo 3,Juan David Oliveros Salazar,0,48
local-20260914T213133,2026-09-14T21:34:00-05:00,2015968,CLASE TEORICA,(4) Grupo 4,Ricardo Parra Arango,0,48
local-20260914T213133,2026-09-14T21:34:00-05:00,2015968,CLASE TEORICA,(5) Grupo 5,Julian David Puerto Suarez,0,48
local-20260914T213133,2026-09-14T21:34:00-05:00,2015968,CLASE TEORICA,(6) Grupo 6,Dorian Luis Linero Segrera,0,48
local-20260914T213133,2026-09-14T21:34:01-05:00,2015969,CLASE TEORICA,(1) Grupo 1 (Inglés),Julio Esteban Colmenares Montañez,5,49
local-20260914T213133,2026-09-14T21:34:01-05:00,2015969,CLASE TEORICA,(2) Grupo 2,Guillermo Eduardo Avila Alvarez,0,49
local-20260914T213133,2026-09-14T21:34:01-05:00,2015969,CLASE TEORICA,(3) Grupo 3,Livaniel Viveros Rosero,0,49
local-20260914T213133,2026-09-14T21:34:01-05:00,2015969,CLASE TEORICA,(4) Grupo 4,Ronald Steve Garzon Espejo,0,49
local-20260914T213133,2026-09-14T21:34:03-05:00,2015970,CLASE PRACTICA,(10) Grupo 10,JUAN DANIEL SARMIENTO ABELLO,0,50
local-20260914T213133,2026-09-14T21:34:03-05:00,2015970,CLASE PRACTICA,(4) Grupo 4,Helga Duarte,12,50
local-20260914T213133,2026-09-14T21:34:03-05:00,2015970,CLASE PRACTICA,(5) Grupo 5,Oswaldo Rojas Camacho,2,50
local-20260914T213133,2026-09-14T21:34:03-05:00,2015970,CLASE PRACTICA,(7) Grupo 7,Cristhian Fernando Lara Espejo,0,50
local-20260914T213133,2026-09-14T21:34:03-05:00,2015970,CLASE PRACTICA,(8) Grupo 8,Helga Duarte,14,50
local-20260914T213133,2026-09-14T21:34:03-05:00,2015970,CLASE PRACTICA,(9) Grupo 9,Oswaldo Rojas Camacho,3,50
local-20260914T213133,2026-09-14T21:34:04-05:00,2017293,CLASE TEORICA,(1) 2017293-1 Modelación matemática,David Leonardo Diaz Leon,3,51
local-20260914T213133,2026-09-14T21:34:04-05:00,2017293,CLASE TEORICA,(2) 2017293-2 Modelación matemática,David Leonardo Diaz Leon,1,51
local-20260914T213133,2026-09-14T21:34:04-05:00,2017293,CLASE MAGISTRAL,(1M) 2017293-1M Modelación matemática - Magistral,Carlos Alberto Duque Daza,9,51
local-20260914T213133,2026-09-14T21:34:15-05:00,2025971,CLASE TEORICA,(3) Grupo 3,Gustavo Alfredo Bula,27,53
local-20260914T213133,2026-09-14T21:34:15-05:00,2025971,CLASE TEORICA,(4) Grupo 4,Gustavo Alfredo Bula,12,53
local-20260914T213133,2026-09-14T21:34:17-05:00,2015971,CLASE TEORICA,(1) Grupo 1,Daniel Alberto Silva Castillo,7,54
local-20260914T213133,2026-09-14T21:34:17-05:00,2015971,CLASE TEORICA,(2) Grupo 2,Ferney Betancourt Cardozo,0,54
local-20260914T213133,2026-09-14T21:34:17-05:00,2015971,CLASE TEORICA,(3) Grupo 3,RODRIGO LEON JAIMES MADRID,0,54
local-20260914T213133,2026-09-14T21:34:18-05:00,2015972,CLASE TEORICA,(1) Grupo 1,Carlos Alberto Moncada Aristizabal,0,55
local-20260914T213133,2026-09-14T21:34:18-05:00,2015972,CLASE TEORICA,(2) Grupo 2,SANTIAGO RAMIREZ ECHEVERRI,0,55
local-20260914T213133,2026-09-14T21:34:18-05:00,2015972,CLASE TEORICA,(3) Grupo 3,Maria Constanza Garcia Alicastro,0,55
local-20260914T213133,2026-09-14T21:34:20-05:00,1000024-B,CLASE TEORICA,(12) Grupo 12,Edgar Delgado Mejia,4,56
local-20260914T213133,2026-09-14T21:34:20-05:00,1000024-B,CLASE TEORICA,(13) Grupo 13,Jesus Sigifredo Valencia Rios,0,56
local-20260914T213133,2026-09-14T21:34:20-05:00,1000024-B,CLASE TEORICA,(14) Grupo 14,Edgar Delgado Mejia,13,56
local-20260914T213133,2026-09-14T21:34:20-05:00,1000024-B,CLASE TEORICA,(18) Grupo 18,Jhon Jairo Aragón Arias,8,56
local-20260914T213133,2026-09-14T21:34:21-05:00,1000013-B,CLASE TEORICA,(1) Grupo 1,JHONIER SEBASTIAN RANGEL GUTIERREZ,0,57
local-20260914T213133,2026-09-14T21:34:21-05:00,1000013-B,CLASE TEORICA,(10) Grupo 10,Sandra Vergara Cardozo,0,57
local-20260914T213133,2026-09-14T21:34:21-05:00,1000013-B,CLASE TEORICA,(11) Grupo 11,DIEGO ALBERTO MARTINEZ SIMBAQUEVA,0,57
local-20260914T213133,2026-09-14T21:34:21-05:00,1000013-B,CLASE TEORICA,(12) Grupo 12,DIEGO ALBERTO MARTINEZ SIMBAQUEVA,0,57
local-20260914T213133,2026-09-14T21:34:21-05:00,1000013-B,CLASE TEORICA,(13) Grupo 13,DIEGO ALBERTO MARTINEZ SIMBAQUEVA,0,57
local-20260914T213133,2026-09-14T21:34:21-05:00,1000013-B,CLASE TEORICA,(14) Grupo 14,Andrea Catalina Garcia Montoya,0,57
local-20260914T213133,2026-09-14T21:34:21-05:00,1000013-B,CLASE TEORICA,(15) Grupo 15,Andrea Catalina Garcia Montoya,0,57
local-20260914T213133,2026-09-14T21:34:21-05:00,1000013-B,CLASE TEORICA,(2) Grupo 2,Luis Guillermo Diaz Monroy,0,57
local-20260914T213133,2026-09-14T21:34:21-05:00,1000013-B,CLASE TEORICA,(3) Grupo 3,Diana Carolina Franco Soto,0,57
local-20260914T213133,2026-09-14T21:34:21-05:00,1000013-B,CLASE TEORICA,(5) Grupo 5,Darwin Eduardo Martínez Riaño,1,57
local-20260914T213133,2026-09-14T21:34:21-05:00,1000013-B,CLASE TEORICA,(7) Grupo 7,Camilo Jose Torres Jimenez,2,57
local-20260914T213133,2026-09-14T21:34:23-05:00,2015734,NA,(1) Grupo 1,Fernando Salazar Delgado,0,58
local-20260914T213133,2026-09-14T21:34:23-05:00,2015734,NA,(10) Grupo 10,Tito Florez Calderon,0,58
local-20260914T213133,2026-09-14T21:34:23-05:00,2015734,NA,(11) Grupo 11,DAVID ALBERTO HERRERA ALVAREZ,0,58
local-20260914T213133,2026-09-14T21:34:23-05:00,2015734,NA,(12) Grupo 12,FABIEL NATÁN ESPINOSA CASTAÑEDA,0,58
local-20260914T213133,2026-09-14T21:34:23-05:00,2015734,NA,(13) Grupo 13,SERGIO CAMILO ESPINOSA BOTERO,0,58
local-20260914T213133,2026-09-14T21:34:23-05:00,2015734,NA,(14) Grupo 14,Carlos Andres Sierra Virguez,0,58
local-20260914T213133,2026-09-14T21:34:23-05:00,2015734,NA,(2) Grupo 2,Fernando Salazar Delgado,0,58
local-20260914T213133,2026-09-14T21:34:23-05:00,2015734,NA,(3) Grupo 3,Jhoan Sebastian Restrepo Mendoza,0,58
local-20260914T213133,2026-09-14T21:34:23-05:00,2015734,NA,(4) Grupo 4,Sandra Liliana Rojas Martinez,0,58
local-20260914T213133,2026-09-14T21:34:23-05:00,2015734,NA,(5) Grupo 5,Jhoan Sebastian Restrepo Mendoza,0,58
local-20260914T213133,2026-09-14T21:34:23-05:00,2015734,NA,(6) Grupo 6,SERGIO CAMILO ESPINOSA BOTERO,0,58
local-20260914T213133,2026-09-14T21:34:23-05:00,2015734,NA,(7) Grupo 7,No informado,0,58
local-20260914T213133,2026-09-14T21:34:23-05:00,2015734,NA,(8) Grupo 8 - Virtual,FABIEL NATÁN ESPINOSA CASTAÑEDA,0,58
local-20260914T213133,2026-09-14T21:34:23-05:00,2015734,NA,(9) Grupo 9,Alvaro Reynel Córdoba,4,58
local-20260914T213133,2026-09-14T21:34:25-05:00,2016375,CLASE PRACTICA-POO,(7) Grupo 7,No informado,2,59
local-20260914T213133,2026-09-14T21:34:26-05:00,2015973,CLASE TEORICA,(1) Grupo 1,CARLOS ALBERTO ESPAÑOL MARIÑO,3,60
local-20260914T213133,2026-09-14T21:34:26-05:00,2015973,CLASE TEORICA,(2) Grupo 2,GABRIELA ARRIETA LOYO,0,60
local-20260914T213133,2026-09-14T21:34:26-05:00,2015973,CLASE TEORICA,(3) Grupo 3,NICOLAS ESCALANTE MORA,2,60
local-20260914T213133,2026-09-14T21:34:27-05:00,2022761,NA,(1) Grupo 1,Servio Javier Contreras Guerrero,0,61
local-20260914T213133,2026-09-14T21:34:27-05:00,2022761,NA,(2) Grupo 2,Servio Javier Contreras Guerrero,0,61
local-20260914T213133,2026-09-14T21:34:27-05:00,2022761,NA,(3) Grupo 3,Samuel Fernando Mesa Giraldo,0,61
local-20260914T213133,2026-09-14T21:34:30-05:00,2024045,CLASE TEORICA,(1) 2024045-1 Taller de proyectos interdisciplinarios,Hector Julian Garcia Otalora,0,62
local-20260914T213133,2026-09-14T21:34:30-05:00,2024045,CLASE TEORICA,(10) 2024045-10 Taller de proyectos interdisciplinarios,Oscar Andres Eraso Eraso,0,62
local-20260914T213133,2026-09-14T21:34:30-05:00,2024045,CLASE TEORICA,(11) 2024045-11 Taller de proyectos interdisciplinarios,No informado,0,62
local-20260914T213133,2026-09-14T21:34:30-05:00,2024045,CLASE TEORICA,(12) 2024045-12 Taller de proyectos interdisciplinarios,Hector Julian Garcia Otalora,18,62
local-20260914T213133,2026-09-14T21:34:30-05:00,2024045,CLASE TEORICA,(13) 2024045-13 Taller de proyectos interdisciplinarios,Hector Julian Garcia Otalora,0,62
local-20260914T213133,2026-09-14T21:34:30-05:00,2024045,CLASE TEORICA,(14) 2024045-14 Taller de proyectos interdisciplinarios,Dolly Santos Barbosa,0,62
local-20260914T213133,2026-09-14T21:34:30-05:00,2024045,CLASE TEORICA,(15) 2024045-15 Taller de proyectos interdisciplinarios,Oscar Andres Eraso Eraso,0,62
local-20260914T213133,2026-09-14T21:34:30-05:00,2024045,CLASE TEORICA,(16) 2024045-16 Taller de proyectos interdisciplinarios,Luis Ignacio Rodriguez Varela,0,62
local-20260914T213133,2026-09-14T21:34:30-05:00,2024045,CLASE TEORICA,(17) 2024045-17 Taller de proyectos interdisciplinarios,JOHANA CATALINA MANOSALVA BARRERA,0,62
local-20260914T213133,2026-09-14T21:34:30-05:00,2024045,CLASE TEORICA,(18) 2024045-18 Taller de proyectos interdisciplinarios,Fernando Bernal Martinez,0,62
local-20260914T213133,2026-09-14T21:34:30-05:00,2024045,CLASE TEORICA,(19) 2024045-19 Taller de proyectos interdisciplinarios,FRANCISCO JAVIER VÁSQUEZ VÁSQUEZ,0,62
local-20260914T213133,2026-09-14T21:34:30-05:00,2024045,CLASE TEORICA,(2) 2024045-2 Taller de proyectos interdisciplinarios,Fernando Bernal Martinez,0,62
local-20260914T213133,2026-09-14T21:34:30-05:00,2024045,CLASE TEORICA,(21) 2024045-21 Taller de proyectos interdisciplinarios,No informado,0,62
local-20260914T213133,2026-09-14T21:34:30-05:00,2024045,CLASE TEORICA,(22) 2024045-22 Taller de proyectos interdisciplinarios,Ubaldo Garcia Zaragoza,0,62
local-20260914T213133,2026-09-14T21:34:30-05:00,2024045,CLASE TEORICA,(23) 2024045-23 Taller de proyectos interdisciplinarios,No informado,0,62
local-20260914T213133,2026-09-14T21:34:30-05:00,2024045,CLASE TEORICA,(24) 2024045-24 Taller de proyectos interdisciplinarios,Hector Julian Garcia Otalora,18,62
local-20260914T213133,2026-09-14T21:34:30-05:00,2024045,CLASE TEORICA,(3) 2024045-3 Taller de proyectos interdisciplinarios,Guillermo Alberto Rocha Casas,0,62
local-20260914T213133,2026-09-14T21:34:30-05:00,2024045,CLASE TEORICA,(4) 2024045-4 Taller de proyectos interdisciplinarios,Francy Nayely Prieto Novoa,0,62
local-20260914T213133,2026-09-14T21:34:30-05:00,2024045,CLASE TEORICA,(40) 2024045-40 TPI-- NO BORRAR-- BLOQ ESPACIOS,No informado,0,62
local-20260914T213133,2026-09-14T21:34:30-05:00,2024045,CLASE TEORICA,(41) 2024045-41 TPI -- No BORRAR - - BLQ ESPACIOS,No informado,0,62
local-20260914T213133,2026-09-14T21:34:30-05:00,2024045,CLASE TEORICA,(5) 2024045-5 Taller de proyectos interdisciplinarios,Nubia Carmenza Moreno Sarmiento,0,62
local-20260914T213133,2026-09-14T21:34:30-05:00,2024045,CLASE TEORICA,(6) 2024045-6 Taller de proyectos interdisciplinarios,JOHANA CATALINA MANOSALVA BARRERA,0,62
local-20260914T213133,2026-09-14T21:34:30-05:00,2024045,CLASE TEORICA,(7) 2024045-7 Taller de proyectos interdisciplinarios,Ubaldo Garcia Zaragoza,0,62
local-20260914T213133,2026-09-14T21:34:30-05:00,2024045,CLASE TEORICA,(8) 2024045-8 Taller de proyectos interdisciplinarios,JHON FREDDY LOPEZ MEDINA,0,62
local-20260914T213133,2026-09-14T21:34:30-05:00,2024045,CLASE TEORICA,(9) 2024045-9 Taller de proyectos interdisciplinarios,Manuel Alejandro Mayorga Betancourt,0,62
local-20260914T213133,2026-09-14T21:34:32-05:00,2015296,NA,(1) Grupo 1,Leonardo David Donado Garzon,4,63
local-20260914T213133,2026-09-14T21:34:32-05:00,2015296,NA,(10) Grupo 10,Juan Manuel Lizarazo Marriaga,5,63
local-20260914T213133,2026-09-14T21:34:32-05:00,2015296,NA,(11) Grupo 11,Octavio Coronado Garcia,5,63
local-20260914T213133,2026-09-14T21:34:32-05:00,2015296,NA,(12) Grupo 12,Carol Andrea Murillo Feo,5,63
local-20260914T213133,2026-09-14T21:34:32-05:00,2015296,NA,(13) Grupo 13,CAMILO RIOS FRESNEDA,4,63
local-20260914T213133,2026-09-14T21:34:32-05:00,2015296,NA,(14) Grupo 14,William Castro Garcia,1,63
local-20260914T213133,2026-09-14T21:34:32-05:00,2015296,NA,(15) Grupo 15,Luis Alejandro Morales Marin,5,63
local-20260914T213133,2026-09-14T21:34:32-05:00,2015296,NA,(16) Grupo 16,Ferney Betancourt Cardozo,4,63
local-20260914T213133,2026-09-14T21:34:32-05:00,2015296,NA,(17) Grupo 17,Maria Alejandra Caicedo Londoño,4,63
local-20260914T213133,2026-09-14T21:34:32-05:00,2015296,NA,(18) Grupo 18,Guillermo Eduardo Avila Alvarez,4,63
local-20260914T213133,2026-09-14T21:34:32-05:00,2015296,NA,(19) Grupo 19,Carlos Alfonso Gomez Guacaneme,0,63
local-20260914T213133,2026-09-14T21:34:32-05:00,2015296,NA,(2) Grupo 2,Carlos Orlando Robles Roa,2,63
local-20260914T213133,2026-09-14T21:34:32-05:00,2015296,NA,(20) Grupo 20,Giovanni Andres Cortes Tovar,1,63
local-20260914T213133,2026-09-14T21:34:32-05:00,2015296,NA,(21) Grupo 21,Adriana Patricia Piña Fulano,4,63
local-20260914T213133,2026-09-14T21:34:32-05:00,2015296,NA,(22) Grupo 22,Martha Cristina Bustos Lopez,3,63
local-20260914T213133,2026-09-14T21:34:32-05:00,2015296,NA,(23) Grupo 23,Ricardo Parra Arango,4,63
local-20260914T213133,2026-09-14T21:34:32-05:00,2015296,NA,(24) Grupo 24,NESTOR ALONSO MANCIPE MUÑOZ,4,63
local-20260914T213133,2026-09-14T21:34:32-05:00,2015296,NA,(25) Grupo 25,NICOLAS ESCALANTE MORA,4,63
local-20260914T213133,2026-09-14T21:34:32-05:00,2015296,NA,(26) Grupo 26,Pedro Luis Jimenez Poveda,4,63
local-20260914T213133,2026-09-14T21:34:32-05:00,2015296,NA,(27) Grupo 27,Mario Enrique Moreno Castiblanco,4,63
local-20260914T213133,2026-09-14T21:34:32-05:00,2015296,NA,(28) Grupo 28,Julio Esteban Colmenares Montañez,4,63
local-20260914T213133,2026-09-14T21:34:32-05:00,2015296,NA,(29) Grupo 29,Ricardo Jose Pena Lindarte,3,63
local-20260914T213133,2026-09-14T21:34:32-05:00,2015296,NA,(3) Grupo 3,Angela Barrera Puerto,4,63
local-20260914T213133,2026-09-14T21:34:32-05:00,2015296,NA,(4) Grupo 4,Mauricio Alberto Tapias Camacho,4,63
local-20260914T213133,2026-09-14T21:34:32-05:00,2015296,NA,(5) Grupo 5,Maritzabel Molina Herrera,3,63
local-20260914T213133,2026-09-14T21:34:32-05:00,2015296,NA,(6) Grupo 6,Rodolfo Rodriguez Baracaldo,4,63
local-20260914T213133,2026-09-14T21:34:32-05:00,2015296,NA,(7) Grupo 7,SANTIAGO RAMIREZ ECHEVERRI,3,63
local-20260914T213133,2026-09-14T21:34:32-05:00,2015296,NA,(8) Grupo 8,Jose Ricardo Martinez Vargas,5,63
local-20260914T213133,2026-09-14T21:34:32-05:00,2015296,NA,(9) Grupo 9,GABRIELA ARRIETA LOYO,5,63
local-20260914T213133,2026-09-14T21:34:33-05:00,2015299,CLASE TEORICA,(1) Grupo 1,GABRIELA ARRIETA LOYO,9,64
