run_id,ts_lectura,codigo,actividad,grupo,profesores_raw,cupos_disponibles,orden_lectura
local-20260823T114420,2026-08-23T11:44:48-05:00,2015938,CLASE TEORICA,(1) Grupo 1,Maria Alejandra Caicedo Londoño,25,0
local-20260823T114420,2026-08-23T11:44:48-05:00,2015938,CLASE TEORICA,(2) Grupo 2,Maria Alejandra Caicedo Londoño,25,0
local-20260823T114420,2026-08-23T11:44:48-05:00,2015938,CLASE TEORICA,(3) Grupo 3,JOSE LUIS DIAZ AREVALO,25,0
local-20260823T114420,2026-08-23T11:44:48-05:00,2015938,CLASE TEORICA,(4) Grupo 4,JOSE LUIS DIAZ AREVALO,24,0
local-20260823T114420,2026-08-23T11:44:49-05:00,2015939,CLASE TEORICA,(1) Grupo 1,ALVARO MARTIN GUTIERREZ MALAXECHEBARRIA,25,1
local-20260823T114420,2026-08-23T11:44:49-05:00,2015939,CLASE TEORICA,(2) Grupo 2,ALVARO MARTIN GUTIERREZ MALAXECHEBARRIA,25,1
local-20260823T114420,2026-08-23T11:44:49-05:00,2015939,CLASE TEORICA,(3) Grupo 3,Edder Alexander Velandia Duran,25,1
local-20260823T114420,2026-08-23T11:44:49-05:00,2015939,CLASE TEORICA,(4) Grupo 4,No informado,25,1
local-20260823T114420,2026-08-23T11:44:49-05:00,2015939,CLASE TEORICA,(5) Grupo 5,No informado,0,1
local-20260823T114420,2026-08-23T11:44:54-05:00,1000003-B,NA,(1) Grupo 1,Erika Lorena Rosero Alzate; Oscar Andrés Rojas Sepúlveda,0,2
local-20260823T114420,2026-08-23T11:44:54-05:00,1000003-B,NA,(10) Grupo 10,Epifanio Lozano Ayala,11,2
local-20260823T114420,2026-08-23T11:44:54-05:00,1000003-B,NA,(11) Grupo 11,No informado,60,2
local-20260823T114420,2026-08-23T11:44:54-05:00,1000003-B,NA,(12) Grupo 12,No informado,40,2
local-20260823T114420,2026-08-23T11:44:54-05:00,1000003-B,NA,(13) Grupo 13,Mohammed EL AIDI,40,2
local-20260823T114420,2026-08-23T11:44:54-05:00,1000003-B,NA,(15) Grupo 15,Myriam Leonor Campos Florez,60,2
local-20260823T114420,2026-08-23T11:44:54-05:00,1000003-B,NA,(16) Grupo 16,No informado,60,2
local-20260823T114420,2026-08-23T11:44:54-05:00,1000003-B,NA,(17) Grupo 17,Martha Cecilia Moreno Penagos,39,2
local-20260823T114420,2026-08-23T11:44:54-05:00,1000003-B,NA,(18) Grupo 18,John Alexander Cruz Morales,52,2
local-20260823T114420,2026-08-23T11:44:54-05:00,1000003-B,NA,(20) Grupo 20,Natalia Camila Pinzon Cortes,60,2
local-20260823T114420,2026-08-23T11:44:54-05:00,1000003-B,NA,(21) Grupo 21,Ivon Andrea Dorado Correa,52,2
local-20260823T114420,2026-08-23T11:44:54-05:00,1000003-B,NA,(22) Grupo 22,No informado,46,2
local-20260823T114420,2026-08-23T11:44:54-05:00,1000003-B,NA,(3) Grupo 3,No informado,59,2
local-20260823T114420,2026-08-23T11:44:54-05:00,1000003-B,NA,(4) Grupo 4,Luis Alejandro Barbosa Torres,110,2
local-20260823T114420,2026-08-23T11:44:54-05:00,1000003-B,NA,(5) Grupo 5,Jaime David Mora Paz,58,2
local-20260823T114420,2026-08-23T11:44:54-05:00,1000003-B,NA,(7) Grupo 7,Myriam Leonor Campos Florez,40,2
local-20260823T114420,2026-08-23T11:44:54-05:00,1000003-B,NA,(8) Grupo 8,No informado,8,2
local-20260823T114420,2026-08-23T11:44:55-05:00,2015940,CLASE TEORICA,(1) Grupo 1,Maritzabel Molina Herrera,24,3
local-20260823T114420,2026-08-23T11:44:55-05:00,2015940,CLASE TEORICA,(2) Grupo 2,Gabriel Andres Bernal Granados,24,3
local-20260823T114420,2026-08-23T11:44:55-05:00,2015940,CLASE TEORICA,(3) Grupo 3,No informado,24,3
local-20260823T114420,2026-08-23T11:44:56-05:00,2015941,CLASE TEORICA,(1) Grupo 1,Patricia Luna Tamayo,30,4
local-20260823T114420,2026-08-23T11:44:56-05:00,2015941,CLASE TEORICA,(2) Grupo 2,No informado,30,4
local-20260823T114420,2026-08-23T11:44:56-05:00,2015941,CLASE TEORICA,(3) Grupo 3,Carlos Ramiro Vallecilla Bahena,30,4
local-20260823T114420,2026-08-23T11:44:56-05:00,2015941,CLASE TEORICA,(4) Grupo 4,No informado,30,4
local-20260823T114420,2026-08-23T11:45:07-05:00,1000004-B,NA,(10) Grupo 10,No informado,52,5
local-20260823T114420,2026-08-23T11:45:07-05:00,1000004-B,NA,(11) Grupo 11,No informado,25,5
local-20260823T114420,2026-08-23T11:45:07-05:00,1000004-B,NA,(12) Grupo 12,No informado,24,5
local-20260823T114420,2026-08-23T11:45:07-05:00,1000004-B,NA,(13) Grupo 13,No informado,13,5
local-20260823T114420,2026-08-23T11:45:07-05:00,1000004-B,NA,(14) Grupo 14,No informado,89,5
local-20260823T114420,2026-08-23T11:45:07-05:00,1000004-B,NA,(16) Grupo 16,No informado,27,5
local-20260823T114420,2026-08-23T11:45:07-05:00,1000004-B,NA,(17) Grupo 17,Hernan Garzon Gutierrez,38,5
local-20260823T114420,2026-08-23T11:45:07-05:00,1000004-B,NA,(19) Grupo 19,No informado,59,5
local-20260823T114420,2026-08-23T11:45:07-05:00,1000004-B,NA,(2) Grupo 2,No informado,24,5
local-20260823T114420,2026-08-23T11:45:07-05:00,1000004-B,NA,(20) Grupo 20,Hernan Garzon Gutierrez,7,5
local-20260823T114420,2026-08-23T11:45:07-05:00,1000004-B,NA,(21) Grupo 21,No informado,60,5
local-20260823T114420,2026-08-23T11:45:07-05:00,1000004-B,NA,(22) Grupo 22,No informado,60,5
local-20260823T114420,2026-08-23T11:45:07-05:00,1000004-B,NA,(24) Grupo 24,Ricardo Ariel Pastran Ramirez,60,5
local-20260823T114420,2026-08-23T11:45:07-05:00,1000004-B,NA,(25) Grupo 25,No informado,40,5
local-20260823T114420,2026-08-23T11:45:07-05:00,1000004-B,NA,(27) Grupo 27,No informado,51,5
local-20260823T114420,2026-08-23T11:45:07-05:00,1000004-B,NA,(28) Grupo 28,No informado,60,5
local-20260823T114420,2026-08-23T11:45:07-05:00,1000004-B,NA,(29) Grupo 29,No informado,60,5
local-20260823T114420,2026-08-23T11:45:07-05:00,1000004-B,NA,(30) Grupo 30,No informado,60,5
local-20260823T114420,2026-08-23T11:45:07-05:00,1000004-B,NA,(32) Grupo 32,No informado,89,5
local-20260823T114420,2026-08-23T11:45:07-05:00,1000004-B,NA,(4) Grupo 4,Myriam Leonor Campos Florez,36,5
local-20260823T114420,2026-08-23T11:45:07-05:00,1000004-B,NA,(5) Grupo 5,Oscar Javier Lopez Alfonso,82,5
local-20260823T114420,2026-08-23T11:45:07-05:00,1000004-B,NA,(7) Grupo 7,Anderson Arley Vera Arboleda,64,5
local-20260823T114420,2026-08-23T11:45:07-05:00,1000004-B,NA,(8) Grupo 8,No informado,40,5
local-20260823T114420,2026-08-23T11:45:07-05:00,1000004-B,NA,(9) Grupo 9,No informado,18,5
local-20260823T114420,2026-08-23T11:45:08-05:00,1000006-B,NA,(1) Grupo 1,No informado,39,6
local-20260823T114420,2026-08-23T11:45:08-05:00,1000006-B,NA,(10) Grupo 10,No informado,99,6
local-20260823T114420,2026-08-23T11:45:08-05:00,1000006-B,NA,(11) Grupo 11,No informado,40,6
local-20260823T114420,2026-08-23T11:45:08-05:00,1000006-B,NA,(12) Grupo 12,Leonid Lebedev,60,6
local-20260823T114420,2026-08-23T11:45:08-05:00,1000006-B,NA,(13) Grupo 13,Juan Carlos Hernandez Rincon,40,6
local-20260823T114420,2026-08-23T11:45:08-05:00,1000006-B,NA,(14) Grupo 14,No informado,60,6
local-20260823T114420,2026-08-23T11:45:08-05:00,1000006-B,NA,(15) Grupo 15,No informado,112,6
local-20260823T114420,2026-08-23T11:45:08-05:00,1000006-B,NA,(2) Grupo 2,EDIXON MANUEL ROJAS SANTANA,40,6
local-20260823T114420,2026-08-23T11:45:08-05:00,1000006-B,NA,(3) Grupo 3,Cesar Augusto Gomez Sierra,40,6
local-20260823T114420,2026-08-23T11:45:08-05:00,1000006-B,NA,(4) Grupo 4,Agustin Moreno Canadas,100,6
local-20260823T114420,2026-08-23T11:45:08-05:00,1000006-B,NA,(5) Grupo 5,German Eduardo Fonseca Buitrago,40,6
local-20260823T114420,2026-08-23T11:45:08-05:00,1000006-B,NA,(7) Grupo 7,No informado,70,6
local-20260823T114420,2026-08-23T11:45:08-05:00,1000006-B,NA,(8) Grupo 8,Epifanio Lozano Ayala,60,6
local-20260823T114420,2026-08-23T11:45:08-05:00,1000006-B,NA,(9) Grupo 9,Orlando Vanegas Canro,0,6
local-20260823T114420,2026-08-23T11:45:10-05:00,1000005-B,NA,(1) Grupo 1,Orlando Vanegas Canro,0,7
local-20260823T114420,2026-08-23T11:45:10-05:00,1000005-B,NA,(10) Grupo 10,Epifanio Lozano Ayala,50,7
local-20260823T114420,2026-08-23T11:45:10-05:00,1000005-B,NA,(14) Grupo 14,Mohammed EL AIDI,39,7
local-20260823T114420,2026-08-23T11:45:10-05:00,1000005-B,NA,(15) Grupo 15,Alina Fedosova,59,7
local-20260823T114420,2026-08-23T11:45:10-05:00,1000005-B,NA,(16) Grupo 16,No informado,70,7
local-20260823T114420,2026-08-23T11:45:10-05:00,1000005-B,NA,(17) Grupo 17,Hernan Garzon Gutierrez,39,7
local-20260823T114420,2026-08-23T11:45:10-05:00,1000005-B,NA,(2) Grupo 2,RENE ERLIN CASTILLO,59,7
local-20260823T114420,2026-08-23T11:45:10-05:00,1000005-B,NA,(20) Grupo 20,Franqui Solis Cardenas Poloche,40,7
local-20260823T114420,2026-08-23T11:45:10-05:00,1000005-B,NA,(22) Grupo 22,No informado,60,7
local-20260823T114420,2026-08-23T11:45:10-05:00,1000005-B,NA,(3) Grupo 3,Eduardo Cardenas Gomez,70,7
local-20260823T114420,2026-08-23T11:45:10-05:00,1000005-B,NA,(4) Grupo 4,Edward Samuel Becerra Rojas,60,7
local-20260823T114420,2026-08-23T11:45:10-05:00,1000005-B,NA,(6) Grupo 6,No informado,60,7
local-20260823T114420,2026-08-23T11:45:10-05:00,1000005-B,NA,(7) Grupo 7,Franqui Solis Cardenas Poloche,99,7
local-20260823T114420,2026-08-23T11:45:10-05:00,1000005-B,NA,(8) Grupo 8,No informado,40,7
local-20260823T114420,2026-08-23T11:45:10-05:00,1000005-B,NA,(9) Grupo 9,No informado,10,7
local-20260823T114420,2026-08-23T11:45:12-05:00,2015943,CLASE TEORICA,(1) Grupo 1,Carlos Orlando Robles Roa,15,9
local-20260823T114420,2026-08-23T11:45:21-05:00,2015944,CLASE TEORICA,(1) Grupo 1,SANTIAGO RAMIREZ ECHEVERRI,15,10
local-20260823T114420,2026-08-23T11:45:22-05:00,2015711,NA,(10) 2015711-10 Dibujo básico,Ariel Augusto Amaya Avila,0,11
local-20260823T114420,2026-08-23T11:45:22-05:00,2015711,NA,(11) 2015711-11 Dibujo básico,Cesar Augusto Bacca Gonzalez,0,11
local-20260823T114420,2026-08-23T11:45:22-05:00,2015711,NA,(14) 2015711-14 Dibujo básico,Cristian Felipe Morales Suárez,0,11
local-20260823T114420,2026-08-23T11:45:22-05:00,2015711,NA,(16) 2015711-16 Dibujo básico,DAVID FELIPE TORRES ARCE,0,11
local-20260823T114420,2026-08-23T11:45:22-05:00,2015711,NA,(4) 2015711-4 Dibujo básico,Cristian Felipe Morales Suárez,9,11
local-20260823T114420,2026-08-23T11:45:22-05:00,2015711,NA,(5) 2015711-5 Dibujo básico,Sebastian Achury Ortiz,0,11
local-20260823T114420,2026-08-23T11:45:22-05:00,2015711,NA,(7) 2015711-7 Dibujo básico,Cesar Augusto Bacca Gonzalez,22,11
local-20260823T114420,2026-08-23T11:45:22-05:00,2015711,NA,(8) 2015711-8 Dibujo básico,Miguel Angel Baquero Cortes,0,11
local-20260823T114420,2026-08-23T11:45:22-05:00,2015711,NA,(9) 2015711-9 Dibujo básico,EDWIN CAMILO REINA BELTRAN,0,11
local-20260823T114420,2026-08-23T11:45:23-05:00,2015948,CLASE TEORICA,(1) Grupo 1,No informado,30,12
local-20260823T114420,2026-08-23T11:45:23-05:00,2015948,CLASE TEORICA,(2) Grupo 2,Mauricio Alberto Tapias Camacho,30,12
local-20260823T114420,2026-08-23T11:45:23-05:00,2015948,CLASE TEORICA,(3) Grupo 3,No informado,29,12
local-20260823T114420,2026-08-23T11:45:24-05:00,2015950,CLASE TEORICA,(1) Grupo 1,No informado,25,13
local-20260823T114420,2026-08-23T11:45:24-05:00,2015950,CLASE TEORICA,(2) Grupo 2,No informado,0,13
local-20260823T114420,2026-08-23T11:45:24-05:00,2015950,CLASE TEORICA,(3) Grupo 3,Daniel Ricardo Lozano Monsalve,25,13
local-20260823T114420,2026-08-23T11:45:24-05:00,2015950,CLASE TEORICA,(4) Grupo 4,No informado,25,13
local-20260823T114420,2026-08-23T11:45:24-05:00,2015950,CLASE TEORICA,(5) Grupo 5,No informado,25,13
local-20260823T114420,2026-08-23T11:45:26-05:00,2015949,CLASE TEORICA,(1) Grupo 1,Mario Javier Cardozo Chaux,30,14
local-20260823T114420,2026-08-23T11:45:26-05:00,2015949,CLASE TEORICA,(2) Grupo 2,Wilson Ernesto Vargas Vargas,30,14
local-20260823T114420,2026-08-23T11:45:26-05:00,2015949,CLASE TEORICA,(3) Grupo 3,No informado,30,14
local-20260823T114420,2026-08-23T11:45:34-05:00,1000007-B,NA,(1) Grupo 1,German Eduardo Fonseca Buitrago,60,15
local-20260823T114420,2026-08-23T11:45:34-05:00,1000007-B,NA,(11) Grupo 11,Leonid Lebedev,59,15
local-20260823T114420,2026-08-23T11:45:34-05:00,1000007-B,NA,(12) Grupo 12,No informado,60,15
local-20260823T114420,2026-08-23T11:45:34-05:00,1000007-B,NA,(13) Grupo 13,Omar Duque Gomez,40,15
local-20260823T114420,2026-08-23T11:45:34-05:00,1000007-B,NA,(14) Grupo 14,No informado,100,15
local-20260823T114420,2026-08-23T11:45:34-05:00,1000007-B,NA,(3) Grupo 3,Serafin Bautista Diaz,40,15
local-20260823T114420,2026-08-23T11:45:34-05:00,1000007-B,NA,(4) Grupo 4,EDIXON MANUEL ROJAS SANTANA,59,15
local-20260823T114420,2026-08-23T11:45:34-05:00,1000007-B,NA,(6) Grupo 6,Alexander Caviedes Castro,50,15
local-20260823T114420,2026-08-23T11:45:34-05:00,1000007-B,NA,(7) Grupo 7,Oscar Guillermo Riaño Castañeda,40,15
local-20260823T114420,2026-08-23T11:45:34-05:00,1000007-B,NA,(9) Grupo 9,Orlando Vanegas Canro,0,15
local-20260823T114420,2026-08-23T11:45:35-05:00,2026134,CLASE TEORICA,(1) Grupo 1,No informado,0,16
local-20260823T114420,2026-08-23T11:45:35-05:00,2026134,CLASE TEORICA,(2) Grupo 2,Juan Manuel Lizarazo Marriaga,30,16
local-20260823T114420,2026-08-23T11:45:35-05:00,2026134,CLASE TEORICA,(3) Grupo 3,Maritzabel Molina Herrera,30,16
local-20260823T114420,2026-08-23T11:45:35-05:00,2026134,CLASE TEORICA,(4) Grupo 4,Carlos Ramiro Vallecilla Bahena,29,16
local-20260823T114420,2026-08-23T11:45:35-05:00,2026134,CLASE TEORICA,(5) Grupo 5,Fernando Lozano Osorno,30,16
local-20260823T114420,2026-08-23T11:45:35-05:00,2026134,CLASE TEORICA,(6) Grupo 6,No informado,30,16
local-20260823T114420,2026-08-23T11:45:37-05:00,2015954,CLASE TEORICA,(1) Grupo 1,Erasmo Alfredo Rodriguez Sandoval,30,17
local-20260823T114420,2026-08-23T11:45:37-05:00,2015954,CLASE TEORICA,(2) Grupo 2,Mario Enrique Moreno Castiblanco,30,17
local-20260823T114420,2026-08-23T11:45:37-05:00,2015954,CLASE TEORICA,(3) Grupo 3,Luis Alejandro Morales Marin,30,17
local-20260823T114420,2026-08-23T11:45:38-05:00,2015955,CLASE TEORICA,(1) Grupo 1,Giovanni Andres Cortes Tovar,30,18
local-20260823T114420,2026-08-23T11:45:38-05:00,2015955,CLASE TEORICA,(2) Grupo 2,Angela Barrera Puerto,30,18
local-20260823T114420,2026-08-23T11:45:38-05:00,2015955,CLASE TEORICA,(3) Grupo 3,Giovanni Andres Cortes Tovar,30,18
local-20260823T114420,2026-08-23T11:45:39-05:00,1000011-B,CLASE TEORICA,(1) Grupo 1,Ernesto Javier Puertas Dellepianes,118,19
local-20260823T114420,2026-08-23T11:45:39-05:00,1000011-B,CLASE TEORICA,(3) Grupo 3,Néstor Fernando Perez Buitrago,10,19
local-20260823T114420,2026-08-23T11:45:49-05:00,1000019-B,CLASE LABORATORIO,(1) Grupo 1,Gustavo Martinez Tamayo,35,20
local-20260823T114420,2026-08-23T11:45:49-05:00,1000019-B,CLASE LABORATORIO,(10) Grupo 10,No informado,35,20
local-20260823T114420,2026-08-23T11:45:49-05:00,1000019-B,CLASE LABORATORIO,(11) Grupo 11,EVER DAVID ALCALA CAJAR,35,20
local-20260823T114420,2026-08-23T11:45:49-05:00,1000019-B,CLASE LABORATORIO,(12) Grupo 12,FABIAN FELIPE QUEVEDO FARIETA,35,20
local-20260823T114420,2026-08-23T11:45:49-05:00,1000019-B,CLASE LABORATORIO,(13) Grupo 13,Alvaro Marino Camargo,34,20
local-20260823T114420,2026-08-23T11:45:49-05:00,1000019-B,CLASE LABORATORIO,(14) Grupo 14,Alvaro Marino Camargo,35,20
local-20260823T114420,2026-08-23T11:45:49-05:00,1000019-B,CLASE LABORATORIO,(15) Grupo 15,JULIAN MATEO DE MENDOZA GUTIERREZ,32,20
local-20260823T114420,2026-08-23T11:45:49-05:00,1000019-B,CLASE LABORATORIO,(16) Grupo 16,Alvaro Marino Camargo,35,20
local-20260823T114420,2026-08-23T11:45:49-05:00,1000019-B,CLASE LABORATORIO,(17) Grupo 17,JULIAN MATEO DE MENDOZA GUTIERREZ,34,20
local-20260823T114420,2026-08-23T11:45:49-05:00,1000019-B,CLASE LABORATORIO,(18) Grupo 18,Jaime Villalobos Velasco,33,20
local-20260823T114420,2026-08-23T11:45:49-05:00,1000019-B,CLASE LABORATORIO,(19) Grupo 19,JULY PAOLA GARZÓN LOPEZ,32,20
local-20260823T114420,2026-08-23T11:45:49-05:00,1000019-B,CLASE LABORATORIO,(2) Grupo 2,Gustavo Martinez Tamayo,34,20
local-20260823T114420,2026-08-23T11:45:49-05:00,1000019-B,CLASE LABORATORIO,(20) Grupo 20,JOSE ALFREDO GOMEZ MATEUS,35,20
local-20260823T114420,2026-08-23T11:45:49-05:00,1000019-B,CLASE LABORATORIO,(21) Grupo 21,Pedro Hernan Sanchez Machet,35,20
local-20260823T114420,2026-08-23T11:45:49-05:00,1000019-B,CLASE LABORATORIO,(22) Grupo 22,Pedro Hernan Sanchez Machet,35,20
local-20260823T114420,2026-08-23T11:45:49-05:00,1000019-B,CLASE LABORATORIO,(23) Grupo 23,Pedro Hernan Sanchez Machet,35,20
local-20260823T114420,2026-08-23T11:45:49-05:00,1000019-B,CLASE LABORATORIO,(24) Grupo 24,Pedro Hernan Sanchez Machet,35,20
local-20260823T114420,2026-08-23T11:45:49-05:00,1000019-B,CLASE LABORATORIO,(25) Grupo 25,Plinio Del Carmen Teheran Sermeno,30,20
local-20260823T114420,2026-08-23T11:45:49-05:00,1000019-B,CLASE LABORATORIO,(26) Grupo 26 (VIRTUAL),Plinio Del Carmen Teheran Sermeno,50,20
local-20260823T114420,2026-08-23T11:45:49-05:00,1000019-B,CLASE LABORATORIO,(27) Grupo 27 (VIRTUAL),Plinio Del Carmen Teheran Sermeno,50,20
local-20260823T114420,2026-08-23T11:45:49-05:00,1000019-B,CLASE LABORATORIO,(28) Grupo 28 (VIRTUAL),Plinio Del Carmen Teheran Sermeno,50,20
local-20260823T114420,2026-08-23T11:45:49-05:00,1000019-B,CLASE LABORATORIO,(29) Grupo 29 (VIRTUAL),Plinio Del Carmen Teheran Sermeno,50,20
local-20260823T114420,2026-08-23T11:45:49-05:00,1000019-B,CLASE LABORATORIO,(3) Grupo 3,Gustavo Martinez Tamayo,35,20
local-20260823T114420,2026-08-23T11:45:49-05:00,1000019-B,CLASE LABORATORIO,(4) Grupo 4,No informado,35,20
local-20260823T114420,2026-08-23T11:45:49-05:00,1000019-B,CLASE LABORATORIO,(5) Grupo 5,FABIAN FELIPE QUEVEDO FARIETA,35,20
local-20260823T114420,2026-08-23T11:45:49-05:00,1000019-B,CLASE LABORATORIO,(6) Grupo 6,Jaime Villalobos Velasco,35,20
local-20260823T114420,2026-08-23T11:45:49-05:00,1000019-B,CLASE LABORATORIO,(7) Grupo 7,Jaime Villalobos Velasco,35,20
local-20260823T114420,2026-08-23T11:45:49-05:00,1000019-B,CLASE LABORATORIO,(8) Grupo 8,Alvaro Marino Camargo,35,20
local-20260823T114420,2026-08-23T11:45:49-05:00,1000019-B,CLASE LABORATORIO,(9) Grupo 9,Erika Lorena Rosero Alzate,0,20
local-20260823T114420,2026-08-23T11:45:49-05:00,1000019-B,CLASE TALLER,(1) Grupo 1,FABIAN FELIPE QUEVEDO FARIETA,35,20
local-20260823T114420,2026-08-23T11:45:49-05:00,1000019-B,CLASE TALLER,(10) Grupo 10,FABIAN FELIPE QUEVEDO FARIETA,35,20
local-20260823T114420,2026-08-23T11:45:49-05:00,1000019-B,CLASE TALLER,(11) Grupo 11,JULIAN MATEO DE MENDOZA GUTIERREZ,35,20
local-20260823T114420,2026-08-23T11:45:49-05:00,1000019-B,CLASE TALLER,(12) Grupo 12,EVER DAVID ALCALA CAJAR,35,20
local-20260823T114420,2026-08-23T11:45:49-05:00,1000019-B,CLASE TALLER,(13) Grupo 13,MIGUEL ENRIQUE GÁMEZ LÓPEZ,34,20
local-20260823T114420,2026-08-23T11:45:49-05:00,1000019-B,CLASE TALLER,(14) Grupo 14,No informado,35,20
local-20260823T114420,2026-08-23T11:45:49-05:00,1000019-B,CLASE TALLER,(15) Grupo 15,EVER DAVID ALCALA CAJAR,32,20
local-20260823T114420,2026-08-23T11:45:49-05:00,1000019-B,CLASE TALLER,(16) Grupo 16,Edna Carolina Pinilla Beltran,35,20
local-20260823T114420,2026-08-23T11:45:49-05:00,1000019-B,CLASE TALLER,(17) Grupo 17,Jereson Silva Valencia,34,20
local-20260823T114420,2026-08-23T11:45:49-05:00,1000019-B,CLASE TALLER,(18) Grupo 18,Jereson Silva Valencia,33,20
local-20260823T114420,2026-08-23T11:45:49-05:00,1000019-B,CLASE TALLER,(19) Grupo 19,Jereson Silva Valencia,32,20
local-20260823T114420,2026-08-23T11:45:49-05:00,1000019-B,CLASE TALLER,(2) Grupo 2,Gustavo Martinez Tamayo,34,20
local-20260823T114420,2026-08-23T11:45:49-05:00,1000019-B,CLASE TALLER,(20) Grupo 20,Jereson Silva Valencia,35,20
local-20260823T114420,2026-08-23T11:45:49-05:00,1000019-B,CLASE TALLER,(21) Grupo 21,JOSE ALFREDO GOMEZ MATEUS,35,20
local-20260823T114420,2026-08-23T11:45:49-05:00,1000019-B,CLASE TALLER,(22) Grupo 22,JULY PAOLA GARZÓN LOPEZ,35,20
local-20260823T114420,2026-08-23T11:45:49-05:00,1000019-B,CLASE TALLER,(23) Grupo 23,Edna Carolina Pinilla Beltran,35,20
local-20260823T114420,2026-08-23T11:45:49-05:00,1000019-B,CLASE TALLER,(24) Grupo 24,Diego Alejandro Torres Galindo,35,20
local-20260823T114420,2026-08-23T11:45:49-05:00,1000019-B,CLASE TALLER,(25) Grupo 25,Plinio Del Carmen Teheran Sermeno,30,20
local-20260823T114420,2026-08-23T11:45:49-05:00,1000019-B,CLASE TALLER,(26) Grupo 26 (VIRTUAL),Plinio Del Carmen Teheran Sermeno,50,20
local-20260823T114420,2026-08-23T11:45:49-05:00,1000019-B,CLASE TALLER,(27) Grupo 27 (VIRTUAL),Plinio Del Carmen Teheran Sermeno,50,20
local-20260823T114420,2026-08-23T11:45:49-05:00,1000019-B,CLASE TALLER,(28) Grupo 28 (VIRTUAL),Plinio Del Carmen Teheran Sermeno,50,20
local-20260823T114420,2026-08-23T11:45:49-05:00,1000019-B,CLASE TALLER,(29) Grupo 29 (VIRTUAL),Plinio Del Carmen Teheran Sermeno,50,20
local-20260823T114420,2026-08-23T11:45:49-05:00,1000019-B,CLASE TALLER,(3) Grupo 3,Gustavo Martinez Tamayo,35,20
local-20260823T114420,2026-08-23T11:45:49-05:00,1000019-B,CLASE TALLER,(4) Grupo 4,Jaime Villalobos Velasco,35,20
local-20260823T114420,2026-08-23T11:45:49-05:00,1000019-B,CLASE TALLER,(5) Grupo 5,Jaime Villalobos Velasco,35,20
local-20260823T114420,2026-08-23T11:45:49-05:00,1000019-B,CLASE TALLER,(6) Grupo 6,Ramiro Cardona Cardona,35,20
local-20260823T114420,2026-08-23T11:45:49-05:00,1000019-B,CLASE TALLER,(7) Grupo 7,Ramiro Cardona Cardona,35,20
local-20260823T114420,2026-08-23T11:45:49-05:00,1000019-B,CLASE TALLER,(8) Grupo 8,Edna Carolina Pinilla Beltran,35,20
local-20260823T114420,2026-08-23T11:45:49-05:00,1000019-B,CLASE TALLER,(9) Grupo 9,No informado,7,20
local-20260823T114420,2026-08-23T11:45:49-05:00,1000019-B,CLASE MAGISTRAL,(16) Gruop 16,Erika Lorena Rosero Alzate; Daniel Camilo Padilla González,8,20
local-20260823T114420,2026-08-23T11:45:49-05:00,1000019-B,CLASE MAGISTRAL,(1) Grupo 1,Gustavo Martinez Tamayo,35,20
local-20260823T114420,2026-08-23T11:45:49-05:00,1000019-B,CLASE MAGISTRAL,(10) Grupo 10,Ovidio Amado Almanza Montero,35,20
local-20260823T114420,2026-08-23T11:45:49-05:00,1000019-B,CLASE MAGISTRAL,(11) Grupo 11,Ovidio Amado Almanza Montero,35,20
local-20260823T114420,2026-08-23T11:45:49-05:00,1000019-B,CLASE MAGISTRAL,(12) Grupo 12,Ovidio Amado Almanza Montero,35,20
local-20260823T114420,2026-08-23T11:45:49-05:00,1000019-B,CLASE MAGISTRAL,(13) Grupo 13,Jaime Villalobos Velasco,34,20
local-20260823T114420,2026-08-23T11:45:49-05:00,1000019-B,CLASE MAGISTRAL,(14) Grupo 14,Jaime Villalobos Velasco,35,20
local-20260823T114420,2026-08-23T11:45:49-05:00,1000019-B,CLASE MAGISTRAL,(15) Grupo 15,Jaime Villalobos Velasco,32,20
local-20260823T114420,2026-08-23T11:45:49-05:00,1000019-B,CLASE MAGISTRAL,(17) Grupo 17,Jereson Silva Valencia,34,20
local-20260823T114420,2026-08-23T11:45:49-05:00,1000019-B,CLASE MAGISTRAL,(18) Grupo 18,Jereson Silva Valencia,33,20
local-20260823T114420,2026-08-23T11:45:49-05:00,1000019-B,CLASE MAGISTRAL,(19) Grupo 19,Jereson Silva Valencia,32,20
local-20260823T114420,2026-08-23T11:45:49-05:00,1000019-B,CLASE MAGISTRAL,(2) Grupo 2,Gustavo Martinez Tamayo,34,20
local-20260823T114420,2026-08-23T11:45:49-05:00,1000019-B,CLASE MAGISTRAL,(20) Grupo 20,Jereson Silva Valencia,35,20
local-20260823T114420,2026-08-23T11:45:49-05:00,1000019-B,CLASE MAGISTRAL,(21) Grupo 21,Diego Alejandro Torres Galindo,35,20
local-20260823T114420,2026-08-23T11:45:49-05:00,1000019-B,CLASE MAGISTRAL,(22) Grupo 22,Diego Alejandro Torres Galindo,35,20
local-20260823T114420,2026-08-23T11:45:49-05:00,1000019-B,CLASE MAGISTRAL,(23) Grupo 23,Diego Alejandro Torres Galindo,35,20
local-20260823T114420,2026-08-23T11:45:49-05:00,1000019-B,CLASE MAGISTRAL,(24) Grupo 24,Diego Alejandro Torres Galindo,35,20
local-20260823T114420,2026-08-23T11:45:49-05:00,1000019-B,CLASE MAGISTRAL,(25) Grupo 25,Plinio Del Carmen Teheran Sermeno,30,20
local-20260823T114420,2026-08-23T11:45:49-05:00,1000019-B,CLASE MAGISTRAL,(26) Grupo 26 (VIRTUAL),Plinio Del Carmen Teheran Sermeno,50,20
local-20260823T114420,2026-08-23T11:45:49-05:00,1000019-B,CLASE MAGISTRAL,(27) Grupo 27 (VIRTUAL),Plinio Del Carmen Teheran Sermeno,50,20
local-20260823T114420,2026-08-23T11:45:49-05:00,1000019-B,CLASE MAGISTRAL,(28) Grupo 28 (VIRTUAL),Plinio Del Carmen Teheran Sermeno,50,20
local-20260823T114420,2026-08-23T11:45:49-05:00,1000019-B,CLASE MAGISTRAL,(29) Grupo 29 (VIRTUAL),Plinio Del Carmen Teheran Sermeno,50,20
local-20260823T114420,2026-08-23T11:45:49-05:00,1000019-B,CLASE MAGISTRAL,(3) Grupo 3,Gustavo Martinez Tamayo,35,20
local-20260823T114420,2026-08-23T11:45:49-05:00,1000019-B,CLASE MAGISTRAL,(4) Grupo 4,Gustavo Martinez Tamayo,35,20
local-20260823T114420,2026-08-23T11:45:49-05:00,1000019-B,CLASE MAGISTRAL,(5) Grupo 5,Ramiro Cardona Cardona,35,20
local-20260823T114420,2026-08-23T11:45:49-05:00,1000019-B,CLASE MAGISTRAL,(6) Grupo 6,Ramiro Cardona Cardona,35,20
local-20260823T114420,2026-08-23T11:45:49-05:00,1000019-B,CLASE MAGISTRAL,(7) Grupo 7,Ramiro Cardona Cardona,35,20
local-20260823T114420,2026-08-23T11:45:49-05:00,1000019-B,CLASE MAGISTRAL,(8) Grupo 8,Ramiro Cardona Cardona,35,20
local-20260823T114420,2026-08-23T11:45:49-05:00,1000019-B,CLASE MAGISTRAL,(9) Grupo 9,Fredy Angel Jimenez Giraldo,7,20
local-20260823T114420,2026-08-23T11:45:50-05:00,2015956,CLASE TEORICA,(1) Grupo 1,Modesto Portilla Gamboa; Fernando Eli Romero Ordoñez,35,21
local-20260823T114420,2026-08-23T11:45:50-05:00,2015956,CLASE TEORICA,(2) Grupo 2,Jennifer Angel Amaya,30,21
local-20260823T114420,2026-08-23T11:45:50-05:00,2015956,CLASE TEORICA,(3) Grupo 3,Jennifer Angel Amaya,30,21
local-20260823T114420,2026-08-23T11:45:50-05:00,2015956,CLASE TEORICA,(4) Grupo 4,Fernando Eli Romero Ordoñez; Modesto Portilla Gamboa,35,21
local-20260823T114420,2026-08-23T11:45:51-05:00,2015957,CLASE PRACTICA,(1) Grupo 1,No informado,30,22
local-20260823T114420,2026-08-23T11:45:51-05:00,2015957,CLASE PRACTICA,(2) Grupo 2,Samuel Fernando Mesa Giraldo,30,22
local-20260823T114420,2026-08-23T11:45:51-05:00,2015957,CLASE PRACTICA,(3) Grupo 3,Rose Marie Aldana Boutin,30,22
local-20260823T114420,2026-08-23T11:45:51-05:00,2015957,CLASE PRACTICA,(4) Grupo 4,Rose Marie Aldana Boutin,30,22
local-20260823T114420,2026-08-23T11:45:53-05:00,2015958,CLASE PRACTICA,(1) Grupo 1,William Castro Garcia,20,23
local-20260823T114420,2026-08-23T11:45:53-05:00,2015958,CLASE PRACTICA,(2) Grupo 2,William Castro Garcia,18,23
local-20260823T114420,2026-08-23T11:45:53-05:00,2015958,CLASE PRACTICA,(3) Grupo 3,Carlos Alfonso Gomez Guacaneme,30,23
local-20260823T114420,2026-08-23T11:45:53-05:00,2015958,CLASE PRACTICA,(4) Grupo 4,Mario Arturo Rincon Villalba,20,23
local-20260823T114420,2026-08-23T11:45:53-05:00,2015958,CLASE PRACTICA,(5) Grupo 5,Mario Arturo Rincon Villalba,20,23
local-20260823T114420,2026-08-23T11:45:53-05:00,2015958,CLASE PRACTICA,(6) Grupo 6,Fausto Alejandro Silva España,20,23
local-20260823T114420,2026-08-23T11:45:53-05:00,2015958,CLASE PRACTICA,(7) Grupo 7,Fausto Alejandro Silva España,20,23
local-20260823T114420,2026-08-23T11:45:53-05:00,2015958,CLASE PRACTICA,(8) Grupo 8,Fausto Alejandro Silva España,20,23
local-20260823T114420,2026-08-23T11:45:53-05:00,2015958,CLASE PRACTICA,(9) Grupo 9,Fausto Alejandro Silva España,20,23
local-20260823T114420,2026-08-23T11:45:53-05:00,2015958,CLASE TEORICA,(1) Grupo 1,William Castro Garcia,38,23
local-20260823T114420,2026-08-23T11:45:53-05:00,2015958,CLASE TEORICA,(3) Grupo 3,Carlos Alfonso Gomez Guacaneme,30,23
local-20260823T114420,2026-08-23T11:45:53-05:00,2015958,CLASE TEORICA,(4) Grupo 4,Mario Arturo Rincon Villalba,40,23
local-20260823T114420,2026-08-23T11:45:53-05:00,2015958,CLASE TEORICA,(6) Grupo 6,Cesar Andres Cortes Bello,40,23
local-20260823T114420,2026-08-23T11:45:53-05:00,2015958,CLASE TEORICA,(8) Grupo 8,Cesar Andres Cortes Bello,40,23
local-20260823T114420,2026-08-23T11:45:54-05:00,2015959,CLASE TEORICA,(1) Grupo 1,Carlos Eduardo Rodriguez Pineda,30,24
local-20260823T114420,2026-08-23T11:45:54-05:00,2015959,CLASE TEORICA,(2) Grupo 2,Guillermo Eduardo Avila Alvarez,30,24
local-20260823T114420,2026-08-23T11:45:54-05:00,2015959,CLASE TEORICA,(3) Grupo 3,Livaniel Viveros Rosero,30,24
local-20260823T114420,2026-08-23T11:45:54-05:00,2015959,CLASE TEORICA,(4) Grupo 4,No informado,0,24
local-20260823T114420,2026-08-23T11:46:02-05:00,2022760,NA,(1) Grupo 1,No informado,15,25
local-20260823T114420,2026-08-23T11:46:04-05:00,2015961,CLASE TEORICA,(1) Grupo 1,Rafael Orland Ortiz Mosquera,24,26
local-20260823T114420,2026-08-23T11:46:04-05:00,2015961,CLASE TEORICA,(2) Grupo 2,Adriana Patricia Piña Fulano,24,26
local-20260823T114420,2026-08-23T11:46:04-05:00,2015961,CLASE TEORICA,(3) Grupo 3,Gelber Norberto Gutierrez Palacios,24,26
local-20260823T114420,2026-08-23T11:46:04-05:00,2015961,CLASE TEORICA,(4) Grupo 4,No informado,24,26
local-20260823T114420,2026-08-23T11:46:04-05:00,2015961,CLASE TEORICA,(5) Grupo 5,No informado,24,26
local-20260823T114420,2026-08-23T11:46:04-05:00,2015961,CLASE TEORICA,(6) Grupo 6,Leonardo David Donado Garzon,24,26
local-20260823T114420,2026-08-23T11:46:05-05:00,2015978,CLASE TEORICA,(1) Grupo 1,No informado,0,27
local-20260823T114420,2026-08-23T11:46:05-05:00,2015978,CLASE TEORICA,(2) Grupo 2,Erasmo Alfredo Rodriguez Sandoval,30,27
local-20260823T114420,2026-08-23T11:46:05-05:00,2015978,CLASE TEORICA,(3) Grupo 3,No informado,30,27
local-20260823T114420,2026-08-23T11:46:05-05:00,2015978,CLASE TEORICA,(4) Grupo 4,No informado,30,27
local-20260823T114420,2026-08-23T11:46:05-05:00,2015978,CLASE TEORICA,(5) Grupo 5,No informado,30,27
local-20260823T114420,2026-08-23T11:46:06-05:00,2026135,CLASE TEORICA,(1) Grupo 1,NICOLAS ESCALANTE MORA,25,28
local-20260823T114420,2026-08-23T11:46:06-05:00,2026135,CLASE TEORICA,(2) Grupo 2,Leonel Vega Mora,25,28
local-20260823T114420,2026-08-23T11:46:06-05:00,2026135,CLASE TEORICA,(3) Grupo 3,Leonel Vega Mora,25,28
local-20260823T114420,2026-08-23T11:46:07-05:00,2015963,CLASE TEORICA,(1) Grupo 1,No informado,29,29
local-20260823T114420,2026-08-23T11:46:07-05:00,2015963,CLASE TEORICA,(2) Grupo 2,No informado,30,29
local-20260823T114420,2026-08-23T11:46:07-05:00,2015963,CLASE TEORICA,(3) Grupo 3,William Castro Garcia,30,29
local-20260823T114420,2026-08-23T11:46:16-05:00,2026138,CLASE TEORICA,(1) Grupo 1,Ivan Dario Serrano Arrieta,30,30
local-20260823T114420,2026-08-23T11:46:16-05:00,2026138,CLASE TEORICA,(2) Grupo 2,Ivan Dario Serrano Arrieta,30,30
local-20260823T114420,2026-08-23T11:46:16-05:00,2026138,CLASE TEORICA,(3) Grupo 3,Pedro Luis Jimenez Poveda,30,30
local-20260823T114420,2026-08-23T11:46:17-05:00,2015703,NA,(1) Grupo 1,Angela Maria Arboleda Restrepo,40,31
local-20260823T114420,2026-08-23T11:46:17-05:00,2015703,NA,(10) Grupo 10,Diego Alejandro Hernandez Castañeda,30,31
local-20260823T114420,2026-08-23T11:46:17-05:00,2015703,NA,(11) Grupo 11,Julio Cesar Cañon Rodriguez,30,31
local-20260823T114420,2026-08-23T11:46:17-05:00,2015703,NA,(2) Grupo 2,Osman Benjamin Giovanny Vargas Rozo,40,31
local-20260823T114420,2026-08-23T11:46:17-05:00,2015703,NA,(3) Grupo 3,Hugo Alberto Herrera Fonseca,40,31
local-20260823T114420,2026-08-23T11:46:17-05:00,2015703,NA,(4) Grupo 4,LINA JULIANA BULLA CASAS,30,31
local-20260823T114420,2026-08-23T11:46:17-05:00,2015703,NA,(5) Grupo 5 - Virtual,Cesar Augusto Roa Lemus,60,31
local-20260823T114420,2026-08-23T11:46:17-05:00,2015703,NA,(6) Grupo 6,JAVIER RICARDO OJEDA SANCHEZ,40,31
local-20260823T114420,2026-08-23T11:46:17-05:00,2015703,NA,(7) Grupo 7,JAVIER RICARDO OJEDA SANCHEZ,40,31
local-20260823T114420,2026-08-23T11:46:17-05:00,2015703,NA,(8) Grupo 8,Diego Alejandro Hernandez Castañeda,39,31
local-20260823T114420,2026-08-23T11:46:17-05:00,2015703,NA,(9) Grupo 9,LINA JULIANA BULLA CASAS,35,31
local-20260823T114420,2026-08-23T11:46:18-05:00,1000044-B,CLASE TEORICA,(1) Grupo 1,Beatriz Elena Urrutia Sanchez,26,32
local-20260823T114420,2026-08-23T11:46:18-05:00,1000044-B,CLASE TEORICA,(2) Grupo 2,Yaneli Niño Osorio,25,32
local-20260823T114420,2026-08-23T11:46:18-05:00,1000044-B,CLASE TEORICA,(3) Grupo 3,Luis Gabriel Peña Ortiz,25,32
local-20260823T114420,2026-08-23T11:46:18-05:00,1000044-B,CLASE TEORICA,(4) Grupo 4,Liliana Marcela Guzman Aricapa,25,32
local-20260823T114420,2026-08-23T11:46:18-05:00,1000044-B,CLASE TEORICA,(5) Grupo 5,Beatriz Elena Urrutia Sanchez,26,32
local-20260823T114420,2026-08-23T11:46:18-05:00,1000044-B,CLASE TEORICA,(6) Grupo 6,Cesar Augusto Romero,26,32
local-20260823T114420,2026-08-23T11:46:18-05:00,1000044-B,CLASE TEORICA,(7) Grupo 7,JOSE JONATHAN MAESTRE HERRERA,26,32
local-20260823T114420,2026-08-23T11:46:18-05:00,1000044-B,CLASE TEORICA,(8) Grupo 8,Beymar Leonardo Solorzano Alviz,26,32
local-20260823T114420,2026-08-23T11:46:18-05:00,1000044-B,CLASE TEORICA,(9) Grupo 9,Claudia Marcela Arevalo Gomez,0,32
local-20260823T114420,2026-08-23T11:46:20-05:00,1000045-B,CLASE TEORICA,(1) Grupo 1,Claudia Marcela Arevalo Gomez,3,33
local-20260823T114420,2026-08-23T11:46:20-05:00,1000045-B,CLASE TEORICA,(10) Grupo 10,Jesica paola Rendon Alfonso,24,33
local-20260823T114420,2026-08-23T11:46:20-05:00,1000045-B,CLASE TEORICA,(11) Grupo 11,JOSE JONATHAN MAESTRE HERRERA,26,33
local-20260823T114420,2026-08-23T11:46:20-05:00,1000045-B,CLASE TEORICA,(12) Grupo 12,LINDA JOHANA RUIZ GOMEZ,24,33
local-20260823T114420,2026-08-23T11:46:20-05:00,1000045-B,CLASE TEORICA,(13) Grupo 13,Narly Yadira Pardo Cadena,26,33
local-20260823T114420,2026-08-23T11:46:20-05:00,1000045-B,CLASE TEORICA,(14) Grupo 14,Angelica Saenz Fonseca,24,33
local-20260823T114420,2026-08-23T11:46:20-05:00,1000045-B,CLASE TEORICA,(15) Grupo 15,Narly Yadira Pardo Cadena,26,33
local-20260823T114420,2026-08-23T11:46:20-05:00,1000045-B,CLASE TEORICA,(16) Grupo 16,Luis Gabriel Peña Ortiz,22,33
local-20260823T114420,2026-08-23T11:46:20-05:00,1000045-B,CLASE TEORICA,(2) Grupo 2,Cesar Augusto Romero,26,33
local-20260823T114420,2026-08-23T11:46:20-05:00,1000045-B,CLASE TEORICA,(3) Grupo 3,Jesica paola Rendon Alfonso,25,33
local-20260823T114420,2026-08-23T11:46:20-05:00,1000045-B,CLASE TEORICA,(4) Grupo 4,Adriana Marlen Sanchez Riaño,25,33
local-20260823T114420,2026-08-23T11:46:20-05:00,1000045-B,CLASE TEORICA,(5) Grupo 5,Cesar Augusto Romero,26,33
local-20260823T114420,2026-08-23T11:46:20-05:00,1000045-B,CLASE TEORICA,(6) Grupo 6,Sara Elisa Monsalve Patino,26,33
local-20260823T114420,2026-08-23T11:46:20-05:00,1000045-B,CLASE TEORICA,(7) Grupo 7,Luis Gabriel Peña Ortiz,25,33
local-20260823T114420,2026-08-23T11:46:20-05:00,1000045-B,CLASE TEORICA,(8) Grupo 8,Johnatan Martinez Hernandez,23,33
local-20260823T114420,2026-08-23T11:46:20-05:00,1000045-B,CLASE TEORICA,(9) Grupo 9,Maureen Elizabeth Hooker Oneill,13,33
local-20260823T114420,2026-08-23T11:46:30-05:00,1000046-B,CLASE TEORICA,(1) Grupo 1,Johnatan Martinez Hernandez,26,35
local-20260823T114420,2026-08-23T11:46:30-05:00,1000046-B,CLASE TEORICA,(10) Grupo 10,Jennly Angelica Gomez Rodriguez,26,35
local-20260823T114420,2026-08-23T11:46:30-05:00,1000046-B,CLASE TEORICA,(11) Grupo 11,Angelica Saenz Fonseca,26,35
local-20260823T114420,2026-08-23T11:46:30-05:00,1000046-B,CLASE TEORICA,(12) Grupo 12,Liliana Marcela Guzman Aricapa,25,35
local-20260823T114420,2026-08-23T11:46:30-05:00,1000046-B,CLASE TEORICA,(13) Grupo 13,ALBA LUCIA RIAÑO RODRIGUEZ,26,35
local-20260823T114420,2026-08-23T11:46:30-05:00,1000046-B,CLASE TEORICA,(14) Grupo 14,Angelica Saenz Fonseca,26,35
local-20260823T114420,2026-08-23T11:46:30-05:00,1000046-B,CLASE TEORICA,(15) Grupo 15,Luis Gabriel Peña Ortiz,26,35
local-20260823T114420,2026-08-23T11:46:30-05:00,1000046-B,CLASE TEORICA,(16) Grupo 16,Olga Lucia Ruiz Convers,26,35
local-20260823T114420,2026-08-23T11:46:30-05:00,1000046-B,CLASE TEORICA,(17) Grupo 17,Luis Gabriel Peña Ortiz,26,35
local-20260823T114420,2026-08-23T11:46:30-05:00,1000046-B,CLASE TEORICA,(18) Grupo 18,Narly Yadira Pardo Cadena,25,35
local-20260823T114420,2026-08-23T11:46:30-05:00,1000046-B,CLASE TEORICA,(2) Grupo 2,Jesica paola Rendon Alfonso,26,35
local-20260823T114420,2026-08-23T11:46:30-05:00,1000046-B,CLASE TEORICA,(3) Grupo 3,JESUS DAVID TORRES RODRIGUEZ,26,35
local-20260823T114420,2026-08-23T11:46:30-05:00,1000046-B,CLASE TEORICA,(4) Grupo 4,Claudia Patricia Cortes Lora,26,35
local-20260823T114420,2026-08-23T11:46:30-05:00,1000046-B,CLASE TEORICA,(5) Grupo 5,Johnatan Martinez Hernandez,26,35
local-20260823T114420,2026-08-23T11:46:30-05:00,1000046-B,CLASE TEORICA,(6) Grupo 6,Johnatan Martinez Hernandez,26,35
local-20260823T114420,2026-08-23T11:46:30-05:00,1000046-B,CLASE TEORICA,(7) Grupo 7,Jesica paola Rendon Alfonso,26,35
local-20260823T114420,2026-08-23T11:46:30-05:00,1000046-B,CLASE TEORICA,(8) Grupo 8,Beatriz Elena Urrutia Sanchez,26,35
local-20260823T114420,2026-08-23T11:46:30-05:00,1000046-B,CLASE TEORICA,(9) Grupo 9,Maureen Elizabeth Hooker Oneill,10,35
local-20260823T114420,2026-08-23T11:46:33-05:00,1000052-B,CLASE TEORICA,(1) Grupo 1,Liliana Marcela Guzman Aricapa,27,37
local-20260823T114420,2026-08-23T11:46:33-05:00,1000052-B,CLASE TEORICA,(2) Grupo 2,JOSE JONATHAN MAESTRE HERRERA,28,37
local-20260823T114420,2026-08-23T11:46:33-05:00,1000052-B,CLASE TEORICA,(3) Grupo 3,Aida Elena Monsalve Solorzano,28,37
local-20260823T114420,2026-08-23T11:46:35-05:00,1000053-B,CLASE TEORICA,(1) Grupo 1,Jennly Angelica Gomez Rodriguez,28,38
local-20260823T114420,2026-08-23T11:46:35-05:00,1000053-B,CLASE TEORICA,(2) Grupo 2,Yaneli Niño Osorio,27,38
local-20260823T114420,2026-08-23T11:46:35-05:00,1000053-B,CLASE TEORICA,(3) Grupo 3,Javier Rodriguez Gomez,30,38
local-20260823T114420,2026-08-23T11:46:35-05:00,1000053-B,CLASE TEORICA,(4) Grupo 4,Javier Rodriguez Gomez,30,38
local-20260823T114420,2026-08-23T11:46:35-05:00,1000053-B,CLASE TEORICA,(5) Grupo 5,LINDA JOHANA RUIZ GOMEZ,28,38
local-20260823T114420,2026-08-23T11:46:35-05:00,1000053-B,CLASE TEORICA,(6) Grupo 6,Olga Lucia Ruiz Convers,28,38
local-20260823T114420,2026-08-23T11:46:37-05:00,1000047-B,CLASE TEORICA,(1) Grupo 1,Cesar Augusto Romero,26,39
local-20260823T114420,2026-08-23T11:46:37-05:00,1000047-B,CLASE TEORICA,(10) Grupo 10,Monica Alexandra Riaño Orjuela,26,39
local-20260823T114420,2026-08-23T11:46:37-05:00,1000047-B,CLASE TEORICA,(11) Grupo 11,Jennly Angelica Gomez Rodriguez,26,39
local-20260823T114420,2026-08-23T11:46:37-05:00,1000047-B,CLASE TEORICA,(12) Grupo 12,Claudia Patricia Cortes Lora,26,39
local-20260823T114420,2026-08-23T11:46:37-05:00,1000047-B,CLASE TEORICA,(13) Grupo 13,Angelica Saenz Fonseca,26,39
local-20260823T114420,2026-08-23T11:46:37-05:00,1000047-B,CLASE TEORICA,(14) Grupo 14,LINDA JOHANA RUIZ GOMEZ,26,39
local-20260823T114420,2026-08-23T11:46:37-05:00,1000047-B,CLASE TEORICA,(15) Grupo 15,Claudia Patricia Cortes Lora,26,39
local-20260823T114420,2026-08-23T11:46:37-05:00,1000047-B,CLASE TEORICA,(16) Grupo 16,Narly Yadira Pardo Cadena,26,39
local-20260823T114420,2026-08-23T11:46:37-05:00,1000047-B,CLASE TEORICA,(17) Grupo 17,Angelica Saenz Fonseca,26,39
local-20260823T114420,2026-08-23T11:46:37-05:00,1000047-B,CLASE TEORICA,(18) Grupo 18,ALBA LUCIA RIAÑO RODRIGUEZ,26,39
local-20260823T114420,2026-08-23T11:46:37-05:00,1000047-B,CLASE TEORICA,(19) Grupo 19,Aida Elena Monsalve Solorzano,26,39
local-20260823T114420,2026-08-23T11:46:37-05:00,1000047-B,CLASE TEORICA,(2) Grupo 2,Yaneli Niño Osorio,26,39
local-20260823T114420,2026-08-23T11:46:37-05:00,1000047-B,CLASE TEORICA,(20) Grupo 20,ALBA LUCIA RIAÑO RODRIGUEZ,26,39
local-20260823T114420,2026-08-23T11:46:37-05:00,1000047-B,CLASE TEORICA,(21) Grupo 21,Edwin Yesid Leon Silva,26,39
local-20260823T114420,2026-08-23T11:46:37-05:00,1000047-B,CLASE TEORICA,(22) Grupo 22,LINDA JOHANA RUIZ GOMEZ,26,39
local-20260823T114420,2026-08-23T11:46:37-05:00,1000047-B,CLASE TEORICA,(3) Grupo 3,Monica Alexandra Riaño Orjuela,26,39
local-20260823T114420,2026-08-23T11:46:37-05:00,1000047-B,CLASE TEORICA,(4) Grupo 4,Claudia Patricia Cortes Lora,26,39
local-20260823T114420,2026-08-23T11:46:37-05:00,1000047-B,CLASE TEORICA,(5) Grupo 5,Olga Lucia Ruiz Convers,25,39
local-20260823T114420,2026-08-23T11:46:37-05:00,1000047-B,CLASE TEORICA,(6) Grupo 6,Monica Alexandra Riaño Orjuela,26,39
local-20260823T114420,2026-08-23T11:46:37-05:00,1000047-B,CLASE TEORICA,(7) Grupo 7,Cesar Augusto Romero,26,39
local-20260823T114420,2026-08-23T11:46:37-05:00,1000047-B,CLASE TEORICA,(8) Grupo 8,Beatriz Elena Urrutia Sanchez,26,39
local-20260823T114420,2026-08-23T11:46:37-05:00,1000047-B,CLASE TEORICA,(9) Grupo 9,Keshia Hilary Howard Livingston,14,39
local-20260823T114420,2026-08-23T11:46:47-05:00,2026186,CLASE TEORICA,(1) Grupo 1,Carol Andrea Murillo Feo,6,41
local-20260823T114420,2026-08-23T11:46:47-05:00,2026186,CLASE TEORICA,(2) Grupo 2,Leonel Vega Mora,0,41
local-20260823T114420,2026-08-23T11:46:47-05:00,2026186,CLASE TEORICA,(3) Grupo 3,CAMILO RIOS FRESNEDA,0,41
local-20260823T114420,2026-08-23T11:46:47-05:00,2026186,CLASE TEORICA,(4) Grupo 4,Carlos Orlando Robles Roa,7,41
local-20260823T114420,2026-08-23T11:46:52-05:00,1000001-B,CLASE TEORICA,(1) Grupo 1,No informado,0,43
local-20260823T114420,2026-08-23T11:46:52-05:00,1000001-B,CLASE TEORICA,(19) Grupo 19,No informado,4,43
local-20260823T114420,2026-08-23T11:46:52-05:00,1000001-B,CLASE TEORICA,(2) Grupo 2,No informado,21,43
local-20260823T114420,2026-08-23T11:46:52-05:00,1000001-B,CLASE MAGISTRAL,(1) Grupo 1,Ibeth Marcela Rubio Perilla,0,43
local-20260823T114420,2026-08-23T11:46:52-05:00,1000001-B,CLASE MAGISTRAL,(10) Grupo 10,No informado,0,43
local-20260823T114420,2026-08-23T11:46:52-05:00,1000001-B,CLASE MAGISTRAL,(2) Grupo 2,Herbert Alonso Dueñas Ruiz,0,43
local-20260823T114420,2026-08-23T11:46:52-05:00,1000001-B,CLASE MAGISTRAL,(3) Grupo 3,Jeanneth Galeano Penaloza,0,43
local-20260823T114420,2026-08-23T11:46:52-05:00,1000001-B,CLASE MAGISTRAL,(4) Grupo 4,Gustavo Adolfo Nieto Clavijo,0,43
local-20260823T114420,2026-08-23T11:46:52-05:00,1000001-B,CLASE MAGISTRAL,(5) Grupo 5,Natalia Camila Pinzon Cortes,0,43
local-20260823T114420,2026-08-23T11:46:52-05:00,1000001-B,CLASE MAGISTRAL,(6) Grupo 6,Martha Cecilia Moreno Penagos,0,43
local-20260823T114420,2026-08-23T11:46:52-05:00,1000001-B,CLASE MAGISTRAL,(7) Grupo 7,Claudio Rodriguez Beltran,1,43
local-20260823T114420,2026-08-23T11:46:52-05:00,1000001-B,CLASE MAGISTRAL,(8) Grupo 8,Gabriel Ignacio Padilla Leon,0,43
local-20260823T114420,2026-08-23T11:46:52-05:00,1000001-B,CLASE MAGISTRAL,(9) Grupo 9,No informado,11,43
local-20260823T114420,2026-08-23T11:46:53-05:00,2015965,CLASE TEORICA,(1) Grupo 1,CAMILO RIOS FRESNEDA,24,44
local-20260823T114420,2026-08-23T11:46:53-05:00,2015965,CLASE TEORICA,(2) Grupo 2,Julian David Puerto Suarez; Vladimir Buelvas Hernández,24,44
local-20260823T114420,2026-08-23T11:46:53-05:00,2015965,CLASE TEORICA,(3) Grupo 3,Ferney Betancourt Cardozo; Juan Manuel Lizarazo Marriaga,23,44
local-20260823T114420,2026-08-23T11:46:53-05:00,2015965,CLASE TEORICA,(4) Grupo 4,No informado,24,44
local-20260823T114420,2026-08-23T11:47:03-05:00,2015966,CLASE TEORICA,(1) Grupo 1,No informado,24,45
local-20260823T114420,2026-08-23T11:47:03-05:00,2015966,CLASE TEORICA,(2) Grupo 2,Adriana Patricia Piña Fulano,24,45
local-20260823T114420,2026-08-23T11:47:03-05:00,2015966,CLASE TEORICA,(3) Grupo 3,Rafael Orland Ortiz Mosquera,24,45
local-20260823T114420,2026-08-23T11:47:03-05:00,2015966,CLASE TEORICA,(4) Grupo 4,No informado,24,45
local-20260823T114420,2026-08-23T11:47:03-05:00,2015966,CLASE TEORICA,(5) Grupo 5,No informado,24,45
local-20260823T114420,2026-08-23T11:47:03-05:00,2015966,CLASE TEORICA,(6) Grupo 6,Luis Alejandro Morales Marin,23,45
local-20260823T114420,2026-08-23T11:47:03-05:00,2015966,CLASE TEORICA,(7) Grupo 7,No informado,24,45
local-20260823T114420,2026-08-23T11:47:03-05:00,2015966,CLASE TEORICA,(8) Grupo 8,No informado,24,45
local-20260823T114420,2026-08-23T11:47:04-05:00,2015967,NA,(1) Grupo 1,Vladimir Buelvas Hernández,24,46
local-20260823T114420,2026-08-23T11:47:05-05:00,2015968,CLASE TEORICA,(1) Grupo 1,Ricardo Parra Arango,24,47
local-20260823T114420,2026-08-23T11:47:05-05:00,2015968,CLASE TEORICA,(2) Grupo 2,Juan David Oliveros Salazar,24,47
local-20260823T114420,2026-08-23T11:47:05-05:00,2015968,CLASE TEORICA,(3) Grupo 3,No informado,24,47
local-20260823T114420,2026-08-23T11:47:05-05:00,2015968,CLASE TEORICA,(4) Grupo 4,Ricardo Parra Arango,24,47
local-20260823T114420,2026-08-23T11:47:05-05:00,2015968,CLASE TEORICA,(5) Grupo 5,Julian David Puerto Suarez,24,47
local-20260823T114420,2026-08-23T11:47:05-05:00,2015968,CLASE TEORICA,(6) Grupo 6,Dorian Luis Linero Segrera,24,47
local-20260823T114420,2026-08-23T11:47:05-05:00,2015968,CLASE TEORICA,(7) Grupo 7,No informado,0,47
local-20260823T114420,2026-08-23T11:47:07-05:00,2015969,CLASE TEORICA,(1) Grupo 1 (Inglés),Julio Esteban Colmenares Montañez,30,48
local-20260823T114420,2026-08-23T11:47:07-05:00,2015969,CLASE TEORICA,(2) Grupo 2,Guillermo Eduardo Avila Alvarez,30,48
local-20260823T114420,2026-08-23T11:47:07-05:00,2015969,CLASE TEORICA,(3) Grupo 3,Livaniel Viveros Rosero,30,48
local-20260823T114420,2026-08-23T11:47:07-05:00,2015969,CLASE TEORICA,(4) Grupo 4,No informado,30,48
local-20260823T114420,2026-08-23T11:47:08-05:00,2015970,CLASE PRACTICA,(4) Grupo 4,Helga Duarte,30,49
local-20260823T114420,2026-08-23T11:47:08-05:00,2015970,CLASE PRACTICA,(5) Grupo 5,Oswaldo Rojas Camacho,45,49
local-20260823T114420,2026-08-23T11:47:08-05:00,2015970,CLASE PRACTICA,(8) Grupo 8,Helga Duarte,30,49
local-20260823T114420,2026-08-23T11:47:08-05:00,2015970,CLASE PRACTICA,(9) Grupo 9,Oswaldo Rojas Camacho,45,49
local-20260823T114420,2026-08-23T11:47:17-05:00,2017293,CLASE TEORICA,(1) 2017293-1 Modelación matemática,David Leonardo Diaz Leon,34,50
local-20260823T114420,2026-08-23T11:47:17-05:00,2017293,CLASE TEORICA,(2) 2017293-2 Modelación matemática,David Leonardo Diaz Leon,33,50
local-20260823T114420,2026-08-23T11:47:17-05:00,2017293,CLASE MAGISTRAL,(1M) 2017293-1M Modelación matemática - Magistral,Carlos Alberto Duque Daza,79,50
local-20260823T114420,2026-08-23T11:47:22-05:00,2015971,CLASE TEORICA,(1) Grupo 1,No informado,30,53
local-20260823T114420,2026-08-23T11:47:22-05:00,2015971,CLASE TEORICA,(2) Grupo 2,Ferney Betancourt Cardozo,30,53
local-20260823T114420,2026-08-23T11:47:22-05:00,2015971,CLASE TEORICA,(3) Grupo 3,No informado,30,53
local-20260823T114420,2026-08-23T11:47:23-05:00,2015972,CLASE TEORICA,(1) Grupo 1,Carlos Alberto Moncada Aristizabal,15,54
local-20260823T114420,2026-08-23T11:47:23-05:00,2015972,CLASE TEORICA,(2) Grupo 2,SANTIAGO RAMIREZ ECHEVERRI,15,54
local-20260823T114420,2026-08-23T11:47:23-05:00,2015972,CLASE TEORICA,(3) Grupo 3,No informado,15,54
local-20260823T114420,2026-08-23T11:47:31-05:00,1000024-B,CLASE TEORICA,(12) Grupo 12,Edgar Delgado Mejia,0,55
local-20260823T114420,2026-08-23T11:47:31-05:00,1000024-B,CLASE TEORICA,(13) Grupo 13,Jesus Sigifredo Valencia Rios,0,55
local-20260823T114420,2026-08-23T11:47:31-05:00,1000024-B,CLASE TEORICA,(14) Grupo 14,Jhon Jairo Aragón Arias,8,55
local-20260823T114420,2026-08-23T11:47:33-05:00,1000013-B,CLASE TEORICA,(1) Grupo 1,JHONIER SEBASTIAN RANGEL GUTIERREZ,0,56
local-20260823T114420,2026-08-23T11:47:33-05:00,1000013-B,CLASE TEORICA,(10) Grupo 10,Sandra Vergara Cardozo,35,56
local-20260823T114420,2026-08-23T11:47:33-05:00,1000013-B,CLASE TEORICA,(11) Grupo 11,DIEGO ALBERTO MARTINEZ SIMBAQUEVA,39,56
local-20260823T114420,2026-08-23T11:47:33-05:00,1000013-B,CLASE TEORICA,(12) Grupo 12,DIEGO ALBERTO MARTINEZ SIMBAQUEVA,40,56
local-20260823T114420,2026-08-23T11:47:33-05:00,1000013-B,CLASE TEORICA,(13) Grupo 13,DIEGO ALBERTO MARTINEZ SIMBAQUEVA,29,56
local-20260823T114420,2026-08-23T11:47:33-05:00,1000013-B,CLASE TEORICA,(16) Grupo 16,Sergio Alejandro Calderon Villanueva,30,56
local-20260823T114420,2026-08-23T11:47:33-05:00,1000013-B,CLASE TEORICA,(2) Grupo 2,Luis Guillermo Diaz Monroy,40,56
local-20260823T114420,2026-08-23T11:47:33-05:00,1000013-B,CLASE TEORICA,(22) Grupo 22,Hanwen Zhang,45,56
local-20260823T114420,2026-08-23T11:47:33-05:00,1000013-B,CLASE TEORICA,(23) Grupo 23,ULPIANO LARA CRISTANCHO,0,56
local-20260823T114420,2026-08-23T11:47:33-05:00,1000013-B,CLASE TEORICA,(3) Grupo 3,Diana Carolina Franco Soto,40,56
local-20260823T114420,2026-08-23T11:47:33-05:00,1000013-B,CLASE TEORICA,(4) Grupo 4,Diana Carolina Franco Soto,40,56
local-20260823T114420,2026-08-23T11:47:33-05:00,1000013-B,CLASE TEORICA,(5) Grupo 5,Darwin Eduardo Martínez Riaño,35,56
local-20260823T114420,2026-08-23T11:47:33-05:00,1000013-B,CLASE TEORICA,(6) Grupo 6,Darwin Eduardo Martínez Riaño,35,56
local-20260823T114420,2026-08-23T11:47:33-05:00,1000013-B,CLASE TEORICA,(7) Grupo 7,Camilo Jose Torres Jimenez,40,56
local-20260823T114420,2026-08-23T11:47:34-05:00,2015734,NA,(1) Grupo 1,Fernando Salazar Delgado,5,57
local-20260823T114420,2026-08-23T11:47:34-05:00,2015734,NA,(10) Grupo 10,Tito Florez Calderon,4,57
local-20260823T114420,2026-08-23T11:47:34-05:00,2015734,NA,(11) Grupo 11,DAVID ALBERTO HERRERA ALVAREZ,0,57
local-20260823T114420,2026-08-23T11:47:34-05:00,2015734,NA,(12) Grupo 12,FABIEL NATÁN ESPINOSA CASTAÑEDA,1,57
local-20260823T114420,2026-08-23T11:47:34-05:00,2015734,NA,(13) Grupo 13,SERGIO CAMILO ESPINOSA BOTERO,33,57
local-20260823T114420,2026-08-23T11:47:34-05:00,2015734,NA,(14) Grupo 14,Felipe Gonzalez Roldan,0,57
local-20260823T114420,2026-08-23T11:47:34-05:00,2015734,NA,(2) Grupo 2,Fernando Salazar Delgado,15,57
local-20260823T114420,2026-08-23T11:47:34-05:00,2015734,NA,(3) Grupo 3,Jhoan Sebastian Restrepo Mendoza,0,57
local-20260823T114420,2026-08-23T11:47:34-05:00,2015734,NA,(4) Grupo 4,Sandra Liliana Rojas Martinez,0,57
local-20260823T114420,2026-08-23T11:47:34-05:00,2015734,NA,(5) Grupo 5,Jhoan Sebastian Restrepo Mendoza,1,57
local-20260823T114420,2026-08-23T11:47:34-05:00,2015734,NA,(6) Grupo 6,SERGIO CAMILO ESPINOSA BOTERO,5,57
local-20260823T114420,2026-08-23T11:47:34-05:00,2015734,NA,(7) Grupo 7,No informado,3,57
local-20260823T114420,2026-08-23T11:47:34-05:00,2015734,NA,(8) Grupo 8 - Virtual,FABIEL NATÁN ESPINOSA CASTAÑEDA,30,57
local-20260823T114420,2026-08-23T11:47:34-05:00,2015734,NA,(9) Grupo 9,Alvaro Reynel Córdoba,11,57
local-20260823T114420,2026-08-23T11:47:37-05:00,2015973,CLASE TEORICA,(1) Grupo 1,No informado,25,59
local-20260823T114420,2026-08-23T11:47:37-05:00,2015973,CLASE TEORICA,(2) Grupo 2,GABRIELA ARRIETA LOYO,25,59
local-20260823T114420,2026-08-23T11:47:37-05:00,2015973,CLASE TEORICA,(3) Grupo 3,NICOLAS ESCALANTE MORA,25,59
local-20260823T114420,2026-08-23T11:47:47-05:00,2022761,NA,(1) Grupo 1,Servio Javier Contreras Guerrero,15,60
local-20260823T114420,2026-08-23T11:47:47-05:00,2022761,NA,(2) Grupo 2,Servio Javier Contreras Guerrero,15,60
local-20260823T114420,2026-08-23T11:47:47-05:00,2022761,NA,(3) Grupo 3,Samuel Fernando Mesa Giraldo,15,60
local-20260823T114420,2026-08-23T11:47:49-05:00,2024045,CLASE TEORICA,(1) 2024045-1 Taller de proyectos interdisciplinarios,No informado,0,61
local-20260823T114420,2026-08-23T11:47:49-05:00,2024045,CLASE TEORICA,(10) 2024045-10 Taller de proyectos interdisciplinarios,Oscar Andres Eraso Eraso,0,61
local-20260823T114420,2026-08-23T11:47:49-05:00,2024045,CLASE TEORICA,(11) 2024045-11 Taller de proyectos interdisciplinarios,No informado,0,61
local-20260823T114420,2026-08-23T11:47:49-05:00,2024045,CLASE TEORICA,(12) 2024045-12 Taller de proyectos interdisciplinarios,Hector Julian Garcia Otalora,200,61
local-20260823T114420,2026-08-23T11:47:49-05:00,2024045,CLASE TEORICA,(13) 2024045-13 Taller de proyectos interdisciplinarios,No informado,0,61
local-20260823T114420,2026-08-23T11:47:49-05:00,2024045,CLASE TEORICA,(14) 2024045-14 Taller de proyectos interdisciplinarios,Dolly Santos Barbosa,0,61
local-20260823T114420,2026-08-23T11:47:49-05:00,2024045,CLASE TEORICA,(15) 2024045-15 Taller de proyectos interdisciplinarios,Oscar Andres Eraso Eraso,0,61
local-20260823T114420,2026-08-23T11:47:49-05:00,2024045,CLASE TEORICA,(16) 2024045-16 Taller de proyectos interdisciplinarios,Luis Ignacio Rodriguez Varela,0,61
local-20260823T114420,2026-08-23T11:47:49-05:00,2024045,CLASE TEORICA,(17) 2024045-17 Taller de proyectos interdisciplinarios,JOHANA CATALINA MANOSALVA BARRERA,0,61
local-20260823T114420,2026-08-23T11:47:49-05:00,2024045,CLASE TEORICA,(18) 2024045-18 Taller de proyectos interdisciplinarios,Fernando Bernal Martinez,0,61
local-20260823T114420,2026-08-23T11:47:49-05:00,2024045,CLASE TEORICA,(19) 2024045-19 Taller de proyectos interdisciplinarios,FRANCISCO JAVIER VÁSQUEZ VÁSQUEZ,0,61
local-20260823T114420,2026-08-23T11:47:49-05:00,2024045,CLASE TEORICA,(2) 2024045-2 Taller de proyectos interdisciplinarios,Fernando Bernal Martinez,0,61
local-20260823T114420,2026-08-23T11:47:49-05:00,2024045,CLASE TEORICA,(21) 2024045-21 Taller de proyectos interdisciplinarios,No informado,0,61
local-20260823T114420,2026-08-23T11:47:49-05:00,2024045,CLASE TEORICA,(22) 2024045-22 Taller de proyectos interdisciplinarios,Ubaldo Garcia Zaragoza,0,61
local-20260823T114420,2026-08-23T11:47:49-05:00,2024045,CLASE TEORICA,(23) 2024045-23 Taller de proyectos interdisciplinarios,No informado,0,61
local-20260823T114420,2026-08-23T11:47:49-05:00,2024045,CLASE TEORICA,(24) 2024045-24 Taller de proyectos interdisciplinarios,Hector Julian Garcia Otalora,200,61
local-20260823T114420,2026-08-23T11:47:49-05:00,2024045,CLASE TEORICA,(3) 2024045-3 Taller de proyectos interdisciplinarios,Guillermo Alberto Rocha Casas,0,61
local-20260823T114420,2026-08-23T11:47:49-05:00,2024045,CLASE TEORICA,(4) 2024045-4 Taller de proyectos interdisciplinarios,Francy Nayely Prieto Novoa,0,61
local-20260823T114420,2026-08-23T11:47:49-05:00,2024045,CLASE TEORICA,(40) 2024045-40 TPI-- NO BORRAR-- BLOQ ESPACIOS,No informado,0,61
local-20260823T114420,2026-08-23T11:47:49-05:00,2024045,CLASE TEORICA,(5) 2024045-5 Taller de proyectos interdisciplinarios,Nubia Carmenza Moreno Sarmiento,0,61
local-20260823T114420,2026-08-23T11:47:49-05:00,2024045,CLASE TEORICA,(6) 2024045-6 Taller de proyectos interdisciplinarios,JOHANA CATALINA MANOSALVA BARRERA,0,61
local-20260823T114420,2026-08-23T11:47:49-05:00,2024045,CLASE TEORICA,(7) 2024045-7 Taller de proyectos interdisciplinarios,Ubaldo Garcia Zaragoza,0,61
local-20260823T114420,2026-08-23T11:47:49-05:00,2024045,CLASE TEORICA,(8) 2024045-8 Taller de proyectos interdisciplinarios,JHON FREDDY LOPEZ MEDINA,0,61
local-20260823T114420,2026-08-23T11:47:49-05:00,2024045,CLASE TEORICA,(9) 2024045-9 Taller de proyectos interdisciplinarios,Manuel Alejandro Mayorga Betancourt,0,61
local-20260823T114420,2026-08-23T11:47:50-05:00,2015296,NA,(1) Grupo 1,Leonardo David Donado Garzon,5,62
local-20260823T114420,2026-08-23T11:47:50-05:00,2015296,NA,(10) Grupo 10,Juan Manuel Lizarazo Marriaga,5,62
local-20260823T114420,2026-08-23T11:47:50-05:00,2015296,NA,(11) Grupo 11,Octavio Coronado Garcia,5,62
local-20260823T114420,2026-08-23T11:47:50-05:00,2015296,NA,(12) Grupo 12,Carol Andrea Murillo Feo,5,62
local-20260823T114420,2026-08-23T11:47:50-05:00,2015296,NA,(13) Grupo 13,CAMILO RIOS FRESNEDA,5,62
local-20260823T114420,2026-08-23T11:47:50-05:00,2015296,NA,(14) Grupo 14,William Castro Garcia,5,62
local-20260823T114420,2026-08-23T11:47:50-05:00,2015296,NA,(15) Grupo 15,Luis Alejandro Morales Marin,5,62
local-20260823T114420,2026-08-23T11:47:50-05:00,2015296,NA,(16) Grupo 16,Ferney Betancourt Cardozo,5,62
local-20260823T114420,2026-08-23T11:47:50-05:00,2015296,NA,(17) Grupo 17,Maria Alejandra Caicedo Londoño,5,62
local-20260823T114420,2026-08-23T11:47:50-05:00,2015296,NA,(18) Grupo 18,Guillermo Eduardo Avila Alvarez,5,62
local-20260823T114420,2026-08-23T11:47:50-05:00,2015296,NA,(19) Grupo 19,Carlos Alfonso Gomez Guacaneme,0,62
local-20260823T114420,2026-08-23T11:47:50-05:00,2015296,NA,(2) Grupo 2,Carlos Orlando Robles Roa,5,62
local-20260823T114420,2026-08-23T11:47:50-05:00,2015296,NA,(3) Grupo 3,Angela Barrera Puerto,5,62
local-20260823T114420,2026-08-23T11:47:50-05:00,2015296,NA,(4) Grupo 4,Mauricio Alberto Tapias Camacho,5,62
local-20260823T114420,2026-08-23T11:47:50-05:00,2015296,NA,(5) Grupo 5,Maritzabel Molina Herrera,5,62
local-20260823T114420,2026-08-23T11:47:50-05:00,2015296,NA,(6) Grupo 6,Rodolfo Rodriguez Baracaldo,5,62
local-20260823T114420,2026-08-23T11:47:50-05:00,2015296,NA,(7) Grupo 7,SANTIAGO RAMIREZ ECHEVERRI,5,62
local-20260823T114420,2026-08-23T11:47:50-05:00,2015296,NA,(8) Grupo 8,Jose Ricardo Martinez Vargas,5,62
local-20260823T114420,2026-08-23T11:47:50-05:00,2015296,NA,(9) Grupo 9,GABRIELA ARRIETA LOYO,5,62
local-20260823T114420,2026-08-23T11:47:51-05:00,2015299,CLASE TEORICA,(1) Grupo 1,GABRIELA ARRIETA LOYO,51,63
local-20260823T210552,2026-08-23T21:06:39-05:00,2029352,CLASE TALLER,(4) Mesa: Bienestar universitario,Andres Sicard Currea,0,1
local-20260823T210552,2026-08-23T21:06:39-05:00,2029352,CLASE TALLER,(1) Mesa: Democracia y autonomía universitaria,Andrea Carolina Jimenez Martin,0,1
local-20260823T210552,2026-08-23T21:06:39-05:00,2029352,CLASE TALLER,(3) Mesa: Política de género,Laura Espinosa Botero,0,1
local-20260823T210552,2026-08-23T21:06:39-05:00,2029352,CLASE TALLER,(6) Mesa: Relación I.E.S - Sociedad,Francisco Javier Toloza Fuentes,0,1
local-20260823T210552,2026-08-23T21:06:39-05:00,2029352,CLASE TALLER,(5) Mesa: Seguridad y derechos humanos,Erika Constanza Sabogal Muñoz,0,1
local-20260823T210552,2026-08-23T21:06:41-05:00,2024279,CLASE TEORICA,(1) Grupo 1 - Clase Presencial,Eduard Alexis Larrañaga Rubio,48,2
local-20260823T210552,2026-08-23T21:06:42-05:00,2022616,CLASE TEORICA,(1) Alemán Electivo II,Diego Gonzalez Gonzalez,24,3
local-20260823T210552,2026-08-23T21:06:44-05:00,2022617,CLASE TEORICA,(1) Alemán Electivo III,Daniel Uriel Ventura Caceres,25,4
local-20260823T210552,2026-08-23T21:06:48-05:00,2021514,CLASE TEORICA,(1) Grupo 1 - Clase Remota - Sede Bogotá,Omar Joaquin Agudelo Suarez,80,6
local-20260823T210552,2026-08-23T21:07:09-05:00,2027248,CLASE TEORICA,(1) Grupo 1 - Clase presencial,Miguel Angel Herrera Zgaib,50,10
local-20260823T210552,2026-08-23T21:07:10-05:00,2025406,CLASE TEORICA,(1) Grupo 1 - Clase Presencial,Joanita Jimena Barbosa Gomez,0,11
local-20260823T210552,2026-08-23T21:07:12-05:00,2026433,CLASE TEORICA,(1) Grupo 1 - Clase presencial,Joanita Jimena Barbosa Gomez,121,12
local-20260823T210552,2026-08-23T21:07:16-05:00,2011302,CLASE TEORICA,(1) Grupo 1,Docente Ajuste Derecho,0,14
local-20260823T210552,2026-08-23T21:07:18-05:00,2012698,CLASE TEORICA,(1) Grupo 1,Docente Ajuste Derecho,0,15
local-20260823T210552,2026-08-23T21:07:20-05:00,2021140,NA,(1) Grupo 1 - Clase Presencial,Leonardo Castañeda Colorado,48,16
local-20260823T210552,2026-08-23T21:07:20-05:00,2021140,NA,(2) Grupo 2 - Clase Presencial,Giovanni Alejandro Pinzon Estrada,47,16
local-20260823T210552,2026-08-23T21:07:22-05:00,2026533,CLASE TEORICA,(1) Grupo 1 - Clase Presencial - Sede Bogotá,Egberto Bermudez Cujar,198,17
local-20260823T210552,2026-08-23T21:07:26-05:00,2028674,CLASE TEORICA,(1) Grupo 1 - Clase presencial,Yuly Edith Sanchez Mendoza,0,19
local-20260823T210552,2026-08-23T21:07:37-05:00,2021147,CLASE TEORICA,(1) Grupo 1 - Clase presencial,Nubia Carmenza Moreno Sarmiento,55,22
local-20260823T210552,2026-08-23T21:07:43-05:00,2029655,CLASE TEORICA,(1) Grupo 1 - Clase Presencial,Andrea Carolina Jimenez Martin,189,25
local-20260823T210552,2026-08-23T21:07:45-05:00,2022287,CLASE TEORÍCA,(1) Grupo 1 - Clase presencial,Liven Fernando Martinez Bernal,73,26
local-20260823T210552,2026-08-23T21:07:48-05:00,1000129-B,CLASE TEORICA,(1) Grupo 1 - Clase Remota - Grupo Bogotá,Diego Alexander Garzon Alvarado; EDUARDO ALFONSO RUEDA BARRERA,497,27
local-20260823T210552,2026-08-23T21:07:49-05:00,2021770,NA,(1) Grupo 1 - Clase presencial,Eulises Torres,49,28
local-20260823T210552,2026-08-23T21:08:02-05:00,2027992,CLASE TEORICA,(1) Grupo 1,JUAN CARLOS MONTOYA AGUDELO,147,30
local-20260823T210552,2026-08-23T21:08:04-05:00,2027937,NA,(6) Grupo Amazonía,Fernando José Rodríguez Mesa,15,31
local-20260823T210552,2026-08-23T21:08:04-05:00,2027937,NA,(1) Grupo Bogotá,Fernando José Rodríguez Mesa,282,31
local-20260823T210552,2026-08-23T21:08:04-05:00,2027937,NA,(5) Grupo Caribe,Fernando José Rodríguez Mesa,15,31
local-20260823T210552,2026-08-23T21:08:04-05:00,2027937,NA,(7) Grupo Orinoquía,Fernando José Rodríguez Mesa,15,31
local-20260823T210552,2026-08-23T21:08:04-05:00,2027937,NA,(8) Grupo Tumaco,Fernando José Rodríguez Mesa,15,31
local-20260823T210552,2026-08-23T21:08:14-05:00,2030035,CLASE TEORICA,(1) Grupo 1 - Clase Presencial - Sede Bogotá,Andres Leonardo Gongora Sierra; Ginna Marcela Rivera Rodriguez,120,35
local-20260823T210552,2026-08-23T21:08:22-05:00,2030039,CLASE TEORICA,(1) Grupo 1 - Clase Presencial - Sede Bogotá,LIZ KAREN HERRERA QUINTERO,200,38
local-20260823T210552,2026-08-23T21:08:33-05:00,2030040,CLASE TEORICA,(1) Grupo 1 - Clase Presencial - Sede Bogotá,Ana Maria Lozano Rocha; William Alfonso Lopez Rosas; David Lozano Moreno,100,40
local-20260823T210552,2026-08-23T21:08:35-05:00,2030033,CLASE TEORICA,(1) Grupo 1 - Clase Presencial - Sede Bogotá,Jose Ernesto Mancera Pineda,120,41
local-20260823T210552,2026-08-23T21:08:38-05:00,2030034,CLASE TEORICA,(1) Grupo 1 - Clase Presencial - Sede Bogotá,MILENA LIMA DE MORAES,200,42
local-20260823T210552,2026-08-23T21:08:49-05:00,1000176-B,CLASE TEORICA,(1) Grupo 1 - Clase Remota - Grupo Bogotá,Harold Enrique Tenorio Quiñones,18,44
local-20260823T210552,2026-08-23T21:08:53-05:00,1000170-B,CLASE TEORICA,(1) Grupo 1 - Clase Remota - Grupo Bogotá,ALVARO RIVAS GUZMAN,48,45
local-20260823T210552,2026-08-23T21:08:55-05:00,1000159-B,CLASE TEORICA,(1) Grupo 1 - Clase Remota - Grupo Bogotá,LUZ MARINA OCAMPO CARMONA,40,46
local-20260823T210552,2026-08-23T21:08:57-05:00,1000158-B,CLASE TEORICA,(1) Grupo 1 - Clase Remota - Grupo Bogotá,Maria Del Rosario Rojas Robles,195,47
local-20260823T210552,2026-08-23T21:09:00-05:00,1000175-B,CLASE TEORICA,(1) Grupo 1 - Clase Remota - Grupo Bogotá,Eduardo Antonio Restrepo Uribe,28,48
local-20260823T210552,2026-08-23T21:09:10-05:00,1000141-B,CLASE TEORICA,(1) Grupo 1 - Clase Remota - Sede Bogotá,Jose Ernesto Mancera Pineda,44,50
local-20260823T210552,2026-08-23T21:09:13-05:00,1000089-B,CLASE TEORICA,(1) Grupo 1 - Clase Virtual,Jasmin Garcia Pineros,1,51
local-20260823T210552,2026-08-23T21:09:13-05:00,1000089-B,CLASE TEORICA,(10) Grupo 10 - Clase Virtual,Jasmin Garcia Pineros,0,51
local-20260823T210552,2026-08-23T21:09:13-05:00,1000089-B,CLASE TEORICA,(11) Grupo 11 - Clase Virtual,Jasmin Garcia Pineros,0,51
local-20260823T210552,2026-08-23T21:09:13-05:00,1000089-B,CLASE TEORICA,(12) Grupo 12 - Clase Virtual,Jasmin Garcia Pineros,0,51
local-20260823T210552,2026-08-23T21:09:13-05:00,1000089-B,CLASE TEORICA,(13) Grupo 13 - Clase Virtual,Jasmin Garcia Pineros,0,51
local-20260823T210552,2026-08-23T21:09:13-05:00,1000089-B,CLASE TEORICA,(14) Grupo 14 - Clase Virtual,Jasmin Garcia Pineros,0,51
local-20260823T210552,2026-08-23T21:09:13-05:00,1000089-B,CLASE TEORICA,(15) Grupo 15 - Clase Virtual,Jasmin Garcia Pineros,0,51
local-20260823T210552,2026-08-23T21:09:13-05:00,1000089-B,CLASE TEORICA,(16) Grupo 16 - Clase Virtual,Jasmin Garcia Pineros,0,51
local-20260823T210552,2026-08-23T21:09:13-05:00,1000089-B,CLASE TEORICA,(17) Grupo 17 - Clase Virtual,Jasmin Garcia Pineros,0,51
local-20260823T210552,2026-08-23T21:09:13-05:00,1000089-B,CLASE TEORICA,(18) Grupo 18 - Clase Virtual,Jasmin Garcia Pineros,0,51
local-20260823T210552,2026-08-23T21:09:13-05:00,1000089-B,CLASE TEORICA,(19) Grupo 19 - Clase Virtual,Jasmin Garcia Pineros,0,51
local-20260823T210552,2026-08-23T21:09:13-05:00,1000089-B,CLASE TEORICA,(2) Grupo 2 - Clase Virtual,Jasmin Garcia Pineros,0,51
local-20260823T210552,2026-08-23T21:09:13-05:00,1000089-B,CLASE TEORICA,(20) Grupo 20 - Clase Virtual,Jasmin Garcia Pineros,0,51
local-20260823T210552,2026-08-23T21:09:13-05:00,1000089-B,CLASE TEORICA,(21) Grupo 21 - Clase Virtual,Jasmin Garcia Pineros,1,51
local-20260823T210552,2026-08-23T21:09:13-05:00,1000089-B,CLASE TEORICA,(3) Grupo 3 - Clase Virtual,Jasmin Garcia Pineros,0,51
local-20260823T210552,2026-08-23T21:09:13-05:00,1000089-B,CLASE TEORICA,(4) Grupo 4 - Clase Virtual,Jasmin Garcia Pineros,0,51
local-20260823T210552,2026-08-23T21:09:13-05:00,1000089-B,CLASE TEORICA,(5) Grupo 5 - Clase Virtual,Jasmin Garcia Pineros,1,51
local-20260823T210552,2026-08-23T21:09:13-05:00,1000089-B,CLASE TEORICA,(6) Grupo 6 - Clase Virtual,Jasmin Garcia Pineros,0,51
local-20260823T210552,2026-08-23T21:09:13-05:00,1000089-B,CLASE TEORICA,(7) Grupo 7 - Clase Virtual,Jasmin Garcia Pineros,0,51
local-20260823T210552,2026-08-23T21:09:13-05:00,1000089-B,CLASE TEORICA,(9) Grupo 9 - Clase Virtual,Jasmin Garcia Pineros,0,51
local-20260823T210552,2026-08-23T21:09:18-05:00,1000168-B,CLASE TEORICA,(1) Grupo 1 - Clase Remota - Grupo Bogotá,Adriana Isabel Orjuela Martinez; SANDRA PATRICIA DAZA CAICEDO,19,53
local-20260823T210552,2026-08-23T21:09:20-05:00,1000167-B,CLASE TEORICA,(1) Grupo 1 - Clase Remota - Grupo Bogotá,Luis Alberto Sanchez Alfaro,152,54
local-20260823T210552,2026-08-23T21:09:23-05:00,1000172-B,CLASE TEORICA,(1) Grupo 1 - Clase Remota - Grupo Bogotá,Monica Reinartz Estrada,18,55
local-20260823T210552,2026-08-23T21:09:25-05:00,1000145-B,CLASE TEORICA,(1) Grupo 1 - Clase Remota - Sede Bogotá,Viviana Vargas Franco,58,56
local-20260823T210552,2026-08-23T21:09:30-05:00,1000173-B,CLASE TEORICA,(1) Grupo 1 - Clase Remota - Grupo Bogotá,MONICA AYDE VALLEJO VELASQUEZ,49,58
local-20260823T210552,2026-08-23T21:09:44-05:00,1000171-B,CLASE TEORICA,(1) Grupo 1 - Clase Remota - Grupo Bogotá,María Luisa Villalba Morales,40,61
local-20260823T210552,2026-08-23T21:09:48-05:00,1000174-B,CLASE TEORICA,(1) Grupo 1 - Clase Remota - Grupo Bogotá,No informado,24,63
local-20260823T210552,2026-08-23T21:09:51-05:00,1000169-B,CLASE TEORICA,(1) Grupo 1 - Clase Remota - Grupo Bogotá,Julian Alejandro Osorio Osorio,26,64
local-20260823T210552,2026-08-23T21:09:54-05:00,2028643,NA,(1) Grupo 1 - Virtual Bogotá,Jose Ismael Peña Reyes,97,66
local-20260823T210552,2026-08-23T21:09:58-05:00,2029903,CLASE MAGISTRAL,(1) Grupo 1 Cesar Ayala Diago,Cesar Augusto Ayala Diago,78,68
local-20260823T210552,2026-08-23T21:10:00-05:00,2029864,CLASE TEORICA,(1) Chino Electivo III,JESSICA LUCIA MORENO NOVOA,20,69
local-20260823T210552,2026-08-23T21:10:10-05:00,2021758,CLASE TEORICA,(1) Grupo 1 - Chino Electivo I,JESSICA LUCIA MORENO NOVOA,24,70
local-20260823T210552,2026-08-23T21:10:10-05:00,2021758,CLASE TEORICA,(2) Grupo 2 - Chino Electivo I,JESSICA LUCIA MORENO NOVOA,23,70
local-20260823T210552,2026-08-23T21:10:12-05:00,2021760,CHINO II,(1) Chino Electivo II,JESSICA LUCIA MORENO NOVOA,25,71
local-20260823T210552,2026-08-23T21:10:14-05:00,2016133,CLASE TEORICA,(1) Grupo 1 - Clase Presencial,Alvaro Ibata Ceballos,100,72
local-20260823T210552,2026-08-23T21:10:16-05:00,2021142,NA,(1) Grupo 1,Raul Eduardo Gomez Torres,46,73
local-20260823T210552,2026-08-23T21:10:16-05:00,2021142,NA,(2) Grupo 2,Raul Eduardo Gomez Torres,46,73
local-20260823T210552,2026-08-23T21:10:18-05:00,2028571,CLASE TEORICA,(1) Grupo 1,Diana Carolina Florez Bayona,30,74
local-20260823T210552,2026-08-23T21:10:20-05:00,2029900,CLASE TEORICA,(1) GRUPO 1,Oscar Antonio Caballero Rodriguez,18,75
local-20260823T210552,2026-08-23T21:10:22-05:00,2023244,NA,(1) 2023244-1 Computacion grafica,Miguel Angel Baquero Cortes,0,76
local-20260823T210552,2026-08-23T21:10:24-05:00,2026204,CLASE SEMINARIO,(1) Grupo 1,Ramon Elberto Uribe Galves,23,77
local-20260823T210552,2026-08-23T21:10:27-05:00,2028569,NA,(1) Grupo 1,Diana Marcela Hincapie Cetina,0,79
local-20260823T210552,2026-08-23T21:10:36-05:00,2029421,CLASE TEORICA,(1) Grupo 1 - Clase presencial,Jenniffer Vargas Reina,60,80
local-20260823T210552,2026-08-23T21:10:43-05:00,2027223,NA,(1) Grupo 1,Irene Castilla Hernandez,0,84
local-20260823T210552,2026-08-23T21:10:43-05:00,2027223,NA,(2) Grupo 2,Luis Enrique Pardo Granados,0,84
local-20260823T210552,2026-08-23T21:10:45-05:00,2027224,NA,(1) Grupo 1,Sergio Cuadros Hernandez,0,85
local-20260823T210552,2026-08-23T21:10:45-05:00,2027224,NA,(2) Grupo 2,Sergio Cuadros Hernandez,0,85
local-20260823T210552,2026-08-23T21:10:48-05:00,7000293-B,CALSE TEORICA,(3) Grupo Amazonia,Sonia Patricia Carreño Moreno,0,87
local-20260823T210552,2026-08-23T21:10:53-05:00,2029512,CLASE TEORICA,(1) Grupo 1 - Clase Presencial,David Alberto Roll Velez,50,89
local-20260823T210552,2026-08-23T21:11:02-05:00,2026702,NA,(1) Grupo 1,Daniel Alberto Libreros Caicedo,28,90
local-20260823T210552,2026-08-23T21:11:06-05:00,2026205,NA,(1) Grupo 1,Diego Isaías Peña Porras,20,92
local-20260823T210552,2026-08-23T21:11:07-05:00,2025976,CLASE TEORICA,(1) Grupo 1 - Clase presencial,Antonio Jose Mejia Umaña,24,93
local-20260823T210552,2026-08-23T21:11:18-05:00,2029398,CLASE TEORICA,(1) GRUPO 1,JUAN GABRIEL GOMEZ ALBARELLO,20,99
local-20260823T210552,2026-08-23T21:11:26-05:00,2023915,CLASE TEORICA,(1) GRUPO 1 (2023915),Alvaro Daniel Reyes Gomez,53,100
local-20260823T210552,2026-08-23T21:11:28-05:00,2015633,CLASE TEORICA,(1) Grupo 1 - 2015633,Alvaro Daniel Reyes Gomez,55,101
local-20260823T210552,2026-08-23T21:11:35-05:00,2025336,CLASE TEORICA,(2) Grupo 2 - Clase Presencial,No informado,22,105
local-20260823T210552,2026-08-23T21:11:37-05:00,2025814,CLASE TEORICA,(1) Electiva en Lengua Coreana II,No informado,25,106
local-20260823T210552,2026-08-23T21:11:40-05:00,2027941,CLASE TEORICA,(1) Grupo 1 - Clase Presencial,EDMON CASTELL GINOVART,194,108
local-20260823T210552,2026-08-23T21:11:51-05:00,2021154,CLASE TEORÍCA,(1) Grupo 1 - Clase presencial,Dario Indalecio Restrepo Botero,150,110
local-20260823T210552,2026-08-23T21:11:54-05:00,2029676,NA,(1) 2029676-1 Estática integrada,Fernando José Rodríguez Mesa,0,112
local-20260823T210552,2026-08-23T21:11:56-05:00,2029371,CLASE TEORICA,(1) Grupo 1 - Clase Presencial,Aurelio Alberto Horta Mesa,130,113
local-20260823T210552,2026-08-23T21:12:03-05:00,2015705,CLASE TEORICA,(1) Grupo 1 - Clase presencial,No informado,24,116
local-20260823T210552,2026-08-23T21:12:03-05:00,2015705,CLASE TEORICA,(2) Grupo 2 - Clase presencial,No informado,25,116
local-20260823T210552,2026-08-23T21:12:05-05:00,2015706,CLASE TEORICA,(1) Grupo 1 - Clase presencial,No informado,25,117
local-20260823T210552,2026-08-23T21:12:07-05:00,2024999,CLASE TEORICA,(1) Grupo 1 - Presencial,Jorge Enrique Londono Pinzón; Jairo Danilo Moreno Hernandez,200,118
local-20260823T210552,2026-08-23T21:12:19-05:00,2021849,NA,(1) Grupo 1,No informado,30,121
local-20260823T210552,2026-08-23T21:12:30-05:00,2026501,NA,(1) Grupo 1 - (VIRTUAL),Diego Alejandro Torres Galindo,375,126
local-20260823T210552,2026-08-23T21:12:33-05:00,2026053,CLASE TEORICA,(1) Grupo 1,Yenny Esperanza Rodríguez González,0,127
local-20260823T210552,2026-08-23T21:12:33-05:00,2026053,CLASE TEORICA,(2) Grupo 2,Luz Angela Segura Barrero,0,127
local-20260823T210552,2026-08-23T21:12:33-05:00,2026053,CLASE TEORICA,(3) Grupo 3,MARYURY USECHE LEÓN,0,127
local-20260823T210552,2026-08-23T21:12:35-05:00,2027096,NA,(1) Grupo 1,Carol Ivonne Villamil Bernal,0,128
local-20260823T210552,2026-08-23T21:12:35-05:00,2027096,NA,(2) Grupo 2,Carlos Efren Villamizar Mogollon,0,128
local-20260823T210552,2026-08-23T21:12:35-05:00,2027096,NA,(3) Grupo 3,Ana Milena Ladino Rojas,0,128
local-20260823T210552,2026-08-23T21:12:37-05:00,2022625,CLASE TEORICA,(1) Francés Electivo I,Ceymy De Los Angeles Rodriguez Forero,21,129
local-20260823T210552,2026-08-23T21:12:47-05:00,2022626,CLASE TEORICA,(1) Francés Electivo II,Nadid Hernandez Hernandez,24,130
local-20260823T210552,2026-08-23T21:12:49-05:00,2022627,CLASE TEORICA,(1) Francés Electivo III,Fabio Alejandro Pulido Sandoval,24,131
local-20260823T210552,2026-08-23T21:12:54-05:00,2017810,CLASE TEORICA,(1) Grupo 1,Jesus Orlando Rangel Churio; Marisol Amaya Marquez; ALEXIS JARAMILLO JUSTINICO,18,133
local-20260823T210552,2026-08-23T21:12:56-05:00,2021149,CLASE TEORICA,(1) Grupo 1 - Clase presencial,Carlos Augusto Hernandez Rodriguez,89,134
local-20260823T210552,2026-08-23T21:13:01-05:00,2020994,CLASE TEORICA,(1) Grupo 1,Elena Luisa Margarita Brochero,30,136
local-20260823T210552,2026-08-23T21:13:18-05:00,2029505,NA,(1) Grupo 1,Diana Marcela Rojas Rivera,20,140
local-20260823T210552,2026-08-23T21:13:20-05:00,2023250,NA,(1) 2023250-1 Herramientas modernas para la administración,Luis Eduardo Benitez Hernandez,0,141
local-20260823T210552,2026-08-23T21:13:22-05:00,2029607,CLASE TEORICA,(1) GRUPO 1,Andres Lopez Restrepo,20,142
local-20260823T210552,2026-08-23T21:13:25-05:00,2015191,CLASE MAGISTRAL,(1) Grupo 1- Presencial,Silvia Juliana Becerra Ostos,45,143
local-20260823T210552,2026-08-23T21:13:25-05:00,2015191,CLASE MAGISTRAL,(2) Grupo 2- Presencial,David Alberto Roll Velez,45,143
local-20260823T211241,2026-08-23T21:13:27-05:00,2015938,CLASE TEORICA,(1) Grupo 1,Maria Alejandra Caicedo Londoño,25,0
local-20260823T211241,2026-08-23T21:13:27-05:00,2015938,CLASE TEORICA,(2) Grupo 2,Maria Alejandra Caicedo Londoño,25,0
local-20260823T211241,2026-08-23T21:13:27-05:00,2015938,CLASE TEORICA,(3) Grupo 3,JOSE LUIS DIAZ AREVALO,25,0
local-20260823T211241,2026-08-23T21:13:27-05:00,2015938,CLASE TEORICA,(4) Grupo 4,JOSE LUIS DIAZ AREVALO,24,0
local-20260823T210552,2026-08-23T21:13:27-05:00,2023286,CLASE TEORICA,(1) 2023286-1 Ingenieria estrategica,Juan Edilberto Rincon Pardo,0,144
local-20260823T211241,2026-08-23T21:13:28-05:00,2015939,CLASE TEORICA,(1) Grupo 1,ALVARO MARTIN GUTIERREZ MALAXECHEBARRIA,25,1
local-20260823T211241,2026-08-23T21:13:28-05:00,2015939,CLASE TEORICA,(2) Grupo 2,ALVARO MARTIN GUTIERREZ MALAXECHEBARRIA,25,1
local-20260823T211241,2026-08-23T21:13:28-05:00,2015939,CLASE TEORICA,(3) Grupo 3,Edder Alexander Velandia Duran,25,1
local-20260823T211241,2026-08-23T21:13:28-05:00,2015939,CLASE TEORICA,(4) Grupo 4,No informado,25,1
local-20260823T211241,2026-08-23T21:13:28-05:00,2015939,CLASE TEORICA,(5) Grupo 5,No informado,0,1
local-20260823T210552,2026-08-23T21:13:30-05:00,2026054,CLASE TEORICA,(1) Grupo 1,Jenny Alejandra Acosta Reyes,0,145
local-20260823T210552,2026-08-23T21:13:30-05:00,2026054,CLASE TEORICA,(2) Grupo 2,Jenny Alejandra Acosta Reyes,0,145
local-20260823T210552,2026-08-23T21:13:30-05:00,2026054,CLASE TEORICA,(3) Grupo 3,Karen Dayana Rodriguez Castaneda,0,145
local-20260823T210552,2026-08-23T21:13:30-05:00,2026054,CLASE TEORICA,(4) Grupo 4,Karen Dayana Rodriguez Castaneda,0,145
local-20260823T210552,2026-08-23T21:13:30-05:00,2026054,CLASE TEORICA,(5) Grupo 5,SENDA VALENTINA MARÍA GARCÍA CASTAÑO,0,145
local-20260823T210552,2026-08-23T21:13:30-05:00,2026054,CLASE TEORICA,(6) Grupo 6,ADRIANA DE LOS ANGELES QUINTERO ORJUELA,0,145
local-20260823T210552,2026-08-23T21:13:30-05:00,2026054,CLASE TEORICA,(7) Grupo 7,SENDA VALENTINA MARÍA GARCÍA CASTAÑO,0,145
local-20260823T210552,2026-08-23T21:13:30-05:00,2026054,CLASE TEORICA,(8) Grupo 8,ADRIANA DE LOS ANGELES QUINTERO ORJUELA,0,145
local-20260823T211241,2026-08-23T21:13:30-05:00,1000003-B,NA,(1) Grupo 1,Erika Lorena Rosero Alzate; Oscar Andrés Rojas Sepúlveda,0,2
local-20260823T211241,2026-08-23T21:13:30-05:00,1000003-B,NA,(10) Grupo 10,Epifanio Lozano Ayala,11,2
local-20260823T211241,2026-08-23T21:13:30-05:00,1000003-B,NA,(11) Grupo 11,No informado,60,2
local-20260823T211241,2026-08-23T21:13:30-05:00,1000003-B,NA,(12) Grupo 12,No informado,40,2
local-20260823T211241,2026-08-23T21:13:30-05:00,1000003-B,NA,(13) Grupo 13,Mohammed EL AIDI,40,2
local-20260823T211241,2026-08-23T21:13:30-05:00,1000003-B,NA,(15) Grupo 15,Myriam Leonor Campos Florez,60,2
local-20260823T211241,2026-08-23T21:13:30-05:00,1000003-B,NA,(16) Grupo 16,No informado,60,2
local-20260823T211241,2026-08-23T21:13:30-05:00,1000003-B,NA,(17) Grupo 17,Martha Cecilia Moreno Penagos,39,2
local-20260823T211241,2026-08-23T21:13:30-05:00,1000003-B,NA,(18) Grupo 18,John Alexander Cruz Morales,52,2
local-20260823T211241,2026-08-23T21:13:30-05:00,1000003-B,NA,(20) Grupo 20,Natalia Camila Pinzon Cortes,60,2
local-20260823T211241,2026-08-23T21:13:30-05:00,1000003-B,NA,(21) Grupo 21,Ivon Andrea Dorado Correa,52,2
local-20260823T211241,2026-08-23T21:13:30-05:00,1000003-B,NA,(22) Grupo 22,No informado,46,2
local-20260823T211241,2026-08-23T21:13:30-05:00,1000003-B,NA,(3) Grupo 3,No informado,59,2
local-20260823T211241,2026-08-23T21:13:30-05:00,1000003-B,NA,(4) Grupo 4,Luis Alejandro Barbosa Torres,110,2
local-20260823T211241,2026-08-23T21:13:30-05:00,1000003-B,NA,(5) Grupo 5,Jaime David Mora Paz,58,2
local-20260823T211241,2026-08-23T21:13:30-05:00,1000003-B,NA,(7) Grupo 7,Myriam Leonor Campos Florez,40,2
local-20260823T211241,2026-08-23T21:13:30-05:00,1000003-B,NA,(8) Grupo 8,No informado,8,2
local-20260823T211241,2026-08-23T21:13:33-05:00,2015940,CLASE TEORICA,(1) Grupo 1,Maritzabel Molina Herrera,24,3
local-20260823T211241,2026-08-23T21:13:33-05:00,2015940,CLASE TEORICA,(2) Grupo 2,Gabriel Andres Bernal Granados,24,3
local-20260823T211241,2026-08-23T21:13:33-05:00,2015940,CLASE TEORICA,(3) Grupo 3,No informado,24,3
local-20260823T210552,2026-08-23T21:13:33-05:00,2026055,CLASE TEORICA,(1) Grupo 1,Roger Barragan Fonseca,0,146
local-20260823T210552,2026-08-23T21:13:33-05:00,2026055,CLASE TEORICA,(2) Grupo 2,OLGA INES GOMEZ VILLEGAS,0,146
local-20260823T210552,2026-08-23T21:13:33-05:00,2026055,CLASE TEORICA,(3) Grupo 3,Laura Alejandra Guerrero Calderon,0,146
local-20260823T210552,2026-08-23T21:13:33-05:00,2026055,CLASE TEORICA,(4) Grupo 4,Gustavo Garzon Gomez,0,146
local-20260823T210552,2026-08-23T21:13:33-05:00,2026055,CLASE TEORICA,(6) Grupo 6,Juan Diego Galvez Diaz,0,146
local-20260823T210552,2026-08-23T21:13:33-05:00,2026055,CLASE TEORICA,(7) Grupo 7,Laura Alejandra Guerrero Calderon,0,146
local-20260823T210552,2026-08-23T21:13:33-05:00,2026055,CLASE TEORICA,(8) Grupo 8,Juan Diego Galvez Diaz,0,146
local-20260823T211241,2026-08-23T21:13:35-05:00,2015941,CLASE TEORICA,(1) Grupo 1,Patricia Luna Tamayo,30,4
local-20260823T211241,2026-08-23T21:13:35-05:00,2015941,CLASE TEORICA,(2) Grupo 2,No informado,30,4
local-20260823T211241,2026-08-23T21:13:35-05:00,2015941,CLASE TEORICA,(3) Grupo 3,Carlos Ramiro Vallecilla Bahena,30,4
local-20260823T211241,2026-08-23T21:13:35-05:00,2015941,CLASE TEORICA,(4) Grupo 4,No informado,30,4
local-20260823T210552,2026-08-23T21:13:36-05:00,2026056,CLASE TEORICA,(1) Grupo 1,MARTIN FELIPE SUAREZ GUARIN,0,147
local-20260823T210552,2026-08-23T21:13:36-05:00,2026056,CLASE TEORICA,(3) Grupo 3,MARTIN FELIPE SUAREZ GUARIN,0,147
local-20260823T210552,2026-08-23T21:13:36-05:00,2026056,CLASE TEORICA,(4) Grupo 4,Camilo Andres Saldaña Diaz,0,147
local-20260823T210552,2026-08-23T21:13:36-05:00,2026056,CLASE TEORICA,(5) Grupo 5,Camilo Andres Saldaña Diaz,0,147
local-20260823T210552,2026-08-23T21:13:36-05:00,2026056,CLASE TEORICA,(6) Grupo 6,Lina Beatríz Barrero Molina,0,147
local-20260823T210552,2026-08-23T21:13:38-05:00,2028496,CLASE TEORICA,(1) Grupo 1,JUAN DAVID GARCIA ARTEAGA,26,148
local-20260823T210552,2026-08-23T21:13:40-05:00,2023251,NA,(1) 2023251-1 Inteligencia Artificial y Mini-Robots,Jose Jesus Fernando Martinez Paez; Gustavo Perez Hoyos; Flavio Augusto Prieto Ortiz,0,149
local-20260823T211241,2026-08-23T21:13:45-05:00,1000004-B,NA,(10) Grupo 10,No informado,52,5
local-20260823T211241,2026-08-23T21:13:45-05:00,1000004-B,NA,(11) Grupo 11,No informado,25,5
local-20260823T211241,2026-08-23T21:13:45-05:00,1000004-B,NA,(12) Grupo 12,No informado,24,5
local-20260823T211241,2026-08-23T21:13:45-05:00,1000004-B,NA,(13) Grupo 13,No informado,13,5
local-20260823T211241,2026-08-23T21:13:45-05:00,1000004-B,NA,(14) Grupo 14,No informado,89,5
local-20260823T211241,2026-08-23T21:13:45-05:00,1000004-B,NA,(16) Grupo 16,No informado,27,5
local-20260823T211241,2026-08-23T21:13:45-05:00,1000004-B,NA,(17) Grupo 17,Hernan Garzon Gutierrez,38,5
local-20260823T211241,2026-08-23T21:13:45-05:00,1000004-B,NA,(19) Grupo 19,No informado,59,5
local-20260823T211241,2026-08-23T21:13:45-05:00,1000004-B,NA,(2) Grupo 2,No informado,24,5
local-20260823T211241,2026-08-23T21:13:45-05:00,1000004-B,NA,(20) Grupo 20,Hernan Garzon Gutierrez,7,5
local-20260823T211241,2026-08-23T21:13:45-05:00,1000004-B,NA,(21) Grupo 21,No informado,60,5
local-20260823T211241,2026-08-23T21:13:45-05:00,1000004-B,NA,(22) Grupo 22,No informado,60,5
local-20260823T211241,2026-08-23T21:13:45-05:00,1000004-B,NA,(24) Grupo 24,Ricardo Ariel Pastran Ramirez,60,5
local-20260823T211241,2026-08-23T21:13:45-05:00,1000004-B,NA,(25) Grupo 25,No informado,40,5
local-20260823T211241,2026-08-23T21:13:45-05:00,1000004-B,NA,(27) Grupo 27,No informado,51,5
local-20260823T211241,2026-08-23T21:13:45-05:00,1000004-B,NA,(28) Grupo 28,No informado,60,5
local-20260823T211241,2026-08-23T21:13:45-05:00,1000004-B,NA,(29) Grupo 29,No informado,60,5
local-20260823T211241,2026-08-23T21:13:45-05:00,1000004-B,NA,(30) Grupo 30,No informado,60,5
local-20260823T211241,2026-08-23T21:13:45-05:00,1000004-B,NA,(32) Grupo 32,No informado,89,5
local-20260823T211241,2026-08-23T21:13:45-05:00,1000004-B,NA,(4) Grupo 4,Myriam Leonor Campos Florez,36,5
local-20260823T211241,2026-08-23T21:13:45-05:00,1000004-B,NA,(5) Grupo 5,Oscar Javier Lopez Alfonso,82,5
local-20260823T211241,2026-08-23T21:13:45-05:00,1000004-B,NA,(7) Grupo 7,Anderson Arley Vera Arboleda,64,5
local-20260823T211241,2026-08-23T21:13:45-05:00,1000004-B,NA,(8) Grupo 8,No informado,40,5
local-20260823T211241,2026-08-23T21:13:45-05:00,1000004-B,NA,(9) Grupo 9,No informado,18,5
local-20260823T211241,2026-08-23T21:13:47-05:00,1000006-B,NA,(1) Grupo 1,No informado,39,6
local-20260823T211241,2026-08-23T21:13:47-05:00,1000006-B,NA,(10) Grupo 10,No informado,99,6
local-20260823T211241,2026-08-23T21:13:47-05:00,1000006-B,NA,(11) Grupo 11,No informado,40,6
local-20260823T211241,2026-08-23T21:13:47-05:00,1000006-B,NA,(12) Grupo 12,Leonid Lebedev,60,6
local-20260823T211241,2026-08-23T21:13:47-05:00,1000006-B,NA,(13) Grupo 13,Juan Carlos Hernandez Rincon,40,6
local-20260823T211241,2026-08-23T21:13:47-05:00,1000006-B,NA,(14) Grupo 14,No informado,60,6
local-20260823T211241,2026-08-23T21:13:47-05:00,1000006-B,NA,(15) Grupo 15,No informado,112,6
local-20260823T211241,2026-08-23T21:13:47-05:00,1000006-B,NA,(2) Grupo 2,EDIXON MANUEL ROJAS SANTANA,40,6
local-20260823T211241,2026-08-23T21:13:47-05:00,1000006-B,NA,(3) Grupo 3,Cesar Augusto Gomez Sierra,40,6
local-20260823T211241,2026-08-23T21:13:47-05:00,1000006-B,NA,(4) Grupo 4,Agustin Moreno Canadas,100,6
local-20260823T211241,2026-08-23T21:13:47-05:00,1000006-B,NA,(5) Grupo 5,German Eduardo Fonseca Buitrago,40,6
local-20260823T211241,2026-08-23T21:13:47-05:00,1000006-B,NA,(7) Grupo 7,No informado,70,6
local-20260823T211241,2026-08-23T21:13:47-05:00,1000006-B,NA,(8) Grupo 8,Epifanio Lozano Ayala,60,6
local-20260823T211241,2026-08-23T21:13:47-05:00,1000006-B,NA,(9) Grupo 9,Orlando Vanegas Canro,0,6
local-20260823T210552,2026-08-23T21:13:48-05:00,2026057,CLASE TEORICA,(1) Grupo 1,Andres Felipe Mican Castiblanco,0,150
local-20260823T210552,2026-08-23T21:13:48-05:00,2026057,CLASE TEORICA,(2) Grupo 2,Diego Andres Rincón Beltrán,0,150
local-20260823T211241,2026-08-23T21:13:50-05:00,1000005-B,NA,(1) Grupo 1,Orlando Vanegas Canro,0,7
local-20260823T211241,2026-08-23T21:13:50-05:00,1000005-B,NA,(10) Grupo 10,Epifanio Lozano Ayala,50,7
local-20260823T211241,2026-08-23T21:13:50-05:00,1000005-B,NA,(14) Grupo 14,Mohammed EL AIDI,39,7
local-20260823T211241,2026-08-23T21:13:50-05:00,1000005-B,NA,(15) Grupo 15,Alina Fedosova,59,7
local-20260823T211241,2026-08-23T21:13:50-05:00,1000005-B,NA,(16) Grupo 16,No informado,70,7
local-20260823T211241,2026-08-23T21:13:50-05:00,1000005-B,NA,(17) Grupo 17,Hernan Garzon Gutierrez,39,7
local-20260823T211241,2026-08-23T21:13:50-05:00,1000005-B,NA,(2) Grupo 2,RENE ERLIN CASTILLO,59,7
local-20260823T211241,2026-08-23T21:13:50-05:00,1000005-B,NA,(20) Grupo 20,Franqui Solis Cardenas Poloche,40,7
local-20260823T211241,2026-08-23T21:13:50-05:00,1000005-B,NA,(22) Grupo 22,No informado,60,7
local-20260823T211241,2026-08-23T21:13:50-05:00,1000005-B,NA,(3) Grupo 3,Eduardo Cardenas Gomez,70,7
local-20260823T211241,2026-08-23T21:13:50-05:00,1000005-B,NA,(4) Grupo 4,Edward Samuel Becerra Rojas,60,7
local-20260823T211241,2026-08-23T21:13:50-05:00,1000005-B,NA,(6) Grupo 6,No informado,60,7
local-20260823T211241,2026-08-23T21:13:50-05:00,1000005-B,NA,(7) Grupo 7,Franqui Solis Cardenas Poloche,99,7
local-20260823T211241,2026-08-23T21:13:50-05:00,1000005-B,NA,(8) Grupo 8,No informado,40,7
local-20260823T211241,2026-08-23T21:13:50-05:00,1000005-B,NA,(9) Grupo 9,No informado,10,7
local-20260823T210552,2026-08-23T21:13:51-05:00,2027100,NA,(1) Grupo 1,FRANCISCO JAVIER HERNÁNDEZ SÁNCHEZ,0,151
local-20260823T210552,2026-08-23T21:13:51-05:00,2027100,NA,(2) Grupo 2,Gustavo Garzon Gomez,0,151
local-20260823T210552,2026-08-23T21:13:53-05:00,2026058,CLASE TEORICA,(1) Grupo 1,Lina Marcela Marañon Zuluaga,0,152
local-20260823T210552,2026-08-23T21:13:53-05:00,2026058,CLASE TEORICA,(2) Grupo 2,Diana Melissa Ospina Beltran,0,152
local-20260823T210552,2026-08-23T21:13:53-05:00,2026058,CLASE TEORICA,(3) Grupo 3,Oscar David Perdomo Bossa,0,152
local-20260823T210552,2026-08-23T21:13:53-05:00,2026058,CLASE TEORICA,(4) Grupo 4,Nelly Andrea Sanchez Torres,0,152
local-20260823T211241,2026-08-23T21:13:54-05:00,2015943,CLASE TEORICA,(1) Grupo 1,Carlos Orlando Robles Roa,15,9
local-20260823T210552,2026-08-23T21:13:55-05:00,2027101,CLASE TEORICA,(1) Grupo 1,Brillyth Rohincen Ramirez Basurto,0,153
local-20260823T210552,2026-08-23T21:13:55-05:00,2027101,CLASE TEORICA,(3) Grupo 3,Fabio Briceño Vargas,0,153
local-20260823T210552,2026-08-23T21:13:55-05:00,2027101,CLASE TEORICA,(4) Grupo 4,Sandra Patricia Rodriguez Castañeda,0,153
local-20260823T210552,2026-08-23T21:13:57-05:00,2011183,CLASE TEORICA,(1) Grupo 1,Docente Ajuste Resto,0,154
local-20260823T210552,2026-08-23T21:14:00-05:00,2026630,NA,(1) Grupo 1,Docente Ajuste Resto,0,155
local-20260823T211241,2026-08-23T21:14:02-05:00,2015944,CLASE TEORICA,(1) Grupo 1,SANTIAGO RAMIREZ ECHEVERRI,15,10
local-20260823T210552,2026-08-23T21:14:02-05:00,2026631,NA,(1) Grupo 1,Docente Ajuste Resto,0,156
local-20260823T211241,2026-08-23T21:14:04-05:00,2015711,NA,(10) 2015711-10 Dibujo básico,Ariel Augusto Amaya Avila,0,11
local-20260823T211241,2026-08-23T21:14:04-05:00,2015711,NA,(11) 2015711-11 Dibujo básico,Cesar Augusto Bacca Gonzalez,0,11
local-20260823T211241,2026-08-23T21:14:04-05:00,2015711,NA,(14) 2015711-14 Dibujo básico,Cristian Felipe Morales Suárez,0,11
local-20260823T211241,2026-08-23T21:14:04-05:00,2015711,NA,(16) 2015711-16 Dibujo básico,DAVID FELIPE TORRES ARCE,0,11
local-20260823T211241,2026-08-23T21:14:04-05:00,2015711,NA,(4) 2015711-4 Dibujo básico,Cristian Felipe Morales Suárez,9,11
local-20260823T211241,2026-08-23T21:14:04-05:00,2015711,NA,(5) 2015711-5 Dibujo básico,Sebastian Achury Ortiz,0,11
local-20260823T211241,2026-08-23T21:14:04-05:00,2015711,NA,(7) 2015711-7 Dibujo básico,Cesar Augusto Bacca Gonzalez,22,11
local-20260823T211241,2026-08-23T21:14:04-05:00,2015711,NA,(8) 2015711-8 Dibujo básico,Miguel Angel Baquero Cortes,0,11
local-20260823T211241,2026-08-23T21:14:04-05:00,2015711,NA,(9) 2015711-9 Dibujo básico,EDWIN CAMILO REINA BELTRAN,0,11
local-20260823T210552,2026-08-23T21:14:04-05:00,2028821,NA,(1) Grupo 1,Docente Ajuste Resto,0,157
local-20260823T211241,2026-08-23T21:14:05-05:00,2015948,CLASE TEORICA,(1) Grupo 1,No informado,30,12
local-20260823T211241,2026-08-23T21:14:05-05:00,2015948,CLASE TEORICA,(2) Grupo 2,Mauricio Alberto Tapias Camacho,30,12
local-20260823T211241,2026-08-23T21:14:05-05:00,2015948,CLASE TEORICA,(3) Grupo 3,No informado,29,12
local-20260823T210552,2026-08-23T21:14:07-05:00,2028822,NA,(1) Grupo 1,Docente Ajuste Resto,0,158
local-20260823T211241,2026-08-23T21:14:08-05:00,2015950,CLASE TEORICA,(1) Grupo 1,No informado,25,13
local-20260823T211241,2026-08-23T21:14:08-05:00,2015950,CLASE TEORICA,(2) Grupo 2,No informado,0,13
local-20260823T211241,2026-08-23T21:14:08-05:00,2015950,CLASE TEORICA,(3) Grupo 3,Daniel Ricardo Lozano Monsalve,25,13
local-20260823T211241,2026-08-23T21:14:08-05:00,2015950,CLASE TEORICA,(4) Grupo 4,No informado,25,13
local-20260823T211241,2026-08-23T21:14:08-05:00,2015950,CLASE TEORICA,(5) Grupo 5,No informado,25,13
local-20260823T210552,2026-08-23T21:14:09-05:00,2014269,CLASE TEORICA,(1) Grupo 1,Docente Ajuste Resto,0,159
local-20260823T211241,2026-08-23T21:14:09-05:00,2015949,CLASE TEORICA,(1) Grupo 1,Mario Javier Cardozo Chaux,30,14
local-20260823T211241,2026-08-23T21:14:09-05:00,2015949,CLASE TEORICA,(2) Grupo 2,Wilson Ernesto Vargas Vargas,30,14
local-20260823T211241,2026-08-23T21:14:09-05:00,2015949,CLASE TEORICA,(3) Grupo 3,No informado,30,14
local-20260823T210552,2026-08-23T21:14:19-05:00,2011283,CLASE TEORICA,(1) Grupo 1,Docente Ajuste Resto,0,160
local-20260823T211241,2026-08-23T21:14:19-05:00,1000007-B,NA,(1) Grupo 1,German Eduardo Fonseca Buitrago,60,15
local-20260823T211241,2026-08-23T21:14:19-05:00,1000007-B,NA,(11) Grupo 11,Leonid Lebedev,59,15
local-20260823T211241,2026-08-23T21:14:19-05:00,1000007-B,NA,(12) Grupo 12,No informado,60,15
local-20260823T211241,2026-08-23T21:14:19-05:00,1000007-B,NA,(13) Grupo 13,Omar Duque Gomez,40,15
local-20260823T211241,2026-08-23T21:14:19-05:00,1000007-B,NA,(14) Grupo 14,No informado,100,15
local-20260823T211241,2026-08-23T21:14:19-05:00,1000007-B,NA,(3) Grupo 3,Serafin Bautista Diaz,40,15
local-20260823T211241,2026-08-23T21:14:19-05:00,1000007-B,NA,(4) Grupo 4,EDIXON MANUEL ROJAS SANTANA,59,15
local-20260823T211241,2026-08-23T21:14:19-05:00,1000007-B,NA,(6) Grupo 6,Alexander Caviedes Castro,50,15
local-20260823T211241,2026-08-23T21:14:19-05:00,1000007-B,NA,(7) Grupo 7,Oscar Guillermo Riaño Castañeda,40,15
local-20260823T211241,2026-08-23T21:14:19-05:00,1000007-B,NA,(9) Grupo 9,Orlando Vanegas Canro,0,15
local-20260823T211241,2026-08-23T21:14:20-05:00,2026134,CLASE TEORICA,(1) Grupo 1,No informado,0,16
local-20260823T211241,2026-08-23T21:14:20-05:00,2026134,CLASE TEORICA,(2) Grupo 2,Juan Manuel Lizarazo Marriaga,30,16
local-20260823T211241,2026-08-23T21:14:20-05:00,2026134,CLASE TEORICA,(3) Grupo 3,Maritzabel Molina Herrera,30,16
local-20260823T211241,2026-08-23T21:14:20-05:00,2026134,CLASE TEORICA,(4) Grupo 4,Carlos Ramiro Vallecilla Bahena,29,16
local-20260823T211241,2026-08-23T21:14:20-05:00,2026134,CLASE TEORICA,(5) Grupo 5,Fernando Lozano Osorno,30,16
local-20260823T211241,2026-08-23T21:14:20-05:00,2026134,CLASE TEORICA,(6) Grupo 6,No informado,30,16
local-20260823T210552,2026-08-23T21:14:21-05:00,2023216,CLASE TEORICA,(1) Grupo 1,Jorge Enrique Garcia Farieta; Mario Armando Higuera Garzon,39,161
local-20260823T210552,2026-08-23T21:14:21-05:00,2023216,CLASE TEORICA,(2) Grupo 2,Eduard Alexis Larrañaga Rubio; DAVID FELIPE BAMBAGUE SICHACA,38,161
local-20260823T211241,2026-08-23T21:14:22-05:00,2015954,CLASE TEORICA,(1) Grupo 1,Erasmo Alfredo Rodriguez Sandoval,30,17
local-20260823T211241,2026-08-23T21:14:22-05:00,2015954,CLASE TEORICA,(2) Grupo 2,Mario Enrique Moreno Castiblanco,30,17
local-20260823T211241,2026-08-23T21:14:22-05:00,2015954,CLASE TEORICA,(3) Grupo 3,Luis Alejandro Morales Marin,30,17
local-20260823T210552,2026-08-23T21:14:23-05:00,2025981,CLASE TEORICA,(1) Grupo 1 - Introducción a la cultura Contemporanea Alemana,Mathias Diederich,26,162
local-20260823T210552,2026-08-23T21:14:23-05:00,2025981,CLASE TEORICA,(2) Grupo 2 - Introducción a la cultura Contemporanea Alemana,Mathias Diederich,25,162
local-20260823T211241,2026-08-23T21:14:24-05:00,2015955,CLASE TEORICA,(1) Grupo 1,Giovanni Andres Cortes Tovar,30,18
local-20260823T211241,2026-08-23T21:14:24-05:00,2015955,CLASE TEORICA,(2) Grupo 2,Angela Barrera Puerto,30,18
local-20260823T211241,2026-08-23T21:14:24-05:00,2015955,CLASE TEORICA,(3) Grupo 3,Giovanni Andres Cortes Tovar,30,18
local-20260823T211241,2026-08-23T21:14:25-05:00,1000011-B,CLASE TEORICA,(1) Grupo 1,Ernesto Javier Puertas Dellepianes,118,19
local-20260823T211241,2026-08-23T21:14:25-05:00,1000011-B,CLASE TEORICA,(3) Grupo 3,Néstor Fernando Perez Buitrago,10,19
local-20260823T210552,2026-08-23T21:14:26-05:00,2025053,NA,(1) Grupo 1 - Clase Presencial,No informado,48,163
local-20260823T210552,2026-08-23T21:14:28-05:00,2029556,NA,(1) Grupo 1 - Clase Presencial,Zsoka Horvath,50,164
local-20260823T210552,2026-08-23T21:14:34-05:00,2029615,NA,"(1) Grupo 1 - Italiano, historia, sociedad y cultura",Pablo Reyes Pozzi,36,167
local-20260823T211241,2026-08-23T21:14:36-05:00,1000019-B,CLASE LABORATORIO,(1) Grupo 1,Gustavo Martinez Tamayo,35,20
local-20260823T211241,2026-08-23T21:14:36-05:00,1000019-B,CLASE LABORATORIO,(10) Grupo 10,No informado,35,20
local-20260823T211241,2026-08-23T21:14:36-05:00,1000019-B,CLASE LABORATORIO,(11) Grupo 11,EVER DAVID ALCALA CAJAR,35,20
local-20260823T211241,2026-08-23T21:14:36-05:00,1000019-B,CLASE LABORATORIO,(12) Grupo 12,FABIAN FELIPE QUEVEDO FARIETA,35,20
local-20260823T211241,2026-08-23T21:14:36-05:00,1000019-B,CLASE LABORATORIO,(13) Grupo 13,Alvaro Marino Camargo,34,20
local-20260823T211241,2026-08-23T21:14:36-05:00,1000019-B,CLASE LABORATORIO,(14) Grupo 14,Alvaro Marino Camargo,35,20
local-20260823T211241,2026-08-23T21:14:36-05:00,1000019-B,CLASE LABORATORIO,(15) Grupo 15,JULIAN MATEO DE MENDOZA GUTIERREZ,32,20
local-20260823T211241,2026-08-23T21:14:36-05:00,1000019-B,CLASE LABORATORIO,(16) Grupo 16,Alvaro Marino Camargo,35,20
local-20260823T211241,2026-08-23T21:14:36-05:00,1000019-B,CLASE LABORATORIO,(17) Grupo 17,JULIAN MATEO DE MENDOZA GUTIERREZ,34,20
local-20260823T211241,2026-08-23T21:14:36-05:00,1000019-B,CLASE LABORATORIO,(18) Grupo 18,Jaime Villalobos Velasco,33,20
local-20260823T211241,2026-08-23T21:14:36-05:00,1000019-B,CLASE LABORATORIO,(19) Grupo 19,JULY PAOLA GARZÓN LOPEZ,32,20
local-20260823T211241,2026-08-23T21:14:36-05:00,1000019-B,CLASE LABORATORIO,(2) Grupo 2,Gustavo Martinez Tamayo,34,20
local-20260823T211241,2026-08-23T21:14:36-05:00,1000019-B,CLASE LABORATORIO,(20) Grupo 20,JOSE ALFREDO GOMEZ MATEUS,35,20
local-20260823T211241,2026-08-23T21:14:36-05:00,1000019-B,CLASE LABORATORIO,(21) Grupo 21,Pedro Hernan Sanchez Machet,35,20
local-20260823T211241,2026-08-23T21:14:36-05:00,1000019-B,CLASE LABORATORIO,(22) Grupo 22,Pedro Hernan Sanchez Machet,35,20
local-20260823T211241,2026-08-23T21:14:36-05:00,1000019-B,CLASE LABORATORIO,(23) Grupo 23,Pedro Hernan Sanchez Machet,35,20
local-20260823T211241,2026-08-23T21:14:36-05:00,1000019-B,CLASE LABORATORIO,(24) Grupo 24,Pedro Hernan Sanchez Machet,35,20
local-20260823T211241,2026-08-23T21:14:36-05:00,1000019-B,CLASE LABORATORIO,(25) Grupo 25,Plinio Del Carmen Teheran Sermeno,30,20
local-20260823T211241,2026-08-23T21:14:36-05:00,1000019-B,CLASE LABORATORIO,(26) Grupo 26 (VIRTUAL),Plinio Del Carmen Teheran Sermeno,50,20
local-20260823T211241,2026-08-23T21:14:36-05:00,1000019-B,CLASE LABORATORIO,(27) Grupo 27 (VIRTUAL),Plinio Del Carmen Teheran Sermeno,50,20
local-20260823T211241,2026-08-23T21:14:36-05:00,1000019-B,CLASE LABORATORIO,(28) Grupo 28 (VIRTUAL),Plinio Del Carmen Teheran Sermeno,50,20
local-20260823T211241,2026-08-23T21:14:36-05:00,1000019-B,CLASE LABORATORIO,(29) Grupo 29 (VIRTUAL),Plinio Del Carmen Teheran Sermeno,50,20
local-20260823T211241,2026-08-23T21:14:36-05:00,1000019-B,CLASE LABORATORIO,(3) Grupo 3,Gustavo Martinez Tamayo,35,20
local-20260823T211241,2026-08-23T21:14:36-05:00,1000019-B,CLASE LABORATORIO,(4) Grupo 4,No informado,35,20
local-20260823T211241,2026-08-23T21:14:36-05:00,1000019-B,CLASE LABORATORIO,(5) Grupo 5,FABIAN FELIPE QUEVEDO FARIETA,35,20
local-20260823T211241,2026-08-23T21:14:36-05:00,1000019-B,CLASE LABORATORIO,(6) Grupo 6,Jaime Villalobos Velasco,35,20
local-20260823T211241,2026-08-23T21:14:36-05:00,1000019-B,CLASE LABORATORIO,(7) Grupo 7,Jaime Villalobos Velasco,35,20
local-20260823T211241,2026-08-23T21:14:36-05:00,1000019-B,CLASE LABORATORIO,(8) Grupo 8,Alvaro Marino Camargo,35,20
local-20260823T211241,2026-08-23T21:14:36-05:00,1000019-B,CLASE LABORATORIO,(9) Grupo 9,Erika Lorena Rosero Alzate,0,20
local-20260823T211241,2026-08-23T21:14:36-05:00,1000019-B,CLASE TALLER,(1) Grupo 1,FABIAN FELIPE QUEVEDO FARIETA,35,20
local-20260823T211241,2026-08-23T21:14:36-05:00,1000019-B,CLASE TALLER,(10) Grupo 10,FABIAN FELIPE QUEVEDO FARIETA,35,20
local-20260823T211241,2026-08-23T21:14:36-05:00,1000019-B,CLASE TALLER,(11) Grupo 11,JULIAN MATEO DE MENDOZA GUTIERREZ,35,20
local-20260823T211241,2026-08-23T21:14:36-05:00,1000019-B,CLASE TALLER,(12) Grupo 12,EVER DAVID ALCALA CAJAR,35,20
local-20260823T211241,2026-08-23T21:14:36-05:00,1000019-B,CLASE TALLER,(13) Grupo 13,MIGUEL ENRIQUE GÁMEZ LÓPEZ,34,20
local-20260823T211241,2026-08-23T21:14:36-05:00,1000019-B,CLASE TALLER,(14) Grupo 14,No informado,35,20
local-20260823T211241,2026-08-23T21:14:36-05:00,1000019-B,CLASE TALLER,(15) Grupo 15,EVER DAVID ALCALA CAJAR,32,20
local-20260823T211241,2026-08-23T21:14:36-05:00,1000019-B,CLASE TALLER,(16) Grupo 16,Edna Carolina Pinilla Beltran,35,20
local-20260823T211241,2026-08-23T21:14:36-05:00,1000019-B,CLASE TALLER,(17) Grupo 17,Jereson Silva Valencia,34,20
local-20260823T211241,2026-08-23T21:14:36-05:00,1000019-B,CLASE TALLER,(18) Grupo 18,Jereson Silva Valencia,33,20
local-20260823T211241,2026-08-23T21:14:36-05:00,1000019-B,CLASE TALLER,(19) Grupo 19,Jereson Silva Valencia,32,20
local-20260823T211241,2026-08-23T21:14:36-05:00,1000019-B,CLASE TALLER,(2) Grupo 2,Gustavo Martinez Tamayo,34,20
local-20260823T211241,2026-08-23T21:14:36-05:00,1000019-B,CLASE TALLER,(20) Grupo 20,Jereson Silva Valencia,35,20
local-20260823T211241,2026-08-23T21:14:36-05:00,1000019-B,CLASE TALLER,(21) Grupo 21,JOSE ALFREDO GOMEZ MATEUS,35,20
local-20260823T211241,2026-08-23T21:14:36-05:00,1000019-B,CLASE TALLER,(22) Grupo 22,JULY PAOLA GARZÓN LOPEZ,35,20
local-20260823T211241,2026-08-23T21:14:36-05:00,1000019-B,CLASE TALLER,(23) Grupo 23,Edna Carolina Pinilla Beltran,35,20
local-20260823T211241,2026-08-23T21:14:36-05:00,1000019-B,CLASE TALLER,(24) Grupo 24,Diego Alejandro Torres Galindo,35,20
local-20260823T211241,2026-08-23T21:14:36-05:00,1000019-B,CLASE TALLER,(25) Grupo 25,Plinio Del Carmen Teheran Sermeno,30,20
local-20260823T211241,2026-08-23T21:14:36-05:00,1000019-B,CLASE TALLER,(26) Grupo 26 (VIRTUAL),Plinio Del Carmen Teheran Sermeno,50,20
local-20260823T211241,2026-08-23T21:14:36-05:00,1000019-B,CLASE TALLER,(27) Grupo 27 (VIRTUAL),Plinio Del Carmen Teheran Sermeno,50,20
local-20260823T211241,2026-08-23T21:14:36-05:00,1000019-B,CLASE TALLER,(28) Grupo 28 (VIRTUAL),Plinio Del Carmen Teheran Sermeno,50,20
local-20260823T211241,2026-08-23T21:14:36-05:00,1000019-B,CLASE TALLER,(29) Grupo 29 (VIRTUAL),Plinio Del Carmen Teheran Sermeno,50,20
local-20260823T211241,2026-08-23T21:14:36-05:00,1000019-B,CLASE TALLER,(3) Grupo 3,Gustavo Martinez Tamayo,35,20
local-20260823T211241,2026-08-23T21:14:36-05:00,1000019-B,CLASE TALLER,(4) Grupo 4,Jaime Villalobos Velasco,35,20
local-20260823T211241,2026-08-23T21:14:36-05:00,1000019-B,CLASE TALLER,(5) Grupo 5,Jaime Villalobos Velasco,35,20
local-20260823T211241,2026-08-23T21:14:36-05:00,1000019-B,CLASE TALLER,(6) Grupo 6,Ramiro Cardona Cardona,35,20
local-20260823T211241,2026-08-23T21:14:36-05:00,1000019-B,CLASE TALLER,(7) Grupo 7,Ramiro Cardona Cardona,35,20
local-20260823T211241,2026-08-23T21:14:36-05:00,1000019-B,CLASE TALLER,(8) Grupo 8,Edna Carolina Pinilla Beltran,35,20
local-20260823T211241,2026-08-23T21:14:36-05:00,1000019-B,CLASE TALLER,(9) Grupo 9,No informado,7,20
local-20260823T211241,2026-08-23T21:14:36-05:00,1000019-B,CLASE MAGISTRAL,(16) Gruop 16,Erika Lorena Rosero Alzate; Daniel Camilo Padilla González,8,20
local-20260823T211241,2026-08-23T21:14:36-05:00,1000019-B,CLASE MAGISTRAL,(1) Grupo 1,Gustavo Martinez Tamayo,35,20
local-20260823T211241,2026-08-23T21:14:36-05:00,1000019-B,CLASE MAGISTRAL,(10) Grupo 10,Ovidio Amado Almanza Montero,35,20
local-20260823T211241,2026-08-23T21:14:36-05:00,1000019-B,CLASE MAGISTRAL,(11) Grupo 11,Ovidio Amado Almanza Montero,35,20
local-20260823T211241,2026-08-23T21:14:36-05:00,1000019-B,CLASE MAGISTRAL,(12) Grupo 12,Ovidio Amado Almanza Montero,35,20
local-20260823T211241,2026-08-23T21:14:36-05:00,1000019-B,CLASE MAGISTRAL,(13) Grupo 13,Jaime Villalobos Velasco,34,20
local-20260823T211241,2026-08-23T21:14:36-05:00,1000019-B,CLASE MAGISTRAL,(14) Grupo 14,Jaime Villalobos Velasco,35,20
local-20260823T211241,2026-08-23T21:14:36-05:00,1000019-B,CLASE MAGISTRAL,(15) Grupo 15,Jaime Villalobos Velasco,32,20
local-20260823T211241,2026-08-23T21:14:36-05:00,1000019-B,CLASE MAGISTRAL,(17) Grupo 17,Jereson Silva Valencia,34,20
local-20260823T211241,2026-08-23T21:14:36-05:00,1000019-B,CLASE MAGISTRAL,(18) Grupo 18,Jereson Silva Valencia,33,20
local-20260823T211241,2026-08-23T21:14:36-05:00,1000019-B,CLASE MAGISTRAL,(19) Grupo 19,Jereson Silva Valencia,32,20
local-20260823T211241,2026-08-23T21:14:36-05:00,1000019-B,CLASE MAGISTRAL,(2) Grupo 2,Gustavo Martinez Tamayo,34,20
local-20260823T211241,2026-08-23T21:14:36-05:00,1000019-B,CLASE MAGISTRAL,(20) Grupo 20,Jereson Silva Valencia,35,20
local-20260823T211241,2026-08-23T21:14:36-05:00,1000019-B,CLASE MAGISTRAL,(21) Grupo 21,Diego Alejandro Torres Galindo,35,20
local-20260823T211241,2026-08-23T21:14:36-05:00,1000019-B,CLASE MAGISTRAL,(22) Grupo 22,Diego Alejandro Torres Galindo,35,20
local-20260823T211241,2026-08-23T21:14:36-05:00,1000019-B,CLASE MAGISTRAL,(23) Grupo 23,Diego Alejandro Torres Galindo,35,20
local-20260823T211241,2026-08-23T21:14:36-05:00,1000019-B,CLASE MAGISTRAL,(24) Grupo 24,Diego Alejandro Torres Galindo,35,20
local-20260823T211241,2026-08-23T21:14:36-05:00,1000019-B,CLASE MAGISTRAL,(25) Grupo 25,Plinio Del Carmen Teheran Sermeno,30,20
local-20260823T211241,2026-08-23T21:14:36-05:00,1000019-B,CLASE MAGISTRAL,(26) Grupo 26 (VIRTUAL),Plinio Del Carmen Teheran Sermeno,50,20
local-20260823T211241,2026-08-23T21:14:36-05:00,1000019-B,CLASE MAGISTRAL,(27) Grupo 27 (VIRTUAL),Plinio Del Carmen Teheran Sermeno,50,20
local-20260823T211241,2026-08-23T21:14:36-05:00,1000019-B,CLASE MAGISTRAL,(28) Grupo 28 (VIRTUAL),Plinio Del Carmen Teheran Sermeno,50,20
local-20260823T211241,2026-08-23T21:14:36-05:00,1000019-B,CLASE MAGISTRAL,(29) Grupo 29 (VIRTUAL),Plinio Del Carmen Teheran Sermeno,50,20
local-20260823T211241,2026-08-23T21:14:36-05:00,1000019-B,CLASE MAGISTRAL,(3) Grupo 3,Gustavo Martinez Tamayo,35,20
local-20260823T211241,2026-08-23T21:14:36-05:00,1000019-B,CLASE MAGISTRAL,(4) Grupo 4,Gustavo Martinez Tamayo,35,20
local-20260823T211241,2026-08-23T21:14:36-05:00,1000019-B,CLASE MAGISTRAL,(5) Grupo 5,Ramiro Cardona Cardona,35,20
local-20260823T211241,2026-08-23T21:14:36-05:00,1000019-B,CLASE MAGISTRAL,(6) Grupo 6,Ramiro Cardona Cardona,35,20
local-20260823T211241,2026-08-23T21:14:36-05:00,1000019-B,CLASE MAGISTRAL,(7) Grupo 7,Ramiro Cardona Cardona,35,20
local-20260823T211241,2026-08-23T21:14:36-05:00,1000019-B,CLASE MAGISTRAL,(8) Grupo 8,Ramiro Cardona Cardona,35,20
local-20260823T211241,2026-08-23T21:14:36-05:00,1000019-B,CLASE MAGISTRAL,(9) Grupo 9,Fredy Angel Jimenez Giraldo,7,20
local-20260823T211241,2026-08-23T21:14:39-05:00,2015956,CLASE TEORICA,(1) Grupo 1,Modesto Portilla Gamboa; Fernando Eli Romero Ordoñez,35,21
local-20260823T211241,2026-08-23T21:14:39-05:00,2015956,CLASE TEORICA,(2) Grupo 2,Jennifer Angel Amaya,30,21
local-20260823T211241,2026-08-23T21:14:39-05:00,2015956,CLASE TEORICA,(3) Grupo 3,Jennifer Angel Amaya,30,21
local-20260823T211241,2026-08-23T21:14:39-05:00,2015956,CLASE TEORICA,(4) Grupo 4,Fernando Eli Romero Ordoñez; Modesto Portilla Gamboa,35,21
local-20260823T210552,2026-08-23T21:14:40-05:00,2022631,CLASE TEORICA,(2) Grupo 2 - Italiano Electivo II,Pablo Reyes Pozzi,21,169
local-20260823T211241,2026-08-23T21:14:40-05:00,2015957,CLASE PRACTICA,(1) Grupo 1,No informado,30,22
local-20260823T211241,2026-08-23T21:14:40-05:00,2015957,CLASE PRACTICA,(2) Grupo 2,Samuel Fernando Mesa Giraldo,30,22
local-20260823T211241,2026-08-23T21:14:40-05:00,2015957,CLASE PRACTICA,(3) Grupo 3,Rose Marie Aldana Boutin,30,22
local-20260823T211241,2026-08-23T21:14:40-05:00,2015957,CLASE PRACTICA,(4) Grupo 4,Rose Marie Aldana Boutin,30,22
local-20260823T211241,2026-08-23T21:14:43-05:00,2015958,CLASE PRACTICA,(1) Grupo 1,William Castro Garcia,20,23
local-20260823T211241,2026-08-23T21:14:43-05:00,2015958,CLASE PRACTICA,(2) Grupo 2,William Castro Garcia,18,23
local-20260823T211241,2026-08-23T21:14:43-05:00,2015958,CLASE PRACTICA,(3) Grupo 3,Carlos Alfonso Gomez Guacaneme,30,23
local-20260823T211241,2026-08-23T21:14:43-05:00,2015958,CLASE PRACTICA,(4) Grupo 4,Mario Arturo Rincon Villalba,20,23
local-20260823T211241,2026-08-23T21:14:43-05:00,2015958,CLASE PRACTICA,(5) Grupo 5,Mario Arturo Rincon Villalba,20,23
local-20260823T211241,2026-08-23T21:14:43-05:00,2015958,CLASE PRACTICA,(6) Grupo 6,Fausto Alejandro Silva España,20,23
local-20260823T211241,2026-08-23T21:14:43-05:00,2015958,CLASE PRACTICA,(7) Grupo 7,Fausto Alejandro Silva España,20,23
local-20260823T211241,2026-08-23T21:14:43-05:00,2015958,CLASE PRACTICA,(8) Grupo 8,Fausto Alejandro Silva España,20,23
local-20260823T211241,2026-08-23T21:14:43-05:00,2015958,CLASE PRACTICA,(9) Grupo 9,Fausto Alejandro Silva España,20,23
local-20260823T211241,2026-08-23T21:14:43-05:00,2015958,CLASE TEORICA,(1) Grupo 1,William Castro Garcia,38,23
local-20260823T211241,2026-08-23T21:14:43-05:00,2015958,CLASE TEORICA,(3) Grupo 3,Carlos Alfonso Gomez Guacaneme,30,23
local-20260823T211241,2026-08-23T21:14:43-05:00,2015958,CLASE TEORICA,(4) Grupo 4,Mario Arturo Rincon Villalba,40,23
local-20260823T211241,2026-08-23T21:14:43-05:00,2015958,CLASE TEORICA,(6) Grupo 6,Cesar Andres Cortes Bello,40,23
local-20260823T211241,2026-08-23T21:14:43-05:00,2015958,CLASE TEORICA,(8) Grupo 8,Cesar Andres Cortes Bello,40,23
local-20260823T211241,2026-08-23T21:14:44-05:00,2015959,CLASE TEORICA,(1) Grupo 1,Carlos Eduardo Rodriguez Pineda,30,24
local-20260823T211241,2026-08-23T21:14:44-05:00,2015959,CLASE TEORICA,(2) Grupo 2,Guillermo Eduardo Avila Alvarez,30,24
local-20260823T211241,2026-08-23T21:14:44-05:00,2015959,CLASE TEORICA,(3) Grupo 3,Livaniel Viveros Rosero,30,24
local-20260823T211241,2026-08-23T21:14:44-05:00,2015959,CLASE TEORICA,(4) Grupo 4,No informado,0,24
local-20260823T210552,2026-08-23T21:14:49-05:00,2021471,CLASE TEORICA,(1) Grupo 1 - Japonés Electivo I,Yeny Mireya Echeverria Barajas,25,170
local-20260823T210552,2026-08-23T21:14:51-05:00,2021472,CLASE TEORICA,(1) Grupo 1 - Japonés Electivo II,Yeny Mireya Echeverria Barajas,26,171
local-20260823T210552,2026-08-23T21:14:54-05:00,2021473,CLASE TEORICA,(1) Grupo 1 - Japonés Electivo III,Yeny Mireya Echeverria Barajas,25,172
local-20260823T211241,2026-08-23T21:14:54-05:00,2022760,NA,(1) Grupo 1,No informado,15,25
local-20260823T211241,2026-08-23T21:14:56-05:00,2015961,CLASE TEORICA,(1) Grupo 1,Rafael Orland Ortiz Mosquera,24,26
local-20260823T211241,2026-08-23T21:14:56-05:00,2015961,CLASE TEORICA,(2) Grupo 2,Adriana Patricia Piña Fulano,24,26
local-20260823T211241,2026-08-23T21:14:56-05:00,2015961,CLASE TEORICA,(3) Grupo 3,Gelber Norberto Gutierrez Palacios,24,26
local-20260823T211241,2026-08-23T21:14:56-05:00,2015961,CLASE TEORICA,(4) Grupo 4,No informado,24,26
local-20260823T211241,2026-08-23T21:14:56-05:00,2015961,CLASE TEORICA,(5) Grupo 5,No informado,24,26
local-20260823T211241,2026-08-23T21:14:56-05:00,2015961,CLASE TEORICA,(6) Grupo 6,Leonardo David Donado Garzon,24,26
local-20260823T211241,2026-08-23T21:14:58-05:00,2015978,CLASE TEORICA,(1) Grupo 1,No informado,0,27
local-20260823T211241,2026-08-23T21:14:58-05:00,2015978,CLASE TEORICA,(2) Grupo 2,Erasmo Alfredo Rodriguez Sandoval,30,27
local-20260823T211241,2026-08-23T21:14:58-05:00,2015978,CLASE TEORICA,(3) Grupo 3,No informado,30,27
local-20260823T211241,2026-08-23T21:14:58-05:00,2015978,CLASE TEORICA,(4) Grupo 4,No informado,30,27
local-20260823T211241,2026-08-23T21:14:58-05:00,2015978,CLASE TEORICA,(5) Grupo 5,No informado,30,27
local-20260823T210552,2026-08-23T21:14:59-05:00,2029790,CLASE TEORICA,(1) GRUPO 1,GIOVANNI MOLANO CRUZ,20,174
local-20260823T211241,2026-08-23T21:14:59-05:00,2026135,CLASE TEORICA,(1) Grupo 1,NICOLAS ESCALANTE MORA,25,28
local-20260823T211241,2026-08-23T21:14:59-05:00,2026135,CLASE TEORICA,(2) Grupo 2,Leonel Vega Mora,25,28
local-20260823T211241,2026-08-23T21:14:59-05:00,2026135,CLASE TEORICA,(3) Grupo 3,Leonel Vega Mora,25,28
local-20260823T211241,2026-08-23T21:15:01-05:00,2015963,CLASE TEORICA,(1) Grupo 1,No informado,29,29
local-20260823T211241,2026-08-23T21:15:01-05:00,2015963,CLASE TEORICA,(2) Grupo 2,No informado,30,29
local-20260823T211241,2026-08-23T21:15:01-05:00,2015963,CLASE TEORICA,(3) Grupo 3,William Castro Garcia,30,29
local-20260823T210552,2026-08-23T21:15:01-05:00,2023919,CLASE TEORICA,(1) Grupo 1 - 2023919,Alvaro Daniel Reyes Gomez,55,175
local-20260823T210552,2026-08-23T21:15:04-05:00,2029046,CLASE TEORICA,(1) Grupo 1 - Clase Remota - Sede Bogotá,Maria Clemencia Del Pilar Castro Vergara; Sebastian Cuellar Sarmiento; Claudia Patricia Sierra Pardo,283,176
local-20260823T210552,2026-08-23T21:15:04-05:00,2029046,CLASE TEORICA,(6) Grupo 6 - Clase Remota - Sede Orinoquía,Adriana Isabel Orjuela Martinez,19,176
local-20260823T210552,2026-08-23T21:15:07-05:00,2028036,CLASE TEORICA,(1) Grupo 1,WILLIAM CHAVARRO ROJAS,46,177
local-20260823T210552,2026-08-23T21:15:09-05:00,2027041,CLASE TEORICA,(1) Grupo 1 (La esquizofrenia:del trastorno a la estructura),Gloria Gomez,29,178
local-20260823T211241,2026-08-23T21:15:11-05:00,2026138,CLASE TEORICA,(1) Grupo 1,Ivan Dario Serrano Arrieta,30,30
local-20260823T211241,2026-08-23T21:15:11-05:00,2026138,CLASE TEORICA,(2) Grupo 2,Ivan Dario Serrano Arrieta,30,30
local-20260823T211241,2026-08-23T21:15:11-05:00,2026138,CLASE TEORICA,(3) Grupo 3,Pedro Luis Jimenez Poveda,30,30
local-20260823T210552,2026-08-23T21:15:12-05:00,2026611,NA,(1) Grupo 1,German Dario Florez Acero,25,179
local-20260823T211241,2026-08-23T21:15:14-05:00,2015703,NA,(1) Grupo 1,Angela Maria Arboleda Restrepo,40,31
local-20260823T211241,2026-08-23T21:15:14-05:00,2015703,NA,(10) Grupo 10,Diego Alejandro Hernandez Castañeda,30,31
local-20260823T211241,2026-08-23T21:15:14-05:00,2015703,NA,(11) Grupo 11,Julio Cesar Cañon Rodriguez,30,31
local-20260823T211241,2026-08-23T21:15:14-05:00,2015703,NA,(2) Grupo 2,Osman Benjamin Giovanny Vargas Rozo,40,31
local-20260823T211241,2026-08-23T21:15:14-05:00,2015703,NA,(3) Grupo 3,Hugo Alberto Herrera Fonseca,40,31
local-20260823T211241,2026-08-23T21:15:14-05:00,2015703,NA,(4) Grupo 4,LINA JULIANA BULLA CASAS,30,31
local-20260823T211241,2026-08-23T21:15:14-05:00,2015703,NA,(5) Grupo 5 - Virtual,Cesar Augusto Roa Lemus,60,31
local-20260823T211241,2026-08-23T21:15:14-05:00,2015703,NA,(6) Grupo 6,JAVIER RICARDO OJEDA SANCHEZ,40,31
local-20260823T211241,2026-08-23T21:15:14-05:00,2015703,NA,(7) Grupo 7,JAVIER RICARDO OJEDA SANCHEZ,40,31
local-20260823T211241,2026-08-23T21:15:14-05:00,2015703,NA,(8) Grupo 8,Diego Alejandro Hernandez Castañeda,39,31
local-20260823T211241,2026-08-23T21:15:14-05:00,2015703,NA,(9) Grupo 9,LINA JULIANA BULLA CASAS,35,31
local-20260823T211241,2026-08-23T21:15:16-05:00,1000044-B,CLASE TEORICA,(1) Grupo 1,Beatriz Elena Urrutia Sanchez,26,32
local-20260823T211241,2026-08-23T21:15:16-05:00,1000044-B,CLASE TEORICA,(2) Grupo 2,Yaneli Niño Osorio,25,32
local-20260823T211241,2026-08-23T21:15:16-05:00,1000044-B,CLASE TEORICA,(3) Grupo 3,Luis Gabriel Peña Ortiz,25,32
local-20260823T211241,2026-08-23T21:15:16-05:00,1000044-B,CLASE TEORICA,(4) Grupo 4,Liliana Marcela Guzman Aricapa,25,32
local-20260823T211241,2026-08-23T21:15:16-05:00,1000044-B,CLASE TEORICA,(5) Grupo 5,Beatriz Elena Urrutia Sanchez,26,32
local-20260823T211241,2026-08-23T21:15:16-05:00,1000044-B,CLASE TEORICA,(6) Grupo 6,Cesar Augusto Romero,26,32
local-20260823T211241,2026-08-23T21:15:16-05:00,1000044-B,CLASE TEORICA,(7) Grupo 7,JOSE JONATHAN MAESTRE HERRERA,26,32
local-20260823T211241,2026-08-23T21:15:16-05:00,1000044-B,CLASE TEORICA,(8) Grupo 8,Beymar Leonardo Solorzano Alviz,26,32
local-20260823T211241,2026-08-23T21:15:16-05:00,1000044-B,CLASE TEORICA,(9) Grupo 9,Claudia Marcela Arevalo Gomez,0,32
local-20260823T211241,2026-08-23T21:15:19-05:00,1000045-B,CLASE TEORICA,(1) Grupo 1,Claudia Marcela Arevalo Gomez,3,33
local-20260823T211241,2026-08-23T21:15:19-05:00,1000045-B,CLASE TEORICA,(10) Grupo 10,Jesica paola Rendon Alfonso,24,33
local-20260823T211241,2026-08-23T21:15:19-05:00,1000045-B,CLASE TEORICA,(11) Grupo 11,JOSE JONATHAN MAESTRE HERRERA,26,33
local-20260823T211241,2026-08-23T21:15:19-05:00,1000045-B,CLASE TEORICA,(12) Grupo 12,LINDA JOHANA RUIZ GOMEZ,24,33
local-20260823T211241,2026-08-23T21:15:19-05:00,1000045-B,CLASE TEORICA,(13) Grupo 13,Narly Yadira Pardo Cadena,26,33
local-20260823T211241,2026-08-23T21:15:19-05:00,1000045-B,CLASE TEORICA,(14) Grupo 14,Angelica Saenz Fonseca,24,33
local-20260823T211241,2026-08-23T21:15:19-05:00,1000045-B,CLASE TEORICA,(15) Grupo 15,Narly Yadira Pardo Cadena,26,33
local-20260823T211241,2026-08-23T21:15:19-05:00,1000045-B,CLASE TEORICA,(16) Grupo 16,Luis Gabriel Peña Ortiz,22,33
local-20260823T211241,2026-08-23T21:15:19-05:00,1000045-B,CLASE TEORICA,(2) Grupo 2,Cesar Augusto Romero,26,33
local-20260823T211241,2026-08-23T21:15:19-05:00,1000045-B,CLASE TEORICA,(3) Grupo 3,Jesica paola Rendon Alfonso,25,33
local-20260823T211241,2026-08-23T21:15:19-05:00,1000045-B,CLASE TEORICA,(4) Grupo 4,Adriana Marlen Sanchez Riaño,25,33
local-20260823T211241,2026-08-23T21:15:19-05:00,1000045-B,CLASE TEORICA,(5) Grupo 5,Cesar Augusto Romero,26,33
local-20260823T211241,2026-08-23T21:15:19-05:00,1000045-B,CLASE TEORICA,(6) Grupo 6,Sara Elisa Monsalve Patino,26,33
local-20260823T211241,2026-08-23T21:15:19-05:00,1000045-B,CLASE TEORICA,(7) Grupo 7,Luis Gabriel Peña Ortiz,25,33
local-20260823T211241,2026-08-23T21:15:19-05:00,1000045-B,CLASE TEORICA,(8) Grupo 8,Johnatan Martinez Hernandez,23,33
local-20260823T211241,2026-08-23T21:15:19-05:00,1000045-B,CLASE TEORICA,(9) Grupo 9,Maureen Elizabeth Hooker Oneill,13,33
local-20260823T210552,2026-08-23T21:15:24-05:00,2029557,NA,(1) Grupo 1 - Clase Presencial,Zsoka Horvath,25,181
local-20260823T210552,2026-08-23T21:15:27-05:00,2029844,CLASE TEORICA,(1) Grupo 1 - Clase Presencial,Zsoka Horvath,25,182
local-20260823T210552,2026-08-23T21:15:29-05:00,2023240,CLASE TEORICA,(1) Grupo 1,Francelina Muchavisoy Becerra,20,183
local-20260823T210552,2026-08-23T21:15:31-05:00,2029611,NA,(1) Grupo 1,Francelina Muchavisoy Becerra,20,184
local-20260823T211241,2026-08-23T21:15:31-05:00,1000046-B,CLASE TEORICA,(1) Grupo 1,Johnatan Martinez Hernandez,26,35
local-20260823T211241,2026-08-23T21:15:31-05:00,1000046-B,CLASE TEORICA,(10) Grupo 10,Jennly Angelica Gomez Rodriguez,26,35
local-20260823T211241,2026-08-23T21:15:31-05:00,1000046-B,CLASE TEORICA,(11) Grupo 11,Angelica Saenz Fonseca,26,35
local-20260823T211241,2026-08-23T21:15:31-05:00,1000046-B,CLASE TEORICA,(12) Grupo 12,Liliana Marcela Guzman Aricapa,25,35
local-20260823T211241,2026-08-23T21:15:31-05:00,1000046-B,CLASE TEORICA,(13) Grupo 13,ALBA LUCIA RIAÑO RODRIGUEZ,26,35
local-20260823T211241,2026-08-23T21:15:31-05:00,1000046-B,CLASE TEORICA,(14) Grupo 14,Angelica Saenz Fonseca,26,35
local-20260823T211241,2026-08-23T21:15:31-05:00,1000046-B,CLASE TEORICA,(15) Grupo 15,Luis Gabriel Peña Ortiz,26,35
local-20260823T211241,2026-08-23T21:15:31-05:00,1000046-B,CLASE TEORICA,(16) Grupo 16,Olga Lucia Ruiz Convers,26,35
local-20260823T211241,2026-08-23T21:15:31-05:00,1000046-B,CLASE TEORICA,(17) Grupo 17,Luis Gabriel Peña Ortiz,26,35
local-20260823T211241,2026-08-23T21:15:31-05:00,1000046-B,CLASE TEORICA,(18) Grupo 18,Narly Yadira Pardo Cadena,25,35
local-20260823T211241,2026-08-23T21:15:31-05:00,1000046-B,CLASE TEORICA,(2) Grupo 2,Jesica paola Rendon Alfonso,26,35
local-20260823T211241,2026-08-23T21:15:31-05:00,1000046-B,CLASE TEORICA,(3) Grupo 3,JESUS DAVID TORRES RODRIGUEZ,26,35
local-20260823T211241,2026-08-23T21:15:31-05:00,1000046-B,CLASE TEORICA,(4) Grupo 4,Claudia Patricia Cortes Lora,26,35
local-20260823T211241,2026-08-23T21:15:31-05:00,1000046-B,CLASE TEORICA,(5) Grupo 5,Johnatan Martinez Hernandez,26,35
local-20260823T211241,2026-08-23T21:15:31-05:00,1000046-B,CLASE TEORICA,(6) Grupo 6,Johnatan Martinez Hernandez,26,35
local-20260823T211241,2026-08-23T21:15:31-05:00,1000046-B,CLASE TEORICA,(7) Grupo 7,Jesica paola Rendon Alfonso,26,35
local-20260823T211241,2026-08-23T21:15:31-05:00,1000046-B,CLASE TEORICA,(8) Grupo 8,Beatriz Elena Urrutia Sanchez,26,35
local-20260823T211241,2026-08-23T21:15:31-05:00,1000046-B,CLASE TEORICA,(9) Grupo 9,Maureen Elizabeth Hooker Oneill,10,35
local-20260823T210552,2026-08-23T21:15:34-05:00,2023241,CLASE TEORICA,(1) Grupo 1,Rafael Segundo Mercado Epieyu,20,185
local-20260823T211241,2026-08-23T21:15:35-05:00,1000052-B,CLASE TEORICA,(1) Grupo 1,Liliana Marcela Guzman Aricapa,27,37
local-20260823T211241,2026-08-23T21:15:35-05:00,1000052-B,CLASE TEORICA,(2) Grupo 2,JOSE JONATHAN MAESTRE HERRERA,28,37
local-20260823T211241,2026-08-23T21:15:35-05:00,1000052-B,CLASE TEORICA,(3) Grupo 3,Aida Elena Monsalve Solorzano,28,37
local-20260823T210552,2026-08-23T21:15:36-05:00,2016253,NA,(1) Grupo 1 - Lingüística Italiana,Rodolfo Suarez Ortega,26,186
local-20260823T211241,2026-08-23T21:15:37-05:00,1000053-B,CLASE TEORICA,(1) Grupo 1,Jennly Angelica Gomez Rodriguez,28,38
local-20260823T211241,2026-08-23T21:15:37-05:00,1000053-B,CLASE TEORICA,(2) Grupo 2,Yaneli Niño Osorio,27,38
local-20260823T211241,2026-08-23T21:15:37-05:00,1000053-B,CLASE TEORICA,(3) Grupo 3,Javier Rodriguez Gomez,30,38
local-20260823T211241,2026-08-23T21:15:37-05:00,1000053-B,CLASE TEORICA,(4) Grupo 4,Javier Rodriguez Gomez,30,38
local-20260823T211241,2026-08-23T21:15:37-05:00,1000053-B,CLASE TEORICA,(5) Grupo 5,LINDA JOHANA RUIZ GOMEZ,28,38
local-20260823T211241,2026-08-23T21:15:37-05:00,1000053-B,CLASE TEORICA,(6) Grupo 6,Olga Lucia Ruiz Convers,28,38
local-20260823T210552,2026-08-23T21:15:38-05:00,2022221,CLASE TEORICA,(1) Grupo 1,Juan Diego Antonio Pablo Caicedo Gonzalez,90,187
local-20260823T211241,2026-08-23T21:15:39-05:00,1000047-B,CLASE TEORICA,(1) Grupo 1,Cesar Augusto Romero,26,39
local-20260823T211241,2026-08-23T21:15:39-05:00,1000047-B,CLASE TEORICA,(10) Grupo 10,Monica Alexandra Riaño Orjuela,26,39
local-20260823T211241,2026-08-23T21:15:39-05:00,1000047-B,CLASE TEORICA,(11) Grupo 11,Jennly Angelica Gomez Rodriguez,26,39
local-20260823T211241,2026-08-23T21:15:39-05:00,1000047-B,CLASE TEORICA,(12) Grupo 12,Claudia Patricia Cortes Lora,26,39
local-20260823T211241,2026-08-23T21:15:39-05:00,1000047-B,CLASE TEORICA,(13) Grupo 13,Angelica Saenz Fonseca,26,39
local-20260823T211241,2026-08-23T21:15:39-05:00,1000047-B,CLASE TEORICA,(14) Grupo 14,LINDA JOHANA RUIZ GOMEZ,26,39
local-20260823T211241,2026-08-23T21:15:39-05:00,1000047-B,CLASE TEORICA,(15) Grupo 15,Claudia Patricia Cortes Lora,26,39
local-20260823T211241,2026-08-23T21:15:39-05:00,1000047-B,CLASE TEORICA,(16) Grupo 16,Narly Yadira Pardo Cadena,26,39
local-20260823T211241,2026-08-23T21:15:39-05:00,1000047-B,CLASE TEORICA,(17) Grupo 17,Angelica Saenz Fonseca,26,39
local-20260823T211241,2026-08-23T21:15:39-05:00,1000047-B,CLASE TEORICA,(18) Grupo 18,ALBA LUCIA RIAÑO RODRIGUEZ,26,39
local-20260823T211241,2026-08-23T21:15:39-05:00,1000047-B,CLASE TEORICA,(19) Grupo 19,Aida Elena Monsalve Solorzano,26,39
local-20260823T211241,2026-08-23T21:15:39-05:00,1000047-B,CLASE TEORICA,(2) Grupo 2,Yaneli Niño Osorio,26,39
local-20260823T211241,2026-08-23T21:15:39-05:00,1000047-B,CLASE TEORICA,(20) Grupo 20,ALBA LUCIA RIAÑO RODRIGUEZ,26,39
local-20260823T211241,2026-08-23T21:15:39-05:00,1000047-B,CLASE TEORICA,(21) Grupo 21,Edwin Yesid Leon Silva,26,39
local-20260823T211241,2026-08-23T21:15:39-05:00,1000047-B,CLASE TEORICA,(22) Grupo 22,LINDA JOHANA RUIZ GOMEZ,26,39
local-20260823T211241,2026-08-23T21:15:39-05:00,1000047-B,CLASE TEORICA,(3) Grupo 3,Monica Alexandra Riaño Orjuela,26,39
local-20260823T211241,2026-08-23T21:15:39-05:00,1000047-B,CLASE TEORICA,(4) Grupo 4,Claudia Patricia Cortes Lora,26,39
local-20260823T211241,2026-08-23T21:15:39-05:00,1000047-B,CLASE TEORICA,(5) Grupo 5,Olga Lucia Ruiz Convers,25,39
local-20260823T211241,2026-08-23T21:15:39-05:00,1000047-B,CLASE TEORICA,(6) Grupo 6,Monica Alexandra Riaño Orjuela,26,39
local-20260823T211241,2026-08-23T21:15:39-05:00,1000047-B,CLASE TEORICA,(7) Grupo 7,Cesar Augusto Romero,26,39
local-20260823T211241,2026-08-23T21:15:39-05:00,1000047-B,CLASE TEORICA,(8) Grupo 8,Beatriz Elena Urrutia Sanchez,26,39
local-20260823T211241,2026-08-23T21:15:39-05:00,1000047-B,CLASE TEORICA,(9) Grupo 9,Keshia Hilary Howard Livingston,14,39
local-20260823T210552,2026-08-23T21:15:43-05:00,2027191,NA,(1) Grupo 1 (2026-2S),MIGUEL ANTONIO MORÓN CAMPOS,17,189
local-20260823T211241,2026-08-23T21:15:54-05:00,2026186,CLASE TEORICA,(1) Grupo 1,Carol Andrea Murillo Feo,6,41
local-20260823T211241,2026-08-23T21:15:54-05:00,2026186,CLASE TEORICA,(2) Grupo 2,Leonel Vega Mora,0,41
local-20260823T211241,2026-08-23T21:15:54-05:00,2026186,CLASE TEORICA,(3) Grupo 3,CAMILO RIOS FRESNEDA,0,41
local-20260823T211241,2026-08-23T21:15:54-05:00,2026186,CLASE TEORICA,(4) Grupo 4,Carlos Orlando Robles Roa,7,41
local-20260823T211241,2026-08-23T21:16:00-05:00,1000001-B,CLASE TEORICA,(1) Grupo 1,No informado,0,43
local-20260823T211241,2026-08-23T21:16:00-05:00,1000001-B,CLASE TEORICA,(19) Grupo 19,No informado,4,43
local-20260823T211241,2026-08-23T21:16:00-05:00,1000001-B,CLASE TEORICA,(2) Grupo 2,No informado,21,43
local-20260823T211241,2026-08-23T21:16:00-05:00,1000001-B,CLASE MAGISTRAL,(1) Grupo 1,Ibeth Marcela Rubio Perilla,0,43
local-20260823T211241,2026-08-23T21:16:00-05:00,1000001-B,CLASE MAGISTRAL,(10) Grupo 10,No informado,0,43
local-20260823T211241,2026-08-23T21:16:00-05:00,1000001-B,CLASE MAGISTRAL,(2) Grupo 2,Herbert Alonso Dueñas Ruiz,0,43
local-20260823T211241,2026-08-23T21:16:00-05:00,1000001-B,CLASE MAGISTRAL,(3) Grupo 3,Jeanneth Galeano Penaloza,0,43
local-20260823T211241,2026-08-23T21:16:00-05:00,1000001-B,CLASE MAGISTRAL,(4) Grupo 4,Gustavo Adolfo Nieto Clavijo,0,43
local-20260823T211241,2026-08-23T21:16:00-05:00,1000001-B,CLASE MAGISTRAL,(5) Grupo 5,Natalia Camila Pinzon Cortes,0,43
local-20260823T211241,2026-08-23T21:16:00-05:00,1000001-B,CLASE MAGISTRAL,(6) Grupo 6,Martha Cecilia Moreno Penagos,0,43
local-20260823T211241,2026-08-23T21:16:00-05:00,1000001-B,CLASE MAGISTRAL,(7) Grupo 7,Claudio Rodriguez Beltran,1,43
local-20260823T211241,2026-08-23T21:16:00-05:00,1000001-B,CLASE MAGISTRAL,(8) Grupo 8,Gabriel Ignacio Padilla Leon,0,43
local-20260823T211241,2026-08-23T21:16:00-05:00,1000001-B,CLASE MAGISTRAL,(9) Grupo 9,No informado,11,43
local-20260823T210552,2026-08-23T21:16:01-05:00,2025703,CLASE TEORICA,(1) Grupo 1 - Clase Presencial,Maguemati Wabgou,50,193
local-20260823T211241,2026-08-23T21:16:02-05:00,2015965,CLASE TEORICA,(1) Grupo 1,CAMILO RIOS FRESNEDA,24,44
local-20260823T211241,2026-08-23T21:16:02-05:00,2015965,CLASE TEORICA,(2) Grupo 2,Julian David Puerto Suarez; Vladimir Buelvas Hernández,24,44
local-20260823T211241,2026-08-23T21:16:02-05:00,2015965,CLASE TEORICA,(3) Grupo 3,Ferney Betancourt Cardozo; Juan Manuel Lizarazo Marriaga,23,44
local-20260823T211241,2026-08-23T21:16:02-05:00,2015965,CLASE TEORICA,(4) Grupo 4,No informado,24,44
local-20260823T210552,2026-08-23T21:16:09-05:00,2022225,CLASE TEORICA,(1) Grupo 1 - Clase Presencial,Ricardo Montezuma Enriquez,100,196
local-20260823T210552,2026-08-23T21:16:11-05:00,2026688,NA,(1) Grupo 1,Fabian Rodolfo Acosta Sanchez,30,197
local-20260823T210552,2026-08-23T21:16:13-05:00,2024006,CLASE TEORICA,"(1) GRUPO 1 (Muerte, duelo y venganza - 2024006)",Maria Alejandra Tapia Millan,55,198
local-20260823T211241,2026-08-23T21:16:13-05:00,2015966,CLASE TEORICA,(1) Grupo 1,No informado,24,45
local-20260823T211241,2026-08-23T21:16:13-05:00,2015966,CLASE TEORICA,(2) Grupo 2,Adriana Patricia Piña Fulano,24,45
local-20260823T211241,2026-08-23T21:16:13-05:00,2015966,CLASE TEORICA,(3) Grupo 3,Rafael Orland Ortiz Mosquera,24,45
local-20260823T211241,2026-08-23T21:16:13-05:00,2015966,CLASE TEORICA,(4) Grupo 4,No informado,24,45
local-20260823T211241,2026-08-23T21:16:13-05:00,2015966,CLASE TEORICA,(5) Grupo 5,No informado,24,45
local-20260823T211241,2026-08-23T21:16:13-05:00,2015966,CLASE TEORICA,(6) Grupo 6,Luis Alejandro Morales Marin,23,45
local-20260823T211241,2026-08-23T21:16:13-05:00,2015966,CLASE TEORICA,(7) Grupo 7,No informado,24,45
local-20260823T211241,2026-08-23T21:16:13-05:00,2015966,CLASE TEORICA,(8) Grupo 8,No informado,24,45
local-20260823T211241,2026-08-23T21:16:15-05:00,2015967,NA,(1) Grupo 1,Vladimir Buelvas Hernández,24,46
local-20260823T211241,2026-08-23T21:16:17-05:00,2015968,CLASE TEORICA,(1) Grupo 1,Ricardo Parra Arango,24,47
local-20260823T211241,2026-08-23T21:16:17-05:00,2015968,CLASE TEORICA,(2) Grupo 2,Juan David Oliveros Salazar,24,47
local-20260823T211241,2026-08-23T21:16:17-05:00,2015968,CLASE TEORICA,(3) Grupo 3,No informado,24,47
local-20260823T211241,2026-08-23T21:16:17-05:00,2015968,CLASE TEORICA,(4) Grupo 4,Ricardo Parra Arango,24,47
local-20260823T211241,2026-08-23T21:16:17-05:00,2015968,CLASE TEORICA,(5) Grupo 5,Julian David Puerto Suarez,24,47
local-20260823T211241,2026-08-23T21:16:17-05:00,2015968,CLASE TEORICA,(6) Grupo 6,Dorian Luis Linero Segrera,24,47
local-20260823T211241,2026-08-23T21:16:17-05:00,2015968,CLASE TEORICA,(7) Grupo 7,No informado,0,47
local-20260823T211241,2026-08-23T21:16:19-05:00,2015969,CLASE TEORICA,(1) Grupo 1 (Inglés),Julio Esteban Colmenares Montañez,30,48
local-20260823T211241,2026-08-23T21:16:19-05:00,2015969,CLASE TEORICA,(2) Grupo 2,Guillermo Eduardo Avila Alvarez,30,48
local-20260823T211241,2026-08-23T21:16:19-05:00,2015969,CLASE TEORICA,(3) Grupo 3,Livaniel Viveros Rosero,30,48
local-20260823T211241,2026-08-23T21:16:19-05:00,2015969,CLASE TEORICA,(4) Grupo 4,No informado,30,48
local-20260823T211241,2026-08-23T21:16:20-05:00,2015970,CLASE PRACTICA,(4) Grupo 4,Helga Duarte,30,49
local-20260823T211241,2026-08-23T21:16:20-05:00,2015970,CLASE PRACTICA,(5) Grupo 5,Oswaldo Rojas Camacho,45,49
local-20260823T211241,2026-08-23T21:16:20-05:00,2015970,CLASE PRACTICA,(8) Grupo 8,Helga Duarte,30,49
local-20260823T211241,2026-08-23T21:16:20-05:00,2015970,CLASE PRACTICA,(9) Grupo 9,Oswaldo Rojas Camacho,45,49
local-20260823T210552,2026-08-23T21:16:26-05:00,2024994,NA,(1) Grupo 1,Aleida Dianey Clavijo Grimaldo,19,201
local-20260823T211241,2026-08-23T21:16:30-05:00,2017293,CLASE TEORICA,(1) 2017293-1 Modelación matemática,David Leonardo Diaz Leon,34,50
local-20260823T211241,2026-08-23T21:16:30-05:00,2017293,CLASE TEORICA,(2) 2017293-2 Modelación matemática,David Leonardo Diaz Leon,33,50
local-20260823T211241,2026-08-23T21:16:30-05:00,2017293,CLASE MAGISTRAL,(1M) 2017293-1M Modelación matemática - Magistral,Carlos Alberto Duque Daza,79,50
local-20260823T210552,2026-08-23T21:16:30-05:00,2024221,CLASE TEORICA,(1) Grupo 1,ISAAC QUILCUE PUMBA,19,203
local-20260823T210552,2026-08-23T21:16:33-05:00,2028288,CLASE TEORICA,(1) Grupo 1,ISAAC QUILCUE PUMBA,18,204
local-20260823T211241,2026-08-23T21:16:35-05:00,2015971,CLASE TEORICA,(1) Grupo 1,No informado,30,53
local-20260823T211241,2026-08-23T21:16:35-05:00,2015971,CLASE TEORICA,(2) Grupo 2,Ferney Betancourt Cardozo,30,53
local-20260823T211241,2026-08-23T21:16:35-05:00,2015971,CLASE TEORICA,(3) Grupo 3,No informado,30,53
local-20260823T210552,2026-08-23T21:16:35-05:00,2023217,NA,(1) Grupo 01,Benjamin Calvo Mozo,39,205
local-20260823T211241,2026-08-23T21:16:37-05:00,2015972,CLASE TEORICA,(1) Grupo 1,Carlos Alberto Moncada Aristizabal,15,54
local-20260823T211241,2026-08-23T21:16:37-05:00,2015972,CLASE TEORICA,(2) Grupo 2,SANTIAGO RAMIREZ ECHEVERRI,15,54
local-20260823T211241,2026-08-23T21:16:37-05:00,2015972,CLASE TEORICA,(3) Grupo 3,No informado,15,54
local-20260823T210552,2026-08-23T21:16:37-05:00,2029650,CLASE TEORICA,(1) Grupo 1 - Clase presencial,CLAUDIA MARINA MUÑOZ DIAZ,50,206
local-20260823T210552,2026-08-23T21:16:42-05:00,2028465,CLASE TEORICA,(1) Grupo 1 - Clase Presencial - Sede Bogotá,Egberto Bermudez Cujar,199,208
local-20260823T210552,2026-08-23T21:16:44-05:00,2021160,CLASE TEORICA,(1) Grupo 1 - Clase Remota - Sede Bogotá,Jairo Alexis Rodriguez Lopez,199,209
local-20260823T211241,2026-08-23T21:16:49-05:00,1000024-B,CLASE TEORICA,(12) Grupo 12,Edgar Delgado Mejia,0,55
local-20260823T211241,2026-08-23T21:16:49-05:00,1000024-B,CLASE TEORICA,(13) Grupo 13,Jesus Sigifredo Valencia Rios,0,55
local-20260823T211241,2026-08-23T21:16:49-05:00,1000024-B,CLASE TEORICA,(14) Grupo 14,Jhon Jairo Aragón Arias,8,55
local-20260823T211241,2026-08-23T21:16:51-05:00,1000013-B,CLASE TEORICA,(1) Grupo 1,JHONIER SEBASTIAN RANGEL GUTIERREZ,0,56
local-20260823T211241,2026-08-23T21:16:51-05:00,1000013-B,CLASE TEORICA,(10) Grupo 10,Sandra Vergara Cardozo,35,56
local-20260823T211241,2026-08-23T21:16:51-05:00,1000013-B,CLASE TEORICA,(11) Grupo 11,DIEGO ALBERTO MARTINEZ SIMBAQUEVA,39,56
local-20260823T211241,2026-08-23T21:16:51-05:00,1000013-B,CLASE TEORICA,(12) Grupo 12,DIEGO ALBERTO MARTINEZ SIMBAQUEVA,40,56
local-20260823T211241,2026-08-23T21:16:51-05:00,1000013-B,CLASE TEORICA,(13) Grupo 13,DIEGO ALBERTO MARTINEZ SIMBAQUEVA,29,56
local-20260823T211241,2026-08-23T21:16:51-05:00,1000013-B,CLASE TEORICA,(16) Grupo 16,Sergio Alejandro Calderon Villanueva,30,56
local-20260823T211241,2026-08-23T21:16:51-05:00,1000013-B,CLASE TEORICA,(2) Grupo 2,Luis Guillermo Diaz Monroy,40,56
local-20260823T211241,2026-08-23T21:16:51-05:00,1000013-B,CLASE TEORICA,(22) Grupo 22,Hanwen Zhang,45,56
local-20260823T211241,2026-08-23T21:16:51-05:00,1000013-B,CLASE TEORICA,(23) Grupo 23,ULPIANO LARA CRISTANCHO,0,56
local-20260823T211241,2026-08-23T21:16:51-05:00,1000013-B,CLASE TEORICA,(3) Grupo 3,Diana Carolina Franco Soto,40,56
local-20260823T211241,2026-08-23T21:16:51-05:00,1000013-B,CLASE TEORICA,(4) Grupo 4,Diana Carolina Franco Soto,40,56
local-20260823T211241,2026-08-23T21:16:51-05:00,1000013-B,CLASE TEORICA,(5) Grupo 5,Darwin Eduardo Martínez Riaño,35,56
local-20260823T211241,2026-08-23T21:16:51-05:00,1000013-B,CLASE TEORICA,(6) Grupo 6,Darwin Eduardo Martínez Riaño,35,56
local-20260823T211241,2026-08-23T21:16:51-05:00,1000013-B,CLASE TEORICA,(7) Grupo 7,Camilo Jose Torres Jimenez,40,56
local-20260823T211241,2026-08-23T21:16:53-05:00,2015734,NA,(1) Grupo 1,Fernando Salazar Delgado,5,57
local-20260823T211241,2026-08-23T21:16:53-05:00,2015734,NA,(10) Grupo 10,Tito Florez Calderon,4,57
local-20260823T211241,2026-08-23T21:16:53-05:00,2015734,NA,(11) Grupo 11,DAVID ALBERTO HERRERA ALVAREZ,0,57
local-20260823T211241,2026-08-23T21:16:53-05:00,2015734,NA,(12) Grupo 12,FABIEL NATÁN ESPINOSA CASTAÑEDA,1,57
local-20260823T211241,2026-08-23T21:16:53-05:00,2015734,NA,(13) Grupo 13,SERGIO CAMILO ESPINOSA BOTERO,33,57
local-20260823T211241,2026-08-23T21:16:53-05:00,2015734,NA,(14) Grupo 14,Felipe Gonzalez Roldan,0,57
local-20260823T211241,2026-08-23T21:16:53-05:00,2015734,NA,(2) Grupo 2,Fernando Salazar Delgado,15,57
local-20260823T211241,2026-08-23T21:16:53-05:00,2015734,NA,(3) Grupo 3,Jhoan Sebastian Restrepo Mendoza,0,57
local-20260823T211241,2026-08-23T21:16:53-05:00,2015734,NA,(4) Grupo 4,Sandra Liliana Rojas Martinez,0,57
local-20260823T211241,2026-08-23T21:16:53-05:00,2015734,NA,(5) Grupo 5,Jhoan Sebastian Restrepo Mendoza,1,57
local-20260823T211241,2026-08-23T21:16:53-05:00,2015734,NA,(6) Grupo 6,SERGIO CAMILO ESPINOSA BOTERO,5,57
local-20260823T211241,2026-08-23T21:16:53-05:00,2015734,NA,(7) Grupo 7,No informado,3,57
local-20260823T211241,2026-08-23T21:16:53-05:00,2015734,NA,(8) Grupo 8 - Virtual,FABIEL NATÁN ESPINOSA CASTAÑEDA,30,57
local-20260823T211241,2026-08-23T21:16:53-05:00,2015734,NA,(9) Grupo 9,Alvaro Reynel Córdoba,11,57
local-20260823T211241,2026-08-23T21:16:57-05:00,2015973,CLASE TEORICA,(1) Grupo 1,No informado,25,59
local-20260823T211241,2026-08-23T21:16:57-05:00,2015973,CLASE TEORICA,(2) Grupo 2,GABRIELA ARRIETA LOYO,25,59
local-20260823T211241,2026-08-23T21:16:57-05:00,2015973,CLASE TEORICA,(3) Grupo 3,NICOLAS ESCALANTE MORA,25,59
local-20260823T210552,2026-08-23T21:16:58-05:00,2029728,CLASE TEORICA,(1) GRUPO 1,Ivonne Patricia Leon Peñuela; Julio Rafael Quiñones Paez,35,212
local-20260823T210552,2026-08-23T21:17:00-05:00,2025665,CLASE TEORICA,(1) Grupo 1,Natalia Gutierrez Echeverry,20,213
local-20260823T210552,2026-08-23T21:17:03-05:00,2029896,CLASE TEORICA,(1) GRUPO 1,No informado,25,214
local-20260823T210552,2026-08-23T21:17:06-05:00,2021478,CLASE TEORICA,(1) Grupo 1 - Portugués Electivo I,Lina Lucia Oliveira Da Silva,24,215
local-20260823T211241,2026-08-23T21:17:07-05:00,2022761,NA,(1) Grupo 1,Servio Javier Contreras Guerrero,15,60
local-20260823T211241,2026-08-23T21:17:07-05:00,2022761,NA,(2) Grupo 2,Servio Javier Contreras Guerrero,15,60
local-20260823T211241,2026-08-23T21:17:07-05:00,2022761,NA,(3) Grupo 3,Samuel Fernando Mesa Giraldo,15,60
local-20260823T210552,2026-08-23T21:17:08-05:00,2021479,CLASE TEORICA,(1) Grupo 1 - Portugués Electivo II,Lina Lucia Oliveira Da Silva,25,216
local-20260823T210552,2026-08-23T21:17:10-05:00,2021480,CLASE TEORICA,(1) Grupo 1,No informado,9,217
local-20260823T211241,2026-08-23T21:17:10-05:00,2024045,CLASE TEORICA,(1) 2024045-1 Taller de proyectos interdisciplinarios,No informado,0,61
local-20260823T211241,2026-08-23T21:17:10-05:00,2024045,CLASE TEORICA,(10) 2024045-10 Taller de proyectos interdisciplinarios,Oscar Andres Eraso Eraso,0,61
local-20260823T211241,2026-08-23T21:17:10-05:00,2024045,CLASE TEORICA,(11) 2024045-11 Taller de proyectos interdisciplinarios,No informado,0,61
local-20260823T211241,2026-08-23T21:17:10-05:00,2024045,CLASE TEORICA,(12) 2024045-12 Taller de proyectos interdisciplinarios,Hector Julian Garcia Otalora,200,61
local-20260823T211241,2026-08-23T21:17:10-05:00,2024045,CLASE TEORICA,(13) 2024045-13 Taller de proyectos interdisciplinarios,No informado,0,61
local-20260823T211241,2026-08-23T21:17:10-05:00,2024045,CLASE TEORICA,(14) 2024045-14 Taller de proyectos interdisciplinarios,Dolly Santos Barbosa,0,61
local-20260823T211241,2026-08-23T21:17:10-05:00,2024045,CLASE TEORICA,(15) 2024045-15 Taller de proyectos interdisciplinarios,Oscar Andres Eraso Eraso,0,61
local-20260823T211241,2026-08-23T21:17:10-05:00,2024045,CLASE TEORICA,(16) 2024045-16 Taller de proyectos interdisciplinarios,Luis Ignacio Rodriguez Varela,0,61
local-20260823T211241,2026-08-23T21:17:10-05:00,2024045,CLASE TEORICA,(17) 2024045-17 Taller de proyectos interdisciplinarios,JOHANA CATALINA MANOSALVA BARRERA,0,61
local-20260823T211241,2026-08-23T21:17:10-05:00,2024045,CLASE TEORICA,(18) 2024045-18 Taller de proyectos interdisciplinarios,Fernando Bernal Martinez,0,61
local-20260823T211241,2026-08-23T21:17:10-05:00,2024045,CLASE TEORICA,(19) 2024045-19 Taller de proyectos interdisciplinarios,FRANCISCO JAVIER VÁSQUEZ VÁSQUEZ,0,61
local-20260823T211241,2026-08-23T21:17:10-05:00,2024045,CLASE TEORICA,(2) 2024045-2 Taller de proyectos interdisciplinarios,Fernando Bernal Martinez,0,61
local-20260823T211241,2026-08-23T21:17:10-05:00,2024045,CLASE TEORICA,(21) 2024045-21 Taller de proyectos interdisciplinarios,No informado,0,61
local-20260823T211241,2026-08-23T21:17:10-05:00,2024045,CLASE TEORICA,(22) 2024045-22 Taller de proyectos interdisciplinarios,Ubaldo Garcia Zaragoza,0,61
local-20260823T211241,2026-08-23T21:17:10-05:00,2024045,CLASE TEORICA,(23) 2024045-23 Taller de proyectos interdisciplinarios,No informado,0,61
local-20260823T211241,2026-08-23T21:17:10-05:00,2024045,CLASE TEORICA,(24) 2024045-24 Taller de proyectos interdisciplinarios,Hector Julian Garcia Otalora,200,61
local-20260823T211241,2026-08-23T21:17:10-05:00,2024045,CLASE TEORICA,(3) 2024045-3 Taller de proyectos interdisciplinarios,Guillermo Alberto Rocha Casas,0,61
local-20260823T211241,2026-08-23T21:17:10-05:00,2024045,CLASE TEORICA,(4) 2024045-4 Taller de proyectos interdisciplinarios,Francy Nayely Prieto Novoa,0,61
local-20260823T211241,2026-08-23T21:17:10-05:00,2024045,CLASE TEORICA,(40) 2024045-40 TPI-- NO BORRAR-- BLOQ ESPACIOS,No informado,0,61
local-20260823T211241,2026-08-23T21:17:10-05:00,2024045,CLASE TEORICA,(5) 2024045-5 Taller de proyectos interdisciplinarios,Nubia Carmenza Moreno Sarmiento,0,61
local-20260823T211241,2026-08-23T21:17:10-05:00,2024045,CLASE TEORICA,(6) 2024045-6 Taller de proyectos interdisciplinarios,JOHANA CATALINA MANOSALVA BARRERA,0,61
local-20260823T211241,2026-08-23T21:17:10-05:00,2024045,CLASE TEORICA,(7) 2024045-7 Taller de proyectos interdisciplinarios,Ubaldo Garcia Zaragoza,0,61
local-20260823T211241,2026-08-23T21:17:10-05:00,2024045,CLASE TEORICA,(8) 2024045-8 Taller de proyectos interdisciplinarios,JHON FREDDY LOPEZ MEDINA,0,61
local-20260823T211241,2026-08-23T21:17:10-05:00,2024045,CLASE TEORICA,(9) 2024045-9 Taller de proyectos interdisciplinarios,Manuel Alejandro Mayorga Betancourt,0,61
local-20260823T210552,2026-08-23T21:17:12-05:00,2026065,CLASE TEORICA,(1) Grupo 1,Laura Vivian Gutierrez Perez,0,218
local-20260823T210552,2026-08-23T21:17:12-05:00,2026065,CLASE TEORICA,(2) Grupo 2,Daniela Viola,0,218
local-20260823T211241,2026-08-23T21:17:12-05:00,2015296,NA,(1) Grupo 1,Leonardo David Donado Garzon,5,62
local-20260823T211241,2026-08-23T21:17:12-05:00,2015296,NA,(10) Grupo 10,Juan Manuel Lizarazo Marriaga,5,62
local-20260823T211241,2026-08-23T21:17:12-05:00,2015296,NA,(11) Grupo 11,Octavio Coronado Garcia,5,62
local-20260823T211241,2026-08-23T21:17:12-05:00,2015296,NA,(12) Grupo 12,Carol Andrea Murillo Feo,5,62
local-20260823T211241,2026-08-23T21:17:12-05:00,2015296,NA,(13) Grupo 13,CAMILO RIOS FRESNEDA,5,62
local-20260823T211241,2026-08-23T21:17:12-05:00,2015296,NA,(14) Grupo 14,William Castro Garcia,5,62
local-20260823T211241,2026-08-23T21:17:12-05:00,2015296,NA,(15) Grupo 15,Luis Alejandro Morales Marin,5,62
local-20260823T211241,2026-08-23T21:17:12-05:00,2015296,NA,(16) Grupo 16,Ferney Betancourt Cardozo,5,62
local-20260823T211241,2026-08-23T21:17:12-05:00,2015296,NA,(17) Grupo 17,Maria Alejandra Caicedo Londoño,5,62
local-20260823T211241,2026-08-23T21:17:12-05:00,2015296,NA,(18) Grupo 18,Guillermo Eduardo Avila Alvarez,5,62
local-20260823T211241,2026-08-23T21:17:12-05:00,2015296,NA,(19) Grupo 19,Carlos Alfonso Gomez Guacaneme,0,62
local-20260823T211241,2026-08-23T21:17:12-05:00,2015296,NA,(2) Grupo 2,Carlos Orlando Robles Roa,5,62
local-20260823T211241,2026-08-23T21:17:12-05:00,2015296,NA,(3) Grupo 3,Angela Barrera Puerto,5,62
local-20260823T211241,2026-08-23T21:17:12-05:00,2015296,NA,(4) Grupo 4,Mauricio Alberto Tapias Camacho,5,62
local-20260823T211241,2026-08-23T21:17:12-05:00,2015296,NA,(5) Grupo 5,Maritzabel Molina Herrera,5,62
local-20260823T211241,2026-08-23T21:17:12-05:00,2015296,NA,(6) Grupo 6,Rodolfo Rodriguez Baracaldo,5,62
local-20260823T211241,2026-08-23T21:17:12-05:00,2015296,NA,(7) Grupo 7,SANTIAGO RAMIREZ ECHEVERRI,5,62
local-20260823T211241,2026-08-23T21:17:12-05:00,2015296,NA,(8) Grupo 8,Jose Ricardo Martinez Vargas,5,62
local-20260823T211241,2026-08-23T21:17:12-05:00,2015296,NA,(9) Grupo 9,GABRIELA ARRIETA LOYO,5,62
local-20260823T211241,2026-08-23T21:17:14-05:00,2015299,CLASE TEORICA,(1) Grupo 1,GABRIELA ARRIETA LOYO,51,63
local-20260823T210552,2026-08-23T21:17:15-05:00,2027119,NA,(1) Grupo 1,JACINEIDE DA CRUZ CONCEIÇÃO,0,219
local-20260823T210552,2026-08-23T21:17:15-05:00,2027119,NA,(2) Grupo 2,JANIO VASCONCELOS PEREIRA,0,219
local-20260823T210552,2026-08-23T21:17:25-05:00,2029561,CLASE TEORICA,(1) Grupo 1 - Odontología,Dairo Javier Marin Zuluaga,0,220
local-20260823T210552,2026-08-23T21:17:25-05:00,2029561,CLASE TEORICA,(10) Grupo 10 - Ingeniería Química,Cesar Augusto Sanchez Correa,0,220
local-20260823T210552,2026-08-23T21:17:25-05:00,2029561,CLASE TEORICA,(11) Grupo 11 - Ingeniería Química,Oscar Yesid Suarez Palacios,0,220
local-20260823T210552,2026-08-23T21:17:25-05:00,2029561,CLASE TEORICA,(12) Grupo 12 - Ingeniería Química,Gustavo Adolfo Orozco Alvarado,0,220
local-20260823T210552,2026-08-23T21:17:25-05:00,2029561,CLASE TEORICA,(2) Grupo 2 - Odontología,Hania Gicella Camargo Huertas,0,220
local-20260823T210552,2026-08-23T21:17:25-05:00,2029561,CLASE TEORICA,(3) Grupo 3 - Odontología,Hania Gicella Camargo Huertas,0,220
local-20260823T210552,2026-08-23T21:17:25-05:00,2029561,CLASE TEORICA,(4) Grupo 4 - Odontología,Claudia Milena Rincon Bermudez,0,220
local-20260823T210552,2026-08-23T21:17:25-05:00,2029561,CLASE TEORICA,(6) Grupo 6 - Odontología,Diego Sabogal Rojas,0,220
local-20260823T210552,2026-08-23T21:17:25-05:00,2029561,CLASE TEORICA,(7) Grupo 7 - Odontología,Sandra Lucia Patiño Niño,0,220
local-20260823T210552,2026-08-23T21:17:25-05:00,2029561,CLASE TEORICA,(8) Grupo 8 - Ingenieria Química,Alvaro Orjuela Londono,0,220
local-20260823T210552,2026-08-23T21:17:25-05:00,2029561,CLASE TEORICA,(9) Grupo 9 - Ingeniería Química,Nestor Yezid Rojas Roa,0,220
local-20260823T210552,2026-08-23T21:17:27-05:00,2029562,CLASE TEORICA,(2) Grupo 2 - Ingeniería Química,Leonardo David Donado Garzon,1,221
local-20260823T210552,2026-08-23T21:17:34-05:00,2022240,CLASE TEORICA,(1) Grupo 1,NELLY ESTHER CALIZ ROMERO,15,224
local-20260823T210552,2026-08-23T21:17:36-05:00,2024008,CLASE TEORICA,"(1) GRUPO 1 (Psicoanálisis, Sujeto y problemáticas - 2024008)",Jairo Enrique Gallo Acosta,55,225
local-20260823T210552,2026-08-23T21:17:39-05:00,2021483,CLASE TEORICA,(1) Grupo 1 (2021483),Beatriz Eugenia Ramos Gonzalez,53,226
local-20260823T210552,2026-08-23T21:17:41-05:00,2021485,CLASE TEORICA,(1) Grupo 1 - (Psioanálisis y psicoterapias - 2021485),Carmen Lucia Diaz Leguizamon,54,227
local-20260823T210552,2026-08-23T21:17:44-05:00,2029382,CLASE TEORICA,(1) GRUPO 1,Maria Teresa Pinto Ocampo,17,228
local-20260823T210552,2026-08-23T21:17:46-05:00,2025691,CLASE TEORICA,(1) Grupo 1 - Clase presencial,Oscar Andres Lizarazo Cortes,50,229
local-20260823T210552,2026-08-23T21:17:58-05:00,2029856,CLASE TEORICA,(1) Grupo 1 - Clase Presencial,Sara Eloisa Del Castillo Matamoros,64,231
local-20260823T210552,2026-08-23T21:18:05-05:00,2029778,NA,(1) Grupo 1,Juan Sebastian Paramo Rueda,25,234
local-20260823T210552,2026-08-23T21:18:10-05:00,2029281,CLASE TEORICA,(1) Grupo 1,Edgar Eduardo Romero Castro,19,236
local-20260823T210552,2026-08-23T21:18:12-05:00,2026834,NA,(1) Grupo 1 - Clase presencial,Moises Ildefonso Cetre Castillo,40,237
local-20260823T210552,2026-08-23T21:18:14-05:00,2028300,CLASE TEORICA,(1) Grupo 1 - Clase presencial,Moises Ildefonso Cetre Castillo,39,238
local-20260823T210552,2026-08-23T21:18:16-05:00,2024124,CLASE TEORICA,(1) Grupo 1 - Clase presencial,Juan Diego Antonio Pablo Caicedo Gonzalez,149,239
local-20260823T210552,2026-08-23T21:18:30-05:00,2018842,CLASE TEORICO PRACTICA,(6) Grupo 6 - Juan Manuel Carvajalino,Juan Manuel Carvajalino Fernandez,0,243
