run_id,ts_lectura,codigo,actividad,grupo,profesores_raw,cupos_disponibles,orden_lectura
gh-31297624895,2026-08-09T00:53:09-05:00,2015938,CLASE TEORICA,(1) Grupo 1,Maria Alejandra Caicedo Londoño,25,0
gh-31297624895,2026-08-09T00:53:09-05:00,2015938,CLASE TEORICA,(2) Grupo 2,Maria Alejandra Caicedo Londoño,25,0
gh-31297624895,2026-08-09T00:53:09-05:00,2015938,CLASE TEORICA,(3) Grupo 3,JOSE LUIS DIAZ AREVALO,25,0
gh-31297624895,2026-08-09T00:53:09-05:00,2015938,CLASE TEORICA,(4) Grupo 4,JOSE LUIS DIAZ AREVALO,24,0
gh-31297624895,2026-08-09T00:53:11-05:00,2015939,CLASE TEORICA,(1) Grupo 1,ALVARO MARTIN GUTIERREZ MALAXECHEBARRIA,25,1
gh-31297624895,2026-08-09T00:53:11-05:00,2015939,CLASE TEORICA,(2) Grupo 2,ALVARO MARTIN GUTIERREZ MALAXECHEBARRIA,25,1
gh-31297624895,2026-08-09T00:53:11-05:00,2015939,CLASE TEORICA,(3) Grupo 3,Edder Alexander Velandia Duran,25,1
gh-31297624895,2026-08-09T00:53:11-05:00,2015939,CLASE TEORICA,(4) Grupo 4,No informado,25,1
gh-31297624895,2026-08-09T00:53:12-05:00,1000003-B,NA,(1) Grupo 1,Erika Lorena Rosero Alzate; Oscar Andrés Rojas Sepúlveda,0,-1
gh-31297624895,2026-08-09T00:53:12-05:00,1000003-B,NA,(10) Grupo 10,Epifanio Lozano Ayala,14,-1
gh-31297624895,2026-08-09T00:53:12-05:00,1000003-B,NA,(11) Grupo 11,No informado,60,-1
gh-31297624895,2026-08-09T00:53:12-05:00,1000003-B,NA,(12) Grupo 12,No informado,40,-1
gh-31297624895,2026-08-09T00:53:12-05:00,1000003-B,NA,(13) Grupo 13,Mohammed EL AIDI,40,-1
gh-31297624895,2026-08-09T00:53:12-05:00,1000003-B,NA,(15) Grupo 15,Myriam Leonor Campos Florez,60,-1
gh-31297624895,2026-08-09T00:53:12-05:00,1000003-B,NA,(16) Grupo 16,No informado,60,-1
gh-31297624895,2026-08-09T00:53:12-05:00,1000003-B,NA,(17) Grupo 17,Martha Cecilia Moreno Penagos,40,-1
gh-31297624895,2026-08-09T00:53:12-05:00,1000003-B,NA,(18) Grupo 18,John Alexander Cruz Morales,52,-1
gh-31297624895,2026-08-09T00:53:12-05:00,1000003-B,NA,(20) Grupo 20,Natalia Camila Pinzon Cortes,60,-1
gh-31297624895,2026-08-09T00:53:12-05:00,1000003-B,NA,(21) Grupo 21,Ivon Andrea Dorado Correa,52,-1
gh-31297624895,2026-08-09T00:53:12-05:00,1000003-B,NA,(22) Grupo 22,No informado,46,-1
gh-31297624895,2026-08-09T00:53:12-05:00,1000003-B,NA,(3) Grupo 3,No informado,60,-1
gh-31297624895,2026-08-09T00:53:12-05:00,1000003-B,NA,(4) Grupo 4,Luis Alejandro Barbosa Torres,112,-1
gh-31297624895,2026-08-09T00:53:12-05:00,1000003-B,NA,(5) Grupo 5,Jaime David Mora Paz,60,-1
gh-31297624895,2026-08-09T00:53:12-05:00,1000003-B,NA,(7) Grupo 7,Myriam Leonor Campos Florez,40,-1
gh-31297624895,2026-08-09T00:53:12-05:00,1000003-B,NA,(8) Grupo 8,No informado,10,-1
gh-31297624895,2026-08-09T00:53:13-05:00,2015940,CLASE TEORICA,(1) Grupo 1,Maritzabel Molina Herrera,24,3
gh-31297624895,2026-08-09T00:53:13-05:00,2015940,CLASE TEORICA,(2) Grupo 2,Gabriel Andres Bernal Granados,24,3
gh-31297624895,2026-08-09T00:53:13-05:00,2015940,CLASE TEORICA,(3) Grupo 3,No informado,24,3
gh-31297624895,2026-08-09T00:53:15-05:00,2015941,CLASE TEORICA,(1) Grupo 1,Patricia Luna Tamayo,30,4
gh-31297624895,2026-08-09T00:53:15-05:00,2015941,CLASE TEORICA,(2) Grupo 2,No informado,30,4
gh-31297624895,2026-08-09T00:53:15-05:00,2015941,CLASE TEORICA,(3) Grupo 3,Carlos Ramiro Vallecilla Bahena,30,4
gh-31297624895,2026-08-09T00:53:15-05:00,2015941,CLASE TEORICA,(4) Grupo 4,No informado,30,4
gh-31297624895,2026-08-09T00:53:16-05:00,1000004-B,NA,(10) Grupo 10,No informado,53,5
gh-31297624895,2026-08-09T00:53:16-05:00,1000004-B,NA,(11) Grupo 11,No informado,24,5
gh-31297624895,2026-08-09T00:53:16-05:00,1000004-B,NA,(12) Grupo 12,No informado,24,5
gh-31297624895,2026-08-09T00:53:16-05:00,1000004-B,NA,(13) Grupo 13,No informado,16,5
gh-31297624895,2026-08-09T00:53:16-05:00,1000004-B,NA,(14) Grupo 14,No informado,90,5
gh-31297624895,2026-08-09T00:53:16-05:00,1000004-B,NA,(16) Grupo 16,No informado,27,5
gh-31297624895,2026-08-09T00:53:16-05:00,1000004-B,NA,(17) Grupo 17,Hernan Garzon Gutierrez,39,5
gh-31297624895,2026-08-09T00:53:16-05:00,1000004-B,NA,(19) Grupo 19,No informado,59,5
gh-31297624895,2026-08-09T00:53:16-05:00,1000004-B,NA,(2) Grupo 2,No informado,24,5
gh-31297624895,2026-08-09T00:53:16-05:00,1000004-B,NA,(20) Grupo 20,Hernan Garzon Gutierrez,10,5
gh-31297624895,2026-08-09T00:53:16-05:00,1000004-B,NA,(21) Grupo 21,No informado,60,5
gh-31297624895,2026-08-09T00:53:16-05:00,1000004-B,NA,(22) Grupo 22,No informado,60,5
gh-31297624895,2026-08-09T00:53:16-05:00,1000004-B,NA,(24) Grupo 24,Ricardo Ariel Pastran Ramirez,60,5
gh-31297624895,2026-08-09T00:53:16-05:00,1000004-B,NA,(25) Grupo 25,No informado,40,5
gh-31297624895,2026-08-09T00:53:16-05:00,1000004-B,NA,(27) Grupo 27,No informado,51,5
gh-31297624895,2026-08-09T00:53:16-05:00,1000004-B,NA,(28) Grupo 28,No informado,60,5
gh-31297624895,2026-08-09T00:53:16-05:00,1000004-B,NA,(29) Grupo 29,No informado,60,5
gh-31297624895,2026-08-09T00:53:16-05:00,1000004-B,NA,(30) Grupo 30,No informado,60,5
gh-31297624895,2026-08-09T00:53:16-05:00,1000004-B,NA,(32) Grupo 32,No informado,90,5
gh-31297624895,2026-08-09T00:53:16-05:00,1000004-B,NA,(4) Grupo 4,Myriam Leonor Campos Florez,37,5
gh-31297624895,2026-08-09T00:53:16-05:00,1000004-B,NA,(5) Grupo 5,Oscar Javier Lopez Alfonso,84,5
gh-31297624895,2026-08-09T00:53:16-05:00,1000004-B,NA,(7) Grupo 7,Anderson Arley Vera Arboleda,64,5
gh-31297624895,2026-08-09T00:53:16-05:00,1000004-B,NA,(8) Grupo 8,No informado,40,5
gh-31297624895,2026-08-09T00:53:16-05:00,1000004-B,NA,(9) Grupo 9,No informado,18,5
gh-31297624895,2026-08-09T00:53:18-05:00,1000006-B,NA,(1) Grupo 1,No informado,40,6
gh-31297624895,2026-08-09T00:53:18-05:00,1000006-B,NA,(10) Grupo 10,No informado,100,6
gh-31297624895,2026-08-09T00:53:18-05:00,1000006-B,NA,(11) Grupo 11,No informado,40,6
gh-31297624895,2026-08-09T00:53:18-05:00,1000006-B,NA,(12) Grupo 12,Leonid Lebedev,60,6
gh-31297624895,2026-08-09T00:53:18-05:00,1000006-B,NA,(13) Grupo 13,Juan Carlos Hernandez Rincon,40,6
gh-31297624895,2026-08-09T00:53:18-05:00,1000006-B,NA,(14) Grupo 14,No informado,60,6
gh-31297624895,2026-08-09T00:53:18-05:00,1000006-B,NA,(15) Grupo 15,No informado,112,6
gh-31297624895,2026-08-09T00:53:18-05:00,1000006-B,NA,(2) Grupo 2,EDIXON MANUEL ROJAS SANTANA,40,6
gh-31297624895,2026-08-09T00:53:18-05:00,1000006-B,NA,(3) Grupo 3,Cesar Augusto Gomez Sierra,40,6
gh-31297624895,2026-08-09T00:53:18-05:00,1000006-B,NA,(4) Grupo 4,Agustin Moreno Canadas,100,6
gh-31297624895,2026-08-09T00:53:18-05:00,1000006-B,NA,(5) Grupo 5,German Eduardo Fonseca Buitrago,40,6
gh-31297624895,2026-08-09T00:53:18-05:00,1000006-B,NA,(7) Grupo 7,No informado,70,6
gh-31297624895,2026-08-09T00:53:18-05:00,1000006-B,NA,(8) Grupo 8,Epifanio Lozano Ayala,60,6
gh-31297624895,2026-08-09T00:53:18-05:00,1000006-B,NA,(9) Grupo 9,Orlando Vanegas Canro,0,6
gh-31297624895,2026-08-09T00:53:19-05:00,1000005-B,NA,(1) Grupo 1,Orlando Vanegas Canro,0,7
gh-31297624895,2026-08-09T00:53:19-05:00,1000005-B,NA,(10) Grupo 10,Epifanio Lozano Ayala,50,7
gh-31297624895,2026-08-09T00:53:19-05:00,1000005-B,NA,(14) Grupo 14,Mohammed EL AIDI,40,7
gh-31297624895,2026-08-09T00:53:19-05:00,1000005-B,NA,(15) Grupo 15,Alina Fedosova,60,7
gh-31297624895,2026-08-09T00:53:19-05:00,1000005-B,NA,(16) Grupo 16,No informado,70,7
gh-31297624895,2026-08-09T00:53:19-05:00,1000005-B,NA,(17) Grupo 17,Hernan Garzon Gutierrez,40,7
gh-31297624895,2026-08-09T00:53:19-05:00,1000005-B,NA,(2) Grupo 2,RENE ERLIN CASTILLO,60,7
gh-31297624895,2026-08-09T00:53:19-05:00,1000005-B,NA,(20) Grupo 20,Franqui Solis Cardenas Poloche,40,7
gh-31297624895,2026-08-09T00:53:19-05:00,1000005-B,NA,(22) Grupo 22,No informado,60,7
gh-31297624895,2026-08-09T00:53:19-05:00,1000005-B,NA,(3) Grupo 3,Eduardo Cardenas Gomez,70,7
gh-31297624895,2026-08-09T00:53:19-05:00,1000005-B,NA,(4) Grupo 4,Edward Samuel Becerra Rojas,60,7
gh-31297624895,2026-08-09T00:53:19-05:00,1000005-B,NA,(6) Grupo 6,No informado,60,7
gh-31297624895,2026-08-09T00:53:19-05:00,1000005-B,NA,(7) Grupo 7,Franqui Solis Cardenas Poloche,100,7
gh-31297624895,2026-08-09T00:53:19-05:00,1000005-B,NA,(8) Grupo 8,No informado,40,7
gh-31297624895,2026-08-09T00:53:19-05:00,1000005-B,NA,(9) Grupo 9,No informado,10,7
gh-31297624895,2026-08-09T00:53:21-05:00,2015943,CLASE TEORICA,(1) Grupo 1,Carlos Orlando Robles Roa,15,9
gh-31297624895,2026-08-09T00:53:22-05:00,2015944,CLASE TEORICA,(1) Grupo 1,SANTIAGO RAMIREZ ECHEVERRI,15,10
gh-31297624895,2026-08-09T00:53:24-05:00,2015711,NA,(10) 2015711-10 Dibujo básico,Ariel Augusto Amaya Avila,0,11
gh-31297624895,2026-08-09T00:53:24-05:00,2015711,NA,(11) 2015711-11 Dibujo básico,Cesar Augusto Bacca Gonzalez,0,11
gh-31297624895,2026-08-09T00:53:24-05:00,2015711,NA,(14) 2015711-14 Dibujo básico,Cristian Felipe Morales Suárez,0,11
gh-31297624895,2026-08-09T00:53:24-05:00,2015711,NA,(16) 2015711-16 Dibujo básico,DAVID FELIPE TORRES ARCE,0,11
gh-31297624895,2026-08-09T00:53:24-05:00,2015711,NA,(4) 2015711-4 Dibujo básico,Cristian Felipe Morales Suárez,9,11
gh-31297624895,2026-08-09T00:53:24-05:00,2015711,NA,(5) 2015711-5 Dibujo básico,Sebastian Achury Ortiz,0,11
gh-31297624895,2026-08-09T00:53:24-05:00,2015711,NA,(7) 2015711-7 Dibujo básico,Cesar Augusto Bacca Gonzalez,20,11
gh-31297624895,2026-08-09T00:53:24-05:00,2015711,NA,(8) 2015711-8 Dibujo básico,Miguel Angel Baquero Cortes,0,11
gh-31297624895,2026-08-09T00:53:24-05:00,2015711,NA,(9) 2015711-9 Dibujo básico,EDWIN CAMILO REINA BELTRAN,0,11
gh-31297624895,2026-08-09T00:53:25-05:00,2015948,CLASE TEORICA,(1) Grupo 1,No informado,30,12
gh-31297624895,2026-08-09T00:53:25-05:00,2015948,CLASE TEORICA,(2) Grupo 2,Mauricio Alberto Tapias Camacho,30,12
gh-31297624895,2026-08-09T00:53:25-05:00,2015948,CLASE TEORICA,(3) Grupo 3,No informado,30,12
gh-31297624895,2026-08-09T00:53:26-05:00,2015950,CLASE TEORICA,(1) Grupo 1,No informado,25,13
gh-31297624895,2026-08-09T00:53:26-05:00,2015950,CLASE TEORICA,(2) Grupo 2,No informado,0,13
gh-31297624895,2026-08-09T00:53:26-05:00,2015950,CLASE TEORICA,(3) Grupo 3,Daniel Ricardo Lozano Monsalve,25,13
gh-31297624895,2026-08-09T00:53:26-05:00,2015950,CLASE TEORICA,(4) Grupo 4,No informado,25,13
gh-31297624895,2026-08-09T00:53:26-05:00,2015950,CLASE TEORICA,(5) Grupo 5,No informado,25,13
gh-31297624895,2026-08-09T00:53:27-05:00,2015949,CLASE TEORICA,(1) Grupo 1,Mario Javier Cardozo Chaux,30,14
gh-31297624895,2026-08-09T00:53:27-05:00,2015949,CLASE TEORICA,(2) Grupo 2,Wilson Ernesto Vargas Vargas,30,14
gh-31297624895,2026-08-09T00:53:27-05:00,2015949,CLASE TEORICA,(3) Grupo 3,No informado,30,14
gh-31297624895,2026-08-09T00:53:29-05:00,1000007-B,NA,(1) Grupo 1,German Eduardo Fonseca Buitrago,60,15
gh-31297624895,2026-08-09T00:53:29-05:00,1000007-B,NA,(11) Grupo 11,Leonid Lebedev,60,15
gh-31297624895,2026-08-09T00:53:29-05:00,1000007-B,NA,(12) Grupo 12,No informado,60,15
gh-31297624895,2026-08-09T00:53:29-05:00,1000007-B,NA,(13) Grupo 13,Omar Duque Gomez,40,15
gh-31297624895,2026-08-09T00:53:29-05:00,1000007-B,NA,(14) Grupo 14,No informado,100,15
gh-31297624895,2026-08-09T00:53:29-05:00,1000007-B,NA,(3) Grupo 3,Serafin Bautista Diaz,40,15
gh-31297624895,2026-08-09T00:53:29-05:00,1000007-B,NA,(4) Grupo 4,EDIXON MANUEL ROJAS SANTANA,60,15
gh-31297624895,2026-08-09T00:53:29-05:00,1000007-B,NA,(6) Grupo 6,Alexander Caviedes Castro,50,15
gh-31297624895,2026-08-09T00:53:29-05:00,1000007-B,NA,(7) Grupo 7,Oscar Guillermo Riaño Castañeda,40,15
gh-31297624895,2026-08-09T00:53:29-05:00,1000007-B,NA,(9) Grupo 9,Orlando Vanegas Canro,0,15
gh-31297624895,2026-08-09T00:53:30-05:00,2026134,CLASE TEORICA,(1) Grupo 1,No informado,0,16
gh-31297624895,2026-08-09T00:53:30-05:00,2026134,CLASE TEORICA,(2) Grupo 2,Juan Manuel Lizarazo Marriaga,30,16
gh-31297624895,2026-08-09T00:53:30-05:00,2026134,CLASE TEORICA,(3) Grupo 3,Maritzabel Molina Herrera,30,16
gh-31297624895,2026-08-09T00:53:30-05:00,2026134,CLASE TEORICA,(4) Grupo 4,Carlos Ramiro Vallecilla Bahena,30,16
gh-31297624895,2026-08-09T00:53:30-05:00,2026134,CLASE TEORICA,(5) Grupo 5,Fernando Lozano Osorno,30,16
gh-31297624895,2026-08-09T00:53:30-05:00,2026134,CLASE TEORICA,(6) Grupo 6,No informado,30,16
gh-31297624895,2026-08-09T00:53:31-05:00,2015954,CLASE TEORICA,(1) Grupo 1,Erasmo Alfredo Rodriguez Sandoval,30,17
gh-31297624895,2026-08-09T00:53:31-05:00,2015954,CLASE TEORICA,(2) Grupo 2,Mario Enrique Moreno Castiblanco,30,17
gh-31297624895,2026-08-09T00:53:31-05:00,2015954,CLASE TEORICA,(3) Grupo 3,Luis Alejandro Morales Marin,30,17
gh-31297624895,2026-08-09T00:53:33-05:00,2015955,CLASE TEORICA,(1) Grupo 1,Giovanni Andres Cortes Tovar,30,18
gh-31297624895,2026-08-09T00:53:33-05:00,2015955,CLASE TEORICA,(2) Grupo 2,Angela Barrera Puerto,30,18
gh-31297624895,2026-08-09T00:53:33-05:00,2015955,CLASE TEORICA,(3) Grupo 3,Giovanni Andres Cortes Tovar,30,18
gh-31297624895,2026-08-09T00:53:34-05:00,1000011-B,CLASE TEORICA,(1) Grupo 1,Ernesto Javier Puertas Dellepianes,118,19
gh-31297624895,2026-08-09T00:53:34-05:00,1000011-B,CLASE TEORICA,(3) Grupo 3,Néstor Fernando Perez Buitrago,12,19
gh-31297624895,2026-08-09T00:53:37-05:00,1000019-B,CLASE LABORATORIO,(1) Grupo 1,Gustavo Martinez Tamayo,35,20
gh-31297624895,2026-08-09T00:53:37-05:00,1000019-B,CLASE TALLER,(1) Grupo 1,FABIAN FELIPE QUEVEDO FARIETA,35,20
gh-31297624895,2026-08-09T00:53:37-05:00,1000019-B,CLASE MAGISTRAL,(1) Grupo 1,Gustavo Martinez Tamayo,35,20
gh-31297624895,2026-08-09T00:53:37-05:00,1000019-B,CLASE LABORATORIO,(10) Grupo 10,LUIS AGULLES PEDROS,35,20
gh-31297624895,2026-08-09T00:53:37-05:00,1000019-B,CLASE TALLER,(10) Grupo 10,Jhon Morales Aponte,35,20
gh-31297624895,2026-08-09T00:53:37-05:00,1000019-B,CLASE MAGISTRAL,(10) Grupo 10,Ovidio Amado Almanza Montero,35,20
gh-31297624895,2026-08-09T00:53:37-05:00,1000019-B,CLASE LABORATORIO,(11) Grupo 11,EVER DAVID ALCALA CAJAR,35,20
gh-31297624895,2026-08-09T00:53:37-05:00,1000019-B,CLASE TALLER,(11) Grupo 11,JULIAN MATEO DE MENDOZA GUTIERREZ,35,20
gh-31297624895,2026-08-09T00:53:37-05:00,1000019-B,CLASE MAGISTRAL,(11) Grupo 11,Ovidio Amado Almanza Montero,35,20
gh-31297624895,2026-08-09T00:53:37-05:00,1000019-B,CLASE LABORATORIO,(12) Grupo 12,FABIAN FELIPE QUEVEDO FARIETA,35,20
gh-31297624895,2026-08-09T00:53:37-05:00,1000019-B,CLASE TALLER,(12) Grupo 12,EVER DAVID ALCALA CAJAR,35,20
gh-31297624895,2026-08-09T00:53:37-05:00,1000019-B,CLASE MAGISTRAL,(12) Grupo 12,Ovidio Amado Almanza Montero,35,20
gh-31297624895,2026-08-09T00:53:37-05:00,1000019-B,CLASE LABORATORIO,(13) Grupo 13,Alvaro Marino Camargo,35,20
gh-31297624895,2026-08-09T00:53:37-05:00,1000019-B,CLASE TALLER,(13) Grupo 13,MIGUEL ENRIQUE GÁMEZ LÓPEZ,35,20
gh-31297624895,2026-08-09T00:53:37-05:00,1000019-B,CLASE MAGISTRAL,(13) Grupo 13,Alvaro Marino Camargo,35,20
gh-31297624895,2026-08-09T00:53:37-05:00,1000019-B,CLASE LABORATORIO,(14) Grupo 14,Alvaro Marino Camargo,35,20
gh-31297624895,2026-08-09T00:53:37-05:00,1000019-B,CLASE TALLER,(14) Grupo 14,No informado,35,20
gh-31297624895,2026-08-09T00:53:37-05:00,1000019-B,CLASE MAGISTRAL,(14) Grupo 14,Alvaro Marino Camargo,35,20
gh-31297624895,2026-08-09T00:53:37-05:00,1000019-B,CLASE LABORATORIO,(15) Grupo 15,JULIAN MATEO DE MENDOZA GUTIERREZ,32,20
gh-31297624895,2026-08-09T00:53:37-05:00,1000019-B,CLASE TALLER,(15) Grupo 15,EVER DAVID ALCALA CAJAR,32,20
gh-31297624895,2026-08-09T00:53:37-05:00,1000019-B,CLASE MAGISTRAL,(15) Grupo 15,Alvaro Marino Camargo,32,20
gh-31297624895,2026-08-09T00:53:37-05:00,1000019-B,CLASE MAGISTRAL,(16) Gruop 16,Erika Lorena Rosero Alzate; Daniel Camilo Padilla González,8,20
gh-31297624895,2026-08-09T00:53:37-05:00,1000019-B,CLASE LABORATORIO,(16) Grupo 16,Alvaro Marino Camargo,35,20
gh-31297624895,2026-08-09T00:53:37-05:00,1000019-B,CLASE TALLER,(16) Grupo 16,Edna Carolina Pinilla Beltran,35,20
gh-31297624895,2026-08-09T00:53:37-05:00,1000019-B,CLASE LABORATORIO,(17) Grupo 17,JULIAN MATEO DE MENDOZA GUTIERREZ,34,20
gh-31297624895,2026-08-09T00:53:37-05:00,1000019-B,CLASE TALLER,(17) Grupo 17,Jereson Silva Valencia,34,20
gh-31297624895,2026-08-09T00:53:37-05:00,1000019-B,CLASE MAGISTRAL,(17) Grupo 17,Jereson Silva Valencia,34,20
gh-31297624895,2026-08-09T00:53:37-05:00,1000019-B,CLASE LABORATORIO,(18) Grupo 18,Jaime Villalobos Velasco,34,20
gh-31297624895,2026-08-09T00:53:37-05:00,1000019-B,CLASE TALLER,(18) Grupo 18,Jereson Silva Valencia,34,20
gh-31297624895,2026-08-09T00:53:37-05:00,1000019-B,CLASE MAGISTRAL,(18) Grupo 18,Jereson Silva Valencia,34,20
gh-31297624895,2026-08-09T00:53:37-05:00,1000019-B,CLASE LABORATORIO,(19) Grupo 19,JULY PAOLA GARZÓN LOPEZ,32,20
gh-31297624895,2026-08-09T00:53:37-05:00,1000019-B,CLASE TALLER,(19) Grupo 19,Jereson Silva Valencia,32,20
gh-31297624895,2026-08-09T00:53:37-05:00,1000019-B,CLASE MAGISTRAL,(19) Grupo 19,Jereson Silva Valencia,32,20
gh-31297624895,2026-08-09T00:53:37-05:00,1000019-B,CLASE LABORATORIO,(2) Grupo 2,Gustavo Martinez Tamayo,35,20
gh-31297624895,2026-08-09T00:53:37-05:00,1000019-B,CLASE TALLER,(2) Grupo 2,Gustavo Martinez Tamayo,35,20
gh-31297624895,2026-08-09T00:53:37-05:00,1000019-B,CLASE MAGISTRAL,(2) Grupo 2,Gustavo Martinez Tamayo,35,20
gh-31297624895,2026-08-09T00:53:37-05:00,1000019-B,CLASE LABORATORIO,(20) Grupo 20,JOSE ALFREDO GOMEZ MATEUS,35,20
gh-31297624895,2026-08-09T00:53:37-05:00,1000019-B,CLASE TALLER,(20) Grupo 20,Jereson Silva Valencia,35,20
gh-31297624895,2026-08-09T00:53:37-05:00,1000019-B,CLASE MAGISTRAL,(20) Grupo 20,Jereson Silva Valencia,35,20
gh-31297624895,2026-08-09T00:53:37-05:00,1000019-B,CLASE LABORATORIO,(21) Grupo 21,Pedro Hernan Sanchez Machet,35,20
gh-31297624895,2026-08-09T00:53:37-05:00,1000019-B,CLASE TALLER,(21) Grupo 21,JOSE ALFREDO GOMEZ MATEUS,35,20
gh-31297624895,2026-08-09T00:53:37-05:00,1000019-B,CLASE MAGISTRAL,(21) Grupo 21,Diego Alejandro Torres Galindo,35,20
gh-31297624895,2026-08-09T00:53:37-05:00,1000019-B,CLASE LABORATORIO,(22) Grupo 22,Pedro Hernan Sanchez Machet,35,20
gh-31297624895,2026-08-09T00:53:37-05:00,1000019-B,CLASE TALLER,(22) Grupo 22,JULY PAOLA GARZÓN LOPEZ,35,20
gh-31297624895,2026-08-09T00:53:37-05:00,1000019-B,CLASE MAGISTRAL,(22) Grupo 22,Diego Alejandro Torres Galindo,35,20
gh-31297624895,2026-08-09T00:53:37-05:00,1000019-B,CLASE LABORATORIO,(23) Grupo 23,Pedro Hernan Sanchez Machet,35,20
gh-31297624895,2026-08-09T00:53:37-05:00,1000019-B,CLASE TALLER,(23) Grupo 23,Edna Carolina Pinilla Beltran,35,20
gh-31297624895,2026-08-09T00:53:37-05:00,1000019-B,CLASE MAGISTRAL,(23) Grupo 23,Diego Alejandro Torres Galindo,35,20
gh-31297624895,2026-08-09T00:53:37-05:00,1000019-B,CLASE LABORATORIO,(24) Grupo 24,Pedro Hernan Sanchez Machet,35,20
gh-31297624895,2026-08-09T00:53:37-05:00,1000019-B,CLASE TALLER,(24) Grupo 24,Diego Alejandro Torres Galindo,35,20
gh-31297624895,2026-08-09T00:53:37-05:00,1000019-B,CLASE MAGISTRAL,(24) Grupo 24,Diego Alejandro Torres Galindo,35,20
gh-31297624895,2026-08-09T00:53:37-05:00,1000019-B,CLASE LABORATORIO,(25) Grupo 25,Plinio Del Carmen Teheran Sermeno,45,20
gh-31297624895,2026-08-09T00:53:37-05:00,1000019-B,CLASE TALLER,(25) Grupo 25,Plinio Del Carmen Teheran Sermeno,45,20
gh-31297624895,2026-08-09T00:53:37-05:00,1000019-B,CLASE MAGISTRAL,(25) Grupo 25,Plinio Del Carmen Teheran Sermeno,45,20
gh-31297624895,2026-08-09T00:53:37-05:00,1000019-B,CLASE LABORATORIO,(26) Grupo 26 (VIRTUAL),Plinio Del Carmen Teheran Sermeno,50,20
gh-31297624895,2026-08-09T00:53:37-05:00,1000019-B,CLASE TALLER,(26) Grupo 26 (VIRTUAL),Plinio Del Carmen Teheran Sermeno,50,20
gh-31297624895,2026-08-09T00:53:37-05:00,1000019-B,CLASE MAGISTRAL,(26) Grupo 26 (VIRTUAL),Plinio Del Carmen Teheran Sermeno,50,20
gh-31297624895,2026-08-09T00:53:37-05:00,1000019-B,CLASE LABORATORIO,(27) Grupo 27 (VIRTUAL),Plinio Del Carmen Teheran Sermeno,50,20
gh-31297624895,2026-08-09T00:53:37-05:00,1000019-B,CLASE TALLER,(27) Grupo 27 (VIRTUAL),Plinio Del Carmen Teheran Sermeno,50,20
gh-31297624895,2026-08-09T00:53:37-05:00,1000019-B,CLASE MAGISTRAL,(27) Grupo 27 (VIRTUAL),Plinio Del Carmen Teheran Sermeno,50,20
gh-31297624895,2026-08-09T00:53:37-05:00,1000019-B,CLASE LABORATORIO,(28) Grupo 28 (VIRTUAL),Plinio Del Carmen Teheran Sermeno,50,20
gh-31297624895,2026-08-09T00:53:37-05:00,1000019-B,CLASE TALLER,(28) Grupo 28 (VIRTUAL),Plinio Del Carmen Teheran Sermeno,50,20
gh-31297624895,2026-08-09T00:53:37-05:00,1000019-B,CLASE MAGISTRAL,(28) Grupo 28 (VIRTUAL),Plinio Del Carmen Teheran Sermeno,50,20
gh-31297624895,2026-08-09T00:53:37-05:00,1000019-B,CLASE LABORATORIO,(29) Grupo 29 (VIRTUAL),Plinio Del Carmen Teheran Sermeno,50,20
gh-31297624895,2026-08-09T00:53:37-05:00,1000019-B,CLASE TALLER,(29) Grupo 29 (VIRTUAL),Plinio Del Carmen Teheran Sermeno,50,20
gh-31297624895,2026-08-09T00:53:37-05:00,1000019-B,CLASE MAGISTRAL,(29) Grupo 29 (VIRTUAL),Plinio Del Carmen Teheran Sermeno,50,20
gh-31297624895,2026-08-09T00:53:37-05:00,1000019-B,CLASE LABORATORIO,(3) Grupo 3,Gustavo Martinez Tamayo,35,20
gh-31297624895,2026-08-09T00:53:37-05:00,1000019-B,CLASE TALLER,(3) Grupo 3,Gustavo Martinez Tamayo,35,20
gh-31297624895,2026-08-09T00:53:37-05:00,1000019-B,CLASE MAGISTRAL,(3) Grupo 3,Gustavo Martinez Tamayo,35,20
gh-31297624895,2026-08-09T00:53:37-05:00,1000019-B,CLASE LABORATORIO,(4) Grupo 4,No informado,35,20
gh-31297624895,2026-08-09T00:53:37-05:00,1000019-B,CLASE TALLER,(4) Grupo 4,Jaime Villalobos Velasco,35,20
gh-31297624895,2026-08-09T00:53:37-05:00,1000019-B,CLASE MAGISTRAL,(4) Grupo 4,Gustavo Martinez Tamayo,35,20
gh-31297624895,2026-08-09T00:53:37-05:00,1000019-B,CLASE LABORATORIO,(5) Grupo 5,FABIAN FELIPE QUEVEDO FARIETA,35,20
gh-31297624895,2026-08-09T00:53:37-05:00,1000019-B,CLASE TALLER,(5) Grupo 5,Jaime Villalobos Velasco,35,20
gh-31297624895,2026-08-09T00:53:37-05:00,1000019-B,CLASE MAGISTRAL,(5) Grupo 5,Ramiro Cardona Cardona,35,20
gh-31297624895,2026-08-09T00:53:37-05:00,1000019-B,CLASE LABORATORIO,(6) Grupo 6,Jaime Villalobos Velasco,35,20
gh-31297624895,2026-08-09T00:53:37-05:00,1000019-B,CLASE TALLER,(6) Grupo 6,Ramiro Cardona Cardona,35,20
gh-31297624895,2026-08-09T00:53:37-05:00,1000019-B,CLASE MAGISTRAL,(6) Grupo 6,Ramiro Cardona Cardona,35,20
gh-31297624895,2026-08-09T00:53:37-05:00,1000019-B,CLASE LABORATORIO,(7) Grupo 7,Jaime Villalobos Velasco,35,20
gh-31297624895,2026-08-09T00:53:37-05:00,1000019-B,CLASE TALLER,(7) Grupo 7,Ramiro Cardona Cardona,35,20
gh-31297624895,2026-08-09T00:53:37-05:00,1000019-B,CLASE MAGISTRAL,(7) Grupo 7,Ramiro Cardona Cardona,35,20
gh-31297624895,2026-08-09T00:53:37-05:00,1000019-B,CLASE LABORATORIO,(8) Grupo 8,Jaime Villalobos Velasco,35,20
gh-31297624895,2026-08-09T00:53:37-05:00,1000019-B,CLASE TALLER,(8) Grupo 8,Edna Carolina Pinilla Beltran,35,20
gh-31297624895,2026-08-09T00:53:37-05:00,1000019-B,CLASE MAGISTRAL,(8) Grupo 8,Ramiro Cardona Cardona,35,20
gh-31297624895,2026-08-09T00:53:37-05:00,1000019-B,CLASE LABORATORIO,(9) Grupo 9,Erika Lorena Rosero Alzate,0,20
gh-31297624895,2026-08-09T00:53:37-05:00,1000019-B,CLASE TALLER,(9) Grupo 9,No informado,10,20
gh-31297624895,2026-08-09T00:53:37-05:00,1000019-B,CLASE MAGISTRAL,(9) Grupo 9,Fredy Angel Jimenez Giraldo,10,20
gh-31297624895,2026-08-09T00:53:38-05:00,2015956,CLASE TEORICA,(1) Grupo 1,Modesto Portilla Gamboa; Fernando Eli Romero Ordoñez,35,21
gh-31297624895,2026-08-09T00:53:38-05:00,2015956,CLASE TEORICA,(2) Grupo 2,Jennifer Angel Amaya,30,21
gh-31297624895,2026-08-09T00:53:38-05:00,2015956,CLASE TEORICA,(3) Grupo 3,Jennifer Angel Amaya,30,21
gh-31297624895,2026-08-09T00:53:38-05:00,2015956,CLASE TEORICA,(4) Grupo 4,Fernando Eli Romero Ordoñez; Modesto Portilla Gamboa,35,21
gh-31297624895,2026-08-09T00:53:39-05:00,2015957,CLASE PRACTICA,(1) Grupo 1,No informado,30,22
gh-31297624895,2026-08-09T00:53:39-05:00,2015957,CLASE PRACTICA,(2) Grupo 2,Samuel Fernando Mesa Giraldo,30,22
gh-31297624895,2026-08-09T00:53:39-05:00,2015957,CLASE PRACTICA,(3) Grupo 3,Rose Marie Aldana Boutin,30,22
gh-31297624895,2026-08-09T00:53:39-05:00,2015957,CLASE PRACTICA,(4) Grupo 4,Rose Marie Aldana Boutin,30,22
gh-31297624895,2026-08-09T00:53:41-05:00,2015958,CLASE PRACTICA,(1) Grupo 1,William Castro Garcia,20,23
gh-31297624895,2026-08-09T00:53:41-05:00,2015958,CLASE TEORICA,(1) Grupo 1,William Castro Garcia,40,23
gh-31297624895,2026-08-09T00:53:41-05:00,2015958,CLASE PRACTICA,(2) Grupo 2,William Castro Garcia,20,23
gh-31297624895,2026-08-09T00:53:41-05:00,2015958,CLASE PRACTICA,(3) Grupo 3,Carlos Alfonso Gomez Guacaneme,30,23
gh-31297624895,2026-08-09T00:53:41-05:00,2015958,CLASE TEORICA,(3) Grupo 3,Carlos Alfonso Gomez Guacaneme,30,23
gh-31297624895,2026-08-09T00:53:41-05:00,2015958,CLASE PRACTICA,(4) Grupo 4,Mario Arturo Rincon Villalba,20,23
gh-31297624895,2026-08-09T00:53:41-05:00,2015958,CLASE TEORICA,(4) Grupo 4,Mario Arturo Rincon Villalba,40,23
gh-31297624895,2026-08-09T00:53:41-05:00,2015958,CLASE PRACTICA,(5) Grupo 5,Mario Arturo Rincon Villalba,20,23
gh-31297624895,2026-08-09T00:53:41-05:00,2015958,CLASE PRACTICA,(6) Grupo 6,Fausto Alejandro Silva España,20,23
gh-31297624895,2026-08-09T00:53:41-05:00,2015958,CLASE TEORICA,(6) Grupo 6,Cesar Andres Cortes Bello,40,23
gh-31297624895,2026-08-09T00:53:41-05:00,2015958,CLASE PRACTICA,(7) Grupo 7,Fausto Alejandro Silva España,20,23
gh-31297624895,2026-08-09T00:53:41-05:00,2015958,CLASE PRACTICA,(8) Grupo 8,Fausto Alejandro Silva España,20,23
gh-31297624895,2026-08-09T00:53:41-05:00,2015958,CLASE TEORICA,(8) Grupo 8,Cesar Andres Cortes Bello,40,23
gh-31297624895,2026-08-09T00:53:41-05:00,2015958,CLASE PRACTICA,(9) Grupo 9,Fausto Alejandro Silva España,20,23
gh-31297624895,2026-08-09T00:53:42-05:00,2015959,CLASE TEORICA,(1) Grupo 1,Carlos Eduardo Rodriguez Pineda,30,24
gh-31297624895,2026-08-09T00:53:42-05:00,2015959,CLASE TEORICA,(2) Grupo 2,Guillermo Eduardo Avila Alvarez,30,24
gh-31297624895,2026-08-09T00:53:42-05:00,2015959,CLASE TEORICA,(3) Grupo 3,Livaniel Viveros Rosero,30,24
gh-31297624895,2026-08-09T00:53:42-05:00,2015959,CLASE TEORICA,(4) Grupo 4,No informado,0,24
gh-31297624895,2026-08-09T00:53:44-05:00,2015961,CLASE TEORICA,(1) Grupo 1,Rafael Orland Ortiz Mosquera,24,26
gh-31297624895,2026-08-09T00:53:44-05:00,2015961,CLASE TEORICA,(2) Grupo 2,Adriana Patricia Piña Fulano,24,26
gh-31297624895,2026-08-09T00:53:44-05:00,2015961,CLASE TEORICA,(3) Grupo 3,Gelber Norberto Gutierrez Palacios,24,26
gh-31297624895,2026-08-09T00:53:44-05:00,2015961,CLASE TEORICA,(4) Grupo 4,No informado,24,26
gh-31297624895,2026-08-09T00:53:44-05:00,2015961,CLASE TEORICA,(5) Grupo 5,No informado,24,26
gh-31297624895,2026-08-09T00:53:44-05:00,2015961,CLASE TEORICA,(6) Grupo 6,Leonardo David Donado Garzon,24,26
gh-31297624895,2026-08-09T00:53:45-05:00,2015978,CLASE TEORICA,(1) Grupo 1,No informado,0,27
gh-31297624895,2026-08-09T00:53:45-05:00,2015978,CLASE TEORICA,(2) Grupo 2,Erasmo Alfredo Rodriguez Sandoval,30,27
gh-31297624895,2026-08-09T00:53:45-05:00,2015978,CLASE TEORICA,(3) Grupo 3,No informado,30,27
gh-31297624895,2026-08-09T00:53:45-05:00,2015978,CLASE TEORICA,(4) Grupo 4,No informado,30,27
gh-31297624895,2026-08-09T00:53:45-05:00,2015978,CLASE TEORICA,(5) Grupo 5,No informado,30,27
gh-31297624895,2026-08-09T00:53:47-05:00,2026135,CLASE TEORICA,(1) Grupo 1,NICOLAS ESCALANTE MORA,25,28
gh-31297624895,2026-08-09T00:53:47-05:00,2026135,CLASE TEORICA,(2) Grupo 2,Leonel Vega Mora,25,28
gh-31297624895,2026-08-09T00:53:47-05:00,2026135,CLASE TEORICA,(3) Grupo 3,Leonel Vega Mora,25,28
gh-31297624895,2026-08-09T00:53:48-05:00,2015963,CLASE TEORICA,(1) Grupo 1,No informado,30,29
gh-31297624895,2026-08-09T00:53:48-05:00,2015963,CLASE TEORICA,(2) Grupo 2,No informado,30,29
gh-31297624895,2026-08-09T00:53:48-05:00,2015963,CLASE TEORICA,(3) Grupo 3,William Castro Garcia,30,29
gh-31297624895,2026-08-09T00:53:49-05:00,2026138,CLASE TEORICA,(1) Grupo 1,Ivan Dario Serrano Arrieta,30,30
gh-31297624895,2026-08-09T00:53:49-05:00,2026138,CLASE TEORICA,(2) Grupo 2,Ivan Dario Serrano Arrieta,30,30
gh-31297624895,2026-08-09T00:53:49-05:00,2026138,CLASE TEORICA,(3) Grupo 3,Pedro Luis Jimenez Poveda,30,30
gh-31297624895,2026-08-09T00:53:50-05:00,2015703,NA,(1) Grupo 1,Angela Maria Arboleda Restrepo,40,31
gh-31297624895,2026-08-09T00:53:50-05:00,2015703,NA,(10) Grupo 10,Diego Alejandro Hernandez Castañeda,30,31
gh-31297624895,2026-08-09T00:53:50-05:00,2015703,NA,(11) Grupo 11,Julio Cesar Cañon Rodriguez,30,31
gh-31297624895,2026-08-09T00:53:50-05:00,2015703,NA,(2) Grupo 2,Osman Benjamin Giovanny Vargas Rozo,40,31
gh-31297624895,2026-08-09T00:53:50-05:00,2015703,NA,(3) Grupo 3,Hugo Alberto Herrera Fonseca,40,31
gh-31297624895,2026-08-09T00:53:50-05:00,2015703,NA,(4) Grupo 4,LINA JULIANA BULLA CASAS,30,31
gh-31297624895,2026-08-09T00:53:50-05:00,2015703,NA,(5) Grupo 5 - Virtual,Cesar Augusto Roa Lemus,60,31
gh-31297624895,2026-08-09T00:53:50-05:00,2015703,NA,(6) Grupo 6,JAVIER RICARDO OJEDA SANCHEZ,40,31
gh-31297624895,2026-08-09T00:53:50-05:00,2015703,NA,(7) Grupo 7,JAVIER RICARDO OJEDA SANCHEZ,20,31
gh-31297624895,2026-08-09T00:53:50-05:00,2015703,NA,(8) Grupo 8,Diego Alejandro Hernandez Castañeda,40,31
gh-31297624895,2026-08-09T00:53:50-05:00,2015703,NA,(9) Grupo 9,LINA JULIANA BULLA CASAS,35,31
gh-31297624895,2026-08-09T00:53:52-05:00,1000044-B,CLASE TEORICA,(1) Grupo 1,Beatriz Elena Urrutia Sanchez,26,32
gh-31297624895,2026-08-09T00:53:52-05:00,1000044-B,CLASE TEORICA,(2) Grupo 2,Yaneli Niño Osorio,26,32
gh-31297624895,2026-08-09T00:53:52-05:00,1000044-B,CLASE TEORICA,(3) Grupo 3,Luis Gabriel Peña Ortiz,26,32
gh-31297624895,2026-08-09T00:53:52-05:00,1000044-B,CLASE TEORICA,(4) Grupo 4,Liliana Marcela Guzman Aricapa,26,32
gh-31297624895,2026-08-09T00:53:52-05:00,1000044-B,CLASE TEORICA,(5) Grupo 5,Beatriz Elena Urrutia Sanchez,26,32
gh-31297624895,2026-08-09T00:53:52-05:00,1000044-B,CLASE TEORICA,(6) Grupo 6,Cesar Augusto Romero,26,32
gh-31297624895,2026-08-09T00:53:52-05:00,1000044-B,CLASE TEORICA,(7) Grupo 7,JOSE JONATHAN MAESTRE HERRERA,26,32
gh-31297624895,2026-08-09T00:53:52-05:00,1000044-B,CLASE TEORICA,(8) Grupo 8,Beymar Leonardo Solorzano Alviz,26,32
gh-31297624895,2026-08-09T00:53:52-05:00,1000044-B,CLASE TEORICA,(9) Grupo 9,Claudia Marcela Arevalo Gomez,7,32
gh-31297624895,2026-08-09T00:53:54-05:00,1000045-B,CLASE TEORICA,(1) Grupo 1,Claudia Marcela Arevalo Gomez,10,33
gh-31297624895,2026-08-09T00:53:54-05:00,1000045-B,CLASE TEORICA,(10) Grupo 10,Jesica paola Rendon Alfonso,26,33
gh-31297624895,2026-08-09T00:53:54-05:00,1000045-B,CLASE TEORICA,(11) Grupo 11,JOSE JONATHAN MAESTRE HERRERA,26,33
gh-31297624895,2026-08-09T00:53:54-05:00,1000045-B,CLASE TEORICA,(12) Grupo 12,LINDA JOHANA RUIZ GOMEZ,26,33
gh-31297624895,2026-08-09T00:53:54-05:00,1000045-B,CLASE TEORICA,(13) Grupo 13,Narly Yadira Pardo Cadena,26,33
gh-31297624895,2026-08-09T00:53:54-05:00,1000045-B,CLASE TEORICA,(14) Grupo 14,Angelica Saenz Fonseca,26,33
gh-31297624895,2026-08-09T00:53:54-05:00,1000045-B,CLASE TEORICA,(15) Grupo 15,Narly Yadira Pardo Cadena,26,33
gh-31297624895,2026-08-09T00:53:54-05:00,1000045-B,CLASE TEORICA,(16) Grupo 16,Luis Gabriel Peña Ortiz,26,33
gh-31297624895,2026-08-09T00:53:54-05:00,1000045-B,CLASE TEORICA,(2) Grupo 2,Cesar Augusto Romero,26,33
gh-31297624895,2026-08-09T00:53:54-05:00,1000045-B,CLASE TEORICA,(3) Grupo 3,Jesica paola Rendon Alfonso,26,33
gh-31297624895,2026-08-09T00:53:54-05:00,1000045-B,CLASE TEORICA,(4) Grupo 4,Adriana Marlen Sanchez Riaño,26,33
gh-31297624895,2026-08-09T00:53:54-05:00,1000045-B,CLASE TEORICA,(5) Grupo 5,Cesar Augusto Romero,26,33
gh-31297624895,2026-08-09T00:53:54-05:00,1000045-B,CLASE TEORICA,(6) Grupo 6,Sara Elisa Monsalve Patino,26,33
gh-31297624895,2026-08-09T00:53:54-05:00,1000045-B,CLASE TEORICA,(7) Grupo 7,Luis Gabriel Peña Ortiz,26,33
gh-31297624895,2026-08-09T00:53:54-05:00,1000045-B,CLASE TEORICA,(8) Grupo 8,Johnatan Martinez Hernandez,26,33
gh-31297624895,2026-08-09T00:53:54-05:00,1000045-B,CLASE TEORICA,(9) Grupo 9,Maureen Elizabeth Hooker Oneill,15,33
gh-31297624895,2026-08-09T00:53:56-05:00,1000046-B,CLASE TEORICA,(1) Grupo 1,Johnatan Martinez Hernandez,26,35
gh-31297624895,2026-08-09T00:53:56-05:00,1000046-B,CLASE TEORICA,(10) Grupo 10,Jennly Angelica Gomez Rodriguez,26,35
gh-31297624895,2026-08-09T00:53:56-05:00,1000046-B,CLASE TEORICA,(11) Grupo 11,Angelica Saenz Fonseca,26,35
gh-31297624895,2026-08-09T00:53:56-05:00,1000046-B,CLASE TEORICA,(12) Grupo 12,Liliana Marcela Guzman Aricapa,26,35
gh-31297624895,2026-08-09T00:53:56-05:00,1000046-B,CLASE TEORICA,(13) Grupo 13,ALBA LUCIA RIAÑO RODRIGUEZ,26,35
gh-31297624895,2026-08-09T00:53:56-05:00,1000046-B,CLASE TEORICA,(14) Grupo 14,Angelica Saenz Fonseca,26,35
gh-31297624895,2026-08-09T00:53:56-05:00,1000046-B,CLASE TEORICA,(15) Grupo 15,Luis Gabriel Peña Ortiz,26,35
gh-31297624895,2026-08-09T00:53:56-05:00,1000046-B,CLASE TEORICA,(16) Grupo 16,Olga Lucia Ruiz Convers,26,35
gh-31297624895,2026-08-09T00:53:56-05:00,1000046-B,CLASE TEORICA,(17) Grupo 17,Luis Gabriel Peña Ortiz,26,35
gh-31297624895,2026-08-09T00:53:56-05:00,1000046-B,CLASE TEORICA,(18) Grupo 18,Narly Yadira Pardo Cadena,26,35
gh-31297624895,2026-08-09T00:53:56-05:00,1000046-B,CLASE TEORICA,(2) Grupo 2,Jesica paola Rendon Alfonso,26,35
gh-31297624895,2026-08-09T00:53:56-05:00,1000046-B,CLASE TEORICA,(3) Grupo 3,JESUS DAVID TORRES RODRIGUEZ,26,35
gh-31297624895,2026-08-09T00:53:56-05:00,1000046-B,CLASE TEORICA,(4) Grupo 4,Claudia Patricia Cortes Lora,26,35
gh-31297624895,2026-08-09T00:53:56-05:00,1000046-B,CLASE TEORICA,(5) Grupo 5,Johnatan Martinez Hernandez,26,35
gh-31297624895,2026-08-09T00:53:56-05:00,1000046-B,CLASE TEORICA,(6) Grupo 6,Johnatan Martinez Hernandez,26,35
gh-31297624895,2026-08-09T00:53:56-05:00,1000046-B,CLASE TEORICA,(7) Grupo 7,Jesica paola Rendon Alfonso,26,35
gh-31297624895,2026-08-09T00:53:56-05:00,1000046-B,CLASE TEORICA,(8) Grupo 8,Beatriz Elena Urrutia Sanchez,26,35
gh-31297624895,2026-08-09T00:53:56-05:00,1000046-B,CLASE TEORICA,(9) Grupo 9,Maureen Elizabeth Hooker Oneill,10,35
gh-31297624895,2026-08-09T00:53:59-05:00,1000052-B,CLASE TEORICA,(1) Grupo 1,Liliana Marcela Guzman Aricapa,28,37
gh-31297624895,2026-08-09T00:53:59-05:00,1000052-B,CLASE TEORICA,(2) Grupo 2,JOSE JONATHAN MAESTRE HERRERA,28,37
gh-31297624895,2026-08-09T00:53:59-05:00,1000052-B,CLASE TEORICA,(3) Grupo 3,Aida Elena Monsalve Solorzano,28,37
gh-31297624895,2026-08-09T00:54:00-05:00,1000053-B,CLASE TEORICA,(1) Grupo 1,Jennly Angelica Gomez Rodriguez,28,38
gh-31297624895,2026-08-09T00:54:00-05:00,1000053-B,CLASE TEORICA,(2) Grupo 2,Yaneli Niño Osorio,28,38
gh-31297624895,2026-08-09T00:54:00-05:00,1000053-B,CLASE TEORICA,(3) Grupo 3,Javier Rodriguez Gomez,30,38
gh-31297624895,2026-08-09T00:54:00-05:00,1000053-B,CLASE TEORICA,(4) Grupo 4,Javier Rodriguez Gomez,30,38
gh-31297624895,2026-08-09T00:54:00-05:00,1000053-B,CLASE TEORICA,(5) Grupo 5,LINDA JOHANA RUIZ GOMEZ,28,38
gh-31297624895,2026-08-09T00:54:00-05:00,1000053-B,CLASE TEORICA,(6) Grupo 6,Olga Lucia Ruiz Convers,28,38
gh-31297624895,2026-08-09T00:54:02-05:00,1000047-B,CLASE TEORICA,(1) Grupo 1,Cesar Augusto Romero,26,39
gh-31297624895,2026-08-09T00:54:02-05:00,1000047-B,CLASE TEORICA,(10) Grupo 10,Monica Alexandra Riaño Orjuela,26,39
gh-31297624895,2026-08-09T00:54:02-05:00,1000047-B,CLASE TEORICA,(11) Grupo 11,Jennly Angelica Gomez Rodriguez,26,39
gh-31297624895,2026-08-09T00:54:02-05:00,1000047-B,CLASE TEORICA,(12) Grupo 12,Claudia Patricia Cortes Lora,26,39
gh-31297624895,2026-08-09T00:54:02-05:00,1000047-B,CLASE TEORICA,(13) Grupo 13,Angelica Saenz Fonseca,26,39
gh-31297624895,2026-08-09T00:54:02-05:00,1000047-B,CLASE TEORICA,(14) Grupo 14,LINDA JOHANA RUIZ GOMEZ,26,39
gh-31297624895,2026-08-09T00:54:02-05:00,1000047-B,CLASE TEORICA,(15) Grupo 15,Claudia Patricia Cortes Lora,26,39
gh-31297624895,2026-08-09T00:54:02-05:00,1000047-B,CLASE TEORICA,(16) Grupo 16,Narly Yadira Pardo Cadena,26,39
gh-31297624895,2026-08-09T00:54:02-05:00,1000047-B,CLASE TEORICA,(17) Grupo 17,Angelica Saenz Fonseca,26,39
gh-31297624895,2026-08-09T00:54:02-05:00,1000047-B,CLASE TEORICA,(18) Grupo 18,ALBA LUCIA RIAÑO RODRIGUEZ,26,39
gh-31297624895,2026-08-09T00:54:02-05:00,1000047-B,CLASE TEORICA,(19) Grupo 19,Aida Elena Monsalve Solorzano,26,39
gh-31297624895,2026-08-09T00:54:02-05:00,1000047-B,CLASE TEORICA,(2) Grupo 2,Yaneli Niño Osorio,26,39
gh-31297624895,2026-08-09T00:54:02-05:00,1000047-B,CLASE TEORICA,(20) Grupo 20,ALBA LUCIA RIAÑO RODRIGUEZ,26,39
gh-31297624895,2026-08-09T00:54:02-05:00,1000047-B,CLASE TEORICA,(21) Grupo 21,Edwin Yesid Leon Silva,26,39
gh-31297624895,2026-08-09T00:54:02-05:00,1000047-B,CLASE TEORICA,(22) Grupo 22,LINDA JOHANA RUIZ GOMEZ,26,39
gh-31297624895,2026-08-09T00:54:02-05:00,1000047-B,CLASE TEORICA,(3) Grupo 3,Monica Alexandra Riaño Orjuela,26,39
gh-31297624895,2026-08-09T00:54:02-05:00,1000047-B,CLASE TEORICA,(4) Grupo 4,Claudia Patricia Cortes Lora,26,39
gh-31297624895,2026-08-09T00:54:02-05:00,1000047-B,CLASE TEORICA,(5) Grupo 5,Olga Lucia Ruiz Convers,26,39
gh-31297624895,2026-08-09T00:54:02-05:00,1000047-B,CLASE TEORICA,(6) Grupo 6,Monica Alexandra Riaño Orjuela,26,39
gh-31297624895,2026-08-09T00:54:02-05:00,1000047-B,CLASE TEORICA,(7) Grupo 7,Cesar Augusto Romero,26,39
gh-31297624895,2026-08-09T00:54:02-05:00,1000047-B,CLASE TEORICA,(8) Grupo 8,Beatriz Elena Urrutia Sanchez,26,39
gh-31297624895,2026-08-09T00:54:02-05:00,1000047-B,CLASE TEORICA,(9) Grupo 9,Keshia Hilary Howard Livingston,15,39
gh-31297624895,2026-08-09T00:54:04-05:00,2026186,CLASE TEORICA,(1) Grupo 1,Carol Andrea Murillo Feo,7,41
gh-31297624895,2026-08-09T00:54:04-05:00,2026186,CLASE TEORICA,(2) Grupo 2,Leonel Vega Mora,0,41
gh-31297624895,2026-08-09T00:54:04-05:00,2026186,CLASE TEORICA,(4) Grupo 4,Carlos Orlando Robles Roa,10,41
gh-31297624895,2026-08-09T00:54:06-05:00,1000002-B,CLASE TEORICA,(1) Grupo 1 - Clase Presencial,Ruth Andrea Cortés Suárez,1,42
gh-31297624895,2026-08-09T00:54:06-05:00,1000002-B,CLASE TEORICA,(10) Grupo 10 - Clase presencial,Karen Johanna Castelblanco Villamil,0,42
gh-31297624895,2026-08-09T00:54:06-05:00,1000002-B,CLASE TEORICA,(2) Grupo 2 - Clase Presencial,Ruth Andrea Cortés Suárez,0,42
gh-31297624895,2026-08-09T00:54:06-05:00,1000002-B,CLASE TEORICA,(3) Grupo 3 - Clase Presencial,Adriana Patricia Díaz Cuevas,0,42
gh-31297624895,2026-08-09T00:54:06-05:00,1000002-B,CLASE TEORICA,(4) Grupo 4 - Clase Presencial,Adriana Patricia Díaz Cuevas,0,42
gh-31297624895,2026-08-09T00:54:06-05:00,1000002-B,CLASE TEORICA,(5) Grupo 5 - Clase Presencial,Andres Felipe Escovar Barreto,0,42
gh-31297624895,2026-08-09T00:54:06-05:00,1000002-B,CLASE TEORICA,(6) Grupo 6 - Clase Presencial,Ruth Andrea Cortés Suárez,0,42
gh-31297624895,2026-08-09T00:54:06-05:00,1000002-B,CLASE TEORICA,(7) Grupo 7 - Clase Presencial,Karen Johanna Castelblanco Villamil,0,42
gh-31297624895,2026-08-09T00:54:06-05:00,1000002-B,CLASE TEORICA,(8) Grupo 8 - Clase Presencial,Adriana Patricia Díaz Cuevas,0,42
gh-31297624895,2026-08-09T00:54:06-05:00,1000002-B,CLASE TEORICA,(9) Grupo 9 - Clase Presencial,Carlas Lucia Castilla Lara,10,42
gh-31297624895,2026-08-09T00:54:07-05:00,1000001-B,CLASE TEORICA,(1) Grupo 1,No informado,0,43
gh-31297624895,2026-08-09T00:54:07-05:00,1000001-B,CLASE MAGISTRAL,(1) Grupo 1,Ibeth Marcela Rubio Perilla,0,43
gh-31297624895,2026-08-09T00:54:07-05:00,1000001-B,CLASE MAGISTRAL,(10) Grupo 10,No informado,0,43
gh-31297624895,2026-08-09T00:54:07-05:00,1000001-B,CLASE TEORICA,(19) Grupo 19,No informado,5,43
gh-31297624895,2026-08-09T00:54:07-05:00,1000001-B,CLASE TEORICA,(2) Grupo 2,No informado,10,43
gh-31297624895,2026-08-09T00:54:07-05:00,1000001-B,CLASE MAGISTRAL,(2) Grupo 2,Herbert Alonso Dueñas Ruiz,0,43
gh-31297624895,2026-08-09T00:54:07-05:00,1000001-B,CLASE MAGISTRAL,(3) Grupo 3,Jeanneth Galeano Penaloza,0,43
gh-31297624895,2026-08-09T00:54:07-05:00,1000001-B,CLASE MAGISTRAL,(4) Grupo 4,Gustavo Adolfo Nieto Clavijo,0,43
gh-31297624895,2026-08-09T00:54:07-05:00,1000001-B,CLASE MAGISTRAL,(5) Grupo 5,Natalia Camila Pinzon Cortes,0,43
gh-31297624895,2026-08-09T00:54:07-05:00,1000001-B,CLASE MAGISTRAL,(6) Grupo 6,Martha Cecilia Moreno Penagos,0,43
gh-31297624895,2026-08-09T00:54:07-05:00,1000001-B,CLASE MAGISTRAL,(7) Grupo 7,Claudio Rodriguez Beltran,0,43
gh-31297624895,2026-08-09T00:54:07-05:00,1000001-B,CLASE MAGISTRAL,(8) Grupo 8,Gabriel Ignacio Padilla Leon,0,43
gh-31297624895,2026-08-09T00:54:07-05:00,1000001-B,CLASE MAGISTRAL,(9) Grupo 9,No informado,10,43
gh-31297624895,2026-08-09T00:54:09-05:00,2015965,CLASE TEORICA,(1) Grupo 1,CAMILO RIOS FRESNEDA,24,44
gh-31297624895,2026-08-09T00:54:09-05:00,2015965,CLASE TEORICA,(2) Grupo 2,Julian David Puerto Suarez; Vladimir Buelvas Hernández,24,44
gh-31297624895,2026-08-09T00:54:09-05:00,2015965,CLASE TEORICA,(3) Grupo 3,Ferney Betancourt Cardozo; Juan Manuel Lizarazo Marriaga,24,44
gh-31297624895,2026-08-09T00:54:09-05:00,2015965,CLASE TEORICA,(4) Grupo 4,No informado,24,44
gh-31297624895,2026-08-09T00:54:10-05:00,2015966,CLASE TEORICA,(1) Grupo 1,No informado,24,45
gh-31297624895,2026-08-09T00:54:10-05:00,2015966,CLASE TEORICA,(2) Grupo 2,Adriana Patricia Piña Fulano,24,45
gh-31297624895,2026-08-09T00:54:10-05:00,2015966,CLASE TEORICA,(3) Grupo 3,Rafael Orland Ortiz Mosquera,24,45
gh-31297624895,2026-08-09T00:54:10-05:00,2015966,CLASE TEORICA,(4) Grupo 4,No informado,24,45
gh-31297624895,2026-08-09T00:54:10-05:00,2015966,CLASE TEORICA,(5) Grupo 5,No informado,24,45
gh-31297624895,2026-08-09T00:54:10-05:00,2015966,CLASE TEORICA,(6) Grupo 6,Luis Alejandro Morales Marin,24,45
gh-31297624895,2026-08-09T00:54:10-05:00,2015966,CLASE TEORICA,(7) Grupo 7,No informado,24,45
gh-31297624895,2026-08-09T00:54:10-05:00,2015966,CLASE TEORICA,(8) Grupo 8,No informado,24,45
gh-31297624895,2026-08-09T00:54:11-05:00,2015967,NA,(1) Grupo 1,Vladimir Buelvas Hernández,24,46
gh-31297624895,2026-08-09T00:54:13-05:00,2015968,CLASE TEORICA,(1) Grupo 1,Ricardo Parra Arango,24,47
gh-31297624895,2026-08-09T00:54:13-05:00,2015968,CLASE TEORICA,(2) Grupo 2,Juan David Oliveros Salazar,24,47
gh-31297624895,2026-08-09T00:54:13-05:00,2015968,CLASE TEORICA,(3) Grupo 3,No informado,24,47
gh-31297624895,2026-08-09T00:54:13-05:00,2015968,CLASE TEORICA,(4) Grupo 4,Ricardo Parra Arango,24,47
gh-31297624895,2026-08-09T00:54:13-05:00,2015968,CLASE TEORICA,(5) Grupo 5,Julian David Puerto Suarez,24,47
gh-31297624895,2026-08-09T00:54:13-05:00,2015968,CLASE TEORICA,(6) Grupo 6,Dorian Luis Linero Segrera,24,47
gh-31297624895,2026-08-09T00:54:13-05:00,2015968,CLASE TEORICA,(7) Grupo 7,No informado,0,47
gh-31297624895,2026-08-09T00:54:14-05:00,2015969,CLASE TEORICA,(1) Grupo 1 (Inglés),Julio Esteban Colmenares Montañez,30,48
gh-31297624895,2026-08-09T00:54:14-05:00,2015969,CLASE TEORICA,(2) Grupo 2,Guillermo Eduardo Avila Alvarez,30,48
gh-31297624895,2026-08-09T00:54:14-05:00,2015969,CLASE TEORICA,(3) Grupo 3,Livaniel Viveros Rosero,30,48
gh-31297624895,2026-08-09T00:54:14-05:00,2015969,CLASE TEORICA,(4) Grupo 4,No informado,30,48
gh-31297624895,2026-08-09T00:54:15-05:00,2015970,CLASE PRACTICA,(4) Grupo 4,Helga Duarte,30,49
gh-31297624895,2026-08-09T00:54:15-05:00,2015970,CLASE PRACTICA,(5) Grupo 5,Oswaldo Rojas Camacho,45,49
gh-31297624895,2026-08-09T00:54:15-05:00,2015970,CLASE PRACTICA,(8) Grupo 8,Helga Duarte,30,49
gh-31297624895,2026-08-09T00:54:15-05:00,2015970,CLASE PRACTICA,(9) Grupo 9,Oswaldo Rojas Camacho,45,49
gh-31297624895,2026-08-09T00:54:16-05:00,2017293,CLASE TEORICA,(1) 2017293-1 Modelación matemática,JUAN SEBASTIÁN HINCAPIÉ MONTES,34,50
gh-31297624895,2026-08-09T00:54:16-05:00,2017293,CLASE MAGISTRAL,(1M) 2017293-1M Modelación matemática - Magistral,Carlos Alberto Duque Daza,80,50
gh-31297624895,2026-08-09T00:54:16-05:00,2017293,CLASE TEORICA,(2) 2017293-2 Modelación matemática,JUAN SEBASTIÁN HINCAPIÉ MONTES,34,50
gh-31297624895,2026-08-09T00:54:20-05:00,2015971,CLASE TEORICA,(1) Grupo 1,No informado,30,53
gh-31297624895,2026-08-09T00:54:20-05:00,2015971,CLASE TEORICA,(2) Grupo 2,Ferney Betancourt Cardozo,30,53
gh-31297624895,2026-08-09T00:54:20-05:00,2015971,CLASE TEORICA,(3) Grupo 3,No informado,30,53
gh-31297624895,2026-08-09T00:54:21-05:00,2015972,CLASE TEORICA,(1) Grupo 1,Carlos Alberto Moncada Aristizabal,15,54
gh-31297624895,2026-08-09T00:54:21-05:00,2015972,CLASE TEORICA,(2) Grupo 2,SANTIAGO RAMIREZ ECHEVERRI,15,54
gh-31297624895,2026-08-09T00:54:21-05:00,2015972,CLASE TEORICA,(3) Grupo 3,No informado,15,54
gh-31297624895,2026-08-09T00:54:22-05:00,1000024-B,CLASE TEORICA,(12) Grupo 12,Edgar Delgado Mejia,0,55
gh-31297624895,2026-08-09T00:54:22-05:00,1000024-B,CLASE TEORICA,(13) Grupo 13,Jesus Sigifredo Valencia Rios,0,55
gh-31297624895,2026-08-09T00:54:22-05:00,1000024-B,CLASE TEORICA,(14) Grupo 14,Jhon Jairo Aragón Arias,10,55
gh-31297624895,2026-08-09T00:54:24-05:00,1000013-B,CLASE TEORICA,(1) Grupo 1,JHONIER SEBASTIAN RANGEL GUTIERREZ,0,56
gh-31297624895,2026-08-09T00:54:24-05:00,1000013-B,CLASE TEORICA,(10) Grupo 10,Sandra Vergara Cardozo,35,56
gh-31297624895,2026-08-09T00:54:24-05:00,1000013-B,CLASE TEORICA,(11) Grupo 11,DIEGO ALBERTO MARTINEZ SIMBAQUEVA,40,56
gh-31297624895,2026-08-09T00:54:24-05:00,1000013-B,CLASE TEORICA,(12) Grupo 12,DIEGO ALBERTO MARTINEZ SIMBAQUEVA,40,56
gh-31297624895,2026-08-09T00:54:24-05:00,1000013-B,CLASE TEORICA,(13) Grupo 13,DIEGO ALBERTO MARTINEZ SIMBAQUEVA,30,56
gh-31297624895,2026-08-09T00:54:24-05:00,1000013-B,CLASE TEORICA,(14) Grupo 14,Andrea Catalina Garcia Montoya,45,56
gh-31297624895,2026-08-09T00:54:24-05:00,1000013-B,CLASE TEORICA,(16) Grupo 16,Sergio Alejandro Calderon Villanueva,30,56
gh-31297624895,2026-08-09T00:54:24-05:00,1000013-B,CLASE TEORICA,(2) Grupo 2,Luis Guillermo Diaz Monroy,40,56
gh-31297624895,2026-08-09T00:54:24-05:00,1000013-B,CLASE TEORICA,(22) Grupo 22,Hanwen Zhang,45,56
gh-31297624895,2026-08-09T00:54:24-05:00,1000013-B,CLASE TEORICA,(23) Grupo 23,ULPIANO LARA CRISTANCHO,0,56
gh-31297624895,2026-08-09T00:54:24-05:00,1000013-B,CLASE TEORICA,(3) Grupo 3,Diana Carolina Franco Soto,40,56
gh-31297624895,2026-08-09T00:54:24-05:00,1000013-B,CLASE TEORICA,(4) Grupo 4,Diana Carolina Franco Soto,40,56
gh-31297624895,2026-08-09T00:54:24-05:00,1000013-B,CLASE TEORICA,(5) Grupo 5,Darwin Eduardo Martínez Riaño,35,56
gh-31297624895,2026-08-09T00:54:24-05:00,1000013-B,CLASE TEORICA,(6) Grupo 6,Darwin Eduardo Martínez Riaño,35,56
gh-31297624895,2026-08-09T00:54:24-05:00,1000013-B,CLASE TEORICA,(7) Grupo 7,Camilo Jose Torres Jimenez,40,56
gh-31297624895,2026-08-09T00:54:25-05:00,2015734,NA,(1) Grupo 1,Fernando Salazar Delgado,6,57
gh-31297624895,2026-08-09T00:54:25-05:00,2015734,NA,(10) Grupo 10,Tito Florez Calderon,4,57
gh-31297624895,2026-08-09T00:54:25-05:00,2015734,NA,(11) Grupo 11,DAVID ALBERTO HERRERA ALVAREZ,0,57
gh-31297624895,2026-08-09T00:54:25-05:00,2015734,NA,(12) Grupo 12,FABIEL NATÁN ESPINOSA CASTAÑEDA,1,57
gh-31297624895,2026-08-09T00:54:25-05:00,2015734,NA,(13) Grupo 13,SERGIO CAMILO ESPINOSA BOTERO,4,57
gh-31297624895,2026-08-09T00:54:25-05:00,2015734,NA,(14) Grupo 14,Felipe Gonzalez Roldan,0,57
gh-31297624895,2026-08-09T00:54:25-05:00,2015734,NA,(2) Grupo 2,Fernando Salazar Delgado,16,57
gh-31297624895,2026-08-09T00:54:25-05:00,2015734,NA,(3) Grupo 3,Jhoan Sebastian Restrepo Mendoza,0,57
gh-31297624895,2026-08-09T00:54:25-05:00,2015734,NA,(4) Grupo 4,Sandra Liliana Rojas Martinez,0,57
gh-31297624895,2026-08-09T00:54:25-05:00,2015734,NA,(5) Grupo 5,Jhoan Sebastian Restrepo Mendoza,0,57
gh-31297624895,2026-08-09T00:54:25-05:00,2015734,NA,(6) Grupo 6,SERGIO CAMILO ESPINOSA BOTERO,8,57
gh-31297624895,2026-08-09T00:54:25-05:00,2015734,NA,(7) Grupo 7,No informado,3,57
gh-31297624895,2026-08-09T00:54:25-05:00,2015734,NA,(8) Grupo 8 - Virtual,FABIEL NATÁN ESPINOSA CASTAÑEDA,30,57
gh-31297624895,2026-08-09T00:54:25-05:00,2015734,NA,(9) Grupo 9,Alvaro Reynel Córdoba,18,57
gh-31297624895,2026-08-09T00:54:27-05:00,2015973,CLASE TEORICA,(1) Grupo 1,No informado,25,59
gh-31297624895,2026-08-09T00:54:27-05:00,2015973,CLASE TEORICA,(2) Grupo 2,GABRIELA ARRIETA LOYO,25,59
gh-31297624895,2026-08-09T00:54:27-05:00,2015973,CLASE TEORICA,(3) Grupo 3,NICOLAS ESCALANTE MORA,25,59
gh-31297624895,2026-08-09T00:54:29-05:00,2022761,NA,(1) Grupo 1,Servio Javier Contreras Guerrero,15,60
gh-31297624895,2026-08-09T00:54:29-05:00,2022761,NA,(2) Grupo 2,Servio Javier Contreras Guerrero,15,60
gh-31297624895,2026-08-09T00:54:29-05:00,2022761,NA,(3) Grupo 3,Samuel Fernando Mesa Giraldo,15,60
gh-31297624895,2026-08-09T00:54:30-05:00,2024045,CLASE TEORICA,(1) 2024045-1 Taller de proyectos interdisciplinarios,No informado,0,-1
gh-31297624895,2026-08-09T00:54:30-05:00,2024045,CLASE TEORICA,(10) 2024045-10 Taller de proyectos interdisciplinarios,Oscar Andres Eraso Eraso,0,-1
gh-31297624895,2026-08-09T00:54:30-05:00,2024045,CLASE TEORICA,(11) 2024045-11 Taller de proyectos interdisciplinarios,No informado,0,-1
gh-31297624895,2026-08-09T00:54:30-05:00,2024045,CLASE TEORICA,(12) 2024045-12 Taller de proyectos interdisciplinarios,Hector Julian Garcia Otalora,200,-1
gh-31297624895,2026-08-09T00:54:30-05:00,2024045,CLASE TEORICA,(13) 2024045-13 Taller de proyectos interdisciplinarios,No informado,0,-1
gh-31297624895,2026-08-09T00:54:30-05:00,2024045,CLASE TEORICA,(14) 2024045-14 Taller de proyectos interdisciplinarios,Dolly Santos Barbosa,0,-1
gh-31297624895,2026-08-09T00:54:30-05:00,2024045,CLASE TEORICA,(15) 2024045-15 Taller de proyectos interdisciplinarios,Oscar Andres Eraso Eraso,0,-1
gh-31297624895,2026-08-09T00:54:30-05:00,2024045,CLASE TEORICA,(16) 2024045-16 Taller de proyectos interdisciplinarios,Luis Ignacio Rodriguez Varela,0,-1
gh-31297624895,2026-08-09T00:54:30-05:00,2024045,CLASE TEORICA,(17) 2024045-17 Taller de proyectos interdisciplinarios,JOHANA CATALINA MANOSALVA BARRERA,0,-1
gh-31297624895,2026-08-09T00:54:30-05:00,2024045,CLASE TEORICA,(18) 2024045-18 Taller de proyectos interdisciplinarios,Fernando Bernal Martinez,0,-1
gh-31297624895,2026-08-09T00:54:30-05:00,2024045,CLASE TEORICA,(19) 2024045-19 Taller de proyectos interdisciplinarios,FRANCISCO JAVIER VÁSQUEZ VÁSQUEZ,0,-1
gh-31297624895,2026-08-09T00:54:30-05:00,2024045,CLASE TEORICA,(2) 2024045-2 Taller de proyectos interdisciplinarios,Fernando Bernal Martinez,0,-1
gh-31297624895,2026-08-09T00:54:30-05:00,2024045,CLASE TEORICA,(21) 2024045-21 Taller de proyectos interdisciplinarios,No informado,0,-1
gh-31297624895,2026-08-09T00:54:30-05:00,2024045,CLASE TEORICA,(22) 2024045-22 Taller de proyectos interdisciplinarios,Ubaldo Garcia Zaragoza,0,-1
gh-31297624895,2026-08-09T00:54:30-05:00,2024045,CLASE TEORICA,(23) 2024045-23 Taller de proyectos interdisciplinarios,No informado,0,-1
gh-31297624895,2026-08-09T00:54:30-05:00,2024045,CLASE TEORICA,(24) 2024045-24 Taller de proyectos interdisciplinarios,Hector Julian Garcia Otalora,200,-1
gh-31297624895,2026-08-09T00:54:30-05:00,2024045,CLASE TEORICA,(3) 2024045-3 Taller de proyectos interdisciplinarios,Guillermo Alberto Rocha Casas,0,-1
gh-31297624895,2026-08-09T00:54:30-05:00,2024045,CLASE TEORICA,(4) 2024045-4 Taller de proyectos interdisciplinarios,Francy Nayely Prieto Novoa,0,-1
gh-31297624895,2026-08-09T00:54:30-05:00,2024045,CLASE TEORICA,(40) 2024045-40 TPI-- NO BORRAR-- BLOQ ESPACIOS,No informado,0,-1
gh-31297624895,2026-08-09T00:54:30-05:00,2024045,CLASE TEORICA,(5) 2024045-5 Taller de proyectos interdisciplinarios,Nubia Carmenza Moreno Sarmiento,0,-1
gh-31297624895,2026-08-09T00:54:30-05:00,2024045,CLASE TEORICA,(6) 2024045-6 Taller de proyectos interdisciplinarios,JOHANA CATALINA MANOSALVA BARRERA,0,-1
gh-31297624895,2026-08-09T00:54:30-05:00,2024045,CLASE TEORICA,(7) 2024045-7 Taller de proyectos interdisciplinarios,Ubaldo Garcia Zaragoza,0,-1
gh-31297624895,2026-08-09T00:54:30-05:00,2024045,CLASE TEORICA,(8) 2024045-8 Taller de proyectos interdisciplinarios,JHON FREDDY LOPEZ MEDINA,0,-1
gh-31297624895,2026-08-09T00:54:30-05:00,2024045,CLASE TEORICA,(9) 2024045-9 Taller de proyectos interdisciplinarios,Manuel Alejandro Mayorga Betancourt,0,-1
gh-31297624895,2026-08-09T00:54:32-05:00,2015296,NA,(1) Grupo 1,Leonardo David Donado Garzon,5,62
gh-31297624895,2026-08-09T00:54:32-05:00,2015296,NA,(10) Grupo 10,Juan Manuel Lizarazo Marriaga,5,62
gh-31297624895,2026-08-09T00:54:32-05:00,2015296,NA,(11) Grupo 11,Octavio Coronado Garcia,5,62
gh-31297624895,2026-08-09T00:54:32-05:00,2015296,NA,(12) Grupo 12,Carol Andrea Murillo Feo,5,62
gh-31297624895,2026-08-09T00:54:32-05:00,2015296,NA,(13) Grupo 13,CAMILO RIOS FRESNEDA,5,62
gh-31297624895,2026-08-09T00:54:32-05:00,2015296,NA,(14) Grupo 14,William Castro Garcia,5,62
gh-31297624895,2026-08-09T00:54:32-05:00,2015296,NA,(15) Grupo 15,Luis Alejandro Morales Marin,5,62
gh-31297624895,2026-08-09T00:54:32-05:00,2015296,NA,(16) Grupo 16,Ferney Betancourt Cardozo,5,62
gh-31297624895,2026-08-09T00:54:32-05:00,2015296,NA,(17) Grupo 17,Maria Alejandra Caicedo Londoño,5,62
gh-31297624895,2026-08-09T00:54:32-05:00,2015296,NA,(18) Grupo 18,Guillermo Eduardo Avila Alvarez,5,62
gh-31297624895,2026-08-09T00:54:32-05:00,2015296,NA,(19) Grupo 19,Carlos Alfonso Gomez Guacaneme,0,62
gh-31297624895,2026-08-09T00:54:32-05:00,2015296,NA,(2) Grupo 2,Carlos Orlando Robles Roa,5,62
gh-31297624895,2026-08-09T00:54:32-05:00,2015296,NA,(3) Grupo 3,Angela Barrera Puerto,5,62
gh-31297624895,2026-08-09T00:54:32-05:00,2015296,NA,(4) Grupo 4,Mauricio Alberto Tapias Camacho,5,62
gh-31297624895,2026-08-09T00:54:32-05:00,2015296,NA,(5) Grupo 5,Maritzabel Molina Herrera,5,62
gh-31297624895,2026-08-09T00:54:32-05:00,2015296,NA,(6) Grupo 6,Rodolfo Rodriguez Baracaldo,5,62
gh-31297624895,2026-08-09T00:54:32-05:00,2015296,NA,(7) Grupo 7,SANTIAGO RAMIREZ ECHEVERRI,5,62
gh-31297624895,2026-08-09T00:54:32-05:00,2015296,NA,(8) Grupo 8,Jose Ricardo Martinez Vargas,5,62
gh-31297624895,2026-08-09T00:54:32-05:00,2015296,NA,(9) Grupo 9,GABRIELA ARRIETA LOYO,5,62
gh-31297624895,2026-08-09T00:54:33-05:00,2015299,CLASE TEORICA,(1) Grupo 1,GABRIELA ARRIETA LOYO,51,-1
gh-31300443978,2026-08-09T02:09:07-05:00,1000044-B,CLASE TEORICA,(1) Grupo 1,Beatriz Elena Urrutia Sanchez,26,0
gh-31300443978,2026-08-09T02:09:07-05:00,1000044-B,CLASE TEORICA,(2) Grupo 2,Yaneli Niño Osorio,26,0
gh-31300443978,2026-08-09T02:09:07-05:00,1000044-B,CLASE TEORICA,(3) Grupo 3,Luis Gabriel Peña Ortiz,26,0
gh-31300443978,2026-08-09T02:09:07-05:00,1000044-B,CLASE TEORICA,(4) Grupo 4,Liliana Marcela Guzman Aricapa,26,0
gh-31300443978,2026-08-09T02:09:07-05:00,1000044-B,CLASE TEORICA,(5) Grupo 5,Beatriz Elena Urrutia Sanchez,26,0
gh-31300443978,2026-08-09T02:09:07-05:00,1000044-B,CLASE TEORICA,(6) Grupo 6,Cesar Augusto Romero,26,0
gh-31300443978,2026-08-09T02:09:07-05:00,1000044-B,CLASE TEORICA,(7) Grupo 7,JOSE JONATHAN MAESTRE HERRERA,26,0
gh-31300443978,2026-08-09T02:09:07-05:00,1000044-B,CLASE TEORICA,(8) Grupo 8,Beymar Leonardo Solorzano Alviz,26,0
gh-31300443978,2026-08-09T02:09:07-05:00,1000044-B,CLASE TEORICA,(9) Grupo 9,Claudia Marcela Arevalo Gomez,7,0
gh-31300443978,2026-08-09T02:09:08-05:00,1000045-B,CLASE TEORICA,(1) Grupo 1,Claudia Marcela Arevalo Gomez,10,1
gh-31300443978,2026-08-09T02:09:08-05:00,1000045-B,CLASE TEORICA,(10) Grupo 10,Jesica paola Rendon Alfonso,26,1
gh-31300443978,2026-08-09T02:09:08-05:00,1000045-B,CLASE TEORICA,(11) Grupo 11,JOSE JONATHAN MAESTRE HERRERA,26,1
gh-31300443978,2026-08-09T02:09:08-05:00,1000045-B,CLASE TEORICA,(12) Grupo 12,LINDA JOHANA RUIZ GOMEZ,26,1
gh-31300443978,2026-08-09T02:09:08-05:00,1000045-B,CLASE TEORICA,(13) Grupo 13,Narly Yadira Pardo Cadena,26,1
gh-31300443978,2026-08-09T02:09:08-05:00,1000045-B,CLASE TEORICA,(14) Grupo 14,Angelica Saenz Fonseca,26,1
gh-31300443978,2026-08-09T02:09:08-05:00,1000045-B,CLASE TEORICA,(15) Grupo 15,Narly Yadira Pardo Cadena,26,1
gh-31300443978,2026-08-09T02:09:08-05:00,1000045-B,CLASE TEORICA,(16) Grupo 16,Luis Gabriel Peña Ortiz,26,1
gh-31300443978,2026-08-09T02:09:08-05:00,1000045-B,CLASE TEORICA,(2) Grupo 2,Cesar Augusto Romero,26,1
gh-31300443978,2026-08-09T02:09:08-05:00,1000045-B,CLASE TEORICA,(3) Grupo 3,Jesica paola Rendon Alfonso,26,1
gh-31300443978,2026-08-09T02:09:08-05:00,1000045-B,CLASE TEORICA,(4) Grupo 4,Adriana Marlen Sanchez Riaño,26,1
gh-31300443978,2026-08-09T02:09:08-05:00,1000045-B,CLASE TEORICA,(5) Grupo 5,Cesar Augusto Romero,26,1
gh-31300443978,2026-08-09T02:09:08-05:00,1000045-B,CLASE TEORICA,(6) Grupo 6,Sara Elisa Monsalve Patino,26,1
gh-31300443978,2026-08-09T02:09:08-05:00,1000045-B,CLASE TEORICA,(7) Grupo 7,Luis Gabriel Peña Ortiz,26,1
gh-31300443978,2026-08-09T02:09:08-05:00,1000045-B,CLASE TEORICA,(8) Grupo 8,Johnatan Martinez Hernandez,26,1
gh-31300443978,2026-08-09T02:09:08-05:00,1000045-B,CLASE TEORICA,(9) Grupo 9,Maureen Elizabeth Hooker Oneill,15,1
gh-31300443978,2026-08-09T02:09:11-05:00,1000046-B,CLASE TEORICA,(1) Grupo 1,Johnatan Martinez Hernandez,26,3
gh-31300443978,2026-08-09T02:09:11-05:00,1000046-B,CLASE TEORICA,(10) Grupo 10,Jennly Angelica Gomez Rodriguez,26,3
gh-31300443978,2026-08-09T02:09:11-05:00,1000046-B,CLASE TEORICA,(11) Grupo 11,Angelica Saenz Fonseca,26,3
gh-31300443978,2026-08-09T02:09:11-05:00,1000046-B,CLASE TEORICA,(12) Grupo 12,Liliana Marcela Guzman Aricapa,26,3
gh-31300443978,2026-08-09T02:09:11-05:00,1000046-B,CLASE TEORICA,(13) Grupo 13,ALBA LUCIA RIAÑO RODRIGUEZ,26,3
gh-31300443978,2026-08-09T02:09:11-05:00,1000046-B,CLASE TEORICA,(14) Grupo 14,Angelica Saenz Fonseca,26,3
gh-31300443978,2026-08-09T02:09:11-05:00,1000046-B,CLASE TEORICA,(15) Grupo 15,Luis Gabriel Peña Ortiz,26,3
gh-31300443978,2026-08-09T02:09:11-05:00,1000046-B,CLASE TEORICA,(16) Grupo 16,Olga Lucia Ruiz Convers,26,3
gh-31300443978,2026-08-09T02:09:11-05:00,1000046-B,CLASE TEORICA,(17) Grupo 17,Luis Gabriel Peña Ortiz,26,3
gh-31300443978,2026-08-09T02:09:11-05:00,1000046-B,CLASE TEORICA,(18) Grupo 18,Narly Yadira Pardo Cadena,26,3
gh-31300443978,2026-08-09T02:09:11-05:00,1000046-B,CLASE TEORICA,(2) Grupo 2,Jesica paola Rendon Alfonso,26,3
gh-31300443978,2026-08-09T02:09:11-05:00,1000046-B,CLASE TEORICA,(3) Grupo 3,JESUS DAVID TORRES RODRIGUEZ,26,3
gh-31300443978,2026-08-09T02:09:11-05:00,1000046-B,CLASE TEORICA,(4) Grupo 4,Claudia Patricia Cortes Lora,26,3
gh-31300443978,2026-08-09T02:09:11-05:00,1000046-B,CLASE TEORICA,(5) Grupo 5,Johnatan Martinez Hernandez,26,3
gh-31300443978,2026-08-09T02:09:11-05:00,1000046-B,CLASE TEORICA,(6) Grupo 6,Johnatan Martinez Hernandez,26,3
gh-31300443978,2026-08-09T02:09:11-05:00,1000046-B,CLASE TEORICA,(7) Grupo 7,Jesica paola Rendon Alfonso,26,3
gh-31300443978,2026-08-09T02:09:11-05:00,1000046-B,CLASE TEORICA,(8) Grupo 8,Beatriz Elena Urrutia Sanchez,26,3
gh-31300443978,2026-08-09T02:09:11-05:00,1000046-B,CLASE TEORICA,(9) Grupo 9,Maureen Elizabeth Hooker Oneill,10,3
gh-31300443978,2026-08-09T02:09:13-05:00,1000052-B,CLASE TEORICA,(1) Grupo 1,Liliana Marcela Guzman Aricapa,28,5
gh-31300443978,2026-08-09T02:09:13-05:00,1000052-B,CLASE TEORICA,(2) Grupo 2,JOSE JONATHAN MAESTRE HERRERA,28,5
gh-31300443978,2026-08-09T02:09:13-05:00,1000052-B,CLASE TEORICA,(3) Grupo 3,Aida Elena Monsalve Solorzano,28,5
gh-31300443978,2026-08-09T02:09:15-05:00,1000053-B,CLASE TEORICA,(1) Grupo 1,Jennly Angelica Gomez Rodriguez,28,6
gh-31300443978,2026-08-09T02:09:15-05:00,1000053-B,CLASE TEORICA,(2) Grupo 2,Yaneli Niño Osorio,28,6
gh-31300443978,2026-08-09T02:09:15-05:00,1000053-B,CLASE TEORICA,(3) Grupo 3,Javier Rodriguez Gomez,30,6
gh-31300443978,2026-08-09T02:09:15-05:00,1000053-B,CLASE TEORICA,(4) Grupo 4,Javier Rodriguez Gomez,30,6
gh-31300443978,2026-08-09T02:09:15-05:00,1000053-B,CLASE TEORICA,(5) Grupo 5,LINDA JOHANA RUIZ GOMEZ,28,6
gh-31300443978,2026-08-09T02:09:15-05:00,1000053-B,CLASE TEORICA,(6) Grupo 6,Olga Lucia Ruiz Convers,28,6
gh-31300443978,2026-08-09T02:09:16-05:00,1000047-B,CLASE TEORICA,(1) Grupo 1,Cesar Augusto Romero,26,7
gh-31300443978,2026-08-09T02:09:16-05:00,1000047-B,CLASE TEORICA,(10) Grupo 10,Monica Alexandra Riaño Orjuela,26,7
gh-31300443978,2026-08-09T02:09:16-05:00,1000047-B,CLASE TEORICA,(11) Grupo 11,Jennly Angelica Gomez Rodriguez,26,7
gh-31300443978,2026-08-09T02:09:16-05:00,1000047-B,CLASE TEORICA,(12) Grupo 12,Claudia Patricia Cortes Lora,26,7
gh-31300443978,2026-08-09T02:09:16-05:00,1000047-B,CLASE TEORICA,(13) Grupo 13,Angelica Saenz Fonseca,26,7
gh-31300443978,2026-08-09T02:09:16-05:00,1000047-B,CLASE TEORICA,(14) Grupo 14,LINDA JOHANA RUIZ GOMEZ,26,7
gh-31300443978,2026-08-09T02:09:16-05:00,1000047-B,CLASE TEORICA,(15) Grupo 15,Claudia Patricia Cortes Lora,26,7
gh-31300443978,2026-08-09T02:09:16-05:00,1000047-B,CLASE TEORICA,(16) Grupo 16,Narly Yadira Pardo Cadena,26,7
gh-31300443978,2026-08-09T02:09:16-05:00,1000047-B,CLASE TEORICA,(17) Grupo 17,Angelica Saenz Fonseca,26,7
gh-31300443978,2026-08-09T02:09:16-05:00,1000047-B,CLASE TEORICA,(18) Grupo 18,ALBA LUCIA RIAÑO RODRIGUEZ,26,7
gh-31300443978,2026-08-09T02:09:16-05:00,1000047-B,CLASE TEORICA,(19) Grupo 19,Aida Elena Monsalve Solorzano,26,7
gh-31300443978,2026-08-09T02:09:16-05:00,1000047-B,CLASE TEORICA,(2) Grupo 2,Yaneli Niño Osorio,26,7
gh-31300443978,2026-08-09T02:09:16-05:00,1000047-B,CLASE TEORICA,(20) Grupo 20,ALBA LUCIA RIAÑO RODRIGUEZ,26,7
gh-31300443978,2026-08-09T02:09:16-05:00,1000047-B,CLASE TEORICA,(21) Grupo 21,Edwin Yesid Leon Silva,26,7
gh-31300443978,2026-08-09T02:09:16-05:00,1000047-B,CLASE TEORICA,(22) Grupo 22,LINDA JOHANA RUIZ GOMEZ,26,7
gh-31300443978,2026-08-09T02:09:16-05:00,1000047-B,CLASE TEORICA,(3) Grupo 3,Monica Alexandra Riaño Orjuela,26,7
gh-31300443978,2026-08-09T02:09:16-05:00,1000047-B,CLASE TEORICA,(4) Grupo 4,Claudia Patricia Cortes Lora,26,7
gh-31300443978,2026-08-09T02:09:16-05:00,1000047-B,CLASE TEORICA,(5) Grupo 5,Olga Lucia Ruiz Convers,26,7
gh-31300443978,2026-08-09T02:09:16-05:00,1000047-B,CLASE TEORICA,(6) Grupo 6,Monica Alexandra Riaño Orjuela,26,7
gh-31300443978,2026-08-09T02:09:16-05:00,1000047-B,CLASE TEORICA,(7) Grupo 7,Cesar Augusto Romero,26,7
gh-31300443978,2026-08-09T02:09:16-05:00,1000047-B,CLASE TEORICA,(8) Grupo 8,Beatriz Elena Urrutia Sanchez,26,7
gh-31300443978,2026-08-09T02:09:16-05:00,1000047-B,CLASE TEORICA,(9) Grupo 9,Keshia Hilary Howard Livingston,15,7
gh-31300443978,2026-08-09T02:09:19-05:00,1000002-B,CLASE TEORICA,(1) Grupo 1 - Clase Presencial,Ruth Andrea Cortés Suárez,1,9
gh-31300443978,2026-08-09T02:09:19-05:00,1000002-B,CLASE TEORICA,(10) Grupo 10 - Clase presencial,Karen Johanna Castelblanco Villamil,0,9
gh-31300443978,2026-08-09T02:09:19-05:00,1000002-B,CLASE TEORICA,(2) Grupo 2 - Clase Presencial,Ruth Andrea Cortés Suárez,0,9
gh-31300443978,2026-08-09T02:09:19-05:00,1000002-B,CLASE TEORICA,(3) Grupo 3 - Clase Presencial,Adriana Patricia Díaz Cuevas,0,9
gh-31300443978,2026-08-09T02:09:19-05:00,1000002-B,CLASE TEORICA,(4) Grupo 4 - Clase Presencial,Adriana Patricia Díaz Cuevas,0,9
gh-31300443978,2026-08-09T02:09:19-05:00,1000002-B,CLASE TEORICA,(5) Grupo 5 - Clase Presencial,Andres Felipe Escovar Barreto,0,9
gh-31300443978,2026-08-09T02:09:19-05:00,1000002-B,CLASE TEORICA,(6) Grupo 6 - Clase Presencial,Ruth Andrea Cortés Suárez,0,9
gh-31300443978,2026-08-09T02:09:19-05:00,1000002-B,CLASE TEORICA,(7) Grupo 7 - Clase Presencial,Karen Johanna Castelblanco Villamil,0,9
gh-31300443978,2026-08-09T02:09:19-05:00,1000002-B,CLASE TEORICA,(8) Grupo 8 - Clase Presencial,Adriana Patricia Díaz Cuevas,0,9
gh-31300443978,2026-08-09T02:09:19-05:00,1000002-B,CLASE TEORICA,(9) Grupo 9 - Clase Presencial,Carlas Lucia Castilla Lara,10,9
gh-31302862067,2026-08-09T03:11:58-05:00,1000003-B,NA,(1) Grupo 1,Erika Lorena Rosero Alzate; Oscar Andrés Rojas Sepúlveda,0,-1
gh-31302862067,2026-08-09T03:11:58-05:00,1000003-B,NA,(10) Grupo 10,Epifanio Lozano Ayala,14,-1
gh-31302862067,2026-08-09T03:11:58-05:00,1000003-B,NA,(11) Grupo 11,No informado,60,-1
gh-31302862067,2026-08-09T03:11:58-05:00,1000003-B,NA,(12) Grupo 12,No informado,40,-1
gh-31302862067,2026-08-09T03:11:58-05:00,1000003-B,NA,(13) Grupo 13,Mohammed EL AIDI,40,-1
gh-31302862067,2026-08-09T03:11:58-05:00,1000003-B,NA,(15) Grupo 15,Myriam Leonor Campos Florez,60,-1
gh-31302862067,2026-08-09T03:11:58-05:00,1000003-B,NA,(16) Grupo 16,No informado,60,-1
gh-31302862067,2026-08-09T03:11:58-05:00,1000003-B,NA,(17) Grupo 17,Martha Cecilia Moreno Penagos,40,-1
gh-31302862067,2026-08-09T03:11:58-05:00,1000003-B,NA,(18) Grupo 18,John Alexander Cruz Morales,52,-1
gh-31302862067,2026-08-09T03:11:58-05:00,1000003-B,NA,(20) Grupo 20,Natalia Camila Pinzon Cortes,60,-1
gh-31302862067,2026-08-09T03:11:58-05:00,1000003-B,NA,(21) Grupo 21,Ivon Andrea Dorado Correa,52,-1
gh-31302862067,2026-08-09T03:11:58-05:00,1000003-B,NA,(22) Grupo 22,No informado,46,-1
gh-31302862067,2026-08-09T03:11:58-05:00,1000003-B,NA,(3) Grupo 3,No informado,60,-1
gh-31302862067,2026-08-09T03:11:58-05:00,1000003-B,NA,(4) Grupo 4,Luis Alejandro Barbosa Torres,112,-1
gh-31302862067,2026-08-09T03:11:58-05:00,1000003-B,NA,(5) Grupo 5,Jaime David Mora Paz,60,-1
gh-31302862067,2026-08-09T03:11:58-05:00,1000003-B,NA,(7) Grupo 7,Myriam Leonor Campos Florez,40,-1
gh-31302862067,2026-08-09T03:11:58-05:00,1000003-B,NA,(8) Grupo 8,No informado,10,-1
gh-31302862067,2026-08-09T03:12:02-05:00,1000004-B,NA,(10) Grupo 10,No informado,53,1
gh-31302862067,2026-08-09T03:12:02-05:00,1000004-B,NA,(11) Grupo 11,No informado,24,1
gh-31302862067,2026-08-09T03:12:02-05:00,1000004-B,NA,(12) Grupo 12,No informado,24,1
gh-31302862067,2026-08-09T03:12:02-05:00,1000004-B,NA,(13) Grupo 13,No informado,16,1
gh-31302862067,2026-08-09T03:12:02-05:00,1000004-B,NA,(14) Grupo 14,No informado,90,1
gh-31302862067,2026-08-09T03:12:02-05:00,1000004-B,NA,(16) Grupo 16,No informado,27,1
gh-31302862067,2026-08-09T03:12:02-05:00,1000004-B,NA,(17) Grupo 17,Hernan Garzon Gutierrez,39,1
gh-31302862067,2026-08-09T03:12:02-05:00,1000004-B,NA,(19) Grupo 19,No informado,59,1
gh-31302862067,2026-08-09T03:12:02-05:00,1000004-B,NA,(2) Grupo 2,No informado,24,1
gh-31302862067,2026-08-09T03:12:02-05:00,1000004-B,NA,(20) Grupo 20,Hernan Garzon Gutierrez,10,1
gh-31302862067,2026-08-09T03:12:02-05:00,1000004-B,NA,(21) Grupo 21,No informado,60,1
gh-31302862067,2026-08-09T03:12:02-05:00,1000004-B,NA,(22) Grupo 22,No informado,60,1
gh-31302862067,2026-08-09T03:12:02-05:00,1000004-B,NA,(24) Grupo 24,Ricardo Ariel Pastran Ramirez,60,1
gh-31302862067,2026-08-09T03:12:02-05:00,1000004-B,NA,(25) Grupo 25,No informado,40,1
gh-31302862067,2026-08-09T03:12:02-05:00,1000004-B,NA,(27) Grupo 27,No informado,51,1
gh-31302862067,2026-08-09T03:12:02-05:00,1000004-B,NA,(28) Grupo 28,No informado,60,1
gh-31302862067,2026-08-09T03:12:02-05:00,1000004-B,NA,(29) Grupo 29,No informado,60,1
gh-31302862067,2026-08-09T03:12:02-05:00,1000004-B,NA,(30) Grupo 30,No informado,60,1
gh-31302862067,2026-08-09T03:12:02-05:00,1000004-B,NA,(32) Grupo 32,No informado,90,1
gh-31302862067,2026-08-09T03:12:02-05:00,1000004-B,NA,(4) Grupo 4,Myriam Leonor Campos Florez,37,1
gh-31302862067,2026-08-09T03:12:02-05:00,1000004-B,NA,(5) Grupo 5,Oscar Javier Lopez Alfonso,84,1
gh-31302862067,2026-08-09T03:12:02-05:00,1000004-B,NA,(7) Grupo 7,Anderson Arley Vera Arboleda,64,1
gh-31302862067,2026-08-09T03:12:02-05:00,1000004-B,NA,(8) Grupo 8,No informado,40,1
gh-31302862067,2026-08-09T03:12:02-05:00,1000004-B,NA,(9) Grupo 9,No informado,18,1
gh-31302862067,2026-08-09T03:12:04-05:00,1000006-B,NA,(1) Grupo 1,No informado,40,2
gh-31302862067,2026-08-09T03:12:04-05:00,1000006-B,NA,(10) Grupo 10,No informado,100,2
gh-31302862067,2026-08-09T03:12:04-05:00,1000006-B,NA,(11) Grupo 11,No informado,40,2
gh-31302862067,2026-08-09T03:12:04-05:00,1000006-B,NA,(12) Grupo 12,Leonid Lebedev,60,2
gh-31302862067,2026-08-09T03:12:04-05:00,1000006-B,NA,(13) Grupo 13,Juan Carlos Hernandez Rincon,40,2
gh-31302862067,2026-08-09T03:12:04-05:00,1000006-B,NA,(14) Grupo 14,No informado,60,2
gh-31302862067,2026-08-09T03:12:04-05:00,1000006-B,NA,(15) Grupo 15,No informado,112,2
gh-31302862067,2026-08-09T03:12:04-05:00,1000006-B,NA,(2) Grupo 2,EDIXON MANUEL ROJAS SANTANA,40,2
gh-31302862067,2026-08-09T03:12:04-05:00,1000006-B,NA,(3) Grupo 3,Cesar Augusto Gomez Sierra,40,2
gh-31302862067,2026-08-09T03:12:04-05:00,1000006-B,NA,(4) Grupo 4,Agustin Moreno Canadas,100,2
gh-31302862067,2026-08-09T03:12:04-05:00,1000006-B,NA,(5) Grupo 5,German Eduardo Fonseca Buitrago,40,2
gh-31302862067,2026-08-09T03:12:04-05:00,1000006-B,NA,(7) Grupo 7,No informado,70,2
gh-31302862067,2026-08-09T03:12:04-05:00,1000006-B,NA,(8) Grupo 8,Epifanio Lozano Ayala,60,2
gh-31302862067,2026-08-09T03:12:04-05:00,1000006-B,NA,(9) Grupo 9,Orlando Vanegas Canro,0,2
gh-31302862067,2026-08-09T03:12:06-05:00,1000005-B,NA,(1) Grupo 1,Orlando Vanegas Canro,0,3
gh-31302862067,2026-08-09T03:12:06-05:00,1000005-B,NA,(10) Grupo 10,Epifanio Lozano Ayala,50,3
gh-31302862067,2026-08-09T03:12:06-05:00,1000005-B,NA,(14) Grupo 14,Mohammed EL AIDI,40,3
gh-31302862067,2026-08-09T03:12:06-05:00,1000005-B,NA,(15) Grupo 15,Alina Fedosova,60,3
gh-31302862067,2026-08-09T03:12:06-05:00,1000005-B,NA,(16) Grupo 16,No informado,70,3
gh-31302862067,2026-08-09T03:12:06-05:00,1000005-B,NA,(17) Grupo 17,Hernan Garzon Gutierrez,40,3
gh-31302862067,2026-08-09T03:12:06-05:00,1000005-B,NA,(2) Grupo 2,RENE ERLIN CASTILLO,60,3
gh-31302862067,2026-08-09T03:12:06-05:00,1000005-B,NA,(20) Grupo 20,Franqui Solis Cardenas Poloche,40,3
gh-31302862067,2026-08-09T03:12:06-05:00,1000005-B,NA,(22) Grupo 22,No informado,60,3
gh-31302862067,2026-08-09T03:12:06-05:00,1000005-B,NA,(3) Grupo 3,Eduardo Cardenas Gomez,70,3
gh-31302862067,2026-08-09T03:12:06-05:00,1000005-B,NA,(4) Grupo 4,Edward Samuel Becerra Rojas,60,3
gh-31302862067,2026-08-09T03:12:06-05:00,1000005-B,NA,(6) Grupo 6,No informado,60,3
gh-31302862067,2026-08-09T03:12:06-05:00,1000005-B,NA,(7) Grupo 7,Franqui Solis Cardenas Poloche,100,3
gh-31302862067,2026-08-09T03:12:06-05:00,1000005-B,NA,(8) Grupo 8,No informado,40,3
gh-31302862067,2026-08-09T03:12:06-05:00,1000005-B,NA,(9) Grupo 9,No informado,10,3
gh-31302862067,2026-08-09T03:12:12-05:00,1000019-B,CLASE LABORATORIO,(1) Grupo 1,Gustavo Martinez Tamayo,35,4
gh-31302862067,2026-08-09T03:12:12-05:00,1000019-B,CLASE TALLER,(1) Grupo 1,FABIAN FELIPE QUEVEDO FARIETA,35,4
gh-31302862067,2026-08-09T03:12:12-05:00,1000019-B,CLASE MAGISTRAL,(1) Grupo 1,Gustavo Martinez Tamayo,35,4
gh-31302862067,2026-08-09T03:12:12-05:00,1000019-B,CLASE LABORATORIO,(10) Grupo 10,LUIS AGULLES PEDROS,35,4
gh-31302862067,2026-08-09T03:12:12-05:00,1000019-B,CLASE TALLER,(10) Grupo 10,Jhon Morales Aponte,35,4
gh-31302862067,2026-08-09T03:12:12-05:00,1000019-B,CLASE MAGISTRAL,(10) Grupo 10,Ovidio Amado Almanza Montero,35,4
gh-31302862067,2026-08-09T03:12:12-05:00,1000019-B,CLASE LABORATORIO,(11) Grupo 11,EVER DAVID ALCALA CAJAR,35,4
gh-31302862067,2026-08-09T03:12:12-05:00,1000019-B,CLASE TALLER,(11) Grupo 11,JULIAN MATEO DE MENDOZA GUTIERREZ,35,4
gh-31302862067,2026-08-09T03:12:12-05:00,1000019-B,CLASE MAGISTRAL,(11) Grupo 11,Ovidio Amado Almanza Montero,35,4
gh-31302862067,2026-08-09T03:12:12-05:00,1000019-B,CLASE LABORATORIO,(12) Grupo 12,FABIAN FELIPE QUEVEDO FARIETA,35,4
gh-31302862067,2026-08-09T03:12:12-05:00,1000019-B,CLASE TALLER,(12) Grupo 12,EVER DAVID ALCALA CAJAR,35,4
gh-31302862067,2026-08-09T03:12:12-05:00,1000019-B,CLASE MAGISTRAL,(12) Grupo 12,Ovidio Amado Almanza Montero,35,4
gh-31302862067,2026-08-09T03:12:12-05:00,1000019-B,CLASE LABORATORIO,(13) Grupo 13,Alvaro Marino Camargo,35,4
gh-31302862067,2026-08-09T03:12:12-05:00,1000019-B,CLASE TALLER,(13) Grupo 13,MIGUEL ENRIQUE GÁMEZ LÓPEZ,35,4
gh-31302862067,2026-08-09T03:12:12-05:00,1000019-B,CLASE MAGISTRAL,(13) Grupo 13,Alvaro Marino Camargo,35,4
gh-31302862067,2026-08-09T03:12:12-05:00,1000019-B,CLASE LABORATORIO,(14) Grupo 14,Alvaro Marino Camargo,35,4
gh-31302862067,2026-08-09T03:12:12-05:00,1000019-B,CLASE TALLER,(14) Grupo 14,No informado,35,4
gh-31302862067,2026-08-09T03:12:12-05:00,1000019-B,CLASE MAGISTRAL,(14) Grupo 14,Alvaro Marino Camargo,35,4
gh-31302862067,2026-08-09T03:12:12-05:00,1000019-B,CLASE LABORATORIO,(15) Grupo 15,JULIAN MATEO DE MENDOZA GUTIERREZ,32,4
gh-31302862067,2026-08-09T03:12:12-05:00,1000019-B,CLASE TALLER,(15) Grupo 15,EVER DAVID ALCALA CAJAR,32,4
gh-31302862067,2026-08-09T03:12:12-05:00,1000019-B,CLASE MAGISTRAL,(15) Grupo 15,Alvaro Marino Camargo,32,4
gh-31302862067,2026-08-09T03:12:12-05:00,1000019-B,CLASE MAGISTRAL,(16) Gruop 16,Erika Lorena Rosero Alzate; Daniel Camilo Padilla González,8,4
gh-31302862067,2026-08-09T03:12:12-05:00,1000019-B,CLASE LABORATORIO,(16) Grupo 16,Alvaro Marino Camargo,35,4
gh-31302862067,2026-08-09T03:12:12-05:00,1000019-B,CLASE TALLER,(16) Grupo 16,Edna Carolina Pinilla Beltran,35,4
gh-31302862067,2026-08-09T03:12:12-05:00,1000019-B,CLASE LABORATORIO,(17) Grupo 17,JULIAN MATEO DE MENDOZA GUTIERREZ,34,4
gh-31302862067,2026-08-09T03:12:12-05:00,1000019-B,CLASE TALLER,(17) Grupo 17,Jereson Silva Valencia,34,4
gh-31302862067,2026-08-09T03:12:12-05:00,1000019-B,CLASE MAGISTRAL,(17) Grupo 17,Jereson Silva Valencia,34,4
gh-31302862067,2026-08-09T03:12:12-05:00,1000019-B,CLASE LABORATORIO,(18) Grupo 18,Jaime Villalobos Velasco,34,4
gh-31302862067,2026-08-09T03:12:12-05:00,1000019-B,CLASE TALLER,(18) Grupo 18,Jereson Silva Valencia,34,4
gh-31302862067,2026-08-09T03:12:12-05:00,1000019-B,CLASE MAGISTRAL,(18) Grupo 18,Jereson Silva Valencia,34,4
gh-31302862067,2026-08-09T03:12:12-05:00,1000019-B,CLASE LABORATORIO,(19) Grupo 19,JULY PAOLA GARZÓN LOPEZ,32,4
gh-31302862067,2026-08-09T03:12:12-05:00,1000019-B,CLASE TALLER,(19) Grupo 19,Jereson Silva Valencia,32,4
gh-31302862067,2026-08-09T03:12:12-05:00,1000019-B,CLASE MAGISTRAL,(19) Grupo 19,Jereson Silva Valencia,32,4
gh-31302862067,2026-08-09T03:12:12-05:00,1000019-B,CLASE LABORATORIO,(2) Grupo 2,Gustavo Martinez Tamayo,35,4
gh-31302862067,2026-08-09T03:12:12-05:00,1000019-B,CLASE TALLER,(2) Grupo 2,Gustavo Martinez Tamayo,35,4
gh-31302862067,2026-08-09T03:12:12-05:00,1000019-B,CLASE MAGISTRAL,(2) Grupo 2,Gustavo Martinez Tamayo,35,4
gh-31302862067,2026-08-09T03:12:12-05:00,1000019-B,CLASE LABORATORIO,(20) Grupo 20,JOSE ALFREDO GOMEZ MATEUS,35,4
gh-31302862067,2026-08-09T03:12:12-05:00,1000019-B,CLASE TALLER,(20) Grupo 20,Jereson Silva Valencia,35,4
gh-31302862067,2026-08-09T03:12:12-05:00,1000019-B,CLASE MAGISTRAL,(20) Grupo 20,Jereson Silva Valencia,35,4
gh-31302862067,2026-08-09T03:12:12-05:00,1000019-B,CLASE LABORATORIO,(21) Grupo 21,Pedro Hernan Sanchez Machet,35,4
gh-31302862067,2026-08-09T03:12:12-05:00,1000019-B,CLASE TALLER,(21) Grupo 21,JOSE ALFREDO GOMEZ MATEUS,35,4
gh-31302862067,2026-08-09T03:12:12-05:00,1000019-B,CLASE MAGISTRAL,(21) Grupo 21,Diego Alejandro Torres Galindo,35,4
gh-31302862067,2026-08-09T03:12:12-05:00,1000019-B,CLASE LABORATORIO,(22) Grupo 22,Pedro Hernan Sanchez Machet,35,4
gh-31302862067,2026-08-09T03:12:12-05:00,1000019-B,CLASE TALLER,(22) Grupo 22,JULY PAOLA GARZÓN LOPEZ,35,4
gh-31302862067,2026-08-09T03:12:12-05:00,1000019-B,CLASE MAGISTRAL,(22) Grupo 22,Diego Alejandro Torres Galindo,35,4
gh-31302862067,2026-08-09T03:12:12-05:00,1000019-B,CLASE LABORATORIO,(23) Grupo 23,Pedro Hernan Sanchez Machet,35,4
gh-31302862067,2026-08-09T03:12:12-05:00,1000019-B,CLASE TALLER,(23) Grupo 23,Edna Carolina Pinilla Beltran,35,4
gh-31302862067,2026-08-09T03:12:12-05:00,1000019-B,CLASE MAGISTRAL,(23) Grupo 23,Diego Alejandro Torres Galindo,35,4
gh-31302862067,2026-08-09T03:12:12-05:00,1000019-B,CLASE LABORATORIO,(24) Grupo 24,Pedro Hernan Sanchez Machet,35,4
gh-31302862067,2026-08-09T03:12:12-05:00,1000019-B,CLASE TALLER,(24) Grupo 24,Diego Alejandro Torres Galindo,35,4
gh-31302862067,2026-08-09T03:12:12-05:00,1000019-B,CLASE MAGISTRAL,(24) Grupo 24,Diego Alejandro Torres Galindo,35,4
gh-31302862067,2026-08-09T03:12:12-05:00,1000019-B,CLASE LABORATORIO,(25) Grupo 25,Plinio Del Carmen Teheran Sermeno,45,4
gh-31302862067,2026-08-09T03:12:12-05:00,1000019-B,CLASE TALLER,(25) Grupo 25,Plinio Del Carmen Teheran Sermeno,45,4
gh-31302862067,2026-08-09T03:12:12-05:00,1000019-B,CLASE MAGISTRAL,(25) Grupo 25,Plinio Del Carmen Teheran Sermeno,45,4
gh-31302862067,2026-08-09T03:12:12-05:00,1000019-B,CLASE LABORATORIO,(26) Grupo 26 (VIRTUAL),Plinio Del Carmen Teheran Sermeno,50,4
gh-31302862067,2026-08-09T03:12:12-05:00,1000019-B,CLASE TALLER,(26) Grupo 26 (VIRTUAL),Plinio Del Carmen Teheran Sermeno,50,4
gh-31302862067,2026-08-09T03:12:12-05:00,1000019-B,CLASE MAGISTRAL,(26) Grupo 26 (VIRTUAL),Plinio Del Carmen Teheran Sermeno,50,4
gh-31302862067,2026-08-09T03:12:12-05:00,1000019-B,CLASE LABORATORIO,(27) Grupo 27 (VIRTUAL),Plinio Del Carmen Teheran Sermeno,50,4
gh-31302862067,2026-08-09T03:12:12-05:00,1000019-B,CLASE TALLER,(27) Grupo 27 (VIRTUAL),Plinio Del Carmen Teheran Sermeno,50,4
gh-31302862067,2026-08-09T03:12:12-05:00,1000019-B,CLASE MAGISTRAL,(27) Grupo 27 (VIRTUAL),Plinio Del Carmen Teheran Sermeno,50,4
gh-31302862067,2026-08-09T03:12:12-05:00,1000019-B,CLASE LABORATORIO,(28) Grupo 28 (VIRTUAL),Plinio Del Carmen Teheran Sermeno,50,4
gh-31302862067,2026-08-09T03:12:12-05:00,1000019-B,CLASE TALLER,(28) Grupo 28 (VIRTUAL),Plinio Del Carmen Teheran Sermeno,50,4
gh-31302862067,2026-08-09T03:12:12-05:00,1000019-B,CLASE MAGISTRAL,(28) Grupo 28 (VIRTUAL),Plinio Del Carmen Teheran Sermeno,50,4
gh-31302862067,2026-08-09T03:12:12-05:00,1000019-B,CLASE LABORATORIO,(29) Grupo 29 (VIRTUAL),Plinio Del Carmen Teheran Sermeno,50,4
gh-31302862067,2026-08-09T03:12:12-05:00,1000019-B,CLASE TALLER,(29) Grupo 29 (VIRTUAL),Plinio Del Carmen Teheran Sermeno,50,4
gh-31302862067,2026-08-09T03:12:12-05:00,1000019-B,CLASE MAGISTRAL,(29) Grupo 29 (VIRTUAL),Plinio Del Carmen Teheran Sermeno,50,4
gh-31302862067,2026-08-09T03:12:12-05:00,1000019-B,CLASE LABORATORIO,(3) Grupo 3,Gustavo Martinez Tamayo,35,4
gh-31302862067,2026-08-09T03:12:12-05:00,1000019-B,CLASE TALLER,(3) Grupo 3,Gustavo Martinez Tamayo,35,4
gh-31302862067,2026-08-09T03:12:12-05:00,1000019-B,CLASE MAGISTRAL,(3) Grupo 3,Gustavo Martinez Tamayo,35,4
gh-31302862067,2026-08-09T03:12:12-05:00,1000019-B,CLASE LABORATORIO,(4) Grupo 4,No informado,35,4
gh-31302862067,2026-08-09T03:12:12-05:00,1000019-B,CLASE TALLER,(4) Grupo 4,Jaime Villalobos Velasco,35,4
gh-31302862067,2026-08-09T03:12:12-05:00,1000019-B,CLASE MAGISTRAL,(4) Grupo 4,Gustavo Martinez Tamayo,35,4
gh-31302862067,2026-08-09T03:12:12-05:00,1000019-B,CLASE LABORATORIO,(5) Grupo 5,FABIAN FELIPE QUEVEDO FARIETA,35,4
gh-31302862067,2026-08-09T03:12:12-05:00,1000019-B,CLASE TALLER,(5) Grupo 5,Jaime Villalobos Velasco,35,4
gh-31302862067,2026-08-09T03:12:12-05:00,1000019-B,CLASE MAGISTRAL,(5) Grupo 5,Ramiro Cardona Cardona,35,4
gh-31302862067,2026-08-09T03:12:12-05:00,1000019-B,CLASE LABORATORIO,(6) Grupo 6,Jaime Villalobos Velasco,35,4
gh-31302862067,2026-08-09T03:12:12-05:00,1000019-B,CLASE TALLER,(6) Grupo 6,Ramiro Cardona Cardona,35,4
gh-31302862067,2026-08-09T03:12:12-05:00,1000019-B,CLASE MAGISTRAL,(6) Grupo 6,Ramiro Cardona Cardona,35,4
gh-31302862067,2026-08-09T03:12:12-05:00,1000019-B,CLASE LABORATORIO,(7) Grupo 7,Jaime Villalobos Velasco,35,4
gh-31302862067,2026-08-09T03:12:12-05:00,1000019-B,CLASE TALLER,(7) Grupo 7,Ramiro Cardona Cardona,35,4
gh-31302862067,2026-08-09T03:12:12-05:00,1000019-B,CLASE MAGISTRAL,(7) Grupo 7,Ramiro Cardona Cardona,35,4
gh-31302862067,2026-08-09T03:12:12-05:00,1000019-B,CLASE LABORATORIO,(8) Grupo 8,Jaime Villalobos Velasco,35,4
gh-31302862067,2026-08-09T03:12:12-05:00,1000019-B,CLASE TALLER,(8) Grupo 8,Edna Carolina Pinilla Beltran,35,4
gh-31302862067,2026-08-09T03:12:12-05:00,1000019-B,CLASE MAGISTRAL,(8) Grupo 8,Ramiro Cardona Cardona,35,4
gh-31302862067,2026-08-09T03:12:12-05:00,1000019-B,CLASE LABORATORIO,(9) Grupo 9,Erika Lorena Rosero Alzate,0,4
gh-31302862067,2026-08-09T03:12:12-05:00,1000019-B,CLASE TALLER,(9) Grupo 9,No informado,10,4
gh-31302862067,2026-08-09T03:12:12-05:00,1000019-B,CLASE MAGISTRAL,(9) Grupo 9,Fredy Angel Jimenez Giraldo,10,4
gh-31302862067,2026-08-09T03:12:15-05:00,2015703,NA,(1) Grupo 1,Angela Maria Arboleda Restrepo,40,5
gh-31302862067,2026-08-09T03:12:15-05:00,2015703,NA,(10) Grupo 10,Diego Alejandro Hernandez Castañeda,30,5
gh-31302862067,2026-08-09T03:12:15-05:00,2015703,NA,(11) Grupo 11,Julio Cesar Cañon Rodriguez,30,5
gh-31302862067,2026-08-09T03:12:15-05:00,2015703,NA,(2) Grupo 2,Osman Benjamin Giovanny Vargas Rozo,40,5
gh-31302862067,2026-08-09T03:12:15-05:00,2015703,NA,(3) Grupo 3,Hugo Alberto Herrera Fonseca,40,5
gh-31302862067,2026-08-09T03:12:15-05:00,2015703,NA,(4) Grupo 4,LINA JULIANA BULLA CASAS,30,5
gh-31302862067,2026-08-09T03:12:15-05:00,2015703,NA,(5) Grupo 5 - Virtual,Cesar Augusto Roa Lemus,60,5
gh-31302862067,2026-08-09T03:12:15-05:00,2015703,NA,(6) Grupo 6,JAVIER RICARDO OJEDA SANCHEZ,40,5
gh-31302862067,2026-08-09T03:12:15-05:00,2015703,NA,(7) Grupo 7,JAVIER RICARDO OJEDA SANCHEZ,20,5
gh-31302862067,2026-08-09T03:12:15-05:00,2015703,NA,(8) Grupo 8,Diego Alejandro Hernandez Castañeda,40,5
gh-31302862067,2026-08-09T03:12:15-05:00,2015703,NA,(9) Grupo 9,LINA JULIANA BULLA CASAS,35,5
gh-31302862067,2026-08-09T03:12:17-05:00,1000044-B,CLASE TEORICA,(1) Grupo 1,Beatriz Elena Urrutia Sanchez,26,6
gh-31302862067,2026-08-09T03:12:17-05:00,1000044-B,CLASE TEORICA,(2) Grupo 2,Yaneli Niño Osorio,26,6
gh-31302862067,2026-08-09T03:12:17-05:00,1000044-B,CLASE TEORICA,(3) Grupo 3,Luis Gabriel Peña Ortiz,26,6
gh-31302862067,2026-08-09T03:12:17-05:00,1000044-B,CLASE TEORICA,(4) Grupo 4,Liliana Marcela Guzman Aricapa,26,6
gh-31302862067,2026-08-09T03:12:17-05:00,1000044-B,CLASE TEORICA,(5) Grupo 5,Beatriz Elena Urrutia Sanchez,26,6
gh-31302862067,2026-08-09T03:12:17-05:00,1000044-B,CLASE TEORICA,(6) Grupo 6,Cesar Augusto Romero,26,6
gh-31302862067,2026-08-09T03:12:17-05:00,1000044-B,CLASE TEORICA,(7) Grupo 7,JOSE JONATHAN MAESTRE HERRERA,26,6
gh-31302862067,2026-08-09T03:12:17-05:00,1000044-B,CLASE TEORICA,(8) Grupo 8,Beymar Leonardo Solorzano Alviz,26,6
gh-31302862067,2026-08-09T03:12:17-05:00,1000044-B,CLASE TEORICA,(9) Grupo 9,Claudia Marcela Arevalo Gomez,7,6
gh-31302862067,2026-08-09T03:12:18-05:00,1000045-B,CLASE TEORICA,(1) Grupo 1,Claudia Marcela Arevalo Gomez,10,7
gh-31302862067,2026-08-09T03:12:18-05:00,1000045-B,CLASE TEORICA,(10) Grupo 10,Jesica paola Rendon Alfonso,26,7
gh-31302862067,2026-08-09T03:12:18-05:00,1000045-B,CLASE TEORICA,(11) Grupo 11,JOSE JONATHAN MAESTRE HERRERA,26,7
gh-31302862067,2026-08-09T03:12:18-05:00,1000045-B,CLASE TEORICA,(12) Grupo 12,LINDA JOHANA RUIZ GOMEZ,26,7
gh-31302862067,2026-08-09T03:12:18-05:00,1000045-B,CLASE TEORICA,(13) Grupo 13,Narly Yadira Pardo Cadena,26,7
gh-31302862067,2026-08-09T03:12:18-05:00,1000045-B,CLASE TEORICA,(14) Grupo 14,Angelica Saenz Fonseca,26,7
gh-31302862067,2026-08-09T03:12:18-05:00,1000045-B,CLASE TEORICA,(15) Grupo 15,Narly Yadira Pardo Cadena,26,7
gh-31302862067,2026-08-09T03:12:18-05:00,1000045-B,CLASE TEORICA,(16) Grupo 16,Luis Gabriel Peña Ortiz,26,7
gh-31302862067,2026-08-09T03:12:18-05:00,1000045-B,CLASE TEORICA,(2) Grupo 2,Cesar Augusto Romero,26,7
gh-31302862067,2026-08-09T03:12:18-05:00,1000045-B,CLASE TEORICA,(3) Grupo 3,Jesica paola Rendon Alfonso,26,7
gh-31302862067,2026-08-09T03:12:18-05:00,1000045-B,CLASE TEORICA,(4) Grupo 4,Adriana Marlen Sanchez Riaño,26,7
gh-31302862067,2026-08-09T03:12:18-05:00,1000045-B,CLASE TEORICA,(5) Grupo 5,Cesar Augusto Romero,26,7
gh-31302862067,2026-08-09T03:12:18-05:00,1000045-B,CLASE TEORICA,(6) Grupo 6,Sara Elisa Monsalve Patino,26,7
gh-31302862067,2026-08-09T03:12:18-05:00,1000045-B,CLASE TEORICA,(7) Grupo 7,Luis Gabriel Peña Ortiz,26,7
gh-31302862067,2026-08-09T03:12:18-05:00,1000045-B,CLASE TEORICA,(8) Grupo 8,Johnatan Martinez Hernandez,26,7
gh-31302862067,2026-08-09T03:12:18-05:00,1000045-B,CLASE TEORICA,(9) Grupo 9,Maureen Elizabeth Hooker Oneill,15,7
gh-31302862067,2026-08-09T03:12:21-05:00,1000046-B,CLASE TEORICA,(1) Grupo 1,Johnatan Martinez Hernandez,26,9
gh-31302862067,2026-08-09T03:12:21-05:00,1000046-B,CLASE TEORICA,(10) Grupo 10,Jennly Angelica Gomez Rodriguez,26,9
gh-31302862067,2026-08-09T03:12:21-05:00,1000046-B,CLASE TEORICA,(11) Grupo 11,Angelica Saenz Fonseca,26,9
gh-31302862067,2026-08-09T03:12:21-05:00,1000046-B,CLASE TEORICA,(12) Grupo 12,Liliana Marcela Guzman Aricapa,26,9
gh-31302862067,2026-08-09T03:12:21-05:00,1000046-B,CLASE TEORICA,(13) Grupo 13,ALBA LUCIA RIAÑO RODRIGUEZ,26,9
gh-31302862067,2026-08-09T03:12:21-05:00,1000046-B,CLASE TEORICA,(14) Grupo 14,Angelica Saenz Fonseca,26,9
gh-31302862067,2026-08-09T03:12:21-05:00,1000046-B,CLASE TEORICA,(15) Grupo 15,Luis Gabriel Peña Ortiz,26,9
gh-31302862067,2026-08-09T03:12:21-05:00,1000046-B,CLASE TEORICA,(16) Grupo 16,Olga Lucia Ruiz Convers,26,9
gh-31302862067,2026-08-09T03:12:21-05:00,1000046-B,CLASE TEORICA,(17) Grupo 17,Luis Gabriel Peña Ortiz,26,9
gh-31302862067,2026-08-09T03:12:21-05:00,1000046-B,CLASE TEORICA,(18) Grupo 18,Narly Yadira Pardo Cadena,26,9
gh-31302862067,2026-08-09T03:12:21-05:00,1000046-B,CLASE TEORICA,(2) Grupo 2,Jesica paola Rendon Alfonso,26,9
gh-31302862067,2026-08-09T03:12:21-05:00,1000046-B,CLASE TEORICA,(3) Grupo 3,JESUS DAVID TORRES RODRIGUEZ,26,9
gh-31302862067,2026-08-09T03:12:21-05:00,1000046-B,CLASE TEORICA,(4) Grupo 4,Claudia Patricia Cortes Lora,26,9
gh-31302862067,2026-08-09T03:12:21-05:00,1000046-B,CLASE TEORICA,(5) Grupo 5,Johnatan Martinez Hernandez,26,9
gh-31302862067,2026-08-09T03:12:21-05:00,1000046-B,CLASE TEORICA,(6) Grupo 6,Johnatan Martinez Hernandez,26,9
gh-31302862067,2026-08-09T03:12:21-05:00,1000046-B,CLASE TEORICA,(7) Grupo 7,Jesica paola Rendon Alfonso,26,9
gh-31302862067,2026-08-09T03:12:21-05:00,1000046-B,CLASE TEORICA,(8) Grupo 8,Beatriz Elena Urrutia Sanchez,26,9
gh-31302862067,2026-08-09T03:12:21-05:00,1000046-B,CLASE TEORICA,(9) Grupo 9,Maureen Elizabeth Hooker Oneill,10,9
gh-31302862067,2026-08-09T03:12:24-05:00,1000052-B,CLASE TEORICA,(1) Grupo 1,Liliana Marcela Guzman Aricapa,28,11
gh-31302862067,2026-08-09T03:12:24-05:00,1000052-B,CLASE TEORICA,(2) Grupo 2,JOSE JONATHAN MAESTRE HERRERA,28,11
gh-31302862067,2026-08-09T03:12:24-05:00,1000052-B,CLASE TEORICA,(3) Grupo 3,Aida Elena Monsalve Solorzano,28,11
gh-31302862067,2026-08-09T03:12:26-05:00,1000053-B,CLASE TEORICA,(1) Grupo 1,Jennly Angelica Gomez Rodriguez,28,12
gh-31302862067,2026-08-09T03:12:26-05:00,1000053-B,CLASE TEORICA,(2) Grupo 2,Yaneli Niño Osorio,28,12
gh-31302862067,2026-08-09T03:12:26-05:00,1000053-B,CLASE TEORICA,(3) Grupo 3,Javier Rodriguez Gomez,30,12
gh-31302862067,2026-08-09T03:12:26-05:00,1000053-B,CLASE TEORICA,(4) Grupo 4,Javier Rodriguez Gomez,30,12
gh-31302862067,2026-08-09T03:12:26-05:00,1000053-B,CLASE TEORICA,(5) Grupo 5,LINDA JOHANA RUIZ GOMEZ,28,12
gh-31302862067,2026-08-09T03:12:26-05:00,1000053-B,CLASE TEORICA,(6) Grupo 6,Olga Lucia Ruiz Convers,28,12
gh-31302862067,2026-08-09T03:12:28-05:00,1000047-B,CLASE TEORICA,(1) Grupo 1,Cesar Augusto Romero,26,13
gh-31302862067,2026-08-09T03:12:28-05:00,1000047-B,CLASE TEORICA,(10) Grupo 10,Monica Alexandra Riaño Orjuela,26,13
gh-31302862067,2026-08-09T03:12:28-05:00,1000047-B,CLASE TEORICA,(11) Grupo 11,Jennly Angelica Gomez Rodriguez,26,13
gh-31302862067,2026-08-09T03:12:28-05:00,1000047-B,CLASE TEORICA,(12) Grupo 12,Claudia Patricia Cortes Lora,26,13
gh-31302862067,2026-08-09T03:12:28-05:00,1000047-B,CLASE TEORICA,(13) Grupo 13,Angelica Saenz Fonseca,26,13
gh-31302862067,2026-08-09T03:12:28-05:00,1000047-B,CLASE TEORICA,(14) Grupo 14,LINDA JOHANA RUIZ GOMEZ,26,13
gh-31302862067,2026-08-09T03:12:28-05:00,1000047-B,CLASE TEORICA,(15) Grupo 15,Claudia Patricia Cortes Lora,26,13
gh-31302862067,2026-08-09T03:12:28-05:00,1000047-B,CLASE TEORICA,(16) Grupo 16,Narly Yadira Pardo Cadena,26,13
gh-31302862067,2026-08-09T03:12:28-05:00,1000047-B,CLASE TEORICA,(17) Grupo 17,Angelica Saenz Fonseca,26,13
gh-31302862067,2026-08-09T03:12:28-05:00,1000047-B,CLASE TEORICA,(18) Grupo 18,ALBA LUCIA RIAÑO RODRIGUEZ,26,13
gh-31302862067,2026-08-09T03:12:28-05:00,1000047-B,CLASE TEORICA,(19) Grupo 19,Aida Elena Monsalve Solorzano,26,13
gh-31302862067,2026-08-09T03:12:28-05:00,1000047-B,CLASE TEORICA,(2) Grupo 2,Yaneli Niño Osorio,26,13
gh-31302862067,2026-08-09T03:12:28-05:00,1000047-B,CLASE TEORICA,(20) Grupo 20,ALBA LUCIA RIAÑO RODRIGUEZ,26,13
gh-31302862067,2026-08-09T03:12:28-05:00,1000047-B,CLASE TEORICA,(21) Grupo 21,Edwin Yesid Leon Silva,26,13
gh-31302862067,2026-08-09T03:12:28-05:00,1000047-B,CLASE TEORICA,(22) Grupo 22,LINDA JOHANA RUIZ GOMEZ,26,13
gh-31302862067,2026-08-09T03:12:28-05:00,1000047-B,CLASE TEORICA,(3) Grupo 3,Monica Alexandra Riaño Orjuela,26,13
gh-31302862067,2026-08-09T03:12:28-05:00,1000047-B,CLASE TEORICA,(4) Grupo 4,Claudia Patricia Cortes Lora,26,13
gh-31302862067,2026-08-09T03:12:28-05:00,1000047-B,CLASE TEORICA,(5) Grupo 5,Olga Lucia Ruiz Convers,26,13
gh-31302862067,2026-08-09T03:12:28-05:00,1000047-B,CLASE TEORICA,(6) Grupo 6,Monica Alexandra Riaño Orjuela,26,13
gh-31302862067,2026-08-09T03:12:28-05:00,1000047-B,CLASE TEORICA,(7) Grupo 7,Cesar Augusto Romero,26,13
gh-31302862067,2026-08-09T03:12:28-05:00,1000047-B,CLASE TEORICA,(8) Grupo 8,Beatriz Elena Urrutia Sanchez,26,13
gh-31302862067,2026-08-09T03:12:28-05:00,1000047-B,CLASE TEORICA,(9) Grupo 9,Keshia Hilary Howard Livingston,15,13
gh-31302862067,2026-08-09T03:12:33-05:00,1000002-B,CLASE TEORICA,(1) Grupo 1 - Clase Presencial,Ruth Andrea Cortés Suárez,1,15
gh-31302862067,2026-08-09T03:12:33-05:00,1000002-B,CLASE TEORICA,(10) Grupo 10 - Clase presencial,Karen Johanna Castelblanco Villamil,0,15
gh-31302862067,2026-08-09T03:12:33-05:00,1000002-B,CLASE TEORICA,(2) Grupo 2 - Clase Presencial,Ruth Andrea Cortés Suárez,0,15
gh-31302862067,2026-08-09T03:12:33-05:00,1000002-B,CLASE TEORICA,(3) Grupo 3 - Clase Presencial,Adriana Patricia Díaz Cuevas,0,15
gh-31302862067,2026-08-09T03:12:33-05:00,1000002-B,CLASE TEORICA,(4) Grupo 4 - Clase Presencial,Adriana Patricia Díaz Cuevas,0,15
gh-31302862067,2026-08-09T03:12:33-05:00,1000002-B,CLASE TEORICA,(5) Grupo 5 - Clase Presencial,Andres Felipe Escovar Barreto,0,15
gh-31302862067,2026-08-09T03:12:33-05:00,1000002-B,CLASE TEORICA,(6) Grupo 6 - Clase Presencial,Ruth Andrea Cortés Suárez,0,15
gh-31302862067,2026-08-09T03:12:33-05:00,1000002-B,CLASE TEORICA,(7) Grupo 7 - Clase Presencial,Karen Johanna Castelblanco Villamil,0,15
gh-31302862067,2026-08-09T03:12:33-05:00,1000002-B,CLASE TEORICA,(8) Grupo 8 - Clase Presencial,Adriana Patricia Díaz Cuevas,0,15
gh-31302862067,2026-08-09T03:12:33-05:00,1000002-B,CLASE TEORICA,(9) Grupo 9 - Clase Presencial,Carlas Lucia Castilla Lara,10,15
gh-31302862067,2026-08-09T03:12:35-05:00,1000001-B,CLASE TEORICA,(1) Grupo 1,No informado,0,16
gh-31302862067,2026-08-09T03:12:35-05:00,1000001-B,CLASE MAGISTRAL,(1) Grupo 1,Ibeth Marcela Rubio Perilla,0,16
gh-31302862067,2026-08-09T03:12:35-05:00,1000001-B,CLASE MAGISTRAL,(10) Grupo 10,No informado,0,16
gh-31302862067,2026-08-09T03:12:35-05:00,1000001-B,CLASE TEORICA,(19) Grupo 19,No informado,5,16
gh-31302862067,2026-08-09T03:12:35-05:00,1000001-B,CLASE TEORICA,(2) Grupo 2,No informado,10,16
gh-31302862067,2026-08-09T03:12:35-05:00,1000001-B,CLASE MAGISTRAL,(2) Grupo 2,Herbert Alonso Dueñas Ruiz,0,16
gh-31302862067,2026-08-09T03:12:35-05:00,1000001-B,CLASE MAGISTRAL,(3) Grupo 3,Jeanneth Galeano Penaloza,0,16
gh-31302862067,2026-08-09T03:12:35-05:00,1000001-B,CLASE MAGISTRAL,(4) Grupo 4,Gustavo Adolfo Nieto Clavijo,0,16
gh-31302862067,2026-08-09T03:12:35-05:00,1000001-B,CLASE MAGISTRAL,(5) Grupo 5,Natalia Camila Pinzon Cortes,0,16
gh-31302862067,2026-08-09T03:12:35-05:00,1000001-B,CLASE MAGISTRAL,(6) Grupo 6,Martha Cecilia Moreno Penagos,0,16
gh-31302862067,2026-08-09T03:12:35-05:00,1000001-B,CLASE MAGISTRAL,(7) Grupo 7,Claudio Rodriguez Beltran,0,16
gh-31302862067,2026-08-09T03:12:35-05:00,1000001-B,CLASE MAGISTRAL,(8) Grupo 8,Gabriel Ignacio Padilla Leon,0,16
gh-31302862067,2026-08-09T03:12:35-05:00,1000001-B,CLASE MAGISTRAL,(9) Grupo 9,No informado,10,16
gh-31302862067,2026-08-09T03:12:37-05:00,2015970,CLASE PRACTICA,(4) Grupo 4,Helga Duarte,30,17
gh-31302862067,2026-08-09T03:12:37-05:00,2015970,CLASE PRACTICA,(5) Grupo 5,Oswaldo Rojas Camacho,45,17
gh-31302862067,2026-08-09T03:12:37-05:00,2015970,CLASE PRACTICA,(8) Grupo 8,Helga Duarte,30,17
gh-31302862067,2026-08-09T03:12:37-05:00,2015970,CLASE PRACTICA,(9) Grupo 9,Oswaldo Rojas Camacho,45,17
gh-31302862067,2026-08-09T03:12:38-05:00,2017293,CLASE TEORICA,(1) 2017293-1 Modelación matemática,JUAN SEBASTIÁN HINCAPIÉ MONTES,34,18
gh-31302862067,2026-08-09T03:12:38-05:00,2017293,CLASE MAGISTRAL,(1M) 2017293-1M Modelación matemática - Magistral,Carlos Alberto Duque Daza,80,18
gh-31302862067,2026-08-09T03:12:38-05:00,2017293,CLASE TEORICA,(2) 2017293-2 Modelación matemática,JUAN SEBASTIÁN HINCAPIÉ MONTES,34,18
gh-31302862067,2026-08-09T03:12:43-05:00,1000013-B,CLASE TEORICA,(1) Grupo 1,JHONIER SEBASTIAN RANGEL GUTIERREZ,0,21
gh-31302862067,2026-08-09T03:12:43-05:00,1000013-B,CLASE TEORICA,(10) Grupo 10,Sandra Vergara Cardozo,35,21
gh-31302862067,2026-08-09T03:12:43-05:00,1000013-B,CLASE TEORICA,(11) Grupo 11,DIEGO ALBERTO MARTINEZ SIMBAQUEVA,40,21
gh-31302862067,2026-08-09T03:12:43-05:00,1000013-B,CLASE TEORICA,(12) Grupo 12,DIEGO ALBERTO MARTINEZ SIMBAQUEVA,40,21
gh-31302862067,2026-08-09T03:12:43-05:00,1000013-B,CLASE TEORICA,(13) Grupo 13,DIEGO ALBERTO MARTINEZ SIMBAQUEVA,30,21
gh-31302862067,2026-08-09T03:12:43-05:00,1000013-B,CLASE TEORICA,(14) Grupo 14,Andrea Catalina Garcia Montoya,45,21
gh-31302862067,2026-08-09T03:12:43-05:00,1000013-B,CLASE TEORICA,(16) Grupo 16,Sergio Alejandro Calderon Villanueva,30,21
gh-31302862067,2026-08-09T03:12:43-05:00,1000013-B,CLASE TEORICA,(2) Grupo 2,Luis Guillermo Diaz Monroy,40,21
gh-31302862067,2026-08-09T03:12:43-05:00,1000013-B,CLASE TEORICA,(22) Grupo 22,Hanwen Zhang,45,21
gh-31302862067,2026-08-09T03:12:43-05:00,1000013-B,CLASE TEORICA,(23) Grupo 23,ULPIANO LARA CRISTANCHO,0,21
gh-31302862067,2026-08-09T03:12:43-05:00,1000013-B,CLASE TEORICA,(3) Grupo 3,Diana Carolina Franco Soto,40,21
gh-31302862067,2026-08-09T03:12:43-05:00,1000013-B,CLASE TEORICA,(4) Grupo 4,Diana Carolina Franco Soto,40,21
gh-31302862067,2026-08-09T03:12:43-05:00,1000013-B,CLASE TEORICA,(5) Grupo 5,Darwin Eduardo Martínez Riaño,35,21
gh-31302862067,2026-08-09T03:12:43-05:00,1000013-B,CLASE TEORICA,(6) Grupo 6,Darwin Eduardo Martínez Riaño,35,21
gh-31302862067,2026-08-09T03:12:43-05:00,1000013-B,CLASE TEORICA,(7) Grupo 7,Camilo Jose Torres Jimenez,40,21
gh-31302862067,2026-08-09T03:12:45-05:00,2015734,NA,(1) Grupo 1,Fernando Salazar Delgado,6,22
gh-31302862067,2026-08-09T03:12:45-05:00,2015734,NA,(10) Grupo 10,Tito Florez Calderon,4,22
gh-31302862067,2026-08-09T03:12:45-05:00,2015734,NA,(11) Grupo 11,DAVID ALBERTO HERRERA ALVAREZ,0,22
gh-31302862067,2026-08-09T03:12:45-05:00,2015734,NA,(12) Grupo 12,FABIEL NATÁN ESPINOSA CASTAÑEDA,1,22
gh-31302862067,2026-08-09T03:12:45-05:00,2015734,NA,(13) Grupo 13,SERGIO CAMILO ESPINOSA BOTERO,4,22
gh-31302862067,2026-08-09T03:12:45-05:00,2015734,NA,(14) Grupo 14,Felipe Gonzalez Roldan,0,22
gh-31302862067,2026-08-09T03:12:45-05:00,2015734,NA,(2) Grupo 2,Fernando Salazar Delgado,16,22
gh-31302862067,2026-08-09T03:12:45-05:00,2015734,NA,(3) Grupo 3,Jhoan Sebastian Restrepo Mendoza,0,22
gh-31302862067,2026-08-09T03:12:45-05:00,2015734,NA,(4) Grupo 4,Sandra Liliana Rojas Martinez,0,22
gh-31302862067,2026-08-09T03:12:45-05:00,2015734,NA,(5) Grupo 5,Jhoan Sebastian Restrepo Mendoza,0,22
gh-31302862067,2026-08-09T03:12:45-05:00,2015734,NA,(6) Grupo 6,SERGIO CAMILO ESPINOSA BOTERO,8,22
gh-31302862067,2026-08-09T03:12:45-05:00,2015734,NA,(7) Grupo 7,No informado,3,22
gh-31302862067,2026-08-09T03:12:45-05:00,2015734,NA,(8) Grupo 8 - Virtual,FABIEL NATÁN ESPINOSA CASTAÑEDA,30,22
gh-31302862067,2026-08-09T03:12:45-05:00,2015734,NA,(9) Grupo 9,Alvaro Reynel Córdoba,18,22
gh-31302862067,2026-08-09T03:12:48-05:00,2024045,CLASE TEORICA,(1) 2024045-1 Taller de proyectos interdisciplinarios,No informado,0,-1
gh-31302862067,2026-08-09T03:12:48-05:00,2024045,CLASE TEORICA,(10) 2024045-10 Taller de proyectos interdisciplinarios,Oscar Andres Eraso Eraso,0,-1
gh-31302862067,2026-08-09T03:12:48-05:00,2024045,CLASE TEORICA,(11) 2024045-11 Taller de proyectos interdisciplinarios,No informado,0,-1
gh-31302862067,2026-08-09T03:12:48-05:00,2024045,CLASE TEORICA,(12) 2024045-12 Taller de proyectos interdisciplinarios,Hector Julian Garcia Otalora,200,-1
gh-31302862067,2026-08-09T03:12:48-05:00,2024045,CLASE TEORICA,(13) 2024045-13 Taller de proyectos interdisciplinarios,No informado,0,-1
gh-31302862067,2026-08-09T03:12:48-05:00,2024045,CLASE TEORICA,(14) 2024045-14 Taller de proyectos interdisciplinarios,Dolly Santos Barbosa,0,-1
gh-31302862067,2026-08-09T03:12:48-05:00,2024045,CLASE TEORICA,(15) 2024045-15 Taller de proyectos interdisciplinarios,Oscar Andres Eraso Eraso,0,-1
gh-31302862067,2026-08-09T03:12:48-05:00,2024045,CLASE TEORICA,(16) 2024045-16 Taller de proyectos interdisciplinarios,Luis Ignacio Rodriguez Varela,0,-1
gh-31302862067,2026-08-09T03:12:48-05:00,2024045,CLASE TEORICA,(17) 2024045-17 Taller de proyectos interdisciplinarios,JOHANA CATALINA MANOSALVA BARRERA,0,-1
gh-31302862067,2026-08-09T03:12:48-05:00,2024045,CLASE TEORICA,(18) 2024045-18 Taller de proyectos interdisciplinarios,Fernando Bernal Martinez,0,-1
gh-31302862067,2026-08-09T03:12:48-05:00,2024045,CLASE TEORICA,(19) 2024045-19 Taller de proyectos interdisciplinarios,FRANCISCO JAVIER VÁSQUEZ VÁSQUEZ,0,-1
gh-31302862067,2026-08-09T03:12:48-05:00,2024045,CLASE TEORICA,(2) 2024045-2 Taller de proyectos interdisciplinarios,Fernando Bernal Martinez,0,-1
gh-31302862067,2026-08-09T03:12:48-05:00,2024045,CLASE TEORICA,(21) 2024045-21 Taller de proyectos interdisciplinarios,No informado,0,-1
gh-31302862067,2026-08-09T03:12:48-05:00,2024045,CLASE TEORICA,(22) 2024045-22 Taller de proyectos interdisciplinarios,Ubaldo Garcia Zaragoza,0,-1
gh-31302862067,2026-08-09T03:12:48-05:00,2024045,CLASE TEORICA,(23) 2024045-23 Taller de proyectos interdisciplinarios,No informado,0,-1
gh-31302862067,2026-08-09T03:12:48-05:00,2024045,CLASE TEORICA,(24) 2024045-24 Taller de proyectos interdisciplinarios,Hector Julian Garcia Otalora,200,-1
gh-31302862067,2026-08-09T03:12:48-05:00,2024045,CLASE TEORICA,(3) 2024045-3 Taller de proyectos interdisciplinarios,Guillermo Alberto Rocha Casas,0,-1
gh-31302862067,2026-08-09T03:12:48-05:00,2024045,CLASE TEORICA,(4) 2024045-4 Taller de proyectos interdisciplinarios,Francy Nayely Prieto Novoa,0,-1
gh-31302862067,2026-08-09T03:12:48-05:00,2024045,CLASE TEORICA,(40) 2024045-40 TPI-- NO BORRAR-- BLOQ ESPACIOS,No informado,0,-1
gh-31302862067,2026-08-09T03:12:48-05:00,2024045,CLASE TEORICA,(5) 2024045-5 Taller de proyectos interdisciplinarios,Nubia Carmenza Moreno Sarmiento,0,-1
gh-31302862067,2026-08-09T03:12:48-05:00,2024045,CLASE TEORICA,(6) 2024045-6 Taller de proyectos interdisciplinarios,JOHANA CATALINA MANOSALVA BARRERA,0,-1
gh-31302862067,2026-08-09T03:12:48-05:00,2024045,CLASE TEORICA,(7) 2024045-7 Taller de proyectos interdisciplinarios,Ubaldo Garcia Zaragoza,0,-1
gh-31302862067,2026-08-09T03:12:48-05:00,2024045,CLASE TEORICA,(8) 2024045-8 Taller de proyectos interdisciplinarios,JHON FREDDY LOPEZ MEDINA,0,-1
gh-31302862067,2026-08-09T03:12:48-05:00,2024045,CLASE TEORICA,(9) 2024045-9 Taller de proyectos interdisciplinarios,Manuel Alejandro Mayorga Betancourt,0,-1
gh-31305643470,2026-08-09T04:20:37-05:00,2015938,CLASE TEORICA,(1) Grupo 1,Maria Alejandra Caicedo Londoño,25,0
gh-31305643470,2026-08-09T04:20:37-05:00,2015938,CLASE TEORICA,(2) Grupo 2,Maria Alejandra Caicedo Londoño,25,0
gh-31305643470,2026-08-09T04:20:37-05:00,2015938,CLASE TEORICA,(3) Grupo 3,JOSE LUIS DIAZ AREVALO,25,0
gh-31305643470,2026-08-09T04:20:37-05:00,2015938,CLASE TEORICA,(4) Grupo 4,JOSE LUIS DIAZ AREVALO,24,0
gh-31305643470,2026-08-09T04:20:38-05:00,2015939,CLASE TEORICA,(1) Grupo 1,ALVARO MARTIN GUTIERREZ MALAXECHEBARRIA,25,1
gh-31305643470,2026-08-09T04:20:38-05:00,2015939,CLASE TEORICA,(2) Grupo 2,ALVARO MARTIN GUTIERREZ MALAXECHEBARRIA,25,1
gh-31305643470,2026-08-09T04:20:38-05:00,2015939,CLASE TEORICA,(3) Grupo 3,Edder Alexander Velandia Duran,25,1
gh-31305643470,2026-08-09T04:20:38-05:00,2015939,CLASE TEORICA,(4) Grupo 4,No informado,25,1
gh-31305643470,2026-08-09T04:20:39-05:00,1000003-B,NA,(1) Grupo 1,Erika Lorena Rosero Alzate; Oscar Andrés Rojas Sepúlveda,0,-1
gh-31305643470,2026-08-09T04:20:39-05:00,1000003-B,NA,(10) Grupo 10,Epifanio Lozano Ayala,14,-1
gh-31305643470,2026-08-09T04:20:39-05:00,1000003-B,NA,(11) Grupo 11,No informado,60,-1
gh-31305643470,2026-08-09T04:20:39-05:00,1000003-B,NA,(12) Grupo 12,No informado,40,-1
gh-31305643470,2026-08-09T04:20:39-05:00,1000003-B,NA,(13) Grupo 13,Mohammed EL AIDI,40,-1
gh-31305643470,2026-08-09T04:20:39-05:00,1000003-B,NA,(15) Grupo 15,Myriam Leonor Campos Florez,60,-1
gh-31305643470,2026-08-09T04:20:39-05:00,1000003-B,NA,(16) Grupo 16,No informado,60,-1
gh-31305643470,2026-08-09T04:20:39-05:00,1000003-B,NA,(17) Grupo 17,Martha Cecilia Moreno Penagos,40,-1
gh-31305643470,2026-08-09T04:20:39-05:00,1000003-B,NA,(18) Grupo 18,John Alexander Cruz Morales,52,-1
gh-31305643470,2026-08-09T04:20:39-05:00,1000003-B,NA,(20) Grupo 20,Natalia Camila Pinzon Cortes,60,-1
gh-31305643470,2026-08-09T04:20:39-05:00,1000003-B,NA,(21) Grupo 21,Ivon Andrea Dorado Correa,52,-1
gh-31305643470,2026-08-09T04:20:39-05:00,1000003-B,NA,(22) Grupo 22,No informado,46,-1
gh-31305643470,2026-08-09T04:20:39-05:00,1000003-B,NA,(3) Grupo 3,No informado,60,-1
gh-31305643470,2026-08-09T04:20:39-05:00,1000003-B,NA,(4) Grupo 4,Luis Alejandro Barbosa Torres,112,-1
gh-31305643470,2026-08-09T04:20:39-05:00,1000003-B,NA,(5) Grupo 5,Jaime David Mora Paz,60,-1
gh-31305643470,2026-08-09T04:20:39-05:00,1000003-B,NA,(7) Grupo 7,Myriam Leonor Campos Florez,40,-1
gh-31305643470,2026-08-09T04:20:39-05:00,1000003-B,NA,(8) Grupo 8,No informado,10,-1
gh-31305643470,2026-08-09T04:20:41-05:00,2015940,CLASE TEORICA,(1) Grupo 1,Maritzabel Molina Herrera,24,3
gh-31305643470,2026-08-09T04:20:41-05:00,2015940,CLASE TEORICA,(2) Grupo 2,Gabriel Andres Bernal Granados,24,3
gh-31305643470,2026-08-09T04:20:41-05:00,2015940,CLASE TEORICA,(3) Grupo 3,No informado,24,3
gh-31305643470,2026-08-09T04:20:42-05:00,2015941,CLASE TEORICA,(1) Grupo 1,Patricia Luna Tamayo,30,4
gh-31305643470,2026-08-09T04:20:42-05:00,2015941,CLASE TEORICA,(2) Grupo 2,No informado,30,4
gh-31305643470,2026-08-09T04:20:42-05:00,2015941,CLASE TEORICA,(3) Grupo 3,Carlos Ramiro Vallecilla Bahena,30,4
gh-31305643470,2026-08-09T04:20:42-05:00,2015941,CLASE TEORICA,(4) Grupo 4,No informado,30,4
gh-31305643470,2026-08-09T04:20:43-05:00,1000004-B,NA,(10) Grupo 10,No informado,53,5
gh-31305643470,2026-08-09T04:20:43-05:00,1000004-B,NA,(11) Grupo 11,No informado,24,5
gh-31305643470,2026-08-09T04:20:43-05:00,1000004-B,NA,(12) Grupo 12,No informado,24,5
gh-31305643470,2026-08-09T04:20:43-05:00,1000004-B,NA,(13) Grupo 13,No informado,16,5
gh-31305643470,2026-08-09T04:20:43-05:00,1000004-B,NA,(14) Grupo 14,No informado,90,5
gh-31305643470,2026-08-09T04:20:43-05:00,1000004-B,NA,(16) Grupo 16,No informado,27,5
gh-31305643470,2026-08-09T04:20:43-05:00,1000004-B,NA,(17) Grupo 17,Hernan Garzon Gutierrez,39,5
gh-31305643470,2026-08-09T04:20:43-05:00,1000004-B,NA,(19) Grupo 19,No informado,59,5
gh-31305643470,2026-08-09T04:20:43-05:00,1000004-B,NA,(2) Grupo 2,No informado,24,5
gh-31305643470,2026-08-09T04:20:43-05:00,1000004-B,NA,(20) Grupo 20,Hernan Garzon Gutierrez,10,5
gh-31305643470,2026-08-09T04:20:43-05:00,1000004-B,NA,(21) Grupo 21,No informado,60,5
gh-31305643470,2026-08-09T04:20:43-05:00,1000004-B,NA,(22) Grupo 22,No informado,60,5
gh-31305643470,2026-08-09T04:20:43-05:00,1000004-B,NA,(24) Grupo 24,Ricardo Ariel Pastran Ramirez,60,5
gh-31305643470,2026-08-09T04:20:43-05:00,1000004-B,NA,(25) Grupo 25,No informado,40,5
gh-31305643470,2026-08-09T04:20:43-05:00,1000004-B,NA,(27) Grupo 27,No informado,51,5
gh-31305643470,2026-08-09T04:20:43-05:00,1000004-B,NA,(28) Grupo 28,No informado,60,5
gh-31305643470,2026-08-09T04:20:43-05:00,1000004-B,NA,(29) Grupo 29,No informado,60,5
gh-31305643470,2026-08-09T04:20:43-05:00,1000004-B,NA,(30) Grupo 30,No informado,60,5
gh-31305643470,2026-08-09T04:20:43-05:00,1000004-B,NA,(32) Grupo 32,No informado,90,5
gh-31305643470,2026-08-09T04:20:43-05:00,1000004-B,NA,(4) Grupo 4,Myriam Leonor Campos Florez,37,5
gh-31305643470,2026-08-09T04:20:43-05:00,1000004-B,NA,(5) Grupo 5,Oscar Javier Lopez Alfonso,84,5
gh-31305643470,2026-08-09T04:20:43-05:00,1000004-B,NA,(7) Grupo 7,Anderson Arley Vera Arboleda,64,5
gh-31305643470,2026-08-09T04:20:43-05:00,1000004-B,NA,(8) Grupo 8,No informado,40,5
gh-31305643470,2026-08-09T04:20:43-05:00,1000004-B,NA,(9) Grupo 9,No informado,18,5
gh-31305643470,2026-08-09T04:20:45-05:00,1000006-B,NA,(1) Grupo 1,No informado,40,6
gh-31305643470,2026-08-09T04:20:45-05:00,1000006-B,NA,(10) Grupo 10,No informado,100,6
gh-31305643470,2026-08-09T04:20:45-05:00,1000006-B,NA,(11) Grupo 11,No informado,40,6
gh-31305643470,2026-08-09T04:20:45-05:00,1000006-B,NA,(12) Grupo 12,Leonid Lebedev,60,6
gh-31305643470,2026-08-09T04:20:45-05:00,1000006-B,NA,(13) Grupo 13,Juan Carlos Hernandez Rincon,40,6
gh-31305643470,2026-08-09T04:20:45-05:00,1000006-B,NA,(14) Grupo 14,No informado,60,6
gh-31305643470,2026-08-09T04:20:45-05:00,1000006-B,NA,(15) Grupo 15,No informado,112,6
gh-31305643470,2026-08-09T04:20:45-05:00,1000006-B,NA,(2) Grupo 2,EDIXON MANUEL ROJAS SANTANA,40,6
gh-31305643470,2026-08-09T04:20:45-05:00,1000006-B,NA,(3) Grupo 3,Cesar Augusto Gomez Sierra,40,6
gh-31305643470,2026-08-09T04:20:45-05:00,1000006-B,NA,(4) Grupo 4,Agustin Moreno Canadas,100,6
gh-31305643470,2026-08-09T04:20:45-05:00,1000006-B,NA,(5) Grupo 5,German Eduardo Fonseca Buitrago,40,6
gh-31305643470,2026-08-09T04:20:45-05:00,1000006-B,NA,(7) Grupo 7,No informado,70,6
gh-31305643470,2026-08-09T04:20:45-05:00,1000006-B,NA,(8) Grupo 8,Epifanio Lozano Ayala,60,6
gh-31305643470,2026-08-09T04:20:45-05:00,1000006-B,NA,(9) Grupo 9,Orlando Vanegas Canro,0,6
gh-31305643470,2026-08-09T04:20:47-05:00,1000005-B,NA,(1) Grupo 1,Orlando Vanegas Canro,0,7
gh-31305643470,2026-08-09T04:20:47-05:00,1000005-B,NA,(10) Grupo 10,Epifanio Lozano Ayala,50,7
gh-31305643470,2026-08-09T04:20:47-05:00,1000005-B,NA,(14) Grupo 14,Mohammed EL AIDI,40,7
gh-31305643470,2026-08-09T04:20:47-05:00,1000005-B,NA,(15) Grupo 15,Alina Fedosova,60,7
gh-31305643470,2026-08-09T04:20:47-05:00,1000005-B,NA,(16) Grupo 16,No informado,70,7
gh-31305643470,2026-08-09T04:20:47-05:00,1000005-B,NA,(17) Grupo 17,Hernan Garzon Gutierrez,40,7
gh-31305643470,2026-08-09T04:20:47-05:00,1000005-B,NA,(2) Grupo 2,RENE ERLIN CASTILLO,60,7
gh-31305643470,2026-08-09T04:20:47-05:00,1000005-B,NA,(20) Grupo 20,Franqui Solis Cardenas Poloche,40,7
gh-31305643470,2026-08-09T04:20:47-05:00,1000005-B,NA,(22) Grupo 22,No informado,60,7
gh-31305643470,2026-08-09T04:20:47-05:00,1000005-B,NA,(3) Grupo 3,Eduardo Cardenas Gomez,70,7
gh-31305643470,2026-08-09T04:20:47-05:00,1000005-B,NA,(4) Grupo 4,Edward Samuel Becerra Rojas,60,7
gh-31305643470,2026-08-09T04:20:47-05:00,1000005-B,NA,(6) Grupo 6,No informado,60,7
gh-31305643470,2026-08-09T04:20:47-05:00,1000005-B,NA,(7) Grupo 7,Franqui Solis Cardenas Poloche,100,7
gh-31305643470,2026-08-09T04:20:47-05:00,1000005-B,NA,(8) Grupo 8,No informado,40,7
gh-31305643470,2026-08-09T04:20:47-05:00,1000005-B,NA,(9) Grupo 9,No informado,10,7
gh-31305643470,2026-08-09T04:20:49-05:00,2015943,CLASE TEORICA,(1) Grupo 1,Carlos Orlando Robles Roa,15,9
gh-31305643470,2026-08-09T04:20:50-05:00,2015944,CLASE TEORICA,(1) Grupo 1,SANTIAGO RAMIREZ ECHEVERRI,15,10
gh-31305643470,2026-08-09T04:20:51-05:00,2015711,NA,(10) 2015711-10 Dibujo básico,Ariel Augusto Amaya Avila,0,11
gh-31305643470,2026-08-09T04:20:51-05:00,2015711,NA,(11) 2015711-11 Dibujo básico,Cesar Augusto Bacca Gonzalez,0,11
gh-31305643470,2026-08-09T04:20:51-05:00,2015711,NA,(14) 2015711-14 Dibujo básico,Cristian Felipe Morales Suárez,0,11
gh-31305643470,2026-08-09T04:20:51-05:00,2015711,NA,(16) 2015711-16 Dibujo básico,DAVID FELIPE TORRES ARCE,0,11
gh-31305643470,2026-08-09T04:20:51-05:00,2015711,NA,(4) 2015711-4 Dibujo básico,Cristian Felipe Morales Suárez,9,11
gh-31305643470,2026-08-09T04:20:51-05:00,2015711,NA,(5) 2015711-5 Dibujo básico,Sebastian Achury Ortiz,0,11
gh-31305643470,2026-08-09T04:20:51-05:00,2015711,NA,(7) 2015711-7 Dibujo básico,Cesar Augusto Bacca Gonzalez,20,11
gh-31305643470,2026-08-09T04:20:51-05:00,2015711,NA,(8) 2015711-8 Dibujo básico,Miguel Angel Baquero Cortes,0,11
gh-31305643470,2026-08-09T04:20:51-05:00,2015711,NA,(9) 2015711-9 Dibujo básico,EDWIN CAMILO REINA BELTRAN,0,11
gh-31305643470,2026-08-09T04:20:53-05:00,2015948,CLASE TEORICA,(1) Grupo 1,No informado,30,12
gh-31305643470,2026-08-09T04:20:53-05:00,2015948,CLASE TEORICA,(2) Grupo 2,Mauricio Alberto Tapias Camacho,30,12
gh-31305643470,2026-08-09T04:20:53-05:00,2015948,CLASE TEORICA,(3) Grupo 3,No informado,30,12
gh-31305643470,2026-08-09T04:20:54-05:00,2015950,CLASE TEORICA,(1) Grupo 1,No informado,25,13
gh-31305643470,2026-08-09T04:20:54-05:00,2015950,CLASE TEORICA,(2) Grupo 2,No informado,0,13
gh-31305643470,2026-08-09T04:20:54-05:00,2015950,CLASE TEORICA,(3) Grupo 3,Daniel Ricardo Lozano Monsalve,25,13
gh-31305643470,2026-08-09T04:20:54-05:00,2015950,CLASE TEORICA,(4) Grupo 4,No informado,25,13
gh-31305643470,2026-08-09T04:20:54-05:00,2015950,CLASE TEORICA,(5) Grupo 5,No informado,25,13
gh-31305643470,2026-08-09T04:20:55-05:00,2015949,CLASE TEORICA,(1) Grupo 1,Mario Javier Cardozo Chaux,30,14
gh-31305643470,2026-08-09T04:20:55-05:00,2015949,CLASE TEORICA,(2) Grupo 2,Wilson Ernesto Vargas Vargas,30,14
gh-31305643470,2026-08-09T04:20:55-05:00,2015949,CLASE TEORICA,(3) Grupo 3,No informado,30,14
gh-31305643470,2026-08-09T04:20:56-05:00,1000007-B,NA,(1) Grupo 1,German Eduardo Fonseca Buitrago,60,15
gh-31305643470,2026-08-09T04:20:56-05:00,1000007-B,NA,(11) Grupo 11,Leonid Lebedev,60,15
gh-31305643470,2026-08-09T04:20:56-05:00,1000007-B,NA,(12) Grupo 12,No informado,60,15
gh-31305643470,2026-08-09T04:20:56-05:00,1000007-B,NA,(13) Grupo 13,Omar Duque Gomez,40,15
gh-31305643470,2026-08-09T04:20:56-05:00,1000007-B,NA,(14) Grupo 14,No informado,100,15
gh-31305643470,2026-08-09T04:20:56-05:00,1000007-B,NA,(3) Grupo 3,Serafin Bautista Diaz,40,15
gh-31305643470,2026-08-09T04:20:56-05:00,1000007-B,NA,(4) Grupo 4,EDIXON MANUEL ROJAS SANTANA,60,15
gh-31305643470,2026-08-09T04:20:56-05:00,1000007-B,NA,(6) Grupo 6,Alexander Caviedes Castro,50,15
gh-31305643470,2026-08-09T04:20:56-05:00,1000007-B,NA,(7) Grupo 7,Oscar Guillermo Riaño Castañeda,40,15
gh-31305643470,2026-08-09T04:20:56-05:00,1000007-B,NA,(9) Grupo 9,Orlando Vanegas Canro,0,15
gh-31305643470,2026-08-09T04:20:58-05:00,2026134,CLASE TEORICA,(1) Grupo 1,No informado,0,16
gh-31305643470,2026-08-09T04:20:58-05:00,2026134,CLASE TEORICA,(2) Grupo 2,Juan Manuel Lizarazo Marriaga,30,16
gh-31305643470,2026-08-09T04:20:58-05:00,2026134,CLASE TEORICA,(3) Grupo 3,Maritzabel Molina Herrera,30,16
gh-31305643470,2026-08-09T04:20:58-05:00,2026134,CLASE TEORICA,(4) Grupo 4,Carlos Ramiro Vallecilla Bahena,30,16
gh-31305643470,2026-08-09T04:20:58-05:00,2026134,CLASE TEORICA,(5) Grupo 5,Fernando Lozano Osorno,30,16
gh-31305643470,2026-08-09T04:20:58-05:00,2026134,CLASE TEORICA,(6) Grupo 6,No informado,30,16
gh-31305643470,2026-08-09T04:20:59-05:00,2015954,CLASE TEORICA,(1) Grupo 1,Erasmo Alfredo Rodriguez Sandoval,30,17
gh-31305643470,2026-08-09T04:20:59-05:00,2015954,CLASE TEORICA,(2) Grupo 2,Mario Enrique Moreno Castiblanco,30,17
gh-31305643470,2026-08-09T04:20:59-05:00,2015954,CLASE TEORICA,(3) Grupo 3,Luis Alejandro Morales Marin,30,17
gh-31305643470,2026-08-09T04:21:00-05:00,2015955,CLASE TEORICA,(1) Grupo 1,Giovanni Andres Cortes Tovar,30,18
gh-31305643470,2026-08-09T04:21:00-05:00,2015955,CLASE TEORICA,(2) Grupo 2,Angela Barrera Puerto,30,18
gh-31305643470,2026-08-09T04:21:00-05:00,2015955,CLASE TEORICA,(3) Grupo 3,Giovanni Andres Cortes Tovar,30,18
gh-31305643470,2026-08-09T04:21:01-05:00,1000011-B,CLASE TEORICA,(1) Grupo 1,Ernesto Javier Puertas Dellepianes,118,19
gh-31305643470,2026-08-09T04:21:01-05:00,1000011-B,CLASE TEORICA,(3) Grupo 3,Néstor Fernando Perez Buitrago,12,19
gh-31305643470,2026-08-09T04:21:04-05:00,1000019-B,CLASE LABORATORIO,(1) Grupo 1,Gustavo Martinez Tamayo,35,20
gh-31305643470,2026-08-09T04:21:04-05:00,1000019-B,CLASE TALLER,(1) Grupo 1,FABIAN FELIPE QUEVEDO FARIETA,35,20
gh-31305643470,2026-08-09T04:21:04-05:00,1000019-B,CLASE MAGISTRAL,(1) Grupo 1,Gustavo Martinez Tamayo,35,20
gh-31305643470,2026-08-09T04:21:04-05:00,1000019-B,CLASE LABORATORIO,(10) Grupo 10,LUIS AGULLES PEDROS,35,20
gh-31305643470,2026-08-09T04:21:04-05:00,1000019-B,CLASE TALLER,(10) Grupo 10,Jhon Morales Aponte,35,20
gh-31305643470,2026-08-09T04:21:04-05:00,1000019-B,CLASE MAGISTRAL,(10) Grupo 10,Ovidio Amado Almanza Montero,35,20
gh-31305643470,2026-08-09T04:21:04-05:00,1000019-B,CLASE LABORATORIO,(11) Grupo 11,EVER DAVID ALCALA CAJAR,35,20
gh-31305643470,2026-08-09T04:21:04-05:00,1000019-B,CLASE TALLER,(11) Grupo 11,JULIAN MATEO DE MENDOZA GUTIERREZ,35,20
gh-31305643470,2026-08-09T04:21:04-05:00,1000019-B,CLASE MAGISTRAL,(11) Grupo 11,Ovidio Amado Almanza Montero,35,20
gh-31305643470,2026-08-09T04:21:04-05:00,1000019-B,CLASE LABORATORIO,(12) Grupo 12,FABIAN FELIPE QUEVEDO FARIETA,35,20
gh-31305643470,2026-08-09T04:21:04-05:00,1000019-B,CLASE TALLER,(12) Grupo 12,EVER DAVID ALCALA CAJAR,35,20
gh-31305643470,2026-08-09T04:21:04-05:00,1000019-B,CLASE MAGISTRAL,(12) Grupo 12,Ovidio Amado Almanza Montero,35,20
gh-31305643470,2026-08-09T04:21:04-05:00,1000019-B,CLASE LABORATORIO,(13) Grupo 13,Alvaro Marino Camargo,35,20
gh-31305643470,2026-08-09T04:21:04-05:00,1000019-B,CLASE TALLER,(13) Grupo 13,MIGUEL ENRIQUE GÁMEZ LÓPEZ,35,20
gh-31305643470,2026-08-09T04:21:04-05:00,1000019-B,CLASE MAGISTRAL,(13) Grupo 13,Alvaro Marino Camargo,35,20
gh-31305643470,2026-08-09T04:21:04-05:00,1000019-B,CLASE LABORATORIO,(14) Grupo 14,Alvaro Marino Camargo,35,20
gh-31305643470,2026-08-09T04:21:04-05:00,1000019-B,CLASE TALLER,(14) Grupo 14,No informado,35,20
gh-31305643470,2026-08-09T04:21:04-05:00,1000019-B,CLASE MAGISTRAL,(14) Grupo 14,Alvaro Marino Camargo,35,20
gh-31305643470,2026-08-09T04:21:04-05:00,1000019-B,CLASE LABORATORIO,(15) Grupo 15,JULIAN MATEO DE MENDOZA GUTIERREZ,32,20
gh-31305643470,2026-08-09T04:21:04-05:00,1000019-B,CLASE TALLER,(15) Grupo 15,EVER DAVID ALCALA CAJAR,32,20
gh-31305643470,2026-08-09T04:21:04-05:00,1000019-B,CLASE MAGISTRAL,(15) Grupo 15,Alvaro Marino Camargo,32,20
gh-31305643470,2026-08-09T04:21:04-05:00,1000019-B,CLASE MAGISTRAL,(16) Gruop 16,Erika Lorena Rosero Alzate; Daniel Camilo Padilla González,8,20
gh-31305643470,2026-08-09T04:21:04-05:00,1000019-B,CLASE LABORATORIO,(16) Grupo 16,Alvaro Marino Camargo,35,20
gh-31305643470,2026-08-09T04:21:04-05:00,1000019-B,CLASE TALLER,(16) Grupo 16,Edna Carolina Pinilla Beltran,35,20
gh-31305643470,2026-08-09T04:21:04-05:00,1000019-B,CLASE LABORATORIO,(17) Grupo 17,JULIAN MATEO DE MENDOZA GUTIERREZ,34,20
gh-31305643470,2026-08-09T04:21:04-05:00,1000019-B,CLASE TALLER,(17) Grupo 17,Jereson Silva Valencia,34,20
gh-31305643470,2026-08-09T04:21:04-05:00,1000019-B,CLASE MAGISTRAL,(17) Grupo 17,Jereson Silva Valencia,34,20
gh-31305643470,2026-08-09T04:21:04-05:00,1000019-B,CLASE LABORATORIO,(18) Grupo 18,Jaime Villalobos Velasco,34,20
gh-31305643470,2026-08-09T04:21:04-05:00,1000019-B,CLASE TALLER,(18) Grupo 18,Jereson Silva Valencia,34,20
gh-31305643470,2026-08-09T04:21:04-05:00,1000019-B,CLASE MAGISTRAL,(18) Grupo 18,Jereson Silva Valencia,34,20
gh-31305643470,2026-08-09T04:21:04-05:00,1000019-B,CLASE LABORATORIO,(19) Grupo 19,JULY PAOLA GARZÓN LOPEZ,32,20
gh-31305643470,2026-08-09T04:21:04-05:00,1000019-B,CLASE TALLER,(19) Grupo 19,Jereson Silva Valencia,32,20
gh-31305643470,2026-08-09T04:21:04-05:00,1000019-B,CLASE MAGISTRAL,(19) Grupo 19,Jereson Silva Valencia,32,20
gh-31305643470,2026-08-09T04:21:04-05:00,1000019-B,CLASE LABORATORIO,(2) Grupo 2,Gustavo Martinez Tamayo,35,20
gh-31305643470,2026-08-09T04:21:04-05:00,1000019-B,CLASE TALLER,(2) Grupo 2,Gustavo Martinez Tamayo,35,20
gh-31305643470,2026-08-09T04:21:04-05:00,1000019-B,CLASE MAGISTRAL,(2) Grupo 2,Gustavo Martinez Tamayo,35,20
gh-31305643470,2026-08-09T04:21:04-05:00,1000019-B,CLASE LABORATORIO,(20) Grupo 20,JOSE ALFREDO GOMEZ MATEUS,35,20
gh-31305643470,2026-08-09T04:21:04-05:00,1000019-B,CLASE TALLER,(20) Grupo 20,Jereson Silva Valencia,35,20
gh-31305643470,2026-08-09T04:21:04-05:00,1000019-B,CLASE MAGISTRAL,(20) Grupo 20,Jereson Silva Valencia,35,20
gh-31305643470,2026-08-09T04:21:04-05:00,1000019-B,CLASE LABORATORIO,(21) Grupo 21,Pedro Hernan Sanchez Machet,35,20
gh-31305643470,2026-08-09T04:21:04-05:00,1000019-B,CLASE TALLER,(21) Grupo 21,JOSE ALFREDO GOMEZ MATEUS,35,20
gh-31305643470,2026-08-09T04:21:04-05:00,1000019-B,CLASE MAGISTRAL,(21) Grupo 21,Diego Alejandro Torres Galindo,35,20
gh-31305643470,2026-08-09T04:21:04-05:00,1000019-B,CLASE LABORATORIO,(22) Grupo 22,Pedro Hernan Sanchez Machet,35,20
gh-31305643470,2026-08-09T04:21:04-05:00,1000019-B,CLASE TALLER,(22) Grupo 22,JULY PAOLA GARZÓN LOPEZ,35,20
gh-31305643470,2026-08-09T04:21:04-05:00,1000019-B,CLASE MAGISTRAL,(22) Grupo 22,Diego Alejandro Torres Galindo,35,20
gh-31305643470,2026-08-09T04:21:04-05:00,1000019-B,CLASE LABORATORIO,(23) Grupo 23,Pedro Hernan Sanchez Machet,35,20
gh-31305643470,2026-08-09T04:21:04-05:00,1000019-B,CLASE TALLER,(23) Grupo 23,Edna Carolina Pinilla Beltran,35,20
gh-31305643470,2026-08-09T04:21:04-05:00,1000019-B,CLASE MAGISTRAL,(23) Grupo 23,Diego Alejandro Torres Galindo,35,20
gh-31305643470,2026-08-09T04:21:04-05:00,1000019-B,CLASE LABORATORIO,(24) Grupo 24,Pedro Hernan Sanchez Machet,35,20
gh-31305643470,2026-08-09T04:21:04-05:00,1000019-B,CLASE TALLER,(24) Grupo 24,Diego Alejandro Torres Galindo,35,20
gh-31305643470,2026-08-09T04:21:04-05:00,1000019-B,CLASE MAGISTRAL,(24) Grupo 24,Diego Alejandro Torres Galindo,35,20
gh-31305643470,2026-08-09T04:21:04-05:00,1000019-B,CLASE LABORATORIO,(25) Grupo 25,Plinio Del Carmen Teheran Sermeno,45,20
gh-31305643470,2026-08-09T04:21:04-05:00,1000019-B,CLASE TALLER,(25) Grupo 25,Plinio Del Carmen Teheran Sermeno,45,20
gh-31305643470,2026-08-09T04:21:04-05:00,1000019-B,CLASE MAGISTRAL,(25) Grupo 25,Plinio Del Carmen Teheran Sermeno,45,20
gh-31305643470,2026-08-09T04:21:04-05:00,1000019-B,CLASE LABORATORIO,(26) Grupo 26 (VIRTUAL),Plinio Del Carmen Teheran Sermeno,50,20
gh-31305643470,2026-08-09T04:21:04-05:00,1000019-B,CLASE TALLER,(26) Grupo 26 (VIRTUAL),Plinio Del Carmen Teheran Sermeno,50,20
gh-31305643470,2026-08-09T04:21:04-05:00,1000019-B,CLASE MAGISTRAL,(26) Grupo 26 (VIRTUAL),Plinio Del Carmen Teheran Sermeno,50,20
gh-31305643470,2026-08-09T04:21:04-05:00,1000019-B,CLASE LABORATORIO,(27) Grupo 27 (VIRTUAL),Plinio Del Carmen Teheran Sermeno,50,20
gh-31305643470,2026-08-09T04:21:04-05:00,1000019-B,CLASE TALLER,(27) Grupo 27 (VIRTUAL),Plinio Del Carmen Teheran Sermeno,50,20
gh-31305643470,2026-08-09T04:21:04-05:00,1000019-B,CLASE MAGISTRAL,(27) Grupo 27 (VIRTUAL),Plinio Del Carmen Teheran Sermeno,50,20
gh-31305643470,2026-08-09T04:21:04-05:00,1000019-B,CLASE LABORATORIO,(28) Grupo 28 (VIRTUAL),Plinio Del Carmen Teheran Sermeno,50,20
gh-31305643470,2026-08-09T04:21:04-05:00,1000019-B,CLASE TALLER,(28) Grupo 28 (VIRTUAL),Plinio Del Carmen Teheran Sermeno,50,20
gh-31305643470,2026-08-09T04:21:04-05:00,1000019-B,CLASE MAGISTRAL,(28) Grupo 28 (VIRTUAL),Plinio Del Carmen Teheran Sermeno,50,20
gh-31305643470,2026-08-09T04:21:04-05:00,1000019-B,CLASE LABORATORIO,(29) Grupo 29 (VIRTUAL),Plinio Del Carmen Teheran Sermeno,50,20
gh-31305643470,2026-08-09T04:21:04-05:00,1000019-B,CLASE TALLER,(29) Grupo 29 (VIRTUAL),Plinio Del Carmen Teheran Sermeno,50,20
gh-31305643470,2026-08-09T04:21:04-05:00,1000019-B,CLASE MAGISTRAL,(29) Grupo 29 (VIRTUAL),Plinio Del Carmen Teheran Sermeno,50,20
gh-31305643470,2026-08-09T04:21:04-05:00,1000019-B,CLASE LABORATORIO,(3) Grupo 3,Gustavo Martinez Tamayo,35,20
gh-31305643470,2026-08-09T04:21:04-05:00,1000019-B,CLASE TALLER,(3) Grupo 3,Gustavo Martinez Tamayo,35,20
gh-31305643470,2026-08-09T04:21:04-05:00,1000019-B,CLASE MAGISTRAL,(3) Grupo 3,Gustavo Martinez Tamayo,35,20
gh-31305643470,2026-08-09T04:21:04-05:00,1000019-B,CLASE LABORATORIO,(4) Grupo 4,No informado,35,20
gh-31305643470,2026-08-09T04:21:04-05:00,1000019-B,CLASE TALLER,(4) Grupo 4,Jaime Villalobos Velasco,35,20
gh-31305643470,2026-08-09T04:21:04-05:00,1000019-B,CLASE MAGISTRAL,(4) Grupo 4,Gustavo Martinez Tamayo,35,20
gh-31305643470,2026-08-09T04:21:04-05:00,1000019-B,CLASE LABORATORIO,(5) Grupo 5,FABIAN FELIPE QUEVEDO FARIETA,35,20
gh-31305643470,2026-08-09T04:21:04-05:00,1000019-B,CLASE TALLER,(5) Grupo 5,Jaime Villalobos Velasco,35,20
gh-31305643470,2026-08-09T04:21:04-05:00,1000019-B,CLASE MAGISTRAL,(5) Grupo 5,Ramiro Cardona Cardona,35,20
gh-31305643470,2026-08-09T04:21:04-05:00,1000019-B,CLASE LABORATORIO,(6) Grupo 6,Jaime Villalobos Velasco,35,20
gh-31305643470,2026-08-09T04:21:04-05:00,1000019-B,CLASE TALLER,(6) Grupo 6,Ramiro Cardona Cardona,35,20
gh-31305643470,2026-08-09T04:21:04-05:00,1000019-B,CLASE MAGISTRAL,(6) Grupo 6,Ramiro Cardona Cardona,35,20
gh-31305643470,2026-08-09T04:21:04-05:00,1000019-B,CLASE LABORATORIO,(7) Grupo 7,Jaime Villalobos Velasco,35,20
gh-31305643470,2026-08-09T04:21:04-05:00,1000019-B,CLASE TALLER,(7) Grupo 7,Ramiro Cardona Cardona,35,20
gh-31305643470,2026-08-09T04:21:04-05:00,1000019-B,CLASE MAGISTRAL,(7) Grupo 7,Ramiro Cardona Cardona,35,20
gh-31305643470,2026-08-09T04:21:04-05:00,1000019-B,CLASE LABORATORIO,(8) Grupo 8,Jaime Villalobos Velasco,35,20
gh-31305643470,2026-08-09T04:21:04-05:00,1000019-B,CLASE TALLER,(8) Grupo 8,Edna Carolina Pinilla Beltran,35,20
gh-31305643470,2026-08-09T04:21:04-05:00,1000019-B,CLASE MAGISTRAL,(8) Grupo 8,Ramiro Cardona Cardona,35,20
gh-31305643470,2026-08-09T04:21:04-05:00,1000019-B,CLASE LABORATORIO,(9) Grupo 9,Erika Lorena Rosero Alzate,0,20
gh-31305643470,2026-08-09T04:21:04-05:00,1000019-B,CLASE TALLER,(9) Grupo 9,No informado,10,20
gh-31305643470,2026-08-09T04:21:04-05:00,1000019-B,CLASE MAGISTRAL,(9) Grupo 9,Fredy Angel Jimenez Giraldo,10,20
gh-31305643470,2026-08-09T04:21:05-05:00,2015956,CLASE TEORICA,(1) Grupo 1,Modesto Portilla Gamboa; Fernando Eli Romero Ordoñez,35,21
gh-31305643470,2026-08-09T04:21:05-05:00,2015956,CLASE TEORICA,(2) Grupo 2,Jennifer Angel Amaya,30,21
gh-31305643470,2026-08-09T04:21:05-05:00,2015956,CLASE TEORICA,(3) Grupo 3,Jennifer Angel Amaya,30,21
gh-31305643470,2026-08-09T04:21:05-05:00,2015956,CLASE TEORICA,(4) Grupo 4,Fernando Eli Romero Ordoñez; Modesto Portilla Gamboa,35,21
gh-31305643470,2026-08-09T04:21:06-05:00,2015957,CLASE PRACTICA,(1) Grupo 1,No informado,30,22
gh-31305643470,2026-08-09T04:21:06-05:00,2015957,CLASE PRACTICA,(2) Grupo 2,Samuel Fernando Mesa Giraldo,30,22
gh-31305643470,2026-08-09T04:21:06-05:00,2015957,CLASE PRACTICA,(3) Grupo 3,Rose Marie Aldana Boutin,30,22
gh-31305643470,2026-08-09T04:21:06-05:00,2015957,CLASE PRACTICA,(4) Grupo 4,Rose Marie Aldana Boutin,30,22
gh-31305643470,2026-08-09T04:21:07-05:00,2015958,CLASE PRACTICA,(1) Grupo 1,William Castro Garcia,20,23
gh-31305643470,2026-08-09T04:21:07-05:00,2015958,CLASE TEORICA,(1) Grupo 1,William Castro Garcia,40,23
gh-31305643470,2026-08-09T04:21:07-05:00,2015958,CLASE PRACTICA,(2) Grupo 2,William Castro Garcia,20,23
gh-31305643470,2026-08-09T04:21:07-05:00,2015958,CLASE PRACTICA,(3) Grupo 3,Carlos Alfonso Gomez Guacaneme,30,23
gh-31305643470,2026-08-09T04:21:07-05:00,2015958,CLASE TEORICA,(3) Grupo 3,Carlos Alfonso Gomez Guacaneme,30,23
gh-31305643470,2026-08-09T04:21:07-05:00,2015958,CLASE PRACTICA,(4) Grupo 4,Mario Arturo Rincon Villalba,20,23
gh-31305643470,2026-08-09T04:21:07-05:00,2015958,CLASE TEORICA,(4) Grupo 4,Mario Arturo Rincon Villalba,40,23
gh-31305643470,2026-08-09T04:21:07-05:00,2015958,CLASE PRACTICA,(5) Grupo 5,Mario Arturo Rincon Villalba,20,23
gh-31305643470,2026-08-09T04:21:07-05:00,2015958,CLASE PRACTICA,(6) Grupo 6,Fausto Alejandro Silva España,20,23
gh-31305643470,2026-08-09T04:21:07-05:00,2015958,CLASE TEORICA,(6) Grupo 6,Cesar Andres Cortes Bello,40,23
gh-31305643470,2026-08-09T04:21:07-05:00,2015958,CLASE PRACTICA,(7) Grupo 7,Fausto Alejandro Silva España,20,23
gh-31305643470,2026-08-09T04:21:07-05:00,2015958,CLASE PRACTICA,(8) Grupo 8,Fausto Alejandro Silva España,20,23
gh-31305643470,2026-08-09T04:21:07-05:00,2015958,CLASE TEORICA,(8) Grupo 8,Cesar Andres Cortes Bello,40,23
gh-31305643470,2026-08-09T04:21:07-05:00,2015958,CLASE PRACTICA,(9) Grupo 9,Fausto Alejandro Silva España,20,23
gh-31305643470,2026-08-09T04:21:09-05:00,2015959,CLASE TEORICA,(1) Grupo 1,Carlos Eduardo Rodriguez Pineda,30,24
gh-31305643470,2026-08-09T04:21:09-05:00,2015959,CLASE TEORICA,(2) Grupo 2,Guillermo Eduardo Avila Alvarez,30,24
gh-31305643470,2026-08-09T04:21:09-05:00,2015959,CLASE TEORICA,(3) Grupo 3,Livaniel Viveros Rosero,30,24
gh-31305643470,2026-08-09T04:21:09-05:00,2015959,CLASE TEORICA,(4) Grupo 4,No informado,0,24
gh-31305643470,2026-08-09T04:21:12-05:00,2015961,CLASE TEORICA,(1) Grupo 1,Rafael Orland Ortiz Mosquera,24,26
gh-31305643470,2026-08-09T04:21:12-05:00,2015961,CLASE TEORICA,(2) Grupo 2,Adriana Patricia Piña Fulano,24,26
gh-31305643470,2026-08-09T04:21:12-05:00,2015961,CLASE TEORICA,(3) Grupo 3,Gelber Norberto Gutierrez Palacios,24,26
gh-31305643470,2026-08-09T04:21:12-05:00,2015961,CLASE TEORICA,(4) Grupo 4,No informado,24,26
gh-31305643470,2026-08-09T04:21:12-05:00,2015961,CLASE TEORICA,(5) Grupo 5,No informado,24,26
gh-31305643470,2026-08-09T04:21:12-05:00,2015961,CLASE TEORICA,(6) Grupo 6,Leonardo David Donado Garzon,24,26
gh-31305643470,2026-08-09T04:21:13-05:00,2015978,CLASE TEORICA,(1) Grupo 1,No informado,0,27
gh-31305643470,2026-08-09T04:21:13-05:00,2015978,CLASE TEORICA,(2) Grupo 2,Erasmo Alfredo Rodriguez Sandoval,30,27
gh-31305643470,2026-08-09T04:21:13-05:00,2015978,CLASE TEORICA,(3) Grupo 3,No informado,30,27
gh-31305643470,2026-08-09T04:21:13-05:00,2015978,CLASE TEORICA,(4) Grupo 4,No informado,30,27
gh-31305643470,2026-08-09T04:21:13-05:00,2015978,CLASE TEORICA,(5) Grupo 5,No informado,30,27
gh-31305643470,2026-08-09T04:21:14-05:00,2026135,CLASE TEORICA,(1) Grupo 1,NICOLAS ESCALANTE MORA,25,28
gh-31305643470,2026-08-09T04:21:14-05:00,2026135,CLASE TEORICA,(2) Grupo 2,Leonel Vega Mora,25,28
gh-31305643470,2026-08-09T04:21:14-05:00,2026135,CLASE TEORICA,(3) Grupo 3,Leonel Vega Mora,25,28
gh-31305643470,2026-08-09T04:21:15-05:00,2015963,CLASE TEORICA,(1) Grupo 1,No informado,30,29
gh-31305643470,2026-08-09T04:21:15-05:00,2015963,CLASE TEORICA,(2) Grupo 2,No informado,30,29
gh-31305643470,2026-08-09T04:21:15-05:00,2015963,CLASE TEORICA,(3) Grupo 3,William Castro Garcia,30,29
gh-31305643470,2026-08-09T04:21:16-05:00,2026138,CLASE TEORICA,(1) Grupo 1,Ivan Dario Serrano Arrieta,30,30
gh-31305643470,2026-08-09T04:21:16-05:00,2026138,CLASE TEORICA,(2) Grupo 2,Ivan Dario Serrano Arrieta,30,30
gh-31305643470,2026-08-09T04:21:16-05:00,2026138,CLASE TEORICA,(3) Grupo 3,Pedro Luis Jimenez Poveda,30,30
gh-31305643470,2026-08-09T04:21:18-05:00,2015703,NA,(1) Grupo 1,Angela Maria Arboleda Restrepo,40,31
gh-31305643470,2026-08-09T04:21:18-05:00,2015703,NA,(10) Grupo 10,Diego Alejandro Hernandez Castañeda,30,31
gh-31305643470,2026-08-09T04:21:18-05:00,2015703,NA,(11) Grupo 11,Julio Cesar Cañon Rodriguez,30,31
gh-31305643470,2026-08-09T04:21:18-05:00,2015703,NA,(2) Grupo 2,Osman Benjamin Giovanny Vargas Rozo,40,31
gh-31305643470,2026-08-09T04:21:18-05:00,2015703,NA,(3) Grupo 3,Hugo Alberto Herrera Fonseca,40,31
gh-31305643470,2026-08-09T04:21:18-05:00,2015703,NA,(4) Grupo 4,LINA JULIANA BULLA CASAS,30,31
gh-31305643470,2026-08-09T04:21:18-05:00,2015703,NA,(5) Grupo 5 - Virtual,Cesar Augusto Roa Lemus,60,31
gh-31305643470,2026-08-09T04:21:18-05:00,2015703,NA,(6) Grupo 6,JAVIER RICARDO OJEDA SANCHEZ,40,31
gh-31305643470,2026-08-09T04:21:18-05:00,2015703,NA,(7) Grupo 7,JAVIER RICARDO OJEDA SANCHEZ,20,31
gh-31305643470,2026-08-09T04:21:18-05:00,2015703,NA,(8) Grupo 8,Diego Alejandro Hernandez Castañeda,40,31
gh-31305643470,2026-08-09T04:21:18-05:00,2015703,NA,(9) Grupo 9,LINA JULIANA BULLA CASAS,35,31
gh-31305643470,2026-08-09T04:21:19-05:00,1000044-B,CLASE TEORICA,(1) Grupo 1,Beatriz Elena Urrutia Sanchez,26,32
gh-31305643470,2026-08-09T04:21:19-05:00,1000044-B,CLASE TEORICA,(2) Grupo 2,Yaneli Niño Osorio,26,32
gh-31305643470,2026-08-09T04:21:19-05:00,1000044-B,CLASE TEORICA,(3) Grupo 3,Luis Gabriel Peña Ortiz,26,32
gh-31305643470,2026-08-09T04:21:19-05:00,1000044-B,CLASE TEORICA,(4) Grupo 4,Liliana Marcela Guzman Aricapa,26,32
gh-31305643470,2026-08-09T04:21:19-05:00,1000044-B,CLASE TEORICA,(5) Grupo 5,Beatriz Elena Urrutia Sanchez,26,32
gh-31305643470,2026-08-09T04:21:19-05:00,1000044-B,CLASE TEORICA,(6) Grupo 6,Cesar Augusto Romero,26,32
gh-31305643470,2026-08-09T04:21:19-05:00,1000044-B,CLASE TEORICA,(7) Grupo 7,JOSE JONATHAN MAESTRE HERRERA,26,32
gh-31305643470,2026-08-09T04:21:19-05:00,1000044-B,CLASE TEORICA,(8) Grupo 8,Beymar Leonardo Solorzano Alviz,26,32
gh-31305643470,2026-08-09T04:21:19-05:00,1000044-B,CLASE TEORICA,(9) Grupo 9,Claudia Marcela Arevalo Gomez,7,32
gh-31305643470,2026-08-09T04:21:21-05:00,1000045-B,CLASE TEORICA,(1) Grupo 1,Claudia Marcela Arevalo Gomez,10,33
gh-31305643470,2026-08-09T04:21:21-05:00,1000045-B,CLASE TEORICA,(10) Grupo 10,Jesica paola Rendon Alfonso,26,33
gh-31305643470,2026-08-09T04:21:21-05:00,1000045-B,CLASE TEORICA,(11) Grupo 11,JOSE JONATHAN MAESTRE HERRERA,26,33
gh-31305643470,2026-08-09T04:21:21-05:00,1000045-B,CLASE TEORICA,(12) Grupo 12,LINDA JOHANA RUIZ GOMEZ,26,33
gh-31305643470,2026-08-09T04:21:21-05:00,1000045-B,CLASE TEORICA,(13) Grupo 13,Narly Yadira Pardo Cadena,26,33
gh-31305643470,2026-08-09T04:21:21-05:00,1000045-B,CLASE TEORICA,(14) Grupo 14,Angelica Saenz Fonseca,26,33
gh-31305643470,2026-08-09T04:21:21-05:00,1000045-B,CLASE TEORICA,(15) Grupo 15,Narly Yadira Pardo Cadena,26,33
gh-31305643470,2026-08-09T04:21:21-05:00,1000045-B,CLASE TEORICA,(16) Grupo 16,Luis Gabriel Peña Ortiz,26,33
gh-31305643470,2026-08-09T04:21:21-05:00,1000045-B,CLASE TEORICA,(2) Grupo 2,Cesar Augusto Romero,26,33
gh-31305643470,2026-08-09T04:21:21-05:00,1000045-B,CLASE TEORICA,(3) Grupo 3,Jesica paola Rendon Alfonso,26,33
gh-31305643470,2026-08-09T04:21:21-05:00,1000045-B,CLASE TEORICA,(4) Grupo 4,Adriana Marlen Sanchez Riaño,26,33
gh-31305643470,2026-08-09T04:21:21-05:00,1000045-B,CLASE TEORICA,(5) Grupo 5,Cesar Augusto Romero,26,33
gh-31305643470,2026-08-09T04:21:21-05:00,1000045-B,CLASE TEORICA,(6) Grupo 6,Sara Elisa Monsalve Patino,26,33
gh-31305643470,2026-08-09T04:21:21-05:00,1000045-B,CLASE TEORICA,(7) Grupo 7,Luis Gabriel Peña Ortiz,26,33
gh-31305643470,2026-08-09T04:21:21-05:00,1000045-B,CLASE TEORICA,(8) Grupo 8,Johnatan Martinez Hernandez,26,33
gh-31305643470,2026-08-09T04:21:21-05:00,1000045-B,CLASE TEORICA,(9) Grupo 9,Maureen Elizabeth Hooker Oneill,15,33
gh-31305643470,2026-08-09T04:21:23-05:00,1000046-B,CLASE TEORICA,(1) Grupo 1,Johnatan Martinez Hernandez,26,35
gh-31305643470,2026-08-09T04:21:23-05:00,1000046-B,CLASE TEORICA,(10) Grupo 10,Jennly Angelica Gomez Rodriguez,26,35
gh-31305643470,2026-08-09T04:21:23-05:00,1000046-B,CLASE TEORICA,(11) Grupo 11,Angelica Saenz Fonseca,26,35
gh-31305643470,2026-08-09T04:21:23-05:00,1000046-B,CLASE TEORICA,(12) Grupo 12,Liliana Marcela Guzman Aricapa,26,35
gh-31305643470,2026-08-09T04:21:23-05:00,1000046-B,CLASE TEORICA,(13) Grupo 13,ALBA LUCIA RIAÑO RODRIGUEZ,26,35
gh-31305643470,2026-08-09T04:21:23-05:00,1000046-B,CLASE TEORICA,(14) Grupo 14,Angelica Saenz Fonseca,26,35
gh-31305643470,2026-08-09T04:21:23-05:00,1000046-B,CLASE TEORICA,(15) Grupo 15,Luis Gabriel Peña Ortiz,26,35
gh-31305643470,2026-08-09T04:21:23-05:00,1000046-B,CLASE TEORICA,(16) Grupo 16,Olga Lucia Ruiz Convers,26,35
gh-31305643470,2026-08-09T04:21:23-05:00,1000046-B,CLASE TEORICA,(17) Grupo 17,Luis Gabriel Peña Ortiz,26,35
gh-31305643470,2026-08-09T04:21:23-05:00,1000046-B,CLASE TEORICA,(18) Grupo 18,Narly Yadira Pardo Cadena,26,35
gh-31305643470,2026-08-09T04:21:23-05:00,1000046-B,CLASE TEORICA,(2) Grupo 2,Jesica paola Rendon Alfonso,26,35
gh-31305643470,2026-08-09T04:21:23-05:00,1000046-B,CLASE TEORICA,(3) Grupo 3,JESUS DAVID TORRES RODRIGUEZ,26,35
gh-31305643470,2026-08-09T04:21:23-05:00,1000046-B,CLASE TEORICA,(4) Grupo 4,Claudia Patricia Cortes Lora,26,35
gh-31305643470,2026-08-09T04:21:23-05:00,1000046-B,CLASE TEORICA,(5) Grupo 5,Johnatan Martinez Hernandez,26,35
gh-31305643470,2026-08-09T04:21:23-05:00,1000046-B,CLASE TEORICA,(6) Grupo 6,Johnatan Martinez Hernandez,26,35
gh-31305643470,2026-08-09T04:21:23-05:00,1000046-B,CLASE TEORICA,(7) Grupo 7,Jesica paola Rendon Alfonso,26,35
gh-31305643470,2026-08-09T04:21:23-05:00,1000046-B,CLASE TEORICA,(8) Grupo 8,Beatriz Elena Urrutia Sanchez,26,35
gh-31305643470,2026-08-09T04:21:23-05:00,1000046-B,CLASE TEORICA,(9) Grupo 9,Maureen Elizabeth Hooker Oneill,10,35
gh-31305643470,2026-08-09T04:21:26-05:00,1000052-B,CLASE TEORICA,(1) Grupo 1,Liliana Marcela Guzman Aricapa,28,37
gh-31305643470,2026-08-09T04:21:26-05:00,1000052-B,CLASE TEORICA,(2) Grupo 2,JOSE JONATHAN MAESTRE HERRERA,28,37
gh-31305643470,2026-08-09T04:21:26-05:00,1000052-B,CLASE TEORICA,(3) Grupo 3,Aida Elena Monsalve Solorzano,28,37
gh-31305643470,2026-08-09T04:21:27-05:00,1000053-B,CLASE TEORICA,(1) Grupo 1,Jennly Angelica Gomez Rodriguez,28,38
gh-31305643470,2026-08-09T04:21:27-05:00,1000053-B,CLASE TEORICA,(2) Grupo 2,Yaneli Niño Osorio,28,38
gh-31305643470,2026-08-09T04:21:27-05:00,1000053-B,CLASE TEORICA,(3) Grupo 3,Javier Rodriguez Gomez,30,38
gh-31305643470,2026-08-09T04:21:27-05:00,1000053-B,CLASE TEORICA,(4) Grupo 4,Javier Rodriguez Gomez,30,38
gh-31305643470,2026-08-09T04:21:27-05:00,1000053-B,CLASE TEORICA,(5) Grupo 5,LINDA JOHANA RUIZ GOMEZ,28,38
gh-31305643470,2026-08-09T04:21:27-05:00,1000053-B,CLASE TEORICA,(6) Grupo 6,Olga Lucia Ruiz Convers,28,38
gh-31305643470,2026-08-09T04:21:28-05:00,1000047-B,CLASE TEORICA,(1) Grupo 1,Cesar Augusto Romero,26,39
gh-31305643470,2026-08-09T04:21:28-05:00,1000047-B,CLASE TEORICA,(10) Grupo 10,Monica Alexandra Riaño Orjuela,26,39
gh-31305643470,2026-08-09T04:21:28-05:00,1000047-B,CLASE TEORICA,(11) Grupo 11,Jennly Angelica Gomez Rodriguez,26,39
gh-31305643470,2026-08-09T04:21:28-05:00,1000047-B,CLASE TEORICA,(12) Grupo 12,Claudia Patricia Cortes Lora,26,39
gh-31305643470,2026-08-09T04:21:28-05:00,1000047-B,CLASE TEORICA,(13) Grupo 13,Angelica Saenz Fonseca,26,39
gh-31305643470,2026-08-09T04:21:28-05:00,1000047-B,CLASE TEORICA,(14) Grupo 14,LINDA JOHANA RUIZ GOMEZ,26,39
gh-31305643470,2026-08-09T04:21:28-05:00,1000047-B,CLASE TEORICA,(15) Grupo 15,Claudia Patricia Cortes Lora,26,39
gh-31305643470,2026-08-09T04:21:28-05:00,1000047-B,CLASE TEORICA,(16) Grupo 16,Narly Yadira Pardo Cadena,26,39
gh-31305643470,2026-08-09T04:21:28-05:00,1000047-B,CLASE TEORICA,(17) Grupo 17,Angelica Saenz Fonseca,26,39
gh-31305643470,2026-08-09T04:21:28-05:00,1000047-B,CLASE TEORICA,(18) Grupo 18,ALBA LUCIA RIAÑO RODRIGUEZ,26,39
gh-31305643470,2026-08-09T04:21:28-05:00,1000047-B,CLASE TEORICA,(19) Grupo 19,Aida Elena Monsalve Solorzano,26,39
gh-31305643470,2026-08-09T04:21:28-05:00,1000047-B,CLASE TEORICA,(2) Grupo 2,Yaneli Niño Osorio,26,39
gh-31305643470,2026-08-09T04:21:28-05:00,1000047-B,CLASE TEORICA,(20) Grupo 20,ALBA LUCIA RIAÑO RODRIGUEZ,26,39
gh-31305643470,2026-08-09T04:21:28-05:00,1000047-B,CLASE TEORICA,(21) Grupo 21,Edwin Yesid Leon Silva,26,39
gh-31305643470,2026-08-09T04:21:28-05:00,1000047-B,CLASE TEORICA,(22) Grupo 22,LINDA JOHANA RUIZ GOMEZ,26,39
gh-31305643470,2026-08-09T04:21:28-05:00,1000047-B,CLASE TEORICA,(3) Grupo 3,Monica Alexandra Riaño Orjuela,26,39
gh-31305643470,2026-08-09T04:21:28-05:00,1000047-B,CLASE TEORICA,(4) Grupo 4,Claudia Patricia Cortes Lora,26,39
gh-31305643470,2026-08-09T04:21:28-05:00,1000047-B,CLASE TEORICA,(5) Grupo 5,Olga Lucia Ruiz Convers,26,39
gh-31305643470,2026-08-09T04:21:28-05:00,1000047-B,CLASE TEORICA,(6) Grupo 6,Monica Alexandra Riaño Orjuela,26,39
gh-31305643470,2026-08-09T04:21:28-05:00,1000047-B,CLASE TEORICA,(7) Grupo 7,Cesar Augusto Romero,26,39
gh-31305643470,2026-08-09T04:21:28-05:00,1000047-B,CLASE TEORICA,(8) Grupo 8,Beatriz Elena Urrutia Sanchez,26,39
gh-31305643470,2026-08-09T04:21:28-05:00,1000047-B,CLASE TEORICA,(9) Grupo 9,Keshia Hilary Howard Livingston,15,39
gh-31305643470,2026-08-09T04:21:31-05:00,2026186,CLASE TEORICA,(1) Grupo 1,Carol Andrea Murillo Feo,7,41
gh-31305643470,2026-08-09T04:21:31-05:00,2026186,CLASE TEORICA,(2) Grupo 2,Leonel Vega Mora,0,41
gh-31305643470,2026-08-09T04:21:31-05:00,2026186,CLASE TEORICA,(4) Grupo 4,Carlos Orlando Robles Roa,10,41
gh-31305643470,2026-08-09T04:21:32-05:00,1000002-B,CLASE TEORICA,(1) Grupo 1 - Clase Presencial,Ruth Andrea Cortés Suárez,1,42
gh-31305643470,2026-08-09T04:21:32-05:00,1000002-B,CLASE TEORICA,(10) Grupo 10 - Clase presencial,Karen Johanna Castelblanco Villamil,0,42
gh-31305643470,2026-08-09T04:21:32-05:00,1000002-B,CLASE TEORICA,(2) Grupo 2 - Clase Presencial,Ruth Andrea Cortés Suárez,0,42
gh-31305643470,2026-08-09T04:21:32-05:00,1000002-B,CLASE TEORICA,(3) Grupo 3 - Clase Presencial,Adriana Patricia Díaz Cuevas,0,42
gh-31305643470,2026-08-09T04:21:32-05:00,1000002-B,CLASE TEORICA,(4) Grupo 4 - Clase Presencial,Adriana Patricia Díaz Cuevas,0,42
gh-31305643470,2026-08-09T04:21:32-05:00,1000002-B,CLASE TEORICA,(5) Grupo 5 - Clase Presencial,Andres Felipe Escovar Barreto,0,42
gh-31305643470,2026-08-09T04:21:32-05:00,1000002-B,CLASE TEORICA,(6) Grupo 6 - Clase Presencial,Ruth Andrea Cortés Suárez,0,42
gh-31305643470,2026-08-09T04:21:32-05:00,1000002-B,CLASE TEORICA,(7) Grupo 7 - Clase Presencial,Karen Johanna Castelblanco Villamil,0,42
gh-31305643470,2026-08-09T04:21:32-05:00,1000002-B,CLASE TEORICA,(8) Grupo 8 - Clase Presencial,Adriana Patricia Díaz Cuevas,0,42
gh-31305643470,2026-08-09T04:21:32-05:00,1000002-B,CLASE TEORICA,(9) Grupo 9 - Clase Presencial,Carlas Lucia Castilla Lara,10,42
gh-31305643470,2026-08-09T04:21:34-05:00,1000001-B,CLASE TEORICA,(1) Grupo 1,No informado,0,43
gh-31305643470,2026-08-09T04:21:34-05:00,1000001-B,CLASE MAGISTRAL,(1) Grupo 1,Ibeth Marcela Rubio Perilla,0,43
gh-31305643470,2026-08-09T04:21:34-05:00,1000001-B,CLASE MAGISTRAL,(10) Grupo 10,No informado,0,43
gh-31305643470,2026-08-09T04:21:34-05:00,1000001-B,CLASE TEORICA,(19) Grupo 19,No informado,5,43
gh-31305643470,2026-08-09T04:21:34-05:00,1000001-B,CLASE TEORICA,(2) Grupo 2,No informado,10,43
gh-31305643470,2026-08-09T04:21:34-05:00,1000001-B,CLASE MAGISTRAL,(2) Grupo 2,Herbert Alonso Dueñas Ruiz,0,43
gh-31305643470,2026-08-09T04:21:34-05:00,1000001-B,CLASE MAGISTRAL,(3) Grupo 3,Jeanneth Galeano Penaloza,0,43
gh-31305643470,2026-08-09T04:21:34-05:00,1000001-B,CLASE MAGISTRAL,(4) Grupo 4,Gustavo Adolfo Nieto Clavijo,0,43
gh-31305643470,2026-08-09T04:21:34-05:00,1000001-B,CLASE MAGISTRAL,(5) Grupo 5,Natalia Camila Pinzon Cortes,0,43
gh-31305643470,2026-08-09T04:21:34-05:00,1000001-B,CLASE MAGISTRAL,(6) Grupo 6,Martha Cecilia Moreno Penagos,0,43
gh-31305643470,2026-08-09T04:21:34-05:00,1000001-B,CLASE MAGISTRAL,(7) Grupo 7,Claudio Rodriguez Beltran,0,43
gh-31305643470,2026-08-09T04:21:34-05:00,1000001-B,CLASE MAGISTRAL,(8) Grupo 8,Gabriel Ignacio Padilla Leon,0,43
gh-31305643470,2026-08-09T04:21:34-05:00,1000001-B,CLASE MAGISTRAL,(9) Grupo 9,No informado,10,43
gh-31305643470,2026-08-09T04:21:35-05:00,2015965,CLASE TEORICA,(1) Grupo 1,CAMILO RIOS FRESNEDA,24,44
gh-31305643470,2026-08-09T04:21:35-05:00,2015965,CLASE TEORICA,(2) Grupo 2,Julian David Puerto Suarez; Vladimir Buelvas Hernández,24,44
gh-31305643470,2026-08-09T04:21:35-05:00,2015965,CLASE TEORICA,(3) Grupo 3,Ferney Betancourt Cardozo; Juan Manuel Lizarazo Marriaga,24,44
gh-31305643470,2026-08-09T04:21:35-05:00,2015965,CLASE TEORICA,(4) Grupo 4,No informado,24,44
gh-31305643470,2026-08-09T04:21:36-05:00,2015966,CLASE TEORICA,(1) Grupo 1,No informado,24,45
gh-31305643470,2026-08-09T04:21:36-05:00,2015966,CLASE TEORICA,(2) Grupo 2,Adriana Patricia Piña Fulano,24,45
gh-31305643470,2026-08-09T04:21:36-05:00,2015966,CLASE TEORICA,(3) Grupo 3,Rafael Orland Ortiz Mosquera,24,45
gh-31305643470,2026-08-09T04:21:36-05:00,2015966,CLASE TEORICA,(4) Grupo 4,No informado,24,45
gh-31305643470,2026-08-09T04:21:36-05:00,2015966,CLASE TEORICA,(5) Grupo 5,No informado,24,45
gh-31305643470,2026-08-09T04:21:36-05:00,2015966,CLASE TEORICA,(6) Grupo 6,Luis Alejandro Morales Marin,24,45
gh-31305643470,2026-08-09T04:21:36-05:00,2015966,CLASE TEORICA,(7) Grupo 7,No informado,24,45
gh-31305643470,2026-08-09T04:21:36-05:00,2015966,CLASE TEORICA,(8) Grupo 8,No informado,24,45
gh-31305643470,2026-08-09T04:21:37-05:00,2015967,NA,(1) Grupo 1,Vladimir Buelvas Hernández,24,46
gh-31305643470,2026-08-09T04:21:39-05:00,2015968,CLASE TEORICA,(1) Grupo 1,Ricardo Parra Arango,24,47
gh-31305643470,2026-08-09T04:21:39-05:00,2015968,CLASE TEORICA,(2) Grupo 2,Juan David Oliveros Salazar,24,47
gh-31305643470,2026-08-09T04:21:39-05:00,2015968,CLASE TEORICA,(3) Grupo 3,No informado,24,47
gh-31305643470,2026-08-09T04:21:39-05:00,2015968,CLASE TEORICA,(4) Grupo 4,Ricardo Parra Arango,24,47
gh-31305643470,2026-08-09T04:21:39-05:00,2015968,CLASE TEORICA,(5) Grupo 5,Julian David Puerto Suarez,24,47
gh-31305643470,2026-08-09T04:21:39-05:00,2015968,CLASE TEORICA,(6) Grupo 6,Dorian Luis Linero Segrera,24,47
gh-31305643470,2026-08-09T04:21:39-05:00,2015968,CLASE TEORICA,(7) Grupo 7,No informado,0,47
gh-31305643470,2026-08-09T04:21:40-05:00,2015969,CLASE TEORICA,(1) Grupo 1 (Inglés),Julio Esteban Colmenares Montañez,30,48
gh-31305643470,2026-08-09T04:21:40-05:00,2015969,CLASE TEORICA,(2) Grupo 2,Guillermo Eduardo Avila Alvarez,30,48
gh-31305643470,2026-08-09T04:21:40-05:00,2015969,CLASE TEORICA,(3) Grupo 3,Livaniel Viveros Rosero,30,48
gh-31305643470,2026-08-09T04:21:40-05:00,2015969,CLASE TEORICA,(4) Grupo 4,No informado,30,48
gh-31305643470,2026-08-09T04:21:41-05:00,2015970,CLASE PRACTICA,(4) Grupo 4,Helga Duarte,30,49
gh-31305643470,2026-08-09T04:21:41-05:00,2015970,CLASE PRACTICA,(5) Grupo 5,Oswaldo Rojas Camacho,45,49
gh-31305643470,2026-08-09T04:21:41-05:00,2015970,CLASE PRACTICA,(8) Grupo 8,Helga Duarte,30,49
gh-31305643470,2026-08-09T04:21:41-05:00,2015970,CLASE PRACTICA,(9) Grupo 9,Oswaldo Rojas Camacho,45,49
gh-31305643470,2026-08-09T04:21:42-05:00,2017293,CLASE TEORICA,(1) 2017293-1 Modelación matemática,JUAN SEBASTIÁN HINCAPIÉ MONTES,34,50
gh-31305643470,2026-08-09T04:21:42-05:00,2017293,CLASE MAGISTRAL,(1M) 2017293-1M Modelación matemática - Magistral,Carlos Alberto Duque Daza,80,50
gh-31305643470,2026-08-09T04:21:42-05:00,2017293,CLASE TEORICA,(2) 2017293-2 Modelación matemática,JUAN SEBASTIÁN HINCAPIÉ MONTES,34,50
gh-31305643470,2026-08-09T04:21:46-05:00,2015971,CLASE TEORICA,(1) Grupo 1,No informado,30,53
gh-31305643470,2026-08-09T04:21:46-05:00,2015971,CLASE TEORICA,(2) Grupo 2,Ferney Betancourt Cardozo,30,53
gh-31305643470,2026-08-09T04:21:46-05:00,2015971,CLASE TEORICA,(3) Grupo 3,No informado,30,53
gh-31305643470,2026-08-09T04:21:47-05:00,2015972,CLASE TEORICA,(1) Grupo 1,Carlos Alberto Moncada Aristizabal,15,54
gh-31305643470,2026-08-09T04:21:47-05:00,2015972,CLASE TEORICA,(2) Grupo 2,SANTIAGO RAMIREZ ECHEVERRI,15,54
gh-31305643470,2026-08-09T04:21:47-05:00,2015972,CLASE TEORICA,(3) Grupo 3,No informado,15,54
gh-31305643470,2026-08-09T04:21:48-05:00,1000024-B,CLASE TEORICA,(12) Grupo 12,Edgar Delgado Mejia,0,55
gh-31305643470,2026-08-09T04:21:48-05:00,1000024-B,CLASE TEORICA,(13) Grupo 13,Jesus Sigifredo Valencia Rios,0,55
gh-31305643470,2026-08-09T04:21:48-05:00,1000024-B,CLASE TEORICA,(14) Grupo 14,Jhon Jairo Aragón Arias,10,55
gh-31305643470,2026-08-09T04:21:50-05:00,1000013-B,CLASE TEORICA,(1) Grupo 1,JHONIER SEBASTIAN RANGEL GUTIERREZ,0,56
gh-31305643470,2026-08-09T04:21:50-05:00,1000013-B,CLASE TEORICA,(10) Grupo 10,Sandra Vergara Cardozo,35,56
gh-31305643470,2026-08-09T04:21:50-05:00,1000013-B,CLASE TEORICA,(11) Grupo 11,DIEGO ALBERTO MARTINEZ SIMBAQUEVA,40,56
gh-31305643470,2026-08-09T04:21:50-05:00,1000013-B,CLASE TEORICA,(12) Grupo 12,DIEGO ALBERTO MARTINEZ SIMBAQUEVA,40,56
gh-31305643470,2026-08-09T04:21:50-05:00,1000013-B,CLASE TEORICA,(13) Grupo 13,DIEGO ALBERTO MARTINEZ SIMBAQUEVA,30,56
gh-31305643470,2026-08-09T04:21:50-05:00,1000013-B,CLASE TEORICA,(14) Grupo 14,Andrea Catalina Garcia Montoya,45,56
gh-31305643470,2026-08-09T04:21:50-05:00,1000013-B,CLASE TEORICA,(16) Grupo 16,Sergio Alejandro Calderon Villanueva,30,56
gh-31305643470,2026-08-09T04:21:50-05:00,1000013-B,CLASE TEORICA,(2) Grupo 2,Luis Guillermo Diaz Monroy,40,56
gh-31305643470,2026-08-09T04:21:50-05:00,1000013-B,CLASE TEORICA,(22) Grupo 22,Hanwen Zhang,45,56
gh-31305643470,2026-08-09T04:21:50-05:00,1000013-B,CLASE TEORICA,(23) Grupo 23,ULPIANO LARA CRISTANCHO,0,56
gh-31305643470,2026-08-09T04:21:50-05:00,1000013-B,CLASE TEORICA,(3) Grupo 3,Diana Carolina Franco Soto,40,56
gh-31305643470,2026-08-09T04:21:50-05:00,1000013-B,CLASE TEORICA,(4) Grupo 4,Diana Carolina Franco Soto,40,56
gh-31305643470,2026-08-09T04:21:50-05:00,1000013-B,CLASE TEORICA,(5) Grupo 5,Darwin Eduardo Martínez Riaño,35,56
gh-31305643470,2026-08-09T04:21:50-05:00,1000013-B,CLASE TEORICA,(6) Grupo 6,Darwin Eduardo Martínez Riaño,35,56
gh-31305643470,2026-08-09T04:21:50-05:00,1000013-B,CLASE TEORICA,(7) Grupo 7,Camilo Jose Torres Jimenez,40,56
gh-31305643470,2026-08-09T04:21:51-05:00,2015734,NA,(1) Grupo 1,Fernando Salazar Delgado,6,57
gh-31305643470,2026-08-09T04:21:51-05:00,2015734,NA,(10) Grupo 10,Tito Florez Calderon,4,57
gh-31305643470,2026-08-09T04:21:51-05:00,2015734,NA,(11) Grupo 11,DAVID ALBERTO HERRERA ALVAREZ,0,57
gh-31305643470,2026-08-09T04:21:51-05:00,2015734,NA,(12) Grupo 12,FABIEL NATÁN ESPINOSA CASTAÑEDA,1,57
gh-31305643470,2026-08-09T04:21:51-05:00,2015734,NA,(13) Grupo 13,SERGIO CAMILO ESPINOSA BOTERO,4,57
gh-31305643470,2026-08-09T04:21:51-05:00,2015734,NA,(14) Grupo 14,Felipe Gonzalez Roldan,0,57
gh-31305643470,2026-08-09T04:21:51-05:00,2015734,NA,(2) Grupo 2,Fernando Salazar Delgado,16,57
gh-31305643470,2026-08-09T04:21:51-05:00,2015734,NA,(3) Grupo 3,Jhoan Sebastian Restrepo Mendoza,0,57
gh-31305643470,2026-08-09T04:21:51-05:00,2015734,NA,(4) Grupo 4,Sandra Liliana Rojas Martinez,0,57
gh-31305643470,2026-08-09T04:21:51-05:00,2015734,NA,(5) Grupo 5,Jhoan Sebastian Restrepo Mendoza,0,57
gh-31305643470,2026-08-09T04:21:51-05:00,2015734,NA,(6) Grupo 6,SERGIO CAMILO ESPINOSA BOTERO,8,57
gh-31305643470,2026-08-09T04:21:51-05:00,2015734,NA,(7) Grupo 7,No informado,3,57
gh-31305643470,2026-08-09T04:21:51-05:00,2015734,NA,(8) Grupo 8 - Virtual,FABIEL NATÁN ESPINOSA CASTAÑEDA,30,57
gh-31305643470,2026-08-09T04:21:51-05:00,2015734,NA,(9) Grupo 9,Alvaro Reynel Córdoba,18,57
gh-31305643470,2026-08-09T04:21:53-05:00,2015973,CLASE TEORICA,(1) Grupo 1,No informado,25,59
gh-31305643470,2026-08-09T04:21:53-05:00,2015973,CLASE TEORICA,(2) Grupo 2,GABRIELA ARRIETA LOYO,25,59
gh-31305643470,2026-08-09T04:21:53-05:00,2015973,CLASE TEORICA,(3) Grupo 3,NICOLAS ESCALANTE MORA,25,59
gh-31305643470,2026-08-09T04:21:55-05:00,2022761,NA,(1) Grupo 1,Servio Javier Contreras Guerrero,15,60
gh-31305643470,2026-08-09T04:21:55-05:00,2022761,NA,(2) Grupo 2,Servio Javier Contreras Guerrero,15,60
gh-31305643470,2026-08-09T04:21:55-05:00,2022761,NA,(3) Grupo 3,Samuel Fernando Mesa Giraldo,15,60
gh-31305643470,2026-08-09T04:21:56-05:00,2024045,CLASE TEORICA,(1) 2024045-1 Taller de proyectos interdisciplinarios,No informado,0,-1
gh-31305643470,2026-08-09T04:21:56-05:00,2024045,CLASE TEORICA,(10) 2024045-10 Taller de proyectos interdisciplinarios,Oscar Andres Eraso Eraso,0,-1
gh-31305643470,2026-08-09T04:21:56-05:00,2024045,CLASE TEORICA,(11) 2024045-11 Taller de proyectos interdisciplinarios,No informado,0,-1
gh-31305643470,2026-08-09T04:21:56-05:00,2024045,CLASE TEORICA,(12) 2024045-12 Taller de proyectos interdisciplinarios,Hector Julian Garcia Otalora,200,-1
gh-31305643470,2026-08-09T04:21:56-05:00,2024045,CLASE TEORICA,(13) 2024045-13 Taller de proyectos interdisciplinarios,No informado,0,-1
gh-31305643470,2026-08-09T04:21:56-05:00,2024045,CLASE TEORICA,(14) 2024045-14 Taller de proyectos interdisciplinarios,Dolly Santos Barbosa,0,-1
gh-31305643470,2026-08-09T04:21:56-05:00,2024045,CLASE TEORICA,(15) 2024045-15 Taller de proyectos interdisciplinarios,Oscar Andres Eraso Eraso,0,-1
gh-31305643470,2026-08-09T04:21:56-05:00,2024045,CLASE TEORICA,(16) 2024045-16 Taller de proyectos interdisciplinarios,Luis Ignacio Rodriguez Varela,0,-1
gh-31305643470,2026-08-09T04:21:56-05:00,2024045,CLASE TEORICA,(17) 2024045-17 Taller de proyectos interdisciplinarios,JOHANA CATALINA MANOSALVA BARRERA,0,-1
gh-31305643470,2026-08-09T04:21:56-05:00,2024045,CLASE TEORICA,(18) 2024045-18 Taller de proyectos interdisciplinarios,Fernando Bernal Martinez,0,-1
gh-31305643470,2026-08-09T04:21:56-05:00,2024045,CLASE TEORICA,(19) 2024045-19 Taller de proyectos interdisciplinarios,FRANCISCO JAVIER VÁSQUEZ VÁSQUEZ,0,-1
gh-31305643470,2026-08-09T04:21:56-05:00,2024045,CLASE TEORICA,(2) 2024045-2 Taller de proyectos interdisciplinarios,Fernando Bernal Martinez,0,-1
gh-31305643470,2026-08-09T04:21:56-05:00,2024045,CLASE TEORICA,(21) 2024045-21 Taller de proyectos interdisciplinarios,No informado,0,-1
gh-31305643470,2026-08-09T04:21:56-05:00,2024045,CLASE TEORICA,(22) 2024045-22 Taller de proyectos interdisciplinarios,Ubaldo Garcia Zaragoza,0,-1
gh-31305643470,2026-08-09T04:21:56-05:00,2024045,CLASE TEORICA,(23) 2024045-23 Taller de proyectos interdisciplinarios,No informado,0,-1
gh-31305643470,2026-08-09T04:21:56-05:00,2024045,CLASE TEORICA,(24) 2024045-24 Taller de proyectos interdisciplinarios,Hector Julian Garcia Otalora,200,-1
gh-31305643470,2026-08-09T04:21:56-05:00,2024045,CLASE TEORICA,(3) 2024045-3 Taller de proyectos interdisciplinarios,Guillermo Alberto Rocha Casas,0,-1
gh-31305643470,2026-08-09T04:21:56-05:00,2024045,CLASE TEORICA,(4) 2024045-4 Taller de proyectos interdisciplinarios,Francy Nayely Prieto Novoa,0,-1
gh-31305643470,2026-08-09T04:21:56-05:00,2024045,CLASE TEORICA,(40) 2024045-40 TPI-- NO BORRAR-- BLOQ ESPACIOS,No informado,0,-1
gh-31305643470,2026-08-09T04:21:56-05:00,2024045,CLASE TEORICA,(5) 2024045-5 Taller de proyectos interdisciplinarios,Nubia Carmenza Moreno Sarmiento,0,-1
gh-31305643470,2026-08-09T04:21:56-05:00,2024045,CLASE TEORICA,(6) 2024045-6 Taller de proyectos interdisciplinarios,JOHANA CATALINA MANOSALVA BARRERA,0,-1
gh-31305643470,2026-08-09T04:21:56-05:00,2024045,CLASE TEORICA,(7) 2024045-7 Taller de proyectos interdisciplinarios,Ubaldo Garcia Zaragoza,0,-1
gh-31305643470,2026-08-09T04:21:56-05:00,2024045,CLASE TEORICA,(8) 2024045-8 Taller de proyectos interdisciplinarios,JHON FREDDY LOPEZ MEDINA,0,-1
gh-31305643470,2026-08-09T04:21:56-05:00,2024045,CLASE TEORICA,(9) 2024045-9 Taller de proyectos interdisciplinarios,Manuel Alejandro Mayorga Betancourt,0,-1
gh-31305643470,2026-08-09T04:21:57-05:00,2015296,NA,(1) Grupo 1,Leonardo David Donado Garzon,5,62
gh-31305643470,2026-08-09T04:21:57-05:00,2015296,NA,(10) Grupo 10,Juan Manuel Lizarazo Marriaga,5,62
gh-31305643470,2026-08-09T04:21:57-05:00,2015296,NA,(11) Grupo 11,Octavio Coronado Garcia,5,62
gh-31305643470,2026-08-09T04:21:57-05:00,2015296,NA,(12) Grupo 12,Carol Andrea Murillo Feo,5,62
gh-31305643470,2026-08-09T04:21:57-05:00,2015296,NA,(13) Grupo 13,CAMILO RIOS FRESNEDA,5,62
gh-31305643470,2026-08-09T04:21:57-05:00,2015296,NA,(14) Grupo 14,William Castro Garcia,5,62
gh-31305643470,2026-08-09T04:21:57-05:00,2015296,NA,(15) Grupo 15,Luis Alejandro Morales Marin,5,62
gh-31305643470,2026-08-09T04:21:57-05:00,2015296,NA,(16) Grupo 16,Ferney Betancourt Cardozo,5,62
gh-31305643470,2026-08-09T04:21:57-05:00,2015296,NA,(17) Grupo 17,Maria Alejandra Caicedo Londoño,5,62
gh-31305643470,2026-08-09T04:21:57-05:00,2015296,NA,(18) Grupo 18,Guillermo Eduardo Avila Alvarez,5,62
gh-31305643470,2026-08-09T04:21:57-05:00,2015296,NA,(19) Grupo 19,Carlos Alfonso Gomez Guacaneme,0,62
gh-31305643470,2026-08-09T04:21:57-05:00,2015296,NA,(2) Grupo 2,Carlos Orlando Robles Roa,5,62
gh-31305643470,2026-08-09T04:21:57-05:00,2015296,NA,(3) Grupo 3,Angela Barrera Puerto,5,62
gh-31305643470,2026-08-09T04:21:57-05:00,2015296,NA,(4) Grupo 4,Mauricio Alberto Tapias Camacho,5,62
gh-31305643470,2026-08-09T04:21:57-05:00,2015296,NA,(5) Grupo 5,Maritzabel Molina Herrera,5,62
gh-31305643470,2026-08-09T04:21:57-05:00,2015296,NA,(6) Grupo 6,Rodolfo Rodriguez Baracaldo,5,62
gh-31305643470,2026-08-09T04:21:57-05:00,2015296,NA,(7) Grupo 7,SANTIAGO RAMIREZ ECHEVERRI,5,62
gh-31305643470,2026-08-09T04:21:57-05:00,2015296,NA,(8) Grupo 8,Jose Ricardo Martinez Vargas,5,62
gh-31305643470,2026-08-09T04:21:57-05:00,2015296,NA,(9) Grupo 9,GABRIELA ARRIETA LOYO,5,62
gh-31305643470,2026-08-09T04:21:59-05:00,2015299,CLASE TEORICA,(1) Grupo 1,GABRIELA ARRIETA LOYO,51,-1
gh-31309220228,2026-08-09T05:49:03-05:00,2015938,CLASE TEORICA,(1) Grupo 1,Maria Alejandra Caicedo Londoño,25,0
gh-31309220228,2026-08-09T05:49:03-05:00,2015938,CLASE TEORICA,(2) Grupo 2,Maria Alejandra Caicedo Londoño,25,0
gh-31309220228,2026-08-09T05:49:03-05:00,2015938,CLASE TEORICA,(3) Grupo 3,JOSE LUIS DIAZ AREVALO,25,0
gh-31309220228,2026-08-09T05:49:03-05:00,2015938,CLASE TEORICA,(4) Grupo 4,JOSE LUIS DIAZ AREVALO,24,0
gh-31309220228,2026-08-09T05:49:05-05:00,2015939,CLASE TEORICA,(1) Grupo 1,ALVARO MARTIN GUTIERREZ MALAXECHEBARRIA,25,1
gh-31309220228,2026-08-09T05:49:05-05:00,2015939,CLASE TEORICA,(2) Grupo 2,ALVARO MARTIN GUTIERREZ MALAXECHEBARRIA,25,1
gh-31309220228,2026-08-09T05:49:05-05:00,2015939,CLASE TEORICA,(3) Grupo 3,Edder Alexander Velandia Duran,25,1
gh-31309220228,2026-08-09T05:49:05-05:00,2015939,CLASE TEORICA,(4) Grupo 4,No informado,25,1
gh-31309220228,2026-08-09T05:49:06-05:00,1000003-B,NA,(1) Grupo 1,Erika Lorena Rosero Alzate; Oscar Andrés Rojas Sepúlveda,0,-1
gh-31309220228,2026-08-09T05:49:06-05:00,1000003-B,NA,(10) Grupo 10,Epifanio Lozano Ayala,14,-1
gh-31309220228,2026-08-09T05:49:06-05:00,1000003-B,NA,(11) Grupo 11,No informado,60,-1
gh-31309220228,2026-08-09T05:49:06-05:00,1000003-B,NA,(12) Grupo 12,No informado,40,-1
gh-31309220228,2026-08-09T05:49:06-05:00,1000003-B,NA,(13) Grupo 13,Mohammed EL AIDI,40,-1
gh-31309220228,2026-08-09T05:49:06-05:00,1000003-B,NA,(15) Grupo 15,Myriam Leonor Campos Florez,60,-1
gh-31309220228,2026-08-09T05:49:06-05:00,1000003-B,NA,(16) Grupo 16,No informado,60,-1
gh-31309220228,2026-08-09T05:49:06-05:00,1000003-B,NA,(17) Grupo 17,Martha Cecilia Moreno Penagos,40,-1
gh-31309220228,2026-08-09T05:49:06-05:00,1000003-B,NA,(18) Grupo 18,John Alexander Cruz Morales,52,-1
gh-31309220228,2026-08-09T05:49:06-05:00,1000003-B,NA,(20) Grupo 20,Natalia Camila Pinzon Cortes,60,-1
gh-31309220228,2026-08-09T05:49:06-05:00,1000003-B,NA,(21) Grupo 21,Ivon Andrea Dorado Correa,52,-1
gh-31309220228,2026-08-09T05:49:06-05:00,1000003-B,NA,(22) Grupo 22,No informado,46,-1
gh-31309220228,2026-08-09T05:49:06-05:00,1000003-B,NA,(3) Grupo 3,No informado,60,-1
gh-31309220228,2026-08-09T05:49:06-05:00,1000003-B,NA,(4) Grupo 4,Luis Alejandro Barbosa Torres,112,-1
gh-31309220228,2026-08-09T05:49:06-05:00,1000003-B,NA,(5) Grupo 5,Jaime David Mora Paz,60,-1
gh-31309220228,2026-08-09T05:49:06-05:00,1000003-B,NA,(7) Grupo 7,Myriam Leonor Campos Florez,40,-1
gh-31309220228,2026-08-09T05:49:06-05:00,1000003-B,NA,(8) Grupo 8,No informado,10,-1
gh-31309220228,2026-08-09T05:49:07-05:00,2015940,CLASE TEORICA,(1) Grupo 1,Maritzabel Molina Herrera,24,3
gh-31309220228,2026-08-09T05:49:07-05:00,2015940,CLASE TEORICA,(2) Grupo 2,Gabriel Andres Bernal Granados,24,3
gh-31309220228,2026-08-09T05:49:07-05:00,2015940,CLASE TEORICA,(3) Grupo 3,No informado,24,3
gh-31309220228,2026-08-09T05:49:09-05:00,2015941,CLASE TEORICA,(1) Grupo 1,Patricia Luna Tamayo,30,4
gh-31309220228,2026-08-09T05:49:09-05:00,2015941,CLASE TEORICA,(2) Grupo 2,No informado,30,4
gh-31309220228,2026-08-09T05:49:09-05:00,2015941,CLASE TEORICA,(3) Grupo 3,Carlos Ramiro Vallecilla Bahena,30,4
gh-31309220228,2026-08-09T05:49:09-05:00,2015941,CLASE TEORICA,(4) Grupo 4,No informado,30,4
gh-31309220228,2026-08-09T05:49:11-05:00,1000004-B,NA,(10) Grupo 10,No informado,53,5
gh-31309220228,2026-08-09T05:49:11-05:00,1000004-B,NA,(11) Grupo 11,No informado,24,5
gh-31309220228,2026-08-09T05:49:11-05:00,1000004-B,NA,(12) Grupo 12,No informado,24,5
gh-31309220228,2026-08-09T05:49:11-05:00,1000004-B,NA,(13) Grupo 13,No informado,16,5
gh-31309220228,2026-08-09T05:49:11-05:00,1000004-B,NA,(14) Grupo 14,No informado,90,5
gh-31309220228,2026-08-09T05:49:11-05:00,1000004-B,NA,(16) Grupo 16,No informado,27,5
gh-31309220228,2026-08-09T05:49:11-05:00,1000004-B,NA,(17) Grupo 17,Hernan Garzon Gutierrez,39,5
gh-31309220228,2026-08-09T05:49:11-05:00,1000004-B,NA,(19) Grupo 19,No informado,59,5
gh-31309220228,2026-08-09T05:49:11-05:00,1000004-B,NA,(2) Grupo 2,No informado,24,5
gh-31309220228,2026-08-09T05:49:11-05:00,1000004-B,NA,(20) Grupo 20,Hernan Garzon Gutierrez,10,5
gh-31309220228,2026-08-09T05:49:11-05:00,1000004-B,NA,(21) Grupo 21,No informado,60,5
gh-31309220228,2026-08-09T05:49:11-05:00,1000004-B,NA,(22) Grupo 22,No informado,60,5
gh-31309220228,2026-08-09T05:49:11-05:00,1000004-B,NA,(24) Grupo 24,Ricardo Ariel Pastran Ramirez,60,5
gh-31309220228,2026-08-09T05:49:11-05:00,1000004-B,NA,(25) Grupo 25,No informado,40,5
gh-31309220228,2026-08-09T05:49:11-05:00,1000004-B,NA,(27) Grupo 27,No informado,51,5
gh-31309220228,2026-08-09T05:49:11-05:00,1000004-B,NA,(28) Grupo 28,No informado,60,5
gh-31309220228,2026-08-09T05:49:11-05:00,1000004-B,NA,(29) Grupo 29,No informado,60,5
gh-31309220228,2026-08-09T05:49:11-05:00,1000004-B,NA,(30) Grupo 30,No informado,60,5
gh-31309220228,2026-08-09T05:49:11-05:00,1000004-B,NA,(32) Grupo 32,No informado,90,5
gh-31309220228,2026-08-09T05:49:11-05:00,1000004-B,NA,(4) Grupo 4,Myriam Leonor Campos Florez,37,5
gh-31309220228,2026-08-09T05:49:11-05:00,1000004-B,NA,(5) Grupo 5,Oscar Javier Lopez Alfonso,84,5
gh-31309220228,2026-08-09T05:49:11-05:00,1000004-B,NA,(7) Grupo 7,Anderson Arley Vera Arboleda,64,5
gh-31309220228,2026-08-09T05:49:11-05:00,1000004-B,NA,(8) Grupo 8,No informado,40,5
gh-31309220228,2026-08-09T05:49:11-05:00,1000004-B,NA,(9) Grupo 9,No informado,18,5
gh-31309220228,2026-08-09T05:49:12-05:00,1000006-B,NA,(1) Grupo 1,No informado,40,6
gh-31309220228,2026-08-09T05:49:12-05:00,1000006-B,NA,(10) Grupo 10,No informado,100,6
gh-31309220228,2026-08-09T05:49:12-05:00,1000006-B,NA,(11) Grupo 11,No informado,40,6
gh-31309220228,2026-08-09T05:49:12-05:00,1000006-B,NA,(12) Grupo 12,Leonid Lebedev,60,6
gh-31309220228,2026-08-09T05:49:12-05:00,1000006-B,NA,(13) Grupo 13,Juan Carlos Hernandez Rincon,40,6
gh-31309220228,2026-08-09T05:49:12-05:00,1000006-B,NA,(14) Grupo 14,No informado,60,6
gh-31309220228,2026-08-09T05:49:12-05:00,1000006-B,NA,(15) Grupo 15,No informado,112,6
gh-31309220228,2026-08-09T05:49:12-05:00,1000006-B,NA,(2) Grupo 2,EDIXON MANUEL ROJAS SANTANA,40,6
gh-31309220228,2026-08-09T05:49:12-05:00,1000006-B,NA,(3) Grupo 3,Cesar Augusto Gomez Sierra,40,6
gh-31309220228,2026-08-09T05:49:12-05:00,1000006-B,NA,(4) Grupo 4,Agustin Moreno Canadas,100,6
gh-31309220228,2026-08-09T05:49:12-05:00,1000006-B,NA,(5) Grupo 5,German Eduardo Fonseca Buitrago,40,6
gh-31309220228,2026-08-09T05:49:12-05:00,1000006-B,NA,(7) Grupo 7,No informado,70,6
gh-31309220228,2026-08-09T05:49:12-05:00,1000006-B,NA,(8) Grupo 8,Epifanio Lozano Ayala,60,6
gh-31309220228,2026-08-09T05:49:12-05:00,1000006-B,NA,(9) Grupo 9,Orlando Vanegas Canro,0,6
gh-31309220228,2026-08-09T05:49:14-05:00,1000005-B,NA,(1) Grupo 1,Orlando Vanegas Canro,0,7
gh-31309220228,2026-08-09T05:49:14-05:00,1000005-B,NA,(10) Grupo 10,Epifanio Lozano Ayala,50,7
gh-31309220228,2026-08-09T05:49:14-05:00,1000005-B,NA,(14) Grupo 14,Mohammed EL AIDI,40,7
gh-31309220228,2026-08-09T05:49:14-05:00,1000005-B,NA,(15) Grupo 15,Alina Fedosova,60,7
gh-31309220228,2026-08-09T05:49:14-05:00,1000005-B,NA,(16) Grupo 16,No informado,70,7
gh-31309220228,2026-08-09T05:49:14-05:00,1000005-B,NA,(17) Grupo 17,Hernan Garzon Gutierrez,40,7
gh-31309220228,2026-08-09T05:49:14-05:00,1000005-B,NA,(2) Grupo 2,RENE ERLIN CASTILLO,60,7
gh-31309220228,2026-08-09T05:49:14-05:00,1000005-B,NA,(20) Grupo 20,Franqui Solis Cardenas Poloche,40,7
gh-31309220228,2026-08-09T05:49:14-05:00,1000005-B,NA,(22) Grupo 22,No informado,60,7
gh-31309220228,2026-08-09T05:49:14-05:00,1000005-B,NA,(3) Grupo 3,Eduardo Cardenas Gomez,70,7
gh-31309220228,2026-08-09T05:49:14-05:00,1000005-B,NA,(4) Grupo 4,Edward Samuel Becerra Rojas,60,7
gh-31309220228,2026-08-09T05:49:14-05:00,1000005-B,NA,(6) Grupo 6,No informado,60,7
gh-31309220228,2026-08-09T05:49:14-05:00,1000005-B,NA,(7) Grupo 7,Franqui Solis Cardenas Poloche,100,7
gh-31309220228,2026-08-09T05:49:14-05:00,1000005-B,NA,(8) Grupo 8,No informado,40,7
gh-31309220228,2026-08-09T05:49:14-05:00,1000005-B,NA,(9) Grupo 9,No informado,10,7
gh-31309220228,2026-08-09T05:49:17-05:00,2015943,CLASE TEORICA,(1) Grupo 1,Carlos Orlando Robles Roa,15,9
gh-31309220228,2026-08-09T05:49:18-05:00,2015944,CLASE TEORICA,(1) Grupo 1,SANTIAGO RAMIREZ ECHEVERRI,15,10
gh-31309220228,2026-08-09T05:49:19-05:00,2015711,NA,(10) 2015711-10 Dibujo básico,Ariel Augusto Amaya Avila,0,11
gh-31309220228,2026-08-09T05:49:19-05:00,2015711,NA,(11) 2015711-11 Dibujo básico,Cesar Augusto Bacca Gonzalez,0,11
gh-31309220228,2026-08-09T05:49:19-05:00,2015711,NA,(14) 2015711-14 Dibujo básico,Cristian Felipe Morales Suárez,0,11
gh-31309220228,2026-08-09T05:49:19-05:00,2015711,NA,(16) 2015711-16 Dibujo básico,DAVID FELIPE TORRES ARCE,0,11
gh-31309220228,2026-08-09T05:49:19-05:00,2015711,NA,(4) 2015711-4 Dibujo básico,Cristian Felipe Morales Suárez,9,11
gh-31309220228,2026-08-09T05:49:19-05:00,2015711,NA,(5) 2015711-5 Dibujo básico,Sebastian Achury Ortiz,0,11
gh-31309220228,2026-08-09T05:49:19-05:00,2015711,NA,(7) 2015711-7 Dibujo básico,Cesar Augusto Bacca Gonzalez,20,11
gh-31309220228,2026-08-09T05:49:19-05:00,2015711,NA,(8) 2015711-8 Dibujo básico,Miguel Angel Baquero Cortes,0,11
gh-31309220228,2026-08-09T05:49:19-05:00,2015711,NA,(9) 2015711-9 Dibujo básico,EDWIN CAMILO REINA BELTRAN,0,11
gh-31309220228,2026-08-09T05:49:21-05:00,2015948,CLASE TEORICA,(1) Grupo 1,No informado,30,12
gh-31309220228,2026-08-09T05:49:21-05:00,2015948,CLASE TEORICA,(2) Grupo 2,Mauricio Alberto Tapias Camacho,30,12
gh-31309220228,2026-08-09T05:49:21-05:00,2015948,CLASE TEORICA,(3) Grupo 3,No informado,30,12
gh-31309220228,2026-08-09T05:49:22-05:00,2015950,CLASE TEORICA,(1) Grupo 1,No informado,25,13
gh-31309220228,2026-08-09T05:49:22-05:00,2015950,CLASE TEORICA,(2) Grupo 2,No informado,0,13
gh-31309220228,2026-08-09T05:49:22-05:00,2015950,CLASE TEORICA,(3) Grupo 3,Daniel Ricardo Lozano Monsalve,25,13
gh-31309220228,2026-08-09T05:49:22-05:00,2015950,CLASE TEORICA,(4) Grupo 4,No informado,25,13
gh-31309220228,2026-08-09T05:49:22-05:00,2015950,CLASE TEORICA,(5) Grupo 5,No informado,25,13
gh-31309220228,2026-08-09T05:49:23-05:00,2015949,CLASE TEORICA,(1) Grupo 1,Mario Javier Cardozo Chaux,30,14
gh-31309220228,2026-08-09T05:49:23-05:00,2015949,CLASE TEORICA,(2) Grupo 2,Wilson Ernesto Vargas Vargas,30,14
gh-31309220228,2026-08-09T05:49:23-05:00,2015949,CLASE TEORICA,(3) Grupo 3,No informado,30,14
gh-31309220228,2026-08-09T05:49:24-05:00,1000007-B,NA,(1) Grupo 1,German Eduardo Fonseca Buitrago,60,15
gh-31309220228,2026-08-09T05:49:24-05:00,1000007-B,NA,(11) Grupo 11,Leonid Lebedev,60,15
gh-31309220228,2026-08-09T05:49:24-05:00,1000007-B,NA,(12) Grupo 12,No informado,60,15
gh-31309220228,2026-08-09T05:49:24-05:00,1000007-B,NA,(13) Grupo 13,Omar Duque Gomez,40,15
gh-31309220228,2026-08-09T05:49:24-05:00,1000007-B,NA,(14) Grupo 14,No informado,100,15
gh-31309220228,2026-08-09T05:49:24-05:00,1000007-B,NA,(3) Grupo 3,Serafin Bautista Diaz,40,15
gh-31309220228,2026-08-09T05:49:24-05:00,1000007-B,NA,(4) Grupo 4,EDIXON MANUEL ROJAS SANTANA,60,15
gh-31309220228,2026-08-09T05:49:24-05:00,1000007-B,NA,(6) Grupo 6,Alexander Caviedes Castro,50,15
gh-31309220228,2026-08-09T05:49:24-05:00,1000007-B,NA,(7) Grupo 7,Oscar Guillermo Riaño Castañeda,40,15
gh-31309220228,2026-08-09T05:49:24-05:00,1000007-B,NA,(9) Grupo 9,Orlando Vanegas Canro,0,15
gh-31309220228,2026-08-09T05:49:25-05:00,2026134,CLASE TEORICA,(1) Grupo 1,No informado,0,16
gh-31309220228,2026-08-09T05:49:25-05:00,2026134,CLASE TEORICA,(2) Grupo 2,Juan Manuel Lizarazo Marriaga,30,16
gh-31309220228,2026-08-09T05:49:25-05:00,2026134,CLASE TEORICA,(3) Grupo 3,Maritzabel Molina Herrera,30,16
gh-31309220228,2026-08-09T05:49:25-05:00,2026134,CLASE TEORICA,(4) Grupo 4,Carlos Ramiro Vallecilla Bahena,30,16
gh-31309220228,2026-08-09T05:49:25-05:00,2026134,CLASE TEORICA,(5) Grupo 5,Fernando Lozano Osorno,30,16
gh-31309220228,2026-08-09T05:49:25-05:00,2026134,CLASE TEORICA,(6) Grupo 6,No informado,30,16
gh-31309220228,2026-08-09T05:49:27-05:00,2015954,CLASE TEORICA,(1) Grupo 1,Erasmo Alfredo Rodriguez Sandoval,30,17
gh-31309220228,2026-08-09T05:49:27-05:00,2015954,CLASE TEORICA,(2) Grupo 2,Mario Enrique Moreno Castiblanco,30,17
gh-31309220228,2026-08-09T05:49:27-05:00,2015954,CLASE TEORICA,(3) Grupo 3,Luis Alejandro Morales Marin,30,17
gh-31309220228,2026-08-09T05:49:28-05:00,2015955,CLASE TEORICA,(1) Grupo 1,Giovanni Andres Cortes Tovar,30,18
gh-31309220228,2026-08-09T05:49:28-05:00,2015955,CLASE TEORICA,(2) Grupo 2,Angela Barrera Puerto,30,18
gh-31309220228,2026-08-09T05:49:28-05:00,2015955,CLASE TEORICA,(3) Grupo 3,Giovanni Andres Cortes Tovar,30,18
gh-31309220228,2026-08-09T05:49:29-05:00,1000011-B,CLASE TEORICA,(1) Grupo 1,Ernesto Javier Puertas Dellepianes,118,19
gh-31309220228,2026-08-09T05:49:29-05:00,1000011-B,CLASE TEORICA,(3) Grupo 3,Néstor Fernando Perez Buitrago,12,19
gh-31309220228,2026-08-09T05:49:32-05:00,1000019-B,CLASE LABORATORIO,(1) Grupo 1,Gustavo Martinez Tamayo,35,20
gh-31309220228,2026-08-09T05:49:32-05:00,1000019-B,CLASE TALLER,(1) Grupo 1,FABIAN FELIPE QUEVEDO FARIETA,35,20
gh-31309220228,2026-08-09T05:49:32-05:00,1000019-B,CLASE MAGISTRAL,(1) Grupo 1,Gustavo Martinez Tamayo,35,20
gh-31309220228,2026-08-09T05:49:32-05:00,1000019-B,CLASE LABORATORIO,(10) Grupo 10,LUIS AGULLES PEDROS,35,20
gh-31309220228,2026-08-09T05:49:32-05:00,1000019-B,CLASE TALLER,(10) Grupo 10,Jhon Morales Aponte,35,20
gh-31309220228,2026-08-09T05:49:32-05:00,1000019-B,CLASE MAGISTRAL,(10) Grupo 10,Ovidio Amado Almanza Montero,35,20
gh-31309220228,2026-08-09T05:49:32-05:00,1000019-B,CLASE LABORATORIO,(11) Grupo 11,EVER DAVID ALCALA CAJAR,35,20
gh-31309220228,2026-08-09T05:49:32-05:00,1000019-B,CLASE TALLER,(11) Grupo 11,JULIAN MATEO DE MENDOZA GUTIERREZ,35,20
gh-31309220228,2026-08-09T05:49:32-05:00,1000019-B,CLASE MAGISTRAL,(11) Grupo 11,Ovidio Amado Almanza Montero,35,20
gh-31309220228,2026-08-09T05:49:32-05:00,1000019-B,CLASE LABORATORIO,(12) Grupo 12,FABIAN FELIPE QUEVEDO FARIETA,35,20
gh-31309220228,2026-08-09T05:49:32-05:00,1000019-B,CLASE TALLER,(12) Grupo 12,EVER DAVID ALCALA CAJAR,35,20
gh-31309220228,2026-08-09T05:49:32-05:00,1000019-B,CLASE MAGISTRAL,(12) Grupo 12,Ovidio Amado Almanza Montero,35,20
gh-31309220228,2026-08-09T05:49:32-05:00,1000019-B,CLASE LABORATORIO,(13) Grupo 13,Alvaro Marino Camargo,35,20
gh-31309220228,2026-08-09T05:49:32-05:00,1000019-B,CLASE TALLER,(13) Grupo 13,MIGUEL ENRIQUE GÁMEZ LÓPEZ,35,20
gh-31309220228,2026-08-09T05:49:32-05:00,1000019-B,CLASE MAGISTRAL,(13) Grupo 13,Alvaro Marino Camargo,35,20
gh-31309220228,2026-08-09T05:49:32-05:00,1000019-B,CLASE LABORATORIO,(14) Grupo 14,Alvaro Marino Camargo,35,20
gh-31309220228,2026-08-09T05:49:32-05:00,1000019-B,CLASE TALLER,(14) Grupo 14,No informado,35,20
gh-31309220228,2026-08-09T05:49:32-05:00,1000019-B,CLASE MAGISTRAL,(14) Grupo 14,Alvaro Marino Camargo,35,20
gh-31309220228,2026-08-09T05:49:32-05:00,1000019-B,CLASE LABORATORIO,(15) Grupo 15,JULIAN MATEO DE MENDOZA GUTIERREZ,32,20
gh-31309220228,2026-08-09T05:49:32-05:00,1000019-B,CLASE TALLER,(15) Grupo 15,EVER DAVID ALCALA CAJAR,32,20
gh-31309220228,2026-08-09T05:49:32-05:00,1000019-B,CLASE MAGISTRAL,(15) Grupo 15,Alvaro Marino Camargo,32,20
gh-31309220228,2026-08-09T05:49:32-05:00,1000019-B,CLASE MAGISTRAL,(16) Gruop 16,Erika Lorena Rosero Alzate; Daniel Camilo Padilla González,8,20
gh-31309220228,2026-08-09T05:49:32-05:00,1000019-B,CLASE LABORATORIO,(16) Grupo 16,Alvaro Marino Camargo,35,20
gh-31309220228,2026-08-09T05:49:32-05:00,1000019-B,CLASE TALLER,(16) Grupo 16,Edna Carolina Pinilla Beltran,35,20
gh-31309220228,2026-08-09T05:49:32-05:00,1000019-B,CLASE LABORATORIO,(17) Grupo 17,JULIAN MATEO DE MENDOZA GUTIERREZ,34,20
gh-31309220228,2026-08-09T05:49:32-05:00,1000019-B,CLASE TALLER,(17) Grupo 17,Jereson Silva Valencia,34,20
gh-31309220228,2026-08-09T05:49:32-05:00,1000019-B,CLASE MAGISTRAL,(17) Grupo 17,Jereson Silva Valencia,34,20
gh-31309220228,2026-08-09T05:49:32-05:00,1000019-B,CLASE LABORATORIO,(18) Grupo 18,Jaime Villalobos Velasco,34,20
gh-31309220228,2026-08-09T05:49:32-05:00,1000019-B,CLASE TALLER,(18) Grupo 18,Jereson Silva Valencia,34,20
gh-31309220228,2026-08-09T05:49:32-05:00,1000019-B,CLASE MAGISTRAL,(18) Grupo 18,Jereson Silva Valencia,34,20
gh-31309220228,2026-08-09T05:49:32-05:00,1000019-B,CLASE LABORATORIO,(19) Grupo 19,JULY PAOLA GARZÓN LOPEZ,32,20
gh-31309220228,2026-08-09T05:49:32-05:00,1000019-B,CLASE TALLER,(19) Grupo 19,Jereson Silva Valencia,32,20
gh-31309220228,2026-08-09T05:49:32-05:00,1000019-B,CLASE MAGISTRAL,(19) Grupo 19,Jereson Silva Valencia,32,20
gh-31309220228,2026-08-09T05:49:32-05:00,1000019-B,CLASE LABORATORIO,(2) Grupo 2,Gustavo Martinez Tamayo,35,20
gh-31309220228,2026-08-09T05:49:32-05:00,1000019-B,CLASE TALLER,(2) Grupo 2,Gustavo Martinez Tamayo,35,20
gh-31309220228,2026-08-09T05:49:32-05:00,1000019-B,CLASE MAGISTRAL,(2) Grupo 2,Gustavo Martinez Tamayo,35,20
gh-31309220228,2026-08-09T05:49:32-05:00,1000019-B,CLASE LABORATORIO,(20) Grupo 20,JOSE ALFREDO GOMEZ MATEUS,35,20
gh-31309220228,2026-08-09T05:49:32-05:00,1000019-B,CLASE TALLER,(20) Grupo 20,Jereson Silva Valencia,35,20
gh-31309220228,2026-08-09T05:49:32-05:00,1000019-B,CLASE MAGISTRAL,(20) Grupo 20,Jereson Silva Valencia,35,20
gh-31309220228,2026-08-09T05:49:32-05:00,1000019-B,CLASE LABORATORIO,(21) Grupo 21,Pedro Hernan Sanchez Machet,35,20
gh-31309220228,2026-08-09T05:49:32-05:00,1000019-B,CLASE TALLER,(21) Grupo 21,JOSE ALFREDO GOMEZ MATEUS,35,20
gh-31309220228,2026-08-09T05:49:32-05:00,1000019-B,CLASE MAGISTRAL,(21) Grupo 21,Diego Alejandro Torres Galindo,35,20
gh-31309220228,2026-08-09T05:49:32-05:00,1000019-B,CLASE LABORATORIO,(22) Grupo 22,Pedro Hernan Sanchez Machet,35,20
gh-31309220228,2026-08-09T05:49:32-05:00,1000019-B,CLASE TALLER,(22) Grupo 22,JULY PAOLA GARZÓN LOPEZ,35,20
gh-31309220228,2026-08-09T05:49:32-05:00,1000019-B,CLASE MAGISTRAL,(22) Grupo 22,Diego Alejandro Torres Galindo,35,20
gh-31309220228,2026-08-09T05:49:32-05:00,1000019-B,CLASE LABORATORIO,(23) Grupo 23,Pedro Hernan Sanchez Machet,35,20
gh-31309220228,2026-08-09T05:49:32-05:00,1000019-B,CLASE TALLER,(23) Grupo 23,Edna Carolina Pinilla Beltran,35,20
gh-31309220228,2026-08-09T05:49:32-05:00,1000019-B,CLASE MAGISTRAL,(23) Grupo 23,Diego Alejandro Torres Galindo,35,20
gh-31309220228,2026-08-09T05:49:32-05:00,1000019-B,CLASE LABORATORIO,(24) Grupo 24,Pedro Hernan Sanchez Machet,35,20
gh-31309220228,2026-08-09T05:49:32-05:00,1000019-B,CLASE TALLER,(24) Grupo 24,Diego Alejandro Torres Galindo,35,20
gh-31309220228,2026-08-09T05:49:32-05:00,1000019-B,CLASE MAGISTRAL,(24) Grupo 24,Diego Alejandro Torres Galindo,35,20
gh-31309220228,2026-08-09T05:49:32-05:00,1000019-B,CLASE LABORATORIO,(25) Grupo 25,Plinio Del Carmen Teheran Sermeno,45,20
gh-31309220228,2026-08-09T05:49:32-05:00,1000019-B,CLASE TALLER,(25) Grupo 25,Plinio Del Carmen Teheran Sermeno,45,20
gh-31309220228,2026-08-09T05:49:32-05:00,1000019-B,CLASE MAGISTRAL,(25) Grupo 25,Plinio Del Carmen Teheran Sermeno,45,20
gh-31309220228,2026-08-09T05:49:32-05:00,1000019-B,CLASE LABORATORIO,(26) Grupo 26 (VIRTUAL),Plinio Del Carmen Teheran Sermeno,50,20
gh-31309220228,2026-08-09T05:49:32-05:00,1000019-B,CLASE TALLER,(26) Grupo 26 (VIRTUAL),Plinio Del Carmen Teheran Sermeno,50,20
gh-31309220228,2026-08-09T05:49:32-05:00,1000019-B,CLASE MAGISTRAL,(26) Grupo 26 (VIRTUAL),Plinio Del Carmen Teheran Sermeno,50,20
gh-31309220228,2026-08-09T05:49:32-05:00,1000019-B,CLASE LABORATORIO,(27) Grupo 27 (VIRTUAL),Plinio Del Carmen Teheran Sermeno,50,20
gh-31309220228,2026-08-09T05:49:32-05:00,1000019-B,CLASE TALLER,(27) Grupo 27 (VIRTUAL),Plinio Del Carmen Teheran Sermeno,50,20
gh-31309220228,2026-08-09T05:49:32-05:00,1000019-B,CLASE MAGISTRAL,(27) Grupo 27 (VIRTUAL),Plinio Del Carmen Teheran Sermeno,50,20
gh-31309220228,2026-08-09T05:49:32-05:00,1000019-B,CLASE LABORATORIO,(28) Grupo 28 (VIRTUAL),Plinio Del Carmen Teheran Sermeno,50,20
gh-31309220228,2026-08-09T05:49:32-05:00,1000019-B,CLASE TALLER,(28) Grupo 28 (VIRTUAL),Plinio Del Carmen Teheran Sermeno,50,20
gh-31309220228,2026-08-09T05:49:32-05:00,1000019-B,CLASE MAGISTRAL,(28) Grupo 28 (VIRTUAL),Plinio Del Carmen Teheran Sermeno,50,20
gh-31309220228,2026-08-09T05:49:32-05:00,1000019-B,CLASE LABORATORIO,(29) Grupo 29 (VIRTUAL),Plinio Del Carmen Teheran Sermeno,50,20
gh-31309220228,2026-08-09T05:49:32-05:00,1000019-B,CLASE TALLER,(29) Grupo 29 (VIRTUAL),Plinio Del Carmen Teheran Sermeno,50,20
gh-31309220228,2026-08-09T05:49:32-05:00,1000019-B,CLASE MAGISTRAL,(29) Grupo 29 (VIRTUAL),Plinio Del Carmen Teheran Sermeno,50,20
gh-31309220228,2026-08-09T05:49:32-05:00,1000019-B,CLASE LABORATORIO,(3) Grupo 3,Gustavo Martinez Tamayo,35,20
gh-31309220228,2026-08-09T05:49:32-05:00,1000019-B,CLASE TALLER,(3) Grupo 3,Gustavo Martinez Tamayo,35,20
gh-31309220228,2026-08-09T05:49:32-05:00,1000019-B,CLASE MAGISTRAL,(3) Grupo 3,Gustavo Martinez Tamayo,35,20
gh-31309220228,2026-08-09T05:49:32-05:00,1000019-B,CLASE LABORATORIO,(4) Grupo 4,No informado,35,20
gh-31309220228,2026-08-09T05:49:32-05:00,1000019-B,CLASE TALLER,(4) Grupo 4,Jaime Villalobos Velasco,35,20
gh-31309220228,2026-08-09T05:49:32-05:00,1000019-B,CLASE MAGISTRAL,(4) Grupo 4,Gustavo Martinez Tamayo,35,20
gh-31309220228,2026-08-09T05:49:32-05:00,1000019-B,CLASE LABORATORIO,(5) Grupo 5,FABIAN FELIPE QUEVEDO FARIETA,35,20
gh-31309220228,2026-08-09T05:49:32-05:00,1000019-B,CLASE TALLER,(5) Grupo 5,Jaime Villalobos Velasco,35,20
gh-31309220228,2026-08-09T05:49:32-05:00,1000019-B,CLASE MAGISTRAL,(5) Grupo 5,Ramiro Cardona Cardona,35,20
gh-31309220228,2026-08-09T05:49:32-05:00,1000019-B,CLASE LABORATORIO,(6) Grupo 6,Jaime Villalobos Velasco,35,20
gh-31309220228,2026-08-09T05:49:32-05:00,1000019-B,CLASE TALLER,(6) Grupo 6,Ramiro Cardona Cardona,35,20
gh-31309220228,2026-08-09T05:49:32-05:00,1000019-B,CLASE MAGISTRAL,(6) Grupo 6,Ramiro Cardona Cardona,35,20
gh-31309220228,2026-08-09T05:49:32-05:00,1000019-B,CLASE LABORATORIO,(7) Grupo 7,Jaime Villalobos Velasco,35,20
gh-31309220228,2026-08-09T05:49:32-05:00,1000019-B,CLASE TALLER,(7) Grupo 7,Ramiro Cardona Cardona,35,20
gh-31309220228,2026-08-09T05:49:32-05:00,1000019-B,CLASE MAGISTRAL,(7) Grupo 7,Ramiro Cardona Cardona,35,20
gh-31309220228,2026-08-09T05:49:32-05:00,1000019-B,CLASE LABORATORIO,(8) Grupo 8,Jaime Villalobos Velasco,35,20
gh-31309220228,2026-08-09T05:49:32-05:00,1000019-B,CLASE TALLER,(8) Grupo 8,Edna Carolina Pinilla Beltran,35,20
gh-31309220228,2026-08-09T05:49:32-05:00,1000019-B,CLASE MAGISTRAL,(8) Grupo 8,Ramiro Cardona Cardona,35,20
gh-31309220228,2026-08-09T05:49:32-05:00,1000019-B,CLASE LABORATORIO,(9) Grupo 9,Erika Lorena Rosero Alzate,0,20
gh-31309220228,2026-08-09T05:49:32-05:00,1000019-B,CLASE TALLER,(9) Grupo 9,No informado,10,20
gh-31309220228,2026-08-09T05:49:32-05:00,1000019-B,CLASE MAGISTRAL,(9) Grupo 9,Fredy Angel Jimenez Giraldo,10,20
gh-31309220228,2026-08-09T05:49:33-05:00,2015956,CLASE TEORICA,(1) Grupo 1,Modesto Portilla Gamboa; Fernando Eli Romero Ordoñez,35,21
gh-31309220228,2026-08-09T05:49:33-05:00,2015956,CLASE TEORICA,(2) Grupo 2,Jennifer Angel Amaya,30,21
gh-31309220228,2026-08-09T05:49:33-05:00,2015956,CLASE TEORICA,(3) Grupo 3,Jennifer Angel Amaya,30,21
gh-31309220228,2026-08-09T05:49:33-05:00,2015956,CLASE TEORICA,(4) Grupo 4,Fernando Eli Romero Ordoñez; Modesto Portilla Gamboa,35,21
gh-31309220228,2026-08-09T05:49:35-05:00,2015957,CLASE PRACTICA,(1) Grupo 1,No informado,30,22
gh-31309220228,2026-08-09T05:49:35-05:00,2015957,CLASE PRACTICA,(2) Grupo 2,Samuel Fernando Mesa Giraldo,30,22
gh-31309220228,2026-08-09T05:49:35-05:00,2015957,CLASE PRACTICA,(3) Grupo 3,Rose Marie Aldana Boutin,30,22
gh-31309220228,2026-08-09T05:49:35-05:00,2015957,CLASE PRACTICA,(4) Grupo 4,Rose Marie Aldana Boutin,30,22
gh-31309220228,2026-08-09T05:49:36-05:00,2015958,CLASE PRACTICA,(1) Grupo 1,William Castro Garcia,20,23
gh-31309220228,2026-08-09T05:49:36-05:00,2015958,CLASE TEORICA,(1) Grupo 1,William Castro Garcia,40,23
gh-31309220228,2026-08-09T05:49:36-05:00,2015958,CLASE PRACTICA,(2) Grupo 2,William Castro Garcia,20,23
gh-31309220228,2026-08-09T05:49:36-05:00,2015958,CLASE PRACTICA,(3) Grupo 3,Carlos Alfonso Gomez Guacaneme,30,23
gh-31309220228,2026-08-09T05:49:36-05:00,2015958,CLASE TEORICA,(3) Grupo 3,Carlos Alfonso Gomez Guacaneme,30,23
gh-31309220228,2026-08-09T05:49:36-05:00,2015958,CLASE PRACTICA,(4) Grupo 4,Mario Arturo Rincon Villalba,20,23
gh-31309220228,2026-08-09T05:49:36-05:00,2015958,CLASE TEORICA,(4) Grupo 4,Mario Arturo Rincon Villalba,40,23
gh-31309220228,2026-08-09T05:49:36-05:00,2015958,CLASE PRACTICA,(5) Grupo 5,Mario Arturo Rincon Villalba,20,23
gh-31309220228,2026-08-09T05:49:36-05:00,2015958,CLASE PRACTICA,(6) Grupo 6,Fausto Alejandro Silva España,20,23
gh-31309220228,2026-08-09T05:49:36-05:00,2015958,CLASE TEORICA,(6) Grupo 6,Cesar Andres Cortes Bello,40,23
gh-31309220228,2026-08-09T05:49:36-05:00,2015958,CLASE PRACTICA,(7) Grupo 7,Fausto Alejandro Silva España,20,23
gh-31309220228,2026-08-09T05:49:36-05:00,2015958,CLASE PRACTICA,(8) Grupo 8,Fausto Alejandro Silva España,20,23
gh-31309220228,2026-08-09T05:49:36-05:00,2015958,CLASE TEORICA,(8) Grupo 8,Cesar Andres Cortes Bello,40,23
gh-31309220228,2026-08-09T05:49:36-05:00,2015958,CLASE PRACTICA,(9) Grupo 9,Fausto Alejandro Silva España,20,23
gh-31309220228,2026-08-09T05:49:37-05:00,2015959,CLASE TEORICA,(1) Grupo 1,Carlos Eduardo Rodriguez Pineda,30,24
gh-31309220228,2026-08-09T05:49:37-05:00,2015959,CLASE TEORICA,(2) Grupo 2,Guillermo Eduardo Avila Alvarez,30,24
gh-31309220228,2026-08-09T05:49:37-05:00,2015959,CLASE TEORICA,(3) Grupo 3,Livaniel Viveros Rosero,30,24
gh-31309220228,2026-08-09T05:49:37-05:00,2015959,CLASE TEORICA,(4) Grupo 4,No informado,0,24
gh-31309220228,2026-08-09T05:49:40-05:00,2015961,CLASE TEORICA,(1) Grupo 1,Rafael Orland Ortiz Mosquera,24,26
gh-31309220228,2026-08-09T05:49:40-05:00,2015961,CLASE TEORICA,(2) Grupo 2,Adriana Patricia Piña Fulano,24,26
gh-31309220228,2026-08-09T05:49:40-05:00,2015961,CLASE TEORICA,(3) Grupo 3,Gelber Norberto Gutierrez Palacios,24,26
gh-31309220228,2026-08-09T05:49:40-05:00,2015961,CLASE TEORICA,(4) Grupo 4,No informado,24,26
gh-31309220228,2026-08-09T05:49:40-05:00,2015961,CLASE TEORICA,(5) Grupo 5,No informado,24,26
gh-31309220228,2026-08-09T05:49:40-05:00,2015961,CLASE TEORICA,(6) Grupo 6,Leonardo David Donado Garzon,24,26
gh-31309220228,2026-08-09T05:49:41-05:00,2015978,CLASE TEORICA,(1) Grupo 1,No informado,0,27
gh-31309220228,2026-08-09T05:49:41-05:00,2015978,CLASE TEORICA,(2) Grupo 2,Erasmo Alfredo Rodriguez Sandoval,30,27
gh-31309220228,2026-08-09T05:49:41-05:00,2015978,CLASE TEORICA,(3) Grupo 3,No informado,30,27
gh-31309220228,2026-08-09T05:49:41-05:00,2015978,CLASE TEORICA,(4) Grupo 4,No informado,30,27
gh-31309220228,2026-08-09T05:49:41-05:00,2015978,CLASE TEORICA,(5) Grupo 5,No informado,30,27
gh-31309220228,2026-08-09T05:49:42-05:00,2026135,CLASE TEORICA,(1) Grupo 1,NICOLAS ESCALANTE MORA,25,28
gh-31309220228,2026-08-09T05:49:42-05:00,2026135,CLASE TEORICA,(2) Grupo 2,Leonel Vega Mora,25,28
gh-31309220228,2026-08-09T05:49:42-05:00,2026135,CLASE TEORICA,(3) Grupo 3,Leonel Vega Mora,25,28
gh-31309220228,2026-08-09T05:49:43-05:00,2015963,CLASE TEORICA,(1) Grupo 1,No informado,30,29
gh-31309220228,2026-08-09T05:49:43-05:00,2015963,CLASE TEORICA,(2) Grupo 2,No informado,30,29
gh-31309220228,2026-08-09T05:49:43-05:00,2015963,CLASE TEORICA,(3) Grupo 3,William Castro Garcia,30,29
gh-31309220228,2026-08-09T05:49:45-05:00,2026138,CLASE TEORICA,(1) Grupo 1,Ivan Dario Serrano Arrieta,30,30
gh-31309220228,2026-08-09T05:49:45-05:00,2026138,CLASE TEORICA,(2) Grupo 2,Ivan Dario Serrano Arrieta,30,30
gh-31309220228,2026-08-09T05:49:45-05:00,2026138,CLASE TEORICA,(3) Grupo 3,Pedro Luis Jimenez Poveda,30,30
gh-31309220228,2026-08-09T05:49:46-05:00,2015703,NA,(1) Grupo 1,Angela Maria Arboleda Restrepo,40,31
gh-31309220228,2026-08-09T05:49:46-05:00,2015703,NA,(10) Grupo 10,Diego Alejandro Hernandez Castañeda,30,31
gh-31309220228,2026-08-09T05:49:46-05:00,2015703,NA,(11) Grupo 11,Julio Cesar Cañon Rodriguez,30,31
gh-31309220228,2026-08-09T05:49:46-05:00,2015703,NA,(2) Grupo 2,Osman Benjamin Giovanny Vargas Rozo,40,31
gh-31309220228,2026-08-09T05:49:46-05:00,2015703,NA,(3) Grupo 3,Hugo Alberto Herrera Fonseca,40,31
gh-31309220228,2026-08-09T05:49:46-05:00,2015703,NA,(4) Grupo 4,LINA JULIANA BULLA CASAS,30,31
gh-31309220228,2026-08-09T05:49:46-05:00,2015703,NA,(5) Grupo 5 - Virtual,Cesar Augusto Roa Lemus,60,31
gh-31309220228,2026-08-09T05:49:46-05:00,2015703,NA,(6) Grupo 6,JAVIER RICARDO OJEDA SANCHEZ,40,31
gh-31309220228,2026-08-09T05:49:46-05:00,2015703,NA,(7) Grupo 7,JAVIER RICARDO OJEDA SANCHEZ,20,31
gh-31309220228,2026-08-09T05:49:46-05:00,2015703,NA,(8) Grupo 8,Diego Alejandro Hernandez Castañeda,40,31
gh-31309220228,2026-08-09T05:49:46-05:00,2015703,NA,(9) Grupo 9,LINA JULIANA BULLA CASAS,35,31
gh-31309220228,2026-08-09T05:49:48-05:00,1000044-B,CLASE TEORICA,(1) Grupo 1,Beatriz Elena Urrutia Sanchez,26,32
gh-31309220228,2026-08-09T05:49:48-05:00,1000044-B,CLASE TEORICA,(2) Grupo 2,Yaneli Niño Osorio,26,32
gh-31309220228,2026-08-09T05:49:48-05:00,1000044-B,CLASE TEORICA,(3) Grupo 3,Luis Gabriel Peña Ortiz,26,32
gh-31309220228,2026-08-09T05:49:48-05:00,1000044-B,CLASE TEORICA,(4) Grupo 4,Liliana Marcela Guzman Aricapa,26,32
gh-31309220228,2026-08-09T05:49:48-05:00,1000044-B,CLASE TEORICA,(5) Grupo 5,Beatriz Elena Urrutia Sanchez,26,32
gh-31309220228,2026-08-09T05:49:48-05:00,1000044-B,CLASE TEORICA,(6) Grupo 6,Cesar Augusto Romero,26,32
gh-31309220228,2026-08-09T05:49:48-05:00,1000044-B,CLASE TEORICA,(7) Grupo 7,JOSE JONATHAN MAESTRE HERRERA,26,32
gh-31309220228,2026-08-09T05:49:48-05:00,1000044-B,CLASE TEORICA,(8) Grupo 8,Beymar Leonardo Solorzano Alviz,26,32
gh-31309220228,2026-08-09T05:49:48-05:00,1000044-B,CLASE TEORICA,(9) Grupo 9,Claudia Marcela Arevalo Gomez,7,32
gh-31309220228,2026-08-09T05:49:49-05:00,1000045-B,CLASE TEORICA,(1) Grupo 1,Claudia Marcela Arevalo Gomez,10,33
gh-31309220228,2026-08-09T05:49:49-05:00,1000045-B,CLASE TEORICA,(10) Grupo 10,Jesica paola Rendon Alfonso,26,33
gh-31309220228,2026-08-09T05:49:49-05:00,1000045-B,CLASE TEORICA,(11) Grupo 11,JOSE JONATHAN MAESTRE HERRERA,26,33
gh-31309220228,2026-08-09T05:49:49-05:00,1000045-B,CLASE TEORICA,(12) Grupo 12,LINDA JOHANA RUIZ GOMEZ,26,33
gh-31309220228,2026-08-09T05:49:49-05:00,1000045-B,CLASE TEORICA,(13) Grupo 13,Narly Yadira Pardo Cadena,26,33
gh-31309220228,2026-08-09T05:49:49-05:00,1000045-B,CLASE TEORICA,(14) Grupo 14,Angelica Saenz Fonseca,26,33
gh-31309220228,2026-08-09T05:49:49-05:00,1000045-B,CLASE TEORICA,(15) Grupo 15,Narly Yadira Pardo Cadena,26,33
gh-31309220228,2026-08-09T05:49:49-05:00,1000045-B,CLASE TEORICA,(16) Grupo 16,Luis Gabriel Peña Ortiz,26,33
gh-31309220228,2026-08-09T05:49:49-05:00,1000045-B,CLASE TEORICA,(2) Grupo 2,Cesar Augusto Romero,26,33
gh-31309220228,2026-08-09T05:49:49-05:00,1000045-B,CLASE TEORICA,(3) Grupo 3,Jesica paola Rendon Alfonso,26,33
gh-31309220228,2026-08-09T05:49:49-05:00,1000045-B,CLASE TEORICA,(4) Grupo 4,Adriana Marlen Sanchez Riaño,26,33
gh-31309220228,2026-08-09T05:49:49-05:00,1000045-B,CLASE TEORICA,(5) Grupo 5,Cesar Augusto Romero,26,33
gh-31309220228,2026-08-09T05:49:49-05:00,1000045-B,CLASE TEORICA,(6) Grupo 6,Sara Elisa Monsalve Patino,26,33
gh-31309220228,2026-08-09T05:49:49-05:00,1000045-B,CLASE TEORICA,(7) Grupo 7,Luis Gabriel Peña Ortiz,26,33
gh-31309220228,2026-08-09T05:49:49-05:00,1000045-B,CLASE TEORICA,(8) Grupo 8,Johnatan Martinez Hernandez,26,33
gh-31309220228,2026-08-09T05:49:49-05:00,1000045-B,CLASE TEORICA,(9) Grupo 9,Maureen Elizabeth Hooker Oneill,15,33
gh-31309220228,2026-08-09T05:49:52-05:00,1000046-B,CLASE TEORICA,(1) Grupo 1,Johnatan Martinez Hernandez,26,35
gh-31309220228,2026-08-09T05:49:52-05:00,1000046-B,CLASE TEORICA,(10) Grupo 10,Jennly Angelica Gomez Rodriguez,26,35
gh-31309220228,2026-08-09T05:49:52-05:00,1000046-B,CLASE TEORICA,(11) Grupo 11,Angelica Saenz Fonseca,26,35
gh-31309220228,2026-08-09T05:49:52-05:00,1000046-B,CLASE TEORICA,(12) Grupo 12,Liliana Marcela Guzman Aricapa,26,35
gh-31309220228,2026-08-09T05:49:52-05:00,1000046-B,CLASE TEORICA,(13) Grupo 13,ALBA LUCIA RIAÑO RODRIGUEZ,26,35
gh-31309220228,2026-08-09T05:49:52-05:00,1000046-B,CLASE TEORICA,(14) Grupo 14,Angelica Saenz Fonseca,26,35
gh-31309220228,2026-08-09T05:49:52-05:00,1000046-B,CLASE TEORICA,(15) Grupo 15,Luis Gabriel Peña Ortiz,26,35
gh-31309220228,2026-08-09T05:49:52-05:00,1000046-B,CLASE TEORICA,(16) Grupo 16,Olga Lucia Ruiz Convers,26,35
gh-31309220228,2026-08-09T05:49:52-05:00,1000046-B,CLASE TEORICA,(17) Grupo 17,Luis Gabriel Peña Ortiz,26,35
gh-31309220228,2026-08-09T05:49:52-05:00,1000046-B,CLASE TEORICA,(18) Grupo 18,Narly Yadira Pardo Cadena,26,35
gh-31309220228,2026-08-09T05:49:52-05:00,1000046-B,CLASE TEORICA,(2) Grupo 2,Jesica paola Rendon Alfonso,26,35
gh-31309220228,2026-08-09T05:49:52-05:00,1000046-B,CLASE TEORICA,(3) Grupo 3,JESUS DAVID TORRES RODRIGUEZ,26,35
gh-31309220228,2026-08-09T05:49:52-05:00,1000046-B,CLASE TEORICA,(4) Grupo 4,Claudia Patricia Cortes Lora,26,35
gh-31309220228,2026-08-09T05:49:52-05:00,1000046-B,CLASE TEORICA,(5) Grupo 5,Johnatan Martinez Hernandez,26,35
gh-31309220228,2026-08-09T05:49:52-05:00,1000046-B,CLASE TEORICA,(6) Grupo 6,Johnatan Martinez Hernandez,26,35
gh-31309220228,2026-08-09T05:49:52-05:00,1000046-B,CLASE TEORICA,(7) Grupo 7,Jesica paola Rendon Alfonso,26,35
gh-31309220228,2026-08-09T05:49:52-05:00,1000046-B,CLASE TEORICA,(8) Grupo 8,Beatriz Elena Urrutia Sanchez,26,35
gh-31309220228,2026-08-09T05:49:52-05:00,1000046-B,CLASE TEORICA,(9) Grupo 9,Maureen Elizabeth Hooker Oneill,10,35
gh-31309220228,2026-08-09T05:49:54-05:00,1000052-B,CLASE TEORICA,(1) Grupo 1,Liliana Marcela Guzman Aricapa,28,37
gh-31309220228,2026-08-09T05:49:54-05:00,1000052-B,CLASE TEORICA,(2) Grupo 2,JOSE JONATHAN MAESTRE HERRERA,28,37
gh-31309220228,2026-08-09T05:49:54-05:00,1000052-B,CLASE TEORICA,(3) Grupo 3,Aida Elena Monsalve Solorzano,28,37
gh-31309220228,2026-08-09T05:49:55-05:00,1000053-B,CLASE TEORICA,(1) Grupo 1,Jennly Angelica Gomez Rodriguez,28,38
gh-31309220228,2026-08-09T05:49:55-05:00,1000053-B,CLASE TEORICA,(2) Grupo 2,Yaneli Niño Osorio,28,38
gh-31309220228,2026-08-09T05:49:55-05:00,1000053-B,CLASE TEORICA,(3) Grupo 3,Javier Rodriguez Gomez,30,38
gh-31309220228,2026-08-09T05:49:55-05:00,1000053-B,CLASE TEORICA,(4) Grupo 4,Javier Rodriguez Gomez,30,38
gh-31309220228,2026-08-09T05:49:55-05:00,1000053-B,CLASE TEORICA,(5) Grupo 5,LINDA JOHANA RUIZ GOMEZ,28,38
gh-31309220228,2026-08-09T05:49:55-05:00,1000053-B,CLASE TEORICA,(6) Grupo 6,Olga Lucia Ruiz Convers,28,38
gh-31309220228,2026-08-09T05:49:57-05:00,1000047-B,CLASE TEORICA,(1) Grupo 1,Cesar Augusto Romero,26,39
gh-31309220228,2026-08-09T05:49:57-05:00,1000047-B,CLASE TEORICA,(10) Grupo 10,Monica Alexandra Riaño Orjuela,26,39
gh-31309220228,2026-08-09T05:49:57-05:00,1000047-B,CLASE TEORICA,(11) Grupo 11,Jennly Angelica Gomez Rodriguez,26,39
gh-31309220228,2026-08-09T05:49:57-05:00,1000047-B,CLASE TEORICA,(12) Grupo 12,Claudia Patricia Cortes Lora,26,39
gh-31309220228,2026-08-09T05:49:57-05:00,1000047-B,CLASE TEORICA,(13) Grupo 13,Angelica Saenz Fonseca,26,39
gh-31309220228,2026-08-09T05:49:57-05:00,1000047-B,CLASE TEORICA,(14) Grupo 14,LINDA JOHANA RUIZ GOMEZ,26,39
gh-31309220228,2026-08-09T05:49:57-05:00,1000047-B,CLASE TEORICA,(15) Grupo 15,Claudia Patricia Cortes Lora,26,39
gh-31309220228,2026-08-09T05:49:57-05:00,1000047-B,CLASE TEORICA,(16) Grupo 16,Narly Yadira Pardo Cadena,26,39
gh-31309220228,2026-08-09T05:49:57-05:00,1000047-B,CLASE TEORICA,(17) Grupo 17,Angelica Saenz Fonseca,26,39
gh-31309220228,2026-08-09T05:49:57-05:00,1000047-B,CLASE TEORICA,(18) Grupo 18,ALBA LUCIA RIAÑO RODRIGUEZ,26,39
gh-31309220228,2026-08-09T05:49:57-05:00,1000047-B,CLASE TEORICA,(19) Grupo 19,Aida Elena Monsalve Solorzano,26,39
gh-31309220228,2026-08-09T05:49:57-05:00,1000047-B,CLASE TEORICA,(2) Grupo 2,Yaneli Niño Osorio,26,39
gh-31309220228,2026-08-09T05:49:57-05:00,1000047-B,CLASE TEORICA,(20) Grupo 20,ALBA LUCIA RIAÑO RODRIGUEZ,26,39
gh-31309220228,2026-08-09T05:49:57-05:00,1000047-B,CLASE TEORICA,(21) Grupo 21,Edwin Yesid Leon Silva,26,39
gh-31309220228,2026-08-09T05:49:57-05:00,1000047-B,CLASE TEORICA,(22) Grupo 22,LINDA JOHANA RUIZ GOMEZ,26,39
gh-31309220228,2026-08-09T05:49:57-05:00,1000047-B,CLASE TEORICA,(3) Grupo 3,Monica Alexandra Riaño Orjuela,26,39
gh-31309220228,2026-08-09T05:49:57-05:00,1000047-B,CLASE TEORICA,(4) Grupo 4,Claudia Patricia Cortes Lora,26,39
gh-31309220228,2026-08-09T05:49:57-05:00,1000047-B,CLASE TEORICA,(5) Grupo 5,Olga Lucia Ruiz Convers,26,39
gh-31309220228,2026-08-09T05:49:57-05:00,1000047-B,CLASE TEORICA,(6) Grupo 6,Monica Alexandra Riaño Orjuela,26,39
gh-31309220228,2026-08-09T05:49:57-05:00,1000047-B,CLASE TEORICA,(7) Grupo 7,Cesar Augusto Romero,26,39
gh-31309220228,2026-08-09T05:49:57-05:00,1000047-B,CLASE TEORICA,(8) Grupo 8,Beatriz Elena Urrutia Sanchez,26,39
gh-31309220228,2026-08-09T05:49:57-05:00,1000047-B,CLASE TEORICA,(9) Grupo 9,Keshia Hilary Howard Livingston,15,39
gh-31309220228,2026-08-09T05:49:59-05:00,2026186,CLASE TEORICA,(1) Grupo 1,Carol Andrea Murillo Feo,7,41
gh-31309220228,2026-08-09T05:49:59-05:00,2026186,CLASE TEORICA,(2) Grupo 2,Leonel Vega Mora,0,41
gh-31309220228,2026-08-09T05:49:59-05:00,2026186,CLASE TEORICA,(4) Grupo 4,Carlos Orlando Robles Roa,10,41
gh-31309220228,2026-08-09T05:50:01-05:00,1000002-B,CLASE TEORICA,(1) Grupo 1 - Clase Presencial,Ruth Andrea Cortés Suárez,1,42
gh-31309220228,2026-08-09T05:50:01-05:00,1000002-B,CLASE TEORICA,(10) Grupo 10 - Clase presencial,Karen Johanna Castelblanco Villamil,0,42
gh-31309220228,2026-08-09T05:50:01-05:00,1000002-B,CLASE TEORICA,(2) Grupo 2 - Clase Presencial,Ruth Andrea Cortés Suárez,0,42
gh-31309220228,2026-08-09T05:50:01-05:00,1000002-B,CLASE TEORICA,(3) Grupo 3 - Clase Presencial,Adriana Patricia Díaz Cuevas,0,42
gh-31309220228,2026-08-09T05:50:01-05:00,1000002-B,CLASE TEORICA,(4) Grupo 4 - Clase Presencial,Adriana Patricia Díaz Cuevas,0,42
gh-31309220228,2026-08-09T05:50:01-05:00,1000002-B,CLASE TEORICA,(5) Grupo 5 - Clase Presencial,Andres Felipe Escovar Barreto,0,42
gh-31309220228,2026-08-09T05:50:01-05:00,1000002-B,CLASE TEORICA,(6) Grupo 6 - Clase Presencial,Ruth Andrea Cortés Suárez,0,42
gh-31309220228,2026-08-09T05:50:01-05:00,1000002-B,CLASE TEORICA,(7) Grupo 7 - Clase Presencial,Karen Johanna Castelblanco Villamil,0,42
gh-31309220228,2026-08-09T05:50:01-05:00,1000002-B,CLASE TEORICA,(8) Grupo 8 - Clase Presencial,Adriana Patricia Díaz Cuevas,0,42
gh-31309220228,2026-08-09T05:50:01-05:00,1000002-B,CLASE TEORICA,(9) Grupo 9 - Clase Presencial,Carlas Lucia Castilla Lara,10,42
gh-31309220228,2026-08-09T05:50:03-05:00,1000001-B,CLASE TEORICA,(1) Grupo 1,No informado,0,43
gh-31309220228,2026-08-09T05:50:03-05:00,1000001-B,CLASE MAGISTRAL,(1) Grupo 1,Ibeth Marcela Rubio Perilla,0,43
gh-31309220228,2026-08-09T05:50:03-05:00,1000001-B,CLASE MAGISTRAL,(10) Grupo 10,No informado,0,43
gh-31309220228,2026-08-09T05:50:03-05:00,1000001-B,CLASE TEORICA,(19) Grupo 19,No informado,5,43
gh-31309220228,2026-08-09T05:50:03-05:00,1000001-B,CLASE TEORICA,(2) Grupo 2,No informado,10,43
gh-31309220228,2026-08-09T05:50:03-05:00,1000001-B,CLASE MAGISTRAL,(2) Grupo 2,Herbert Alonso Dueñas Ruiz,0,43
gh-31309220228,2026-08-09T05:50:03-05:00,1000001-B,CLASE MAGISTRAL,(3) Grupo 3,Jeanneth Galeano Penaloza,0,43
gh-31309220228,2026-08-09T05:50:03-05:00,1000001-B,CLASE MAGISTRAL,(4) Grupo 4,Gustavo Adolfo Nieto Clavijo,0,43
gh-31309220228,2026-08-09T05:50:03-05:00,1000001-B,CLASE MAGISTRAL,(5) Grupo 5,Natalia Camila Pinzon Cortes,0,43
gh-31309220228,2026-08-09T05:50:03-05:00,1000001-B,CLASE MAGISTRAL,(6) Grupo 6,Martha Cecilia Moreno Penagos,0,43
gh-31309220228,2026-08-09T05:50:03-05:00,1000001-B,CLASE MAGISTRAL,(7) Grupo 7,Claudio Rodriguez Beltran,0,43
gh-31309220228,2026-08-09T05:50:03-05:00,1000001-B,CLASE MAGISTRAL,(8) Grupo 8,Gabriel Ignacio Padilla Leon,0,43
gh-31309220228,2026-08-09T05:50:03-05:00,1000001-B,CLASE MAGISTRAL,(9) Grupo 9,No informado,10,43
gh-31309220228,2026-08-09T05:50:04-05:00,2015965,CLASE TEORICA,(1) Grupo 1,CAMILO RIOS FRESNEDA,24,44
gh-31309220228,2026-08-09T05:50:04-05:00,2015965,CLASE TEORICA,(2) Grupo 2,Julian David Puerto Suarez; Vladimir Buelvas Hernández,24,44
gh-31309220228,2026-08-09T05:50:04-05:00,2015965,CLASE TEORICA,(3) Grupo 3,Ferney Betancourt Cardozo; Juan Manuel Lizarazo Marriaga,24,44
gh-31309220228,2026-08-09T05:50:04-05:00,2015965,CLASE TEORICA,(4) Grupo 4,No informado,24,44
gh-31309220228,2026-08-09T05:50:06-05:00,2015966,CLASE TEORICA,(1) Grupo 1,No informado,24,45
gh-31309220228,2026-08-09T05:50:06-05:00,2015966,CLASE TEORICA,(2) Grupo 2,Adriana Patricia Piña Fulano,24,45
gh-31309220228,2026-08-09T05:50:06-05:00,2015966,CLASE TEORICA,(3) Grupo 3,Rafael Orland Ortiz Mosquera,24,45
gh-31309220228,2026-08-09T05:50:06-05:00,2015966,CLASE TEORICA,(4) Grupo 4,No informado,24,45
gh-31309220228,2026-08-09T05:50:06-05:00,2015966,CLASE TEORICA,(5) Grupo 5,No informado,24,45
gh-31309220228,2026-08-09T05:50:06-05:00,2015966,CLASE TEORICA,(6) Grupo 6,Luis Alejandro Morales Marin,24,45
gh-31309220228,2026-08-09T05:50:06-05:00,2015966,CLASE TEORICA,(7) Grupo 7,No informado,24,45
gh-31309220228,2026-08-09T05:50:06-05:00,2015966,CLASE TEORICA,(8) Grupo 8,No informado,24,45
gh-31309220228,2026-08-09T05:50:07-05:00,2015967,NA,(1) Grupo 1,Vladimir Buelvas Hernández,24,46
gh-31309220228,2026-08-09T05:50:08-05:00,2015968,CLASE TEORICA,(1) Grupo 1,Ricardo Parra Arango,24,47
gh-31309220228,2026-08-09T05:50:08-05:00,2015968,CLASE TEORICA,(2) Grupo 2,Juan David Oliveros Salazar,24,47
gh-31309220228,2026-08-09T05:50:08-05:00,2015968,CLASE TEORICA,(3) Grupo 3,No informado,24,47
gh-31309220228,2026-08-09T05:50:08-05:00,2015968,CLASE TEORICA,(4) Grupo 4,Ricardo Parra Arango,24,47
gh-31309220228,2026-08-09T05:50:08-05:00,2015968,CLASE TEORICA,(5) Grupo 5,Julian David Puerto Suarez,24,47
gh-31309220228,2026-08-09T05:50:08-05:00,2015968,CLASE TEORICA,(6) Grupo 6,Dorian Luis Linero Segrera,24,47
gh-31309220228,2026-08-09T05:50:08-05:00,2015968,CLASE TEORICA,(7) Grupo 7,No informado,0,47
gh-31309220228,2026-08-09T05:50:09-05:00,2015969,CLASE TEORICA,(1) Grupo 1 (Inglés),Julio Esteban Colmenares Montañez,30,48
gh-31309220228,2026-08-09T05:50:09-05:00,2015969,CLASE TEORICA,(2) Grupo 2,Guillermo Eduardo Avila Alvarez,30,48
gh-31309220228,2026-08-09T05:50:09-05:00,2015969,CLASE TEORICA,(3) Grupo 3,Livaniel Viveros Rosero,30,48
gh-31309220228,2026-08-09T05:50:09-05:00,2015969,CLASE TEORICA,(4) Grupo 4,No informado,30,48
gh-31309220228,2026-08-09T05:50:10-05:00,2015970,CLASE PRACTICA,(4) Grupo 4,Helga Duarte,30,49
gh-31309220228,2026-08-09T05:50:10-05:00,2015970,CLASE PRACTICA,(5) Grupo 5,Oswaldo Rojas Camacho,45,49
gh-31309220228,2026-08-09T05:50:10-05:00,2015970,CLASE PRACTICA,(8) Grupo 8,Helga Duarte,30,49
gh-31309220228,2026-08-09T05:50:10-05:00,2015970,CLASE PRACTICA,(9) Grupo 9,Oswaldo Rojas Camacho,45,49
gh-31309220228,2026-08-09T05:50:12-05:00,2017293,CLASE TEORICA,(1) 2017293-1 Modelación matemática,JUAN SEBASTIÁN HINCAPIÉ MONTES,34,50
gh-31309220228,2026-08-09T05:50:12-05:00,2017293,CLASE MAGISTRAL,(1M) 2017293-1M Modelación matemática - Magistral,Carlos Alberto Duque Daza,80,50
gh-31309220228,2026-08-09T05:50:12-05:00,2017293,CLASE TEORICA,(2) 2017293-2 Modelación matemática,JUAN SEBASTIÁN HINCAPIÉ MONTES,34,50
gh-31309220228,2026-08-09T05:50:16-05:00,2015971,CLASE TEORICA,(1) Grupo 1,No informado,30,53
gh-31309220228,2026-08-09T05:50:16-05:00,2015971,CLASE TEORICA,(2) Grupo 2,Ferney Betancourt Cardozo,30,53
gh-31309220228,2026-08-09T05:50:16-05:00,2015971,CLASE TEORICA,(3) Grupo 3,No informado,30,53
gh-31309220228,2026-08-09T05:50:17-05:00,2015972,CLASE TEORICA,(1) Grupo 1,Carlos Alberto Moncada Aristizabal,15,54
gh-31309220228,2026-08-09T05:50:17-05:00,2015972,CLASE TEORICA,(2) Grupo 2,SANTIAGO RAMIREZ ECHEVERRI,15,54
gh-31309220228,2026-08-09T05:50:17-05:00,2015972,CLASE TEORICA,(3) Grupo 3,No informado,15,54
gh-31309220228,2026-08-09T05:50:18-05:00,1000024-B,CLASE TEORICA,(12) Grupo 12,Edgar Delgado Mejia,0,55
gh-31309220228,2026-08-09T05:50:18-05:00,1000024-B,CLASE TEORICA,(13) Grupo 13,Jesus Sigifredo Valencia Rios,0,55
gh-31309220228,2026-08-09T05:50:18-05:00,1000024-B,CLASE TEORICA,(14) Grupo 14,Jhon Jairo Aragón Arias,10,55
gh-31309220228,2026-08-09T05:50:19-05:00,1000013-B,CLASE TEORICA,(1) Grupo 1,JHONIER SEBASTIAN RANGEL GUTIERREZ,0,56
gh-31309220228,2026-08-09T05:50:19-05:00,1000013-B,CLASE TEORICA,(10) Grupo 10,Sandra Vergara Cardozo,35,56
gh-31309220228,2026-08-09T05:50:19-05:00,1000013-B,CLASE TEORICA,(11) Grupo 11,DIEGO ALBERTO MARTINEZ SIMBAQUEVA,40,56
gh-31309220228,2026-08-09T05:50:19-05:00,1000013-B,CLASE TEORICA,(12) Grupo 12,DIEGO ALBERTO MARTINEZ SIMBAQUEVA,40,56
gh-31309220228,2026-08-09T05:50:19-05:00,1000013-B,CLASE TEORICA,(13) Grupo 13,DIEGO ALBERTO MARTINEZ SIMBAQUEVA,30,56
gh-31309220228,2026-08-09T05:50:19-05:00,1000013-B,CLASE TEORICA,(14) Grupo 14,Andrea Catalina Garcia Montoya,45,56
gh-31309220228,2026-08-09T05:50:19-05:00,1000013-B,CLASE TEORICA,(16) Grupo 16,Sergio Alejandro Calderon Villanueva,30,56
gh-31309220228,2026-08-09T05:50:19-05:00,1000013-B,CLASE TEORICA,(2) Grupo 2,Luis Guillermo Diaz Monroy,40,56
gh-31309220228,2026-08-09T05:50:19-05:00,1000013-B,CLASE TEORICA,(22) Grupo 22,Hanwen Zhang,45,56
gh-31309220228,2026-08-09T05:50:19-05:00,1000013-B,CLASE TEORICA,(23) Grupo 23,ULPIANO LARA CRISTANCHO,0,56
gh-31309220228,2026-08-09T05:50:19-05:00,1000013-B,CLASE TEORICA,(3) Grupo 3,Diana Carolina Franco Soto,40,56
gh-31309220228,2026-08-09T05:50:19-05:00,1000013-B,CLASE TEORICA,(4) Grupo 4,Diana Carolina Franco Soto,40,56
gh-31309220228,2026-08-09T05:50:19-05:00,1000013-B,CLASE TEORICA,(5) Grupo 5,Darwin Eduardo Martínez Riaño,35,56
gh-31309220228,2026-08-09T05:50:19-05:00,1000013-B,CLASE TEORICA,(6) Grupo 6,Darwin Eduardo Martínez Riaño,35,56
gh-31309220228,2026-08-09T05:50:19-05:00,1000013-B,CLASE TEORICA,(7) Grupo 7,Camilo Jose Torres Jimenez,40,56
gh-31309220228,2026-08-09T05:50:21-05:00,2015734,NA,(1) Grupo 1,Fernando Salazar Delgado,6,57
gh-31309220228,2026-08-09T05:50:21-05:00,2015734,NA,(10) Grupo 10,Tito Florez Calderon,4,57
gh-31309220228,2026-08-09T05:50:21-05:00,2015734,NA,(11) Grupo 11,DAVID ALBERTO HERRERA ALVAREZ,0,57
gh-31309220228,2026-08-09T05:50:21-05:00,2015734,NA,(12) Grupo 12,FABIEL NATÁN ESPINOSA CASTAÑEDA,1,57
gh-31309220228,2026-08-09T05:50:21-05:00,2015734,NA,(13) Grupo 13,SERGIO CAMILO ESPINOSA BOTERO,4,57
gh-31309220228,2026-08-09T05:50:21-05:00,2015734,NA,(14) Grupo 14,Felipe Gonzalez Roldan,0,57
gh-31309220228,2026-08-09T05:50:21-05:00,2015734,NA,(2) Grupo 2,Fernando Salazar Delgado,16,57
gh-31309220228,2026-08-09T05:50:21-05:00,2015734,NA,(3) Grupo 3,Jhoan Sebastian Restrepo Mendoza,0,57
gh-31309220228,2026-08-09T05:50:21-05:00,2015734,NA,(4) Grupo 4,Sandra Liliana Rojas Martinez,0,57
gh-31309220228,2026-08-09T05:50:21-05:00,2015734,NA,(5) Grupo 5,Jhoan Sebastian Restrepo Mendoza,0,57
gh-31309220228,2026-08-09T05:50:21-05:00,2015734,NA,(6) Grupo 6,SERGIO CAMILO ESPINOSA BOTERO,8,57
gh-31309220228,2026-08-09T05:50:21-05:00,2015734,NA,(7) Grupo 7,No informado,3,57
gh-31309220228,2026-08-09T05:50:21-05:00,2015734,NA,(8) Grupo 8 - Virtual,FABIEL NATÁN ESPINOSA CASTAÑEDA,30,57
gh-31309220228,2026-08-09T05:50:21-05:00,2015734,NA,(9) Grupo 9,Alvaro Reynel Córdoba,18,57
gh-31309220228,2026-08-09T05:50:24-05:00,2015973,CLASE TEORICA,(1) Grupo 1,No informado,25,59
gh-31309220228,2026-08-09T05:50:24-05:00,2015973,CLASE TEORICA,(2) Grupo 2,GABRIELA ARRIETA LOYO,25,59
gh-31309220228,2026-08-09T05:50:24-05:00,2015973,CLASE TEORICA,(3) Grupo 3,NICOLAS ESCALANTE MORA,25,59
gh-31309220228,2026-08-09T05:50:25-05:00,2022761,NA,(1) Grupo 1,Servio Javier Contreras Guerrero,15,60
gh-31309220228,2026-08-09T05:50:25-05:00,2022761,NA,(2) Grupo 2,Servio Javier Contreras Guerrero,15,60
gh-31309220228,2026-08-09T05:50:25-05:00,2022761,NA,(3) Grupo 3,Samuel Fernando Mesa Giraldo,15,60
gh-31309220228,2026-08-09T05:50:26-05:00,2024045,CLASE TEORICA,(1) 2024045-1 Taller de proyectos interdisciplinarios,No informado,0,-1
gh-31309220228,2026-08-09T05:50:26-05:00,2024045,CLASE TEORICA,(10) 2024045-10 Taller de proyectos interdisciplinarios,Oscar Andres Eraso Eraso,0,-1
gh-31309220228,2026-08-09T05:50:26-05:00,2024045,CLASE TEORICA,(11) 2024045-11 Taller de proyectos interdisciplinarios,No informado,0,-1
gh-31309220228,2026-08-09T05:50:26-05:00,2024045,CLASE TEORICA,(12) 2024045-12 Taller de proyectos interdisciplinarios,Hector Julian Garcia Otalora,200,-1
gh-31309220228,2026-08-09T05:50:26-05:00,2024045,CLASE TEORICA,(13) 2024045-13 Taller de proyectos interdisciplinarios,No informado,0,-1
gh-31309220228,2026-08-09T05:50:26-05:00,2024045,CLASE TEORICA,(14) 2024045-14 Taller de proyectos interdisciplinarios,Dolly Santos Barbosa,0,-1
gh-31309220228,2026-08-09T05:50:26-05:00,2024045,CLASE TEORICA,(15) 2024045-15 Taller de proyectos interdisciplinarios,Oscar Andres Eraso Eraso,0,-1
gh-31309220228,2026-08-09T05:50:26-05:00,2024045,CLASE TEORICA,(16) 2024045-16 Taller de proyectos interdisciplinarios,Luis Ignacio Rodriguez Varela,0,-1
gh-31309220228,2026-08-09T05:50:26-05:00,2024045,CLASE TEORICA,(17) 2024045-17 Taller de proyectos interdisciplinarios,JOHANA CATALINA MANOSALVA BARRERA,0,-1
gh-31309220228,2026-08-09T05:50:26-05:00,2024045,CLASE TEORICA,(18) 2024045-18 Taller de proyectos interdisciplinarios,Fernando Bernal Martinez,0,-1
gh-31309220228,2026-08-09T05:50:26-05:00,2024045,CLASE TEORICA,(19) 2024045-19 Taller de proyectos interdisciplinarios,FRANCISCO JAVIER VÁSQUEZ VÁSQUEZ,0,-1
gh-31309220228,2026-08-09T05:50:26-05:00,2024045,CLASE TEORICA,(2) 2024045-2 Taller de proyectos interdisciplinarios,Fernando Bernal Martinez,0,-1
gh-31309220228,2026-08-09T05:50:26-05:00,2024045,CLASE TEORICA,(21) 2024045-21 Taller de proyectos interdisciplinarios,No informado,0,-1
gh-31309220228,2026-08-09T05:50:26-05:00,2024045,CLASE TEORICA,(22) 2024045-22 Taller de proyectos interdisciplinarios,Ubaldo Garcia Zaragoza,0,-1
gh-31309220228,2026-08-09T05:50:26-05:00,2024045,CLASE TEORICA,(23) 2024045-23 Taller de proyectos interdisciplinarios,No informado,0,-1
gh-31309220228,2026-08-09T05:50:26-05:00,2024045,CLASE TEORICA,(24) 2024045-24 Taller de proyectos interdisciplinarios,Hector Julian Garcia Otalora,200,-1
gh-31309220228,2026-08-09T05:50:26-05:00,2024045,CLASE TEORICA,(3) 2024045-3 Taller de proyectos interdisciplinarios,Guillermo Alberto Rocha Casas,0,-1
gh-31309220228,2026-08-09T05:50:26-05:00,2024045,CLASE TEORICA,(4) 2024045-4 Taller de proyectos interdisciplinarios,Francy Nayely Prieto Novoa,0,-1
gh-31309220228,2026-08-09T05:50:26-05:00,2024045,CLASE TEORICA,(40) 2024045-40 TPI-- NO BORRAR-- BLOQ ESPACIOS,No informado,0,-1
gh-31309220228,2026-08-09T05:50:26-05:00,2024045,CLASE TEORICA,(5) 2024045-5 Taller de proyectos interdisciplinarios,Nubia Carmenza Moreno Sarmiento,0,-1
gh-31309220228,2026-08-09T05:50:26-05:00,2024045,CLASE TEORICA,(6) 2024045-6 Taller de proyectos interdisciplinarios,JOHANA CATALINA MANOSALVA BARRERA,0,-1
gh-31309220228,2026-08-09T05:50:26-05:00,2024045,CLASE TEORICA,(7) 2024045-7 Taller de proyectos interdisciplinarios,Ubaldo Garcia Zaragoza,0,-1
gh-31309220228,2026-08-09T05:50:26-05:00,2024045,CLASE TEORICA,(8) 2024045-8 Taller de proyectos interdisciplinarios,JHON FREDDY LOPEZ MEDINA,0,-1
gh-31309220228,2026-08-09T05:50:26-05:00,2024045,CLASE TEORICA,(9) 2024045-9 Taller de proyectos interdisciplinarios,Manuel Alejandro Mayorga Betancourt,0,-1
gh-31309220228,2026-08-09T05:50:28-05:00,2015296,NA,(1) Grupo 1,Leonardo David Donado Garzon,5,62
gh-31309220228,2026-08-09T05:50:28-05:00,2015296,NA,(10) Grupo 10,Juan Manuel Lizarazo Marriaga,5,62
gh-31309220228,2026-08-09T05:50:28-05:00,2015296,NA,(11) Grupo 11,Octavio Coronado Garcia,5,62
gh-31309220228,2026-08-09T05:50:28-05:00,2015296,NA,(12) Grupo 12,Carol Andrea Murillo Feo,5,62
gh-31309220228,2026-08-09T05:50:28-05:00,2015296,NA,(13) Grupo 13,CAMILO RIOS FRESNEDA,5,62
gh-31309220228,2026-08-09T05:50:28-05:00,2015296,NA,(14) Grupo 14,William Castro Garcia,5,62
gh-31309220228,2026-08-09T05:50:28-05:00,2015296,NA,(15) Grupo 15,Luis Alejandro Morales Marin,5,62
gh-31309220228,2026-08-09T05:50:28-05:00,2015296,NA,(16) Grupo 16,Ferney Betancourt Cardozo,5,62
gh-31309220228,2026-08-09T05:50:28-05:00,2015296,NA,(17) Grupo 17,Maria Alejandra Caicedo Londoño,5,62
gh-31309220228,2026-08-09T05:50:28-05:00,2015296,NA,(18) Grupo 18,Guillermo Eduardo Avila Alvarez,5,62
gh-31309220228,2026-08-09T05:50:28-05:00,2015296,NA,(19) Grupo 19,Carlos Alfonso Gomez Guacaneme,0,62
gh-31309220228,2026-08-09T05:50:28-05:00,2015296,NA,(2) Grupo 2,Carlos Orlando Robles Roa,5,62
gh-31309220228,2026-08-09T05:50:28-05:00,2015296,NA,(3) Grupo 3,Angela Barrera Puerto,5,62
gh-31309220228,2026-08-09T05:50:28-05:00,2015296,NA,(4) Grupo 4,Mauricio Alberto Tapias Camacho,5,62
gh-31309220228,2026-08-09T05:50:28-05:00,2015296,NA,(5) Grupo 5,Maritzabel Molina Herrera,5,62
gh-31309220228,2026-08-09T05:50:28-05:00,2015296,NA,(6) Grupo 6,Rodolfo Rodriguez Baracaldo,5,62
gh-31309220228,2026-08-09T05:50:28-05:00,2015296,NA,(7) Grupo 7,SANTIAGO RAMIREZ ECHEVERRI,5,62
gh-31309220228,2026-08-09T05:50:28-05:00,2015296,NA,(8) Grupo 8,Jose Ricardo Martinez Vargas,5,62
gh-31309220228,2026-08-09T05:50:28-05:00,2015296,NA,(9) Grupo 9,GABRIELA ARRIETA LOYO,5,62
gh-31309220228,2026-08-09T05:50:29-05:00,2015299,CLASE TEORICA,(1) Grupo 1,GABRIELA ARRIETA LOYO,51,-1
gh-31311246746,2026-08-09T06:38:18-05:00,2015938,CLASE TEORICA,(1) Grupo 1,Maria Alejandra Caicedo Londoño,25,0
gh-31311246746,2026-08-09T06:38:18-05:00,2015938,CLASE TEORICA,(2) Grupo 2,Maria Alejandra Caicedo Londoño,25,0
gh-31311246746,2026-08-09T06:38:18-05:00,2015938,CLASE TEORICA,(3) Grupo 3,JOSE LUIS DIAZ AREVALO,25,0
gh-31311246746,2026-08-09T06:38:18-05:00,2015938,CLASE TEORICA,(4) Grupo 4,JOSE LUIS DIAZ AREVALO,24,0
gh-31311246746,2026-08-09T06:38:19-05:00,2015939,CLASE TEORICA,(1) Grupo 1,ALVARO MARTIN GUTIERREZ MALAXECHEBARRIA,25,1
gh-31311246746,2026-08-09T06:38:19-05:00,2015939,CLASE TEORICA,(2) Grupo 2,ALVARO MARTIN GUTIERREZ MALAXECHEBARRIA,25,1
gh-31311246746,2026-08-09T06:38:19-05:00,2015939,CLASE TEORICA,(3) Grupo 3,Edder Alexander Velandia Duran,25,1
gh-31311246746,2026-08-09T06:38:19-05:00,2015939,CLASE TEORICA,(4) Grupo 4,No informado,25,1
gh-31311246746,2026-08-09T06:38:21-05:00,1000003-B,NA,(1) Grupo 1,Erika Lorena Rosero Alzate; Oscar Andrés Rojas Sepúlveda,0,-1
gh-31311246746,2026-08-09T06:38:21-05:00,1000003-B,NA,(10) Grupo 10,Epifanio Lozano Ayala,14,-1
gh-31311246746,2026-08-09T06:38:21-05:00,1000003-B,NA,(11) Grupo 11,No informado,60,-1
gh-31311246746,2026-08-09T06:38:21-05:00,1000003-B,NA,(12) Grupo 12,No informado,40,-1
gh-31311246746,2026-08-09T06:38:21-05:00,1000003-B,NA,(13) Grupo 13,Mohammed EL AIDI,40,-1
gh-31311246746,2026-08-09T06:38:21-05:00,1000003-B,NA,(15) Grupo 15,Myriam Leonor Campos Florez,60,-1
gh-31311246746,2026-08-09T06:38:21-05:00,1000003-B,NA,(16) Grupo 16,No informado,60,-1
gh-31311246746,2026-08-09T06:38:21-05:00,1000003-B,NA,(17) Grupo 17,Martha Cecilia Moreno Penagos,40,-1
gh-31311246746,2026-08-09T06:38:21-05:00,1000003-B,NA,(18) Grupo 18,John Alexander Cruz Morales,52,-1
gh-31311246746,2026-08-09T06:38:21-05:00,1000003-B,NA,(20) Grupo 20,Natalia Camila Pinzon Cortes,60,-1
gh-31311246746,2026-08-09T06:38:21-05:00,1000003-B,NA,(21) Grupo 21,Ivon Andrea Dorado Correa,52,-1
gh-31311246746,2026-08-09T06:38:21-05:00,1000003-B,NA,(22) Grupo 22,No informado,46,-1
gh-31311246746,2026-08-09T06:38:21-05:00,1000003-B,NA,(3) Grupo 3,No informado,60,-1
gh-31311246746,2026-08-09T06:38:21-05:00,1000003-B,NA,(4) Grupo 4,Luis Alejandro Barbosa Torres,112,-1
gh-31311246746,2026-08-09T06:38:21-05:00,1000003-B,NA,(5) Grupo 5,Jaime David Mora Paz,60,-1
gh-31311246746,2026-08-09T06:38:21-05:00,1000003-B,NA,(7) Grupo 7,Myriam Leonor Campos Florez,40,-1
gh-31311246746,2026-08-09T06:38:21-05:00,1000003-B,NA,(8) Grupo 8,No informado,10,-1
gh-31311246746,2026-08-09T06:38:22-05:00,2015940,CLASE TEORICA,(1) Grupo 1,Maritzabel Molina Herrera,24,3
gh-31311246746,2026-08-09T06:38:22-05:00,2015940,CLASE TEORICA,(2) Grupo 2,Gabriel Andres Bernal Granados,24,3
gh-31311246746,2026-08-09T06:38:22-05:00,2015940,CLASE TEORICA,(3) Grupo 3,No informado,24,3
gh-31311246746,2026-08-09T06:38:23-05:00,2015941,CLASE TEORICA,(1) Grupo 1,Patricia Luna Tamayo,30,4
gh-31311246746,2026-08-09T06:38:23-05:00,2015941,CLASE TEORICA,(2) Grupo 2,No informado,30,4
gh-31311246746,2026-08-09T06:38:23-05:00,2015941,CLASE TEORICA,(3) Grupo 3,Carlos Ramiro Vallecilla Bahena,30,4
gh-31311246746,2026-08-09T06:38:23-05:00,2015941,CLASE TEORICA,(4) Grupo 4,No informado,30,4
gh-31311246746,2026-08-09T06:38:25-05:00,1000004-B,NA,(10) Grupo 10,No informado,53,5
gh-31311246746,2026-08-09T06:38:25-05:00,1000004-B,NA,(11) Grupo 11,No informado,24,5
gh-31311246746,2026-08-09T06:38:25-05:00,1000004-B,NA,(12) Grupo 12,No informado,24,5
gh-31311246746,2026-08-09T06:38:25-05:00,1000004-B,NA,(13) Grupo 13,No informado,16,5
gh-31311246746,2026-08-09T06:38:25-05:00,1000004-B,NA,(14) Grupo 14,No informado,90,5
gh-31311246746,2026-08-09T06:38:25-05:00,1000004-B,NA,(16) Grupo 16,No informado,27,5
gh-31311246746,2026-08-09T06:38:25-05:00,1000004-B,NA,(17) Grupo 17,Hernan Garzon Gutierrez,39,5
gh-31311246746,2026-08-09T06:38:25-05:00,1000004-B,NA,(19) Grupo 19,No informado,59,5
gh-31311246746,2026-08-09T06:38:25-05:00,1000004-B,NA,(2) Grupo 2,No informado,24,5
gh-31311246746,2026-08-09T06:38:25-05:00,1000004-B,NA,(20) Grupo 20,Hernan Garzon Gutierrez,10,5
gh-31311246746,2026-08-09T06:38:25-05:00,1000004-B,NA,(21) Grupo 21,No informado,60,5
gh-31311246746,2026-08-09T06:38:25-05:00,1000004-B,NA,(22) Grupo 22,No informado,60,5
gh-31311246746,2026-08-09T06:38:25-05:00,1000004-B,NA,(24) Grupo 24,Ricardo Ariel Pastran Ramirez,60,5
gh-31311246746,2026-08-09T06:38:25-05:00,1000004-B,NA,(25) Grupo 25,No informado,40,5
gh-31311246746,2026-08-09T06:38:25-05:00,1000004-B,NA,(27) Grupo 27,No informado,51,5
gh-31311246746,2026-08-09T06:38:25-05:00,1000004-B,NA,(28) Grupo 28,No informado,60,5
gh-31311246746,2026-08-09T06:38:25-05:00,1000004-B,NA,(29) Grupo 29,No informado,60,5
gh-31311246746,2026-08-09T06:38:25-05:00,1000004-B,NA,(30) Grupo 30,No informado,60,5
gh-31311246746,2026-08-09T06:38:25-05:00,1000004-B,NA,(32) Grupo 32,No informado,90,5
gh-31311246746,2026-08-09T06:38:25-05:00,1000004-B,NA,(4) Grupo 4,Myriam Leonor Campos Florez,37,5
gh-31311246746,2026-08-09T06:38:25-05:00,1000004-B,NA,(5) Grupo 5,Oscar Javier Lopez Alfonso,84,5
gh-31311246746,2026-08-09T06:38:25-05:00,1000004-B,NA,(7) Grupo 7,Anderson Arley Vera Arboleda,64,5
gh-31311246746,2026-08-09T06:38:25-05:00,1000004-B,NA,(8) Grupo 8,No informado,40,5
gh-31311246746,2026-08-09T06:38:25-05:00,1000004-B,NA,(9) Grupo 9,No informado,18,5
gh-31311246746,2026-08-09T06:38:27-05:00,1000006-B,NA,(1) Grupo 1,No informado,40,6
gh-31311246746,2026-08-09T06:38:27-05:00,1000006-B,NA,(10) Grupo 10,No informado,100,6
gh-31311246746,2026-08-09T06:38:27-05:00,1000006-B,NA,(11) Grupo 11,No informado,40,6
gh-31311246746,2026-08-09T06:38:27-05:00,1000006-B,NA,(12) Grupo 12,Leonid Lebedev,60,6
gh-31311246746,2026-08-09T06:38:27-05:00,1000006-B,NA,(13) Grupo 13,Juan Carlos Hernandez Rincon,40,6
gh-31311246746,2026-08-09T06:38:27-05:00,1000006-B,NA,(14) Grupo 14,No informado,60,6
gh-31311246746,2026-08-09T06:38:27-05:00,1000006-B,NA,(15) Grupo 15,No informado,112,6
gh-31311246746,2026-08-09T06:38:27-05:00,1000006-B,NA,(2) Grupo 2,EDIXON MANUEL ROJAS SANTANA,40,6
gh-31311246746,2026-08-09T06:38:27-05:00,1000006-B,NA,(3) Grupo 3,Cesar Augusto Gomez Sierra,40,6
gh-31311246746,2026-08-09T06:38:27-05:00,1000006-B,NA,(4) Grupo 4,Agustin Moreno Canadas,100,6
gh-31311246746,2026-08-09T06:38:27-05:00,1000006-B,NA,(5) Grupo 5,German Eduardo Fonseca Buitrago,40,6
gh-31311246746,2026-08-09T06:38:27-05:00,1000006-B,NA,(7) Grupo 7,No informado,70,6
gh-31311246746,2026-08-09T06:38:27-05:00,1000006-B,NA,(8) Grupo 8,Epifanio Lozano Ayala,60,6
gh-31311246746,2026-08-09T06:38:27-05:00,1000006-B,NA,(9) Grupo 9,Orlando Vanegas Canro,0,6
gh-31311246746,2026-08-09T06:38:28-05:00,1000005-B,NA,(1) Grupo 1,Orlando Vanegas Canro,0,7
gh-31311246746,2026-08-09T06:38:28-05:00,1000005-B,NA,(10) Grupo 10,Epifanio Lozano Ayala,50,7
gh-31311246746,2026-08-09T06:38:28-05:00,1000005-B,NA,(14) Grupo 14,Mohammed EL AIDI,40,7
gh-31311246746,2026-08-09T06:38:28-05:00,1000005-B,NA,(15) Grupo 15,Alina Fedosova,60,7
gh-31311246746,2026-08-09T06:38:28-05:00,1000005-B,NA,(16) Grupo 16,No informado,70,7
gh-31311246746,2026-08-09T06:38:28-05:00,1000005-B,NA,(17) Grupo 17,Hernan Garzon Gutierrez,40,7
gh-31311246746,2026-08-09T06:38:28-05:00,1000005-B,NA,(2) Grupo 2,RENE ERLIN CASTILLO,60,7
gh-31311246746,2026-08-09T06:38:28-05:00,1000005-B,NA,(20) Grupo 20,Franqui Solis Cardenas Poloche,40,7
gh-31311246746,2026-08-09T06:38:28-05:00,1000005-B,NA,(22) Grupo 22,No informado,60,7
gh-31311246746,2026-08-09T06:38:28-05:00,1000005-B,NA,(3) Grupo 3,Eduardo Cardenas Gomez,70,7
gh-31311246746,2026-08-09T06:38:28-05:00,1000005-B,NA,(4) Grupo 4,Edward Samuel Becerra Rojas,60,7
gh-31311246746,2026-08-09T06:38:28-05:00,1000005-B,NA,(6) Grupo 6,No informado,60,7
gh-31311246746,2026-08-09T06:38:28-05:00,1000005-B,NA,(7) Grupo 7,Franqui Solis Cardenas Poloche,100,7
gh-31311246746,2026-08-09T06:38:28-05:00,1000005-B,NA,(8) Grupo 8,No informado,40,7
gh-31311246746,2026-08-09T06:38:28-05:00,1000005-B,NA,(9) Grupo 9,No informado,10,7
gh-31311246746,2026-08-09T06:38:31-05:00,2015943,CLASE TEORICA,(1) Grupo 1,Carlos Orlando Robles Roa,15,9
gh-31311246746,2026-08-09T06:38:32-05:00,2015944,CLASE TEORICA,(1) Grupo 1,SANTIAGO RAMIREZ ECHEVERRI,15,10
gh-31311246746,2026-08-09T06:38:33-05:00,2015711,NA,(10) 2015711-10 Dibujo básico,Ariel Augusto Amaya Avila,0,11
gh-31311246746,2026-08-09T06:38:33-05:00,2015711,NA,(11) 2015711-11 Dibujo básico,Cesar Augusto Bacca Gonzalez,0,11
gh-31311246746,2026-08-09T06:38:33-05:00,2015711,NA,(14) 2015711-14 Dibujo básico,Cristian Felipe Morales Suárez,0,11
gh-31311246746,2026-08-09T06:38:33-05:00,2015711,NA,(16) 2015711-16 Dibujo básico,DAVID FELIPE TORRES ARCE,0,11
gh-31311246746,2026-08-09T06:38:33-05:00,2015711,NA,(4) 2015711-4 Dibujo básico,Cristian Felipe Morales Suárez,9,11
gh-31311246746,2026-08-09T06:38:33-05:00,2015711,NA,(5) 2015711-5 Dibujo básico,Sebastian Achury Ortiz,0,11
gh-31311246746,2026-08-09T06:38:33-05:00,2015711,NA,(7) 2015711-7 Dibujo básico,Cesar Augusto Bacca Gonzalez,20,11
gh-31311246746,2026-08-09T06:38:33-05:00,2015711,NA,(8) 2015711-8 Dibujo básico,Miguel Angel Baquero Cortes,0,11
gh-31311246746,2026-08-09T06:38:33-05:00,2015711,NA,(9) 2015711-9 Dibujo básico,EDWIN CAMILO REINA BELTRAN,0,11
gh-31311246746,2026-08-09T06:38:35-05:00,2015948,CLASE TEORICA,(1) Grupo 1,No informado,30,12
gh-31311246746,2026-08-09T06:38:35-05:00,2015948,CLASE TEORICA,(2) Grupo 2,Mauricio Alberto Tapias Camacho,30,12
gh-31311246746,2026-08-09T06:38:35-05:00,2015948,CLASE TEORICA,(3) Grupo 3,No informado,30,12
gh-31311246746,2026-08-09T06:38:36-05:00,2015950,CLASE TEORICA,(1) Grupo 1,No informado,25,13
gh-31311246746,2026-08-09T06:38:36-05:00,2015950,CLASE TEORICA,(2) Grupo 2,No informado,0,13
gh-31311246746,2026-08-09T06:38:36-05:00,2015950,CLASE TEORICA,(3) Grupo 3,Daniel Ricardo Lozano Monsalve,25,13
gh-31311246746,2026-08-09T06:38:36-05:00,2015950,CLASE TEORICA,(4) Grupo 4,No informado,25,13
gh-31311246746,2026-08-09T06:38:36-05:00,2015950,CLASE TEORICA,(5) Grupo 5,No informado,25,13
gh-31311246746,2026-08-09T06:38:37-05:00,2015949,CLASE TEORICA,(1) Grupo 1,Mario Javier Cardozo Chaux,30,14
gh-31311246746,2026-08-09T06:38:37-05:00,2015949,CLASE TEORICA,(2) Grupo 2,Wilson Ernesto Vargas Vargas,30,14
gh-31311246746,2026-08-09T06:38:37-05:00,2015949,CLASE TEORICA,(3) Grupo 3,No informado,30,14
gh-31311246746,2026-08-09T06:38:38-05:00,1000007-B,NA,(1) Grupo 1,German Eduardo Fonseca Buitrago,60,15
gh-31311246746,2026-08-09T06:38:38-05:00,1000007-B,NA,(11) Grupo 11,Leonid Lebedev,60,15
gh-31311246746,2026-08-09T06:38:38-05:00,1000007-B,NA,(12) Grupo 12,No informado,60,15
gh-31311246746,2026-08-09T06:38:38-05:00,1000007-B,NA,(13) Grupo 13,Omar Duque Gomez,40,15
gh-31311246746,2026-08-09T06:38:38-05:00,1000007-B,NA,(14) Grupo 14,No informado,100,15
gh-31311246746,2026-08-09T06:38:38-05:00,1000007-B,NA,(3) Grupo 3,Serafin Bautista Diaz,40,15
gh-31311246746,2026-08-09T06:38:38-05:00,1000007-B,NA,(4) Grupo 4,EDIXON MANUEL ROJAS SANTANA,60,15
gh-31311246746,2026-08-09T06:38:38-05:00,1000007-B,NA,(6) Grupo 6,Alexander Caviedes Castro,50,15
gh-31311246746,2026-08-09T06:38:38-05:00,1000007-B,NA,(7) Grupo 7,Oscar Guillermo Riaño Castañeda,40,15
gh-31311246746,2026-08-09T06:38:38-05:00,1000007-B,NA,(9) Grupo 9,Orlando Vanegas Canro,0,15
gh-31311246746,2026-08-09T06:38:40-05:00,2026134,CLASE TEORICA,(1) Grupo 1,No informado,0,16
gh-31311246746,2026-08-09T06:38:40-05:00,2026134,CLASE TEORICA,(2) Grupo 2,Juan Manuel Lizarazo Marriaga,30,16
gh-31311246746,2026-08-09T06:38:40-05:00,2026134,CLASE TEORICA,(3) Grupo 3,Maritzabel Molina Herrera,30,16
gh-31311246746,2026-08-09T06:38:40-05:00,2026134,CLASE TEORICA,(4) Grupo 4,Carlos Ramiro Vallecilla Bahena,30,16
gh-31311246746,2026-08-09T06:38:40-05:00,2026134,CLASE TEORICA,(5) Grupo 5,Fernando Lozano Osorno,30,16
gh-31311246746,2026-08-09T06:38:40-05:00,2026134,CLASE TEORICA,(6) Grupo 6,No informado,30,16
gh-31311246746,2026-08-09T06:38:41-05:00,2015954,CLASE TEORICA,(1) Grupo 1,Erasmo Alfredo Rodriguez Sandoval,30,17
gh-31311246746,2026-08-09T06:38:41-05:00,2015954,CLASE TEORICA,(2) Grupo 2,Mario Enrique Moreno Castiblanco,30,17
gh-31311246746,2026-08-09T06:38:41-05:00,2015954,CLASE TEORICA,(3) Grupo 3,Luis Alejandro Morales Marin,30,17
gh-31311246746,2026-08-09T06:38:42-05:00,2015955,CLASE TEORICA,(1) Grupo 1,Giovanni Andres Cortes Tovar,30,18
gh-31311246746,2026-08-09T06:38:42-05:00,2015955,CLASE TEORICA,(2) Grupo 2,Angela Barrera Puerto,30,18
gh-31311246746,2026-08-09T06:38:42-05:00,2015955,CLASE TEORICA,(3) Grupo 3,Giovanni Andres Cortes Tovar,30,18
gh-31311246746,2026-08-09T06:38:44-05:00,1000011-B,CLASE TEORICA,(1) Grupo 1,Ernesto Javier Puertas Dellepianes,118,19
gh-31311246746,2026-08-09T06:38:44-05:00,1000011-B,CLASE TEORICA,(3) Grupo 3,Néstor Fernando Perez Buitrago,12,19
gh-31311246746,2026-08-09T06:38:46-05:00,1000019-B,CLASE LABORATORIO,(1) Grupo 1,Gustavo Martinez Tamayo,35,20
gh-31311246746,2026-08-09T06:38:46-05:00,1000019-B,CLASE TALLER,(1) Grupo 1,FABIAN FELIPE QUEVEDO FARIETA,35,20
gh-31311246746,2026-08-09T06:38:46-05:00,1000019-B,CLASE MAGISTRAL,(1) Grupo 1,Gustavo Martinez Tamayo,35,20
gh-31311246746,2026-08-09T06:38:46-05:00,1000019-B,CLASE LABORATORIO,(10) Grupo 10,LUIS AGULLES PEDROS,35,20
gh-31311246746,2026-08-09T06:38:46-05:00,1000019-B,CLASE TALLER,(10) Grupo 10,Jhon Morales Aponte,35,20
gh-31311246746,2026-08-09T06:38:46-05:00,1000019-B,CLASE MAGISTRAL,(10) Grupo 10,Ovidio Amado Almanza Montero,35,20
gh-31311246746,2026-08-09T06:38:46-05:00,1000019-B,CLASE LABORATORIO,(11) Grupo 11,EVER DAVID ALCALA CAJAR,35,20
gh-31311246746,2026-08-09T06:38:46-05:00,1000019-B,CLASE TALLER,(11) Grupo 11,JULIAN MATEO DE MENDOZA GUTIERREZ,35,20
gh-31311246746,2026-08-09T06:38:46-05:00,1000019-B,CLASE MAGISTRAL,(11) Grupo 11,Ovidio Amado Almanza Montero,35,20
gh-31311246746,2026-08-09T06:38:46-05:00,1000019-B,CLASE LABORATORIO,(12) Grupo 12,FABIAN FELIPE QUEVEDO FARIETA,35,20
gh-31311246746,2026-08-09T06:38:46-05:00,1000019-B,CLASE TALLER,(12) Grupo 12,EVER DAVID ALCALA CAJAR,35,20
gh-31311246746,2026-08-09T06:38:46-05:00,1000019-B,CLASE MAGISTRAL,(12) Grupo 12,Ovidio Amado Almanza Montero,35,20
gh-31311246746,2026-08-09T06:38:46-05:00,1000019-B,CLASE LABORATORIO,(13) Grupo 13,Alvaro Marino Camargo,35,20
gh-31311246746,2026-08-09T06:38:46-05:00,1000019-B,CLASE TALLER,(13) Grupo 13,MIGUEL ENRIQUE GÁMEZ LÓPEZ,35,20
gh-31311246746,2026-08-09T06:38:46-05:00,1000019-B,CLASE MAGISTRAL,(13) Grupo 13,Alvaro Marino Camargo,35,20
gh-31311246746,2026-08-09T06:38:46-05:00,1000019-B,CLASE LABORATORIO,(14) Grupo 14,Alvaro Marino Camargo,35,20
gh-31311246746,2026-08-09T06:38:46-05:00,1000019-B,CLASE TALLER,(14) Grupo 14,No informado,35,20
gh-31311246746,2026-08-09T06:38:46-05:00,1000019-B,CLASE MAGISTRAL,(14) Grupo 14,Alvaro Marino Camargo,35,20
gh-31311246746,2026-08-09T06:38:46-05:00,1000019-B,CLASE LABORATORIO,(15) Grupo 15,JULIAN MATEO DE MENDOZA GUTIERREZ,32,20
gh-31311246746,2026-08-09T06:38:46-05:00,1000019-B,CLASE TALLER,(15) Grupo 15,EVER DAVID ALCALA CAJAR,32,20
gh-31311246746,2026-08-09T06:38:46-05:00,1000019-B,CLASE MAGISTRAL,(15) Grupo 15,Alvaro Marino Camargo,32,20
gh-31311246746,2026-08-09T06:38:46-05:00,1000019-B,CLASE MAGISTRAL,(16) Gruop 16,Erika Lorena Rosero Alzate; Daniel Camilo Padilla González,8,20
gh-31311246746,2026-08-09T06:38:46-05:00,1000019-B,CLASE LABORATORIO,(16) Grupo 16,Alvaro Marino Camargo,35,20
gh-31311246746,2026-08-09T06:38:46-05:00,1000019-B,CLASE TALLER,(16) Grupo 16,Edna Carolina Pinilla Beltran,35,20
gh-31311246746,2026-08-09T06:38:46-05:00,1000019-B,CLASE LABORATORIO,(17) Grupo 17,JULIAN MATEO DE MENDOZA GUTIERREZ,34,20
gh-31311246746,2026-08-09T06:38:46-05:00,1000019-B,CLASE TALLER,(17) Grupo 17,Jereson Silva Valencia,34,20
gh-31311246746,2026-08-09T06:38:46-05:00,1000019-B,CLASE MAGISTRAL,(17) Grupo 17,Jereson Silva Valencia,34,20
gh-31311246746,2026-08-09T06:38:46-05:00,1000019-B,CLASE LABORATORIO,(18) Grupo 18,Jaime Villalobos Velasco,34,20
gh-31311246746,2026-08-09T06:38:46-05:00,1000019-B,CLASE TALLER,(18) Grupo 18,Jereson Silva Valencia,34,20
gh-31311246746,2026-08-09T06:38:46-05:00,1000019-B,CLASE MAGISTRAL,(18) Grupo 18,Jereson Silva Valencia,34,20
gh-31311246746,2026-08-09T06:38:46-05:00,1000019-B,CLASE LABORATORIO,(19) Grupo 19,JULY PAOLA GARZÓN LOPEZ,32,20
gh-31311246746,2026-08-09T06:38:46-05:00,1000019-B,CLASE TALLER,(19) Grupo 19,Jereson Silva Valencia,32,20
gh-31311246746,2026-08-09T06:38:46-05:00,1000019-B,CLASE MAGISTRAL,(19) Grupo 19,Jereson Silva Valencia,32,20
gh-31311246746,2026-08-09T06:38:46-05:00,1000019-B,CLASE LABORATORIO,(2) Grupo 2,Gustavo Martinez Tamayo,35,20
gh-31311246746,2026-08-09T06:38:46-05:00,1000019-B,CLASE TALLER,(2) Grupo 2,Gustavo Martinez Tamayo,35,20
gh-31311246746,2026-08-09T06:38:46-05:00,1000019-B,CLASE MAGISTRAL,(2) Grupo 2,Gustavo Martinez Tamayo,35,20
gh-31311246746,2026-08-09T06:38:46-05:00,1000019-B,CLASE LABORATORIO,(20) Grupo 20,JOSE ALFREDO GOMEZ MATEUS,35,20
gh-31311246746,2026-08-09T06:38:46-05:00,1000019-B,CLASE TALLER,(20) Grupo 20,Jereson Silva Valencia,35,20
gh-31311246746,2026-08-09T06:38:46-05:00,1000019-B,CLASE MAGISTRAL,(20) Grupo 20,Jereson Silva Valencia,35,20
gh-31311246746,2026-08-09T06:38:46-05:00,1000019-B,CLASE LABORATORIO,(21) Grupo 21,Pedro Hernan Sanchez Machet,35,20
gh-31311246746,2026-08-09T06:38:46-05:00,1000019-B,CLASE TALLER,(21) Grupo 21,JOSE ALFREDO GOMEZ MATEUS,35,20
gh-31311246746,2026-08-09T06:38:46-05:00,1000019-B,CLASE MAGISTRAL,(21) Grupo 21,Diego Alejandro Torres Galindo,35,20
gh-31311246746,2026-08-09T06:38:46-05:00,1000019-B,CLASE LABORATORIO,(22) Grupo 22,Pedro Hernan Sanchez Machet,35,20
gh-31311246746,2026-08-09T06:38:46-05:00,1000019-B,CLASE TALLER,(22) Grupo 22,JULY PAOLA GARZÓN LOPEZ,35,20
gh-31311246746,2026-08-09T06:38:46-05:00,1000019-B,CLASE MAGISTRAL,(22) Grupo 22,Diego Alejandro Torres Galindo,35,20
gh-31311246746,2026-08-09T06:38:46-05:00,1000019-B,CLASE LABORATORIO,(23) Grupo 23,Pedro Hernan Sanchez Machet,35,20
gh-31311246746,2026-08-09T06:38:46-05:00,1000019-B,CLASE TALLER,(23) Grupo 23,Edna Carolina Pinilla Beltran,35,20
gh-31311246746,2026-08-09T06:38:46-05:00,1000019-B,CLASE MAGISTRAL,(23) Grupo 23,Diego Alejandro Torres Galindo,35,20
gh-31311246746,2026-08-09T06:38:46-05:00,1000019-B,CLASE LABORATORIO,(24) Grupo 24,Pedro Hernan Sanchez Machet,35,20
gh-31311246746,2026-08-09T06:38:46-05:00,1000019-B,CLASE TALLER,(24) Grupo 24,Diego Alejandro Torres Galindo,35,20
gh-31311246746,2026-08-09T06:38:46-05:00,1000019-B,CLASE MAGISTRAL,(24) Grupo 24,Diego Alejandro Torres Galindo,35,20
gh-31311246746,2026-08-09T06:38:46-05:00,1000019-B,CLASE LABORATORIO,(25) Grupo 25,Plinio Del Carmen Teheran Sermeno,45,20
gh-31311246746,2026-08-09T06:38:46-05:00,1000019-B,CLASE TALLER,(25) Grupo 25,Plinio Del Carmen Teheran Sermeno,45,20
gh-31311246746,2026-08-09T06:38:46-05:00,1000019-B,CLASE MAGISTRAL,(25) Grupo 25,Plinio Del Carmen Teheran Sermeno,45,20
gh-31311246746,2026-08-09T06:38:46-05:00,1000019-B,CLASE LABORATORIO,(26) Grupo 26 (VIRTUAL),Plinio Del Carmen Teheran Sermeno,50,20
gh-31311246746,2026-08-09T06:38:46-05:00,1000019-B,CLASE TALLER,(26) Grupo 26 (VIRTUAL),Plinio Del Carmen Teheran Sermeno,50,20
gh-31311246746,2026-08-09T06:38:46-05:00,1000019-B,CLASE MAGISTRAL,(26) Grupo 26 (VIRTUAL),Plinio Del Carmen Teheran Sermeno,50,20
gh-31311246746,2026-08-09T06:38:46-05:00,1000019-B,CLASE LABORATORIO,(27) Grupo 27 (VIRTUAL),Plinio Del Carmen Teheran Sermeno,50,20
gh-31311246746,2026-08-09T06:38:46-05:00,1000019-B,CLASE TALLER,(27) Grupo 27 (VIRTUAL),Plinio Del Carmen Teheran Sermeno,50,20
gh-31311246746,2026-08-09T06:38:46-05:00,1000019-B,CLASE MAGISTRAL,(27) Grupo 27 (VIRTUAL),Plinio Del Carmen Teheran Sermeno,50,20
gh-31311246746,2026-08-09T06:38:46-05:00,1000019-B,CLASE LABORATORIO,(28) Grupo 28 (VIRTUAL),Plinio Del Carmen Teheran Sermeno,50,20
gh-31311246746,2026-08-09T06:38:46-05:00,1000019-B,CLASE TALLER,(28) Grupo 28 (VIRTUAL),Plinio Del Carmen Teheran Sermeno,50,20
gh-31311246746,2026-08-09T06:38:46-05:00,1000019-B,CLASE MAGISTRAL,(28) Grupo 28 (VIRTUAL),Plinio Del Carmen Teheran Sermeno,50,20
gh-31311246746,2026-08-09T06:38:46-05:00,1000019-B,CLASE LABORATORIO,(29) Grupo 29 (VIRTUAL),Plinio Del Carmen Teheran Sermeno,50,20
gh-31311246746,2026-08-09T06:38:46-05:00,1000019-B,CLASE TALLER,(29) Grupo 29 (VIRTUAL),Plinio Del Carmen Teheran Sermeno,50,20
gh-31311246746,2026-08-09T06:38:46-05:00,1000019-B,CLASE MAGISTRAL,(29) Grupo 29 (VIRTUAL),Plinio Del Carmen Teheran Sermeno,50,20
gh-31311246746,2026-08-09T06:38:46-05:00,1000019-B,CLASE LABORATORIO,(3) Grupo 3,Gustavo Martinez Tamayo,35,20
gh-31311246746,2026-08-09T06:38:46-05:00,1000019-B,CLASE TALLER,(3) Grupo 3,Gustavo Martinez Tamayo,35,20
gh-31311246746,2026-08-09T06:38:46-05:00,1000019-B,CLASE MAGISTRAL,(3) Grupo 3,Gustavo Martinez Tamayo,35,20
gh-31311246746,2026-08-09T06:38:46-05:00,1000019-B,CLASE LABORATORIO,(4) Grupo 4,No informado,35,20
gh-31311246746,2026-08-09T06:38:46-05:00,1000019-B,CLASE TALLER,(4) Grupo 4,Jaime Villalobos Velasco,35,20
gh-31311246746,2026-08-09T06:38:46-05:00,1000019-B,CLASE MAGISTRAL,(4) Grupo 4,Gustavo Martinez Tamayo,35,20
gh-31311246746,2026-08-09T06:38:46-05:00,1000019-B,CLASE LABORATORIO,(5) Grupo 5,FABIAN FELIPE QUEVEDO FARIETA,35,20
gh-31311246746,2026-08-09T06:38:46-05:00,1000019-B,CLASE TALLER,(5) Grupo 5,Jaime Villalobos Velasco,35,20
gh-31311246746,2026-08-09T06:38:46-05:00,1000019-B,CLASE MAGISTRAL,(5) Grupo 5,Ramiro Cardona Cardona,35,20
gh-31311246746,2026-08-09T06:38:46-05:00,1000019-B,CLASE LABORATORIO,(6) Grupo 6,Jaime Villalobos Velasco,35,20
gh-31311246746,2026-08-09T06:38:46-05:00,1000019-B,CLASE TALLER,(6) Grupo 6,Ramiro Cardona Cardona,35,20
gh-31311246746,2026-08-09T06:38:46-05:00,1000019-B,CLASE MAGISTRAL,(6) Grupo 6,Ramiro Cardona Cardona,35,20
gh-31311246746,2026-08-09T06:38:46-05:00,1000019-B,CLASE LABORATORIO,(7) Grupo 7,Jaime Villalobos Velasco,35,20
gh-31311246746,2026-08-09T06:38:46-05:00,1000019-B,CLASE TALLER,(7) Grupo 7,Ramiro Cardona Cardona,35,20
gh-31311246746,2026-08-09T06:38:46-05:00,1000019-B,CLASE MAGISTRAL,(7) Grupo 7,Ramiro Cardona Cardona,35,20
gh-31311246746,2026-08-09T06:38:46-05:00,1000019-B,CLASE LABORATORIO,(8) Grupo 8,Jaime Villalobos Velasco,35,20
gh-31311246746,2026-08-09T06:38:46-05:00,1000019-B,CLASE TALLER,(8) Grupo 8,Edna Carolina Pinilla Beltran,35,20
gh-31311246746,2026-08-09T06:38:46-05:00,1000019-B,CLASE MAGISTRAL,(8) Grupo 8,Ramiro Cardona Cardona,35,20
gh-31311246746,2026-08-09T06:38:46-05:00,1000019-B,CLASE LABORATORIO,(9) Grupo 9,Erika Lorena Rosero Alzate,0,20
gh-31311246746,2026-08-09T06:38:46-05:00,1000019-B,CLASE TALLER,(9) Grupo 9,No informado,10,20
gh-31311246746,2026-08-09T06:38:46-05:00,1000019-B,CLASE MAGISTRAL,(9) Grupo 9,Fredy Angel Jimenez Giraldo,10,20
gh-31311246746,2026-08-09T06:38:48-05:00,2015956,CLASE TEORICA,(1) Grupo 1,Modesto Portilla Gamboa; Fernando Eli Romero Ordoñez,35,21
gh-31311246746,2026-08-09T06:38:48-05:00,2015956,CLASE TEORICA,(2) Grupo 2,Jennifer Angel Amaya,30,21
gh-31311246746,2026-08-09T06:38:48-05:00,2015956,CLASE TEORICA,(3) Grupo 3,Jennifer Angel Amaya,30,21
gh-31311246746,2026-08-09T06:38:48-05:00,2015956,CLASE TEORICA,(4) Grupo 4,Fernando Eli Romero Ordoñez; Modesto Portilla Gamboa,35,21
gh-31311246746,2026-08-09T06:38:49-05:00,2015957,CLASE PRACTICA,(1) Grupo 1,No informado,30,22
gh-31311246746,2026-08-09T06:38:49-05:00,2015957,CLASE PRACTICA,(2) Grupo 2,Samuel Fernando Mesa Giraldo,30,22
gh-31311246746,2026-08-09T06:38:49-05:00,2015957,CLASE PRACTICA,(3) Grupo 3,Rose Marie Aldana Boutin,30,22
gh-31311246746,2026-08-09T06:38:49-05:00,2015957,CLASE PRACTICA,(4) Grupo 4,Rose Marie Aldana Boutin,30,22
gh-31311246746,2026-08-09T06:38:50-05:00,2015958,CLASE PRACTICA,(1) Grupo 1,William Castro Garcia,20,23
gh-31311246746,2026-08-09T06:38:50-05:00,2015958,CLASE TEORICA,(1) Grupo 1,William Castro Garcia,40,23
gh-31311246746,2026-08-09T06:38:50-05:00,2015958,CLASE PRACTICA,(2) Grupo 2,William Castro Garcia,20,23
gh-31311246746,2026-08-09T06:38:50-05:00,2015958,CLASE PRACTICA,(3) Grupo 3,Carlos Alfonso Gomez Guacaneme,30,23
gh-31311246746,2026-08-09T06:38:50-05:00,2015958,CLASE TEORICA,(3) Grupo 3,Carlos Alfonso Gomez Guacaneme,30,23
gh-31311246746,2026-08-09T06:38:50-05:00,2015958,CLASE PRACTICA,(4) Grupo 4,Mario Arturo Rincon Villalba,20,23
gh-31311246746,2026-08-09T06:38:50-05:00,2015958,CLASE TEORICA,(4) Grupo 4,Mario Arturo Rincon Villalba,40,23
gh-31311246746,2026-08-09T06:38:50-05:00,2015958,CLASE PRACTICA,(5) Grupo 5,Mario Arturo Rincon Villalba,20,23
gh-31311246746,2026-08-09T06:38:50-05:00,2015958,CLASE PRACTICA,(6) Grupo 6,Fausto Alejandro Silva España,20,23
gh-31311246746,2026-08-09T06:38:50-05:00,2015958,CLASE TEORICA,(6) Grupo 6,Cesar Andres Cortes Bello,40,23
gh-31311246746,2026-08-09T06:38:50-05:00,2015958,CLASE PRACTICA,(7) Grupo 7,Fausto Alejandro Silva España,20,23
gh-31311246746,2026-08-09T06:38:50-05:00,2015958,CLASE PRACTICA,(8) Grupo 8,Fausto Alejandro Silva España,20,23
gh-31311246746,2026-08-09T06:38:50-05:00,2015958,CLASE TEORICA,(8) Grupo 8,Cesar Andres Cortes Bello,40,23
gh-31311246746,2026-08-09T06:38:50-05:00,2015958,CLASE PRACTICA,(9) Grupo 9,Fausto Alejandro Silva España,20,23
gh-31311246746,2026-08-09T06:38:51-05:00,2015959,CLASE TEORICA,(1) Grupo 1,Carlos Eduardo Rodriguez Pineda,30,24
gh-31311246746,2026-08-09T06:38:51-05:00,2015959,CLASE TEORICA,(2) Grupo 2,Guillermo Eduardo Avila Alvarez,30,24
gh-31311246746,2026-08-09T06:38:51-05:00,2015959,CLASE TEORICA,(3) Grupo 3,Livaniel Viveros Rosero,30,24
gh-31311246746,2026-08-09T06:38:51-05:00,2015959,CLASE TEORICA,(4) Grupo 4,No informado,0,24
gh-31311246746,2026-08-09T06:38:54-05:00,2015961,CLASE TEORICA,(1) Grupo 1,Rafael Orland Ortiz Mosquera,24,26
gh-31311246746,2026-08-09T06:38:54-05:00,2015961,CLASE TEORICA,(2) Grupo 2,Adriana Patricia Piña Fulano,24,26
gh-31311246746,2026-08-09T06:38:54-05:00,2015961,CLASE TEORICA,(3) Grupo 3,Gelber Norberto Gutierrez Palacios,24,26
gh-31311246746,2026-08-09T06:38:54-05:00,2015961,CLASE TEORICA,(4) Grupo 4,No informado,24,26
gh-31311246746,2026-08-09T06:38:54-05:00,2015961,CLASE TEORICA,(5) Grupo 5,No informado,24,26
gh-31311246746,2026-08-09T06:38:54-05:00,2015961,CLASE TEORICA,(6) Grupo 6,Leonardo David Donado Garzon,24,26
gh-31311246746,2026-08-09T06:38:55-05:00,2015978,CLASE TEORICA,(1) Grupo 1,No informado,0,27
gh-31311246746,2026-08-09T06:38:55-05:00,2015978,CLASE TEORICA,(2) Grupo 2,Erasmo Alfredo Rodriguez Sandoval,30,27
gh-31311246746,2026-08-09T06:38:55-05:00,2015978,CLASE TEORICA,(3) Grupo 3,No informado,30,27
gh-31311246746,2026-08-09T06:38:55-05:00,2015978,CLASE TEORICA,(4) Grupo 4,No informado,30,27
gh-31311246746,2026-08-09T06:38:55-05:00,2015978,CLASE TEORICA,(5) Grupo 5,No informado,30,27
gh-31311246746,2026-08-09T06:38:56-05:00,2026135,CLASE TEORICA,(1) Grupo 1,NICOLAS ESCALANTE MORA,25,28
gh-31311246746,2026-08-09T06:38:56-05:00,2026135,CLASE TEORICA,(2) Grupo 2,Leonel Vega Mora,25,28
gh-31311246746,2026-08-09T06:38:56-05:00,2026135,CLASE TEORICA,(3) Grupo 3,Leonel Vega Mora,25,28
gh-31311246746,2026-08-09T06:38:57-05:00,2015963,CLASE TEORICA,(1) Grupo 1,No informado,30,29
gh-31311246746,2026-08-09T06:38:57-05:00,2015963,CLASE TEORICA,(2) Grupo 2,No informado,30,29
gh-31311246746,2026-08-09T06:38:57-05:00,2015963,CLASE TEORICA,(3) Grupo 3,William Castro Garcia,30,29
gh-31311246746,2026-08-09T06:38:59-05:00,2026138,CLASE TEORICA,(1) Grupo 1,Ivan Dario Serrano Arrieta,30,30
gh-31311246746,2026-08-09T06:38:59-05:00,2026138,CLASE TEORICA,(2) Grupo 2,Ivan Dario Serrano Arrieta,30,30
gh-31311246746,2026-08-09T06:38:59-05:00,2026138,CLASE TEORICA,(3) Grupo 3,Pedro Luis Jimenez Poveda,30,30
gh-31311246746,2026-08-09T06:39:00-05:00,2015703,NA,(1) Grupo 1,Angela Maria Arboleda Restrepo,40,31
gh-31311246746,2026-08-09T06:39:00-05:00,2015703,NA,(10) Grupo 10,Diego Alejandro Hernandez Castañeda,30,31
gh-31311246746,2026-08-09T06:39:00-05:00,2015703,NA,(11) Grupo 11,Julio Cesar Cañon Rodriguez,30,31
gh-31311246746,2026-08-09T06:39:00-05:00,2015703,NA,(2) Grupo 2,Osman Benjamin Giovanny Vargas Rozo,40,31
gh-31311246746,2026-08-09T06:39:00-05:00,2015703,NA,(3) Grupo 3,Hugo Alberto Herrera Fonseca,40,31
gh-31311246746,2026-08-09T06:39:00-05:00,2015703,NA,(4) Grupo 4,LINA JULIANA BULLA CASAS,30,31
gh-31311246746,2026-08-09T06:39:00-05:00,2015703,NA,(5) Grupo 5 - Virtual,Cesar Augusto Roa Lemus,60,31
gh-31311246746,2026-08-09T06:39:00-05:00,2015703,NA,(6) Grupo 6,JAVIER RICARDO OJEDA SANCHEZ,40,31
gh-31311246746,2026-08-09T06:39:00-05:00,2015703,NA,(7) Grupo 7,JAVIER RICARDO OJEDA SANCHEZ,20,31
gh-31311246746,2026-08-09T06:39:00-05:00,2015703,NA,(8) Grupo 8,Diego Alejandro Hernandez Castañeda,40,31
gh-31311246746,2026-08-09T06:39:00-05:00,2015703,NA,(9) Grupo 9,LINA JULIANA BULLA CASAS,35,31
gh-31311246746,2026-08-09T06:39:01-05:00,1000044-B,CLASE TEORICA,(1) Grupo 1,Beatriz Elena Urrutia Sanchez,26,32
gh-31311246746,2026-08-09T06:39:01-05:00,1000044-B,CLASE TEORICA,(2) Grupo 2,Yaneli Niño Osorio,26,32
gh-31311246746,2026-08-09T06:39:01-05:00,1000044-B,CLASE TEORICA,(3) Grupo 3,Luis Gabriel Peña Ortiz,26,32
gh-31311246746,2026-08-09T06:39:01-05:00,1000044-B,CLASE TEORICA,(4) Grupo 4,Liliana Marcela Guzman Aricapa,26,32
gh-31311246746,2026-08-09T06:39:01-05:00,1000044-B,CLASE TEORICA,(5) Grupo 5,Beatriz Elena Urrutia Sanchez,26,32
gh-31311246746,2026-08-09T06:39:01-05:00,1000044-B,CLASE TEORICA,(6) Grupo 6,Cesar Augusto Romero,26,32
gh-31311246746,2026-08-09T06:39:01-05:00,1000044-B,CLASE TEORICA,(7) Grupo 7,JOSE JONATHAN MAESTRE HERRERA,26,32
gh-31311246746,2026-08-09T06:39:01-05:00,1000044-B,CLASE TEORICA,(8) Grupo 8,Beymar Leonardo Solorzano Alviz,26,32
gh-31311246746,2026-08-09T06:39:01-05:00,1000044-B,CLASE TEORICA,(9) Grupo 9,Claudia Marcela Arevalo Gomez,7,32
gh-31311246746,2026-08-09T06:39:03-05:00,1000045-B,CLASE TEORICA,(1) Grupo 1,Claudia Marcela Arevalo Gomez,10,33
gh-31311246746,2026-08-09T06:39:03-05:00,1000045-B,CLASE TEORICA,(10) Grupo 10,Jesica paola Rendon Alfonso,26,33
gh-31311246746,2026-08-09T06:39:03-05:00,1000045-B,CLASE TEORICA,(11) Grupo 11,JOSE JONATHAN MAESTRE HERRERA,26,33
gh-31311246746,2026-08-09T06:39:03-05:00,1000045-B,CLASE TEORICA,(12) Grupo 12,LINDA JOHANA RUIZ GOMEZ,26,33
gh-31311246746,2026-08-09T06:39:03-05:00,1000045-B,CLASE TEORICA,(13) Grupo 13,Narly Yadira Pardo Cadena,26,33
gh-31311246746,2026-08-09T06:39:03-05:00,1000045-B,CLASE TEORICA,(14) Grupo 14,Angelica Saenz Fonseca,26,33
gh-31311246746,2026-08-09T06:39:03-05:00,1000045-B,CLASE TEORICA,(15) Grupo 15,Narly Yadira Pardo Cadena,26,33
gh-31311246746,2026-08-09T06:39:03-05:00,1000045-B,CLASE TEORICA,(16) Grupo 16,Luis Gabriel Peña Ortiz,26,33
gh-31311246746,2026-08-09T06:39:03-05:00,1000045-B,CLASE TEORICA,(2) Grupo 2,Cesar Augusto Romero,26,33
gh-31311246746,2026-08-09T06:39:03-05:00,1000045-B,CLASE TEORICA,(3) Grupo 3,Jesica paola Rendon Alfonso,26,33
gh-31311246746,2026-08-09T06:39:03-05:00,1000045-B,CLASE TEORICA,(4) Grupo 4,Adriana Marlen Sanchez Riaño,26,33
gh-31311246746,2026-08-09T06:39:03-05:00,1000045-B,CLASE TEORICA,(5) Grupo 5,Cesar Augusto Romero,26,33
gh-31311246746,2026-08-09T06:39:03-05:00,1000045-B,CLASE TEORICA,(6) Grupo 6,Sara Elisa Monsalve Patino,26,33
gh-31311246746,2026-08-09T06:39:03-05:00,1000045-B,CLASE TEORICA,(7) Grupo 7,Luis Gabriel Peña Ortiz,26,33
gh-31311246746,2026-08-09T06:39:03-05:00,1000045-B,CLASE TEORICA,(8) Grupo 8,Johnatan Martinez Hernandez,26,33
gh-31311246746,2026-08-09T06:39:03-05:00,1000045-B,CLASE TEORICA,(9) Grupo 9,Maureen Elizabeth Hooker Oneill,15,33
gh-31311246746,2026-08-09T06:39:05-05:00,1000046-B,CLASE TEORICA,(1) Grupo 1,Johnatan Martinez Hernandez,26,35
gh-31311246746,2026-08-09T06:39:05-05:00,1000046-B,CLASE TEORICA,(10) Grupo 10,Jennly Angelica Gomez Rodriguez,26,35
gh-31311246746,2026-08-09T06:39:05-05:00,1000046-B,CLASE TEORICA,(11) Grupo 11,Angelica Saenz Fonseca,26,35
gh-31311246746,2026-08-09T06:39:05-05:00,1000046-B,CLASE TEORICA,(12) Grupo 12,Liliana Marcela Guzman Aricapa,26,35
gh-31311246746,2026-08-09T06:39:05-05:00,1000046-B,CLASE TEORICA,(13) Grupo 13,ALBA LUCIA RIAÑO RODRIGUEZ,26,35
gh-31311246746,2026-08-09T06:39:05-05:00,1000046-B,CLASE TEORICA,(14) Grupo 14,Angelica Saenz Fonseca,26,35
gh-31311246746,2026-08-09T06:39:05-05:00,1000046-B,CLASE TEORICA,(15) Grupo 15,Luis Gabriel Peña Ortiz,26,35
gh-31311246746,2026-08-09T06:39:05-05:00,1000046-B,CLASE TEORICA,(16) Grupo 16,Olga Lucia Ruiz Convers,26,35
gh-31311246746,2026-08-09T06:39:05-05:00,1000046-B,CLASE TEORICA,(17) Grupo 17,Luis Gabriel Peña Ortiz,26,35
gh-31311246746,2026-08-09T06:39:05-05:00,1000046-B,CLASE TEORICA,(18) Grupo 18,Narly Yadira Pardo Cadena,26,35
gh-31311246746,2026-08-09T06:39:05-05:00,1000046-B,CLASE TEORICA,(2) Grupo 2,Jesica paola Rendon Alfonso,26,35
gh-31311246746,2026-08-09T06:39:05-05:00,1000046-B,CLASE TEORICA,(3) Grupo 3,JESUS DAVID TORRES RODRIGUEZ,26,35
gh-31311246746,2026-08-09T06:39:05-05:00,1000046-B,CLASE TEORICA,(4) Grupo 4,Claudia Patricia Cortes Lora,26,35
gh-31311246746,2026-08-09T06:39:05-05:00,1000046-B,CLASE TEORICA,(5) Grupo 5,Johnatan Martinez Hernandez,26,35
gh-31311246746,2026-08-09T06:39:05-05:00,1000046-B,CLASE TEORICA,(6) Grupo 6,Johnatan Martinez Hernandez,26,35
gh-31311246746,2026-08-09T06:39:05-05:00,1000046-B,CLASE TEORICA,(7) Grupo 7,Jesica paola Rendon Alfonso,26,35
gh-31311246746,2026-08-09T06:39:05-05:00,1000046-B,CLASE TEORICA,(8) Grupo 8,Beatriz Elena Urrutia Sanchez,26,35
gh-31311246746,2026-08-09T06:39:05-05:00,1000046-B,CLASE TEORICA,(9) Grupo 9,Maureen Elizabeth Hooker Oneill,10,35
gh-31311246746,2026-08-09T06:39:08-05:00,1000052-B,CLASE TEORICA,(1) Grupo 1,Liliana Marcela Guzman Aricapa,28,37
gh-31311246746,2026-08-09T06:39:08-05:00,1000052-B,CLASE TEORICA,(2) Grupo 2,JOSE JONATHAN MAESTRE HERRERA,28,37
gh-31311246746,2026-08-09T06:39:08-05:00,1000052-B,CLASE TEORICA,(3) Grupo 3,Aida Elena Monsalve Solorzano,28,37
gh-31311246746,2026-08-09T06:39:09-05:00,1000053-B,CLASE TEORICA,(1) Grupo 1,Jennly Angelica Gomez Rodriguez,28,38
gh-31311246746,2026-08-09T06:39:09-05:00,1000053-B,CLASE TEORICA,(2) Grupo 2,Yaneli Niño Osorio,28,38
gh-31311246746,2026-08-09T06:39:09-05:00,1000053-B,CLASE TEORICA,(3) Grupo 3,Javier Rodriguez Gomez,30,38
gh-31311246746,2026-08-09T06:39:09-05:00,1000053-B,CLASE TEORICA,(4) Grupo 4,Javier Rodriguez Gomez,30,38
gh-31311246746,2026-08-09T06:39:09-05:00,1000053-B,CLASE TEORICA,(5) Grupo 5,LINDA JOHANA RUIZ GOMEZ,28,38
gh-31311246746,2026-08-09T06:39:09-05:00,1000053-B,CLASE TEORICA,(6) Grupo 6,Olga Lucia Ruiz Convers,28,38
gh-31311246746,2026-08-09T06:39:11-05:00,1000047-B,CLASE TEORICA,(1) Grupo 1,Cesar Augusto Romero,26,39
gh-31311246746,2026-08-09T06:39:11-05:00,1000047-B,CLASE TEORICA,(10) Grupo 10,Monica Alexandra Riaño Orjuela,26,39
gh-31311246746,2026-08-09T06:39:11-05:00,1000047-B,CLASE TEORICA,(11) Grupo 11,Jennly Angelica Gomez Rodriguez,26,39
gh-31311246746,2026-08-09T06:39:11-05:00,1000047-B,CLASE TEORICA,(12) Grupo 12,Claudia Patricia Cortes Lora,26,39
gh-31311246746,2026-08-09T06:39:11-05:00,1000047-B,CLASE TEORICA,(13) Grupo 13,Angelica Saenz Fonseca,26,39
gh-31311246746,2026-08-09T06:39:11-05:00,1000047-B,CLASE TEORICA,(14) Grupo 14,LINDA JOHANA RUIZ GOMEZ,26,39
gh-31311246746,2026-08-09T06:39:11-05:00,1000047-B,CLASE TEORICA,(15) Grupo 15,Claudia Patricia Cortes Lora,26,39
gh-31311246746,2026-08-09T06:39:11-05:00,1000047-B,CLASE TEORICA,(16) Grupo 16,Narly Yadira Pardo Cadena,26,39
gh-31311246746,2026-08-09T06:39:11-05:00,1000047-B,CLASE TEORICA,(17) Grupo 17,Angelica Saenz Fonseca,26,39
gh-31311246746,2026-08-09T06:39:11-05:00,1000047-B,CLASE TEORICA,(18) Grupo 18,ALBA LUCIA RIAÑO RODRIGUEZ,26,39
gh-31311246746,2026-08-09T06:39:11-05:00,1000047-B,CLASE TEORICA,(19) Grupo 19,Aida Elena Monsalve Solorzano,26,39
gh-31311246746,2026-08-09T06:39:11-05:00,1000047-B,CLASE TEORICA,(2) Grupo 2,Yaneli Niño Osorio,26,39
gh-31311246746,2026-08-09T06:39:11-05:00,1000047-B,CLASE TEORICA,(20) Grupo 20,ALBA LUCIA RIAÑO RODRIGUEZ,26,39
gh-31311246746,2026-08-09T06:39:11-05:00,1000047-B,CLASE TEORICA,(21) Grupo 21,Edwin Yesid Leon Silva,26,39
gh-31311246746,2026-08-09T06:39:11-05:00,1000047-B,CLASE TEORICA,(22) Grupo 22,LINDA JOHANA RUIZ GOMEZ,26,39
gh-31311246746,2026-08-09T06:39:11-05:00,1000047-B,CLASE TEORICA,(3) Grupo 3,Monica Alexandra Riaño Orjuela,26,39
gh-31311246746,2026-08-09T06:39:11-05:00,1000047-B,CLASE TEORICA,(4) Grupo 4,Claudia Patricia Cortes Lora,26,39
gh-31311246746,2026-08-09T06:39:11-05:00,1000047-B,CLASE TEORICA,(5) Grupo 5,Olga Lucia Ruiz Convers,26,39
gh-31311246746,2026-08-09T06:39:11-05:00,1000047-B,CLASE TEORICA,(6) Grupo 6,Monica Alexandra Riaño Orjuela,26,39
gh-31311246746,2026-08-09T06:39:11-05:00,1000047-B,CLASE TEORICA,(7) Grupo 7,Cesar Augusto Romero,26,39
gh-31311246746,2026-08-09T06:39:11-05:00,1000047-B,CLASE TEORICA,(8) Grupo 8,Beatriz Elena Urrutia Sanchez,26,39
gh-31311246746,2026-08-09T06:39:11-05:00,1000047-B,CLASE TEORICA,(9) Grupo 9,Keshia Hilary Howard Livingston,15,39
gh-31311246746,2026-08-09T06:39:14-05:00,2026186,CLASE TEORICA,(1) Grupo 1,Carol Andrea Murillo Feo,7,41
gh-31311246746,2026-08-09T06:39:14-05:00,2026186,CLASE TEORICA,(2) Grupo 2,Leonel Vega Mora,0,41
gh-31311246746,2026-08-09T06:39:14-05:00,2026186,CLASE TEORICA,(4) Grupo 4,Carlos Orlando Robles Roa,10,41
gh-31311246746,2026-08-09T06:39:15-05:00,1000002-B,CLASE TEORICA,(1) Grupo 1 - Clase Presencial,Ruth Andrea Cortés Suárez,1,42
gh-31311246746,2026-08-09T06:39:15-05:00,1000002-B,CLASE TEORICA,(10) Grupo 10 - Clase presencial,Karen Johanna Castelblanco Villamil,0,42
gh-31311246746,2026-08-09T06:39:15-05:00,1000002-B,CLASE TEORICA,(2) Grupo 2 - Clase Presencial,Ruth Andrea Cortés Suárez,0,42
gh-31311246746,2026-08-09T06:39:15-05:00,1000002-B,CLASE TEORICA,(3) Grupo 3 - Clase Presencial,Adriana Patricia Díaz Cuevas,0,42
gh-31311246746,2026-08-09T06:39:15-05:00,1000002-B,CLASE TEORICA,(4) Grupo 4 - Clase Presencial,Adriana Patricia Díaz Cuevas,0,42
gh-31311246746,2026-08-09T06:39:15-05:00,1000002-B,CLASE TEORICA,(5) Grupo 5 - Clase Presencial,Andres Felipe Escovar Barreto,0,42
gh-31311246746,2026-08-09T06:39:15-05:00,1000002-B,CLASE TEORICA,(6) Grupo 6 - Clase Presencial,Ruth Andrea Cortés Suárez,0,42
gh-31311246746,2026-08-09T06:39:15-05:00,1000002-B,CLASE TEORICA,(7) Grupo 7 - Clase Presencial,Karen Johanna Castelblanco Villamil,0,42
gh-31311246746,2026-08-09T06:39:15-05:00,1000002-B,CLASE TEORICA,(8) Grupo 8 - Clase Presencial,Adriana Patricia Díaz Cuevas,0,42
gh-31311246746,2026-08-09T06:39:15-05:00,1000002-B,CLASE TEORICA,(9) Grupo 9 - Clase Presencial,Carlas Lucia Castilla Lara,10,42
gh-31311246746,2026-08-09T06:39:17-05:00,1000001-B,CLASE TEORICA,(1) Grupo 1,No informado,0,43
gh-31311246746,2026-08-09T06:39:17-05:00,1000001-B,CLASE MAGISTRAL,(1) Grupo 1,Ibeth Marcela Rubio Perilla,0,43
gh-31311246746,2026-08-09T06:39:17-05:00,1000001-B,CLASE MAGISTRAL,(10) Grupo 10,No informado,0,43
gh-31311246746,2026-08-09T06:39:17-05:00,1000001-B,CLASE TEORICA,(19) Grupo 19,No informado,5,43
gh-31311246746,2026-08-09T06:39:17-05:00,1000001-B,CLASE TEORICA,(2) Grupo 2,No informado,10,43
gh-31311246746,2026-08-09T06:39:17-05:00,1000001-B,CLASE MAGISTRAL,(2) Grupo 2,Herbert Alonso Dueñas Ruiz,0,43
gh-31311246746,2026-08-09T06:39:17-05:00,1000001-B,CLASE MAGISTRAL,(3) Grupo 3,Jeanneth Galeano Penaloza,0,43
gh-31311246746,2026-08-09T06:39:17-05:00,1000001-B,CLASE MAGISTRAL,(4) Grupo 4,Gustavo Adolfo Nieto Clavijo,0,43
gh-31311246746,2026-08-09T06:39:17-05:00,1000001-B,CLASE MAGISTRAL,(5) Grupo 5,Natalia Camila Pinzon Cortes,0,43
gh-31311246746,2026-08-09T06:39:17-05:00,1000001-B,CLASE MAGISTRAL,(6) Grupo 6,Martha Cecilia Moreno Penagos,0,43
gh-31311246746,2026-08-09T06:39:17-05:00,1000001-B,CLASE MAGISTRAL,(7) Grupo 7,Claudio Rodriguez Beltran,0,43
gh-31311246746,2026-08-09T06:39:17-05:00,1000001-B,CLASE MAGISTRAL,(8) Grupo 8,Gabriel Ignacio Padilla Leon,0,43
gh-31311246746,2026-08-09T06:39:17-05:00,1000001-B,CLASE MAGISTRAL,(9) Grupo 9,No informado,10,43
gh-31311246746,2026-08-09T06:39:19-05:00,2015965,CLASE TEORICA,(1) Grupo 1,CAMILO RIOS FRESNEDA,24,44
gh-31311246746,2026-08-09T06:39:19-05:00,2015965,CLASE TEORICA,(2) Grupo 2,Julian David Puerto Suarez; Vladimir Buelvas Hernández,24,44
gh-31311246746,2026-08-09T06:39:19-05:00,2015965,CLASE TEORICA,(3) Grupo 3,Ferney Betancourt Cardozo; Juan Manuel Lizarazo Marriaga,24,44
gh-31311246746,2026-08-09T06:39:19-05:00,2015965,CLASE TEORICA,(4) Grupo 4,No informado,24,44
gh-31311246746,2026-08-09T06:39:20-05:00,2015966,CLASE TEORICA,(1) Grupo 1,No informado,24,45
gh-31311246746,2026-08-09T06:39:20-05:00,2015966,CLASE TEORICA,(2) Grupo 2,Adriana Patricia Piña Fulano,24,45
gh-31311246746,2026-08-09T06:39:20-05:00,2015966,CLASE TEORICA,(3) Grupo 3,Rafael Orland Ortiz Mosquera,24,45
gh-31311246746,2026-08-09T06:39:20-05:00,2015966,CLASE TEORICA,(4) Grupo 4,No informado,24,45
gh-31311246746,2026-08-09T06:39:20-05:00,2015966,CLASE TEORICA,(5) Grupo 5,No informado,24,45
gh-31311246746,2026-08-09T06:39:20-05:00,2015966,CLASE TEORICA,(6) Grupo 6,Luis Alejandro Morales Marin,24,45
gh-31311246746,2026-08-09T06:39:20-05:00,2015966,CLASE TEORICA,(7) Grupo 7,No informado,24,45
gh-31311246746,2026-08-09T06:39:20-05:00,2015966,CLASE TEORICA,(8) Grupo 8,No informado,24,45
gh-31311246746,2026-08-09T06:39:21-05:00,2015967,NA,(1) Grupo 1,Vladimir Buelvas Hernández,24,46
gh-31311246746,2026-08-09T06:39:22-05:00,2015968,CLASE TEORICA,(1) Grupo 1,Ricardo Parra Arango,24,47
gh-31311246746,2026-08-09T06:39:22-05:00,2015968,CLASE TEORICA,(2) Grupo 2,Juan David Oliveros Salazar,24,47
gh-31311246746,2026-08-09T06:39:22-05:00,2015968,CLASE TEORICA,(3) Grupo 3,No informado,24,47
gh-31311246746,2026-08-09T06:39:22-05:00,2015968,CLASE TEORICA,(4) Grupo 4,Ricardo Parra Arango,24,47
gh-31311246746,2026-08-09T06:39:22-05:00,2015968,CLASE TEORICA,(5) Grupo 5,Julian David Puerto Suarez,24,47
gh-31311246746,2026-08-09T06:39:22-05:00,2015968,CLASE TEORICA,(6) Grupo 6,Dorian Luis Linero Segrera,24,47
gh-31311246746,2026-08-09T06:39:22-05:00,2015968,CLASE TEORICA,(7) Grupo 7,No informado,0,47
gh-31311246746,2026-08-09T06:39:23-05:00,2015969,CLASE TEORICA,(1) Grupo 1 (Inglés),Julio Esteban Colmenares Montañez,30,48
gh-31311246746,2026-08-09T06:39:23-05:00,2015969,CLASE TEORICA,(2) Grupo 2,Guillermo Eduardo Avila Alvarez,30,48
gh-31311246746,2026-08-09T06:39:23-05:00,2015969,CLASE TEORICA,(3) Grupo 3,Livaniel Viveros Rosero,30,48
gh-31311246746,2026-08-09T06:39:23-05:00,2015969,CLASE TEORICA,(4) Grupo 4,No informado,30,48
gh-31311246746,2026-08-09T06:39:25-05:00,2015970,CLASE PRACTICA,(4) Grupo 4,Helga Duarte,30,49
gh-31311246746,2026-08-09T06:39:25-05:00,2015970,CLASE PRACTICA,(5) Grupo 5,Oswaldo Rojas Camacho,45,49
gh-31311246746,2026-08-09T06:39:25-05:00,2015970,CLASE PRACTICA,(8) Grupo 8,Helga Duarte,30,49
gh-31311246746,2026-08-09T06:39:25-05:00,2015970,CLASE PRACTICA,(9) Grupo 9,Oswaldo Rojas Camacho,45,49
gh-31311246746,2026-08-09T06:39:26-05:00,2017293,CLASE TEORICA,(1) 2017293-1 Modelación matemática,JUAN SEBASTIÁN HINCAPIÉ MONTES,34,50
gh-31311246746,2026-08-09T06:39:26-05:00,2017293,CLASE MAGISTRAL,(1M) 2017293-1M Modelación matemática - Magistral,Carlos Alberto Duque Daza,80,50
gh-31311246746,2026-08-09T06:39:26-05:00,2017293,CLASE TEORICA,(2) 2017293-2 Modelación matemática,JUAN SEBASTIÁN HINCAPIÉ MONTES,34,50
gh-31311246746,2026-08-09T06:39:29-05:00,2015971,CLASE TEORICA,(1) Grupo 1,No informado,30,53
gh-31311246746,2026-08-09T06:39:29-05:00,2015971,CLASE TEORICA,(2) Grupo 2,Ferney Betancourt Cardozo,30,53
gh-31311246746,2026-08-09T06:39:29-05:00,2015971,CLASE TEORICA,(3) Grupo 3,No informado,30,53
gh-31311246746,2026-08-09T06:39:31-05:00,2015972,CLASE TEORICA,(1) Grupo 1,Carlos Alberto Moncada Aristizabal,15,54
gh-31311246746,2026-08-09T06:39:31-05:00,2015972,CLASE TEORICA,(2) Grupo 2,SANTIAGO RAMIREZ ECHEVERRI,15,54
gh-31311246746,2026-08-09T06:39:31-05:00,2015972,CLASE TEORICA,(3) Grupo 3,No informado,15,54
gh-31311246746,2026-08-09T06:39:32-05:00,1000024-B,CLASE TEORICA,(12) Grupo 12,Edgar Delgado Mejia,0,55
gh-31311246746,2026-08-09T06:39:32-05:00,1000024-B,CLASE TEORICA,(13) Grupo 13,Jesus Sigifredo Valencia Rios,0,55
gh-31311246746,2026-08-09T06:39:32-05:00,1000024-B,CLASE TEORICA,(14) Grupo 14,Jhon Jairo Aragón Arias,10,55
gh-31311246746,2026-08-09T06:39:34-05:00,1000013-B,CLASE TEORICA,(1) Grupo 1,JHONIER SEBASTIAN RANGEL GUTIERREZ,0,56
gh-31311246746,2026-08-09T06:39:34-05:00,1000013-B,CLASE TEORICA,(10) Grupo 10,Sandra Vergara Cardozo,35,56
gh-31311246746,2026-08-09T06:39:34-05:00,1000013-B,CLASE TEORICA,(11) Grupo 11,DIEGO ALBERTO MARTINEZ SIMBAQUEVA,40,56
gh-31311246746,2026-08-09T06:39:34-05:00,1000013-B,CLASE TEORICA,(12) Grupo 12,DIEGO ALBERTO MARTINEZ SIMBAQUEVA,40,56
gh-31311246746,2026-08-09T06:39:34-05:00,1000013-B,CLASE TEORICA,(13) Grupo 13,DIEGO ALBERTO MARTINEZ SIMBAQUEVA,30,56
gh-31311246746,2026-08-09T06:39:34-05:00,1000013-B,CLASE TEORICA,(14) Grupo 14,Andrea Catalina Garcia Montoya,45,56
gh-31311246746,2026-08-09T06:39:34-05:00,1000013-B,CLASE TEORICA,(16) Grupo 16,Sergio Alejandro Calderon Villanueva,30,56
gh-31311246746,2026-08-09T06:39:34-05:00,1000013-B,CLASE TEORICA,(2) Grupo 2,Luis Guillermo Diaz Monroy,40,56
gh-31311246746,2026-08-09T06:39:34-05:00,1000013-B,CLASE TEORICA,(22) Grupo 22,Hanwen Zhang,45,56
gh-31311246746,2026-08-09T06:39:34-05:00,1000013-B,CLASE TEORICA,(23) Grupo 23,ULPIANO LARA CRISTANCHO,0,56
gh-31311246746,2026-08-09T06:39:34-05:00,1000013-B,CLASE TEORICA,(3) Grupo 3,Diana Carolina Franco Soto,40,56
gh-31311246746,2026-08-09T06:39:34-05:00,1000013-B,CLASE TEORICA,(4) Grupo 4,Diana Carolina Franco Soto,40,56
gh-31311246746,2026-08-09T06:39:34-05:00,1000013-B,CLASE TEORICA,(5) Grupo 5,Darwin Eduardo Martínez Riaño,35,56
gh-31311246746,2026-08-09T06:39:34-05:00,1000013-B,CLASE TEORICA,(6) Grupo 6,Darwin Eduardo Martínez Riaño,35,56
gh-31311246746,2026-08-09T06:39:34-05:00,1000013-B,CLASE TEORICA,(7) Grupo 7,Camilo Jose Torres Jimenez,40,56
gh-31311246746,2026-08-09T06:39:35-05:00,2015734,NA,(1) Grupo 1,Fernando Salazar Delgado,6,57
gh-31311246746,2026-08-09T06:39:35-05:00,2015734,NA,(10) Grupo 10,Tito Florez Calderon,4,57
gh-31311246746,2026-08-09T06:39:35-05:00,2015734,NA,(11) Grupo 11,DAVID ALBERTO HERRERA ALVAREZ,0,57
gh-31311246746,2026-08-09T06:39:35-05:00,2015734,NA,(12) Grupo 12,FABIEL NATÁN ESPINOSA CASTAÑEDA,1,57
gh-31311246746,2026-08-09T06:39:35-05:00,2015734,NA,(13) Grupo 13,SERGIO CAMILO ESPINOSA BOTERO,4,57
gh-31311246746,2026-08-09T06:39:35-05:00,2015734,NA,(14) Grupo 14,Felipe Gonzalez Roldan,0,57
gh-31311246746,2026-08-09T06:39:35-05:00,2015734,NA,(2) Grupo 2,Fernando Salazar Delgado,16,57
gh-31311246746,2026-08-09T06:39:35-05:00,2015734,NA,(3) Grupo 3,Jhoan Sebastian Restrepo Mendoza,0,57
gh-31311246746,2026-08-09T06:39:35-05:00,2015734,NA,(4) Grupo 4,Sandra Liliana Rojas Martinez,0,57
gh-31311246746,2026-08-09T06:39:35-05:00,2015734,NA,(5) Grupo 5,Jhoan Sebastian Restrepo Mendoza,0,57
gh-31311246746,2026-08-09T06:39:35-05:00,2015734,NA,(6) Grupo 6,SERGIO CAMILO ESPINOSA BOTERO,8,57
gh-31311246746,2026-08-09T06:39:35-05:00,2015734,NA,(7) Grupo 7,No informado,3,57
gh-31311246746,2026-08-09T06:39:35-05:00,2015734,NA,(8) Grupo 8 - Virtual,FABIEL NATÁN ESPINOSA CASTAÑEDA,30,57
gh-31311246746,2026-08-09T06:39:35-05:00,2015734,NA,(9) Grupo 9,Alvaro Reynel Córdoba,18,57
gh-31311246746,2026-08-09T06:39:38-05:00,2015973,CLASE TEORICA,(1) Grupo 1,No informado,25,59
gh-31311246746,2026-08-09T06:39:38-05:00,2015973,CLASE TEORICA,(2) Grupo 2,GABRIELA ARRIETA LOYO,25,59
gh-31311246746,2026-08-09T06:39:38-05:00,2015973,CLASE TEORICA,(3) Grupo 3,NICOLAS ESCALANTE MORA,25,59
gh-31311246746,2026-08-09T06:39:39-05:00,2022761,NA,(1) Grupo 1,Servio Javier Contreras Guerrero,15,60
gh-31311246746,2026-08-09T06:39:39-05:00,2022761,NA,(2) Grupo 2,Servio Javier Contreras Guerrero,15,60
gh-31311246746,2026-08-09T06:39:39-05:00,2022761,NA,(3) Grupo 3,Samuel Fernando Mesa Giraldo,15,60
gh-31311246746,2026-08-09T06:39:40-05:00,2024045,CLASE TEORICA,(1) 2024045-1 Taller de proyectos interdisciplinarios,No informado,0,-1
gh-31311246746,2026-08-09T06:39:40-05:00,2024045,CLASE TEORICA,(10) 2024045-10 Taller de proyectos interdisciplinarios,Oscar Andres Eraso Eraso,0,-1
gh-31311246746,2026-08-09T06:39:40-05:00,2024045,CLASE TEORICA,(11) 2024045-11 Taller de proyectos interdisciplinarios,No informado,0,-1
gh-31311246746,2026-08-09T06:39:40-05:00,2024045,CLASE TEORICA,(12) 2024045-12 Taller de proyectos interdisciplinarios,Hector Julian Garcia Otalora,200,-1
gh-31311246746,2026-08-09T06:39:40-05:00,2024045,CLASE TEORICA,(13) 2024045-13 Taller de proyectos interdisciplinarios,No informado,0,-1
gh-31311246746,2026-08-09T06:39:40-05:00,2024045,CLASE TEORICA,(14) 2024045-14 Taller de proyectos interdisciplinarios,Dolly Santos Barbosa,0,-1
gh-31311246746,2026-08-09T06:39:40-05:00,2024045,CLASE TEORICA,(15) 2024045-15 Taller de proyectos interdisciplinarios,Oscar Andres Eraso Eraso,0,-1
gh-31311246746,2026-08-09T06:39:40-05:00,2024045,CLASE TEORICA,(16) 2024045-16 Taller de proyectos interdisciplinarios,Luis Ignacio Rodriguez Varela,0,-1
gh-31311246746,2026-08-09T06:39:40-05:00,2024045,CLASE TEORICA,(17) 2024045-17 Taller de proyectos interdisciplinarios,JOHANA CATALINA MANOSALVA BARRERA,0,-1
gh-31311246746,2026-08-09T06:39:40-05:00,2024045,CLASE TEORICA,(18) 2024045-18 Taller de proyectos interdisciplinarios,Fernando Bernal Martinez,0,-1
gh-31311246746,2026-08-09T06:39:40-05:00,2024045,CLASE TEORICA,(19) 2024045-19 Taller de proyectos interdisciplinarios,FRANCISCO JAVIER VÁSQUEZ VÁSQUEZ,0,-1
gh-31311246746,2026-08-09T06:39:40-05:00,2024045,CLASE TEORICA,(2) 2024045-2 Taller de proyectos interdisciplinarios,Fernando Bernal Martinez,0,-1
gh-31311246746,2026-08-09T06:39:40-05:00,2024045,CLASE TEORICA,(21) 2024045-21 Taller de proyectos interdisciplinarios,No informado,0,-1
gh-31311246746,2026-08-09T06:39:40-05:00,2024045,CLASE TEORICA,(22) 2024045-22 Taller de proyectos interdisciplinarios,Ubaldo Garcia Zaragoza,0,-1
gh-31311246746,2026-08-09T06:39:40-05:00,2024045,CLASE TEORICA,(23) 2024045-23 Taller de proyectos interdisciplinarios,No informado,0,-1
gh-31311246746,2026-08-09T06:39:40-05:00,2024045,CLASE TEORICA,(24) 2024045-24 Taller de proyectos interdisciplinarios,Hector Julian Garcia Otalora,200,-1
gh-31311246746,2026-08-09T06:39:40-05:00,2024045,CLASE TEORICA,(3) 2024045-3 Taller de proyectos interdisciplinarios,Guillermo Alberto Rocha Casas,0,-1
gh-31311246746,2026-08-09T06:39:40-05:00,2024045,CLASE TEORICA,(4) 2024045-4 Taller de proyectos interdisciplinarios,Francy Nayely Prieto Novoa,0,-1
gh-31311246746,2026-08-09T06:39:40-05:00,2024045,CLASE TEORICA,(40) 2024045-40 TPI-- NO BORRAR-- BLOQ ESPACIOS,No informado,0,-1
gh-31311246746,2026-08-09T06:39:40-05:00,2024045,CLASE TEORICA,(5) 2024045-5 Taller de proyectos interdisciplinarios,Nubia Carmenza Moreno Sarmiento,0,-1
gh-31311246746,2026-08-09T06:39:40-05:00,2024045,CLASE TEORICA,(6) 2024045-6 Taller de proyectos interdisciplinarios,JOHANA CATALINA MANOSALVA BARRERA,0,-1
gh-31311246746,2026-08-09T06:39:40-05:00,2024045,CLASE TEORICA,(7) 2024045-7 Taller de proyectos interdisciplinarios,Ubaldo Garcia Zaragoza,0,-1
gh-31311246746,2026-08-09T06:39:40-05:00,2024045,CLASE TEORICA,(8) 2024045-8 Taller de proyectos interdisciplinarios,JHON FREDDY LOPEZ MEDINA,0,-1
gh-31311246746,2026-08-09T06:39:40-05:00,2024045,CLASE TEORICA,(9) 2024045-9 Taller de proyectos interdisciplinarios,Manuel Alejandro Mayorga Betancourt,0,-1
gh-31311246746,2026-08-09T06:39:42-05:00,2015296,NA,(1) Grupo 1,Leonardo David Donado Garzon,5,62
gh-31311246746,2026-08-09T06:39:42-05:00,2015296,NA,(10) Grupo 10,Juan Manuel Lizarazo Marriaga,5,62
gh-31311246746,2026-08-09T06:39:42-05:00,2015296,NA,(11) Grupo 11,Octavio Coronado Garcia,5,62
gh-31311246746,2026-08-09T06:39:42-05:00,2015296,NA,(12) Grupo 12,Carol Andrea Murillo Feo,5,62
gh-31311246746,2026-08-09T06:39:42-05:00,2015296,NA,(13) Grupo 13,CAMILO RIOS FRESNEDA,5,62
gh-31311246746,2026-08-09T06:39:42-05:00,2015296,NA,(14) Grupo 14,William Castro Garcia,5,62
gh-31311246746,2026-08-09T06:39:42-05:00,2015296,NA,(15) Grupo 15,Luis Alejandro Morales Marin,5,62
gh-31311246746,2026-08-09T06:39:42-05:00,2015296,NA,(16) Grupo 16,Ferney Betancourt Cardozo,5,62
gh-31311246746,2026-08-09T06:39:42-05:00,2015296,NA,(17) Grupo 17,Maria Alejandra Caicedo Londoño,5,62
gh-31311246746,2026-08-09T06:39:42-05:00,2015296,NA,(18) Grupo 18,Guillermo Eduardo Avila Alvarez,5,62
gh-31311246746,2026-08-09T06:39:42-05:00,2015296,NA,(19) Grupo 19,Carlos Alfonso Gomez Guacaneme,0,62
gh-31311246746,2026-08-09T06:39:42-05:00,2015296,NA,(2) Grupo 2,Carlos Orlando Robles Roa,5,62
gh-31311246746,2026-08-09T06:39:42-05:00,2015296,NA,(3) Grupo 3,Angela Barrera Puerto,5,62
gh-31311246746,2026-08-09T06:39:42-05:00,2015296,NA,(4) Grupo 4,Mauricio Alberto Tapias Camacho,5,62
gh-31311246746,2026-08-09T06:39:42-05:00,2015296,NA,(5) Grupo 5,Maritzabel Molina Herrera,5,62
gh-31311246746,2026-08-09T06:39:42-05:00,2015296,NA,(6) Grupo 6,Rodolfo Rodriguez Baracaldo,5,62
gh-31311246746,2026-08-09T06:39:42-05:00,2015296,NA,(7) Grupo 7,SANTIAGO RAMIREZ ECHEVERRI,5,62
gh-31311246746,2026-08-09T06:39:42-05:00,2015296,NA,(8) Grupo 8,Jose Ricardo Martinez Vargas,5,62
gh-31311246746,2026-08-09T06:39:42-05:00,2015296,NA,(9) Grupo 9,GABRIELA ARRIETA LOYO,5,62
gh-31311246746,2026-08-09T06:39:43-05:00,2015299,CLASE TEORICA,(1) Grupo 1,GABRIELA ARRIETA LOYO,51,-1
gh-31315002005,2026-08-09T08:08:01-05:00,2015938,CLASE TEORICA,(1) Grupo 1,Maria Alejandra Caicedo Londoño,25,0
gh-31315002005,2026-08-09T08:08:01-05:00,2015938,CLASE TEORICA,(2) Grupo 2,Maria Alejandra Caicedo Londoño,25,0
gh-31315002005,2026-08-09T08:08:01-05:00,2015938,CLASE TEORICA,(3) Grupo 3,JOSE LUIS DIAZ AREVALO,25,0
gh-31315002005,2026-08-09T08:08:01-05:00,2015938,CLASE TEORICA,(4) Grupo 4,JOSE LUIS DIAZ AREVALO,24,0
gh-31315002005,2026-08-09T08:08:02-05:00,2015939,CLASE TEORICA,(1) Grupo 1,ALVARO MARTIN GUTIERREZ MALAXECHEBARRIA,25,1
gh-31315002005,2026-08-09T08:08:02-05:00,2015939,CLASE TEORICA,(2) Grupo 2,ALVARO MARTIN GUTIERREZ MALAXECHEBARRIA,25,1
gh-31315002005,2026-08-09T08:08:02-05:00,2015939,CLASE TEORICA,(3) Grupo 3,Edder Alexander Velandia Duran,25,1
gh-31315002005,2026-08-09T08:08:02-05:00,2015939,CLASE TEORICA,(4) Grupo 4,No informado,25,1
gh-31315002005,2026-08-09T08:08:03-05:00,1000003-B,NA,(1) Grupo 1,Erika Lorena Rosero Alzate; Oscar Andrés Rojas Sepúlveda,0,-1
gh-31315002005,2026-08-09T08:08:03-05:00,1000003-B,NA,(10) Grupo 10,Epifanio Lozano Ayala,14,-1
gh-31315002005,2026-08-09T08:08:03-05:00,1000003-B,NA,(11) Grupo 11,No informado,60,-1
gh-31315002005,2026-08-09T08:08:03-05:00,1000003-B,NA,(12) Grupo 12,No informado,40,-1
gh-31315002005,2026-08-09T08:08:03-05:00,1000003-B,NA,(13) Grupo 13,Mohammed EL AIDI,40,-1
gh-31315002005,2026-08-09T08:08:03-05:00,1000003-B,NA,(15) Grupo 15,Myriam Leonor Campos Florez,60,-1
gh-31315002005,2026-08-09T08:08:03-05:00,1000003-B,NA,(16) Grupo 16,No informado,60,-1
gh-31315002005,2026-08-09T08:08:03-05:00,1000003-B,NA,(17) Grupo 17,Martha Cecilia Moreno Penagos,40,-1
gh-31315002005,2026-08-09T08:08:03-05:00,1000003-B,NA,(18) Grupo 18,John Alexander Cruz Morales,52,-1
gh-31315002005,2026-08-09T08:08:03-05:00,1000003-B,NA,(20) Grupo 20,Natalia Camila Pinzon Cortes,60,-1
gh-31315002005,2026-08-09T08:08:03-05:00,1000003-B,NA,(21) Grupo 21,Ivon Andrea Dorado Correa,52,-1
gh-31315002005,2026-08-09T08:08:03-05:00,1000003-B,NA,(22) Grupo 22,No informado,46,-1
gh-31315002005,2026-08-09T08:08:03-05:00,1000003-B,NA,(3) Grupo 3,No informado,60,-1
gh-31315002005,2026-08-09T08:08:03-05:00,1000003-B,NA,(4) Grupo 4,Luis Alejandro Barbosa Torres,112,-1
gh-31315002005,2026-08-09T08:08:03-05:00,1000003-B,NA,(5) Grupo 5,Jaime David Mora Paz,60,-1
gh-31315002005,2026-08-09T08:08:03-05:00,1000003-B,NA,(7) Grupo 7,Myriam Leonor Campos Florez,40,-1
gh-31315002005,2026-08-09T08:08:03-05:00,1000003-B,NA,(8) Grupo 8,No informado,10,-1
gh-31315002005,2026-08-09T08:08:04-05:00,2015940,CLASE TEORICA,(1) Grupo 1,Maritzabel Molina Herrera,24,3
gh-31315002005,2026-08-09T08:08:04-05:00,2015940,CLASE TEORICA,(2) Grupo 2,Gabriel Andres Bernal Granados,24,3
gh-31315002005,2026-08-09T08:08:04-05:00,2015940,CLASE TEORICA,(3) Grupo 3,No informado,24,3
gh-31315002005,2026-08-09T08:08:05-05:00,2015941,CLASE TEORICA,(1) Grupo 1,Patricia Luna Tamayo,30,4
gh-31315002005,2026-08-09T08:08:05-05:00,2015941,CLASE TEORICA,(2) Grupo 2,No informado,30,4
gh-31315002005,2026-08-09T08:08:05-05:00,2015941,CLASE TEORICA,(3) Grupo 3,Carlos Ramiro Vallecilla Bahena,30,4
gh-31315002005,2026-08-09T08:08:05-05:00,2015941,CLASE TEORICA,(4) Grupo 4,No informado,30,4
gh-31315002005,2026-08-09T08:08:07-05:00,1000004-B,NA,(10) Grupo 10,No informado,53,5
gh-31315002005,2026-08-09T08:08:07-05:00,1000004-B,NA,(11) Grupo 11,No informado,24,5
gh-31315002005,2026-08-09T08:08:07-05:00,1000004-B,NA,(12) Grupo 12,No informado,24,5
gh-31315002005,2026-08-09T08:08:07-05:00,1000004-B,NA,(13) Grupo 13,No informado,16,5
gh-31315002005,2026-08-09T08:08:07-05:00,1000004-B,NA,(14) Grupo 14,No informado,90,5
gh-31315002005,2026-08-09T08:08:07-05:00,1000004-B,NA,(16) Grupo 16,No informado,27,5
gh-31315002005,2026-08-09T08:08:07-05:00,1000004-B,NA,(17) Grupo 17,Hernan Garzon Gutierrez,39,5
gh-31315002005,2026-08-09T08:08:07-05:00,1000004-B,NA,(19) Grupo 19,No informado,59,5
gh-31315002005,2026-08-09T08:08:07-05:00,1000004-B,NA,(2) Grupo 2,No informado,24,5
gh-31315002005,2026-08-09T08:08:07-05:00,1000004-B,NA,(20) Grupo 20,Hernan Garzon Gutierrez,10,5
gh-31315002005,2026-08-09T08:08:07-05:00,1000004-B,NA,(21) Grupo 21,No informado,60,5
gh-31315002005,2026-08-09T08:08:07-05:00,1000004-B,NA,(22) Grupo 22,No informado,60,5
gh-31315002005,2026-08-09T08:08:07-05:00,1000004-B,NA,(24) Grupo 24,Ricardo Ariel Pastran Ramirez,60,5
gh-31315002005,2026-08-09T08:08:07-05:00,1000004-B,NA,(25) Grupo 25,No informado,40,5
gh-31315002005,2026-08-09T08:08:07-05:00,1000004-B,NA,(27) Grupo 27,No informado,51,5
gh-31315002005,2026-08-09T08:08:07-05:00,1000004-B,NA,(28) Grupo 28,No informado,60,5
gh-31315002005,2026-08-09T08:08:07-05:00,1000004-B,NA,(29) Grupo 29,No informado,60,5
gh-31315002005,2026-08-09T08:08:07-05:00,1000004-B,NA,(30) Grupo 30,No informado,60,5
gh-31315002005,2026-08-09T08:08:07-05:00,1000004-B,NA,(32) Grupo 32,No informado,90,5
gh-31315002005,2026-08-09T08:08:07-05:00,1000004-B,NA,(4) Grupo 4,Myriam Leonor Campos Florez,37,5
gh-31315002005,2026-08-09T08:08:07-05:00,1000004-B,NA,(5) Grupo 5,Oscar Javier Lopez Alfonso,84,5
gh-31315002005,2026-08-09T08:08:07-05:00,1000004-B,NA,(7) Grupo 7,Anderson Arley Vera Arboleda,64,5
gh-31315002005,2026-08-09T08:08:07-05:00,1000004-B,NA,(8) Grupo 8,No informado,40,5
gh-31315002005,2026-08-09T08:08:07-05:00,1000004-B,NA,(9) Grupo 9,No informado,18,5
gh-31315002005,2026-08-09T08:08:08-05:00,1000006-B,NA,(1) Grupo 1,No informado,40,6
gh-31315002005,2026-08-09T08:08:08-05:00,1000006-B,NA,(10) Grupo 10,No informado,100,6
gh-31315002005,2026-08-09T08:08:08-05:00,1000006-B,NA,(11) Grupo 11,No informado,40,6
gh-31315002005,2026-08-09T08:08:08-05:00,1000006-B,NA,(12) Grupo 12,Leonid Lebedev,60,6
gh-31315002005,2026-08-09T08:08:08-05:00,1000006-B,NA,(13) Grupo 13,Juan Carlos Hernandez Rincon,40,6
gh-31315002005,2026-08-09T08:08:08-05:00,1000006-B,NA,(14) Grupo 14,No informado,60,6
gh-31315002005,2026-08-09T08:08:08-05:00,1000006-B,NA,(15) Grupo 15,No informado,112,6
gh-31315002005,2026-08-09T08:08:08-05:00,1000006-B,NA,(2) Grupo 2,EDIXON MANUEL ROJAS SANTANA,40,6
gh-31315002005,2026-08-09T08:08:08-05:00,1000006-B,NA,(3) Grupo 3,Cesar Augusto Gomez Sierra,40,6
gh-31315002005,2026-08-09T08:08:08-05:00,1000006-B,NA,(4) Grupo 4,Agustin Moreno Canadas,100,6
gh-31315002005,2026-08-09T08:08:08-05:00,1000006-B,NA,(5) Grupo 5,German Eduardo Fonseca Buitrago,40,6
gh-31315002005,2026-08-09T08:08:08-05:00,1000006-B,NA,(7) Grupo 7,No informado,70,6
gh-31315002005,2026-08-09T08:08:08-05:00,1000006-B,NA,(8) Grupo 8,Epifanio Lozano Ayala,60,6
gh-31315002005,2026-08-09T08:08:08-05:00,1000006-B,NA,(9) Grupo 9,Orlando Vanegas Canro,0,6
gh-31315002005,2026-08-09T08:08:10-05:00,1000005-B,NA,(1) Grupo 1,Orlando Vanegas Canro,0,7
gh-31315002005,2026-08-09T08:08:10-05:00,1000005-B,NA,(10) Grupo 10,Epifanio Lozano Ayala,50,7
gh-31315002005,2026-08-09T08:08:10-05:00,1000005-B,NA,(14) Grupo 14,Mohammed EL AIDI,40,7
gh-31315002005,2026-08-09T08:08:10-05:00,1000005-B,NA,(15) Grupo 15,Alina Fedosova,60,7
gh-31315002005,2026-08-09T08:08:10-05:00,1000005-B,NA,(16) Grupo 16,No informado,70,7
gh-31315002005,2026-08-09T08:08:10-05:00,1000005-B,NA,(17) Grupo 17,Hernan Garzon Gutierrez,40,7
gh-31315002005,2026-08-09T08:08:10-05:00,1000005-B,NA,(2) Grupo 2,RENE ERLIN CASTILLO,60,7
gh-31315002005,2026-08-09T08:08:10-05:00,1000005-B,NA,(20) Grupo 20,Franqui Solis Cardenas Poloche,40,7
gh-31315002005,2026-08-09T08:08:10-05:00,1000005-B,NA,(22) Grupo 22,No informado,60,7
gh-31315002005,2026-08-09T08:08:10-05:00,1000005-B,NA,(3) Grupo 3,Eduardo Cardenas Gomez,70,7
gh-31315002005,2026-08-09T08:08:10-05:00,1000005-B,NA,(4) Grupo 4,Edward Samuel Becerra Rojas,60,7
gh-31315002005,2026-08-09T08:08:10-05:00,1000005-B,NA,(6) Grupo 6,No informado,60,7
gh-31315002005,2026-08-09T08:08:10-05:00,1000005-B,NA,(7) Grupo 7,Franqui Solis Cardenas Poloche,100,7
gh-31315002005,2026-08-09T08:08:10-05:00,1000005-B,NA,(8) Grupo 8,No informado,40,7
gh-31315002005,2026-08-09T08:08:10-05:00,1000005-B,NA,(9) Grupo 9,No informado,10,7
gh-31315002005,2026-08-09T08:08:12-05:00,2015943,CLASE TEORICA,(1) Grupo 1,Carlos Orlando Robles Roa,15,9
gh-31315002005,2026-08-09T08:08:13-05:00,2015944,CLASE TEORICA,(1) Grupo 1,SANTIAGO RAMIREZ ECHEVERRI,15,10
gh-31315002005,2026-08-09T08:08:15-05:00,2015711,NA,(10) 2015711-10 Dibujo básico,Ariel Augusto Amaya Avila,0,11
gh-31315002005,2026-08-09T08:08:15-05:00,2015711,NA,(11) 2015711-11 Dibujo básico,Cesar Augusto Bacca Gonzalez,0,11
gh-31315002005,2026-08-09T08:08:15-05:00,2015711,NA,(14) 2015711-14 Dibujo básico,Cristian Felipe Morales Suárez,0,11
gh-31315002005,2026-08-09T08:08:15-05:00,2015711,NA,(16) 2015711-16 Dibujo básico,DAVID FELIPE TORRES ARCE,0,11
gh-31315002005,2026-08-09T08:08:15-05:00,2015711,NA,(4) 2015711-4 Dibujo básico,Cristian Felipe Morales Suárez,9,11
gh-31315002005,2026-08-09T08:08:15-05:00,2015711,NA,(5) 2015711-5 Dibujo básico,Sebastian Achury Ortiz,0,11
gh-31315002005,2026-08-09T08:08:15-05:00,2015711,NA,(7) 2015711-7 Dibujo básico,Cesar Augusto Bacca Gonzalez,20,11
gh-31315002005,2026-08-09T08:08:15-05:00,2015711,NA,(8) 2015711-8 Dibujo básico,Miguel Angel Baquero Cortes,0,11
gh-31315002005,2026-08-09T08:08:15-05:00,2015711,NA,(9) 2015711-9 Dibujo básico,EDWIN CAMILO REINA BELTRAN,0,11
gh-31315002005,2026-08-09T08:08:16-05:00,2015948,CLASE TEORICA,(1) Grupo 1,No informado,30,12
gh-31315002005,2026-08-09T08:08:16-05:00,2015948,CLASE TEORICA,(2) Grupo 2,Mauricio Alberto Tapias Camacho,30,12
gh-31315002005,2026-08-09T08:08:16-05:00,2015948,CLASE TEORICA,(3) Grupo 3,No informado,30,12
gh-31315002005,2026-08-09T08:08:17-05:00,2015950,CLASE TEORICA,(1) Grupo 1,No informado,25,13
gh-31315002005,2026-08-09T08:08:17-05:00,2015950,CLASE TEORICA,(2) Grupo 2,No informado,0,13
gh-31315002005,2026-08-09T08:08:17-05:00,2015950,CLASE TEORICA,(3) Grupo 3,Daniel Ricardo Lozano Monsalve,25,13
gh-31315002005,2026-08-09T08:08:17-05:00,2015950,CLASE TEORICA,(4) Grupo 4,No informado,25,13
gh-31315002005,2026-08-09T08:08:17-05:00,2015950,CLASE TEORICA,(5) Grupo 5,No informado,25,13
gh-31315002005,2026-08-09T08:08:19-05:00,2015949,CLASE TEORICA,(1) Grupo 1,Mario Javier Cardozo Chaux,30,14
gh-31315002005,2026-08-09T08:08:19-05:00,2015949,CLASE TEORICA,(2) Grupo 2,Wilson Ernesto Vargas Vargas,30,14
gh-31315002005,2026-08-09T08:08:19-05:00,2015949,CLASE TEORICA,(3) Grupo 3,No informado,30,14
gh-31315002005,2026-08-09T08:08:20-05:00,1000007-B,NA,(1) Grupo 1,German Eduardo Fonseca Buitrago,60,15
gh-31315002005,2026-08-09T08:08:20-05:00,1000007-B,NA,(11) Grupo 11,Leonid Lebedev,60,15
gh-31315002005,2026-08-09T08:08:20-05:00,1000007-B,NA,(12) Grupo 12,No informado,60,15
gh-31315002005,2026-08-09T08:08:20-05:00,1000007-B,NA,(13) Grupo 13,Omar Duque Gomez,40,15
gh-31315002005,2026-08-09T08:08:20-05:00,1000007-B,NA,(14) Grupo 14,No informado,100,15
gh-31315002005,2026-08-09T08:08:20-05:00,1000007-B,NA,(3) Grupo 3,Serafin Bautista Diaz,40,15
gh-31315002005,2026-08-09T08:08:20-05:00,1000007-B,NA,(4) Grupo 4,EDIXON MANUEL ROJAS SANTANA,60,15
gh-31315002005,2026-08-09T08:08:20-05:00,1000007-B,NA,(6) Grupo 6,Alexander Caviedes Castro,50,15
gh-31315002005,2026-08-09T08:08:20-05:00,1000007-B,NA,(7) Grupo 7,Oscar Guillermo Riaño Castañeda,40,15
gh-31315002005,2026-08-09T08:08:20-05:00,1000007-B,NA,(9) Grupo 9,Orlando Vanegas Canro,0,15
gh-31315002005,2026-08-09T08:08:21-05:00,2026134,CLASE TEORICA,(1) Grupo 1,No informado,0,16
gh-31315002005,2026-08-09T08:08:21-05:00,2026134,CLASE TEORICA,(2) Grupo 2,Juan Manuel Lizarazo Marriaga,30,16
gh-31315002005,2026-08-09T08:08:21-05:00,2026134,CLASE TEORICA,(3) Grupo 3,Maritzabel Molina Herrera,30,16
gh-31315002005,2026-08-09T08:08:21-05:00,2026134,CLASE TEORICA,(4) Grupo 4,Carlos Ramiro Vallecilla Bahena,30,16
gh-31315002005,2026-08-09T08:08:21-05:00,2026134,CLASE TEORICA,(5) Grupo 5,Fernando Lozano Osorno,30,16
gh-31315002005,2026-08-09T08:08:21-05:00,2026134,CLASE TEORICA,(6) Grupo 6,No informado,30,16
gh-31315002005,2026-08-09T08:08:22-05:00,2015954,CLASE TEORICA,(1) Grupo 1,Erasmo Alfredo Rodriguez Sandoval,30,17
gh-31315002005,2026-08-09T08:08:22-05:00,2015954,CLASE TEORICA,(2) Grupo 2,Mario Enrique Moreno Castiblanco,30,17
gh-31315002005,2026-08-09T08:08:22-05:00,2015954,CLASE TEORICA,(3) Grupo 3,Luis Alejandro Morales Marin,30,17
gh-31315002005,2026-08-09T08:08:24-05:00,2015955,CLASE TEORICA,(1) Grupo 1,Giovanni Andres Cortes Tovar,30,18
gh-31315002005,2026-08-09T08:08:24-05:00,2015955,CLASE TEORICA,(2) Grupo 2,Angela Barrera Puerto,30,18
gh-31315002005,2026-08-09T08:08:24-05:00,2015955,CLASE TEORICA,(3) Grupo 3,Giovanni Andres Cortes Tovar,30,18
gh-31315002005,2026-08-09T08:08:25-05:00,1000011-B,CLASE TEORICA,(1) Grupo 1,Ernesto Javier Puertas Dellepianes,118,19
gh-31315002005,2026-08-09T08:08:25-05:00,1000011-B,CLASE TEORICA,(3) Grupo 3,Néstor Fernando Perez Buitrago,12,19
gh-31315002005,2026-08-09T08:08:27-05:00,1000019-B,CLASE LABORATORIO,(1) Grupo 1,Gustavo Martinez Tamayo,35,20
gh-31315002005,2026-08-09T08:08:27-05:00,1000019-B,CLASE TALLER,(1) Grupo 1,FABIAN FELIPE QUEVEDO FARIETA,35,20
gh-31315002005,2026-08-09T08:08:27-05:00,1000019-B,CLASE MAGISTRAL,(1) Grupo 1,Gustavo Martinez Tamayo,35,20
gh-31315002005,2026-08-09T08:08:27-05:00,1000019-B,CLASE LABORATORIO,(10) Grupo 10,LUIS AGULLES PEDROS,35,20
gh-31315002005,2026-08-09T08:08:27-05:00,1000019-B,CLASE TALLER,(10) Grupo 10,Jhon Morales Aponte,35,20
gh-31315002005,2026-08-09T08:08:27-05:00,1000019-B,CLASE MAGISTRAL,(10) Grupo 10,Ovidio Amado Almanza Montero,35,20
gh-31315002005,2026-08-09T08:08:27-05:00,1000019-B,CLASE LABORATORIO,(11) Grupo 11,EVER DAVID ALCALA CAJAR,35,20
gh-31315002005,2026-08-09T08:08:27-05:00,1000019-B,CLASE TALLER,(11) Grupo 11,JULIAN MATEO DE MENDOZA GUTIERREZ,35,20
gh-31315002005,2026-08-09T08:08:27-05:00,1000019-B,CLASE MAGISTRAL,(11) Grupo 11,Ovidio Amado Almanza Montero,35,20
gh-31315002005,2026-08-09T08:08:27-05:00,1000019-B,CLASE LABORATORIO,(12) Grupo 12,FABIAN FELIPE QUEVEDO FARIETA,35,20
gh-31315002005,2026-08-09T08:08:27-05:00,1000019-B,CLASE TALLER,(12) Grupo 12,EVER DAVID ALCALA CAJAR,35,20
gh-31315002005,2026-08-09T08:08:27-05:00,1000019-B,CLASE MAGISTRAL,(12) Grupo 12,Ovidio Amado Almanza Montero,35,20
gh-31315002005,2026-08-09T08:08:27-05:00,1000019-B,CLASE LABORATORIO,(13) Grupo 13,Alvaro Marino Camargo,35,20
gh-31315002005,2026-08-09T08:08:27-05:00,1000019-B,CLASE TALLER,(13) Grupo 13,MIGUEL ENRIQUE GÁMEZ LÓPEZ,35,20
gh-31315002005,2026-08-09T08:08:27-05:00,1000019-B,CLASE MAGISTRAL,(13) Grupo 13,Alvaro Marino Camargo,35,20
gh-31315002005,2026-08-09T08:08:27-05:00,1000019-B,CLASE LABORATORIO,(14) Grupo 14,Alvaro Marino Camargo,35,20
gh-31315002005,2026-08-09T08:08:27-05:00,1000019-B,CLASE TALLER,(14) Grupo 14,No informado,35,20
gh-31315002005,2026-08-09T08:08:27-05:00,1000019-B,CLASE MAGISTRAL,(14) Grupo 14,Alvaro Marino Camargo,35,20
gh-31315002005,2026-08-09T08:08:27-05:00,1000019-B,CLASE LABORATORIO,(15) Grupo 15,JULIAN MATEO DE MENDOZA GUTIERREZ,32,20
gh-31315002005,2026-08-09T08:08:27-05:00,1000019-B,CLASE TALLER,(15) Grupo 15,EVER DAVID ALCALA CAJAR,32,20
gh-31315002005,2026-08-09T08:08:27-05:00,1000019-B,CLASE MAGISTRAL,(15) Grupo 15,Alvaro Marino Camargo,32,20
gh-31315002005,2026-08-09T08:08:27-05:00,1000019-B,CLASE MAGISTRAL,(16) Gruop 16,Erika Lorena Rosero Alzate; Daniel Camilo Padilla González,8,20
gh-31315002005,2026-08-09T08:08:27-05:00,1000019-B,CLASE LABORATORIO,(16) Grupo 16,Alvaro Marino Camargo,35,20
gh-31315002005,2026-08-09T08:08:27-05:00,1000019-B,CLASE TALLER,(16) Grupo 16,Edna Carolina Pinilla Beltran,35,20
gh-31315002005,2026-08-09T08:08:27-05:00,1000019-B,CLASE LABORATORIO,(17) Grupo 17,JULIAN MATEO DE MENDOZA GUTIERREZ,34,20
gh-31315002005,2026-08-09T08:08:27-05:00,1000019-B,CLASE TALLER,(17) Grupo 17,Jereson Silva Valencia,34,20
gh-31315002005,2026-08-09T08:08:27-05:00,1000019-B,CLASE MAGISTRAL,(17) Grupo 17,Jereson Silva Valencia,34,20
gh-31315002005,2026-08-09T08:08:27-05:00,1000019-B,CLASE LABORATORIO,(18) Grupo 18,Jaime Villalobos Velasco,34,20
gh-31315002005,2026-08-09T08:08:27-05:00,1000019-B,CLASE TALLER,(18) Grupo 18,Jereson Silva Valencia,34,20
gh-31315002005,2026-08-09T08:08:27-05:00,1000019-B,CLASE MAGISTRAL,(18) Grupo 18,Jereson Silva Valencia,34,20
gh-31315002005,2026-08-09T08:08:27-05:00,1000019-B,CLASE LABORATORIO,(19) Grupo 19,JULY PAOLA GARZÓN LOPEZ,32,20
gh-31315002005,2026-08-09T08:08:27-05:00,1000019-B,CLASE TALLER,(19) Grupo 19,Jereson Silva Valencia,32,20
gh-31315002005,2026-08-09T08:08:27-05:00,1000019-B,CLASE MAGISTRAL,(19) Grupo 19,Jereson Silva Valencia,32,20
gh-31315002005,2026-08-09T08:08:27-05:00,1000019-B,CLASE LABORATORIO,(2) Grupo 2,Gustavo Martinez Tamayo,35,20
gh-31315002005,2026-08-09T08:08:27-05:00,1000019-B,CLASE TALLER,(2) Grupo 2,Gustavo Martinez Tamayo,35,20
gh-31315002005,2026-08-09T08:08:27-05:00,1000019-B,CLASE MAGISTRAL,(2) Grupo 2,Gustavo Martinez Tamayo,35,20
gh-31315002005,2026-08-09T08:08:27-05:00,1000019-B,CLASE LABORATORIO,(20) Grupo 20,JOSE ALFREDO GOMEZ MATEUS,35,20
gh-31315002005,2026-08-09T08:08:27-05:00,1000019-B,CLASE TALLER,(20) Grupo 20,Jereson Silva Valencia,35,20
gh-31315002005,2026-08-09T08:08:27-05:00,1000019-B,CLASE MAGISTRAL,(20) Grupo 20,Jereson Silva Valencia,35,20
gh-31315002005,2026-08-09T08:08:27-05:00,1000019-B,CLASE LABORATORIO,(21) Grupo 21,Pedro Hernan Sanchez Machet,35,20
gh-31315002005,2026-08-09T08:08:27-05:00,1000019-B,CLASE TALLER,(21) Grupo 21,JOSE ALFREDO GOMEZ MATEUS,35,20
gh-31315002005,2026-08-09T08:08:27-05:00,1000019-B,CLASE MAGISTRAL,(21) Grupo 21,Diego Alejandro Torres Galindo,35,20
gh-31315002005,2026-08-09T08:08:27-05:00,1000019-B,CLASE LABORATORIO,(22) Grupo 22,Pedro Hernan Sanchez Machet,35,20
gh-31315002005,2026-08-09T08:08:27-05:00,1000019-B,CLASE TALLER,(22) Grupo 22,JULY PAOLA GARZÓN LOPEZ,35,20
gh-31315002005,2026-08-09T08:08:27-05:00,1000019-B,CLASE MAGISTRAL,(22) Grupo 22,Diego Alejandro Torres Galindo,35,20
gh-31315002005,2026-08-09T08:08:27-05:00,1000019-B,CLASE LABORATORIO,(23) Grupo 23,Pedro Hernan Sanchez Machet,35,20
gh-31315002005,2026-08-09T08:08:27-05:00,1000019-B,CLASE TALLER,(23) Grupo 23,Edna Carolina Pinilla Beltran,35,20
gh-31315002005,2026-08-09T08:08:27-05:00,1000019-B,CLASE MAGISTRAL,(23) Grupo 23,Diego Alejandro Torres Galindo,35,20
gh-31315002005,2026-08-09T08:08:27-05:00,1000019-B,CLASE LABORATORIO,(24) Grupo 24,Pedro Hernan Sanchez Machet,35,20
gh-31315002005,2026-08-09T08:08:27-05:00,1000019-B,CLASE TALLER,(24) Grupo 24,Diego Alejandro Torres Galindo,35,20
gh-31315002005,2026-08-09T08:08:27-05:00,1000019-B,CLASE MAGISTRAL,(24) Grupo 24,Diego Alejandro Torres Galindo,35,20
gh-31315002005,2026-08-09T08:08:27-05:00,1000019-B,CLASE LABORATORIO,(25) Grupo 25,Plinio Del Carmen Teheran Sermeno,45,20
gh-31315002005,2026-08-09T08:08:27-05:00,1000019-B,CLASE TALLER,(25) Grupo 25,Plinio Del Carmen Teheran Sermeno,45,20
gh-31315002005,2026-08-09T08:08:27-05:00,1000019-B,CLASE MAGISTRAL,(25) Grupo 25,Plinio Del Carmen Teheran Sermeno,45,20
gh-31315002005,2026-08-09T08:08:27-05:00,1000019-B,CLASE LABORATORIO,(26) Grupo 26 (VIRTUAL),Plinio Del Carmen Teheran Sermeno,50,20
gh-31315002005,2026-08-09T08:08:27-05:00,1000019-B,CLASE TALLER,(26) Grupo 26 (VIRTUAL),Plinio Del Carmen Teheran Sermeno,50,20
gh-31315002005,2026-08-09T08:08:27-05:00,1000019-B,CLASE MAGISTRAL,(26) Grupo 26 (VIRTUAL),Plinio Del Carmen Teheran Sermeno,50,20
gh-31315002005,2026-08-09T08:08:27-05:00,1000019-B,CLASE LABORATORIO,(27) Grupo 27 (VIRTUAL),Plinio Del Carmen Teheran Sermeno,50,20
gh-31315002005,2026-08-09T08:08:27-05:00,1000019-B,CLASE TALLER,(27) Grupo 27 (VIRTUAL),Plinio Del Carmen Teheran Sermeno,50,20
gh-31315002005,2026-08-09T08:08:27-05:00,1000019-B,CLASE MAGISTRAL,(27) Grupo 27 (VIRTUAL),Plinio Del Carmen Teheran Sermeno,50,20
gh-31315002005,2026-08-09T08:08:27-05:00,1000019-B,CLASE LABORATORIO,(28) Grupo 28 (VIRTUAL),Plinio Del Carmen Teheran Sermeno,50,20
gh-31315002005,2026-08-09T08:08:27-05:00,1000019-B,CLASE TALLER,(28) Grupo 28 (VIRTUAL),Plinio Del Carmen Teheran Sermeno,50,20
gh-31315002005,2026-08-09T08:08:27-05:00,1000019-B,CLASE MAGISTRAL,(28) Grupo 28 (VIRTUAL),Plinio Del Carmen Teheran Sermeno,50,20
gh-31315002005,2026-08-09T08:08:27-05:00,1000019-B,CLASE LABORATORIO,(29) Grupo 29 (VIRTUAL),Plinio Del Carmen Teheran Sermeno,50,20
gh-31315002005,2026-08-09T08:08:27-05:00,1000019-B,CLASE TALLER,(29) Grupo 29 (VIRTUAL),Plinio Del Carmen Teheran Sermeno,50,20
gh-31315002005,2026-08-09T08:08:27-05:00,1000019-B,CLASE MAGISTRAL,(29) Grupo 29 (VIRTUAL),Plinio Del Carmen Teheran Sermeno,50,20
gh-31315002005,2026-08-09T08:08:27-05:00,1000019-B,CLASE LABORATORIO,(3) Grupo 3,Gustavo Martinez Tamayo,35,20
gh-31315002005,2026-08-09T08:08:27-05:00,1000019-B,CLASE TALLER,(3) Grupo 3,Gustavo Martinez Tamayo,35,20
gh-31315002005,2026-08-09T08:08:27-05:00,1000019-B,CLASE MAGISTRAL,(3) Grupo 3,Gustavo Martinez Tamayo,35,20
gh-31315002005,2026-08-09T08:08:27-05:00,1000019-B,CLASE LABORATORIO,(4) Grupo 4,No informado,35,20
gh-31315002005,2026-08-09T08:08:27-05:00,1000019-B,CLASE TALLER,(4) Grupo 4,Jaime Villalobos Velasco,35,20
gh-31315002005,2026-08-09T08:08:27-05:00,1000019-B,CLASE MAGISTRAL,(4) Grupo 4,Gustavo Martinez Tamayo,35,20
gh-31315002005,2026-08-09T08:08:27-05:00,1000019-B,CLASE LABORATORIO,(5) Grupo 5,FABIAN FELIPE QUEVEDO FARIETA,35,20
gh-31315002005,2026-08-09T08:08:27-05:00,1000019-B,CLASE TALLER,(5) Grupo 5,Jaime Villalobos Velasco,35,20
gh-31315002005,2026-08-09T08:08:27-05:00,1000019-B,CLASE MAGISTRAL,(5) Grupo 5,Ramiro Cardona Cardona,35,20
gh-31315002005,2026-08-09T08:08:27-05:00,1000019-B,CLASE LABORATORIO,(6) Grupo 6,Jaime Villalobos Velasco,35,20
gh-31315002005,2026-08-09T08:08:27-05:00,1000019-B,CLASE TALLER,(6) Grupo 6,Ramiro Cardona Cardona,35,20
gh-31315002005,2026-08-09T08:08:27-05:00,1000019-B,CLASE MAGISTRAL,(6) Grupo 6,Ramiro Cardona Cardona,35,20
gh-31315002005,2026-08-09T08:08:27-05:00,1000019-B,CLASE LABORATORIO,(7) Grupo 7,Jaime Villalobos Velasco,35,20
gh-31315002005,2026-08-09T08:08:27-05:00,1000019-B,CLASE TALLER,(7) Grupo 7,Ramiro Cardona Cardona,35,20
gh-31315002005,2026-08-09T08:08:27-05:00,1000019-B,CLASE MAGISTRAL,(7) Grupo 7,Ramiro Cardona Cardona,35,20
gh-31315002005,2026-08-09T08:08:27-05:00,1000019-B,CLASE LABORATORIO,(8) Grupo 8,Jaime Villalobos Velasco,35,20
gh-31315002005,2026-08-09T08:08:27-05:00,1000019-B,CLASE TALLER,(8) Grupo 8,Edna Carolina Pinilla Beltran,35,20
gh-31315002005,2026-08-09T08:08:27-05:00,1000019-B,CLASE MAGISTRAL,(8) Grupo 8,Ramiro Cardona Cardona,35,20
gh-31315002005,2026-08-09T08:08:27-05:00,1000019-B,CLASE LABORATORIO,(9) Grupo 9,Erika Lorena Rosero Alzate,0,20
gh-31315002005,2026-08-09T08:08:27-05:00,1000019-B,CLASE TALLER,(9) Grupo 9,No informado,10,20
gh-31315002005,2026-08-09T08:08:27-05:00,1000019-B,CLASE MAGISTRAL,(9) Grupo 9,Fredy Angel Jimenez Giraldo,10,20
gh-31315002005,2026-08-09T08:08:28-05:00,2015956,CLASE TEORICA,(1) Grupo 1,Modesto Portilla Gamboa; Fernando Eli Romero Ordoñez,35,21
gh-31315002005,2026-08-09T08:08:28-05:00,2015956,CLASE TEORICA,(2) Grupo 2,Jennifer Angel Amaya,30,21
gh-31315002005,2026-08-09T08:08:28-05:00,2015956,CLASE TEORICA,(3) Grupo 3,Jennifer Angel Amaya,30,21
gh-31315002005,2026-08-09T08:08:28-05:00,2015956,CLASE TEORICA,(4) Grupo 4,Fernando Eli Romero Ordoñez; Modesto Portilla Gamboa,35,21
gh-31315002005,2026-08-09T08:08:29-05:00,2015957,CLASE PRACTICA,(1) Grupo 1,No informado,30,22
gh-31315002005,2026-08-09T08:08:29-05:00,2015957,CLASE PRACTICA,(2) Grupo 2,Samuel Fernando Mesa Giraldo,30,22
gh-31315002005,2026-08-09T08:08:29-05:00,2015957,CLASE PRACTICA,(3) Grupo 3,Rose Marie Aldana Boutin,30,22
gh-31315002005,2026-08-09T08:08:29-05:00,2015957,CLASE PRACTICA,(4) Grupo 4,Rose Marie Aldana Boutin,30,22
gh-31315002005,2026-08-09T08:08:31-05:00,2015958,CLASE PRACTICA,(1) Grupo 1,William Castro Garcia,20,23
gh-31315002005,2026-08-09T08:08:31-05:00,2015958,CLASE TEORICA,(1) Grupo 1,William Castro Garcia,40,23
gh-31315002005,2026-08-09T08:08:31-05:00,2015958,CLASE PRACTICA,(2) Grupo 2,William Castro Garcia,20,23
gh-31315002005,2026-08-09T08:08:31-05:00,2015958,CLASE PRACTICA,(3) Grupo 3,Carlos Alfonso Gomez Guacaneme,30,23
gh-31315002005,2026-08-09T08:08:31-05:00,2015958,CLASE TEORICA,(3) Grupo 3,Carlos Alfonso Gomez Guacaneme,30,23
gh-31315002005,2026-08-09T08:08:31-05:00,2015958,CLASE PRACTICA,(4) Grupo 4,Mario Arturo Rincon Villalba,20,23
gh-31315002005,2026-08-09T08:08:31-05:00,2015958,CLASE TEORICA,(4) Grupo 4,Mario Arturo Rincon Villalba,40,23
gh-31315002005,2026-08-09T08:08:31-05:00,2015958,CLASE PRACTICA,(5) Grupo 5,Mario Arturo Rincon Villalba,20,23
gh-31315002005,2026-08-09T08:08:31-05:00,2015958,CLASE PRACTICA,(6) Grupo 6,Fausto Alejandro Silva España,20,23
gh-31315002005,2026-08-09T08:08:31-05:00,2015958,CLASE TEORICA,(6) Grupo 6,Cesar Andres Cortes Bello,40,23
gh-31315002005,2026-08-09T08:08:31-05:00,2015958,CLASE PRACTICA,(7) Grupo 7,Fausto Alejandro Silva España,20,23
gh-31315002005,2026-08-09T08:08:31-05:00,2015958,CLASE PRACTICA,(8) Grupo 8,Fausto Alejandro Silva España,20,23
gh-31315002005,2026-08-09T08:08:31-05:00,2015958,CLASE TEORICA,(8) Grupo 8,Cesar Andres Cortes Bello,40,23
gh-31315002005,2026-08-09T08:08:31-05:00,2015958,CLASE PRACTICA,(9) Grupo 9,Fausto Alejandro Silva España,20,23
gh-31315002005,2026-08-09T08:08:32-05:00,2015959,CLASE TEORICA,(1) Grupo 1,Carlos Eduardo Rodriguez Pineda,30,24
gh-31315002005,2026-08-09T08:08:32-05:00,2015959,CLASE TEORICA,(2) Grupo 2,Guillermo Eduardo Avila Alvarez,30,24
gh-31315002005,2026-08-09T08:08:32-05:00,2015959,CLASE TEORICA,(3) Grupo 3,Livaniel Viveros Rosero,30,24
gh-31315002005,2026-08-09T08:08:32-05:00,2015959,CLASE TEORICA,(4) Grupo 4,No informado,0,24
gh-31315002005,2026-08-09T08:08:35-05:00,2015961,CLASE TEORICA,(1) Grupo 1,Rafael Orland Ortiz Mosquera,24,26
gh-31315002005,2026-08-09T08:08:35-05:00,2015961,CLASE TEORICA,(2) Grupo 2,Adriana Patricia Piña Fulano,24,26
gh-31315002005,2026-08-09T08:08:35-05:00,2015961,CLASE TEORICA,(3) Grupo 3,Gelber Norberto Gutierrez Palacios,24,26
gh-31315002005,2026-08-09T08:08:35-05:00,2015961,CLASE TEORICA,(4) Grupo 4,No informado,24,26
gh-31315002005,2026-08-09T08:08:35-05:00,2015961,CLASE TEORICA,(5) Grupo 5,No informado,24,26
gh-31315002005,2026-08-09T08:08:35-05:00,2015961,CLASE TEORICA,(6) Grupo 6,Leonardo David Donado Garzon,24,26
gh-31315002005,2026-08-09T08:08:36-05:00,2015978,CLASE TEORICA,(1) Grupo 1,No informado,0,27
gh-31315002005,2026-08-09T08:08:36-05:00,2015978,CLASE TEORICA,(2) Grupo 2,Erasmo Alfredo Rodriguez Sandoval,30,27
gh-31315002005,2026-08-09T08:08:36-05:00,2015978,CLASE TEORICA,(3) Grupo 3,No informado,30,27
gh-31315002005,2026-08-09T08:08:36-05:00,2015978,CLASE TEORICA,(4) Grupo 4,No informado,30,27
gh-31315002005,2026-08-09T08:08:36-05:00,2015978,CLASE TEORICA,(5) Grupo 5,No informado,30,27
gh-31315002005,2026-08-09T08:08:37-05:00,2026135,CLASE TEORICA,(1) Grupo 1,NICOLAS ESCALANTE MORA,25,28
gh-31315002005,2026-08-09T08:08:37-05:00,2026135,CLASE TEORICA,(2) Grupo 2,Leonel Vega Mora,25,28
gh-31315002005,2026-08-09T08:08:37-05:00,2026135,CLASE TEORICA,(3) Grupo 3,Leonel Vega Mora,25,28
gh-31315002005,2026-08-09T08:08:38-05:00,2015963,CLASE TEORICA,(1) Grupo 1,No informado,30,29
gh-31315002005,2026-08-09T08:08:38-05:00,2015963,CLASE TEORICA,(2) Grupo 2,No informado,30,29
gh-31315002005,2026-08-09T08:08:38-05:00,2015963,CLASE TEORICA,(3) Grupo 3,William Castro Garcia,30,29
gh-31315002005,2026-08-09T08:08:39-05:00,2026138,CLASE TEORICA,(1) Grupo 1,Ivan Dario Serrano Arrieta,30,30
gh-31315002005,2026-08-09T08:08:39-05:00,2026138,CLASE TEORICA,(2) Grupo 2,Ivan Dario Serrano Arrieta,30,30
gh-31315002005,2026-08-09T08:08:39-05:00,2026138,CLASE TEORICA,(3) Grupo 3,Pedro Luis Jimenez Poveda,30,30
gh-31315002005,2026-08-09T08:08:41-05:00,2015703,NA,(1) Grupo 1,Angela Maria Arboleda Restrepo,40,31
gh-31315002005,2026-08-09T08:08:41-05:00,2015703,NA,(10) Grupo 10,Diego Alejandro Hernandez Castañeda,30,31
gh-31315002005,2026-08-09T08:08:41-05:00,2015703,NA,(11) Grupo 11,Julio Cesar Cañon Rodriguez,30,31
gh-31315002005,2026-08-09T08:08:41-05:00,2015703,NA,(2) Grupo 2,Osman Benjamin Giovanny Vargas Rozo,40,31
gh-31315002005,2026-08-09T08:08:41-05:00,2015703,NA,(3) Grupo 3,Hugo Alberto Herrera Fonseca,40,31
gh-31315002005,2026-08-09T08:08:41-05:00,2015703,NA,(4) Grupo 4,LINA JULIANA BULLA CASAS,30,31
gh-31315002005,2026-08-09T08:08:41-05:00,2015703,NA,(5) Grupo 5 - Virtual,Cesar Augusto Roa Lemus,60,31
gh-31315002005,2026-08-09T08:08:41-05:00,2015703,NA,(6) Grupo 6,JAVIER RICARDO OJEDA SANCHEZ,40,31
gh-31315002005,2026-08-09T08:08:41-05:00,2015703,NA,(7) Grupo 7,JAVIER RICARDO OJEDA SANCHEZ,20,31
gh-31315002005,2026-08-09T08:08:41-05:00,2015703,NA,(8) Grupo 8,Diego Alejandro Hernandez Castañeda,40,31
gh-31315002005,2026-08-09T08:08:41-05:00,2015703,NA,(9) Grupo 9,LINA JULIANA BULLA CASAS,35,31
gh-31315002005,2026-08-09T08:08:42-05:00,1000044-B,CLASE TEORICA,(1) Grupo 1,Beatriz Elena Urrutia Sanchez,26,32
gh-31315002005,2026-08-09T08:08:42-05:00,1000044-B,CLASE TEORICA,(2) Grupo 2,Yaneli Niño Osorio,26,32
gh-31315002005,2026-08-09T08:08:42-05:00,1000044-B,CLASE TEORICA,(3) Grupo 3,Luis Gabriel Peña Ortiz,26,32
gh-31315002005,2026-08-09T08:08:42-05:00,1000044-B,CLASE TEORICA,(4) Grupo 4,Liliana Marcela Guzman Aricapa,26,32
gh-31315002005,2026-08-09T08:08:42-05:00,1000044-B,CLASE TEORICA,(5) Grupo 5,Beatriz Elena Urrutia Sanchez,26,32
gh-31315002005,2026-08-09T08:08:42-05:00,1000044-B,CLASE TEORICA,(6) Grupo 6,Cesar Augusto Romero,26,32
gh-31315002005,2026-08-09T08:08:42-05:00,1000044-B,CLASE TEORICA,(7) Grupo 7,JOSE JONATHAN MAESTRE HERRERA,26,32
gh-31315002005,2026-08-09T08:08:42-05:00,1000044-B,CLASE TEORICA,(8) Grupo 8,Beymar Leonardo Solorzano Alviz,26,32
gh-31315002005,2026-08-09T08:08:42-05:00,1000044-B,CLASE TEORICA,(9) Grupo 9,Claudia Marcela Arevalo Gomez,7,32
gh-31315002005,2026-08-09T08:08:44-05:00,1000045-B,CLASE TEORICA,(1) Grupo 1,Claudia Marcela Arevalo Gomez,10,33
gh-31315002005,2026-08-09T08:08:44-05:00,1000045-B,CLASE TEORICA,(10) Grupo 10,Jesica paola Rendon Alfonso,26,33
gh-31315002005,2026-08-09T08:08:44-05:00,1000045-B,CLASE TEORICA,(11) Grupo 11,JOSE JONATHAN MAESTRE HERRERA,26,33
gh-31315002005,2026-08-09T08:08:44-05:00,1000045-B,CLASE TEORICA,(12) Grupo 12,LINDA JOHANA RUIZ GOMEZ,26,33
gh-31315002005,2026-08-09T08:08:44-05:00,1000045-B,CLASE TEORICA,(13) Grupo 13,Narly Yadira Pardo Cadena,26,33
gh-31315002005,2026-08-09T08:08:44-05:00,1000045-B,CLASE TEORICA,(14) Grupo 14,Angelica Saenz Fonseca,26,33
gh-31315002005,2026-08-09T08:08:44-05:00,1000045-B,CLASE TEORICA,(15) Grupo 15,Narly Yadira Pardo Cadena,26,33
gh-31315002005,2026-08-09T08:08:44-05:00,1000045-B,CLASE TEORICA,(16) Grupo 16,Luis Gabriel Peña Ortiz,26,33
gh-31315002005,2026-08-09T08:08:44-05:00,1000045-B,CLASE TEORICA,(2) Grupo 2,Cesar Augusto Romero,26,33
gh-31315002005,2026-08-09T08:08:44-05:00,1000045-B,CLASE TEORICA,(3) Grupo 3,Jesica paola Rendon Alfonso,26,33
gh-31315002005,2026-08-09T08:08:44-05:00,1000045-B,CLASE TEORICA,(4) Grupo 4,Adriana Marlen Sanchez Riaño,26,33
gh-31315002005,2026-08-09T08:08:44-05:00,1000045-B,CLASE TEORICA,(5) Grupo 5,Cesar Augusto Romero,26,33
gh-31315002005,2026-08-09T08:08:44-05:00,1000045-B,CLASE TEORICA,(6) Grupo 6,Sara Elisa Monsalve Patino,26,33
gh-31315002005,2026-08-09T08:08:44-05:00,1000045-B,CLASE TEORICA,(7) Grupo 7,Luis Gabriel Peña Ortiz,26,33
gh-31315002005,2026-08-09T08:08:44-05:00,1000045-B,CLASE TEORICA,(8) Grupo 8,Johnatan Martinez Hernandez,26,33
gh-31315002005,2026-08-09T08:08:44-05:00,1000045-B,CLASE TEORICA,(9) Grupo 9,Maureen Elizabeth Hooker Oneill,15,33
gh-31315002005,2026-08-09T08:08:47-05:00,1000046-B,CLASE TEORICA,(1) Grupo 1,Johnatan Martinez Hernandez,26,35
gh-31315002005,2026-08-09T08:08:47-05:00,1000046-B,CLASE TEORICA,(10) Grupo 10,Jennly Angelica Gomez Rodriguez,26,35
gh-31315002005,2026-08-09T08:08:47-05:00,1000046-B,CLASE TEORICA,(11) Grupo 11,Angelica Saenz Fonseca,26,35
gh-31315002005,2026-08-09T08:08:47-05:00,1000046-B,CLASE TEORICA,(12) Grupo 12,Liliana Marcela Guzman Aricapa,26,35
gh-31315002005,2026-08-09T08:08:47-05:00,1000046-B,CLASE TEORICA,(13) Grupo 13,ALBA LUCIA RIAÑO RODRIGUEZ,26,35
gh-31315002005,2026-08-09T08:08:47-05:00,1000046-B,CLASE TEORICA,(14) Grupo 14,Angelica Saenz Fonseca,26,35
gh-31315002005,2026-08-09T08:08:47-05:00,1000046-B,CLASE TEORICA,(15) Grupo 15,Luis Gabriel Peña Ortiz,26,35
gh-31315002005,2026-08-09T08:08:47-05:00,1000046-B,CLASE TEORICA,(16) Grupo 16,Olga Lucia Ruiz Convers,26,35
gh-31315002005,2026-08-09T08:08:47-05:00,1000046-B,CLASE TEORICA,(17) Grupo 17,Luis Gabriel Peña Ortiz,26,35
gh-31315002005,2026-08-09T08:08:47-05:00,1000046-B,CLASE TEORICA,(18) Grupo 18,Narly Yadira Pardo Cadena,26,35
gh-31315002005,2026-08-09T08:08:47-05:00,1000046-B,CLASE TEORICA,(2) Grupo 2,Jesica paola Rendon Alfonso,26,35
gh-31315002005,2026-08-09T08:08:47-05:00,1000046-B,CLASE TEORICA,(3) Grupo 3,JESUS DAVID TORRES RODRIGUEZ,26,35
gh-31315002005,2026-08-09T08:08:47-05:00,1000046-B,CLASE TEORICA,(4) Grupo 4,Claudia Patricia Cortes Lora,26,35
gh-31315002005,2026-08-09T08:08:47-05:00,1000046-B,CLASE TEORICA,(5) Grupo 5,Johnatan Martinez Hernandez,26,35
gh-31315002005,2026-08-09T08:08:47-05:00,1000046-B,CLASE TEORICA,(6) Grupo 6,Johnatan Martinez Hernandez,26,35
gh-31315002005,2026-08-09T08:08:47-05:00,1000046-B,CLASE TEORICA,(7) Grupo 7,Jesica paola Rendon Alfonso,26,35
gh-31315002005,2026-08-09T08:08:47-05:00,1000046-B,CLASE TEORICA,(8) Grupo 8,Beatriz Elena Urrutia Sanchez,26,35
gh-31315002005,2026-08-09T08:08:47-05:00,1000046-B,CLASE TEORICA,(9) Grupo 9,Maureen Elizabeth Hooker Oneill,10,35
gh-31315002005,2026-08-09T08:08:49-05:00,1000052-B,CLASE TEORICA,(1) Grupo 1,Liliana Marcela Guzman Aricapa,28,37
gh-31315002005,2026-08-09T08:08:49-05:00,1000052-B,CLASE TEORICA,(2) Grupo 2,JOSE JONATHAN MAESTRE HERRERA,28,37
gh-31315002005,2026-08-09T08:08:49-05:00,1000052-B,CLASE TEORICA,(3) Grupo 3,Aida Elena Monsalve Solorzano,28,37
gh-31315002005,2026-08-09T08:08:50-05:00,1000053-B,CLASE TEORICA,(1) Grupo 1,Jennly Angelica Gomez Rodriguez,28,38
gh-31315002005,2026-08-09T08:08:50-05:00,1000053-B,CLASE TEORICA,(2) Grupo 2,Yaneli Niño Osorio,28,38
gh-31315002005,2026-08-09T08:08:50-05:00,1000053-B,CLASE TEORICA,(3) Grupo 3,Javier Rodriguez Gomez,30,38
gh-31315002005,2026-08-09T08:08:50-05:00,1000053-B,CLASE TEORICA,(4) Grupo 4,Javier Rodriguez Gomez,30,38
gh-31315002005,2026-08-09T08:08:50-05:00,1000053-B,CLASE TEORICA,(5) Grupo 5,LINDA JOHANA RUIZ GOMEZ,28,38
gh-31315002005,2026-08-09T08:08:50-05:00,1000053-B,CLASE TEORICA,(6) Grupo 6,Olga Lucia Ruiz Convers,28,38
gh-31315002005,2026-08-09T08:08:52-05:00,1000047-B,CLASE TEORICA,(1) Grupo 1,Cesar Augusto Romero,26,39
gh-31315002005,2026-08-09T08:08:52-05:00,1000047-B,CLASE TEORICA,(10) Grupo 10,Monica Alexandra Riaño Orjuela,26,39
gh-31315002005,2026-08-09T08:08:52-05:00,1000047-B,CLASE TEORICA,(11) Grupo 11,Jennly Angelica Gomez Rodriguez,26,39
gh-31315002005,2026-08-09T08:08:52-05:00,1000047-B,CLASE TEORICA,(12) Grupo 12,Claudia Patricia Cortes Lora,26,39
gh-31315002005,2026-08-09T08:08:52-05:00,1000047-B,CLASE TEORICA,(13) Grupo 13,Angelica Saenz Fonseca,26,39
gh-31315002005,2026-08-09T08:08:52-05:00,1000047-B,CLASE TEORICA,(14) Grupo 14,LINDA JOHANA RUIZ GOMEZ,26,39
gh-31315002005,2026-08-09T08:08:52-05:00,1000047-B,CLASE TEORICA,(15) Grupo 15,Claudia Patricia Cortes Lora,26,39
gh-31315002005,2026-08-09T08:08:52-05:00,1000047-B,CLASE TEORICA,(16) Grupo 16,Narly Yadira Pardo Cadena,26,39
gh-31315002005,2026-08-09T08:08:52-05:00,1000047-B,CLASE TEORICA,(17) Grupo 17,Angelica Saenz Fonseca,26,39
gh-31315002005,2026-08-09T08:08:52-05:00,1000047-B,CLASE TEORICA,(18) Grupo 18,ALBA LUCIA RIAÑO RODRIGUEZ,26,39
gh-31315002005,2026-08-09T08:08:52-05:00,1000047-B,CLASE TEORICA,(19) Grupo 19,Aida Elena Monsalve Solorzano,26,39
gh-31315002005,2026-08-09T08:08:52-05:00,1000047-B,CLASE TEORICA,(2) Grupo 2,Yaneli Niño Osorio,26,39
gh-31315002005,2026-08-09T08:08:52-05:00,1000047-B,CLASE TEORICA,(20) Grupo 20,ALBA LUCIA RIAÑO RODRIGUEZ,26,39
gh-31315002005,2026-08-09T08:08:52-05:00,1000047-B,CLASE TEORICA,(21) Grupo 21,Edwin Yesid Leon Silva,26,39
gh-31315002005,2026-08-09T08:08:52-05:00,1000047-B,CLASE TEORICA,(22) Grupo 22,LINDA JOHANA RUIZ GOMEZ,26,39
gh-31315002005,2026-08-09T08:08:52-05:00,1000047-B,CLASE TEORICA,(3) Grupo 3,Monica Alexandra Riaño Orjuela,26,39
gh-31315002005,2026-08-09T08:08:52-05:00,1000047-B,CLASE TEORICA,(4) Grupo 4,Claudia Patricia Cortes Lora,26,39
gh-31315002005,2026-08-09T08:08:52-05:00,1000047-B,CLASE TEORICA,(5) Grupo 5,Olga Lucia Ruiz Convers,26,39
gh-31315002005,2026-08-09T08:08:52-05:00,1000047-B,CLASE TEORICA,(6) Grupo 6,Monica Alexandra Riaño Orjuela,26,39
gh-31315002005,2026-08-09T08:08:52-05:00,1000047-B,CLASE TEORICA,(7) Grupo 7,Cesar Augusto Romero,26,39
gh-31315002005,2026-08-09T08:08:52-05:00,1000047-B,CLASE TEORICA,(8) Grupo 8,Beatriz Elena Urrutia Sanchez,26,39
gh-31315002005,2026-08-09T08:08:52-05:00,1000047-B,CLASE TEORICA,(9) Grupo 9,Keshia Hilary Howard Livingston,15,39
gh-31315002005,2026-08-09T08:08:54-05:00,2026186,CLASE TEORICA,(1) Grupo 1,Carol Andrea Murillo Feo,7,41
gh-31315002005,2026-08-09T08:08:54-05:00,2026186,CLASE TEORICA,(2) Grupo 2,Leonel Vega Mora,0,41
gh-31315002005,2026-08-09T08:08:54-05:00,2026186,CLASE TEORICA,(4) Grupo 4,Carlos Orlando Robles Roa,10,41
gh-31315002005,2026-08-09T08:08:55-05:00,1000002-B,CLASE TEORICA,(1) Grupo 1 - Clase Presencial,Ruth Andrea Cortés Suárez,1,42
gh-31315002005,2026-08-09T08:08:55-05:00,1000002-B,CLASE TEORICA,(10) Grupo 10 - Clase presencial,Karen Johanna Castelblanco Villamil,0,42
gh-31315002005,2026-08-09T08:08:55-05:00,1000002-B,CLASE TEORICA,(2) Grupo 2 - Clase Presencial,Ruth Andrea Cortés Suárez,0,42
gh-31315002005,2026-08-09T08:08:55-05:00,1000002-B,CLASE TEORICA,(3) Grupo 3 - Clase Presencial,Adriana Patricia Díaz Cuevas,0,42
gh-31315002005,2026-08-09T08:08:55-05:00,1000002-B,CLASE TEORICA,(4) Grupo 4 - Clase Presencial,Adriana Patricia Díaz Cuevas,0,42
gh-31315002005,2026-08-09T08:08:55-05:00,1000002-B,CLASE TEORICA,(5) Grupo 5 - Clase Presencial,Andres Felipe Escovar Barreto,0,42
gh-31315002005,2026-08-09T08:08:55-05:00,1000002-B,CLASE TEORICA,(6) Grupo 6 - Clase Presencial,Ruth Andrea Cortés Suárez,0,42
gh-31315002005,2026-08-09T08:08:55-05:00,1000002-B,CLASE TEORICA,(7) Grupo 7 - Clase Presencial,Karen Johanna Castelblanco Villamil,0,42
gh-31315002005,2026-08-09T08:08:55-05:00,1000002-B,CLASE TEORICA,(8) Grupo 8 - Clase Presencial,Adriana Patricia Díaz Cuevas,0,42
gh-31315002005,2026-08-09T08:08:55-05:00,1000002-B,CLASE TEORICA,(9) Grupo 9 - Clase Presencial,Carlas Lucia Castilla Lara,10,42
gh-31315002005,2026-08-09T08:08:57-05:00,1000001-B,CLASE TEORICA,(1) Grupo 1,No informado,0,43
gh-31315002005,2026-08-09T08:08:57-05:00,1000001-B,CLASE MAGISTRAL,(1) Grupo 1,Ibeth Marcela Rubio Perilla,0,43
gh-31315002005,2026-08-09T08:08:57-05:00,1000001-B,CLASE MAGISTRAL,(10) Grupo 10,No informado,0,43
gh-31315002005,2026-08-09T08:08:57-05:00,1000001-B,CLASE TEORICA,(19) Grupo 19,No informado,5,43
gh-31315002005,2026-08-09T08:08:57-05:00,1000001-B,CLASE TEORICA,(2) Grupo 2,No informado,10,43
gh-31315002005,2026-08-09T08:08:57-05:00,1000001-B,CLASE MAGISTRAL,(2) Grupo 2,Herbert Alonso Dueñas Ruiz,0,43
gh-31315002005,2026-08-09T08:08:57-05:00,1000001-B,CLASE MAGISTRAL,(3) Grupo 3,Jeanneth Galeano Penaloza,0,43
gh-31315002005,2026-08-09T08:08:57-05:00,1000001-B,CLASE MAGISTRAL,(4) Grupo 4,Gustavo Adolfo Nieto Clavijo,0,43
gh-31315002005,2026-08-09T08:08:57-05:00,1000001-B,CLASE MAGISTRAL,(5) Grupo 5,Natalia Camila Pinzon Cortes,0,43
gh-31315002005,2026-08-09T08:08:57-05:00,1000001-B,CLASE MAGISTRAL,(6) Grupo 6,Martha Cecilia Moreno Penagos,0,43
gh-31315002005,2026-08-09T08:08:57-05:00,1000001-B,CLASE MAGISTRAL,(7) Grupo 7,Claudio Rodriguez Beltran,0,43
gh-31315002005,2026-08-09T08:08:57-05:00,1000001-B,CLASE MAGISTRAL,(8) Grupo 8,Gabriel Ignacio Padilla Leon,0,43
gh-31315002005,2026-08-09T08:08:57-05:00,1000001-B,CLASE MAGISTRAL,(9) Grupo 9,No informado,10,43
gh-31315002005,2026-08-09T08:08:58-05:00,2015965,CLASE TEORICA,(1) Grupo 1,CAMILO RIOS FRESNEDA,24,44
gh-31315002005,2026-08-09T08:08:58-05:00,2015965,CLASE TEORICA,(2) Grupo 2,Julian David Puerto Suarez; Vladimir Buelvas Hernández,24,44
gh-31315002005,2026-08-09T08:08:58-05:00,2015965,CLASE TEORICA,(3) Grupo 3,Ferney Betancourt Cardozo; Juan Manuel Lizarazo Marriaga,24,44
gh-31315002005,2026-08-09T08:08:58-05:00,2015965,CLASE TEORICA,(4) Grupo 4,No informado,24,44
gh-31315002005,2026-08-09T08:09:00-05:00,2015966,CLASE TEORICA,(1) Grupo 1,No informado,24,45
gh-31315002005,2026-08-09T08:09:00-05:00,2015966,CLASE TEORICA,(2) Grupo 2,Adriana Patricia Piña Fulano,24,45
gh-31315002005,2026-08-09T08:09:00-05:00,2015966,CLASE TEORICA,(3) Grupo 3,Rafael Orland Ortiz Mosquera,24,45
gh-31315002005,2026-08-09T08:09:00-05:00,2015966,CLASE TEORICA,(4) Grupo 4,No informado,24,45
gh-31315002005,2026-08-09T08:09:00-05:00,2015966,CLASE TEORICA,(5) Grupo 5,No informado,24,45
gh-31315002005,2026-08-09T08:09:00-05:00,2015966,CLASE TEORICA,(6) Grupo 6,Luis Alejandro Morales Marin,24,45
gh-31315002005,2026-08-09T08:09:00-05:00,2015966,CLASE TEORICA,(7) Grupo 7,No informado,24,45
gh-31315002005,2026-08-09T08:09:00-05:00,2015966,CLASE TEORICA,(8) Grupo 8,No informado,24,45
gh-31315002005,2026-08-09T08:09:01-05:00,2015967,NA,(1) Grupo 1,Vladimir Buelvas Hernández,24,46
gh-31315002005,2026-08-09T08:09:02-05:00,2015968,CLASE TEORICA,(1) Grupo 1,Ricardo Parra Arango,24,47
gh-31315002005,2026-08-09T08:09:02-05:00,2015968,CLASE TEORICA,(2) Grupo 2,Juan David Oliveros Salazar,24,47
gh-31315002005,2026-08-09T08:09:02-05:00,2015968,CLASE TEORICA,(3) Grupo 3,No informado,24,47
gh-31315002005,2026-08-09T08:09:02-05:00,2015968,CLASE TEORICA,(4) Grupo 4,Ricardo Parra Arango,24,47
gh-31315002005,2026-08-09T08:09:02-05:00,2015968,CLASE TEORICA,(5) Grupo 5,Julian David Puerto Suarez,24,47
gh-31315002005,2026-08-09T08:09:02-05:00,2015968,CLASE TEORICA,(6) Grupo 6,Dorian Luis Linero Segrera,24,47
gh-31315002005,2026-08-09T08:09:02-05:00,2015968,CLASE TEORICA,(7) Grupo 7,No informado,0,47
gh-31315002005,2026-08-09T08:09:03-05:00,2015969,CLASE TEORICA,(1) Grupo 1 (Inglés),Julio Esteban Colmenares Montañez,30,48
gh-31315002005,2026-08-09T08:09:03-05:00,2015969,CLASE TEORICA,(2) Grupo 2,Guillermo Eduardo Avila Alvarez,30,48
gh-31315002005,2026-08-09T08:09:03-05:00,2015969,CLASE TEORICA,(3) Grupo 3,Livaniel Viveros Rosero,30,48
gh-31315002005,2026-08-09T08:09:03-05:00,2015969,CLASE TEORICA,(4) Grupo 4,No informado,30,48
gh-31315002005,2026-08-09T08:09:04-05:00,2015970,CLASE PRACTICA,(4) Grupo 4,Helga Duarte,30,49
gh-31315002005,2026-08-09T08:09:04-05:00,2015970,CLASE PRACTICA,(5) Grupo 5,Oswaldo Rojas Camacho,45,49
gh-31315002005,2026-08-09T08:09:04-05:00,2015970,CLASE PRACTICA,(8) Grupo 8,Helga Duarte,30,49
gh-31315002005,2026-08-09T08:09:04-05:00,2015970,CLASE PRACTICA,(9) Grupo 9,Oswaldo Rojas Camacho,45,49
gh-31315002005,2026-08-09T08:09:05-05:00,2017293,CLASE TEORICA,(1) 2017293-1 Modelación matemática,JUAN SEBASTIÁN HINCAPIÉ MONTES,34,50
gh-31315002005,2026-08-09T08:09:05-05:00,2017293,CLASE MAGISTRAL,(1M) 2017293-1M Modelación matemática - Magistral,Carlos Alberto Duque Daza,80,50
gh-31315002005,2026-08-09T08:09:05-05:00,2017293,CLASE TEORICA,(2) 2017293-2 Modelación matemática,JUAN SEBASTIÁN HINCAPIÉ MONTES,34,50
gh-31315002005,2026-08-09T08:09:09-05:00,2015971,CLASE TEORICA,(1) Grupo 1,No informado,30,53
gh-31315002005,2026-08-09T08:09:09-05:00,2015971,CLASE TEORICA,(2) Grupo 2,Ferney Betancourt Cardozo,30,53
gh-31315002005,2026-08-09T08:09:09-05:00,2015971,CLASE TEORICA,(3) Grupo 3,No informado,30,53
gh-31315002005,2026-08-09T08:09:10-05:00,2015972,CLASE TEORICA,(1) Grupo 1,Carlos Alberto Moncada Aristizabal,15,54
gh-31315002005,2026-08-09T08:09:10-05:00,2015972,CLASE TEORICA,(2) Grupo 2,SANTIAGO RAMIREZ ECHEVERRI,15,54
gh-31315002005,2026-08-09T08:09:10-05:00,2015972,CLASE TEORICA,(3) Grupo 3,No informado,15,54
gh-31315002005,2026-08-09T08:09:11-05:00,1000024-B,CLASE TEORICA,(12) Grupo 12,Edgar Delgado Mejia,0,55
gh-31315002005,2026-08-09T08:09:11-05:00,1000024-B,CLASE TEORICA,(13) Grupo 13,Jesus Sigifredo Valencia Rios,0,55
gh-31315002005,2026-08-09T08:09:11-05:00,1000024-B,CLASE TEORICA,(14) Grupo 14,Jhon Jairo Aragón Arias,10,55
gh-31315002005,2026-08-09T08:09:12-05:00,1000013-B,CLASE TEORICA,(1) Grupo 1,JHONIER SEBASTIAN RANGEL GUTIERREZ,0,56
gh-31315002005,2026-08-09T08:09:12-05:00,1000013-B,CLASE TEORICA,(10) Grupo 10,Sandra Vergara Cardozo,35,56
gh-31315002005,2026-08-09T08:09:12-05:00,1000013-B,CLASE TEORICA,(11) Grupo 11,DIEGO ALBERTO MARTINEZ SIMBAQUEVA,40,56
gh-31315002005,2026-08-09T08:09:12-05:00,1000013-B,CLASE TEORICA,(12) Grupo 12,DIEGO ALBERTO MARTINEZ SIMBAQUEVA,40,56
gh-31315002005,2026-08-09T08:09:12-05:00,1000013-B,CLASE TEORICA,(13) Grupo 13,DIEGO ALBERTO MARTINEZ SIMBAQUEVA,30,56
gh-31315002005,2026-08-09T08:09:12-05:00,1000013-B,CLASE TEORICA,(14) Grupo 14,Andrea Catalina Garcia Montoya,45,56
gh-31315002005,2026-08-09T08:09:12-05:00,1000013-B,CLASE TEORICA,(16) Grupo 16,Sergio Alejandro Calderon Villanueva,30,56
gh-31315002005,2026-08-09T08:09:12-05:00,1000013-B,CLASE TEORICA,(2) Grupo 2,Luis Guillermo Diaz Monroy,40,56
gh-31315002005,2026-08-09T08:09:12-05:00,1000013-B,CLASE TEORICA,(22) Grupo 22,Hanwen Zhang,45,56
gh-31315002005,2026-08-09T08:09:12-05:00,1000013-B,CLASE TEORICA,(23) Grupo 23,ULPIANO LARA CRISTANCHO,0,56
gh-31315002005,2026-08-09T08:09:12-05:00,1000013-B,CLASE TEORICA,(3) Grupo 3,Diana Carolina Franco Soto,40,56
gh-31315002005,2026-08-09T08:09:12-05:00,1000013-B,CLASE TEORICA,(4) Grupo 4,Diana Carolina Franco Soto,40,56
gh-31315002005,2026-08-09T08:09:12-05:00,1000013-B,CLASE TEORICA,(5) Grupo 5,Darwin Eduardo Martínez Riaño,35,56
gh-31315002005,2026-08-09T08:09:12-05:00,1000013-B,CLASE TEORICA,(6) Grupo 6,Darwin Eduardo Martínez Riaño,35,56
gh-31315002005,2026-08-09T08:09:12-05:00,1000013-B,CLASE TEORICA,(7) Grupo 7,Camilo Jose Torres Jimenez,40,56
gh-31315002005,2026-08-09T08:09:13-05:00,2015734,NA,(1) Grupo 1,Fernando Salazar Delgado,6,57
gh-31315002005,2026-08-09T08:09:13-05:00,2015734,NA,(10) Grupo 10,Tito Florez Calderon,4,57
gh-31315002005,2026-08-09T08:09:13-05:00,2015734,NA,(11) Grupo 11,DAVID ALBERTO HERRERA ALVAREZ,0,57
gh-31315002005,2026-08-09T08:09:13-05:00,2015734,NA,(12) Grupo 12,FABIEL NATÁN ESPINOSA CASTAÑEDA,1,57
gh-31315002005,2026-08-09T08:09:13-05:00,2015734,NA,(13) Grupo 13,SERGIO CAMILO ESPINOSA BOTERO,4,57
gh-31315002005,2026-08-09T08:09:13-05:00,2015734,NA,(14) Grupo 14,Felipe Gonzalez Roldan,0,57
gh-31315002005,2026-08-09T08:09:13-05:00,2015734,NA,(2) Grupo 2,Fernando Salazar Delgado,16,57
gh-31315002005,2026-08-09T08:09:13-05:00,2015734,NA,(3) Grupo 3,Jhoan Sebastian Restrepo Mendoza,0,57
gh-31315002005,2026-08-09T08:09:13-05:00,2015734,NA,(4) Grupo 4,Sandra Liliana Rojas Martinez,0,57
gh-31315002005,2026-08-09T08:09:13-05:00,2015734,NA,(5) Grupo 5,Jhoan Sebastian Restrepo Mendoza,0,57
gh-31315002005,2026-08-09T08:09:13-05:00,2015734,NA,(6) Grupo 6,SERGIO CAMILO ESPINOSA BOTERO,8,57
gh-31315002005,2026-08-09T08:09:13-05:00,2015734,NA,(7) Grupo 7,No informado,3,57
gh-31315002005,2026-08-09T08:09:13-05:00,2015734,NA,(8) Grupo 8 - Virtual,FABIEL NATÁN ESPINOSA CASTAÑEDA,30,57
gh-31315002005,2026-08-09T08:09:13-05:00,2015734,NA,(9) Grupo 9,Alvaro Reynel Córdoba,18,57
gh-31315002005,2026-08-09T08:09:16-05:00,2015973,CLASE TEORICA,(1) Grupo 1,No informado,25,59
gh-31315002005,2026-08-09T08:09:16-05:00,2015973,CLASE TEORICA,(2) Grupo 2,GABRIELA ARRIETA LOYO,25,59
gh-31315002005,2026-08-09T08:09:16-05:00,2015973,CLASE TEORICA,(3) Grupo 3,NICOLAS ESCALANTE MORA,25,59
gh-31315002005,2026-08-09T08:09:17-05:00,2022761,NA,(1) Grupo 1,Servio Javier Contreras Guerrero,15,60
gh-31315002005,2026-08-09T08:09:17-05:00,2022761,NA,(2) Grupo 2,Servio Javier Contreras Guerrero,15,60
gh-31315002005,2026-08-09T08:09:17-05:00,2022761,NA,(3) Grupo 3,Samuel Fernando Mesa Giraldo,15,60
gh-31315002005,2026-08-09T08:09:18-05:00,2024045,CLASE TEORICA,(1) 2024045-1 Taller de proyectos interdisciplinarios,No informado,0,-1
gh-31315002005,2026-08-09T08:09:18-05:00,2024045,CLASE TEORICA,(10) 2024045-10 Taller de proyectos interdisciplinarios,Oscar Andres Eraso Eraso,0,-1
gh-31315002005,2026-08-09T08:09:18-05:00,2024045,CLASE TEORICA,(11) 2024045-11 Taller de proyectos interdisciplinarios,No informado,0,-1
gh-31315002005,2026-08-09T08:09:18-05:00,2024045,CLASE TEORICA,(12) 2024045-12 Taller de proyectos interdisciplinarios,Hector Julian Garcia Otalora,200,-1
gh-31315002005,2026-08-09T08:09:18-05:00,2024045,CLASE TEORICA,(13) 2024045-13 Taller de proyectos interdisciplinarios,No informado,0,-1
gh-31315002005,2026-08-09T08:09:18-05:00,2024045,CLASE TEORICA,(14) 2024045-14 Taller de proyectos interdisciplinarios,Dolly Santos Barbosa,0,-1
gh-31315002005,2026-08-09T08:09:18-05:00,2024045,CLASE TEORICA,(15) 2024045-15 Taller de proyectos interdisciplinarios,Oscar Andres Eraso Eraso,0,-1
gh-31315002005,2026-08-09T08:09:18-05:00,2024045,CLASE TEORICA,(16) 2024045-16 Taller de proyectos interdisciplinarios,Luis Ignacio Rodriguez Varela,0,-1
gh-31315002005,2026-08-09T08:09:18-05:00,2024045,CLASE TEORICA,(17) 2024045-17 Taller de proyectos interdisciplinarios,JOHANA CATALINA MANOSALVA BARRERA,0,-1
gh-31315002005,2026-08-09T08:09:18-05:00,2024045,CLASE TEORICA,(18) 2024045-18 Taller de proyectos interdisciplinarios,Fernando Bernal Martinez,0,-1
gh-31315002005,2026-08-09T08:09:18-05:00,2024045,CLASE TEORICA,(19) 2024045-19 Taller de proyectos interdisciplinarios,FRANCISCO JAVIER VÁSQUEZ VÁSQUEZ,0,-1
gh-31315002005,2026-08-09T08:09:18-05:00,2024045,CLASE TEORICA,(2) 2024045-2 Taller de proyectos interdisciplinarios,Fernando Bernal Martinez,0,-1
gh-31315002005,2026-08-09T08:09:18-05:00,2024045,CLASE TEORICA,(21) 2024045-21 Taller de proyectos interdisciplinarios,No informado,0,-1
gh-31315002005,2026-08-09T08:09:18-05:00,2024045,CLASE TEORICA,(22) 2024045-22 Taller de proyectos interdisciplinarios,Ubaldo Garcia Zaragoza,0,-1
gh-31315002005,2026-08-09T08:09:18-05:00,2024045,CLASE TEORICA,(23) 2024045-23 Taller de proyectos interdisciplinarios,No informado,0,-1
gh-31315002005,2026-08-09T08:09:18-05:00,2024045,CLASE TEORICA,(24) 2024045-24 Taller de proyectos interdisciplinarios,Hector Julian Garcia Otalora,200,-1
gh-31315002005,2026-08-09T08:09:18-05:00,2024045,CLASE TEORICA,(3) 2024045-3 Taller de proyectos interdisciplinarios,Guillermo Alberto Rocha Casas,0,-1
gh-31315002005,2026-08-09T08:09:18-05:00,2024045,CLASE TEORICA,(4) 2024045-4 Taller de proyectos interdisciplinarios,Francy Nayely Prieto Novoa,0,-1
gh-31315002005,2026-08-09T08:09:18-05:00,2024045,CLASE TEORICA,(40) 2024045-40 TPI-- NO BORRAR-- BLOQ ESPACIOS,No informado,0,-1
gh-31315002005,2026-08-09T08:09:18-05:00,2024045,CLASE TEORICA,(5) 2024045-5 Taller de proyectos interdisciplinarios,Nubia Carmenza Moreno Sarmiento,0,-1
gh-31315002005,2026-08-09T08:09:18-05:00,2024045,CLASE TEORICA,(6) 2024045-6 Taller de proyectos interdisciplinarios,JOHANA CATALINA MANOSALVA BARRERA,0,-1
gh-31315002005,2026-08-09T08:09:18-05:00,2024045,CLASE TEORICA,(7) 2024045-7 Taller de proyectos interdisciplinarios,Ubaldo Garcia Zaragoza,0,-1
gh-31315002005,2026-08-09T08:09:18-05:00,2024045,CLASE TEORICA,(8) 2024045-8 Taller de proyectos interdisciplinarios,JHON FREDDY LOPEZ MEDINA,0,-1
gh-31315002005,2026-08-09T08:09:18-05:00,2024045,CLASE TEORICA,(9) 2024045-9 Taller de proyectos interdisciplinarios,Manuel Alejandro Mayorga Betancourt,0,-1
gh-31315002005,2026-08-09T08:09:19-05:00,2015296,NA,(1) Grupo 1,Leonardo David Donado Garzon,5,62
gh-31315002005,2026-08-09T08:09:19-05:00,2015296,NA,(10) Grupo 10,Juan Manuel Lizarazo Marriaga,5,62
gh-31315002005,2026-08-09T08:09:19-05:00,2015296,NA,(11) Grupo 11,Octavio Coronado Garcia,5,62
gh-31315002005,2026-08-09T08:09:19-05:00,2015296,NA,(12) Grupo 12,Carol Andrea Murillo Feo,5,62
gh-31315002005,2026-08-09T08:09:19-05:00,2015296,NA,(13) Grupo 13,CAMILO RIOS FRESNEDA,5,62
gh-31315002005,2026-08-09T08:09:19-05:00,2015296,NA,(14) Grupo 14,William Castro Garcia,5,62
gh-31315002005,2026-08-09T08:09:19-05:00,2015296,NA,(15) Grupo 15,Luis Alejandro Morales Marin,5,62
gh-31315002005,2026-08-09T08:09:19-05:00,2015296,NA,(16) Grupo 16,Ferney Betancourt Cardozo,5,62
gh-31315002005,2026-08-09T08:09:19-05:00,2015296,NA,(17) Grupo 17,Maria Alejandra Caicedo Londoño,5,62
gh-31315002005,2026-08-09T08:09:19-05:00,2015296,NA,(18) Grupo 18,Guillermo Eduardo Avila Alvarez,5,62
gh-31315002005,2026-08-09T08:09:19-05:00,2015296,NA,(19) Grupo 19,Carlos Alfonso Gomez Guacaneme,0,62
gh-31315002005,2026-08-09T08:09:19-05:00,2015296,NA,(2) Grupo 2,Carlos Orlando Robles Roa,5,62
gh-31315002005,2026-08-09T08:09:19-05:00,2015296,NA,(3) Grupo 3,Angela Barrera Puerto,5,62
gh-31315002005,2026-08-09T08:09:19-05:00,2015296,NA,(4) Grupo 4,Mauricio Alberto Tapias Camacho,5,62
gh-31315002005,2026-08-09T08:09:19-05:00,2015296,NA,(5) Grupo 5,Maritzabel Molina Herrera,5,62
gh-31315002005,2026-08-09T08:09:19-05:00,2015296,NA,(6) Grupo 6,Rodolfo Rodriguez Baracaldo,5,62
gh-31315002005,2026-08-09T08:09:19-05:00,2015296,NA,(7) Grupo 7,SANTIAGO RAMIREZ ECHEVERRI,5,62
gh-31315002005,2026-08-09T08:09:19-05:00,2015296,NA,(8) Grupo 8,Jose Ricardo Martinez Vargas,5,62
gh-31315002005,2026-08-09T08:09:19-05:00,2015296,NA,(9) Grupo 9,GABRIELA ARRIETA LOYO,5,62
gh-31315002005,2026-08-09T08:09:20-05:00,2015299,CLASE TEORICA,(1) Grupo 1,GABRIELA ARRIETA LOYO,51,-1
gh-31317698665,2026-08-09T09:10:28-05:00,1000044-B,CLASE TEORICA,(1) Grupo 1,Beatriz Elena Urrutia Sanchez,26,0
gh-31317698665,2026-08-09T09:10:28-05:00,1000044-B,CLASE TEORICA,(2) Grupo 2,Yaneli Niño Osorio,26,0
gh-31317698665,2026-08-09T09:10:28-05:00,1000044-B,CLASE TEORICA,(3) Grupo 3,Luis Gabriel Peña Ortiz,26,0
gh-31317698665,2026-08-09T09:10:28-05:00,1000044-B,CLASE TEORICA,(4) Grupo 4,Liliana Marcela Guzman Aricapa,26,0
gh-31317698665,2026-08-09T09:10:28-05:00,1000044-B,CLASE TEORICA,(5) Grupo 5,Beatriz Elena Urrutia Sanchez,26,0
gh-31317698665,2026-08-09T09:10:28-05:00,1000044-B,CLASE TEORICA,(6) Grupo 6,Cesar Augusto Romero,26,0
gh-31317698665,2026-08-09T09:10:28-05:00,1000044-B,CLASE TEORICA,(7) Grupo 7,JOSE JONATHAN MAESTRE HERRERA,26,0
gh-31317698665,2026-08-09T09:10:28-05:00,1000044-B,CLASE TEORICA,(8) Grupo 8,Beymar Leonardo Solorzano Alviz,26,0
gh-31317698665,2026-08-09T09:10:28-05:00,1000044-B,CLASE TEORICA,(9) Grupo 9,Claudia Marcela Arevalo Gomez,7,0
gh-31317698665,2026-08-09T09:10:29-05:00,1000045-B,CLASE TEORICA,(1) Grupo 1,Claudia Marcela Arevalo Gomez,10,1
gh-31317698665,2026-08-09T09:10:29-05:00,1000045-B,CLASE TEORICA,(10) Grupo 10,Jesica paola Rendon Alfonso,26,1
gh-31317698665,2026-08-09T09:10:29-05:00,1000045-B,CLASE TEORICA,(11) Grupo 11,JOSE JONATHAN MAESTRE HERRERA,26,1
gh-31317698665,2026-08-09T09:10:29-05:00,1000045-B,CLASE TEORICA,(12) Grupo 12,LINDA JOHANA RUIZ GOMEZ,26,1
gh-31317698665,2026-08-09T09:10:29-05:00,1000045-B,CLASE TEORICA,(13) Grupo 13,Narly Yadira Pardo Cadena,26,1
gh-31317698665,2026-08-09T09:10:29-05:00,1000045-B,CLASE TEORICA,(14) Grupo 14,Angelica Saenz Fonseca,26,1
gh-31317698665,2026-08-09T09:10:29-05:00,1000045-B,CLASE TEORICA,(15) Grupo 15,Narly Yadira Pardo Cadena,26,1
gh-31317698665,2026-08-09T09:10:29-05:00,1000045-B,CLASE TEORICA,(16) Grupo 16,Luis Gabriel Peña Ortiz,26,1
gh-31317698665,2026-08-09T09:10:29-05:00,1000045-B,CLASE TEORICA,(2) Grupo 2,Cesar Augusto Romero,26,1
gh-31317698665,2026-08-09T09:10:29-05:00,1000045-B,CLASE TEORICA,(3) Grupo 3,Jesica paola Rendon Alfonso,26,1
gh-31317698665,2026-08-09T09:10:29-05:00,1000045-B,CLASE TEORICA,(4) Grupo 4,Adriana Marlen Sanchez Riaño,26,1
gh-31317698665,2026-08-09T09:10:29-05:00,1000045-B,CLASE TEORICA,(5) Grupo 5,Cesar Augusto Romero,26,1
gh-31317698665,2026-08-09T09:10:29-05:00,1000045-B,CLASE TEORICA,(6) Grupo 6,Sara Elisa Monsalve Patino,26,1
gh-31317698665,2026-08-09T09:10:29-05:00,1000045-B,CLASE TEORICA,(7) Grupo 7,Luis Gabriel Peña Ortiz,26,1
gh-31317698665,2026-08-09T09:10:29-05:00,1000045-B,CLASE TEORICA,(8) Grupo 8,Johnatan Martinez Hernandez,26,1
gh-31317698665,2026-08-09T09:10:29-05:00,1000045-B,CLASE TEORICA,(9) Grupo 9,Maureen Elizabeth Hooker Oneill,15,1
gh-31317698665,2026-08-09T09:10:30-05:00,1000046-B,CLASE TEORICA,(1) Grupo 1,Johnatan Martinez Hernandez,26,2
gh-31317698665,2026-08-09T09:10:30-05:00,1000046-B,CLASE TEORICA,(10) Grupo 10,Jennly Angelica Gomez Rodriguez,26,2
gh-31317698665,2026-08-09T09:10:30-05:00,1000046-B,CLASE TEORICA,(11) Grupo 11,Angelica Saenz Fonseca,26,2
gh-31317698665,2026-08-09T09:10:30-05:00,1000046-B,CLASE TEORICA,(12) Grupo 12,Liliana Marcela Guzman Aricapa,26,2
gh-31317698665,2026-08-09T09:10:30-05:00,1000046-B,CLASE TEORICA,(13) Grupo 13,ALBA LUCIA RIAÑO RODRIGUEZ,26,2
gh-31317698665,2026-08-09T09:10:30-05:00,1000046-B,CLASE TEORICA,(14) Grupo 14,Angelica Saenz Fonseca,26,2
gh-31317698665,2026-08-09T09:10:30-05:00,1000046-B,CLASE TEORICA,(15) Grupo 15,Luis Gabriel Peña Ortiz,26,2
gh-31317698665,2026-08-09T09:10:30-05:00,1000046-B,CLASE TEORICA,(16) Grupo 16,Olga Lucia Ruiz Convers,26,2
gh-31317698665,2026-08-09T09:10:30-05:00,1000046-B,CLASE TEORICA,(17) Grupo 17,Luis Gabriel Peña Ortiz,26,2
gh-31317698665,2026-08-09T09:10:30-05:00,1000046-B,CLASE TEORICA,(18) Grupo 18,Narly Yadira Pardo Cadena,26,2
gh-31317698665,2026-08-09T09:10:30-05:00,1000046-B,CLASE TEORICA,(2) Grupo 2,Jesica paola Rendon Alfonso,26,2
gh-31317698665,2026-08-09T09:10:30-05:00,1000046-B,CLASE TEORICA,(3) Grupo 3,JESUS DAVID TORRES RODRIGUEZ,26,2
gh-31317698665,2026-08-09T09:10:30-05:00,1000046-B,CLASE TEORICA,(4) Grupo 4,Claudia Patricia Cortes Lora,26,2
gh-31317698665,2026-08-09T09:10:30-05:00,1000046-B,CLASE TEORICA,(5) Grupo 5,Johnatan Martinez Hernandez,26,2
gh-31317698665,2026-08-09T09:10:30-05:00,1000046-B,CLASE TEORICA,(6) Grupo 6,Johnatan Martinez Hernandez,26,2
gh-31317698665,2026-08-09T09:10:30-05:00,1000046-B,CLASE TEORICA,(7) Grupo 7,Jesica paola Rendon Alfonso,26,2
gh-31317698665,2026-08-09T09:10:30-05:00,1000046-B,CLASE TEORICA,(8) Grupo 8,Beatriz Elena Urrutia Sanchez,26,2
gh-31317698665,2026-08-09T09:10:30-05:00,1000046-B,CLASE TEORICA,(9) Grupo 9,Maureen Elizabeth Hooker Oneill,10,2
gh-31317698665,2026-08-09T09:10:32-05:00,1000052-B,CLASE TEORICA,(1) Grupo 1,Liliana Marcela Guzman Aricapa,28,3
gh-31317698665,2026-08-09T09:10:32-05:00,1000052-B,CLASE TEORICA,(2) Grupo 2,JOSE JONATHAN MAESTRE HERRERA,28,3
gh-31317698665,2026-08-09T09:10:32-05:00,1000052-B,CLASE TEORICA,(3) Grupo 3,Aida Elena Monsalve Solorzano,28,3
gh-31317698665,2026-08-09T09:10:33-05:00,1000053-B,CLASE TEORICA,(1) Grupo 1,Jennly Angelica Gomez Rodriguez,28,4
gh-31317698665,2026-08-09T09:10:33-05:00,1000053-B,CLASE TEORICA,(2) Grupo 2,Yaneli Niño Osorio,28,4
gh-31317698665,2026-08-09T09:10:33-05:00,1000053-B,CLASE TEORICA,(3) Grupo 3,Javier Rodriguez Gomez,30,4
gh-31317698665,2026-08-09T09:10:33-05:00,1000053-B,CLASE TEORICA,(4) Grupo 4,Javier Rodriguez Gomez,30,4
gh-31317698665,2026-08-09T09:10:33-05:00,1000053-B,CLASE TEORICA,(5) Grupo 5,LINDA JOHANA RUIZ GOMEZ,28,4
gh-31317698665,2026-08-09T09:10:33-05:00,1000053-B,CLASE TEORICA,(6) Grupo 6,Olga Lucia Ruiz Convers,28,4
gh-31317698665,2026-08-09T09:10:34-05:00,1000047-B,CLASE TEORICA,(1) Grupo 1,Cesar Augusto Romero,26,5
gh-31317698665,2026-08-09T09:10:34-05:00,1000047-B,CLASE TEORICA,(10) Grupo 10,Monica Alexandra Riaño Orjuela,26,5
gh-31317698665,2026-08-09T09:10:34-05:00,1000047-B,CLASE TEORICA,(11) Grupo 11,Jennly Angelica Gomez Rodriguez,26,5
gh-31317698665,2026-08-09T09:10:34-05:00,1000047-B,CLASE TEORICA,(12) Grupo 12,Claudia Patricia Cortes Lora,26,5
gh-31317698665,2026-08-09T09:10:34-05:00,1000047-B,CLASE TEORICA,(13) Grupo 13,Angelica Saenz Fonseca,26,5
gh-31317698665,2026-08-09T09:10:34-05:00,1000047-B,CLASE TEORICA,(14) Grupo 14,LINDA JOHANA RUIZ GOMEZ,26,5
gh-31317698665,2026-08-09T09:10:34-05:00,1000047-B,CLASE TEORICA,(15) Grupo 15,Claudia Patricia Cortes Lora,26,5
gh-31317698665,2026-08-09T09:10:34-05:00,1000047-B,CLASE TEORICA,(16) Grupo 16,Narly Yadira Pardo Cadena,26,5
gh-31317698665,2026-08-09T09:10:34-05:00,1000047-B,CLASE TEORICA,(17) Grupo 17,Angelica Saenz Fonseca,26,5
gh-31317698665,2026-08-09T09:10:34-05:00,1000047-B,CLASE TEORICA,(18) Grupo 18,ALBA LUCIA RIAÑO RODRIGUEZ,26,5
gh-31317698665,2026-08-09T09:10:34-05:00,1000047-B,CLASE TEORICA,(19) Grupo 19,Aida Elena Monsalve Solorzano,26,5
gh-31317698665,2026-08-09T09:10:34-05:00,1000047-B,CLASE TEORICA,(2) Grupo 2,Yaneli Niño Osorio,26,5
gh-31317698665,2026-08-09T09:10:34-05:00,1000047-B,CLASE TEORICA,(20) Grupo 20,ALBA LUCIA RIAÑO RODRIGUEZ,26,5
gh-31317698665,2026-08-09T09:10:34-05:00,1000047-B,CLASE TEORICA,(21) Grupo 21,Edwin Yesid Leon Silva,26,5
gh-31317698665,2026-08-09T09:10:34-05:00,1000047-B,CLASE TEORICA,(22) Grupo 22,LINDA JOHANA RUIZ GOMEZ,26,5
gh-31317698665,2026-08-09T09:10:34-05:00,1000047-B,CLASE TEORICA,(3) Grupo 3,Monica Alexandra Riaño Orjuela,26,5
gh-31317698665,2026-08-09T09:10:34-05:00,1000047-B,CLASE TEORICA,(4) Grupo 4,Claudia Patricia Cortes Lora,26,5
gh-31317698665,2026-08-09T09:10:34-05:00,1000047-B,CLASE TEORICA,(5) Grupo 5,Olga Lucia Ruiz Convers,26,5
gh-31317698665,2026-08-09T09:10:34-05:00,1000047-B,CLASE TEORICA,(6) Grupo 6,Monica Alexandra Riaño Orjuela,26,5
gh-31317698665,2026-08-09T09:10:34-05:00,1000047-B,CLASE TEORICA,(7) Grupo 7,Cesar Augusto Romero,26,5
gh-31317698665,2026-08-09T09:10:34-05:00,1000047-B,CLASE TEORICA,(8) Grupo 8,Beatriz Elena Urrutia Sanchez,26,5
gh-31317698665,2026-08-09T09:10:34-05:00,1000047-B,CLASE TEORICA,(9) Grupo 9,Keshia Hilary Howard Livingston,15,5
gh-31317698665,2026-08-09T09:10:38-05:00,1000002-B,CLASE TEORICA,(1) Grupo 1 - Clase Presencial,Ruth Andrea Cortés Suárez,1,6
gh-31317698665,2026-08-09T09:10:38-05:00,1000002-B,CLASE TEORICA,(10) Grupo 10 - Clase presencial,Karen Johanna Castelblanco Villamil,0,6
gh-31317698665,2026-08-09T09:10:38-05:00,1000002-B,CLASE TEORICA,(2) Grupo 2 - Clase Presencial,Ruth Andrea Cortés Suárez,0,6
gh-31317698665,2026-08-09T09:10:38-05:00,1000002-B,CLASE TEORICA,(3) Grupo 3 - Clase Presencial,Adriana Patricia Díaz Cuevas,0,6
gh-31317698665,2026-08-09T09:10:38-05:00,1000002-B,CLASE TEORICA,(4) Grupo 4 - Clase Presencial,Adriana Patricia Díaz Cuevas,0,6
gh-31317698665,2026-08-09T09:10:38-05:00,1000002-B,CLASE TEORICA,(5) Grupo 5 - Clase Presencial,Andres Felipe Escovar Barreto,0,6
gh-31317698665,2026-08-09T09:10:38-05:00,1000002-B,CLASE TEORICA,(6) Grupo 6 - Clase Presencial,Ruth Andrea Cortés Suárez,0,6
gh-31317698665,2026-08-09T09:10:38-05:00,1000002-B,CLASE TEORICA,(7) Grupo 7 - Clase Presencial,Karen Johanna Castelblanco Villamil,0,6
gh-31317698665,2026-08-09T09:10:38-05:00,1000002-B,CLASE TEORICA,(8) Grupo 8 - Clase Presencial,Adriana Patricia Díaz Cuevas,0,6
gh-31317698665,2026-08-09T09:10:38-05:00,1000002-B,CLASE TEORICA,(9) Grupo 9 - Clase Presencial,Carlas Lucia Castilla Lara,10,6
gh-31317698665,2026-08-09T09:10:40-05:00,1000001-B,CLASE TEORICA,(1) Grupo 1,No informado,0,7
gh-31317698665,2026-08-09T09:10:40-05:00,1000001-B,CLASE MAGISTRAL,(1) Grupo 1,Ibeth Marcela Rubio Perilla,0,7
gh-31317698665,2026-08-09T09:10:40-05:00,1000001-B,CLASE MAGISTRAL,(10) Grupo 10,No informado,0,7
gh-31317698665,2026-08-09T09:10:40-05:00,1000001-B,CLASE TEORICA,(19) Grupo 19,No informado,5,7
gh-31317698665,2026-08-09T09:10:40-05:00,1000001-B,CLASE TEORICA,(2) Grupo 2,No informado,10,7
gh-31317698665,2026-08-09T09:10:40-05:00,1000001-B,CLASE MAGISTRAL,(2) Grupo 2,Herbert Alonso Dueñas Ruiz,0,7
gh-31317698665,2026-08-09T09:10:40-05:00,1000001-B,CLASE MAGISTRAL,(3) Grupo 3,Jeanneth Galeano Penaloza,0,7
gh-31317698665,2026-08-09T09:10:40-05:00,1000001-B,CLASE MAGISTRAL,(4) Grupo 4,Gustavo Adolfo Nieto Clavijo,0,7
gh-31317698665,2026-08-09T09:10:40-05:00,1000001-B,CLASE MAGISTRAL,(5) Grupo 5,Natalia Camila Pinzon Cortes,0,7
gh-31317698665,2026-08-09T09:10:40-05:00,1000001-B,CLASE MAGISTRAL,(6) Grupo 6,Martha Cecilia Moreno Penagos,0,7
gh-31317698665,2026-08-09T09:10:40-05:00,1000001-B,CLASE MAGISTRAL,(7) Grupo 7,Claudio Rodriguez Beltran,0,7
gh-31317698665,2026-08-09T09:10:40-05:00,1000001-B,CLASE MAGISTRAL,(8) Grupo 8,Gabriel Ignacio Padilla Leon,0,7
gh-31317698665,2026-08-09T09:10:40-05:00,1000001-B,CLASE MAGISTRAL,(9) Grupo 9,No informado,10,7
gh-31317698665,2026-08-09T09:10:43-05:00,1000013-B,CLASE TEORICA,(1) Grupo 1,JHONIER SEBASTIAN RANGEL GUTIERREZ,0,9
gh-31317698665,2026-08-09T09:10:43-05:00,1000013-B,CLASE TEORICA,(10) Grupo 10,Sandra Vergara Cardozo,35,9
gh-31317698665,2026-08-09T09:10:43-05:00,1000013-B,CLASE TEORICA,(11) Grupo 11,DIEGO ALBERTO MARTINEZ SIMBAQUEVA,40,9
gh-31317698665,2026-08-09T09:10:43-05:00,1000013-B,CLASE TEORICA,(12) Grupo 12,DIEGO ALBERTO MARTINEZ SIMBAQUEVA,40,9
gh-31317698665,2026-08-09T09:10:43-05:00,1000013-B,CLASE TEORICA,(13) Grupo 13,DIEGO ALBERTO MARTINEZ SIMBAQUEVA,30,9
gh-31317698665,2026-08-09T09:10:43-05:00,1000013-B,CLASE TEORICA,(14) Grupo 14,Andrea Catalina Garcia Montoya,45,9
gh-31317698665,2026-08-09T09:10:43-05:00,1000013-B,CLASE TEORICA,(16) Grupo 16,Sergio Alejandro Calderon Villanueva,30,9
gh-31317698665,2026-08-09T09:10:43-05:00,1000013-B,CLASE TEORICA,(2) Grupo 2,Luis Guillermo Diaz Monroy,40,9
gh-31317698665,2026-08-09T09:10:43-05:00,1000013-B,CLASE TEORICA,(22) Grupo 22,Hanwen Zhang,45,9
gh-31317698665,2026-08-09T09:10:43-05:00,1000013-B,CLASE TEORICA,(23) Grupo 23,ULPIANO LARA CRISTANCHO,0,9
gh-31317698665,2026-08-09T09:10:43-05:00,1000013-B,CLASE TEORICA,(3) Grupo 3,Diana Carolina Franco Soto,40,9
gh-31317698665,2026-08-09T09:10:43-05:00,1000013-B,CLASE TEORICA,(4) Grupo 4,Diana Carolina Franco Soto,40,9
gh-31317698665,2026-08-09T09:10:43-05:00,1000013-B,CLASE TEORICA,(5) Grupo 5,Darwin Eduardo Martínez Riaño,35,9
gh-31317698665,2026-08-09T09:10:43-05:00,1000013-B,CLASE TEORICA,(6) Grupo 6,Darwin Eduardo Martínez Riaño,35,9
gh-31317698665,2026-08-09T09:10:43-05:00,1000013-B,CLASE TEORICA,(7) Grupo 7,Camilo Jose Torres Jimenez,40,9
gh-31320087122,2026-08-09T10:03:59-05:00,2015938,CLASE TEORICA,(1) Grupo 1,Maria Alejandra Caicedo Londoño,25,0
gh-31320087122,2026-08-09T10:03:59-05:00,2015938,CLASE TEORICA,(2) Grupo 2,Maria Alejandra Caicedo Londoño,25,0
gh-31320087122,2026-08-09T10:03:59-05:00,2015938,CLASE TEORICA,(3) Grupo 3,JOSE LUIS DIAZ AREVALO,25,0
gh-31320087122,2026-08-09T10:03:59-05:00,2015938,CLASE TEORICA,(4) Grupo 4,JOSE LUIS DIAZ AREVALO,24,0
gh-31320087122,2026-08-09T10:04:01-05:00,2015939,CLASE TEORICA,(1) Grupo 1,ALVARO MARTIN GUTIERREZ MALAXECHEBARRIA,25,1
gh-31320087122,2026-08-09T10:04:01-05:00,2015939,CLASE TEORICA,(2) Grupo 2,ALVARO MARTIN GUTIERREZ MALAXECHEBARRIA,25,1
gh-31320087122,2026-08-09T10:04:01-05:00,2015939,CLASE TEORICA,(3) Grupo 3,Edder Alexander Velandia Duran,25,1
gh-31320087122,2026-08-09T10:04:01-05:00,2015939,CLASE TEORICA,(4) Grupo 4,No informado,25,1
gh-31320087122,2026-08-09T10:04:03-05:00,1000003-B,NA,(1) Grupo 1,Erika Lorena Rosero Alzate; Oscar Andrés Rojas Sepúlveda,0,-1
gh-31320087122,2026-08-09T10:04:03-05:00,1000003-B,NA,(10) Grupo 10,Epifanio Lozano Ayala,14,-1
gh-31320087122,2026-08-09T10:04:03-05:00,1000003-B,NA,(11) Grupo 11,No informado,60,-1
gh-31320087122,2026-08-09T10:04:03-05:00,1000003-B,NA,(12) Grupo 12,No informado,40,-1
gh-31320087122,2026-08-09T10:04:03-05:00,1000003-B,NA,(13) Grupo 13,Mohammed EL AIDI,40,-1
gh-31320087122,2026-08-09T10:04:03-05:00,1000003-B,NA,(15) Grupo 15,Myriam Leonor Campos Florez,60,-1
gh-31320087122,2026-08-09T10:04:03-05:00,1000003-B,NA,(16) Grupo 16,No informado,60,-1
gh-31320087122,2026-08-09T10:04:03-05:00,1000003-B,NA,(17) Grupo 17,Martha Cecilia Moreno Penagos,40,-1
gh-31320087122,2026-08-09T10:04:03-05:00,1000003-B,NA,(18) Grupo 18,John Alexander Cruz Morales,52,-1
gh-31320087122,2026-08-09T10:04:03-05:00,1000003-B,NA,(20) Grupo 20,Natalia Camila Pinzon Cortes,60,-1
gh-31320087122,2026-08-09T10:04:03-05:00,1000003-B,NA,(21) Grupo 21,Ivon Andrea Dorado Correa,52,-1
gh-31320087122,2026-08-09T10:04:03-05:00,1000003-B,NA,(22) Grupo 22,No informado,46,-1
gh-31320087122,2026-08-09T10:04:03-05:00,1000003-B,NA,(3) Grupo 3,No informado,60,-1
gh-31320087122,2026-08-09T10:04:03-05:00,1000003-B,NA,(4) Grupo 4,Luis Alejandro Barbosa Torres,112,-1
gh-31320087122,2026-08-09T10:04:03-05:00,1000003-B,NA,(5) Grupo 5,Jaime David Mora Paz,60,-1
gh-31320087122,2026-08-09T10:04:03-05:00,1000003-B,NA,(7) Grupo 7,Myriam Leonor Campos Florez,40,-1
gh-31320087122,2026-08-09T10:04:03-05:00,1000003-B,NA,(8) Grupo 8,No informado,10,-1
gh-31320087122,2026-08-09T10:04:04-05:00,2015940,CLASE TEORICA,(1) Grupo 1,Maritzabel Molina Herrera,24,3
gh-31320087122,2026-08-09T10:04:04-05:00,2015940,CLASE TEORICA,(2) Grupo 2,Gabriel Andres Bernal Granados,24,3
gh-31320087122,2026-08-09T10:04:04-05:00,2015940,CLASE TEORICA,(3) Grupo 3,No informado,24,3
gh-31320087122,2026-08-09T10:04:05-05:00,2015941,CLASE TEORICA,(1) Grupo 1,Patricia Luna Tamayo,30,4
gh-31320087122,2026-08-09T10:04:05-05:00,2015941,CLASE TEORICA,(2) Grupo 2,No informado,30,4
gh-31320087122,2026-08-09T10:04:05-05:00,2015941,CLASE TEORICA,(3) Grupo 3,Carlos Ramiro Vallecilla Bahena,30,4
gh-31320087122,2026-08-09T10:04:05-05:00,2015941,CLASE TEORICA,(4) Grupo 4,No informado,30,4
gh-31320087122,2026-08-09T10:04:07-05:00,1000004-B,NA,(10) Grupo 10,No informado,53,5
gh-31320087122,2026-08-09T10:04:07-05:00,1000004-B,NA,(11) Grupo 11,No informado,24,5
gh-31320087122,2026-08-09T10:04:07-05:00,1000004-B,NA,(12) Grupo 12,No informado,24,5
gh-31320087122,2026-08-09T10:04:07-05:00,1000004-B,NA,(13) Grupo 13,No informado,16,5
gh-31320087122,2026-08-09T10:04:07-05:00,1000004-B,NA,(14) Grupo 14,No informado,90,5
gh-31320087122,2026-08-09T10:04:07-05:00,1000004-B,NA,(16) Grupo 16,No informado,27,5
gh-31320087122,2026-08-09T10:04:07-05:00,1000004-B,NA,(17) Grupo 17,Hernan Garzon Gutierrez,39,5
gh-31320087122,2026-08-09T10:04:07-05:00,1000004-B,NA,(19) Grupo 19,No informado,59,5
gh-31320087122,2026-08-09T10:04:07-05:00,1000004-B,NA,(2) Grupo 2,No informado,24,5
gh-31320087122,2026-08-09T10:04:07-05:00,1000004-B,NA,(20) Grupo 20,Hernan Garzon Gutierrez,10,5
gh-31320087122,2026-08-09T10:04:07-05:00,1000004-B,NA,(21) Grupo 21,No informado,60,5
gh-31320087122,2026-08-09T10:04:07-05:00,1000004-B,NA,(22) Grupo 22,No informado,60,5
gh-31320087122,2026-08-09T10:04:07-05:00,1000004-B,NA,(24) Grupo 24,Ricardo Ariel Pastran Ramirez,60,5
gh-31320087122,2026-08-09T10:04:07-05:00,1000004-B,NA,(25) Grupo 25,No informado,40,5
gh-31320087122,2026-08-09T10:04:07-05:00,1000004-B,NA,(27) Grupo 27,No informado,51,5
gh-31320087122,2026-08-09T10:04:07-05:00,1000004-B,NA,(28) Grupo 28,No informado,60,5
gh-31320087122,2026-08-09T10:04:07-05:00,1000004-B,NA,(29) Grupo 29,No informado,60,5
gh-31320087122,2026-08-09T10:04:07-05:00,1000004-B,NA,(30) Grupo 30,No informado,60,5
gh-31320087122,2026-08-09T10:04:07-05:00,1000004-B,NA,(32) Grupo 32,No informado,90,5
gh-31320087122,2026-08-09T10:04:07-05:00,1000004-B,NA,(4) Grupo 4,Myriam Leonor Campos Florez,37,5
gh-31320087122,2026-08-09T10:04:07-05:00,1000004-B,NA,(5) Grupo 5,Oscar Javier Lopez Alfonso,84,5
gh-31320087122,2026-08-09T10:04:07-05:00,1000004-B,NA,(7) Grupo 7,Anderson Arley Vera Arboleda,64,5
gh-31320087122,2026-08-09T10:04:07-05:00,1000004-B,NA,(8) Grupo 8,No informado,40,5
gh-31320087122,2026-08-09T10:04:07-05:00,1000004-B,NA,(9) Grupo 9,No informado,18,5
gh-31320087122,2026-08-09T10:04:09-05:00,1000006-B,NA,(1) Grupo 1,No informado,40,6
gh-31320087122,2026-08-09T10:04:09-05:00,1000006-B,NA,(10) Grupo 10,No informado,100,6
gh-31320087122,2026-08-09T10:04:09-05:00,1000006-B,NA,(11) Grupo 11,No informado,40,6
gh-31320087122,2026-08-09T10:04:09-05:00,1000006-B,NA,(12) Grupo 12,Leonid Lebedev,60,6
gh-31320087122,2026-08-09T10:04:09-05:00,1000006-B,NA,(13) Grupo 13,Juan Carlos Hernandez Rincon,40,6
gh-31320087122,2026-08-09T10:04:09-05:00,1000006-B,NA,(14) Grupo 14,No informado,60,6
gh-31320087122,2026-08-09T10:04:09-05:00,1000006-B,NA,(15) Grupo 15,No informado,112,6
gh-31320087122,2026-08-09T10:04:09-05:00,1000006-B,NA,(2) Grupo 2,EDIXON MANUEL ROJAS SANTANA,40,6
gh-31320087122,2026-08-09T10:04:09-05:00,1000006-B,NA,(3) Grupo 3,Cesar Augusto Gomez Sierra,40,6
gh-31320087122,2026-08-09T10:04:09-05:00,1000006-B,NA,(4) Grupo 4,Agustin Moreno Canadas,100,6
gh-31320087122,2026-08-09T10:04:09-05:00,1000006-B,NA,(5) Grupo 5,German Eduardo Fonseca Buitrago,40,6
gh-31320087122,2026-08-09T10:04:09-05:00,1000006-B,NA,(7) Grupo 7,No informado,70,6
gh-31320087122,2026-08-09T10:04:09-05:00,1000006-B,NA,(8) Grupo 8,Epifanio Lozano Ayala,60,6
gh-31320087122,2026-08-09T10:04:09-05:00,1000006-B,NA,(9) Grupo 9,Orlando Vanegas Canro,0,6
gh-31320087122,2026-08-09T10:04:10-05:00,1000005-B,NA,(1) Grupo 1,Orlando Vanegas Canro,0,7
gh-31320087122,2026-08-09T10:04:10-05:00,1000005-B,NA,(10) Grupo 10,Epifanio Lozano Ayala,50,7
gh-31320087122,2026-08-09T10:04:10-05:00,1000005-B,NA,(14) Grupo 14,Mohammed EL AIDI,40,7
gh-31320087122,2026-08-09T10:04:10-05:00,1000005-B,NA,(15) Grupo 15,Alina Fedosova,60,7
gh-31320087122,2026-08-09T10:04:10-05:00,1000005-B,NA,(16) Grupo 16,No informado,70,7
gh-31320087122,2026-08-09T10:04:10-05:00,1000005-B,NA,(17) Grupo 17,Hernan Garzon Gutierrez,40,7
gh-31320087122,2026-08-09T10:04:10-05:00,1000005-B,NA,(2) Grupo 2,RENE ERLIN CASTILLO,60,7
gh-31320087122,2026-08-09T10:04:10-05:00,1000005-B,NA,(20) Grupo 20,Franqui Solis Cardenas Poloche,40,7
gh-31320087122,2026-08-09T10:04:10-05:00,1000005-B,NA,(22) Grupo 22,No informado,60,7
gh-31320087122,2026-08-09T10:04:10-05:00,1000005-B,NA,(3) Grupo 3,Eduardo Cardenas Gomez,70,7
gh-31320087122,2026-08-09T10:04:10-05:00,1000005-B,NA,(4) Grupo 4,Edward Samuel Becerra Rojas,60,7
gh-31320087122,2026-08-09T10:04:10-05:00,1000005-B,NA,(6) Grupo 6,No informado,60,7
gh-31320087122,2026-08-09T10:04:10-05:00,1000005-B,NA,(7) Grupo 7,Franqui Solis Cardenas Poloche,100,7
gh-31320087122,2026-08-09T10:04:10-05:00,1000005-B,NA,(8) Grupo 8,No informado,40,7
gh-31320087122,2026-08-09T10:04:10-05:00,1000005-B,NA,(9) Grupo 9,No informado,10,7
gh-31320087122,2026-08-09T10:04:12-05:00,2015943,CLASE TEORICA,(1) Grupo 1,Carlos Orlando Robles Roa,15,9
gh-31320087122,2026-08-09T10:04:14-05:00,2015944,CLASE TEORICA,(1) Grupo 1,SANTIAGO RAMIREZ ECHEVERRI,15,10
gh-31320087122,2026-08-09T10:04:15-05:00,2015711,NA,(10) 2015711-10 Dibujo básico,Ariel Augusto Amaya Avila,0,11
gh-31320087122,2026-08-09T10:04:15-05:00,2015711,NA,(11) 2015711-11 Dibujo básico,Cesar Augusto Bacca Gonzalez,0,11
gh-31320087122,2026-08-09T10:04:15-05:00,2015711,NA,(14) 2015711-14 Dibujo básico,Cristian Felipe Morales Suárez,0,11
gh-31320087122,2026-08-09T10:04:15-05:00,2015711,NA,(16) 2015711-16 Dibujo básico,DAVID FELIPE TORRES ARCE,0,11
gh-31320087122,2026-08-09T10:04:15-05:00,2015711,NA,(4) 2015711-4 Dibujo básico,Cristian Felipe Morales Suárez,9,11
gh-31320087122,2026-08-09T10:04:15-05:00,2015711,NA,(5) 2015711-5 Dibujo básico,Sebastian Achury Ortiz,0,11
gh-31320087122,2026-08-09T10:04:15-05:00,2015711,NA,(7) 2015711-7 Dibujo básico,Cesar Augusto Bacca Gonzalez,20,11
gh-31320087122,2026-08-09T10:04:15-05:00,2015711,NA,(8) 2015711-8 Dibujo básico,Miguel Angel Baquero Cortes,0,11
gh-31320087122,2026-08-09T10:04:15-05:00,2015711,NA,(9) 2015711-9 Dibujo básico,EDWIN CAMILO REINA BELTRAN,0,11
gh-31320087122,2026-08-09T10:04:17-05:00,2015948,CLASE TEORICA,(1) Grupo 1,No informado,30,12
gh-31320087122,2026-08-09T10:04:17-05:00,2015948,CLASE TEORICA,(2) Grupo 2,Mauricio Alberto Tapias Camacho,30,12
gh-31320087122,2026-08-09T10:04:17-05:00,2015948,CLASE TEORICA,(3) Grupo 3,No informado,30,12
gh-31320087122,2026-08-09T10:04:18-05:00,2015950,CLASE TEORICA,(1) Grupo 1,No informado,25,13
gh-31320087122,2026-08-09T10:04:18-05:00,2015950,CLASE TEORICA,(2) Grupo 2,No informado,0,13
gh-31320087122,2026-08-09T10:04:18-05:00,2015950,CLASE TEORICA,(3) Grupo 3,Daniel Ricardo Lozano Monsalve,25,13
gh-31320087122,2026-08-09T10:04:18-05:00,2015950,CLASE TEORICA,(4) Grupo 4,No informado,25,13
gh-31320087122,2026-08-09T10:04:18-05:00,2015950,CLASE TEORICA,(5) Grupo 5,No informado,25,13
gh-31320087122,2026-08-09T10:04:20-05:00,2015949,CLASE TEORICA,(1) Grupo 1,Mario Javier Cardozo Chaux,30,14
gh-31320087122,2026-08-09T10:04:20-05:00,2015949,CLASE TEORICA,(2) Grupo 2,Wilson Ernesto Vargas Vargas,30,14
gh-31320087122,2026-08-09T10:04:20-05:00,2015949,CLASE TEORICA,(3) Grupo 3,No informado,30,14
gh-31320087122,2026-08-09T10:04:21-05:00,1000007-B,NA,(1) Grupo 1,German Eduardo Fonseca Buitrago,60,15
gh-31320087122,2026-08-09T10:04:21-05:00,1000007-B,NA,(11) Grupo 11,Leonid Lebedev,60,15
gh-31320087122,2026-08-09T10:04:21-05:00,1000007-B,NA,(12) Grupo 12,No informado,60,15
gh-31320087122,2026-08-09T10:04:21-05:00,1000007-B,NA,(13) Grupo 13,Omar Duque Gomez,40,15
gh-31320087122,2026-08-09T10:04:21-05:00,1000007-B,NA,(14) Grupo 14,No informado,100,15
gh-31320087122,2026-08-09T10:04:21-05:00,1000007-B,NA,(3) Grupo 3,Serafin Bautista Diaz,40,15
gh-31320087122,2026-08-09T10:04:21-05:00,1000007-B,NA,(4) Grupo 4,EDIXON MANUEL ROJAS SANTANA,60,15
gh-31320087122,2026-08-09T10:04:21-05:00,1000007-B,NA,(6) Grupo 6,Alexander Caviedes Castro,50,15
gh-31320087122,2026-08-09T10:04:21-05:00,1000007-B,NA,(7) Grupo 7,Oscar Guillermo Riaño Castañeda,40,15
gh-31320087122,2026-08-09T10:04:21-05:00,1000007-B,NA,(9) Grupo 9,Orlando Vanegas Canro,0,15
gh-31320087122,2026-08-09T10:04:23-05:00,2026134,CLASE TEORICA,(1) Grupo 1,No informado,0,16
gh-31320087122,2026-08-09T10:04:23-05:00,2026134,CLASE TEORICA,(2) Grupo 2,Juan Manuel Lizarazo Marriaga,30,16
gh-31320087122,2026-08-09T10:04:23-05:00,2026134,CLASE TEORICA,(3) Grupo 3,Maritzabel Molina Herrera,30,16
gh-31320087122,2026-08-09T10:04:23-05:00,2026134,CLASE TEORICA,(4) Grupo 4,Carlos Ramiro Vallecilla Bahena,30,16
gh-31320087122,2026-08-09T10:04:23-05:00,2026134,CLASE TEORICA,(5) Grupo 5,Fernando Lozano Osorno,30,16
gh-31320087122,2026-08-09T10:04:23-05:00,2026134,CLASE TEORICA,(6) Grupo 6,No informado,30,16
gh-31320087122,2026-08-09T10:04:24-05:00,2015954,CLASE TEORICA,(1) Grupo 1,Erasmo Alfredo Rodriguez Sandoval,30,17
gh-31320087122,2026-08-09T10:04:24-05:00,2015954,CLASE TEORICA,(2) Grupo 2,Mario Enrique Moreno Castiblanco,30,17
gh-31320087122,2026-08-09T10:04:24-05:00,2015954,CLASE TEORICA,(3) Grupo 3,Luis Alejandro Morales Marin,30,17
gh-31320087122,2026-08-09T10:04:25-05:00,2015955,CLASE TEORICA,(1) Grupo 1,Giovanni Andres Cortes Tovar,30,18
gh-31320087122,2026-08-09T10:04:25-05:00,2015955,CLASE TEORICA,(2) Grupo 2,Angela Barrera Puerto,30,18
gh-31320087122,2026-08-09T10:04:25-05:00,2015955,CLASE TEORICA,(3) Grupo 3,Giovanni Andres Cortes Tovar,30,18
gh-31320087122,2026-08-09T10:04:26-05:00,1000011-B,CLASE TEORICA,(1) Grupo 1,Ernesto Javier Puertas Dellepianes,118,19
gh-31320087122,2026-08-09T10:04:26-05:00,1000011-B,CLASE TEORICA,(3) Grupo 3,Néstor Fernando Perez Buitrago,12,19
gh-31320087122,2026-08-09T10:04:29-05:00,1000019-B,CLASE LABORATORIO,(1) Grupo 1,Gustavo Martinez Tamayo,35,20
gh-31320087122,2026-08-09T10:04:29-05:00,1000019-B,CLASE TALLER,(1) Grupo 1,FABIAN FELIPE QUEVEDO FARIETA,35,20
gh-31320087122,2026-08-09T10:04:29-05:00,1000019-B,CLASE MAGISTRAL,(1) Grupo 1,Gustavo Martinez Tamayo,35,20
gh-31320087122,2026-08-09T10:04:29-05:00,1000019-B,CLASE LABORATORIO,(10) Grupo 10,LUIS AGULLES PEDROS,35,20
gh-31320087122,2026-08-09T10:04:29-05:00,1000019-B,CLASE TALLER,(10) Grupo 10,Jhon Morales Aponte,35,20
gh-31320087122,2026-08-09T10:04:29-05:00,1000019-B,CLASE MAGISTRAL,(10) Grupo 10,Ovidio Amado Almanza Montero,35,20
gh-31320087122,2026-08-09T10:04:29-05:00,1000019-B,CLASE LABORATORIO,(11) Grupo 11,EVER DAVID ALCALA CAJAR,35,20
gh-31320087122,2026-08-09T10:04:29-05:00,1000019-B,CLASE TALLER,(11) Grupo 11,JULIAN MATEO DE MENDOZA GUTIERREZ,35,20
gh-31320087122,2026-08-09T10:04:29-05:00,1000019-B,CLASE MAGISTRAL,(11) Grupo 11,Ovidio Amado Almanza Montero,35,20
gh-31320087122,2026-08-09T10:04:29-05:00,1000019-B,CLASE LABORATORIO,(12) Grupo 12,FABIAN FELIPE QUEVEDO FARIETA,35,20
gh-31320087122,2026-08-09T10:04:29-05:00,1000019-B,CLASE TALLER,(12) Grupo 12,EVER DAVID ALCALA CAJAR,35,20
gh-31320087122,2026-08-09T10:04:29-05:00,1000019-B,CLASE MAGISTRAL,(12) Grupo 12,Ovidio Amado Almanza Montero,35,20
gh-31320087122,2026-08-09T10:04:29-05:00,1000019-B,CLASE LABORATORIO,(13) Grupo 13,Alvaro Marino Camargo,35,20
gh-31320087122,2026-08-09T10:04:29-05:00,1000019-B,CLASE TALLER,(13) Grupo 13,MIGUEL ENRIQUE GÁMEZ LÓPEZ,35,20
gh-31320087122,2026-08-09T10:04:29-05:00,1000019-B,CLASE MAGISTRAL,(13) Grupo 13,Alvaro Marino Camargo,35,20
gh-31320087122,2026-08-09T10:04:29-05:00,1000019-B,CLASE LABORATORIO,(14) Grupo 14,Alvaro Marino Camargo,35,20
gh-31320087122,2026-08-09T10:04:29-05:00,1000019-B,CLASE TALLER,(14) Grupo 14,No informado,35,20
gh-31320087122,2026-08-09T10:04:29-05:00,1000019-B,CLASE MAGISTRAL,(14) Grupo 14,Alvaro Marino Camargo,35,20
gh-31320087122,2026-08-09T10:04:29-05:00,1000019-B,CLASE LABORATORIO,(15) Grupo 15,JULIAN MATEO DE MENDOZA GUTIERREZ,32,20
gh-31320087122,2026-08-09T10:04:29-05:00,1000019-B,CLASE TALLER,(15) Grupo 15,EVER DAVID ALCALA CAJAR,32,20
gh-31320087122,2026-08-09T10:04:29-05:00,1000019-B,CLASE MAGISTRAL,(15) Grupo 15,Alvaro Marino Camargo,32,20
gh-31320087122,2026-08-09T10:04:29-05:00,1000019-B,CLASE MAGISTRAL,(16) Gruop 16,Erika Lorena Rosero Alzate; Daniel Camilo Padilla González,8,20
gh-31320087122,2026-08-09T10:04:29-05:00,1000019-B,CLASE LABORATORIO,(16) Grupo 16,Alvaro Marino Camargo,35,20
gh-31320087122,2026-08-09T10:04:29-05:00,1000019-B,CLASE TALLER,(16) Grupo 16,Edna Carolina Pinilla Beltran,35,20
gh-31320087122,2026-08-09T10:04:29-05:00,1000019-B,CLASE LABORATORIO,(17) Grupo 17,JULIAN MATEO DE MENDOZA GUTIERREZ,34,20
gh-31320087122,2026-08-09T10:04:29-05:00,1000019-B,CLASE TALLER,(17) Grupo 17,Jereson Silva Valencia,34,20
gh-31320087122,2026-08-09T10:04:29-05:00,1000019-B,CLASE MAGISTRAL,(17) Grupo 17,Jereson Silva Valencia,34,20
gh-31320087122,2026-08-09T10:04:29-05:00,1000019-B,CLASE LABORATORIO,(18) Grupo 18,Jaime Villalobos Velasco,34,20
gh-31320087122,2026-08-09T10:04:29-05:00,1000019-B,CLASE TALLER,(18) Grupo 18,Jereson Silva Valencia,34,20
gh-31320087122,2026-08-09T10:04:29-05:00,1000019-B,CLASE MAGISTRAL,(18) Grupo 18,Jereson Silva Valencia,34,20
gh-31320087122,2026-08-09T10:04:29-05:00,1000019-B,CLASE LABORATORIO,(19) Grupo 19,JULY PAOLA GARZÓN LOPEZ,32,20
gh-31320087122,2026-08-09T10:04:29-05:00,1000019-B,CLASE TALLER,(19) Grupo 19,Jereson Silva Valencia,32,20
gh-31320087122,2026-08-09T10:04:29-05:00,1000019-B,CLASE MAGISTRAL,(19) Grupo 19,Jereson Silva Valencia,32,20
gh-31320087122,2026-08-09T10:04:29-05:00,1000019-B,CLASE LABORATORIO,(2) Grupo 2,Gustavo Martinez Tamayo,35,20
gh-31320087122,2026-08-09T10:04:29-05:00,1000019-B,CLASE TALLER,(2) Grupo 2,Gustavo Martinez Tamayo,35,20
gh-31320087122,2026-08-09T10:04:29-05:00,1000019-B,CLASE MAGISTRAL,(2) Grupo 2,Gustavo Martinez Tamayo,35,20
gh-31320087122,2026-08-09T10:04:29-05:00,1000019-B,CLASE LABORATORIO,(20) Grupo 20,JOSE ALFREDO GOMEZ MATEUS,35,20
gh-31320087122,2026-08-09T10:04:29-05:00,1000019-B,CLASE TALLER,(20) Grupo 20,Jereson Silva Valencia,35,20
gh-31320087122,2026-08-09T10:04:29-05:00,1000019-B,CLASE MAGISTRAL,(20) Grupo 20,Jereson Silva Valencia,35,20
gh-31320087122,2026-08-09T10:04:29-05:00,1000019-B,CLASE LABORATORIO,(21) Grupo 21,Pedro Hernan Sanchez Machet,35,20
gh-31320087122,2026-08-09T10:04:29-05:00,1000019-B,CLASE TALLER,(21) Grupo 21,JOSE ALFREDO GOMEZ MATEUS,35,20
gh-31320087122,2026-08-09T10:04:29-05:00,1000019-B,CLASE MAGISTRAL,(21) Grupo 21,Diego Alejandro Torres Galindo,35,20
gh-31320087122,2026-08-09T10:04:29-05:00,1000019-B,CLASE LABORATORIO,(22) Grupo 22,Pedro Hernan Sanchez Machet,35,20
gh-31320087122,2026-08-09T10:04:29-05:00,1000019-B,CLASE TALLER,(22) Grupo 22,JULY PAOLA GARZÓN LOPEZ,35,20
gh-31320087122,2026-08-09T10:04:29-05:00,1000019-B,CLASE MAGISTRAL,(22) Grupo 22,Diego Alejandro Torres Galindo,35,20
gh-31320087122,2026-08-09T10:04:29-05:00,1000019-B,CLASE LABORATORIO,(23) Grupo 23,Pedro Hernan Sanchez Machet,35,20
gh-31320087122,2026-08-09T10:04:29-05:00,1000019-B,CLASE TALLER,(23) Grupo 23,Edna Carolina Pinilla Beltran,35,20
gh-31320087122,2026-08-09T10:04:29-05:00,1000019-B,CLASE MAGISTRAL,(23) Grupo 23,Diego Alejandro Torres Galindo,35,20
gh-31320087122,2026-08-09T10:04:29-05:00,1000019-B,CLASE LABORATORIO,(24) Grupo 24,Pedro Hernan Sanchez Machet,35,20
gh-31320087122,2026-08-09T10:04:29-05:00,1000019-B,CLASE TALLER,(24) Grupo 24,Diego Alejandro Torres Galindo,35,20
gh-31320087122,2026-08-09T10:04:29-05:00,1000019-B,CLASE MAGISTRAL,(24) Grupo 24,Diego Alejandro Torres Galindo,35,20
gh-31320087122,2026-08-09T10:04:29-05:00,1000019-B,CLASE LABORATORIO,(25) Grupo 25,Plinio Del Carmen Teheran Sermeno,45,20
gh-31320087122,2026-08-09T10:04:29-05:00,1000019-B,CLASE TALLER,(25) Grupo 25,Plinio Del Carmen Teheran Sermeno,45,20
gh-31320087122,2026-08-09T10:04:29-05:00,1000019-B,CLASE MAGISTRAL,(25) Grupo 25,Plinio Del Carmen Teheran Sermeno,45,20
gh-31320087122,2026-08-09T10:04:29-05:00,1000019-B,CLASE LABORATORIO,(26) Grupo 26 (VIRTUAL),Plinio Del Carmen Teheran Sermeno,50,20
gh-31320087122,2026-08-09T10:04:29-05:00,1000019-B,CLASE TALLER,(26) Grupo 26 (VIRTUAL),Plinio Del Carmen Teheran Sermeno,50,20
gh-31320087122,2026-08-09T10:04:29-05:00,1000019-B,CLASE MAGISTRAL,(26) Grupo 26 (VIRTUAL),Plinio Del Carmen Teheran Sermeno,50,20
gh-31320087122,2026-08-09T10:04:29-05:00,1000019-B,CLASE LABORATORIO,(27) Grupo 27 (VIRTUAL),Plinio Del Carmen Teheran Sermeno,50,20
gh-31320087122,2026-08-09T10:04:29-05:00,1000019-B,CLASE TALLER,(27) Grupo 27 (VIRTUAL),Plinio Del Carmen Teheran Sermeno,50,20
gh-31320087122,2026-08-09T10:04:29-05:00,1000019-B,CLASE MAGISTRAL,(27) Grupo 27 (VIRTUAL),Plinio Del Carmen Teheran Sermeno,50,20
gh-31320087122,2026-08-09T10:04:29-05:00,1000019-B,CLASE LABORATORIO,(28) Grupo 28 (VIRTUAL),Plinio Del Carmen Teheran Sermeno,50,20
gh-31320087122,2026-08-09T10:04:29-05:00,1000019-B,CLASE TALLER,(28) Grupo 28 (VIRTUAL),Plinio Del Carmen Teheran Sermeno,50,20
gh-31320087122,2026-08-09T10:04:29-05:00,1000019-B,CLASE MAGISTRAL,(28) Grupo 28 (VIRTUAL),Plinio Del Carmen Teheran Sermeno,50,20
gh-31320087122,2026-08-09T10:04:29-05:00,1000019-B,CLASE LABORATORIO,(29) Grupo 29 (VIRTUAL),Plinio Del Carmen Teheran Sermeno,50,20
gh-31320087122,2026-08-09T10:04:29-05:00,1000019-B,CLASE TALLER,(29) Grupo 29 (VIRTUAL),Plinio Del Carmen Teheran Sermeno,50,20
gh-31320087122,2026-08-09T10:04:29-05:00,1000019-B,CLASE MAGISTRAL,(29) Grupo 29 (VIRTUAL),Plinio Del Carmen Teheran Sermeno,50,20
gh-31320087122,2026-08-09T10:04:29-05:00,1000019-B,CLASE LABORATORIO,(3) Grupo 3,Gustavo Martinez Tamayo,35,20
gh-31320087122,2026-08-09T10:04:29-05:00,1000019-B,CLASE TALLER,(3) Grupo 3,Gustavo Martinez Tamayo,35,20
gh-31320087122,2026-08-09T10:04:29-05:00,1000019-B,CLASE MAGISTRAL,(3) Grupo 3,Gustavo Martinez Tamayo,35,20
gh-31320087122,2026-08-09T10:04:29-05:00,1000019-B,CLASE LABORATORIO,(4) Grupo 4,No informado,35,20
gh-31320087122,2026-08-09T10:04:29-05:00,1000019-B,CLASE TALLER,(4) Grupo 4,Jaime Villalobos Velasco,35,20
gh-31320087122,2026-08-09T10:04:29-05:00,1000019-B,CLASE MAGISTRAL,(4) Grupo 4,Gustavo Martinez Tamayo,35,20
gh-31320087122,2026-08-09T10:04:29-05:00,1000019-B,CLASE LABORATORIO,(5) Grupo 5,FABIAN FELIPE QUEVEDO FARIETA,35,20
gh-31320087122,2026-08-09T10:04:29-05:00,1000019-B,CLASE TALLER,(5) Grupo 5,Jaime Villalobos Velasco,35,20
gh-31320087122,2026-08-09T10:04:29-05:00,1000019-B,CLASE MAGISTRAL,(5) Grupo 5,Ramiro Cardona Cardona,35,20
gh-31320087122,2026-08-09T10:04:29-05:00,1000019-B,CLASE LABORATORIO,(6) Grupo 6,Jaime Villalobos Velasco,35,20
gh-31320087122,2026-08-09T10:04:29-05:00,1000019-B,CLASE TALLER,(6) Grupo 6,Ramiro Cardona Cardona,35,20
gh-31320087122,2026-08-09T10:04:29-05:00,1000019-B,CLASE MAGISTRAL,(6) Grupo 6,Ramiro Cardona Cardona,35,20
gh-31320087122,2026-08-09T10:04:29-05:00,1000019-B,CLASE LABORATORIO,(7) Grupo 7,Jaime Villalobos Velasco,35,20
gh-31320087122,2026-08-09T10:04:29-05:00,1000019-B,CLASE TALLER,(7) Grupo 7,Ramiro Cardona Cardona,35,20
gh-31320087122,2026-08-09T10:04:29-05:00,1000019-B,CLASE MAGISTRAL,(7) Grupo 7,Ramiro Cardona Cardona,35,20
gh-31320087122,2026-08-09T10:04:29-05:00,1000019-B,CLASE LABORATORIO,(8) Grupo 8,Jaime Villalobos Velasco,35,20
gh-31320087122,2026-08-09T10:04:29-05:00,1000019-B,CLASE TALLER,(8) Grupo 8,Edna Carolina Pinilla Beltran,35,20
gh-31320087122,2026-08-09T10:04:29-05:00,1000019-B,CLASE MAGISTRAL,(8) Grupo 8,Ramiro Cardona Cardona,35,20
gh-31320087122,2026-08-09T10:04:29-05:00,1000019-B,CLASE LABORATORIO,(9) Grupo 9,Erika Lorena Rosero Alzate,0,20
gh-31320087122,2026-08-09T10:04:29-05:00,1000019-B,CLASE TALLER,(9) Grupo 9,No informado,10,20
gh-31320087122,2026-08-09T10:04:29-05:00,1000019-B,CLASE MAGISTRAL,(9) Grupo 9,Fredy Angel Jimenez Giraldo,10,20
gh-31320087122,2026-08-09T10:04:31-05:00,2015956,CLASE TEORICA,(1) Grupo 1,Modesto Portilla Gamboa; Fernando Eli Romero Ordoñez,35,21
gh-31320087122,2026-08-09T10:04:31-05:00,2015956,CLASE TEORICA,(2) Grupo 2,Jennifer Angel Amaya,30,21
gh-31320087122,2026-08-09T10:04:31-05:00,2015956,CLASE TEORICA,(3) Grupo 3,Jennifer Angel Amaya,30,21
gh-31320087122,2026-08-09T10:04:31-05:00,2015956,CLASE TEORICA,(4) Grupo 4,Fernando Eli Romero Ordoñez; Modesto Portilla Gamboa,35,21
gh-31320087122,2026-08-09T10:04:32-05:00,2015957,CLASE PRACTICA,(1) Grupo 1,No informado,30,22
gh-31320087122,2026-08-09T10:04:32-05:00,2015957,CLASE PRACTICA,(2) Grupo 2,Samuel Fernando Mesa Giraldo,30,22
gh-31320087122,2026-08-09T10:04:32-05:00,2015957,CLASE PRACTICA,(3) Grupo 3,Rose Marie Aldana Boutin,30,22
gh-31320087122,2026-08-09T10:04:32-05:00,2015957,CLASE PRACTICA,(4) Grupo 4,Rose Marie Aldana Boutin,30,22
gh-31320087122,2026-08-09T10:04:33-05:00,2015958,CLASE PRACTICA,(1) Grupo 1,William Castro Garcia,20,23
gh-31320087122,2026-08-09T10:04:33-05:00,2015958,CLASE TEORICA,(1) Grupo 1,William Castro Garcia,40,23
gh-31320087122,2026-08-09T10:04:33-05:00,2015958,CLASE PRACTICA,(2) Grupo 2,William Castro Garcia,20,23
gh-31320087122,2026-08-09T10:04:33-05:00,2015958,CLASE PRACTICA,(3) Grupo 3,Carlos Alfonso Gomez Guacaneme,30,23
gh-31320087122,2026-08-09T10:04:33-05:00,2015958,CLASE TEORICA,(3) Grupo 3,Carlos Alfonso Gomez Guacaneme,30,23
gh-31320087122,2026-08-09T10:04:33-05:00,2015958,CLASE PRACTICA,(4) Grupo 4,Mario Arturo Rincon Villalba,20,23
gh-31320087122,2026-08-09T10:04:33-05:00,2015958,CLASE TEORICA,(4) Grupo 4,Mario Arturo Rincon Villalba,40,23
gh-31320087122,2026-08-09T10:04:33-05:00,2015958,CLASE PRACTICA,(5) Grupo 5,Mario Arturo Rincon Villalba,20,23
gh-31320087122,2026-08-09T10:04:33-05:00,2015958,CLASE PRACTICA,(6) Grupo 6,Fausto Alejandro Silva España,20,23
gh-31320087122,2026-08-09T10:04:33-05:00,2015958,CLASE TEORICA,(6) Grupo 6,Cesar Andres Cortes Bello,40,23
gh-31320087122,2026-08-09T10:04:33-05:00,2015958,CLASE PRACTICA,(7) Grupo 7,Fausto Alejandro Silva España,20,23
gh-31320087122,2026-08-09T10:04:33-05:00,2015958,CLASE PRACTICA,(8) Grupo 8,Fausto Alejandro Silva España,20,23
gh-31320087122,2026-08-09T10:04:33-05:00,2015958,CLASE TEORICA,(8) Grupo 8,Cesar Andres Cortes Bello,40,23
gh-31320087122,2026-08-09T10:04:33-05:00,2015958,CLASE PRACTICA,(9) Grupo 9,Fausto Alejandro Silva España,20,23
gh-31320087122,2026-08-09T10:04:35-05:00,2015959,CLASE TEORICA,(1) Grupo 1,Carlos Eduardo Rodriguez Pineda,30,24
gh-31320087122,2026-08-09T10:04:35-05:00,2015959,CLASE TEORICA,(2) Grupo 2,Guillermo Eduardo Avila Alvarez,30,24
gh-31320087122,2026-08-09T10:04:35-05:00,2015959,CLASE TEORICA,(3) Grupo 3,Livaniel Viveros Rosero,30,24
gh-31320087122,2026-08-09T10:04:35-05:00,2015959,CLASE TEORICA,(4) Grupo 4,No informado,0,24
gh-31320087122,2026-08-09T10:04:37-05:00,2015961,CLASE TEORICA,(1) Grupo 1,Rafael Orland Ortiz Mosquera,24,26
gh-31320087122,2026-08-09T10:04:37-05:00,2015961,CLASE TEORICA,(2) Grupo 2,Adriana Patricia Piña Fulano,24,26
gh-31320087122,2026-08-09T10:04:37-05:00,2015961,CLASE TEORICA,(3) Grupo 3,Gelber Norberto Gutierrez Palacios,24,26
gh-31320087122,2026-08-09T10:04:37-05:00,2015961,CLASE TEORICA,(4) Grupo 4,No informado,24,26
gh-31320087122,2026-08-09T10:04:37-05:00,2015961,CLASE TEORICA,(5) Grupo 5,No informado,24,26
gh-31320087122,2026-08-09T10:04:37-05:00,2015961,CLASE TEORICA,(6) Grupo 6,Leonardo David Donado Garzon,24,26
gh-31320087122,2026-08-09T10:04:39-05:00,2015978,CLASE TEORICA,(1) Grupo 1,No informado,0,27
gh-31320087122,2026-08-09T10:04:39-05:00,2015978,CLASE TEORICA,(2) Grupo 2,Erasmo Alfredo Rodriguez Sandoval,30,27
gh-31320087122,2026-08-09T10:04:39-05:00,2015978,CLASE TEORICA,(3) Grupo 3,No informado,30,27
gh-31320087122,2026-08-09T10:04:39-05:00,2015978,CLASE TEORICA,(4) Grupo 4,No informado,30,27
gh-31320087122,2026-08-09T10:04:39-05:00,2015978,CLASE TEORICA,(5) Grupo 5,No informado,30,27
gh-31320087122,2026-08-09T10:04:41-05:00,2026135,CLASE TEORICA,(1) Grupo 1,NICOLAS ESCALANTE MORA,25,28
gh-31320087122,2026-08-09T10:04:41-05:00,2026135,CLASE TEORICA,(2) Grupo 2,Leonel Vega Mora,25,28
gh-31320087122,2026-08-09T10:04:41-05:00,2026135,CLASE TEORICA,(3) Grupo 3,Leonel Vega Mora,25,28
gh-31320087122,2026-08-09T10:04:42-05:00,2015963,CLASE TEORICA,(1) Grupo 1,No informado,30,29
gh-31320087122,2026-08-09T10:04:42-05:00,2015963,CLASE TEORICA,(2) Grupo 2,No informado,30,29
gh-31320087122,2026-08-09T10:04:42-05:00,2015963,CLASE TEORICA,(3) Grupo 3,William Castro Garcia,30,29
gh-31320087122,2026-08-09T10:04:44-05:00,2026138,CLASE TEORICA,(1) Grupo 1,Ivan Dario Serrano Arrieta,30,30
gh-31320087122,2026-08-09T10:04:44-05:00,2026138,CLASE TEORICA,(2) Grupo 2,Ivan Dario Serrano Arrieta,30,30
gh-31320087122,2026-08-09T10:04:44-05:00,2026138,CLASE TEORICA,(3) Grupo 3,Pedro Luis Jimenez Poveda,30,30
gh-31320087122,2026-08-09T10:04:45-05:00,2015703,NA,(1) Grupo 1,Angela Maria Arboleda Restrepo,40,31
gh-31320087122,2026-08-09T10:04:45-05:00,2015703,NA,(10) Grupo 10,Diego Alejandro Hernandez Castañeda,30,31
gh-31320087122,2026-08-09T10:04:45-05:00,2015703,NA,(11) Grupo 11,Julio Cesar Cañon Rodriguez,30,31
gh-31320087122,2026-08-09T10:04:45-05:00,2015703,NA,(2) Grupo 2,Osman Benjamin Giovanny Vargas Rozo,40,31
gh-31320087122,2026-08-09T10:04:45-05:00,2015703,NA,(3) Grupo 3,Hugo Alberto Herrera Fonseca,40,31
gh-31320087122,2026-08-09T10:04:45-05:00,2015703,NA,(4) Grupo 4,LINA JULIANA BULLA CASAS,30,31
gh-31320087122,2026-08-09T10:04:45-05:00,2015703,NA,(5) Grupo 5 - Virtual,Cesar Augusto Roa Lemus,60,31
gh-31320087122,2026-08-09T10:04:45-05:00,2015703,NA,(6) Grupo 6,JAVIER RICARDO OJEDA SANCHEZ,40,31
gh-31320087122,2026-08-09T10:04:45-05:00,2015703,NA,(7) Grupo 7,JAVIER RICARDO OJEDA SANCHEZ,20,31
gh-31320087122,2026-08-09T10:04:45-05:00,2015703,NA,(8) Grupo 8,Diego Alejandro Hernandez Castañeda,40,31
gh-31320087122,2026-08-09T10:04:45-05:00,2015703,NA,(9) Grupo 9,LINA JULIANA BULLA CASAS,35,31
gh-31320087122,2026-08-09T10:04:47-05:00,1000044-B,CLASE TEORICA,(1) Grupo 1,Beatriz Elena Urrutia Sanchez,26,32
gh-31320087122,2026-08-09T10:04:47-05:00,1000044-B,CLASE TEORICA,(2) Grupo 2,Yaneli Niño Osorio,26,32
gh-31320087122,2026-08-09T10:04:47-05:00,1000044-B,CLASE TEORICA,(3) Grupo 3,Luis Gabriel Peña Ortiz,26,32
gh-31320087122,2026-08-09T10:04:47-05:00,1000044-B,CLASE TEORICA,(4) Grupo 4,Liliana Marcela Guzman Aricapa,26,32
gh-31320087122,2026-08-09T10:04:47-05:00,1000044-B,CLASE TEORICA,(5) Grupo 5,Beatriz Elena Urrutia Sanchez,26,32
gh-31320087122,2026-08-09T10:04:47-05:00,1000044-B,CLASE TEORICA,(6) Grupo 6,Cesar Augusto Romero,26,32
gh-31320087122,2026-08-09T10:04:47-05:00,1000044-B,CLASE TEORICA,(7) Grupo 7,JOSE JONATHAN MAESTRE HERRERA,26,32
gh-31320087122,2026-08-09T10:04:47-05:00,1000044-B,CLASE TEORICA,(8) Grupo 8,Beymar Leonardo Solorzano Alviz,26,32
gh-31320087122,2026-08-09T10:04:47-05:00,1000044-B,CLASE TEORICA,(9) Grupo 9,Claudia Marcela Arevalo Gomez,7,32
gh-31320087122,2026-08-09T10:04:49-05:00,1000045-B,CLASE TEORICA,(1) Grupo 1,Claudia Marcela Arevalo Gomez,10,33
gh-31320087122,2026-08-09T10:04:49-05:00,1000045-B,CLASE TEORICA,(10) Grupo 10,Jesica paola Rendon Alfonso,26,33
gh-31320087122,2026-08-09T10:04:49-05:00,1000045-B,CLASE TEORICA,(11) Grupo 11,JOSE JONATHAN MAESTRE HERRERA,26,33
gh-31320087122,2026-08-09T10:04:49-05:00,1000045-B,CLASE TEORICA,(12) Grupo 12,LINDA JOHANA RUIZ GOMEZ,26,33
gh-31320087122,2026-08-09T10:04:49-05:00,1000045-B,CLASE TEORICA,(13) Grupo 13,Narly Yadira Pardo Cadena,26,33
gh-31320087122,2026-08-09T10:04:49-05:00,1000045-B,CLASE TEORICA,(14) Grupo 14,Angelica Saenz Fonseca,26,33
gh-31320087122,2026-08-09T10:04:49-05:00,1000045-B,CLASE TEORICA,(15) Grupo 15,Narly Yadira Pardo Cadena,26,33
gh-31320087122,2026-08-09T10:04:49-05:00,1000045-B,CLASE TEORICA,(16) Grupo 16,Luis Gabriel Peña Ortiz,26,33
gh-31320087122,2026-08-09T10:04:49-05:00,1000045-B,CLASE TEORICA,(2) Grupo 2,Cesar Augusto Romero,26,33
gh-31320087122,2026-08-09T10:04:49-05:00,1000045-B,CLASE TEORICA,(3) Grupo 3,Jesica paola Rendon Alfonso,26,33
gh-31320087122,2026-08-09T10:04:49-05:00,1000045-B,CLASE TEORICA,(4) Grupo 4,Adriana Marlen Sanchez Riaño,26,33
gh-31320087122,2026-08-09T10:04:49-05:00,1000045-B,CLASE TEORICA,(5) Grupo 5,Cesar Augusto Romero,26,33
gh-31320087122,2026-08-09T10:04:49-05:00,1000045-B,CLASE TEORICA,(6) Grupo 6,Sara Elisa Monsalve Patino,26,33
gh-31320087122,2026-08-09T10:04:49-05:00,1000045-B,CLASE TEORICA,(7) Grupo 7,Luis Gabriel Peña Ortiz,26,33
gh-31320087122,2026-08-09T10:04:49-05:00,1000045-B,CLASE TEORICA,(8) Grupo 8,Johnatan Martinez Hernandez,26,33
gh-31320087122,2026-08-09T10:04:49-05:00,1000045-B,CLASE TEORICA,(9) Grupo 9,Maureen Elizabeth Hooker Oneill,15,33
gh-31320087122,2026-08-09T10:04:52-05:00,1000046-B,CLASE TEORICA,(1) Grupo 1,Johnatan Martinez Hernandez,26,35
gh-31320087122,2026-08-09T10:04:52-05:00,1000046-B,CLASE TEORICA,(10) Grupo 10,Jennly Angelica Gomez Rodriguez,26,35
gh-31320087122,2026-08-09T10:04:52-05:00,1000046-B,CLASE TEORICA,(11) Grupo 11,Angelica Saenz Fonseca,26,35
gh-31320087122,2026-08-09T10:04:52-05:00,1000046-B,CLASE TEORICA,(12) Grupo 12,Liliana Marcela Guzman Aricapa,26,35
gh-31320087122,2026-08-09T10:04:52-05:00,1000046-B,CLASE TEORICA,(13) Grupo 13,ALBA LUCIA RIAÑO RODRIGUEZ,26,35
gh-31320087122,2026-08-09T10:04:52-05:00,1000046-B,CLASE TEORICA,(14) Grupo 14,Angelica Saenz Fonseca,26,35
gh-31320087122,2026-08-09T10:04:52-05:00,1000046-B,CLASE TEORICA,(15) Grupo 15,Luis Gabriel Peña Ortiz,26,35
gh-31320087122,2026-08-09T10:04:52-05:00,1000046-B,CLASE TEORICA,(16) Grupo 16,Olga Lucia Ruiz Convers,26,35
gh-31320087122,2026-08-09T10:04:52-05:00,1000046-B,CLASE TEORICA,(17) Grupo 17,Luis Gabriel Peña Ortiz,26,35
gh-31320087122,2026-08-09T10:04:52-05:00,1000046-B,CLASE TEORICA,(18) Grupo 18,Narly Yadira Pardo Cadena,26,35
gh-31320087122,2026-08-09T10:04:52-05:00,1000046-B,CLASE TEORICA,(2) Grupo 2,Jesica paola Rendon Alfonso,26,35
gh-31320087122,2026-08-09T10:04:52-05:00,1000046-B,CLASE TEORICA,(3) Grupo 3,JESUS DAVID TORRES RODRIGUEZ,26,35
gh-31320087122,2026-08-09T10:04:52-05:00,1000046-B,CLASE TEORICA,(4) Grupo 4,Claudia Patricia Cortes Lora,26,35
gh-31320087122,2026-08-09T10:04:52-05:00,1000046-B,CLASE TEORICA,(5) Grupo 5,Johnatan Martinez Hernandez,26,35
gh-31320087122,2026-08-09T10:04:52-05:00,1000046-B,CLASE TEORICA,(6) Grupo 6,Johnatan Martinez Hernandez,26,35
gh-31320087122,2026-08-09T10:04:52-05:00,1000046-B,CLASE TEORICA,(7) Grupo 7,Jesica paola Rendon Alfonso,26,35
gh-31320087122,2026-08-09T10:04:52-05:00,1000046-B,CLASE TEORICA,(8) Grupo 8,Beatriz Elena Urrutia Sanchez,26,35
gh-31320087122,2026-08-09T10:04:52-05:00,1000046-B,CLASE TEORICA,(9) Grupo 9,Maureen Elizabeth Hooker Oneill,10,35
gh-31320087122,2026-08-09T10:04:54-05:00,1000052-B,CLASE TEORICA,(1) Grupo 1,Liliana Marcela Guzman Aricapa,28,37
gh-31320087122,2026-08-09T10:04:54-05:00,1000052-B,CLASE TEORICA,(2) Grupo 2,JOSE JONATHAN MAESTRE HERRERA,28,37
gh-31320087122,2026-08-09T10:04:54-05:00,1000052-B,CLASE TEORICA,(3) Grupo 3,Aida Elena Monsalve Solorzano,28,37
gh-31320087122,2026-08-09T10:04:55-05:00,1000053-B,CLASE TEORICA,(1) Grupo 1,Jennly Angelica Gomez Rodriguez,28,38
gh-31320087122,2026-08-09T10:04:55-05:00,1000053-B,CLASE TEORICA,(2) Grupo 2,Yaneli Niño Osorio,28,38
gh-31320087122,2026-08-09T10:04:55-05:00,1000053-B,CLASE TEORICA,(3) Grupo 3,Javier Rodriguez Gomez,30,38
gh-31320087122,2026-08-09T10:04:55-05:00,1000053-B,CLASE TEORICA,(4) Grupo 4,Javier Rodriguez Gomez,30,38
gh-31320087122,2026-08-09T10:04:55-05:00,1000053-B,CLASE TEORICA,(5) Grupo 5,LINDA JOHANA RUIZ GOMEZ,28,38
gh-31320087122,2026-08-09T10:04:55-05:00,1000053-B,CLASE TEORICA,(6) Grupo 6,Olga Lucia Ruiz Convers,28,38
gh-31320087122,2026-08-09T10:04:57-05:00,1000047-B,CLASE TEORICA,(1) Grupo 1,Cesar Augusto Romero,26,39
gh-31320087122,2026-08-09T10:04:57-05:00,1000047-B,CLASE TEORICA,(10) Grupo 10,Monica Alexandra Riaño Orjuela,26,39
gh-31320087122,2026-08-09T10:04:57-05:00,1000047-B,CLASE TEORICA,(11) Grupo 11,Jennly Angelica Gomez Rodriguez,26,39
gh-31320087122,2026-08-09T10:04:57-05:00,1000047-B,CLASE TEORICA,(12) Grupo 12,Claudia Patricia Cortes Lora,26,39
gh-31320087122,2026-08-09T10:04:57-05:00,1000047-B,CLASE TEORICA,(13) Grupo 13,Angelica Saenz Fonseca,26,39
gh-31320087122,2026-08-09T10:04:57-05:00,1000047-B,CLASE TEORICA,(14) Grupo 14,LINDA JOHANA RUIZ GOMEZ,26,39
gh-31320087122,2026-08-09T10:04:57-05:00,1000047-B,CLASE TEORICA,(15) Grupo 15,Claudia Patricia Cortes Lora,26,39
gh-31320087122,2026-08-09T10:04:57-05:00,1000047-B,CLASE TEORICA,(16) Grupo 16,Narly Yadira Pardo Cadena,26,39
gh-31320087122,2026-08-09T10:04:57-05:00,1000047-B,CLASE TEORICA,(17) Grupo 17,Angelica Saenz Fonseca,26,39
gh-31320087122,2026-08-09T10:04:57-05:00,1000047-B,CLASE TEORICA,(18) Grupo 18,ALBA LUCIA RIAÑO RODRIGUEZ,26,39
gh-31320087122,2026-08-09T10:04:57-05:00,1000047-B,CLASE TEORICA,(19) Grupo 19,Aida Elena Monsalve Solorzano,26,39
gh-31320087122,2026-08-09T10:04:57-05:00,1000047-B,CLASE TEORICA,(2) Grupo 2,Yaneli Niño Osorio,26,39
gh-31320087122,2026-08-09T10:04:57-05:00,1000047-B,CLASE TEORICA,(20) Grupo 20,ALBA LUCIA RIAÑO RODRIGUEZ,26,39
gh-31320087122,2026-08-09T10:04:57-05:00,1000047-B,CLASE TEORICA,(21) Grupo 21,Edwin Yesid Leon Silva,26,39
gh-31320087122,2026-08-09T10:04:57-05:00,1000047-B,CLASE TEORICA,(22) Grupo 22,LINDA JOHANA RUIZ GOMEZ,26,39
gh-31320087122,2026-08-09T10:04:57-05:00,1000047-B,CLASE TEORICA,(3) Grupo 3,Monica Alexandra Riaño Orjuela,26,39
gh-31320087122,2026-08-09T10:04:57-05:00,1000047-B,CLASE TEORICA,(4) Grupo 4,Claudia Patricia Cortes Lora,26,39
gh-31320087122,2026-08-09T10:04:57-05:00,1000047-B,CLASE TEORICA,(5) Grupo 5,Olga Lucia Ruiz Convers,26,39
gh-31320087122,2026-08-09T10:04:57-05:00,1000047-B,CLASE TEORICA,(6) Grupo 6,Monica Alexandra Riaño Orjuela,26,39
gh-31320087122,2026-08-09T10:04:57-05:00,1000047-B,CLASE TEORICA,(7) Grupo 7,Cesar Augusto Romero,26,39
gh-31320087122,2026-08-09T10:04:57-05:00,1000047-B,CLASE TEORICA,(8) Grupo 8,Beatriz Elena Urrutia Sanchez,26,39
gh-31320087122,2026-08-09T10:04:57-05:00,1000047-B,CLASE TEORICA,(9) Grupo 9,Keshia Hilary Howard Livingston,15,39
gh-31320087122,2026-08-09T10:05:00-05:00,2026186,CLASE TEORICA,(1) Grupo 1,Carol Andrea Murillo Feo,7,41
gh-31320087122,2026-08-09T10:05:00-05:00,2026186,CLASE TEORICA,(2) Grupo 2,Leonel Vega Mora,0,41
gh-31320087122,2026-08-09T10:05:00-05:00,2026186,CLASE TEORICA,(4) Grupo 4,Carlos Orlando Robles Roa,10,41
gh-31320087122,2026-08-09T10:05:02-05:00,1000002-B,CLASE TEORICA,(1) Grupo 1 - Clase Presencial,Ruth Andrea Cortés Suárez,1,42
gh-31320087122,2026-08-09T10:05:02-05:00,1000002-B,CLASE TEORICA,(10) Grupo 10 - Clase presencial,Karen Johanna Castelblanco Villamil,0,42
gh-31320087122,2026-08-09T10:05:02-05:00,1000002-B,CLASE TEORICA,(2) Grupo 2 - Clase Presencial,Ruth Andrea Cortés Suárez,0,42
gh-31320087122,2026-08-09T10:05:02-05:00,1000002-B,CLASE TEORICA,(3) Grupo 3 - Clase Presencial,Adriana Patricia Díaz Cuevas,0,42
gh-31320087122,2026-08-09T10:05:02-05:00,1000002-B,CLASE TEORICA,(4) Grupo 4 - Clase Presencial,Adriana Patricia Díaz Cuevas,0,42
gh-31320087122,2026-08-09T10:05:02-05:00,1000002-B,CLASE TEORICA,(5) Grupo 5 - Clase Presencial,Andres Felipe Escovar Barreto,0,42
gh-31320087122,2026-08-09T10:05:02-05:00,1000002-B,CLASE TEORICA,(6) Grupo 6 - Clase Presencial,Ruth Andrea Cortés Suárez,0,42
gh-31320087122,2026-08-09T10:05:02-05:00,1000002-B,CLASE TEORICA,(7) Grupo 7 - Clase Presencial,Karen Johanna Castelblanco Villamil,0,42
gh-31320087122,2026-08-09T10:05:02-05:00,1000002-B,CLASE TEORICA,(8) Grupo 8 - Clase Presencial,Adriana Patricia Díaz Cuevas,0,42
gh-31320087122,2026-08-09T10:05:02-05:00,1000002-B,CLASE TEORICA,(9) Grupo 9 - Clase Presencial,Carlas Lucia Castilla Lara,10,42
gh-31320087122,2026-08-09T10:05:05-05:00,1000001-B,CLASE TEORICA,(1) Grupo 1,No informado,0,43
gh-31320087122,2026-08-09T10:05:05-05:00,1000001-B,CLASE MAGISTRAL,(1) Grupo 1,Ibeth Marcela Rubio Perilla,0,43
gh-31320087122,2026-08-09T10:05:05-05:00,1000001-B,CLASE MAGISTRAL,(10) Grupo 10,No informado,0,43
gh-31320087122,2026-08-09T10:05:05-05:00,1000001-B,CLASE TEORICA,(19) Grupo 19,No informado,5,43
gh-31320087122,2026-08-09T10:05:05-05:00,1000001-B,CLASE TEORICA,(2) Grupo 2,No informado,10,43
gh-31320087122,2026-08-09T10:05:05-05:00,1000001-B,CLASE MAGISTRAL,(2) Grupo 2,Herbert Alonso Dueñas Ruiz,0,43
gh-31320087122,2026-08-09T10:05:05-05:00,1000001-B,CLASE MAGISTRAL,(3) Grupo 3,Jeanneth Galeano Penaloza,0,43
gh-31320087122,2026-08-09T10:05:05-05:00,1000001-B,CLASE MAGISTRAL,(4) Grupo 4,Gustavo Adolfo Nieto Clavijo,0,43
gh-31320087122,2026-08-09T10:05:05-05:00,1000001-B,CLASE MAGISTRAL,(5) Grupo 5,Natalia Camila Pinzon Cortes,0,43
gh-31320087122,2026-08-09T10:05:05-05:00,1000001-B,CLASE MAGISTRAL,(6) Grupo 6,Martha Cecilia Moreno Penagos,0,43
gh-31320087122,2026-08-09T10:05:05-05:00,1000001-B,CLASE MAGISTRAL,(7) Grupo 7,Claudio Rodriguez Beltran,0,43
gh-31320087122,2026-08-09T10:05:05-05:00,1000001-B,CLASE MAGISTRAL,(8) Grupo 8,Gabriel Ignacio Padilla Leon,0,43
gh-31320087122,2026-08-09T10:05:05-05:00,1000001-B,CLASE MAGISTRAL,(9) Grupo 9,No informado,10,43
gh-31320087122,2026-08-09T10:05:06-05:00,2015965,CLASE TEORICA,(1) Grupo 1,CAMILO RIOS FRESNEDA,24,44
gh-31320087122,2026-08-09T10:05:06-05:00,2015965,CLASE TEORICA,(2) Grupo 2,Julian David Puerto Suarez; Vladimir Buelvas Hernández,24,44
gh-31320087122,2026-08-09T10:05:06-05:00,2015965,CLASE TEORICA,(3) Grupo 3,Ferney Betancourt Cardozo; Juan Manuel Lizarazo Marriaga,24,44
gh-31320087122,2026-08-09T10:05:06-05:00,2015965,CLASE TEORICA,(4) Grupo 4,No informado,24,44
gh-31320087122,2026-08-09T10:05:07-05:00,2015966,CLASE TEORICA,(1) Grupo 1,No informado,24,45
gh-31320087122,2026-08-09T10:05:07-05:00,2015966,CLASE TEORICA,(2) Grupo 2,Adriana Patricia Piña Fulano,24,45
gh-31320087122,2026-08-09T10:05:07-05:00,2015966,CLASE TEORICA,(3) Grupo 3,Rafael Orland Ortiz Mosquera,24,45
gh-31320087122,2026-08-09T10:05:07-05:00,2015966,CLASE TEORICA,(4) Grupo 4,No informado,24,45
gh-31320087122,2026-08-09T10:05:07-05:00,2015966,CLASE TEORICA,(5) Grupo 5,No informado,24,45
gh-31320087122,2026-08-09T10:05:07-05:00,2015966,CLASE TEORICA,(6) Grupo 6,Luis Alejandro Morales Marin,24,45
gh-31320087122,2026-08-09T10:05:07-05:00,2015966,CLASE TEORICA,(7) Grupo 7,No informado,24,45
gh-31320087122,2026-08-09T10:05:07-05:00,2015966,CLASE TEORICA,(8) Grupo 8,No informado,24,45
gh-31320087122,2026-08-09T10:05:08-05:00,2015967,NA,(1) Grupo 1,Vladimir Buelvas Hernández,24,46
gh-31320087122,2026-08-09T10:05:09-05:00,2015968,CLASE TEORICA,(1) Grupo 1,Ricardo Parra Arango,24,47
gh-31320087122,2026-08-09T10:05:09-05:00,2015968,CLASE TEORICA,(2) Grupo 2,Juan David Oliveros Salazar,24,47
gh-31320087122,2026-08-09T10:05:09-05:00,2015968,CLASE TEORICA,(3) Grupo 3,No informado,24,47
gh-31320087122,2026-08-09T10:05:09-05:00,2015968,CLASE TEORICA,(4) Grupo 4,Ricardo Parra Arango,24,47
gh-31320087122,2026-08-09T10:05:09-05:00,2015968,CLASE TEORICA,(5) Grupo 5,Julian David Puerto Suarez,24,47
gh-31320087122,2026-08-09T10:05:09-05:00,2015968,CLASE TEORICA,(6) Grupo 6,Dorian Luis Linero Segrera,24,47
gh-31320087122,2026-08-09T10:05:09-05:00,2015968,CLASE TEORICA,(7) Grupo 7,No informado,0,47
gh-31320087122,2026-08-09T10:05:11-05:00,2015969,CLASE TEORICA,(1) Grupo 1 (Inglés),Julio Esteban Colmenares Montañez,30,48
gh-31320087122,2026-08-09T10:05:11-05:00,2015969,CLASE TEORICA,(2) Grupo 2,Guillermo Eduardo Avila Alvarez,30,48
gh-31320087122,2026-08-09T10:05:11-05:00,2015969,CLASE TEORICA,(3) Grupo 3,Livaniel Viveros Rosero,30,48
gh-31320087122,2026-08-09T10:05:11-05:00,2015969,CLASE TEORICA,(4) Grupo 4,No informado,30,48
gh-31320087122,2026-08-09T10:05:12-05:00,2015970,CLASE PRACTICA,(4) Grupo 4,Helga Duarte,30,49
gh-31320087122,2026-08-09T10:05:12-05:00,2015970,CLASE PRACTICA,(5) Grupo 5,Oswaldo Rojas Camacho,45,49
gh-31320087122,2026-08-09T10:05:12-05:00,2015970,CLASE PRACTICA,(8) Grupo 8,Helga Duarte,30,49
gh-31320087122,2026-08-09T10:05:12-05:00,2015970,CLASE PRACTICA,(9) Grupo 9,Oswaldo Rojas Camacho,45,49
gh-31320087122,2026-08-09T10:05:13-05:00,2017293,CLASE TEORICA,(1) 2017293-1 Modelación matemática,JUAN SEBASTIÁN HINCAPIÉ MONTES,34,50
gh-31320087122,2026-08-09T10:05:13-05:00,2017293,CLASE MAGISTRAL,(1M) 2017293-1M Modelación matemática - Magistral,Carlos Alberto Duque Daza,80,50
gh-31320087122,2026-08-09T10:05:13-05:00,2017293,CLASE TEORICA,(2) 2017293-2 Modelación matemática,JUAN SEBASTIÁN HINCAPIÉ MONTES,34,50
gh-31320087122,2026-08-09T10:05:17-05:00,2015971,CLASE TEORICA,(1) Grupo 1,No informado,30,53
gh-31320087122,2026-08-09T10:05:17-05:00,2015971,CLASE TEORICA,(2) Grupo 2,Ferney Betancourt Cardozo,30,53
gh-31320087122,2026-08-09T10:05:17-05:00,2015971,CLASE TEORICA,(3) Grupo 3,No informado,30,53
gh-31320087122,2026-08-09T10:05:18-05:00,2015972,CLASE TEORICA,(1) Grupo 1,Carlos Alberto Moncada Aristizabal,15,54
gh-31320087122,2026-08-09T10:05:18-05:00,2015972,CLASE TEORICA,(2) Grupo 2,SANTIAGO RAMIREZ ECHEVERRI,15,54
gh-31320087122,2026-08-09T10:05:18-05:00,2015972,CLASE TEORICA,(3) Grupo 3,No informado,15,54
gh-31320087122,2026-08-09T10:05:20-05:00,1000024-B,CLASE TEORICA,(12) Grupo 12,Edgar Delgado Mejia,0,55
gh-31320087122,2026-08-09T10:05:20-05:00,1000024-B,CLASE TEORICA,(13) Grupo 13,Jesus Sigifredo Valencia Rios,0,55
gh-31320087122,2026-08-09T10:05:20-05:00,1000024-B,CLASE TEORICA,(14) Grupo 14,Jhon Jairo Aragón Arias,10,55
gh-31320087122,2026-08-09T10:05:22-05:00,1000013-B,CLASE TEORICA,(1) Grupo 1,JHONIER SEBASTIAN RANGEL GUTIERREZ,0,56
gh-31320087122,2026-08-09T10:05:22-05:00,1000013-B,CLASE TEORICA,(10) Grupo 10,Sandra Vergara Cardozo,35,56
gh-31320087122,2026-08-09T10:05:22-05:00,1000013-B,CLASE TEORICA,(11) Grupo 11,DIEGO ALBERTO MARTINEZ SIMBAQUEVA,40,56
gh-31320087122,2026-08-09T10:05:22-05:00,1000013-B,CLASE TEORICA,(12) Grupo 12,DIEGO ALBERTO MARTINEZ SIMBAQUEVA,40,56
gh-31320087122,2026-08-09T10:05:22-05:00,1000013-B,CLASE TEORICA,(13) Grupo 13,DIEGO ALBERTO MARTINEZ SIMBAQUEVA,30,56
gh-31320087122,2026-08-09T10:05:22-05:00,1000013-B,CLASE TEORICA,(14) Grupo 14,Andrea Catalina Garcia Montoya,45,56
gh-31320087122,2026-08-09T10:05:22-05:00,1000013-B,CLASE TEORICA,(16) Grupo 16,Sergio Alejandro Calderon Villanueva,30,56
gh-31320087122,2026-08-09T10:05:22-05:00,1000013-B,CLASE TEORICA,(2) Grupo 2,Luis Guillermo Diaz Monroy,40,56
gh-31320087122,2026-08-09T10:05:22-05:00,1000013-B,CLASE TEORICA,(22) Grupo 22,Hanwen Zhang,45,56
gh-31320087122,2026-08-09T10:05:22-05:00,1000013-B,CLASE TEORICA,(23) Grupo 23,ULPIANO LARA CRISTANCHO,0,56
gh-31320087122,2026-08-09T10:05:22-05:00,1000013-B,CLASE TEORICA,(3) Grupo 3,Diana Carolina Franco Soto,40,56
gh-31320087122,2026-08-09T10:05:22-05:00,1000013-B,CLASE TEORICA,(4) Grupo 4,Diana Carolina Franco Soto,40,56
gh-31320087122,2026-08-09T10:05:22-05:00,1000013-B,CLASE TEORICA,(5) Grupo 5,Darwin Eduardo Martínez Riaño,35,56
gh-31320087122,2026-08-09T10:05:22-05:00,1000013-B,CLASE TEORICA,(6) Grupo 6,Darwin Eduardo Martínez Riaño,35,56
gh-31320087122,2026-08-09T10:05:22-05:00,1000013-B,CLASE TEORICA,(7) Grupo 7,Camilo Jose Torres Jimenez,40,56
gh-31320087122,2026-08-09T10:05:23-05:00,2015734,NA,(1) Grupo 1,Fernando Salazar Delgado,6,57
gh-31320087122,2026-08-09T10:05:23-05:00,2015734,NA,(10) Grupo 10,Tito Florez Calderon,4,57
gh-31320087122,2026-08-09T10:05:23-05:00,2015734,NA,(11) Grupo 11,DAVID ALBERTO HERRERA ALVAREZ,0,57
gh-31320087122,2026-08-09T10:05:23-05:00,2015734,NA,(12) Grupo 12,FABIEL NATÁN ESPINOSA CASTAÑEDA,1,57
gh-31320087122,2026-08-09T10:05:23-05:00,2015734,NA,(13) Grupo 13,SERGIO CAMILO ESPINOSA BOTERO,4,57
gh-31320087122,2026-08-09T10:05:23-05:00,2015734,NA,(14) Grupo 14,Felipe Gonzalez Roldan,0,57
gh-31320087122,2026-08-09T10:05:23-05:00,2015734,NA,(2) Grupo 2,Fernando Salazar Delgado,16,57
gh-31320087122,2026-08-09T10:05:23-05:00,2015734,NA,(3) Grupo 3,Jhoan Sebastian Restrepo Mendoza,0,57
gh-31320087122,2026-08-09T10:05:23-05:00,2015734,NA,(4) Grupo 4,Sandra Liliana Rojas Martinez,0,57
gh-31320087122,2026-08-09T10:05:23-05:00,2015734,NA,(5) Grupo 5,Jhoan Sebastian Restrepo Mendoza,0,57
gh-31320087122,2026-08-09T10:05:23-05:00,2015734,NA,(6) Grupo 6,SERGIO CAMILO ESPINOSA BOTERO,8,57
gh-31320087122,2026-08-09T10:05:23-05:00,2015734,NA,(7) Grupo 7,No informado,3,57
gh-31320087122,2026-08-09T10:05:23-05:00,2015734,NA,(8) Grupo 8 - Virtual,FABIEL NATÁN ESPINOSA CASTAÑEDA,30,57
gh-31320087122,2026-08-09T10:05:23-05:00,2015734,NA,(9) Grupo 9,Alvaro Reynel Córdoba,18,57
gh-31320087122,2026-08-09T10:05:25-05:00,2015973,CLASE TEORICA,(1) Grupo 1,No informado,25,59
gh-31320087122,2026-08-09T10:05:25-05:00,2015973,CLASE TEORICA,(2) Grupo 2,GABRIELA ARRIETA LOYO,25,59
gh-31320087122,2026-08-09T10:05:25-05:00,2015973,CLASE TEORICA,(3) Grupo 3,NICOLAS ESCALANTE MORA,25,59
gh-31320087122,2026-08-09T10:05:27-05:00,2022761,NA,(1) Grupo 1,Servio Javier Contreras Guerrero,15,60
gh-31320087122,2026-08-09T10:05:27-05:00,2022761,NA,(2) Grupo 2,Servio Javier Contreras Guerrero,15,60
gh-31320087122,2026-08-09T10:05:27-05:00,2022761,NA,(3) Grupo 3,Samuel Fernando Mesa Giraldo,15,60
gh-31320087122,2026-08-09T10:05:28-05:00,2024045,CLASE TEORICA,(1) 2024045-1 Taller de proyectos interdisciplinarios,No informado,0,-1
gh-31320087122,2026-08-09T10:05:28-05:00,2024045,CLASE TEORICA,(10) 2024045-10 Taller de proyectos interdisciplinarios,Oscar Andres Eraso Eraso,0,-1
gh-31320087122,2026-08-09T10:05:28-05:00,2024045,CLASE TEORICA,(11) 2024045-11 Taller de proyectos interdisciplinarios,No informado,0,-1
gh-31320087122,2026-08-09T10:05:28-05:00,2024045,CLASE TEORICA,(12) 2024045-12 Taller de proyectos interdisciplinarios,Hector Julian Garcia Otalora,200,-1
gh-31320087122,2026-08-09T10:05:28-05:00,2024045,CLASE TEORICA,(13) 2024045-13 Taller de proyectos interdisciplinarios,No informado,0,-1
gh-31320087122,2026-08-09T10:05:28-05:00,2024045,CLASE TEORICA,(14) 2024045-14 Taller de proyectos interdisciplinarios,Dolly Santos Barbosa,0,-1
gh-31320087122,2026-08-09T10:05:28-05:00,2024045,CLASE TEORICA,(15) 2024045-15 Taller de proyectos interdisciplinarios,Oscar Andres Eraso Eraso,0,-1
gh-31320087122,2026-08-09T10:05:28-05:00,2024045,CLASE TEORICA,(16) 2024045-16 Taller de proyectos interdisciplinarios,Luis Ignacio Rodriguez Varela,0,-1
gh-31320087122,2026-08-09T10:05:28-05:00,2024045,CLASE TEORICA,(17) 2024045-17 Taller de proyectos interdisciplinarios,JOHANA CATALINA MANOSALVA BARRERA,0,-1
gh-31320087122,2026-08-09T10:05:28-05:00,2024045,CLASE TEORICA,(18) 2024045-18 Taller de proyectos interdisciplinarios,Fernando Bernal Martinez,0,-1
gh-31320087122,2026-08-09T10:05:28-05:00,2024045,CLASE TEORICA,(19) 2024045-19 Taller de proyectos interdisciplinarios,FRANCISCO JAVIER VÁSQUEZ VÁSQUEZ,0,-1
gh-31320087122,2026-08-09T10:05:28-05:00,2024045,CLASE TEORICA,(2) 2024045-2 Taller de proyectos interdisciplinarios,Fernando Bernal Martinez,0,-1
gh-31320087122,2026-08-09T10:05:28-05:00,2024045,CLASE TEORICA,(21) 2024045-21 Taller de proyectos interdisciplinarios,No informado,0,-1
gh-31320087122,2026-08-09T10:05:28-05:00,2024045,CLASE TEORICA,(22) 2024045-22 Taller de proyectos interdisciplinarios,Ubaldo Garcia Zaragoza,0,-1
gh-31320087122,2026-08-09T10:05:28-05:00,2024045,CLASE TEORICA,(23) 2024045-23 Taller de proyectos interdisciplinarios,No informado,0,-1
gh-31320087122,2026-08-09T10:05:28-05:00,2024045,CLASE TEORICA,(24) 2024045-24 Taller de proyectos interdisciplinarios,Hector Julian Garcia Otalora,200,-1
gh-31320087122,2026-08-09T10:05:28-05:00,2024045,CLASE TEORICA,(3) 2024045-3 Taller de proyectos interdisciplinarios,Guillermo Alberto Rocha Casas,0,-1
gh-31320087122,2026-08-09T10:05:28-05:00,2024045,CLASE TEORICA,(4) 2024045-4 Taller de proyectos interdisciplinarios,Francy Nayely Prieto Novoa,0,-1
gh-31320087122,2026-08-09T10:05:28-05:00,2024045,CLASE TEORICA,(40) 2024045-40 TPI-- NO BORRAR-- BLOQ ESPACIOS,No informado,0,-1
gh-31320087122,2026-08-09T10:05:28-05:00,2024045,CLASE TEORICA,(5) 2024045-5 Taller de proyectos interdisciplinarios,Nubia Carmenza Moreno Sarmiento,0,-1
gh-31320087122,2026-08-09T10:05:28-05:00,2024045,CLASE TEORICA,(6) 2024045-6 Taller de proyectos interdisciplinarios,JOHANA CATALINA MANOSALVA BARRERA,0,-1
gh-31320087122,2026-08-09T10:05:28-05:00,2024045,CLASE TEORICA,(7) 2024045-7 Taller de proyectos interdisciplinarios,Ubaldo Garcia Zaragoza,0,-1
gh-31320087122,2026-08-09T10:05:28-05:00,2024045,CLASE TEORICA,(8) 2024045-8 Taller de proyectos interdisciplinarios,JHON FREDDY LOPEZ MEDINA,0,-1
gh-31320087122,2026-08-09T10:05:28-05:00,2024045,CLASE TEORICA,(9) 2024045-9 Taller de proyectos interdisciplinarios,Manuel Alejandro Mayorga Betancourt,0,-1
gh-31320087122,2026-08-09T10:05:30-05:00,2015296,NA,(1) Grupo 1,Leonardo David Donado Garzon,5,62
gh-31320087122,2026-08-09T10:05:30-05:00,2015296,NA,(10) Grupo 10,Juan Manuel Lizarazo Marriaga,5,62
gh-31320087122,2026-08-09T10:05:30-05:00,2015296,NA,(11) Grupo 11,Octavio Coronado Garcia,5,62
gh-31320087122,2026-08-09T10:05:30-05:00,2015296,NA,(12) Grupo 12,Carol Andrea Murillo Feo,5,62
gh-31320087122,2026-08-09T10:05:30-05:00,2015296,NA,(13) Grupo 13,CAMILO RIOS FRESNEDA,5,62
gh-31320087122,2026-08-09T10:05:30-05:00,2015296,NA,(14) Grupo 14,William Castro Garcia,5,62
gh-31320087122,2026-08-09T10:05:30-05:00,2015296,NA,(15) Grupo 15,Luis Alejandro Morales Marin,5,62
gh-31320087122,2026-08-09T10:05:30-05:00,2015296,NA,(16) Grupo 16,Ferney Betancourt Cardozo,5,62
gh-31320087122,2026-08-09T10:05:30-05:00,2015296,NA,(17) Grupo 17,Maria Alejandra Caicedo Londoño,5,62
gh-31320087122,2026-08-09T10:05:30-05:00,2015296,NA,(18) Grupo 18,Guillermo Eduardo Avila Alvarez,5,62
gh-31320087122,2026-08-09T10:05:30-05:00,2015296,NA,(19) Grupo 19,Carlos Alfonso Gomez Guacaneme,0,62
gh-31320087122,2026-08-09T10:05:30-05:00,2015296,NA,(2) Grupo 2,Carlos Orlando Robles Roa,5,62
gh-31320087122,2026-08-09T10:05:30-05:00,2015296,NA,(3) Grupo 3,Angela Barrera Puerto,5,62
gh-31320087122,2026-08-09T10:05:30-05:00,2015296,NA,(4) Grupo 4,Mauricio Alberto Tapias Camacho,5,62
gh-31320087122,2026-08-09T10:05:30-05:00,2015296,NA,(5) Grupo 5,Maritzabel Molina Herrera,5,62
gh-31320087122,2026-08-09T10:05:30-05:00,2015296,NA,(6) Grupo 6,Rodolfo Rodriguez Baracaldo,5,62
gh-31320087122,2026-08-09T10:05:30-05:00,2015296,NA,(7) Grupo 7,SANTIAGO RAMIREZ ECHEVERRI,5,62
gh-31320087122,2026-08-09T10:05:30-05:00,2015296,NA,(8) Grupo 8,Jose Ricardo Martinez Vargas,5,62
gh-31320087122,2026-08-09T10:05:30-05:00,2015296,NA,(9) Grupo 9,GABRIELA ARRIETA LOYO,5,62
gh-31320087122,2026-08-09T10:05:31-05:00,2015299,CLASE TEORICA,(1) Grupo 1,GABRIELA ARRIETA LOYO,51,-1
gh-31321697284,2026-08-09T10:40:37-05:00,2015938,CLASE TEORICA,(1) Grupo 1,Maria Alejandra Caicedo Londoño,25,0
gh-31321697284,2026-08-09T10:40:37-05:00,2015938,CLASE TEORICA,(2) Grupo 2,Maria Alejandra Caicedo Londoño,25,0
gh-31321697284,2026-08-09T10:40:37-05:00,2015938,CLASE TEORICA,(3) Grupo 3,JOSE LUIS DIAZ AREVALO,25,0
gh-31321697284,2026-08-09T10:40:37-05:00,2015938,CLASE TEORICA,(4) Grupo 4,JOSE LUIS DIAZ AREVALO,24,0
gh-31321697284,2026-08-09T10:40:38-05:00,2015939,CLASE TEORICA,(1) Grupo 1,ALVARO MARTIN GUTIERREZ MALAXECHEBARRIA,25,1
gh-31321697284,2026-08-09T10:40:38-05:00,2015939,CLASE TEORICA,(2) Grupo 2,ALVARO MARTIN GUTIERREZ MALAXECHEBARRIA,25,1
gh-31321697284,2026-08-09T10:40:38-05:00,2015939,CLASE TEORICA,(3) Grupo 3,Edder Alexander Velandia Duran,25,1
gh-31321697284,2026-08-09T10:40:38-05:00,2015939,CLASE TEORICA,(4) Grupo 4,No informado,25,1
gh-31321697284,2026-08-09T10:40:39-05:00,1000003-B,NA,(1) Grupo 1,Erika Lorena Rosero Alzate; Oscar Andrés Rojas Sepúlveda,0,-1
gh-31321697284,2026-08-09T10:40:39-05:00,1000003-B,NA,(10) Grupo 10,Epifanio Lozano Ayala,14,-1
gh-31321697284,2026-08-09T10:40:39-05:00,1000003-B,NA,(11) Grupo 11,No informado,60,-1
gh-31321697284,2026-08-09T10:40:39-05:00,1000003-B,NA,(12) Grupo 12,No informado,40,-1
gh-31321697284,2026-08-09T10:40:39-05:00,1000003-B,NA,(13) Grupo 13,Mohammed EL AIDI,40,-1
gh-31321697284,2026-08-09T10:40:39-05:00,1000003-B,NA,(15) Grupo 15,Myriam Leonor Campos Florez,60,-1
gh-31321697284,2026-08-09T10:40:39-05:00,1000003-B,NA,(16) Grupo 16,No informado,60,-1
gh-31321697284,2026-08-09T10:40:39-05:00,1000003-B,NA,(17) Grupo 17,Martha Cecilia Moreno Penagos,40,-1
gh-31321697284,2026-08-09T10:40:39-05:00,1000003-B,NA,(18) Grupo 18,John Alexander Cruz Morales,52,-1
gh-31321697284,2026-08-09T10:40:39-05:00,1000003-B,NA,(20) Grupo 20,Natalia Camila Pinzon Cortes,60,-1
gh-31321697284,2026-08-09T10:40:39-05:00,1000003-B,NA,(21) Grupo 21,Ivon Andrea Dorado Correa,52,-1
gh-31321697284,2026-08-09T10:40:39-05:00,1000003-B,NA,(22) Grupo 22,No informado,46,-1
gh-31321697284,2026-08-09T10:40:39-05:00,1000003-B,NA,(3) Grupo 3,No informado,60,-1
gh-31321697284,2026-08-09T10:40:39-05:00,1000003-B,NA,(4) Grupo 4,Luis Alejandro Barbosa Torres,112,-1
gh-31321697284,2026-08-09T10:40:39-05:00,1000003-B,NA,(5) Grupo 5,Jaime David Mora Paz,60,-1
gh-31321697284,2026-08-09T10:40:39-05:00,1000003-B,NA,(7) Grupo 7,Myriam Leonor Campos Florez,40,-1
gh-31321697284,2026-08-09T10:40:39-05:00,1000003-B,NA,(8) Grupo 8,No informado,10,-1
gh-31321697284,2026-08-09T10:40:41-05:00,2015940,CLASE TEORICA,(1) Grupo 1,Maritzabel Molina Herrera,24,3
gh-31321697284,2026-08-09T10:40:41-05:00,2015940,CLASE TEORICA,(2) Grupo 2,Gabriel Andres Bernal Granados,24,3
gh-31321697284,2026-08-09T10:40:41-05:00,2015940,CLASE TEORICA,(3) Grupo 3,No informado,24,3
gh-31321697284,2026-08-09T10:40:42-05:00,2015941,CLASE TEORICA,(1) Grupo 1,Patricia Luna Tamayo,30,4
gh-31321697284,2026-08-09T10:40:42-05:00,2015941,CLASE TEORICA,(2) Grupo 2,No informado,30,4
gh-31321697284,2026-08-09T10:40:42-05:00,2015941,CLASE TEORICA,(3) Grupo 3,Carlos Ramiro Vallecilla Bahena,30,4
gh-31321697284,2026-08-09T10:40:42-05:00,2015941,CLASE TEORICA,(4) Grupo 4,No informado,30,4
gh-31321697284,2026-08-09T10:40:43-05:00,1000004-B,NA,(10) Grupo 10,No informado,53,5
gh-31321697284,2026-08-09T10:40:43-05:00,1000004-B,NA,(11) Grupo 11,No informado,24,5
gh-31321697284,2026-08-09T10:40:43-05:00,1000004-B,NA,(12) Grupo 12,No informado,24,5
gh-31321697284,2026-08-09T10:40:43-05:00,1000004-B,NA,(13) Grupo 13,No informado,16,5
gh-31321697284,2026-08-09T10:40:43-05:00,1000004-B,NA,(14) Grupo 14,No informado,90,5
gh-31321697284,2026-08-09T10:40:43-05:00,1000004-B,NA,(16) Grupo 16,No informado,27,5
gh-31321697284,2026-08-09T10:40:43-05:00,1000004-B,NA,(17) Grupo 17,Hernan Garzon Gutierrez,39,5
gh-31321697284,2026-08-09T10:40:43-05:00,1000004-B,NA,(19) Grupo 19,No informado,59,5
gh-31321697284,2026-08-09T10:40:43-05:00,1000004-B,NA,(2) Grupo 2,No informado,24,5
gh-31321697284,2026-08-09T10:40:43-05:00,1000004-B,NA,(20) Grupo 20,Hernan Garzon Gutierrez,10,5
gh-31321697284,2026-08-09T10:40:43-05:00,1000004-B,NA,(21) Grupo 21,No informado,60,5
gh-31321697284,2026-08-09T10:40:43-05:00,1000004-B,NA,(22) Grupo 22,No informado,60,5
gh-31321697284,2026-08-09T10:40:43-05:00,1000004-B,NA,(24) Grupo 24,Ricardo Ariel Pastran Ramirez,60,5
gh-31321697284,2026-08-09T10:40:43-05:00,1000004-B,NA,(25) Grupo 25,No informado,40,5
gh-31321697284,2026-08-09T10:40:43-05:00,1000004-B,NA,(27) Grupo 27,No informado,51,5
gh-31321697284,2026-08-09T10:40:43-05:00,1000004-B,NA,(28) Grupo 28,No informado,60,5
gh-31321697284,2026-08-09T10:40:43-05:00,1000004-B,NA,(29) Grupo 29,No informado,60,5
gh-31321697284,2026-08-09T10:40:43-05:00,1000004-B,NA,(30) Grupo 30,No informado,60,5
gh-31321697284,2026-08-09T10:40:43-05:00,1000004-B,NA,(32) Grupo 32,No informado,90,5
gh-31321697284,2026-08-09T10:40:43-05:00,1000004-B,NA,(4) Grupo 4,Myriam Leonor Campos Florez,37,5
gh-31321697284,2026-08-09T10:40:43-05:00,1000004-B,NA,(5) Grupo 5,Oscar Javier Lopez Alfonso,84,5
gh-31321697284,2026-08-09T10:40:43-05:00,1000004-B,NA,(7) Grupo 7,Anderson Arley Vera Arboleda,64,5
gh-31321697284,2026-08-09T10:40:43-05:00,1000004-B,NA,(8) Grupo 8,No informado,40,5
gh-31321697284,2026-08-09T10:40:43-05:00,1000004-B,NA,(9) Grupo 9,No informado,18,5
gh-31321697284,2026-08-09T10:40:45-05:00,1000006-B,NA,(1) Grupo 1,No informado,40,6
gh-31321697284,2026-08-09T10:40:45-05:00,1000006-B,NA,(10) Grupo 10,No informado,100,6
gh-31321697284,2026-08-09T10:40:45-05:00,1000006-B,NA,(11) Grupo 11,No informado,40,6
gh-31321697284,2026-08-09T10:40:45-05:00,1000006-B,NA,(12) Grupo 12,Leonid Lebedev,60,6
gh-31321697284,2026-08-09T10:40:45-05:00,1000006-B,NA,(13) Grupo 13,Juan Carlos Hernandez Rincon,40,6
gh-31321697284,2026-08-09T10:40:45-05:00,1000006-B,NA,(14) Grupo 14,No informado,60,6
gh-31321697284,2026-08-09T10:40:45-05:00,1000006-B,NA,(15) Grupo 15,No informado,112,6
gh-31321697284,2026-08-09T10:40:45-05:00,1000006-B,NA,(2) Grupo 2,EDIXON MANUEL ROJAS SANTANA,40,6
gh-31321697284,2026-08-09T10:40:45-05:00,1000006-B,NA,(3) Grupo 3,Cesar Augusto Gomez Sierra,40,6
gh-31321697284,2026-08-09T10:40:45-05:00,1000006-B,NA,(4) Grupo 4,Agustin Moreno Canadas,100,6
gh-31321697284,2026-08-09T10:40:45-05:00,1000006-B,NA,(5) Grupo 5,German Eduardo Fonseca Buitrago,40,6
gh-31321697284,2026-08-09T10:40:45-05:00,1000006-B,NA,(7) Grupo 7,No informado,70,6
gh-31321697284,2026-08-09T10:40:45-05:00,1000006-B,NA,(8) Grupo 8,Epifanio Lozano Ayala,60,6
gh-31321697284,2026-08-09T10:40:45-05:00,1000006-B,NA,(9) Grupo 9,Orlando Vanegas Canro,0,6
gh-31321697284,2026-08-09T10:40:46-05:00,1000005-B,NA,(1) Grupo 1,Orlando Vanegas Canro,0,7
gh-31321697284,2026-08-09T10:40:46-05:00,1000005-B,NA,(10) Grupo 10,Epifanio Lozano Ayala,50,7
gh-31321697284,2026-08-09T10:40:46-05:00,1000005-B,NA,(14) Grupo 14,Mohammed EL AIDI,40,7
gh-31321697284,2026-08-09T10:40:46-05:00,1000005-B,NA,(15) Grupo 15,Alina Fedosova,60,7
gh-31321697284,2026-08-09T10:40:46-05:00,1000005-B,NA,(16) Grupo 16,No informado,70,7
gh-31321697284,2026-08-09T10:40:46-05:00,1000005-B,NA,(17) Grupo 17,Hernan Garzon Gutierrez,40,7
gh-31321697284,2026-08-09T10:40:46-05:00,1000005-B,NA,(2) Grupo 2,RENE ERLIN CASTILLO,60,7
gh-31321697284,2026-08-09T10:40:46-05:00,1000005-B,NA,(20) Grupo 20,Franqui Solis Cardenas Poloche,40,7
gh-31321697284,2026-08-09T10:40:46-05:00,1000005-B,NA,(22) Grupo 22,No informado,60,7
gh-31321697284,2026-08-09T10:40:46-05:00,1000005-B,NA,(3) Grupo 3,Eduardo Cardenas Gomez,70,7
gh-31321697284,2026-08-09T10:40:46-05:00,1000005-B,NA,(4) Grupo 4,Edward Samuel Becerra Rojas,60,7
gh-31321697284,2026-08-09T10:40:46-05:00,1000005-B,NA,(6) Grupo 6,No informado,60,7
gh-31321697284,2026-08-09T10:40:46-05:00,1000005-B,NA,(7) Grupo 7,Franqui Solis Cardenas Poloche,100,7
gh-31321697284,2026-08-09T10:40:46-05:00,1000005-B,NA,(8) Grupo 8,No informado,40,7
gh-31321697284,2026-08-09T10:40:46-05:00,1000005-B,NA,(9) Grupo 9,No informado,10,7
gh-31321697284,2026-08-09T10:40:49-05:00,2015943,CLASE TEORICA,(1) Grupo 1,Carlos Orlando Robles Roa,15,9
gh-31321697284,2026-08-09T10:40:50-05:00,2015944,CLASE TEORICA,(1) Grupo 1,SANTIAGO RAMIREZ ECHEVERRI,15,10
gh-31321697284,2026-08-09T10:40:51-05:00,2015711,NA,(10) 2015711-10 Dibujo básico,Ariel Augusto Amaya Avila,0,11
gh-31321697284,2026-08-09T10:40:51-05:00,2015711,NA,(11) 2015711-11 Dibujo básico,Cesar Augusto Bacca Gonzalez,0,11
gh-31321697284,2026-08-09T10:40:51-05:00,2015711,NA,(14) 2015711-14 Dibujo básico,Cristian Felipe Morales Suárez,0,11
gh-31321697284,2026-08-09T10:40:51-05:00,2015711,NA,(16) 2015711-16 Dibujo básico,DAVID FELIPE TORRES ARCE,0,11
gh-31321697284,2026-08-09T10:40:51-05:00,2015711,NA,(4) 2015711-4 Dibujo básico,Cristian Felipe Morales Suárez,9,11
gh-31321697284,2026-08-09T10:40:51-05:00,2015711,NA,(5) 2015711-5 Dibujo básico,Sebastian Achury Ortiz,0,11
gh-31321697284,2026-08-09T10:40:51-05:00,2015711,NA,(7) 2015711-7 Dibujo básico,Cesar Augusto Bacca Gonzalez,20,11
gh-31321697284,2026-08-09T10:40:51-05:00,2015711,NA,(8) 2015711-8 Dibujo básico,Miguel Angel Baquero Cortes,0,11
gh-31321697284,2026-08-09T10:40:51-05:00,2015711,NA,(9) 2015711-9 Dibujo básico,EDWIN CAMILO REINA BELTRAN,0,11
gh-31321697284,2026-08-09T10:40:52-05:00,2015948,CLASE TEORICA,(1) Grupo 1,No informado,30,12
gh-31321697284,2026-08-09T10:40:52-05:00,2015948,CLASE TEORICA,(2) Grupo 2,Mauricio Alberto Tapias Camacho,30,12
gh-31321697284,2026-08-09T10:40:52-05:00,2015948,CLASE TEORICA,(3) Grupo 3,No informado,30,12
gh-31321697284,2026-08-09T10:40:53-05:00,2015950,CLASE TEORICA,(1) Grupo 1,No informado,25,13
gh-31321697284,2026-08-09T10:40:53-05:00,2015950,CLASE TEORICA,(2) Grupo 2,No informado,0,13
gh-31321697284,2026-08-09T10:40:53-05:00,2015950,CLASE TEORICA,(3) Grupo 3,Daniel Ricardo Lozano Monsalve,25,13
gh-31321697284,2026-08-09T10:40:53-05:00,2015950,CLASE TEORICA,(4) Grupo 4,No informado,25,13
gh-31321697284,2026-08-09T10:40:53-05:00,2015950,CLASE TEORICA,(5) Grupo 5,No informado,25,13
gh-31321697284,2026-08-09T10:40:54-05:00,2015949,CLASE TEORICA,(1) Grupo 1,Mario Javier Cardozo Chaux,30,14
gh-31321697284,2026-08-09T10:40:54-05:00,2015949,CLASE TEORICA,(2) Grupo 2,Wilson Ernesto Vargas Vargas,30,14
gh-31321697284,2026-08-09T10:40:54-05:00,2015949,CLASE TEORICA,(3) Grupo 3,No informado,30,14
gh-31321697284,2026-08-09T10:40:56-05:00,1000007-B,NA,(1) Grupo 1,German Eduardo Fonseca Buitrago,60,15
gh-31321697284,2026-08-09T10:40:56-05:00,1000007-B,NA,(11) Grupo 11,Leonid Lebedev,60,15
gh-31321697284,2026-08-09T10:40:56-05:00,1000007-B,NA,(12) Grupo 12,No informado,60,15
gh-31321697284,2026-08-09T10:40:56-05:00,1000007-B,NA,(13) Grupo 13,Omar Duque Gomez,40,15
gh-31321697284,2026-08-09T10:40:56-05:00,1000007-B,NA,(14) Grupo 14,No informado,100,15
gh-31321697284,2026-08-09T10:40:56-05:00,1000007-B,NA,(3) Grupo 3,Serafin Bautista Diaz,40,15
gh-31321697284,2026-08-09T10:40:56-05:00,1000007-B,NA,(4) Grupo 4,EDIXON MANUEL ROJAS SANTANA,60,15
gh-31321697284,2026-08-09T10:40:56-05:00,1000007-B,NA,(6) Grupo 6,Alexander Caviedes Castro,50,15
gh-31321697284,2026-08-09T10:40:56-05:00,1000007-B,NA,(7) Grupo 7,Oscar Guillermo Riaño Castañeda,40,15
gh-31321697284,2026-08-09T10:40:56-05:00,1000007-B,NA,(9) Grupo 9,Orlando Vanegas Canro,0,15
gh-31321697284,2026-08-09T10:40:57-05:00,2026134,CLASE TEORICA,(1) Grupo 1,No informado,0,16
gh-31321697284,2026-08-09T10:40:57-05:00,2026134,CLASE TEORICA,(2) Grupo 2,Juan Manuel Lizarazo Marriaga,30,16
gh-31321697284,2026-08-09T10:40:57-05:00,2026134,CLASE TEORICA,(3) Grupo 3,Maritzabel Molina Herrera,30,16
gh-31321697284,2026-08-09T10:40:57-05:00,2026134,CLASE TEORICA,(4) Grupo 4,Carlos Ramiro Vallecilla Bahena,30,16
gh-31321697284,2026-08-09T10:40:57-05:00,2026134,CLASE TEORICA,(5) Grupo 5,Fernando Lozano Osorno,30,16
gh-31321697284,2026-08-09T10:40:57-05:00,2026134,CLASE TEORICA,(6) Grupo 6,No informado,30,16
gh-31321697284,2026-08-09T10:40:58-05:00,2015954,CLASE TEORICA,(1) Grupo 1,Erasmo Alfredo Rodriguez Sandoval,30,17
gh-31321697284,2026-08-09T10:40:58-05:00,2015954,CLASE TEORICA,(2) Grupo 2,Mario Enrique Moreno Castiblanco,30,17
gh-31321697284,2026-08-09T10:40:58-05:00,2015954,CLASE TEORICA,(3) Grupo 3,Luis Alejandro Morales Marin,30,17
gh-31321697284,2026-08-09T10:40:59-05:00,2015955,CLASE TEORICA,(1) Grupo 1,Giovanni Andres Cortes Tovar,30,18
gh-31321697284,2026-08-09T10:40:59-05:00,2015955,CLASE TEORICA,(2) Grupo 2,Angela Barrera Puerto,30,18
gh-31321697284,2026-08-09T10:40:59-05:00,2015955,CLASE TEORICA,(3) Grupo 3,Giovanni Andres Cortes Tovar,30,18
gh-31321697284,2026-08-09T10:41:01-05:00,1000011-B,CLASE TEORICA,(1) Grupo 1,Ernesto Javier Puertas Dellepianes,118,19
gh-31321697284,2026-08-09T10:41:01-05:00,1000011-B,CLASE TEORICA,(3) Grupo 3,Néstor Fernando Perez Buitrago,12,19
gh-31321697284,2026-08-09T10:41:03-05:00,1000019-B,CLASE LABORATORIO,(1) Grupo 1,Gustavo Martinez Tamayo,35,20
gh-31321697284,2026-08-09T10:41:03-05:00,1000019-B,CLASE TALLER,(1) Grupo 1,FABIAN FELIPE QUEVEDO FARIETA,35,20
gh-31321697284,2026-08-09T10:41:03-05:00,1000019-B,CLASE MAGISTRAL,(1) Grupo 1,Gustavo Martinez Tamayo,35,20
gh-31321697284,2026-08-09T10:41:03-05:00,1000019-B,CLASE LABORATORIO,(10) Grupo 10,LUIS AGULLES PEDROS,35,20
gh-31321697284,2026-08-09T10:41:03-05:00,1000019-B,CLASE TALLER,(10) Grupo 10,Jhon Morales Aponte,35,20
gh-31321697284,2026-08-09T10:41:03-05:00,1000019-B,CLASE MAGISTRAL,(10) Grupo 10,Ovidio Amado Almanza Montero,35,20
gh-31321697284,2026-08-09T10:41:03-05:00,1000019-B,CLASE LABORATORIO,(11) Grupo 11,EVER DAVID ALCALA CAJAR,35,20
gh-31321697284,2026-08-09T10:41:03-05:00,1000019-B,CLASE TALLER,(11) Grupo 11,JULIAN MATEO DE MENDOZA GUTIERREZ,35,20
gh-31321697284,2026-08-09T10:41:03-05:00,1000019-B,CLASE MAGISTRAL,(11) Grupo 11,Ovidio Amado Almanza Montero,35,20
gh-31321697284,2026-08-09T10:41:03-05:00,1000019-B,CLASE LABORATORIO,(12) Grupo 12,FABIAN FELIPE QUEVEDO FARIETA,35,20
gh-31321697284,2026-08-09T10:41:03-05:00,1000019-B,CLASE TALLER,(12) Grupo 12,EVER DAVID ALCALA CAJAR,35,20
gh-31321697284,2026-08-09T10:41:03-05:00,1000019-B,CLASE MAGISTRAL,(12) Grupo 12,Ovidio Amado Almanza Montero,35,20
gh-31321697284,2026-08-09T10:41:03-05:00,1000019-B,CLASE LABORATORIO,(13) Grupo 13,Alvaro Marino Camargo,35,20
gh-31321697284,2026-08-09T10:41:03-05:00,1000019-B,CLASE TALLER,(13) Grupo 13,MIGUEL ENRIQUE GÁMEZ LÓPEZ,35,20
gh-31321697284,2026-08-09T10:41:03-05:00,1000019-B,CLASE MAGISTRAL,(13) Grupo 13,Alvaro Marino Camargo,35,20
gh-31321697284,2026-08-09T10:41:03-05:00,1000019-B,CLASE LABORATORIO,(14) Grupo 14,Alvaro Marino Camargo,35,20
gh-31321697284,2026-08-09T10:41:03-05:00,1000019-B,CLASE TALLER,(14) Grupo 14,No informado,35,20
gh-31321697284,2026-08-09T10:41:03-05:00,1000019-B,CLASE MAGISTRAL,(14) Grupo 14,Alvaro Marino Camargo,35,20
gh-31321697284,2026-08-09T10:41:03-05:00,1000019-B,CLASE LABORATORIO,(15) Grupo 15,JULIAN MATEO DE MENDOZA GUTIERREZ,32,20
gh-31321697284,2026-08-09T10:41:03-05:00,1000019-B,CLASE TALLER,(15) Grupo 15,EVER DAVID ALCALA CAJAR,32,20
gh-31321697284,2026-08-09T10:41:03-05:00,1000019-B,CLASE MAGISTRAL,(15) Grupo 15,Alvaro Marino Camargo,32,20
gh-31321697284,2026-08-09T10:41:03-05:00,1000019-B,CLASE MAGISTRAL,(16) Gruop 16,Erika Lorena Rosero Alzate; Daniel Camilo Padilla González,8,20
gh-31321697284,2026-08-09T10:41:03-05:00,1000019-B,CLASE LABORATORIO,(16) Grupo 16,Alvaro Marino Camargo,35,20
gh-31321697284,2026-08-09T10:41:03-05:00,1000019-B,CLASE TALLER,(16) Grupo 16,Edna Carolina Pinilla Beltran,35,20
gh-31321697284,2026-08-09T10:41:03-05:00,1000019-B,CLASE LABORATORIO,(17) Grupo 17,JULIAN MATEO DE MENDOZA GUTIERREZ,34,20
gh-31321697284,2026-08-09T10:41:03-05:00,1000019-B,CLASE TALLER,(17) Grupo 17,Jereson Silva Valencia,34,20
gh-31321697284,2026-08-09T10:41:03-05:00,1000019-B,CLASE MAGISTRAL,(17) Grupo 17,Jereson Silva Valencia,34,20
gh-31321697284,2026-08-09T10:41:03-05:00,1000019-B,CLASE LABORATORIO,(18) Grupo 18,Jaime Villalobos Velasco,34,20
gh-31321697284,2026-08-09T10:41:03-05:00,1000019-B,CLASE TALLER,(18) Grupo 18,Jereson Silva Valencia,34,20
gh-31321697284,2026-08-09T10:41:03-05:00,1000019-B,CLASE MAGISTRAL,(18) Grupo 18,Jereson Silva Valencia,34,20
gh-31321697284,2026-08-09T10:41:03-05:00,1000019-B,CLASE LABORATORIO,(19) Grupo 19,JULY PAOLA GARZÓN LOPEZ,32,20
gh-31321697284,2026-08-09T10:41:03-05:00,1000019-B,CLASE TALLER,(19) Grupo 19,Jereson Silva Valencia,32,20
gh-31321697284,2026-08-09T10:41:03-05:00,1000019-B,CLASE MAGISTRAL,(19) Grupo 19,Jereson Silva Valencia,32,20
gh-31321697284,2026-08-09T10:41:03-05:00,1000019-B,CLASE LABORATORIO,(2) Grupo 2,Gustavo Martinez Tamayo,35,20
gh-31321697284,2026-08-09T10:41:03-05:00,1000019-B,CLASE TALLER,(2) Grupo 2,Gustavo Martinez Tamayo,35,20
gh-31321697284,2026-08-09T10:41:03-05:00,1000019-B,CLASE MAGISTRAL,(2) Grupo 2,Gustavo Martinez Tamayo,35,20
gh-31321697284,2026-08-09T10:41:03-05:00,1000019-B,CLASE LABORATORIO,(20) Grupo 20,JOSE ALFREDO GOMEZ MATEUS,35,20
gh-31321697284,2026-08-09T10:41:03-05:00,1000019-B,CLASE TALLER,(20) Grupo 20,Jereson Silva Valencia,35,20
gh-31321697284,2026-08-09T10:41:03-05:00,1000019-B,CLASE MAGISTRAL,(20) Grupo 20,Jereson Silva Valencia,35,20
gh-31321697284,2026-08-09T10:41:03-05:00,1000019-B,CLASE LABORATORIO,(21) Grupo 21,Pedro Hernan Sanchez Machet,35,20
gh-31321697284,2026-08-09T10:41:03-05:00,1000019-B,CLASE TALLER,(21) Grupo 21,JOSE ALFREDO GOMEZ MATEUS,35,20
gh-31321697284,2026-08-09T10:41:03-05:00,1000019-B,CLASE MAGISTRAL,(21) Grupo 21,Diego Alejandro Torres Galindo,35,20
gh-31321697284,2026-08-09T10:41:03-05:00,1000019-B,CLASE LABORATORIO,(22) Grupo 22,Pedro Hernan Sanchez Machet,35,20
gh-31321697284,2026-08-09T10:41:03-05:00,1000019-B,CLASE TALLER,(22) Grupo 22,JULY PAOLA GARZÓN LOPEZ,35,20
gh-31321697284,2026-08-09T10:41:03-05:00,1000019-B,CLASE MAGISTRAL,(22) Grupo 22,Diego Alejandro Torres Galindo,35,20
gh-31321697284,2026-08-09T10:41:03-05:00,1000019-B,CLASE LABORATORIO,(23) Grupo 23,Pedro Hernan Sanchez Machet,35,20
gh-31321697284,2026-08-09T10:41:03-05:00,1000019-B,CLASE TALLER,(23) Grupo 23,Edna Carolina Pinilla Beltran,35,20
gh-31321697284,2026-08-09T10:41:03-05:00,1000019-B,CLASE MAGISTRAL,(23) Grupo 23,Diego Alejandro Torres Galindo,35,20
gh-31321697284,2026-08-09T10:41:03-05:00,1000019-B,CLASE LABORATORIO,(24) Grupo 24,Pedro Hernan Sanchez Machet,35,20
gh-31321697284,2026-08-09T10:41:03-05:00,1000019-B,CLASE TALLER,(24) Grupo 24,Diego Alejandro Torres Galindo,35,20
gh-31321697284,2026-08-09T10:41:03-05:00,1000019-B,CLASE MAGISTRAL,(24) Grupo 24,Diego Alejandro Torres Galindo,35,20
gh-31321697284,2026-08-09T10:41:03-05:00,1000019-B,CLASE LABORATORIO,(25) Grupo 25,Plinio Del Carmen Teheran Sermeno,45,20
gh-31321697284,2026-08-09T10:41:03-05:00,1000019-B,CLASE TALLER,(25) Grupo 25,Plinio Del Carmen Teheran Sermeno,45,20
gh-31321697284,2026-08-09T10:41:03-05:00,1000019-B,CLASE MAGISTRAL,(25) Grupo 25,Plinio Del Carmen Teheran Sermeno,45,20
gh-31321697284,2026-08-09T10:41:03-05:00,1000019-B,CLASE LABORATORIO,(26) Grupo 26 (VIRTUAL),Plinio Del Carmen Teheran Sermeno,50,20
gh-31321697284,2026-08-09T10:41:03-05:00,1000019-B,CLASE TALLER,(26) Grupo 26 (VIRTUAL),Plinio Del Carmen Teheran Sermeno,50,20
gh-31321697284,2026-08-09T10:41:03-05:00,1000019-B,CLASE MAGISTRAL,(26) Grupo 26 (VIRTUAL),Plinio Del Carmen Teheran Sermeno,50,20
gh-31321697284,2026-08-09T10:41:03-05:00,1000019-B,CLASE LABORATORIO,(27) Grupo 27 (VIRTUAL),Plinio Del Carmen Teheran Sermeno,50,20
gh-31321697284,2026-08-09T10:41:03-05:00,1000019-B,CLASE TALLER,(27) Grupo 27 (VIRTUAL),Plinio Del Carmen Teheran Sermeno,50,20
gh-31321697284,2026-08-09T10:41:03-05:00,1000019-B,CLASE MAGISTRAL,(27) Grupo 27 (VIRTUAL),Plinio Del Carmen Teheran Sermeno,50,20
gh-31321697284,2026-08-09T10:41:03-05:00,1000019-B,CLASE LABORATORIO,(28) Grupo 28 (VIRTUAL),Plinio Del Carmen Teheran Sermeno,50,20
gh-31321697284,2026-08-09T10:41:03-05:00,1000019-B,CLASE TALLER,(28) Grupo 28 (VIRTUAL),Plinio Del Carmen Teheran Sermeno,50,20
gh-31321697284,2026-08-09T10:41:03-05:00,1000019-B,CLASE MAGISTRAL,(28) Grupo 28 (VIRTUAL),Plinio Del Carmen Teheran Sermeno,50,20
gh-31321697284,2026-08-09T10:41:03-05:00,1000019-B,CLASE LABORATORIO,(29) Grupo 29 (VIRTUAL),Plinio Del Carmen Teheran Sermeno,50,20
gh-31321697284,2026-08-09T10:41:03-05:00,1000019-B,CLASE TALLER,(29) Grupo 29 (VIRTUAL),Plinio Del Carmen Teheran Sermeno,50,20
gh-31321697284,2026-08-09T10:41:03-05:00,1000019-B,CLASE MAGISTRAL,(29) Grupo 29 (VIRTUAL),Plinio Del Carmen Teheran Sermeno,50,20
gh-31321697284,2026-08-09T10:41:03-05:00,1000019-B,CLASE LABORATORIO,(3) Grupo 3,Gustavo Martinez Tamayo,35,20
gh-31321697284,2026-08-09T10:41:03-05:00,1000019-B,CLASE TALLER,(3) Grupo 3,Gustavo Martinez Tamayo,35,20
gh-31321697284,2026-08-09T10:41:03-05:00,1000019-B,CLASE MAGISTRAL,(3) Grupo 3,Gustavo Martinez Tamayo,35,20
gh-31321697284,2026-08-09T10:41:03-05:00,1000019-B,CLASE LABORATORIO,(4) Grupo 4,No informado,35,20
gh-31321697284,2026-08-09T10:41:03-05:00,1000019-B,CLASE TALLER,(4) Grupo 4,Jaime Villalobos Velasco,35,20
gh-31321697284,2026-08-09T10:41:03-05:00,1000019-B,CLASE MAGISTRAL,(4) Grupo 4,Gustavo Martinez Tamayo,35,20
gh-31321697284,2026-08-09T10:41:03-05:00,1000019-B,CLASE LABORATORIO,(5) Grupo 5,FABIAN FELIPE QUEVEDO FARIETA,35,20
gh-31321697284,2026-08-09T10:41:03-05:00,1000019-B,CLASE TALLER,(5) Grupo 5,Jaime Villalobos Velasco,35,20
gh-31321697284,2026-08-09T10:41:03-05:00,1000019-B,CLASE MAGISTRAL,(5) Grupo 5,Ramiro Cardona Cardona,35,20
gh-31321697284,2026-08-09T10:41:03-05:00,1000019-B,CLASE LABORATORIO,(6) Grupo 6,Jaime Villalobos Velasco,35,20
gh-31321697284,2026-08-09T10:41:03-05:00,1000019-B,CLASE TALLER,(6) Grupo 6,Ramiro Cardona Cardona,35,20
gh-31321697284,2026-08-09T10:41:03-05:00,1000019-B,CLASE MAGISTRAL,(6) Grupo 6,Ramiro Cardona Cardona,35,20
gh-31321697284,2026-08-09T10:41:03-05:00,1000019-B,CLASE LABORATORIO,(7) Grupo 7,Jaime Villalobos Velasco,35,20
gh-31321697284,2026-08-09T10:41:03-05:00,1000019-B,CLASE TALLER,(7) Grupo 7,Ramiro Cardona Cardona,35,20
gh-31321697284,2026-08-09T10:41:03-05:00,1000019-B,CLASE MAGISTRAL,(7) Grupo 7,Ramiro Cardona Cardona,35,20
gh-31321697284,2026-08-09T10:41:03-05:00,1000019-B,CLASE LABORATORIO,(8) Grupo 8,Jaime Villalobos Velasco,35,20
gh-31321697284,2026-08-09T10:41:03-05:00,1000019-B,CLASE TALLER,(8) Grupo 8,Edna Carolina Pinilla Beltran,35,20
gh-31321697284,2026-08-09T10:41:03-05:00,1000019-B,CLASE MAGISTRAL,(8) Grupo 8,Ramiro Cardona Cardona,35,20
gh-31321697284,2026-08-09T10:41:03-05:00,1000019-B,CLASE LABORATORIO,(9) Grupo 9,Erika Lorena Rosero Alzate,0,20
gh-31321697284,2026-08-09T10:41:03-05:00,1000019-B,CLASE TALLER,(9) Grupo 9,No informado,10,20
gh-31321697284,2026-08-09T10:41:03-05:00,1000019-B,CLASE MAGISTRAL,(9) Grupo 9,Fredy Angel Jimenez Giraldo,10,20
gh-31321697284,2026-08-09T10:41:05-05:00,2015956,CLASE TEORICA,(1) Grupo 1,Modesto Portilla Gamboa; Fernando Eli Romero Ordoñez,35,21
gh-31321697284,2026-08-09T10:41:05-05:00,2015956,CLASE TEORICA,(2) Grupo 2,Jennifer Angel Amaya,30,21
gh-31321697284,2026-08-09T10:41:05-05:00,2015956,CLASE TEORICA,(3) Grupo 3,Jennifer Angel Amaya,30,21
gh-31321697284,2026-08-09T10:41:05-05:00,2015956,CLASE TEORICA,(4) Grupo 4,Fernando Eli Romero Ordoñez; Modesto Portilla Gamboa,35,21
gh-31321697284,2026-08-09T10:41:06-05:00,2015957,CLASE PRACTICA,(1) Grupo 1,No informado,30,22
gh-31321697284,2026-08-09T10:41:06-05:00,2015957,CLASE PRACTICA,(2) Grupo 2,Samuel Fernando Mesa Giraldo,30,22
gh-31321697284,2026-08-09T10:41:06-05:00,2015957,CLASE PRACTICA,(3) Grupo 3,Rose Marie Aldana Boutin,30,22
gh-31321697284,2026-08-09T10:41:06-05:00,2015957,CLASE PRACTICA,(4) Grupo 4,Rose Marie Aldana Boutin,30,22
gh-31321697284,2026-08-09T10:41:07-05:00,2015958,CLASE PRACTICA,(1) Grupo 1,William Castro Garcia,20,23
gh-31321697284,2026-08-09T10:41:07-05:00,2015958,CLASE TEORICA,(1) Grupo 1,William Castro Garcia,40,23
gh-31321697284,2026-08-09T10:41:07-05:00,2015958,CLASE PRACTICA,(2) Grupo 2,William Castro Garcia,20,23
gh-31321697284,2026-08-09T10:41:07-05:00,2015958,CLASE PRACTICA,(3) Grupo 3,Carlos Alfonso Gomez Guacaneme,30,23
gh-31321697284,2026-08-09T10:41:07-05:00,2015958,CLASE TEORICA,(3) Grupo 3,Carlos Alfonso Gomez Guacaneme,30,23
gh-31321697284,2026-08-09T10:41:07-05:00,2015958,CLASE PRACTICA,(4) Grupo 4,Mario Arturo Rincon Villalba,20,23
gh-31321697284,2026-08-09T10:41:07-05:00,2015958,CLASE TEORICA,(4) Grupo 4,Mario Arturo Rincon Villalba,40,23
gh-31321697284,2026-08-09T10:41:07-05:00,2015958,CLASE PRACTICA,(5) Grupo 5,Mario Arturo Rincon Villalba,20,23
gh-31321697284,2026-08-09T10:41:07-05:00,2015958,CLASE PRACTICA,(6) Grupo 6,Fausto Alejandro Silva España,20,23
gh-31321697284,2026-08-09T10:41:07-05:00,2015958,CLASE TEORICA,(6) Grupo 6,Cesar Andres Cortes Bello,40,23
gh-31321697284,2026-08-09T10:41:07-05:00,2015958,CLASE PRACTICA,(7) Grupo 7,Fausto Alejandro Silva España,20,23
gh-31321697284,2026-08-09T10:41:07-05:00,2015958,CLASE PRACTICA,(8) Grupo 8,Fausto Alejandro Silva España,20,23
gh-31321697284,2026-08-09T10:41:07-05:00,2015958,CLASE TEORICA,(8) Grupo 8,Cesar Andres Cortes Bello,40,23
gh-31321697284,2026-08-09T10:41:07-05:00,2015958,CLASE PRACTICA,(9) Grupo 9,Fausto Alejandro Silva España,20,23
gh-31321697284,2026-08-09T10:41:08-05:00,2015959,CLASE TEORICA,(1) Grupo 1,Carlos Eduardo Rodriguez Pineda,30,24
gh-31321697284,2026-08-09T10:41:08-05:00,2015959,CLASE TEORICA,(2) Grupo 2,Guillermo Eduardo Avila Alvarez,30,24
gh-31321697284,2026-08-09T10:41:08-05:00,2015959,CLASE TEORICA,(3) Grupo 3,Livaniel Viveros Rosero,30,24
gh-31321697284,2026-08-09T10:41:08-05:00,2015959,CLASE TEORICA,(4) Grupo 4,No informado,0,24
gh-31321697284,2026-08-09T10:41:11-05:00,2015961,CLASE TEORICA,(1) Grupo 1,Rafael Orland Ortiz Mosquera,24,26
gh-31321697284,2026-08-09T10:41:11-05:00,2015961,CLASE TEORICA,(2) Grupo 2,Adriana Patricia Piña Fulano,24,26
gh-31321697284,2026-08-09T10:41:11-05:00,2015961,CLASE TEORICA,(3) Grupo 3,Gelber Norberto Gutierrez Palacios,24,26
gh-31321697284,2026-08-09T10:41:11-05:00,2015961,CLASE TEORICA,(4) Grupo 4,No informado,24,26
gh-31321697284,2026-08-09T10:41:11-05:00,2015961,CLASE TEORICA,(5) Grupo 5,No informado,24,26
gh-31321697284,2026-08-09T10:41:11-05:00,2015961,CLASE TEORICA,(6) Grupo 6,Leonardo David Donado Garzon,24,26
gh-31321697284,2026-08-09T10:41:12-05:00,2015978,CLASE TEORICA,(1) Grupo 1,No informado,0,27
gh-31321697284,2026-08-09T10:41:12-05:00,2015978,CLASE TEORICA,(2) Grupo 2,Erasmo Alfredo Rodriguez Sandoval,30,27
gh-31321697284,2026-08-09T10:41:12-05:00,2015978,CLASE TEORICA,(3) Grupo 3,No informado,30,27
gh-31321697284,2026-08-09T10:41:12-05:00,2015978,CLASE TEORICA,(4) Grupo 4,No informado,30,27
gh-31321697284,2026-08-09T10:41:12-05:00,2015978,CLASE TEORICA,(5) Grupo 5,No informado,30,27
gh-31321697284,2026-08-09T10:41:13-05:00,2026135,CLASE TEORICA,(1) Grupo 1,NICOLAS ESCALANTE MORA,25,28
gh-31321697284,2026-08-09T10:41:13-05:00,2026135,CLASE TEORICA,(2) Grupo 2,Leonel Vega Mora,25,28
gh-31321697284,2026-08-09T10:41:13-05:00,2026135,CLASE TEORICA,(3) Grupo 3,Leonel Vega Mora,25,28
gh-31321697284,2026-08-09T10:41:14-05:00,2015963,CLASE TEORICA,(1) Grupo 1,No informado,30,29
gh-31321697284,2026-08-09T10:41:14-05:00,2015963,CLASE TEORICA,(2) Grupo 2,No informado,30,29
gh-31321697284,2026-08-09T10:41:14-05:00,2015963,CLASE TEORICA,(3) Grupo 3,William Castro Garcia,30,29
gh-31321697284,2026-08-09T10:41:16-05:00,2026138,CLASE TEORICA,(1) Grupo 1,Ivan Dario Serrano Arrieta,30,30
gh-31321697284,2026-08-09T10:41:16-05:00,2026138,CLASE TEORICA,(2) Grupo 2,Ivan Dario Serrano Arrieta,30,30
gh-31321697284,2026-08-09T10:41:16-05:00,2026138,CLASE TEORICA,(3) Grupo 3,Pedro Luis Jimenez Poveda,30,30
gh-31321697284,2026-08-09T10:41:17-05:00,2015703,NA,(1) Grupo 1,Angela Maria Arboleda Restrepo,40,31
gh-31321697284,2026-08-09T10:41:17-05:00,2015703,NA,(10) Grupo 10,Diego Alejandro Hernandez Castañeda,30,31
gh-31321697284,2026-08-09T10:41:17-05:00,2015703,NA,(11) Grupo 11,Julio Cesar Cañon Rodriguez,30,31
gh-31321697284,2026-08-09T10:41:17-05:00,2015703,NA,(2) Grupo 2,Osman Benjamin Giovanny Vargas Rozo,40,31
gh-31321697284,2026-08-09T10:41:17-05:00,2015703,NA,(3) Grupo 3,Hugo Alberto Herrera Fonseca,40,31
gh-31321697284,2026-08-09T10:41:17-05:00,2015703,NA,(4) Grupo 4,LINA JULIANA BULLA CASAS,30,31
gh-31321697284,2026-08-09T10:41:17-05:00,2015703,NA,(5) Grupo 5 - Virtual,Cesar Augusto Roa Lemus,60,31
gh-31321697284,2026-08-09T10:41:17-05:00,2015703,NA,(6) Grupo 6,JAVIER RICARDO OJEDA SANCHEZ,40,31
gh-31321697284,2026-08-09T10:41:17-05:00,2015703,NA,(7) Grupo 7,JAVIER RICARDO OJEDA SANCHEZ,20,31
gh-31321697284,2026-08-09T10:41:17-05:00,2015703,NA,(8) Grupo 8,Diego Alejandro Hernandez Castañeda,40,31
gh-31321697284,2026-08-09T10:41:17-05:00,2015703,NA,(9) Grupo 9,LINA JULIANA BULLA CASAS,35,31
gh-31321697284,2026-08-09T10:41:18-05:00,1000044-B,CLASE TEORICA,(1) Grupo 1,Beatriz Elena Urrutia Sanchez,26,32
gh-31321697284,2026-08-09T10:41:18-05:00,1000044-B,CLASE TEORICA,(2) Grupo 2,Yaneli Niño Osorio,26,32
gh-31321697284,2026-08-09T10:41:18-05:00,1000044-B,CLASE TEORICA,(3) Grupo 3,Luis Gabriel Peña Ortiz,26,32
gh-31321697284,2026-08-09T10:41:18-05:00,1000044-B,CLASE TEORICA,(4) Grupo 4,Liliana Marcela Guzman Aricapa,26,32
gh-31321697284,2026-08-09T10:41:18-05:00,1000044-B,CLASE TEORICA,(5) Grupo 5,Beatriz Elena Urrutia Sanchez,26,32
gh-31321697284,2026-08-09T10:41:18-05:00,1000044-B,CLASE TEORICA,(6) Grupo 6,Cesar Augusto Romero,26,32
gh-31321697284,2026-08-09T10:41:18-05:00,1000044-B,CLASE TEORICA,(7) Grupo 7,JOSE JONATHAN MAESTRE HERRERA,26,32
gh-31321697284,2026-08-09T10:41:18-05:00,1000044-B,CLASE TEORICA,(8) Grupo 8,Beymar Leonardo Solorzano Alviz,26,32
gh-31321697284,2026-08-09T10:41:18-05:00,1000044-B,CLASE TEORICA,(9) Grupo 9,Claudia Marcela Arevalo Gomez,7,32
gh-31321697284,2026-08-09T10:41:20-05:00,1000045-B,CLASE TEORICA,(1) Grupo 1,Claudia Marcela Arevalo Gomez,10,33
gh-31321697284,2026-08-09T10:41:20-05:00,1000045-B,CLASE TEORICA,(10) Grupo 10,Jesica paola Rendon Alfonso,26,33
gh-31321697284,2026-08-09T10:41:20-05:00,1000045-B,CLASE TEORICA,(11) Grupo 11,JOSE JONATHAN MAESTRE HERRERA,26,33
gh-31321697284,2026-08-09T10:41:20-05:00,1000045-B,CLASE TEORICA,(12) Grupo 12,LINDA JOHANA RUIZ GOMEZ,26,33
gh-31321697284,2026-08-09T10:41:20-05:00,1000045-B,CLASE TEORICA,(13) Grupo 13,Narly Yadira Pardo Cadena,26,33
gh-31321697284,2026-08-09T10:41:20-05:00,1000045-B,CLASE TEORICA,(14) Grupo 14,Angelica Saenz Fonseca,26,33
gh-31321697284,2026-08-09T10:41:20-05:00,1000045-B,CLASE TEORICA,(15) Grupo 15,Narly Yadira Pardo Cadena,26,33
gh-31321697284,2026-08-09T10:41:20-05:00,1000045-B,CLASE TEORICA,(16) Grupo 16,Luis Gabriel Peña Ortiz,26,33
gh-31321697284,2026-08-09T10:41:20-05:00,1000045-B,CLASE TEORICA,(2) Grupo 2,Cesar Augusto Romero,26,33
gh-31321697284,2026-08-09T10:41:20-05:00,1000045-B,CLASE TEORICA,(3) Grupo 3,Jesica paola Rendon Alfonso,26,33
gh-31321697284,2026-08-09T10:41:20-05:00,1000045-B,CLASE TEORICA,(4) Grupo 4,Adriana Marlen Sanchez Riaño,26,33
gh-31321697284,2026-08-09T10:41:20-05:00,1000045-B,CLASE TEORICA,(5) Grupo 5,Cesar Augusto Romero,26,33
gh-31321697284,2026-08-09T10:41:20-05:00,1000045-B,CLASE TEORICA,(6) Grupo 6,Sara Elisa Monsalve Patino,26,33
gh-31321697284,2026-08-09T10:41:20-05:00,1000045-B,CLASE TEORICA,(7) Grupo 7,Luis Gabriel Peña Ortiz,26,33
gh-31321697284,2026-08-09T10:41:20-05:00,1000045-B,CLASE TEORICA,(8) Grupo 8,Johnatan Martinez Hernandez,26,33
gh-31321697284,2026-08-09T10:41:20-05:00,1000045-B,CLASE TEORICA,(9) Grupo 9,Maureen Elizabeth Hooker Oneill,15,33
gh-31321697284,2026-08-09T10:41:22-05:00,1000046-B,CLASE TEORICA,(1) Grupo 1,Johnatan Martinez Hernandez,26,35
gh-31321697284,2026-08-09T10:41:22-05:00,1000046-B,CLASE TEORICA,(10) Grupo 10,Jennly Angelica Gomez Rodriguez,26,35
gh-31321697284,2026-08-09T10:41:22-05:00,1000046-B,CLASE TEORICA,(11) Grupo 11,Angelica Saenz Fonseca,26,35
gh-31321697284,2026-08-09T10:41:22-05:00,1000046-B,CLASE TEORICA,(12) Grupo 12,Liliana Marcela Guzman Aricapa,26,35
gh-31321697284,2026-08-09T10:41:22-05:00,1000046-B,CLASE TEORICA,(13) Grupo 13,ALBA LUCIA RIAÑO RODRIGUEZ,26,35
gh-31321697284,2026-08-09T10:41:22-05:00,1000046-B,CLASE TEORICA,(14) Grupo 14,Angelica Saenz Fonseca,26,35
gh-31321697284,2026-08-09T10:41:22-05:00,1000046-B,CLASE TEORICA,(15) Grupo 15,Luis Gabriel Peña Ortiz,26,35
gh-31321697284,2026-08-09T10:41:22-05:00,1000046-B,CLASE TEORICA,(16) Grupo 16,Olga Lucia Ruiz Convers,26,35
gh-31321697284,2026-08-09T10:41:22-05:00,1000046-B,CLASE TEORICA,(17) Grupo 17,Luis Gabriel Peña Ortiz,26,35
gh-31321697284,2026-08-09T10:41:22-05:00,1000046-B,CLASE TEORICA,(18) Grupo 18,Narly Yadira Pardo Cadena,26,35
gh-31321697284,2026-08-09T10:41:22-05:00,1000046-B,CLASE TEORICA,(2) Grupo 2,Jesica paola Rendon Alfonso,26,35
gh-31321697284,2026-08-09T10:41:22-05:00,1000046-B,CLASE TEORICA,(3) Grupo 3,JESUS DAVID TORRES RODRIGUEZ,26,35
gh-31321697284,2026-08-09T10:41:22-05:00,1000046-B,CLASE TEORICA,(4) Grupo 4,Claudia Patricia Cortes Lora,26,35
gh-31321697284,2026-08-09T10:41:22-05:00,1000046-B,CLASE TEORICA,(5) Grupo 5,Johnatan Martinez Hernandez,26,35
gh-31321697284,2026-08-09T10:41:22-05:00,1000046-B,CLASE TEORICA,(6) Grupo 6,Johnatan Martinez Hernandez,26,35
gh-31321697284,2026-08-09T10:41:22-05:00,1000046-B,CLASE TEORICA,(7) Grupo 7,Jesica paola Rendon Alfonso,26,35
gh-31321697284,2026-08-09T10:41:22-05:00,1000046-B,CLASE TEORICA,(8) Grupo 8,Beatriz Elena Urrutia Sanchez,26,35
gh-31321697284,2026-08-09T10:41:22-05:00,1000046-B,CLASE TEORICA,(9) Grupo 9,Maureen Elizabeth Hooker Oneill,10,35
gh-31321697284,2026-08-09T10:41:25-05:00,1000052-B,CLASE TEORICA,(1) Grupo 1,Liliana Marcela Guzman Aricapa,28,37
gh-31321697284,2026-08-09T10:41:25-05:00,1000052-B,CLASE TEORICA,(2) Grupo 2,JOSE JONATHAN MAESTRE HERRERA,28,37
gh-31321697284,2026-08-09T10:41:25-05:00,1000052-B,CLASE TEORICA,(3) Grupo 3,Aida Elena Monsalve Solorzano,28,37
gh-31321697284,2026-08-09T10:41:26-05:00,1000053-B,CLASE TEORICA,(1) Grupo 1,Jennly Angelica Gomez Rodriguez,28,38
gh-31321697284,2026-08-09T10:41:26-05:00,1000053-B,CLASE TEORICA,(2) Grupo 2,Yaneli Niño Osorio,28,38
gh-31321697284,2026-08-09T10:41:26-05:00,1000053-B,CLASE TEORICA,(3) Grupo 3,Javier Rodriguez Gomez,30,38
gh-31321697284,2026-08-09T10:41:26-05:00,1000053-B,CLASE TEORICA,(4) Grupo 4,Javier Rodriguez Gomez,30,38
gh-31321697284,2026-08-09T10:41:26-05:00,1000053-B,CLASE TEORICA,(5) Grupo 5,LINDA JOHANA RUIZ GOMEZ,28,38
gh-31321697284,2026-08-09T10:41:26-05:00,1000053-B,CLASE TEORICA,(6) Grupo 6,Olga Lucia Ruiz Convers,28,38
gh-31321697284,2026-08-09T10:41:27-05:00,1000047-B,CLASE TEORICA,(1) Grupo 1,Cesar Augusto Romero,26,39
gh-31321697284,2026-08-09T10:41:27-05:00,1000047-B,CLASE TEORICA,(10) Grupo 10,Monica Alexandra Riaño Orjuela,26,39
gh-31321697284,2026-08-09T10:41:27-05:00,1000047-B,CLASE TEORICA,(11) Grupo 11,Jennly Angelica Gomez Rodriguez,26,39
gh-31321697284,2026-08-09T10:41:27-05:00,1000047-B,CLASE TEORICA,(12) Grupo 12,Claudia Patricia Cortes Lora,26,39
gh-31321697284,2026-08-09T10:41:27-05:00,1000047-B,CLASE TEORICA,(13) Grupo 13,Angelica Saenz Fonseca,26,39
gh-31321697284,2026-08-09T10:41:27-05:00,1000047-B,CLASE TEORICA,(14) Grupo 14,LINDA JOHANA RUIZ GOMEZ,26,39
gh-31321697284,2026-08-09T10:41:27-05:00,1000047-B,CLASE TEORICA,(15) Grupo 15,Claudia Patricia Cortes Lora,26,39
gh-31321697284,2026-08-09T10:41:27-05:00,1000047-B,CLASE TEORICA,(16) Grupo 16,Narly Yadira Pardo Cadena,26,39
gh-31321697284,2026-08-09T10:41:27-05:00,1000047-B,CLASE TEORICA,(17) Grupo 17,Angelica Saenz Fonseca,26,39
gh-31321697284,2026-08-09T10:41:27-05:00,1000047-B,CLASE TEORICA,(18) Grupo 18,ALBA LUCIA RIAÑO RODRIGUEZ,26,39
gh-31321697284,2026-08-09T10:41:27-05:00,1000047-B,CLASE TEORICA,(19) Grupo 19,Aida Elena Monsalve Solorzano,26,39
gh-31321697284,2026-08-09T10:41:27-05:00,1000047-B,CLASE TEORICA,(2) Grupo 2,Yaneli Niño Osorio,26,39
gh-31321697284,2026-08-09T10:41:27-05:00,1000047-B,CLASE TEORICA,(20) Grupo 20,ALBA LUCIA RIAÑO RODRIGUEZ,26,39
gh-31321697284,2026-08-09T10:41:27-05:00,1000047-B,CLASE TEORICA,(21) Grupo 21,Edwin Yesid Leon Silva,26,39
gh-31321697284,2026-08-09T10:41:27-05:00,1000047-B,CLASE TEORICA,(22) Grupo 22,LINDA JOHANA RUIZ GOMEZ,26,39
gh-31321697284,2026-08-09T10:41:27-05:00,1000047-B,CLASE TEORICA,(3) Grupo 3,Monica Alexandra Riaño Orjuela,26,39
gh-31321697284,2026-08-09T10:41:27-05:00,1000047-B,CLASE TEORICA,(4) Grupo 4,Claudia Patricia Cortes Lora,26,39
gh-31321697284,2026-08-09T10:41:27-05:00,1000047-B,CLASE TEORICA,(5) Grupo 5,Olga Lucia Ruiz Convers,26,39
gh-31321697284,2026-08-09T10:41:27-05:00,1000047-B,CLASE TEORICA,(6) Grupo 6,Monica Alexandra Riaño Orjuela,26,39
gh-31321697284,2026-08-09T10:41:27-05:00,1000047-B,CLASE TEORICA,(7) Grupo 7,Cesar Augusto Romero,26,39
gh-31321697284,2026-08-09T10:41:27-05:00,1000047-B,CLASE TEORICA,(8) Grupo 8,Beatriz Elena Urrutia Sanchez,26,39
gh-31321697284,2026-08-09T10:41:27-05:00,1000047-B,CLASE TEORICA,(9) Grupo 9,Keshia Hilary Howard Livingston,15,39
gh-31321697284,2026-08-09T10:41:30-05:00,2026186,CLASE TEORICA,(1) Grupo 1,Carol Andrea Murillo Feo,7,41
gh-31321697284,2026-08-09T10:41:30-05:00,2026186,CLASE TEORICA,(2) Grupo 2,Leonel Vega Mora,0,41
gh-31321697284,2026-08-09T10:41:30-05:00,2026186,CLASE TEORICA,(4) Grupo 4,Carlos Orlando Robles Roa,10,41
gh-31321697284,2026-08-09T10:41:31-05:00,1000002-B,CLASE TEORICA,(1) Grupo 1 - Clase Presencial,Ruth Andrea Cortés Suárez,1,42
gh-31321697284,2026-08-09T10:41:31-05:00,1000002-B,CLASE TEORICA,(10) Grupo 10 - Clase presencial,Karen Johanna Castelblanco Villamil,0,42
gh-31321697284,2026-08-09T10:41:31-05:00,1000002-B,CLASE TEORICA,(2) Grupo 2 - Clase Presencial,Ruth Andrea Cortés Suárez,0,42
gh-31321697284,2026-08-09T10:41:31-05:00,1000002-B,CLASE TEORICA,(3) Grupo 3 - Clase Presencial,Adriana Patricia Díaz Cuevas,0,42
gh-31321697284,2026-08-09T10:41:31-05:00,1000002-B,CLASE TEORICA,(4) Grupo 4 - Clase Presencial,Adriana Patricia Díaz Cuevas,0,42
gh-31321697284,2026-08-09T10:41:31-05:00,1000002-B,CLASE TEORICA,(5) Grupo 5 - Clase Presencial,Andres Felipe Escovar Barreto,0,42
gh-31321697284,2026-08-09T10:41:31-05:00,1000002-B,CLASE TEORICA,(6) Grupo 6 - Clase Presencial,Ruth Andrea Cortés Suárez,0,42
gh-31321697284,2026-08-09T10:41:31-05:00,1000002-B,CLASE TEORICA,(7) Grupo 7 - Clase Presencial,Karen Johanna Castelblanco Villamil,0,42
gh-31321697284,2026-08-09T10:41:31-05:00,1000002-B,CLASE TEORICA,(8) Grupo 8 - Clase Presencial,Adriana Patricia Díaz Cuevas,0,42
gh-31321697284,2026-08-09T10:41:31-05:00,1000002-B,CLASE TEORICA,(9) Grupo 9 - Clase Presencial,Carlas Lucia Castilla Lara,10,42
gh-31321697284,2026-08-09T10:41:33-05:00,1000001-B,CLASE TEORICA,(1) Grupo 1,No informado,0,43
gh-31321697284,2026-08-09T10:41:33-05:00,1000001-B,CLASE MAGISTRAL,(1) Grupo 1,Ibeth Marcela Rubio Perilla,0,43
gh-31321697284,2026-08-09T10:41:33-05:00,1000001-B,CLASE MAGISTRAL,(10) Grupo 10,No informado,0,43
gh-31321697284,2026-08-09T10:41:33-05:00,1000001-B,CLASE TEORICA,(19) Grupo 19,No informado,5,43
gh-31321697284,2026-08-09T10:41:33-05:00,1000001-B,CLASE TEORICA,(2) Grupo 2,No informado,10,43
gh-31321697284,2026-08-09T10:41:33-05:00,1000001-B,CLASE MAGISTRAL,(2) Grupo 2,Herbert Alonso Dueñas Ruiz,0,43
gh-31321697284,2026-08-09T10:41:33-05:00,1000001-B,CLASE MAGISTRAL,(3) Grupo 3,Jeanneth Galeano Penaloza,0,43
gh-31321697284,2026-08-09T10:41:33-05:00,1000001-B,CLASE MAGISTRAL,(4) Grupo 4,Gustavo Adolfo Nieto Clavijo,0,43
gh-31321697284,2026-08-09T10:41:33-05:00,1000001-B,CLASE MAGISTRAL,(5) Grupo 5,Natalia Camila Pinzon Cortes,0,43
gh-31321697284,2026-08-09T10:41:33-05:00,1000001-B,CLASE MAGISTRAL,(6) Grupo 6,Martha Cecilia Moreno Penagos,0,43
gh-31321697284,2026-08-09T10:41:33-05:00,1000001-B,CLASE MAGISTRAL,(7) Grupo 7,Claudio Rodriguez Beltran,0,43
gh-31321697284,2026-08-09T10:41:33-05:00,1000001-B,CLASE MAGISTRAL,(8) Grupo 8,Gabriel Ignacio Padilla Leon,0,43
gh-31321697284,2026-08-09T10:41:33-05:00,1000001-B,CLASE MAGISTRAL,(9) Grupo 9,No informado,10,43
gh-31321697284,2026-08-09T10:41:34-05:00,2015965,CLASE TEORICA,(1) Grupo 1,CAMILO RIOS FRESNEDA,24,44
gh-31321697284,2026-08-09T10:41:34-05:00,2015965,CLASE TEORICA,(2) Grupo 2,Julian David Puerto Suarez; Vladimir Buelvas Hernández,24,44
gh-31321697284,2026-08-09T10:41:34-05:00,2015965,CLASE TEORICA,(3) Grupo 3,Ferney Betancourt Cardozo; Juan Manuel Lizarazo Marriaga,24,44
gh-31321697284,2026-08-09T10:41:34-05:00,2015965,CLASE TEORICA,(4) Grupo 4,No informado,24,44
gh-31321697284,2026-08-09T10:41:36-05:00,2015966,CLASE TEORICA,(1) Grupo 1,No informado,24,45
gh-31321697284,2026-08-09T10:41:36-05:00,2015966,CLASE TEORICA,(2) Grupo 2,Adriana Patricia Piña Fulano,24,45
gh-31321697284,2026-08-09T10:41:36-05:00,2015966,CLASE TEORICA,(3) Grupo 3,Rafael Orland Ortiz Mosquera,24,45
gh-31321697284,2026-08-09T10:41:36-05:00,2015966,CLASE TEORICA,(4) Grupo 4,No informado,24,45
gh-31321697284,2026-08-09T10:41:36-05:00,2015966,CLASE TEORICA,(5) Grupo 5,No informado,24,45
gh-31321697284,2026-08-09T10:41:36-05:00,2015966,CLASE TEORICA,(6) Grupo 6,Luis Alejandro Morales Marin,24,45
gh-31321697284,2026-08-09T10:41:36-05:00,2015966,CLASE TEORICA,(7) Grupo 7,No informado,24,45
gh-31321697284,2026-08-09T10:41:36-05:00,2015966,CLASE TEORICA,(8) Grupo 8,No informado,24,45
gh-31321697284,2026-08-09T10:41:37-05:00,2015967,NA,(1) Grupo 1,Vladimir Buelvas Hernández,24,46
gh-31321697284,2026-08-09T10:41:38-05:00,2015968,CLASE TEORICA,(1) Grupo 1,Ricardo Parra Arango,24,47
gh-31321697284,2026-08-09T10:41:38-05:00,2015968,CLASE TEORICA,(2) Grupo 2,Juan David Oliveros Salazar,24,47
gh-31321697284,2026-08-09T10:41:38-05:00,2015968,CLASE TEORICA,(3) Grupo 3,No informado,24,47
gh-31321697284,2026-08-09T10:41:38-05:00,2015968,CLASE TEORICA,(4) Grupo 4,Ricardo Parra Arango,24,47
gh-31321697284,2026-08-09T10:41:38-05:00,2015968,CLASE TEORICA,(5) Grupo 5,Julian David Puerto Suarez,24,47
gh-31321697284,2026-08-09T10:41:38-05:00,2015968,CLASE TEORICA,(6) Grupo 6,Dorian Luis Linero Segrera,24,47
gh-31321697284,2026-08-09T10:41:38-05:00,2015968,CLASE TEORICA,(7) Grupo 7,No informado,0,47
gh-31321697284,2026-08-09T10:41:39-05:00,2015969,CLASE TEORICA,(1) Grupo 1 (Inglés),Julio Esteban Colmenares Montañez,30,48
gh-31321697284,2026-08-09T10:41:39-05:00,2015969,CLASE TEORICA,(2) Grupo 2,Guillermo Eduardo Avila Alvarez,30,48
gh-31321697284,2026-08-09T10:41:39-05:00,2015969,CLASE TEORICA,(3) Grupo 3,Livaniel Viveros Rosero,30,48
gh-31321697284,2026-08-09T10:41:39-05:00,2015969,CLASE TEORICA,(4) Grupo 4,No informado,30,48
gh-31321697284,2026-08-09T10:41:40-05:00,2015970,CLASE PRACTICA,(4) Grupo 4,Helga Duarte,30,49
gh-31321697284,2026-08-09T10:41:40-05:00,2015970,CLASE PRACTICA,(5) Grupo 5,Oswaldo Rojas Camacho,45,49
gh-31321697284,2026-08-09T10:41:40-05:00,2015970,CLASE PRACTICA,(8) Grupo 8,Helga Duarte,30,49
gh-31321697284,2026-08-09T10:41:40-05:00,2015970,CLASE PRACTICA,(9) Grupo 9,Oswaldo Rojas Camacho,45,49
gh-31321697284,2026-08-09T10:41:42-05:00,2017293,CLASE TEORICA,(1) 2017293-1 Modelación matemática,JUAN SEBASTIÁN HINCAPIÉ MONTES,34,50
gh-31321697284,2026-08-09T10:41:42-05:00,2017293,CLASE MAGISTRAL,(1M) 2017293-1M Modelación matemática - Magistral,Carlos Alberto Duque Daza,80,50
gh-31321697284,2026-08-09T10:41:42-05:00,2017293,CLASE TEORICA,(2) 2017293-2 Modelación matemática,JUAN SEBASTIÁN HINCAPIÉ MONTES,34,50
gh-31321697284,2026-08-09T10:41:45-05:00,2015971,CLASE TEORICA,(1) Grupo 1,No informado,30,53
gh-31321697284,2026-08-09T10:41:45-05:00,2015971,CLASE TEORICA,(2) Grupo 2,Ferney Betancourt Cardozo,30,53
gh-31321697284,2026-08-09T10:41:45-05:00,2015971,CLASE TEORICA,(3) Grupo 3,No informado,30,53
gh-31321697284,2026-08-09T10:41:46-05:00,2015972,CLASE TEORICA,(1) Grupo 1,Carlos Alberto Moncada Aristizabal,15,54
gh-31321697284,2026-08-09T10:41:46-05:00,2015972,CLASE TEORICA,(2) Grupo 2,SANTIAGO RAMIREZ ECHEVERRI,15,54
gh-31321697284,2026-08-09T10:41:46-05:00,2015972,CLASE TEORICA,(3) Grupo 3,No informado,15,54
gh-31321697284,2026-08-09T10:41:48-05:00,1000024-B,CLASE TEORICA,(12) Grupo 12,Edgar Delgado Mejia,0,55
gh-31321697284,2026-08-09T10:41:48-05:00,1000024-B,CLASE TEORICA,(13) Grupo 13,Jesus Sigifredo Valencia Rios,0,55
gh-31321697284,2026-08-09T10:41:48-05:00,1000024-B,CLASE TEORICA,(14) Grupo 14,Jhon Jairo Aragón Arias,10,55
gh-31321697284,2026-08-09T10:41:49-05:00,1000013-B,CLASE TEORICA,(1) Grupo 1,JHONIER SEBASTIAN RANGEL GUTIERREZ,0,56
gh-31321697284,2026-08-09T10:41:49-05:00,1000013-B,CLASE TEORICA,(10) Grupo 10,Sandra Vergara Cardozo,35,56
gh-31321697284,2026-08-09T10:41:49-05:00,1000013-B,CLASE TEORICA,(11) Grupo 11,DIEGO ALBERTO MARTINEZ SIMBAQUEVA,40,56
gh-31321697284,2026-08-09T10:41:49-05:00,1000013-B,CLASE TEORICA,(12) Grupo 12,DIEGO ALBERTO MARTINEZ SIMBAQUEVA,40,56
gh-31321697284,2026-08-09T10:41:49-05:00,1000013-B,CLASE TEORICA,(13) Grupo 13,DIEGO ALBERTO MARTINEZ SIMBAQUEVA,30,56
gh-31321697284,2026-08-09T10:41:49-05:00,1000013-B,CLASE TEORICA,(14) Grupo 14,Andrea Catalina Garcia Montoya,45,56
gh-31321697284,2026-08-09T10:41:49-05:00,1000013-B,CLASE TEORICA,(16) Grupo 16,Sergio Alejandro Calderon Villanueva,30,56
gh-31321697284,2026-08-09T10:41:49-05:00,1000013-B,CLASE TEORICA,(2) Grupo 2,Luis Guillermo Diaz Monroy,40,56
gh-31321697284,2026-08-09T10:41:49-05:00,1000013-B,CLASE TEORICA,(22) Grupo 22,Hanwen Zhang,45,56
gh-31321697284,2026-08-09T10:41:49-05:00,1000013-B,CLASE TEORICA,(23) Grupo 23,ULPIANO LARA CRISTANCHO,0,56
gh-31321697284,2026-08-09T10:41:49-05:00,1000013-B,CLASE TEORICA,(3) Grupo 3,Diana Carolina Franco Soto,40,56
gh-31321697284,2026-08-09T10:41:49-05:00,1000013-B,CLASE TEORICA,(4) Grupo 4,Diana Carolina Franco Soto,40,56
gh-31321697284,2026-08-09T10:41:49-05:00,1000013-B,CLASE TEORICA,(5) Grupo 5,Darwin Eduardo Martínez Riaño,35,56
gh-31321697284,2026-08-09T10:41:49-05:00,1000013-B,CLASE TEORICA,(6) Grupo 6,Darwin Eduardo Martínez Riaño,35,56
gh-31321697284,2026-08-09T10:41:49-05:00,1000013-B,CLASE TEORICA,(7) Grupo 7,Camilo Jose Torres Jimenez,40,56
gh-31321697284,2026-08-09T10:41:50-05:00,2015734,NA,(1) Grupo 1,Fernando Salazar Delgado,6,57
gh-31321697284,2026-08-09T10:41:50-05:00,2015734,NA,(10) Grupo 10,Tito Florez Calderon,4,57
gh-31321697284,2026-08-09T10:41:50-05:00,2015734,NA,(11) Grupo 11,DAVID ALBERTO HERRERA ALVAREZ,0,57
gh-31321697284,2026-08-09T10:41:50-05:00,2015734,NA,(12) Grupo 12,FABIEL NATÁN ESPINOSA CASTAÑEDA,1,57
gh-31321697284,2026-08-09T10:41:50-05:00,2015734,NA,(13) Grupo 13,SERGIO CAMILO ESPINOSA BOTERO,4,57
gh-31321697284,2026-08-09T10:41:50-05:00,2015734,NA,(14) Grupo 14,Felipe Gonzalez Roldan,0,57
gh-31321697284,2026-08-09T10:41:50-05:00,2015734,NA,(2) Grupo 2,Fernando Salazar Delgado,16,57
gh-31321697284,2026-08-09T10:41:50-05:00,2015734,NA,(3) Grupo 3,Jhoan Sebastian Restrepo Mendoza,0,57
gh-31321697284,2026-08-09T10:41:50-05:00,2015734,NA,(4) Grupo 4,Sandra Liliana Rojas Martinez,0,57
gh-31321697284,2026-08-09T10:41:50-05:00,2015734,NA,(5) Grupo 5,Jhoan Sebastian Restrepo Mendoza,0,57
gh-31321697284,2026-08-09T10:41:50-05:00,2015734,NA,(6) Grupo 6,SERGIO CAMILO ESPINOSA BOTERO,8,57
gh-31321697284,2026-08-09T10:41:50-05:00,2015734,NA,(7) Grupo 7,No informado,3,57
gh-31321697284,2026-08-09T10:41:50-05:00,2015734,NA,(8) Grupo 8 - Virtual,FABIEL NATÁN ESPINOSA CASTAÑEDA,30,57
gh-31321697284,2026-08-09T10:41:50-05:00,2015734,NA,(9) Grupo 9,Alvaro Reynel Córdoba,18,57
gh-31321697284,2026-08-09T10:41:53-05:00,2015973,CLASE TEORICA,(1) Grupo 1,No informado,25,59
gh-31321697284,2026-08-09T10:41:53-05:00,2015973,CLASE TEORICA,(2) Grupo 2,GABRIELA ARRIETA LOYO,25,59
gh-31321697284,2026-08-09T10:41:53-05:00,2015973,CLASE TEORICA,(3) Grupo 3,NICOLAS ESCALANTE MORA,25,59
gh-31321697284,2026-08-09T10:41:54-05:00,2022761,NA,(1) Grupo 1,Servio Javier Contreras Guerrero,15,60
gh-31321697284,2026-08-09T10:41:54-05:00,2022761,NA,(2) Grupo 2,Servio Javier Contreras Guerrero,15,60
gh-31321697284,2026-08-09T10:41:54-05:00,2022761,NA,(3) Grupo 3,Samuel Fernando Mesa Giraldo,15,60
gh-31321697284,2026-08-09T10:41:55-05:00,2024045,CLASE TEORICA,(1) 2024045-1 Taller de proyectos interdisciplinarios,No informado,0,-1
gh-31321697284,2026-08-09T10:41:55-05:00,2024045,CLASE TEORICA,(10) 2024045-10 Taller de proyectos interdisciplinarios,Oscar Andres Eraso Eraso,0,-1
gh-31321697284,2026-08-09T10:41:55-05:00,2024045,CLASE TEORICA,(11) 2024045-11 Taller de proyectos interdisciplinarios,No informado,0,-1
gh-31321697284,2026-08-09T10:41:55-05:00,2024045,CLASE TEORICA,(12) 2024045-12 Taller de proyectos interdisciplinarios,Hector Julian Garcia Otalora,200,-1
gh-31321697284,2026-08-09T10:41:55-05:00,2024045,CLASE TEORICA,(13) 2024045-13 Taller de proyectos interdisciplinarios,No informado,0,-1
gh-31321697284,2026-08-09T10:41:55-05:00,2024045,CLASE TEORICA,(14) 2024045-14 Taller de proyectos interdisciplinarios,Dolly Santos Barbosa,0,-1
gh-31321697284,2026-08-09T10:41:55-05:00,2024045,CLASE TEORICA,(15) 2024045-15 Taller de proyectos interdisciplinarios,Oscar Andres Eraso Eraso,0,-1
gh-31321697284,2026-08-09T10:41:55-05:00,2024045,CLASE TEORICA,(16) 2024045-16 Taller de proyectos interdisciplinarios,Luis Ignacio Rodriguez Varela,0,-1
gh-31321697284,2026-08-09T10:41:55-05:00,2024045,CLASE TEORICA,(17) 2024045-17 Taller de proyectos interdisciplinarios,JOHANA CATALINA MANOSALVA BARRERA,0,-1
gh-31321697284,2026-08-09T10:41:55-05:00,2024045,CLASE TEORICA,(18) 2024045-18 Taller de proyectos interdisciplinarios,Fernando Bernal Martinez,0,-1
gh-31321697284,2026-08-09T10:41:55-05:00,2024045,CLASE TEORICA,(19) 2024045-19 Taller de proyectos interdisciplinarios,FRANCISCO JAVIER VÁSQUEZ VÁSQUEZ,0,-1
gh-31321697284,2026-08-09T10:41:55-05:00,2024045,CLASE TEORICA,(2) 2024045-2 Taller de proyectos interdisciplinarios,Fernando Bernal Martinez,0,-1
gh-31321697284,2026-08-09T10:41:55-05:00,2024045,CLASE TEORICA,(21) 2024045-21 Taller de proyectos interdisciplinarios,No informado,0,-1
gh-31321697284,2026-08-09T10:41:55-05:00,2024045,CLASE TEORICA,(22) 2024045-22 Taller de proyectos interdisciplinarios,Ubaldo Garcia Zaragoza,0,-1
gh-31321697284,2026-08-09T10:41:55-05:00,2024045,CLASE TEORICA,(23) 2024045-23 Taller de proyectos interdisciplinarios,No informado,0,-1
gh-31321697284,2026-08-09T10:41:55-05:00,2024045,CLASE TEORICA,(24) 2024045-24 Taller de proyectos interdisciplinarios,Hector Julian Garcia Otalora,200,-1
gh-31321697284,2026-08-09T10:41:55-05:00,2024045,CLASE TEORICA,(3) 2024045-3 Taller de proyectos interdisciplinarios,Guillermo Alberto Rocha Casas,0,-1
gh-31321697284,2026-08-09T10:41:55-05:00,2024045,CLASE TEORICA,(4) 2024045-4 Taller de proyectos interdisciplinarios,Francy Nayely Prieto Novoa,0,-1
gh-31321697284,2026-08-09T10:41:55-05:00,2024045,CLASE TEORICA,(40) 2024045-40 TPI-- NO BORRAR-- BLOQ ESPACIOS,No informado,0,-1
gh-31321697284,2026-08-09T10:41:55-05:00,2024045,CLASE TEORICA,(5) 2024045-5 Taller de proyectos interdisciplinarios,Nubia Carmenza Moreno Sarmiento,0,-1
gh-31321697284,2026-08-09T10:41:55-05:00,2024045,CLASE TEORICA,(6) 2024045-6 Taller de proyectos interdisciplinarios,JOHANA CATALINA MANOSALVA BARRERA,0,-1
gh-31321697284,2026-08-09T10:41:55-05:00,2024045,CLASE TEORICA,(7) 2024045-7 Taller de proyectos interdisciplinarios,Ubaldo Garcia Zaragoza,0,-1
gh-31321697284,2026-08-09T10:41:55-05:00,2024045,CLASE TEORICA,(8) 2024045-8 Taller de proyectos interdisciplinarios,JHON FREDDY LOPEZ MEDINA,0,-1
gh-31321697284,2026-08-09T10:41:55-05:00,2024045,CLASE TEORICA,(9) 2024045-9 Taller de proyectos interdisciplinarios,Manuel Alejandro Mayorga Betancourt,0,-1
gh-31321697284,2026-08-09T10:41:57-05:00,2015296,NA,(1) Grupo 1,Leonardo David Donado Garzon,5,62
gh-31321697284,2026-08-09T10:41:57-05:00,2015296,NA,(10) Grupo 10,Juan Manuel Lizarazo Marriaga,5,62
gh-31321697284,2026-08-09T10:41:57-05:00,2015296,NA,(11) Grupo 11,Octavio Coronado Garcia,5,62
gh-31321697284,2026-08-09T10:41:57-05:00,2015296,NA,(12) Grupo 12,Carol Andrea Murillo Feo,5,62
gh-31321697284,2026-08-09T10:41:57-05:00,2015296,NA,(13) Grupo 13,CAMILO RIOS FRESNEDA,5,62
gh-31321697284,2026-08-09T10:41:57-05:00,2015296,NA,(14) Grupo 14,William Castro Garcia,5,62
gh-31321697284,2026-08-09T10:41:57-05:00,2015296,NA,(15) Grupo 15,Luis Alejandro Morales Marin,5,62
gh-31321697284,2026-08-09T10:41:57-05:00,2015296,NA,(16) Grupo 16,Ferney Betancourt Cardozo,5,62
gh-31321697284,2026-08-09T10:41:57-05:00,2015296,NA,(17) Grupo 17,Maria Alejandra Caicedo Londoño,5,62
gh-31321697284,2026-08-09T10:41:57-05:00,2015296,NA,(18) Grupo 18,Guillermo Eduardo Avila Alvarez,5,62
gh-31321697284,2026-08-09T10:41:57-05:00,2015296,NA,(19) Grupo 19,Carlos Alfonso Gomez Guacaneme,0,62
gh-31321697284,2026-08-09T10:41:57-05:00,2015296,NA,(2) Grupo 2,Carlos Orlando Robles Roa,5,62
gh-31321697284,2026-08-09T10:41:57-05:00,2015296,NA,(3) Grupo 3,Angela Barrera Puerto,5,62
gh-31321697284,2026-08-09T10:41:57-05:00,2015296,NA,(4) Grupo 4,Mauricio Alberto Tapias Camacho,5,62
gh-31321697284,2026-08-09T10:41:57-05:00,2015296,NA,(5) Grupo 5,Maritzabel Molina Herrera,5,62
gh-31321697284,2026-08-09T10:41:57-05:00,2015296,NA,(6) Grupo 6,Rodolfo Rodriguez Baracaldo,5,62
gh-31321697284,2026-08-09T10:41:57-05:00,2015296,NA,(7) Grupo 7,SANTIAGO RAMIREZ ECHEVERRI,5,62
gh-31321697284,2026-08-09T10:41:57-05:00,2015296,NA,(8) Grupo 8,Jose Ricardo Martinez Vargas,5,62
gh-31321697284,2026-08-09T10:41:57-05:00,2015296,NA,(9) Grupo 9,GABRIELA ARRIETA LOYO,5,62
gh-31321697284,2026-08-09T10:41:58-05:00,2015299,CLASE TEORICA,(1) Grupo 1,GABRIELA ARRIETA LOYO,51,-1
gh-31324642392,2026-08-09T11:46:43-05:00,2015938,CLASE TEORICA,(1) Grupo 1,Maria Alejandra Caicedo Londoño,25,0
gh-31324642392,2026-08-09T11:46:43-05:00,2015938,CLASE TEORICA,(2) Grupo 2,Maria Alejandra Caicedo Londoño,25,0
gh-31324642392,2026-08-09T11:46:43-05:00,2015938,CLASE TEORICA,(3) Grupo 3,JOSE LUIS DIAZ AREVALO,25,0
gh-31324642392,2026-08-09T11:46:43-05:00,2015938,CLASE TEORICA,(4) Grupo 4,JOSE LUIS DIAZ AREVALO,24,0
gh-31324642392,2026-08-09T11:46:44-05:00,2015939,CLASE TEORICA,(1) Grupo 1,ALVARO MARTIN GUTIERREZ MALAXECHEBARRIA,25,1
gh-31324642392,2026-08-09T11:46:44-05:00,2015939,CLASE TEORICA,(2) Grupo 2,ALVARO MARTIN GUTIERREZ MALAXECHEBARRIA,25,1
gh-31324642392,2026-08-09T11:46:44-05:00,2015939,CLASE TEORICA,(3) Grupo 3,Edder Alexander Velandia Duran,25,1
gh-31324642392,2026-08-09T11:46:44-05:00,2015939,CLASE TEORICA,(4) Grupo 4,No informado,25,1
gh-31324642392,2026-08-09T11:46:45-05:00,1000003-B,NA,(1) Grupo 1,Erika Lorena Rosero Alzate; Oscar Andrés Rojas Sepúlveda,0,-1
gh-31324642392,2026-08-09T11:46:45-05:00,1000003-B,NA,(10) Grupo 10,Epifanio Lozano Ayala,14,-1
gh-31324642392,2026-08-09T11:46:45-05:00,1000003-B,NA,(11) Grupo 11,No informado,60,-1
gh-31324642392,2026-08-09T11:46:45-05:00,1000003-B,NA,(12) Grupo 12,No informado,40,-1
gh-31324642392,2026-08-09T11:46:45-05:00,1000003-B,NA,(13) Grupo 13,Mohammed EL AIDI,40,-1
gh-31324642392,2026-08-09T11:46:45-05:00,1000003-B,NA,(15) Grupo 15,Myriam Leonor Campos Florez,60,-1
gh-31324642392,2026-08-09T11:46:45-05:00,1000003-B,NA,(16) Grupo 16,No informado,60,-1
gh-31324642392,2026-08-09T11:46:45-05:00,1000003-B,NA,(17) Grupo 17,Martha Cecilia Moreno Penagos,40,-1
gh-31324642392,2026-08-09T11:46:45-05:00,1000003-B,NA,(18) Grupo 18,John Alexander Cruz Morales,52,-1
gh-31324642392,2026-08-09T11:46:45-05:00,1000003-B,NA,(20) Grupo 20,Natalia Camila Pinzon Cortes,60,-1
gh-31324642392,2026-08-09T11:46:45-05:00,1000003-B,NA,(21) Grupo 21,Ivon Andrea Dorado Correa,52,-1
gh-31324642392,2026-08-09T11:46:45-05:00,1000003-B,NA,(22) Grupo 22,No informado,46,-1
gh-31324642392,2026-08-09T11:46:45-05:00,1000003-B,NA,(3) Grupo 3,No informado,60,-1
gh-31324642392,2026-08-09T11:46:45-05:00,1000003-B,NA,(4) Grupo 4,Luis Alejandro Barbosa Torres,112,-1
gh-31324642392,2026-08-09T11:46:45-05:00,1000003-B,NA,(5) Grupo 5,Jaime David Mora Paz,60,-1
gh-31324642392,2026-08-09T11:46:45-05:00,1000003-B,NA,(7) Grupo 7,Myriam Leonor Campos Florez,40,-1
gh-31324642392,2026-08-09T11:46:45-05:00,1000003-B,NA,(8) Grupo 8,No informado,10,-1
gh-31324642392,2026-08-09T11:46:47-05:00,2015940,CLASE TEORICA,(1) Grupo 1,Maritzabel Molina Herrera,24,3
gh-31324642392,2026-08-09T11:46:47-05:00,2015940,CLASE TEORICA,(2) Grupo 2,Gabriel Andres Bernal Granados,24,3
gh-31324642392,2026-08-09T11:46:47-05:00,2015940,CLASE TEORICA,(3) Grupo 3,No informado,24,3
gh-31324642392,2026-08-09T11:46:48-05:00,2015941,CLASE TEORICA,(1) Grupo 1,Patricia Luna Tamayo,30,4
gh-31324642392,2026-08-09T11:46:48-05:00,2015941,CLASE TEORICA,(2) Grupo 2,No informado,30,4
gh-31324642392,2026-08-09T11:46:48-05:00,2015941,CLASE TEORICA,(3) Grupo 3,Carlos Ramiro Vallecilla Bahena,30,4
gh-31324642392,2026-08-09T11:46:48-05:00,2015941,CLASE TEORICA,(4) Grupo 4,No informado,30,4
gh-31324642392,2026-08-09T11:46:50-05:00,1000004-B,NA,(10) Grupo 10,No informado,53,5
gh-31324642392,2026-08-09T11:46:50-05:00,1000004-B,NA,(11) Grupo 11,No informado,24,5
gh-31324642392,2026-08-09T11:46:50-05:00,1000004-B,NA,(12) Grupo 12,No informado,24,5
gh-31324642392,2026-08-09T11:46:50-05:00,1000004-B,NA,(13) Grupo 13,No informado,16,5
gh-31324642392,2026-08-09T11:46:50-05:00,1000004-B,NA,(14) Grupo 14,No informado,90,5
gh-31324642392,2026-08-09T11:46:50-05:00,1000004-B,NA,(16) Grupo 16,No informado,27,5
gh-31324642392,2026-08-09T11:46:50-05:00,1000004-B,NA,(17) Grupo 17,Hernan Garzon Gutierrez,39,5
gh-31324642392,2026-08-09T11:46:50-05:00,1000004-B,NA,(19) Grupo 19,No informado,59,5
gh-31324642392,2026-08-09T11:46:50-05:00,1000004-B,NA,(2) Grupo 2,No informado,24,5
gh-31324642392,2026-08-09T11:46:50-05:00,1000004-B,NA,(20) Grupo 20,Hernan Garzon Gutierrez,10,5
gh-31324642392,2026-08-09T11:46:50-05:00,1000004-B,NA,(21) Grupo 21,No informado,60,5
gh-31324642392,2026-08-09T11:46:50-05:00,1000004-B,NA,(22) Grupo 22,No informado,60,5
gh-31324642392,2026-08-09T11:46:50-05:00,1000004-B,NA,(24) Grupo 24,Ricardo Ariel Pastran Ramirez,60,5
gh-31324642392,2026-08-09T11:46:50-05:00,1000004-B,NA,(25) Grupo 25,No informado,40,5
gh-31324642392,2026-08-09T11:46:50-05:00,1000004-B,NA,(27) Grupo 27,No informado,51,5
gh-31324642392,2026-08-09T11:46:50-05:00,1000004-B,NA,(28) Grupo 28,No informado,60,5
gh-31324642392,2026-08-09T11:46:50-05:00,1000004-B,NA,(29) Grupo 29,No informado,60,5
gh-31324642392,2026-08-09T11:46:50-05:00,1000004-B,NA,(30) Grupo 30,No informado,60,5
gh-31324642392,2026-08-09T11:46:50-05:00,1000004-B,NA,(32) Grupo 32,No informado,90,5
gh-31324642392,2026-08-09T11:46:50-05:00,1000004-B,NA,(4) Grupo 4,Myriam Leonor Campos Florez,37,5
gh-31324642392,2026-08-09T11:46:50-05:00,1000004-B,NA,(5) Grupo 5,Oscar Javier Lopez Alfonso,84,5
gh-31324642392,2026-08-09T11:46:50-05:00,1000004-B,NA,(7) Grupo 7,Anderson Arley Vera Arboleda,64,5
gh-31324642392,2026-08-09T11:46:50-05:00,1000004-B,NA,(8) Grupo 8,No informado,40,5
gh-31324642392,2026-08-09T11:46:50-05:00,1000004-B,NA,(9) Grupo 9,No informado,18,5
gh-31324642392,2026-08-09T11:46:51-05:00,1000006-B,NA,(1) Grupo 1,No informado,40,6
gh-31324642392,2026-08-09T11:46:51-05:00,1000006-B,NA,(10) Grupo 10,No informado,100,6
gh-31324642392,2026-08-09T11:46:51-05:00,1000006-B,NA,(11) Grupo 11,No informado,40,6
gh-31324642392,2026-08-09T11:46:51-05:00,1000006-B,NA,(12) Grupo 12,Leonid Lebedev,60,6
gh-31324642392,2026-08-09T11:46:51-05:00,1000006-B,NA,(13) Grupo 13,Juan Carlos Hernandez Rincon,40,6
gh-31324642392,2026-08-09T11:46:51-05:00,1000006-B,NA,(14) Grupo 14,No informado,60,6
gh-31324642392,2026-08-09T11:46:51-05:00,1000006-B,NA,(15) Grupo 15,No informado,112,6
gh-31324642392,2026-08-09T11:46:51-05:00,1000006-B,NA,(2) Grupo 2,EDIXON MANUEL ROJAS SANTANA,40,6
gh-31324642392,2026-08-09T11:46:51-05:00,1000006-B,NA,(3) Grupo 3,Cesar Augusto Gomez Sierra,40,6
gh-31324642392,2026-08-09T11:46:51-05:00,1000006-B,NA,(4) Grupo 4,Agustin Moreno Canadas,100,6
gh-31324642392,2026-08-09T11:46:51-05:00,1000006-B,NA,(5) Grupo 5,German Eduardo Fonseca Buitrago,40,6
gh-31324642392,2026-08-09T11:46:51-05:00,1000006-B,NA,(7) Grupo 7,No informado,70,6
gh-31324642392,2026-08-09T11:46:51-05:00,1000006-B,NA,(8) Grupo 8,Epifanio Lozano Ayala,60,6
gh-31324642392,2026-08-09T11:46:51-05:00,1000006-B,NA,(9) Grupo 9,Orlando Vanegas Canro,0,6
gh-31324642392,2026-08-09T11:46:52-05:00,1000005-B,NA,(1) Grupo 1,Orlando Vanegas Canro,0,7
gh-31324642392,2026-08-09T11:46:52-05:00,1000005-B,NA,(10) Grupo 10,Epifanio Lozano Ayala,50,7
gh-31324642392,2026-08-09T11:46:52-05:00,1000005-B,NA,(14) Grupo 14,Mohammed EL AIDI,40,7
gh-31324642392,2026-08-09T11:46:52-05:00,1000005-B,NA,(15) Grupo 15,Alina Fedosova,60,7
gh-31324642392,2026-08-09T11:46:52-05:00,1000005-B,NA,(16) Grupo 16,No informado,70,7
gh-31324642392,2026-08-09T11:46:52-05:00,1000005-B,NA,(17) Grupo 17,Hernan Garzon Gutierrez,40,7
gh-31324642392,2026-08-09T11:46:52-05:00,1000005-B,NA,(2) Grupo 2,RENE ERLIN CASTILLO,60,7
gh-31324642392,2026-08-09T11:46:52-05:00,1000005-B,NA,(20) Grupo 20,Franqui Solis Cardenas Poloche,40,7
gh-31324642392,2026-08-09T11:46:52-05:00,1000005-B,NA,(22) Grupo 22,No informado,60,7
gh-31324642392,2026-08-09T11:46:52-05:00,1000005-B,NA,(3) Grupo 3,Eduardo Cardenas Gomez,70,7
gh-31324642392,2026-08-09T11:46:52-05:00,1000005-B,NA,(4) Grupo 4,Edward Samuel Becerra Rojas,60,7
gh-31324642392,2026-08-09T11:46:52-05:00,1000005-B,NA,(6) Grupo 6,No informado,60,7
gh-31324642392,2026-08-09T11:46:52-05:00,1000005-B,NA,(7) Grupo 7,Franqui Solis Cardenas Poloche,100,7
gh-31324642392,2026-08-09T11:46:52-05:00,1000005-B,NA,(8) Grupo 8,No informado,40,7
gh-31324642392,2026-08-09T11:46:52-05:00,1000005-B,NA,(9) Grupo 9,No informado,10,7
gh-31324642392,2026-08-09T11:46:54-05:00,2015943,CLASE TEORICA,(1) Grupo 1,Carlos Orlando Robles Roa,15,9
gh-31324642392,2026-08-09T11:46:56-05:00,2015944,CLASE TEORICA,(1) Grupo 1,SANTIAGO RAMIREZ ECHEVERRI,15,10
gh-31324642392,2026-08-09T11:46:57-05:00,2015711,NA,(10) 2015711-10 Dibujo básico,Ariel Augusto Amaya Avila,0,11
gh-31324642392,2026-08-09T11:46:57-05:00,2015711,NA,(11) 2015711-11 Dibujo básico,Cesar Augusto Bacca Gonzalez,0,11
gh-31324642392,2026-08-09T11:46:57-05:00,2015711,NA,(14) 2015711-14 Dibujo básico,Cristian Felipe Morales Suárez,0,11
gh-31324642392,2026-08-09T11:46:57-05:00,2015711,NA,(16) 2015711-16 Dibujo básico,DAVID FELIPE TORRES ARCE,0,11
gh-31324642392,2026-08-09T11:46:57-05:00,2015711,NA,(4) 2015711-4 Dibujo básico,Cristian Felipe Morales Suárez,9,11
gh-31324642392,2026-08-09T11:46:57-05:00,2015711,NA,(5) 2015711-5 Dibujo básico,Sebastian Achury Ortiz,0,11
gh-31324642392,2026-08-09T11:46:57-05:00,2015711,NA,(7) 2015711-7 Dibujo básico,Cesar Augusto Bacca Gonzalez,20,11
gh-31324642392,2026-08-09T11:46:57-05:00,2015711,NA,(8) 2015711-8 Dibujo básico,Miguel Angel Baquero Cortes,0,11
gh-31324642392,2026-08-09T11:46:57-05:00,2015711,NA,(9) 2015711-9 Dibujo básico,EDWIN CAMILO REINA BELTRAN,0,11
gh-31324642392,2026-08-09T11:46:58-05:00,2015948,CLASE TEORICA,(1) Grupo 1,No informado,30,12
gh-31324642392,2026-08-09T11:46:58-05:00,2015948,CLASE TEORICA,(2) Grupo 2,Mauricio Alberto Tapias Camacho,30,12
gh-31324642392,2026-08-09T11:46:58-05:00,2015948,CLASE TEORICA,(3) Grupo 3,No informado,30,12
gh-31324642392,2026-08-09T11:46:59-05:00,2015950,CLASE TEORICA,(1) Grupo 1,No informado,25,13
gh-31324642392,2026-08-09T11:46:59-05:00,2015950,CLASE TEORICA,(2) Grupo 2,No informado,0,13
gh-31324642392,2026-08-09T11:46:59-05:00,2015950,CLASE TEORICA,(3) Grupo 3,Daniel Ricardo Lozano Monsalve,25,13
gh-31324642392,2026-08-09T11:46:59-05:00,2015950,CLASE TEORICA,(4) Grupo 4,No informado,25,13
gh-31324642392,2026-08-09T11:46:59-05:00,2015950,CLASE TEORICA,(5) Grupo 5,No informado,25,13
gh-31324642392,2026-08-09T11:47:00-05:00,2015949,CLASE TEORICA,(1) Grupo 1,Mario Javier Cardozo Chaux,30,14
gh-31324642392,2026-08-09T11:47:00-05:00,2015949,CLASE TEORICA,(2) Grupo 2,Wilson Ernesto Vargas Vargas,30,14
gh-31324642392,2026-08-09T11:47:00-05:00,2015949,CLASE TEORICA,(3) Grupo 3,No informado,30,14
gh-31324642392,2026-08-09T11:47:01-05:00,1000007-B,NA,(1) Grupo 1,German Eduardo Fonseca Buitrago,60,15
gh-31324642392,2026-08-09T11:47:01-05:00,1000007-B,NA,(11) Grupo 11,Leonid Lebedev,60,15
gh-31324642392,2026-08-09T11:47:01-05:00,1000007-B,NA,(12) Grupo 12,No informado,60,15
gh-31324642392,2026-08-09T11:47:01-05:00,1000007-B,NA,(13) Grupo 13,Omar Duque Gomez,40,15
gh-31324642392,2026-08-09T11:47:01-05:00,1000007-B,NA,(14) Grupo 14,No informado,100,15
gh-31324642392,2026-08-09T11:47:01-05:00,1000007-B,NA,(3) Grupo 3,Serafin Bautista Diaz,40,15
gh-31324642392,2026-08-09T11:47:01-05:00,1000007-B,NA,(4) Grupo 4,EDIXON MANUEL ROJAS SANTANA,60,15
gh-31324642392,2026-08-09T11:47:01-05:00,1000007-B,NA,(6) Grupo 6,Alexander Caviedes Castro,50,15
gh-31324642392,2026-08-09T11:47:01-05:00,1000007-B,NA,(7) Grupo 7,Oscar Guillermo Riaño Castañeda,40,15
gh-31324642392,2026-08-09T11:47:01-05:00,1000007-B,NA,(9) Grupo 9,Orlando Vanegas Canro,0,15
gh-31324642392,2026-08-09T11:47:03-05:00,2026134,CLASE TEORICA,(1) Grupo 1,No informado,0,16
gh-31324642392,2026-08-09T11:47:03-05:00,2026134,CLASE TEORICA,(2) Grupo 2,Juan Manuel Lizarazo Marriaga,30,16
gh-31324642392,2026-08-09T11:47:03-05:00,2026134,CLASE TEORICA,(3) Grupo 3,Maritzabel Molina Herrera,30,16
gh-31324642392,2026-08-09T11:47:03-05:00,2026134,CLASE TEORICA,(4) Grupo 4,Carlos Ramiro Vallecilla Bahena,30,16
gh-31324642392,2026-08-09T11:47:03-05:00,2026134,CLASE TEORICA,(5) Grupo 5,Fernando Lozano Osorno,30,16
gh-31324642392,2026-08-09T11:47:03-05:00,2026134,CLASE TEORICA,(6) Grupo 6,No informado,30,16
gh-31324642392,2026-08-09T11:47:04-05:00,2015954,CLASE TEORICA,(1) Grupo 1,Erasmo Alfredo Rodriguez Sandoval,30,17
gh-31324642392,2026-08-09T11:47:04-05:00,2015954,CLASE TEORICA,(2) Grupo 2,Mario Enrique Moreno Castiblanco,30,17
gh-31324642392,2026-08-09T11:47:04-05:00,2015954,CLASE TEORICA,(3) Grupo 3,Luis Alejandro Morales Marin,30,17
gh-31324642392,2026-08-09T11:47:05-05:00,2015955,CLASE TEORICA,(1) Grupo 1,Giovanni Andres Cortes Tovar,30,18
gh-31324642392,2026-08-09T11:47:05-05:00,2015955,CLASE TEORICA,(2) Grupo 2,Angela Barrera Puerto,30,18
gh-31324642392,2026-08-09T11:47:05-05:00,2015955,CLASE TEORICA,(3) Grupo 3,Giovanni Andres Cortes Tovar,30,18
gh-31324642392,2026-08-09T11:47:06-05:00,1000011-B,CLASE TEORICA,(1) Grupo 1,Ernesto Javier Puertas Dellepianes,118,19
gh-31324642392,2026-08-09T11:47:06-05:00,1000011-B,CLASE TEORICA,(3) Grupo 3,Néstor Fernando Perez Buitrago,12,19
gh-31324642392,2026-08-09T11:47:08-05:00,1000019-B,CLASE LABORATORIO,(1) Grupo 1,Gustavo Martinez Tamayo,35,20
gh-31324642392,2026-08-09T11:47:08-05:00,1000019-B,CLASE TALLER,(1) Grupo 1,FABIAN FELIPE QUEVEDO FARIETA,35,20
gh-31324642392,2026-08-09T11:47:08-05:00,1000019-B,CLASE MAGISTRAL,(1) Grupo 1,Gustavo Martinez Tamayo,35,20
gh-31324642392,2026-08-09T11:47:08-05:00,1000019-B,CLASE LABORATORIO,(10) Grupo 10,LUIS AGULLES PEDROS,35,20
gh-31324642392,2026-08-09T11:47:08-05:00,1000019-B,CLASE TALLER,(10) Grupo 10,Jhon Morales Aponte,35,20
gh-31324642392,2026-08-09T11:47:08-05:00,1000019-B,CLASE MAGISTRAL,(10) Grupo 10,Ovidio Amado Almanza Montero,35,20
gh-31324642392,2026-08-09T11:47:08-05:00,1000019-B,CLASE LABORATORIO,(11) Grupo 11,EVER DAVID ALCALA CAJAR,35,20
gh-31324642392,2026-08-09T11:47:08-05:00,1000019-B,CLASE TALLER,(11) Grupo 11,JULIAN MATEO DE MENDOZA GUTIERREZ,35,20
gh-31324642392,2026-08-09T11:47:08-05:00,1000019-B,CLASE MAGISTRAL,(11) Grupo 11,Ovidio Amado Almanza Montero,35,20
gh-31324642392,2026-08-09T11:47:08-05:00,1000019-B,CLASE LABORATORIO,(12) Grupo 12,FABIAN FELIPE QUEVEDO FARIETA,35,20
gh-31324642392,2026-08-09T11:47:08-05:00,1000019-B,CLASE TALLER,(12) Grupo 12,EVER DAVID ALCALA CAJAR,35,20
gh-31324642392,2026-08-09T11:47:08-05:00,1000019-B,CLASE MAGISTRAL,(12) Grupo 12,Ovidio Amado Almanza Montero,35,20
gh-31324642392,2026-08-09T11:47:08-05:00,1000019-B,CLASE LABORATORIO,(13) Grupo 13,Alvaro Marino Camargo,35,20
gh-31324642392,2026-08-09T11:47:08-05:00,1000019-B,CLASE TALLER,(13) Grupo 13,MIGUEL ENRIQUE GÁMEZ LÓPEZ,35,20
gh-31324642392,2026-08-09T11:47:08-05:00,1000019-B,CLASE MAGISTRAL,(13) Grupo 13,Alvaro Marino Camargo,35,20
gh-31324642392,2026-08-09T11:47:08-05:00,1000019-B,CLASE LABORATORIO,(14) Grupo 14,Alvaro Marino Camargo,35,20
gh-31324642392,2026-08-09T11:47:08-05:00,1000019-B,CLASE TALLER,(14) Grupo 14,No informado,35,20
gh-31324642392,2026-08-09T11:47:08-05:00,1000019-B,CLASE MAGISTRAL,(14) Grupo 14,Alvaro Marino Camargo,35,20
gh-31324642392,2026-08-09T11:47:08-05:00,1000019-B,CLASE LABORATORIO,(15) Grupo 15,JULIAN MATEO DE MENDOZA GUTIERREZ,32,20
gh-31324642392,2026-08-09T11:47:08-05:00,1000019-B,CLASE TALLER,(15) Grupo 15,EVER DAVID ALCALA CAJAR,32,20
gh-31324642392,2026-08-09T11:47:08-05:00,1000019-B,CLASE MAGISTRAL,(15) Grupo 15,Alvaro Marino Camargo,32,20
gh-31324642392,2026-08-09T11:47:08-05:00,1000019-B,CLASE MAGISTRAL,(16) Gruop 16,Erika Lorena Rosero Alzate; Daniel Camilo Padilla González,8,20
gh-31324642392,2026-08-09T11:47:08-05:00,1000019-B,CLASE LABORATORIO,(16) Grupo 16,Alvaro Marino Camargo,35,20
gh-31324642392,2026-08-09T11:47:08-05:00,1000019-B,CLASE TALLER,(16) Grupo 16,Edna Carolina Pinilla Beltran,35,20
gh-31324642392,2026-08-09T11:47:08-05:00,1000019-B,CLASE LABORATORIO,(17) Grupo 17,JULIAN MATEO DE MENDOZA GUTIERREZ,34,20
gh-31324642392,2026-08-09T11:47:08-05:00,1000019-B,CLASE TALLER,(17) Grupo 17,Jereson Silva Valencia,34,20
gh-31324642392,2026-08-09T11:47:08-05:00,1000019-B,CLASE MAGISTRAL,(17) Grupo 17,Jereson Silva Valencia,34,20
gh-31324642392,2026-08-09T11:47:08-05:00,1000019-B,CLASE LABORATORIO,(18) Grupo 18,Jaime Villalobos Velasco,34,20
gh-31324642392,2026-08-09T11:47:08-05:00,1000019-B,CLASE TALLER,(18) Grupo 18,Jereson Silva Valencia,34,20
gh-31324642392,2026-08-09T11:47:08-05:00,1000019-B,CLASE MAGISTRAL,(18) Grupo 18,Jereson Silva Valencia,34,20
gh-31324642392,2026-08-09T11:47:08-05:00,1000019-B,CLASE LABORATORIO,(19) Grupo 19,JULY PAOLA GARZÓN LOPEZ,32,20
gh-31324642392,2026-08-09T11:47:08-05:00,1000019-B,CLASE TALLER,(19) Grupo 19,Jereson Silva Valencia,32,20
gh-31324642392,2026-08-09T11:47:08-05:00,1000019-B,CLASE MAGISTRAL,(19) Grupo 19,Jereson Silva Valencia,32,20
gh-31324642392,2026-08-09T11:47:08-05:00,1000019-B,CLASE LABORATORIO,(2) Grupo 2,Gustavo Martinez Tamayo,35,20
gh-31324642392,2026-08-09T11:47:08-05:00,1000019-B,CLASE TALLER,(2) Grupo 2,Gustavo Martinez Tamayo,35,20
gh-31324642392,2026-08-09T11:47:08-05:00,1000019-B,CLASE MAGISTRAL,(2) Grupo 2,Gustavo Martinez Tamayo,35,20
gh-31324642392,2026-08-09T11:47:08-05:00,1000019-B,CLASE LABORATORIO,(20) Grupo 20,JOSE ALFREDO GOMEZ MATEUS,35,20
gh-31324642392,2026-08-09T11:47:08-05:00,1000019-B,CLASE TALLER,(20) Grupo 20,Jereson Silva Valencia,35,20
gh-31324642392,2026-08-09T11:47:08-05:00,1000019-B,CLASE MAGISTRAL,(20) Grupo 20,Jereson Silva Valencia,35,20
gh-31324642392,2026-08-09T11:47:08-05:00,1000019-B,CLASE LABORATORIO,(21) Grupo 21,Pedro Hernan Sanchez Machet,35,20
gh-31324642392,2026-08-09T11:47:08-05:00,1000019-B,CLASE TALLER,(21) Grupo 21,JOSE ALFREDO GOMEZ MATEUS,35,20
gh-31324642392,2026-08-09T11:47:08-05:00,1000019-B,CLASE MAGISTRAL,(21) Grupo 21,Diego Alejandro Torres Galindo,35,20
gh-31324642392,2026-08-09T11:47:08-05:00,1000019-B,CLASE LABORATORIO,(22) Grupo 22,Pedro Hernan Sanchez Machet,35,20
gh-31324642392,2026-08-09T11:47:08-05:00,1000019-B,CLASE TALLER,(22) Grupo 22,JULY PAOLA GARZÓN LOPEZ,35,20
gh-31324642392,2026-08-09T11:47:08-05:00,1000019-B,CLASE MAGISTRAL,(22) Grupo 22,Diego Alejandro Torres Galindo,35,20
gh-31324642392,2026-08-09T11:47:08-05:00,1000019-B,CLASE LABORATORIO,(23) Grupo 23,Pedro Hernan Sanchez Machet,35,20
gh-31324642392,2026-08-09T11:47:08-05:00,1000019-B,CLASE TALLER,(23) Grupo 23,Edna Carolina Pinilla Beltran,35,20
gh-31324642392,2026-08-09T11:47:08-05:00,1000019-B,CLASE MAGISTRAL,(23) Grupo 23,Diego Alejandro Torres Galindo,35,20
gh-31324642392,2026-08-09T11:47:08-05:00,1000019-B,CLASE LABORATORIO,(24) Grupo 24,Pedro Hernan Sanchez Machet,35,20
gh-31324642392,2026-08-09T11:47:08-05:00,1000019-B,CLASE TALLER,(24) Grupo 24,Diego Alejandro Torres Galindo,35,20
gh-31324642392,2026-08-09T11:47:08-05:00,1000019-B,CLASE MAGISTRAL,(24) Grupo 24,Diego Alejandro Torres Galindo,35,20
gh-31324642392,2026-08-09T11:47:08-05:00,1000019-B,CLASE LABORATORIO,(25) Grupo 25,Plinio Del Carmen Teheran Sermeno,45,20
gh-31324642392,2026-08-09T11:47:08-05:00,1000019-B,CLASE TALLER,(25) Grupo 25,Plinio Del Carmen Teheran Sermeno,45,20
gh-31324642392,2026-08-09T11:47:08-05:00,1000019-B,CLASE MAGISTRAL,(25) Grupo 25,Plinio Del Carmen Teheran Sermeno,45,20
gh-31324642392,2026-08-09T11:47:08-05:00,1000019-B,CLASE LABORATORIO,(26) Grupo 26 (VIRTUAL),Plinio Del Carmen Teheran Sermeno,50,20
gh-31324642392,2026-08-09T11:47:08-05:00,1000019-B,CLASE TALLER,(26) Grupo 26 (VIRTUAL),Plinio Del Carmen Teheran Sermeno,50,20
gh-31324642392,2026-08-09T11:47:08-05:00,1000019-B,CLASE MAGISTRAL,(26) Grupo 26 (VIRTUAL),Plinio Del Carmen Teheran Sermeno,50,20
gh-31324642392,2026-08-09T11:47:08-05:00,1000019-B,CLASE LABORATORIO,(27) Grupo 27 (VIRTUAL),Plinio Del Carmen Teheran Sermeno,50,20
gh-31324642392,2026-08-09T11:47:08-05:00,1000019-B,CLASE TALLER,(27) Grupo 27 (VIRTUAL),Plinio Del Carmen Teheran Sermeno,50,20
gh-31324642392,2026-08-09T11:47:08-05:00,1000019-B,CLASE MAGISTRAL,(27) Grupo 27 (VIRTUAL),Plinio Del Carmen Teheran Sermeno,50,20
gh-31324642392,2026-08-09T11:47:08-05:00,1000019-B,CLASE LABORATORIO,(28) Grupo 28 (VIRTUAL),Plinio Del Carmen Teheran Sermeno,50,20
gh-31324642392,2026-08-09T11:47:08-05:00,1000019-B,CLASE TALLER,(28) Grupo 28 (VIRTUAL),Plinio Del Carmen Teheran Sermeno,50,20
gh-31324642392,2026-08-09T11:47:08-05:00,1000019-B,CLASE MAGISTRAL,(28) Grupo 28 (VIRTUAL),Plinio Del Carmen Teheran Sermeno,50,20
gh-31324642392,2026-08-09T11:47:08-05:00,1000019-B,CLASE LABORATORIO,(29) Grupo 29 (VIRTUAL),Plinio Del Carmen Teheran Sermeno,50,20
gh-31324642392,2026-08-09T11:47:08-05:00,1000019-B,CLASE TALLER,(29) Grupo 29 (VIRTUAL),Plinio Del Carmen Teheran Sermeno,50,20
gh-31324642392,2026-08-09T11:47:08-05:00,1000019-B,CLASE MAGISTRAL,(29) Grupo 29 (VIRTUAL),Plinio Del Carmen Teheran Sermeno,50,20
gh-31324642392,2026-08-09T11:47:08-05:00,1000019-B,CLASE LABORATORIO,(3) Grupo 3,Gustavo Martinez Tamayo,35,20
gh-31324642392,2026-08-09T11:47:08-05:00,1000019-B,CLASE TALLER,(3) Grupo 3,Gustavo Martinez Tamayo,35,20
gh-31324642392,2026-08-09T11:47:08-05:00,1000019-B,CLASE MAGISTRAL,(3) Grupo 3,Gustavo Martinez Tamayo,35,20
gh-31324642392,2026-08-09T11:47:08-05:00,1000019-B,CLASE LABORATORIO,(4) Grupo 4,No informado,35,20
gh-31324642392,2026-08-09T11:47:08-05:00,1000019-B,CLASE TALLER,(4) Grupo 4,Jaime Villalobos Velasco,35,20
gh-31324642392,2026-08-09T11:47:08-05:00,1000019-B,CLASE MAGISTRAL,(4) Grupo 4,Gustavo Martinez Tamayo,35,20
gh-31324642392,2026-08-09T11:47:08-05:00,1000019-B,CLASE LABORATORIO,(5) Grupo 5,FABIAN FELIPE QUEVEDO FARIETA,35,20
gh-31324642392,2026-08-09T11:47:08-05:00,1000019-B,CLASE TALLER,(5) Grupo 5,Jaime Villalobos Velasco,35,20
gh-31324642392,2026-08-09T11:47:08-05:00,1000019-B,CLASE MAGISTRAL,(5) Grupo 5,Ramiro Cardona Cardona,35,20
gh-31324642392,2026-08-09T11:47:08-05:00,1000019-B,CLASE LABORATORIO,(6) Grupo 6,Jaime Villalobos Velasco,35,20
gh-31324642392,2026-08-09T11:47:08-05:00,1000019-B,CLASE TALLER,(6) Grupo 6,Ramiro Cardona Cardona,35,20
gh-31324642392,2026-08-09T11:47:08-05:00,1000019-B,CLASE MAGISTRAL,(6) Grupo 6,Ramiro Cardona Cardona,35,20
gh-31324642392,2026-08-09T11:47:08-05:00,1000019-B,CLASE LABORATORIO,(7) Grupo 7,Jaime Villalobos Velasco,35,20
gh-31324642392,2026-08-09T11:47:08-05:00,1000019-B,CLASE TALLER,(7) Grupo 7,Ramiro Cardona Cardona,35,20
gh-31324642392,2026-08-09T11:47:08-05:00,1000019-B,CLASE MAGISTRAL,(7) Grupo 7,Ramiro Cardona Cardona,35,20
gh-31324642392,2026-08-09T11:47:08-05:00,1000019-B,CLASE LABORATORIO,(8) Grupo 8,Jaime Villalobos Velasco,35,20
gh-31324642392,2026-08-09T11:47:08-05:00,1000019-B,CLASE TALLER,(8) Grupo 8,Edna Carolina Pinilla Beltran,35,20
gh-31324642392,2026-08-09T11:47:08-05:00,1000019-B,CLASE MAGISTRAL,(8) Grupo 8,Ramiro Cardona Cardona,35,20
gh-31324642392,2026-08-09T11:47:08-05:00,1000019-B,CLASE LABORATORIO,(9) Grupo 9,Erika Lorena Rosero Alzate,0,20
gh-31324642392,2026-08-09T11:47:08-05:00,1000019-B,CLASE TALLER,(9) Grupo 9,No informado,10,20
gh-31324642392,2026-08-09T11:47:08-05:00,1000019-B,CLASE MAGISTRAL,(9) Grupo 9,Fredy Angel Jimenez Giraldo,10,20
gh-31324642392,2026-08-09T11:47:09-05:00,2015956,CLASE TEORICA,(1) Grupo 1,Modesto Portilla Gamboa; Fernando Eli Romero Ordoñez,35,21
gh-31324642392,2026-08-09T11:47:09-05:00,2015956,CLASE TEORICA,(2) Grupo 2,Jennifer Angel Amaya,30,21
gh-31324642392,2026-08-09T11:47:09-05:00,2015956,CLASE TEORICA,(3) Grupo 3,Jennifer Angel Amaya,30,21
gh-31324642392,2026-08-09T11:47:09-05:00,2015956,CLASE TEORICA,(4) Grupo 4,Fernando Eli Romero Ordoñez; Modesto Portilla Gamboa,35,21
gh-31324642392,2026-08-09T11:47:11-05:00,2015957,CLASE PRACTICA,(1) Grupo 1,No informado,30,22
gh-31324642392,2026-08-09T11:47:11-05:00,2015957,CLASE PRACTICA,(2) Grupo 2,Samuel Fernando Mesa Giraldo,30,22
gh-31324642392,2026-08-09T11:47:11-05:00,2015957,CLASE PRACTICA,(3) Grupo 3,Rose Marie Aldana Boutin,30,22
gh-31324642392,2026-08-09T11:47:11-05:00,2015957,CLASE PRACTICA,(4) Grupo 4,Rose Marie Aldana Boutin,30,22
gh-31324642392,2026-08-09T11:47:12-05:00,2015958,CLASE PRACTICA,(1) Grupo 1,William Castro Garcia,20,23
gh-31324642392,2026-08-09T11:47:12-05:00,2015958,CLASE TEORICA,(1) Grupo 1,William Castro Garcia,40,23
gh-31324642392,2026-08-09T11:47:12-05:00,2015958,CLASE PRACTICA,(2) Grupo 2,William Castro Garcia,20,23
gh-31324642392,2026-08-09T11:47:12-05:00,2015958,CLASE PRACTICA,(3) Grupo 3,Carlos Alfonso Gomez Guacaneme,30,23
gh-31324642392,2026-08-09T11:47:12-05:00,2015958,CLASE TEORICA,(3) Grupo 3,Carlos Alfonso Gomez Guacaneme,30,23
gh-31324642392,2026-08-09T11:47:12-05:00,2015958,CLASE PRACTICA,(4) Grupo 4,Mario Arturo Rincon Villalba,20,23
gh-31324642392,2026-08-09T11:47:12-05:00,2015958,CLASE TEORICA,(4) Grupo 4,Mario Arturo Rincon Villalba,40,23
gh-31324642392,2026-08-09T11:47:12-05:00,2015958,CLASE PRACTICA,(5) Grupo 5,Mario Arturo Rincon Villalba,20,23
gh-31324642392,2026-08-09T11:47:12-05:00,2015958,CLASE PRACTICA,(6) Grupo 6,Fausto Alejandro Silva España,20,23
gh-31324642392,2026-08-09T11:47:12-05:00,2015958,CLASE TEORICA,(6) Grupo 6,Cesar Andres Cortes Bello,40,23
gh-31324642392,2026-08-09T11:47:12-05:00,2015958,CLASE PRACTICA,(7) Grupo 7,Fausto Alejandro Silva España,20,23
gh-31324642392,2026-08-09T11:47:12-05:00,2015958,CLASE PRACTICA,(8) Grupo 8,Fausto Alejandro Silva España,20,23
gh-31324642392,2026-08-09T11:47:12-05:00,2015958,CLASE TEORICA,(8) Grupo 8,Cesar Andres Cortes Bello,40,23
gh-31324642392,2026-08-09T11:47:12-05:00,2015958,CLASE PRACTICA,(9) Grupo 9,Fausto Alejandro Silva España,20,23
gh-31324642392,2026-08-09T11:47:13-05:00,2015959,CLASE TEORICA,(1) Grupo 1,Carlos Eduardo Rodriguez Pineda,30,24
gh-31324642392,2026-08-09T11:47:13-05:00,2015959,CLASE TEORICA,(2) Grupo 2,Guillermo Eduardo Avila Alvarez,30,24
gh-31324642392,2026-08-09T11:47:13-05:00,2015959,CLASE TEORICA,(3) Grupo 3,Livaniel Viveros Rosero,30,24
gh-31324642392,2026-08-09T11:47:13-05:00,2015959,CLASE TEORICA,(4) Grupo 4,No informado,0,24
gh-31324642392,2026-08-09T11:47:15-05:00,2015961,CLASE TEORICA,(1) Grupo 1,Rafael Orland Ortiz Mosquera,24,26
gh-31324642392,2026-08-09T11:47:15-05:00,2015961,CLASE TEORICA,(2) Grupo 2,Adriana Patricia Piña Fulano,24,26
gh-31324642392,2026-08-09T11:47:15-05:00,2015961,CLASE TEORICA,(3) Grupo 3,Gelber Norberto Gutierrez Palacios,24,26
gh-31324642392,2026-08-09T11:47:15-05:00,2015961,CLASE TEORICA,(4) Grupo 4,No informado,24,26
gh-31324642392,2026-08-09T11:47:15-05:00,2015961,CLASE TEORICA,(5) Grupo 5,No informado,24,26
gh-31324642392,2026-08-09T11:47:15-05:00,2015961,CLASE TEORICA,(6) Grupo 6,Leonardo David Donado Garzon,24,26
gh-31324642392,2026-08-09T11:47:17-05:00,2015978,CLASE TEORICA,(1) Grupo 1,No informado,0,27
gh-31324642392,2026-08-09T11:47:17-05:00,2015978,CLASE TEORICA,(2) Grupo 2,Erasmo Alfredo Rodriguez Sandoval,30,27
gh-31324642392,2026-08-09T11:47:17-05:00,2015978,CLASE TEORICA,(3) Grupo 3,No informado,30,27
gh-31324642392,2026-08-09T11:47:17-05:00,2015978,CLASE TEORICA,(4) Grupo 4,No informado,30,27
gh-31324642392,2026-08-09T11:47:17-05:00,2015978,CLASE TEORICA,(5) Grupo 5,No informado,30,27
gh-31324642392,2026-08-09T11:47:18-05:00,2026135,CLASE TEORICA,(1) Grupo 1,NICOLAS ESCALANTE MORA,25,28
gh-31324642392,2026-08-09T11:47:18-05:00,2026135,CLASE TEORICA,(2) Grupo 2,Leonel Vega Mora,25,28
gh-31324642392,2026-08-09T11:47:18-05:00,2026135,CLASE TEORICA,(3) Grupo 3,Leonel Vega Mora,25,28
gh-31324642392,2026-08-09T11:47:19-05:00,2015963,CLASE TEORICA,(1) Grupo 1,No informado,30,29
gh-31324642392,2026-08-09T11:47:19-05:00,2015963,CLASE TEORICA,(2) Grupo 2,No informado,30,29
gh-31324642392,2026-08-09T11:47:19-05:00,2015963,CLASE TEORICA,(3) Grupo 3,William Castro Garcia,30,29
gh-31324642392,2026-08-09T11:47:20-05:00,2026138,CLASE TEORICA,(1) Grupo 1,Ivan Dario Serrano Arrieta,30,30
gh-31324642392,2026-08-09T11:47:20-05:00,2026138,CLASE TEORICA,(2) Grupo 2,Ivan Dario Serrano Arrieta,30,30
gh-31324642392,2026-08-09T11:47:20-05:00,2026138,CLASE TEORICA,(3) Grupo 3,Pedro Luis Jimenez Poveda,30,30
gh-31324642392,2026-08-09T11:47:22-05:00,2015703,NA,(1) Grupo 1,Angela Maria Arboleda Restrepo,40,31
gh-31324642392,2026-08-09T11:47:22-05:00,2015703,NA,(10) Grupo 10,Diego Alejandro Hernandez Castañeda,30,31
gh-31324642392,2026-08-09T11:47:22-05:00,2015703,NA,(11) Grupo 11,Julio Cesar Cañon Rodriguez,30,31
gh-31324642392,2026-08-09T11:47:22-05:00,2015703,NA,(2) Grupo 2,Osman Benjamin Giovanny Vargas Rozo,40,31
gh-31324642392,2026-08-09T11:47:22-05:00,2015703,NA,(3) Grupo 3,Hugo Alberto Herrera Fonseca,40,31
gh-31324642392,2026-08-09T11:47:22-05:00,2015703,NA,(4) Grupo 4,LINA JULIANA BULLA CASAS,30,31
gh-31324642392,2026-08-09T11:47:22-05:00,2015703,NA,(5) Grupo 5 - Virtual,Cesar Augusto Roa Lemus,60,31
gh-31324642392,2026-08-09T11:47:22-05:00,2015703,NA,(6) Grupo 6,JAVIER RICARDO OJEDA SANCHEZ,40,31
gh-31324642392,2026-08-09T11:47:22-05:00,2015703,NA,(7) Grupo 7,JAVIER RICARDO OJEDA SANCHEZ,20,31
gh-31324642392,2026-08-09T11:47:22-05:00,2015703,NA,(8) Grupo 8,Diego Alejandro Hernandez Castañeda,40,31
gh-31324642392,2026-08-09T11:47:22-05:00,2015703,NA,(9) Grupo 9,LINA JULIANA BULLA CASAS,35,31
gh-31324642392,2026-08-09T11:47:23-05:00,1000044-B,CLASE TEORICA,(1) Grupo 1,Beatriz Elena Urrutia Sanchez,26,32
gh-31324642392,2026-08-09T11:47:23-05:00,1000044-B,CLASE TEORICA,(2) Grupo 2,Yaneli Niño Osorio,26,32
gh-31324642392,2026-08-09T11:47:23-05:00,1000044-B,CLASE TEORICA,(3) Grupo 3,Luis Gabriel Peña Ortiz,26,32
gh-31324642392,2026-08-09T11:47:23-05:00,1000044-B,CLASE TEORICA,(4) Grupo 4,Liliana Marcela Guzman Aricapa,26,32
gh-31324642392,2026-08-09T11:47:23-05:00,1000044-B,CLASE TEORICA,(5) Grupo 5,Beatriz Elena Urrutia Sanchez,26,32
gh-31324642392,2026-08-09T11:47:23-05:00,1000044-B,CLASE TEORICA,(6) Grupo 6,Cesar Augusto Romero,26,32
gh-31324642392,2026-08-09T11:47:23-05:00,1000044-B,CLASE TEORICA,(7) Grupo 7,JOSE JONATHAN MAESTRE HERRERA,26,32
gh-31324642392,2026-08-09T11:47:23-05:00,1000044-B,CLASE TEORICA,(8) Grupo 8,Beymar Leonardo Solorzano Alviz,26,32
gh-31324642392,2026-08-09T11:47:23-05:00,1000044-B,CLASE TEORICA,(9) Grupo 9,Claudia Marcela Arevalo Gomez,7,32
gh-31324642392,2026-08-09T11:47:24-05:00,1000045-B,CLASE TEORICA,(1) Grupo 1,Claudia Marcela Arevalo Gomez,10,33
gh-31324642392,2026-08-09T11:47:24-05:00,1000045-B,CLASE TEORICA,(10) Grupo 10,Jesica paola Rendon Alfonso,26,33
gh-31324642392,2026-08-09T11:47:24-05:00,1000045-B,CLASE TEORICA,(11) Grupo 11,JOSE JONATHAN MAESTRE HERRERA,26,33
gh-31324642392,2026-08-09T11:47:24-05:00,1000045-B,CLASE TEORICA,(12) Grupo 12,LINDA JOHANA RUIZ GOMEZ,26,33
gh-31324642392,2026-08-09T11:47:24-05:00,1000045-B,CLASE TEORICA,(13) Grupo 13,Narly Yadira Pardo Cadena,26,33
gh-31324642392,2026-08-09T11:47:24-05:00,1000045-B,CLASE TEORICA,(14) Grupo 14,Angelica Saenz Fonseca,26,33
gh-31324642392,2026-08-09T11:47:24-05:00,1000045-B,CLASE TEORICA,(15) Grupo 15,Narly Yadira Pardo Cadena,26,33
gh-31324642392,2026-08-09T11:47:24-05:00,1000045-B,CLASE TEORICA,(16) Grupo 16,Luis Gabriel Peña Ortiz,26,33
gh-31324642392,2026-08-09T11:47:24-05:00,1000045-B,CLASE TEORICA,(2) Grupo 2,Cesar Augusto Romero,26,33
gh-31324642392,2026-08-09T11:47:24-05:00,1000045-B,CLASE TEORICA,(3) Grupo 3,Jesica paola Rendon Alfonso,26,33
gh-31324642392,2026-08-09T11:47:24-05:00,1000045-B,CLASE TEORICA,(4) Grupo 4,Adriana Marlen Sanchez Riaño,26,33
gh-31324642392,2026-08-09T11:47:24-05:00,1000045-B,CLASE TEORICA,(5) Grupo 5,Cesar Augusto Romero,26,33
gh-31324642392,2026-08-09T11:47:24-05:00,1000045-B,CLASE TEORICA,(6) Grupo 6,Sara Elisa Monsalve Patino,26,33
gh-31324642392,2026-08-09T11:47:24-05:00,1000045-B,CLASE TEORICA,(7) Grupo 7,Luis Gabriel Peña Ortiz,26,33
gh-31324642392,2026-08-09T11:47:24-05:00,1000045-B,CLASE TEORICA,(8) Grupo 8,Johnatan Martinez Hernandez,26,33
gh-31324642392,2026-08-09T11:47:24-05:00,1000045-B,CLASE TEORICA,(9) Grupo 9,Maureen Elizabeth Hooker Oneill,15,33
gh-31324642392,2026-08-09T11:47:27-05:00,1000046-B,CLASE TEORICA,(1) Grupo 1,Johnatan Martinez Hernandez,26,35
gh-31324642392,2026-08-09T11:47:27-05:00,1000046-B,CLASE TEORICA,(10) Grupo 10,Jennly Angelica Gomez Rodriguez,26,35
gh-31324642392,2026-08-09T11:47:27-05:00,1000046-B,CLASE TEORICA,(11) Grupo 11,Angelica Saenz Fonseca,26,35
gh-31324642392,2026-08-09T11:47:27-05:00,1000046-B,CLASE TEORICA,(12) Grupo 12,Liliana Marcela Guzman Aricapa,26,35
gh-31324642392,2026-08-09T11:47:27-05:00,1000046-B,CLASE TEORICA,(13) Grupo 13,ALBA LUCIA RIAÑO RODRIGUEZ,26,35
gh-31324642392,2026-08-09T11:47:27-05:00,1000046-B,CLASE TEORICA,(14) Grupo 14,Angelica Saenz Fonseca,26,35
gh-31324642392,2026-08-09T11:47:27-05:00,1000046-B,CLASE TEORICA,(15) Grupo 15,Luis Gabriel Peña Ortiz,26,35
gh-31324642392,2026-08-09T11:47:27-05:00,1000046-B,CLASE TEORICA,(16) Grupo 16,Olga Lucia Ruiz Convers,26,35
gh-31324642392,2026-08-09T11:47:27-05:00,1000046-B,CLASE TEORICA,(17) Grupo 17,Luis Gabriel Peña Ortiz,26,35
gh-31324642392,2026-08-09T11:47:27-05:00,1000046-B,CLASE TEORICA,(18) Grupo 18,Narly Yadira Pardo Cadena,26,35
gh-31324642392,2026-08-09T11:47:27-05:00,1000046-B,CLASE TEORICA,(2) Grupo 2,Jesica paola Rendon Alfonso,26,35
gh-31324642392,2026-08-09T11:47:27-05:00,1000046-B,CLASE TEORICA,(3) Grupo 3,JESUS DAVID TORRES RODRIGUEZ,26,35
gh-31324642392,2026-08-09T11:47:27-05:00,1000046-B,CLASE TEORICA,(4) Grupo 4,Claudia Patricia Cortes Lora,26,35
gh-31324642392,2026-08-09T11:47:27-05:00,1000046-B,CLASE TEORICA,(5) Grupo 5,Johnatan Martinez Hernandez,26,35
gh-31324642392,2026-08-09T11:47:27-05:00,1000046-B,CLASE TEORICA,(6) Grupo 6,Johnatan Martinez Hernandez,26,35
gh-31324642392,2026-08-09T11:47:27-05:00,1000046-B,CLASE TEORICA,(7) Grupo 7,Jesica paola Rendon Alfonso,26,35
gh-31324642392,2026-08-09T11:47:27-05:00,1000046-B,CLASE TEORICA,(8) Grupo 8,Beatriz Elena Urrutia Sanchez,26,35
gh-31324642392,2026-08-09T11:47:27-05:00,1000046-B,CLASE TEORICA,(9) Grupo 9,Maureen Elizabeth Hooker Oneill,10,35
gh-31324642392,2026-08-09T11:47:30-05:00,1000052-B,CLASE TEORICA,(1) Grupo 1,Liliana Marcela Guzman Aricapa,28,37
gh-31324642392,2026-08-09T11:47:30-05:00,1000052-B,CLASE TEORICA,(2) Grupo 2,JOSE JONATHAN MAESTRE HERRERA,28,37
gh-31324642392,2026-08-09T11:47:30-05:00,1000052-B,CLASE TEORICA,(3) Grupo 3,Aida Elena Monsalve Solorzano,28,37
gh-31324642392,2026-08-09T11:47:31-05:00,1000053-B,CLASE TEORICA,(1) Grupo 1,Jennly Angelica Gomez Rodriguez,28,38
gh-31324642392,2026-08-09T11:47:31-05:00,1000053-B,CLASE TEORICA,(2) Grupo 2,Yaneli Niño Osorio,28,38
gh-31324642392,2026-08-09T11:47:31-05:00,1000053-B,CLASE TEORICA,(3) Grupo 3,Javier Rodriguez Gomez,30,38
gh-31324642392,2026-08-09T11:47:31-05:00,1000053-B,CLASE TEORICA,(4) Grupo 4,Javier Rodriguez Gomez,30,38
gh-31324642392,2026-08-09T11:47:31-05:00,1000053-B,CLASE TEORICA,(5) Grupo 5,LINDA JOHANA RUIZ GOMEZ,28,38
gh-31324642392,2026-08-09T11:47:31-05:00,1000053-B,CLASE TEORICA,(6) Grupo 6,Olga Lucia Ruiz Convers,28,38
gh-31324642392,2026-08-09T11:47:32-05:00,1000047-B,CLASE TEORICA,(1) Grupo 1,Cesar Augusto Romero,26,39
gh-31324642392,2026-08-09T11:47:32-05:00,1000047-B,CLASE TEORICA,(10) Grupo 10,Monica Alexandra Riaño Orjuela,26,39
gh-31324642392,2026-08-09T11:47:32-05:00,1000047-B,CLASE TEORICA,(11) Grupo 11,Jennly Angelica Gomez Rodriguez,26,39
gh-31324642392,2026-08-09T11:47:32-05:00,1000047-B,CLASE TEORICA,(12) Grupo 12,Claudia Patricia Cortes Lora,26,39
gh-31324642392,2026-08-09T11:47:32-05:00,1000047-B,CLASE TEORICA,(13) Grupo 13,Angelica Saenz Fonseca,26,39
gh-31324642392,2026-08-09T11:47:32-05:00,1000047-B,CLASE TEORICA,(14) Grupo 14,LINDA JOHANA RUIZ GOMEZ,26,39
gh-31324642392,2026-08-09T11:47:32-05:00,1000047-B,CLASE TEORICA,(15) Grupo 15,Claudia Patricia Cortes Lora,26,39
gh-31324642392,2026-08-09T11:47:32-05:00,1000047-B,CLASE TEORICA,(16) Grupo 16,Narly Yadira Pardo Cadena,26,39
gh-31324642392,2026-08-09T11:47:32-05:00,1000047-B,CLASE TEORICA,(17) Grupo 17,Angelica Saenz Fonseca,26,39
gh-31324642392,2026-08-09T11:47:32-05:00,1000047-B,CLASE TEORICA,(18) Grupo 18,ALBA LUCIA RIAÑO RODRIGUEZ,26,39
gh-31324642392,2026-08-09T11:47:32-05:00,1000047-B,CLASE TEORICA,(19) Grupo 19,Aida Elena Monsalve Solorzano,26,39
gh-31324642392,2026-08-09T11:47:32-05:00,1000047-B,CLASE TEORICA,(2) Grupo 2,Yaneli Niño Osorio,26,39
gh-31324642392,2026-08-09T11:47:32-05:00,1000047-B,CLASE TEORICA,(20) Grupo 20,ALBA LUCIA RIAÑO RODRIGUEZ,26,39
gh-31324642392,2026-08-09T11:47:32-05:00,1000047-B,CLASE TEORICA,(21) Grupo 21,Edwin Yesid Leon Silva,26,39
gh-31324642392,2026-08-09T11:47:32-05:00,1000047-B,CLASE TEORICA,(22) Grupo 22,LINDA JOHANA RUIZ GOMEZ,26,39
gh-31324642392,2026-08-09T11:47:32-05:00,1000047-B,CLASE TEORICA,(3) Grupo 3,Monica Alexandra Riaño Orjuela,26,39
gh-31324642392,2026-08-09T11:47:32-05:00,1000047-B,CLASE TEORICA,(4) Grupo 4,Claudia Patricia Cortes Lora,26,39
gh-31324642392,2026-08-09T11:47:32-05:00,1000047-B,CLASE TEORICA,(5) Grupo 5,Olga Lucia Ruiz Convers,26,39
gh-31324642392,2026-08-09T11:47:32-05:00,1000047-B,CLASE TEORICA,(6) Grupo 6,Monica Alexandra Riaño Orjuela,26,39
gh-31324642392,2026-08-09T11:47:32-05:00,1000047-B,CLASE TEORICA,(7) Grupo 7,Cesar Augusto Romero,26,39
gh-31324642392,2026-08-09T11:47:32-05:00,1000047-B,CLASE TEORICA,(8) Grupo 8,Beatriz Elena Urrutia Sanchez,26,39
gh-31324642392,2026-08-09T11:47:32-05:00,1000047-B,CLASE TEORICA,(9) Grupo 9,Keshia Hilary Howard Livingston,15,39
gh-31324642392,2026-08-09T11:47:34-05:00,2026186,CLASE TEORICA,(1) Grupo 1,Carol Andrea Murillo Feo,7,41
gh-31324642392,2026-08-09T11:47:34-05:00,2026186,CLASE TEORICA,(2) Grupo 2,Leonel Vega Mora,0,41
gh-31324642392,2026-08-09T11:47:34-05:00,2026186,CLASE TEORICA,(4) Grupo 4,Carlos Orlando Robles Roa,10,41
gh-31324642392,2026-08-09T11:47:36-05:00,1000002-B,CLASE TEORICA,(1) Grupo 1 - Clase Presencial,Ruth Andrea Cortés Suárez,1,42
gh-31324642392,2026-08-09T11:47:36-05:00,1000002-B,CLASE TEORICA,(10) Grupo 10 - Clase presencial,Karen Johanna Castelblanco Villamil,0,42
gh-31324642392,2026-08-09T11:47:36-05:00,1000002-B,CLASE TEORICA,(2) Grupo 2 - Clase Presencial,Ruth Andrea Cortés Suárez,0,42
gh-31324642392,2026-08-09T11:47:36-05:00,1000002-B,CLASE TEORICA,(3) Grupo 3 - Clase Presencial,Adriana Patricia Díaz Cuevas,0,42
gh-31324642392,2026-08-09T11:47:36-05:00,1000002-B,CLASE TEORICA,(4) Grupo 4 - Clase Presencial,Adriana Patricia Díaz Cuevas,0,42
gh-31324642392,2026-08-09T11:47:36-05:00,1000002-B,CLASE TEORICA,(5) Grupo 5 - Clase Presencial,Andres Felipe Escovar Barreto,0,42
gh-31324642392,2026-08-09T11:47:36-05:00,1000002-B,CLASE TEORICA,(6) Grupo 6 - Clase Presencial,Ruth Andrea Cortés Suárez,0,42
gh-31324642392,2026-08-09T11:47:36-05:00,1000002-B,CLASE TEORICA,(7) Grupo 7 - Clase Presencial,Karen Johanna Castelblanco Villamil,0,42
gh-31324642392,2026-08-09T11:47:36-05:00,1000002-B,CLASE TEORICA,(8) Grupo 8 - Clase Presencial,Adriana Patricia Díaz Cuevas,0,42
gh-31324642392,2026-08-09T11:47:36-05:00,1000002-B,CLASE TEORICA,(9) Grupo 9 - Clase Presencial,Carlas Lucia Castilla Lara,10,42
gh-31324642392,2026-08-09T11:47:38-05:00,1000001-B,CLASE TEORICA,(1) Grupo 1,No informado,0,43
gh-31324642392,2026-08-09T11:47:38-05:00,1000001-B,CLASE MAGISTRAL,(1) Grupo 1,Ibeth Marcela Rubio Perilla,0,43
gh-31324642392,2026-08-09T11:47:38-05:00,1000001-B,CLASE MAGISTRAL,(10) Grupo 10,No informado,0,43
gh-31324642392,2026-08-09T11:47:38-05:00,1000001-B,CLASE TEORICA,(19) Grupo 19,No informado,5,43
gh-31324642392,2026-08-09T11:47:38-05:00,1000001-B,CLASE TEORICA,(2) Grupo 2,No informado,10,43
gh-31324642392,2026-08-09T11:47:38-05:00,1000001-B,CLASE MAGISTRAL,(2) Grupo 2,Herbert Alonso Dueñas Ruiz,0,43
gh-31324642392,2026-08-09T11:47:38-05:00,1000001-B,CLASE MAGISTRAL,(3) Grupo 3,Jeanneth Galeano Penaloza,0,43
gh-31324642392,2026-08-09T11:47:38-05:00,1000001-B,CLASE MAGISTRAL,(4) Grupo 4,Gustavo Adolfo Nieto Clavijo,0,43
gh-31324642392,2026-08-09T11:47:38-05:00,1000001-B,CLASE MAGISTRAL,(5) Grupo 5,Natalia Camila Pinzon Cortes,0,43
gh-31324642392,2026-08-09T11:47:38-05:00,1000001-B,CLASE MAGISTRAL,(6) Grupo 6,Martha Cecilia Moreno Penagos,0,43
gh-31324642392,2026-08-09T11:47:38-05:00,1000001-B,CLASE MAGISTRAL,(7) Grupo 7,Claudio Rodriguez Beltran,0,43
gh-31324642392,2026-08-09T11:47:38-05:00,1000001-B,CLASE MAGISTRAL,(8) Grupo 8,Gabriel Ignacio Padilla Leon,0,43
gh-31324642392,2026-08-09T11:47:38-05:00,1000001-B,CLASE MAGISTRAL,(9) Grupo 9,No informado,10,43
gh-31324642392,2026-08-09T11:47:39-05:00,2015965,CLASE TEORICA,(1) Grupo 1,CAMILO RIOS FRESNEDA,24,44
gh-31324642392,2026-08-09T11:47:39-05:00,2015965,CLASE TEORICA,(2) Grupo 2,Julian David Puerto Suarez; Vladimir Buelvas Hernández,24,44
gh-31324642392,2026-08-09T11:47:39-05:00,2015965,CLASE TEORICA,(3) Grupo 3,Ferney Betancourt Cardozo; Juan Manuel Lizarazo Marriaga,24,44
gh-31324642392,2026-08-09T11:47:39-05:00,2015965,CLASE TEORICA,(4) Grupo 4,No informado,24,44
gh-31324642392,2026-08-09T11:47:40-05:00,2015966,CLASE TEORICA,(1) Grupo 1,No informado,24,45
gh-31324642392,2026-08-09T11:47:40-05:00,2015966,CLASE TEORICA,(2) Grupo 2,Adriana Patricia Piña Fulano,24,45
gh-31324642392,2026-08-09T11:47:40-05:00,2015966,CLASE TEORICA,(3) Grupo 3,Rafael Orland Ortiz Mosquera,24,45
gh-31324642392,2026-08-09T11:47:40-05:00,2015966,CLASE TEORICA,(4) Grupo 4,No informado,24,45
gh-31324642392,2026-08-09T11:47:40-05:00,2015966,CLASE TEORICA,(5) Grupo 5,No informado,24,45
gh-31324642392,2026-08-09T11:47:40-05:00,2015966,CLASE TEORICA,(6) Grupo 6,Luis Alejandro Morales Marin,24,45
gh-31324642392,2026-08-09T11:47:40-05:00,2015966,CLASE TEORICA,(7) Grupo 7,No informado,24,45
gh-31324642392,2026-08-09T11:47:40-05:00,2015966,CLASE TEORICA,(8) Grupo 8,No informado,24,45
gh-31324642392,2026-08-09T11:47:41-05:00,2015967,NA,(1) Grupo 1,Vladimir Buelvas Hernández,24,46
gh-31324642392,2026-08-09T11:47:43-05:00,2015968,CLASE TEORICA,(1) Grupo 1,Ricardo Parra Arango,24,47
gh-31324642392,2026-08-09T11:47:43-05:00,2015968,CLASE TEORICA,(2) Grupo 2,Juan David Oliveros Salazar,24,47
gh-31324642392,2026-08-09T11:47:43-05:00,2015968,CLASE TEORICA,(3) Grupo 3,No informado,24,47
gh-31324642392,2026-08-09T11:47:43-05:00,2015968,CLASE TEORICA,(4) Grupo 4,Ricardo Parra Arango,24,47
gh-31324642392,2026-08-09T11:47:43-05:00,2015968,CLASE TEORICA,(5) Grupo 5,Julian David Puerto Suarez,24,47
gh-31324642392,2026-08-09T11:47:43-05:00,2015968,CLASE TEORICA,(6) Grupo 6,Dorian Luis Linero Segrera,24,47
gh-31324642392,2026-08-09T11:47:43-05:00,2015968,CLASE TEORICA,(7) Grupo 7,No informado,0,47
gh-31324642392,2026-08-09T11:47:44-05:00,2015969,CLASE TEORICA,(1) Grupo 1 (Inglés),Julio Esteban Colmenares Montañez,30,48
gh-31324642392,2026-08-09T11:47:44-05:00,2015969,CLASE TEORICA,(2) Grupo 2,Guillermo Eduardo Avila Alvarez,30,48
gh-31324642392,2026-08-09T11:47:44-05:00,2015969,CLASE TEORICA,(3) Grupo 3,Livaniel Viveros Rosero,30,48
gh-31324642392,2026-08-09T11:47:44-05:00,2015969,CLASE TEORICA,(4) Grupo 4,No informado,30,48
gh-31324642392,2026-08-09T11:47:45-05:00,2015970,CLASE PRACTICA,(4) Grupo 4,Helga Duarte,30,49
gh-31324642392,2026-08-09T11:47:45-05:00,2015970,CLASE PRACTICA,(5) Grupo 5,Oswaldo Rojas Camacho,45,49
gh-31324642392,2026-08-09T11:47:45-05:00,2015970,CLASE PRACTICA,(8) Grupo 8,Helga Duarte,30,49
gh-31324642392,2026-08-09T11:47:45-05:00,2015970,CLASE PRACTICA,(9) Grupo 9,Oswaldo Rojas Camacho,45,49
gh-31324642392,2026-08-09T11:47:46-05:00,2017293,CLASE TEORICA,(1) 2017293-1 Modelación matemática,JUAN SEBASTIÁN HINCAPIÉ MONTES,34,50
gh-31324642392,2026-08-09T11:47:46-05:00,2017293,CLASE MAGISTRAL,(1M) 2017293-1M Modelación matemática - Magistral,Carlos Alberto Duque Daza,80,50
gh-31324642392,2026-08-09T11:47:46-05:00,2017293,CLASE TEORICA,(2) 2017293-2 Modelación matemática,JUAN SEBASTIÁN HINCAPIÉ MONTES,34,50
gh-31324642392,2026-08-09T11:47:49-05:00,2015971,CLASE TEORICA,(1) Grupo 1,No informado,30,53
gh-31324642392,2026-08-09T11:47:49-05:00,2015971,CLASE TEORICA,(2) Grupo 2,Ferney Betancourt Cardozo,30,53
gh-31324642392,2026-08-09T11:47:49-05:00,2015971,CLASE TEORICA,(3) Grupo 3,No informado,30,53
gh-31324642392,2026-08-09T11:47:51-05:00,2015972,CLASE TEORICA,(1) Grupo 1,Carlos Alberto Moncada Aristizabal,15,54
gh-31324642392,2026-08-09T11:47:51-05:00,2015972,CLASE TEORICA,(2) Grupo 2,SANTIAGO RAMIREZ ECHEVERRI,15,54
gh-31324642392,2026-08-09T11:47:51-05:00,2015972,CLASE TEORICA,(3) Grupo 3,No informado,15,54
gh-31324642392,2026-08-09T11:47:52-05:00,1000024-B,CLASE TEORICA,(12) Grupo 12,Edgar Delgado Mejia,0,55
gh-31324642392,2026-08-09T11:47:52-05:00,1000024-B,CLASE TEORICA,(13) Grupo 13,Jesus Sigifredo Valencia Rios,0,55
gh-31324642392,2026-08-09T11:47:52-05:00,1000024-B,CLASE TEORICA,(14) Grupo 14,Jhon Jairo Aragón Arias,10,55
gh-31324642392,2026-08-09T11:47:54-05:00,1000013-B,CLASE TEORICA,(1) Grupo 1,JHONIER SEBASTIAN RANGEL GUTIERREZ,0,56
gh-31324642392,2026-08-09T11:47:54-05:00,1000013-B,CLASE TEORICA,(10) Grupo 10,Sandra Vergara Cardozo,35,56
gh-31324642392,2026-08-09T11:47:54-05:00,1000013-B,CLASE TEORICA,(11) Grupo 11,DIEGO ALBERTO MARTINEZ SIMBAQUEVA,40,56
gh-31324642392,2026-08-09T11:47:54-05:00,1000013-B,CLASE TEORICA,(12) Grupo 12,DIEGO ALBERTO MARTINEZ SIMBAQUEVA,40,56
gh-31324642392,2026-08-09T11:47:54-05:00,1000013-B,CLASE TEORICA,(13) Grupo 13,DIEGO ALBERTO MARTINEZ SIMBAQUEVA,30,56
gh-31324642392,2026-08-09T11:47:54-05:00,1000013-B,CLASE TEORICA,(14) Grupo 14,Andrea Catalina Garcia Montoya,45,56
gh-31324642392,2026-08-09T11:47:54-05:00,1000013-B,CLASE TEORICA,(16) Grupo 16,Sergio Alejandro Calderon Villanueva,30,56
gh-31324642392,2026-08-09T11:47:54-05:00,1000013-B,CLASE TEORICA,(2) Grupo 2,Luis Guillermo Diaz Monroy,40,56
gh-31324642392,2026-08-09T11:47:54-05:00,1000013-B,CLASE TEORICA,(22) Grupo 22,Hanwen Zhang,45,56
gh-31324642392,2026-08-09T11:47:54-05:00,1000013-B,CLASE TEORICA,(23) Grupo 23,ULPIANO LARA CRISTANCHO,0,56
gh-31324642392,2026-08-09T11:47:54-05:00,1000013-B,CLASE TEORICA,(3) Grupo 3,Diana Carolina Franco Soto,40,56
gh-31324642392,2026-08-09T11:47:54-05:00,1000013-B,CLASE TEORICA,(4) Grupo 4,Diana Carolina Franco Soto,40,56
gh-31324642392,2026-08-09T11:47:54-05:00,1000013-B,CLASE TEORICA,(5) Grupo 5,Darwin Eduardo Martínez Riaño,35,56
gh-31324642392,2026-08-09T11:47:54-05:00,1000013-B,CLASE TEORICA,(6) Grupo 6,Darwin Eduardo Martínez Riaño,35,56
gh-31324642392,2026-08-09T11:47:54-05:00,1000013-B,CLASE TEORICA,(7) Grupo 7,Camilo Jose Torres Jimenez,40,56
gh-31324642392,2026-08-09T11:47:55-05:00,2015734,NA,(1) Grupo 1,Fernando Salazar Delgado,6,57
gh-31324642392,2026-08-09T11:47:55-05:00,2015734,NA,(10) Grupo 10,Tito Florez Calderon,4,57
gh-31324642392,2026-08-09T11:47:55-05:00,2015734,NA,(11) Grupo 11,DAVID ALBERTO HERRERA ALVAREZ,0,57
gh-31324642392,2026-08-09T11:47:55-05:00,2015734,NA,(12) Grupo 12,FABIEL NATÁN ESPINOSA CASTAÑEDA,1,57
gh-31324642392,2026-08-09T11:47:55-05:00,2015734,NA,(13) Grupo 13,SERGIO CAMILO ESPINOSA BOTERO,4,57
gh-31324642392,2026-08-09T11:47:55-05:00,2015734,NA,(14) Grupo 14,Felipe Gonzalez Roldan,0,57
gh-31324642392,2026-08-09T11:47:55-05:00,2015734,NA,(2) Grupo 2,Fernando Salazar Delgado,16,57
gh-31324642392,2026-08-09T11:47:55-05:00,2015734,NA,(3) Grupo 3,Jhoan Sebastian Restrepo Mendoza,0,57
gh-31324642392,2026-08-09T11:47:55-05:00,2015734,NA,(4) Grupo 4,Sandra Liliana Rojas Martinez,0,57
gh-31324642392,2026-08-09T11:47:55-05:00,2015734,NA,(5) Grupo 5,Jhoan Sebastian Restrepo Mendoza,0,57
gh-31324642392,2026-08-09T11:47:55-05:00,2015734,NA,(6) Grupo 6,SERGIO CAMILO ESPINOSA BOTERO,8,57
gh-31324642392,2026-08-09T11:47:55-05:00,2015734,NA,(7) Grupo 7,No informado,3,57
gh-31324642392,2026-08-09T11:47:55-05:00,2015734,NA,(8) Grupo 8 - Virtual,FABIEL NATÁN ESPINOSA CASTAÑEDA,30,57
gh-31324642392,2026-08-09T11:47:55-05:00,2015734,NA,(9) Grupo 9,Alvaro Reynel Córdoba,18,57
gh-31324642392,2026-08-09T11:47:57-05:00,2015973,CLASE TEORICA,(1) Grupo 1,No informado,25,59
gh-31324642392,2026-08-09T11:47:57-05:00,2015973,CLASE TEORICA,(2) Grupo 2,GABRIELA ARRIETA LOYO,25,59
gh-31324642392,2026-08-09T11:47:57-05:00,2015973,CLASE TEORICA,(3) Grupo 3,NICOLAS ESCALANTE MORA,25,59
gh-31324642392,2026-08-09T11:47:58-05:00,2022761,NA,(1) Grupo 1,Servio Javier Contreras Guerrero,15,60
gh-31324642392,2026-08-09T11:47:58-05:00,2022761,NA,(2) Grupo 2,Servio Javier Contreras Guerrero,15,60
gh-31324642392,2026-08-09T11:47:58-05:00,2022761,NA,(3) Grupo 3,Samuel Fernando Mesa Giraldo,15,60
gh-31324642392,2026-08-09T11:48:00-05:00,2024045,CLASE TEORICA,(1) 2024045-1 Taller de proyectos interdisciplinarios,No informado,0,-1
gh-31324642392,2026-08-09T11:48:00-05:00,2024045,CLASE TEORICA,(10) 2024045-10 Taller de proyectos interdisciplinarios,Oscar Andres Eraso Eraso,0,-1
gh-31324642392,2026-08-09T11:48:00-05:00,2024045,CLASE TEORICA,(11) 2024045-11 Taller de proyectos interdisciplinarios,No informado,0,-1
gh-31324642392,2026-08-09T11:48:00-05:00,2024045,CLASE TEORICA,(12) 2024045-12 Taller de proyectos interdisciplinarios,Hector Julian Garcia Otalora,200,-1
gh-31324642392,2026-08-09T11:48:00-05:00,2024045,CLASE TEORICA,(13) 2024045-13 Taller de proyectos interdisciplinarios,No informado,0,-1
gh-31324642392,2026-08-09T11:48:00-05:00,2024045,CLASE TEORICA,(14) 2024045-14 Taller de proyectos interdisciplinarios,Dolly Santos Barbosa,0,-1
gh-31324642392,2026-08-09T11:48:00-05:00,2024045,CLASE TEORICA,(15) 2024045-15 Taller de proyectos interdisciplinarios,Oscar Andres Eraso Eraso,0,-1
gh-31324642392,2026-08-09T11:48:00-05:00,2024045,CLASE TEORICA,(16) 2024045-16 Taller de proyectos interdisciplinarios,Luis Ignacio Rodriguez Varela,0,-1
gh-31324642392,2026-08-09T11:48:00-05:00,2024045,CLASE TEORICA,(17) 2024045-17 Taller de proyectos interdisciplinarios,JOHANA CATALINA MANOSALVA BARRERA,0,-1
gh-31324642392,2026-08-09T11:48:00-05:00,2024045,CLASE TEORICA,(18) 2024045-18 Taller de proyectos interdisciplinarios,Fernando Bernal Martinez,0,-1
gh-31324642392,2026-08-09T11:48:00-05:00,2024045,CLASE TEORICA,(19) 2024045-19 Taller de proyectos interdisciplinarios,FRANCISCO JAVIER VÁSQUEZ VÁSQUEZ,0,-1
gh-31324642392,2026-08-09T11:48:00-05:00,2024045,CLASE TEORICA,(2) 2024045-2 Taller de proyectos interdisciplinarios,Fernando Bernal Martinez,0,-1
gh-31324642392,2026-08-09T11:48:00-05:00,2024045,CLASE TEORICA,(21) 2024045-21 Taller de proyectos interdisciplinarios,No informado,0,-1
gh-31324642392,2026-08-09T11:48:00-05:00,2024045,CLASE TEORICA,(22) 2024045-22 Taller de proyectos interdisciplinarios,Ubaldo Garcia Zaragoza,0,-1
gh-31324642392,2026-08-09T11:48:00-05:00,2024045,CLASE TEORICA,(23) 2024045-23 Taller de proyectos interdisciplinarios,No informado,0,-1
gh-31324642392,2026-08-09T11:48:00-05:00,2024045,CLASE TEORICA,(24) 2024045-24 Taller de proyectos interdisciplinarios,Hector Julian Garcia Otalora,200,-1
gh-31324642392,2026-08-09T11:48:00-05:00,2024045,CLASE TEORICA,(3) 2024045-3 Taller de proyectos interdisciplinarios,Guillermo Alberto Rocha Casas,0,-1
gh-31324642392,2026-08-09T11:48:00-05:00,2024045,CLASE TEORICA,(4) 2024045-4 Taller de proyectos interdisciplinarios,Francy Nayely Prieto Novoa,0,-1
gh-31324642392,2026-08-09T11:48:00-05:00,2024045,CLASE TEORICA,(40) 2024045-40 TPI-- NO BORRAR-- BLOQ ESPACIOS,No informado,0,-1
gh-31324642392,2026-08-09T11:48:00-05:00,2024045,CLASE TEORICA,(5) 2024045-5 Taller de proyectos interdisciplinarios,Nubia Carmenza Moreno Sarmiento,0,-1
gh-31324642392,2026-08-09T11:48:00-05:00,2024045,CLASE TEORICA,(6) 2024045-6 Taller de proyectos interdisciplinarios,JOHANA CATALINA MANOSALVA BARRERA,0,-1
gh-31324642392,2026-08-09T11:48:00-05:00,2024045,CLASE TEORICA,(7) 2024045-7 Taller de proyectos interdisciplinarios,Ubaldo Garcia Zaragoza,0,-1
gh-31324642392,2026-08-09T11:48:00-05:00,2024045,CLASE TEORICA,(8) 2024045-8 Taller de proyectos interdisciplinarios,JHON FREDDY LOPEZ MEDINA,0,-1
gh-31324642392,2026-08-09T11:48:00-05:00,2024045,CLASE TEORICA,(9) 2024045-9 Taller de proyectos interdisciplinarios,Manuel Alejandro Mayorga Betancourt,0,-1
gh-31324642392,2026-08-09T11:48:01-05:00,2015296,NA,(1) Grupo 1,Leonardo David Donado Garzon,5,62
gh-31324642392,2026-08-09T11:48:01-05:00,2015296,NA,(10) Grupo 10,Juan Manuel Lizarazo Marriaga,5,62
gh-31324642392,2026-08-09T11:48:01-05:00,2015296,NA,(11) Grupo 11,Octavio Coronado Garcia,5,62
gh-31324642392,2026-08-09T11:48:01-05:00,2015296,NA,(12) Grupo 12,Carol Andrea Murillo Feo,5,62
gh-31324642392,2026-08-09T11:48:01-05:00,2015296,NA,(13) Grupo 13,CAMILO RIOS FRESNEDA,5,62
gh-31324642392,2026-08-09T11:48:01-05:00,2015296,NA,(14) Grupo 14,William Castro Garcia,5,62
gh-31324642392,2026-08-09T11:48:01-05:00,2015296,NA,(15) Grupo 15,Luis Alejandro Morales Marin,5,62
gh-31324642392,2026-08-09T11:48:01-05:00,2015296,NA,(16) Grupo 16,Ferney Betancourt Cardozo,5,62
gh-31324642392,2026-08-09T11:48:01-05:00,2015296,NA,(17) Grupo 17,Maria Alejandra Caicedo Londoño,5,62
gh-31324642392,2026-08-09T11:48:01-05:00,2015296,NA,(18) Grupo 18,Guillermo Eduardo Avila Alvarez,5,62
gh-31324642392,2026-08-09T11:48:01-05:00,2015296,NA,(19) Grupo 19,Carlos Alfonso Gomez Guacaneme,0,62
gh-31324642392,2026-08-09T11:48:01-05:00,2015296,NA,(2) Grupo 2,Carlos Orlando Robles Roa,5,62
gh-31324642392,2026-08-09T11:48:01-05:00,2015296,NA,(3) Grupo 3,Angela Barrera Puerto,5,62
gh-31324642392,2026-08-09T11:48:01-05:00,2015296,NA,(4) Grupo 4,Mauricio Alberto Tapias Camacho,5,62
gh-31324642392,2026-08-09T11:48:01-05:00,2015296,NA,(5) Grupo 5,Maritzabel Molina Herrera,5,62
gh-31324642392,2026-08-09T11:48:01-05:00,2015296,NA,(6) Grupo 6,Rodolfo Rodriguez Baracaldo,5,62
gh-31324642392,2026-08-09T11:48:01-05:00,2015296,NA,(7) Grupo 7,SANTIAGO RAMIREZ ECHEVERRI,5,62
gh-31324642392,2026-08-09T11:48:01-05:00,2015296,NA,(8) Grupo 8,Jose Ricardo Martinez Vargas,5,62
gh-31324642392,2026-08-09T11:48:01-05:00,2015296,NA,(9) Grupo 9,GABRIELA ARRIETA LOYO,5,62
gh-31324642392,2026-08-09T11:48:02-05:00,2015299,CLASE TEORICA,(1) Grupo 1,GABRIELA ARRIETA LOYO,51,-1
gh-31326948682,2026-08-09T12:40:39-05:00,1000003-B,NA,(1) Grupo 1,Erika Lorena Rosero Alzate; Oscar Andrés Rojas Sepúlveda,0,-1
gh-31326948682,2026-08-09T12:40:39-05:00,1000003-B,NA,(10) Grupo 10,Epifanio Lozano Ayala,14,-1
gh-31326948682,2026-08-09T12:40:39-05:00,1000003-B,NA,(11) Grupo 11,No informado,60,-1
gh-31326948682,2026-08-09T12:40:39-05:00,1000003-B,NA,(12) Grupo 12,No informado,40,-1
gh-31326948682,2026-08-09T12:40:39-05:00,1000003-B,NA,(13) Grupo 13,Mohammed EL AIDI,40,-1
gh-31326948682,2026-08-09T12:40:39-05:00,1000003-B,NA,(15) Grupo 15,Myriam Leonor Campos Florez,60,-1
gh-31326948682,2026-08-09T12:40:39-05:00,1000003-B,NA,(16) Grupo 16,No informado,60,-1
gh-31326948682,2026-08-09T12:40:39-05:00,1000003-B,NA,(17) Grupo 17,Martha Cecilia Moreno Penagos,40,-1
gh-31326948682,2026-08-09T12:40:39-05:00,1000003-B,NA,(18) Grupo 18,John Alexander Cruz Morales,52,-1
gh-31326948682,2026-08-09T12:40:39-05:00,1000003-B,NA,(20) Grupo 20,Natalia Camila Pinzon Cortes,60,-1
gh-31326948682,2026-08-09T12:40:39-05:00,1000003-B,NA,(21) Grupo 21,Ivon Andrea Dorado Correa,52,-1
gh-31326948682,2026-08-09T12:40:39-05:00,1000003-B,NA,(22) Grupo 22,No informado,46,-1
gh-31326948682,2026-08-09T12:40:39-05:00,1000003-B,NA,(3) Grupo 3,No informado,60,-1
gh-31326948682,2026-08-09T12:40:39-05:00,1000003-B,NA,(4) Grupo 4,Luis Alejandro Barbosa Torres,112,-1
gh-31326948682,2026-08-09T12:40:39-05:00,1000003-B,NA,(5) Grupo 5,Jaime David Mora Paz,60,-1
gh-31326948682,2026-08-09T12:40:39-05:00,1000003-B,NA,(7) Grupo 7,Myriam Leonor Campos Florez,40,-1
gh-31326948682,2026-08-09T12:40:39-05:00,1000003-B,NA,(8) Grupo 8,No informado,10,-1
gh-31326948682,2026-08-09T12:40:41-05:00,1000004-B,NA,(10) Grupo 10,No informado,53,1
gh-31326948682,2026-08-09T12:40:41-05:00,1000004-B,NA,(11) Grupo 11,No informado,24,1
gh-31326948682,2026-08-09T12:40:41-05:00,1000004-B,NA,(12) Grupo 12,No informado,24,1
gh-31326948682,2026-08-09T12:40:41-05:00,1000004-B,NA,(13) Grupo 13,No informado,16,1
gh-31326948682,2026-08-09T12:40:41-05:00,1000004-B,NA,(14) Grupo 14,No informado,90,1
gh-31326948682,2026-08-09T12:40:41-05:00,1000004-B,NA,(16) Grupo 16,No informado,27,1
gh-31326948682,2026-08-09T12:40:41-05:00,1000004-B,NA,(17) Grupo 17,Hernan Garzon Gutierrez,39,1
gh-31326948682,2026-08-09T12:40:41-05:00,1000004-B,NA,(19) Grupo 19,No informado,59,1
gh-31326948682,2026-08-09T12:40:41-05:00,1000004-B,NA,(2) Grupo 2,No informado,24,1
gh-31326948682,2026-08-09T12:40:41-05:00,1000004-B,NA,(20) Grupo 20,Hernan Garzon Gutierrez,10,1
gh-31326948682,2026-08-09T12:40:41-05:00,1000004-B,NA,(21) Grupo 21,No informado,60,1
gh-31326948682,2026-08-09T12:40:41-05:00,1000004-B,NA,(22) Grupo 22,No informado,60,1
gh-31326948682,2026-08-09T12:40:41-05:00,1000004-B,NA,(24) Grupo 24,Ricardo Ariel Pastran Ramirez,60,1
gh-31326948682,2026-08-09T12:40:41-05:00,1000004-B,NA,(25) Grupo 25,No informado,40,1
gh-31326948682,2026-08-09T12:40:41-05:00,1000004-B,NA,(27) Grupo 27,No informado,51,1
gh-31326948682,2026-08-09T12:40:41-05:00,1000004-B,NA,(28) Grupo 28,No informado,60,1
gh-31326948682,2026-08-09T12:40:41-05:00,1000004-B,NA,(29) Grupo 29,No informado,60,1
gh-31326948682,2026-08-09T12:40:41-05:00,1000004-B,NA,(30) Grupo 30,No informado,60,1
gh-31326948682,2026-08-09T12:40:41-05:00,1000004-B,NA,(32) Grupo 32,No informado,90,1
gh-31326948682,2026-08-09T12:40:41-05:00,1000004-B,NA,(4) Grupo 4,Myriam Leonor Campos Florez,37,1
gh-31326948682,2026-08-09T12:40:41-05:00,1000004-B,NA,(5) Grupo 5,Oscar Javier Lopez Alfonso,84,1
gh-31326948682,2026-08-09T12:40:41-05:00,1000004-B,NA,(7) Grupo 7,Anderson Arley Vera Arboleda,64,1
gh-31326948682,2026-08-09T12:40:41-05:00,1000004-B,NA,(8) Grupo 8,No informado,40,1
gh-31326948682,2026-08-09T12:40:41-05:00,1000004-B,NA,(9) Grupo 9,No informado,18,1
gh-31326948682,2026-08-09T12:40:43-05:00,1000006-B,NA,(1) Grupo 1,No informado,40,2
gh-31326948682,2026-08-09T12:40:43-05:00,1000006-B,NA,(10) Grupo 10,No informado,100,2
gh-31326948682,2026-08-09T12:40:43-05:00,1000006-B,NA,(11) Grupo 11,No informado,40,2
gh-31326948682,2026-08-09T12:40:43-05:00,1000006-B,NA,(12) Grupo 12,Leonid Lebedev,60,2
gh-31326948682,2026-08-09T12:40:43-05:00,1000006-B,NA,(13) Grupo 13,Juan Carlos Hernandez Rincon,40,2
gh-31326948682,2026-08-09T12:40:43-05:00,1000006-B,NA,(14) Grupo 14,No informado,60,2
gh-31326948682,2026-08-09T12:40:43-05:00,1000006-B,NA,(15) Grupo 15,No informado,112,2
gh-31326948682,2026-08-09T12:40:43-05:00,1000006-B,NA,(2) Grupo 2,EDIXON MANUEL ROJAS SANTANA,40,2
gh-31326948682,2026-08-09T12:40:43-05:00,1000006-B,NA,(3) Grupo 3,Cesar Augusto Gomez Sierra,40,2
gh-31326948682,2026-08-09T12:40:43-05:00,1000006-B,NA,(4) Grupo 4,Agustin Moreno Canadas,100,2
gh-31326948682,2026-08-09T12:40:43-05:00,1000006-B,NA,(5) Grupo 5,German Eduardo Fonseca Buitrago,40,2
gh-31326948682,2026-08-09T12:40:43-05:00,1000006-B,NA,(7) Grupo 7,No informado,70,2
gh-31326948682,2026-08-09T12:40:43-05:00,1000006-B,NA,(8) Grupo 8,Epifanio Lozano Ayala,60,2
gh-31326948682,2026-08-09T12:40:43-05:00,1000006-B,NA,(9) Grupo 9,Orlando Vanegas Canro,0,2
gh-31326948682,2026-08-09T12:40:44-05:00,1000005-B,NA,(1) Grupo 1,Orlando Vanegas Canro,0,3
gh-31326948682,2026-08-09T12:40:44-05:00,1000005-B,NA,(10) Grupo 10,Epifanio Lozano Ayala,50,3
gh-31326948682,2026-08-09T12:40:44-05:00,1000005-B,NA,(14) Grupo 14,Mohammed EL AIDI,40,3
gh-31326948682,2026-08-09T12:40:44-05:00,1000005-B,NA,(15) Grupo 15,Alina Fedosova,60,3
gh-31326948682,2026-08-09T12:40:44-05:00,1000005-B,NA,(16) Grupo 16,No informado,70,3
gh-31326948682,2026-08-09T12:40:44-05:00,1000005-B,NA,(17) Grupo 17,Hernan Garzon Gutierrez,40,3
gh-31326948682,2026-08-09T12:40:44-05:00,1000005-B,NA,(2) Grupo 2,RENE ERLIN CASTILLO,60,3
gh-31326948682,2026-08-09T12:40:44-05:00,1000005-B,NA,(20) Grupo 20,Franqui Solis Cardenas Poloche,40,3
gh-31326948682,2026-08-09T12:40:44-05:00,1000005-B,NA,(22) Grupo 22,No informado,60,3
gh-31326948682,2026-08-09T12:40:44-05:00,1000005-B,NA,(3) Grupo 3,Eduardo Cardenas Gomez,70,3
gh-31326948682,2026-08-09T12:40:44-05:00,1000005-B,NA,(4) Grupo 4,Edward Samuel Becerra Rojas,60,3
gh-31326948682,2026-08-09T12:40:44-05:00,1000005-B,NA,(6) Grupo 6,No informado,60,3
gh-31326948682,2026-08-09T12:40:44-05:00,1000005-B,NA,(7) Grupo 7,Franqui Solis Cardenas Poloche,100,3
gh-31326948682,2026-08-09T12:40:44-05:00,1000005-B,NA,(8) Grupo 8,No informado,40,3
gh-31326948682,2026-08-09T12:40:44-05:00,1000005-B,NA,(9) Grupo 9,No informado,10,3
gh-31326948682,2026-08-09T12:40:46-05:00,2015711,NA,(10) 2015711-10 Dibujo básico,Ariel Augusto Amaya Avila,0,4
gh-31326948682,2026-08-09T12:40:46-05:00,2015711,NA,(11) 2015711-11 Dibujo básico,Cesar Augusto Bacca Gonzalez,0,4
gh-31326948682,2026-08-09T12:40:46-05:00,2015711,NA,(14) 2015711-14 Dibujo básico,Cristian Felipe Morales Suárez,0,4
gh-31326948682,2026-08-09T12:40:46-05:00,2015711,NA,(16) 2015711-16 Dibujo básico,DAVID FELIPE TORRES ARCE,0,4
gh-31326948682,2026-08-09T12:40:46-05:00,2015711,NA,(4) 2015711-4 Dibujo básico,Cristian Felipe Morales Suárez,9,4
gh-31326948682,2026-08-09T12:40:46-05:00,2015711,NA,(5) 2015711-5 Dibujo básico,Sebastian Achury Ortiz,0,4
gh-31326948682,2026-08-09T12:40:46-05:00,2015711,NA,(7) 2015711-7 Dibujo básico,Cesar Augusto Bacca Gonzalez,20,4
gh-31326948682,2026-08-09T12:40:46-05:00,2015711,NA,(8) 2015711-8 Dibujo básico,Miguel Angel Baquero Cortes,0,4
gh-31326948682,2026-08-09T12:40:46-05:00,2015711,NA,(9) 2015711-9 Dibujo básico,EDWIN CAMILO REINA BELTRAN,0,4
gh-31326948682,2026-08-09T12:40:48-05:00,1000007-B,NA,(1) Grupo 1,German Eduardo Fonseca Buitrago,60,5
gh-31326948682,2026-08-09T12:40:48-05:00,1000007-B,NA,(11) Grupo 11,Leonid Lebedev,60,5
gh-31326948682,2026-08-09T12:40:48-05:00,1000007-B,NA,(12) Grupo 12,No informado,60,5
gh-31326948682,2026-08-09T12:40:48-05:00,1000007-B,NA,(13) Grupo 13,Omar Duque Gomez,40,5
gh-31326948682,2026-08-09T12:40:48-05:00,1000007-B,NA,(14) Grupo 14,No informado,100,5
gh-31326948682,2026-08-09T12:40:48-05:00,1000007-B,NA,(3) Grupo 3,Serafin Bautista Diaz,40,5
gh-31326948682,2026-08-09T12:40:48-05:00,1000007-B,NA,(4) Grupo 4,EDIXON MANUEL ROJAS SANTANA,60,5
gh-31326948682,2026-08-09T12:40:48-05:00,1000007-B,NA,(6) Grupo 6,Alexander Caviedes Castro,50,5
gh-31326948682,2026-08-09T12:40:48-05:00,1000007-B,NA,(7) Grupo 7,Oscar Guillermo Riaño Castañeda,40,5
gh-31326948682,2026-08-09T12:40:48-05:00,1000007-B,NA,(9) Grupo 9,Orlando Vanegas Canro,0,5
gh-31326948682,2026-08-09T12:40:52-05:00,1000019-B,CLASE LABORATORIO,(1) Grupo 1,Gustavo Martinez Tamayo,35,6
gh-31326948682,2026-08-09T12:40:52-05:00,1000019-B,CLASE TALLER,(1) Grupo 1,FABIAN FELIPE QUEVEDO FARIETA,35,6
gh-31326948682,2026-08-09T12:40:52-05:00,1000019-B,CLASE MAGISTRAL,(1) Grupo 1,Gustavo Martinez Tamayo,35,6
gh-31326948682,2026-08-09T12:40:52-05:00,1000019-B,CLASE LABORATORIO,(10) Grupo 10,LUIS AGULLES PEDROS,35,6
gh-31326948682,2026-08-09T12:40:52-05:00,1000019-B,CLASE TALLER,(10) Grupo 10,Jhon Morales Aponte,35,6
gh-31326948682,2026-08-09T12:40:52-05:00,1000019-B,CLASE MAGISTRAL,(10) Grupo 10,Ovidio Amado Almanza Montero,35,6
gh-31326948682,2026-08-09T12:40:52-05:00,1000019-B,CLASE LABORATORIO,(11) Grupo 11,EVER DAVID ALCALA CAJAR,35,6
gh-31326948682,2026-08-09T12:40:52-05:00,1000019-B,CLASE TALLER,(11) Grupo 11,JULIAN MATEO DE MENDOZA GUTIERREZ,35,6
gh-31326948682,2026-08-09T12:40:52-05:00,1000019-B,CLASE MAGISTRAL,(11) Grupo 11,Ovidio Amado Almanza Montero,35,6
gh-31326948682,2026-08-09T12:40:52-05:00,1000019-B,CLASE LABORATORIO,(12) Grupo 12,FABIAN FELIPE QUEVEDO FARIETA,35,6
gh-31326948682,2026-08-09T12:40:52-05:00,1000019-B,CLASE TALLER,(12) Grupo 12,EVER DAVID ALCALA CAJAR,35,6
gh-31326948682,2026-08-09T12:40:52-05:00,1000019-B,CLASE MAGISTRAL,(12) Grupo 12,Ovidio Amado Almanza Montero,35,6
gh-31326948682,2026-08-09T12:40:52-05:00,1000019-B,CLASE LABORATORIO,(13) Grupo 13,Alvaro Marino Camargo,35,6
gh-31326948682,2026-08-09T12:40:52-05:00,1000019-B,CLASE TALLER,(13) Grupo 13,MIGUEL ENRIQUE GÁMEZ LÓPEZ,35,6
gh-31326948682,2026-08-09T12:40:52-05:00,1000019-B,CLASE MAGISTRAL,(13) Grupo 13,Alvaro Marino Camargo,35,6
gh-31326948682,2026-08-09T12:40:52-05:00,1000019-B,CLASE LABORATORIO,(14) Grupo 14,Alvaro Marino Camargo,35,6
gh-31326948682,2026-08-09T12:40:52-05:00,1000019-B,CLASE TALLER,(14) Grupo 14,No informado,35,6
gh-31326948682,2026-08-09T12:40:52-05:00,1000019-B,CLASE MAGISTRAL,(14) Grupo 14,Alvaro Marino Camargo,35,6
gh-31326948682,2026-08-09T12:40:52-05:00,1000019-B,CLASE LABORATORIO,(15) Grupo 15,JULIAN MATEO DE MENDOZA GUTIERREZ,32,6
gh-31326948682,2026-08-09T12:40:52-05:00,1000019-B,CLASE TALLER,(15) Grupo 15,EVER DAVID ALCALA CAJAR,32,6
gh-31326948682,2026-08-09T12:40:52-05:00,1000019-B,CLASE MAGISTRAL,(15) Grupo 15,Alvaro Marino Camargo,32,6
gh-31326948682,2026-08-09T12:40:52-05:00,1000019-B,CLASE MAGISTRAL,(16) Gruop 16,Erika Lorena Rosero Alzate; Daniel Camilo Padilla González,8,6
gh-31326948682,2026-08-09T12:40:52-05:00,1000019-B,CLASE LABORATORIO,(16) Grupo 16,Alvaro Marino Camargo,35,6
gh-31326948682,2026-08-09T12:40:52-05:00,1000019-B,CLASE TALLER,(16) Grupo 16,Edna Carolina Pinilla Beltran,35,6
gh-31326948682,2026-08-09T12:40:52-05:00,1000019-B,CLASE LABORATORIO,(17) Grupo 17,JULIAN MATEO DE MENDOZA GUTIERREZ,34,6
gh-31326948682,2026-08-09T12:40:52-05:00,1000019-B,CLASE TALLER,(17) Grupo 17,Jereson Silva Valencia,34,6
gh-31326948682,2026-08-09T12:40:52-05:00,1000019-B,CLASE MAGISTRAL,(17) Grupo 17,Jereson Silva Valencia,34,6
gh-31326948682,2026-08-09T12:40:52-05:00,1000019-B,CLASE LABORATORIO,(18) Grupo 18,Jaime Villalobos Velasco,34,6
gh-31326948682,2026-08-09T12:40:52-05:00,1000019-B,CLASE TALLER,(18) Grupo 18,Jereson Silva Valencia,34,6
gh-31326948682,2026-08-09T12:40:52-05:00,1000019-B,CLASE MAGISTRAL,(18) Grupo 18,Jereson Silva Valencia,34,6
gh-31326948682,2026-08-09T12:40:52-05:00,1000019-B,CLASE LABORATORIO,(19) Grupo 19,JULY PAOLA GARZÓN LOPEZ,32,6
gh-31326948682,2026-08-09T12:40:52-05:00,1000019-B,CLASE TALLER,(19) Grupo 19,Jereson Silva Valencia,32,6
gh-31326948682,2026-08-09T12:40:52-05:00,1000019-B,CLASE MAGISTRAL,(19) Grupo 19,Jereson Silva Valencia,32,6
gh-31326948682,2026-08-09T12:40:52-05:00,1000019-B,CLASE LABORATORIO,(2) Grupo 2,Gustavo Martinez Tamayo,35,6
gh-31326948682,2026-08-09T12:40:52-05:00,1000019-B,CLASE TALLER,(2) Grupo 2,Gustavo Martinez Tamayo,35,6
gh-31326948682,2026-08-09T12:40:52-05:00,1000019-B,CLASE MAGISTRAL,(2) Grupo 2,Gustavo Martinez Tamayo,35,6
gh-31326948682,2026-08-09T12:40:52-05:00,1000019-B,CLASE LABORATORIO,(20) Grupo 20,JOSE ALFREDO GOMEZ MATEUS,35,6
gh-31326948682,2026-08-09T12:40:52-05:00,1000019-B,CLASE TALLER,(20) Grupo 20,Jereson Silva Valencia,35,6
gh-31326948682,2026-08-09T12:40:52-05:00,1000019-B,CLASE MAGISTRAL,(20) Grupo 20,Jereson Silva Valencia,35,6
gh-31326948682,2026-08-09T12:40:52-05:00,1000019-B,CLASE LABORATORIO,(21) Grupo 21,Pedro Hernan Sanchez Machet,35,6
gh-31326948682,2026-08-09T12:40:52-05:00,1000019-B,CLASE TALLER,(21) Grupo 21,JOSE ALFREDO GOMEZ MATEUS,35,6
gh-31326948682,2026-08-09T12:40:52-05:00,1000019-B,CLASE MAGISTRAL,(21) Grupo 21,Diego Alejandro Torres Galindo,35,6
gh-31326948682,2026-08-09T12:40:52-05:00,1000019-B,CLASE LABORATORIO,(22) Grupo 22,Pedro Hernan Sanchez Machet,35,6
gh-31326948682,2026-08-09T12:40:52-05:00,1000019-B,CLASE TALLER,(22) Grupo 22,JULY PAOLA GARZÓN LOPEZ,35,6
gh-31326948682,2026-08-09T12:40:52-05:00,1000019-B,CLASE MAGISTRAL,(22) Grupo 22,Diego Alejandro Torres Galindo,35,6
gh-31326948682,2026-08-09T12:40:52-05:00,1000019-B,CLASE LABORATORIO,(23) Grupo 23,Pedro Hernan Sanchez Machet,35,6
gh-31326948682,2026-08-09T12:40:52-05:00,1000019-B,CLASE TALLER,(23) Grupo 23,Edna Carolina Pinilla Beltran,35,6
gh-31326948682,2026-08-09T12:40:52-05:00,1000019-B,CLASE MAGISTRAL,(23) Grupo 23,Diego Alejandro Torres Galindo,35,6
gh-31326948682,2026-08-09T12:40:52-05:00,1000019-B,CLASE LABORATORIO,(24) Grupo 24,Pedro Hernan Sanchez Machet,35,6
gh-31326948682,2026-08-09T12:40:52-05:00,1000019-B,CLASE TALLER,(24) Grupo 24,Diego Alejandro Torres Galindo,35,6
gh-31326948682,2026-08-09T12:40:52-05:00,1000019-B,CLASE MAGISTRAL,(24) Grupo 24,Diego Alejandro Torres Galindo,35,6
gh-31326948682,2026-08-09T12:40:52-05:00,1000019-B,CLASE LABORATORIO,(25) Grupo 25,Plinio Del Carmen Teheran Sermeno,45,6
gh-31326948682,2026-08-09T12:40:52-05:00,1000019-B,CLASE TALLER,(25) Grupo 25,Plinio Del Carmen Teheran Sermeno,45,6
gh-31326948682,2026-08-09T12:40:52-05:00,1000019-B,CLASE MAGISTRAL,(25) Grupo 25,Plinio Del Carmen Teheran Sermeno,45,6
gh-31326948682,2026-08-09T12:40:52-05:00,1000019-B,CLASE LABORATORIO,(26) Grupo 26 (VIRTUAL),Plinio Del Carmen Teheran Sermeno,50,6
gh-31326948682,2026-08-09T12:40:52-05:00,1000019-B,CLASE TALLER,(26) Grupo 26 (VIRTUAL),Plinio Del Carmen Teheran Sermeno,50,6
gh-31326948682,2026-08-09T12:40:52-05:00,1000019-B,CLASE MAGISTRAL,(26) Grupo 26 (VIRTUAL),Plinio Del Carmen Teheran Sermeno,50,6
gh-31326948682,2026-08-09T12:40:52-05:00,1000019-B,CLASE LABORATORIO,(27) Grupo 27 (VIRTUAL),Plinio Del Carmen Teheran Sermeno,50,6
gh-31326948682,2026-08-09T12:40:52-05:00,1000019-B,CLASE TALLER,(27) Grupo 27 (VIRTUAL),Plinio Del Carmen Teheran Sermeno,50,6
gh-31326948682,2026-08-09T12:40:52-05:00,1000019-B,CLASE MAGISTRAL,(27) Grupo 27 (VIRTUAL),Plinio Del Carmen Teheran Sermeno,50,6
gh-31326948682,2026-08-09T12:40:52-05:00,1000019-B,CLASE LABORATORIO,(28) Grupo 28 (VIRTUAL),Plinio Del Carmen Teheran Sermeno,50,6
gh-31326948682,2026-08-09T12:40:52-05:00,1000019-B,CLASE TALLER,(28) Grupo 28 (VIRTUAL),Plinio Del Carmen Teheran Sermeno,50,6
gh-31326948682,2026-08-09T12:40:52-05:00,1000019-B,CLASE MAGISTRAL,(28) Grupo 28 (VIRTUAL),Plinio Del Carmen Teheran Sermeno,50,6
gh-31326948682,2026-08-09T12:40:52-05:00,1000019-B,CLASE LABORATORIO,(29) Grupo 29 (VIRTUAL),Plinio Del Carmen Teheran Sermeno,50,6
gh-31326948682,2026-08-09T12:40:52-05:00,1000019-B,CLASE TALLER,(29) Grupo 29 (VIRTUAL),Plinio Del Carmen Teheran Sermeno,50,6
gh-31326948682,2026-08-09T12:40:52-05:00,1000019-B,CLASE MAGISTRAL,(29) Grupo 29 (VIRTUAL),Plinio Del Carmen Teheran Sermeno,50,6
gh-31326948682,2026-08-09T12:40:52-05:00,1000019-B,CLASE LABORATORIO,(3) Grupo 3,Gustavo Martinez Tamayo,35,6
gh-31326948682,2026-08-09T12:40:52-05:00,1000019-B,CLASE TALLER,(3) Grupo 3,Gustavo Martinez Tamayo,35,6
gh-31326948682,2026-08-09T12:40:52-05:00,1000019-B,CLASE MAGISTRAL,(3) Grupo 3,Gustavo Martinez Tamayo,35,6
gh-31326948682,2026-08-09T12:40:52-05:00,1000019-B,CLASE LABORATORIO,(4) Grupo 4,No informado,35,6
gh-31326948682,2026-08-09T12:40:52-05:00,1000019-B,CLASE TALLER,(4) Grupo 4,Jaime Villalobos Velasco,35,6
gh-31326948682,2026-08-09T12:40:52-05:00,1000019-B,CLASE MAGISTRAL,(4) Grupo 4,Gustavo Martinez Tamayo,35,6
gh-31326948682,2026-08-09T12:40:52-05:00,1000019-B,CLASE LABORATORIO,(5) Grupo 5,FABIAN FELIPE QUEVEDO FARIETA,35,6
gh-31326948682,2026-08-09T12:40:52-05:00,1000019-B,CLASE TALLER,(5) Grupo 5,Jaime Villalobos Velasco,35,6
gh-31326948682,2026-08-09T12:40:52-05:00,1000019-B,CLASE MAGISTRAL,(5) Grupo 5,Ramiro Cardona Cardona,35,6
gh-31326948682,2026-08-09T12:40:52-05:00,1000019-B,CLASE LABORATORIO,(6) Grupo 6,Jaime Villalobos Velasco,35,6
gh-31326948682,2026-08-09T12:40:52-05:00,1000019-B,CLASE TALLER,(6) Grupo 6,Ramiro Cardona Cardona,35,6
gh-31326948682,2026-08-09T12:40:52-05:00,1000019-B,CLASE MAGISTRAL,(6) Grupo 6,Ramiro Cardona Cardona,35,6
gh-31326948682,2026-08-09T12:40:52-05:00,1000019-B,CLASE LABORATORIO,(7) Grupo 7,Jaime Villalobos Velasco,35,6
gh-31326948682,2026-08-09T12:40:52-05:00,1000019-B,CLASE TALLER,(7) Grupo 7,Ramiro Cardona Cardona,35,6
gh-31326948682,2026-08-09T12:40:52-05:00,1000019-B,CLASE MAGISTRAL,(7) Grupo 7,Ramiro Cardona Cardona,35,6
gh-31326948682,2026-08-09T12:40:52-05:00,1000019-B,CLASE LABORATORIO,(8) Grupo 8,Jaime Villalobos Velasco,35,6
gh-31326948682,2026-08-09T12:40:52-05:00,1000019-B,CLASE TALLER,(8) Grupo 8,Edna Carolina Pinilla Beltran,35,6
gh-31326948682,2026-08-09T12:40:52-05:00,1000019-B,CLASE MAGISTRAL,(8) Grupo 8,Ramiro Cardona Cardona,35,6
gh-31326948682,2026-08-09T12:40:52-05:00,1000019-B,CLASE LABORATORIO,(9) Grupo 9,Erika Lorena Rosero Alzate,0,6
gh-31326948682,2026-08-09T12:40:52-05:00,1000019-B,CLASE TALLER,(9) Grupo 9,No informado,10,6
gh-31326948682,2026-08-09T12:40:52-05:00,1000019-B,CLASE MAGISTRAL,(9) Grupo 9,Fredy Angel Jimenez Giraldo,10,6
gh-31326948682,2026-08-09T12:40:55-05:00,2015703,NA,(1) Grupo 1,Angela Maria Arboleda Restrepo,40,7
gh-31326948682,2026-08-09T12:40:55-05:00,2015703,NA,(10) Grupo 10,Diego Alejandro Hernandez Castañeda,30,7
gh-31326948682,2026-08-09T12:40:55-05:00,2015703,NA,(11) Grupo 11,Julio Cesar Cañon Rodriguez,30,7
gh-31326948682,2026-08-09T12:40:55-05:00,2015703,NA,(2) Grupo 2,Osman Benjamin Giovanny Vargas Rozo,40,7
gh-31326948682,2026-08-09T12:40:55-05:00,2015703,NA,(3) Grupo 3,Hugo Alberto Herrera Fonseca,40,7
gh-31326948682,2026-08-09T12:40:55-05:00,2015703,NA,(4) Grupo 4,LINA JULIANA BULLA CASAS,30,7
gh-31326948682,2026-08-09T12:40:55-05:00,2015703,NA,(5) Grupo 5 - Virtual,Cesar Augusto Roa Lemus,60,7
gh-31326948682,2026-08-09T12:40:55-05:00,2015703,NA,(6) Grupo 6,JAVIER RICARDO OJEDA SANCHEZ,40,7
gh-31326948682,2026-08-09T12:40:55-05:00,2015703,NA,(7) Grupo 7,JAVIER RICARDO OJEDA SANCHEZ,20,7
gh-31326948682,2026-08-09T12:40:55-05:00,2015703,NA,(8) Grupo 8,Diego Alejandro Hernandez Castañeda,40,7
gh-31326948682,2026-08-09T12:40:55-05:00,2015703,NA,(9) Grupo 9,LINA JULIANA BULLA CASAS,35,7
gh-31326948682,2026-08-09T12:40:57-05:00,1000044-B,CLASE TEORICA,(1) Grupo 1,Beatriz Elena Urrutia Sanchez,26,8
gh-31326948682,2026-08-09T12:40:57-05:00,1000044-B,CLASE TEORICA,(2) Grupo 2,Yaneli Niño Osorio,26,8
gh-31326948682,2026-08-09T12:40:57-05:00,1000044-B,CLASE TEORICA,(3) Grupo 3,Luis Gabriel Peña Ortiz,26,8
gh-31326948682,2026-08-09T12:40:57-05:00,1000044-B,CLASE TEORICA,(4) Grupo 4,Liliana Marcela Guzman Aricapa,26,8
gh-31326948682,2026-08-09T12:40:57-05:00,1000044-B,CLASE TEORICA,(5) Grupo 5,Beatriz Elena Urrutia Sanchez,26,8
gh-31326948682,2026-08-09T12:40:57-05:00,1000044-B,CLASE TEORICA,(6) Grupo 6,Cesar Augusto Romero,26,8
gh-31326948682,2026-08-09T12:40:57-05:00,1000044-B,CLASE TEORICA,(7) Grupo 7,JOSE JONATHAN MAESTRE HERRERA,26,8
gh-31326948682,2026-08-09T12:40:57-05:00,1000044-B,CLASE TEORICA,(8) Grupo 8,Beymar Leonardo Solorzano Alviz,26,8
gh-31326948682,2026-08-09T12:40:57-05:00,1000044-B,CLASE TEORICA,(9) Grupo 9,Claudia Marcela Arevalo Gomez,7,8
gh-31326948682,2026-08-09T12:40:58-05:00,1000045-B,CLASE TEORICA,(1) Grupo 1,Claudia Marcela Arevalo Gomez,10,9
gh-31326948682,2026-08-09T12:40:58-05:00,1000045-B,CLASE TEORICA,(10) Grupo 10,Jesica paola Rendon Alfonso,26,9
gh-31326948682,2026-08-09T12:40:58-05:00,1000045-B,CLASE TEORICA,(11) Grupo 11,JOSE JONATHAN MAESTRE HERRERA,26,9
gh-31326948682,2026-08-09T12:40:58-05:00,1000045-B,CLASE TEORICA,(12) Grupo 12,LINDA JOHANA RUIZ GOMEZ,26,9
gh-31326948682,2026-08-09T12:40:58-05:00,1000045-B,CLASE TEORICA,(13) Grupo 13,Narly Yadira Pardo Cadena,26,9
gh-31326948682,2026-08-09T12:40:58-05:00,1000045-B,CLASE TEORICA,(14) Grupo 14,Angelica Saenz Fonseca,26,9
gh-31326948682,2026-08-09T12:40:58-05:00,1000045-B,CLASE TEORICA,(15) Grupo 15,Narly Yadira Pardo Cadena,26,9
gh-31326948682,2026-08-09T12:40:58-05:00,1000045-B,CLASE TEORICA,(16) Grupo 16,Luis Gabriel Peña Ortiz,26,9
gh-31326948682,2026-08-09T12:40:58-05:00,1000045-B,CLASE TEORICA,(2) Grupo 2,Cesar Augusto Romero,26,9
gh-31326948682,2026-08-09T12:40:58-05:00,1000045-B,CLASE TEORICA,(3) Grupo 3,Jesica paola Rendon Alfonso,26,9
gh-31326948682,2026-08-09T12:40:58-05:00,1000045-B,CLASE TEORICA,(4) Grupo 4,Adriana Marlen Sanchez Riaño,26,9
gh-31326948682,2026-08-09T12:40:58-05:00,1000045-B,CLASE TEORICA,(5) Grupo 5,Cesar Augusto Romero,26,9
gh-31326948682,2026-08-09T12:40:58-05:00,1000045-B,CLASE TEORICA,(6) Grupo 6,Sara Elisa Monsalve Patino,26,9
gh-31326948682,2026-08-09T12:40:58-05:00,1000045-B,CLASE TEORICA,(7) Grupo 7,Luis Gabriel Peña Ortiz,26,9
gh-31326948682,2026-08-09T12:40:58-05:00,1000045-B,CLASE TEORICA,(8) Grupo 8,Johnatan Martinez Hernandez,26,9
gh-31326948682,2026-08-09T12:40:58-05:00,1000045-B,CLASE TEORICA,(9) Grupo 9,Maureen Elizabeth Hooker Oneill,15,9
gh-31326948682,2026-08-09T12:41:01-05:00,1000046-B,CLASE TEORICA,(1) Grupo 1,Johnatan Martinez Hernandez,26,11
gh-31326948682,2026-08-09T12:41:01-05:00,1000046-B,CLASE TEORICA,(10) Grupo 10,Jennly Angelica Gomez Rodriguez,26,11
gh-31326948682,2026-08-09T12:41:01-05:00,1000046-B,CLASE TEORICA,(11) Grupo 11,Angelica Saenz Fonseca,26,11
gh-31326948682,2026-08-09T12:41:01-05:00,1000046-B,CLASE TEORICA,(12) Grupo 12,Liliana Marcela Guzman Aricapa,26,11
gh-31326948682,2026-08-09T12:41:01-05:00,1000046-B,CLASE TEORICA,(13) Grupo 13,ALBA LUCIA RIAÑO RODRIGUEZ,26,11
gh-31326948682,2026-08-09T12:41:01-05:00,1000046-B,CLASE TEORICA,(14) Grupo 14,Angelica Saenz Fonseca,26,11
gh-31326948682,2026-08-09T12:41:01-05:00,1000046-B,CLASE TEORICA,(15) Grupo 15,Luis Gabriel Peña Ortiz,26,11
gh-31326948682,2026-08-09T12:41:01-05:00,1000046-B,CLASE TEORICA,(16) Grupo 16,Olga Lucia Ruiz Convers,26,11
gh-31326948682,2026-08-09T12:41:01-05:00,1000046-B,CLASE TEORICA,(17) Grupo 17,Luis Gabriel Peña Ortiz,26,11
gh-31326948682,2026-08-09T12:41:01-05:00,1000046-B,CLASE TEORICA,(18) Grupo 18,Narly Yadira Pardo Cadena,26,11
gh-31326948682,2026-08-09T12:41:01-05:00,1000046-B,CLASE TEORICA,(2) Grupo 2,Jesica paola Rendon Alfonso,26,11
gh-31326948682,2026-08-09T12:41:01-05:00,1000046-B,CLASE TEORICA,(3) Grupo 3,JESUS DAVID TORRES RODRIGUEZ,26,11
gh-31326948682,2026-08-09T12:41:01-05:00,1000046-B,CLASE TEORICA,(4) Grupo 4,Claudia Patricia Cortes Lora,26,11
gh-31326948682,2026-08-09T12:41:01-05:00,1000046-B,CLASE TEORICA,(5) Grupo 5,Johnatan Martinez Hernandez,26,11
gh-31326948682,2026-08-09T12:41:01-05:00,1000046-B,CLASE TEORICA,(6) Grupo 6,Johnatan Martinez Hernandez,26,11
gh-31326948682,2026-08-09T12:41:01-05:00,1000046-B,CLASE TEORICA,(7) Grupo 7,Jesica paola Rendon Alfonso,26,11
gh-31326948682,2026-08-09T12:41:01-05:00,1000046-B,CLASE TEORICA,(8) Grupo 8,Beatriz Elena Urrutia Sanchez,26,11
gh-31326948682,2026-08-09T12:41:01-05:00,1000046-B,CLASE TEORICA,(9) Grupo 9,Maureen Elizabeth Hooker Oneill,10,11
gh-31326948682,2026-08-09T12:41:04-05:00,1000052-B,CLASE TEORICA,(1) Grupo 1,Liliana Marcela Guzman Aricapa,28,13
gh-31326948682,2026-08-09T12:41:04-05:00,1000052-B,CLASE TEORICA,(2) Grupo 2,JOSE JONATHAN MAESTRE HERRERA,28,13
gh-31326948682,2026-08-09T12:41:04-05:00,1000052-B,CLASE TEORICA,(3) Grupo 3,Aida Elena Monsalve Solorzano,28,13
gh-31326948682,2026-08-09T12:41:05-05:00,1000053-B,CLASE TEORICA,(1) Grupo 1,Jennly Angelica Gomez Rodriguez,28,14
gh-31326948682,2026-08-09T12:41:05-05:00,1000053-B,CLASE TEORICA,(2) Grupo 2,Yaneli Niño Osorio,28,14
gh-31326948682,2026-08-09T12:41:05-05:00,1000053-B,CLASE TEORICA,(3) Grupo 3,Javier Rodriguez Gomez,30,14
gh-31326948682,2026-08-09T12:41:05-05:00,1000053-B,CLASE TEORICA,(4) Grupo 4,Javier Rodriguez Gomez,30,14
gh-31326948682,2026-08-09T12:41:05-05:00,1000053-B,CLASE TEORICA,(5) Grupo 5,LINDA JOHANA RUIZ GOMEZ,28,14
gh-31326948682,2026-08-09T12:41:05-05:00,1000053-B,CLASE TEORICA,(6) Grupo 6,Olga Lucia Ruiz Convers,28,14
gh-31326948682,2026-08-09T12:41:06-05:00,1000047-B,CLASE TEORICA,(1) Grupo 1,Cesar Augusto Romero,26,15
gh-31326948682,2026-08-09T12:41:06-05:00,1000047-B,CLASE TEORICA,(10) Grupo 10,Monica Alexandra Riaño Orjuela,26,15
gh-31326948682,2026-08-09T12:41:06-05:00,1000047-B,CLASE TEORICA,(11) Grupo 11,Jennly Angelica Gomez Rodriguez,26,15
gh-31326948682,2026-08-09T12:41:06-05:00,1000047-B,CLASE TEORICA,(12) Grupo 12,Claudia Patricia Cortes Lora,26,15
gh-31326948682,2026-08-09T12:41:06-05:00,1000047-B,CLASE TEORICA,(13) Grupo 13,Angelica Saenz Fonseca,26,15
gh-31326948682,2026-08-09T12:41:06-05:00,1000047-B,CLASE TEORICA,(14) Grupo 14,LINDA JOHANA RUIZ GOMEZ,26,15
gh-31326948682,2026-08-09T12:41:06-05:00,1000047-B,CLASE TEORICA,(15) Grupo 15,Claudia Patricia Cortes Lora,26,15
gh-31326948682,2026-08-09T12:41:06-05:00,1000047-B,CLASE TEORICA,(16) Grupo 16,Narly Yadira Pardo Cadena,26,15
gh-31326948682,2026-08-09T12:41:06-05:00,1000047-B,CLASE TEORICA,(17) Grupo 17,Angelica Saenz Fonseca,26,15
gh-31326948682,2026-08-09T12:41:06-05:00,1000047-B,CLASE TEORICA,(18) Grupo 18,ALBA LUCIA RIAÑO RODRIGUEZ,26,15
gh-31326948682,2026-08-09T12:41:06-05:00,1000047-B,CLASE TEORICA,(19) Grupo 19,Aida Elena Monsalve Solorzano,26,15
gh-31326948682,2026-08-09T12:41:06-05:00,1000047-B,CLASE TEORICA,(2) Grupo 2,Yaneli Niño Osorio,26,15
gh-31326948682,2026-08-09T12:41:06-05:00,1000047-B,CLASE TEORICA,(20) Grupo 20,ALBA LUCIA RIAÑO RODRIGUEZ,26,15
gh-31326948682,2026-08-09T12:41:06-05:00,1000047-B,CLASE TEORICA,(21) Grupo 21,Edwin Yesid Leon Silva,26,15
gh-31326948682,2026-08-09T12:41:06-05:00,1000047-B,CLASE TEORICA,(22) Grupo 22,LINDA JOHANA RUIZ GOMEZ,26,15
gh-31326948682,2026-08-09T12:41:06-05:00,1000047-B,CLASE TEORICA,(3) Grupo 3,Monica Alexandra Riaño Orjuela,26,15
gh-31326948682,2026-08-09T12:41:06-05:00,1000047-B,CLASE TEORICA,(4) Grupo 4,Claudia Patricia Cortes Lora,26,15
gh-31326948682,2026-08-09T12:41:06-05:00,1000047-B,CLASE TEORICA,(5) Grupo 5,Olga Lucia Ruiz Convers,26,15
gh-31326948682,2026-08-09T12:41:06-05:00,1000047-B,CLASE TEORICA,(6) Grupo 6,Monica Alexandra Riaño Orjuela,26,15
gh-31326948682,2026-08-09T12:41:06-05:00,1000047-B,CLASE TEORICA,(7) Grupo 7,Cesar Augusto Romero,26,15
gh-31326948682,2026-08-09T12:41:06-05:00,1000047-B,CLASE TEORICA,(8) Grupo 8,Beatriz Elena Urrutia Sanchez,26,15
gh-31326948682,2026-08-09T12:41:06-05:00,1000047-B,CLASE TEORICA,(9) Grupo 9,Keshia Hilary Howard Livingston,15,15
gh-31326948682,2026-08-09T12:41:09-05:00,1000002-B,CLASE TEORICA,(1) Grupo 1 - Clase Presencial,Ruth Andrea Cortés Suárez,1,17
gh-31326948682,2026-08-09T12:41:09-05:00,1000002-B,CLASE TEORICA,(10) Grupo 10 - Clase presencial,Karen Johanna Castelblanco Villamil,0,17
gh-31326948682,2026-08-09T12:41:09-05:00,1000002-B,CLASE TEORICA,(2) Grupo 2 - Clase Presencial,Ruth Andrea Cortés Suárez,0,17
gh-31326948682,2026-08-09T12:41:09-05:00,1000002-B,CLASE TEORICA,(3) Grupo 3 - Clase Presencial,Adriana Patricia Díaz Cuevas,0,17
gh-31326948682,2026-08-09T12:41:09-05:00,1000002-B,CLASE TEORICA,(4) Grupo 4 - Clase Presencial,Adriana Patricia Díaz Cuevas,0,17
gh-31326948682,2026-08-09T12:41:09-05:00,1000002-B,CLASE TEORICA,(5) Grupo 5 - Clase Presencial,Andres Felipe Escovar Barreto,0,17
gh-31326948682,2026-08-09T12:41:09-05:00,1000002-B,CLASE TEORICA,(6) Grupo 6 - Clase Presencial,Ruth Andrea Cortés Suárez,0,17
gh-31326948682,2026-08-09T12:41:09-05:00,1000002-B,CLASE TEORICA,(7) Grupo 7 - Clase Presencial,Karen Johanna Castelblanco Villamil,0,17
gh-31326948682,2026-08-09T12:41:09-05:00,1000002-B,CLASE TEORICA,(8) Grupo 8 - Clase Presencial,Adriana Patricia Díaz Cuevas,0,17
gh-31326948682,2026-08-09T12:41:09-05:00,1000002-B,CLASE TEORICA,(9) Grupo 9 - Clase Presencial,Carlas Lucia Castilla Lara,10,17
gh-31326948682,2026-08-09T12:41:11-05:00,1000001-B,CLASE TEORICA,(1) Grupo 1,No informado,0,18
gh-31326948682,2026-08-09T12:41:11-05:00,1000001-B,CLASE MAGISTRAL,(1) Grupo 1,Ibeth Marcela Rubio Perilla,0,18
gh-31326948682,2026-08-09T12:41:11-05:00,1000001-B,CLASE MAGISTRAL,(10) Grupo 10,No informado,0,18
gh-31326948682,2026-08-09T12:41:11-05:00,1000001-B,CLASE TEORICA,(19) Grupo 19,No informado,5,18
gh-31326948682,2026-08-09T12:41:11-05:00,1000001-B,CLASE TEORICA,(2) Grupo 2,No informado,10,18
gh-31326948682,2026-08-09T12:41:11-05:00,1000001-B,CLASE MAGISTRAL,(2) Grupo 2,Herbert Alonso Dueñas Ruiz,0,18
gh-31326948682,2026-08-09T12:41:11-05:00,1000001-B,CLASE MAGISTRAL,(3) Grupo 3,Jeanneth Galeano Penaloza,0,18
gh-31326948682,2026-08-09T12:41:11-05:00,1000001-B,CLASE MAGISTRAL,(4) Grupo 4,Gustavo Adolfo Nieto Clavijo,0,18
gh-31326948682,2026-08-09T12:41:11-05:00,1000001-B,CLASE MAGISTRAL,(5) Grupo 5,Natalia Camila Pinzon Cortes,0,18
gh-31326948682,2026-08-09T12:41:11-05:00,1000001-B,CLASE MAGISTRAL,(6) Grupo 6,Martha Cecilia Moreno Penagos,0,18
gh-31326948682,2026-08-09T12:41:11-05:00,1000001-B,CLASE MAGISTRAL,(7) Grupo 7,Claudio Rodriguez Beltran,0,18
gh-31326948682,2026-08-09T12:41:11-05:00,1000001-B,CLASE MAGISTRAL,(8) Grupo 8,Gabriel Ignacio Padilla Leon,0,18
gh-31326948682,2026-08-09T12:41:11-05:00,1000001-B,CLASE MAGISTRAL,(9) Grupo 9,No informado,10,18
gh-31326948682,2026-08-09T12:41:13-05:00,2015970,CLASE PRACTICA,(4) Grupo 4,Helga Duarte,30,19
gh-31326948682,2026-08-09T12:41:13-05:00,2015970,CLASE PRACTICA,(5) Grupo 5,Oswaldo Rojas Camacho,45,19
gh-31326948682,2026-08-09T12:41:13-05:00,2015970,CLASE PRACTICA,(8) Grupo 8,Helga Duarte,30,19
gh-31326948682,2026-08-09T12:41:13-05:00,2015970,CLASE PRACTICA,(9) Grupo 9,Oswaldo Rojas Camacho,45,19
gh-31326948682,2026-08-09T12:41:14-05:00,2017293,CLASE TEORICA,(1) 2017293-1 Modelación matemática,JUAN SEBASTIÁN HINCAPIÉ MONTES,34,20
gh-31326948682,2026-08-09T12:41:14-05:00,2017293,CLASE MAGISTRAL,(1M) 2017293-1M Modelación matemática - Magistral,Carlos Alberto Duque Daza,80,20
gh-31326948682,2026-08-09T12:41:14-05:00,2017293,CLASE TEORICA,(2) 2017293-2 Modelación matemática,JUAN SEBASTIÁN HINCAPIÉ MONTES,34,20
gh-31326948682,2026-08-09T12:41:16-05:00,1000024-B,CLASE TEORICA,(12) Grupo 12,Edgar Delgado Mejia,0,21
gh-31326948682,2026-08-09T12:41:16-05:00,1000024-B,CLASE TEORICA,(13) Grupo 13,Jesus Sigifredo Valencia Rios,0,21
gh-31326948682,2026-08-09T12:41:16-05:00,1000024-B,CLASE TEORICA,(14) Grupo 14,Jhon Jairo Aragón Arias,10,21
gh-31326948682,2026-08-09T12:41:18-05:00,1000013-B,CLASE TEORICA,(1) Grupo 1,JHONIER SEBASTIAN RANGEL GUTIERREZ,0,22
gh-31326948682,2026-08-09T12:41:18-05:00,1000013-B,CLASE TEORICA,(10) Grupo 10,Sandra Vergara Cardozo,35,22
gh-31326948682,2026-08-09T12:41:18-05:00,1000013-B,CLASE TEORICA,(11) Grupo 11,DIEGO ALBERTO MARTINEZ SIMBAQUEVA,40,22
gh-31326948682,2026-08-09T12:41:18-05:00,1000013-B,CLASE TEORICA,(12) Grupo 12,DIEGO ALBERTO MARTINEZ SIMBAQUEVA,40,22
gh-31326948682,2026-08-09T12:41:18-05:00,1000013-B,CLASE TEORICA,(13) Grupo 13,DIEGO ALBERTO MARTINEZ SIMBAQUEVA,30,22
gh-31326948682,2026-08-09T12:41:18-05:00,1000013-B,CLASE TEORICA,(14) Grupo 14,Andrea Catalina Garcia Montoya,45,22
gh-31326948682,2026-08-09T12:41:18-05:00,1000013-B,CLASE TEORICA,(16) Grupo 16,Sergio Alejandro Calderon Villanueva,30,22
gh-31326948682,2026-08-09T12:41:18-05:00,1000013-B,CLASE TEORICA,(2) Grupo 2,Luis Guillermo Diaz Monroy,40,22
gh-31326948682,2026-08-09T12:41:18-05:00,1000013-B,CLASE TEORICA,(22) Grupo 22,Hanwen Zhang,45,22
gh-31326948682,2026-08-09T12:41:18-05:00,1000013-B,CLASE TEORICA,(23) Grupo 23,ULPIANO LARA CRISTANCHO,0,22
gh-31326948682,2026-08-09T12:41:18-05:00,1000013-B,CLASE TEORICA,(3) Grupo 3,Diana Carolina Franco Soto,40,22
gh-31326948682,2026-08-09T12:41:18-05:00,1000013-B,CLASE TEORICA,(4) Grupo 4,Diana Carolina Franco Soto,40,22
gh-31326948682,2026-08-09T12:41:18-05:00,1000013-B,CLASE TEORICA,(5) Grupo 5,Darwin Eduardo Martínez Riaño,35,22
gh-31326948682,2026-08-09T12:41:18-05:00,1000013-B,CLASE TEORICA,(6) Grupo 6,Darwin Eduardo Martínez Riaño,35,22
gh-31326948682,2026-08-09T12:41:18-05:00,1000013-B,CLASE TEORICA,(7) Grupo 7,Camilo Jose Torres Jimenez,40,22
gh-31326948682,2026-08-09T12:41:20-05:00,2015734,NA,(1) Grupo 1,Fernando Salazar Delgado,6,23
gh-31326948682,2026-08-09T12:41:20-05:00,2015734,NA,(10) Grupo 10,Tito Florez Calderon,4,23
gh-31326948682,2026-08-09T12:41:20-05:00,2015734,NA,(11) Grupo 11,DAVID ALBERTO HERRERA ALVAREZ,0,23
gh-31326948682,2026-08-09T12:41:20-05:00,2015734,NA,(12) Grupo 12,FABIEL NATÁN ESPINOSA CASTAÑEDA,1,23
gh-31326948682,2026-08-09T12:41:20-05:00,2015734,NA,(13) Grupo 13,SERGIO CAMILO ESPINOSA BOTERO,4,23
gh-31326948682,2026-08-09T12:41:20-05:00,2015734,NA,(14) Grupo 14,Felipe Gonzalez Roldan,0,23
gh-31326948682,2026-08-09T12:41:20-05:00,2015734,NA,(2) Grupo 2,Fernando Salazar Delgado,16,23
gh-31326948682,2026-08-09T12:41:20-05:00,2015734,NA,(3) Grupo 3,Jhoan Sebastian Restrepo Mendoza,0,23
gh-31326948682,2026-08-09T12:41:20-05:00,2015734,NA,(4) Grupo 4,Sandra Liliana Rojas Martinez,0,23
gh-31326948682,2026-08-09T12:41:20-05:00,2015734,NA,(5) Grupo 5,Jhoan Sebastian Restrepo Mendoza,0,23
gh-31326948682,2026-08-09T12:41:20-05:00,2015734,NA,(6) Grupo 6,SERGIO CAMILO ESPINOSA BOTERO,8,23
gh-31326948682,2026-08-09T12:41:20-05:00,2015734,NA,(7) Grupo 7,No informado,3,23
gh-31326948682,2026-08-09T12:41:20-05:00,2015734,NA,(8) Grupo 8 - Virtual,FABIEL NATÁN ESPINOSA CASTAÑEDA,30,23
gh-31326948682,2026-08-09T12:41:20-05:00,2015734,NA,(9) Grupo 9,Alvaro Reynel Córdoba,18,23
gh-31326948682,2026-08-09T12:41:22-05:00,2024045,CLASE TEORICA,(1) 2024045-1 Taller de proyectos interdisciplinarios,No informado,0,-1
gh-31326948682,2026-08-09T12:41:22-05:00,2024045,CLASE TEORICA,(10) 2024045-10 Taller de proyectos interdisciplinarios,Oscar Andres Eraso Eraso,0,-1
gh-31326948682,2026-08-09T12:41:22-05:00,2024045,CLASE TEORICA,(11) 2024045-11 Taller de proyectos interdisciplinarios,No informado,0,-1
gh-31326948682,2026-08-09T12:41:22-05:00,2024045,CLASE TEORICA,(12) 2024045-12 Taller de proyectos interdisciplinarios,Hector Julian Garcia Otalora,200,-1
gh-31326948682,2026-08-09T12:41:22-05:00,2024045,CLASE TEORICA,(13) 2024045-13 Taller de proyectos interdisciplinarios,No informado,0,-1
gh-31326948682,2026-08-09T12:41:22-05:00,2024045,CLASE TEORICA,(14) 2024045-14 Taller de proyectos interdisciplinarios,Dolly Santos Barbosa,0,-1
gh-31326948682,2026-08-09T12:41:22-05:00,2024045,CLASE TEORICA,(15) 2024045-15 Taller de proyectos interdisciplinarios,Oscar Andres Eraso Eraso,0,-1
gh-31326948682,2026-08-09T12:41:22-05:00,2024045,CLASE TEORICA,(16) 2024045-16 Taller de proyectos interdisciplinarios,Luis Ignacio Rodriguez Varela,0,-1
gh-31326948682,2026-08-09T12:41:22-05:00,2024045,CLASE TEORICA,(17) 2024045-17 Taller de proyectos interdisciplinarios,JOHANA CATALINA MANOSALVA BARRERA,0,-1
gh-31326948682,2026-08-09T12:41:22-05:00,2024045,CLASE TEORICA,(18) 2024045-18 Taller de proyectos interdisciplinarios,Fernando Bernal Martinez,0,-1
gh-31326948682,2026-08-09T12:41:22-05:00,2024045,CLASE TEORICA,(19) 2024045-19 Taller de proyectos interdisciplinarios,FRANCISCO JAVIER VÁSQUEZ VÁSQUEZ,0,-1
gh-31326948682,2026-08-09T12:41:22-05:00,2024045,CLASE TEORICA,(2) 2024045-2 Taller de proyectos interdisciplinarios,Fernando Bernal Martinez,0,-1
gh-31326948682,2026-08-09T12:41:22-05:00,2024045,CLASE TEORICA,(21) 2024045-21 Taller de proyectos interdisciplinarios,No informado,0,-1
gh-31326948682,2026-08-09T12:41:22-05:00,2024045,CLASE TEORICA,(22) 2024045-22 Taller de proyectos interdisciplinarios,Ubaldo Garcia Zaragoza,0,-1
gh-31326948682,2026-08-09T12:41:22-05:00,2024045,CLASE TEORICA,(23) 2024045-23 Taller de proyectos interdisciplinarios,No informado,0,-1
gh-31326948682,2026-08-09T12:41:22-05:00,2024045,CLASE TEORICA,(24) 2024045-24 Taller de proyectos interdisciplinarios,Hector Julian Garcia Otalora,200,-1
gh-31326948682,2026-08-09T12:41:22-05:00,2024045,CLASE TEORICA,(3) 2024045-3 Taller de proyectos interdisciplinarios,Guillermo Alberto Rocha Casas,0,-1
gh-31326948682,2026-08-09T12:41:22-05:00,2024045,CLASE TEORICA,(4) 2024045-4 Taller de proyectos interdisciplinarios,Francy Nayely Prieto Novoa,0,-1
gh-31326948682,2026-08-09T12:41:22-05:00,2024045,CLASE TEORICA,(40) 2024045-40 TPI-- NO BORRAR-- BLOQ ESPACIOS,No informado,0,-1
gh-31326948682,2026-08-09T12:41:22-05:00,2024045,CLASE TEORICA,(5) 2024045-5 Taller de proyectos interdisciplinarios,Nubia Carmenza Moreno Sarmiento,0,-1
gh-31326948682,2026-08-09T12:41:22-05:00,2024045,CLASE TEORICA,(6) 2024045-6 Taller de proyectos interdisciplinarios,JOHANA CATALINA MANOSALVA BARRERA,0,-1
gh-31326948682,2026-08-09T12:41:22-05:00,2024045,CLASE TEORICA,(7) 2024045-7 Taller de proyectos interdisciplinarios,Ubaldo Garcia Zaragoza,0,-1
gh-31326948682,2026-08-09T12:41:22-05:00,2024045,CLASE TEORICA,(8) 2024045-8 Taller de proyectos interdisciplinarios,JHON FREDDY LOPEZ MEDINA,0,-1
gh-31326948682,2026-08-09T12:41:22-05:00,2024045,CLASE TEORICA,(9) 2024045-9 Taller de proyectos interdisciplinarios,Manuel Alejandro Mayorga Betancourt,0,-1
gh-31330201224,2026-08-09T13:54:20-05:00,2015938,CLASE TEORICA,(1) Grupo 1,Maria Alejandra Caicedo Londoño,25,0
gh-31330201224,2026-08-09T13:54:20-05:00,2015938,CLASE TEORICA,(2) Grupo 2,Maria Alejandra Caicedo Londoño,25,0
gh-31330201224,2026-08-09T13:54:20-05:00,2015938,CLASE TEORICA,(3) Grupo 3,JOSE LUIS DIAZ AREVALO,25,0
gh-31330201224,2026-08-09T13:54:20-05:00,2015938,CLASE TEORICA,(4) Grupo 4,JOSE LUIS DIAZ AREVALO,24,0
gh-31330201224,2026-08-09T13:54:21-05:00,2015939,CLASE TEORICA,(1) Grupo 1,ALVARO MARTIN GUTIERREZ MALAXECHEBARRIA,25,1
gh-31330201224,2026-08-09T13:54:21-05:00,2015939,CLASE TEORICA,(2) Grupo 2,ALVARO MARTIN GUTIERREZ MALAXECHEBARRIA,25,1
gh-31330201224,2026-08-09T13:54:21-05:00,2015939,CLASE TEORICA,(3) Grupo 3,Edder Alexander Velandia Duran,25,1
gh-31330201224,2026-08-09T13:54:21-05:00,2015939,CLASE TEORICA,(4) Grupo 4,No informado,25,1
gh-31330201224,2026-08-09T13:54:22-05:00,1000003-B,NA,(1) Grupo 1,Erika Lorena Rosero Alzate; Oscar Andrés Rojas Sepúlveda,0,-1
gh-31330201224,2026-08-09T13:54:22-05:00,1000003-B,NA,(10) Grupo 10,Epifanio Lozano Ayala,14,-1
gh-31330201224,2026-08-09T13:54:22-05:00,1000003-B,NA,(11) Grupo 11,No informado,60,-1
gh-31330201224,2026-08-09T13:54:22-05:00,1000003-B,NA,(12) Grupo 12,No informado,40,-1
gh-31330201224,2026-08-09T13:54:22-05:00,1000003-B,NA,(13) Grupo 13,Mohammed EL AIDI,40,-1
gh-31330201224,2026-08-09T13:54:22-05:00,1000003-B,NA,(15) Grupo 15,Myriam Leonor Campos Florez,60,-1
gh-31330201224,2026-08-09T13:54:22-05:00,1000003-B,NA,(16) Grupo 16,No informado,60,-1
gh-31330201224,2026-08-09T13:54:22-05:00,1000003-B,NA,(17) Grupo 17,Martha Cecilia Moreno Penagos,40,-1
gh-31330201224,2026-08-09T13:54:22-05:00,1000003-B,NA,(18) Grupo 18,John Alexander Cruz Morales,52,-1
gh-31330201224,2026-08-09T13:54:22-05:00,1000003-B,NA,(20) Grupo 20,Natalia Camila Pinzon Cortes,60,-1
gh-31330201224,2026-08-09T13:54:22-05:00,1000003-B,NA,(21) Grupo 21,Ivon Andrea Dorado Correa,52,-1
gh-31330201224,2026-08-09T13:54:22-05:00,1000003-B,NA,(22) Grupo 22,No informado,46,-1
gh-31330201224,2026-08-09T13:54:22-05:00,1000003-B,NA,(3) Grupo 3,No informado,60,-1
gh-31330201224,2026-08-09T13:54:22-05:00,1000003-B,NA,(4) Grupo 4,Luis Alejandro Barbosa Torres,112,-1
gh-31330201224,2026-08-09T13:54:22-05:00,1000003-B,NA,(5) Grupo 5,Jaime David Mora Paz,60,-1
gh-31330201224,2026-08-09T13:54:22-05:00,1000003-B,NA,(7) Grupo 7,Myriam Leonor Campos Florez,40,-1
gh-31330201224,2026-08-09T13:54:22-05:00,1000003-B,NA,(8) Grupo 8,No informado,10,-1
gh-31330201224,2026-08-09T13:54:24-05:00,2015940,CLASE TEORICA,(1) Grupo 1,Maritzabel Molina Herrera,24,3
gh-31330201224,2026-08-09T13:54:24-05:00,2015940,CLASE TEORICA,(2) Grupo 2,Gabriel Andres Bernal Granados,24,3
gh-31330201224,2026-08-09T13:54:24-05:00,2015940,CLASE TEORICA,(3) Grupo 3,No informado,24,3
gh-31330201224,2026-08-09T13:54:25-05:00,2015941,CLASE TEORICA,(1) Grupo 1,Patricia Luna Tamayo,30,4
gh-31330201224,2026-08-09T13:54:25-05:00,2015941,CLASE TEORICA,(2) Grupo 2,No informado,30,4
gh-31330201224,2026-08-09T13:54:25-05:00,2015941,CLASE TEORICA,(3) Grupo 3,Carlos Ramiro Vallecilla Bahena,30,4
gh-31330201224,2026-08-09T13:54:25-05:00,2015941,CLASE TEORICA,(4) Grupo 4,No informado,30,4
gh-31330201224,2026-08-09T13:54:26-05:00,1000004-B,NA,(10) Grupo 10,No informado,53,5
gh-31330201224,2026-08-09T13:54:26-05:00,1000004-B,NA,(11) Grupo 11,No informado,24,5
gh-31330201224,2026-08-09T13:54:26-05:00,1000004-B,NA,(12) Grupo 12,No informado,24,5
gh-31330201224,2026-08-09T13:54:26-05:00,1000004-B,NA,(13) Grupo 13,No informado,16,5
gh-31330201224,2026-08-09T13:54:26-05:00,1000004-B,NA,(14) Grupo 14,No informado,90,5
gh-31330201224,2026-08-09T13:54:26-05:00,1000004-B,NA,(16) Grupo 16,No informado,27,5
gh-31330201224,2026-08-09T13:54:26-05:00,1000004-B,NA,(17) Grupo 17,Hernan Garzon Gutierrez,39,5
gh-31330201224,2026-08-09T13:54:26-05:00,1000004-B,NA,(19) Grupo 19,No informado,59,5
gh-31330201224,2026-08-09T13:54:26-05:00,1000004-B,NA,(2) Grupo 2,No informado,24,5
gh-31330201224,2026-08-09T13:54:26-05:00,1000004-B,NA,(20) Grupo 20,Hernan Garzon Gutierrez,10,5
gh-31330201224,2026-08-09T13:54:26-05:00,1000004-B,NA,(21) Grupo 21,No informado,60,5
gh-31330201224,2026-08-09T13:54:26-05:00,1000004-B,NA,(22) Grupo 22,No informado,60,5
gh-31330201224,2026-08-09T13:54:26-05:00,1000004-B,NA,(24) Grupo 24,Ricardo Ariel Pastran Ramirez,60,5
gh-31330201224,2026-08-09T13:54:26-05:00,1000004-B,NA,(25) Grupo 25,No informado,40,5
gh-31330201224,2026-08-09T13:54:26-05:00,1000004-B,NA,(27) Grupo 27,No informado,51,5
gh-31330201224,2026-08-09T13:54:26-05:00,1000004-B,NA,(28) Grupo 28,No informado,60,5
gh-31330201224,2026-08-09T13:54:26-05:00,1000004-B,NA,(29) Grupo 29,No informado,60,5
gh-31330201224,2026-08-09T13:54:26-05:00,1000004-B,NA,(30) Grupo 30,No informado,60,5
gh-31330201224,2026-08-09T13:54:26-05:00,1000004-B,NA,(32) Grupo 32,No informado,90,5
gh-31330201224,2026-08-09T13:54:26-05:00,1000004-B,NA,(4) Grupo 4,Myriam Leonor Campos Florez,37,5
gh-31330201224,2026-08-09T13:54:26-05:00,1000004-B,NA,(5) Grupo 5,Oscar Javier Lopez Alfonso,84,5
gh-31330201224,2026-08-09T13:54:26-05:00,1000004-B,NA,(7) Grupo 7,Anderson Arley Vera Arboleda,64,5
gh-31330201224,2026-08-09T13:54:26-05:00,1000004-B,NA,(8) Grupo 8,No informado,40,5
gh-31330201224,2026-08-09T13:54:26-05:00,1000004-B,NA,(9) Grupo 9,No informado,18,5
gh-31330201224,2026-08-09T13:54:28-05:00,1000006-B,NA,(1) Grupo 1,No informado,40,6
gh-31330201224,2026-08-09T13:54:28-05:00,1000006-B,NA,(10) Grupo 10,No informado,100,6
gh-31330201224,2026-08-09T13:54:28-05:00,1000006-B,NA,(11) Grupo 11,No informado,40,6
gh-31330201224,2026-08-09T13:54:28-05:00,1000006-B,NA,(12) Grupo 12,Leonid Lebedev,60,6
gh-31330201224,2026-08-09T13:54:28-05:00,1000006-B,NA,(13) Grupo 13,Juan Carlos Hernandez Rincon,40,6
gh-31330201224,2026-08-09T13:54:28-05:00,1000006-B,NA,(14) Grupo 14,No informado,60,6
gh-31330201224,2026-08-09T13:54:28-05:00,1000006-B,NA,(15) Grupo 15,No informado,112,6
gh-31330201224,2026-08-09T13:54:28-05:00,1000006-B,NA,(2) Grupo 2,EDIXON MANUEL ROJAS SANTANA,40,6
gh-31330201224,2026-08-09T13:54:28-05:00,1000006-B,NA,(3) Grupo 3,Cesar Augusto Gomez Sierra,40,6
gh-31330201224,2026-08-09T13:54:28-05:00,1000006-B,NA,(4) Grupo 4,Agustin Moreno Canadas,100,6
gh-31330201224,2026-08-09T13:54:28-05:00,1000006-B,NA,(5) Grupo 5,German Eduardo Fonseca Buitrago,40,6
gh-31330201224,2026-08-09T13:54:28-05:00,1000006-B,NA,(7) Grupo 7,No informado,70,6
gh-31330201224,2026-08-09T13:54:28-05:00,1000006-B,NA,(8) Grupo 8,Epifanio Lozano Ayala,60,6
gh-31330201224,2026-08-09T13:54:28-05:00,1000006-B,NA,(9) Grupo 9,Orlando Vanegas Canro,0,6
gh-31330201224,2026-08-09T13:54:29-05:00,1000005-B,NA,(1) Grupo 1,Orlando Vanegas Canro,0,7
gh-31330201224,2026-08-09T13:54:29-05:00,1000005-B,NA,(10) Grupo 10,Epifanio Lozano Ayala,50,7
gh-31330201224,2026-08-09T13:54:29-05:00,1000005-B,NA,(14) Grupo 14,Mohammed EL AIDI,40,7
gh-31330201224,2026-08-09T13:54:29-05:00,1000005-B,NA,(15) Grupo 15,Alina Fedosova,60,7
gh-31330201224,2026-08-09T13:54:29-05:00,1000005-B,NA,(16) Grupo 16,No informado,70,7
gh-31330201224,2026-08-09T13:54:29-05:00,1000005-B,NA,(17) Grupo 17,Hernan Garzon Gutierrez,40,7
gh-31330201224,2026-08-09T13:54:29-05:00,1000005-B,NA,(2) Grupo 2,RENE ERLIN CASTILLO,60,7
gh-31330201224,2026-08-09T13:54:29-05:00,1000005-B,NA,(20) Grupo 20,Franqui Solis Cardenas Poloche,40,7
gh-31330201224,2026-08-09T13:54:29-05:00,1000005-B,NA,(22) Grupo 22,No informado,60,7
gh-31330201224,2026-08-09T13:54:29-05:00,1000005-B,NA,(3) Grupo 3,Eduardo Cardenas Gomez,70,7
gh-31330201224,2026-08-09T13:54:29-05:00,1000005-B,NA,(4) Grupo 4,Edward Samuel Becerra Rojas,60,7
gh-31330201224,2026-08-09T13:54:29-05:00,1000005-B,NA,(6) Grupo 6,No informado,60,7
gh-31330201224,2026-08-09T13:54:29-05:00,1000005-B,NA,(7) Grupo 7,Franqui Solis Cardenas Poloche,100,7
gh-31330201224,2026-08-09T13:54:29-05:00,1000005-B,NA,(8) Grupo 8,No informado,40,7
gh-31330201224,2026-08-09T13:54:29-05:00,1000005-B,NA,(9) Grupo 9,No informado,10,7
gh-31330201224,2026-08-09T13:54:32-05:00,2015943,CLASE TEORICA,(1) Grupo 1,Carlos Orlando Robles Roa,15,9
gh-31330201224,2026-08-09T13:54:33-05:00,2015944,CLASE TEORICA,(1) Grupo 1,SANTIAGO RAMIREZ ECHEVERRI,15,10
gh-31330201224,2026-08-09T13:54:34-05:00,2015711,NA,(10) 2015711-10 Dibujo básico,Ariel Augusto Amaya Avila,0,11
gh-31330201224,2026-08-09T13:54:34-05:00,2015711,NA,(11) 2015711-11 Dibujo básico,Cesar Augusto Bacca Gonzalez,0,11
gh-31330201224,2026-08-09T13:54:34-05:00,2015711,NA,(14) 2015711-14 Dibujo básico,Cristian Felipe Morales Suárez,0,11
gh-31330201224,2026-08-09T13:54:34-05:00,2015711,NA,(16) 2015711-16 Dibujo básico,DAVID FELIPE TORRES ARCE,0,11
gh-31330201224,2026-08-09T13:54:34-05:00,2015711,NA,(4) 2015711-4 Dibujo básico,Cristian Felipe Morales Suárez,9,11
gh-31330201224,2026-08-09T13:54:34-05:00,2015711,NA,(5) 2015711-5 Dibujo básico,Sebastian Achury Ortiz,0,11
gh-31330201224,2026-08-09T13:54:34-05:00,2015711,NA,(7) 2015711-7 Dibujo básico,Cesar Augusto Bacca Gonzalez,20,11
gh-31330201224,2026-08-09T13:54:34-05:00,2015711,NA,(8) 2015711-8 Dibujo básico,Miguel Angel Baquero Cortes,0,11
gh-31330201224,2026-08-09T13:54:34-05:00,2015711,NA,(9) 2015711-9 Dibujo básico,EDWIN CAMILO REINA BELTRAN,0,11
gh-31330201224,2026-08-09T13:54:35-05:00,2015948,CLASE TEORICA,(1) Grupo 1,No informado,30,12
gh-31330201224,2026-08-09T13:54:35-05:00,2015948,CLASE TEORICA,(2) Grupo 2,Mauricio Alberto Tapias Camacho,30,12
gh-31330201224,2026-08-09T13:54:35-05:00,2015948,CLASE TEORICA,(3) Grupo 3,No informado,30,12
gh-31330201224,2026-08-09T13:54:37-05:00,2015950,CLASE TEORICA,(1) Grupo 1,No informado,25,13
gh-31330201224,2026-08-09T13:54:37-05:00,2015950,CLASE TEORICA,(2) Grupo 2,No informado,0,13
gh-31330201224,2026-08-09T13:54:37-05:00,2015950,CLASE TEORICA,(3) Grupo 3,Daniel Ricardo Lozano Monsalve,25,13
gh-31330201224,2026-08-09T13:54:37-05:00,2015950,CLASE TEORICA,(4) Grupo 4,No informado,25,13
gh-31330201224,2026-08-09T13:54:37-05:00,2015950,CLASE TEORICA,(5) Grupo 5,No informado,25,13
gh-31330201224,2026-08-09T13:54:38-05:00,2015949,CLASE TEORICA,(1) Grupo 1,Mario Javier Cardozo Chaux,30,14
gh-31330201224,2026-08-09T13:54:38-05:00,2015949,CLASE TEORICA,(2) Grupo 2,Wilson Ernesto Vargas Vargas,30,14
gh-31330201224,2026-08-09T13:54:38-05:00,2015949,CLASE TEORICA,(3) Grupo 3,No informado,30,14
gh-31330201224,2026-08-09T13:54:39-05:00,1000007-B,NA,(1) Grupo 1,German Eduardo Fonseca Buitrago,60,15
gh-31330201224,2026-08-09T13:54:39-05:00,1000007-B,NA,(11) Grupo 11,Leonid Lebedev,60,15
gh-31330201224,2026-08-09T13:54:39-05:00,1000007-B,NA,(12) Grupo 12,No informado,60,15
gh-31330201224,2026-08-09T13:54:39-05:00,1000007-B,NA,(13) Grupo 13,Omar Duque Gomez,40,15
gh-31330201224,2026-08-09T13:54:39-05:00,1000007-B,NA,(14) Grupo 14,No informado,100,15
gh-31330201224,2026-08-09T13:54:39-05:00,1000007-B,NA,(3) Grupo 3,Serafin Bautista Diaz,40,15
gh-31330201224,2026-08-09T13:54:39-05:00,1000007-B,NA,(4) Grupo 4,EDIXON MANUEL ROJAS SANTANA,60,15
gh-31330201224,2026-08-09T13:54:39-05:00,1000007-B,NA,(6) Grupo 6,Alexander Caviedes Castro,50,15
gh-31330201224,2026-08-09T13:54:39-05:00,1000007-B,NA,(7) Grupo 7,Oscar Guillermo Riaño Castañeda,40,15
gh-31330201224,2026-08-09T13:54:39-05:00,1000007-B,NA,(9) Grupo 9,Orlando Vanegas Canro,0,15
gh-31330201224,2026-08-09T13:54:40-05:00,2026134,CLASE TEORICA,(1) Grupo 1,No informado,0,16
gh-31330201224,2026-08-09T13:54:40-05:00,2026134,CLASE TEORICA,(2) Grupo 2,Juan Manuel Lizarazo Marriaga,30,16
gh-31330201224,2026-08-09T13:54:40-05:00,2026134,CLASE TEORICA,(3) Grupo 3,Maritzabel Molina Herrera,30,16
gh-31330201224,2026-08-09T13:54:40-05:00,2026134,CLASE TEORICA,(4) Grupo 4,Carlos Ramiro Vallecilla Bahena,30,16
gh-31330201224,2026-08-09T13:54:40-05:00,2026134,CLASE TEORICA,(5) Grupo 5,Fernando Lozano Osorno,30,16
gh-31330201224,2026-08-09T13:54:40-05:00,2026134,CLASE TEORICA,(6) Grupo 6,No informado,30,16
gh-31330201224,2026-08-09T13:54:41-05:00,2015954,CLASE TEORICA,(1) Grupo 1,Erasmo Alfredo Rodriguez Sandoval,30,17
gh-31330201224,2026-08-09T13:54:41-05:00,2015954,CLASE TEORICA,(2) Grupo 2,Mario Enrique Moreno Castiblanco,30,17
gh-31330201224,2026-08-09T13:54:41-05:00,2015954,CLASE TEORICA,(3) Grupo 3,Luis Alejandro Morales Marin,30,17
gh-31330201224,2026-08-09T13:54:43-05:00,2015955,CLASE TEORICA,(1) Grupo 1,Giovanni Andres Cortes Tovar,30,18
gh-31330201224,2026-08-09T13:54:43-05:00,2015955,CLASE TEORICA,(2) Grupo 2,Angela Barrera Puerto,30,18
gh-31330201224,2026-08-09T13:54:43-05:00,2015955,CLASE TEORICA,(3) Grupo 3,Giovanni Andres Cortes Tovar,30,18
gh-31330201224,2026-08-09T13:54:44-05:00,1000011-B,CLASE TEORICA,(1) Grupo 1,Ernesto Javier Puertas Dellepianes,118,19
gh-31330201224,2026-08-09T13:54:44-05:00,1000011-B,CLASE TEORICA,(3) Grupo 3,Néstor Fernando Perez Buitrago,12,19
gh-31330201224,2026-08-09T13:54:47-05:00,1000019-B,CLASE LABORATORIO,(1) Grupo 1,Gustavo Martinez Tamayo,35,20
gh-31330201224,2026-08-09T13:54:47-05:00,1000019-B,CLASE TALLER,(1) Grupo 1,FABIAN FELIPE QUEVEDO FARIETA,35,20
gh-31330201224,2026-08-09T13:54:47-05:00,1000019-B,CLASE MAGISTRAL,(1) Grupo 1,Gustavo Martinez Tamayo,35,20
gh-31330201224,2026-08-09T13:54:47-05:00,1000019-B,CLASE LABORATORIO,(10) Grupo 10,LUIS AGULLES PEDROS,35,20
gh-31330201224,2026-08-09T13:54:47-05:00,1000019-B,CLASE TALLER,(10) Grupo 10,Jhon Morales Aponte,35,20
gh-31330201224,2026-08-09T13:54:47-05:00,1000019-B,CLASE MAGISTRAL,(10) Grupo 10,Ovidio Amado Almanza Montero,35,20
gh-31330201224,2026-08-09T13:54:47-05:00,1000019-B,CLASE LABORATORIO,(11) Grupo 11,EVER DAVID ALCALA CAJAR,35,20
gh-31330201224,2026-08-09T13:54:47-05:00,1000019-B,CLASE TALLER,(11) Grupo 11,JULIAN MATEO DE MENDOZA GUTIERREZ,35,20
gh-31330201224,2026-08-09T13:54:47-05:00,1000019-B,CLASE MAGISTRAL,(11) Grupo 11,Ovidio Amado Almanza Montero,35,20
gh-31330201224,2026-08-09T13:54:47-05:00,1000019-B,CLASE LABORATORIO,(12) Grupo 12,FABIAN FELIPE QUEVEDO FARIETA,35,20
gh-31330201224,2026-08-09T13:54:47-05:00,1000019-B,CLASE TALLER,(12) Grupo 12,EVER DAVID ALCALA CAJAR,35,20
gh-31330201224,2026-08-09T13:54:47-05:00,1000019-B,CLASE MAGISTRAL,(12) Grupo 12,Ovidio Amado Almanza Montero,35,20
gh-31330201224,2026-08-09T13:54:47-05:00,1000019-B,CLASE LABORATORIO,(13) Grupo 13,Alvaro Marino Camargo,35,20
gh-31330201224,2026-08-09T13:54:47-05:00,1000019-B,CLASE TALLER,(13) Grupo 13,MIGUEL ENRIQUE GÁMEZ LÓPEZ,35,20
gh-31330201224,2026-08-09T13:54:47-05:00,1000019-B,CLASE MAGISTRAL,(13) Grupo 13,Alvaro Marino Camargo,35,20
gh-31330201224,2026-08-09T13:54:47-05:00,1000019-B,CLASE LABORATORIO,(14) Grupo 14,Alvaro Marino Camargo,35,20
gh-31330201224,2026-08-09T13:54:47-05:00,1000019-B,CLASE TALLER,(14) Grupo 14,No informado,35,20
gh-31330201224,2026-08-09T13:54:47-05:00,1000019-B,CLASE MAGISTRAL,(14) Grupo 14,Alvaro Marino Camargo,35,20
gh-31330201224,2026-08-09T13:54:47-05:00,1000019-B,CLASE LABORATORIO,(15) Grupo 15,JULIAN MATEO DE MENDOZA GUTIERREZ,32,20
gh-31330201224,2026-08-09T13:54:47-05:00,1000019-B,CLASE TALLER,(15) Grupo 15,EVER DAVID ALCALA CAJAR,32,20
gh-31330201224,2026-08-09T13:54:47-05:00,1000019-B,CLASE MAGISTRAL,(15) Grupo 15,Alvaro Marino Camargo,32,20
gh-31330201224,2026-08-09T13:54:47-05:00,1000019-B,CLASE MAGISTRAL,(16) Gruop 16,Erika Lorena Rosero Alzate; Daniel Camilo Padilla González,8,20
gh-31330201224,2026-08-09T13:54:47-05:00,1000019-B,CLASE LABORATORIO,(16) Grupo 16,Alvaro Marino Camargo,35,20
gh-31330201224,2026-08-09T13:54:47-05:00,1000019-B,CLASE TALLER,(16) Grupo 16,Edna Carolina Pinilla Beltran,35,20
gh-31330201224,2026-08-09T13:54:47-05:00,1000019-B,CLASE LABORATORIO,(17) Grupo 17,JULIAN MATEO DE MENDOZA GUTIERREZ,34,20
gh-31330201224,2026-08-09T13:54:47-05:00,1000019-B,CLASE TALLER,(17) Grupo 17,Jereson Silva Valencia,34,20
gh-31330201224,2026-08-09T13:54:47-05:00,1000019-B,CLASE MAGISTRAL,(17) Grupo 17,Jereson Silva Valencia,34,20
gh-31330201224,2026-08-09T13:54:47-05:00,1000019-B,CLASE LABORATORIO,(18) Grupo 18,Jaime Villalobos Velasco,34,20
gh-31330201224,2026-08-09T13:54:47-05:00,1000019-B,CLASE TALLER,(18) Grupo 18,Jereson Silva Valencia,34,20
gh-31330201224,2026-08-09T13:54:47-05:00,1000019-B,CLASE MAGISTRAL,(18) Grupo 18,Jereson Silva Valencia,34,20
gh-31330201224,2026-08-09T13:54:47-05:00,1000019-B,CLASE LABORATORIO,(19) Grupo 19,JULY PAOLA GARZÓN LOPEZ,32,20
gh-31330201224,2026-08-09T13:54:47-05:00,1000019-B,CLASE TALLER,(19) Grupo 19,Jereson Silva Valencia,32,20
gh-31330201224,2026-08-09T13:54:47-05:00,1000019-B,CLASE MAGISTRAL,(19) Grupo 19,Jereson Silva Valencia,32,20
gh-31330201224,2026-08-09T13:54:47-05:00,1000019-B,CLASE LABORATORIO,(2) Grupo 2,Gustavo Martinez Tamayo,35,20
gh-31330201224,2026-08-09T13:54:47-05:00,1000019-B,CLASE TALLER,(2) Grupo 2,Gustavo Martinez Tamayo,35,20
gh-31330201224,2026-08-09T13:54:47-05:00,1000019-B,CLASE MAGISTRAL,(2) Grupo 2,Gustavo Martinez Tamayo,35,20
gh-31330201224,2026-08-09T13:54:47-05:00,1000019-B,CLASE LABORATORIO,(20) Grupo 20,JOSE ALFREDO GOMEZ MATEUS,35,20
gh-31330201224,2026-08-09T13:54:47-05:00,1000019-B,CLASE TALLER,(20) Grupo 20,Jereson Silva Valencia,35,20
gh-31330201224,2026-08-09T13:54:47-05:00,1000019-B,CLASE MAGISTRAL,(20) Grupo 20,Jereson Silva Valencia,35,20
gh-31330201224,2026-08-09T13:54:47-05:00,1000019-B,CLASE LABORATORIO,(21) Grupo 21,Pedro Hernan Sanchez Machet,35,20
gh-31330201224,2026-08-09T13:54:47-05:00,1000019-B,CLASE TALLER,(21) Grupo 21,JOSE ALFREDO GOMEZ MATEUS,35,20
gh-31330201224,2026-08-09T13:54:47-05:00,1000019-B,CLASE MAGISTRAL,(21) Grupo 21,Diego Alejandro Torres Galindo,35,20
gh-31330201224,2026-08-09T13:54:47-05:00,1000019-B,CLASE LABORATORIO,(22) Grupo 22,Pedro Hernan Sanchez Machet,35,20
gh-31330201224,2026-08-09T13:54:47-05:00,1000019-B,CLASE TALLER,(22) Grupo 22,JULY PAOLA GARZÓN LOPEZ,35,20
gh-31330201224,2026-08-09T13:54:47-05:00,1000019-B,CLASE MAGISTRAL,(22) Grupo 22,Diego Alejandro Torres Galindo,35,20
gh-31330201224,2026-08-09T13:54:47-05:00,1000019-B,CLASE LABORATORIO,(23) Grupo 23,Pedro Hernan Sanchez Machet,35,20
gh-31330201224,2026-08-09T13:54:47-05:00,1000019-B,CLASE TALLER,(23) Grupo 23,Edna Carolina Pinilla Beltran,35,20
gh-31330201224,2026-08-09T13:54:47-05:00,1000019-B,CLASE MAGISTRAL,(23) Grupo 23,Diego Alejandro Torres Galindo,35,20
gh-31330201224,2026-08-09T13:54:47-05:00,1000019-B,CLASE LABORATORIO,(24) Grupo 24,Pedro Hernan Sanchez Machet,35,20
gh-31330201224,2026-08-09T13:54:47-05:00,1000019-B,CLASE TALLER,(24) Grupo 24,Diego Alejandro Torres Galindo,35,20
gh-31330201224,2026-08-09T13:54:47-05:00,1000019-B,CLASE MAGISTRAL,(24) Grupo 24,Diego Alejandro Torres Galindo,35,20
gh-31330201224,2026-08-09T13:54:47-05:00,1000019-B,CLASE LABORATORIO,(25) Grupo 25,Plinio Del Carmen Teheran Sermeno,45,20
gh-31330201224,2026-08-09T13:54:47-05:00,1000019-B,CLASE TALLER,(25) Grupo 25,Plinio Del Carmen Teheran Sermeno,45,20
gh-31330201224,2026-08-09T13:54:47-05:00,1000019-B,CLASE MAGISTRAL,(25) Grupo 25,Plinio Del Carmen Teheran Sermeno,45,20
gh-31330201224,2026-08-09T13:54:47-05:00,1000019-B,CLASE LABORATORIO,(26) Grupo 26 (VIRTUAL),Plinio Del Carmen Teheran Sermeno,50,20
gh-31330201224,2026-08-09T13:54:47-05:00,1000019-B,CLASE TALLER,(26) Grupo 26 (VIRTUAL),Plinio Del Carmen Teheran Sermeno,50,20
gh-31330201224,2026-08-09T13:54:47-05:00,1000019-B,CLASE MAGISTRAL,(26) Grupo 26 (VIRTUAL),Plinio Del Carmen Teheran Sermeno,50,20
gh-31330201224,2026-08-09T13:54:47-05:00,1000019-B,CLASE LABORATORIO,(27) Grupo 27 (VIRTUAL),Plinio Del Carmen Teheran Sermeno,50,20
gh-31330201224,2026-08-09T13:54:47-05:00,1000019-B,CLASE TALLER,(27) Grupo 27 (VIRTUAL),Plinio Del Carmen Teheran Sermeno,50,20
gh-31330201224,2026-08-09T13:54:47-05:00,1000019-B,CLASE MAGISTRAL,(27) Grupo 27 (VIRTUAL),Plinio Del Carmen Teheran Sermeno,50,20
gh-31330201224,2026-08-09T13:54:47-05:00,1000019-B,CLASE LABORATORIO,(28) Grupo 28 (VIRTUAL),Plinio Del Carmen Teheran Sermeno,50,20
gh-31330201224,2026-08-09T13:54:47-05:00,1000019-B,CLASE TALLER,(28) Grupo 28 (VIRTUAL),Plinio Del Carmen Teheran Sermeno,50,20
gh-31330201224,2026-08-09T13:54:47-05:00,1000019-B,CLASE MAGISTRAL,(28) Grupo 28 (VIRTUAL),Plinio Del Carmen Teheran Sermeno,50,20
gh-31330201224,2026-08-09T13:54:47-05:00,1000019-B,CLASE LABORATORIO,(29) Grupo 29 (VIRTUAL),Plinio Del Carmen Teheran Sermeno,50,20
gh-31330201224,2026-08-09T13:54:47-05:00,1000019-B,CLASE TALLER,(29) Grupo 29 (VIRTUAL),Plinio Del Carmen Teheran Sermeno,50,20
gh-31330201224,2026-08-09T13:54:47-05:00,1000019-B,CLASE MAGISTRAL,(29) Grupo 29 (VIRTUAL),Plinio Del Carmen Teheran Sermeno,50,20
gh-31330201224,2026-08-09T13:54:47-05:00,1000019-B,CLASE LABORATORIO,(3) Grupo 3,Gustavo Martinez Tamayo,35,20
gh-31330201224,2026-08-09T13:54:47-05:00,1000019-B,CLASE TALLER,(3) Grupo 3,Gustavo Martinez Tamayo,35,20
gh-31330201224,2026-08-09T13:54:47-05:00,1000019-B,CLASE MAGISTRAL,(3) Grupo 3,Gustavo Martinez Tamayo,35,20
gh-31330201224,2026-08-09T13:54:47-05:00,1000019-B,CLASE LABORATORIO,(4) Grupo 4,No informado,35,20
gh-31330201224,2026-08-09T13:54:47-05:00,1000019-B,CLASE TALLER,(4) Grupo 4,Jaime Villalobos Velasco,35,20
gh-31330201224,2026-08-09T13:54:47-05:00,1000019-B,CLASE MAGISTRAL,(4) Grupo 4,Gustavo Martinez Tamayo,35,20
gh-31330201224,2026-08-09T13:54:47-05:00,1000019-B,CLASE LABORATORIO,(5) Grupo 5,FABIAN FELIPE QUEVEDO FARIETA,35,20
gh-31330201224,2026-08-09T13:54:47-05:00,1000019-B,CLASE TALLER,(5) Grupo 5,Jaime Villalobos Velasco,35,20
gh-31330201224,2026-08-09T13:54:47-05:00,1000019-B,CLASE MAGISTRAL,(5) Grupo 5,Ramiro Cardona Cardona,35,20
gh-31330201224,2026-08-09T13:54:47-05:00,1000019-B,CLASE LABORATORIO,(6) Grupo 6,Jaime Villalobos Velasco,35,20
gh-31330201224,2026-08-09T13:54:47-05:00,1000019-B,CLASE TALLER,(6) Grupo 6,Ramiro Cardona Cardona,35,20
gh-31330201224,2026-08-09T13:54:47-05:00,1000019-B,CLASE MAGISTRAL,(6) Grupo 6,Ramiro Cardona Cardona,35,20
gh-31330201224,2026-08-09T13:54:47-05:00,1000019-B,CLASE LABORATORIO,(7) Grupo 7,Jaime Villalobos Velasco,35,20
gh-31330201224,2026-08-09T13:54:47-05:00,1000019-B,CLASE TALLER,(7) Grupo 7,Ramiro Cardona Cardona,35,20
gh-31330201224,2026-08-09T13:54:47-05:00,1000019-B,CLASE MAGISTRAL,(7) Grupo 7,Ramiro Cardona Cardona,35,20
gh-31330201224,2026-08-09T13:54:47-05:00,1000019-B,CLASE LABORATORIO,(8) Grupo 8,Jaime Villalobos Velasco,35,20
gh-31330201224,2026-08-09T13:54:47-05:00,1000019-B,CLASE TALLER,(8) Grupo 8,Edna Carolina Pinilla Beltran,35,20
gh-31330201224,2026-08-09T13:54:47-05:00,1000019-B,CLASE MAGISTRAL,(8) Grupo 8,Ramiro Cardona Cardona,35,20
gh-31330201224,2026-08-09T13:54:47-05:00,1000019-B,CLASE LABORATORIO,(9) Grupo 9,Erika Lorena Rosero Alzate,0,20
gh-31330201224,2026-08-09T13:54:47-05:00,1000019-B,CLASE TALLER,(9) Grupo 9,No informado,10,20
gh-31330201224,2026-08-09T13:54:47-05:00,1000019-B,CLASE MAGISTRAL,(9) Grupo 9,Fredy Angel Jimenez Giraldo,10,20
gh-31330201224,2026-08-09T13:54:48-05:00,2015956,CLASE TEORICA,(1) Grupo 1,Modesto Portilla Gamboa; Fernando Eli Romero Ordoñez,35,21
gh-31330201224,2026-08-09T13:54:48-05:00,2015956,CLASE TEORICA,(2) Grupo 2,Jennifer Angel Amaya,30,21
gh-31330201224,2026-08-09T13:54:48-05:00,2015956,CLASE TEORICA,(3) Grupo 3,Jennifer Angel Amaya,30,21
gh-31330201224,2026-08-09T13:54:48-05:00,2015956,CLASE TEORICA,(4) Grupo 4,Fernando Eli Romero Ordoñez; Modesto Portilla Gamboa,35,21
gh-31330201224,2026-08-09T13:54:50-05:00,2015957,CLASE PRACTICA,(1) Grupo 1,No informado,30,22
gh-31330201224,2026-08-09T13:54:50-05:00,2015957,CLASE PRACTICA,(2) Grupo 2,Samuel Fernando Mesa Giraldo,30,22
gh-31330201224,2026-08-09T13:54:50-05:00,2015957,CLASE PRACTICA,(3) Grupo 3,Rose Marie Aldana Boutin,30,22
gh-31330201224,2026-08-09T13:54:50-05:00,2015957,CLASE PRACTICA,(4) Grupo 4,Rose Marie Aldana Boutin,30,22
gh-31330201224,2026-08-09T13:54:51-05:00,2015958,CLASE PRACTICA,(1) Grupo 1,William Castro Garcia,20,23
gh-31330201224,2026-08-09T13:54:51-05:00,2015958,CLASE TEORICA,(1) Grupo 1,William Castro Garcia,40,23
gh-31330201224,2026-08-09T13:54:51-05:00,2015958,CLASE PRACTICA,(2) Grupo 2,William Castro Garcia,20,23
gh-31330201224,2026-08-09T13:54:51-05:00,2015958,CLASE PRACTICA,(3) Grupo 3,Carlos Alfonso Gomez Guacaneme,30,23
gh-31330201224,2026-08-09T13:54:51-05:00,2015958,CLASE TEORICA,(3) Grupo 3,Carlos Alfonso Gomez Guacaneme,30,23
gh-31330201224,2026-08-09T13:54:51-05:00,2015958,CLASE PRACTICA,(4) Grupo 4,Mario Arturo Rincon Villalba,20,23
gh-31330201224,2026-08-09T13:54:51-05:00,2015958,CLASE TEORICA,(4) Grupo 4,Mario Arturo Rincon Villalba,40,23
gh-31330201224,2026-08-09T13:54:51-05:00,2015958,CLASE PRACTICA,(5) Grupo 5,Mario Arturo Rincon Villalba,20,23
gh-31330201224,2026-08-09T13:54:51-05:00,2015958,CLASE PRACTICA,(6) Grupo 6,Fausto Alejandro Silva España,20,23
gh-31330201224,2026-08-09T13:54:51-05:00,2015958,CLASE TEORICA,(6) Grupo 6,Cesar Andres Cortes Bello,40,23
gh-31330201224,2026-08-09T13:54:51-05:00,2015958,CLASE PRACTICA,(7) Grupo 7,Fausto Alejandro Silva España,20,23
gh-31330201224,2026-08-09T13:54:51-05:00,2015958,CLASE PRACTICA,(8) Grupo 8,Fausto Alejandro Silva España,20,23
gh-31330201224,2026-08-09T13:54:51-05:00,2015958,CLASE TEORICA,(8) Grupo 8,Cesar Andres Cortes Bello,40,23
gh-31330201224,2026-08-09T13:54:51-05:00,2015958,CLASE PRACTICA,(9) Grupo 9,Fausto Alejandro Silva España,20,23
gh-31330201224,2026-08-09T13:54:52-05:00,2015959,CLASE TEORICA,(1) Grupo 1,Carlos Eduardo Rodriguez Pineda,30,24
gh-31330201224,2026-08-09T13:54:52-05:00,2015959,CLASE TEORICA,(2) Grupo 2,Guillermo Eduardo Avila Alvarez,30,24
gh-31330201224,2026-08-09T13:54:52-05:00,2015959,CLASE TEORICA,(3) Grupo 3,Livaniel Viveros Rosero,30,24
gh-31330201224,2026-08-09T13:54:52-05:00,2015959,CLASE TEORICA,(4) Grupo 4,No informado,0,24
gh-31330201224,2026-08-09T13:54:54-05:00,2015961,CLASE TEORICA,(1) Grupo 1,Rafael Orland Ortiz Mosquera,24,26
gh-31330201224,2026-08-09T13:54:54-05:00,2015961,CLASE TEORICA,(2) Grupo 2,Adriana Patricia Piña Fulano,24,26
gh-31330201224,2026-08-09T13:54:54-05:00,2015961,CLASE TEORICA,(3) Grupo 3,Gelber Norberto Gutierrez Palacios,24,26
gh-31330201224,2026-08-09T13:54:54-05:00,2015961,CLASE TEORICA,(4) Grupo 4,No informado,24,26
gh-31330201224,2026-08-09T13:54:54-05:00,2015961,CLASE TEORICA,(5) Grupo 5,No informado,24,26
gh-31330201224,2026-08-09T13:54:54-05:00,2015961,CLASE TEORICA,(6) Grupo 6,Leonardo David Donado Garzon,24,26
gh-31330201224,2026-08-09T13:54:56-05:00,2015978,CLASE TEORICA,(1) Grupo 1,No informado,0,27
gh-31330201224,2026-08-09T13:54:56-05:00,2015978,CLASE TEORICA,(2) Grupo 2,Erasmo Alfredo Rodriguez Sandoval,30,27
gh-31330201224,2026-08-09T13:54:56-05:00,2015978,CLASE TEORICA,(3) Grupo 3,No informado,30,27
gh-31330201224,2026-08-09T13:54:56-05:00,2015978,CLASE TEORICA,(4) Grupo 4,No informado,30,27
gh-31330201224,2026-08-09T13:54:56-05:00,2015978,CLASE TEORICA,(5) Grupo 5,No informado,30,27
gh-31330201224,2026-08-09T13:54:57-05:00,2026135,CLASE TEORICA,(1) Grupo 1,NICOLAS ESCALANTE MORA,25,28
gh-31330201224,2026-08-09T13:54:57-05:00,2026135,CLASE TEORICA,(2) Grupo 2,Leonel Vega Mora,25,28
gh-31330201224,2026-08-09T13:54:57-05:00,2026135,CLASE TEORICA,(3) Grupo 3,Leonel Vega Mora,25,28
gh-31330201224,2026-08-09T13:54:58-05:00,2015963,CLASE TEORICA,(1) Grupo 1,No informado,30,29
gh-31330201224,2026-08-09T13:54:58-05:00,2015963,CLASE TEORICA,(2) Grupo 2,No informado,30,29
gh-31330201224,2026-08-09T13:54:58-05:00,2015963,CLASE TEORICA,(3) Grupo 3,William Castro Garcia,30,29
gh-31330201224,2026-08-09T13:54:59-05:00,2026138,CLASE TEORICA,(1) Grupo 1,Ivan Dario Serrano Arrieta,30,30
gh-31330201224,2026-08-09T13:54:59-05:00,2026138,CLASE TEORICA,(2) Grupo 2,Ivan Dario Serrano Arrieta,30,30
gh-31330201224,2026-08-09T13:54:59-05:00,2026138,CLASE TEORICA,(3) Grupo 3,Pedro Luis Jimenez Poveda,30,30
gh-31330201224,2026-08-09T13:55:01-05:00,2015703,NA,(1) Grupo 1,Angela Maria Arboleda Restrepo,40,31
gh-31330201224,2026-08-09T13:55:01-05:00,2015703,NA,(10) Grupo 10,Diego Alejandro Hernandez Castañeda,30,31
gh-31330201224,2026-08-09T13:55:01-05:00,2015703,NA,(11) Grupo 11,Julio Cesar Cañon Rodriguez,30,31
gh-31330201224,2026-08-09T13:55:01-05:00,2015703,NA,(2) Grupo 2,Osman Benjamin Giovanny Vargas Rozo,40,31
gh-31330201224,2026-08-09T13:55:01-05:00,2015703,NA,(3) Grupo 3,Hugo Alberto Herrera Fonseca,40,31
gh-31330201224,2026-08-09T13:55:01-05:00,2015703,NA,(4) Grupo 4,LINA JULIANA BULLA CASAS,30,31
gh-31330201224,2026-08-09T13:55:01-05:00,2015703,NA,(5) Grupo 5 - Virtual,Cesar Augusto Roa Lemus,60,31
gh-31330201224,2026-08-09T13:55:01-05:00,2015703,NA,(6) Grupo 6,JAVIER RICARDO OJEDA SANCHEZ,40,31
gh-31330201224,2026-08-09T13:55:01-05:00,2015703,NA,(7) Grupo 7,JAVIER RICARDO OJEDA SANCHEZ,20,31
gh-31330201224,2026-08-09T13:55:01-05:00,2015703,NA,(8) Grupo 8,Diego Alejandro Hernandez Castañeda,40,31
gh-31330201224,2026-08-09T13:55:01-05:00,2015703,NA,(9) Grupo 9,LINA JULIANA BULLA CASAS,35,31
gh-31330201224,2026-08-09T13:55:02-05:00,1000044-B,CLASE TEORICA,(1) Grupo 1,Beatriz Elena Urrutia Sanchez,26,32
gh-31330201224,2026-08-09T13:55:02-05:00,1000044-B,CLASE TEORICA,(2) Grupo 2,Yaneli Niño Osorio,26,32
gh-31330201224,2026-08-09T13:55:02-05:00,1000044-B,CLASE TEORICA,(3) Grupo 3,Luis Gabriel Peña Ortiz,26,32
gh-31330201224,2026-08-09T13:55:02-05:00,1000044-B,CLASE TEORICA,(4) Grupo 4,Liliana Marcela Guzman Aricapa,26,32
gh-31330201224,2026-08-09T13:55:02-05:00,1000044-B,CLASE TEORICA,(5) Grupo 5,Beatriz Elena Urrutia Sanchez,26,32
gh-31330201224,2026-08-09T13:55:02-05:00,1000044-B,CLASE TEORICA,(6) Grupo 6,Cesar Augusto Romero,26,32
gh-31330201224,2026-08-09T13:55:02-05:00,1000044-B,CLASE TEORICA,(7) Grupo 7,JOSE JONATHAN MAESTRE HERRERA,26,32
gh-31330201224,2026-08-09T13:55:02-05:00,1000044-B,CLASE TEORICA,(8) Grupo 8,Beymar Leonardo Solorzano Alviz,26,32
gh-31330201224,2026-08-09T13:55:02-05:00,1000044-B,CLASE TEORICA,(9) Grupo 9,Claudia Marcela Arevalo Gomez,7,32
gh-31330201224,2026-08-09T13:55:04-05:00,1000045-B,CLASE TEORICA,(1) Grupo 1,Claudia Marcela Arevalo Gomez,10,33
gh-31330201224,2026-08-09T13:55:04-05:00,1000045-B,CLASE TEORICA,(10) Grupo 10,Jesica paola Rendon Alfonso,26,33
gh-31330201224,2026-08-09T13:55:04-05:00,1000045-B,CLASE TEORICA,(11) Grupo 11,JOSE JONATHAN MAESTRE HERRERA,26,33
gh-31330201224,2026-08-09T13:55:04-05:00,1000045-B,CLASE TEORICA,(12) Grupo 12,LINDA JOHANA RUIZ GOMEZ,26,33
gh-31330201224,2026-08-09T13:55:04-05:00,1000045-B,CLASE TEORICA,(13) Grupo 13,Narly Yadira Pardo Cadena,26,33
gh-31330201224,2026-08-09T13:55:04-05:00,1000045-B,CLASE TEORICA,(14) Grupo 14,Angelica Saenz Fonseca,26,33
gh-31330201224,2026-08-09T13:55:04-05:00,1000045-B,CLASE TEORICA,(15) Grupo 15,Narly Yadira Pardo Cadena,26,33
gh-31330201224,2026-08-09T13:55:04-05:00,1000045-B,CLASE TEORICA,(16) Grupo 16,Luis Gabriel Peña Ortiz,26,33
gh-31330201224,2026-08-09T13:55:04-05:00,1000045-B,CLASE TEORICA,(2) Grupo 2,Cesar Augusto Romero,26,33
gh-31330201224,2026-08-09T13:55:04-05:00,1000045-B,CLASE TEORICA,(3) Grupo 3,Jesica paola Rendon Alfonso,26,33
gh-31330201224,2026-08-09T13:55:04-05:00,1000045-B,CLASE TEORICA,(4) Grupo 4,Adriana Marlen Sanchez Riaño,26,33
gh-31330201224,2026-08-09T13:55:04-05:00,1000045-B,CLASE TEORICA,(5) Grupo 5,Cesar Augusto Romero,26,33
gh-31330201224,2026-08-09T13:55:04-05:00,1000045-B,CLASE TEORICA,(6) Grupo 6,Sara Elisa Monsalve Patino,26,33
gh-31330201224,2026-08-09T13:55:04-05:00,1000045-B,CLASE TEORICA,(7) Grupo 7,Luis Gabriel Peña Ortiz,26,33
gh-31330201224,2026-08-09T13:55:04-05:00,1000045-B,CLASE TEORICA,(8) Grupo 8,Johnatan Martinez Hernandez,26,33
gh-31330201224,2026-08-09T13:55:04-05:00,1000045-B,CLASE TEORICA,(9) Grupo 9,Maureen Elizabeth Hooker Oneill,15,33
gh-31330201224,2026-08-09T13:55:06-05:00,1000046-B,CLASE TEORICA,(1) Grupo 1,Johnatan Martinez Hernandez,26,35
gh-31330201224,2026-08-09T13:55:06-05:00,1000046-B,CLASE TEORICA,(10) Grupo 10,Jennly Angelica Gomez Rodriguez,26,35
gh-31330201224,2026-08-09T13:55:06-05:00,1000046-B,CLASE TEORICA,(11) Grupo 11,Angelica Saenz Fonseca,26,35
gh-31330201224,2026-08-09T13:55:06-05:00,1000046-B,CLASE TEORICA,(12) Grupo 12,Liliana Marcela Guzman Aricapa,26,35
gh-31330201224,2026-08-09T13:55:06-05:00,1000046-B,CLASE TEORICA,(13) Grupo 13,ALBA LUCIA RIAÑO RODRIGUEZ,26,35
gh-31330201224,2026-08-09T13:55:06-05:00,1000046-B,CLASE TEORICA,(14) Grupo 14,Angelica Saenz Fonseca,26,35
gh-31330201224,2026-08-09T13:55:06-05:00,1000046-B,CLASE TEORICA,(15) Grupo 15,Luis Gabriel Peña Ortiz,26,35
gh-31330201224,2026-08-09T13:55:06-05:00,1000046-B,CLASE TEORICA,(16) Grupo 16,Olga Lucia Ruiz Convers,26,35
gh-31330201224,2026-08-09T13:55:06-05:00,1000046-B,CLASE TEORICA,(17) Grupo 17,Luis Gabriel Peña Ortiz,26,35
gh-31330201224,2026-08-09T13:55:06-05:00,1000046-B,CLASE TEORICA,(18) Grupo 18,Narly Yadira Pardo Cadena,26,35
gh-31330201224,2026-08-09T13:55:06-05:00,1000046-B,CLASE TEORICA,(2) Grupo 2,Jesica paola Rendon Alfonso,26,35
gh-31330201224,2026-08-09T13:55:06-05:00,1000046-B,CLASE TEORICA,(3) Grupo 3,JESUS DAVID TORRES RODRIGUEZ,26,35
gh-31330201224,2026-08-09T13:55:06-05:00,1000046-B,CLASE TEORICA,(4) Grupo 4,Claudia Patricia Cortes Lora,26,35
gh-31330201224,2026-08-09T13:55:06-05:00,1000046-B,CLASE TEORICA,(5) Grupo 5,Johnatan Martinez Hernandez,26,35
gh-31330201224,2026-08-09T13:55:06-05:00,1000046-B,CLASE TEORICA,(6) Grupo 6,Johnatan Martinez Hernandez,26,35
gh-31330201224,2026-08-09T13:55:06-05:00,1000046-B,CLASE TEORICA,(7) Grupo 7,Jesica paola Rendon Alfonso,26,35
gh-31330201224,2026-08-09T13:55:06-05:00,1000046-B,CLASE TEORICA,(8) Grupo 8,Beatriz Elena Urrutia Sanchez,26,35
gh-31330201224,2026-08-09T13:55:06-05:00,1000046-B,CLASE TEORICA,(9) Grupo 9,Maureen Elizabeth Hooker Oneill,10,35
gh-31330201224,2026-08-09T13:55:09-05:00,1000052-B,CLASE TEORICA,(1) Grupo 1,Liliana Marcela Guzman Aricapa,28,37
gh-31330201224,2026-08-09T13:55:09-05:00,1000052-B,CLASE TEORICA,(2) Grupo 2,JOSE JONATHAN MAESTRE HERRERA,28,37
gh-31330201224,2026-08-09T13:55:09-05:00,1000052-B,CLASE TEORICA,(3) Grupo 3,Aida Elena Monsalve Solorzano,28,37
gh-31330201224,2026-08-09T13:55:10-05:00,1000053-B,CLASE TEORICA,(1) Grupo 1,Jennly Angelica Gomez Rodriguez,28,38
gh-31330201224,2026-08-09T13:55:10-05:00,1000053-B,CLASE TEORICA,(2) Grupo 2,Yaneli Niño Osorio,28,38
gh-31330201224,2026-08-09T13:55:10-05:00,1000053-B,CLASE TEORICA,(3) Grupo 3,Javier Rodriguez Gomez,30,38
gh-31330201224,2026-08-09T13:55:10-05:00,1000053-B,CLASE TEORICA,(4) Grupo 4,Javier Rodriguez Gomez,30,38
gh-31330201224,2026-08-09T13:55:10-05:00,1000053-B,CLASE TEORICA,(5) Grupo 5,LINDA JOHANA RUIZ GOMEZ,28,38
gh-31330201224,2026-08-09T13:55:10-05:00,1000053-B,CLASE TEORICA,(6) Grupo 6,Olga Lucia Ruiz Convers,28,38
gh-31330201224,2026-08-09T13:55:11-05:00,1000047-B,CLASE TEORICA,(1) Grupo 1,Cesar Augusto Romero,26,39
gh-31330201224,2026-08-09T13:55:11-05:00,1000047-B,CLASE TEORICA,(10) Grupo 10,Monica Alexandra Riaño Orjuela,26,39
gh-31330201224,2026-08-09T13:55:11-05:00,1000047-B,CLASE TEORICA,(11) Grupo 11,Jennly Angelica Gomez Rodriguez,26,39
gh-31330201224,2026-08-09T13:55:11-05:00,1000047-B,CLASE TEORICA,(12) Grupo 12,Claudia Patricia Cortes Lora,26,39
gh-31330201224,2026-08-09T13:55:11-05:00,1000047-B,CLASE TEORICA,(13) Grupo 13,Angelica Saenz Fonseca,26,39
gh-31330201224,2026-08-09T13:55:11-05:00,1000047-B,CLASE TEORICA,(14) Grupo 14,LINDA JOHANA RUIZ GOMEZ,26,39
gh-31330201224,2026-08-09T13:55:11-05:00,1000047-B,CLASE TEORICA,(15) Grupo 15,Claudia Patricia Cortes Lora,26,39
gh-31330201224,2026-08-09T13:55:11-05:00,1000047-B,CLASE TEORICA,(16) Grupo 16,Narly Yadira Pardo Cadena,26,39
gh-31330201224,2026-08-09T13:55:11-05:00,1000047-B,CLASE TEORICA,(17) Grupo 17,Angelica Saenz Fonseca,26,39
gh-31330201224,2026-08-09T13:55:11-05:00,1000047-B,CLASE TEORICA,(18) Grupo 18,ALBA LUCIA RIAÑO RODRIGUEZ,26,39
gh-31330201224,2026-08-09T13:55:11-05:00,1000047-B,CLASE TEORICA,(19) Grupo 19,Aida Elena Monsalve Solorzano,26,39
gh-31330201224,2026-08-09T13:55:11-05:00,1000047-B,CLASE TEORICA,(2) Grupo 2,Yaneli Niño Osorio,26,39
gh-31330201224,2026-08-09T13:55:11-05:00,1000047-B,CLASE TEORICA,(20) Grupo 20,ALBA LUCIA RIAÑO RODRIGUEZ,26,39
gh-31330201224,2026-08-09T13:55:11-05:00,1000047-B,CLASE TEORICA,(21) Grupo 21,Edwin Yesid Leon Silva,26,39
gh-31330201224,2026-08-09T13:55:11-05:00,1000047-B,CLASE TEORICA,(22) Grupo 22,LINDA JOHANA RUIZ GOMEZ,26,39
gh-31330201224,2026-08-09T13:55:11-05:00,1000047-B,CLASE TEORICA,(3) Grupo 3,Monica Alexandra Riaño Orjuela,26,39
gh-31330201224,2026-08-09T13:55:11-05:00,1000047-B,CLASE TEORICA,(4) Grupo 4,Claudia Patricia Cortes Lora,26,39
gh-31330201224,2026-08-09T13:55:11-05:00,1000047-B,CLASE TEORICA,(5) Grupo 5,Olga Lucia Ruiz Convers,26,39
gh-31330201224,2026-08-09T13:55:11-05:00,1000047-B,CLASE TEORICA,(6) Grupo 6,Monica Alexandra Riaño Orjuela,26,39
gh-31330201224,2026-08-09T13:55:11-05:00,1000047-B,CLASE TEORICA,(7) Grupo 7,Cesar Augusto Romero,26,39
gh-31330201224,2026-08-09T13:55:11-05:00,1000047-B,CLASE TEORICA,(8) Grupo 8,Beatriz Elena Urrutia Sanchez,26,39
gh-31330201224,2026-08-09T13:55:11-05:00,1000047-B,CLASE TEORICA,(9) Grupo 9,Keshia Hilary Howard Livingston,15,39
gh-31330201224,2026-08-09T13:55:14-05:00,2026186,CLASE TEORICA,(1) Grupo 1,Carol Andrea Murillo Feo,7,41
gh-31330201224,2026-08-09T13:55:14-05:00,2026186,CLASE TEORICA,(2) Grupo 2,Leonel Vega Mora,0,41
gh-31330201224,2026-08-09T13:55:14-05:00,2026186,CLASE TEORICA,(4) Grupo 4,Carlos Orlando Robles Roa,10,41
gh-31330201224,2026-08-09T13:55:15-05:00,1000002-B,CLASE TEORICA,(1) Grupo 1 - Clase Presencial,Ruth Andrea Cortés Suárez,1,42
gh-31330201224,2026-08-09T13:55:15-05:00,1000002-B,CLASE TEORICA,(10) Grupo 10 - Clase presencial,Karen Johanna Castelblanco Villamil,0,42
gh-31330201224,2026-08-09T13:55:15-05:00,1000002-B,CLASE TEORICA,(2) Grupo 2 - Clase Presencial,Ruth Andrea Cortés Suárez,0,42
gh-31330201224,2026-08-09T13:55:15-05:00,1000002-B,CLASE TEORICA,(3) Grupo 3 - Clase Presencial,Adriana Patricia Díaz Cuevas,0,42
gh-31330201224,2026-08-09T13:55:15-05:00,1000002-B,CLASE TEORICA,(4) Grupo 4 - Clase Presencial,Adriana Patricia Díaz Cuevas,0,42
gh-31330201224,2026-08-09T13:55:15-05:00,1000002-B,CLASE TEORICA,(5) Grupo 5 - Clase Presencial,Andres Felipe Escovar Barreto,0,42
gh-31330201224,2026-08-09T13:55:15-05:00,1000002-B,CLASE TEORICA,(6) Grupo 6 - Clase Presencial,Ruth Andrea Cortés Suárez,0,42
gh-31330201224,2026-08-09T13:55:15-05:00,1000002-B,CLASE TEORICA,(7) Grupo 7 - Clase Presencial,Karen Johanna Castelblanco Villamil,0,42
gh-31330201224,2026-08-09T13:55:15-05:00,1000002-B,CLASE TEORICA,(8) Grupo 8 - Clase Presencial,Adriana Patricia Díaz Cuevas,0,42
gh-31330201224,2026-08-09T13:55:15-05:00,1000002-B,CLASE TEORICA,(9) Grupo 9 - Clase Presencial,Carlas Lucia Castilla Lara,10,42
gh-31330201224,2026-08-09T13:55:17-05:00,1000001-B,CLASE TEORICA,(1) Grupo 1,No informado,0,43
gh-31330201224,2026-08-09T13:55:17-05:00,1000001-B,CLASE MAGISTRAL,(1) Grupo 1,Ibeth Marcela Rubio Perilla,0,43
gh-31330201224,2026-08-09T13:55:17-05:00,1000001-B,CLASE MAGISTRAL,(10) Grupo 10,No informado,0,43
gh-31330201224,2026-08-09T13:55:17-05:00,1000001-B,CLASE TEORICA,(19) Grupo 19,No informado,5,43
gh-31330201224,2026-08-09T13:55:17-05:00,1000001-B,CLASE TEORICA,(2) Grupo 2,No informado,10,43
gh-31330201224,2026-08-09T13:55:17-05:00,1000001-B,CLASE MAGISTRAL,(2) Grupo 2,Herbert Alonso Dueñas Ruiz,0,43
gh-31330201224,2026-08-09T13:55:17-05:00,1000001-B,CLASE MAGISTRAL,(3) Grupo 3,Jeanneth Galeano Penaloza,0,43
gh-31330201224,2026-08-09T13:55:17-05:00,1000001-B,CLASE MAGISTRAL,(4) Grupo 4,Gustavo Adolfo Nieto Clavijo,0,43
gh-31330201224,2026-08-09T13:55:17-05:00,1000001-B,CLASE MAGISTRAL,(5) Grupo 5,Natalia Camila Pinzon Cortes,0,43
gh-31330201224,2026-08-09T13:55:17-05:00,1000001-B,CLASE MAGISTRAL,(6) Grupo 6,Martha Cecilia Moreno Penagos,0,43
gh-31330201224,2026-08-09T13:55:17-05:00,1000001-B,CLASE MAGISTRAL,(7) Grupo 7,Claudio Rodriguez Beltran,0,43
gh-31330201224,2026-08-09T13:55:17-05:00,1000001-B,CLASE MAGISTRAL,(8) Grupo 8,Gabriel Ignacio Padilla Leon,0,43
gh-31330201224,2026-08-09T13:55:17-05:00,1000001-B,CLASE MAGISTRAL,(9) Grupo 9,No informado,10,43
gh-31330201224,2026-08-09T13:55:18-05:00,2015965,CLASE TEORICA,(1) Grupo 1,CAMILO RIOS FRESNEDA,24,44
gh-31330201224,2026-08-09T13:55:18-05:00,2015965,CLASE TEORICA,(2) Grupo 2,Julian David Puerto Suarez; Vladimir Buelvas Hernández,24,44
gh-31330201224,2026-08-09T13:55:18-05:00,2015965,CLASE TEORICA,(3) Grupo 3,Ferney Betancourt Cardozo; Juan Manuel Lizarazo Marriaga,24,44
gh-31330201224,2026-08-09T13:55:18-05:00,2015965,CLASE TEORICA,(4) Grupo 4,No informado,24,44
gh-31330201224,2026-08-09T13:55:20-05:00,2015966,CLASE TEORICA,(1) Grupo 1,No informado,24,45
gh-31330201224,2026-08-09T13:55:20-05:00,2015966,CLASE TEORICA,(2) Grupo 2,Adriana Patricia Piña Fulano,24,45
gh-31330201224,2026-08-09T13:55:20-05:00,2015966,CLASE TEORICA,(3) Grupo 3,Rafael Orland Ortiz Mosquera,24,45
gh-31330201224,2026-08-09T13:55:20-05:00,2015966,CLASE TEORICA,(4) Grupo 4,No informado,24,45
gh-31330201224,2026-08-09T13:55:20-05:00,2015966,CLASE TEORICA,(5) Grupo 5,No informado,24,45
gh-31330201224,2026-08-09T13:55:20-05:00,2015966,CLASE TEORICA,(6) Grupo 6,Luis Alejandro Morales Marin,24,45
gh-31330201224,2026-08-09T13:55:20-05:00,2015966,CLASE TEORICA,(7) Grupo 7,No informado,24,45
gh-31330201224,2026-08-09T13:55:20-05:00,2015966,CLASE TEORICA,(8) Grupo 8,No informado,24,45
gh-31330201224,2026-08-09T13:55:21-05:00,2015967,NA,(1) Grupo 1,Vladimir Buelvas Hernández,24,46
gh-31330201224,2026-08-09T13:55:22-05:00,2015968,CLASE TEORICA,(1) Grupo 1,Ricardo Parra Arango,24,47
gh-31330201224,2026-08-09T13:55:22-05:00,2015968,CLASE TEORICA,(2) Grupo 2,Juan David Oliveros Salazar,24,47
gh-31330201224,2026-08-09T13:55:22-05:00,2015968,CLASE TEORICA,(3) Grupo 3,No informado,24,47
gh-31330201224,2026-08-09T13:55:22-05:00,2015968,CLASE TEORICA,(4) Grupo 4,Ricardo Parra Arango,24,47
gh-31330201224,2026-08-09T13:55:22-05:00,2015968,CLASE TEORICA,(5) Grupo 5,Julian David Puerto Suarez,24,47
gh-31330201224,2026-08-09T13:55:22-05:00,2015968,CLASE TEORICA,(6) Grupo 6,Dorian Luis Linero Segrera,24,47
gh-31330201224,2026-08-09T13:55:22-05:00,2015968,CLASE TEORICA,(7) Grupo 7,No informado,0,47
gh-31330201224,2026-08-09T13:55:23-05:00,2015969,CLASE TEORICA,(1) Grupo 1 (Inglés),Julio Esteban Colmenares Montañez,30,48
gh-31330201224,2026-08-09T13:55:23-05:00,2015969,CLASE TEORICA,(2) Grupo 2,Guillermo Eduardo Avila Alvarez,30,48
gh-31330201224,2026-08-09T13:55:23-05:00,2015969,CLASE TEORICA,(3) Grupo 3,Livaniel Viveros Rosero,30,48
gh-31330201224,2026-08-09T13:55:23-05:00,2015969,CLASE TEORICA,(4) Grupo 4,No informado,30,48
gh-31330201224,2026-08-09T13:55:24-05:00,2015970,CLASE PRACTICA,(4) Grupo 4,Helga Duarte,30,49
gh-31330201224,2026-08-09T13:55:24-05:00,2015970,CLASE PRACTICA,(5) Grupo 5,Oswaldo Rojas Camacho,45,49
gh-31330201224,2026-08-09T13:55:24-05:00,2015970,CLASE PRACTICA,(8) Grupo 8,Helga Duarte,30,49
gh-31330201224,2026-08-09T13:55:24-05:00,2015970,CLASE PRACTICA,(9) Grupo 9,Oswaldo Rojas Camacho,45,49
gh-31330201224,2026-08-09T13:55:26-05:00,2017293,CLASE TEORICA,(1) 2017293-1 Modelación matemática,JUAN SEBASTIÁN HINCAPIÉ MONTES,34,50
gh-31330201224,2026-08-09T13:55:26-05:00,2017293,CLASE MAGISTRAL,(1M) 2017293-1M Modelación matemática - Magistral,Carlos Alberto Duque Daza,80,50
gh-31330201224,2026-08-09T13:55:26-05:00,2017293,CLASE TEORICA,(2) 2017293-2 Modelación matemática,JUAN SEBASTIÁN HINCAPIÉ MONTES,34,50
gh-31330201224,2026-08-09T13:55:29-05:00,2015971,CLASE TEORICA,(1) Grupo 1,No informado,30,53
gh-31330201224,2026-08-09T13:55:29-05:00,2015971,CLASE TEORICA,(2) Grupo 2,Ferney Betancourt Cardozo,30,53
gh-31330201224,2026-08-09T13:55:29-05:00,2015971,CLASE TEORICA,(3) Grupo 3,No informado,30,53
gh-31330201224,2026-08-09T13:55:30-05:00,2015972,CLASE TEORICA,(1) Grupo 1,Carlos Alberto Moncada Aristizabal,15,54
gh-31330201224,2026-08-09T13:55:30-05:00,2015972,CLASE TEORICA,(2) Grupo 2,SANTIAGO RAMIREZ ECHEVERRI,15,54
gh-31330201224,2026-08-09T13:55:30-05:00,2015972,CLASE TEORICA,(3) Grupo 3,No informado,15,54
gh-31330201224,2026-08-09T13:55:32-05:00,1000024-B,CLASE TEORICA,(12) Grupo 12,Edgar Delgado Mejia,0,55
gh-31330201224,2026-08-09T13:55:32-05:00,1000024-B,CLASE TEORICA,(13) Grupo 13,Jesus Sigifredo Valencia Rios,0,55
gh-31330201224,2026-08-09T13:55:32-05:00,1000024-B,CLASE TEORICA,(14) Grupo 14,Jhon Jairo Aragón Arias,10,55
gh-31330201224,2026-08-09T13:55:33-05:00,1000013-B,CLASE TEORICA,(1) Grupo 1,JHONIER SEBASTIAN RANGEL GUTIERREZ,0,56
gh-31330201224,2026-08-09T13:55:33-05:00,1000013-B,CLASE TEORICA,(10) Grupo 10,Sandra Vergara Cardozo,35,56
gh-31330201224,2026-08-09T13:55:33-05:00,1000013-B,CLASE TEORICA,(11) Grupo 11,DIEGO ALBERTO MARTINEZ SIMBAQUEVA,40,56
gh-31330201224,2026-08-09T13:55:33-05:00,1000013-B,CLASE TEORICA,(12) Grupo 12,DIEGO ALBERTO MARTINEZ SIMBAQUEVA,40,56
gh-31330201224,2026-08-09T13:55:33-05:00,1000013-B,CLASE TEORICA,(13) Grupo 13,DIEGO ALBERTO MARTINEZ SIMBAQUEVA,30,56
gh-31330201224,2026-08-09T13:55:33-05:00,1000013-B,CLASE TEORICA,(14) Grupo 14,Andrea Catalina Garcia Montoya,45,56
gh-31330201224,2026-08-09T13:55:33-05:00,1000013-B,CLASE TEORICA,(16) Grupo 16,Sergio Alejandro Calderon Villanueva,30,56
gh-31330201224,2026-08-09T13:55:33-05:00,1000013-B,CLASE TEORICA,(2) Grupo 2,Luis Guillermo Diaz Monroy,40,56
gh-31330201224,2026-08-09T13:55:33-05:00,1000013-B,CLASE TEORICA,(22) Grupo 22,Hanwen Zhang,45,56
gh-31330201224,2026-08-09T13:55:33-05:00,1000013-B,CLASE TEORICA,(23) Grupo 23,ULPIANO LARA CRISTANCHO,0,56
gh-31330201224,2026-08-09T13:55:33-05:00,1000013-B,CLASE TEORICA,(3) Grupo 3,Diana Carolina Franco Soto,40,56
gh-31330201224,2026-08-09T13:55:33-05:00,1000013-B,CLASE TEORICA,(4) Grupo 4,Diana Carolina Franco Soto,40,56
gh-31330201224,2026-08-09T13:55:33-05:00,1000013-B,CLASE TEORICA,(5) Grupo 5,Darwin Eduardo Martínez Riaño,35,56
gh-31330201224,2026-08-09T13:55:33-05:00,1000013-B,CLASE TEORICA,(6) Grupo 6,Darwin Eduardo Martínez Riaño,35,56
gh-31330201224,2026-08-09T13:55:33-05:00,1000013-B,CLASE TEORICA,(7) Grupo 7,Camilo Jose Torres Jimenez,40,56
gh-31330201224,2026-08-09T13:55:34-05:00,2015734,NA,(1) Grupo 1,Fernando Salazar Delgado,6,57
gh-31330201224,2026-08-09T13:55:34-05:00,2015734,NA,(10) Grupo 10,Tito Florez Calderon,4,57
gh-31330201224,2026-08-09T13:55:34-05:00,2015734,NA,(11) Grupo 11,DAVID ALBERTO HERRERA ALVAREZ,0,57
gh-31330201224,2026-08-09T13:55:34-05:00,2015734,NA,(12) Grupo 12,FABIEL NATÁN ESPINOSA CASTAÑEDA,1,57
gh-31330201224,2026-08-09T13:55:34-05:00,2015734,NA,(13) Grupo 13,SERGIO CAMILO ESPINOSA BOTERO,4,57
gh-31330201224,2026-08-09T13:55:34-05:00,2015734,NA,(14) Grupo 14,Felipe Gonzalez Roldan,0,57
gh-31330201224,2026-08-09T13:55:34-05:00,2015734,NA,(2) Grupo 2,Fernando Salazar Delgado,16,57
gh-31330201224,2026-08-09T13:55:34-05:00,2015734,NA,(3) Grupo 3,Jhoan Sebastian Restrepo Mendoza,0,57
gh-31330201224,2026-08-09T13:55:34-05:00,2015734,NA,(4) Grupo 4,Sandra Liliana Rojas Martinez,0,57
gh-31330201224,2026-08-09T13:55:34-05:00,2015734,NA,(5) Grupo 5,Jhoan Sebastian Restrepo Mendoza,0,57
gh-31330201224,2026-08-09T13:55:34-05:00,2015734,NA,(6) Grupo 6,SERGIO CAMILO ESPINOSA BOTERO,8,57
gh-31330201224,2026-08-09T13:55:34-05:00,2015734,NA,(7) Grupo 7,No informado,3,57
gh-31330201224,2026-08-09T13:55:34-05:00,2015734,NA,(8) Grupo 8 - Virtual,FABIEL NATÁN ESPINOSA CASTAÑEDA,30,57
gh-31330201224,2026-08-09T13:55:34-05:00,2015734,NA,(9) Grupo 9,Alvaro Reynel Córdoba,18,57
gh-31330201224,2026-08-09T13:55:37-05:00,2015973,CLASE TEORICA,(1) Grupo 1,No informado,25,59
gh-31330201224,2026-08-09T13:55:37-05:00,2015973,CLASE TEORICA,(2) Grupo 2,GABRIELA ARRIETA LOYO,25,59
gh-31330201224,2026-08-09T13:55:37-05:00,2015973,CLASE TEORICA,(3) Grupo 3,NICOLAS ESCALANTE MORA,25,59
gh-31330201224,2026-08-09T13:55:38-05:00,2022761,NA,(1) Grupo 1,Servio Javier Contreras Guerrero,15,60
gh-31330201224,2026-08-09T13:55:38-05:00,2022761,NA,(2) Grupo 2,Servio Javier Contreras Guerrero,15,60
gh-31330201224,2026-08-09T13:55:38-05:00,2022761,NA,(3) Grupo 3,Samuel Fernando Mesa Giraldo,15,60
gh-31330201224,2026-08-09T13:55:40-05:00,2024045,CLASE TEORICA,(1) 2024045-1 Taller de proyectos interdisciplinarios,No informado,0,-1
gh-31330201224,2026-08-09T13:55:40-05:00,2024045,CLASE TEORICA,(10) 2024045-10 Taller de proyectos interdisciplinarios,Oscar Andres Eraso Eraso,0,-1
gh-31330201224,2026-08-09T13:55:40-05:00,2024045,CLASE TEORICA,(11) 2024045-11 Taller de proyectos interdisciplinarios,No informado,0,-1
gh-31330201224,2026-08-09T13:55:40-05:00,2024045,CLASE TEORICA,(12) 2024045-12 Taller de proyectos interdisciplinarios,Hector Julian Garcia Otalora,200,-1
gh-31330201224,2026-08-09T13:55:40-05:00,2024045,CLASE TEORICA,(13) 2024045-13 Taller de proyectos interdisciplinarios,No informado,0,-1
gh-31330201224,2026-08-09T13:55:40-05:00,2024045,CLASE TEORICA,(14) 2024045-14 Taller de proyectos interdisciplinarios,Dolly Santos Barbosa,0,-1
gh-31330201224,2026-08-09T13:55:40-05:00,2024045,CLASE TEORICA,(15) 2024045-15 Taller de proyectos interdisciplinarios,Oscar Andres Eraso Eraso,0,-1
gh-31330201224,2026-08-09T13:55:40-05:00,2024045,CLASE TEORICA,(16) 2024045-16 Taller de proyectos interdisciplinarios,Luis Ignacio Rodriguez Varela,0,-1
gh-31330201224,2026-08-09T13:55:40-05:00,2024045,CLASE TEORICA,(17) 2024045-17 Taller de proyectos interdisciplinarios,JOHANA CATALINA MANOSALVA BARRERA,0,-1
gh-31330201224,2026-08-09T13:55:40-05:00,2024045,CLASE TEORICA,(18) 2024045-18 Taller de proyectos interdisciplinarios,Fernando Bernal Martinez,0,-1
gh-31330201224,2026-08-09T13:55:40-05:00,2024045,CLASE TEORICA,(19) 2024045-19 Taller de proyectos interdisciplinarios,FRANCISCO JAVIER VÁSQUEZ VÁSQUEZ,0,-1
gh-31330201224,2026-08-09T13:55:40-05:00,2024045,CLASE TEORICA,(2) 2024045-2 Taller de proyectos interdisciplinarios,Fernando Bernal Martinez,0,-1
gh-31330201224,2026-08-09T13:55:40-05:00,2024045,CLASE TEORICA,(21) 2024045-21 Taller de proyectos interdisciplinarios,No informado,0,-1
gh-31330201224,2026-08-09T13:55:40-05:00,2024045,CLASE TEORICA,(22) 2024045-22 Taller de proyectos interdisciplinarios,Ubaldo Garcia Zaragoza,0,-1
gh-31330201224,2026-08-09T13:55:40-05:00,2024045,CLASE TEORICA,(23) 2024045-23 Taller de proyectos interdisciplinarios,No informado,0,-1
gh-31330201224,2026-08-09T13:55:40-05:00,2024045,CLASE TEORICA,(24) 2024045-24 Taller de proyectos interdisciplinarios,Hector Julian Garcia Otalora,200,-1
gh-31330201224,2026-08-09T13:55:40-05:00,2024045,CLASE TEORICA,(3) 2024045-3 Taller de proyectos interdisciplinarios,Guillermo Alberto Rocha Casas,0,-1
gh-31330201224,2026-08-09T13:55:40-05:00,2024045,CLASE TEORICA,(4) 2024045-4 Taller de proyectos interdisciplinarios,Francy Nayely Prieto Novoa,0,-1
gh-31330201224,2026-08-09T13:55:40-05:00,2024045,CLASE TEORICA,(40) 2024045-40 TPI-- NO BORRAR-- BLOQ ESPACIOS,No informado,0,-1
gh-31330201224,2026-08-09T13:55:40-05:00,2024045,CLASE TEORICA,(5) 2024045-5 Taller de proyectos interdisciplinarios,Nubia Carmenza Moreno Sarmiento,0,-1
gh-31330201224,2026-08-09T13:55:40-05:00,2024045,CLASE TEORICA,(6) 2024045-6 Taller de proyectos interdisciplinarios,JOHANA CATALINA MANOSALVA BARRERA,0,-1
gh-31330201224,2026-08-09T13:55:40-05:00,2024045,CLASE TEORICA,(7) 2024045-7 Taller de proyectos interdisciplinarios,Ubaldo Garcia Zaragoza,0,-1
gh-31330201224,2026-08-09T13:55:40-05:00,2024045,CLASE TEORICA,(8) 2024045-8 Taller de proyectos interdisciplinarios,JHON FREDDY LOPEZ MEDINA,0,-1
gh-31330201224,2026-08-09T13:55:40-05:00,2024045,CLASE TEORICA,(9) 2024045-9 Taller de proyectos interdisciplinarios,Manuel Alejandro Mayorga Betancourt,0,-1
gh-31330201224,2026-08-09T13:55:41-05:00,2015296,NA,(1) Grupo 1,Leonardo David Donado Garzon,5,62
gh-31330201224,2026-08-09T13:55:41-05:00,2015296,NA,(10) Grupo 10,Juan Manuel Lizarazo Marriaga,5,62
gh-31330201224,2026-08-09T13:55:41-05:00,2015296,NA,(11) Grupo 11,Octavio Coronado Garcia,5,62
gh-31330201224,2026-08-09T13:55:41-05:00,2015296,NA,(12) Grupo 12,Carol Andrea Murillo Feo,5,62
gh-31330201224,2026-08-09T13:55:41-05:00,2015296,NA,(13) Grupo 13,CAMILO RIOS FRESNEDA,5,62
gh-31330201224,2026-08-09T13:55:41-05:00,2015296,NA,(14) Grupo 14,William Castro Garcia,5,62
gh-31330201224,2026-08-09T13:55:41-05:00,2015296,NA,(15) Grupo 15,Luis Alejandro Morales Marin,5,62
gh-31330201224,2026-08-09T13:55:41-05:00,2015296,NA,(16) Grupo 16,Ferney Betancourt Cardozo,5,62
gh-31330201224,2026-08-09T13:55:41-05:00,2015296,NA,(17) Grupo 17,Maria Alejandra Caicedo Londoño,5,62
gh-31330201224,2026-08-09T13:55:41-05:00,2015296,NA,(18) Grupo 18,Guillermo Eduardo Avila Alvarez,5,62
gh-31330201224,2026-08-09T13:55:41-05:00,2015296,NA,(19) Grupo 19,Carlos Alfonso Gomez Guacaneme,0,62
gh-31330201224,2026-08-09T13:55:41-05:00,2015296,NA,(2) Grupo 2,Carlos Orlando Robles Roa,5,62
gh-31330201224,2026-08-09T13:55:41-05:00,2015296,NA,(3) Grupo 3,Angela Barrera Puerto,5,62
gh-31330201224,2026-08-09T13:55:41-05:00,2015296,NA,(4) Grupo 4,Mauricio Alberto Tapias Camacho,5,62
gh-31330201224,2026-08-09T13:55:41-05:00,2015296,NA,(5) Grupo 5,Maritzabel Molina Herrera,5,62
gh-31330201224,2026-08-09T13:55:41-05:00,2015296,NA,(6) Grupo 6,Rodolfo Rodriguez Baracaldo,5,62
gh-31330201224,2026-08-09T13:55:41-05:00,2015296,NA,(7) Grupo 7,SANTIAGO RAMIREZ ECHEVERRI,5,62
gh-31330201224,2026-08-09T13:55:41-05:00,2015296,NA,(8) Grupo 8,Jose Ricardo Martinez Vargas,5,62
gh-31330201224,2026-08-09T13:55:41-05:00,2015296,NA,(9) Grupo 9,GABRIELA ARRIETA LOYO,5,62
gh-31330201224,2026-08-09T13:55:43-05:00,2015299,CLASE TEORICA,(1) Grupo 1,GABRIELA ARRIETA LOYO,51,-1
gh-31334982229,2026-08-09T15:44:17-05:00,2015938,CLASE TEORICA,(1) Grupo 1,Maria Alejandra Caicedo Londoño,25,0
gh-31334982229,2026-08-09T15:44:17-05:00,2015938,CLASE TEORICA,(2) Grupo 2,Maria Alejandra Caicedo Londoño,25,0
gh-31334982229,2026-08-09T15:44:17-05:00,2015938,CLASE TEORICA,(3) Grupo 3,JOSE LUIS DIAZ AREVALO,25,0
gh-31334982229,2026-08-09T15:44:17-05:00,2015938,CLASE TEORICA,(4) Grupo 4,JOSE LUIS DIAZ AREVALO,24,0
gh-31334982229,2026-08-09T15:44:18-05:00,2015939,CLASE TEORICA,(1) Grupo 1,ALVARO MARTIN GUTIERREZ MALAXECHEBARRIA,25,1
gh-31334982229,2026-08-09T15:44:18-05:00,2015939,CLASE TEORICA,(2) Grupo 2,ALVARO MARTIN GUTIERREZ MALAXECHEBARRIA,25,1
gh-31334982229,2026-08-09T15:44:18-05:00,2015939,CLASE TEORICA,(3) Grupo 3,Edder Alexander Velandia Duran,25,1
gh-31334982229,2026-08-09T15:44:18-05:00,2015939,CLASE TEORICA,(4) Grupo 4,No informado,25,1
gh-31334982229,2026-08-09T15:44:19-05:00,1000003-B,NA,(1) Grupo 1,Erika Lorena Rosero Alzate; Oscar Andrés Rojas Sepúlveda,0,-1
gh-31334982229,2026-08-09T15:44:19-05:00,1000003-B,NA,(10) Grupo 10,Epifanio Lozano Ayala,14,-1
gh-31334982229,2026-08-09T15:44:19-05:00,1000003-B,NA,(11) Grupo 11,No informado,60,-1
gh-31334982229,2026-08-09T15:44:19-05:00,1000003-B,NA,(12) Grupo 12,No informado,40,-1
gh-31334982229,2026-08-09T15:44:19-05:00,1000003-B,NA,(13) Grupo 13,Mohammed EL AIDI,40,-1
gh-31334982229,2026-08-09T15:44:19-05:00,1000003-B,NA,(15) Grupo 15,Myriam Leonor Campos Florez,60,-1
gh-31334982229,2026-08-09T15:44:19-05:00,1000003-B,NA,(16) Grupo 16,No informado,60,-1
gh-31334982229,2026-08-09T15:44:19-05:00,1000003-B,NA,(17) Grupo 17,Martha Cecilia Moreno Penagos,40,-1
gh-31334982229,2026-08-09T15:44:19-05:00,1000003-B,NA,(18) Grupo 18,John Alexander Cruz Morales,52,-1
gh-31334982229,2026-08-09T15:44:19-05:00,1000003-B,NA,(20) Grupo 20,Natalia Camila Pinzon Cortes,60,-1
gh-31334982229,2026-08-09T15:44:19-05:00,1000003-B,NA,(21) Grupo 21,Ivon Andrea Dorado Correa,52,-1
gh-31334982229,2026-08-09T15:44:19-05:00,1000003-B,NA,(22) Grupo 22,No informado,46,-1
gh-31334982229,2026-08-09T15:44:19-05:00,1000003-B,NA,(3) Grupo 3,No informado,60,-1
gh-31334982229,2026-08-09T15:44:19-05:00,1000003-B,NA,(4) Grupo 4,Luis Alejandro Barbosa Torres,112,-1
gh-31334982229,2026-08-09T15:44:19-05:00,1000003-B,NA,(5) Grupo 5,Jaime David Mora Paz,60,-1
gh-31334982229,2026-08-09T15:44:19-05:00,1000003-B,NA,(7) Grupo 7,Myriam Leonor Campos Florez,40,-1
gh-31334982229,2026-08-09T15:44:19-05:00,1000003-B,NA,(8) Grupo 8,No informado,10,-1
gh-31334982229,2026-08-09T15:44:21-05:00,2015940,CLASE TEORICA,(1) Grupo 1,Maritzabel Molina Herrera,24,3
gh-31334982229,2026-08-09T15:44:21-05:00,2015940,CLASE TEORICA,(2) Grupo 2,Gabriel Andres Bernal Granados,24,3
gh-31334982229,2026-08-09T15:44:21-05:00,2015940,CLASE TEORICA,(3) Grupo 3,No informado,24,3
gh-31334982229,2026-08-09T15:44:22-05:00,2015941,CLASE TEORICA,(1) Grupo 1,Patricia Luna Tamayo,30,4
gh-31334982229,2026-08-09T15:44:22-05:00,2015941,CLASE TEORICA,(2) Grupo 2,No informado,30,4
gh-31334982229,2026-08-09T15:44:22-05:00,2015941,CLASE TEORICA,(3) Grupo 3,Carlos Ramiro Vallecilla Bahena,30,4
gh-31334982229,2026-08-09T15:44:22-05:00,2015941,CLASE TEORICA,(4) Grupo 4,No informado,30,4
gh-31334982229,2026-08-09T15:44:23-05:00,1000004-B,NA,(10) Grupo 10,No informado,53,5
gh-31334982229,2026-08-09T15:44:23-05:00,1000004-B,NA,(11) Grupo 11,No informado,24,5
gh-31334982229,2026-08-09T15:44:23-05:00,1000004-B,NA,(12) Grupo 12,No informado,24,5
gh-31334982229,2026-08-09T15:44:23-05:00,1000004-B,NA,(13) Grupo 13,No informado,16,5
gh-31334982229,2026-08-09T15:44:23-05:00,1000004-B,NA,(14) Grupo 14,No informado,90,5
gh-31334982229,2026-08-09T15:44:23-05:00,1000004-B,NA,(16) Grupo 16,No informado,27,5
gh-31334982229,2026-08-09T15:44:23-05:00,1000004-B,NA,(17) Grupo 17,Hernan Garzon Gutierrez,39,5
gh-31334982229,2026-08-09T15:44:23-05:00,1000004-B,NA,(19) Grupo 19,No informado,59,5
gh-31334982229,2026-08-09T15:44:23-05:00,1000004-B,NA,(2) Grupo 2,No informado,24,5
gh-31334982229,2026-08-09T15:44:23-05:00,1000004-B,NA,(20) Grupo 20,Hernan Garzon Gutierrez,10,5
gh-31334982229,2026-08-09T15:44:23-05:00,1000004-B,NA,(21) Grupo 21,No informado,60,5
gh-31334982229,2026-08-09T15:44:23-05:00,1000004-B,NA,(22) Grupo 22,No informado,60,5
gh-31334982229,2026-08-09T15:44:23-05:00,1000004-B,NA,(24) Grupo 24,Ricardo Ariel Pastran Ramirez,60,5
gh-31334982229,2026-08-09T15:44:23-05:00,1000004-B,NA,(25) Grupo 25,No informado,40,5
gh-31334982229,2026-08-09T15:44:23-05:00,1000004-B,NA,(27) Grupo 27,No informado,51,5
gh-31334982229,2026-08-09T15:44:23-05:00,1000004-B,NA,(28) Grupo 28,No informado,60,5
gh-31334982229,2026-08-09T15:44:23-05:00,1000004-B,NA,(29) Grupo 29,No informado,60,5
gh-31334982229,2026-08-09T15:44:23-05:00,1000004-B,NA,(30) Grupo 30,No informado,60,5
gh-31334982229,2026-08-09T15:44:23-05:00,1000004-B,NA,(32) Grupo 32,No informado,90,5
gh-31334982229,2026-08-09T15:44:23-05:00,1000004-B,NA,(4) Grupo 4,Myriam Leonor Campos Florez,37,5
gh-31334982229,2026-08-09T15:44:23-05:00,1000004-B,NA,(5) Grupo 5,Oscar Javier Lopez Alfonso,84,5
gh-31334982229,2026-08-09T15:44:23-05:00,1000004-B,NA,(7) Grupo 7,Anderson Arley Vera Arboleda,64,5
gh-31334982229,2026-08-09T15:44:23-05:00,1000004-B,NA,(8) Grupo 8,No informado,40,5
gh-31334982229,2026-08-09T15:44:23-05:00,1000004-B,NA,(9) Grupo 9,No informado,18,5
gh-31334982229,2026-08-09T15:44:25-05:00,1000006-B,NA,(1) Grupo 1,No informado,40,6
gh-31334982229,2026-08-09T15:44:25-05:00,1000006-B,NA,(10) Grupo 10,No informado,100,6
gh-31334982229,2026-08-09T15:44:25-05:00,1000006-B,NA,(11) Grupo 11,No informado,40,6
gh-31334982229,2026-08-09T15:44:25-05:00,1000006-B,NA,(12) Grupo 12,Leonid Lebedev,60,6
gh-31334982229,2026-08-09T15:44:25-05:00,1000006-B,NA,(13) Grupo 13,Juan Carlos Hernandez Rincon,40,6
gh-31334982229,2026-08-09T15:44:25-05:00,1000006-B,NA,(14) Grupo 14,No informado,60,6
gh-31334982229,2026-08-09T15:44:25-05:00,1000006-B,NA,(15) Grupo 15,No informado,112,6
gh-31334982229,2026-08-09T15:44:25-05:00,1000006-B,NA,(2) Grupo 2,EDIXON MANUEL ROJAS SANTANA,40,6
gh-31334982229,2026-08-09T15:44:25-05:00,1000006-B,NA,(3) Grupo 3,Cesar Augusto Gomez Sierra,40,6
gh-31334982229,2026-08-09T15:44:25-05:00,1000006-B,NA,(4) Grupo 4,Agustin Moreno Canadas,100,6
gh-31334982229,2026-08-09T15:44:25-05:00,1000006-B,NA,(5) Grupo 5,German Eduardo Fonseca Buitrago,40,6
gh-31334982229,2026-08-09T15:44:25-05:00,1000006-B,NA,(7) Grupo 7,No informado,70,6
gh-31334982229,2026-08-09T15:44:25-05:00,1000006-B,NA,(8) Grupo 8,Epifanio Lozano Ayala,60,6
gh-31334982229,2026-08-09T15:44:25-05:00,1000006-B,NA,(9) Grupo 9,Orlando Vanegas Canro,0,6
gh-31334982229,2026-08-09T15:44:26-05:00,1000005-B,NA,(1) Grupo 1,Orlando Vanegas Canro,0,7
gh-31334982229,2026-08-09T15:44:26-05:00,1000005-B,NA,(10) Grupo 10,Epifanio Lozano Ayala,50,7
gh-31334982229,2026-08-09T15:44:26-05:00,1000005-B,NA,(14) Grupo 14,Mohammed EL AIDI,40,7
gh-31334982229,2026-08-09T15:44:26-05:00,1000005-B,NA,(15) Grupo 15,Alina Fedosova,60,7
gh-31334982229,2026-08-09T15:44:26-05:00,1000005-B,NA,(16) Grupo 16,No informado,70,7
gh-31334982229,2026-08-09T15:44:26-05:00,1000005-B,NA,(17) Grupo 17,Hernan Garzon Gutierrez,40,7
gh-31334982229,2026-08-09T15:44:26-05:00,1000005-B,NA,(2) Grupo 2,RENE ERLIN CASTILLO,60,7
gh-31334982229,2026-08-09T15:44:26-05:00,1000005-B,NA,(20) Grupo 20,Franqui Solis Cardenas Poloche,40,7
gh-31334982229,2026-08-09T15:44:26-05:00,1000005-B,NA,(22) Grupo 22,No informado,60,7
gh-31334982229,2026-08-09T15:44:26-05:00,1000005-B,NA,(3) Grupo 3,Eduardo Cardenas Gomez,70,7
gh-31334982229,2026-08-09T15:44:26-05:00,1000005-B,NA,(4) Grupo 4,Edward Samuel Becerra Rojas,60,7
gh-31334982229,2026-08-09T15:44:26-05:00,1000005-B,NA,(6) Grupo 6,No informado,60,7
gh-31334982229,2026-08-09T15:44:26-05:00,1000005-B,NA,(7) Grupo 7,Franqui Solis Cardenas Poloche,100,7
gh-31334982229,2026-08-09T15:44:26-05:00,1000005-B,NA,(8) Grupo 8,No informado,40,7
gh-31334982229,2026-08-09T15:44:26-05:00,1000005-B,NA,(9) Grupo 9,No informado,10,7
gh-31334982229,2026-08-09T15:44:28-05:00,2015943,CLASE TEORICA,(1) Grupo 1,Carlos Orlando Robles Roa,15,9
gh-31334982229,2026-08-09T15:44:30-05:00,2015944,CLASE TEORICA,(1) Grupo 1,SANTIAGO RAMIREZ ECHEVERRI,15,10
gh-31334982229,2026-08-09T15:44:31-05:00,2015711,NA,(10) 2015711-10 Dibujo básico,Ariel Augusto Amaya Avila,0,11
gh-31334982229,2026-08-09T15:44:31-05:00,2015711,NA,(11) 2015711-11 Dibujo básico,Cesar Augusto Bacca Gonzalez,0,11
gh-31334982229,2026-08-09T15:44:31-05:00,2015711,NA,(14) 2015711-14 Dibujo básico,Cristian Felipe Morales Suárez,0,11
gh-31334982229,2026-08-09T15:44:31-05:00,2015711,NA,(16) 2015711-16 Dibujo básico,DAVID FELIPE TORRES ARCE,0,11
gh-31334982229,2026-08-09T15:44:31-05:00,2015711,NA,(4) 2015711-4 Dibujo básico,Cristian Felipe Morales Suárez,9,11
gh-31334982229,2026-08-09T15:44:31-05:00,2015711,NA,(5) 2015711-5 Dibujo básico,Sebastian Achury Ortiz,0,11
gh-31334982229,2026-08-09T15:44:31-05:00,2015711,NA,(7) 2015711-7 Dibujo básico,Cesar Augusto Bacca Gonzalez,20,11
gh-31334982229,2026-08-09T15:44:31-05:00,2015711,NA,(8) 2015711-8 Dibujo básico,Miguel Angel Baquero Cortes,0,11
gh-31334982229,2026-08-09T15:44:31-05:00,2015711,NA,(9) 2015711-9 Dibujo básico,EDWIN CAMILO REINA BELTRAN,0,11
gh-31334982229,2026-08-09T15:44:32-05:00,2015948,CLASE TEORICA,(1) Grupo 1,No informado,30,12
gh-31334982229,2026-08-09T15:44:32-05:00,2015948,CLASE TEORICA,(2) Grupo 2,Mauricio Alberto Tapias Camacho,30,12
gh-31334982229,2026-08-09T15:44:32-05:00,2015948,CLASE TEORICA,(3) Grupo 3,No informado,30,12
gh-31334982229,2026-08-09T15:44:33-05:00,2015950,CLASE TEORICA,(1) Grupo 1,No informado,25,13
gh-31334982229,2026-08-09T15:44:33-05:00,2015950,CLASE TEORICA,(2) Grupo 2,No informado,0,13
gh-31334982229,2026-08-09T15:44:33-05:00,2015950,CLASE TEORICA,(3) Grupo 3,Daniel Ricardo Lozano Monsalve,25,13
gh-31334982229,2026-08-09T15:44:33-05:00,2015950,CLASE TEORICA,(4) Grupo 4,No informado,25,13
gh-31334982229,2026-08-09T15:44:33-05:00,2015950,CLASE TEORICA,(5) Grupo 5,No informado,25,13
gh-31334982229,2026-08-09T15:44:35-05:00,2015949,CLASE TEORICA,(1) Grupo 1,Mario Javier Cardozo Chaux,30,14
gh-31334982229,2026-08-09T15:44:35-05:00,2015949,CLASE TEORICA,(2) Grupo 2,Wilson Ernesto Vargas Vargas,30,14
gh-31334982229,2026-08-09T15:44:35-05:00,2015949,CLASE TEORICA,(3) Grupo 3,No informado,30,14
gh-31334982229,2026-08-09T15:44:36-05:00,1000007-B,NA,(1) Grupo 1,German Eduardo Fonseca Buitrago,60,15
gh-31334982229,2026-08-09T15:44:36-05:00,1000007-B,NA,(11) Grupo 11,Leonid Lebedev,60,15
gh-31334982229,2026-08-09T15:44:36-05:00,1000007-B,NA,(12) Grupo 12,No informado,60,15
gh-31334982229,2026-08-09T15:44:36-05:00,1000007-B,NA,(13) Grupo 13,Omar Duque Gomez,40,15
gh-31334982229,2026-08-09T15:44:36-05:00,1000007-B,NA,(14) Grupo 14,No informado,100,15
gh-31334982229,2026-08-09T15:44:36-05:00,1000007-B,NA,(3) Grupo 3,Serafin Bautista Diaz,40,15
gh-31334982229,2026-08-09T15:44:36-05:00,1000007-B,NA,(4) Grupo 4,EDIXON MANUEL ROJAS SANTANA,60,15
gh-31334982229,2026-08-09T15:44:36-05:00,1000007-B,NA,(6) Grupo 6,Alexander Caviedes Castro,50,15
gh-31334982229,2026-08-09T15:44:36-05:00,1000007-B,NA,(7) Grupo 7,Oscar Guillermo Riaño Castañeda,40,15
gh-31334982229,2026-08-09T15:44:36-05:00,1000007-B,NA,(9) Grupo 9,Orlando Vanegas Canro,0,15
gh-31334982229,2026-08-09T15:44:37-05:00,2026134,CLASE TEORICA,(1) Grupo 1,No informado,0,16
gh-31334982229,2026-08-09T15:44:37-05:00,2026134,CLASE TEORICA,(2) Grupo 2,Juan Manuel Lizarazo Marriaga,30,16
gh-31334982229,2026-08-09T15:44:37-05:00,2026134,CLASE TEORICA,(3) Grupo 3,Maritzabel Molina Herrera,30,16
gh-31334982229,2026-08-09T15:44:37-05:00,2026134,CLASE TEORICA,(4) Grupo 4,Carlos Ramiro Vallecilla Bahena,30,16
gh-31334982229,2026-08-09T15:44:37-05:00,2026134,CLASE TEORICA,(5) Grupo 5,Fernando Lozano Osorno,30,16
gh-31334982229,2026-08-09T15:44:37-05:00,2026134,CLASE TEORICA,(6) Grupo 6,No informado,30,16
gh-31334982229,2026-08-09T15:44:38-05:00,2015954,CLASE TEORICA,(1) Grupo 1,Erasmo Alfredo Rodriguez Sandoval,30,17
gh-31334982229,2026-08-09T15:44:38-05:00,2015954,CLASE TEORICA,(2) Grupo 2,Mario Enrique Moreno Castiblanco,30,17
gh-31334982229,2026-08-09T15:44:38-05:00,2015954,CLASE TEORICA,(3) Grupo 3,Luis Alejandro Morales Marin,30,17
gh-31334982229,2026-08-09T15:44:39-05:00,2015955,CLASE TEORICA,(1) Grupo 1,Giovanni Andres Cortes Tovar,30,18
gh-31334982229,2026-08-09T15:44:39-05:00,2015955,CLASE TEORICA,(2) Grupo 2,Angela Barrera Puerto,30,18
gh-31334982229,2026-08-09T15:44:39-05:00,2015955,CLASE TEORICA,(3) Grupo 3,Giovanni Andres Cortes Tovar,30,18
gh-31334982229,2026-08-09T15:44:41-05:00,1000011-B,CLASE TEORICA,(1) Grupo 1,Ernesto Javier Puertas Dellepianes,118,19
gh-31334982229,2026-08-09T15:44:41-05:00,1000011-B,CLASE TEORICA,(3) Grupo 3,Néstor Fernando Perez Buitrago,12,19
gh-31334982229,2026-08-09T15:44:43-05:00,1000019-B,CLASE LABORATORIO,(1) Grupo 1,Gustavo Martinez Tamayo,35,20
gh-31334982229,2026-08-09T15:44:43-05:00,1000019-B,CLASE TALLER,(1) Grupo 1,FABIAN FELIPE QUEVEDO FARIETA,35,20
gh-31334982229,2026-08-09T15:44:43-05:00,1000019-B,CLASE MAGISTRAL,(1) Grupo 1,Gustavo Martinez Tamayo,35,20
gh-31334982229,2026-08-09T15:44:43-05:00,1000019-B,CLASE LABORATORIO,(10) Grupo 10,LUIS AGULLES PEDROS,35,20
gh-31334982229,2026-08-09T15:44:43-05:00,1000019-B,CLASE TALLER,(10) Grupo 10,Jhon Morales Aponte,35,20
gh-31334982229,2026-08-09T15:44:43-05:00,1000019-B,CLASE MAGISTRAL,(10) Grupo 10,Ovidio Amado Almanza Montero,35,20
gh-31334982229,2026-08-09T15:44:43-05:00,1000019-B,CLASE LABORATORIO,(11) Grupo 11,EVER DAVID ALCALA CAJAR,35,20
gh-31334982229,2026-08-09T15:44:43-05:00,1000019-B,CLASE TALLER,(11) Grupo 11,JULIAN MATEO DE MENDOZA GUTIERREZ,35,20
gh-31334982229,2026-08-09T15:44:43-05:00,1000019-B,CLASE MAGISTRAL,(11) Grupo 11,Ovidio Amado Almanza Montero,35,20
gh-31334982229,2026-08-09T15:44:43-05:00,1000019-B,CLASE LABORATORIO,(12) Grupo 12,FABIAN FELIPE QUEVEDO FARIETA,35,20
gh-31334982229,2026-08-09T15:44:43-05:00,1000019-B,CLASE TALLER,(12) Grupo 12,EVER DAVID ALCALA CAJAR,35,20
gh-31334982229,2026-08-09T15:44:43-05:00,1000019-B,CLASE MAGISTRAL,(12) Grupo 12,Ovidio Amado Almanza Montero,35,20
gh-31334982229,2026-08-09T15:44:43-05:00,1000019-B,CLASE LABORATORIO,(13) Grupo 13,Alvaro Marino Camargo,35,20
gh-31334982229,2026-08-09T15:44:43-05:00,1000019-B,CLASE TALLER,(13) Grupo 13,MIGUEL ENRIQUE GÁMEZ LÓPEZ,35,20
gh-31334982229,2026-08-09T15:44:43-05:00,1000019-B,CLASE MAGISTRAL,(13) Grupo 13,Alvaro Marino Camargo,35,20
gh-31334982229,2026-08-09T15:44:43-05:00,1000019-B,CLASE LABORATORIO,(14) Grupo 14,Alvaro Marino Camargo,35,20
gh-31334982229,2026-08-09T15:44:43-05:00,1000019-B,CLASE TALLER,(14) Grupo 14,No informado,35,20
gh-31334982229,2026-08-09T15:44:43-05:00,1000019-B,CLASE MAGISTRAL,(14) Grupo 14,Alvaro Marino Camargo,35,20
gh-31334982229,2026-08-09T15:44:43-05:00,1000019-B,CLASE LABORATORIO,(15) Grupo 15,JULIAN MATEO DE MENDOZA GUTIERREZ,32,20
gh-31334982229,2026-08-09T15:44:43-05:00,1000019-B,CLASE TALLER,(15) Grupo 15,EVER DAVID ALCALA CAJAR,32,20
gh-31334982229,2026-08-09T15:44:43-05:00,1000019-B,CLASE MAGISTRAL,(15) Grupo 15,Alvaro Marino Camargo,32,20
gh-31334982229,2026-08-09T15:44:43-05:00,1000019-B,CLASE MAGISTRAL,(16) Gruop 16,Erika Lorena Rosero Alzate; Daniel Camilo Padilla González,8,20
gh-31334982229,2026-08-09T15:44:43-05:00,1000019-B,CLASE LABORATORIO,(16) Grupo 16,Alvaro Marino Camargo,35,20
gh-31334982229,2026-08-09T15:44:43-05:00,1000019-B,CLASE TALLER,(16) Grupo 16,Edna Carolina Pinilla Beltran,35,20
gh-31334982229,2026-08-09T15:44:43-05:00,1000019-B,CLASE LABORATORIO,(17) Grupo 17,JULIAN MATEO DE MENDOZA GUTIERREZ,34,20
gh-31334982229,2026-08-09T15:44:43-05:00,1000019-B,CLASE TALLER,(17) Grupo 17,Jereson Silva Valencia,34,20
gh-31334982229,2026-08-09T15:44:43-05:00,1000019-B,CLASE MAGISTRAL,(17) Grupo 17,Jereson Silva Valencia,34,20
gh-31334982229,2026-08-09T15:44:43-05:00,1000019-B,CLASE LABORATORIO,(18) Grupo 18,Jaime Villalobos Velasco,34,20
gh-31334982229,2026-08-09T15:44:43-05:00,1000019-B,CLASE TALLER,(18) Grupo 18,Jereson Silva Valencia,34,20
gh-31334982229,2026-08-09T15:44:43-05:00,1000019-B,CLASE MAGISTRAL,(18) Grupo 18,Jereson Silva Valencia,34,20
gh-31334982229,2026-08-09T15:44:43-05:00,1000019-B,CLASE LABORATORIO,(19) Grupo 19,JULY PAOLA GARZÓN LOPEZ,32,20
gh-31334982229,2026-08-09T15:44:43-05:00,1000019-B,CLASE TALLER,(19) Grupo 19,Jereson Silva Valencia,32,20
gh-31334982229,2026-08-09T15:44:43-05:00,1000019-B,CLASE MAGISTRAL,(19) Grupo 19,Jereson Silva Valencia,32,20
gh-31334982229,2026-08-09T15:44:43-05:00,1000019-B,CLASE LABORATORIO,(2) Grupo 2,Gustavo Martinez Tamayo,35,20
gh-31334982229,2026-08-09T15:44:43-05:00,1000019-B,CLASE TALLER,(2) Grupo 2,Gustavo Martinez Tamayo,35,20
gh-31334982229,2026-08-09T15:44:43-05:00,1000019-B,CLASE MAGISTRAL,(2) Grupo 2,Gustavo Martinez Tamayo,35,20
gh-31334982229,2026-08-09T15:44:43-05:00,1000019-B,CLASE LABORATORIO,(20) Grupo 20,JOSE ALFREDO GOMEZ MATEUS,35,20
gh-31334982229,2026-08-09T15:44:43-05:00,1000019-B,CLASE TALLER,(20) Grupo 20,Jereson Silva Valencia,35,20
gh-31334982229,2026-08-09T15:44:43-05:00,1000019-B,CLASE MAGISTRAL,(20) Grupo 20,Jereson Silva Valencia,35,20
gh-31334982229,2026-08-09T15:44:43-05:00,1000019-B,CLASE LABORATORIO,(21) Grupo 21,Pedro Hernan Sanchez Machet,35,20
gh-31334982229,2026-08-09T15:44:43-05:00,1000019-B,CLASE TALLER,(21) Grupo 21,JOSE ALFREDO GOMEZ MATEUS,35,20
gh-31334982229,2026-08-09T15:44:43-05:00,1000019-B,CLASE MAGISTRAL,(21) Grupo 21,Diego Alejandro Torres Galindo,35,20
gh-31334982229,2026-08-09T15:44:43-05:00,1000019-B,CLASE LABORATORIO,(22) Grupo 22,Pedro Hernan Sanchez Machet,35,20
gh-31334982229,2026-08-09T15:44:43-05:00,1000019-B,CLASE TALLER,(22) Grupo 22,JULY PAOLA GARZÓN LOPEZ,35,20
gh-31334982229,2026-08-09T15:44:43-05:00,1000019-B,CLASE MAGISTRAL,(22) Grupo 22,Diego Alejandro Torres Galindo,35,20
gh-31334982229,2026-08-09T15:44:43-05:00,1000019-B,CLASE LABORATORIO,(23) Grupo 23,Pedro Hernan Sanchez Machet,35,20
gh-31334982229,2026-08-09T15:44:43-05:00,1000019-B,CLASE TALLER,(23) Grupo 23,Edna Carolina Pinilla Beltran,35,20
gh-31334982229,2026-08-09T15:44:43-05:00,1000019-B,CLASE MAGISTRAL,(23) Grupo 23,Diego Alejandro Torres Galindo,35,20
gh-31334982229,2026-08-09T15:44:43-05:00,1000019-B,CLASE LABORATORIO,(24) Grupo 24,Pedro Hernan Sanchez Machet,35,20
gh-31334982229,2026-08-09T15:44:43-05:00,1000019-B,CLASE TALLER,(24) Grupo 24,Diego Alejandro Torres Galindo,35,20
gh-31334982229,2026-08-09T15:44:43-05:00,1000019-B,CLASE MAGISTRAL,(24) Grupo 24,Diego Alejandro Torres Galindo,35,20
gh-31334982229,2026-08-09T15:44:43-05:00,1000019-B,CLASE LABORATORIO,(25) Grupo 25,Plinio Del Carmen Teheran Sermeno,45,20
gh-31334982229,2026-08-09T15:44:43-05:00,1000019-B,CLASE TALLER,(25) Grupo 25,Plinio Del Carmen Teheran Sermeno,45,20
gh-31334982229,2026-08-09T15:44:43-05:00,1000019-B,CLASE MAGISTRAL,(25) Grupo 25,Plinio Del Carmen Teheran Sermeno,45,20
gh-31334982229,2026-08-09T15:44:43-05:00,1000019-B,CLASE LABORATORIO,(26) Grupo 26 (VIRTUAL),Plinio Del Carmen Teheran Sermeno,50,20
gh-31334982229,2026-08-09T15:44:43-05:00,1000019-B,CLASE TALLER,(26) Grupo 26 (VIRTUAL),Plinio Del Carmen Teheran Sermeno,50,20
gh-31334982229,2026-08-09T15:44:43-05:00,1000019-B,CLASE MAGISTRAL,(26) Grupo 26 (VIRTUAL),Plinio Del Carmen Teheran Sermeno,50,20
gh-31334982229,2026-08-09T15:44:43-05:00,1000019-B,CLASE LABORATORIO,(27) Grupo 27 (VIRTUAL),Plinio Del Carmen Teheran Sermeno,50,20
gh-31334982229,2026-08-09T15:44:43-05:00,1000019-B,CLASE TALLER,(27) Grupo 27 (VIRTUAL),Plinio Del Carmen Teheran Sermeno,50,20
gh-31334982229,2026-08-09T15:44:43-05:00,1000019-B,CLASE MAGISTRAL,(27) Grupo 27 (VIRTUAL),Plinio Del Carmen Teheran Sermeno,50,20
gh-31334982229,2026-08-09T15:44:43-05:00,1000019-B,CLASE LABORATORIO,(28) Grupo 28 (VIRTUAL),Plinio Del Carmen Teheran Sermeno,50,20
gh-31334982229,2026-08-09T15:44:43-05:00,1000019-B,CLASE TALLER,(28) Grupo 28 (VIRTUAL),Plinio Del Carmen Teheran Sermeno,50,20
gh-31334982229,2026-08-09T15:44:43-05:00,1000019-B,CLASE MAGISTRAL,(28) Grupo 28 (VIRTUAL),Plinio Del Carmen Teheran Sermeno,50,20
gh-31334982229,2026-08-09T15:44:43-05:00,1000019-B,CLASE LABORATORIO,(29) Grupo 29 (VIRTUAL),Plinio Del Carmen Teheran Sermeno,50,20
gh-31334982229,2026-08-09T15:44:43-05:00,1000019-B,CLASE TALLER,(29) Grupo 29 (VIRTUAL),Plinio Del Carmen Teheran Sermeno,50,20
gh-31334982229,2026-08-09T15:44:43-05:00,1000019-B,CLASE MAGISTRAL,(29) Grupo 29 (VIRTUAL),Plinio Del Carmen Teheran Sermeno,50,20
gh-31334982229,2026-08-09T15:44:43-05:00,1000019-B,CLASE LABORATORIO,(3) Grupo 3,Gustavo Martinez Tamayo,35,20
gh-31334982229,2026-08-09T15:44:43-05:00,1000019-B,CLASE TALLER,(3) Grupo 3,Gustavo Martinez Tamayo,35,20
gh-31334982229,2026-08-09T15:44:43-05:00,1000019-B,CLASE MAGISTRAL,(3) Grupo 3,Gustavo Martinez Tamayo,35,20
gh-31334982229,2026-08-09T15:44:43-05:00,1000019-B,CLASE LABORATORIO,(4) Grupo 4,No informado,35,20
gh-31334982229,2026-08-09T15:44:43-05:00,1000019-B,CLASE TALLER,(4) Grupo 4,Jaime Villalobos Velasco,35,20
gh-31334982229,2026-08-09T15:44:43-05:00,1000019-B,CLASE MAGISTRAL,(4) Grupo 4,Gustavo Martinez Tamayo,35,20
gh-31334982229,2026-08-09T15:44:43-05:00,1000019-B,CLASE LABORATORIO,(5) Grupo 5,FABIAN FELIPE QUEVEDO FARIETA,35,20
gh-31334982229,2026-08-09T15:44:43-05:00,1000019-B,CLASE TALLER,(5) Grupo 5,Jaime Villalobos Velasco,35,20
gh-31334982229,2026-08-09T15:44:43-05:00,1000019-B,CLASE MAGISTRAL,(5) Grupo 5,Ramiro Cardona Cardona,35,20
gh-31334982229,2026-08-09T15:44:43-05:00,1000019-B,CLASE LABORATORIO,(6) Grupo 6,Jaime Villalobos Velasco,35,20
gh-31334982229,2026-08-09T15:44:43-05:00,1000019-B,CLASE TALLER,(6) Grupo 6,Ramiro Cardona Cardona,35,20
gh-31334982229,2026-08-09T15:44:43-05:00,1000019-B,CLASE MAGISTRAL,(6) Grupo 6,Ramiro Cardona Cardona,35,20
gh-31334982229,2026-08-09T15:44:43-05:00,1000019-B,CLASE LABORATORIO,(7) Grupo 7,Jaime Villalobos Velasco,35,20
gh-31334982229,2026-08-09T15:44:43-05:00,1000019-B,CLASE TALLER,(7) Grupo 7,Ramiro Cardona Cardona,35,20
gh-31334982229,2026-08-09T15:44:43-05:00,1000019-B,CLASE MAGISTRAL,(7) Grupo 7,Ramiro Cardona Cardona,35,20
gh-31334982229,2026-08-09T15:44:43-05:00,1000019-B,CLASE LABORATORIO,(8) Grupo 8,Jaime Villalobos Velasco,35,20
gh-31334982229,2026-08-09T15:44:43-05:00,1000019-B,CLASE TALLER,(8) Grupo 8,Edna Carolina Pinilla Beltran,35,20
gh-31334982229,2026-08-09T15:44:43-05:00,1000019-B,CLASE MAGISTRAL,(8) Grupo 8,Ramiro Cardona Cardona,35,20
gh-31334982229,2026-08-09T15:44:43-05:00,1000019-B,CLASE LABORATORIO,(9) Grupo 9,Erika Lorena Rosero Alzate,0,20
gh-31334982229,2026-08-09T15:44:43-05:00,1000019-B,CLASE TALLER,(9) Grupo 9,No informado,10,20
gh-31334982229,2026-08-09T15:44:43-05:00,1000019-B,CLASE MAGISTRAL,(9) Grupo 9,Fredy Angel Jimenez Giraldo,10,20
gh-31334982229,2026-08-09T15:44:44-05:00,2015956,CLASE TEORICA,(1) Grupo 1,Modesto Portilla Gamboa; Fernando Eli Romero Ordoñez,35,21
gh-31334982229,2026-08-09T15:44:44-05:00,2015956,CLASE TEORICA,(2) Grupo 2,Jennifer Angel Amaya,30,21
gh-31334982229,2026-08-09T15:44:44-05:00,2015956,CLASE TEORICA,(3) Grupo 3,Jennifer Angel Amaya,30,21
gh-31334982229,2026-08-09T15:44:44-05:00,2015956,CLASE TEORICA,(4) Grupo 4,Fernando Eli Romero Ordoñez; Modesto Portilla Gamboa,35,21
gh-31334982229,2026-08-09T15:44:46-05:00,2015957,CLASE PRACTICA,(1) Grupo 1,No informado,30,22
gh-31334982229,2026-08-09T15:44:46-05:00,2015957,CLASE PRACTICA,(2) Grupo 2,Samuel Fernando Mesa Giraldo,30,22
gh-31334982229,2026-08-09T15:44:46-05:00,2015957,CLASE PRACTICA,(3) Grupo 3,Rose Marie Aldana Boutin,30,22
gh-31334982229,2026-08-09T15:44:46-05:00,2015957,CLASE PRACTICA,(4) Grupo 4,Rose Marie Aldana Boutin,30,22
gh-31334982229,2026-08-09T15:44:47-05:00,2015958,CLASE PRACTICA,(1) Grupo 1,William Castro Garcia,20,23
gh-31334982229,2026-08-09T15:44:47-05:00,2015958,CLASE TEORICA,(1) Grupo 1,William Castro Garcia,40,23
gh-31334982229,2026-08-09T15:44:47-05:00,2015958,CLASE PRACTICA,(2) Grupo 2,William Castro Garcia,20,23
gh-31334982229,2026-08-09T15:44:47-05:00,2015958,CLASE PRACTICA,(3) Grupo 3,Carlos Alfonso Gomez Guacaneme,30,23
gh-31334982229,2026-08-09T15:44:47-05:00,2015958,CLASE TEORICA,(3) Grupo 3,Carlos Alfonso Gomez Guacaneme,30,23
gh-31334982229,2026-08-09T15:44:47-05:00,2015958,CLASE PRACTICA,(4) Grupo 4,Mario Arturo Rincon Villalba,20,23
gh-31334982229,2026-08-09T15:44:47-05:00,2015958,CLASE TEORICA,(4) Grupo 4,Mario Arturo Rincon Villalba,40,23
gh-31334982229,2026-08-09T15:44:47-05:00,2015958,CLASE PRACTICA,(5) Grupo 5,Mario Arturo Rincon Villalba,20,23
gh-31334982229,2026-08-09T15:44:47-05:00,2015958,CLASE PRACTICA,(6) Grupo 6,Fausto Alejandro Silva España,20,23
gh-31334982229,2026-08-09T15:44:47-05:00,2015958,CLASE TEORICA,(6) Grupo 6,Cesar Andres Cortes Bello,40,23
gh-31334982229,2026-08-09T15:44:47-05:00,2015958,CLASE PRACTICA,(7) Grupo 7,Fausto Alejandro Silva España,20,23
gh-31334982229,2026-08-09T15:44:47-05:00,2015958,CLASE PRACTICA,(8) Grupo 8,Fausto Alejandro Silva España,20,23
gh-31334982229,2026-08-09T15:44:47-05:00,2015958,CLASE TEORICA,(8) Grupo 8,Cesar Andres Cortes Bello,40,23
gh-31334982229,2026-08-09T15:44:47-05:00,2015958,CLASE PRACTICA,(9) Grupo 9,Fausto Alejandro Silva España,20,23
gh-31334982229,2026-08-09T15:44:48-05:00,2015959,CLASE TEORICA,(1) Grupo 1,Carlos Eduardo Rodriguez Pineda,30,24
gh-31334982229,2026-08-09T15:44:48-05:00,2015959,CLASE TEORICA,(2) Grupo 2,Guillermo Eduardo Avila Alvarez,30,24
gh-31334982229,2026-08-09T15:44:48-05:00,2015959,CLASE TEORICA,(3) Grupo 3,Livaniel Viveros Rosero,30,24
gh-31334982229,2026-08-09T15:44:48-05:00,2015959,CLASE TEORICA,(4) Grupo 4,No informado,0,24
gh-31334982229,2026-08-09T15:44:51-05:00,2015961,CLASE TEORICA,(1) Grupo 1,Rafael Orland Ortiz Mosquera,24,26
gh-31334982229,2026-08-09T15:44:51-05:00,2015961,CLASE TEORICA,(2) Grupo 2,Adriana Patricia Piña Fulano,24,26
gh-31334982229,2026-08-09T15:44:51-05:00,2015961,CLASE TEORICA,(3) Grupo 3,Gelber Norberto Gutierrez Palacios,24,26
gh-31334982229,2026-08-09T15:44:51-05:00,2015961,CLASE TEORICA,(4) Grupo 4,No informado,24,26
gh-31334982229,2026-08-09T15:44:51-05:00,2015961,CLASE TEORICA,(5) Grupo 5,No informado,24,26
gh-31334982229,2026-08-09T15:44:51-05:00,2015961,CLASE TEORICA,(6) Grupo 6,Leonardo David Donado Garzon,24,26
gh-31334982229,2026-08-09T15:44:52-05:00,2015978,CLASE TEORICA,(1) Grupo 1,No informado,0,27
gh-31334982229,2026-08-09T15:44:52-05:00,2015978,CLASE TEORICA,(2) Grupo 2,Erasmo Alfredo Rodriguez Sandoval,30,27
gh-31334982229,2026-08-09T15:44:52-05:00,2015978,CLASE TEORICA,(3) Grupo 3,No informado,30,27
gh-31334982229,2026-08-09T15:44:52-05:00,2015978,CLASE TEORICA,(4) Grupo 4,No informado,30,27
gh-31334982229,2026-08-09T15:44:52-05:00,2015978,CLASE TEORICA,(5) Grupo 5,No informado,30,27
gh-31334982229,2026-08-09T15:44:53-05:00,2026135,CLASE TEORICA,(1) Grupo 1,NICOLAS ESCALANTE MORA,25,28
gh-31334982229,2026-08-09T15:44:53-05:00,2026135,CLASE TEORICA,(2) Grupo 2,Leonel Vega Mora,25,28
gh-31334982229,2026-08-09T15:44:53-05:00,2026135,CLASE TEORICA,(3) Grupo 3,Leonel Vega Mora,25,28
gh-31334982229,2026-08-09T15:44:54-05:00,2015963,CLASE TEORICA,(1) Grupo 1,No informado,30,29
gh-31334982229,2026-08-09T15:44:54-05:00,2015963,CLASE TEORICA,(2) Grupo 2,No informado,30,29
gh-31334982229,2026-08-09T15:44:54-05:00,2015963,CLASE TEORICA,(3) Grupo 3,William Castro Garcia,30,29
gh-31334982229,2026-08-09T15:44:55-05:00,2026138,CLASE TEORICA,(1) Grupo 1,Ivan Dario Serrano Arrieta,30,30
gh-31334982229,2026-08-09T15:44:55-05:00,2026138,CLASE TEORICA,(2) Grupo 2,Ivan Dario Serrano Arrieta,30,30
gh-31334982229,2026-08-09T15:44:55-05:00,2026138,CLASE TEORICA,(3) Grupo 3,Pedro Luis Jimenez Poveda,30,30
gh-31334982229,2026-08-09T15:44:57-05:00,2015703,NA,(1) Grupo 1,Angela Maria Arboleda Restrepo,40,31
gh-31334982229,2026-08-09T15:44:57-05:00,2015703,NA,(10) Grupo 10,Diego Alejandro Hernandez Castañeda,30,31
gh-31334982229,2026-08-09T15:44:57-05:00,2015703,NA,(11) Grupo 11,Julio Cesar Cañon Rodriguez,30,31
gh-31334982229,2026-08-09T15:44:57-05:00,2015703,NA,(2) Grupo 2,Osman Benjamin Giovanny Vargas Rozo,40,31
gh-31334982229,2026-08-09T15:44:57-05:00,2015703,NA,(3) Grupo 3,Hugo Alberto Herrera Fonseca,40,31
gh-31334982229,2026-08-09T15:44:57-05:00,2015703,NA,(4) Grupo 4,LINA JULIANA BULLA CASAS,30,31
gh-31334982229,2026-08-09T15:44:57-05:00,2015703,NA,(5) Grupo 5 - Virtual,Cesar Augusto Roa Lemus,60,31
gh-31334982229,2026-08-09T15:44:57-05:00,2015703,NA,(6) Grupo 6,JAVIER RICARDO OJEDA SANCHEZ,40,31
gh-31334982229,2026-08-09T15:44:57-05:00,2015703,NA,(7) Grupo 7,JAVIER RICARDO OJEDA SANCHEZ,20,31
gh-31334982229,2026-08-09T15:44:57-05:00,2015703,NA,(8) Grupo 8,Diego Alejandro Hernandez Castañeda,40,31
gh-31334982229,2026-08-09T15:44:57-05:00,2015703,NA,(9) Grupo 9,LINA JULIANA BULLA CASAS,35,31
gh-31334982229,2026-08-09T15:44:58-05:00,1000044-B,CLASE TEORICA,(1) Grupo 1,Beatriz Elena Urrutia Sanchez,26,32
gh-31334982229,2026-08-09T15:44:58-05:00,1000044-B,CLASE TEORICA,(2) Grupo 2,Yaneli Niño Osorio,26,32
gh-31334982229,2026-08-09T15:44:58-05:00,1000044-B,CLASE TEORICA,(3) Grupo 3,Luis Gabriel Peña Ortiz,26,32
gh-31334982229,2026-08-09T15:44:58-05:00,1000044-B,CLASE TEORICA,(4) Grupo 4,Liliana Marcela Guzman Aricapa,26,32
gh-31334982229,2026-08-09T15:44:58-05:00,1000044-B,CLASE TEORICA,(5) Grupo 5,Beatriz Elena Urrutia Sanchez,26,32
gh-31334982229,2026-08-09T15:44:58-05:00,1000044-B,CLASE TEORICA,(6) Grupo 6,Cesar Augusto Romero,26,32
gh-31334982229,2026-08-09T15:44:58-05:00,1000044-B,CLASE TEORICA,(7) Grupo 7,JOSE JONATHAN MAESTRE HERRERA,26,32
gh-31334982229,2026-08-09T15:44:58-05:00,1000044-B,CLASE TEORICA,(8) Grupo 8,Beymar Leonardo Solorzano Alviz,26,32
gh-31334982229,2026-08-09T15:44:58-05:00,1000044-B,CLASE TEORICA,(9) Grupo 9,Claudia Marcela Arevalo Gomez,7,32
gh-31334982229,2026-08-09T15:44:59-05:00,1000045-B,CLASE TEORICA,(1) Grupo 1,Claudia Marcela Arevalo Gomez,10,33
gh-31334982229,2026-08-09T15:44:59-05:00,1000045-B,CLASE TEORICA,(10) Grupo 10,Jesica paola Rendon Alfonso,26,33
gh-31334982229,2026-08-09T15:44:59-05:00,1000045-B,CLASE TEORICA,(11) Grupo 11,JOSE JONATHAN MAESTRE HERRERA,26,33
gh-31334982229,2026-08-09T15:44:59-05:00,1000045-B,CLASE TEORICA,(12) Grupo 12,LINDA JOHANA RUIZ GOMEZ,26,33
gh-31334982229,2026-08-09T15:44:59-05:00,1000045-B,CLASE TEORICA,(13) Grupo 13,Narly Yadira Pardo Cadena,26,33
gh-31334982229,2026-08-09T15:44:59-05:00,1000045-B,CLASE TEORICA,(14) Grupo 14,Angelica Saenz Fonseca,26,33
gh-31334982229,2026-08-09T15:44:59-05:00,1000045-B,CLASE TEORICA,(15) Grupo 15,Narly Yadira Pardo Cadena,26,33
gh-31334982229,2026-08-09T15:44:59-05:00,1000045-B,CLASE TEORICA,(16) Grupo 16,Luis Gabriel Peña Ortiz,26,33
gh-31334982229,2026-08-09T15:44:59-05:00,1000045-B,CLASE TEORICA,(2) Grupo 2,Cesar Augusto Romero,26,33
gh-31334982229,2026-08-09T15:44:59-05:00,1000045-B,CLASE TEORICA,(3) Grupo 3,Jesica paola Rendon Alfonso,26,33
gh-31334982229,2026-08-09T15:44:59-05:00,1000045-B,CLASE TEORICA,(4) Grupo 4,Adriana Marlen Sanchez Riaño,26,33
gh-31334982229,2026-08-09T15:44:59-05:00,1000045-B,CLASE TEORICA,(5) Grupo 5,Cesar Augusto Romero,26,33
gh-31334982229,2026-08-09T15:44:59-05:00,1000045-B,CLASE TEORICA,(6) Grupo 6,Sara Elisa Monsalve Patino,26,33
gh-31334982229,2026-08-09T15:44:59-05:00,1000045-B,CLASE TEORICA,(7) Grupo 7,Luis Gabriel Peña Ortiz,26,33
gh-31334982229,2026-08-09T15:44:59-05:00,1000045-B,CLASE TEORICA,(8) Grupo 8,Johnatan Martinez Hernandez,26,33
gh-31334982229,2026-08-09T15:44:59-05:00,1000045-B,CLASE TEORICA,(9) Grupo 9,Maureen Elizabeth Hooker Oneill,15,33
gh-31334982229,2026-08-09T15:45:02-05:00,1000046-B,CLASE TEORICA,(1) Grupo 1,Johnatan Martinez Hernandez,26,35
gh-31334982229,2026-08-09T15:45:02-05:00,1000046-B,CLASE TEORICA,(10) Grupo 10,Jennly Angelica Gomez Rodriguez,26,35
gh-31334982229,2026-08-09T15:45:02-05:00,1000046-B,CLASE TEORICA,(11) Grupo 11,Angelica Saenz Fonseca,26,35
gh-31334982229,2026-08-09T15:45:02-05:00,1000046-B,CLASE TEORICA,(12) Grupo 12,Liliana Marcela Guzman Aricapa,26,35
gh-31334982229,2026-08-09T15:45:02-05:00,1000046-B,CLASE TEORICA,(13) Grupo 13,ALBA LUCIA RIAÑO RODRIGUEZ,26,35
gh-31334982229,2026-08-09T15:45:02-05:00,1000046-B,CLASE TEORICA,(14) Grupo 14,Angelica Saenz Fonseca,26,35
gh-31334982229,2026-08-09T15:45:02-05:00,1000046-B,CLASE TEORICA,(15) Grupo 15,Luis Gabriel Peña Ortiz,26,35
gh-31334982229,2026-08-09T15:45:02-05:00,1000046-B,CLASE TEORICA,(16) Grupo 16,Olga Lucia Ruiz Convers,26,35
gh-31334982229,2026-08-09T15:45:02-05:00,1000046-B,CLASE TEORICA,(17) Grupo 17,Luis Gabriel Peña Ortiz,26,35
gh-31334982229,2026-08-09T15:45:02-05:00,1000046-B,CLASE TEORICA,(18) Grupo 18,Narly Yadira Pardo Cadena,26,35
gh-31334982229,2026-08-09T15:45:02-05:00,1000046-B,CLASE TEORICA,(2) Grupo 2,Jesica paola Rendon Alfonso,26,35
gh-31334982229,2026-08-09T15:45:02-05:00,1000046-B,CLASE TEORICA,(3) Grupo 3,JESUS DAVID TORRES RODRIGUEZ,26,35
gh-31334982229,2026-08-09T15:45:02-05:00,1000046-B,CLASE TEORICA,(4) Grupo 4,Claudia Patricia Cortes Lora,26,35
gh-31334982229,2026-08-09T15:45:02-05:00,1000046-B,CLASE TEORICA,(5) Grupo 5,Johnatan Martinez Hernandez,26,35
gh-31334982229,2026-08-09T15:45:02-05:00,1000046-B,CLASE TEORICA,(6) Grupo 6,Johnatan Martinez Hernandez,26,35
gh-31334982229,2026-08-09T15:45:02-05:00,1000046-B,CLASE TEORICA,(7) Grupo 7,Jesica paola Rendon Alfonso,26,35
gh-31334982229,2026-08-09T15:45:02-05:00,1000046-B,CLASE TEORICA,(8) Grupo 8,Beatriz Elena Urrutia Sanchez,26,35
gh-31334982229,2026-08-09T15:45:02-05:00,1000046-B,CLASE TEORICA,(9) Grupo 9,Maureen Elizabeth Hooker Oneill,10,35
gh-31334982229,2026-08-09T15:45:05-05:00,1000052-B,CLASE TEORICA,(1) Grupo 1,Liliana Marcela Guzman Aricapa,28,37
gh-31334982229,2026-08-09T15:45:05-05:00,1000052-B,CLASE TEORICA,(2) Grupo 2,JOSE JONATHAN MAESTRE HERRERA,28,37
gh-31334982229,2026-08-09T15:45:05-05:00,1000052-B,CLASE TEORICA,(3) Grupo 3,Aida Elena Monsalve Solorzano,28,37
gh-31334982229,2026-08-09T15:45:06-05:00,1000053-B,CLASE TEORICA,(1) Grupo 1,Jennly Angelica Gomez Rodriguez,28,38
gh-31334982229,2026-08-09T15:45:06-05:00,1000053-B,CLASE TEORICA,(2) Grupo 2,Yaneli Niño Osorio,28,38
gh-31334982229,2026-08-09T15:45:06-05:00,1000053-B,CLASE TEORICA,(3) Grupo 3,Javier Rodriguez Gomez,30,38
gh-31334982229,2026-08-09T15:45:06-05:00,1000053-B,CLASE TEORICA,(4) Grupo 4,Javier Rodriguez Gomez,30,38
gh-31334982229,2026-08-09T15:45:06-05:00,1000053-B,CLASE TEORICA,(5) Grupo 5,LINDA JOHANA RUIZ GOMEZ,28,38
gh-31334982229,2026-08-09T15:45:06-05:00,1000053-B,CLASE TEORICA,(6) Grupo 6,Olga Lucia Ruiz Convers,28,38
gh-31334982229,2026-08-09T15:45:07-05:00,1000047-B,CLASE TEORICA,(1) Grupo 1,Cesar Augusto Romero,26,39
gh-31334982229,2026-08-09T15:45:07-05:00,1000047-B,CLASE TEORICA,(10) Grupo 10,Monica Alexandra Riaño Orjuela,26,39
gh-31334982229,2026-08-09T15:45:07-05:00,1000047-B,CLASE TEORICA,(11) Grupo 11,Jennly Angelica Gomez Rodriguez,26,39
gh-31334982229,2026-08-09T15:45:07-05:00,1000047-B,CLASE TEORICA,(12) Grupo 12,Claudia Patricia Cortes Lora,26,39
gh-31334982229,2026-08-09T15:45:07-05:00,1000047-B,CLASE TEORICA,(13) Grupo 13,Angelica Saenz Fonseca,26,39
gh-31334982229,2026-08-09T15:45:07-05:00,1000047-B,CLASE TEORICA,(14) Grupo 14,LINDA JOHANA RUIZ GOMEZ,26,39
gh-31334982229,2026-08-09T15:45:07-05:00,1000047-B,CLASE TEORICA,(15) Grupo 15,Claudia Patricia Cortes Lora,26,39
gh-31334982229,2026-08-09T15:45:07-05:00,1000047-B,CLASE TEORICA,(16) Grupo 16,Narly Yadira Pardo Cadena,26,39
gh-31334982229,2026-08-09T15:45:07-05:00,1000047-B,CLASE TEORICA,(17) Grupo 17,Angelica Saenz Fonseca,26,39
gh-31334982229,2026-08-09T15:45:07-05:00,1000047-B,CLASE TEORICA,(18) Grupo 18,ALBA LUCIA RIAÑO RODRIGUEZ,26,39
gh-31334982229,2026-08-09T15:45:07-05:00,1000047-B,CLASE TEORICA,(19) Grupo 19,Aida Elena Monsalve Solorzano,26,39
gh-31334982229,2026-08-09T15:45:07-05:00,1000047-B,CLASE TEORICA,(2) Grupo 2,Yaneli Niño Osorio,26,39
gh-31334982229,2026-08-09T15:45:07-05:00,1000047-B,CLASE TEORICA,(20) Grupo 20,ALBA LUCIA RIAÑO RODRIGUEZ,26,39
gh-31334982229,2026-08-09T15:45:07-05:00,1000047-B,CLASE TEORICA,(21) Grupo 21,Edwin Yesid Leon Silva,26,39
gh-31334982229,2026-08-09T15:45:07-05:00,1000047-B,CLASE TEORICA,(22) Grupo 22,LINDA JOHANA RUIZ GOMEZ,26,39
gh-31334982229,2026-08-09T15:45:07-05:00,1000047-B,CLASE TEORICA,(3) Grupo 3,Monica Alexandra Riaño Orjuela,26,39
gh-31334982229,2026-08-09T15:45:07-05:00,1000047-B,CLASE TEORICA,(4) Grupo 4,Claudia Patricia Cortes Lora,26,39
gh-31334982229,2026-08-09T15:45:07-05:00,1000047-B,CLASE TEORICA,(5) Grupo 5,Olga Lucia Ruiz Convers,26,39
gh-31334982229,2026-08-09T15:45:07-05:00,1000047-B,CLASE TEORICA,(6) Grupo 6,Monica Alexandra Riaño Orjuela,26,39
gh-31334982229,2026-08-09T15:45:07-05:00,1000047-B,CLASE TEORICA,(7) Grupo 7,Cesar Augusto Romero,26,39
gh-31334982229,2026-08-09T15:45:07-05:00,1000047-B,CLASE TEORICA,(8) Grupo 8,Beatriz Elena Urrutia Sanchez,26,39
gh-31334982229,2026-08-09T15:45:07-05:00,1000047-B,CLASE TEORICA,(9) Grupo 9,Keshia Hilary Howard Livingston,15,39
gh-31334982229,2026-08-09T15:45:10-05:00,2026186,CLASE TEORICA,(1) Grupo 1,Carol Andrea Murillo Feo,7,41
gh-31334982229,2026-08-09T15:45:10-05:00,2026186,CLASE TEORICA,(2) Grupo 2,Leonel Vega Mora,0,41
gh-31334982229,2026-08-09T15:45:10-05:00,2026186,CLASE TEORICA,(4) Grupo 4,Carlos Orlando Robles Roa,10,41
gh-31334982229,2026-08-09T15:45:11-05:00,1000002-B,CLASE TEORICA,(1) Grupo 1 - Clase Presencial,Ruth Andrea Cortés Suárez,1,42
gh-31334982229,2026-08-09T15:45:11-05:00,1000002-B,CLASE TEORICA,(10) Grupo 10 - Clase presencial,Karen Johanna Castelblanco Villamil,0,42
gh-31334982229,2026-08-09T15:45:11-05:00,1000002-B,CLASE TEORICA,(2) Grupo 2 - Clase Presencial,Ruth Andrea Cortés Suárez,0,42
gh-31334982229,2026-08-09T15:45:11-05:00,1000002-B,CLASE TEORICA,(3) Grupo 3 - Clase Presencial,Adriana Patricia Díaz Cuevas,0,42
gh-31334982229,2026-08-09T15:45:11-05:00,1000002-B,CLASE TEORICA,(4) Grupo 4 - Clase Presencial,Adriana Patricia Díaz Cuevas,0,42
gh-31334982229,2026-08-09T15:45:11-05:00,1000002-B,CLASE TEORICA,(5) Grupo 5 - Clase Presencial,Andres Felipe Escovar Barreto,0,42
gh-31334982229,2026-08-09T15:45:11-05:00,1000002-B,CLASE TEORICA,(6) Grupo 6 - Clase Presencial,Ruth Andrea Cortés Suárez,0,42
gh-31334982229,2026-08-09T15:45:11-05:00,1000002-B,CLASE TEORICA,(7) Grupo 7 - Clase Presencial,Karen Johanna Castelblanco Villamil,0,42
gh-31334982229,2026-08-09T15:45:11-05:00,1000002-B,CLASE TEORICA,(8) Grupo 8 - Clase Presencial,Adriana Patricia Díaz Cuevas,0,42
gh-31334982229,2026-08-09T15:45:11-05:00,1000002-B,CLASE TEORICA,(9) Grupo 9 - Clase Presencial,Carlas Lucia Castilla Lara,10,42
gh-31334982229,2026-08-09T15:45:13-05:00,1000001-B,CLASE TEORICA,(1) Grupo 1,No informado,0,43
gh-31334982229,2026-08-09T15:45:13-05:00,1000001-B,CLASE MAGISTRAL,(1) Grupo 1,Ibeth Marcela Rubio Perilla,0,43
gh-31334982229,2026-08-09T15:45:13-05:00,1000001-B,CLASE MAGISTRAL,(10) Grupo 10,No informado,0,43
gh-31334982229,2026-08-09T15:45:13-05:00,1000001-B,CLASE TEORICA,(19) Grupo 19,No informado,5,43
gh-31334982229,2026-08-09T15:45:13-05:00,1000001-B,CLASE TEORICA,(2) Grupo 2,No informado,10,43
gh-31334982229,2026-08-09T15:45:13-05:00,1000001-B,CLASE MAGISTRAL,(2) Grupo 2,Herbert Alonso Dueñas Ruiz,0,43
gh-31334982229,2026-08-09T15:45:13-05:00,1000001-B,CLASE MAGISTRAL,(3) Grupo 3,Jeanneth Galeano Penaloza,0,43
gh-31334982229,2026-08-09T15:45:13-05:00,1000001-B,CLASE MAGISTRAL,(4) Grupo 4,Gustavo Adolfo Nieto Clavijo,0,43
gh-31334982229,2026-08-09T15:45:13-05:00,1000001-B,CLASE MAGISTRAL,(5) Grupo 5,Natalia Camila Pinzon Cortes,0,43
gh-31334982229,2026-08-09T15:45:13-05:00,1000001-B,CLASE MAGISTRAL,(6) Grupo 6,Martha Cecilia Moreno Penagos,0,43
gh-31334982229,2026-08-09T15:45:13-05:00,1000001-B,CLASE MAGISTRAL,(7) Grupo 7,Claudio Rodriguez Beltran,0,43
gh-31334982229,2026-08-09T15:45:13-05:00,1000001-B,CLASE MAGISTRAL,(8) Grupo 8,Gabriel Ignacio Padilla Leon,0,43
gh-31334982229,2026-08-09T15:45:13-05:00,1000001-B,CLASE MAGISTRAL,(9) Grupo 9,No informado,10,43
gh-31334982229,2026-08-09T15:45:14-05:00,2015965,CLASE TEORICA,(1) Grupo 1,CAMILO RIOS FRESNEDA,24,44
gh-31334982229,2026-08-09T15:45:14-05:00,2015965,CLASE TEORICA,(2) Grupo 2,Julian David Puerto Suarez; Vladimir Buelvas Hernández,24,44
gh-31334982229,2026-08-09T15:45:14-05:00,2015965,CLASE TEORICA,(3) Grupo 3,Ferney Betancourt Cardozo; Juan Manuel Lizarazo Marriaga,24,44
gh-31334982229,2026-08-09T15:45:14-05:00,2015965,CLASE TEORICA,(4) Grupo 4,No informado,24,44
gh-31334982229,2026-08-09T15:45:15-05:00,2015966,CLASE TEORICA,(1) Grupo 1,No informado,24,45
gh-31334982229,2026-08-09T15:45:15-05:00,2015966,CLASE TEORICA,(2) Grupo 2,Adriana Patricia Piña Fulano,24,45
gh-31334982229,2026-08-09T15:45:15-05:00,2015966,CLASE TEORICA,(3) Grupo 3,Rafael Orland Ortiz Mosquera,24,45
gh-31334982229,2026-08-09T15:45:15-05:00,2015966,CLASE TEORICA,(4) Grupo 4,No informado,24,45
gh-31334982229,2026-08-09T15:45:15-05:00,2015966,CLASE TEORICA,(5) Grupo 5,No informado,24,45
gh-31334982229,2026-08-09T15:45:15-05:00,2015966,CLASE TEORICA,(6) Grupo 6,Luis Alejandro Morales Marin,24,45
gh-31334982229,2026-08-09T15:45:15-05:00,2015966,CLASE TEORICA,(7) Grupo 7,No informado,24,45
gh-31334982229,2026-08-09T15:45:15-05:00,2015966,CLASE TEORICA,(8) Grupo 8,No informado,24,45
gh-31334982229,2026-08-09T15:45:17-05:00,2015967,NA,(1) Grupo 1,Vladimir Buelvas Hernández,24,46
gh-31334982229,2026-08-09T15:45:18-05:00,2015968,CLASE TEORICA,(1) Grupo 1,Ricardo Parra Arango,24,47
gh-31334982229,2026-08-09T15:45:18-05:00,2015968,CLASE TEORICA,(2) Grupo 2,Juan David Oliveros Salazar,24,47
gh-31334982229,2026-08-09T15:45:18-05:00,2015968,CLASE TEORICA,(3) Grupo 3,No informado,24,47
gh-31334982229,2026-08-09T15:45:18-05:00,2015968,CLASE TEORICA,(4) Grupo 4,Ricardo Parra Arango,24,47
gh-31334982229,2026-08-09T15:45:18-05:00,2015968,CLASE TEORICA,(5) Grupo 5,Julian David Puerto Suarez,24,47
gh-31334982229,2026-08-09T15:45:18-05:00,2015968,CLASE TEORICA,(6) Grupo 6,Dorian Luis Linero Segrera,24,47
gh-31334982229,2026-08-09T15:45:18-05:00,2015968,CLASE TEORICA,(7) Grupo 7,No informado,0,47
gh-31334982229,2026-08-09T15:45:19-05:00,2015969,CLASE TEORICA,(1) Grupo 1 (Inglés),Julio Esteban Colmenares Montañez,30,48
gh-31334982229,2026-08-09T15:45:19-05:00,2015969,CLASE TEORICA,(2) Grupo 2,Guillermo Eduardo Avila Alvarez,30,48
gh-31334982229,2026-08-09T15:45:19-05:00,2015969,CLASE TEORICA,(3) Grupo 3,Livaniel Viveros Rosero,30,48
gh-31334982229,2026-08-09T15:45:19-05:00,2015969,CLASE TEORICA,(4) Grupo 4,No informado,30,48
gh-31334982229,2026-08-09T15:45:21-05:00,2015970,CLASE PRACTICA,(4) Grupo 4,Helga Duarte,30,49
gh-31334982229,2026-08-09T15:45:21-05:00,2015970,CLASE PRACTICA,(5) Grupo 5,Oswaldo Rojas Camacho,45,49
gh-31334982229,2026-08-09T15:45:21-05:00,2015970,CLASE PRACTICA,(8) Grupo 8,Helga Duarte,30,49
gh-31334982229,2026-08-09T15:45:21-05:00,2015970,CLASE PRACTICA,(9) Grupo 9,Oswaldo Rojas Camacho,45,49
gh-31334982229,2026-08-09T15:45:22-05:00,2017293,CLASE TEORICA,(1) 2017293-1 Modelación matemática,JUAN SEBASTIÁN HINCAPIÉ MONTES,34,50
gh-31334982229,2026-08-09T15:45:22-05:00,2017293,CLASE MAGISTRAL,(1M) 2017293-1M Modelación matemática - Magistral,Carlos Alberto Duque Daza,80,50
gh-31334982229,2026-08-09T15:45:22-05:00,2017293,CLASE TEORICA,(2) 2017293-2 Modelación matemática,JUAN SEBASTIÁN HINCAPIÉ MONTES,34,50
gh-31334982229,2026-08-09T15:45:25-05:00,2015971,CLASE TEORICA,(1) Grupo 1,No informado,30,53
gh-31334982229,2026-08-09T15:45:25-05:00,2015971,CLASE TEORICA,(2) Grupo 2,Ferney Betancourt Cardozo,30,53
gh-31334982229,2026-08-09T15:45:25-05:00,2015971,CLASE TEORICA,(3) Grupo 3,No informado,30,53
gh-31334982229,2026-08-09T15:45:27-05:00,2015972,CLASE TEORICA,(1) Grupo 1,Carlos Alberto Moncada Aristizabal,15,54
gh-31334982229,2026-08-09T15:45:27-05:00,2015972,CLASE TEORICA,(2) Grupo 2,SANTIAGO RAMIREZ ECHEVERRI,15,54
gh-31334982229,2026-08-09T15:45:27-05:00,2015972,CLASE TEORICA,(3) Grupo 3,No informado,15,54
gh-31334982229,2026-08-09T15:45:28-05:00,1000024-B,CLASE TEORICA,(12) Grupo 12,Edgar Delgado Mejia,0,55
gh-31334982229,2026-08-09T15:45:28-05:00,1000024-B,CLASE TEORICA,(13) Grupo 13,Jesus Sigifredo Valencia Rios,0,55
gh-31334982229,2026-08-09T15:45:28-05:00,1000024-B,CLASE TEORICA,(14) Grupo 14,Jhon Jairo Aragón Arias,10,55
gh-31334982229,2026-08-09T15:45:30-05:00,1000013-B,CLASE TEORICA,(1) Grupo 1,JHONIER SEBASTIAN RANGEL GUTIERREZ,0,56
gh-31334982229,2026-08-09T15:45:30-05:00,1000013-B,CLASE TEORICA,(10) Grupo 10,Sandra Vergara Cardozo,35,56
gh-31334982229,2026-08-09T15:45:30-05:00,1000013-B,CLASE TEORICA,(11) Grupo 11,DIEGO ALBERTO MARTINEZ SIMBAQUEVA,40,56
gh-31334982229,2026-08-09T15:45:30-05:00,1000013-B,CLASE TEORICA,(12) Grupo 12,DIEGO ALBERTO MARTINEZ SIMBAQUEVA,40,56
gh-31334982229,2026-08-09T15:45:30-05:00,1000013-B,CLASE TEORICA,(13) Grupo 13,DIEGO ALBERTO MARTINEZ SIMBAQUEVA,30,56
gh-31334982229,2026-08-09T15:45:30-05:00,1000013-B,CLASE TEORICA,(14) Grupo 14,Andrea Catalina Garcia Montoya,45,56
gh-31334982229,2026-08-09T15:45:30-05:00,1000013-B,CLASE TEORICA,(16) Grupo 16,Sergio Alejandro Calderon Villanueva,30,56
gh-31334982229,2026-08-09T15:45:30-05:00,1000013-B,CLASE TEORICA,(2) Grupo 2,Luis Guillermo Diaz Monroy,40,56
gh-31334982229,2026-08-09T15:45:30-05:00,1000013-B,CLASE TEORICA,(22) Grupo 22,Hanwen Zhang,45,56
gh-31334982229,2026-08-09T15:45:30-05:00,1000013-B,CLASE TEORICA,(23) Grupo 23,ULPIANO LARA CRISTANCHO,0,56
gh-31334982229,2026-08-09T15:45:30-05:00,1000013-B,CLASE TEORICA,(3) Grupo 3,Diana Carolina Franco Soto,40,56
gh-31334982229,2026-08-09T15:45:30-05:00,1000013-B,CLASE TEORICA,(4) Grupo 4,Diana Carolina Franco Soto,40,56
gh-31334982229,2026-08-09T15:45:30-05:00,1000013-B,CLASE TEORICA,(5) Grupo 5,Darwin Eduardo Martínez Riaño,35,56
gh-31334982229,2026-08-09T15:45:30-05:00,1000013-B,CLASE TEORICA,(6) Grupo 6,Darwin Eduardo Martínez Riaño,35,56
gh-31334982229,2026-08-09T15:45:30-05:00,1000013-B,CLASE TEORICA,(7) Grupo 7,Camilo Jose Torres Jimenez,40,56
gh-31334982229,2026-08-09T15:45:31-05:00,2015734,NA,(1) Grupo 1,Fernando Salazar Delgado,6,57
gh-31334982229,2026-08-09T15:45:31-05:00,2015734,NA,(10) Grupo 10,Tito Florez Calderon,4,57
gh-31334982229,2026-08-09T15:45:31-05:00,2015734,NA,(11) Grupo 11,DAVID ALBERTO HERRERA ALVAREZ,0,57
gh-31334982229,2026-08-09T15:45:31-05:00,2015734,NA,(12) Grupo 12,FABIEL NATÁN ESPINOSA CASTAÑEDA,1,57
gh-31334982229,2026-08-09T15:45:31-05:00,2015734,NA,(13) Grupo 13,SERGIO CAMILO ESPINOSA BOTERO,4,57
gh-31334982229,2026-08-09T15:45:31-05:00,2015734,NA,(14) Grupo 14,Felipe Gonzalez Roldan,0,57
gh-31334982229,2026-08-09T15:45:31-05:00,2015734,NA,(2) Grupo 2,Fernando Salazar Delgado,16,57
gh-31334982229,2026-08-09T15:45:31-05:00,2015734,NA,(3) Grupo 3,Jhoan Sebastian Restrepo Mendoza,0,57
gh-31334982229,2026-08-09T15:45:31-05:00,2015734,NA,(4) Grupo 4,Sandra Liliana Rojas Martinez,0,57
gh-31334982229,2026-08-09T15:45:31-05:00,2015734,NA,(5) Grupo 5,Jhoan Sebastian Restrepo Mendoza,0,57
gh-31334982229,2026-08-09T15:45:31-05:00,2015734,NA,(6) Grupo 6,SERGIO CAMILO ESPINOSA BOTERO,8,57
gh-31334982229,2026-08-09T15:45:31-05:00,2015734,NA,(7) Grupo 7,No informado,3,57
gh-31334982229,2026-08-09T15:45:31-05:00,2015734,NA,(8) Grupo 8 - Virtual,FABIEL NATÁN ESPINOSA CASTAÑEDA,30,57
gh-31334982229,2026-08-09T15:45:31-05:00,2015734,NA,(9) Grupo 9,Alvaro Reynel Córdoba,18,57
gh-31334982229,2026-08-09T15:45:33-05:00,2015973,CLASE TEORICA,(1) Grupo 1,No informado,25,59
gh-31334982229,2026-08-09T15:45:33-05:00,2015973,CLASE TEORICA,(2) Grupo 2,GABRIELA ARRIETA LOYO,25,59
gh-31334982229,2026-08-09T15:45:33-05:00,2015973,CLASE TEORICA,(3) Grupo 3,NICOLAS ESCALANTE MORA,25,59
gh-31334982229,2026-08-09T15:45:35-05:00,2022761,NA,(1) Grupo 1,Servio Javier Contreras Guerrero,15,60
gh-31334982229,2026-08-09T15:45:35-05:00,2022761,NA,(2) Grupo 2,Servio Javier Contreras Guerrero,15,60
gh-31334982229,2026-08-09T15:45:35-05:00,2022761,NA,(3) Grupo 3,Samuel Fernando Mesa Giraldo,15,60
gh-31334982229,2026-08-09T15:45:36-05:00,2024045,CLASE TEORICA,(1) 2024045-1 Taller de proyectos interdisciplinarios,No informado,0,-1
gh-31334982229,2026-08-09T15:45:36-05:00,2024045,CLASE TEORICA,(10) 2024045-10 Taller de proyectos interdisciplinarios,Oscar Andres Eraso Eraso,0,-1
gh-31334982229,2026-08-09T15:45:36-05:00,2024045,CLASE TEORICA,(11) 2024045-11 Taller de proyectos interdisciplinarios,No informado,0,-1
gh-31334982229,2026-08-09T15:45:36-05:00,2024045,CLASE TEORICA,(12) 2024045-12 Taller de proyectos interdisciplinarios,Hector Julian Garcia Otalora,200,-1
gh-31334982229,2026-08-09T15:45:36-05:00,2024045,CLASE TEORICA,(13) 2024045-13 Taller de proyectos interdisciplinarios,No informado,0,-1
gh-31334982229,2026-08-09T15:45:36-05:00,2024045,CLASE TEORICA,(14) 2024045-14 Taller de proyectos interdisciplinarios,Dolly Santos Barbosa,0,-1
gh-31334982229,2026-08-09T15:45:36-05:00,2024045,CLASE TEORICA,(15) 2024045-15 Taller de proyectos interdisciplinarios,Oscar Andres Eraso Eraso,0,-1
gh-31334982229,2026-08-09T15:45:36-05:00,2024045,CLASE TEORICA,(16) 2024045-16 Taller de proyectos interdisciplinarios,Luis Ignacio Rodriguez Varela,0,-1
gh-31334982229,2026-08-09T15:45:36-05:00,2024045,CLASE TEORICA,(17) 2024045-17 Taller de proyectos interdisciplinarios,JOHANA CATALINA MANOSALVA BARRERA,0,-1
gh-31334982229,2026-08-09T15:45:36-05:00,2024045,CLASE TEORICA,(18) 2024045-18 Taller de proyectos interdisciplinarios,Fernando Bernal Martinez,0,-1
gh-31334982229,2026-08-09T15:45:36-05:00,2024045,CLASE TEORICA,(19) 2024045-19 Taller de proyectos interdisciplinarios,FRANCISCO JAVIER VÁSQUEZ VÁSQUEZ,0,-1
gh-31334982229,2026-08-09T15:45:36-05:00,2024045,CLASE TEORICA,(2) 2024045-2 Taller de proyectos interdisciplinarios,Fernando Bernal Martinez,0,-1
gh-31334982229,2026-08-09T15:45:36-05:00,2024045,CLASE TEORICA,(21) 2024045-21 Taller de proyectos interdisciplinarios,No informado,0,-1
gh-31334982229,2026-08-09T15:45:36-05:00,2024045,CLASE TEORICA,(22) 2024045-22 Taller de proyectos interdisciplinarios,Ubaldo Garcia Zaragoza,0,-1
gh-31334982229,2026-08-09T15:45:36-05:00,2024045,CLASE TEORICA,(23) 2024045-23 Taller de proyectos interdisciplinarios,No informado,0,-1
gh-31334982229,2026-08-09T15:45:36-05:00,2024045,CLASE TEORICA,(24) 2024045-24 Taller de proyectos interdisciplinarios,Hector Julian Garcia Otalora,200,-1
gh-31334982229,2026-08-09T15:45:36-05:00,2024045,CLASE TEORICA,(3) 2024045-3 Taller de proyectos interdisciplinarios,Guillermo Alberto Rocha Casas,0,-1
gh-31334982229,2026-08-09T15:45:36-05:00,2024045,CLASE TEORICA,(4) 2024045-4 Taller de proyectos interdisciplinarios,Francy Nayely Prieto Novoa,0,-1
gh-31334982229,2026-08-09T15:45:36-05:00,2024045,CLASE TEORICA,(40) 2024045-40 TPI-- NO BORRAR-- BLOQ ESPACIOS,No informado,0,-1
gh-31334982229,2026-08-09T15:45:36-05:00,2024045,CLASE TEORICA,(5) 2024045-5 Taller de proyectos interdisciplinarios,Nubia Carmenza Moreno Sarmiento,0,-1
gh-31334982229,2026-08-09T15:45:36-05:00,2024045,CLASE TEORICA,(6) 2024045-6 Taller de proyectos interdisciplinarios,JOHANA CATALINA MANOSALVA BARRERA,0,-1
gh-31334982229,2026-08-09T15:45:36-05:00,2024045,CLASE TEORICA,(7) 2024045-7 Taller de proyectos interdisciplinarios,Ubaldo Garcia Zaragoza,0,-1
gh-31334982229,2026-08-09T15:45:36-05:00,2024045,CLASE TEORICA,(8) 2024045-8 Taller de proyectos interdisciplinarios,JHON FREDDY LOPEZ MEDINA,0,-1
gh-31334982229,2026-08-09T15:45:36-05:00,2024045,CLASE TEORICA,(9) 2024045-9 Taller de proyectos interdisciplinarios,Manuel Alejandro Mayorga Betancourt,0,-1
gh-31334982229,2026-08-09T15:45:37-05:00,2015296,NA,(1) Grupo 1,Leonardo David Donado Garzon,5,62
gh-31334982229,2026-08-09T15:45:37-05:00,2015296,NA,(10) Grupo 10,Juan Manuel Lizarazo Marriaga,5,62
gh-31334982229,2026-08-09T15:45:37-05:00,2015296,NA,(11) Grupo 11,Octavio Coronado Garcia,5,62
gh-31334982229,2026-08-09T15:45:37-05:00,2015296,NA,(12) Grupo 12,Carol Andrea Murillo Feo,5,62
gh-31334982229,2026-08-09T15:45:37-05:00,2015296,NA,(13) Grupo 13,CAMILO RIOS FRESNEDA,5,62
gh-31334982229,2026-08-09T15:45:37-05:00,2015296,NA,(14) Grupo 14,William Castro Garcia,5,62
gh-31334982229,2026-08-09T15:45:37-05:00,2015296,NA,(15) Grupo 15,Luis Alejandro Morales Marin,5,62
gh-31334982229,2026-08-09T15:45:37-05:00,2015296,NA,(16) Grupo 16,Ferney Betancourt Cardozo,5,62
gh-31334982229,2026-08-09T15:45:37-05:00,2015296,NA,(17) Grupo 17,Maria Alejandra Caicedo Londoño,5,62
gh-31334982229,2026-08-09T15:45:37-05:00,2015296,NA,(18) Grupo 18,Guillermo Eduardo Avila Alvarez,5,62
gh-31334982229,2026-08-09T15:45:37-05:00,2015296,NA,(19) Grupo 19,Carlos Alfonso Gomez Guacaneme,0,62
gh-31334982229,2026-08-09T15:45:37-05:00,2015296,NA,(2) Grupo 2,Carlos Orlando Robles Roa,5,62
gh-31334982229,2026-08-09T15:45:37-05:00,2015296,NA,(3) Grupo 3,Angela Barrera Puerto,5,62
gh-31334982229,2026-08-09T15:45:37-05:00,2015296,NA,(4) Grupo 4,Mauricio Alberto Tapias Camacho,5,62
gh-31334982229,2026-08-09T15:45:37-05:00,2015296,NA,(5) Grupo 5,Maritzabel Molina Herrera,5,62
gh-31334982229,2026-08-09T15:45:37-05:00,2015296,NA,(6) Grupo 6,Rodolfo Rodriguez Baracaldo,5,62
gh-31334982229,2026-08-09T15:45:37-05:00,2015296,NA,(7) Grupo 7,SANTIAGO RAMIREZ ECHEVERRI,5,62
gh-31334982229,2026-08-09T15:45:37-05:00,2015296,NA,(8) Grupo 8,Jose Ricardo Martinez Vargas,5,62
gh-31334982229,2026-08-09T15:45:37-05:00,2015296,NA,(9) Grupo 9,GABRIELA ARRIETA LOYO,5,62
gh-31334982229,2026-08-09T15:45:39-05:00,2015299,CLASE TEORICA,(1) Grupo 1,GABRIELA ARRIETA LOYO,51,-1
gh-31337451805,2026-08-09T16:42:05-05:00,1000044-B,CLASE TEORICA,(1) Grupo 1,Beatriz Elena Urrutia Sanchez,26,0
gh-31337451805,2026-08-09T16:42:05-05:00,1000044-B,CLASE TEORICA,(2) Grupo 2,Yaneli Niño Osorio,26,0
gh-31337451805,2026-08-09T16:42:05-05:00,1000044-B,CLASE TEORICA,(3) Grupo 3,Luis Gabriel Peña Ortiz,26,0
gh-31337451805,2026-08-09T16:42:05-05:00,1000044-B,CLASE TEORICA,(4) Grupo 4,Liliana Marcela Guzman Aricapa,26,0
gh-31337451805,2026-08-09T16:42:05-05:00,1000044-B,CLASE TEORICA,(5) Grupo 5,Beatriz Elena Urrutia Sanchez,26,0
gh-31337451805,2026-08-09T16:42:05-05:00,1000044-B,CLASE TEORICA,(6) Grupo 6,Cesar Augusto Romero,26,0
gh-31337451805,2026-08-09T16:42:05-05:00,1000044-B,CLASE TEORICA,(7) Grupo 7,JOSE JONATHAN MAESTRE HERRERA,26,0
gh-31337451805,2026-08-09T16:42:05-05:00,1000044-B,CLASE TEORICA,(8) Grupo 8,Beymar Leonardo Solorzano Alviz,26,0
gh-31337451805,2026-08-09T16:42:05-05:00,1000044-B,CLASE TEORICA,(9) Grupo 9,Claudia Marcela Arevalo Gomez,7,0
gh-31337451805,2026-08-09T16:42:06-05:00,1000045-B,CLASE TEORICA,(1) Grupo 1,Claudia Marcela Arevalo Gomez,10,1
gh-31337451805,2026-08-09T16:42:06-05:00,1000045-B,CLASE TEORICA,(10) Grupo 10,Jesica paola Rendon Alfonso,26,1
gh-31337451805,2026-08-09T16:42:06-05:00,1000045-B,CLASE TEORICA,(11) Grupo 11,JOSE JONATHAN MAESTRE HERRERA,26,1
gh-31337451805,2026-08-09T16:42:06-05:00,1000045-B,CLASE TEORICA,(12) Grupo 12,LINDA JOHANA RUIZ GOMEZ,26,1
gh-31337451805,2026-08-09T16:42:06-05:00,1000045-B,CLASE TEORICA,(13) Grupo 13,Narly Yadira Pardo Cadena,26,1
gh-31337451805,2026-08-09T16:42:06-05:00,1000045-B,CLASE TEORICA,(14) Grupo 14,Angelica Saenz Fonseca,26,1
gh-31337451805,2026-08-09T16:42:06-05:00,1000045-B,CLASE TEORICA,(15) Grupo 15,Narly Yadira Pardo Cadena,26,1
gh-31337451805,2026-08-09T16:42:06-05:00,1000045-B,CLASE TEORICA,(16) Grupo 16,Luis Gabriel Peña Ortiz,26,1
gh-31337451805,2026-08-09T16:42:06-05:00,1000045-B,CLASE TEORICA,(2) Grupo 2,Cesar Augusto Romero,26,1
gh-31337451805,2026-08-09T16:42:06-05:00,1000045-B,CLASE TEORICA,(3) Grupo 3,Jesica paola Rendon Alfonso,26,1
gh-31337451805,2026-08-09T16:42:06-05:00,1000045-B,CLASE TEORICA,(4) Grupo 4,Adriana Marlen Sanchez Riaño,26,1
gh-31337451805,2026-08-09T16:42:06-05:00,1000045-B,CLASE TEORICA,(5) Grupo 5,Cesar Augusto Romero,26,1
gh-31337451805,2026-08-09T16:42:06-05:00,1000045-B,CLASE TEORICA,(6) Grupo 6,Sara Elisa Monsalve Patino,26,1
gh-31337451805,2026-08-09T16:42:06-05:00,1000045-B,CLASE TEORICA,(7) Grupo 7,Luis Gabriel Peña Ortiz,26,1
gh-31337451805,2026-08-09T16:42:06-05:00,1000045-B,CLASE TEORICA,(8) Grupo 8,Johnatan Martinez Hernandez,26,1
gh-31337451805,2026-08-09T16:42:06-05:00,1000045-B,CLASE TEORICA,(9) Grupo 9,Maureen Elizabeth Hooker Oneill,15,1
gh-31337451805,2026-08-09T16:42:09-05:00,1000046-B,CLASE TEORICA,(1) Grupo 1,Johnatan Martinez Hernandez,26,3
gh-31337451805,2026-08-09T16:42:09-05:00,1000046-B,CLASE TEORICA,(10) Grupo 10,Jennly Angelica Gomez Rodriguez,26,3
gh-31337451805,2026-08-09T16:42:09-05:00,1000046-B,CLASE TEORICA,(11) Grupo 11,Angelica Saenz Fonseca,26,3
gh-31337451805,2026-08-09T16:42:09-05:00,1000046-B,CLASE TEORICA,(12) Grupo 12,Liliana Marcela Guzman Aricapa,26,3
gh-31337451805,2026-08-09T16:42:09-05:00,1000046-B,CLASE TEORICA,(13) Grupo 13,ALBA LUCIA RIAÑO RODRIGUEZ,26,3
gh-31337451805,2026-08-09T16:42:09-05:00,1000046-B,CLASE TEORICA,(14) Grupo 14,Angelica Saenz Fonseca,26,3
gh-31337451805,2026-08-09T16:42:09-05:00,1000046-B,CLASE TEORICA,(15) Grupo 15,Luis Gabriel Peña Ortiz,26,3
gh-31337451805,2026-08-09T16:42:09-05:00,1000046-B,CLASE TEORICA,(16) Grupo 16,Olga Lucia Ruiz Convers,26,3
gh-31337451805,2026-08-09T16:42:09-05:00,1000046-B,CLASE TEORICA,(17) Grupo 17,Luis Gabriel Peña Ortiz,26,3
gh-31337451805,2026-08-09T16:42:09-05:00,1000046-B,CLASE TEORICA,(18) Grupo 18,Narly Yadira Pardo Cadena,26,3
gh-31337451805,2026-08-09T16:42:09-05:00,1000046-B,CLASE TEORICA,(2) Grupo 2,Jesica paola Rendon Alfonso,26,3
gh-31337451805,2026-08-09T16:42:09-05:00,1000046-B,CLASE TEORICA,(3) Grupo 3,JESUS DAVID TORRES RODRIGUEZ,26,3
gh-31337451805,2026-08-09T16:42:09-05:00,1000046-B,CLASE TEORICA,(4) Grupo 4,Claudia Patricia Cortes Lora,26,3
gh-31337451805,2026-08-09T16:42:09-05:00,1000046-B,CLASE TEORICA,(5) Grupo 5,Johnatan Martinez Hernandez,26,3
gh-31337451805,2026-08-09T16:42:09-05:00,1000046-B,CLASE TEORICA,(6) Grupo 6,Johnatan Martinez Hernandez,26,3
gh-31337451805,2026-08-09T16:42:09-05:00,1000046-B,CLASE TEORICA,(7) Grupo 7,Jesica paola Rendon Alfonso,26,3
gh-31337451805,2026-08-09T16:42:09-05:00,1000046-B,CLASE TEORICA,(8) Grupo 8,Beatriz Elena Urrutia Sanchez,26,3
gh-31337451805,2026-08-09T16:42:09-05:00,1000046-B,CLASE TEORICA,(9) Grupo 9,Maureen Elizabeth Hooker Oneill,10,3
gh-31337451805,2026-08-09T16:42:11-05:00,1000052-B,CLASE TEORICA,(1) Grupo 1,Liliana Marcela Guzman Aricapa,28,5
gh-31337451805,2026-08-09T16:42:11-05:00,1000052-B,CLASE TEORICA,(2) Grupo 2,JOSE JONATHAN MAESTRE HERRERA,28,5
gh-31337451805,2026-08-09T16:42:11-05:00,1000052-B,CLASE TEORICA,(3) Grupo 3,Aida Elena Monsalve Solorzano,28,5
gh-31337451805,2026-08-09T16:42:12-05:00,1000053-B,CLASE TEORICA,(1) Grupo 1,Jennly Angelica Gomez Rodriguez,28,6
gh-31337451805,2026-08-09T16:42:12-05:00,1000053-B,CLASE TEORICA,(2) Grupo 2,Yaneli Niño Osorio,28,6
gh-31337451805,2026-08-09T16:42:12-05:00,1000053-B,CLASE TEORICA,(3) Grupo 3,Javier Rodriguez Gomez,30,6
gh-31337451805,2026-08-09T16:42:12-05:00,1000053-B,CLASE TEORICA,(4) Grupo 4,Javier Rodriguez Gomez,30,6
gh-31337451805,2026-08-09T16:42:12-05:00,1000053-B,CLASE TEORICA,(5) Grupo 5,LINDA JOHANA RUIZ GOMEZ,28,6
gh-31337451805,2026-08-09T16:42:12-05:00,1000053-B,CLASE TEORICA,(6) Grupo 6,Olga Lucia Ruiz Convers,28,6
gh-31337451805,2026-08-09T16:42:14-05:00,1000047-B,CLASE TEORICA,(1) Grupo 1,Cesar Augusto Romero,26,7
gh-31337451805,2026-08-09T16:42:14-05:00,1000047-B,CLASE TEORICA,(10) Grupo 10,Monica Alexandra Riaño Orjuela,26,7
gh-31337451805,2026-08-09T16:42:14-05:00,1000047-B,CLASE TEORICA,(11) Grupo 11,Jennly Angelica Gomez Rodriguez,26,7
gh-31337451805,2026-08-09T16:42:14-05:00,1000047-B,CLASE TEORICA,(12) Grupo 12,Claudia Patricia Cortes Lora,26,7
gh-31337451805,2026-08-09T16:42:14-05:00,1000047-B,CLASE TEORICA,(13) Grupo 13,Angelica Saenz Fonseca,26,7
gh-31337451805,2026-08-09T16:42:14-05:00,1000047-B,CLASE TEORICA,(14) Grupo 14,LINDA JOHANA RUIZ GOMEZ,26,7
gh-31337451805,2026-08-09T16:42:14-05:00,1000047-B,CLASE TEORICA,(15) Grupo 15,Claudia Patricia Cortes Lora,26,7
gh-31337451805,2026-08-09T16:42:14-05:00,1000047-B,CLASE TEORICA,(16) Grupo 16,Narly Yadira Pardo Cadena,26,7
gh-31337451805,2026-08-09T16:42:14-05:00,1000047-B,CLASE TEORICA,(17) Grupo 17,Angelica Saenz Fonseca,26,7
gh-31337451805,2026-08-09T16:42:14-05:00,1000047-B,CLASE TEORICA,(18) Grupo 18,ALBA LUCIA RIAÑO RODRIGUEZ,26,7
gh-31337451805,2026-08-09T16:42:14-05:00,1000047-B,CLASE TEORICA,(19) Grupo 19,Aida Elena Monsalve Solorzano,26,7
gh-31337451805,2026-08-09T16:42:14-05:00,1000047-B,CLASE TEORICA,(2) Grupo 2,Yaneli Niño Osorio,26,7
gh-31337451805,2026-08-09T16:42:14-05:00,1000047-B,CLASE TEORICA,(20) Grupo 20,ALBA LUCIA RIAÑO RODRIGUEZ,26,7
gh-31337451805,2026-08-09T16:42:14-05:00,1000047-B,CLASE TEORICA,(21) Grupo 21,Edwin Yesid Leon Silva,26,7
gh-31337451805,2026-08-09T16:42:14-05:00,1000047-B,CLASE TEORICA,(22) Grupo 22,LINDA JOHANA RUIZ GOMEZ,26,7
gh-31337451805,2026-08-09T16:42:14-05:00,1000047-B,CLASE TEORICA,(3) Grupo 3,Monica Alexandra Riaño Orjuela,26,7
gh-31337451805,2026-08-09T16:42:14-05:00,1000047-B,CLASE TEORICA,(4) Grupo 4,Claudia Patricia Cortes Lora,26,7
gh-31337451805,2026-08-09T16:42:14-05:00,1000047-B,CLASE TEORICA,(5) Grupo 5,Olga Lucia Ruiz Convers,26,7
gh-31337451805,2026-08-09T16:42:14-05:00,1000047-B,CLASE TEORICA,(6) Grupo 6,Monica Alexandra Riaño Orjuela,26,7
gh-31337451805,2026-08-09T16:42:14-05:00,1000047-B,CLASE TEORICA,(7) Grupo 7,Cesar Augusto Romero,26,7
gh-31337451805,2026-08-09T16:42:14-05:00,1000047-B,CLASE TEORICA,(8) Grupo 8,Beatriz Elena Urrutia Sanchez,26,7
gh-31337451805,2026-08-09T16:42:14-05:00,1000047-B,CLASE TEORICA,(9) Grupo 9,Keshia Hilary Howard Livingston,15,7
gh-31337451805,2026-08-09T16:42:18-05:00,1000002-B,CLASE TEORICA,(1) Grupo 1 - Clase Presencial,Ruth Andrea Cortés Suárez,1,9
gh-31337451805,2026-08-09T16:42:18-05:00,1000002-B,CLASE TEORICA,(10) Grupo 10 - Clase presencial,Karen Johanna Castelblanco Villamil,0,9
gh-31337451805,2026-08-09T16:42:18-05:00,1000002-B,CLASE TEORICA,(2) Grupo 2 - Clase Presencial,Ruth Andrea Cortés Suárez,0,9
gh-31337451805,2026-08-09T16:42:18-05:00,1000002-B,CLASE TEORICA,(3) Grupo 3 - Clase Presencial,Adriana Patricia Díaz Cuevas,0,9
gh-31337451805,2026-08-09T16:42:18-05:00,1000002-B,CLASE TEORICA,(4) Grupo 4 - Clase Presencial,Adriana Patricia Díaz Cuevas,0,9
gh-31337451805,2026-08-09T16:42:18-05:00,1000002-B,CLASE TEORICA,(5) Grupo 5 - Clase Presencial,Andres Felipe Escovar Barreto,0,9
gh-31337451805,2026-08-09T16:42:18-05:00,1000002-B,CLASE TEORICA,(6) Grupo 6 - Clase Presencial,Ruth Andrea Cortés Suárez,0,9
gh-31337451805,2026-08-09T16:42:18-05:00,1000002-B,CLASE TEORICA,(7) Grupo 7 - Clase Presencial,Karen Johanna Castelblanco Villamil,0,9
gh-31337451805,2026-08-09T16:42:18-05:00,1000002-B,CLASE TEORICA,(8) Grupo 8 - Clase Presencial,Adriana Patricia Díaz Cuevas,0,9
gh-31337451805,2026-08-09T16:42:18-05:00,1000002-B,CLASE TEORICA,(9) Grupo 9 - Clase Presencial,Carlas Lucia Castilla Lara,10,9
gh-31342430722,2026-08-09T18:40:09-05:00,2015938,CLASE TEORICA,(1) Grupo 1,Maria Alejandra Caicedo Londoño,25,0
gh-31342430722,2026-08-09T18:40:09-05:00,2015938,CLASE TEORICA,(2) Grupo 2,Maria Alejandra Caicedo Londoño,25,0
gh-31342430722,2026-08-09T18:40:09-05:00,2015938,CLASE TEORICA,(3) Grupo 3,JOSE LUIS DIAZ AREVALO,25,0
gh-31342430722,2026-08-09T18:40:09-05:00,2015938,CLASE TEORICA,(4) Grupo 4,JOSE LUIS DIAZ AREVALO,24,0
gh-31342430722,2026-08-09T18:40:10-05:00,2015939,CLASE TEORICA,(1) Grupo 1,ALVARO MARTIN GUTIERREZ MALAXECHEBARRIA,25,1
gh-31342430722,2026-08-09T18:40:10-05:00,2015939,CLASE TEORICA,(2) Grupo 2,ALVARO MARTIN GUTIERREZ MALAXECHEBARRIA,25,1
gh-31342430722,2026-08-09T18:40:10-05:00,2015939,CLASE TEORICA,(3) Grupo 3,Edder Alexander Velandia Duran,25,1
gh-31342430722,2026-08-09T18:40:10-05:00,2015939,CLASE TEORICA,(4) Grupo 4,No informado,25,1
gh-31342430722,2026-08-09T18:40:12-05:00,1000003-B,NA,(1) Grupo 1,Erika Lorena Rosero Alzate; Oscar Andrés Rojas Sepúlveda,0,-1
gh-31342430722,2026-08-09T18:40:12-05:00,1000003-B,NA,(10) Grupo 10,Epifanio Lozano Ayala,14,-1
gh-31342430722,2026-08-09T18:40:12-05:00,1000003-B,NA,(11) Grupo 11,No informado,60,-1
gh-31342430722,2026-08-09T18:40:12-05:00,1000003-B,NA,(12) Grupo 12,No informado,40,-1
gh-31342430722,2026-08-09T18:40:12-05:00,1000003-B,NA,(13) Grupo 13,Mohammed EL AIDI,40,-1
gh-31342430722,2026-08-09T18:40:12-05:00,1000003-B,NA,(15) Grupo 15,Myriam Leonor Campos Florez,60,-1
gh-31342430722,2026-08-09T18:40:12-05:00,1000003-B,NA,(16) Grupo 16,No informado,60,-1
gh-31342430722,2026-08-09T18:40:12-05:00,1000003-B,NA,(17) Grupo 17,Martha Cecilia Moreno Penagos,40,-1
gh-31342430722,2026-08-09T18:40:12-05:00,1000003-B,NA,(18) Grupo 18,John Alexander Cruz Morales,52,-1
gh-31342430722,2026-08-09T18:40:12-05:00,1000003-B,NA,(20) Grupo 20,Natalia Camila Pinzon Cortes,60,-1
gh-31342430722,2026-08-09T18:40:12-05:00,1000003-B,NA,(21) Grupo 21,Ivon Andrea Dorado Correa,52,-1
gh-31342430722,2026-08-09T18:40:12-05:00,1000003-B,NA,(22) Grupo 22,No informado,46,-1
gh-31342430722,2026-08-09T18:40:12-05:00,1000003-B,NA,(3) Grupo 3,No informado,60,-1
gh-31342430722,2026-08-09T18:40:12-05:00,1000003-B,NA,(4) Grupo 4,Luis Alejandro Barbosa Torres,112,-1
gh-31342430722,2026-08-09T18:40:12-05:00,1000003-B,NA,(5) Grupo 5,Jaime David Mora Paz,60,-1
gh-31342430722,2026-08-09T18:40:12-05:00,1000003-B,NA,(7) Grupo 7,Myriam Leonor Campos Florez,40,-1
gh-31342430722,2026-08-09T18:40:12-05:00,1000003-B,NA,(8) Grupo 8,No informado,10,-1
gh-31342430722,2026-08-09T18:40:13-05:00,2015940,CLASE TEORICA,(1) Grupo 1,Maritzabel Molina Herrera,24,3
gh-31342430722,2026-08-09T18:40:13-05:00,2015940,CLASE TEORICA,(2) Grupo 2,Gabriel Andres Bernal Granados,24,3
gh-31342430722,2026-08-09T18:40:13-05:00,2015940,CLASE TEORICA,(3) Grupo 3,No informado,24,3
gh-31342430722,2026-08-09T18:40:14-05:00,2015941,CLASE TEORICA,(1) Grupo 1,Patricia Luna Tamayo,30,4
gh-31342430722,2026-08-09T18:40:14-05:00,2015941,CLASE TEORICA,(2) Grupo 2,No informado,30,4
gh-31342430722,2026-08-09T18:40:14-05:00,2015941,CLASE TEORICA,(3) Grupo 3,Carlos Ramiro Vallecilla Bahena,30,4
gh-31342430722,2026-08-09T18:40:14-05:00,2015941,CLASE TEORICA,(4) Grupo 4,No informado,30,4
gh-31342430722,2026-08-09T18:40:16-05:00,1000004-B,NA,(10) Grupo 10,No informado,53,5
gh-31342430722,2026-08-09T18:40:16-05:00,1000004-B,NA,(11) Grupo 11,No informado,24,5
gh-31342430722,2026-08-09T18:40:16-05:00,1000004-B,NA,(12) Grupo 12,No informado,24,5
gh-31342430722,2026-08-09T18:40:16-05:00,1000004-B,NA,(13) Grupo 13,No informado,16,5
gh-31342430722,2026-08-09T18:40:16-05:00,1000004-B,NA,(14) Grupo 14,No informado,90,5
gh-31342430722,2026-08-09T18:40:16-05:00,1000004-B,NA,(16) Grupo 16,No informado,27,5
gh-31342430722,2026-08-09T18:40:16-05:00,1000004-B,NA,(17) Grupo 17,Hernan Garzon Gutierrez,39,5
gh-31342430722,2026-08-09T18:40:16-05:00,1000004-B,NA,(19) Grupo 19,No informado,59,5
gh-31342430722,2026-08-09T18:40:16-05:00,1000004-B,NA,(2) Grupo 2,No informado,24,5
gh-31342430722,2026-08-09T18:40:16-05:00,1000004-B,NA,(20) Grupo 20,Hernan Garzon Gutierrez,10,5
gh-31342430722,2026-08-09T18:40:16-05:00,1000004-B,NA,(21) Grupo 21,No informado,60,5
gh-31342430722,2026-08-09T18:40:16-05:00,1000004-B,NA,(22) Grupo 22,No informado,60,5
gh-31342430722,2026-08-09T18:40:16-05:00,1000004-B,NA,(24) Grupo 24,Ricardo Ariel Pastran Ramirez,60,5
gh-31342430722,2026-08-09T18:40:16-05:00,1000004-B,NA,(25) Grupo 25,No informado,40,5
gh-31342430722,2026-08-09T18:40:16-05:00,1000004-B,NA,(27) Grupo 27,No informado,51,5
gh-31342430722,2026-08-09T18:40:16-05:00,1000004-B,NA,(28) Grupo 28,No informado,60,5
gh-31342430722,2026-08-09T18:40:16-05:00,1000004-B,NA,(29) Grupo 29,No informado,60,5
gh-31342430722,2026-08-09T18:40:16-05:00,1000004-B,NA,(30) Grupo 30,No informado,60,5
gh-31342430722,2026-08-09T18:40:16-05:00,1000004-B,NA,(32) Grupo 32,No informado,90,5
gh-31342430722,2026-08-09T18:40:16-05:00,1000004-B,NA,(4) Grupo 4,Myriam Leonor Campos Florez,37,5
gh-31342430722,2026-08-09T18:40:16-05:00,1000004-B,NA,(5) Grupo 5,Oscar Javier Lopez Alfonso,84,5
gh-31342430722,2026-08-09T18:40:16-05:00,1000004-B,NA,(7) Grupo 7,Anderson Arley Vera Arboleda,64,5
gh-31342430722,2026-08-09T18:40:16-05:00,1000004-B,NA,(8) Grupo 8,No informado,40,5
gh-31342430722,2026-08-09T18:40:16-05:00,1000004-B,NA,(9) Grupo 9,No informado,18,5
gh-31342430722,2026-08-09T18:40:17-05:00,1000006-B,NA,(1) Grupo 1,No informado,40,6
gh-31342430722,2026-08-09T18:40:17-05:00,1000006-B,NA,(10) Grupo 10,No informado,100,6
gh-31342430722,2026-08-09T18:40:17-05:00,1000006-B,NA,(11) Grupo 11,No informado,40,6
gh-31342430722,2026-08-09T18:40:17-05:00,1000006-B,NA,(12) Grupo 12,Leonid Lebedev,60,6
gh-31342430722,2026-08-09T18:40:17-05:00,1000006-B,NA,(13) Grupo 13,Juan Carlos Hernandez Rincon,40,6
gh-31342430722,2026-08-09T18:40:17-05:00,1000006-B,NA,(14) Grupo 14,No informado,60,6
gh-31342430722,2026-08-09T18:40:17-05:00,1000006-B,NA,(15) Grupo 15,No informado,112,6
gh-31342430722,2026-08-09T18:40:17-05:00,1000006-B,NA,(2) Grupo 2,EDIXON MANUEL ROJAS SANTANA,40,6
gh-31342430722,2026-08-09T18:40:17-05:00,1000006-B,NA,(3) Grupo 3,Cesar Augusto Gomez Sierra,40,6
gh-31342430722,2026-08-09T18:40:17-05:00,1000006-B,NA,(4) Grupo 4,Agustin Moreno Canadas,100,6
gh-31342430722,2026-08-09T18:40:17-05:00,1000006-B,NA,(5) Grupo 5,German Eduardo Fonseca Buitrago,40,6
gh-31342430722,2026-08-09T18:40:17-05:00,1000006-B,NA,(7) Grupo 7,No informado,70,6
gh-31342430722,2026-08-09T18:40:17-05:00,1000006-B,NA,(8) Grupo 8,Epifanio Lozano Ayala,60,6
gh-31342430722,2026-08-09T18:40:17-05:00,1000006-B,NA,(9) Grupo 9,Orlando Vanegas Canro,0,6
gh-31342430722,2026-08-09T18:40:19-05:00,1000005-B,NA,(1) Grupo 1,Orlando Vanegas Canro,0,7
gh-31342430722,2026-08-09T18:40:19-05:00,1000005-B,NA,(10) Grupo 10,Epifanio Lozano Ayala,50,7
gh-31342430722,2026-08-09T18:40:19-05:00,1000005-B,NA,(14) Grupo 14,Mohammed EL AIDI,40,7
gh-31342430722,2026-08-09T18:40:19-05:00,1000005-B,NA,(15) Grupo 15,Alina Fedosova,60,7
gh-31342430722,2026-08-09T18:40:19-05:00,1000005-B,NA,(16) Grupo 16,No informado,70,7
gh-31342430722,2026-08-09T18:40:19-05:00,1000005-B,NA,(17) Grupo 17,Hernan Garzon Gutierrez,40,7
gh-31342430722,2026-08-09T18:40:19-05:00,1000005-B,NA,(2) Grupo 2,RENE ERLIN CASTILLO,60,7
gh-31342430722,2026-08-09T18:40:19-05:00,1000005-B,NA,(20) Grupo 20,Franqui Solis Cardenas Poloche,40,7
gh-31342430722,2026-08-09T18:40:19-05:00,1000005-B,NA,(22) Grupo 22,No informado,60,7
gh-31342430722,2026-08-09T18:40:19-05:00,1000005-B,NA,(3) Grupo 3,Eduardo Cardenas Gomez,70,7
gh-31342430722,2026-08-09T18:40:19-05:00,1000005-B,NA,(4) Grupo 4,Edward Samuel Becerra Rojas,60,7
gh-31342430722,2026-08-09T18:40:19-05:00,1000005-B,NA,(6) Grupo 6,No informado,60,7
gh-31342430722,2026-08-09T18:40:19-05:00,1000005-B,NA,(7) Grupo 7,Franqui Solis Cardenas Poloche,100,7
gh-31342430722,2026-08-09T18:40:19-05:00,1000005-B,NA,(8) Grupo 8,No informado,40,7
gh-31342430722,2026-08-09T18:40:19-05:00,1000005-B,NA,(9) Grupo 9,No informado,10,7
gh-31342430722,2026-08-09T18:40:21-05:00,2015943,CLASE TEORICA,(1) Grupo 1,Carlos Orlando Robles Roa,15,9
gh-31342430722,2026-08-09T18:40:23-05:00,2015944,CLASE TEORICA,(1) Grupo 1,SANTIAGO RAMIREZ ECHEVERRI,15,10
gh-31342430722,2026-08-09T18:40:24-05:00,2015711,NA,(10) 2015711-10 Dibujo básico,Ariel Augusto Amaya Avila,0,11
gh-31342430722,2026-08-09T18:40:24-05:00,2015711,NA,(11) 2015711-11 Dibujo básico,Cesar Augusto Bacca Gonzalez,0,11
gh-31342430722,2026-08-09T18:40:24-05:00,2015711,NA,(14) 2015711-14 Dibujo básico,Cristian Felipe Morales Suárez,0,11
gh-31342430722,2026-08-09T18:40:24-05:00,2015711,NA,(16) 2015711-16 Dibujo básico,DAVID FELIPE TORRES ARCE,0,11
gh-31342430722,2026-08-09T18:40:24-05:00,2015711,NA,(4) 2015711-4 Dibujo básico,Cristian Felipe Morales Suárez,9,11
gh-31342430722,2026-08-09T18:40:24-05:00,2015711,NA,(5) 2015711-5 Dibujo básico,Sebastian Achury Ortiz,0,11
gh-31342430722,2026-08-09T18:40:24-05:00,2015711,NA,(7) 2015711-7 Dibujo básico,Cesar Augusto Bacca Gonzalez,20,11
gh-31342430722,2026-08-09T18:40:24-05:00,2015711,NA,(8) 2015711-8 Dibujo básico,Miguel Angel Baquero Cortes,0,11
gh-31342430722,2026-08-09T18:40:24-05:00,2015711,NA,(9) 2015711-9 Dibujo básico,EDWIN CAMILO REINA BELTRAN,0,11
gh-31342430722,2026-08-09T18:40:25-05:00,2015948,CLASE TEORICA,(1) Grupo 1,No informado,30,12
gh-31342430722,2026-08-09T18:40:25-05:00,2015948,CLASE TEORICA,(2) Grupo 2,Mauricio Alberto Tapias Camacho,30,12
gh-31342430722,2026-08-09T18:40:25-05:00,2015948,CLASE TEORICA,(3) Grupo 3,No informado,30,12
gh-31342430722,2026-08-09T18:40:27-05:00,2015950,CLASE TEORICA,(1) Grupo 1,No informado,25,13
gh-31342430722,2026-08-09T18:40:27-05:00,2015950,CLASE TEORICA,(2) Grupo 2,No informado,0,13
gh-31342430722,2026-08-09T18:40:27-05:00,2015950,CLASE TEORICA,(3) Grupo 3,Daniel Ricardo Lozano Monsalve,25,13
gh-31342430722,2026-08-09T18:40:27-05:00,2015950,CLASE TEORICA,(4) Grupo 4,No informado,25,13
gh-31342430722,2026-08-09T18:40:27-05:00,2015950,CLASE TEORICA,(5) Grupo 5,No informado,25,13
gh-31342430722,2026-08-09T18:40:28-05:00,2015949,CLASE TEORICA,(1) Grupo 1,Mario Javier Cardozo Chaux,30,14
gh-31342430722,2026-08-09T18:40:28-05:00,2015949,CLASE TEORICA,(2) Grupo 2,Wilson Ernesto Vargas Vargas,30,14
gh-31342430722,2026-08-09T18:40:28-05:00,2015949,CLASE TEORICA,(3) Grupo 3,No informado,30,14
gh-31342430722,2026-08-09T18:40:29-05:00,1000007-B,NA,(1) Grupo 1,German Eduardo Fonseca Buitrago,60,15
gh-31342430722,2026-08-09T18:40:29-05:00,1000007-B,NA,(11) Grupo 11,Leonid Lebedev,60,15
gh-31342430722,2026-08-09T18:40:29-05:00,1000007-B,NA,(12) Grupo 12,No informado,60,15
gh-31342430722,2026-08-09T18:40:29-05:00,1000007-B,NA,(13) Grupo 13,Omar Duque Gomez,40,15
gh-31342430722,2026-08-09T18:40:29-05:00,1000007-B,NA,(14) Grupo 14,No informado,100,15
gh-31342430722,2026-08-09T18:40:29-05:00,1000007-B,NA,(3) Grupo 3,Serafin Bautista Diaz,40,15
gh-31342430722,2026-08-09T18:40:29-05:00,1000007-B,NA,(4) Grupo 4,EDIXON MANUEL ROJAS SANTANA,60,15
gh-31342430722,2026-08-09T18:40:29-05:00,1000007-B,NA,(6) Grupo 6,Alexander Caviedes Castro,50,15
gh-31342430722,2026-08-09T18:40:29-05:00,1000007-B,NA,(7) Grupo 7,Oscar Guillermo Riaño Castañeda,40,15
gh-31342430722,2026-08-09T18:40:29-05:00,1000007-B,NA,(9) Grupo 9,Orlando Vanegas Canro,0,15
gh-31342430722,2026-08-09T18:40:30-05:00,2026134,CLASE TEORICA,(1) Grupo 1,No informado,0,16
gh-31342430722,2026-08-09T18:40:30-05:00,2026134,CLASE TEORICA,(2) Grupo 2,Juan Manuel Lizarazo Marriaga,30,16
gh-31342430722,2026-08-09T18:40:30-05:00,2026134,CLASE TEORICA,(3) Grupo 3,Maritzabel Molina Herrera,30,16
gh-31342430722,2026-08-09T18:40:30-05:00,2026134,CLASE TEORICA,(4) Grupo 4,Carlos Ramiro Vallecilla Bahena,30,16
gh-31342430722,2026-08-09T18:40:30-05:00,2026134,CLASE TEORICA,(5) Grupo 5,Fernando Lozano Osorno,30,16
gh-31342430722,2026-08-09T18:40:30-05:00,2026134,CLASE TEORICA,(6) Grupo 6,No informado,30,16
gh-31342430722,2026-08-09T18:40:31-05:00,2015954,CLASE TEORICA,(1) Grupo 1,Erasmo Alfredo Rodriguez Sandoval,30,17
gh-31342430722,2026-08-09T18:40:31-05:00,2015954,CLASE TEORICA,(2) Grupo 2,Mario Enrique Moreno Castiblanco,30,17
gh-31342430722,2026-08-09T18:40:31-05:00,2015954,CLASE TEORICA,(3) Grupo 3,Luis Alejandro Morales Marin,30,17
gh-31342430722,2026-08-09T18:40:33-05:00,2015955,CLASE TEORICA,(1) Grupo 1,Giovanni Andres Cortes Tovar,30,18
gh-31342430722,2026-08-09T18:40:33-05:00,2015955,CLASE TEORICA,(2) Grupo 2,Angela Barrera Puerto,30,18
gh-31342430722,2026-08-09T18:40:33-05:00,2015955,CLASE TEORICA,(3) Grupo 3,Giovanni Andres Cortes Tovar,30,18
gh-31342430722,2026-08-09T18:40:34-05:00,1000011-B,CLASE TEORICA,(1) Grupo 1,Ernesto Javier Puertas Dellepianes,118,19
gh-31342430722,2026-08-09T18:40:34-05:00,1000011-B,CLASE TEORICA,(3) Grupo 3,Néstor Fernando Perez Buitrago,12,19
gh-31342430722,2026-08-09T18:40:37-05:00,1000019-B,CLASE LABORATORIO,(1) Grupo 1,Gustavo Martinez Tamayo,35,20
gh-31342430722,2026-08-09T18:40:37-05:00,1000019-B,CLASE TALLER,(1) Grupo 1,FABIAN FELIPE QUEVEDO FARIETA,35,20
gh-31342430722,2026-08-09T18:40:37-05:00,1000019-B,CLASE MAGISTRAL,(1) Grupo 1,Gustavo Martinez Tamayo,35,20
gh-31342430722,2026-08-09T18:40:37-05:00,1000019-B,CLASE LABORATORIO,(10) Grupo 10,LUIS AGULLES PEDROS,35,20
gh-31342430722,2026-08-09T18:40:37-05:00,1000019-B,CLASE TALLER,(10) Grupo 10,Jhon Morales Aponte,35,20
gh-31342430722,2026-08-09T18:40:37-05:00,1000019-B,CLASE MAGISTRAL,(10) Grupo 10,Ovidio Amado Almanza Montero,35,20
gh-31342430722,2026-08-09T18:40:37-05:00,1000019-B,CLASE LABORATORIO,(11) Grupo 11,EVER DAVID ALCALA CAJAR,35,20
gh-31342430722,2026-08-09T18:40:37-05:00,1000019-B,CLASE TALLER,(11) Grupo 11,JULIAN MATEO DE MENDOZA GUTIERREZ,35,20
gh-31342430722,2026-08-09T18:40:37-05:00,1000019-B,CLASE MAGISTRAL,(11) Grupo 11,Ovidio Amado Almanza Montero,35,20
gh-31342430722,2026-08-09T18:40:37-05:00,1000019-B,CLASE LABORATORIO,(12) Grupo 12,FABIAN FELIPE QUEVEDO FARIETA,35,20
gh-31342430722,2026-08-09T18:40:37-05:00,1000019-B,CLASE TALLER,(12) Grupo 12,EVER DAVID ALCALA CAJAR,35,20
gh-31342430722,2026-08-09T18:40:37-05:00,1000019-B,CLASE MAGISTRAL,(12) Grupo 12,Ovidio Amado Almanza Montero,35,20
gh-31342430722,2026-08-09T18:40:37-05:00,1000019-B,CLASE LABORATORIO,(13) Grupo 13,Alvaro Marino Camargo,35,20
gh-31342430722,2026-08-09T18:40:37-05:00,1000019-B,CLASE TALLER,(13) Grupo 13,MIGUEL ENRIQUE GÁMEZ LÓPEZ,35,20
gh-31342430722,2026-08-09T18:40:37-05:00,1000019-B,CLASE MAGISTRAL,(13) Grupo 13,Alvaro Marino Camargo,35,20
gh-31342430722,2026-08-09T18:40:37-05:00,1000019-B,CLASE LABORATORIO,(14) Grupo 14,Alvaro Marino Camargo,35,20
gh-31342430722,2026-08-09T18:40:37-05:00,1000019-B,CLASE TALLER,(14) Grupo 14,No informado,35,20
gh-31342430722,2026-08-09T18:40:37-05:00,1000019-B,CLASE MAGISTRAL,(14) Grupo 14,Alvaro Marino Camargo,35,20
gh-31342430722,2026-08-09T18:40:37-05:00,1000019-B,CLASE LABORATORIO,(15) Grupo 15,JULIAN MATEO DE MENDOZA GUTIERREZ,32,20
gh-31342430722,2026-08-09T18:40:37-05:00,1000019-B,CLASE TALLER,(15) Grupo 15,EVER DAVID ALCALA CAJAR,32,20
gh-31342430722,2026-08-09T18:40:37-05:00,1000019-B,CLASE MAGISTRAL,(15) Grupo 15,Alvaro Marino Camargo,32,20
gh-31342430722,2026-08-09T18:40:37-05:00,1000019-B,CLASE MAGISTRAL,(16) Gruop 16,Erika Lorena Rosero Alzate; Daniel Camilo Padilla González,8,20
gh-31342430722,2026-08-09T18:40:37-05:00,1000019-B,CLASE LABORATORIO,(16) Grupo 16,Alvaro Marino Camargo,35,20
gh-31342430722,2026-08-09T18:40:37-05:00,1000019-B,CLASE TALLER,(16) Grupo 16,Edna Carolina Pinilla Beltran,35,20
gh-31342430722,2026-08-09T18:40:37-05:00,1000019-B,CLASE LABORATORIO,(17) Grupo 17,JULIAN MATEO DE MENDOZA GUTIERREZ,34,20
gh-31342430722,2026-08-09T18:40:37-05:00,1000019-B,CLASE TALLER,(17) Grupo 17,Jereson Silva Valencia,34,20
gh-31342430722,2026-08-09T18:40:37-05:00,1000019-B,CLASE MAGISTRAL,(17) Grupo 17,Jereson Silva Valencia,34,20
gh-31342430722,2026-08-09T18:40:37-05:00,1000019-B,CLASE LABORATORIO,(18) Grupo 18,Jaime Villalobos Velasco,34,20
gh-31342430722,2026-08-09T18:40:37-05:00,1000019-B,CLASE TALLER,(18) Grupo 18,Jereson Silva Valencia,34,20
gh-31342430722,2026-08-09T18:40:37-05:00,1000019-B,CLASE MAGISTRAL,(18) Grupo 18,Jereson Silva Valencia,34,20
gh-31342430722,2026-08-09T18:40:37-05:00,1000019-B,CLASE LABORATORIO,(19) Grupo 19,JULY PAOLA GARZÓN LOPEZ,32,20
gh-31342430722,2026-08-09T18:40:37-05:00,1000019-B,CLASE TALLER,(19) Grupo 19,Jereson Silva Valencia,32,20
gh-31342430722,2026-08-09T18:40:37-05:00,1000019-B,CLASE MAGISTRAL,(19) Grupo 19,Jereson Silva Valencia,32,20
gh-31342430722,2026-08-09T18:40:37-05:00,1000019-B,CLASE LABORATORIO,(2) Grupo 2,Gustavo Martinez Tamayo,35,20
gh-31342430722,2026-08-09T18:40:37-05:00,1000019-B,CLASE TALLER,(2) Grupo 2,Gustavo Martinez Tamayo,35,20
gh-31342430722,2026-08-09T18:40:37-05:00,1000019-B,CLASE MAGISTRAL,(2) Grupo 2,Gustavo Martinez Tamayo,35,20
gh-31342430722,2026-08-09T18:40:37-05:00,1000019-B,CLASE LABORATORIO,(20) Grupo 20,JOSE ALFREDO GOMEZ MATEUS,35,20
gh-31342430722,2026-08-09T18:40:37-05:00,1000019-B,CLASE TALLER,(20) Grupo 20,Jereson Silva Valencia,35,20
gh-31342430722,2026-08-09T18:40:37-05:00,1000019-B,CLASE MAGISTRAL,(20) Grupo 20,Jereson Silva Valencia,35,20
gh-31342430722,2026-08-09T18:40:37-05:00,1000019-B,CLASE LABORATORIO,(21) Grupo 21,Pedro Hernan Sanchez Machet,35,20
gh-31342430722,2026-08-09T18:40:37-05:00,1000019-B,CLASE TALLER,(21) Grupo 21,JOSE ALFREDO GOMEZ MATEUS,35,20
gh-31342430722,2026-08-09T18:40:37-05:00,1000019-B,CLASE MAGISTRAL,(21) Grupo 21,Diego Alejandro Torres Galindo,35,20
gh-31342430722,2026-08-09T18:40:37-05:00,1000019-B,CLASE LABORATORIO,(22) Grupo 22,Pedro Hernan Sanchez Machet,35,20
gh-31342430722,2026-08-09T18:40:37-05:00,1000019-B,CLASE TALLER,(22) Grupo 22,JULY PAOLA GARZÓN LOPEZ,35,20
gh-31342430722,2026-08-09T18:40:37-05:00,1000019-B,CLASE MAGISTRAL,(22) Grupo 22,Diego Alejandro Torres Galindo,35,20
gh-31342430722,2026-08-09T18:40:37-05:00,1000019-B,CLASE LABORATORIO,(23) Grupo 23,Pedro Hernan Sanchez Machet,35,20
gh-31342430722,2026-08-09T18:40:37-05:00,1000019-B,CLASE TALLER,(23) Grupo 23,Edna Carolina Pinilla Beltran,35,20
gh-31342430722,2026-08-09T18:40:37-05:00,1000019-B,CLASE MAGISTRAL,(23) Grupo 23,Diego Alejandro Torres Galindo,35,20
gh-31342430722,2026-08-09T18:40:37-05:00,1000019-B,CLASE LABORATORIO,(24) Grupo 24,Pedro Hernan Sanchez Machet,35,20
gh-31342430722,2026-08-09T18:40:37-05:00,1000019-B,CLASE TALLER,(24) Grupo 24,Diego Alejandro Torres Galindo,35,20
gh-31342430722,2026-08-09T18:40:37-05:00,1000019-B,CLASE MAGISTRAL,(24) Grupo 24,Diego Alejandro Torres Galindo,35,20
gh-31342430722,2026-08-09T18:40:37-05:00,1000019-B,CLASE LABORATORIO,(25) Grupo 25,Plinio Del Carmen Teheran Sermeno,45,20
gh-31342430722,2026-08-09T18:40:37-05:00,1000019-B,CLASE TALLER,(25) Grupo 25,Plinio Del Carmen Teheran Sermeno,45,20
gh-31342430722,2026-08-09T18:40:37-05:00,1000019-B,CLASE MAGISTRAL,(25) Grupo 25,Plinio Del Carmen Teheran Sermeno,45,20
gh-31342430722,2026-08-09T18:40:37-05:00,1000019-B,CLASE LABORATORIO,(26) Grupo 26 (VIRTUAL),Plinio Del Carmen Teheran Sermeno,50,20
gh-31342430722,2026-08-09T18:40:37-05:00,1000019-B,CLASE TALLER,(26) Grupo 26 (VIRTUAL),Plinio Del Carmen Teheran Sermeno,50,20
gh-31342430722,2026-08-09T18:40:37-05:00,1000019-B,CLASE MAGISTRAL,(26) Grupo 26 (VIRTUAL),Plinio Del Carmen Teheran Sermeno,50,20
gh-31342430722,2026-08-09T18:40:37-05:00,1000019-B,CLASE LABORATORIO,(27) Grupo 27 (VIRTUAL),Plinio Del Carmen Teheran Sermeno,50,20
gh-31342430722,2026-08-09T18:40:37-05:00,1000019-B,CLASE TALLER,(27) Grupo 27 (VIRTUAL),Plinio Del Carmen Teheran Sermeno,50,20
gh-31342430722,2026-08-09T18:40:37-05:00,1000019-B,CLASE MAGISTRAL,(27) Grupo 27 (VIRTUAL),Plinio Del Carmen Teheran Sermeno,50,20
gh-31342430722,2026-08-09T18:40:37-05:00,1000019-B,CLASE LABORATORIO,(28) Grupo 28 (VIRTUAL),Plinio Del Carmen Teheran Sermeno,50,20
gh-31342430722,2026-08-09T18:40:37-05:00,1000019-B,CLASE TALLER,(28) Grupo 28 (VIRTUAL),Plinio Del Carmen Teheran Sermeno,50,20
gh-31342430722,2026-08-09T18:40:37-05:00,1000019-B,CLASE MAGISTRAL,(28) Grupo 28 (VIRTUAL),Plinio Del Carmen Teheran Sermeno,50,20
gh-31342430722,2026-08-09T18:40:37-05:00,1000019-B,CLASE LABORATORIO,(29) Grupo 29 (VIRTUAL),Plinio Del Carmen Teheran Sermeno,50,20
gh-31342430722,2026-08-09T18:40:37-05:00,1000019-B,CLASE TALLER,(29) Grupo 29 (VIRTUAL),Plinio Del Carmen Teheran Sermeno,50,20
gh-31342430722,2026-08-09T18:40:37-05:00,1000019-B,CLASE MAGISTRAL,(29) Grupo 29 (VIRTUAL),Plinio Del Carmen Teheran Sermeno,50,20
gh-31342430722,2026-08-09T18:40:37-05:00,1000019-B,CLASE LABORATORIO,(3) Grupo 3,Gustavo Martinez Tamayo,35,20
gh-31342430722,2026-08-09T18:40:37-05:00,1000019-B,CLASE TALLER,(3) Grupo 3,Gustavo Martinez Tamayo,35,20
gh-31342430722,2026-08-09T18:40:37-05:00,1000019-B,CLASE MAGISTRAL,(3) Grupo 3,Gustavo Martinez Tamayo,35,20
gh-31342430722,2026-08-09T18:40:37-05:00,1000019-B,CLASE LABORATORIO,(4) Grupo 4,No informado,35,20
gh-31342430722,2026-08-09T18:40:37-05:00,1000019-B,CLASE TALLER,(4) Grupo 4,Jaime Villalobos Velasco,35,20
gh-31342430722,2026-08-09T18:40:37-05:00,1000019-B,CLASE MAGISTRAL,(4) Grupo 4,Gustavo Martinez Tamayo,35,20
gh-31342430722,2026-08-09T18:40:37-05:00,1000019-B,CLASE LABORATORIO,(5) Grupo 5,FABIAN FELIPE QUEVEDO FARIETA,35,20
gh-31342430722,2026-08-09T18:40:37-05:00,1000019-B,CLASE TALLER,(5) Grupo 5,Jaime Villalobos Velasco,35,20
gh-31342430722,2026-08-09T18:40:37-05:00,1000019-B,CLASE MAGISTRAL,(5) Grupo 5,Ramiro Cardona Cardona,35,20
gh-31342430722,2026-08-09T18:40:37-05:00,1000019-B,CLASE LABORATORIO,(6) Grupo 6,Jaime Villalobos Velasco,35,20
gh-31342430722,2026-08-09T18:40:37-05:00,1000019-B,CLASE TALLER,(6) Grupo 6,Ramiro Cardona Cardona,35,20
gh-31342430722,2026-08-09T18:40:37-05:00,1000019-B,CLASE MAGISTRAL,(6) Grupo 6,Ramiro Cardona Cardona,35,20
gh-31342430722,2026-08-09T18:40:37-05:00,1000019-B,CLASE LABORATORIO,(7) Grupo 7,Jaime Villalobos Velasco,35,20
gh-31342430722,2026-08-09T18:40:37-05:00,1000019-B,CLASE TALLER,(7) Grupo 7,Ramiro Cardona Cardona,35,20
gh-31342430722,2026-08-09T18:40:37-05:00,1000019-B,CLASE MAGISTRAL,(7) Grupo 7,Ramiro Cardona Cardona,35,20
gh-31342430722,2026-08-09T18:40:37-05:00,1000019-B,CLASE LABORATORIO,(8) Grupo 8,Jaime Villalobos Velasco,35,20
gh-31342430722,2026-08-09T18:40:37-05:00,1000019-B,CLASE TALLER,(8) Grupo 8,Edna Carolina Pinilla Beltran,35,20
gh-31342430722,2026-08-09T18:40:37-05:00,1000019-B,CLASE MAGISTRAL,(8) Grupo 8,Ramiro Cardona Cardona,35,20
gh-31342430722,2026-08-09T18:40:37-05:00,1000019-B,CLASE LABORATORIO,(9) Grupo 9,Erika Lorena Rosero Alzate,0,20
gh-31342430722,2026-08-09T18:40:37-05:00,1000019-B,CLASE TALLER,(9) Grupo 9,No informado,10,20
gh-31342430722,2026-08-09T18:40:37-05:00,1000019-B,CLASE MAGISTRAL,(9) Grupo 9,Fredy Angel Jimenez Giraldo,10,20
gh-31342430722,2026-08-09T18:40:38-05:00,2015956,CLASE TEORICA,(1) Grupo 1,Modesto Portilla Gamboa; Fernando Eli Romero Ordoñez,35,21
gh-31342430722,2026-08-09T18:40:38-05:00,2015956,CLASE TEORICA,(2) Grupo 2,Jennifer Angel Amaya,30,21
gh-31342430722,2026-08-09T18:40:38-05:00,2015956,CLASE TEORICA,(3) Grupo 3,Jennifer Angel Amaya,30,21
gh-31342430722,2026-08-09T18:40:38-05:00,2015956,CLASE TEORICA,(4) Grupo 4,Fernando Eli Romero Ordoñez; Modesto Portilla Gamboa,35,21
gh-31342430722,2026-08-09T18:40:39-05:00,2015957,CLASE PRACTICA,(1) Grupo 1,No informado,30,22
gh-31342430722,2026-08-09T18:40:39-05:00,2015957,CLASE PRACTICA,(2) Grupo 2,Samuel Fernando Mesa Giraldo,30,22
gh-31342430722,2026-08-09T18:40:39-05:00,2015957,CLASE PRACTICA,(3) Grupo 3,Rose Marie Aldana Boutin,30,22
gh-31342430722,2026-08-09T18:40:39-05:00,2015957,CLASE PRACTICA,(4) Grupo 4,Rose Marie Aldana Boutin,30,22
gh-31342430722,2026-08-09T18:40:41-05:00,2015958,CLASE PRACTICA,(1) Grupo 1,William Castro Garcia,20,23
gh-31342430722,2026-08-09T18:40:41-05:00,2015958,CLASE TEORICA,(1) Grupo 1,William Castro Garcia,40,23
gh-31342430722,2026-08-09T18:40:41-05:00,2015958,CLASE PRACTICA,(2) Grupo 2,William Castro Garcia,20,23
gh-31342430722,2026-08-09T18:40:41-05:00,2015958,CLASE PRACTICA,(3) Grupo 3,Carlos Alfonso Gomez Guacaneme,30,23
gh-31342430722,2026-08-09T18:40:41-05:00,2015958,CLASE TEORICA,(3) Grupo 3,Carlos Alfonso Gomez Guacaneme,30,23
gh-31342430722,2026-08-09T18:40:41-05:00,2015958,CLASE PRACTICA,(4) Grupo 4,Mario Arturo Rincon Villalba,20,23
gh-31342430722,2026-08-09T18:40:41-05:00,2015958,CLASE TEORICA,(4) Grupo 4,Mario Arturo Rincon Villalba,40,23
gh-31342430722,2026-08-09T18:40:41-05:00,2015958,CLASE PRACTICA,(5) Grupo 5,Mario Arturo Rincon Villalba,20,23
gh-31342430722,2026-08-09T18:40:41-05:00,2015958,CLASE PRACTICA,(6) Grupo 6,Fausto Alejandro Silva España,20,23
gh-31342430722,2026-08-09T18:40:41-05:00,2015958,CLASE TEORICA,(6) Grupo 6,Cesar Andres Cortes Bello,40,23
gh-31342430722,2026-08-09T18:40:41-05:00,2015958,CLASE PRACTICA,(7) Grupo 7,Fausto Alejandro Silva España,20,23
gh-31342430722,2026-08-09T18:40:41-05:00,2015958,CLASE PRACTICA,(8) Grupo 8,Fausto Alejandro Silva España,20,23
gh-31342430722,2026-08-09T18:40:41-05:00,2015958,CLASE TEORICA,(8) Grupo 8,Cesar Andres Cortes Bello,40,23
gh-31342430722,2026-08-09T18:40:41-05:00,2015958,CLASE PRACTICA,(9) Grupo 9,Fausto Alejandro Silva España,20,23
gh-31342430722,2026-08-09T18:40:42-05:00,2015959,CLASE TEORICA,(1) Grupo 1,Carlos Eduardo Rodriguez Pineda,30,24
gh-31342430722,2026-08-09T18:40:42-05:00,2015959,CLASE TEORICA,(2) Grupo 2,Guillermo Eduardo Avila Alvarez,30,24
gh-31342430722,2026-08-09T18:40:42-05:00,2015959,CLASE TEORICA,(3) Grupo 3,Livaniel Viveros Rosero,30,24
gh-31342430722,2026-08-09T18:40:42-05:00,2015959,CLASE TEORICA,(4) Grupo 4,No informado,0,24
gh-31342430722,2026-08-09T18:40:44-05:00,2015961,CLASE TEORICA,(1) Grupo 1,Rafael Orland Ortiz Mosquera,24,26
gh-31342430722,2026-08-09T18:40:44-05:00,2015961,CLASE TEORICA,(2) Grupo 2,Adriana Patricia Piña Fulano,24,26
gh-31342430722,2026-08-09T18:40:44-05:00,2015961,CLASE TEORICA,(3) Grupo 3,Gelber Norberto Gutierrez Palacios,24,26
gh-31342430722,2026-08-09T18:40:44-05:00,2015961,CLASE TEORICA,(4) Grupo 4,No informado,24,26
gh-31342430722,2026-08-09T18:40:44-05:00,2015961,CLASE TEORICA,(5) Grupo 5,No informado,24,26
gh-31342430722,2026-08-09T18:40:44-05:00,2015961,CLASE TEORICA,(6) Grupo 6,Leonardo David Donado Garzon,24,26
gh-31342430722,2026-08-09T18:40:45-05:00,2015978,CLASE TEORICA,(1) Grupo 1,No informado,0,27
gh-31342430722,2026-08-09T18:40:45-05:00,2015978,CLASE TEORICA,(2) Grupo 2,Erasmo Alfredo Rodriguez Sandoval,30,27
gh-31342430722,2026-08-09T18:40:45-05:00,2015978,CLASE TEORICA,(3) Grupo 3,No informado,30,27
gh-31342430722,2026-08-09T18:40:45-05:00,2015978,CLASE TEORICA,(4) Grupo 4,No informado,30,27
gh-31342430722,2026-08-09T18:40:45-05:00,2015978,CLASE TEORICA,(5) Grupo 5,No informado,30,27
gh-31342430722,2026-08-09T18:40:46-05:00,2026135,CLASE TEORICA,(1) Grupo 1,NICOLAS ESCALANTE MORA,25,28
gh-31342430722,2026-08-09T18:40:46-05:00,2026135,CLASE TEORICA,(2) Grupo 2,Leonel Vega Mora,25,28
gh-31342430722,2026-08-09T18:40:46-05:00,2026135,CLASE TEORICA,(3) Grupo 3,Leonel Vega Mora,25,28
gh-31342430722,2026-08-09T18:40:48-05:00,2015963,CLASE TEORICA,(1) Grupo 1,No informado,30,29
gh-31342430722,2026-08-09T18:40:48-05:00,2015963,CLASE TEORICA,(2) Grupo 2,No informado,30,29
gh-31342430722,2026-08-09T18:40:48-05:00,2015963,CLASE TEORICA,(3) Grupo 3,William Castro Garcia,30,29
gh-31342430722,2026-08-09T18:40:49-05:00,2026138,CLASE TEORICA,(1) Grupo 1,Ivan Dario Serrano Arrieta,30,30
gh-31342430722,2026-08-09T18:40:49-05:00,2026138,CLASE TEORICA,(2) Grupo 2,Ivan Dario Serrano Arrieta,30,30
gh-31342430722,2026-08-09T18:40:49-05:00,2026138,CLASE TEORICA,(3) Grupo 3,Pedro Luis Jimenez Poveda,30,30
gh-31342430722,2026-08-09T18:40:50-05:00,2015703,NA,(1) Grupo 1,Angela Maria Arboleda Restrepo,40,31
gh-31342430722,2026-08-09T18:40:50-05:00,2015703,NA,(10) Grupo 10,Diego Alejandro Hernandez Castañeda,30,31
gh-31342430722,2026-08-09T18:40:50-05:00,2015703,NA,(11) Grupo 11,Julio Cesar Cañon Rodriguez,30,31
gh-31342430722,2026-08-09T18:40:50-05:00,2015703,NA,(2) Grupo 2,Osman Benjamin Giovanny Vargas Rozo,40,31
gh-31342430722,2026-08-09T18:40:50-05:00,2015703,NA,(3) Grupo 3,Hugo Alberto Herrera Fonseca,40,31
gh-31342430722,2026-08-09T18:40:50-05:00,2015703,NA,(4) Grupo 4,LINA JULIANA BULLA CASAS,30,31
gh-31342430722,2026-08-09T18:40:50-05:00,2015703,NA,(5) Grupo 5 - Virtual,Cesar Augusto Roa Lemus,60,31
gh-31342430722,2026-08-09T18:40:50-05:00,2015703,NA,(6) Grupo 6,JAVIER RICARDO OJEDA SANCHEZ,40,31
gh-31342430722,2026-08-09T18:40:50-05:00,2015703,NA,(7) Grupo 7,JAVIER RICARDO OJEDA SANCHEZ,20,31
gh-31342430722,2026-08-09T18:40:50-05:00,2015703,NA,(8) Grupo 8,Diego Alejandro Hernandez Castañeda,40,31
gh-31342430722,2026-08-09T18:40:50-05:00,2015703,NA,(9) Grupo 9,LINA JULIANA BULLA CASAS,35,31
gh-31342430722,2026-08-09T18:40:52-05:00,1000044-B,CLASE TEORICA,(1) Grupo 1,Beatriz Elena Urrutia Sanchez,26,32
gh-31342430722,2026-08-09T18:40:52-05:00,1000044-B,CLASE TEORICA,(2) Grupo 2,Yaneli Niño Osorio,26,32
gh-31342430722,2026-08-09T18:40:52-05:00,1000044-B,CLASE TEORICA,(3) Grupo 3,Luis Gabriel Peña Ortiz,26,32
gh-31342430722,2026-08-09T18:40:52-05:00,1000044-B,CLASE TEORICA,(4) Grupo 4,Liliana Marcela Guzman Aricapa,26,32
gh-31342430722,2026-08-09T18:40:52-05:00,1000044-B,CLASE TEORICA,(5) Grupo 5,Beatriz Elena Urrutia Sanchez,26,32
gh-31342430722,2026-08-09T18:40:52-05:00,1000044-B,CLASE TEORICA,(6) Grupo 6,Cesar Augusto Romero,26,32
gh-31342430722,2026-08-09T18:40:52-05:00,1000044-B,CLASE TEORICA,(7) Grupo 7,JOSE JONATHAN MAESTRE HERRERA,26,32
gh-31342430722,2026-08-09T18:40:52-05:00,1000044-B,CLASE TEORICA,(8) Grupo 8,Beymar Leonardo Solorzano Alviz,26,32
gh-31342430722,2026-08-09T18:40:52-05:00,1000044-B,CLASE TEORICA,(9) Grupo 9,Claudia Marcela Arevalo Gomez,7,32
gh-31342430722,2026-08-09T18:40:53-05:00,1000045-B,CLASE TEORICA,(1) Grupo 1,Claudia Marcela Arevalo Gomez,10,33
gh-31342430722,2026-08-09T18:40:53-05:00,1000045-B,CLASE TEORICA,(10) Grupo 10,Jesica paola Rendon Alfonso,26,33
gh-31342430722,2026-08-09T18:40:53-05:00,1000045-B,CLASE TEORICA,(11) Grupo 11,JOSE JONATHAN MAESTRE HERRERA,26,33
gh-31342430722,2026-08-09T18:40:53-05:00,1000045-B,CLASE TEORICA,(12) Grupo 12,LINDA JOHANA RUIZ GOMEZ,26,33
gh-31342430722,2026-08-09T18:40:53-05:00,1000045-B,CLASE TEORICA,(13) Grupo 13,Narly Yadira Pardo Cadena,26,33
gh-31342430722,2026-08-09T18:40:53-05:00,1000045-B,CLASE TEORICA,(14) Grupo 14,Angelica Saenz Fonseca,26,33
gh-31342430722,2026-08-09T18:40:53-05:00,1000045-B,CLASE TEORICA,(15) Grupo 15,Narly Yadira Pardo Cadena,26,33
gh-31342430722,2026-08-09T18:40:53-05:00,1000045-B,CLASE TEORICA,(16) Grupo 16,Luis Gabriel Peña Ortiz,26,33
gh-31342430722,2026-08-09T18:40:53-05:00,1000045-B,CLASE TEORICA,(2) Grupo 2,Cesar Augusto Romero,26,33
gh-31342430722,2026-08-09T18:40:53-05:00,1000045-B,CLASE TEORICA,(3) Grupo 3,Jesica paola Rendon Alfonso,26,33
gh-31342430722,2026-08-09T18:40:53-05:00,1000045-B,CLASE TEORICA,(4) Grupo 4,Adriana Marlen Sanchez Riaño,26,33
gh-31342430722,2026-08-09T18:40:53-05:00,1000045-B,CLASE TEORICA,(5) Grupo 5,Cesar Augusto Romero,26,33
gh-31342430722,2026-08-09T18:40:53-05:00,1000045-B,CLASE TEORICA,(6) Grupo 6,Sara Elisa Monsalve Patino,26,33
gh-31342430722,2026-08-09T18:40:53-05:00,1000045-B,CLASE TEORICA,(7) Grupo 7,Luis Gabriel Peña Ortiz,26,33
gh-31342430722,2026-08-09T18:40:53-05:00,1000045-B,CLASE TEORICA,(8) Grupo 8,Johnatan Martinez Hernandez,26,33
gh-31342430722,2026-08-09T18:40:53-05:00,1000045-B,CLASE TEORICA,(9) Grupo 9,Maureen Elizabeth Hooker Oneill,15,33
gh-31342430722,2026-08-09T18:40:56-05:00,1000046-B,CLASE TEORICA,(1) Grupo 1,Johnatan Martinez Hernandez,26,35
gh-31342430722,2026-08-09T18:40:56-05:00,1000046-B,CLASE TEORICA,(10) Grupo 10,Jennly Angelica Gomez Rodriguez,26,35
gh-31342430722,2026-08-09T18:40:56-05:00,1000046-B,CLASE TEORICA,(11) Grupo 11,Angelica Saenz Fonseca,26,35
gh-31342430722,2026-08-09T18:40:56-05:00,1000046-B,CLASE TEORICA,(12) Grupo 12,Liliana Marcela Guzman Aricapa,26,35
gh-31342430722,2026-08-09T18:40:56-05:00,1000046-B,CLASE TEORICA,(13) Grupo 13,ALBA LUCIA RIAÑO RODRIGUEZ,26,35
gh-31342430722,2026-08-09T18:40:56-05:00,1000046-B,CLASE TEORICA,(14) Grupo 14,Angelica Saenz Fonseca,26,35
gh-31342430722,2026-08-09T18:40:56-05:00,1000046-B,CLASE TEORICA,(15) Grupo 15,Luis Gabriel Peña Ortiz,26,35
gh-31342430722,2026-08-09T18:40:56-05:00,1000046-B,CLASE TEORICA,(16) Grupo 16,Olga Lucia Ruiz Convers,26,35
gh-31342430722,2026-08-09T18:40:56-05:00,1000046-B,CLASE TEORICA,(17) Grupo 17,Luis Gabriel Peña Ortiz,26,35
gh-31342430722,2026-08-09T18:40:56-05:00,1000046-B,CLASE TEORICA,(18) Grupo 18,Narly Yadira Pardo Cadena,26,35
gh-31342430722,2026-08-09T18:40:56-05:00,1000046-B,CLASE TEORICA,(2) Grupo 2,Jesica paola Rendon Alfonso,26,35
gh-31342430722,2026-08-09T18:40:56-05:00,1000046-B,CLASE TEORICA,(3) Grupo 3,JESUS DAVID TORRES RODRIGUEZ,26,35
gh-31342430722,2026-08-09T18:40:56-05:00,1000046-B,CLASE TEORICA,(4) Grupo 4,Claudia Patricia Cortes Lora,26,35
gh-31342430722,2026-08-09T18:40:56-05:00,1000046-B,CLASE TEORICA,(5) Grupo 5,Johnatan Martinez Hernandez,26,35
gh-31342430722,2026-08-09T18:40:56-05:00,1000046-B,CLASE TEORICA,(6) Grupo 6,Johnatan Martinez Hernandez,26,35
gh-31342430722,2026-08-09T18:40:56-05:00,1000046-B,CLASE TEORICA,(7) Grupo 7,Jesica paola Rendon Alfonso,26,35
gh-31342430722,2026-08-09T18:40:56-05:00,1000046-B,CLASE TEORICA,(8) Grupo 8,Beatriz Elena Urrutia Sanchez,26,35
gh-31342430722,2026-08-09T18:40:56-05:00,1000046-B,CLASE TEORICA,(9) Grupo 9,Maureen Elizabeth Hooker Oneill,10,35
gh-31342430722,2026-08-09T18:40:58-05:00,1000052-B,CLASE TEORICA,(1) Grupo 1,Liliana Marcela Guzman Aricapa,28,37
gh-31342430722,2026-08-09T18:40:58-05:00,1000052-B,CLASE TEORICA,(2) Grupo 2,JOSE JONATHAN MAESTRE HERRERA,28,37
gh-31342430722,2026-08-09T18:40:58-05:00,1000052-B,CLASE TEORICA,(3) Grupo 3,Aida Elena Monsalve Solorzano,28,37
gh-31342430722,2026-08-09T18:40:59-05:00,1000053-B,CLASE TEORICA,(1) Grupo 1,Jennly Angelica Gomez Rodriguez,28,38
gh-31342430722,2026-08-09T18:40:59-05:00,1000053-B,CLASE TEORICA,(2) Grupo 2,Yaneli Niño Osorio,28,38
gh-31342430722,2026-08-09T18:40:59-05:00,1000053-B,CLASE TEORICA,(3) Grupo 3,Javier Rodriguez Gomez,30,38
gh-31342430722,2026-08-09T18:40:59-05:00,1000053-B,CLASE TEORICA,(4) Grupo 4,Javier Rodriguez Gomez,30,38
gh-31342430722,2026-08-09T18:40:59-05:00,1000053-B,CLASE TEORICA,(5) Grupo 5,LINDA JOHANA RUIZ GOMEZ,28,38
gh-31342430722,2026-08-09T18:40:59-05:00,1000053-B,CLASE TEORICA,(6) Grupo 6,Olga Lucia Ruiz Convers,28,38
gh-31342430722,2026-08-09T18:41:01-05:00,1000047-B,CLASE TEORICA,(1) Grupo 1,Cesar Augusto Romero,26,39
gh-31342430722,2026-08-09T18:41:01-05:00,1000047-B,CLASE TEORICA,(10) Grupo 10,Monica Alexandra Riaño Orjuela,26,39
gh-31342430722,2026-08-09T18:41:01-05:00,1000047-B,CLASE TEORICA,(11) Grupo 11,Jennly Angelica Gomez Rodriguez,26,39
gh-31342430722,2026-08-09T18:41:01-05:00,1000047-B,CLASE TEORICA,(12) Grupo 12,Claudia Patricia Cortes Lora,26,39
gh-31342430722,2026-08-09T18:41:01-05:00,1000047-B,CLASE TEORICA,(13) Grupo 13,Angelica Saenz Fonseca,26,39
gh-31342430722,2026-08-09T18:41:01-05:00,1000047-B,CLASE TEORICA,(14) Grupo 14,LINDA JOHANA RUIZ GOMEZ,26,39
gh-31342430722,2026-08-09T18:41:01-05:00,1000047-B,CLASE TEORICA,(15) Grupo 15,Claudia Patricia Cortes Lora,26,39
gh-31342430722,2026-08-09T18:41:01-05:00,1000047-B,CLASE TEORICA,(16) Grupo 16,Narly Yadira Pardo Cadena,26,39
gh-31342430722,2026-08-09T18:41:01-05:00,1000047-B,CLASE TEORICA,(17) Grupo 17,Angelica Saenz Fonseca,26,39
gh-31342430722,2026-08-09T18:41:01-05:00,1000047-B,CLASE TEORICA,(18) Grupo 18,ALBA LUCIA RIAÑO RODRIGUEZ,26,39
gh-31342430722,2026-08-09T18:41:01-05:00,1000047-B,CLASE TEORICA,(19) Grupo 19,Aida Elena Monsalve Solorzano,26,39
gh-31342430722,2026-08-09T18:41:01-05:00,1000047-B,CLASE TEORICA,(2) Grupo 2,Yaneli Niño Osorio,26,39
gh-31342430722,2026-08-09T18:41:01-05:00,1000047-B,CLASE TEORICA,(20) Grupo 20,ALBA LUCIA RIAÑO RODRIGUEZ,26,39
gh-31342430722,2026-08-09T18:41:01-05:00,1000047-B,CLASE TEORICA,(21) Grupo 21,Edwin Yesid Leon Silva,26,39
gh-31342430722,2026-08-09T18:41:01-05:00,1000047-B,CLASE TEORICA,(22) Grupo 22,LINDA JOHANA RUIZ GOMEZ,26,39
gh-31342430722,2026-08-09T18:41:01-05:00,1000047-B,CLASE TEORICA,(3) Grupo 3,Monica Alexandra Riaño Orjuela,26,39
gh-31342430722,2026-08-09T18:41:01-05:00,1000047-B,CLASE TEORICA,(4) Grupo 4,Claudia Patricia Cortes Lora,26,39
gh-31342430722,2026-08-09T18:41:01-05:00,1000047-B,CLASE TEORICA,(5) Grupo 5,Olga Lucia Ruiz Convers,26,39
gh-31342430722,2026-08-09T18:41:01-05:00,1000047-B,CLASE TEORICA,(6) Grupo 6,Monica Alexandra Riaño Orjuela,26,39
gh-31342430722,2026-08-09T18:41:01-05:00,1000047-B,CLASE TEORICA,(7) Grupo 7,Cesar Augusto Romero,26,39
gh-31342430722,2026-08-09T18:41:01-05:00,1000047-B,CLASE TEORICA,(8) Grupo 8,Beatriz Elena Urrutia Sanchez,26,39
gh-31342430722,2026-08-09T18:41:01-05:00,1000047-B,CLASE TEORICA,(9) Grupo 9,Keshia Hilary Howard Livingston,15,39
gh-31342430722,2026-08-09T18:41:03-05:00,2026186,CLASE TEORICA,(1) Grupo 1,Carol Andrea Murillo Feo,7,41
gh-31342430722,2026-08-09T18:41:03-05:00,2026186,CLASE TEORICA,(2) Grupo 2,Leonel Vega Mora,0,41
gh-31342430722,2026-08-09T18:41:03-05:00,2026186,CLASE TEORICA,(4) Grupo 4,Carlos Orlando Robles Roa,10,41
gh-31342430722,2026-08-09T18:41:05-05:00,1000002-B,CLASE TEORICA,(1) Grupo 1 - Clase Presencial,Ruth Andrea Cortés Suárez,1,42
gh-31342430722,2026-08-09T18:41:05-05:00,1000002-B,CLASE TEORICA,(10) Grupo 10 - Clase presencial,Karen Johanna Castelblanco Villamil,0,42
gh-31342430722,2026-08-09T18:41:05-05:00,1000002-B,CLASE TEORICA,(2) Grupo 2 - Clase Presencial,Ruth Andrea Cortés Suárez,0,42
gh-31342430722,2026-08-09T18:41:05-05:00,1000002-B,CLASE TEORICA,(3) Grupo 3 - Clase Presencial,Adriana Patricia Díaz Cuevas,0,42
gh-31342430722,2026-08-09T18:41:05-05:00,1000002-B,CLASE TEORICA,(4) Grupo 4 - Clase Presencial,Adriana Patricia Díaz Cuevas,0,42
gh-31342430722,2026-08-09T18:41:05-05:00,1000002-B,CLASE TEORICA,(5) Grupo 5 - Clase Presencial,Andres Felipe Escovar Barreto,0,42
gh-31342430722,2026-08-09T18:41:05-05:00,1000002-B,CLASE TEORICA,(6) Grupo 6 - Clase Presencial,Ruth Andrea Cortés Suárez,0,42
gh-31342430722,2026-08-09T18:41:05-05:00,1000002-B,CLASE TEORICA,(7) Grupo 7 - Clase Presencial,Karen Johanna Castelblanco Villamil,0,42
gh-31342430722,2026-08-09T18:41:05-05:00,1000002-B,CLASE TEORICA,(8) Grupo 8 - Clase Presencial,Adriana Patricia Díaz Cuevas,0,42
gh-31342430722,2026-08-09T18:41:05-05:00,1000002-B,CLASE TEORICA,(9) Grupo 9 - Clase Presencial,Carlas Lucia Castilla Lara,10,42
gh-31342430722,2026-08-09T18:41:06-05:00,1000001-B,CLASE TEORICA,(1) Grupo 1,No informado,0,43
gh-31342430722,2026-08-09T18:41:06-05:00,1000001-B,CLASE MAGISTRAL,(1) Grupo 1,Ibeth Marcela Rubio Perilla,0,43
gh-31342430722,2026-08-09T18:41:06-05:00,1000001-B,CLASE MAGISTRAL,(10) Grupo 10,No informado,0,43
gh-31342430722,2026-08-09T18:41:06-05:00,1000001-B,CLASE TEORICA,(19) Grupo 19,No informado,5,43
gh-31342430722,2026-08-09T18:41:06-05:00,1000001-B,CLASE TEORICA,(2) Grupo 2,No informado,10,43
gh-31342430722,2026-08-09T18:41:06-05:00,1000001-B,CLASE MAGISTRAL,(2) Grupo 2,Herbert Alonso Dueñas Ruiz,0,43
gh-31342430722,2026-08-09T18:41:06-05:00,1000001-B,CLASE MAGISTRAL,(3) Grupo 3,Jeanneth Galeano Penaloza,0,43
gh-31342430722,2026-08-09T18:41:06-05:00,1000001-B,CLASE MAGISTRAL,(4) Grupo 4,Gustavo Adolfo Nieto Clavijo,0,43
gh-31342430722,2026-08-09T18:41:06-05:00,1000001-B,CLASE MAGISTRAL,(5) Grupo 5,Natalia Camila Pinzon Cortes,0,43
gh-31342430722,2026-08-09T18:41:06-05:00,1000001-B,CLASE MAGISTRAL,(6) Grupo 6,Martha Cecilia Moreno Penagos,0,43
gh-31342430722,2026-08-09T18:41:06-05:00,1000001-B,CLASE MAGISTRAL,(7) Grupo 7,Claudio Rodriguez Beltran,0,43
gh-31342430722,2026-08-09T18:41:06-05:00,1000001-B,CLASE MAGISTRAL,(8) Grupo 8,Gabriel Ignacio Padilla Leon,0,43
gh-31342430722,2026-08-09T18:41:06-05:00,1000001-B,CLASE MAGISTRAL,(9) Grupo 9,No informado,10,43
gh-31342430722,2026-08-09T18:41:07-05:00,2015965,CLASE TEORICA,(1) Grupo 1,CAMILO RIOS FRESNEDA,24,44
gh-31342430722,2026-08-09T18:41:07-05:00,2015965,CLASE TEORICA,(2) Grupo 2,Julian David Puerto Suarez; Vladimir Buelvas Hernández,24,44
gh-31342430722,2026-08-09T18:41:07-05:00,2015965,CLASE TEORICA,(3) Grupo 3,Ferney Betancourt Cardozo; Juan Manuel Lizarazo Marriaga,24,44
gh-31342430722,2026-08-09T18:41:07-05:00,2015965,CLASE TEORICA,(4) Grupo 4,No informado,24,44
gh-31342430722,2026-08-09T18:41:09-05:00,2015966,CLASE TEORICA,(1) Grupo 1,No informado,24,45
gh-31342430722,2026-08-09T18:41:09-05:00,2015966,CLASE TEORICA,(2) Grupo 2,Adriana Patricia Piña Fulano,24,45
gh-31342430722,2026-08-09T18:41:09-05:00,2015966,CLASE TEORICA,(3) Grupo 3,Rafael Orland Ortiz Mosquera,24,45
gh-31342430722,2026-08-09T18:41:09-05:00,2015966,CLASE TEORICA,(4) Grupo 4,No informado,24,45
gh-31342430722,2026-08-09T18:41:09-05:00,2015966,CLASE TEORICA,(5) Grupo 5,No informado,24,45
gh-31342430722,2026-08-09T18:41:09-05:00,2015966,CLASE TEORICA,(6) Grupo 6,Luis Alejandro Morales Marin,24,45
gh-31342430722,2026-08-09T18:41:09-05:00,2015966,CLASE TEORICA,(7) Grupo 7,No informado,24,45
gh-31342430722,2026-08-09T18:41:09-05:00,2015966,CLASE TEORICA,(8) Grupo 8,No informado,24,45
gh-31342430722,2026-08-09T18:41:10-05:00,2015967,NA,(1) Grupo 1,Vladimir Buelvas Hernández,24,46
gh-31342430722,2026-08-09T18:41:11-05:00,2015968,CLASE TEORICA,(1) Grupo 1,Ricardo Parra Arango,24,47
gh-31342430722,2026-08-09T18:41:11-05:00,2015968,CLASE TEORICA,(2) Grupo 2,Juan David Oliveros Salazar,24,47
gh-31342430722,2026-08-09T18:41:11-05:00,2015968,CLASE TEORICA,(3) Grupo 3,No informado,24,47
gh-31342430722,2026-08-09T18:41:11-05:00,2015968,CLASE TEORICA,(4) Grupo 4,Ricardo Parra Arango,24,47
gh-31342430722,2026-08-09T18:41:11-05:00,2015968,CLASE TEORICA,(5) Grupo 5,Julian David Puerto Suarez,24,47
gh-31342430722,2026-08-09T18:41:11-05:00,2015968,CLASE TEORICA,(6) Grupo 6,Dorian Luis Linero Segrera,24,47
gh-31342430722,2026-08-09T18:41:11-05:00,2015968,CLASE TEORICA,(7) Grupo 7,No informado,0,47
gh-31342430722,2026-08-09T18:41:12-05:00,2015969,CLASE TEORICA,(1) Grupo 1 (Inglés),Julio Esteban Colmenares Montañez,30,48
gh-31342430722,2026-08-09T18:41:12-05:00,2015969,CLASE TEORICA,(2) Grupo 2,Guillermo Eduardo Avila Alvarez,30,48
gh-31342430722,2026-08-09T18:41:12-05:00,2015969,CLASE TEORICA,(3) Grupo 3,Livaniel Viveros Rosero,30,48
gh-31342430722,2026-08-09T18:41:12-05:00,2015969,CLASE TEORICA,(4) Grupo 4,No informado,30,48
gh-31342430722,2026-08-09T18:41:14-05:00,2015970,CLASE PRACTICA,(4) Grupo 4,Helga Duarte,30,49
gh-31342430722,2026-08-09T18:41:14-05:00,2015970,CLASE PRACTICA,(5) Grupo 5,Oswaldo Rojas Camacho,45,49
gh-31342430722,2026-08-09T18:41:14-05:00,2015970,CLASE PRACTICA,(8) Grupo 8,Helga Duarte,30,49
gh-31342430722,2026-08-09T18:41:14-05:00,2015970,CLASE PRACTICA,(9) Grupo 9,Oswaldo Rojas Camacho,45,49
gh-31342430722,2026-08-09T18:41:15-05:00,2017293,CLASE TEORICA,(1) 2017293-1 Modelación matemática,JUAN SEBASTIÁN HINCAPIÉ MONTES,34,50
gh-31342430722,2026-08-09T18:41:15-05:00,2017293,CLASE MAGISTRAL,(1M) 2017293-1M Modelación matemática - Magistral,Carlos Alberto Duque Daza,80,50
gh-31342430722,2026-08-09T18:41:15-05:00,2017293,CLASE TEORICA,(2) 2017293-2 Modelación matemática,JUAN SEBASTIÁN HINCAPIÉ MONTES,34,50
gh-31342430722,2026-08-09T18:41:19-05:00,2015971,CLASE TEORICA,(1) Grupo 1,No informado,30,53
gh-31342430722,2026-08-09T18:41:19-05:00,2015971,CLASE TEORICA,(2) Grupo 2,Ferney Betancourt Cardozo,30,53
gh-31342430722,2026-08-09T18:41:19-05:00,2015971,CLASE TEORICA,(3) Grupo 3,No informado,30,53
gh-31342430722,2026-08-09T18:41:20-05:00,2015972,CLASE TEORICA,(1) Grupo 1,Carlos Alberto Moncada Aristizabal,15,54
gh-31342430722,2026-08-09T18:41:20-05:00,2015972,CLASE TEORICA,(2) Grupo 2,SANTIAGO RAMIREZ ECHEVERRI,15,54
gh-31342430722,2026-08-09T18:41:20-05:00,2015972,CLASE TEORICA,(3) Grupo 3,No informado,15,54
gh-31342430722,2026-08-09T18:41:21-05:00,1000024-B,CLASE TEORICA,(12) Grupo 12,Edgar Delgado Mejia,0,55
gh-31342430722,2026-08-09T18:41:21-05:00,1000024-B,CLASE TEORICA,(13) Grupo 13,Jesus Sigifredo Valencia Rios,0,55
gh-31342430722,2026-08-09T18:41:21-05:00,1000024-B,CLASE TEORICA,(14) Grupo 14,Jhon Jairo Aragón Arias,10,55
gh-31342430722,2026-08-09T18:41:23-05:00,1000013-B,CLASE TEORICA,(1) Grupo 1,JHONIER SEBASTIAN RANGEL GUTIERREZ,0,56
gh-31342430722,2026-08-09T18:41:23-05:00,1000013-B,CLASE TEORICA,(10) Grupo 10,Sandra Vergara Cardozo,35,56
gh-31342430722,2026-08-09T18:41:23-05:00,1000013-B,CLASE TEORICA,(11) Grupo 11,DIEGO ALBERTO MARTINEZ SIMBAQUEVA,40,56
gh-31342430722,2026-08-09T18:41:23-05:00,1000013-B,CLASE TEORICA,(12) Grupo 12,DIEGO ALBERTO MARTINEZ SIMBAQUEVA,40,56
gh-31342430722,2026-08-09T18:41:23-05:00,1000013-B,CLASE TEORICA,(13) Grupo 13,DIEGO ALBERTO MARTINEZ SIMBAQUEVA,30,56
gh-31342430722,2026-08-09T18:41:23-05:00,1000013-B,CLASE TEORICA,(14) Grupo 14,Andrea Catalina Garcia Montoya,45,56
gh-31342430722,2026-08-09T18:41:23-05:00,1000013-B,CLASE TEORICA,(16) Grupo 16,Sergio Alejandro Calderon Villanueva,30,56
gh-31342430722,2026-08-09T18:41:23-05:00,1000013-B,CLASE TEORICA,(2) Grupo 2,Luis Guillermo Diaz Monroy,40,56
gh-31342430722,2026-08-09T18:41:23-05:00,1000013-B,CLASE TEORICA,(22) Grupo 22,Hanwen Zhang,45,56
gh-31342430722,2026-08-09T18:41:23-05:00,1000013-B,CLASE TEORICA,(23) Grupo 23,ULPIANO LARA CRISTANCHO,0,56
gh-31342430722,2026-08-09T18:41:23-05:00,1000013-B,CLASE TEORICA,(3) Grupo 3,Diana Carolina Franco Soto,40,56
gh-31342430722,2026-08-09T18:41:23-05:00,1000013-B,CLASE TEORICA,(4) Grupo 4,Diana Carolina Franco Soto,40,56
gh-31342430722,2026-08-09T18:41:23-05:00,1000013-B,CLASE TEORICA,(5) Grupo 5,Darwin Eduardo Martínez Riaño,35,56
gh-31342430722,2026-08-09T18:41:23-05:00,1000013-B,CLASE TEORICA,(6) Grupo 6,Darwin Eduardo Martínez Riaño,35,56
gh-31342430722,2026-08-09T18:41:23-05:00,1000013-B,CLASE TEORICA,(7) Grupo 7,Camilo Jose Torres Jimenez,40,56
gh-31342430722,2026-08-09T18:41:24-05:00,2015734,NA,(1) Grupo 1,Fernando Salazar Delgado,6,57
gh-31342430722,2026-08-09T18:41:24-05:00,2015734,NA,(10) Grupo 10,Tito Florez Calderon,4,57
gh-31342430722,2026-08-09T18:41:24-05:00,2015734,NA,(11) Grupo 11,DAVID ALBERTO HERRERA ALVAREZ,0,57
gh-31342430722,2026-08-09T18:41:24-05:00,2015734,NA,(12) Grupo 12,FABIEL NATÁN ESPINOSA CASTAÑEDA,1,57
gh-31342430722,2026-08-09T18:41:24-05:00,2015734,NA,(13) Grupo 13,SERGIO CAMILO ESPINOSA BOTERO,4,57
gh-31342430722,2026-08-09T18:41:24-05:00,2015734,NA,(14) Grupo 14,Felipe Gonzalez Roldan,0,57
gh-31342430722,2026-08-09T18:41:24-05:00,2015734,NA,(2) Grupo 2,Fernando Salazar Delgado,16,57
gh-31342430722,2026-08-09T18:41:24-05:00,2015734,NA,(3) Grupo 3,Jhoan Sebastian Restrepo Mendoza,0,57
gh-31342430722,2026-08-09T18:41:24-05:00,2015734,NA,(4) Grupo 4,Sandra Liliana Rojas Martinez,0,57
gh-31342430722,2026-08-09T18:41:24-05:00,2015734,NA,(5) Grupo 5,Jhoan Sebastian Restrepo Mendoza,0,57
gh-31342430722,2026-08-09T18:41:24-05:00,2015734,NA,(6) Grupo 6,SERGIO CAMILO ESPINOSA BOTERO,8,57
gh-31342430722,2026-08-09T18:41:24-05:00,2015734,NA,(7) Grupo 7,No informado,3,57
gh-31342430722,2026-08-09T18:41:24-05:00,2015734,NA,(8) Grupo 8 - Virtual,FABIEL NATÁN ESPINOSA CASTAÑEDA,30,57
gh-31342430722,2026-08-09T18:41:24-05:00,2015734,NA,(9) Grupo 9,Alvaro Reynel Córdoba,18,57
gh-31342430722,2026-08-09T18:41:26-05:00,2015973,CLASE TEORICA,(1) Grupo 1,No informado,25,59
gh-31342430722,2026-08-09T18:41:26-05:00,2015973,CLASE TEORICA,(2) Grupo 2,GABRIELA ARRIETA LOYO,25,59
gh-31342430722,2026-08-09T18:41:26-05:00,2015973,CLASE TEORICA,(3) Grupo 3,NICOLAS ESCALANTE MORA,25,59
gh-31342430722,2026-08-09T18:41:27-05:00,2022761,NA,(1) Grupo 1,Servio Javier Contreras Guerrero,15,60
gh-31342430722,2026-08-09T18:41:27-05:00,2022761,NA,(2) Grupo 2,Servio Javier Contreras Guerrero,15,60
gh-31342430722,2026-08-09T18:41:27-05:00,2022761,NA,(3) Grupo 3,Samuel Fernando Mesa Giraldo,15,60
gh-31342430722,2026-08-09T18:41:29-05:00,2024045,CLASE TEORICA,(1) 2024045-1 Taller de proyectos interdisciplinarios,No informado,0,-1
gh-31342430722,2026-08-09T18:41:29-05:00,2024045,CLASE TEORICA,(10) 2024045-10 Taller de proyectos interdisciplinarios,Oscar Andres Eraso Eraso,0,-1
gh-31342430722,2026-08-09T18:41:29-05:00,2024045,CLASE TEORICA,(11) 2024045-11 Taller de proyectos interdisciplinarios,No informado,0,-1
gh-31342430722,2026-08-09T18:41:29-05:00,2024045,CLASE TEORICA,(12) 2024045-12 Taller de proyectos interdisciplinarios,Hector Julian Garcia Otalora,200,-1
gh-31342430722,2026-08-09T18:41:29-05:00,2024045,CLASE TEORICA,(13) 2024045-13 Taller de proyectos interdisciplinarios,No informado,0,-1
gh-31342430722,2026-08-09T18:41:29-05:00,2024045,CLASE TEORICA,(14) 2024045-14 Taller de proyectos interdisciplinarios,Dolly Santos Barbosa,0,-1
gh-31342430722,2026-08-09T18:41:29-05:00,2024045,CLASE TEORICA,(15) 2024045-15 Taller de proyectos interdisciplinarios,Oscar Andres Eraso Eraso,0,-1
gh-31342430722,2026-08-09T18:41:29-05:00,2024045,CLASE TEORICA,(16) 2024045-16 Taller de proyectos interdisciplinarios,Luis Ignacio Rodriguez Varela,0,-1
gh-31342430722,2026-08-09T18:41:29-05:00,2024045,CLASE TEORICA,(17) 2024045-17 Taller de proyectos interdisciplinarios,JOHANA CATALINA MANOSALVA BARRERA,0,-1
gh-31342430722,2026-08-09T18:41:29-05:00,2024045,CLASE TEORICA,(18) 2024045-18 Taller de proyectos interdisciplinarios,Fernando Bernal Martinez,0,-1
gh-31342430722,2026-08-09T18:41:29-05:00,2024045,CLASE TEORICA,(19) 2024045-19 Taller de proyectos interdisciplinarios,FRANCISCO JAVIER VÁSQUEZ VÁSQUEZ,0,-1
gh-31342430722,2026-08-09T18:41:29-05:00,2024045,CLASE TEORICA,(2) 2024045-2 Taller de proyectos interdisciplinarios,Fernando Bernal Martinez,0,-1
gh-31342430722,2026-08-09T18:41:29-05:00,2024045,CLASE TEORICA,(21) 2024045-21 Taller de proyectos interdisciplinarios,No informado,0,-1
gh-31342430722,2026-08-09T18:41:29-05:00,2024045,CLASE TEORICA,(22) 2024045-22 Taller de proyectos interdisciplinarios,Ubaldo Garcia Zaragoza,0,-1
gh-31342430722,2026-08-09T18:41:29-05:00,2024045,CLASE TEORICA,(23) 2024045-23 Taller de proyectos interdisciplinarios,No informado,0,-1
gh-31342430722,2026-08-09T18:41:29-05:00,2024045,CLASE TEORICA,(24) 2024045-24 Taller de proyectos interdisciplinarios,Hector Julian Garcia Otalora,200,-1
gh-31342430722,2026-08-09T18:41:29-05:00,2024045,CLASE TEORICA,(3) 2024045-3 Taller de proyectos interdisciplinarios,Guillermo Alberto Rocha Casas,0,-1
gh-31342430722,2026-08-09T18:41:29-05:00,2024045,CLASE TEORICA,(4) 2024045-4 Taller de proyectos interdisciplinarios,Francy Nayely Prieto Novoa,0,-1
gh-31342430722,2026-08-09T18:41:29-05:00,2024045,CLASE TEORICA,(40) 2024045-40 TPI-- NO BORRAR-- BLOQ ESPACIOS,No informado,0,-1
gh-31342430722,2026-08-09T18:41:29-05:00,2024045,CLASE TEORICA,(5) 2024045-5 Taller de proyectos interdisciplinarios,Nubia Carmenza Moreno Sarmiento,0,-1
gh-31342430722,2026-08-09T18:41:29-05:00,2024045,CLASE TEORICA,(6) 2024045-6 Taller de proyectos interdisciplinarios,JOHANA CATALINA MANOSALVA BARRERA,0,-1
gh-31342430722,2026-08-09T18:41:29-05:00,2024045,CLASE TEORICA,(7) 2024045-7 Taller de proyectos interdisciplinarios,Ubaldo Garcia Zaragoza,0,-1
gh-31342430722,2026-08-09T18:41:29-05:00,2024045,CLASE TEORICA,(8) 2024045-8 Taller de proyectos interdisciplinarios,JHON FREDDY LOPEZ MEDINA,0,-1
gh-31342430722,2026-08-09T18:41:29-05:00,2024045,CLASE TEORICA,(9) 2024045-9 Taller de proyectos interdisciplinarios,Manuel Alejandro Mayorga Betancourt,0,-1
gh-31342430722,2026-08-09T18:41:30-05:00,2015296,NA,(1) Grupo 1,Leonardo David Donado Garzon,5,62
gh-31342430722,2026-08-09T18:41:30-05:00,2015296,NA,(10) Grupo 10,Juan Manuel Lizarazo Marriaga,5,62
gh-31342430722,2026-08-09T18:41:30-05:00,2015296,NA,(11) Grupo 11,Octavio Coronado Garcia,5,62
gh-31342430722,2026-08-09T18:41:30-05:00,2015296,NA,(12) Grupo 12,Carol Andrea Murillo Feo,5,62
gh-31342430722,2026-08-09T18:41:30-05:00,2015296,NA,(13) Grupo 13,CAMILO RIOS FRESNEDA,5,62
gh-31342430722,2026-08-09T18:41:30-05:00,2015296,NA,(14) Grupo 14,William Castro Garcia,5,62
gh-31342430722,2026-08-09T18:41:30-05:00,2015296,NA,(15) Grupo 15,Luis Alejandro Morales Marin,5,62
gh-31342430722,2026-08-09T18:41:30-05:00,2015296,NA,(16) Grupo 16,Ferney Betancourt Cardozo,5,62
gh-31342430722,2026-08-09T18:41:30-05:00,2015296,NA,(17) Grupo 17,Maria Alejandra Caicedo Londoño,5,62
gh-31342430722,2026-08-09T18:41:30-05:00,2015296,NA,(18) Grupo 18,Guillermo Eduardo Avila Alvarez,5,62
gh-31342430722,2026-08-09T18:41:30-05:00,2015296,NA,(19) Grupo 19,Carlos Alfonso Gomez Guacaneme,0,62
gh-31342430722,2026-08-09T18:41:30-05:00,2015296,NA,(2) Grupo 2,Carlos Orlando Robles Roa,5,62
gh-31342430722,2026-08-09T18:41:30-05:00,2015296,NA,(3) Grupo 3,Angela Barrera Puerto,5,62
gh-31342430722,2026-08-09T18:41:30-05:00,2015296,NA,(4) Grupo 4,Mauricio Alberto Tapias Camacho,5,62
gh-31342430722,2026-08-09T18:41:30-05:00,2015296,NA,(5) Grupo 5,Maritzabel Molina Herrera,5,62
gh-31342430722,2026-08-09T18:41:30-05:00,2015296,NA,(6) Grupo 6,Rodolfo Rodriguez Baracaldo,5,62
gh-31342430722,2026-08-09T18:41:30-05:00,2015296,NA,(7) Grupo 7,SANTIAGO RAMIREZ ECHEVERRI,5,62
gh-31342430722,2026-08-09T18:41:30-05:00,2015296,NA,(8) Grupo 8,Jose Ricardo Martinez Vargas,5,62
gh-31342430722,2026-08-09T18:41:30-05:00,2015296,NA,(9) Grupo 9,GABRIELA ARRIETA LOYO,5,62
gh-31342430722,2026-08-09T18:41:31-05:00,2015299,CLASE TEORICA,(1) Grupo 1,GABRIELA ARRIETA LOYO,51,-1
gh-31345044316,2026-08-09T19:40:11-05:00,2015938,CLASE TEORICA,(1) Grupo 1,Maria Alejandra Caicedo Londoño,25,0
gh-31345044316,2026-08-09T19:40:11-05:00,2015938,CLASE TEORICA,(2) Grupo 2,Maria Alejandra Caicedo Londoño,25,0
gh-31345044316,2026-08-09T19:40:11-05:00,2015938,CLASE TEORICA,(3) Grupo 3,JOSE LUIS DIAZ AREVALO,25,0
gh-31345044316,2026-08-09T19:40:11-05:00,2015938,CLASE TEORICA,(4) Grupo 4,JOSE LUIS DIAZ AREVALO,24,0
gh-31345044316,2026-08-09T19:40:12-05:00,2015939,CLASE TEORICA,(1) Grupo 1,ALVARO MARTIN GUTIERREZ MALAXECHEBARRIA,25,1
gh-31345044316,2026-08-09T19:40:12-05:00,2015939,CLASE TEORICA,(2) Grupo 2,ALVARO MARTIN GUTIERREZ MALAXECHEBARRIA,25,1
gh-31345044316,2026-08-09T19:40:12-05:00,2015939,CLASE TEORICA,(3) Grupo 3,Edder Alexander Velandia Duran,25,1
gh-31345044316,2026-08-09T19:40:12-05:00,2015939,CLASE TEORICA,(4) Grupo 4,No informado,25,1
gh-31345044316,2026-08-09T19:40:15-05:00,1000003-B,NA,(1) Grupo 1,Erika Lorena Rosero Alzate; Oscar Andrés Rojas Sepúlveda,0,-1
gh-31345044316,2026-08-09T19:40:15-05:00,1000003-B,NA,(10) Grupo 10,Epifanio Lozano Ayala,14,-1
gh-31345044316,2026-08-09T19:40:15-05:00,1000003-B,NA,(11) Grupo 11,No informado,60,-1
gh-31345044316,2026-08-09T19:40:15-05:00,1000003-B,NA,(12) Grupo 12,No informado,40,-1
gh-31345044316,2026-08-09T19:40:15-05:00,1000003-B,NA,(13) Grupo 13,Mohammed EL AIDI,40,-1
gh-31345044316,2026-08-09T19:40:15-05:00,1000003-B,NA,(15) Grupo 15,Myriam Leonor Campos Florez,60,-1
gh-31345044316,2026-08-09T19:40:15-05:00,1000003-B,NA,(16) Grupo 16,No informado,60,-1
gh-31345044316,2026-08-09T19:40:15-05:00,1000003-B,NA,(17) Grupo 17,Martha Cecilia Moreno Penagos,40,-1
gh-31345044316,2026-08-09T19:40:15-05:00,1000003-B,NA,(18) Grupo 18,John Alexander Cruz Morales,52,-1
gh-31345044316,2026-08-09T19:40:15-05:00,1000003-B,NA,(20) Grupo 20,Natalia Camila Pinzon Cortes,60,-1
gh-31345044316,2026-08-09T19:40:15-05:00,1000003-B,NA,(21) Grupo 21,Ivon Andrea Dorado Correa,52,-1
gh-31345044316,2026-08-09T19:40:15-05:00,1000003-B,NA,(22) Grupo 22,No informado,46,-1
gh-31345044316,2026-08-09T19:40:15-05:00,1000003-B,NA,(3) Grupo 3,No informado,60,-1
gh-31345044316,2026-08-09T19:40:15-05:00,1000003-B,NA,(4) Grupo 4,Luis Alejandro Barbosa Torres,112,-1
gh-31345044316,2026-08-09T19:40:15-05:00,1000003-B,NA,(5) Grupo 5,Jaime David Mora Paz,60,-1
gh-31345044316,2026-08-09T19:40:15-05:00,1000003-B,NA,(7) Grupo 7,Myriam Leonor Campos Florez,40,-1
gh-31345044316,2026-08-09T19:40:15-05:00,1000003-B,NA,(8) Grupo 8,No informado,10,-1
gh-31345044316,2026-08-09T19:40:16-05:00,2015940,CLASE TEORICA,(1) Grupo 1,Maritzabel Molina Herrera,24,3
gh-31345044316,2026-08-09T19:40:16-05:00,2015940,CLASE TEORICA,(2) Grupo 2,Gabriel Andres Bernal Granados,24,3
gh-31345044316,2026-08-09T19:40:16-05:00,2015940,CLASE TEORICA,(3) Grupo 3,No informado,24,3
gh-31345044316,2026-08-09T19:40:17-05:00,2015941,CLASE TEORICA,(1) Grupo 1,Patricia Luna Tamayo,30,4
gh-31345044316,2026-08-09T19:40:17-05:00,2015941,CLASE TEORICA,(2) Grupo 2,No informado,30,4
gh-31345044316,2026-08-09T19:40:17-05:00,2015941,CLASE TEORICA,(3) Grupo 3,Carlos Ramiro Vallecilla Bahena,30,4
gh-31345044316,2026-08-09T19:40:17-05:00,2015941,CLASE TEORICA,(4) Grupo 4,No informado,30,4
gh-31345044316,2026-08-09T19:40:20-05:00,1000004-B,NA,(10) Grupo 10,No informado,53,5
gh-31345044316,2026-08-09T19:40:20-05:00,1000004-B,NA,(11) Grupo 11,No informado,24,5
gh-31345044316,2026-08-09T19:40:20-05:00,1000004-B,NA,(12) Grupo 12,No informado,24,5
gh-31345044316,2026-08-09T19:40:20-05:00,1000004-B,NA,(13) Grupo 13,No informado,16,5
gh-31345044316,2026-08-09T19:40:20-05:00,1000004-B,NA,(14) Grupo 14,No informado,90,5
gh-31345044316,2026-08-09T19:40:20-05:00,1000004-B,NA,(16) Grupo 16,No informado,27,5
gh-31345044316,2026-08-09T19:40:20-05:00,1000004-B,NA,(17) Grupo 17,Hernan Garzon Gutierrez,39,5
gh-31345044316,2026-08-09T19:40:20-05:00,1000004-B,NA,(19) Grupo 19,No informado,59,5
gh-31345044316,2026-08-09T19:40:20-05:00,1000004-B,NA,(2) Grupo 2,No informado,24,5
gh-31345044316,2026-08-09T19:40:20-05:00,1000004-B,NA,(20) Grupo 20,Hernan Garzon Gutierrez,10,5
gh-31345044316,2026-08-09T19:40:20-05:00,1000004-B,NA,(21) Grupo 21,No informado,60,5
gh-31345044316,2026-08-09T19:40:20-05:00,1000004-B,NA,(22) Grupo 22,No informado,60,5
gh-31345044316,2026-08-09T19:40:20-05:00,1000004-B,NA,(24) Grupo 24,Ricardo Ariel Pastran Ramirez,60,5
gh-31345044316,2026-08-09T19:40:20-05:00,1000004-B,NA,(25) Grupo 25,No informado,40,5
gh-31345044316,2026-08-09T19:40:20-05:00,1000004-B,NA,(27) Grupo 27,No informado,51,5
gh-31345044316,2026-08-09T19:40:20-05:00,1000004-B,NA,(28) Grupo 28,No informado,60,5
gh-31345044316,2026-08-09T19:40:20-05:00,1000004-B,NA,(29) Grupo 29,No informado,60,5
gh-31345044316,2026-08-09T19:40:20-05:00,1000004-B,NA,(30) Grupo 30,No informado,60,5
gh-31345044316,2026-08-09T19:40:20-05:00,1000004-B,NA,(32) Grupo 32,No informado,90,5
gh-31345044316,2026-08-09T19:40:20-05:00,1000004-B,NA,(4) Grupo 4,Myriam Leonor Campos Florez,37,5
gh-31345044316,2026-08-09T19:40:20-05:00,1000004-B,NA,(5) Grupo 5,Oscar Javier Lopez Alfonso,84,5
gh-31345044316,2026-08-09T19:40:20-05:00,1000004-B,NA,(7) Grupo 7,Anderson Arley Vera Arboleda,64,5
gh-31345044316,2026-08-09T19:40:20-05:00,1000004-B,NA,(8) Grupo 8,No informado,40,5
gh-31345044316,2026-08-09T19:40:20-05:00,1000004-B,NA,(9) Grupo 9,No informado,18,5
gh-31345044316,2026-08-09T19:40:21-05:00,1000006-B,NA,(1) Grupo 1,No informado,40,6
gh-31345044316,2026-08-09T19:40:21-05:00,1000006-B,NA,(10) Grupo 10,No informado,100,6
gh-31345044316,2026-08-09T19:40:21-05:00,1000006-B,NA,(11) Grupo 11,No informado,40,6
gh-31345044316,2026-08-09T19:40:21-05:00,1000006-B,NA,(12) Grupo 12,Leonid Lebedev,60,6
gh-31345044316,2026-08-09T19:40:21-05:00,1000006-B,NA,(13) Grupo 13,Juan Carlos Hernandez Rincon,40,6
gh-31345044316,2026-08-09T19:40:21-05:00,1000006-B,NA,(14) Grupo 14,No informado,60,6
gh-31345044316,2026-08-09T19:40:21-05:00,1000006-B,NA,(15) Grupo 15,No informado,112,6
gh-31345044316,2026-08-09T19:40:21-05:00,1000006-B,NA,(2) Grupo 2,EDIXON MANUEL ROJAS SANTANA,40,6
gh-31345044316,2026-08-09T19:40:21-05:00,1000006-B,NA,(3) Grupo 3,Cesar Augusto Gomez Sierra,40,6
gh-31345044316,2026-08-09T19:40:21-05:00,1000006-B,NA,(4) Grupo 4,Agustin Moreno Canadas,100,6
gh-31345044316,2026-08-09T19:40:21-05:00,1000006-B,NA,(5) Grupo 5,German Eduardo Fonseca Buitrago,40,6
gh-31345044316,2026-08-09T19:40:21-05:00,1000006-B,NA,(7) Grupo 7,No informado,70,6
gh-31345044316,2026-08-09T19:40:21-05:00,1000006-B,NA,(8) Grupo 8,Epifanio Lozano Ayala,60,6
gh-31345044316,2026-08-09T19:40:21-05:00,1000006-B,NA,(9) Grupo 9,Orlando Vanegas Canro,0,6
gh-31345044316,2026-08-09T19:40:22-05:00,1000005-B,NA,(1) Grupo 1,Orlando Vanegas Canro,0,7
gh-31345044316,2026-08-09T19:40:22-05:00,1000005-B,NA,(10) Grupo 10,Epifanio Lozano Ayala,50,7
gh-31345044316,2026-08-09T19:40:22-05:00,1000005-B,NA,(14) Grupo 14,Mohammed EL AIDI,40,7
gh-31345044316,2026-08-09T19:40:22-05:00,1000005-B,NA,(15) Grupo 15,Alina Fedosova,60,7
gh-31345044316,2026-08-09T19:40:22-05:00,1000005-B,NA,(16) Grupo 16,No informado,70,7
gh-31345044316,2026-08-09T19:40:22-05:00,1000005-B,NA,(17) Grupo 17,Hernan Garzon Gutierrez,40,7
gh-31345044316,2026-08-09T19:40:22-05:00,1000005-B,NA,(2) Grupo 2,RENE ERLIN CASTILLO,60,7
gh-31345044316,2026-08-09T19:40:22-05:00,1000005-B,NA,(20) Grupo 20,Franqui Solis Cardenas Poloche,40,7
gh-31345044316,2026-08-09T19:40:22-05:00,1000005-B,NA,(22) Grupo 22,No informado,60,7
gh-31345044316,2026-08-09T19:40:22-05:00,1000005-B,NA,(3) Grupo 3,Eduardo Cardenas Gomez,70,7
gh-31345044316,2026-08-09T19:40:22-05:00,1000005-B,NA,(4) Grupo 4,Edward Samuel Becerra Rojas,60,7
gh-31345044316,2026-08-09T19:40:22-05:00,1000005-B,NA,(6) Grupo 6,No informado,60,7
gh-31345044316,2026-08-09T19:40:22-05:00,1000005-B,NA,(7) Grupo 7,Franqui Solis Cardenas Poloche,100,7
gh-31345044316,2026-08-09T19:40:22-05:00,1000005-B,NA,(8) Grupo 8,No informado,40,7
gh-31345044316,2026-08-09T19:40:22-05:00,1000005-B,NA,(9) Grupo 9,No informado,10,7
gh-31345044316,2026-08-09T19:40:25-05:00,2015943,CLASE TEORICA,(1) Grupo 1,Carlos Orlando Robles Roa,15,9
gh-31345044316,2026-08-09T19:40:26-05:00,2015944,CLASE TEORICA,(1) Grupo 1,SANTIAGO RAMIREZ ECHEVERRI,15,10
gh-31345044316,2026-08-09T19:40:28-05:00,2015711,NA,(10) 2015711-10 Dibujo básico,Ariel Augusto Amaya Avila,0,11
gh-31345044316,2026-08-09T19:40:28-05:00,2015711,NA,(11) 2015711-11 Dibujo básico,Cesar Augusto Bacca Gonzalez,0,11
gh-31345044316,2026-08-09T19:40:28-05:00,2015711,NA,(14) 2015711-14 Dibujo básico,Cristian Felipe Morales Suárez,0,11
gh-31345044316,2026-08-09T19:40:28-05:00,2015711,NA,(16) 2015711-16 Dibujo básico,DAVID FELIPE TORRES ARCE,0,11
gh-31345044316,2026-08-09T19:40:28-05:00,2015711,NA,(4) 2015711-4 Dibujo básico,Cristian Felipe Morales Suárez,9,11
gh-31345044316,2026-08-09T19:40:28-05:00,2015711,NA,(5) 2015711-5 Dibujo básico,Sebastian Achury Ortiz,0,11
gh-31345044316,2026-08-09T19:40:28-05:00,2015711,NA,(7) 2015711-7 Dibujo básico,Cesar Augusto Bacca Gonzalez,20,11
gh-31345044316,2026-08-09T19:40:28-05:00,2015711,NA,(8) 2015711-8 Dibujo básico,Miguel Angel Baquero Cortes,0,11
gh-31345044316,2026-08-09T19:40:28-05:00,2015711,NA,(9) 2015711-9 Dibujo básico,EDWIN CAMILO REINA BELTRAN,0,11
gh-31345044316,2026-08-09T19:40:29-05:00,2015948,CLASE TEORICA,(1) Grupo 1,No informado,30,12
gh-31345044316,2026-08-09T19:40:29-05:00,2015948,CLASE TEORICA,(2) Grupo 2,Mauricio Alberto Tapias Camacho,30,12
gh-31345044316,2026-08-09T19:40:29-05:00,2015948,CLASE TEORICA,(3) Grupo 3,No informado,30,12
gh-31345044316,2026-08-09T19:40:30-05:00,2015950,CLASE TEORICA,(1) Grupo 1,No informado,25,13
gh-31345044316,2026-08-09T19:40:30-05:00,2015950,CLASE TEORICA,(2) Grupo 2,No informado,0,13
gh-31345044316,2026-08-09T19:40:30-05:00,2015950,CLASE TEORICA,(3) Grupo 3,Daniel Ricardo Lozano Monsalve,25,13
gh-31345044316,2026-08-09T19:40:30-05:00,2015950,CLASE TEORICA,(4) Grupo 4,No informado,25,13
gh-31345044316,2026-08-09T19:40:30-05:00,2015950,CLASE TEORICA,(5) Grupo 5,No informado,25,13
gh-31345044316,2026-08-09T19:40:31-05:00,2015949,CLASE TEORICA,(1) Grupo 1,Mario Javier Cardozo Chaux,30,14
gh-31345044316,2026-08-09T19:40:31-05:00,2015949,CLASE TEORICA,(2) Grupo 2,Wilson Ernesto Vargas Vargas,30,14
gh-31345044316,2026-08-09T19:40:31-05:00,2015949,CLASE TEORICA,(3) Grupo 3,No informado,30,14
gh-31345044316,2026-08-09T19:40:33-05:00,1000007-B,NA,(1) Grupo 1,German Eduardo Fonseca Buitrago,60,15
gh-31345044316,2026-08-09T19:40:33-05:00,1000007-B,NA,(11) Grupo 11,Leonid Lebedev,60,15
gh-31345044316,2026-08-09T19:40:33-05:00,1000007-B,NA,(12) Grupo 12,No informado,60,15
gh-31345044316,2026-08-09T19:40:33-05:00,1000007-B,NA,(13) Grupo 13,Omar Duque Gomez,40,15
gh-31345044316,2026-08-09T19:40:33-05:00,1000007-B,NA,(14) Grupo 14,No informado,100,15
gh-31345044316,2026-08-09T19:40:33-05:00,1000007-B,NA,(3) Grupo 3,Serafin Bautista Diaz,40,15
gh-31345044316,2026-08-09T19:40:33-05:00,1000007-B,NA,(4) Grupo 4,EDIXON MANUEL ROJAS SANTANA,60,15
gh-31345044316,2026-08-09T19:40:33-05:00,1000007-B,NA,(6) Grupo 6,Alexander Caviedes Castro,50,15
gh-31345044316,2026-08-09T19:40:33-05:00,1000007-B,NA,(7) Grupo 7,Oscar Guillermo Riaño Castañeda,40,15
gh-31345044316,2026-08-09T19:40:33-05:00,1000007-B,NA,(9) Grupo 9,Orlando Vanegas Canro,0,15
gh-31345044316,2026-08-09T19:40:34-05:00,2026134,CLASE TEORICA,(1) Grupo 1,No informado,0,16
gh-31345044316,2026-08-09T19:40:34-05:00,2026134,CLASE TEORICA,(2) Grupo 2,Juan Manuel Lizarazo Marriaga,30,16
gh-31345044316,2026-08-09T19:40:34-05:00,2026134,CLASE TEORICA,(3) Grupo 3,Maritzabel Molina Herrera,30,16
gh-31345044316,2026-08-09T19:40:34-05:00,2026134,CLASE TEORICA,(4) Grupo 4,Carlos Ramiro Vallecilla Bahena,30,16
gh-31345044316,2026-08-09T19:40:34-05:00,2026134,CLASE TEORICA,(5) Grupo 5,Fernando Lozano Osorno,30,16
gh-31345044316,2026-08-09T19:40:34-05:00,2026134,CLASE TEORICA,(6) Grupo 6,No informado,30,16
gh-31345044316,2026-08-09T19:40:35-05:00,2015954,CLASE TEORICA,(1) Grupo 1,Erasmo Alfredo Rodriguez Sandoval,30,17
gh-31345044316,2026-08-09T19:40:35-05:00,2015954,CLASE TEORICA,(2) Grupo 2,Mario Enrique Moreno Castiblanco,30,17
gh-31345044316,2026-08-09T19:40:35-05:00,2015954,CLASE TEORICA,(3) Grupo 3,Luis Alejandro Morales Marin,30,17
gh-31345044316,2026-08-09T19:40:36-05:00,2015955,CLASE TEORICA,(1) Grupo 1,Giovanni Andres Cortes Tovar,30,18
gh-31345044316,2026-08-09T19:40:36-05:00,2015955,CLASE TEORICA,(2) Grupo 2,Angela Barrera Puerto,30,18
gh-31345044316,2026-08-09T19:40:36-05:00,2015955,CLASE TEORICA,(3) Grupo 3,Giovanni Andres Cortes Tovar,30,18
gh-31345044316,2026-08-09T19:40:38-05:00,1000011-B,CLASE TEORICA,(1) Grupo 1,Ernesto Javier Puertas Dellepianes,118,19
gh-31345044316,2026-08-09T19:40:38-05:00,1000011-B,CLASE TEORICA,(3) Grupo 3,Néstor Fernando Perez Buitrago,12,19
gh-31345044316,2026-08-09T19:40:40-05:00,1000019-B,CLASE LABORATORIO,(1) Grupo 1,Gustavo Martinez Tamayo,35,20
gh-31345044316,2026-08-09T19:40:40-05:00,1000019-B,CLASE TALLER,(1) Grupo 1,FABIAN FELIPE QUEVEDO FARIETA,35,20
gh-31345044316,2026-08-09T19:40:40-05:00,1000019-B,CLASE MAGISTRAL,(1) Grupo 1,Gustavo Martinez Tamayo,35,20
gh-31345044316,2026-08-09T19:40:40-05:00,1000019-B,CLASE LABORATORIO,(10) Grupo 10,LUIS AGULLES PEDROS,35,20
gh-31345044316,2026-08-09T19:40:40-05:00,1000019-B,CLASE TALLER,(10) Grupo 10,Jhon Morales Aponte,35,20
gh-31345044316,2026-08-09T19:40:40-05:00,1000019-B,CLASE MAGISTRAL,(10) Grupo 10,Ovidio Amado Almanza Montero,35,20
gh-31345044316,2026-08-09T19:40:40-05:00,1000019-B,CLASE LABORATORIO,(11) Grupo 11,EVER DAVID ALCALA CAJAR,35,20
gh-31345044316,2026-08-09T19:40:40-05:00,1000019-B,CLASE TALLER,(11) Grupo 11,JULIAN MATEO DE MENDOZA GUTIERREZ,35,20
gh-31345044316,2026-08-09T19:40:40-05:00,1000019-B,CLASE MAGISTRAL,(11) Grupo 11,Ovidio Amado Almanza Montero,35,20
gh-31345044316,2026-08-09T19:40:40-05:00,1000019-B,CLASE LABORATORIO,(12) Grupo 12,FABIAN FELIPE QUEVEDO FARIETA,35,20
gh-31345044316,2026-08-09T19:40:40-05:00,1000019-B,CLASE TALLER,(12) Grupo 12,EVER DAVID ALCALA CAJAR,35,20
gh-31345044316,2026-08-09T19:40:40-05:00,1000019-B,CLASE MAGISTRAL,(12) Grupo 12,Ovidio Amado Almanza Montero,35,20
gh-31345044316,2026-08-09T19:40:40-05:00,1000019-B,CLASE LABORATORIO,(13) Grupo 13,Alvaro Marino Camargo,35,20
gh-31345044316,2026-08-09T19:40:40-05:00,1000019-B,CLASE TALLER,(13) Grupo 13,MIGUEL ENRIQUE GÁMEZ LÓPEZ,35,20
gh-31345044316,2026-08-09T19:40:40-05:00,1000019-B,CLASE MAGISTRAL,(13) Grupo 13,Alvaro Marino Camargo,35,20
gh-31345044316,2026-08-09T19:40:40-05:00,1000019-B,CLASE LABORATORIO,(14) Grupo 14,Alvaro Marino Camargo,35,20
gh-31345044316,2026-08-09T19:40:40-05:00,1000019-B,CLASE TALLER,(14) Grupo 14,No informado,35,20
gh-31345044316,2026-08-09T19:40:40-05:00,1000019-B,CLASE MAGISTRAL,(14) Grupo 14,Alvaro Marino Camargo,35,20
gh-31345044316,2026-08-09T19:40:40-05:00,1000019-B,CLASE LABORATORIO,(15) Grupo 15,JULIAN MATEO DE MENDOZA GUTIERREZ,32,20
gh-31345044316,2026-08-09T19:40:40-05:00,1000019-B,CLASE TALLER,(15) Grupo 15,EVER DAVID ALCALA CAJAR,32,20
gh-31345044316,2026-08-09T19:40:40-05:00,1000019-B,CLASE MAGISTRAL,(15) Grupo 15,Alvaro Marino Camargo,32,20
gh-31345044316,2026-08-09T19:40:40-05:00,1000019-B,CLASE MAGISTRAL,(16) Gruop 16,Erika Lorena Rosero Alzate; Daniel Camilo Padilla González,8,20
gh-31345044316,2026-08-09T19:40:40-05:00,1000019-B,CLASE LABORATORIO,(16) Grupo 16,Alvaro Marino Camargo,35,20
gh-31345044316,2026-08-09T19:40:40-05:00,1000019-B,CLASE TALLER,(16) Grupo 16,Edna Carolina Pinilla Beltran,35,20
gh-31345044316,2026-08-09T19:40:40-05:00,1000019-B,CLASE LABORATORIO,(17) Grupo 17,JULIAN MATEO DE MENDOZA GUTIERREZ,34,20
gh-31345044316,2026-08-09T19:40:40-05:00,1000019-B,CLASE TALLER,(17) Grupo 17,Jereson Silva Valencia,34,20
gh-31345044316,2026-08-09T19:40:40-05:00,1000019-B,CLASE MAGISTRAL,(17) Grupo 17,Jereson Silva Valencia,34,20
gh-31345044316,2026-08-09T19:40:40-05:00,1000019-B,CLASE LABORATORIO,(18) Grupo 18,Jaime Villalobos Velasco,34,20
gh-31345044316,2026-08-09T19:40:40-05:00,1000019-B,CLASE TALLER,(18) Grupo 18,Jereson Silva Valencia,34,20
gh-31345044316,2026-08-09T19:40:40-05:00,1000019-B,CLASE MAGISTRAL,(18) Grupo 18,Jereson Silva Valencia,34,20
gh-31345044316,2026-08-09T19:40:40-05:00,1000019-B,CLASE LABORATORIO,(19) Grupo 19,JULY PAOLA GARZÓN LOPEZ,32,20
gh-31345044316,2026-08-09T19:40:40-05:00,1000019-B,CLASE TALLER,(19) Grupo 19,Jereson Silva Valencia,32,20
gh-31345044316,2026-08-09T19:40:40-05:00,1000019-B,CLASE MAGISTRAL,(19) Grupo 19,Jereson Silva Valencia,32,20
gh-31345044316,2026-08-09T19:40:40-05:00,1000019-B,CLASE LABORATORIO,(2) Grupo 2,Gustavo Martinez Tamayo,35,20
gh-31345044316,2026-08-09T19:40:40-05:00,1000019-B,CLASE TALLER,(2) Grupo 2,Gustavo Martinez Tamayo,35,20
gh-31345044316,2026-08-09T19:40:40-05:00,1000019-B,CLASE MAGISTRAL,(2) Grupo 2,Gustavo Martinez Tamayo,35,20
gh-31345044316,2026-08-09T19:40:40-05:00,1000019-B,CLASE LABORATORIO,(20) Grupo 20,JOSE ALFREDO GOMEZ MATEUS,35,20
gh-31345044316,2026-08-09T19:40:40-05:00,1000019-B,CLASE TALLER,(20) Grupo 20,Jereson Silva Valencia,35,20
gh-31345044316,2026-08-09T19:40:40-05:00,1000019-B,CLASE MAGISTRAL,(20) Grupo 20,Jereson Silva Valencia,35,20
gh-31345044316,2026-08-09T19:40:40-05:00,1000019-B,CLASE LABORATORIO,(21) Grupo 21,Pedro Hernan Sanchez Machet,35,20
gh-31345044316,2026-08-09T19:40:40-05:00,1000019-B,CLASE TALLER,(21) Grupo 21,JOSE ALFREDO GOMEZ MATEUS,35,20
gh-31345044316,2026-08-09T19:40:40-05:00,1000019-B,CLASE MAGISTRAL,(21) Grupo 21,Diego Alejandro Torres Galindo,35,20
gh-31345044316,2026-08-09T19:40:40-05:00,1000019-B,CLASE LABORATORIO,(22) Grupo 22,Pedro Hernan Sanchez Machet,35,20
gh-31345044316,2026-08-09T19:40:40-05:00,1000019-B,CLASE TALLER,(22) Grupo 22,JULY PAOLA GARZÓN LOPEZ,35,20
gh-31345044316,2026-08-09T19:40:40-05:00,1000019-B,CLASE MAGISTRAL,(22) Grupo 22,Diego Alejandro Torres Galindo,35,20
gh-31345044316,2026-08-09T19:40:40-05:00,1000019-B,CLASE LABORATORIO,(23) Grupo 23,Pedro Hernan Sanchez Machet,35,20
gh-31345044316,2026-08-09T19:40:40-05:00,1000019-B,CLASE TALLER,(23) Grupo 23,Edna Carolina Pinilla Beltran,35,20
gh-31345044316,2026-08-09T19:40:40-05:00,1000019-B,CLASE MAGISTRAL,(23) Grupo 23,Diego Alejandro Torres Galindo,35,20
gh-31345044316,2026-08-09T19:40:40-05:00,1000019-B,CLASE LABORATORIO,(24) Grupo 24,Pedro Hernan Sanchez Machet,35,20
gh-31345044316,2026-08-09T19:40:40-05:00,1000019-B,CLASE TALLER,(24) Grupo 24,Diego Alejandro Torres Galindo,35,20
gh-31345044316,2026-08-09T19:40:40-05:00,1000019-B,CLASE MAGISTRAL,(24) Grupo 24,Diego Alejandro Torres Galindo,35,20
gh-31345044316,2026-08-09T19:40:40-05:00,1000019-B,CLASE LABORATORIO,(25) Grupo 25,Plinio Del Carmen Teheran Sermeno,45,20
gh-31345044316,2026-08-09T19:40:40-05:00,1000019-B,CLASE TALLER,(25) Grupo 25,Plinio Del Carmen Teheran Sermeno,45,20
gh-31345044316,2026-08-09T19:40:40-05:00,1000019-B,CLASE MAGISTRAL,(25) Grupo 25,Plinio Del Carmen Teheran Sermeno,45,20
gh-31345044316,2026-08-09T19:40:40-05:00,1000019-B,CLASE LABORATORIO,(26) Grupo 26 (VIRTUAL),Plinio Del Carmen Teheran Sermeno,50,20
gh-31345044316,2026-08-09T19:40:40-05:00,1000019-B,CLASE TALLER,(26) Grupo 26 (VIRTUAL),Plinio Del Carmen Teheran Sermeno,50,20
gh-31345044316,2026-08-09T19:40:40-05:00,1000019-B,CLASE MAGISTRAL,(26) Grupo 26 (VIRTUAL),Plinio Del Carmen Teheran Sermeno,50,20
gh-31345044316,2026-08-09T19:40:40-05:00,1000019-B,CLASE LABORATORIO,(27) Grupo 27 (VIRTUAL),Plinio Del Carmen Teheran Sermeno,50,20
gh-31345044316,2026-08-09T19:40:40-05:00,1000019-B,CLASE TALLER,(27) Grupo 27 (VIRTUAL),Plinio Del Carmen Teheran Sermeno,50,20
gh-31345044316,2026-08-09T19:40:40-05:00,1000019-B,CLASE MAGISTRAL,(27) Grupo 27 (VIRTUAL),Plinio Del Carmen Teheran Sermeno,50,20
gh-31345044316,2026-08-09T19:40:40-05:00,1000019-B,CLASE LABORATORIO,(28) Grupo 28 (VIRTUAL),Plinio Del Carmen Teheran Sermeno,50,20
gh-31345044316,2026-08-09T19:40:40-05:00,1000019-B,CLASE TALLER,(28) Grupo 28 (VIRTUAL),Plinio Del Carmen Teheran Sermeno,50,20
gh-31345044316,2026-08-09T19:40:40-05:00,1000019-B,CLASE MAGISTRAL,(28) Grupo 28 (VIRTUAL),Plinio Del Carmen Teheran Sermeno,50,20
gh-31345044316,2026-08-09T19:40:40-05:00,1000019-B,CLASE LABORATORIO,(29) Grupo 29 (VIRTUAL),Plinio Del Carmen Teheran Sermeno,50,20
gh-31345044316,2026-08-09T19:40:40-05:00,1000019-B,CLASE TALLER,(29) Grupo 29 (VIRTUAL),Plinio Del Carmen Teheran Sermeno,50,20
gh-31345044316,2026-08-09T19:40:40-05:00,1000019-B,CLASE MAGISTRAL,(29) Grupo 29 (VIRTUAL),Plinio Del Carmen Teheran Sermeno,50,20
gh-31345044316,2026-08-09T19:40:40-05:00,1000019-B,CLASE LABORATORIO,(3) Grupo 3,Gustavo Martinez Tamayo,35,20
gh-31345044316,2026-08-09T19:40:40-05:00,1000019-B,CLASE TALLER,(3) Grupo 3,Gustavo Martinez Tamayo,35,20
gh-31345044316,2026-08-09T19:40:40-05:00,1000019-B,CLASE MAGISTRAL,(3) Grupo 3,Gustavo Martinez Tamayo,35,20
gh-31345044316,2026-08-09T19:40:40-05:00,1000019-B,CLASE LABORATORIO,(4) Grupo 4,No informado,35,20
gh-31345044316,2026-08-09T19:40:40-05:00,1000019-B,CLASE TALLER,(4) Grupo 4,Jaime Villalobos Velasco,35,20
gh-31345044316,2026-08-09T19:40:40-05:00,1000019-B,CLASE MAGISTRAL,(4) Grupo 4,Gustavo Martinez Tamayo,35,20
gh-31345044316,2026-08-09T19:40:40-05:00,1000019-B,CLASE LABORATORIO,(5) Grupo 5,FABIAN FELIPE QUEVEDO FARIETA,35,20
gh-31345044316,2026-08-09T19:40:40-05:00,1000019-B,CLASE TALLER,(5) Grupo 5,Jaime Villalobos Velasco,35,20
gh-31345044316,2026-08-09T19:40:40-05:00,1000019-B,CLASE MAGISTRAL,(5) Grupo 5,Ramiro Cardona Cardona,35,20
gh-31345044316,2026-08-09T19:40:40-05:00,1000019-B,CLASE LABORATORIO,(6) Grupo 6,Jaime Villalobos Velasco,35,20
gh-31345044316,2026-08-09T19:40:40-05:00,1000019-B,CLASE TALLER,(6) Grupo 6,Ramiro Cardona Cardona,35,20
gh-31345044316,2026-08-09T19:40:40-05:00,1000019-B,CLASE MAGISTRAL,(6) Grupo 6,Ramiro Cardona Cardona,35,20
gh-31345044316,2026-08-09T19:40:40-05:00,1000019-B,CLASE LABORATORIO,(7) Grupo 7,Jaime Villalobos Velasco,35,20
gh-31345044316,2026-08-09T19:40:40-05:00,1000019-B,CLASE TALLER,(7) Grupo 7,Ramiro Cardona Cardona,35,20
gh-31345044316,2026-08-09T19:40:40-05:00,1000019-B,CLASE MAGISTRAL,(7) Grupo 7,Ramiro Cardona Cardona,35,20
gh-31345044316,2026-08-09T19:40:40-05:00,1000019-B,CLASE LABORATORIO,(8) Grupo 8,Jaime Villalobos Velasco,35,20
gh-31345044316,2026-08-09T19:40:40-05:00,1000019-B,CLASE TALLER,(8) Grupo 8,Edna Carolina Pinilla Beltran,35,20
gh-31345044316,2026-08-09T19:40:40-05:00,1000019-B,CLASE MAGISTRAL,(8) Grupo 8,Ramiro Cardona Cardona,35,20
gh-31345044316,2026-08-09T19:40:40-05:00,1000019-B,CLASE LABORATORIO,(9) Grupo 9,Erika Lorena Rosero Alzate,0,20
gh-31345044316,2026-08-09T19:40:40-05:00,1000019-B,CLASE TALLER,(9) Grupo 9,No informado,10,20
gh-31345044316,2026-08-09T19:40:40-05:00,1000019-B,CLASE MAGISTRAL,(9) Grupo 9,Fredy Angel Jimenez Giraldo,10,20
gh-31345044316,2026-08-09T19:40:42-05:00,2015956,CLASE TEORICA,(1) Grupo 1,Modesto Portilla Gamboa; Fernando Eli Romero Ordoñez,35,21
gh-31345044316,2026-08-09T19:40:42-05:00,2015956,CLASE TEORICA,(2) Grupo 2,Jennifer Angel Amaya,30,21
gh-31345044316,2026-08-09T19:40:42-05:00,2015956,CLASE TEORICA,(3) Grupo 3,Jennifer Angel Amaya,30,21
gh-31345044316,2026-08-09T19:40:42-05:00,2015956,CLASE TEORICA,(4) Grupo 4,Fernando Eli Romero Ordoñez; Modesto Portilla Gamboa,35,21
gh-31345044316,2026-08-09T19:40:43-05:00,2015957,CLASE PRACTICA,(1) Grupo 1,No informado,30,22
gh-31345044316,2026-08-09T19:40:43-05:00,2015957,CLASE PRACTICA,(2) Grupo 2,Samuel Fernando Mesa Giraldo,30,22
gh-31345044316,2026-08-09T19:40:43-05:00,2015957,CLASE PRACTICA,(3) Grupo 3,Rose Marie Aldana Boutin,30,22
gh-31345044316,2026-08-09T19:40:43-05:00,2015957,CLASE PRACTICA,(4) Grupo 4,Rose Marie Aldana Boutin,30,22
gh-31345044316,2026-08-09T19:40:44-05:00,2015958,CLASE PRACTICA,(1) Grupo 1,William Castro Garcia,20,23
gh-31345044316,2026-08-09T19:40:44-05:00,2015958,CLASE TEORICA,(1) Grupo 1,William Castro Garcia,40,23
gh-31345044316,2026-08-09T19:40:44-05:00,2015958,CLASE PRACTICA,(2) Grupo 2,William Castro Garcia,20,23
gh-31345044316,2026-08-09T19:40:44-05:00,2015958,CLASE PRACTICA,(3) Grupo 3,Carlos Alfonso Gomez Guacaneme,30,23
gh-31345044316,2026-08-09T19:40:44-05:00,2015958,CLASE TEORICA,(3) Grupo 3,Carlos Alfonso Gomez Guacaneme,30,23
gh-31345044316,2026-08-09T19:40:44-05:00,2015958,CLASE PRACTICA,(4) Grupo 4,Mario Arturo Rincon Villalba,20,23
gh-31345044316,2026-08-09T19:40:44-05:00,2015958,CLASE TEORICA,(4) Grupo 4,Mario Arturo Rincon Villalba,40,23
gh-31345044316,2026-08-09T19:40:44-05:00,2015958,CLASE PRACTICA,(5) Grupo 5,Mario Arturo Rincon Villalba,20,23
gh-31345044316,2026-08-09T19:40:44-05:00,2015958,CLASE PRACTICA,(6) Grupo 6,Fausto Alejandro Silva España,20,23
gh-31345044316,2026-08-09T19:40:44-05:00,2015958,CLASE TEORICA,(6) Grupo 6,Cesar Andres Cortes Bello,40,23
gh-31345044316,2026-08-09T19:40:44-05:00,2015958,CLASE PRACTICA,(7) Grupo 7,Fausto Alejandro Silva España,20,23
gh-31345044316,2026-08-09T19:40:44-05:00,2015958,CLASE PRACTICA,(8) Grupo 8,Fausto Alejandro Silva España,20,23
gh-31345044316,2026-08-09T19:40:44-05:00,2015958,CLASE TEORICA,(8) Grupo 8,Cesar Andres Cortes Bello,40,23
gh-31345044316,2026-08-09T19:40:44-05:00,2015958,CLASE PRACTICA,(9) Grupo 9,Fausto Alejandro Silva España,20,23
gh-31345044316,2026-08-09T19:40:45-05:00,2015959,CLASE TEORICA,(1) Grupo 1,Carlos Eduardo Rodriguez Pineda,30,24
gh-31345044316,2026-08-09T19:40:45-05:00,2015959,CLASE TEORICA,(2) Grupo 2,Guillermo Eduardo Avila Alvarez,30,24
gh-31345044316,2026-08-09T19:40:45-05:00,2015959,CLASE TEORICA,(3) Grupo 3,Livaniel Viveros Rosero,30,24
gh-31345044316,2026-08-09T19:40:45-05:00,2015959,CLASE TEORICA,(4) Grupo 4,No informado,0,24
gh-31345044316,2026-08-09T19:40:48-05:00,2015961,CLASE TEORICA,(1) Grupo 1,Rafael Orland Ortiz Mosquera,24,26
gh-31345044316,2026-08-09T19:40:48-05:00,2015961,CLASE TEORICA,(2) Grupo 2,Adriana Patricia Piña Fulano,24,26
gh-31345044316,2026-08-09T19:40:48-05:00,2015961,CLASE TEORICA,(3) Grupo 3,Gelber Norberto Gutierrez Palacios,24,26
gh-31345044316,2026-08-09T19:40:48-05:00,2015961,CLASE TEORICA,(4) Grupo 4,No informado,24,26
gh-31345044316,2026-08-09T19:40:48-05:00,2015961,CLASE TEORICA,(5) Grupo 5,No informado,24,26
gh-31345044316,2026-08-09T19:40:48-05:00,2015961,CLASE TEORICA,(6) Grupo 6,Leonardo David Donado Garzon,24,26
gh-31345044316,2026-08-09T19:40:50-05:00,2015978,CLASE TEORICA,(1) Grupo 1,No informado,0,27
gh-31345044316,2026-08-09T19:40:50-05:00,2015978,CLASE TEORICA,(2) Grupo 2,Erasmo Alfredo Rodriguez Sandoval,30,27
gh-31345044316,2026-08-09T19:40:50-05:00,2015978,CLASE TEORICA,(3) Grupo 3,No informado,30,27
gh-31345044316,2026-08-09T19:40:50-05:00,2015978,CLASE TEORICA,(4) Grupo 4,No informado,30,27
gh-31345044316,2026-08-09T19:40:50-05:00,2015978,CLASE TEORICA,(5) Grupo 5,No informado,30,27
gh-31345044316,2026-08-09T19:40:51-05:00,2026135,CLASE TEORICA,(1) Grupo 1,NICOLAS ESCALANTE MORA,25,28
gh-31345044316,2026-08-09T19:40:51-05:00,2026135,CLASE TEORICA,(2) Grupo 2,Leonel Vega Mora,25,28
gh-31345044316,2026-08-09T19:40:51-05:00,2026135,CLASE TEORICA,(3) Grupo 3,Leonel Vega Mora,25,28
gh-31345044316,2026-08-09T19:40:53-05:00,2015963,CLASE TEORICA,(1) Grupo 1,No informado,30,29
gh-31345044316,2026-08-09T19:40:53-05:00,2015963,CLASE TEORICA,(2) Grupo 2,No informado,30,29
gh-31345044316,2026-08-09T19:40:53-05:00,2015963,CLASE TEORICA,(3) Grupo 3,William Castro Garcia,30,29
gh-31345044316,2026-08-09T19:40:54-05:00,2026138,CLASE TEORICA,(1) Grupo 1,Ivan Dario Serrano Arrieta,30,30
gh-31345044316,2026-08-09T19:40:54-05:00,2026138,CLASE TEORICA,(2) Grupo 2,Ivan Dario Serrano Arrieta,30,30
gh-31345044316,2026-08-09T19:40:54-05:00,2026138,CLASE TEORICA,(3) Grupo 3,Pedro Luis Jimenez Poveda,30,30
gh-31345044316,2026-08-09T19:40:57-05:00,2015703,NA,(1) Grupo 1,Angela Maria Arboleda Restrepo,40,31
gh-31345044316,2026-08-09T19:40:57-05:00,2015703,NA,(10) Grupo 10,Diego Alejandro Hernandez Castañeda,30,31
gh-31345044316,2026-08-09T19:40:57-05:00,2015703,NA,(11) Grupo 11,Julio Cesar Cañon Rodriguez,30,31
gh-31345044316,2026-08-09T19:40:57-05:00,2015703,NA,(2) Grupo 2,Osman Benjamin Giovanny Vargas Rozo,40,31
gh-31345044316,2026-08-09T19:40:57-05:00,2015703,NA,(3) Grupo 3,Hugo Alberto Herrera Fonseca,40,31
gh-31345044316,2026-08-09T19:40:57-05:00,2015703,NA,(4) Grupo 4,LINA JULIANA BULLA CASAS,30,31
gh-31345044316,2026-08-09T19:40:57-05:00,2015703,NA,(5) Grupo 5 - Virtual,Cesar Augusto Roa Lemus,60,31
gh-31345044316,2026-08-09T19:40:57-05:00,2015703,NA,(6) Grupo 6,JAVIER RICARDO OJEDA SANCHEZ,40,31
gh-31345044316,2026-08-09T19:40:57-05:00,2015703,NA,(7) Grupo 7,JAVIER RICARDO OJEDA SANCHEZ,20,31
gh-31345044316,2026-08-09T19:40:57-05:00,2015703,NA,(8) Grupo 8,Diego Alejandro Hernandez Castañeda,40,31
gh-31345044316,2026-08-09T19:40:57-05:00,2015703,NA,(9) Grupo 9,LINA JULIANA BULLA CASAS,35,31
gh-31345044316,2026-08-09T19:40:59-05:00,1000044-B,CLASE TEORICA,(1) Grupo 1,Beatriz Elena Urrutia Sanchez,26,32
gh-31345044316,2026-08-09T19:40:59-05:00,1000044-B,CLASE TEORICA,(2) Grupo 2,Yaneli Niño Osorio,26,32
gh-31345044316,2026-08-09T19:40:59-05:00,1000044-B,CLASE TEORICA,(3) Grupo 3,Luis Gabriel Peña Ortiz,26,32
gh-31345044316,2026-08-09T19:40:59-05:00,1000044-B,CLASE TEORICA,(4) Grupo 4,Liliana Marcela Guzman Aricapa,26,32
gh-31345044316,2026-08-09T19:40:59-05:00,1000044-B,CLASE TEORICA,(5) Grupo 5,Beatriz Elena Urrutia Sanchez,26,32
gh-31345044316,2026-08-09T19:40:59-05:00,1000044-B,CLASE TEORICA,(6) Grupo 6,Cesar Augusto Romero,26,32
gh-31345044316,2026-08-09T19:40:59-05:00,1000044-B,CLASE TEORICA,(7) Grupo 7,JOSE JONATHAN MAESTRE HERRERA,26,32
gh-31345044316,2026-08-09T19:40:59-05:00,1000044-B,CLASE TEORICA,(8) Grupo 8,Beymar Leonardo Solorzano Alviz,26,32
gh-31345044316,2026-08-09T19:40:59-05:00,1000044-B,CLASE TEORICA,(9) Grupo 9,Claudia Marcela Arevalo Gomez,7,32
gh-31345044316,2026-08-09T19:41:00-05:00,1000045-B,CLASE TEORICA,(1) Grupo 1,Claudia Marcela Arevalo Gomez,10,33
gh-31345044316,2026-08-09T19:41:00-05:00,1000045-B,CLASE TEORICA,(10) Grupo 10,Jesica paola Rendon Alfonso,26,33
gh-31345044316,2026-08-09T19:41:00-05:00,1000045-B,CLASE TEORICA,(11) Grupo 11,JOSE JONATHAN MAESTRE HERRERA,26,33
gh-31345044316,2026-08-09T19:41:00-05:00,1000045-B,CLASE TEORICA,(12) Grupo 12,LINDA JOHANA RUIZ GOMEZ,26,33
gh-31345044316,2026-08-09T19:41:00-05:00,1000045-B,CLASE TEORICA,(13) Grupo 13,Narly Yadira Pardo Cadena,26,33
gh-31345044316,2026-08-09T19:41:00-05:00,1000045-B,CLASE TEORICA,(14) Grupo 14,Angelica Saenz Fonseca,26,33
gh-31345044316,2026-08-09T19:41:00-05:00,1000045-B,CLASE TEORICA,(15) Grupo 15,Narly Yadira Pardo Cadena,26,33
gh-31345044316,2026-08-09T19:41:00-05:00,1000045-B,CLASE TEORICA,(16) Grupo 16,Luis Gabriel Peña Ortiz,26,33
gh-31345044316,2026-08-09T19:41:00-05:00,1000045-B,CLASE TEORICA,(2) Grupo 2,Cesar Augusto Romero,26,33
gh-31345044316,2026-08-09T19:41:00-05:00,1000045-B,CLASE TEORICA,(3) Grupo 3,Jesica paola Rendon Alfonso,26,33
gh-31345044316,2026-08-09T19:41:00-05:00,1000045-B,CLASE TEORICA,(4) Grupo 4,Adriana Marlen Sanchez Riaño,26,33
gh-31345044316,2026-08-09T19:41:00-05:00,1000045-B,CLASE TEORICA,(5) Grupo 5,Cesar Augusto Romero,26,33
gh-31345044316,2026-08-09T19:41:00-05:00,1000045-B,CLASE TEORICA,(6) Grupo 6,Sara Elisa Monsalve Patino,26,33
gh-31345044316,2026-08-09T19:41:00-05:00,1000045-B,CLASE TEORICA,(7) Grupo 7,Luis Gabriel Peña Ortiz,26,33
gh-31345044316,2026-08-09T19:41:00-05:00,1000045-B,CLASE TEORICA,(8) Grupo 8,Johnatan Martinez Hernandez,26,33
gh-31345044316,2026-08-09T19:41:00-05:00,1000045-B,CLASE TEORICA,(9) Grupo 9,Maureen Elizabeth Hooker Oneill,15,33
gh-31345044316,2026-08-09T19:41:03-05:00,1000046-B,CLASE TEORICA,(1) Grupo 1,Johnatan Martinez Hernandez,26,35
gh-31345044316,2026-08-09T19:41:03-05:00,1000046-B,CLASE TEORICA,(10) Grupo 10,Jennly Angelica Gomez Rodriguez,26,35
gh-31345044316,2026-08-09T19:41:03-05:00,1000046-B,CLASE TEORICA,(11) Grupo 11,Angelica Saenz Fonseca,26,35
gh-31345044316,2026-08-09T19:41:03-05:00,1000046-B,CLASE TEORICA,(12) Grupo 12,Liliana Marcela Guzman Aricapa,26,35
gh-31345044316,2026-08-09T19:41:03-05:00,1000046-B,CLASE TEORICA,(13) Grupo 13,ALBA LUCIA RIAÑO RODRIGUEZ,26,35
gh-31345044316,2026-08-09T19:41:03-05:00,1000046-B,CLASE TEORICA,(14) Grupo 14,Angelica Saenz Fonseca,26,35
gh-31345044316,2026-08-09T19:41:03-05:00,1000046-B,CLASE TEORICA,(15) Grupo 15,Luis Gabriel Peña Ortiz,26,35
gh-31345044316,2026-08-09T19:41:03-05:00,1000046-B,CLASE TEORICA,(16) Grupo 16,Olga Lucia Ruiz Convers,26,35
gh-31345044316,2026-08-09T19:41:03-05:00,1000046-B,CLASE TEORICA,(17) Grupo 17,Luis Gabriel Peña Ortiz,26,35
gh-31345044316,2026-08-09T19:41:03-05:00,1000046-B,CLASE TEORICA,(18) Grupo 18,Narly Yadira Pardo Cadena,26,35
gh-31345044316,2026-08-09T19:41:03-05:00,1000046-B,CLASE TEORICA,(2) Grupo 2,Jesica paola Rendon Alfonso,26,35
gh-31345044316,2026-08-09T19:41:03-05:00,1000046-B,CLASE TEORICA,(3) Grupo 3,JESUS DAVID TORRES RODRIGUEZ,26,35
gh-31345044316,2026-08-09T19:41:03-05:00,1000046-B,CLASE TEORICA,(4) Grupo 4,Claudia Patricia Cortes Lora,26,35
gh-31345044316,2026-08-09T19:41:03-05:00,1000046-B,CLASE TEORICA,(5) Grupo 5,Johnatan Martinez Hernandez,26,35
gh-31345044316,2026-08-09T19:41:03-05:00,1000046-B,CLASE TEORICA,(6) Grupo 6,Johnatan Martinez Hernandez,26,35
gh-31345044316,2026-08-09T19:41:03-05:00,1000046-B,CLASE TEORICA,(7) Grupo 7,Jesica paola Rendon Alfonso,26,35
gh-31345044316,2026-08-09T19:41:03-05:00,1000046-B,CLASE TEORICA,(8) Grupo 8,Beatriz Elena Urrutia Sanchez,26,35
gh-31345044316,2026-08-09T19:41:03-05:00,1000046-B,CLASE TEORICA,(9) Grupo 9,Maureen Elizabeth Hooker Oneill,10,35
gh-31345044316,2026-08-09T19:41:07-05:00,1000052-B,CLASE TEORICA,(1) Grupo 1,Liliana Marcela Guzman Aricapa,28,37
gh-31345044316,2026-08-09T19:41:07-05:00,1000052-B,CLASE TEORICA,(2) Grupo 2,JOSE JONATHAN MAESTRE HERRERA,28,37
gh-31345044316,2026-08-09T19:41:07-05:00,1000052-B,CLASE TEORICA,(3) Grupo 3,Aida Elena Monsalve Solorzano,28,37
gh-31345044316,2026-08-09T19:41:08-05:00,1000053-B,CLASE TEORICA,(1) Grupo 1,Jennly Angelica Gomez Rodriguez,28,38
gh-31345044316,2026-08-09T19:41:08-05:00,1000053-B,CLASE TEORICA,(2) Grupo 2,Yaneli Niño Osorio,28,38
gh-31345044316,2026-08-09T19:41:08-05:00,1000053-B,CLASE TEORICA,(3) Grupo 3,Javier Rodriguez Gomez,30,38
gh-31345044316,2026-08-09T19:41:08-05:00,1000053-B,CLASE TEORICA,(4) Grupo 4,Javier Rodriguez Gomez,30,38
gh-31345044316,2026-08-09T19:41:08-05:00,1000053-B,CLASE TEORICA,(5) Grupo 5,LINDA JOHANA RUIZ GOMEZ,28,38
gh-31345044316,2026-08-09T19:41:08-05:00,1000053-B,CLASE TEORICA,(6) Grupo 6,Olga Lucia Ruiz Convers,28,38
gh-31345044316,2026-08-09T19:41:10-05:00,1000047-B,CLASE TEORICA,(1) Grupo 1,Cesar Augusto Romero,26,39
gh-31345044316,2026-08-09T19:41:10-05:00,1000047-B,CLASE TEORICA,(10) Grupo 10,Monica Alexandra Riaño Orjuela,26,39
gh-31345044316,2026-08-09T19:41:10-05:00,1000047-B,CLASE TEORICA,(11) Grupo 11,Jennly Angelica Gomez Rodriguez,26,39
gh-31345044316,2026-08-09T19:41:10-05:00,1000047-B,CLASE TEORICA,(12) Grupo 12,Claudia Patricia Cortes Lora,26,39
gh-31345044316,2026-08-09T19:41:10-05:00,1000047-B,CLASE TEORICA,(13) Grupo 13,Angelica Saenz Fonseca,26,39
gh-31345044316,2026-08-09T19:41:10-05:00,1000047-B,CLASE TEORICA,(14) Grupo 14,LINDA JOHANA RUIZ GOMEZ,26,39
gh-31345044316,2026-08-09T19:41:10-05:00,1000047-B,CLASE TEORICA,(15) Grupo 15,Claudia Patricia Cortes Lora,26,39
gh-31345044316,2026-08-09T19:41:10-05:00,1000047-B,CLASE TEORICA,(16) Grupo 16,Narly Yadira Pardo Cadena,26,39
gh-31345044316,2026-08-09T19:41:10-05:00,1000047-B,CLASE TEORICA,(17) Grupo 17,Angelica Saenz Fonseca,26,39
gh-31345044316,2026-08-09T19:41:10-05:00,1000047-B,CLASE TEORICA,(18) Grupo 18,ALBA LUCIA RIAÑO RODRIGUEZ,26,39
gh-31345044316,2026-08-09T19:41:10-05:00,1000047-B,CLASE TEORICA,(19) Grupo 19,Aida Elena Monsalve Solorzano,26,39
gh-31345044316,2026-08-09T19:41:10-05:00,1000047-B,CLASE TEORICA,(2) Grupo 2,Yaneli Niño Osorio,26,39
gh-31345044316,2026-08-09T19:41:10-05:00,1000047-B,CLASE TEORICA,(20) Grupo 20,ALBA LUCIA RIAÑO RODRIGUEZ,26,39
gh-31345044316,2026-08-09T19:41:10-05:00,1000047-B,CLASE TEORICA,(21) Grupo 21,Edwin Yesid Leon Silva,26,39
gh-31345044316,2026-08-09T19:41:10-05:00,1000047-B,CLASE TEORICA,(22) Grupo 22,LINDA JOHANA RUIZ GOMEZ,26,39
gh-31345044316,2026-08-09T19:41:10-05:00,1000047-B,CLASE TEORICA,(3) Grupo 3,Monica Alexandra Riaño Orjuela,26,39
gh-31345044316,2026-08-09T19:41:10-05:00,1000047-B,CLASE TEORICA,(4) Grupo 4,Claudia Patricia Cortes Lora,26,39
gh-31345044316,2026-08-09T19:41:10-05:00,1000047-B,CLASE TEORICA,(5) Grupo 5,Olga Lucia Ruiz Convers,26,39
gh-31345044316,2026-08-09T19:41:10-05:00,1000047-B,CLASE TEORICA,(6) Grupo 6,Monica Alexandra Riaño Orjuela,26,39
gh-31345044316,2026-08-09T19:41:10-05:00,1000047-B,CLASE TEORICA,(7) Grupo 7,Cesar Augusto Romero,26,39
gh-31345044316,2026-08-09T19:41:10-05:00,1000047-B,CLASE TEORICA,(8) Grupo 8,Beatriz Elena Urrutia Sanchez,26,39
gh-31345044316,2026-08-09T19:41:10-05:00,1000047-B,CLASE TEORICA,(9) Grupo 9,Keshia Hilary Howard Livingston,15,39
gh-31345044316,2026-08-09T19:41:13-05:00,2026186,CLASE TEORICA,(1) Grupo 1,Carol Andrea Murillo Feo,7,41
gh-31345044316,2026-08-09T19:41:13-05:00,2026186,CLASE TEORICA,(2) Grupo 2,Leonel Vega Mora,0,41
gh-31345044316,2026-08-09T19:41:13-05:00,2026186,CLASE TEORICA,(4) Grupo 4,Carlos Orlando Robles Roa,10,41
gh-31345044316,2026-08-09T19:41:14-05:00,1000002-B,CLASE TEORICA,(1) Grupo 1 - Clase Presencial,Ruth Andrea Cortés Suárez,1,42
gh-31345044316,2026-08-09T19:41:14-05:00,1000002-B,CLASE TEORICA,(10) Grupo 10 - Clase presencial,Karen Johanna Castelblanco Villamil,0,42
gh-31345044316,2026-08-09T19:41:14-05:00,1000002-B,CLASE TEORICA,(2) Grupo 2 - Clase Presencial,Ruth Andrea Cortés Suárez,0,42
gh-31345044316,2026-08-09T19:41:14-05:00,1000002-B,CLASE TEORICA,(3) Grupo 3 - Clase Presencial,Adriana Patricia Díaz Cuevas,0,42
gh-31345044316,2026-08-09T19:41:14-05:00,1000002-B,CLASE TEORICA,(4) Grupo 4 - Clase Presencial,Adriana Patricia Díaz Cuevas,0,42
gh-31345044316,2026-08-09T19:41:14-05:00,1000002-B,CLASE TEORICA,(5) Grupo 5 - Clase Presencial,Andres Felipe Escovar Barreto,0,42
gh-31345044316,2026-08-09T19:41:14-05:00,1000002-B,CLASE TEORICA,(6) Grupo 6 - Clase Presencial,Ruth Andrea Cortés Suárez,0,42
gh-31345044316,2026-08-09T19:41:14-05:00,1000002-B,CLASE TEORICA,(7) Grupo 7 - Clase Presencial,Karen Johanna Castelblanco Villamil,0,42
gh-31345044316,2026-08-09T19:41:14-05:00,1000002-B,CLASE TEORICA,(8) Grupo 8 - Clase Presencial,Adriana Patricia Díaz Cuevas,0,42
gh-31345044316,2026-08-09T19:41:14-05:00,1000002-B,CLASE TEORICA,(9) Grupo 9 - Clase Presencial,Carlas Lucia Castilla Lara,10,42
gh-31345044316,2026-08-09T19:41:16-05:00,1000001-B,CLASE TEORICA,(1) Grupo 1,No informado,0,43
gh-31345044316,2026-08-09T19:41:16-05:00,1000001-B,CLASE MAGISTRAL,(1) Grupo 1,Ibeth Marcela Rubio Perilla,0,43
gh-31345044316,2026-08-09T19:41:16-05:00,1000001-B,CLASE MAGISTRAL,(10) Grupo 10,No informado,0,43
gh-31345044316,2026-08-09T19:41:16-05:00,1000001-B,CLASE TEORICA,(19) Grupo 19,No informado,5,43
gh-31345044316,2026-08-09T19:41:16-05:00,1000001-B,CLASE TEORICA,(2) Grupo 2,No informado,10,43
gh-31345044316,2026-08-09T19:41:16-05:00,1000001-B,CLASE MAGISTRAL,(2) Grupo 2,Herbert Alonso Dueñas Ruiz,0,43
gh-31345044316,2026-08-09T19:41:16-05:00,1000001-B,CLASE MAGISTRAL,(3) Grupo 3,Jeanneth Galeano Penaloza,0,43
gh-31345044316,2026-08-09T19:41:16-05:00,1000001-B,CLASE MAGISTRAL,(4) Grupo 4,Gustavo Adolfo Nieto Clavijo,0,43
gh-31345044316,2026-08-09T19:41:16-05:00,1000001-B,CLASE MAGISTRAL,(5) Grupo 5,Natalia Camila Pinzon Cortes,0,43
gh-31345044316,2026-08-09T19:41:16-05:00,1000001-B,CLASE MAGISTRAL,(6) Grupo 6,Martha Cecilia Moreno Penagos,0,43
gh-31345044316,2026-08-09T19:41:16-05:00,1000001-B,CLASE MAGISTRAL,(7) Grupo 7,Claudio Rodriguez Beltran,0,43
gh-31345044316,2026-08-09T19:41:16-05:00,1000001-B,CLASE MAGISTRAL,(8) Grupo 8,Gabriel Ignacio Padilla Leon,0,43
gh-31345044316,2026-08-09T19:41:16-05:00,1000001-B,CLASE MAGISTRAL,(9) Grupo 9,No informado,10,43
gh-31345044316,2026-08-09T19:41:17-05:00,2015965,CLASE TEORICA,(1) Grupo 1,CAMILO RIOS FRESNEDA,24,44
gh-31345044316,2026-08-09T19:41:17-05:00,2015965,CLASE TEORICA,(2) Grupo 2,Julian David Puerto Suarez; Vladimir Buelvas Hernández,24,44
gh-31345044316,2026-08-09T19:41:17-05:00,2015965,CLASE TEORICA,(3) Grupo 3,Ferney Betancourt Cardozo; Juan Manuel Lizarazo Marriaga,24,44
gh-31345044316,2026-08-09T19:41:17-05:00,2015965,CLASE TEORICA,(4) Grupo 4,No informado,24,44
gh-31345044316,2026-08-09T19:41:19-05:00,2015966,CLASE TEORICA,(1) Grupo 1,No informado,24,45
gh-31345044316,2026-08-09T19:41:19-05:00,2015966,CLASE TEORICA,(2) Grupo 2,Adriana Patricia Piña Fulano,24,45
gh-31345044316,2026-08-09T19:41:19-05:00,2015966,CLASE TEORICA,(3) Grupo 3,Rafael Orland Ortiz Mosquera,24,45
gh-31345044316,2026-08-09T19:41:19-05:00,2015966,CLASE TEORICA,(4) Grupo 4,No informado,24,45
gh-31345044316,2026-08-09T19:41:19-05:00,2015966,CLASE TEORICA,(5) Grupo 5,No informado,24,45
gh-31345044316,2026-08-09T19:41:19-05:00,2015966,CLASE TEORICA,(6) Grupo 6,Luis Alejandro Morales Marin,24,45
gh-31345044316,2026-08-09T19:41:19-05:00,2015966,CLASE TEORICA,(7) Grupo 7,No informado,24,45
gh-31345044316,2026-08-09T19:41:19-05:00,2015966,CLASE TEORICA,(8) Grupo 8,No informado,24,45
gh-31345044316,2026-08-09T19:41:20-05:00,2015967,NA,(1) Grupo 1,Vladimir Buelvas Hernández,24,46
gh-31345044316,2026-08-09T19:41:21-05:00,2015968,CLASE TEORICA,(1) Grupo 1,Ricardo Parra Arango,24,47
gh-31345044316,2026-08-09T19:41:21-05:00,2015968,CLASE TEORICA,(2) Grupo 2,Juan David Oliveros Salazar,24,47
gh-31345044316,2026-08-09T19:41:21-05:00,2015968,CLASE TEORICA,(3) Grupo 3,No informado,24,47
gh-31345044316,2026-08-09T19:41:21-05:00,2015968,CLASE TEORICA,(4) Grupo 4,Ricardo Parra Arango,24,47
gh-31345044316,2026-08-09T19:41:21-05:00,2015968,CLASE TEORICA,(5) Grupo 5,Julian David Puerto Suarez,24,47
gh-31345044316,2026-08-09T19:41:21-05:00,2015968,CLASE TEORICA,(6) Grupo 6,Dorian Luis Linero Segrera,24,47
gh-31345044316,2026-08-09T19:41:21-05:00,2015968,CLASE TEORICA,(7) Grupo 7,No informado,0,47
gh-31345044316,2026-08-09T19:41:22-05:00,2015969,CLASE TEORICA,(1) Grupo 1 (Inglés),Julio Esteban Colmenares Montañez,30,48
gh-31345044316,2026-08-09T19:41:22-05:00,2015969,CLASE TEORICA,(2) Grupo 2,Guillermo Eduardo Avila Alvarez,30,48
gh-31345044316,2026-08-09T19:41:22-05:00,2015969,CLASE TEORICA,(3) Grupo 3,Livaniel Viveros Rosero,30,48
gh-31345044316,2026-08-09T19:41:22-05:00,2015969,CLASE TEORICA,(4) Grupo 4,No informado,30,48
gh-31345044316,2026-08-09T19:41:24-05:00,2015970,CLASE PRACTICA,(4) Grupo 4,Helga Duarte,30,49
gh-31345044316,2026-08-09T19:41:24-05:00,2015970,CLASE PRACTICA,(5) Grupo 5,Oswaldo Rojas Camacho,45,49
gh-31345044316,2026-08-09T19:41:24-05:00,2015970,CLASE PRACTICA,(8) Grupo 8,Helga Duarte,30,49
gh-31345044316,2026-08-09T19:41:24-05:00,2015970,CLASE PRACTICA,(9) Grupo 9,Oswaldo Rojas Camacho,45,49
gh-31345044316,2026-08-09T19:41:25-05:00,2017293,CLASE TEORICA,(1) 2017293-1 Modelación matemática,JUAN SEBASTIÁN HINCAPIÉ MONTES,34,50
gh-31345044316,2026-08-09T19:41:25-05:00,2017293,CLASE MAGISTRAL,(1M) 2017293-1M Modelación matemática - Magistral,Carlos Alberto Duque Daza,80,50
gh-31345044316,2026-08-09T19:41:25-05:00,2017293,CLASE TEORICA,(2) 2017293-2 Modelación matemática,JUAN SEBASTIÁN HINCAPIÉ MONTES,34,50
gh-31345044316,2026-08-09T19:41:29-05:00,2015971,CLASE TEORICA,(1) Grupo 1,No informado,30,53
gh-31345044316,2026-08-09T19:41:29-05:00,2015971,CLASE TEORICA,(2) Grupo 2,Ferney Betancourt Cardozo,30,53
gh-31345044316,2026-08-09T19:41:29-05:00,2015971,CLASE TEORICA,(3) Grupo 3,No informado,30,53
gh-31345044316,2026-08-09T19:41:30-05:00,2015972,CLASE TEORICA,(1) Grupo 1,Carlos Alberto Moncada Aristizabal,15,54
gh-31345044316,2026-08-09T19:41:30-05:00,2015972,CLASE TEORICA,(2) Grupo 2,SANTIAGO RAMIREZ ECHEVERRI,15,54
gh-31345044316,2026-08-09T19:41:30-05:00,2015972,CLASE TEORICA,(3) Grupo 3,No informado,15,54
gh-31345044316,2026-08-09T19:41:32-05:00,1000024-B,CLASE TEORICA,(12) Grupo 12,Edgar Delgado Mejia,0,55
gh-31345044316,2026-08-09T19:41:32-05:00,1000024-B,CLASE TEORICA,(13) Grupo 13,Jesus Sigifredo Valencia Rios,0,55
gh-31345044316,2026-08-09T19:41:32-05:00,1000024-B,CLASE TEORICA,(14) Grupo 14,Jhon Jairo Aragón Arias,10,55
gh-31345044316,2026-08-09T19:41:34-05:00,1000013-B,CLASE TEORICA,(1) Grupo 1,JHONIER SEBASTIAN RANGEL GUTIERREZ,0,56
gh-31345044316,2026-08-09T19:41:34-05:00,1000013-B,CLASE TEORICA,(10) Grupo 10,Sandra Vergara Cardozo,35,56
gh-31345044316,2026-08-09T19:41:34-05:00,1000013-B,CLASE TEORICA,(11) Grupo 11,DIEGO ALBERTO MARTINEZ SIMBAQUEVA,40,56
gh-31345044316,2026-08-09T19:41:34-05:00,1000013-B,CLASE TEORICA,(12) Grupo 12,DIEGO ALBERTO MARTINEZ SIMBAQUEVA,40,56
gh-31345044316,2026-08-09T19:41:34-05:00,1000013-B,CLASE TEORICA,(13) Grupo 13,DIEGO ALBERTO MARTINEZ SIMBAQUEVA,30,56
gh-31345044316,2026-08-09T19:41:34-05:00,1000013-B,CLASE TEORICA,(14) Grupo 14,Andrea Catalina Garcia Montoya,45,56
gh-31345044316,2026-08-09T19:41:34-05:00,1000013-B,CLASE TEORICA,(16) Grupo 16,Sergio Alejandro Calderon Villanueva,30,56
gh-31345044316,2026-08-09T19:41:34-05:00,1000013-B,CLASE TEORICA,(2) Grupo 2,Luis Guillermo Diaz Monroy,40,56
gh-31345044316,2026-08-09T19:41:34-05:00,1000013-B,CLASE TEORICA,(22) Grupo 22,Hanwen Zhang,45,56
gh-31345044316,2026-08-09T19:41:34-05:00,1000013-B,CLASE TEORICA,(23) Grupo 23,ULPIANO LARA CRISTANCHO,0,56
gh-31345044316,2026-08-09T19:41:34-05:00,1000013-B,CLASE TEORICA,(3) Grupo 3,Diana Carolina Franco Soto,40,56
gh-31345044316,2026-08-09T19:41:34-05:00,1000013-B,CLASE TEORICA,(4) Grupo 4,Diana Carolina Franco Soto,40,56
gh-31345044316,2026-08-09T19:41:34-05:00,1000013-B,CLASE TEORICA,(5) Grupo 5,Darwin Eduardo Martínez Riaño,35,56
gh-31345044316,2026-08-09T19:41:34-05:00,1000013-B,CLASE TEORICA,(6) Grupo 6,Darwin Eduardo Martínez Riaño,35,56
gh-31345044316,2026-08-09T19:41:34-05:00,1000013-B,CLASE TEORICA,(7) Grupo 7,Camilo Jose Torres Jimenez,40,56
gh-31345044316,2026-08-09T19:41:36-05:00,2015734,NA,(1) Grupo 1,Fernando Salazar Delgado,6,57
gh-31345044316,2026-08-09T19:41:36-05:00,2015734,NA,(10) Grupo 10,Tito Florez Calderon,4,57
gh-31345044316,2026-08-09T19:41:36-05:00,2015734,NA,(11) Grupo 11,DAVID ALBERTO HERRERA ALVAREZ,0,57
gh-31345044316,2026-08-09T19:41:36-05:00,2015734,NA,(12) Grupo 12,FABIEL NATÁN ESPINOSA CASTAÑEDA,1,57
gh-31345044316,2026-08-09T19:41:36-05:00,2015734,NA,(13) Grupo 13,SERGIO CAMILO ESPINOSA BOTERO,4,57
gh-31345044316,2026-08-09T19:41:36-05:00,2015734,NA,(14) Grupo 14,Felipe Gonzalez Roldan,0,57
gh-31345044316,2026-08-09T19:41:36-05:00,2015734,NA,(2) Grupo 2,Fernando Salazar Delgado,16,57
gh-31345044316,2026-08-09T19:41:36-05:00,2015734,NA,(3) Grupo 3,Jhoan Sebastian Restrepo Mendoza,0,57
gh-31345044316,2026-08-09T19:41:36-05:00,2015734,NA,(4) Grupo 4,Sandra Liliana Rojas Martinez,0,57
gh-31345044316,2026-08-09T19:41:36-05:00,2015734,NA,(5) Grupo 5,Jhoan Sebastian Restrepo Mendoza,0,57
gh-31345044316,2026-08-09T19:41:36-05:00,2015734,NA,(6) Grupo 6,SERGIO CAMILO ESPINOSA BOTERO,8,57
gh-31345044316,2026-08-09T19:41:36-05:00,2015734,NA,(7) Grupo 7,No informado,3,57
gh-31345044316,2026-08-09T19:41:36-05:00,2015734,NA,(8) Grupo 8 - Virtual,FABIEL NATÁN ESPINOSA CASTAÑEDA,30,57
gh-31345044316,2026-08-09T19:41:36-05:00,2015734,NA,(9) Grupo 9,Alvaro Reynel Córdoba,18,57
gh-31345044316,2026-08-09T19:41:38-05:00,2015973,CLASE TEORICA,(1) Grupo 1,No informado,25,59
gh-31345044316,2026-08-09T19:41:38-05:00,2015973,CLASE TEORICA,(2) Grupo 2,GABRIELA ARRIETA LOYO,25,59
gh-31345044316,2026-08-09T19:41:38-05:00,2015973,CLASE TEORICA,(3) Grupo 3,NICOLAS ESCALANTE MORA,25,59
gh-31345044316,2026-08-09T19:41:39-05:00,2022761,NA,(1) Grupo 1,Servio Javier Contreras Guerrero,15,60
gh-31345044316,2026-08-09T19:41:39-05:00,2022761,NA,(2) Grupo 2,Servio Javier Contreras Guerrero,15,60
gh-31345044316,2026-08-09T19:41:39-05:00,2022761,NA,(3) Grupo 3,Samuel Fernando Mesa Giraldo,15,60
gh-31345044316,2026-08-09T19:41:41-05:00,2024045,CLASE TEORICA,(1) 2024045-1 Taller de proyectos interdisciplinarios,No informado,0,-1
gh-31345044316,2026-08-09T19:41:41-05:00,2024045,CLASE TEORICA,(10) 2024045-10 Taller de proyectos interdisciplinarios,Oscar Andres Eraso Eraso,0,-1
gh-31345044316,2026-08-09T19:41:41-05:00,2024045,CLASE TEORICA,(11) 2024045-11 Taller de proyectos interdisciplinarios,No informado,0,-1
gh-31345044316,2026-08-09T19:41:41-05:00,2024045,CLASE TEORICA,(12) 2024045-12 Taller de proyectos interdisciplinarios,Hector Julian Garcia Otalora,200,-1
gh-31345044316,2026-08-09T19:41:41-05:00,2024045,CLASE TEORICA,(13) 2024045-13 Taller de proyectos interdisciplinarios,No informado,0,-1
gh-31345044316,2026-08-09T19:41:41-05:00,2024045,CLASE TEORICA,(14) 2024045-14 Taller de proyectos interdisciplinarios,Dolly Santos Barbosa,0,-1
gh-31345044316,2026-08-09T19:41:41-05:00,2024045,CLASE TEORICA,(15) 2024045-15 Taller de proyectos interdisciplinarios,Oscar Andres Eraso Eraso,0,-1
gh-31345044316,2026-08-09T19:41:41-05:00,2024045,CLASE TEORICA,(16) 2024045-16 Taller de proyectos interdisciplinarios,Luis Ignacio Rodriguez Varela,0,-1
gh-31345044316,2026-08-09T19:41:41-05:00,2024045,CLASE TEORICA,(17) 2024045-17 Taller de proyectos interdisciplinarios,JOHANA CATALINA MANOSALVA BARRERA,0,-1
gh-31345044316,2026-08-09T19:41:41-05:00,2024045,CLASE TEORICA,(18) 2024045-18 Taller de proyectos interdisciplinarios,Fernando Bernal Martinez,0,-1
gh-31345044316,2026-08-09T19:41:41-05:00,2024045,CLASE TEORICA,(19) 2024045-19 Taller de proyectos interdisciplinarios,FRANCISCO JAVIER VÁSQUEZ VÁSQUEZ,0,-1
gh-31345044316,2026-08-09T19:41:41-05:00,2024045,CLASE TEORICA,(2) 2024045-2 Taller de proyectos interdisciplinarios,Fernando Bernal Martinez,0,-1
gh-31345044316,2026-08-09T19:41:41-05:00,2024045,CLASE TEORICA,(21) 2024045-21 Taller de proyectos interdisciplinarios,No informado,0,-1
gh-31345044316,2026-08-09T19:41:41-05:00,2024045,CLASE TEORICA,(22) 2024045-22 Taller de proyectos interdisciplinarios,Ubaldo Garcia Zaragoza,0,-1
gh-31345044316,2026-08-09T19:41:41-05:00,2024045,CLASE TEORICA,(23) 2024045-23 Taller de proyectos interdisciplinarios,No informado,0,-1
gh-31345044316,2026-08-09T19:41:41-05:00,2024045,CLASE TEORICA,(24) 2024045-24 Taller de proyectos interdisciplinarios,Hector Julian Garcia Otalora,200,-1
gh-31345044316,2026-08-09T19:41:41-05:00,2024045,CLASE TEORICA,(3) 2024045-3 Taller de proyectos interdisciplinarios,Guillermo Alberto Rocha Casas,0,-1
gh-31345044316,2026-08-09T19:41:41-05:00,2024045,CLASE TEORICA,(4) 2024045-4 Taller de proyectos interdisciplinarios,Francy Nayely Prieto Novoa,0,-1
gh-31345044316,2026-08-09T19:41:41-05:00,2024045,CLASE TEORICA,(40) 2024045-40 TPI-- NO BORRAR-- BLOQ ESPACIOS,No informado,0,-1
gh-31345044316,2026-08-09T19:41:41-05:00,2024045,CLASE TEORICA,(5) 2024045-5 Taller de proyectos interdisciplinarios,Nubia Carmenza Moreno Sarmiento,0,-1
gh-31345044316,2026-08-09T19:41:41-05:00,2024045,CLASE TEORICA,(6) 2024045-6 Taller de proyectos interdisciplinarios,JOHANA CATALINA MANOSALVA BARRERA,0,-1
gh-31345044316,2026-08-09T19:41:41-05:00,2024045,CLASE TEORICA,(7) 2024045-7 Taller de proyectos interdisciplinarios,Ubaldo Garcia Zaragoza,0,-1
gh-31345044316,2026-08-09T19:41:41-05:00,2024045,CLASE TEORICA,(8) 2024045-8 Taller de proyectos interdisciplinarios,JHON FREDDY LOPEZ MEDINA,0,-1
gh-31345044316,2026-08-09T19:41:41-05:00,2024045,CLASE TEORICA,(9) 2024045-9 Taller de proyectos interdisciplinarios,Manuel Alejandro Mayorga Betancourt,0,-1
gh-31345044316,2026-08-09T19:41:42-05:00,2015296,NA,(1) Grupo 1,Leonardo David Donado Garzon,5,62
gh-31345044316,2026-08-09T19:41:42-05:00,2015296,NA,(10) Grupo 10,Juan Manuel Lizarazo Marriaga,5,62
gh-31345044316,2026-08-09T19:41:42-05:00,2015296,NA,(11) Grupo 11,Octavio Coronado Garcia,5,62
gh-31345044316,2026-08-09T19:41:42-05:00,2015296,NA,(12) Grupo 12,Carol Andrea Murillo Feo,5,62
gh-31345044316,2026-08-09T19:41:42-05:00,2015296,NA,(13) Grupo 13,CAMILO RIOS FRESNEDA,5,62
gh-31345044316,2026-08-09T19:41:42-05:00,2015296,NA,(14) Grupo 14,William Castro Garcia,5,62
gh-31345044316,2026-08-09T19:41:42-05:00,2015296,NA,(15) Grupo 15,Luis Alejandro Morales Marin,5,62
gh-31345044316,2026-08-09T19:41:42-05:00,2015296,NA,(16) Grupo 16,Ferney Betancourt Cardozo,5,62
gh-31345044316,2026-08-09T19:41:42-05:00,2015296,NA,(17) Grupo 17,Maria Alejandra Caicedo Londoño,5,62
gh-31345044316,2026-08-09T19:41:42-05:00,2015296,NA,(18) Grupo 18,Guillermo Eduardo Avila Alvarez,5,62
gh-31345044316,2026-08-09T19:41:42-05:00,2015296,NA,(19) Grupo 19,Carlos Alfonso Gomez Guacaneme,0,62
gh-31345044316,2026-08-09T19:41:42-05:00,2015296,NA,(2) Grupo 2,Carlos Orlando Robles Roa,5,62
gh-31345044316,2026-08-09T19:41:42-05:00,2015296,NA,(3) Grupo 3,Angela Barrera Puerto,5,62
gh-31345044316,2026-08-09T19:41:42-05:00,2015296,NA,(4) Grupo 4,Mauricio Alberto Tapias Camacho,5,62
gh-31345044316,2026-08-09T19:41:42-05:00,2015296,NA,(5) Grupo 5,Maritzabel Molina Herrera,5,62
gh-31345044316,2026-08-09T19:41:42-05:00,2015296,NA,(6) Grupo 6,Rodolfo Rodriguez Baracaldo,5,62
gh-31345044316,2026-08-09T19:41:42-05:00,2015296,NA,(7) Grupo 7,SANTIAGO RAMIREZ ECHEVERRI,5,62
gh-31345044316,2026-08-09T19:41:42-05:00,2015296,NA,(8) Grupo 8,Jose Ricardo Martinez Vargas,5,62
gh-31345044316,2026-08-09T19:41:42-05:00,2015296,NA,(9) Grupo 9,GABRIELA ARRIETA LOYO,5,62
gh-31345044316,2026-08-09T19:41:43-05:00,2015299,CLASE TEORICA,(1) Grupo 1,GABRIELA ARRIETA LOYO,51,-1
gh-31352060992,2026-08-09T22:15:46-05:00,2015938,CLASE TEORICA,(1) Grupo 1,Maria Alejandra Caicedo Londoño,25,0
gh-31352060992,2026-08-09T22:15:46-05:00,2015938,CLASE TEORICA,(2) Grupo 2,Maria Alejandra Caicedo Londoño,25,0
gh-31352060992,2026-08-09T22:15:46-05:00,2015938,CLASE TEORICA,(3) Grupo 3,JOSE LUIS DIAZ AREVALO,25,0
gh-31352060992,2026-08-09T22:15:46-05:00,2015938,CLASE TEORICA,(4) Grupo 4,JOSE LUIS DIAZ AREVALO,24,0
gh-31352060992,2026-08-09T22:15:47-05:00,2015939,CLASE TEORICA,(1) Grupo 1,ALVARO MARTIN GUTIERREZ MALAXECHEBARRIA,25,1
gh-31352060992,2026-08-09T22:15:47-05:00,2015939,CLASE TEORICA,(2) Grupo 2,ALVARO MARTIN GUTIERREZ MALAXECHEBARRIA,25,1
gh-31352060992,2026-08-09T22:15:47-05:00,2015939,CLASE TEORICA,(3) Grupo 3,Edder Alexander Velandia Duran,25,1
gh-31352060992,2026-08-09T22:15:47-05:00,2015939,CLASE TEORICA,(4) Grupo 4,No informado,25,1
gh-31352060992,2026-08-09T22:15:48-05:00,1000003-B,NA,(1) Grupo 1,Erika Lorena Rosero Alzate; Oscar Andrés Rojas Sepúlveda,0,-1
gh-31352060992,2026-08-09T22:15:48-05:00,1000003-B,NA,(10) Grupo 10,Epifanio Lozano Ayala,14,-1
gh-31352060992,2026-08-09T22:15:48-05:00,1000003-B,NA,(11) Grupo 11,No informado,60,-1
gh-31352060992,2026-08-09T22:15:48-05:00,1000003-B,NA,(12) Grupo 12,No informado,40,-1
gh-31352060992,2026-08-09T22:15:48-05:00,1000003-B,NA,(13) Grupo 13,Mohammed EL AIDI,40,-1
gh-31352060992,2026-08-09T22:15:48-05:00,1000003-B,NA,(15) Grupo 15,Myriam Leonor Campos Florez,60,-1
gh-31352060992,2026-08-09T22:15:48-05:00,1000003-B,NA,(16) Grupo 16,No informado,60,-1
gh-31352060992,2026-08-09T22:15:48-05:00,1000003-B,NA,(17) Grupo 17,Martha Cecilia Moreno Penagos,40,-1
gh-31352060992,2026-08-09T22:15:48-05:00,1000003-B,NA,(18) Grupo 18,John Alexander Cruz Morales,52,-1
gh-31352060992,2026-08-09T22:15:48-05:00,1000003-B,NA,(20) Grupo 20,Natalia Camila Pinzon Cortes,60,-1
gh-31352060992,2026-08-09T22:15:48-05:00,1000003-B,NA,(21) Grupo 21,Ivon Andrea Dorado Correa,52,-1
gh-31352060992,2026-08-09T22:15:48-05:00,1000003-B,NA,(22) Grupo 22,No informado,46,-1
gh-31352060992,2026-08-09T22:15:48-05:00,1000003-B,NA,(3) Grupo 3,No informado,60,-1
gh-31352060992,2026-08-09T22:15:48-05:00,1000003-B,NA,(4) Grupo 4,Luis Alejandro Barbosa Torres,112,-1
gh-31352060992,2026-08-09T22:15:48-05:00,1000003-B,NA,(5) Grupo 5,Jaime David Mora Paz,60,-1
gh-31352060992,2026-08-09T22:15:48-05:00,1000003-B,NA,(7) Grupo 7,Myriam Leonor Campos Florez,40,-1
gh-31352060992,2026-08-09T22:15:48-05:00,1000003-B,NA,(8) Grupo 8,No informado,10,-1
gh-31352060992,2026-08-09T22:15:50-05:00,2015940,CLASE TEORICA,(1) Grupo 1,Maritzabel Molina Herrera,24,3
gh-31352060992,2026-08-09T22:15:50-05:00,2015940,CLASE TEORICA,(2) Grupo 2,Gabriel Andres Bernal Granados,24,3
gh-31352060992,2026-08-09T22:15:50-05:00,2015940,CLASE TEORICA,(3) Grupo 3,No informado,24,3
gh-31352060992,2026-08-09T22:15:51-05:00,2015941,CLASE TEORICA,(1) Grupo 1,Patricia Luna Tamayo,30,4
gh-31352060992,2026-08-09T22:15:51-05:00,2015941,CLASE TEORICA,(2) Grupo 2,No informado,30,4
gh-31352060992,2026-08-09T22:15:51-05:00,2015941,CLASE TEORICA,(3) Grupo 3,Carlos Ramiro Vallecilla Bahena,30,4
gh-31352060992,2026-08-09T22:15:51-05:00,2015941,CLASE TEORICA,(4) Grupo 4,No informado,30,4
gh-31352060992,2026-08-09T22:15:52-05:00,1000004-B,NA,(10) Grupo 10,No informado,53,5
gh-31352060992,2026-08-09T22:15:52-05:00,1000004-B,NA,(11) Grupo 11,No informado,24,5
gh-31352060992,2026-08-09T22:15:52-05:00,1000004-B,NA,(12) Grupo 12,No informado,24,5
gh-31352060992,2026-08-09T22:15:52-05:00,1000004-B,NA,(13) Grupo 13,No informado,16,5
gh-31352060992,2026-08-09T22:15:52-05:00,1000004-B,NA,(14) Grupo 14,No informado,90,5
gh-31352060992,2026-08-09T22:15:52-05:00,1000004-B,NA,(16) Grupo 16,No informado,27,5
gh-31352060992,2026-08-09T22:15:52-05:00,1000004-B,NA,(17) Grupo 17,Hernan Garzon Gutierrez,39,5
gh-31352060992,2026-08-09T22:15:52-05:00,1000004-B,NA,(19) Grupo 19,No informado,59,5
gh-31352060992,2026-08-09T22:15:52-05:00,1000004-B,NA,(2) Grupo 2,No informado,24,5
gh-31352060992,2026-08-09T22:15:52-05:00,1000004-B,NA,(20) Grupo 20,Hernan Garzon Gutierrez,10,5
gh-31352060992,2026-08-09T22:15:52-05:00,1000004-B,NA,(21) Grupo 21,No informado,60,5
gh-31352060992,2026-08-09T22:15:52-05:00,1000004-B,NA,(22) Grupo 22,No informado,60,5
gh-31352060992,2026-08-09T22:15:52-05:00,1000004-B,NA,(24) Grupo 24,Ricardo Ariel Pastran Ramirez,60,5
gh-31352060992,2026-08-09T22:15:52-05:00,1000004-B,NA,(25) Grupo 25,No informado,40,5
gh-31352060992,2026-08-09T22:15:52-05:00,1000004-B,NA,(27) Grupo 27,No informado,51,5
gh-31352060992,2026-08-09T22:15:52-05:00,1000004-B,NA,(28) Grupo 28,No informado,60,5
gh-31352060992,2026-08-09T22:15:52-05:00,1000004-B,NA,(29) Grupo 29,No informado,60,5
gh-31352060992,2026-08-09T22:15:52-05:00,1000004-B,NA,(30) Grupo 30,No informado,60,5
gh-31352060992,2026-08-09T22:15:52-05:00,1000004-B,NA,(32) Grupo 32,No informado,90,5
gh-31352060992,2026-08-09T22:15:52-05:00,1000004-B,NA,(4) Grupo 4,Myriam Leonor Campos Florez,37,5
gh-31352060992,2026-08-09T22:15:52-05:00,1000004-B,NA,(5) Grupo 5,Oscar Javier Lopez Alfonso,84,5
gh-31352060992,2026-08-09T22:15:52-05:00,1000004-B,NA,(7) Grupo 7,Anderson Arley Vera Arboleda,64,5
gh-31352060992,2026-08-09T22:15:52-05:00,1000004-B,NA,(8) Grupo 8,No informado,40,5
gh-31352060992,2026-08-09T22:15:52-05:00,1000004-B,NA,(9) Grupo 9,No informado,18,5
gh-31352060992,2026-08-09T22:15:55-05:00,1000006-B,NA,(1) Grupo 1,No informado,40,6
gh-31352060992,2026-08-09T22:15:55-05:00,1000006-B,NA,(10) Grupo 10,No informado,100,6
gh-31352060992,2026-08-09T22:15:55-05:00,1000006-B,NA,(11) Grupo 11,No informado,40,6
gh-31352060992,2026-08-09T22:15:55-05:00,1000006-B,NA,(12) Grupo 12,Leonid Lebedev,60,6
gh-31352060992,2026-08-09T22:15:55-05:00,1000006-B,NA,(13) Grupo 13,Juan Carlos Hernandez Rincon,40,6
gh-31352060992,2026-08-09T22:15:55-05:00,1000006-B,NA,(14) Grupo 14,No informado,60,6
gh-31352060992,2026-08-09T22:15:55-05:00,1000006-B,NA,(15) Grupo 15,No informado,112,6
gh-31352060992,2026-08-09T22:15:55-05:00,1000006-B,NA,(2) Grupo 2,EDIXON MANUEL ROJAS SANTANA,40,6
gh-31352060992,2026-08-09T22:15:55-05:00,1000006-B,NA,(3) Grupo 3,Cesar Augusto Gomez Sierra,40,6
gh-31352060992,2026-08-09T22:15:55-05:00,1000006-B,NA,(4) Grupo 4,Agustin Moreno Canadas,100,6
gh-31352060992,2026-08-09T22:15:55-05:00,1000006-B,NA,(5) Grupo 5,German Eduardo Fonseca Buitrago,40,6
gh-31352060992,2026-08-09T22:15:55-05:00,1000006-B,NA,(7) Grupo 7,No informado,70,6
gh-31352060992,2026-08-09T22:15:55-05:00,1000006-B,NA,(8) Grupo 8,Epifanio Lozano Ayala,60,6
gh-31352060992,2026-08-09T22:15:55-05:00,1000006-B,NA,(9) Grupo 9,Orlando Vanegas Canro,0,6
gh-31352060992,2026-08-09T22:15:56-05:00,1000005-B,NA,(1) Grupo 1,Orlando Vanegas Canro,0,7
gh-31352060992,2026-08-09T22:15:56-05:00,1000005-B,NA,(10) Grupo 10,Epifanio Lozano Ayala,50,7
gh-31352060992,2026-08-09T22:15:56-05:00,1000005-B,NA,(14) Grupo 14,Mohammed EL AIDI,40,7
gh-31352060992,2026-08-09T22:15:56-05:00,1000005-B,NA,(15) Grupo 15,Alina Fedosova,60,7
gh-31352060992,2026-08-09T22:15:56-05:00,1000005-B,NA,(16) Grupo 16,No informado,70,7
gh-31352060992,2026-08-09T22:15:56-05:00,1000005-B,NA,(17) Grupo 17,Hernan Garzon Gutierrez,40,7
gh-31352060992,2026-08-09T22:15:56-05:00,1000005-B,NA,(2) Grupo 2,RENE ERLIN CASTILLO,60,7
gh-31352060992,2026-08-09T22:15:56-05:00,1000005-B,NA,(20) Grupo 20,Franqui Solis Cardenas Poloche,40,7
gh-31352060992,2026-08-09T22:15:56-05:00,1000005-B,NA,(22) Grupo 22,No informado,60,7
gh-31352060992,2026-08-09T22:15:56-05:00,1000005-B,NA,(3) Grupo 3,Eduardo Cardenas Gomez,70,7
gh-31352060992,2026-08-09T22:15:56-05:00,1000005-B,NA,(4) Grupo 4,Edward Samuel Becerra Rojas,60,7
gh-31352060992,2026-08-09T22:15:56-05:00,1000005-B,NA,(6) Grupo 6,No informado,60,7
gh-31352060992,2026-08-09T22:15:56-05:00,1000005-B,NA,(7) Grupo 7,Franqui Solis Cardenas Poloche,100,7
gh-31352060992,2026-08-09T22:15:56-05:00,1000005-B,NA,(8) Grupo 8,No informado,40,7
gh-31352060992,2026-08-09T22:15:56-05:00,1000005-B,NA,(9) Grupo 9,No informado,10,7
gh-31352060992,2026-08-09T22:15:58-05:00,2015943,CLASE TEORICA,(1) Grupo 1,Carlos Orlando Robles Roa,15,9
gh-31352060992,2026-08-09T22:16:00-05:00,2015944,CLASE TEORICA,(1) Grupo 1,SANTIAGO RAMIREZ ECHEVERRI,15,10
gh-31352060992,2026-08-09T22:16:01-05:00,2015711,NA,(10) 2015711-10 Dibujo básico,Ariel Augusto Amaya Avila,0,11
gh-31352060992,2026-08-09T22:16:01-05:00,2015711,NA,(11) 2015711-11 Dibujo básico,Cesar Augusto Bacca Gonzalez,0,11
gh-31352060992,2026-08-09T22:16:01-05:00,2015711,NA,(14) 2015711-14 Dibujo básico,Cristian Felipe Morales Suárez,0,11
gh-31352060992,2026-08-09T22:16:01-05:00,2015711,NA,(16) 2015711-16 Dibujo básico,DAVID FELIPE TORRES ARCE,0,11
gh-31352060992,2026-08-09T22:16:01-05:00,2015711,NA,(4) 2015711-4 Dibujo básico,Cristian Felipe Morales Suárez,9,11
gh-31352060992,2026-08-09T22:16:01-05:00,2015711,NA,(5) 2015711-5 Dibujo básico,Sebastian Achury Ortiz,0,11
gh-31352060992,2026-08-09T22:16:01-05:00,2015711,NA,(7) 2015711-7 Dibujo básico,Cesar Augusto Bacca Gonzalez,20,11
gh-31352060992,2026-08-09T22:16:01-05:00,2015711,NA,(8) 2015711-8 Dibujo básico,Miguel Angel Baquero Cortes,0,11
gh-31352060992,2026-08-09T22:16:01-05:00,2015711,NA,(9) 2015711-9 Dibujo básico,EDWIN CAMILO REINA BELTRAN,0,11
gh-31352060992,2026-08-09T22:16:02-05:00,2015948,CLASE TEORICA,(1) Grupo 1,No informado,30,12
gh-31352060992,2026-08-09T22:16:02-05:00,2015948,CLASE TEORICA,(2) Grupo 2,Mauricio Alberto Tapias Camacho,30,12
gh-31352060992,2026-08-09T22:16:02-05:00,2015948,CLASE TEORICA,(3) Grupo 3,No informado,30,12
gh-31352060992,2026-08-09T22:16:03-05:00,2015950,CLASE TEORICA,(1) Grupo 1,No informado,25,13
gh-31352060992,2026-08-09T22:16:03-05:00,2015950,CLASE TEORICA,(2) Grupo 2,No informado,0,13
gh-31352060992,2026-08-09T22:16:03-05:00,2015950,CLASE TEORICA,(3) Grupo 3,Daniel Ricardo Lozano Monsalve,25,13
gh-31352060992,2026-08-09T22:16:03-05:00,2015950,CLASE TEORICA,(4) Grupo 4,No informado,25,13
gh-31352060992,2026-08-09T22:16:03-05:00,2015950,CLASE TEORICA,(5) Grupo 5,No informado,25,13
gh-31352060992,2026-08-09T22:16:05-05:00,2015949,CLASE TEORICA,(1) Grupo 1,Mario Javier Cardozo Chaux,30,14
gh-31352060992,2026-08-09T22:16:05-05:00,2015949,CLASE TEORICA,(2) Grupo 2,Wilson Ernesto Vargas Vargas,30,14
gh-31352060992,2026-08-09T22:16:05-05:00,2015949,CLASE TEORICA,(3) Grupo 3,No informado,30,14
gh-31352060992,2026-08-09T22:16:06-05:00,1000007-B,NA,(1) Grupo 1,German Eduardo Fonseca Buitrago,60,15
gh-31352060992,2026-08-09T22:16:06-05:00,1000007-B,NA,(11) Grupo 11,Leonid Lebedev,60,15
gh-31352060992,2026-08-09T22:16:06-05:00,1000007-B,NA,(12) Grupo 12,No informado,60,15
gh-31352060992,2026-08-09T22:16:06-05:00,1000007-B,NA,(13) Grupo 13,Omar Duque Gomez,40,15
gh-31352060992,2026-08-09T22:16:06-05:00,1000007-B,NA,(14) Grupo 14,No informado,100,15
gh-31352060992,2026-08-09T22:16:06-05:00,1000007-B,NA,(3) Grupo 3,Serafin Bautista Diaz,40,15
gh-31352060992,2026-08-09T22:16:06-05:00,1000007-B,NA,(4) Grupo 4,EDIXON MANUEL ROJAS SANTANA,60,15
gh-31352060992,2026-08-09T22:16:06-05:00,1000007-B,NA,(6) Grupo 6,Alexander Caviedes Castro,50,15
gh-31352060992,2026-08-09T22:16:06-05:00,1000007-B,NA,(7) Grupo 7,Oscar Guillermo Riaño Castañeda,40,15
gh-31352060992,2026-08-09T22:16:06-05:00,1000007-B,NA,(9) Grupo 9,Orlando Vanegas Canro,0,15
gh-31352060992,2026-08-09T22:16:08-05:00,2026134,CLASE TEORICA,(1) Grupo 1,No informado,0,16
gh-31352060992,2026-08-09T22:16:08-05:00,2026134,CLASE TEORICA,(2) Grupo 2,Juan Manuel Lizarazo Marriaga,30,16
gh-31352060992,2026-08-09T22:16:08-05:00,2026134,CLASE TEORICA,(3) Grupo 3,Maritzabel Molina Herrera,30,16
gh-31352060992,2026-08-09T22:16:08-05:00,2026134,CLASE TEORICA,(4) Grupo 4,Carlos Ramiro Vallecilla Bahena,30,16
gh-31352060992,2026-08-09T22:16:08-05:00,2026134,CLASE TEORICA,(5) Grupo 5,Fernando Lozano Osorno,30,16
gh-31352060992,2026-08-09T22:16:08-05:00,2026134,CLASE TEORICA,(6) Grupo 6,No informado,30,16
gh-31352060992,2026-08-09T22:16:09-05:00,2015954,CLASE TEORICA,(1) Grupo 1,Erasmo Alfredo Rodriguez Sandoval,30,17
gh-31352060992,2026-08-09T22:16:09-05:00,2015954,CLASE TEORICA,(2) Grupo 2,Mario Enrique Moreno Castiblanco,30,17
gh-31352060992,2026-08-09T22:16:09-05:00,2015954,CLASE TEORICA,(3) Grupo 3,Luis Alejandro Morales Marin,30,17
gh-31352060992,2026-08-09T22:16:10-05:00,2015955,CLASE TEORICA,(1) Grupo 1,Giovanni Andres Cortes Tovar,30,18
gh-31352060992,2026-08-09T22:16:10-05:00,2015955,CLASE TEORICA,(2) Grupo 2,Angela Barrera Puerto,30,18
gh-31352060992,2026-08-09T22:16:10-05:00,2015955,CLASE TEORICA,(3) Grupo 3,Giovanni Andres Cortes Tovar,30,18
gh-31352060992,2026-08-09T22:16:12-05:00,1000011-B,CLASE TEORICA,(1) Grupo 1,Ernesto Javier Puertas Dellepianes,118,19
gh-31352060992,2026-08-09T22:16:12-05:00,1000011-B,CLASE TEORICA,(3) Grupo 3,Néstor Fernando Perez Buitrago,12,19
gh-31352060992,2026-08-09T22:16:15-05:00,1000019-B,CLASE LABORATORIO,(1) Grupo 1,Gustavo Martinez Tamayo,35,20
gh-31352060992,2026-08-09T22:16:15-05:00,1000019-B,CLASE TALLER,(1) Grupo 1,FABIAN FELIPE QUEVEDO FARIETA,35,20
gh-31352060992,2026-08-09T22:16:15-05:00,1000019-B,CLASE MAGISTRAL,(1) Grupo 1,Gustavo Martinez Tamayo,35,20
gh-31352060992,2026-08-09T22:16:15-05:00,1000019-B,CLASE LABORATORIO,(10) Grupo 10,LUIS AGULLES PEDROS,35,20
gh-31352060992,2026-08-09T22:16:15-05:00,1000019-B,CLASE TALLER,(10) Grupo 10,Jhon Morales Aponte,35,20
gh-31352060992,2026-08-09T22:16:15-05:00,1000019-B,CLASE MAGISTRAL,(10) Grupo 10,Ovidio Amado Almanza Montero,35,20
gh-31352060992,2026-08-09T22:16:15-05:00,1000019-B,CLASE LABORATORIO,(11) Grupo 11,EVER DAVID ALCALA CAJAR,35,20
gh-31352060992,2026-08-09T22:16:15-05:00,1000019-B,CLASE TALLER,(11) Grupo 11,JULIAN MATEO DE MENDOZA GUTIERREZ,35,20
gh-31352060992,2026-08-09T22:16:15-05:00,1000019-B,CLASE MAGISTRAL,(11) Grupo 11,Ovidio Amado Almanza Montero,35,20
gh-31352060992,2026-08-09T22:16:15-05:00,1000019-B,CLASE LABORATORIO,(12) Grupo 12,FABIAN FELIPE QUEVEDO FARIETA,35,20
gh-31352060992,2026-08-09T22:16:15-05:00,1000019-B,CLASE TALLER,(12) Grupo 12,EVER DAVID ALCALA CAJAR,35,20
gh-31352060992,2026-08-09T22:16:15-05:00,1000019-B,CLASE MAGISTRAL,(12) Grupo 12,Ovidio Amado Almanza Montero,35,20
gh-31352060992,2026-08-09T22:16:15-05:00,1000019-B,CLASE LABORATORIO,(13) Grupo 13,Alvaro Marino Camargo,35,20
gh-31352060992,2026-08-09T22:16:15-05:00,1000019-B,CLASE TALLER,(13) Grupo 13,MIGUEL ENRIQUE GÁMEZ LÓPEZ,35,20
gh-31352060992,2026-08-09T22:16:15-05:00,1000019-B,CLASE MAGISTRAL,(13) Grupo 13,Alvaro Marino Camargo,35,20
gh-31352060992,2026-08-09T22:16:15-05:00,1000019-B,CLASE LABORATORIO,(14) Grupo 14,Alvaro Marino Camargo,35,20
gh-31352060992,2026-08-09T22:16:15-05:00,1000019-B,CLASE TALLER,(14) Grupo 14,No informado,35,20
gh-31352060992,2026-08-09T22:16:15-05:00,1000019-B,CLASE MAGISTRAL,(14) Grupo 14,Alvaro Marino Camargo,35,20
gh-31352060992,2026-08-09T22:16:15-05:00,1000019-B,CLASE LABORATORIO,(15) Grupo 15,JULIAN MATEO DE MENDOZA GUTIERREZ,32,20
gh-31352060992,2026-08-09T22:16:15-05:00,1000019-B,CLASE TALLER,(15) Grupo 15,EVER DAVID ALCALA CAJAR,32,20
gh-31352060992,2026-08-09T22:16:15-05:00,1000019-B,CLASE MAGISTRAL,(15) Grupo 15,Alvaro Marino Camargo,32,20
gh-31352060992,2026-08-09T22:16:15-05:00,1000019-B,CLASE MAGISTRAL,(16) Gruop 16,Erika Lorena Rosero Alzate; Daniel Camilo Padilla González,8,20
gh-31352060992,2026-08-09T22:16:15-05:00,1000019-B,CLASE LABORATORIO,(16) Grupo 16,Alvaro Marino Camargo,35,20
gh-31352060992,2026-08-09T22:16:15-05:00,1000019-B,CLASE TALLER,(16) Grupo 16,Edna Carolina Pinilla Beltran,35,20
gh-31352060992,2026-08-09T22:16:15-05:00,1000019-B,CLASE LABORATORIO,(17) Grupo 17,JULIAN MATEO DE MENDOZA GUTIERREZ,34,20
gh-31352060992,2026-08-09T22:16:15-05:00,1000019-B,CLASE TALLER,(17) Grupo 17,Jereson Silva Valencia,34,20
gh-31352060992,2026-08-09T22:16:15-05:00,1000019-B,CLASE MAGISTRAL,(17) Grupo 17,Jereson Silva Valencia,34,20
gh-31352060992,2026-08-09T22:16:15-05:00,1000019-B,CLASE LABORATORIO,(18) Grupo 18,Jaime Villalobos Velasco,34,20
gh-31352060992,2026-08-09T22:16:15-05:00,1000019-B,CLASE TALLER,(18) Grupo 18,Jereson Silva Valencia,34,20
gh-31352060992,2026-08-09T22:16:15-05:00,1000019-B,CLASE MAGISTRAL,(18) Grupo 18,Jereson Silva Valencia,34,20
gh-31352060992,2026-08-09T22:16:15-05:00,1000019-B,CLASE LABORATORIO,(19) Grupo 19,JULY PAOLA GARZÓN LOPEZ,32,20
gh-31352060992,2026-08-09T22:16:15-05:00,1000019-B,CLASE TALLER,(19) Grupo 19,Jereson Silva Valencia,32,20
gh-31352060992,2026-08-09T22:16:15-05:00,1000019-B,CLASE MAGISTRAL,(19) Grupo 19,Jereson Silva Valencia,32,20
gh-31352060992,2026-08-09T22:16:15-05:00,1000019-B,CLASE LABORATORIO,(2) Grupo 2,Gustavo Martinez Tamayo,35,20
gh-31352060992,2026-08-09T22:16:15-05:00,1000019-B,CLASE TALLER,(2) Grupo 2,Gustavo Martinez Tamayo,35,20
gh-31352060992,2026-08-09T22:16:15-05:00,1000019-B,CLASE MAGISTRAL,(2) Grupo 2,Gustavo Martinez Tamayo,35,20
gh-31352060992,2026-08-09T22:16:15-05:00,1000019-B,CLASE LABORATORIO,(20) Grupo 20,JOSE ALFREDO GOMEZ MATEUS,35,20
gh-31352060992,2026-08-09T22:16:15-05:00,1000019-B,CLASE TALLER,(20) Grupo 20,Jereson Silva Valencia,35,20
gh-31352060992,2026-08-09T22:16:15-05:00,1000019-B,CLASE MAGISTRAL,(20) Grupo 20,Jereson Silva Valencia,35,20
gh-31352060992,2026-08-09T22:16:15-05:00,1000019-B,CLASE LABORATORIO,(21) Grupo 21,Pedro Hernan Sanchez Machet,35,20
gh-31352060992,2026-08-09T22:16:15-05:00,1000019-B,CLASE TALLER,(21) Grupo 21,JOSE ALFREDO GOMEZ MATEUS,35,20
gh-31352060992,2026-08-09T22:16:15-05:00,1000019-B,CLASE MAGISTRAL,(21) Grupo 21,Diego Alejandro Torres Galindo,35,20
gh-31352060992,2026-08-09T22:16:15-05:00,1000019-B,CLASE LABORATORIO,(22) Grupo 22,Pedro Hernan Sanchez Machet,35,20
gh-31352060992,2026-08-09T22:16:15-05:00,1000019-B,CLASE TALLER,(22) Grupo 22,JULY PAOLA GARZÓN LOPEZ,35,20
gh-31352060992,2026-08-09T22:16:15-05:00,1000019-B,CLASE MAGISTRAL,(22) Grupo 22,Diego Alejandro Torres Galindo,35,20
gh-31352060992,2026-08-09T22:16:15-05:00,1000019-B,CLASE LABORATORIO,(23) Grupo 23,Pedro Hernan Sanchez Machet,35,20
gh-31352060992,2026-08-09T22:16:15-05:00,1000019-B,CLASE TALLER,(23) Grupo 23,Edna Carolina Pinilla Beltran,35,20
gh-31352060992,2026-08-09T22:16:15-05:00,1000019-B,CLASE MAGISTRAL,(23) Grupo 23,Diego Alejandro Torres Galindo,35,20
gh-31352060992,2026-08-09T22:16:15-05:00,1000019-B,CLASE LABORATORIO,(24) Grupo 24,Pedro Hernan Sanchez Machet,35,20
gh-31352060992,2026-08-09T22:16:15-05:00,1000019-B,CLASE TALLER,(24) Grupo 24,Diego Alejandro Torres Galindo,35,20
gh-31352060992,2026-08-09T22:16:15-05:00,1000019-B,CLASE MAGISTRAL,(24) Grupo 24,Diego Alejandro Torres Galindo,35,20
gh-31352060992,2026-08-09T22:16:15-05:00,1000019-B,CLASE LABORATORIO,(25) Grupo 25,Plinio Del Carmen Teheran Sermeno,45,20
gh-31352060992,2026-08-09T22:16:15-05:00,1000019-B,CLASE TALLER,(25) Grupo 25,Plinio Del Carmen Teheran Sermeno,45,20
gh-31352060992,2026-08-09T22:16:15-05:00,1000019-B,CLASE MAGISTRAL,(25) Grupo 25,Plinio Del Carmen Teheran Sermeno,45,20
gh-31352060992,2026-08-09T22:16:15-05:00,1000019-B,CLASE LABORATORIO,(26) Grupo 26 (VIRTUAL),Plinio Del Carmen Teheran Sermeno,50,20
gh-31352060992,2026-08-09T22:16:15-05:00,1000019-B,CLASE TALLER,(26) Grupo 26 (VIRTUAL),Plinio Del Carmen Teheran Sermeno,50,20
gh-31352060992,2026-08-09T22:16:15-05:00,1000019-B,CLASE MAGISTRAL,(26) Grupo 26 (VIRTUAL),Plinio Del Carmen Teheran Sermeno,50,20
gh-31352060992,2026-08-09T22:16:15-05:00,1000019-B,CLASE LABORATORIO,(27) Grupo 27 (VIRTUAL),Plinio Del Carmen Teheran Sermeno,50,20
gh-31352060992,2026-08-09T22:16:15-05:00,1000019-B,CLASE TALLER,(27) Grupo 27 (VIRTUAL),Plinio Del Carmen Teheran Sermeno,50,20
gh-31352060992,2026-08-09T22:16:15-05:00,1000019-B,CLASE MAGISTRAL,(27) Grupo 27 (VIRTUAL),Plinio Del Carmen Teheran Sermeno,50,20
gh-31352060992,2026-08-09T22:16:15-05:00,1000019-B,CLASE LABORATORIO,(28) Grupo 28 (VIRTUAL),Plinio Del Carmen Teheran Sermeno,50,20
gh-31352060992,2026-08-09T22:16:15-05:00,1000019-B,CLASE TALLER,(28) Grupo 28 (VIRTUAL),Plinio Del Carmen Teheran Sermeno,50,20
gh-31352060992,2026-08-09T22:16:15-05:00,1000019-B,CLASE MAGISTRAL,(28) Grupo 28 (VIRTUAL),Plinio Del Carmen Teheran Sermeno,50,20
gh-31352060992,2026-08-09T22:16:15-05:00,1000019-B,CLASE LABORATORIO,(29) Grupo 29 (VIRTUAL),Plinio Del Carmen Teheran Sermeno,50,20
gh-31352060992,2026-08-09T22:16:15-05:00,1000019-B,CLASE TALLER,(29) Grupo 29 (VIRTUAL),Plinio Del Carmen Teheran Sermeno,50,20
gh-31352060992,2026-08-09T22:16:15-05:00,1000019-B,CLASE MAGISTRAL,(29) Grupo 29 (VIRTUAL),Plinio Del Carmen Teheran Sermeno,50,20
gh-31352060992,2026-08-09T22:16:15-05:00,1000019-B,CLASE LABORATORIO,(3) Grupo 3,Gustavo Martinez Tamayo,35,20
gh-31352060992,2026-08-09T22:16:15-05:00,1000019-B,CLASE TALLER,(3) Grupo 3,Gustavo Martinez Tamayo,35,20
gh-31352060992,2026-08-09T22:16:15-05:00,1000019-B,CLASE MAGISTRAL,(3) Grupo 3,Gustavo Martinez Tamayo,35,20
gh-31352060992,2026-08-09T22:16:15-05:00,1000019-B,CLASE LABORATORIO,(4) Grupo 4,No informado,35,20
gh-31352060992,2026-08-09T22:16:15-05:00,1000019-B,CLASE TALLER,(4) Grupo 4,Jaime Villalobos Velasco,35,20
gh-31352060992,2026-08-09T22:16:15-05:00,1000019-B,CLASE MAGISTRAL,(4) Grupo 4,Gustavo Martinez Tamayo,35,20
gh-31352060992,2026-08-09T22:16:15-05:00,1000019-B,CLASE LABORATORIO,(5) Grupo 5,FABIAN FELIPE QUEVEDO FARIETA,35,20
gh-31352060992,2026-08-09T22:16:15-05:00,1000019-B,CLASE TALLER,(5) Grupo 5,Jaime Villalobos Velasco,35,20
gh-31352060992,2026-08-09T22:16:15-05:00,1000019-B,CLASE MAGISTRAL,(5) Grupo 5,Ramiro Cardona Cardona,35,20
gh-31352060992,2026-08-09T22:16:15-05:00,1000019-B,CLASE LABORATORIO,(6) Grupo 6,Jaime Villalobos Velasco,35,20
gh-31352060992,2026-08-09T22:16:15-05:00,1000019-B,CLASE TALLER,(6) Grupo 6,Ramiro Cardona Cardona,35,20
gh-31352060992,2026-08-09T22:16:15-05:00,1000019-B,CLASE MAGISTRAL,(6) Grupo 6,Ramiro Cardona Cardona,35,20
gh-31352060992,2026-08-09T22:16:15-05:00,1000019-B,CLASE LABORATORIO,(7) Grupo 7,Jaime Villalobos Velasco,35,20
gh-31352060992,2026-08-09T22:16:15-05:00,1000019-B,CLASE TALLER,(7) Grupo 7,Ramiro Cardona Cardona,35,20
gh-31352060992,2026-08-09T22:16:15-05:00,1000019-B,CLASE MAGISTRAL,(7) Grupo 7,Ramiro Cardona Cardona,35,20
gh-31352060992,2026-08-09T22:16:15-05:00,1000019-B,CLASE LABORATORIO,(8) Grupo 8,Jaime Villalobos Velasco,35,20
gh-31352060992,2026-08-09T22:16:15-05:00,1000019-B,CLASE TALLER,(8) Grupo 8,Edna Carolina Pinilla Beltran,35,20
gh-31352060992,2026-08-09T22:16:15-05:00,1000019-B,CLASE MAGISTRAL,(8) Grupo 8,Ramiro Cardona Cardona,35,20
gh-31352060992,2026-08-09T22:16:15-05:00,1000019-B,CLASE LABORATORIO,(9) Grupo 9,Erika Lorena Rosero Alzate,0,20
gh-31352060992,2026-08-09T22:16:15-05:00,1000019-B,CLASE TALLER,(9) Grupo 9,No informado,10,20
gh-31352060992,2026-08-09T22:16:15-05:00,1000019-B,CLASE MAGISTRAL,(9) Grupo 9,Fredy Angel Jimenez Giraldo,10,20
gh-31352060992,2026-08-09T22:16:16-05:00,2015956,CLASE TEORICA,(1) Grupo 1,Modesto Portilla Gamboa; Fernando Eli Romero Ordoñez,35,21
gh-31352060992,2026-08-09T22:16:16-05:00,2015956,CLASE TEORICA,(2) Grupo 2,Jennifer Angel Amaya,30,21
gh-31352060992,2026-08-09T22:16:16-05:00,2015956,CLASE TEORICA,(3) Grupo 3,Jennifer Angel Amaya,30,21
gh-31352060992,2026-08-09T22:16:16-05:00,2015956,CLASE TEORICA,(4) Grupo 4,Fernando Eli Romero Ordoñez; Modesto Portilla Gamboa,35,21
gh-31352060992,2026-08-09T22:16:17-05:00,2015957,CLASE PRACTICA,(1) Grupo 1,No informado,30,22
gh-31352060992,2026-08-09T22:16:17-05:00,2015957,CLASE PRACTICA,(2) Grupo 2,Samuel Fernando Mesa Giraldo,30,22
gh-31352060992,2026-08-09T22:16:17-05:00,2015957,CLASE PRACTICA,(3) Grupo 3,Rose Marie Aldana Boutin,30,22
gh-31352060992,2026-08-09T22:16:17-05:00,2015957,CLASE PRACTICA,(4) Grupo 4,Rose Marie Aldana Boutin,30,22
gh-31352060992,2026-08-09T22:16:18-05:00,2015958,CLASE PRACTICA,(1) Grupo 1,William Castro Garcia,20,23
gh-31352060992,2026-08-09T22:16:18-05:00,2015958,CLASE TEORICA,(1) Grupo 1,William Castro Garcia,40,23
gh-31352060992,2026-08-09T22:16:18-05:00,2015958,CLASE PRACTICA,(2) Grupo 2,William Castro Garcia,20,23
gh-31352060992,2026-08-09T22:16:18-05:00,2015958,CLASE PRACTICA,(3) Grupo 3,Carlos Alfonso Gomez Guacaneme,30,23
gh-31352060992,2026-08-09T22:16:18-05:00,2015958,CLASE TEORICA,(3) Grupo 3,Carlos Alfonso Gomez Guacaneme,30,23
gh-31352060992,2026-08-09T22:16:18-05:00,2015958,CLASE PRACTICA,(4) Grupo 4,Mario Arturo Rincon Villalba,20,23
gh-31352060992,2026-08-09T22:16:18-05:00,2015958,CLASE TEORICA,(4) Grupo 4,Mario Arturo Rincon Villalba,40,23
gh-31352060992,2026-08-09T22:16:18-05:00,2015958,CLASE PRACTICA,(5) Grupo 5,Mario Arturo Rincon Villalba,20,23
gh-31352060992,2026-08-09T22:16:18-05:00,2015958,CLASE PRACTICA,(6) Grupo 6,Fausto Alejandro Silva España,20,23
gh-31352060992,2026-08-09T22:16:18-05:00,2015958,CLASE TEORICA,(6) Grupo 6,Cesar Andres Cortes Bello,40,23
gh-31352060992,2026-08-09T22:16:18-05:00,2015958,CLASE PRACTICA,(7) Grupo 7,Fausto Alejandro Silva España,20,23
gh-31352060992,2026-08-09T22:16:18-05:00,2015958,CLASE PRACTICA,(8) Grupo 8,Fausto Alejandro Silva España,20,23
gh-31352060992,2026-08-09T22:16:18-05:00,2015958,CLASE TEORICA,(8) Grupo 8,Cesar Andres Cortes Bello,40,23
gh-31352060992,2026-08-09T22:16:18-05:00,2015958,CLASE PRACTICA,(9) Grupo 9,Fausto Alejandro Silva España,20,23
gh-31352060992,2026-08-09T22:16:19-05:00,2015959,CLASE TEORICA,(1) Grupo 1,Carlos Eduardo Rodriguez Pineda,30,24
gh-31352060992,2026-08-09T22:16:19-05:00,2015959,CLASE TEORICA,(2) Grupo 2,Guillermo Eduardo Avila Alvarez,30,24
gh-31352060992,2026-08-09T22:16:19-05:00,2015959,CLASE TEORICA,(3) Grupo 3,Livaniel Viveros Rosero,30,24
gh-31352060992,2026-08-09T22:16:19-05:00,2015959,CLASE TEORICA,(4) Grupo 4,No informado,0,24
gh-31352060992,2026-08-09T22:16:22-05:00,2015961,CLASE TEORICA,(1) Grupo 1,Rafael Orland Ortiz Mosquera,24,26
gh-31352060992,2026-08-09T22:16:22-05:00,2015961,CLASE TEORICA,(2) Grupo 2,Adriana Patricia Piña Fulano,24,26
gh-31352060992,2026-08-09T22:16:22-05:00,2015961,CLASE TEORICA,(3) Grupo 3,Gelber Norberto Gutierrez Palacios,24,26
gh-31352060992,2026-08-09T22:16:22-05:00,2015961,CLASE TEORICA,(4) Grupo 4,No informado,24,26
gh-31352060992,2026-08-09T22:16:22-05:00,2015961,CLASE TEORICA,(5) Grupo 5,No informado,24,26
gh-31352060992,2026-08-09T22:16:22-05:00,2015961,CLASE TEORICA,(6) Grupo 6,Leonardo David Donado Garzon,24,26
gh-31352060992,2026-08-09T22:16:23-05:00,2015978,CLASE TEORICA,(1) Grupo 1,No informado,0,27
gh-31352060992,2026-08-09T22:16:23-05:00,2015978,CLASE TEORICA,(2) Grupo 2,Erasmo Alfredo Rodriguez Sandoval,30,27
gh-31352060992,2026-08-09T22:16:23-05:00,2015978,CLASE TEORICA,(3) Grupo 3,No informado,30,27
gh-31352060992,2026-08-09T22:16:23-05:00,2015978,CLASE TEORICA,(4) Grupo 4,No informado,30,27
gh-31352060992,2026-08-09T22:16:23-05:00,2015978,CLASE TEORICA,(5) Grupo 5,No informado,30,27
gh-31352060992,2026-08-09T22:16:24-05:00,2026135,CLASE TEORICA,(1) Grupo 1,NICOLAS ESCALANTE MORA,25,28
gh-31352060992,2026-08-09T22:16:24-05:00,2026135,CLASE TEORICA,(2) Grupo 2,Leonel Vega Mora,25,28
gh-31352060992,2026-08-09T22:16:24-05:00,2026135,CLASE TEORICA,(3) Grupo 3,Leonel Vega Mora,25,28
gh-31352060992,2026-08-09T22:16:26-05:00,2015963,CLASE TEORICA,(1) Grupo 1,No informado,30,29
gh-31352060992,2026-08-09T22:16:26-05:00,2015963,CLASE TEORICA,(2) Grupo 2,No informado,30,29
gh-31352060992,2026-08-09T22:16:26-05:00,2015963,CLASE TEORICA,(3) Grupo 3,William Castro Garcia,30,29
gh-31352060992,2026-08-09T22:16:27-05:00,2026138,CLASE TEORICA,(1) Grupo 1,Ivan Dario Serrano Arrieta,30,30
gh-31352060992,2026-08-09T22:16:27-05:00,2026138,CLASE TEORICA,(2) Grupo 2,Ivan Dario Serrano Arrieta,30,30
gh-31352060992,2026-08-09T22:16:27-05:00,2026138,CLASE TEORICA,(3) Grupo 3,Pedro Luis Jimenez Poveda,30,30
gh-31352060992,2026-08-09T22:16:28-05:00,2015703,NA,(1) Grupo 1,Angela Maria Arboleda Restrepo,40,31
gh-31352060992,2026-08-09T22:16:28-05:00,2015703,NA,(10) Grupo 10,Diego Alejandro Hernandez Castañeda,30,31
gh-31352060992,2026-08-09T22:16:28-05:00,2015703,NA,(11) Grupo 11,Julio Cesar Cañon Rodriguez,30,31
gh-31352060992,2026-08-09T22:16:28-05:00,2015703,NA,(2) Grupo 2,Osman Benjamin Giovanny Vargas Rozo,40,31
gh-31352060992,2026-08-09T22:16:28-05:00,2015703,NA,(3) Grupo 3,Hugo Alberto Herrera Fonseca,40,31
gh-31352060992,2026-08-09T22:16:28-05:00,2015703,NA,(4) Grupo 4,LINA JULIANA BULLA CASAS,30,31
gh-31352060992,2026-08-09T22:16:28-05:00,2015703,NA,(5) Grupo 5 - Virtual,Cesar Augusto Roa Lemus,60,31
gh-31352060992,2026-08-09T22:16:28-05:00,2015703,NA,(6) Grupo 6,JAVIER RICARDO OJEDA SANCHEZ,40,31
gh-31352060992,2026-08-09T22:16:28-05:00,2015703,NA,(7) Grupo 7,JAVIER RICARDO OJEDA SANCHEZ,20,31
gh-31352060992,2026-08-09T22:16:28-05:00,2015703,NA,(8) Grupo 8,Diego Alejandro Hernandez Castañeda,40,31
gh-31352060992,2026-08-09T22:16:28-05:00,2015703,NA,(9) Grupo 9,LINA JULIANA BULLA CASAS,35,31
gh-31352060992,2026-08-09T22:16:30-05:00,1000044-B,CLASE TEORICA,(1) Grupo 1,Beatriz Elena Urrutia Sanchez,26,32
gh-31352060992,2026-08-09T22:16:30-05:00,1000044-B,CLASE TEORICA,(2) Grupo 2,Yaneli Niño Osorio,26,32
gh-31352060992,2026-08-09T22:16:30-05:00,1000044-B,CLASE TEORICA,(3) Grupo 3,Luis Gabriel Peña Ortiz,26,32
gh-31352060992,2026-08-09T22:16:30-05:00,1000044-B,CLASE TEORICA,(4) Grupo 4,Liliana Marcela Guzman Aricapa,26,32
gh-31352060992,2026-08-09T22:16:30-05:00,1000044-B,CLASE TEORICA,(5) Grupo 5,Beatriz Elena Urrutia Sanchez,26,32
gh-31352060992,2026-08-09T22:16:30-05:00,1000044-B,CLASE TEORICA,(6) Grupo 6,Cesar Augusto Romero,26,32
gh-31352060992,2026-08-09T22:16:30-05:00,1000044-B,CLASE TEORICA,(7) Grupo 7,JOSE JONATHAN MAESTRE HERRERA,26,32
gh-31352060992,2026-08-09T22:16:30-05:00,1000044-B,CLASE TEORICA,(8) Grupo 8,Beymar Leonardo Solorzano Alviz,26,32
gh-31352060992,2026-08-09T22:16:30-05:00,1000044-B,CLASE TEORICA,(9) Grupo 9,Claudia Marcela Arevalo Gomez,7,32
gh-31352060992,2026-08-09T22:16:31-05:00,1000045-B,CLASE TEORICA,(1) Grupo 1,Claudia Marcela Arevalo Gomez,10,33
gh-31352060992,2026-08-09T22:16:31-05:00,1000045-B,CLASE TEORICA,(10) Grupo 10,Jesica paola Rendon Alfonso,26,33
gh-31352060992,2026-08-09T22:16:31-05:00,1000045-B,CLASE TEORICA,(11) Grupo 11,JOSE JONATHAN MAESTRE HERRERA,26,33
gh-31352060992,2026-08-09T22:16:31-05:00,1000045-B,CLASE TEORICA,(12) Grupo 12,LINDA JOHANA RUIZ GOMEZ,26,33
gh-31352060992,2026-08-09T22:16:31-05:00,1000045-B,CLASE TEORICA,(13) Grupo 13,Narly Yadira Pardo Cadena,26,33
gh-31352060992,2026-08-09T22:16:31-05:00,1000045-B,CLASE TEORICA,(14) Grupo 14,Angelica Saenz Fonseca,26,33
gh-31352060992,2026-08-09T22:16:31-05:00,1000045-B,CLASE TEORICA,(15) Grupo 15,Narly Yadira Pardo Cadena,26,33
gh-31352060992,2026-08-09T22:16:31-05:00,1000045-B,CLASE TEORICA,(16) Grupo 16,Luis Gabriel Peña Ortiz,26,33
gh-31352060992,2026-08-09T22:16:31-05:00,1000045-B,CLASE TEORICA,(2) Grupo 2,Cesar Augusto Romero,26,33
gh-31352060992,2026-08-09T22:16:31-05:00,1000045-B,CLASE TEORICA,(3) Grupo 3,Jesica paola Rendon Alfonso,26,33
gh-31352060992,2026-08-09T22:16:31-05:00,1000045-B,CLASE TEORICA,(4) Grupo 4,Adriana Marlen Sanchez Riaño,26,33
gh-31352060992,2026-08-09T22:16:31-05:00,1000045-B,CLASE TEORICA,(5) Grupo 5,Cesar Augusto Romero,26,33
gh-31352060992,2026-08-09T22:16:31-05:00,1000045-B,CLASE TEORICA,(6) Grupo 6,Sara Elisa Monsalve Patino,26,33
gh-31352060992,2026-08-09T22:16:31-05:00,1000045-B,CLASE TEORICA,(7) Grupo 7,Luis Gabriel Peña Ortiz,26,33
gh-31352060992,2026-08-09T22:16:31-05:00,1000045-B,CLASE TEORICA,(8) Grupo 8,Johnatan Martinez Hernandez,26,33
gh-31352060992,2026-08-09T22:16:31-05:00,1000045-B,CLASE TEORICA,(9) Grupo 9,Maureen Elizabeth Hooker Oneill,15,33
gh-31352060992,2026-08-09T22:16:34-05:00,1000046-B,CLASE TEORICA,(1) Grupo 1,Johnatan Martinez Hernandez,26,35
gh-31352060992,2026-08-09T22:16:34-05:00,1000046-B,CLASE TEORICA,(10) Grupo 10,Jennly Angelica Gomez Rodriguez,26,35
gh-31352060992,2026-08-09T22:16:34-05:00,1000046-B,CLASE TEORICA,(11) Grupo 11,Angelica Saenz Fonseca,26,35
gh-31352060992,2026-08-09T22:16:34-05:00,1000046-B,CLASE TEORICA,(12) Grupo 12,Liliana Marcela Guzman Aricapa,26,35
gh-31352060992,2026-08-09T22:16:34-05:00,1000046-B,CLASE TEORICA,(13) Grupo 13,ALBA LUCIA RIAÑO RODRIGUEZ,26,35
gh-31352060992,2026-08-09T22:16:34-05:00,1000046-B,CLASE TEORICA,(14) Grupo 14,Angelica Saenz Fonseca,26,35
gh-31352060992,2026-08-09T22:16:34-05:00,1000046-B,CLASE TEORICA,(15) Grupo 15,Luis Gabriel Peña Ortiz,26,35
gh-31352060992,2026-08-09T22:16:34-05:00,1000046-B,CLASE TEORICA,(16) Grupo 16,Olga Lucia Ruiz Convers,26,35
gh-31352060992,2026-08-09T22:16:34-05:00,1000046-B,CLASE TEORICA,(17) Grupo 17,Luis Gabriel Peña Ortiz,26,35
gh-31352060992,2026-08-09T22:16:34-05:00,1000046-B,CLASE TEORICA,(18) Grupo 18,Narly Yadira Pardo Cadena,26,35
gh-31352060992,2026-08-09T22:16:34-05:00,1000046-B,CLASE TEORICA,(2) Grupo 2,Jesica paola Rendon Alfonso,26,35
gh-31352060992,2026-08-09T22:16:34-05:00,1000046-B,CLASE TEORICA,(3) Grupo 3,JESUS DAVID TORRES RODRIGUEZ,26,35
gh-31352060992,2026-08-09T22:16:34-05:00,1000046-B,CLASE TEORICA,(4) Grupo 4,Claudia Patricia Cortes Lora,26,35
gh-31352060992,2026-08-09T22:16:34-05:00,1000046-B,CLASE TEORICA,(5) Grupo 5,Johnatan Martinez Hernandez,26,35
gh-31352060992,2026-08-09T22:16:34-05:00,1000046-B,CLASE TEORICA,(6) Grupo 6,Johnatan Martinez Hernandez,26,35
gh-31352060992,2026-08-09T22:16:34-05:00,1000046-B,CLASE TEORICA,(7) Grupo 7,Jesica paola Rendon Alfonso,26,35
gh-31352060992,2026-08-09T22:16:34-05:00,1000046-B,CLASE TEORICA,(8) Grupo 8,Beatriz Elena Urrutia Sanchez,26,35
gh-31352060992,2026-08-09T22:16:34-05:00,1000046-B,CLASE TEORICA,(9) Grupo 9,Maureen Elizabeth Hooker Oneill,10,35
gh-31352060992,2026-08-09T22:16:37-05:00,1000052-B,CLASE TEORICA,(1) Grupo 1,Liliana Marcela Guzman Aricapa,28,37
gh-31352060992,2026-08-09T22:16:37-05:00,1000052-B,CLASE TEORICA,(2) Grupo 2,JOSE JONATHAN MAESTRE HERRERA,28,37
gh-31352060992,2026-08-09T22:16:37-05:00,1000052-B,CLASE TEORICA,(3) Grupo 3,Aida Elena Monsalve Solorzano,28,37
gh-31352060992,2026-08-09T22:16:38-05:00,1000053-B,CLASE TEORICA,(1) Grupo 1,Jennly Angelica Gomez Rodriguez,28,38
gh-31352060992,2026-08-09T22:16:38-05:00,1000053-B,CLASE TEORICA,(2) Grupo 2,Yaneli Niño Osorio,28,38
gh-31352060992,2026-08-09T22:16:38-05:00,1000053-B,CLASE TEORICA,(3) Grupo 3,Javier Rodriguez Gomez,30,38
gh-31352060992,2026-08-09T22:16:38-05:00,1000053-B,CLASE TEORICA,(4) Grupo 4,Javier Rodriguez Gomez,30,38
gh-31352060992,2026-08-09T22:16:38-05:00,1000053-B,CLASE TEORICA,(5) Grupo 5,LINDA JOHANA RUIZ GOMEZ,28,38
gh-31352060992,2026-08-09T22:16:38-05:00,1000053-B,CLASE TEORICA,(6) Grupo 6,Olga Lucia Ruiz Convers,28,38
gh-31352060992,2026-08-09T22:16:39-05:00,1000047-B,CLASE TEORICA,(1) Grupo 1,Cesar Augusto Romero,26,39
gh-31352060992,2026-08-09T22:16:39-05:00,1000047-B,CLASE TEORICA,(10) Grupo 10,Monica Alexandra Riaño Orjuela,26,39
gh-31352060992,2026-08-09T22:16:39-05:00,1000047-B,CLASE TEORICA,(11) Grupo 11,Jennly Angelica Gomez Rodriguez,26,39
gh-31352060992,2026-08-09T22:16:39-05:00,1000047-B,CLASE TEORICA,(12) Grupo 12,Claudia Patricia Cortes Lora,26,39
gh-31352060992,2026-08-09T22:16:39-05:00,1000047-B,CLASE TEORICA,(13) Grupo 13,Angelica Saenz Fonseca,26,39
gh-31352060992,2026-08-09T22:16:39-05:00,1000047-B,CLASE TEORICA,(14) Grupo 14,LINDA JOHANA RUIZ GOMEZ,26,39
gh-31352060992,2026-08-09T22:16:39-05:00,1000047-B,CLASE TEORICA,(15) Grupo 15,Claudia Patricia Cortes Lora,26,39
gh-31352060992,2026-08-09T22:16:39-05:00,1000047-B,CLASE TEORICA,(16) Grupo 16,Narly Yadira Pardo Cadena,26,39
gh-31352060992,2026-08-09T22:16:39-05:00,1000047-B,CLASE TEORICA,(17) Grupo 17,Angelica Saenz Fonseca,26,39
gh-31352060992,2026-08-09T22:16:39-05:00,1000047-B,CLASE TEORICA,(18) Grupo 18,ALBA LUCIA RIAÑO RODRIGUEZ,26,39
gh-31352060992,2026-08-09T22:16:39-05:00,1000047-B,CLASE TEORICA,(19) Grupo 19,Aida Elena Monsalve Solorzano,26,39
gh-31352060992,2026-08-09T22:16:39-05:00,1000047-B,CLASE TEORICA,(2) Grupo 2,Yaneli Niño Osorio,26,39
gh-31352060992,2026-08-09T22:16:39-05:00,1000047-B,CLASE TEORICA,(20) Grupo 20,ALBA LUCIA RIAÑO RODRIGUEZ,26,39
gh-31352060992,2026-08-09T22:16:39-05:00,1000047-B,CLASE TEORICA,(21) Grupo 21,Edwin Yesid Leon Silva,26,39
gh-31352060992,2026-08-09T22:16:39-05:00,1000047-B,CLASE TEORICA,(22) Grupo 22,LINDA JOHANA RUIZ GOMEZ,26,39
gh-31352060992,2026-08-09T22:16:39-05:00,1000047-B,CLASE TEORICA,(3) Grupo 3,Monica Alexandra Riaño Orjuela,26,39
gh-31352060992,2026-08-09T22:16:39-05:00,1000047-B,CLASE TEORICA,(4) Grupo 4,Claudia Patricia Cortes Lora,26,39
gh-31352060992,2026-08-09T22:16:39-05:00,1000047-B,CLASE TEORICA,(5) Grupo 5,Olga Lucia Ruiz Convers,26,39
gh-31352060992,2026-08-09T22:16:39-05:00,1000047-B,CLASE TEORICA,(6) Grupo 6,Monica Alexandra Riaño Orjuela,26,39
gh-31352060992,2026-08-09T22:16:39-05:00,1000047-B,CLASE TEORICA,(7) Grupo 7,Cesar Augusto Romero,26,39
gh-31352060992,2026-08-09T22:16:39-05:00,1000047-B,CLASE TEORICA,(8) Grupo 8,Beatriz Elena Urrutia Sanchez,26,39
gh-31352060992,2026-08-09T22:16:39-05:00,1000047-B,CLASE TEORICA,(9) Grupo 9,Keshia Hilary Howard Livingston,15,39
gh-31352060992,2026-08-09T22:16:42-05:00,2026186,CLASE TEORICA,(1) Grupo 1,Carol Andrea Murillo Feo,7,41
gh-31352060992,2026-08-09T22:16:42-05:00,2026186,CLASE TEORICA,(2) Grupo 2,Leonel Vega Mora,0,41
gh-31352060992,2026-08-09T22:16:42-05:00,2026186,CLASE TEORICA,(4) Grupo 4,Carlos Orlando Robles Roa,10,41
gh-31352060992,2026-08-09T22:16:44-05:00,1000002-B,CLASE TEORICA,(1) Grupo 1 - Clase Presencial,Ruth Andrea Cortés Suárez,1,42
gh-31352060992,2026-08-09T22:16:44-05:00,1000002-B,CLASE TEORICA,(10) Grupo 10 - Clase presencial,Karen Johanna Castelblanco Villamil,0,42
gh-31352060992,2026-08-09T22:16:44-05:00,1000002-B,CLASE TEORICA,(2) Grupo 2 - Clase Presencial,Ruth Andrea Cortés Suárez,0,42
gh-31352060992,2026-08-09T22:16:44-05:00,1000002-B,CLASE TEORICA,(3) Grupo 3 - Clase Presencial,Adriana Patricia Díaz Cuevas,0,42
gh-31352060992,2026-08-09T22:16:44-05:00,1000002-B,CLASE TEORICA,(4) Grupo 4 - Clase Presencial,Adriana Patricia Díaz Cuevas,0,42
gh-31352060992,2026-08-09T22:16:44-05:00,1000002-B,CLASE TEORICA,(5) Grupo 5 - Clase Presencial,Andres Felipe Escovar Barreto,0,42
gh-31352060992,2026-08-09T22:16:44-05:00,1000002-B,CLASE TEORICA,(6) Grupo 6 - Clase Presencial,Ruth Andrea Cortés Suárez,0,42
gh-31352060992,2026-08-09T22:16:44-05:00,1000002-B,CLASE TEORICA,(7) Grupo 7 - Clase Presencial,Karen Johanna Castelblanco Villamil,0,42
gh-31352060992,2026-08-09T22:16:44-05:00,1000002-B,CLASE TEORICA,(8) Grupo 8 - Clase Presencial,Adriana Patricia Díaz Cuevas,0,42
gh-31352060992,2026-08-09T22:16:44-05:00,1000002-B,CLASE TEORICA,(9) Grupo 9 - Clase Presencial,Carlas Lucia Castilla Lara,10,42
gh-31352060992,2026-08-09T22:16:45-05:00,1000001-B,CLASE TEORICA,(1) Grupo 1,No informado,0,43
gh-31352060992,2026-08-09T22:16:45-05:00,1000001-B,CLASE MAGISTRAL,(1) Grupo 1,Ibeth Marcela Rubio Perilla,0,43
gh-31352060992,2026-08-09T22:16:45-05:00,1000001-B,CLASE MAGISTRAL,(10) Grupo 10,No informado,0,43
gh-31352060992,2026-08-09T22:16:45-05:00,1000001-B,CLASE TEORICA,(19) Grupo 19,No informado,5,43
gh-31352060992,2026-08-09T22:16:45-05:00,1000001-B,CLASE TEORICA,(2) Grupo 2,No informado,10,43
gh-31352060992,2026-08-09T22:16:45-05:00,1000001-B,CLASE MAGISTRAL,(2) Grupo 2,Herbert Alonso Dueñas Ruiz,0,43
gh-31352060992,2026-08-09T22:16:45-05:00,1000001-B,CLASE MAGISTRAL,(3) Grupo 3,Jeanneth Galeano Penaloza,0,43
gh-31352060992,2026-08-09T22:16:45-05:00,1000001-B,CLASE MAGISTRAL,(4) Grupo 4,Gustavo Adolfo Nieto Clavijo,0,43
gh-31352060992,2026-08-09T22:16:45-05:00,1000001-B,CLASE MAGISTRAL,(5) Grupo 5,Natalia Camila Pinzon Cortes,0,43
gh-31352060992,2026-08-09T22:16:45-05:00,1000001-B,CLASE MAGISTRAL,(6) Grupo 6,Martha Cecilia Moreno Penagos,0,43
gh-31352060992,2026-08-09T22:16:45-05:00,1000001-B,CLASE MAGISTRAL,(7) Grupo 7,Claudio Rodriguez Beltran,0,43
gh-31352060992,2026-08-09T22:16:45-05:00,1000001-B,CLASE MAGISTRAL,(8) Grupo 8,Gabriel Ignacio Padilla Leon,0,43
gh-31352060992,2026-08-09T22:16:45-05:00,1000001-B,CLASE MAGISTRAL,(9) Grupo 9,No informado,10,43
gh-31352060992,2026-08-09T22:16:47-05:00,2015965,CLASE TEORICA,(1) Grupo 1,CAMILO RIOS FRESNEDA,24,44
gh-31352060992,2026-08-09T22:16:47-05:00,2015965,CLASE TEORICA,(2) Grupo 2,Julian David Puerto Suarez; Vladimir Buelvas Hernández,24,44
gh-31352060992,2026-08-09T22:16:47-05:00,2015965,CLASE TEORICA,(3) Grupo 3,Ferney Betancourt Cardozo; Juan Manuel Lizarazo Marriaga,24,44
gh-31352060992,2026-08-09T22:16:47-05:00,2015965,CLASE TEORICA,(4) Grupo 4,No informado,24,44
gh-31352060992,2026-08-09T22:16:48-05:00,2015966,CLASE TEORICA,(1) Grupo 1,No informado,24,45
gh-31352060992,2026-08-09T22:16:48-05:00,2015966,CLASE TEORICA,(2) Grupo 2,Adriana Patricia Piña Fulano,24,45
gh-31352060992,2026-08-09T22:16:48-05:00,2015966,CLASE TEORICA,(3) Grupo 3,Rafael Orland Ortiz Mosquera,24,45
gh-31352060992,2026-08-09T22:16:48-05:00,2015966,CLASE TEORICA,(4) Grupo 4,No informado,24,45
gh-31352060992,2026-08-09T22:16:48-05:00,2015966,CLASE TEORICA,(5) Grupo 5,No informado,24,45
gh-31352060992,2026-08-09T22:16:48-05:00,2015966,CLASE TEORICA,(6) Grupo 6,Luis Alejandro Morales Marin,24,45
gh-31352060992,2026-08-09T22:16:48-05:00,2015966,CLASE TEORICA,(7) Grupo 7,No informado,24,45
gh-31352060992,2026-08-09T22:16:48-05:00,2015966,CLASE TEORICA,(8) Grupo 8,No informado,24,45
gh-31352060992,2026-08-09T22:16:49-05:00,2015967,NA,(1) Grupo 1,Vladimir Buelvas Hernández,24,46
gh-31352060992,2026-08-09T22:16:51-05:00,2015968,CLASE TEORICA,(1) Grupo 1,Ricardo Parra Arango,24,47
gh-31352060992,2026-08-09T22:16:51-05:00,2015968,CLASE TEORICA,(2) Grupo 2,Juan David Oliveros Salazar,24,47
gh-31352060992,2026-08-09T22:16:51-05:00,2015968,CLASE TEORICA,(3) Grupo 3,No informado,24,47
gh-31352060992,2026-08-09T22:16:51-05:00,2015968,CLASE TEORICA,(4) Grupo 4,Ricardo Parra Arango,24,47
gh-31352060992,2026-08-09T22:16:51-05:00,2015968,CLASE TEORICA,(5) Grupo 5,Julian David Puerto Suarez,24,47
gh-31352060992,2026-08-09T22:16:51-05:00,2015968,CLASE TEORICA,(6) Grupo 6,Dorian Luis Linero Segrera,24,47
gh-31352060992,2026-08-09T22:16:51-05:00,2015968,CLASE TEORICA,(7) Grupo 7,No informado,0,47
gh-31352060992,2026-08-09T22:16:53-05:00,2015969,CLASE TEORICA,(1) Grupo 1 (Inglés),Julio Esteban Colmenares Montañez,30,48
gh-31352060992,2026-08-09T22:16:53-05:00,2015969,CLASE TEORICA,(2) Grupo 2,Guillermo Eduardo Avila Alvarez,30,48
gh-31352060992,2026-08-09T22:16:53-05:00,2015969,CLASE TEORICA,(3) Grupo 3,Livaniel Viveros Rosero,30,48
gh-31352060992,2026-08-09T22:16:53-05:00,2015969,CLASE TEORICA,(4) Grupo 4,No informado,30,48
gh-31352060992,2026-08-09T22:16:54-05:00,2015970,CLASE PRACTICA,(4) Grupo 4,Helga Duarte,30,49
gh-31352060992,2026-08-09T22:16:54-05:00,2015970,CLASE PRACTICA,(5) Grupo 5,Oswaldo Rojas Camacho,45,49
gh-31352060992,2026-08-09T22:16:54-05:00,2015970,CLASE PRACTICA,(8) Grupo 8,Helga Duarte,30,49
gh-31352060992,2026-08-09T22:16:54-05:00,2015970,CLASE PRACTICA,(9) Grupo 9,Oswaldo Rojas Camacho,45,49
gh-31352060992,2026-08-09T22:16:55-05:00,2017293,CLASE TEORICA,(1) 2017293-1 Modelación matemática,JUAN SEBASTIÁN HINCAPIÉ MONTES,34,50
gh-31352060992,2026-08-09T22:16:55-05:00,2017293,CLASE MAGISTRAL,(1M) 2017293-1M Modelación matemática - Magistral,Carlos Alberto Duque Daza,80,50
gh-31352060992,2026-08-09T22:16:55-05:00,2017293,CLASE TEORICA,(2) 2017293-2 Modelación matemática,JUAN SEBASTIÁN HINCAPIÉ MONTES,34,50
gh-31352060992,2026-08-09T22:16:58-05:00,2015971,CLASE TEORICA,(1) Grupo 1,No informado,30,53
gh-31352060992,2026-08-09T22:16:58-05:00,2015971,CLASE TEORICA,(2) Grupo 2,Ferney Betancourt Cardozo,30,53
gh-31352060992,2026-08-09T22:16:58-05:00,2015971,CLASE TEORICA,(3) Grupo 3,No informado,30,53
gh-31352060992,2026-08-09T22:17:00-05:00,2015972,CLASE TEORICA,(1) Grupo 1,Carlos Alberto Moncada Aristizabal,15,54
gh-31352060992,2026-08-09T22:17:00-05:00,2015972,CLASE TEORICA,(2) Grupo 2,SANTIAGO RAMIREZ ECHEVERRI,15,54
gh-31352060992,2026-08-09T22:17:00-05:00,2015972,CLASE TEORICA,(3) Grupo 3,No informado,15,54
gh-31352060992,2026-08-09T22:17:01-05:00,1000024-B,CLASE TEORICA,(12) Grupo 12,Edgar Delgado Mejia,0,55
gh-31352060992,2026-08-09T22:17:01-05:00,1000024-B,CLASE TEORICA,(13) Grupo 13,Jesus Sigifredo Valencia Rios,0,55
gh-31352060992,2026-08-09T22:17:01-05:00,1000024-B,CLASE TEORICA,(14) Grupo 14,Jhon Jairo Aragón Arias,10,55
gh-31352060992,2026-08-09T22:17:02-05:00,1000013-B,CLASE TEORICA,(1) Grupo 1,JHONIER SEBASTIAN RANGEL GUTIERREZ,0,56
gh-31352060992,2026-08-09T22:17:02-05:00,1000013-B,CLASE TEORICA,(10) Grupo 10,Sandra Vergara Cardozo,35,56
gh-31352060992,2026-08-09T22:17:02-05:00,1000013-B,CLASE TEORICA,(11) Grupo 11,DIEGO ALBERTO MARTINEZ SIMBAQUEVA,40,56
gh-31352060992,2026-08-09T22:17:02-05:00,1000013-B,CLASE TEORICA,(12) Grupo 12,DIEGO ALBERTO MARTINEZ SIMBAQUEVA,40,56
gh-31352060992,2026-08-09T22:17:02-05:00,1000013-B,CLASE TEORICA,(13) Grupo 13,DIEGO ALBERTO MARTINEZ SIMBAQUEVA,30,56
gh-31352060992,2026-08-09T22:17:02-05:00,1000013-B,CLASE TEORICA,(14) Grupo 14,Andrea Catalina Garcia Montoya,45,56
gh-31352060992,2026-08-09T22:17:02-05:00,1000013-B,CLASE TEORICA,(16) Grupo 16,Sergio Alejandro Calderon Villanueva,30,56
gh-31352060992,2026-08-09T22:17:02-05:00,1000013-B,CLASE TEORICA,(2) Grupo 2,Luis Guillermo Diaz Monroy,40,56
gh-31352060992,2026-08-09T22:17:02-05:00,1000013-B,CLASE TEORICA,(22) Grupo 22,Hanwen Zhang,45,56
gh-31352060992,2026-08-09T22:17:02-05:00,1000013-B,CLASE TEORICA,(23) Grupo 23,ULPIANO LARA CRISTANCHO,0,56
gh-31352060992,2026-08-09T22:17:02-05:00,1000013-B,CLASE TEORICA,(3) Grupo 3,Diana Carolina Franco Soto,40,56
gh-31352060992,2026-08-09T22:17:02-05:00,1000013-B,CLASE TEORICA,(4) Grupo 4,Diana Carolina Franco Soto,40,56
gh-31352060992,2026-08-09T22:17:02-05:00,1000013-B,CLASE TEORICA,(5) Grupo 5,Darwin Eduardo Martínez Riaño,35,56
gh-31352060992,2026-08-09T22:17:02-05:00,1000013-B,CLASE TEORICA,(6) Grupo 6,Darwin Eduardo Martínez Riaño,35,56
gh-31352060992,2026-08-09T22:17:02-05:00,1000013-B,CLASE TEORICA,(7) Grupo 7,Camilo Jose Torres Jimenez,40,56
gh-31352060992,2026-08-09T22:17:04-05:00,2015734,NA,(1) Grupo 1,Fernando Salazar Delgado,6,57
gh-31352060992,2026-08-09T22:17:04-05:00,2015734,NA,(10) Grupo 10,Tito Florez Calderon,4,57
gh-31352060992,2026-08-09T22:17:04-05:00,2015734,NA,(11) Grupo 11,DAVID ALBERTO HERRERA ALVAREZ,0,57
gh-31352060992,2026-08-09T22:17:04-05:00,2015734,NA,(12) Grupo 12,FABIEL NATÁN ESPINOSA CASTAÑEDA,1,57
gh-31352060992,2026-08-09T22:17:04-05:00,2015734,NA,(13) Grupo 13,SERGIO CAMILO ESPINOSA BOTERO,4,57
gh-31352060992,2026-08-09T22:17:04-05:00,2015734,NA,(14) Grupo 14,Felipe Gonzalez Roldan,0,57
gh-31352060992,2026-08-09T22:17:04-05:00,2015734,NA,(2) Grupo 2,Fernando Salazar Delgado,16,57
gh-31352060992,2026-08-09T22:17:04-05:00,2015734,NA,(3) Grupo 3,Jhoan Sebastian Restrepo Mendoza,0,57
gh-31352060992,2026-08-09T22:17:04-05:00,2015734,NA,(4) Grupo 4,Sandra Liliana Rojas Martinez,0,57
gh-31352060992,2026-08-09T22:17:04-05:00,2015734,NA,(5) Grupo 5,Jhoan Sebastian Restrepo Mendoza,0,57
gh-31352060992,2026-08-09T22:17:04-05:00,2015734,NA,(6) Grupo 6,SERGIO CAMILO ESPINOSA BOTERO,8,57
gh-31352060992,2026-08-09T22:17:04-05:00,2015734,NA,(7) Grupo 7,No informado,3,57
gh-31352060992,2026-08-09T22:17:04-05:00,2015734,NA,(8) Grupo 8 - Virtual,FABIEL NATÁN ESPINOSA CASTAÑEDA,30,57
gh-31352060992,2026-08-09T22:17:04-05:00,2015734,NA,(9) Grupo 9,Alvaro Reynel Córdoba,18,57
gh-31352060992,2026-08-09T22:17:06-05:00,2015973,CLASE TEORICA,(1) Grupo 1,No informado,25,59
gh-31352060992,2026-08-09T22:17:06-05:00,2015973,CLASE TEORICA,(2) Grupo 2,GABRIELA ARRIETA LOYO,25,59
gh-31352060992,2026-08-09T22:17:06-05:00,2015973,CLASE TEORICA,(3) Grupo 3,NICOLAS ESCALANTE MORA,25,59
gh-31352060992,2026-08-09T22:17:07-05:00,2022761,NA,(1) Grupo 1,Servio Javier Contreras Guerrero,15,60
gh-31352060992,2026-08-09T22:17:07-05:00,2022761,NA,(2) Grupo 2,Servio Javier Contreras Guerrero,15,60
gh-31352060992,2026-08-09T22:17:07-05:00,2022761,NA,(3) Grupo 3,Samuel Fernando Mesa Giraldo,15,60
gh-31352060992,2026-08-09T22:17:09-05:00,2024045,CLASE TEORICA,(1) 2024045-1 Taller de proyectos interdisciplinarios,No informado,0,-1
gh-31352060992,2026-08-09T22:17:09-05:00,2024045,CLASE TEORICA,(10) 2024045-10 Taller de proyectos interdisciplinarios,Oscar Andres Eraso Eraso,0,-1
gh-31352060992,2026-08-09T22:17:09-05:00,2024045,CLASE TEORICA,(11) 2024045-11 Taller de proyectos interdisciplinarios,No informado,0,-1
gh-31352060992,2026-08-09T22:17:09-05:00,2024045,CLASE TEORICA,(12) 2024045-12 Taller de proyectos interdisciplinarios,Hector Julian Garcia Otalora,200,-1
gh-31352060992,2026-08-09T22:17:09-05:00,2024045,CLASE TEORICA,(13) 2024045-13 Taller de proyectos interdisciplinarios,No informado,0,-1
gh-31352060992,2026-08-09T22:17:09-05:00,2024045,CLASE TEORICA,(14) 2024045-14 Taller de proyectos interdisciplinarios,Dolly Santos Barbosa,0,-1
gh-31352060992,2026-08-09T22:17:09-05:00,2024045,CLASE TEORICA,(15) 2024045-15 Taller de proyectos interdisciplinarios,Oscar Andres Eraso Eraso,0,-1
gh-31352060992,2026-08-09T22:17:09-05:00,2024045,CLASE TEORICA,(16) 2024045-16 Taller de proyectos interdisciplinarios,Luis Ignacio Rodriguez Varela,0,-1
gh-31352060992,2026-08-09T22:17:09-05:00,2024045,CLASE TEORICA,(17) 2024045-17 Taller de proyectos interdisciplinarios,JOHANA CATALINA MANOSALVA BARRERA,0,-1
gh-31352060992,2026-08-09T22:17:09-05:00,2024045,CLASE TEORICA,(18) 2024045-18 Taller de proyectos interdisciplinarios,Fernando Bernal Martinez,0,-1
gh-31352060992,2026-08-09T22:17:09-05:00,2024045,CLASE TEORICA,(19) 2024045-19 Taller de proyectos interdisciplinarios,FRANCISCO JAVIER VÁSQUEZ VÁSQUEZ,0,-1
gh-31352060992,2026-08-09T22:17:09-05:00,2024045,CLASE TEORICA,(2) 2024045-2 Taller de proyectos interdisciplinarios,Fernando Bernal Martinez,0,-1
gh-31352060992,2026-08-09T22:17:09-05:00,2024045,CLASE TEORICA,(21) 2024045-21 Taller de proyectos interdisciplinarios,No informado,0,-1
gh-31352060992,2026-08-09T22:17:09-05:00,2024045,CLASE TEORICA,(22) 2024045-22 Taller de proyectos interdisciplinarios,Ubaldo Garcia Zaragoza,0,-1
gh-31352060992,2026-08-09T22:17:09-05:00,2024045,CLASE TEORICA,(23) 2024045-23 Taller de proyectos interdisciplinarios,No informado,0,-1
gh-31352060992,2026-08-09T22:17:09-05:00,2024045,CLASE TEORICA,(24) 2024045-24 Taller de proyectos interdisciplinarios,Hector Julian Garcia Otalora,200,-1
gh-31352060992,2026-08-09T22:17:09-05:00,2024045,CLASE TEORICA,(3) 2024045-3 Taller de proyectos interdisciplinarios,Guillermo Alberto Rocha Casas,0,-1
gh-31352060992,2026-08-09T22:17:09-05:00,2024045,CLASE TEORICA,(4) 2024045-4 Taller de proyectos interdisciplinarios,Francy Nayely Prieto Novoa,0,-1
gh-31352060992,2026-08-09T22:17:09-05:00,2024045,CLASE TEORICA,(40) 2024045-40 TPI-- NO BORRAR-- BLOQ ESPACIOS,No informado,0,-1
gh-31352060992,2026-08-09T22:17:09-05:00,2024045,CLASE TEORICA,(5) 2024045-5 Taller de proyectos interdisciplinarios,Nubia Carmenza Moreno Sarmiento,0,-1
gh-31352060992,2026-08-09T22:17:09-05:00,2024045,CLASE TEORICA,(6) 2024045-6 Taller de proyectos interdisciplinarios,JOHANA CATALINA MANOSALVA BARRERA,0,-1
gh-31352060992,2026-08-09T22:17:09-05:00,2024045,CLASE TEORICA,(7) 2024045-7 Taller de proyectos interdisciplinarios,Ubaldo Garcia Zaragoza,0,-1
gh-31352060992,2026-08-09T22:17:09-05:00,2024045,CLASE TEORICA,(8) 2024045-8 Taller de proyectos interdisciplinarios,JHON FREDDY LOPEZ MEDINA,0,-1
gh-31352060992,2026-08-09T22:17:09-05:00,2024045,CLASE TEORICA,(9) 2024045-9 Taller de proyectos interdisciplinarios,Manuel Alejandro Mayorga Betancourt,0,-1
gh-31352060992,2026-08-09T22:17:10-05:00,2015296,NA,(1) Grupo 1,Leonardo David Donado Garzon,5,62
gh-31352060992,2026-08-09T22:17:10-05:00,2015296,NA,(10) Grupo 10,Juan Manuel Lizarazo Marriaga,5,62
gh-31352060992,2026-08-09T22:17:10-05:00,2015296,NA,(11) Grupo 11,Octavio Coronado Garcia,5,62
gh-31352060992,2026-08-09T22:17:10-05:00,2015296,NA,(12) Grupo 12,Carol Andrea Murillo Feo,5,62
gh-31352060992,2026-08-09T22:17:10-05:00,2015296,NA,(13) Grupo 13,CAMILO RIOS FRESNEDA,5,62
gh-31352060992,2026-08-09T22:17:10-05:00,2015296,NA,(14) Grupo 14,William Castro Garcia,5,62
gh-31352060992,2026-08-09T22:17:10-05:00,2015296,NA,(15) Grupo 15,Luis Alejandro Morales Marin,5,62
gh-31352060992,2026-08-09T22:17:10-05:00,2015296,NA,(16) Grupo 16,Ferney Betancourt Cardozo,5,62
gh-31352060992,2026-08-09T22:17:10-05:00,2015296,NA,(17) Grupo 17,Maria Alejandra Caicedo Londoño,5,62
gh-31352060992,2026-08-09T22:17:10-05:00,2015296,NA,(18) Grupo 18,Guillermo Eduardo Avila Alvarez,5,62
gh-31352060992,2026-08-09T22:17:10-05:00,2015296,NA,(19) Grupo 19,Carlos Alfonso Gomez Guacaneme,0,62
gh-31352060992,2026-08-09T22:17:10-05:00,2015296,NA,(2) Grupo 2,Carlos Orlando Robles Roa,5,62
gh-31352060992,2026-08-09T22:17:10-05:00,2015296,NA,(3) Grupo 3,Angela Barrera Puerto,5,62
gh-31352060992,2026-08-09T22:17:10-05:00,2015296,NA,(4) Grupo 4,Mauricio Alberto Tapias Camacho,5,62
gh-31352060992,2026-08-09T22:17:10-05:00,2015296,NA,(5) Grupo 5,Maritzabel Molina Herrera,5,62
gh-31352060992,2026-08-09T22:17:10-05:00,2015296,NA,(6) Grupo 6,Rodolfo Rodriguez Baracaldo,5,62
gh-31352060992,2026-08-09T22:17:10-05:00,2015296,NA,(7) Grupo 7,SANTIAGO RAMIREZ ECHEVERRI,5,62
gh-31352060992,2026-08-09T22:17:10-05:00,2015296,NA,(8) Grupo 8,Jose Ricardo Martinez Vargas,5,62
gh-31352060992,2026-08-09T22:17:10-05:00,2015296,NA,(9) Grupo 9,GABRIELA ARRIETA LOYO,5,62
gh-31352060992,2026-08-09T22:17:11-05:00,2015299,CLASE TEORICA,(1) Grupo 1,GABRIELA ARRIETA LOYO,51,-1
gh-31355229767,2026-08-09T23:22:05-05:00,2015938,CLASE TEORICA,(1) Grupo 1,Maria Alejandra Caicedo Londoño,25,0
gh-31355229767,2026-08-09T23:22:05-05:00,2015938,CLASE TEORICA,(2) Grupo 2,Maria Alejandra Caicedo Londoño,25,0
gh-31355229767,2026-08-09T23:22:05-05:00,2015938,CLASE TEORICA,(3) Grupo 3,JOSE LUIS DIAZ AREVALO,25,0
gh-31355229767,2026-08-09T23:22:05-05:00,2015938,CLASE TEORICA,(4) Grupo 4,JOSE LUIS DIAZ AREVALO,24,0
gh-31355229767,2026-08-09T23:22:06-05:00,2015939,CLASE TEORICA,(1) Grupo 1,ALVARO MARTIN GUTIERREZ MALAXECHEBARRIA,25,1
gh-31355229767,2026-08-09T23:22:06-05:00,2015939,CLASE TEORICA,(2) Grupo 2,ALVARO MARTIN GUTIERREZ MALAXECHEBARRIA,25,1
gh-31355229767,2026-08-09T23:22:06-05:00,2015939,CLASE TEORICA,(3) Grupo 3,Edder Alexander Velandia Duran,25,1
gh-31355229767,2026-08-09T23:22:06-05:00,2015939,CLASE TEORICA,(4) Grupo 4,No informado,25,1
gh-31355229767,2026-08-09T23:22:08-05:00,1000003-B,NA,(1) Grupo 1,Erika Lorena Rosero Alzate; Oscar Andrés Rojas Sepúlveda,0,-1
gh-31355229767,2026-08-09T23:22:08-05:00,1000003-B,NA,(10) Grupo 10,Epifanio Lozano Ayala,14,-1
gh-31355229767,2026-08-09T23:22:08-05:00,1000003-B,NA,(11) Grupo 11,No informado,60,-1
gh-31355229767,2026-08-09T23:22:08-05:00,1000003-B,NA,(12) Grupo 12,No informado,40,-1
gh-31355229767,2026-08-09T23:22:08-05:00,1000003-B,NA,(13) Grupo 13,Mohammed EL AIDI,40,-1
gh-31355229767,2026-08-09T23:22:08-05:00,1000003-B,NA,(15) Grupo 15,Myriam Leonor Campos Florez,60,-1
gh-31355229767,2026-08-09T23:22:08-05:00,1000003-B,NA,(16) Grupo 16,No informado,60,-1
gh-31355229767,2026-08-09T23:22:08-05:00,1000003-B,NA,(17) Grupo 17,Martha Cecilia Moreno Penagos,40,-1
gh-31355229767,2026-08-09T23:22:08-05:00,1000003-B,NA,(18) Grupo 18,John Alexander Cruz Morales,52,-1
gh-31355229767,2026-08-09T23:22:08-05:00,1000003-B,NA,(20) Grupo 20,Natalia Camila Pinzon Cortes,60,-1
gh-31355229767,2026-08-09T23:22:08-05:00,1000003-B,NA,(21) Grupo 21,Ivon Andrea Dorado Correa,52,-1
gh-31355229767,2026-08-09T23:22:08-05:00,1000003-B,NA,(22) Grupo 22,No informado,46,-1
gh-31355229767,2026-08-09T23:22:08-05:00,1000003-B,NA,(3) Grupo 3,No informado,60,-1
gh-31355229767,2026-08-09T23:22:08-05:00,1000003-B,NA,(4) Grupo 4,Luis Alejandro Barbosa Torres,112,-1
gh-31355229767,2026-08-09T23:22:08-05:00,1000003-B,NA,(5) Grupo 5,Jaime David Mora Paz,60,-1
gh-31355229767,2026-08-09T23:22:08-05:00,1000003-B,NA,(7) Grupo 7,Myriam Leonor Campos Florez,40,-1
gh-31355229767,2026-08-09T23:22:08-05:00,1000003-B,NA,(8) Grupo 8,No informado,10,-1
gh-31355229767,2026-08-09T23:22:09-05:00,2015940,CLASE TEORICA,(1) Grupo 1,Maritzabel Molina Herrera,24,3
gh-31355229767,2026-08-09T23:22:09-05:00,2015940,CLASE TEORICA,(2) Grupo 2,Gabriel Andres Bernal Granados,24,3
gh-31355229767,2026-08-09T23:22:09-05:00,2015940,CLASE TEORICA,(3) Grupo 3,No informado,24,3
gh-31355229767,2026-08-09T23:22:11-05:00,2015941,CLASE TEORICA,(1) Grupo 1,Patricia Luna Tamayo,30,4
gh-31355229767,2026-08-09T23:22:11-05:00,2015941,CLASE TEORICA,(2) Grupo 2,No informado,30,4
gh-31355229767,2026-08-09T23:22:11-05:00,2015941,CLASE TEORICA,(3) Grupo 3,Carlos Ramiro Vallecilla Bahena,30,4
gh-31355229767,2026-08-09T23:22:11-05:00,2015941,CLASE TEORICA,(4) Grupo 4,No informado,30,4
gh-31355229767,2026-08-09T23:22:13-05:00,1000004-B,NA,(10) Grupo 10,No informado,53,5
gh-31355229767,2026-08-09T23:22:13-05:00,1000004-B,NA,(11) Grupo 11,No informado,24,5
gh-31355229767,2026-08-09T23:22:13-05:00,1000004-B,NA,(12) Grupo 12,No informado,24,5
gh-31355229767,2026-08-09T23:22:13-05:00,1000004-B,NA,(13) Grupo 13,No informado,16,5
gh-31355229767,2026-08-09T23:22:13-05:00,1000004-B,NA,(14) Grupo 14,No informado,90,5
gh-31355229767,2026-08-09T23:22:13-05:00,1000004-B,NA,(16) Grupo 16,No informado,27,5
gh-31355229767,2026-08-09T23:22:13-05:00,1000004-B,NA,(17) Grupo 17,Hernan Garzon Gutierrez,39,5
gh-31355229767,2026-08-09T23:22:13-05:00,1000004-B,NA,(19) Grupo 19,No informado,59,5
gh-31355229767,2026-08-09T23:22:13-05:00,1000004-B,NA,(2) Grupo 2,No informado,24,5
gh-31355229767,2026-08-09T23:22:13-05:00,1000004-B,NA,(20) Grupo 20,Hernan Garzon Gutierrez,10,5
gh-31355229767,2026-08-09T23:22:13-05:00,1000004-B,NA,(21) Grupo 21,No informado,60,5
gh-31355229767,2026-08-09T23:22:13-05:00,1000004-B,NA,(22) Grupo 22,No informado,60,5
gh-31355229767,2026-08-09T23:22:13-05:00,1000004-B,NA,(24) Grupo 24,Ricardo Ariel Pastran Ramirez,60,5
gh-31355229767,2026-08-09T23:22:13-05:00,1000004-B,NA,(25) Grupo 25,No informado,40,5
gh-31355229767,2026-08-09T23:22:13-05:00,1000004-B,NA,(27) Grupo 27,No informado,51,5
gh-31355229767,2026-08-09T23:22:13-05:00,1000004-B,NA,(28) Grupo 28,No informado,60,5
gh-31355229767,2026-08-09T23:22:13-05:00,1000004-B,NA,(29) Grupo 29,No informado,60,5
gh-31355229767,2026-08-09T23:22:13-05:00,1000004-B,NA,(30) Grupo 30,No informado,60,5
gh-31355229767,2026-08-09T23:22:13-05:00,1000004-B,NA,(32) Grupo 32,No informado,90,5
gh-31355229767,2026-08-09T23:22:13-05:00,1000004-B,NA,(4) Grupo 4,Myriam Leonor Campos Florez,37,5
gh-31355229767,2026-08-09T23:22:13-05:00,1000004-B,NA,(5) Grupo 5,Oscar Javier Lopez Alfonso,84,5
gh-31355229767,2026-08-09T23:22:13-05:00,1000004-B,NA,(7) Grupo 7,Anderson Arley Vera Arboleda,64,5
gh-31355229767,2026-08-09T23:22:13-05:00,1000004-B,NA,(8) Grupo 8,No informado,40,5
gh-31355229767,2026-08-09T23:22:13-05:00,1000004-B,NA,(9) Grupo 9,No informado,18,5
gh-31355229767,2026-08-09T23:22:14-05:00,1000006-B,NA,(1) Grupo 1,No informado,40,6
gh-31355229767,2026-08-09T23:22:14-05:00,1000006-B,NA,(10) Grupo 10,No informado,100,6
gh-31355229767,2026-08-09T23:22:14-05:00,1000006-B,NA,(11) Grupo 11,No informado,40,6
gh-31355229767,2026-08-09T23:22:14-05:00,1000006-B,NA,(12) Grupo 12,Leonid Lebedev,60,6
gh-31355229767,2026-08-09T23:22:14-05:00,1000006-B,NA,(13) Grupo 13,Juan Carlos Hernandez Rincon,40,6
gh-31355229767,2026-08-09T23:22:14-05:00,1000006-B,NA,(14) Grupo 14,No informado,60,6
gh-31355229767,2026-08-09T23:22:14-05:00,1000006-B,NA,(15) Grupo 15,No informado,112,6
gh-31355229767,2026-08-09T23:22:14-05:00,1000006-B,NA,(2) Grupo 2,EDIXON MANUEL ROJAS SANTANA,40,6
gh-31355229767,2026-08-09T23:22:14-05:00,1000006-B,NA,(3) Grupo 3,Cesar Augusto Gomez Sierra,40,6
gh-31355229767,2026-08-09T23:22:14-05:00,1000006-B,NA,(4) Grupo 4,Agustin Moreno Canadas,100,6
gh-31355229767,2026-08-09T23:22:14-05:00,1000006-B,NA,(5) Grupo 5,German Eduardo Fonseca Buitrago,40,6
gh-31355229767,2026-08-09T23:22:14-05:00,1000006-B,NA,(7) Grupo 7,No informado,70,6
gh-31355229767,2026-08-09T23:22:14-05:00,1000006-B,NA,(8) Grupo 8,Epifanio Lozano Ayala,60,6
gh-31355229767,2026-08-09T23:22:14-05:00,1000006-B,NA,(9) Grupo 9,Orlando Vanegas Canro,0,6
gh-31355229767,2026-08-09T23:22:16-05:00,1000005-B,NA,(1) Grupo 1,Orlando Vanegas Canro,0,7
gh-31355229767,2026-08-09T23:22:16-05:00,1000005-B,NA,(10) Grupo 10,Epifanio Lozano Ayala,50,7
gh-31355229767,2026-08-09T23:22:16-05:00,1000005-B,NA,(14) Grupo 14,Mohammed EL AIDI,40,7
gh-31355229767,2026-08-09T23:22:16-05:00,1000005-B,NA,(15) Grupo 15,Alina Fedosova,60,7
gh-31355229767,2026-08-09T23:22:16-05:00,1000005-B,NA,(16) Grupo 16,No informado,70,7
gh-31355229767,2026-08-09T23:22:16-05:00,1000005-B,NA,(17) Grupo 17,Hernan Garzon Gutierrez,40,7
gh-31355229767,2026-08-09T23:22:16-05:00,1000005-B,NA,(2) Grupo 2,RENE ERLIN CASTILLO,60,7
gh-31355229767,2026-08-09T23:22:16-05:00,1000005-B,NA,(20) Grupo 20,Franqui Solis Cardenas Poloche,40,7
gh-31355229767,2026-08-09T23:22:16-05:00,1000005-B,NA,(22) Grupo 22,No informado,60,7
gh-31355229767,2026-08-09T23:22:16-05:00,1000005-B,NA,(3) Grupo 3,Eduardo Cardenas Gomez,70,7
gh-31355229767,2026-08-09T23:22:16-05:00,1000005-B,NA,(4) Grupo 4,Edward Samuel Becerra Rojas,60,7
gh-31355229767,2026-08-09T23:22:16-05:00,1000005-B,NA,(6) Grupo 6,No informado,60,7
gh-31355229767,2026-08-09T23:22:16-05:00,1000005-B,NA,(7) Grupo 7,Franqui Solis Cardenas Poloche,100,7
gh-31355229767,2026-08-09T23:22:16-05:00,1000005-B,NA,(8) Grupo 8,No informado,40,7
gh-31355229767,2026-08-09T23:22:16-05:00,1000005-B,NA,(9) Grupo 9,No informado,10,7
gh-31355229767,2026-08-09T23:22:18-05:00,2015943,CLASE TEORICA,(1) Grupo 1,Carlos Orlando Robles Roa,15,9
gh-31355229767,2026-08-09T23:22:20-05:00,2015944,CLASE TEORICA,(1) Grupo 1,SANTIAGO RAMIREZ ECHEVERRI,15,10
gh-31355229767,2026-08-09T23:22:21-05:00,2015711,NA,(10) 2015711-10 Dibujo básico,Ariel Augusto Amaya Avila,0,11
gh-31355229767,2026-08-09T23:22:21-05:00,2015711,NA,(11) 2015711-11 Dibujo básico,Cesar Augusto Bacca Gonzalez,0,11
gh-31355229767,2026-08-09T23:22:21-05:00,2015711,NA,(14) 2015711-14 Dibujo básico,Cristian Felipe Morales Suárez,0,11
gh-31355229767,2026-08-09T23:22:21-05:00,2015711,NA,(16) 2015711-16 Dibujo básico,DAVID FELIPE TORRES ARCE,0,11
gh-31355229767,2026-08-09T23:22:21-05:00,2015711,NA,(4) 2015711-4 Dibujo básico,Cristian Felipe Morales Suárez,9,11
gh-31355229767,2026-08-09T23:22:21-05:00,2015711,NA,(5) 2015711-5 Dibujo básico,Sebastian Achury Ortiz,0,11
gh-31355229767,2026-08-09T23:22:21-05:00,2015711,NA,(7) 2015711-7 Dibujo básico,Cesar Augusto Bacca Gonzalez,20,11
gh-31355229767,2026-08-09T23:22:21-05:00,2015711,NA,(8) 2015711-8 Dibujo básico,Miguel Angel Baquero Cortes,0,11
gh-31355229767,2026-08-09T23:22:21-05:00,2015711,NA,(9) 2015711-9 Dibujo básico,EDWIN CAMILO REINA BELTRAN,0,11
gh-31355229767,2026-08-09T23:22:22-05:00,2015948,CLASE TEORICA,(1) Grupo 1,No informado,30,12
gh-31355229767,2026-08-09T23:22:22-05:00,2015948,CLASE TEORICA,(2) Grupo 2,Mauricio Alberto Tapias Camacho,30,12
gh-31355229767,2026-08-09T23:22:22-05:00,2015948,CLASE TEORICA,(3) Grupo 3,No informado,30,12
gh-31355229767,2026-08-09T23:22:24-05:00,2015950,CLASE TEORICA,(1) Grupo 1,No informado,25,13
gh-31355229767,2026-08-09T23:22:24-05:00,2015950,CLASE TEORICA,(2) Grupo 2,No informado,0,13
gh-31355229767,2026-08-09T23:22:24-05:00,2015950,CLASE TEORICA,(3) Grupo 3,Daniel Ricardo Lozano Monsalve,25,13
gh-31355229767,2026-08-09T23:22:24-05:00,2015950,CLASE TEORICA,(4) Grupo 4,No informado,25,13
gh-31355229767,2026-08-09T23:22:24-05:00,2015950,CLASE TEORICA,(5) Grupo 5,No informado,25,13
gh-31355229767,2026-08-09T23:22:25-05:00,2015949,CLASE TEORICA,(1) Grupo 1,Mario Javier Cardozo Chaux,30,14
gh-31355229767,2026-08-09T23:22:25-05:00,2015949,CLASE TEORICA,(2) Grupo 2,Wilson Ernesto Vargas Vargas,30,14
gh-31355229767,2026-08-09T23:22:25-05:00,2015949,CLASE TEORICA,(3) Grupo 3,No informado,30,14
gh-31355229767,2026-08-09T23:22:26-05:00,1000007-B,NA,(1) Grupo 1,German Eduardo Fonseca Buitrago,60,15
gh-31355229767,2026-08-09T23:22:26-05:00,1000007-B,NA,(11) Grupo 11,Leonid Lebedev,60,15
gh-31355229767,2026-08-09T23:22:26-05:00,1000007-B,NA,(12) Grupo 12,No informado,60,15
gh-31355229767,2026-08-09T23:22:26-05:00,1000007-B,NA,(13) Grupo 13,Omar Duque Gomez,40,15
gh-31355229767,2026-08-09T23:22:26-05:00,1000007-B,NA,(14) Grupo 14,No informado,100,15
gh-31355229767,2026-08-09T23:22:26-05:00,1000007-B,NA,(3) Grupo 3,Serafin Bautista Diaz,40,15
gh-31355229767,2026-08-09T23:22:26-05:00,1000007-B,NA,(4) Grupo 4,EDIXON MANUEL ROJAS SANTANA,60,15
gh-31355229767,2026-08-09T23:22:26-05:00,1000007-B,NA,(6) Grupo 6,Alexander Caviedes Castro,50,15
gh-31355229767,2026-08-09T23:22:26-05:00,1000007-B,NA,(7) Grupo 7,Oscar Guillermo Riaño Castañeda,40,15
gh-31355229767,2026-08-09T23:22:26-05:00,1000007-B,NA,(9) Grupo 9,Orlando Vanegas Canro,0,15
gh-31355229767,2026-08-09T23:22:28-05:00,2026134,CLASE TEORICA,(1) Grupo 1,No informado,0,16
gh-31355229767,2026-08-09T23:22:28-05:00,2026134,CLASE TEORICA,(2) Grupo 2,Juan Manuel Lizarazo Marriaga,30,16
gh-31355229767,2026-08-09T23:22:28-05:00,2026134,CLASE TEORICA,(3) Grupo 3,Maritzabel Molina Herrera,30,16
gh-31355229767,2026-08-09T23:22:28-05:00,2026134,CLASE TEORICA,(4) Grupo 4,Carlos Ramiro Vallecilla Bahena,30,16
gh-31355229767,2026-08-09T23:22:28-05:00,2026134,CLASE TEORICA,(5) Grupo 5,Fernando Lozano Osorno,30,16
gh-31355229767,2026-08-09T23:22:28-05:00,2026134,CLASE TEORICA,(6) Grupo 6,No informado,30,16
gh-31355229767,2026-08-09T23:22:29-05:00,2015954,CLASE TEORICA,(1) Grupo 1,Erasmo Alfredo Rodriguez Sandoval,30,17
gh-31355229767,2026-08-09T23:22:29-05:00,2015954,CLASE TEORICA,(2) Grupo 2,Mario Enrique Moreno Castiblanco,30,17
gh-31355229767,2026-08-09T23:22:29-05:00,2015954,CLASE TEORICA,(3) Grupo 3,Luis Alejandro Morales Marin,30,17
gh-31355229767,2026-08-09T23:22:30-05:00,2015955,CLASE TEORICA,(1) Grupo 1,Giovanni Andres Cortes Tovar,30,18
gh-31355229767,2026-08-09T23:22:30-05:00,2015955,CLASE TEORICA,(2) Grupo 2,Angela Barrera Puerto,30,18
gh-31355229767,2026-08-09T23:22:30-05:00,2015955,CLASE TEORICA,(3) Grupo 3,Giovanni Andres Cortes Tovar,30,18
gh-31355229767,2026-08-09T23:22:32-05:00,1000011-B,CLASE TEORICA,(1) Grupo 1,Ernesto Javier Puertas Dellepianes,118,19
gh-31355229767,2026-08-09T23:22:32-05:00,1000011-B,CLASE TEORICA,(3) Grupo 3,Néstor Fernando Perez Buitrago,12,19
gh-31355229767,2026-08-09T23:22:34-05:00,1000019-B,CLASE LABORATORIO,(1) Grupo 1,Gustavo Martinez Tamayo,35,20
gh-31355229767,2026-08-09T23:22:34-05:00,1000019-B,CLASE TALLER,(1) Grupo 1,FABIAN FELIPE QUEVEDO FARIETA,35,20
gh-31355229767,2026-08-09T23:22:34-05:00,1000019-B,CLASE MAGISTRAL,(1) Grupo 1,Gustavo Martinez Tamayo,35,20
gh-31355229767,2026-08-09T23:22:34-05:00,1000019-B,CLASE LABORATORIO,(10) Grupo 10,LUIS AGULLES PEDROS,35,20
gh-31355229767,2026-08-09T23:22:34-05:00,1000019-B,CLASE TALLER,(10) Grupo 10,Jhon Morales Aponte,35,20
gh-31355229767,2026-08-09T23:22:34-05:00,1000019-B,CLASE MAGISTRAL,(10) Grupo 10,Ovidio Amado Almanza Montero,35,20
gh-31355229767,2026-08-09T23:22:34-05:00,1000019-B,CLASE LABORATORIO,(11) Grupo 11,EVER DAVID ALCALA CAJAR,35,20
gh-31355229767,2026-08-09T23:22:34-05:00,1000019-B,CLASE TALLER,(11) Grupo 11,JULIAN MATEO DE MENDOZA GUTIERREZ,35,20
gh-31355229767,2026-08-09T23:22:34-05:00,1000019-B,CLASE MAGISTRAL,(11) Grupo 11,Ovidio Amado Almanza Montero,35,20
gh-31355229767,2026-08-09T23:22:34-05:00,1000019-B,CLASE LABORATORIO,(12) Grupo 12,FABIAN FELIPE QUEVEDO FARIETA,35,20
gh-31355229767,2026-08-09T23:22:34-05:00,1000019-B,CLASE TALLER,(12) Grupo 12,EVER DAVID ALCALA CAJAR,35,20
gh-31355229767,2026-08-09T23:22:34-05:00,1000019-B,CLASE MAGISTRAL,(12) Grupo 12,Ovidio Amado Almanza Montero,35,20
gh-31355229767,2026-08-09T23:22:34-05:00,1000019-B,CLASE LABORATORIO,(13) Grupo 13,Alvaro Marino Camargo,35,20
gh-31355229767,2026-08-09T23:22:34-05:00,1000019-B,CLASE TALLER,(13) Grupo 13,MIGUEL ENRIQUE GÁMEZ LÓPEZ,35,20
gh-31355229767,2026-08-09T23:22:34-05:00,1000019-B,CLASE MAGISTRAL,(13) Grupo 13,Alvaro Marino Camargo,35,20
gh-31355229767,2026-08-09T23:22:34-05:00,1000019-B,CLASE LABORATORIO,(14) Grupo 14,Alvaro Marino Camargo,35,20
gh-31355229767,2026-08-09T23:22:34-05:00,1000019-B,CLASE TALLER,(14) Grupo 14,No informado,35,20
gh-31355229767,2026-08-09T23:22:34-05:00,1000019-B,CLASE MAGISTRAL,(14) Grupo 14,Alvaro Marino Camargo,35,20
gh-31355229767,2026-08-09T23:22:34-05:00,1000019-B,CLASE LABORATORIO,(15) Grupo 15,JULIAN MATEO DE MENDOZA GUTIERREZ,32,20
gh-31355229767,2026-08-09T23:22:34-05:00,1000019-B,CLASE TALLER,(15) Grupo 15,EVER DAVID ALCALA CAJAR,32,20
gh-31355229767,2026-08-09T23:22:34-05:00,1000019-B,CLASE MAGISTRAL,(15) Grupo 15,Alvaro Marino Camargo,32,20
gh-31355229767,2026-08-09T23:22:34-05:00,1000019-B,CLASE MAGISTRAL,(16) Gruop 16,Erika Lorena Rosero Alzate; Daniel Camilo Padilla González,8,20
gh-31355229767,2026-08-09T23:22:34-05:00,1000019-B,CLASE LABORATORIO,(16) Grupo 16,Alvaro Marino Camargo,35,20
gh-31355229767,2026-08-09T23:22:34-05:00,1000019-B,CLASE TALLER,(16) Grupo 16,Edna Carolina Pinilla Beltran,35,20
gh-31355229767,2026-08-09T23:22:34-05:00,1000019-B,CLASE LABORATORIO,(17) Grupo 17,JULIAN MATEO DE MENDOZA GUTIERREZ,34,20
gh-31355229767,2026-08-09T23:22:34-05:00,1000019-B,CLASE TALLER,(17) Grupo 17,Jereson Silva Valencia,34,20
gh-31355229767,2026-08-09T23:22:34-05:00,1000019-B,CLASE MAGISTRAL,(17) Grupo 17,Jereson Silva Valencia,34,20
gh-31355229767,2026-08-09T23:22:34-05:00,1000019-B,CLASE LABORATORIO,(18) Grupo 18,Jaime Villalobos Velasco,34,20
gh-31355229767,2026-08-09T23:22:34-05:00,1000019-B,CLASE TALLER,(18) Grupo 18,Jereson Silva Valencia,34,20
gh-31355229767,2026-08-09T23:22:34-05:00,1000019-B,CLASE MAGISTRAL,(18) Grupo 18,Jereson Silva Valencia,34,20
gh-31355229767,2026-08-09T23:22:34-05:00,1000019-B,CLASE LABORATORIO,(19) Grupo 19,JULY PAOLA GARZÓN LOPEZ,32,20
gh-31355229767,2026-08-09T23:22:34-05:00,1000019-B,CLASE TALLER,(19) Grupo 19,Jereson Silva Valencia,32,20
gh-31355229767,2026-08-09T23:22:34-05:00,1000019-B,CLASE MAGISTRAL,(19) Grupo 19,Jereson Silva Valencia,32,20
gh-31355229767,2026-08-09T23:22:34-05:00,1000019-B,CLASE LABORATORIO,(2) Grupo 2,Gustavo Martinez Tamayo,35,20
gh-31355229767,2026-08-09T23:22:34-05:00,1000019-B,CLASE TALLER,(2) Grupo 2,Gustavo Martinez Tamayo,35,20
gh-31355229767,2026-08-09T23:22:34-05:00,1000019-B,CLASE MAGISTRAL,(2) Grupo 2,Gustavo Martinez Tamayo,35,20
gh-31355229767,2026-08-09T23:22:34-05:00,1000019-B,CLASE LABORATORIO,(20) Grupo 20,JOSE ALFREDO GOMEZ MATEUS,35,20
gh-31355229767,2026-08-09T23:22:34-05:00,1000019-B,CLASE TALLER,(20) Grupo 20,Jereson Silva Valencia,35,20
gh-31355229767,2026-08-09T23:22:34-05:00,1000019-B,CLASE MAGISTRAL,(20) Grupo 20,Jereson Silva Valencia,35,20
gh-31355229767,2026-08-09T23:22:34-05:00,1000019-B,CLASE LABORATORIO,(21) Grupo 21,Pedro Hernan Sanchez Machet,35,20
gh-31355229767,2026-08-09T23:22:34-05:00,1000019-B,CLASE TALLER,(21) Grupo 21,JOSE ALFREDO GOMEZ MATEUS,35,20
gh-31355229767,2026-08-09T23:22:34-05:00,1000019-B,CLASE MAGISTRAL,(21) Grupo 21,Diego Alejandro Torres Galindo,35,20
gh-31355229767,2026-08-09T23:22:34-05:00,1000019-B,CLASE LABORATORIO,(22) Grupo 22,Pedro Hernan Sanchez Machet,35,20
gh-31355229767,2026-08-09T23:22:34-05:00,1000019-B,CLASE TALLER,(22) Grupo 22,JULY PAOLA GARZÓN LOPEZ,35,20
gh-31355229767,2026-08-09T23:22:34-05:00,1000019-B,CLASE MAGISTRAL,(22) Grupo 22,Diego Alejandro Torres Galindo,35,20
gh-31355229767,2026-08-09T23:22:34-05:00,1000019-B,CLASE LABORATORIO,(23) Grupo 23,Pedro Hernan Sanchez Machet,35,20
gh-31355229767,2026-08-09T23:22:34-05:00,1000019-B,CLASE TALLER,(23) Grupo 23,Edna Carolina Pinilla Beltran,35,20
gh-31355229767,2026-08-09T23:22:34-05:00,1000019-B,CLASE MAGISTRAL,(23) Grupo 23,Diego Alejandro Torres Galindo,35,20
gh-31355229767,2026-08-09T23:22:34-05:00,1000019-B,CLASE LABORATORIO,(24) Grupo 24,Pedro Hernan Sanchez Machet,35,20
gh-31355229767,2026-08-09T23:22:34-05:00,1000019-B,CLASE TALLER,(24) Grupo 24,Diego Alejandro Torres Galindo,35,20
gh-31355229767,2026-08-09T23:22:34-05:00,1000019-B,CLASE MAGISTRAL,(24) Grupo 24,Diego Alejandro Torres Galindo,35,20
gh-31355229767,2026-08-09T23:22:34-05:00,1000019-B,CLASE LABORATORIO,(25) Grupo 25,Plinio Del Carmen Teheran Sermeno,45,20
gh-31355229767,2026-08-09T23:22:34-05:00,1000019-B,CLASE TALLER,(25) Grupo 25,Plinio Del Carmen Teheran Sermeno,45,20
gh-31355229767,2026-08-09T23:22:34-05:00,1000019-B,CLASE MAGISTRAL,(25) Grupo 25,Plinio Del Carmen Teheran Sermeno,45,20
gh-31355229767,2026-08-09T23:22:34-05:00,1000019-B,CLASE LABORATORIO,(26) Grupo 26 (VIRTUAL),Plinio Del Carmen Teheran Sermeno,50,20
gh-31355229767,2026-08-09T23:22:34-05:00,1000019-B,CLASE TALLER,(26) Grupo 26 (VIRTUAL),Plinio Del Carmen Teheran Sermeno,50,20
gh-31355229767,2026-08-09T23:22:34-05:00,1000019-B,CLASE MAGISTRAL,(26) Grupo 26 (VIRTUAL),Plinio Del Carmen Teheran Sermeno,50,20
gh-31355229767,2026-08-09T23:22:34-05:00,1000019-B,CLASE LABORATORIO,(27) Grupo 27 (VIRTUAL),Plinio Del Carmen Teheran Sermeno,50,20
gh-31355229767,2026-08-09T23:22:34-05:00,1000019-B,CLASE TALLER,(27) Grupo 27 (VIRTUAL),Plinio Del Carmen Teheran Sermeno,50,20
gh-31355229767,2026-08-09T23:22:34-05:00,1000019-B,CLASE MAGISTRAL,(27) Grupo 27 (VIRTUAL),Plinio Del Carmen Teheran Sermeno,50,20
gh-31355229767,2026-08-09T23:22:34-05:00,1000019-B,CLASE LABORATORIO,(28) Grupo 28 (VIRTUAL),Plinio Del Carmen Teheran Sermeno,50,20
gh-31355229767,2026-08-09T23:22:34-05:00,1000019-B,CLASE TALLER,(28) Grupo 28 (VIRTUAL),Plinio Del Carmen Teheran Sermeno,50,20
gh-31355229767,2026-08-09T23:22:34-05:00,1000019-B,CLASE MAGISTRAL,(28) Grupo 28 (VIRTUAL),Plinio Del Carmen Teheran Sermeno,50,20
gh-31355229767,2026-08-09T23:22:34-05:00,1000019-B,CLASE LABORATORIO,(29) Grupo 29 (VIRTUAL),Plinio Del Carmen Teheran Sermeno,50,20
gh-31355229767,2026-08-09T23:22:34-05:00,1000019-B,CLASE TALLER,(29) Grupo 29 (VIRTUAL),Plinio Del Carmen Teheran Sermeno,50,20
gh-31355229767,2026-08-09T23:22:34-05:00,1000019-B,CLASE MAGISTRAL,(29) Grupo 29 (VIRTUAL),Plinio Del Carmen Teheran Sermeno,50,20
gh-31355229767,2026-08-09T23:22:34-05:00,1000019-B,CLASE LABORATORIO,(3) Grupo 3,Gustavo Martinez Tamayo,35,20
gh-31355229767,2026-08-09T23:22:34-05:00,1000019-B,CLASE TALLER,(3) Grupo 3,Gustavo Martinez Tamayo,35,20
gh-31355229767,2026-08-09T23:22:34-05:00,1000019-B,CLASE MAGISTRAL,(3) Grupo 3,Gustavo Martinez Tamayo,35,20
gh-31355229767,2026-08-09T23:22:34-05:00,1000019-B,CLASE LABORATORIO,(4) Grupo 4,No informado,35,20
gh-31355229767,2026-08-09T23:22:34-05:00,1000019-B,CLASE TALLER,(4) Grupo 4,Jaime Villalobos Velasco,35,20
gh-31355229767,2026-08-09T23:22:34-05:00,1000019-B,CLASE MAGISTRAL,(4) Grupo 4,Gustavo Martinez Tamayo,35,20
gh-31355229767,2026-08-09T23:22:34-05:00,1000019-B,CLASE LABORATORIO,(5) Grupo 5,FABIAN FELIPE QUEVEDO FARIETA,35,20
gh-31355229767,2026-08-09T23:22:34-05:00,1000019-B,CLASE TALLER,(5) Grupo 5,Jaime Villalobos Velasco,35,20
gh-31355229767,2026-08-09T23:22:34-05:00,1000019-B,CLASE MAGISTRAL,(5) Grupo 5,Ramiro Cardona Cardona,35,20
gh-31355229767,2026-08-09T23:22:34-05:00,1000019-B,CLASE LABORATORIO,(6) Grupo 6,Jaime Villalobos Velasco,35,20
gh-31355229767,2026-08-09T23:22:34-05:00,1000019-B,CLASE TALLER,(6) Grupo 6,Ramiro Cardona Cardona,35,20
gh-31355229767,2026-08-09T23:22:34-05:00,1000019-B,CLASE MAGISTRAL,(6) Grupo 6,Ramiro Cardona Cardona,35,20
gh-31355229767,2026-08-09T23:22:34-05:00,1000019-B,CLASE LABORATORIO,(7) Grupo 7,Jaime Villalobos Velasco,35,20
gh-31355229767,2026-08-09T23:22:34-05:00,1000019-B,CLASE TALLER,(7) Grupo 7,Ramiro Cardona Cardona,35,20
gh-31355229767,2026-08-09T23:22:34-05:00,1000019-B,CLASE MAGISTRAL,(7) Grupo 7,Ramiro Cardona Cardona,35,20
gh-31355229767,2026-08-09T23:22:34-05:00,1000019-B,CLASE LABORATORIO,(8) Grupo 8,Jaime Villalobos Velasco,35,20
gh-31355229767,2026-08-09T23:22:34-05:00,1000019-B,CLASE TALLER,(8) Grupo 8,Edna Carolina Pinilla Beltran,35,20
gh-31355229767,2026-08-09T23:22:34-05:00,1000019-B,CLASE MAGISTRAL,(8) Grupo 8,Ramiro Cardona Cardona,35,20
gh-31355229767,2026-08-09T23:22:34-05:00,1000019-B,CLASE LABORATORIO,(9) Grupo 9,Erika Lorena Rosero Alzate,0,20
gh-31355229767,2026-08-09T23:22:34-05:00,1000019-B,CLASE TALLER,(9) Grupo 9,No informado,10,20
gh-31355229767,2026-08-09T23:22:34-05:00,1000019-B,CLASE MAGISTRAL,(9) Grupo 9,Fredy Angel Jimenez Giraldo,10,20
gh-31355229767,2026-08-09T23:22:35-05:00,2015956,CLASE TEORICA,(1) Grupo 1,Modesto Portilla Gamboa; Fernando Eli Romero Ordoñez,35,21
gh-31355229767,2026-08-09T23:22:35-05:00,2015956,CLASE TEORICA,(2) Grupo 2,Jennifer Angel Amaya,30,21
gh-31355229767,2026-08-09T23:22:35-05:00,2015956,CLASE TEORICA,(3) Grupo 3,Jennifer Angel Amaya,30,21
gh-31355229767,2026-08-09T23:22:35-05:00,2015956,CLASE TEORICA,(4) Grupo 4,Fernando Eli Romero Ordoñez; Modesto Portilla Gamboa,35,21
gh-31355229767,2026-08-09T23:22:36-05:00,2015957,CLASE PRACTICA,(1) Grupo 1,No informado,30,22
gh-31355229767,2026-08-09T23:22:36-05:00,2015957,CLASE PRACTICA,(2) Grupo 2,Samuel Fernando Mesa Giraldo,30,22
gh-31355229767,2026-08-09T23:22:36-05:00,2015957,CLASE PRACTICA,(3) Grupo 3,Rose Marie Aldana Boutin,30,22
gh-31355229767,2026-08-09T23:22:36-05:00,2015957,CLASE PRACTICA,(4) Grupo 4,Rose Marie Aldana Boutin,30,22
gh-31355229767,2026-08-09T23:22:37-05:00,2015958,CLASE PRACTICA,(1) Grupo 1,William Castro Garcia,20,23
gh-31355229767,2026-08-09T23:22:37-05:00,2015958,CLASE TEORICA,(1) Grupo 1,William Castro Garcia,40,23
gh-31355229767,2026-08-09T23:22:37-05:00,2015958,CLASE PRACTICA,(2) Grupo 2,William Castro Garcia,20,23
gh-31355229767,2026-08-09T23:22:37-05:00,2015958,CLASE PRACTICA,(3) Grupo 3,Carlos Alfonso Gomez Guacaneme,30,23
gh-31355229767,2026-08-09T23:22:37-05:00,2015958,CLASE TEORICA,(3) Grupo 3,Carlos Alfonso Gomez Guacaneme,30,23
gh-31355229767,2026-08-09T23:22:37-05:00,2015958,CLASE PRACTICA,(4) Grupo 4,Mario Arturo Rincon Villalba,20,23
gh-31355229767,2026-08-09T23:22:37-05:00,2015958,CLASE TEORICA,(4) Grupo 4,Mario Arturo Rincon Villalba,40,23
gh-31355229767,2026-08-09T23:22:37-05:00,2015958,CLASE PRACTICA,(5) Grupo 5,Mario Arturo Rincon Villalba,20,23
gh-31355229767,2026-08-09T23:22:37-05:00,2015958,CLASE PRACTICA,(6) Grupo 6,Fausto Alejandro Silva España,20,23
gh-31355229767,2026-08-09T23:22:37-05:00,2015958,CLASE TEORICA,(6) Grupo 6,Cesar Andres Cortes Bello,40,23
gh-31355229767,2026-08-09T23:22:37-05:00,2015958,CLASE PRACTICA,(7) Grupo 7,Fausto Alejandro Silva España,20,23
gh-31355229767,2026-08-09T23:22:37-05:00,2015958,CLASE PRACTICA,(8) Grupo 8,Fausto Alejandro Silva España,20,23
gh-31355229767,2026-08-09T23:22:37-05:00,2015958,CLASE TEORICA,(8) Grupo 8,Cesar Andres Cortes Bello,40,23
gh-31355229767,2026-08-09T23:22:37-05:00,2015958,CLASE PRACTICA,(9) Grupo 9,Fausto Alejandro Silva España,20,23
gh-31355229767,2026-08-09T23:22:39-05:00,2015959,CLASE TEORICA,(1) Grupo 1,Carlos Eduardo Rodriguez Pineda,30,24
gh-31355229767,2026-08-09T23:22:39-05:00,2015959,CLASE TEORICA,(2) Grupo 2,Guillermo Eduardo Avila Alvarez,30,24
gh-31355229767,2026-08-09T23:22:39-05:00,2015959,CLASE TEORICA,(3) Grupo 3,Livaniel Viveros Rosero,30,24
gh-31355229767,2026-08-09T23:22:39-05:00,2015959,CLASE TEORICA,(4) Grupo 4,No informado,0,24
gh-31355229767,2026-08-09T23:22:41-05:00,2015961,CLASE TEORICA,(1) Grupo 1,Rafael Orland Ortiz Mosquera,24,26
gh-31355229767,2026-08-09T23:22:41-05:00,2015961,CLASE TEORICA,(2) Grupo 2,Adriana Patricia Piña Fulano,24,26
gh-31355229767,2026-08-09T23:22:41-05:00,2015961,CLASE TEORICA,(3) Grupo 3,Gelber Norberto Gutierrez Palacios,24,26
gh-31355229767,2026-08-09T23:22:41-05:00,2015961,CLASE TEORICA,(4) Grupo 4,No informado,24,26
gh-31355229767,2026-08-09T23:22:41-05:00,2015961,CLASE TEORICA,(5) Grupo 5,No informado,24,26
gh-31355229767,2026-08-09T23:22:41-05:00,2015961,CLASE TEORICA,(6) Grupo 6,Leonardo David Donado Garzon,24,26
gh-31355229767,2026-08-09T23:22:42-05:00,2015978,CLASE TEORICA,(1) Grupo 1,No informado,0,27
gh-31355229767,2026-08-09T23:22:42-05:00,2015978,CLASE TEORICA,(2) Grupo 2,Erasmo Alfredo Rodriguez Sandoval,30,27
gh-31355229767,2026-08-09T23:22:42-05:00,2015978,CLASE TEORICA,(3) Grupo 3,No informado,30,27
gh-31355229767,2026-08-09T23:22:42-05:00,2015978,CLASE TEORICA,(4) Grupo 4,No informado,30,27
gh-31355229767,2026-08-09T23:22:42-05:00,2015978,CLASE TEORICA,(5) Grupo 5,No informado,30,27
gh-31355229767,2026-08-09T23:22:43-05:00,2026135,CLASE TEORICA,(1) Grupo 1,NICOLAS ESCALANTE MORA,25,28
gh-31355229767,2026-08-09T23:22:43-05:00,2026135,CLASE TEORICA,(2) Grupo 2,Leonel Vega Mora,25,28
gh-31355229767,2026-08-09T23:22:43-05:00,2026135,CLASE TEORICA,(3) Grupo 3,Leonel Vega Mora,25,28
gh-31355229767,2026-08-09T23:22:44-05:00,2015963,CLASE TEORICA,(1) Grupo 1,No informado,30,29
gh-31355229767,2026-08-09T23:22:44-05:00,2015963,CLASE TEORICA,(2) Grupo 2,No informado,30,29
gh-31355229767,2026-08-09T23:22:44-05:00,2015963,CLASE TEORICA,(3) Grupo 3,William Castro Garcia,30,29
gh-31355229767,2026-08-09T23:22:46-05:00,2026138,CLASE TEORICA,(1) Grupo 1,Ivan Dario Serrano Arrieta,30,30
gh-31355229767,2026-08-09T23:22:46-05:00,2026138,CLASE TEORICA,(2) Grupo 2,Ivan Dario Serrano Arrieta,30,30
gh-31355229767,2026-08-09T23:22:46-05:00,2026138,CLASE TEORICA,(3) Grupo 3,Pedro Luis Jimenez Poveda,30,30
gh-31355229767,2026-08-09T23:22:47-05:00,2015703,NA,(1) Grupo 1,Angela Maria Arboleda Restrepo,40,31
gh-31355229767,2026-08-09T23:22:47-05:00,2015703,NA,(10) Grupo 10,Diego Alejandro Hernandez Castañeda,30,31
gh-31355229767,2026-08-09T23:22:47-05:00,2015703,NA,(11) Grupo 11,Julio Cesar Cañon Rodriguez,30,31
gh-31355229767,2026-08-09T23:22:47-05:00,2015703,NA,(2) Grupo 2,Osman Benjamin Giovanny Vargas Rozo,40,31
gh-31355229767,2026-08-09T23:22:47-05:00,2015703,NA,(3) Grupo 3,Hugo Alberto Herrera Fonseca,40,31
gh-31355229767,2026-08-09T23:22:47-05:00,2015703,NA,(4) Grupo 4,LINA JULIANA BULLA CASAS,30,31
gh-31355229767,2026-08-09T23:22:47-05:00,2015703,NA,(5) Grupo 5 - Virtual,Cesar Augusto Roa Lemus,60,31
gh-31355229767,2026-08-09T23:22:47-05:00,2015703,NA,(6) Grupo 6,JAVIER RICARDO OJEDA SANCHEZ,40,31
gh-31355229767,2026-08-09T23:22:47-05:00,2015703,NA,(7) Grupo 7,JAVIER RICARDO OJEDA SANCHEZ,20,31
gh-31355229767,2026-08-09T23:22:47-05:00,2015703,NA,(8) Grupo 8,Diego Alejandro Hernandez Castañeda,40,31
gh-31355229767,2026-08-09T23:22:47-05:00,2015703,NA,(9) Grupo 9,LINA JULIANA BULLA CASAS,35,31
gh-31355229767,2026-08-09T23:22:49-05:00,1000044-B,CLASE TEORICA,(1) Grupo 1,Beatriz Elena Urrutia Sanchez,26,32
gh-31355229767,2026-08-09T23:22:49-05:00,1000044-B,CLASE TEORICA,(2) Grupo 2,Yaneli Niño Osorio,26,32
gh-31355229767,2026-08-09T23:22:49-05:00,1000044-B,CLASE TEORICA,(3) Grupo 3,Luis Gabriel Peña Ortiz,26,32
gh-31355229767,2026-08-09T23:22:49-05:00,1000044-B,CLASE TEORICA,(4) Grupo 4,Liliana Marcela Guzman Aricapa,26,32
gh-31355229767,2026-08-09T23:22:49-05:00,1000044-B,CLASE TEORICA,(5) Grupo 5,Beatriz Elena Urrutia Sanchez,26,32
gh-31355229767,2026-08-09T23:22:49-05:00,1000044-B,CLASE TEORICA,(6) Grupo 6,Cesar Augusto Romero,26,32
gh-31355229767,2026-08-09T23:22:49-05:00,1000044-B,CLASE TEORICA,(7) Grupo 7,JOSE JONATHAN MAESTRE HERRERA,26,32
gh-31355229767,2026-08-09T23:22:49-05:00,1000044-B,CLASE TEORICA,(8) Grupo 8,Beymar Leonardo Solorzano Alviz,26,32
gh-31355229767,2026-08-09T23:22:49-05:00,1000044-B,CLASE TEORICA,(9) Grupo 9,Claudia Marcela Arevalo Gomez,7,32
gh-31355229767,2026-08-09T23:22:50-05:00,1000045-B,CLASE TEORICA,(1) Grupo 1,Claudia Marcela Arevalo Gomez,10,33
gh-31355229767,2026-08-09T23:22:50-05:00,1000045-B,CLASE TEORICA,(10) Grupo 10,Jesica paola Rendon Alfonso,26,33
gh-31355229767,2026-08-09T23:22:50-05:00,1000045-B,CLASE TEORICA,(11) Grupo 11,JOSE JONATHAN MAESTRE HERRERA,26,33
gh-31355229767,2026-08-09T23:22:50-05:00,1000045-B,CLASE TEORICA,(12) Grupo 12,LINDA JOHANA RUIZ GOMEZ,26,33
gh-31355229767,2026-08-09T23:22:50-05:00,1000045-B,CLASE TEORICA,(13) Grupo 13,Narly Yadira Pardo Cadena,26,33
gh-31355229767,2026-08-09T23:22:50-05:00,1000045-B,CLASE TEORICA,(14) Grupo 14,Angelica Saenz Fonseca,26,33
gh-31355229767,2026-08-09T23:22:50-05:00,1000045-B,CLASE TEORICA,(15) Grupo 15,Narly Yadira Pardo Cadena,26,33
gh-31355229767,2026-08-09T23:22:50-05:00,1000045-B,CLASE TEORICA,(16) Grupo 16,Luis Gabriel Peña Ortiz,26,33
gh-31355229767,2026-08-09T23:22:50-05:00,1000045-B,CLASE TEORICA,(2) Grupo 2,Cesar Augusto Romero,26,33
gh-31355229767,2026-08-09T23:22:50-05:00,1000045-B,CLASE TEORICA,(3) Grupo 3,Jesica paola Rendon Alfonso,26,33
gh-31355229767,2026-08-09T23:22:50-05:00,1000045-B,CLASE TEORICA,(4) Grupo 4,Adriana Marlen Sanchez Riaño,26,33
gh-31355229767,2026-08-09T23:22:50-05:00,1000045-B,CLASE TEORICA,(5) Grupo 5,Cesar Augusto Romero,26,33
gh-31355229767,2026-08-09T23:22:50-05:00,1000045-B,CLASE TEORICA,(6) Grupo 6,Sara Elisa Monsalve Patino,26,33
gh-31355229767,2026-08-09T23:22:50-05:00,1000045-B,CLASE TEORICA,(7) Grupo 7,Luis Gabriel Peña Ortiz,26,33
gh-31355229767,2026-08-09T23:22:50-05:00,1000045-B,CLASE TEORICA,(8) Grupo 8,Johnatan Martinez Hernandez,26,33
gh-31355229767,2026-08-09T23:22:50-05:00,1000045-B,CLASE TEORICA,(9) Grupo 9,Maureen Elizabeth Hooker Oneill,15,33
gh-31355229767,2026-08-09T23:22:53-05:00,1000046-B,CLASE TEORICA,(1) Grupo 1,Johnatan Martinez Hernandez,26,35
gh-31355229767,2026-08-09T23:22:53-05:00,1000046-B,CLASE TEORICA,(10) Grupo 10,Jennly Angelica Gomez Rodriguez,26,35
gh-31355229767,2026-08-09T23:22:53-05:00,1000046-B,CLASE TEORICA,(11) Grupo 11,Angelica Saenz Fonseca,26,35
gh-31355229767,2026-08-09T23:22:53-05:00,1000046-B,CLASE TEORICA,(12) Grupo 12,Liliana Marcela Guzman Aricapa,26,35
gh-31355229767,2026-08-09T23:22:53-05:00,1000046-B,CLASE TEORICA,(13) Grupo 13,ALBA LUCIA RIAÑO RODRIGUEZ,26,35
gh-31355229767,2026-08-09T23:22:53-05:00,1000046-B,CLASE TEORICA,(14) Grupo 14,Angelica Saenz Fonseca,26,35
gh-31355229767,2026-08-09T23:22:53-05:00,1000046-B,CLASE TEORICA,(15) Grupo 15,Luis Gabriel Peña Ortiz,26,35
gh-31355229767,2026-08-09T23:22:53-05:00,1000046-B,CLASE TEORICA,(16) Grupo 16,Olga Lucia Ruiz Convers,26,35
gh-31355229767,2026-08-09T23:22:53-05:00,1000046-B,CLASE TEORICA,(17) Grupo 17,Luis Gabriel Peña Ortiz,26,35
gh-31355229767,2026-08-09T23:22:53-05:00,1000046-B,CLASE TEORICA,(18) Grupo 18,Narly Yadira Pardo Cadena,26,35
gh-31355229767,2026-08-09T23:22:53-05:00,1000046-B,CLASE TEORICA,(2) Grupo 2,Jesica paola Rendon Alfonso,26,35
gh-31355229767,2026-08-09T23:22:53-05:00,1000046-B,CLASE TEORICA,(3) Grupo 3,JESUS DAVID TORRES RODRIGUEZ,26,35
gh-31355229767,2026-08-09T23:22:53-05:00,1000046-B,CLASE TEORICA,(4) Grupo 4,Claudia Patricia Cortes Lora,26,35
gh-31355229767,2026-08-09T23:22:53-05:00,1000046-B,CLASE TEORICA,(5) Grupo 5,Johnatan Martinez Hernandez,26,35
gh-31355229767,2026-08-09T23:22:53-05:00,1000046-B,CLASE TEORICA,(6) Grupo 6,Johnatan Martinez Hernandez,26,35
gh-31355229767,2026-08-09T23:22:53-05:00,1000046-B,CLASE TEORICA,(7) Grupo 7,Jesica paola Rendon Alfonso,26,35
gh-31355229767,2026-08-09T23:22:53-05:00,1000046-B,CLASE TEORICA,(8) Grupo 8,Beatriz Elena Urrutia Sanchez,26,35
gh-31355229767,2026-08-09T23:22:53-05:00,1000046-B,CLASE TEORICA,(9) Grupo 9,Maureen Elizabeth Hooker Oneill,10,35
gh-31355229767,2026-08-09T23:22:55-05:00,1000052-B,CLASE TEORICA,(1) Grupo 1,Liliana Marcela Guzman Aricapa,28,37
gh-31355229767,2026-08-09T23:22:55-05:00,1000052-B,CLASE TEORICA,(2) Grupo 2,JOSE JONATHAN MAESTRE HERRERA,28,37
gh-31355229767,2026-08-09T23:22:55-05:00,1000052-B,CLASE TEORICA,(3) Grupo 3,Aida Elena Monsalve Solorzano,28,37
gh-31355229767,2026-08-09T23:22:58-05:00,1000053-B,CLASE TEORICA,(1) Grupo 1,Jennly Angelica Gomez Rodriguez,28,38
gh-31355229767,2026-08-09T23:22:58-05:00,1000053-B,CLASE TEORICA,(2) Grupo 2,Yaneli Niño Osorio,28,38
gh-31355229767,2026-08-09T23:22:58-05:00,1000053-B,CLASE TEORICA,(3) Grupo 3,Javier Rodriguez Gomez,30,38
gh-31355229767,2026-08-09T23:22:58-05:00,1000053-B,CLASE TEORICA,(4) Grupo 4,Javier Rodriguez Gomez,30,38
gh-31355229767,2026-08-09T23:22:58-05:00,1000053-B,CLASE TEORICA,(5) Grupo 5,LINDA JOHANA RUIZ GOMEZ,28,38
gh-31355229767,2026-08-09T23:22:58-05:00,1000053-B,CLASE TEORICA,(6) Grupo 6,Olga Lucia Ruiz Convers,28,38
gh-31355229767,2026-08-09T23:22:59-05:00,1000047-B,CLASE TEORICA,(1) Grupo 1,Cesar Augusto Romero,26,39
gh-31355229767,2026-08-09T23:22:59-05:00,1000047-B,CLASE TEORICA,(10) Grupo 10,Monica Alexandra Riaño Orjuela,26,39
gh-31355229767,2026-08-09T23:22:59-05:00,1000047-B,CLASE TEORICA,(11) Grupo 11,Jennly Angelica Gomez Rodriguez,26,39
gh-31355229767,2026-08-09T23:22:59-05:00,1000047-B,CLASE TEORICA,(12) Grupo 12,Claudia Patricia Cortes Lora,26,39
gh-31355229767,2026-08-09T23:22:59-05:00,1000047-B,CLASE TEORICA,(13) Grupo 13,Angelica Saenz Fonseca,26,39
gh-31355229767,2026-08-09T23:22:59-05:00,1000047-B,CLASE TEORICA,(14) Grupo 14,LINDA JOHANA RUIZ GOMEZ,26,39
gh-31355229767,2026-08-09T23:22:59-05:00,1000047-B,CLASE TEORICA,(15) Grupo 15,Claudia Patricia Cortes Lora,26,39
gh-31355229767,2026-08-09T23:22:59-05:00,1000047-B,CLASE TEORICA,(16) Grupo 16,Narly Yadira Pardo Cadena,26,39
gh-31355229767,2026-08-09T23:22:59-05:00,1000047-B,CLASE TEORICA,(17) Grupo 17,Angelica Saenz Fonseca,26,39
gh-31355229767,2026-08-09T23:22:59-05:00,1000047-B,CLASE TEORICA,(18) Grupo 18,ALBA LUCIA RIAÑO RODRIGUEZ,26,39
gh-31355229767,2026-08-09T23:22:59-05:00,1000047-B,CLASE TEORICA,(19) Grupo 19,Aida Elena Monsalve Solorzano,26,39
gh-31355229767,2026-08-09T23:22:59-05:00,1000047-B,CLASE TEORICA,(2) Grupo 2,Yaneli Niño Osorio,26,39
gh-31355229767,2026-08-09T23:22:59-05:00,1000047-B,CLASE TEORICA,(20) Grupo 20,ALBA LUCIA RIAÑO RODRIGUEZ,26,39
gh-31355229767,2026-08-09T23:22:59-05:00,1000047-B,CLASE TEORICA,(21) Grupo 21,Edwin Yesid Leon Silva,26,39
gh-31355229767,2026-08-09T23:22:59-05:00,1000047-B,CLASE TEORICA,(22) Grupo 22,LINDA JOHANA RUIZ GOMEZ,26,39
gh-31355229767,2026-08-09T23:22:59-05:00,1000047-B,CLASE TEORICA,(3) Grupo 3,Monica Alexandra Riaño Orjuela,26,39
gh-31355229767,2026-08-09T23:22:59-05:00,1000047-B,CLASE TEORICA,(4) Grupo 4,Claudia Patricia Cortes Lora,26,39
gh-31355229767,2026-08-09T23:22:59-05:00,1000047-B,CLASE TEORICA,(5) Grupo 5,Olga Lucia Ruiz Convers,26,39
gh-31355229767,2026-08-09T23:22:59-05:00,1000047-B,CLASE TEORICA,(6) Grupo 6,Monica Alexandra Riaño Orjuela,26,39
gh-31355229767,2026-08-09T23:22:59-05:00,1000047-B,CLASE TEORICA,(7) Grupo 7,Cesar Augusto Romero,26,39
gh-31355229767,2026-08-09T23:22:59-05:00,1000047-B,CLASE TEORICA,(8) Grupo 8,Beatriz Elena Urrutia Sanchez,26,39
gh-31355229767,2026-08-09T23:22:59-05:00,1000047-B,CLASE TEORICA,(9) Grupo 9,Keshia Hilary Howard Livingston,15,39
gh-31355229767,2026-08-09T23:23:02-05:00,2026186,CLASE TEORICA,(1) Grupo 1,Carol Andrea Murillo Feo,7,41
gh-31355229767,2026-08-09T23:23:02-05:00,2026186,CLASE TEORICA,(2) Grupo 2,Leonel Vega Mora,0,41
gh-31355229767,2026-08-09T23:23:02-05:00,2026186,CLASE TEORICA,(4) Grupo 4,Carlos Orlando Robles Roa,10,41
gh-31355229767,2026-08-09T23:23:04-05:00,1000002-B,CLASE TEORICA,(1) Grupo 1 - Clase Presencial,Ruth Andrea Cortés Suárez,1,42
gh-31355229767,2026-08-09T23:23:04-05:00,1000002-B,CLASE TEORICA,(10) Grupo 10 - Clase presencial,Karen Johanna Castelblanco Villamil,0,42
gh-31355229767,2026-08-09T23:23:04-05:00,1000002-B,CLASE TEORICA,(2) Grupo 2 - Clase Presencial,Ruth Andrea Cortés Suárez,0,42
gh-31355229767,2026-08-09T23:23:04-05:00,1000002-B,CLASE TEORICA,(3) Grupo 3 - Clase Presencial,Adriana Patricia Díaz Cuevas,0,42
gh-31355229767,2026-08-09T23:23:04-05:00,1000002-B,CLASE TEORICA,(4) Grupo 4 - Clase Presencial,Adriana Patricia Díaz Cuevas,0,42
gh-31355229767,2026-08-09T23:23:04-05:00,1000002-B,CLASE TEORICA,(5) Grupo 5 - Clase Presencial,Andres Felipe Escovar Barreto,0,42
gh-31355229767,2026-08-09T23:23:04-05:00,1000002-B,CLASE TEORICA,(6) Grupo 6 - Clase Presencial,Ruth Andrea Cortés Suárez,0,42
gh-31355229767,2026-08-09T23:23:04-05:00,1000002-B,CLASE TEORICA,(7) Grupo 7 - Clase Presencial,Karen Johanna Castelblanco Villamil,0,42
gh-31355229767,2026-08-09T23:23:04-05:00,1000002-B,CLASE TEORICA,(8) Grupo 8 - Clase Presencial,Adriana Patricia Díaz Cuevas,0,42
gh-31355229767,2026-08-09T23:23:04-05:00,1000002-B,CLASE TEORICA,(9) Grupo 9 - Clase Presencial,Carlas Lucia Castilla Lara,10,42
gh-31355229767,2026-08-09T23:23:05-05:00,1000001-B,CLASE TEORICA,(1) Grupo 1,No informado,0,43
gh-31355229767,2026-08-09T23:23:05-05:00,1000001-B,CLASE MAGISTRAL,(1) Grupo 1,Ibeth Marcela Rubio Perilla,0,43
gh-31355229767,2026-08-09T23:23:05-05:00,1000001-B,CLASE MAGISTRAL,(10) Grupo 10,No informado,0,43
gh-31355229767,2026-08-09T23:23:05-05:00,1000001-B,CLASE TEORICA,(19) Grupo 19,No informado,5,43
gh-31355229767,2026-08-09T23:23:05-05:00,1000001-B,CLASE TEORICA,(2) Grupo 2,No informado,10,43
gh-31355229767,2026-08-09T23:23:05-05:00,1000001-B,CLASE MAGISTRAL,(2) Grupo 2,Herbert Alonso Dueñas Ruiz,0,43
gh-31355229767,2026-08-09T23:23:05-05:00,1000001-B,CLASE MAGISTRAL,(3) Grupo 3,Jeanneth Galeano Penaloza,0,43
gh-31355229767,2026-08-09T23:23:05-05:00,1000001-B,CLASE MAGISTRAL,(4) Grupo 4,Gustavo Adolfo Nieto Clavijo,0,43
gh-31355229767,2026-08-09T23:23:05-05:00,1000001-B,CLASE MAGISTRAL,(5) Grupo 5,Natalia Camila Pinzon Cortes,0,43
gh-31355229767,2026-08-09T23:23:05-05:00,1000001-B,CLASE MAGISTRAL,(6) Grupo 6,Martha Cecilia Moreno Penagos,0,43
gh-31355229767,2026-08-09T23:23:05-05:00,1000001-B,CLASE MAGISTRAL,(7) Grupo 7,Claudio Rodriguez Beltran,0,43
gh-31355229767,2026-08-09T23:23:05-05:00,1000001-B,CLASE MAGISTRAL,(8) Grupo 8,Gabriel Ignacio Padilla Leon,0,43
gh-31355229767,2026-08-09T23:23:05-05:00,1000001-B,CLASE MAGISTRAL,(9) Grupo 9,No informado,10,43
gh-31355229767,2026-08-09T23:23:07-05:00,2015965,CLASE TEORICA,(1) Grupo 1,CAMILO RIOS FRESNEDA,24,44
gh-31355229767,2026-08-09T23:23:07-05:00,2015965,CLASE TEORICA,(2) Grupo 2,Julian David Puerto Suarez; Vladimir Buelvas Hernández,24,44
gh-31355229767,2026-08-09T23:23:07-05:00,2015965,CLASE TEORICA,(3) Grupo 3,Ferney Betancourt Cardozo; Juan Manuel Lizarazo Marriaga,24,44
gh-31355229767,2026-08-09T23:23:07-05:00,2015965,CLASE TEORICA,(4) Grupo 4,No informado,24,44
gh-31355229767,2026-08-09T23:23:08-05:00,2015966,CLASE TEORICA,(1) Grupo 1,No informado,24,45
gh-31355229767,2026-08-09T23:23:08-05:00,2015966,CLASE TEORICA,(2) Grupo 2,Adriana Patricia Piña Fulano,24,45
gh-31355229767,2026-08-09T23:23:08-05:00,2015966,CLASE TEORICA,(3) Grupo 3,Rafael Orland Ortiz Mosquera,24,45
gh-31355229767,2026-08-09T23:23:08-05:00,2015966,CLASE TEORICA,(4) Grupo 4,No informado,24,45
gh-31355229767,2026-08-09T23:23:08-05:00,2015966,CLASE TEORICA,(5) Grupo 5,No informado,24,45
gh-31355229767,2026-08-09T23:23:08-05:00,2015966,CLASE TEORICA,(6) Grupo 6,Luis Alejandro Morales Marin,24,45
gh-31355229767,2026-08-09T23:23:08-05:00,2015966,CLASE TEORICA,(7) Grupo 7,No informado,24,45
gh-31355229767,2026-08-09T23:23:08-05:00,2015966,CLASE TEORICA,(8) Grupo 8,No informado,24,45
gh-31355229767,2026-08-09T23:23:09-05:00,2015967,NA,(1) Grupo 1,Vladimir Buelvas Hernández,24,46
gh-31355229767,2026-08-09T23:23:11-05:00,2015968,CLASE TEORICA,(1) Grupo 1,Ricardo Parra Arango,24,47
gh-31355229767,2026-08-09T23:23:11-05:00,2015968,CLASE TEORICA,(2) Grupo 2,Juan David Oliveros Salazar,24,47
gh-31355229767,2026-08-09T23:23:11-05:00,2015968,CLASE TEORICA,(3) Grupo 3,No informado,24,47
gh-31355229767,2026-08-09T23:23:11-05:00,2015968,CLASE TEORICA,(4) Grupo 4,Ricardo Parra Arango,24,47
gh-31355229767,2026-08-09T23:23:11-05:00,2015968,CLASE TEORICA,(5) Grupo 5,Julian David Puerto Suarez,24,47
gh-31355229767,2026-08-09T23:23:11-05:00,2015968,CLASE TEORICA,(6) Grupo 6,Dorian Luis Linero Segrera,24,47
gh-31355229767,2026-08-09T23:23:11-05:00,2015968,CLASE TEORICA,(7) Grupo 7,No informado,0,47
gh-31355229767,2026-08-09T23:23:12-05:00,2015969,CLASE TEORICA,(1) Grupo 1 (Inglés),Julio Esteban Colmenares Montañez,30,48
gh-31355229767,2026-08-09T23:23:12-05:00,2015969,CLASE TEORICA,(2) Grupo 2,Guillermo Eduardo Avila Alvarez,30,48
gh-31355229767,2026-08-09T23:23:12-05:00,2015969,CLASE TEORICA,(3) Grupo 3,Livaniel Viveros Rosero,30,48
gh-31355229767,2026-08-09T23:23:12-05:00,2015969,CLASE TEORICA,(4) Grupo 4,No informado,30,48
gh-31355229767,2026-08-09T23:23:14-05:00,2015970,CLASE PRACTICA,(4) Grupo 4,Helga Duarte,30,49
gh-31355229767,2026-08-09T23:23:14-05:00,2015970,CLASE PRACTICA,(5) Grupo 5,Oswaldo Rojas Camacho,45,49
gh-31355229767,2026-08-09T23:23:14-05:00,2015970,CLASE PRACTICA,(8) Grupo 8,Helga Duarte,30,49
gh-31355229767,2026-08-09T23:23:14-05:00,2015970,CLASE PRACTICA,(9) Grupo 9,Oswaldo Rojas Camacho,45,49
gh-31355229767,2026-08-09T23:23:15-05:00,2017293,CLASE TEORICA,(1) 2017293-1 Modelación matemática,JUAN SEBASTIÁN HINCAPIÉ MONTES,34,50
gh-31355229767,2026-08-09T23:23:15-05:00,2017293,CLASE MAGISTRAL,(1M) 2017293-1M Modelación matemática - Magistral,Carlos Alberto Duque Daza,80,50
gh-31355229767,2026-08-09T23:23:15-05:00,2017293,CLASE TEORICA,(2) 2017293-2 Modelación matemática,JUAN SEBASTIÁN HINCAPIÉ MONTES,34,50
gh-31355229767,2026-08-09T23:23:19-05:00,2015971,CLASE TEORICA,(1) Grupo 1,No informado,30,53
gh-31355229767,2026-08-09T23:23:19-05:00,2015971,CLASE TEORICA,(2) Grupo 2,Ferney Betancourt Cardozo,30,53
gh-31355229767,2026-08-09T23:23:19-05:00,2015971,CLASE TEORICA,(3) Grupo 3,No informado,30,53
gh-31355229767,2026-08-09T23:23:20-05:00,2015972,CLASE TEORICA,(1) Grupo 1,Carlos Alberto Moncada Aristizabal,15,54
gh-31355229767,2026-08-09T23:23:20-05:00,2015972,CLASE TEORICA,(2) Grupo 2,SANTIAGO RAMIREZ ECHEVERRI,15,54
gh-31355229767,2026-08-09T23:23:20-05:00,2015972,CLASE TEORICA,(3) Grupo 3,No informado,15,54
gh-31355229767,2026-08-09T23:23:21-05:00,1000024-B,CLASE TEORICA,(12) Grupo 12,Edgar Delgado Mejia,0,55
gh-31355229767,2026-08-09T23:23:21-05:00,1000024-B,CLASE TEORICA,(13) Grupo 13,Jesus Sigifredo Valencia Rios,0,55
gh-31355229767,2026-08-09T23:23:21-05:00,1000024-B,CLASE TEORICA,(14) Grupo 14,Jhon Jairo Aragón Arias,10,55
gh-31355229767,2026-08-09T23:23:22-05:00,1000013-B,CLASE TEORICA,(1) Grupo 1,JHONIER SEBASTIAN RANGEL GUTIERREZ,0,56
gh-31355229767,2026-08-09T23:23:22-05:00,1000013-B,CLASE TEORICA,(10) Grupo 10,Sandra Vergara Cardozo,35,56
gh-31355229767,2026-08-09T23:23:22-05:00,1000013-B,CLASE TEORICA,(11) Grupo 11,DIEGO ALBERTO MARTINEZ SIMBAQUEVA,40,56
gh-31355229767,2026-08-09T23:23:22-05:00,1000013-B,CLASE TEORICA,(12) Grupo 12,DIEGO ALBERTO MARTINEZ SIMBAQUEVA,40,56
gh-31355229767,2026-08-09T23:23:22-05:00,1000013-B,CLASE TEORICA,(13) Grupo 13,DIEGO ALBERTO MARTINEZ SIMBAQUEVA,30,56
gh-31355229767,2026-08-09T23:23:22-05:00,1000013-B,CLASE TEORICA,(14) Grupo 14,Andrea Catalina Garcia Montoya,45,56
gh-31355229767,2026-08-09T23:23:22-05:00,1000013-B,CLASE TEORICA,(16) Grupo 16,Sergio Alejandro Calderon Villanueva,30,56
gh-31355229767,2026-08-09T23:23:22-05:00,1000013-B,CLASE TEORICA,(2) Grupo 2,Luis Guillermo Diaz Monroy,40,56
gh-31355229767,2026-08-09T23:23:22-05:00,1000013-B,CLASE TEORICA,(22) Grupo 22,Hanwen Zhang,45,56
gh-31355229767,2026-08-09T23:23:22-05:00,1000013-B,CLASE TEORICA,(23) Grupo 23,ULPIANO LARA CRISTANCHO,0,56
gh-31355229767,2026-08-09T23:23:22-05:00,1000013-B,CLASE TEORICA,(3) Grupo 3,Diana Carolina Franco Soto,40,56
gh-31355229767,2026-08-09T23:23:22-05:00,1000013-B,CLASE TEORICA,(4) Grupo 4,Diana Carolina Franco Soto,40,56
gh-31355229767,2026-08-09T23:23:22-05:00,1000013-B,CLASE TEORICA,(5) Grupo 5,Darwin Eduardo Martínez Riaño,35,56
gh-31355229767,2026-08-09T23:23:22-05:00,1000013-B,CLASE TEORICA,(6) Grupo 6,Darwin Eduardo Martínez Riaño,35,56
gh-31355229767,2026-08-09T23:23:22-05:00,1000013-B,CLASE TEORICA,(7) Grupo 7,Camilo Jose Torres Jimenez,40,56
gh-31355229767,2026-08-09T23:23:23-05:00,2015734,NA,(1) Grupo 1,Fernando Salazar Delgado,6,57
gh-31355229767,2026-08-09T23:23:23-05:00,2015734,NA,(10) Grupo 10,Tito Florez Calderon,4,57
gh-31355229767,2026-08-09T23:23:23-05:00,2015734,NA,(11) Grupo 11,DAVID ALBERTO HERRERA ALVAREZ,0,57
gh-31355229767,2026-08-09T23:23:23-05:00,2015734,NA,(12) Grupo 12,FABIEL NATÁN ESPINOSA CASTAÑEDA,1,57
gh-31355229767,2026-08-09T23:23:23-05:00,2015734,NA,(13) Grupo 13,SERGIO CAMILO ESPINOSA BOTERO,4,57
gh-31355229767,2026-08-09T23:23:23-05:00,2015734,NA,(14) Grupo 14,Felipe Gonzalez Roldan,0,57
gh-31355229767,2026-08-09T23:23:23-05:00,2015734,NA,(2) Grupo 2,Fernando Salazar Delgado,16,57
gh-31355229767,2026-08-09T23:23:23-05:00,2015734,NA,(3) Grupo 3,Jhoan Sebastian Restrepo Mendoza,0,57
gh-31355229767,2026-08-09T23:23:23-05:00,2015734,NA,(4) Grupo 4,Sandra Liliana Rojas Martinez,0,57
gh-31355229767,2026-08-09T23:23:23-05:00,2015734,NA,(5) Grupo 5,Jhoan Sebastian Restrepo Mendoza,0,57
gh-31355229767,2026-08-09T23:23:23-05:00,2015734,NA,(6) Grupo 6,SERGIO CAMILO ESPINOSA BOTERO,8,57
gh-31355229767,2026-08-09T23:23:23-05:00,2015734,NA,(7) Grupo 7,No informado,3,57
gh-31355229767,2026-08-09T23:23:23-05:00,2015734,NA,(8) Grupo 8 - Virtual,FABIEL NATÁN ESPINOSA CASTAÑEDA,30,57
gh-31355229767,2026-08-09T23:23:23-05:00,2015734,NA,(9) Grupo 9,Alvaro Reynel Córdoba,18,57
gh-31355229767,2026-08-09T23:23:26-05:00,2015973,CLASE TEORICA,(1) Grupo 1,No informado,25,59
gh-31355229767,2026-08-09T23:23:26-05:00,2015973,CLASE TEORICA,(2) Grupo 2,GABRIELA ARRIETA LOYO,25,59
gh-31355229767,2026-08-09T23:23:26-05:00,2015973,CLASE TEORICA,(3) Grupo 3,NICOLAS ESCALANTE MORA,25,59
gh-31355229767,2026-08-09T23:23:27-05:00,2022761,NA,(1) Grupo 1,Servio Javier Contreras Guerrero,15,60
gh-31355229767,2026-08-09T23:23:27-05:00,2022761,NA,(2) Grupo 2,Servio Javier Contreras Guerrero,15,60
gh-31355229767,2026-08-09T23:23:27-05:00,2022761,NA,(3) Grupo 3,Samuel Fernando Mesa Giraldo,15,60
gh-31355229767,2026-08-09T23:23:28-05:00,2024045,CLASE TEORICA,(1) 2024045-1 Taller de proyectos interdisciplinarios,No informado,0,-1
gh-31355229767,2026-08-09T23:23:28-05:00,2024045,CLASE TEORICA,(10) 2024045-10 Taller de proyectos interdisciplinarios,Oscar Andres Eraso Eraso,0,-1
gh-31355229767,2026-08-09T23:23:28-05:00,2024045,CLASE TEORICA,(11) 2024045-11 Taller de proyectos interdisciplinarios,No informado,0,-1
gh-31355229767,2026-08-09T23:23:28-05:00,2024045,CLASE TEORICA,(12) 2024045-12 Taller de proyectos interdisciplinarios,Hector Julian Garcia Otalora,200,-1
gh-31355229767,2026-08-09T23:23:28-05:00,2024045,CLASE TEORICA,(13) 2024045-13 Taller de proyectos interdisciplinarios,No informado,0,-1
gh-31355229767,2026-08-09T23:23:28-05:00,2024045,CLASE TEORICA,(14) 2024045-14 Taller de proyectos interdisciplinarios,Dolly Santos Barbosa,0,-1
gh-31355229767,2026-08-09T23:23:28-05:00,2024045,CLASE TEORICA,(15) 2024045-15 Taller de proyectos interdisciplinarios,Oscar Andres Eraso Eraso,0,-1
gh-31355229767,2026-08-09T23:23:28-05:00,2024045,CLASE TEORICA,(16) 2024045-16 Taller de proyectos interdisciplinarios,Luis Ignacio Rodriguez Varela,0,-1
gh-31355229767,2026-08-09T23:23:28-05:00,2024045,CLASE TEORICA,(17) 2024045-17 Taller de proyectos interdisciplinarios,JOHANA CATALINA MANOSALVA BARRERA,0,-1
gh-31355229767,2026-08-09T23:23:28-05:00,2024045,CLASE TEORICA,(18) 2024045-18 Taller de proyectos interdisciplinarios,Fernando Bernal Martinez,0,-1
gh-31355229767,2026-08-09T23:23:28-05:00,2024045,CLASE TEORICA,(19) 2024045-19 Taller de proyectos interdisciplinarios,FRANCISCO JAVIER VÁSQUEZ VÁSQUEZ,0,-1
gh-31355229767,2026-08-09T23:23:28-05:00,2024045,CLASE TEORICA,(2) 2024045-2 Taller de proyectos interdisciplinarios,Fernando Bernal Martinez,0,-1
gh-31355229767,2026-08-09T23:23:28-05:00,2024045,CLASE TEORICA,(21) 2024045-21 Taller de proyectos interdisciplinarios,No informado,0,-1
gh-31355229767,2026-08-09T23:23:28-05:00,2024045,CLASE TEORICA,(22) 2024045-22 Taller de proyectos interdisciplinarios,Ubaldo Garcia Zaragoza,0,-1
gh-31355229767,2026-08-09T23:23:28-05:00,2024045,CLASE TEORICA,(23) 2024045-23 Taller de proyectos interdisciplinarios,No informado,0,-1
gh-31355229767,2026-08-09T23:23:28-05:00,2024045,CLASE TEORICA,(24) 2024045-24 Taller de proyectos interdisciplinarios,Hector Julian Garcia Otalora,200,-1
gh-31355229767,2026-08-09T23:23:28-05:00,2024045,CLASE TEORICA,(3) 2024045-3 Taller de proyectos interdisciplinarios,Guillermo Alberto Rocha Casas,0,-1
gh-31355229767,2026-08-09T23:23:28-05:00,2024045,CLASE TEORICA,(4) 2024045-4 Taller de proyectos interdisciplinarios,Francy Nayely Prieto Novoa,0,-1
gh-31355229767,2026-08-09T23:23:28-05:00,2024045,CLASE TEORICA,(40) 2024045-40 TPI-- NO BORRAR-- BLOQ ESPACIOS,No informado,0,-1
gh-31355229767,2026-08-09T23:23:28-05:00,2024045,CLASE TEORICA,(5) 2024045-5 Taller de proyectos interdisciplinarios,Nubia Carmenza Moreno Sarmiento,0,-1
gh-31355229767,2026-08-09T23:23:28-05:00,2024045,CLASE TEORICA,(6) 2024045-6 Taller de proyectos interdisciplinarios,JOHANA CATALINA MANOSALVA BARRERA,0,-1
gh-31355229767,2026-08-09T23:23:28-05:00,2024045,CLASE TEORICA,(7) 2024045-7 Taller de proyectos interdisciplinarios,Ubaldo Garcia Zaragoza,0,-1
gh-31355229767,2026-08-09T23:23:28-05:00,2024045,CLASE TEORICA,(8) 2024045-8 Taller de proyectos interdisciplinarios,JHON FREDDY LOPEZ MEDINA,0,-1
gh-31355229767,2026-08-09T23:23:28-05:00,2024045,CLASE TEORICA,(9) 2024045-9 Taller de proyectos interdisciplinarios,Manuel Alejandro Mayorga Betancourt,0,-1
gh-31355229767,2026-08-09T23:23:30-05:00,2015296,NA,(1) Grupo 1,Leonardo David Donado Garzon,5,62
gh-31355229767,2026-08-09T23:23:30-05:00,2015296,NA,(10) Grupo 10,Juan Manuel Lizarazo Marriaga,5,62
gh-31355229767,2026-08-09T23:23:30-05:00,2015296,NA,(11) Grupo 11,Octavio Coronado Garcia,5,62
gh-31355229767,2026-08-09T23:23:30-05:00,2015296,NA,(12) Grupo 12,Carol Andrea Murillo Feo,5,62
gh-31355229767,2026-08-09T23:23:30-05:00,2015296,NA,(13) Grupo 13,CAMILO RIOS FRESNEDA,5,62
gh-31355229767,2026-08-09T23:23:30-05:00,2015296,NA,(14) Grupo 14,William Castro Garcia,5,62
gh-31355229767,2026-08-09T23:23:30-05:00,2015296,NA,(15) Grupo 15,Luis Alejandro Morales Marin,5,62
gh-31355229767,2026-08-09T23:23:30-05:00,2015296,NA,(16) Grupo 16,Ferney Betancourt Cardozo,5,62
gh-31355229767,2026-08-09T23:23:30-05:00,2015296,NA,(17) Grupo 17,Maria Alejandra Caicedo Londoño,5,62
gh-31355229767,2026-08-09T23:23:30-05:00,2015296,NA,(18) Grupo 18,Guillermo Eduardo Avila Alvarez,5,62
gh-31355229767,2026-08-09T23:23:30-05:00,2015296,NA,(19) Grupo 19,Carlos Alfonso Gomez Guacaneme,0,62
gh-31355229767,2026-08-09T23:23:30-05:00,2015296,NA,(2) Grupo 2,Carlos Orlando Robles Roa,5,62
gh-31355229767,2026-08-09T23:23:30-05:00,2015296,NA,(3) Grupo 3,Angela Barrera Puerto,5,62
gh-31355229767,2026-08-09T23:23:30-05:00,2015296,NA,(4) Grupo 4,Mauricio Alberto Tapias Camacho,5,62
gh-31355229767,2026-08-09T23:23:30-05:00,2015296,NA,(5) Grupo 5,Maritzabel Molina Herrera,5,62
gh-31355229767,2026-08-09T23:23:30-05:00,2015296,NA,(6) Grupo 6,Rodolfo Rodriguez Baracaldo,5,62
gh-31355229767,2026-08-09T23:23:30-05:00,2015296,NA,(7) Grupo 7,SANTIAGO RAMIREZ ECHEVERRI,5,62
gh-31355229767,2026-08-09T23:23:30-05:00,2015296,NA,(8) Grupo 8,Jose Ricardo Martinez Vargas,5,62
gh-31355229767,2026-08-09T23:23:30-05:00,2015296,NA,(9) Grupo 9,GABRIELA ARRIETA LOYO,5,62
gh-31355229767,2026-08-09T23:23:31-05:00,2015299,CLASE TEORICA,(1) Grupo 1,GABRIELA ARRIETA LOYO,51,-1
gh-31356393035,2026-08-09T23:44:31-05:00,1000003-B,NA,(1) Grupo 1,Erika Lorena Rosero Alzate; Oscar Andrés Rojas Sepúlveda,0,0
gh-31356393035,2026-08-09T23:44:31-05:00,1000003-B,NA,(10) Grupo 10,Epifanio Lozano Ayala,14,0
gh-31356393035,2026-08-09T23:44:31-05:00,1000003-B,NA,(11) Grupo 11,No informado,60,0
gh-31356393035,2026-08-09T23:44:31-05:00,1000003-B,NA,(12) Grupo 12,No informado,40,0
gh-31356393035,2026-08-09T23:44:31-05:00,1000003-B,NA,(13) Grupo 13,Mohammed EL AIDI,40,0
gh-31356393035,2026-08-09T23:44:31-05:00,1000003-B,NA,(15) Grupo 15,Myriam Leonor Campos Florez,60,0
gh-31356393035,2026-08-09T23:44:31-05:00,1000003-B,NA,(16) Grupo 16,No informado,60,0
gh-31356393035,2026-08-09T23:44:31-05:00,1000003-B,NA,(17) Grupo 17,Martha Cecilia Moreno Penagos,40,0
gh-31356393035,2026-08-09T23:44:31-05:00,1000003-B,NA,(18) Grupo 18,John Alexander Cruz Morales,52,0
gh-31356393035,2026-08-09T23:44:31-05:00,1000003-B,NA,(20) Grupo 20,Natalia Camila Pinzon Cortes,60,0
gh-31356393035,2026-08-09T23:44:31-05:00,1000003-B,NA,(21) Grupo 21,Ivon Andrea Dorado Correa,52,0
gh-31356393035,2026-08-09T23:44:31-05:00,1000003-B,NA,(22) Grupo 22,No informado,46,0
gh-31356393035,2026-08-09T23:44:31-05:00,1000003-B,NA,(3) Grupo 3,No informado,60,0
gh-31356393035,2026-08-09T23:44:31-05:00,1000003-B,NA,(4) Grupo 4,Luis Alejandro Barbosa Torres,112,0
gh-31356393035,2026-08-09T23:44:31-05:00,1000003-B,NA,(5) Grupo 5,Jaime David Mora Paz,60,0
gh-31356393035,2026-08-09T23:44:31-05:00,1000003-B,NA,(7) Grupo 7,Myriam Leonor Campos Florez,40,0
gh-31356393035,2026-08-09T23:44:31-05:00,1000003-B,NA,(8) Grupo 8,No informado,10,0
gh-31356393035,2026-08-09T23:44:37-05:00,1000004-B,NA,(10) Grupo 10,No informado,53,1
gh-31356393035,2026-08-09T23:44:37-05:00,1000004-B,NA,(11) Grupo 11,No informado,24,1
gh-31356393035,2026-08-09T23:44:37-05:00,1000004-B,NA,(12) Grupo 12,No informado,24,1
gh-31356393035,2026-08-09T23:44:37-05:00,1000004-B,NA,(13) Grupo 13,No informado,16,1
gh-31356393035,2026-08-09T23:44:37-05:00,1000004-B,NA,(14) Grupo 14,No informado,90,1
gh-31356393035,2026-08-09T23:44:37-05:00,1000004-B,NA,(16) Grupo 16,No informado,27,1
gh-31356393035,2026-08-09T23:44:37-05:00,1000004-B,NA,(17) Grupo 17,Hernan Garzon Gutierrez,39,1
gh-31356393035,2026-08-09T23:44:37-05:00,1000004-B,NA,(19) Grupo 19,No informado,59,1
gh-31356393035,2026-08-09T23:44:37-05:00,1000004-B,NA,(2) Grupo 2,No informado,24,1
gh-31356393035,2026-08-09T23:44:37-05:00,1000004-B,NA,(20) Grupo 20,Hernan Garzon Gutierrez,10,1
gh-31356393035,2026-08-09T23:44:37-05:00,1000004-B,NA,(21) Grupo 21,No informado,60,1
gh-31356393035,2026-08-09T23:44:37-05:00,1000004-B,NA,(22) Grupo 22,No informado,60,1
gh-31356393035,2026-08-09T23:44:37-05:00,1000004-B,NA,(24) Grupo 24,Ricardo Ariel Pastran Ramirez,60,1
gh-31356393035,2026-08-09T23:44:37-05:00,1000004-B,NA,(25) Grupo 25,No informado,40,1
gh-31356393035,2026-08-09T23:44:37-05:00,1000004-B,NA,(27) Grupo 27,No informado,51,1
gh-31356393035,2026-08-09T23:44:37-05:00,1000004-B,NA,(28) Grupo 28,No informado,60,1
gh-31356393035,2026-08-09T23:44:37-05:00,1000004-B,NA,(29) Grupo 29,No informado,60,1
gh-31356393035,2026-08-09T23:44:37-05:00,1000004-B,NA,(30) Grupo 30,No informado,60,1
gh-31356393035,2026-08-09T23:44:37-05:00,1000004-B,NA,(32) Grupo 32,No informado,90,1
gh-31356393035,2026-08-09T23:44:37-05:00,1000004-B,NA,(4) Grupo 4,Myriam Leonor Campos Florez,37,1
gh-31356393035,2026-08-09T23:44:37-05:00,1000004-B,NA,(5) Grupo 5,Oscar Javier Lopez Alfonso,84,1
gh-31356393035,2026-08-09T23:44:37-05:00,1000004-B,NA,(7) Grupo 7,Anderson Arley Vera Arboleda,64,1
gh-31356393035,2026-08-09T23:44:37-05:00,1000004-B,NA,(8) Grupo 8,No informado,40,1
gh-31356393035,2026-08-09T23:44:37-05:00,1000004-B,NA,(9) Grupo 9,No informado,18,1
gh-31356393035,2026-08-09T23:44:39-05:00,1000005-B,NA,(1) Grupo 1,Orlando Vanegas Canro,0,2
gh-31356393035,2026-08-09T23:44:39-05:00,1000005-B,NA,(10) Grupo 10,Epifanio Lozano Ayala,50,2
gh-31356393035,2026-08-09T23:44:39-05:00,1000005-B,NA,(14) Grupo 14,Mohammed EL AIDI,40,2
gh-31356393035,2026-08-09T23:44:39-05:00,1000005-B,NA,(15) Grupo 15,Alina Fedosova,60,2
gh-31356393035,2026-08-09T23:44:39-05:00,1000005-B,NA,(16) Grupo 16,No informado,70,2
gh-31356393035,2026-08-09T23:44:39-05:00,1000005-B,NA,(17) Grupo 17,Hernan Garzon Gutierrez,40,2
gh-31356393035,2026-08-09T23:44:39-05:00,1000005-B,NA,(2) Grupo 2,RENE ERLIN CASTILLO,60,2
gh-31356393035,2026-08-09T23:44:39-05:00,1000005-B,NA,(20) Grupo 20,Franqui Solis Cardenas Poloche,40,2
gh-31356393035,2026-08-09T23:44:39-05:00,1000005-B,NA,(22) Grupo 22,No informado,60,2
gh-31356393035,2026-08-09T23:44:39-05:00,1000005-B,NA,(3) Grupo 3,Eduardo Cardenas Gomez,70,2
gh-31356393035,2026-08-09T23:44:39-05:00,1000005-B,NA,(4) Grupo 4,Edward Samuel Becerra Rojas,60,2
gh-31356393035,2026-08-09T23:44:39-05:00,1000005-B,NA,(6) Grupo 6,No informado,60,2
gh-31356393035,2026-08-09T23:44:39-05:00,1000005-B,NA,(7) Grupo 7,Franqui Solis Cardenas Poloche,100,2
gh-31356393035,2026-08-09T23:44:39-05:00,1000005-B,NA,(8) Grupo 8,No informado,40,2
gh-31356393035,2026-08-09T23:44:39-05:00,1000005-B,NA,(9) Grupo 9,No informado,10,2
gh-31356393035,2026-08-09T23:44:52-05:00,1000044-B,CLASE TEORICA,(1) Grupo 1,Beatriz Elena Urrutia Sanchez,26,3
gh-31356393035,2026-08-09T23:44:52-05:00,1000044-B,CLASE TEORICA,(2) Grupo 2,Yaneli Niño Osorio,26,3
gh-31356393035,2026-08-09T23:44:52-05:00,1000044-B,CLASE TEORICA,(3) Grupo 3,Luis Gabriel Peña Ortiz,26,3
gh-31356393035,2026-08-09T23:44:52-05:00,1000044-B,CLASE TEORICA,(4) Grupo 4,Liliana Marcela Guzman Aricapa,26,3
gh-31356393035,2026-08-09T23:44:52-05:00,1000044-B,CLASE TEORICA,(5) Grupo 5,Beatriz Elena Urrutia Sanchez,26,3
gh-31356393035,2026-08-09T23:44:52-05:00,1000044-B,CLASE TEORICA,(6) Grupo 6,Cesar Augusto Romero,26,3
gh-31356393035,2026-08-09T23:44:52-05:00,1000044-B,CLASE TEORICA,(7) Grupo 7,JOSE JONATHAN MAESTRE HERRERA,26,3
gh-31356393035,2026-08-09T23:44:52-05:00,1000044-B,CLASE TEORICA,(8) Grupo 8,Beymar Leonardo Solorzano Alviz,26,3
gh-31356393035,2026-08-09T23:44:52-05:00,1000044-B,CLASE TEORICA,(9) Grupo 9,Claudia Marcela Arevalo Gomez,7,3
gh-31356393035,2026-08-09T23:44:53-05:00,1000045-B,CLASE TEORICA,(1) Grupo 1,Claudia Marcela Arevalo Gomez,10,4
gh-31356393035,2026-08-09T23:44:53-05:00,1000045-B,CLASE TEORICA,(10) Grupo 10,Jesica paola Rendon Alfonso,26,4
gh-31356393035,2026-08-09T23:44:53-05:00,1000045-B,CLASE TEORICA,(11) Grupo 11,JOSE JONATHAN MAESTRE HERRERA,26,4
gh-31356393035,2026-08-09T23:44:53-05:00,1000045-B,CLASE TEORICA,(12) Grupo 12,LINDA JOHANA RUIZ GOMEZ,26,4
gh-31356393035,2026-08-09T23:44:53-05:00,1000045-B,CLASE TEORICA,(13) Grupo 13,Narly Yadira Pardo Cadena,26,4
gh-31356393035,2026-08-09T23:44:53-05:00,1000045-B,CLASE TEORICA,(14) Grupo 14,Angelica Saenz Fonseca,26,4
gh-31356393035,2026-08-09T23:44:53-05:00,1000045-B,CLASE TEORICA,(15) Grupo 15,Narly Yadira Pardo Cadena,26,4
gh-31356393035,2026-08-09T23:44:53-05:00,1000045-B,CLASE TEORICA,(16) Grupo 16,Luis Gabriel Peña Ortiz,26,4
gh-31356393035,2026-08-09T23:44:53-05:00,1000045-B,CLASE TEORICA,(2) Grupo 2,Cesar Augusto Romero,26,4
gh-31356393035,2026-08-09T23:44:53-05:00,1000045-B,CLASE TEORICA,(3) Grupo 3,Jesica paola Rendon Alfonso,26,4
gh-31356393035,2026-08-09T23:44:53-05:00,1000045-B,CLASE TEORICA,(4) Grupo 4,Adriana Marlen Sanchez Riaño,26,4
gh-31356393035,2026-08-09T23:44:53-05:00,1000045-B,CLASE TEORICA,(5) Grupo 5,Cesar Augusto Romero,26,4
gh-31356393035,2026-08-09T23:44:53-05:00,1000045-B,CLASE TEORICA,(6) Grupo 6,Sara Elisa Monsalve Patino,26,4
gh-31356393035,2026-08-09T23:44:53-05:00,1000045-B,CLASE TEORICA,(7) Grupo 7,Luis Gabriel Peña Ortiz,26,4
gh-31356393035,2026-08-09T23:44:53-05:00,1000045-B,CLASE TEORICA,(8) Grupo 8,Johnatan Martinez Hernandez,26,4
gh-31356393035,2026-08-09T23:44:53-05:00,1000045-B,CLASE TEORICA,(9) Grupo 9,Maureen Elizabeth Hooker Oneill,15,4
gh-31356393035,2026-08-09T23:44:56-05:00,1000046-B,CLASE TEORICA,(1) Grupo 1,Johnatan Martinez Hernandez,26,6
gh-31356393035,2026-08-09T23:44:56-05:00,1000046-B,CLASE TEORICA,(10) Grupo 10,Jennly Angelica Gomez Rodriguez,26,6
gh-31356393035,2026-08-09T23:44:56-05:00,1000046-B,CLASE TEORICA,(11) Grupo 11,Angelica Saenz Fonseca,26,6
gh-31356393035,2026-08-09T23:44:56-05:00,1000046-B,CLASE TEORICA,(12) Grupo 12,Liliana Marcela Guzman Aricapa,26,6
gh-31356393035,2026-08-09T23:44:56-05:00,1000046-B,CLASE TEORICA,(13) Grupo 13,ALBA LUCIA RIAÑO RODRIGUEZ,26,6
gh-31356393035,2026-08-09T23:44:56-05:00,1000046-B,CLASE TEORICA,(14) Grupo 14,Angelica Saenz Fonseca,26,6
gh-31356393035,2026-08-09T23:44:56-05:00,1000046-B,CLASE TEORICA,(15) Grupo 15,Luis Gabriel Peña Ortiz,26,6
gh-31356393035,2026-08-09T23:44:56-05:00,1000046-B,CLASE TEORICA,(16) Grupo 16,Olga Lucia Ruiz Convers,26,6
gh-31356393035,2026-08-09T23:44:56-05:00,1000046-B,CLASE TEORICA,(17) Grupo 17,Luis Gabriel Peña Ortiz,26,6
gh-31356393035,2026-08-09T23:44:56-05:00,1000046-B,CLASE TEORICA,(18) Grupo 18,Narly Yadira Pardo Cadena,26,6
gh-31356393035,2026-08-09T23:44:56-05:00,1000046-B,CLASE TEORICA,(2) Grupo 2,Jesica paola Rendon Alfonso,26,6
gh-31356393035,2026-08-09T23:44:56-05:00,1000046-B,CLASE TEORICA,(3) Grupo 3,JESUS DAVID TORRES RODRIGUEZ,26,6
gh-31356393035,2026-08-09T23:44:56-05:00,1000046-B,CLASE TEORICA,(4) Grupo 4,Claudia Patricia Cortes Lora,26,6
gh-31356393035,2026-08-09T23:44:56-05:00,1000046-B,CLASE TEORICA,(5) Grupo 5,Johnatan Martinez Hernandez,26,6
gh-31356393035,2026-08-09T23:44:56-05:00,1000046-B,CLASE TEORICA,(6) Grupo 6,Johnatan Martinez Hernandez,26,6
gh-31356393035,2026-08-09T23:44:56-05:00,1000046-B,CLASE TEORICA,(7) Grupo 7,Jesica paola Rendon Alfonso,26,6
gh-31356393035,2026-08-09T23:44:56-05:00,1000046-B,CLASE TEORICA,(8) Grupo 8,Beatriz Elena Urrutia Sanchez,26,6
gh-31356393035,2026-08-09T23:44:56-05:00,1000046-B,CLASE TEORICA,(9) Grupo 9,Maureen Elizabeth Hooker Oneill,10,6
gh-31356393035,2026-08-09T23:44:59-05:00,1000052-B,CLASE TEORICA,(1) Grupo 1,Liliana Marcela Guzman Aricapa,28,8
gh-31356393035,2026-08-09T23:44:59-05:00,1000052-B,CLASE TEORICA,(2) Grupo 2,JOSE JONATHAN MAESTRE HERRERA,28,8
gh-31356393035,2026-08-09T23:44:59-05:00,1000052-B,CLASE TEORICA,(3) Grupo 3,Aida Elena Monsalve Solorzano,28,8
gh-31356393035,2026-08-09T23:45:00-05:00,1000053-B,CLASE TEORICA,(1) Grupo 1,Jennly Angelica Gomez Rodriguez,28,9
gh-31356393035,2026-08-09T23:45:00-05:00,1000053-B,CLASE TEORICA,(2) Grupo 2,Yaneli Niño Osorio,28,9
gh-31356393035,2026-08-09T23:45:00-05:00,1000053-B,CLASE TEORICA,(3) Grupo 3,Javier Rodriguez Gomez,30,9
gh-31356393035,2026-08-09T23:45:00-05:00,1000053-B,CLASE TEORICA,(4) Grupo 4,Javier Rodriguez Gomez,30,9
gh-31356393035,2026-08-09T23:45:00-05:00,1000053-B,CLASE TEORICA,(5) Grupo 5,LINDA JOHANA RUIZ GOMEZ,28,9
gh-31356393035,2026-08-09T23:45:00-05:00,1000053-B,CLASE TEORICA,(6) Grupo 6,Olga Lucia Ruiz Convers,28,9
gh-31356393035,2026-08-09T23:45:01-05:00,1000047-B,CLASE TEORICA,(1) Grupo 1,Cesar Augusto Romero,26,10
gh-31356393035,2026-08-09T23:45:01-05:00,1000047-B,CLASE TEORICA,(10) Grupo 10,Monica Alexandra Riaño Orjuela,26,10
gh-31356393035,2026-08-09T23:45:01-05:00,1000047-B,CLASE TEORICA,(11) Grupo 11,Jennly Angelica Gomez Rodriguez,26,10
gh-31356393035,2026-08-09T23:45:01-05:00,1000047-B,CLASE TEORICA,(12) Grupo 12,Claudia Patricia Cortes Lora,26,10
gh-31356393035,2026-08-09T23:45:01-05:00,1000047-B,CLASE TEORICA,(13) Grupo 13,Angelica Saenz Fonseca,26,10
gh-31356393035,2026-08-09T23:45:01-05:00,1000047-B,CLASE TEORICA,(14) Grupo 14,LINDA JOHANA RUIZ GOMEZ,26,10
gh-31356393035,2026-08-09T23:45:01-05:00,1000047-B,CLASE TEORICA,(15) Grupo 15,Claudia Patricia Cortes Lora,26,10
gh-31356393035,2026-08-09T23:45:01-05:00,1000047-B,CLASE TEORICA,(16) Grupo 16,Narly Yadira Pardo Cadena,26,10
gh-31356393035,2026-08-09T23:45:01-05:00,1000047-B,CLASE TEORICA,(17) Grupo 17,Angelica Saenz Fonseca,26,10
gh-31356393035,2026-08-09T23:45:01-05:00,1000047-B,CLASE TEORICA,(18) Grupo 18,ALBA LUCIA RIAÑO RODRIGUEZ,26,10
gh-31356393035,2026-08-09T23:45:01-05:00,1000047-B,CLASE TEORICA,(19) Grupo 19,Aida Elena Monsalve Solorzano,26,10
gh-31356393035,2026-08-09T23:45:01-05:00,1000047-B,CLASE TEORICA,(2) Grupo 2,Yaneli Niño Osorio,26,10
gh-31356393035,2026-08-09T23:45:01-05:00,1000047-B,CLASE TEORICA,(20) Grupo 20,ALBA LUCIA RIAÑO RODRIGUEZ,26,10
gh-31356393035,2026-08-09T23:45:01-05:00,1000047-B,CLASE TEORICA,(21) Grupo 21,Edwin Yesid Leon Silva,26,10
gh-31356393035,2026-08-09T23:45:01-05:00,1000047-B,CLASE TEORICA,(22) Grupo 22,LINDA JOHANA RUIZ GOMEZ,26,10
gh-31356393035,2026-08-09T23:45:01-05:00,1000047-B,CLASE TEORICA,(3) Grupo 3,Monica Alexandra Riaño Orjuela,26,10
gh-31356393035,2026-08-09T23:45:01-05:00,1000047-B,CLASE TEORICA,(4) Grupo 4,Claudia Patricia Cortes Lora,26,10
gh-31356393035,2026-08-09T23:45:01-05:00,1000047-B,CLASE TEORICA,(5) Grupo 5,Olga Lucia Ruiz Convers,26,10
gh-31356393035,2026-08-09T23:45:01-05:00,1000047-B,CLASE TEORICA,(6) Grupo 6,Monica Alexandra Riaño Orjuela,26,10
gh-31356393035,2026-08-09T23:45:01-05:00,1000047-B,CLASE TEORICA,(7) Grupo 7,Cesar Augusto Romero,26,10
gh-31356393035,2026-08-09T23:45:01-05:00,1000047-B,CLASE TEORICA,(8) Grupo 8,Beatriz Elena Urrutia Sanchez,26,10
gh-31356393035,2026-08-09T23:45:01-05:00,1000047-B,CLASE TEORICA,(9) Grupo 9,Keshia Hilary Howard Livingston,15,10
gh-31356393035,2026-08-09T23:45:08-05:00,1000002-B,CLASE TEORICA,(1) Grupo 1 - Clase Presencial,Ruth Andrea Cortés Suárez,1,12
gh-31356393035,2026-08-09T23:45:08-05:00,1000002-B,CLASE TEORICA,(10) Grupo 10 - Clase presencial,Karen Johanna Castelblanco Villamil,0,12
gh-31356393035,2026-08-09T23:45:08-05:00,1000002-B,CLASE TEORICA,(2) Grupo 2 - Clase Presencial,Ruth Andrea Cortés Suárez,0,12
gh-31356393035,2026-08-09T23:45:08-05:00,1000002-B,CLASE TEORICA,(3) Grupo 3 - Clase Presencial,Adriana Patricia Díaz Cuevas,0,12
gh-31356393035,2026-08-09T23:45:08-05:00,1000002-B,CLASE TEORICA,(4) Grupo 4 - Clase Presencial,Adriana Patricia Díaz Cuevas,0,12
gh-31356393035,2026-08-09T23:45:08-05:00,1000002-B,CLASE TEORICA,(5) Grupo 5 - Clase Presencial,Andres Felipe Escovar Barreto,0,12
gh-31356393035,2026-08-09T23:45:08-05:00,1000002-B,CLASE TEORICA,(6) Grupo 6 - Clase Presencial,Ruth Andrea Cortés Suárez,0,12
gh-31356393035,2026-08-09T23:45:08-05:00,1000002-B,CLASE TEORICA,(7) Grupo 7 - Clase Presencial,Karen Johanna Castelblanco Villamil,0,12
gh-31356393035,2026-08-09T23:45:08-05:00,1000002-B,CLASE TEORICA,(8) Grupo 8 - Clase Presencial,Adriana Patricia Díaz Cuevas,0,12
gh-31356393035,2026-08-09T23:45:08-05:00,1000002-B,CLASE TEORICA,(9) Grupo 9 - Clase Presencial,Carlas Lucia Castilla Lara,10,12
gh-31356393035,2026-08-09T23:45:10-05:00,1000001-B,CLASE TEORICA,(1) Grupo 1,No informado,0,13
gh-31356393035,2026-08-09T23:45:10-05:00,1000001-B,CLASE MAGISTRAL,(1) Grupo 1,Ibeth Marcela Rubio Perilla,0,13
gh-31356393035,2026-08-09T23:45:10-05:00,1000001-B,CLASE MAGISTRAL,(10) Grupo 10,No informado,0,13
gh-31356393035,2026-08-09T23:45:10-05:00,1000001-B,CLASE TEORICA,(19) Grupo 19,No informado,5,13
gh-31356393035,2026-08-09T23:45:10-05:00,1000001-B,CLASE TEORICA,(2) Grupo 2,No informado,10,13
gh-31356393035,2026-08-09T23:45:10-05:00,1000001-B,CLASE MAGISTRAL,(2) Grupo 2,Herbert Alonso Dueñas Ruiz,0,13
gh-31356393035,2026-08-09T23:45:10-05:00,1000001-B,CLASE MAGISTRAL,(3) Grupo 3,Jeanneth Galeano Penaloza,0,13
gh-31356393035,2026-08-09T23:45:10-05:00,1000001-B,CLASE MAGISTRAL,(4) Grupo 4,Gustavo Adolfo Nieto Clavijo,0,13
gh-31356393035,2026-08-09T23:45:10-05:00,1000001-B,CLASE MAGISTRAL,(5) Grupo 5,Natalia Camila Pinzon Cortes,0,13
gh-31356393035,2026-08-09T23:45:10-05:00,1000001-B,CLASE MAGISTRAL,(6) Grupo 6,Martha Cecilia Moreno Penagos,0,13
gh-31356393035,2026-08-09T23:45:10-05:00,1000001-B,CLASE MAGISTRAL,(7) Grupo 7,Claudio Rodriguez Beltran,0,13
gh-31356393035,2026-08-09T23:45:10-05:00,1000001-B,CLASE MAGISTRAL,(8) Grupo 8,Gabriel Ignacio Padilla Leon,0,13
gh-31356393035,2026-08-09T23:45:10-05:00,1000001-B,CLASE MAGISTRAL,(9) Grupo 9,No informado,10,13
gh-31356393035,2026-08-09T23:45:15-05:00,1000024-B,CLASE TEORICA,(12) Grupo 12,Edgar Delgado Mejia,0,14
gh-31356393035,2026-08-09T23:45:15-05:00,1000024-B,CLASE TEORICA,(13) Grupo 13,Jesus Sigifredo Valencia Rios,0,14
gh-31356393035,2026-08-09T23:45:15-05:00,1000024-B,CLASE TEORICA,(14) Grupo 14,Jhon Jairo Aragón Arias,10,14
gh-31356702976,2026-08-09T23:50:05-05:00,2015938,CLASE TEORICA,(1) Grupo 1,Maria Alejandra Caicedo Londoño,25,0
gh-31356702976,2026-08-09T23:50:05-05:00,2015938,CLASE TEORICA,(2) Grupo 2,Maria Alejandra Caicedo Londoño,25,0
gh-31356702976,2026-08-09T23:50:05-05:00,2015938,CLASE TEORICA,(3) Grupo 3,JOSE LUIS DIAZ AREVALO,25,0
gh-31356702976,2026-08-09T23:50:05-05:00,2015938,CLASE TEORICA,(4) Grupo 4,JOSE LUIS DIAZ AREVALO,24,0
gh-31356702976,2026-08-09T23:50:06-05:00,2015939,CLASE TEORICA,(1) Grupo 1,ALVARO MARTIN GUTIERREZ MALAXECHEBARRIA,25,1
gh-31356702976,2026-08-09T23:50:06-05:00,2015939,CLASE TEORICA,(2) Grupo 2,ALVARO MARTIN GUTIERREZ MALAXECHEBARRIA,25,1
gh-31356702976,2026-08-09T23:50:06-05:00,2015939,CLASE TEORICA,(3) Grupo 3,Edder Alexander Velandia Duran,25,1
gh-31356702976,2026-08-09T23:50:06-05:00,2015939,CLASE TEORICA,(4) Grupo 4,No informado,25,1
gh-31356702976,2026-08-09T23:50:08-05:00,1000003-B,NA,(1) Grupo 1,Erika Lorena Rosero Alzate; Oscar Andrés Rojas Sepúlveda,0,2
gh-31356702976,2026-08-09T23:50:08-05:00,1000003-B,NA,(10) Grupo 10,Epifanio Lozano Ayala,14,2
gh-31356702976,2026-08-09T23:50:08-05:00,1000003-B,NA,(11) Grupo 11,No informado,60,2
gh-31356702976,2026-08-09T23:50:08-05:00,1000003-B,NA,(12) Grupo 12,No informado,40,2
gh-31356702976,2026-08-09T23:50:08-05:00,1000003-B,NA,(13) Grupo 13,Mohammed EL AIDI,40,2
gh-31356702976,2026-08-09T23:50:08-05:00,1000003-B,NA,(15) Grupo 15,Myriam Leonor Campos Florez,60,2
gh-31356702976,2026-08-09T23:50:08-05:00,1000003-B,NA,(16) Grupo 16,No informado,60,2
gh-31356702976,2026-08-09T23:50:08-05:00,1000003-B,NA,(17) Grupo 17,Martha Cecilia Moreno Penagos,40,2
gh-31356702976,2026-08-09T23:50:08-05:00,1000003-B,NA,(18) Grupo 18,John Alexander Cruz Morales,52,2
gh-31356702976,2026-08-09T23:50:08-05:00,1000003-B,NA,(20) Grupo 20,Natalia Camila Pinzon Cortes,60,2
gh-31356702976,2026-08-09T23:50:08-05:00,1000003-B,NA,(21) Grupo 21,Ivon Andrea Dorado Correa,52,2
gh-31356702976,2026-08-09T23:50:08-05:00,1000003-B,NA,(22) Grupo 22,No informado,46,2
gh-31356702976,2026-08-09T23:50:08-05:00,1000003-B,NA,(3) Grupo 3,No informado,60,2
gh-31356702976,2026-08-09T23:50:08-05:00,1000003-B,NA,(4) Grupo 4,Luis Alejandro Barbosa Torres,112,2
gh-31356702976,2026-08-09T23:50:08-05:00,1000003-B,NA,(5) Grupo 5,Jaime David Mora Paz,60,2
gh-31356702976,2026-08-09T23:50:08-05:00,1000003-B,NA,(7) Grupo 7,Myriam Leonor Campos Florez,40,2
gh-31356702976,2026-08-09T23:50:08-05:00,1000003-B,NA,(8) Grupo 8,No informado,10,2
gh-31356702976,2026-08-09T23:50:09-05:00,2015940,CLASE TEORICA,(1) Grupo 1,Maritzabel Molina Herrera,24,3
gh-31356702976,2026-08-09T23:50:09-05:00,2015940,CLASE TEORICA,(2) Grupo 2,Gabriel Andres Bernal Granados,24,3
gh-31356702976,2026-08-09T23:50:09-05:00,2015940,CLASE TEORICA,(3) Grupo 3,No informado,24,3
gh-31356702976,2026-08-09T23:50:10-05:00,2015941,CLASE TEORICA,(1) Grupo 1,Patricia Luna Tamayo,30,4
gh-31356702976,2026-08-09T23:50:10-05:00,2015941,CLASE TEORICA,(2) Grupo 2,No informado,30,4
gh-31356702976,2026-08-09T23:50:10-05:00,2015941,CLASE TEORICA,(3) Grupo 3,Carlos Ramiro Vallecilla Bahena,30,4
gh-31356702976,2026-08-09T23:50:10-05:00,2015941,CLASE TEORICA,(4) Grupo 4,No informado,30,4
gh-31356702976,2026-08-09T23:50:12-05:00,1000004-B,NA,(10) Grupo 10,No informado,53,5
gh-31356702976,2026-08-09T23:50:12-05:00,1000004-B,NA,(11) Grupo 11,No informado,24,5
gh-31356702976,2026-08-09T23:50:12-05:00,1000004-B,NA,(12) Grupo 12,No informado,24,5
gh-31356702976,2026-08-09T23:50:12-05:00,1000004-B,NA,(13) Grupo 13,No informado,16,5
gh-31356702976,2026-08-09T23:50:12-05:00,1000004-B,NA,(14) Grupo 14,No informado,90,5
gh-31356702976,2026-08-09T23:50:12-05:00,1000004-B,NA,(16) Grupo 16,No informado,27,5
gh-31356702976,2026-08-09T23:50:12-05:00,1000004-B,NA,(17) Grupo 17,Hernan Garzon Gutierrez,39,5
gh-31356702976,2026-08-09T23:50:12-05:00,1000004-B,NA,(19) Grupo 19,No informado,59,5
gh-31356702976,2026-08-09T23:50:12-05:00,1000004-B,NA,(2) Grupo 2,No informado,24,5
gh-31356702976,2026-08-09T23:50:12-05:00,1000004-B,NA,(20) Grupo 20,Hernan Garzon Gutierrez,10,5
gh-31356702976,2026-08-09T23:50:12-05:00,1000004-B,NA,(21) Grupo 21,No informado,60,5
gh-31356702976,2026-08-09T23:50:12-05:00,1000004-B,NA,(22) Grupo 22,No informado,60,5
gh-31356702976,2026-08-09T23:50:12-05:00,1000004-B,NA,(24) Grupo 24,Ricardo Ariel Pastran Ramirez,60,5
gh-31356702976,2026-08-09T23:50:12-05:00,1000004-B,NA,(25) Grupo 25,No informado,40,5
gh-31356702976,2026-08-09T23:50:12-05:00,1000004-B,NA,(27) Grupo 27,No informado,51,5
gh-31356702976,2026-08-09T23:50:12-05:00,1000004-B,NA,(28) Grupo 28,No informado,60,5
gh-31356702976,2026-08-09T23:50:12-05:00,1000004-B,NA,(29) Grupo 29,No informado,60,5
gh-31356702976,2026-08-09T23:50:12-05:00,1000004-B,NA,(30) Grupo 30,No informado,60,5
gh-31356702976,2026-08-09T23:50:12-05:00,1000004-B,NA,(32) Grupo 32,No informado,90,5
gh-31356702976,2026-08-09T23:50:12-05:00,1000004-B,NA,(4) Grupo 4,Myriam Leonor Campos Florez,37,5
gh-31356702976,2026-08-09T23:50:12-05:00,1000004-B,NA,(5) Grupo 5,Oscar Javier Lopez Alfonso,84,5
gh-31356702976,2026-08-09T23:50:12-05:00,1000004-B,NA,(7) Grupo 7,Anderson Arley Vera Arboleda,64,5
gh-31356702976,2026-08-09T23:50:12-05:00,1000004-B,NA,(8) Grupo 8,No informado,40,5
gh-31356702976,2026-08-09T23:50:12-05:00,1000004-B,NA,(9) Grupo 9,No informado,18,5
gh-31356702976,2026-08-09T23:50:13-05:00,1000006-B,NA,(1) Grupo 1,No informado,40,6
gh-31356702976,2026-08-09T23:50:13-05:00,1000006-B,NA,(10) Grupo 10,No informado,100,6
gh-31356702976,2026-08-09T23:50:13-05:00,1000006-B,NA,(11) Grupo 11,No informado,40,6
gh-31356702976,2026-08-09T23:50:13-05:00,1000006-B,NA,(12) Grupo 12,Leonid Lebedev,60,6
gh-31356702976,2026-08-09T23:50:13-05:00,1000006-B,NA,(13) Grupo 13,Juan Carlos Hernandez Rincon,40,6
gh-31356702976,2026-08-09T23:50:13-05:00,1000006-B,NA,(14) Grupo 14,No informado,60,6
gh-31356702976,2026-08-09T23:50:13-05:00,1000006-B,NA,(15) Grupo 15,No informado,112,6
gh-31356702976,2026-08-09T23:50:13-05:00,1000006-B,NA,(2) Grupo 2,EDIXON MANUEL ROJAS SANTANA,40,6
gh-31356702976,2026-08-09T23:50:13-05:00,1000006-B,NA,(3) Grupo 3,Cesar Augusto Gomez Sierra,40,6
gh-31356702976,2026-08-09T23:50:13-05:00,1000006-B,NA,(4) Grupo 4,Agustin Moreno Canadas,100,6
gh-31356702976,2026-08-09T23:50:13-05:00,1000006-B,NA,(5) Grupo 5,German Eduardo Fonseca Buitrago,40,6
gh-31356702976,2026-08-09T23:50:13-05:00,1000006-B,NA,(7) Grupo 7,No informado,70,6
gh-31356702976,2026-08-09T23:50:13-05:00,1000006-B,NA,(8) Grupo 8,Epifanio Lozano Ayala,60,6
gh-31356702976,2026-08-09T23:50:13-05:00,1000006-B,NA,(9) Grupo 9,Orlando Vanegas Canro,0,6
gh-31356702976,2026-08-09T23:50:15-05:00,1000005-B,NA,(1) Grupo 1,Orlando Vanegas Canro,0,7
gh-31356702976,2026-08-09T23:50:15-05:00,1000005-B,NA,(10) Grupo 10,Epifanio Lozano Ayala,50,7
gh-31356702976,2026-08-09T23:50:15-05:00,1000005-B,NA,(14) Grupo 14,Mohammed EL AIDI,40,7
gh-31356702976,2026-08-09T23:50:15-05:00,1000005-B,NA,(15) Grupo 15,Alina Fedosova,60,7
gh-31356702976,2026-08-09T23:50:15-05:00,1000005-B,NA,(16) Grupo 16,No informado,70,7
gh-31356702976,2026-08-09T23:50:15-05:00,1000005-B,NA,(17) Grupo 17,Hernan Garzon Gutierrez,40,7
gh-31356702976,2026-08-09T23:50:15-05:00,1000005-B,NA,(2) Grupo 2,RENE ERLIN CASTILLO,60,7
gh-31356702976,2026-08-09T23:50:15-05:00,1000005-B,NA,(20) Grupo 20,Franqui Solis Cardenas Poloche,40,7
gh-31356702976,2026-08-09T23:50:15-05:00,1000005-B,NA,(22) Grupo 22,No informado,60,7
gh-31356702976,2026-08-09T23:50:15-05:00,1000005-B,NA,(3) Grupo 3,Eduardo Cardenas Gomez,70,7
gh-31356702976,2026-08-09T23:50:15-05:00,1000005-B,NA,(4) Grupo 4,Edward Samuel Becerra Rojas,60,7
gh-31356702976,2026-08-09T23:50:15-05:00,1000005-B,NA,(6) Grupo 6,No informado,60,7
gh-31356702976,2026-08-09T23:50:15-05:00,1000005-B,NA,(7) Grupo 7,Franqui Solis Cardenas Poloche,100,7
gh-31356702976,2026-08-09T23:50:15-05:00,1000005-B,NA,(8) Grupo 8,No informado,40,7
gh-31356702976,2026-08-09T23:50:15-05:00,1000005-B,NA,(9) Grupo 9,No informado,10,7
gh-31356702976,2026-08-09T23:50:17-05:00,2015943,CLASE TEORICA,(1) Grupo 1,Carlos Orlando Robles Roa,15,9
gh-31356702976,2026-08-09T23:50:19-05:00,2015944,CLASE TEORICA,(1) Grupo 1,SANTIAGO RAMIREZ ECHEVERRI,15,10
gh-31356702976,2026-08-09T23:50:21-05:00,2015711,NA,(10) 2015711-10 Dibujo básico,Ariel Augusto Amaya Avila,0,11
gh-31356702976,2026-08-09T23:50:21-05:00,2015711,NA,(11) 2015711-11 Dibujo básico,Cesar Augusto Bacca Gonzalez,0,11
gh-31356702976,2026-08-09T23:50:21-05:00,2015711,NA,(14) 2015711-14 Dibujo básico,Cristian Felipe Morales Suárez,0,11
gh-31356702976,2026-08-09T23:50:21-05:00,2015711,NA,(16) 2015711-16 Dibujo básico,DAVID FELIPE TORRES ARCE,0,11
gh-31356702976,2026-08-09T23:50:21-05:00,2015711,NA,(4) 2015711-4 Dibujo básico,Cristian Felipe Morales Suárez,9,11
gh-31356702976,2026-08-09T23:50:21-05:00,2015711,NA,(5) 2015711-5 Dibujo básico,Sebastian Achury Ortiz,0,11
gh-31356702976,2026-08-09T23:50:21-05:00,2015711,NA,(7) 2015711-7 Dibujo básico,Cesar Augusto Bacca Gonzalez,20,11
gh-31356702976,2026-08-09T23:50:21-05:00,2015711,NA,(8) 2015711-8 Dibujo básico,Miguel Angel Baquero Cortes,0,11
gh-31356702976,2026-08-09T23:50:21-05:00,2015711,NA,(9) 2015711-9 Dibujo básico,EDWIN CAMILO REINA BELTRAN,0,11
gh-31356702976,2026-08-09T23:50:22-05:00,2015948,CLASE TEORICA,(1) Grupo 1,No informado,30,12
gh-31356702976,2026-08-09T23:50:22-05:00,2015948,CLASE TEORICA,(2) Grupo 2,Mauricio Alberto Tapias Camacho,30,12
gh-31356702976,2026-08-09T23:50:22-05:00,2015948,CLASE TEORICA,(3) Grupo 3,No informado,30,12
gh-31356702976,2026-08-09T23:50:23-05:00,2015950,CLASE TEORICA,(1) Grupo 1,No informado,25,13
gh-31356702976,2026-08-09T23:50:23-05:00,2015950,CLASE TEORICA,(2) Grupo 2,No informado,0,13
gh-31356702976,2026-08-09T23:50:23-05:00,2015950,CLASE TEORICA,(3) Grupo 3,Daniel Ricardo Lozano Monsalve,25,13
gh-31356702976,2026-08-09T23:50:23-05:00,2015950,CLASE TEORICA,(4) Grupo 4,No informado,25,13
gh-31356702976,2026-08-09T23:50:23-05:00,2015950,CLASE TEORICA,(5) Grupo 5,No informado,25,13
gh-31356702976,2026-08-09T23:50:25-05:00,2015949,CLASE TEORICA,(1) Grupo 1,Mario Javier Cardozo Chaux,30,14
gh-31356702976,2026-08-09T23:50:25-05:00,2015949,CLASE TEORICA,(2) Grupo 2,Wilson Ernesto Vargas Vargas,30,14
gh-31356702976,2026-08-09T23:50:25-05:00,2015949,CLASE TEORICA,(3) Grupo 3,No informado,30,14
gh-31356702976,2026-08-09T23:50:26-05:00,1000007-B,NA,(1) Grupo 1,German Eduardo Fonseca Buitrago,60,15
gh-31356702976,2026-08-09T23:50:26-05:00,1000007-B,NA,(11) Grupo 11,Leonid Lebedev,60,15
gh-31356702976,2026-08-09T23:50:26-05:00,1000007-B,NA,(12) Grupo 12,No informado,60,15
gh-31356702976,2026-08-09T23:50:26-05:00,1000007-B,NA,(13) Grupo 13,Omar Duque Gomez,40,15
gh-31356702976,2026-08-09T23:50:26-05:00,1000007-B,NA,(14) Grupo 14,No informado,100,15
gh-31356702976,2026-08-09T23:50:26-05:00,1000007-B,NA,(3) Grupo 3,Serafin Bautista Diaz,40,15
gh-31356702976,2026-08-09T23:50:26-05:00,1000007-B,NA,(4) Grupo 4,EDIXON MANUEL ROJAS SANTANA,60,15
gh-31356702976,2026-08-09T23:50:26-05:00,1000007-B,NA,(6) Grupo 6,Alexander Caviedes Castro,50,15
gh-31356702976,2026-08-09T23:50:26-05:00,1000007-B,NA,(7) Grupo 7,Oscar Guillermo Riaño Castañeda,40,15
gh-31356702976,2026-08-09T23:50:26-05:00,1000007-B,NA,(9) Grupo 9,Orlando Vanegas Canro,0,15
gh-31356702976,2026-08-09T23:50:28-05:00,2026134,CLASE TEORICA,(1) Grupo 1,No informado,0,16
gh-31356702976,2026-08-09T23:50:28-05:00,2026134,CLASE TEORICA,(2) Grupo 2,Juan Manuel Lizarazo Marriaga,30,16
gh-31356702976,2026-08-09T23:50:28-05:00,2026134,CLASE TEORICA,(3) Grupo 3,Maritzabel Molina Herrera,30,16
gh-31356702976,2026-08-09T23:50:28-05:00,2026134,CLASE TEORICA,(4) Grupo 4,Carlos Ramiro Vallecilla Bahena,30,16
gh-31356702976,2026-08-09T23:50:28-05:00,2026134,CLASE TEORICA,(5) Grupo 5,Fernando Lozano Osorno,30,16
gh-31356702976,2026-08-09T23:50:28-05:00,2026134,CLASE TEORICA,(6) Grupo 6,No informado,30,16
gh-31356702976,2026-08-09T23:50:29-05:00,2015954,CLASE TEORICA,(1) Grupo 1,Erasmo Alfredo Rodriguez Sandoval,30,17
gh-31356702976,2026-08-09T23:50:29-05:00,2015954,CLASE TEORICA,(2) Grupo 2,Mario Enrique Moreno Castiblanco,30,17
gh-31356702976,2026-08-09T23:50:29-05:00,2015954,CLASE TEORICA,(3) Grupo 3,Luis Alejandro Morales Marin,30,17
gh-31356702976,2026-08-09T23:50:30-05:00,2015955,CLASE TEORICA,(1) Grupo 1,Giovanni Andres Cortes Tovar,30,18
gh-31356702976,2026-08-09T23:50:30-05:00,2015955,CLASE TEORICA,(2) Grupo 2,Angela Barrera Puerto,30,18
gh-31356702976,2026-08-09T23:50:30-05:00,2015955,CLASE TEORICA,(3) Grupo 3,Giovanni Andres Cortes Tovar,30,18
gh-31356702976,2026-08-09T23:50:31-05:00,1000011-B,CLASE TEORICA,(1) Grupo 1,Ernesto Javier Puertas Dellepianes,118,19
gh-31356702976,2026-08-09T23:50:31-05:00,1000011-B,CLASE TEORICA,(3) Grupo 3,Néstor Fernando Perez Buitrago,12,19
gh-31356702976,2026-08-09T23:50:34-05:00,1000019-B,CLASE LABORATORIO,(1) Grupo 1,Gustavo Martinez Tamayo,35,20
gh-31356702976,2026-08-09T23:50:34-05:00,1000019-B,CLASE TALLER,(1) Grupo 1,FABIAN FELIPE QUEVEDO FARIETA,35,20
gh-31356702976,2026-08-09T23:50:34-05:00,1000019-B,CLASE MAGISTRAL,(1) Grupo 1,Gustavo Martinez Tamayo,35,20
gh-31356702976,2026-08-09T23:50:34-05:00,1000019-B,CLASE LABORATORIO,(10) Grupo 10,LUIS AGULLES PEDROS,35,20
gh-31356702976,2026-08-09T23:50:34-05:00,1000019-B,CLASE TALLER,(10) Grupo 10,Jhon Morales Aponte,35,20
gh-31356702976,2026-08-09T23:50:34-05:00,1000019-B,CLASE MAGISTRAL,(10) Grupo 10,Ovidio Amado Almanza Montero,35,20
gh-31356702976,2026-08-09T23:50:34-05:00,1000019-B,CLASE LABORATORIO,(11) Grupo 11,EVER DAVID ALCALA CAJAR,35,20
gh-31356702976,2026-08-09T23:50:34-05:00,1000019-B,CLASE TALLER,(11) Grupo 11,JULIAN MATEO DE MENDOZA GUTIERREZ,35,20
gh-31356702976,2026-08-09T23:50:34-05:00,1000019-B,CLASE MAGISTRAL,(11) Grupo 11,Ovidio Amado Almanza Montero,35,20
gh-31356702976,2026-08-09T23:50:34-05:00,1000019-B,CLASE LABORATORIO,(12) Grupo 12,FABIAN FELIPE QUEVEDO FARIETA,35,20
gh-31356702976,2026-08-09T23:50:34-05:00,1000019-B,CLASE TALLER,(12) Grupo 12,EVER DAVID ALCALA CAJAR,35,20
gh-31356702976,2026-08-09T23:50:34-05:00,1000019-B,CLASE MAGISTRAL,(12) Grupo 12,Ovidio Amado Almanza Montero,35,20
gh-31356702976,2026-08-09T23:50:34-05:00,1000019-B,CLASE LABORATORIO,(13) Grupo 13,Alvaro Marino Camargo,35,20
gh-31356702976,2026-08-09T23:50:34-05:00,1000019-B,CLASE TALLER,(13) Grupo 13,MIGUEL ENRIQUE GÁMEZ LÓPEZ,35,20
gh-31356702976,2026-08-09T23:50:34-05:00,1000019-B,CLASE MAGISTRAL,(13) Grupo 13,Alvaro Marino Camargo,35,20
gh-31356702976,2026-08-09T23:50:34-05:00,1000019-B,CLASE LABORATORIO,(14) Grupo 14,Alvaro Marino Camargo,35,20
gh-31356702976,2026-08-09T23:50:34-05:00,1000019-B,CLASE TALLER,(14) Grupo 14,No informado,35,20
gh-31356702976,2026-08-09T23:50:34-05:00,1000019-B,CLASE MAGISTRAL,(14) Grupo 14,Alvaro Marino Camargo,35,20
gh-31356702976,2026-08-09T23:50:34-05:00,1000019-B,CLASE LABORATORIO,(15) Grupo 15,JULIAN MATEO DE MENDOZA GUTIERREZ,32,20
gh-31356702976,2026-08-09T23:50:34-05:00,1000019-B,CLASE TALLER,(15) Grupo 15,EVER DAVID ALCALA CAJAR,32,20
gh-31356702976,2026-08-09T23:50:34-05:00,1000019-B,CLASE MAGISTRAL,(15) Grupo 15,Alvaro Marino Camargo,32,20
gh-31356702976,2026-08-09T23:50:34-05:00,1000019-B,CLASE MAGISTRAL,(16) Gruop 16,Erika Lorena Rosero Alzate; Daniel Camilo Padilla González,8,20
gh-31356702976,2026-08-09T23:50:34-05:00,1000019-B,CLASE LABORATORIO,(16) Grupo 16,Alvaro Marino Camargo,35,20
gh-31356702976,2026-08-09T23:50:34-05:00,1000019-B,CLASE TALLER,(16) Grupo 16,Edna Carolina Pinilla Beltran,35,20
gh-31356702976,2026-08-09T23:50:34-05:00,1000019-B,CLASE LABORATORIO,(17) Grupo 17,JULIAN MATEO DE MENDOZA GUTIERREZ,34,20
gh-31356702976,2026-08-09T23:50:34-05:00,1000019-B,CLASE TALLER,(17) Grupo 17,Jereson Silva Valencia,34,20
gh-31356702976,2026-08-09T23:50:34-05:00,1000019-B,CLASE MAGISTRAL,(17) Grupo 17,Jereson Silva Valencia,34,20
gh-31356702976,2026-08-09T23:50:34-05:00,1000019-B,CLASE LABORATORIO,(18) Grupo 18,Jaime Villalobos Velasco,34,20
gh-31356702976,2026-08-09T23:50:34-05:00,1000019-B,CLASE TALLER,(18) Grupo 18,Jereson Silva Valencia,34,20
gh-31356702976,2026-08-09T23:50:34-05:00,1000019-B,CLASE MAGISTRAL,(18) Grupo 18,Jereson Silva Valencia,34,20
gh-31356702976,2026-08-09T23:50:34-05:00,1000019-B,CLASE LABORATORIO,(19) Grupo 19,JULY PAOLA GARZÓN LOPEZ,32,20
gh-31356702976,2026-08-09T23:50:34-05:00,1000019-B,CLASE TALLER,(19) Grupo 19,Jereson Silva Valencia,32,20
gh-31356702976,2026-08-09T23:50:34-05:00,1000019-B,CLASE MAGISTRAL,(19) Grupo 19,Jereson Silva Valencia,32,20
gh-31356702976,2026-08-09T23:50:34-05:00,1000019-B,CLASE LABORATORIO,(2) Grupo 2,Gustavo Martinez Tamayo,35,20
gh-31356702976,2026-08-09T23:50:34-05:00,1000019-B,CLASE TALLER,(2) Grupo 2,Gustavo Martinez Tamayo,35,20
gh-31356702976,2026-08-09T23:50:34-05:00,1000019-B,CLASE MAGISTRAL,(2) Grupo 2,Gustavo Martinez Tamayo,35,20
gh-31356702976,2026-08-09T23:50:34-05:00,1000019-B,CLASE LABORATORIO,(20) Grupo 20,JOSE ALFREDO GOMEZ MATEUS,35,20
gh-31356702976,2026-08-09T23:50:34-05:00,1000019-B,CLASE TALLER,(20) Grupo 20,Jereson Silva Valencia,35,20
gh-31356702976,2026-08-09T23:50:34-05:00,1000019-B,CLASE MAGISTRAL,(20) Grupo 20,Jereson Silva Valencia,35,20
gh-31356702976,2026-08-09T23:50:34-05:00,1000019-B,CLASE LABORATORIO,(21) Grupo 21,Pedro Hernan Sanchez Machet,35,20
gh-31356702976,2026-08-09T23:50:34-05:00,1000019-B,CLASE TALLER,(21) Grupo 21,JOSE ALFREDO GOMEZ MATEUS,35,20
gh-31356702976,2026-08-09T23:50:34-05:00,1000019-B,CLASE MAGISTRAL,(21) Grupo 21,Diego Alejandro Torres Galindo,35,20
gh-31356702976,2026-08-09T23:50:34-05:00,1000019-B,CLASE LABORATORIO,(22) Grupo 22,Pedro Hernan Sanchez Machet,35,20
gh-31356702976,2026-08-09T23:50:34-05:00,1000019-B,CLASE TALLER,(22) Grupo 22,JULY PAOLA GARZÓN LOPEZ,35,20
gh-31356702976,2026-08-09T23:50:34-05:00,1000019-B,CLASE MAGISTRAL,(22) Grupo 22,Diego Alejandro Torres Galindo,35,20
gh-31356702976,2026-08-09T23:50:34-05:00,1000019-B,CLASE LABORATORIO,(23) Grupo 23,Pedro Hernan Sanchez Machet,35,20
gh-31356702976,2026-08-09T23:50:34-05:00,1000019-B,CLASE TALLER,(23) Grupo 23,Edna Carolina Pinilla Beltran,35,20
gh-31356702976,2026-08-09T23:50:34-05:00,1000019-B,CLASE MAGISTRAL,(23) Grupo 23,Diego Alejandro Torres Galindo,35,20
gh-31356702976,2026-08-09T23:50:34-05:00,1000019-B,CLASE LABORATORIO,(24) Grupo 24,Pedro Hernan Sanchez Machet,35,20
gh-31356702976,2026-08-09T23:50:34-05:00,1000019-B,CLASE TALLER,(24) Grupo 24,Diego Alejandro Torres Galindo,35,20
gh-31356702976,2026-08-09T23:50:34-05:00,1000019-B,CLASE MAGISTRAL,(24) Grupo 24,Diego Alejandro Torres Galindo,35,20
gh-31356702976,2026-08-09T23:50:34-05:00,1000019-B,CLASE LABORATORIO,(25) Grupo 25,Plinio Del Carmen Teheran Sermeno,45,20
gh-31356702976,2026-08-09T23:50:34-05:00,1000019-B,CLASE TALLER,(25) Grupo 25,Plinio Del Carmen Teheran Sermeno,45,20
gh-31356702976,2026-08-09T23:50:34-05:00,1000019-B,CLASE MAGISTRAL,(25) Grupo 25,Plinio Del Carmen Teheran Sermeno,45,20
gh-31356702976,2026-08-09T23:50:34-05:00,1000019-B,CLASE LABORATORIO,(26) Grupo 26 (VIRTUAL),Plinio Del Carmen Teheran Sermeno,50,20
gh-31356702976,2026-08-09T23:50:34-05:00,1000019-B,CLASE TALLER,(26) Grupo 26 (VIRTUAL),Plinio Del Carmen Teheran Sermeno,50,20
gh-31356702976,2026-08-09T23:50:34-05:00,1000019-B,CLASE MAGISTRAL,(26) Grupo 26 (VIRTUAL),Plinio Del Carmen Teheran Sermeno,50,20
gh-31356702976,2026-08-09T23:50:34-05:00,1000019-B,CLASE LABORATORIO,(27) Grupo 27 (VIRTUAL),Plinio Del Carmen Teheran Sermeno,50,20
gh-31356702976,2026-08-09T23:50:34-05:00,1000019-B,CLASE TALLER,(27) Grupo 27 (VIRTUAL),Plinio Del Carmen Teheran Sermeno,50,20
gh-31356702976,2026-08-09T23:50:34-05:00,1000019-B,CLASE MAGISTRAL,(27) Grupo 27 (VIRTUAL),Plinio Del Carmen Teheran Sermeno,50,20
gh-31356702976,2026-08-09T23:50:34-05:00,1000019-B,CLASE LABORATORIO,(28) Grupo 28 (VIRTUAL),Plinio Del Carmen Teheran Sermeno,50,20
gh-31356702976,2026-08-09T23:50:34-05:00,1000019-B,CLASE TALLER,(28) Grupo 28 (VIRTUAL),Plinio Del Carmen Teheran Sermeno,50,20
gh-31356702976,2026-08-09T23:50:34-05:00,1000019-B,CLASE MAGISTRAL,(28) Grupo 28 (VIRTUAL),Plinio Del Carmen Teheran Sermeno,50,20
gh-31356702976,2026-08-09T23:50:34-05:00,1000019-B,CLASE LABORATORIO,(29) Grupo 29 (VIRTUAL),Plinio Del Carmen Teheran Sermeno,50,20
gh-31356702976,2026-08-09T23:50:34-05:00,1000019-B,CLASE TALLER,(29) Grupo 29 (VIRTUAL),Plinio Del Carmen Teheran Sermeno,50,20
gh-31356702976,2026-08-09T23:50:34-05:00,1000019-B,CLASE MAGISTRAL,(29) Grupo 29 (VIRTUAL),Plinio Del Carmen Teheran Sermeno,50,20
gh-31356702976,2026-08-09T23:50:34-05:00,1000019-B,CLASE LABORATORIO,(3) Grupo 3,Gustavo Martinez Tamayo,35,20
gh-31356702976,2026-08-09T23:50:34-05:00,1000019-B,CLASE TALLER,(3) Grupo 3,Gustavo Martinez Tamayo,35,20
gh-31356702976,2026-08-09T23:50:34-05:00,1000019-B,CLASE MAGISTRAL,(3) Grupo 3,Gustavo Martinez Tamayo,35,20
gh-31356702976,2026-08-09T23:50:34-05:00,1000019-B,CLASE LABORATORIO,(4) Grupo 4,No informado,35,20
gh-31356702976,2026-08-09T23:50:34-05:00,1000019-B,CLASE TALLER,(4) Grupo 4,Jaime Villalobos Velasco,35,20
gh-31356702976,2026-08-09T23:50:34-05:00,1000019-B,CLASE MAGISTRAL,(4) Grupo 4,Gustavo Martinez Tamayo,35,20
gh-31356702976,2026-08-09T23:50:34-05:00,1000019-B,CLASE LABORATORIO,(5) Grupo 5,FABIAN FELIPE QUEVEDO FARIETA,35,20
gh-31356702976,2026-08-09T23:50:34-05:00,1000019-B,CLASE TALLER,(5) Grupo 5,Jaime Villalobos Velasco,35,20
gh-31356702976,2026-08-09T23:50:34-05:00,1000019-B,CLASE MAGISTRAL,(5) Grupo 5,Ramiro Cardona Cardona,35,20
gh-31356702976,2026-08-09T23:50:34-05:00,1000019-B,CLASE LABORATORIO,(6) Grupo 6,Jaime Villalobos Velasco,35,20
gh-31356702976,2026-08-09T23:50:34-05:00,1000019-B,CLASE TALLER,(6) Grupo 6,Ramiro Cardona Cardona,35,20
gh-31356702976,2026-08-09T23:50:34-05:00,1000019-B,CLASE MAGISTRAL,(6) Grupo 6,Ramiro Cardona Cardona,35,20
gh-31356702976,2026-08-09T23:50:34-05:00,1000019-B,CLASE LABORATORIO,(7) Grupo 7,Jaime Villalobos Velasco,35,20
gh-31356702976,2026-08-09T23:50:34-05:00,1000019-B,CLASE TALLER,(7) Grupo 7,Ramiro Cardona Cardona,35,20
gh-31356702976,2026-08-09T23:50:34-05:00,1000019-B,CLASE MAGISTRAL,(7) Grupo 7,Ramiro Cardona Cardona,35,20
gh-31356702976,2026-08-09T23:50:34-05:00,1000019-B,CLASE LABORATORIO,(8) Grupo 8,Jaime Villalobos Velasco,35,20
gh-31356702976,2026-08-09T23:50:34-05:00,1000019-B,CLASE TALLER,(8) Grupo 8,Edna Carolina Pinilla Beltran,35,20
gh-31356702976,2026-08-09T23:50:34-05:00,1000019-B,CLASE MAGISTRAL,(8) Grupo 8,Ramiro Cardona Cardona,35,20
gh-31356702976,2026-08-09T23:50:34-05:00,1000019-B,CLASE LABORATORIO,(9) Grupo 9,Erika Lorena Rosero Alzate,0,20
gh-31356702976,2026-08-09T23:50:34-05:00,1000019-B,CLASE TALLER,(9) Grupo 9,No informado,10,20
gh-31356702976,2026-08-09T23:50:34-05:00,1000019-B,CLASE MAGISTRAL,(9) Grupo 9,Fredy Angel Jimenez Giraldo,10,20
gh-31356702976,2026-08-09T23:50:35-05:00,2015956,CLASE TEORICA,(1) Grupo 1,Modesto Portilla Gamboa; Fernando Eli Romero Ordoñez,35,21
gh-31356702976,2026-08-09T23:50:35-05:00,2015956,CLASE TEORICA,(2) Grupo 2,Jennifer Angel Amaya,30,21
gh-31356702976,2026-08-09T23:50:35-05:00,2015956,CLASE TEORICA,(3) Grupo 3,Jennifer Angel Amaya,30,21
gh-31356702976,2026-08-09T23:50:35-05:00,2015956,CLASE TEORICA,(4) Grupo 4,Fernando Eli Romero Ordoñez; Modesto Portilla Gamboa,35,21
gh-31356702976,2026-08-09T23:50:36-05:00,2015957,CLASE PRACTICA,(1) Grupo 1,No informado,30,22
gh-31356702976,2026-08-09T23:50:36-05:00,2015957,CLASE PRACTICA,(2) Grupo 2,Samuel Fernando Mesa Giraldo,30,22
gh-31356702976,2026-08-09T23:50:36-05:00,2015957,CLASE PRACTICA,(3) Grupo 3,Rose Marie Aldana Boutin,30,22
gh-31356702976,2026-08-09T23:50:36-05:00,2015957,CLASE PRACTICA,(4) Grupo 4,Rose Marie Aldana Boutin,30,22
gh-31356702976,2026-08-09T23:50:38-05:00,2015958,CLASE PRACTICA,(1) Grupo 1,William Castro Garcia,20,23
gh-31356702976,2026-08-09T23:50:38-05:00,2015958,CLASE TEORICA,(1) Grupo 1,William Castro Garcia,40,23
gh-31356702976,2026-08-09T23:50:38-05:00,2015958,CLASE PRACTICA,(2) Grupo 2,William Castro Garcia,20,23
gh-31356702976,2026-08-09T23:50:38-05:00,2015958,CLASE PRACTICA,(3) Grupo 3,Carlos Alfonso Gomez Guacaneme,30,23
gh-31356702976,2026-08-09T23:50:38-05:00,2015958,CLASE TEORICA,(3) Grupo 3,Carlos Alfonso Gomez Guacaneme,30,23
gh-31356702976,2026-08-09T23:50:38-05:00,2015958,CLASE PRACTICA,(4) Grupo 4,Mario Arturo Rincon Villalba,20,23
gh-31356702976,2026-08-09T23:50:38-05:00,2015958,CLASE TEORICA,(4) Grupo 4,Mario Arturo Rincon Villalba,40,23
gh-31356702976,2026-08-09T23:50:38-05:00,2015958,CLASE PRACTICA,(5) Grupo 5,Mario Arturo Rincon Villalba,20,23
gh-31356702976,2026-08-09T23:50:38-05:00,2015958,CLASE PRACTICA,(6) Grupo 6,Fausto Alejandro Silva España,20,23
gh-31356702976,2026-08-09T23:50:38-05:00,2015958,CLASE TEORICA,(6) Grupo 6,Cesar Andres Cortes Bello,40,23
gh-31356702976,2026-08-09T23:50:38-05:00,2015958,CLASE PRACTICA,(7) Grupo 7,Fausto Alejandro Silva España,20,23
gh-31356702976,2026-08-09T23:50:38-05:00,2015958,CLASE PRACTICA,(8) Grupo 8,Fausto Alejandro Silva España,20,23
gh-31356702976,2026-08-09T23:50:38-05:00,2015958,CLASE TEORICA,(8) Grupo 8,Cesar Andres Cortes Bello,40,23
gh-31356702976,2026-08-09T23:50:38-05:00,2015958,CLASE PRACTICA,(9) Grupo 9,Fausto Alejandro Silva España,20,23
gh-31356702976,2026-08-09T23:50:39-05:00,2015959,CLASE TEORICA,(1) Grupo 1,Carlos Eduardo Rodriguez Pineda,30,24
gh-31356702976,2026-08-09T23:50:39-05:00,2015959,CLASE TEORICA,(2) Grupo 2,Guillermo Eduardo Avila Alvarez,30,24
gh-31356702976,2026-08-09T23:50:39-05:00,2015959,CLASE TEORICA,(3) Grupo 3,Livaniel Viveros Rosero,30,24
gh-31356702976,2026-08-09T23:50:39-05:00,2015959,CLASE TEORICA,(4) Grupo 4,No informado,0,24
gh-31356702976,2026-08-09T23:50:41-05:00,2015961,CLASE TEORICA,(1) Grupo 1,Rafael Orland Ortiz Mosquera,24,26
gh-31356702976,2026-08-09T23:50:41-05:00,2015961,CLASE TEORICA,(2) Grupo 2,Adriana Patricia Piña Fulano,24,26
gh-31356702976,2026-08-09T23:50:41-05:00,2015961,CLASE TEORICA,(3) Grupo 3,Gelber Norberto Gutierrez Palacios,24,26
gh-31356702976,2026-08-09T23:50:41-05:00,2015961,CLASE TEORICA,(4) Grupo 4,No informado,24,26
gh-31356702976,2026-08-09T23:50:41-05:00,2015961,CLASE TEORICA,(5) Grupo 5,No informado,24,26
gh-31356702976,2026-08-09T23:50:41-05:00,2015961,CLASE TEORICA,(6) Grupo 6,Leonardo David Donado Garzon,24,26
gh-31356702976,2026-08-09T23:50:43-05:00,2015978,CLASE TEORICA,(1) Grupo 1,No informado,0,27
gh-31356702976,2026-08-09T23:50:43-05:00,2015978,CLASE TEORICA,(2) Grupo 2,Erasmo Alfredo Rodriguez Sandoval,30,27
gh-31356702976,2026-08-09T23:50:43-05:00,2015978,CLASE TEORICA,(3) Grupo 3,No informado,30,27
gh-31356702976,2026-08-09T23:50:43-05:00,2015978,CLASE TEORICA,(4) Grupo 4,No informado,30,27
gh-31356702976,2026-08-09T23:50:43-05:00,2015978,CLASE TEORICA,(5) Grupo 5,No informado,30,27
gh-31356702976,2026-08-09T23:50:44-05:00,2026135,CLASE TEORICA,(1) Grupo 1,NICOLAS ESCALANTE MORA,25,28
gh-31356702976,2026-08-09T23:50:44-05:00,2026135,CLASE TEORICA,(2) Grupo 2,Leonel Vega Mora,25,28
gh-31356702976,2026-08-09T23:50:44-05:00,2026135,CLASE TEORICA,(3) Grupo 3,Leonel Vega Mora,25,28
gh-31356702976,2026-08-09T23:50:45-05:00,2015963,CLASE TEORICA,(1) Grupo 1,No informado,30,29
gh-31356702976,2026-08-09T23:50:45-05:00,2015963,CLASE TEORICA,(2) Grupo 2,No informado,30,29
gh-31356702976,2026-08-09T23:50:45-05:00,2015963,CLASE TEORICA,(3) Grupo 3,William Castro Garcia,30,29
gh-31356702976,2026-08-09T23:50:46-05:00,2026138,CLASE TEORICA,(1) Grupo 1,Ivan Dario Serrano Arrieta,30,30
gh-31356702976,2026-08-09T23:50:46-05:00,2026138,CLASE TEORICA,(2) Grupo 2,Ivan Dario Serrano Arrieta,30,30
gh-31356702976,2026-08-09T23:50:46-05:00,2026138,CLASE TEORICA,(3) Grupo 3,Pedro Luis Jimenez Poveda,30,30
gh-31356702976,2026-08-09T23:50:48-05:00,2015703,NA,(1) Grupo 1,Angela Maria Arboleda Restrepo,40,31
gh-31356702976,2026-08-09T23:50:48-05:00,2015703,NA,(10) Grupo 10,Diego Alejandro Hernandez Castañeda,30,31
gh-31356702976,2026-08-09T23:50:48-05:00,2015703,NA,(11) Grupo 11,Julio Cesar Cañon Rodriguez,30,31
gh-31356702976,2026-08-09T23:50:48-05:00,2015703,NA,(2) Grupo 2,Osman Benjamin Giovanny Vargas Rozo,40,31
gh-31356702976,2026-08-09T23:50:48-05:00,2015703,NA,(3) Grupo 3,Hugo Alberto Herrera Fonseca,40,31
gh-31356702976,2026-08-09T23:50:48-05:00,2015703,NA,(4) Grupo 4,LINA JULIANA BULLA CASAS,30,31
gh-31356702976,2026-08-09T23:50:48-05:00,2015703,NA,(5) Grupo 5 - Virtual,Cesar Augusto Roa Lemus,60,31
gh-31356702976,2026-08-09T23:50:48-05:00,2015703,NA,(6) Grupo 6,JAVIER RICARDO OJEDA SANCHEZ,40,31
gh-31356702976,2026-08-09T23:50:48-05:00,2015703,NA,(7) Grupo 7,JAVIER RICARDO OJEDA SANCHEZ,20,31
gh-31356702976,2026-08-09T23:50:48-05:00,2015703,NA,(8) Grupo 8,Diego Alejandro Hernandez Castañeda,40,31
gh-31356702976,2026-08-09T23:50:48-05:00,2015703,NA,(9) Grupo 9,LINA JULIANA BULLA CASAS,35,31
gh-31356702976,2026-08-09T23:50:49-05:00,1000044-B,CLASE TEORICA,(1) Grupo 1,Beatriz Elena Urrutia Sanchez,26,32
gh-31356702976,2026-08-09T23:50:49-05:00,1000044-B,CLASE TEORICA,(2) Grupo 2,Yaneli Niño Osorio,26,32
gh-31356702976,2026-08-09T23:50:49-05:00,1000044-B,CLASE TEORICA,(3) Grupo 3,Luis Gabriel Peña Ortiz,26,32
gh-31356702976,2026-08-09T23:50:49-05:00,1000044-B,CLASE TEORICA,(4) Grupo 4,Liliana Marcela Guzman Aricapa,26,32
gh-31356702976,2026-08-09T23:50:49-05:00,1000044-B,CLASE TEORICA,(5) Grupo 5,Beatriz Elena Urrutia Sanchez,26,32
gh-31356702976,2026-08-09T23:50:49-05:00,1000044-B,CLASE TEORICA,(6) Grupo 6,Cesar Augusto Romero,26,32
gh-31356702976,2026-08-09T23:50:49-05:00,1000044-B,CLASE TEORICA,(7) Grupo 7,JOSE JONATHAN MAESTRE HERRERA,26,32
gh-31356702976,2026-08-09T23:50:49-05:00,1000044-B,CLASE TEORICA,(8) Grupo 8,Beymar Leonardo Solorzano Alviz,26,32
gh-31356702976,2026-08-09T23:50:49-05:00,1000044-B,CLASE TEORICA,(9) Grupo 9,Claudia Marcela Arevalo Gomez,7,32
gh-31356702976,2026-08-09T23:50:50-05:00,1000045-B,CLASE TEORICA,(1) Grupo 1,Claudia Marcela Arevalo Gomez,10,33
gh-31356702976,2026-08-09T23:50:50-05:00,1000045-B,CLASE TEORICA,(10) Grupo 10,Jesica paola Rendon Alfonso,26,33
gh-31356702976,2026-08-09T23:50:50-05:00,1000045-B,CLASE TEORICA,(11) Grupo 11,JOSE JONATHAN MAESTRE HERRERA,26,33
gh-31356702976,2026-08-09T23:50:50-05:00,1000045-B,CLASE TEORICA,(12) Grupo 12,LINDA JOHANA RUIZ GOMEZ,26,33
gh-31356702976,2026-08-09T23:50:50-05:00,1000045-B,CLASE TEORICA,(13) Grupo 13,Narly Yadira Pardo Cadena,26,33
gh-31356702976,2026-08-09T23:50:50-05:00,1000045-B,CLASE TEORICA,(14) Grupo 14,Angelica Saenz Fonseca,26,33
gh-31356702976,2026-08-09T23:50:50-05:00,1000045-B,CLASE TEORICA,(15) Grupo 15,Narly Yadira Pardo Cadena,26,33
gh-31356702976,2026-08-09T23:50:50-05:00,1000045-B,CLASE TEORICA,(16) Grupo 16,Luis Gabriel Peña Ortiz,26,33
gh-31356702976,2026-08-09T23:50:50-05:00,1000045-B,CLASE TEORICA,(2) Grupo 2,Cesar Augusto Romero,26,33
gh-31356702976,2026-08-09T23:50:50-05:00,1000045-B,CLASE TEORICA,(3) Grupo 3,Jesica paola Rendon Alfonso,26,33
gh-31356702976,2026-08-09T23:50:50-05:00,1000045-B,CLASE TEORICA,(4) Grupo 4,Adriana Marlen Sanchez Riaño,26,33
gh-31356702976,2026-08-09T23:50:50-05:00,1000045-B,CLASE TEORICA,(5) Grupo 5,Cesar Augusto Romero,26,33
gh-31356702976,2026-08-09T23:50:50-05:00,1000045-B,CLASE TEORICA,(6) Grupo 6,Sara Elisa Monsalve Patino,26,33
gh-31356702976,2026-08-09T23:50:50-05:00,1000045-B,CLASE TEORICA,(7) Grupo 7,Luis Gabriel Peña Ortiz,26,33
gh-31356702976,2026-08-09T23:50:50-05:00,1000045-B,CLASE TEORICA,(8) Grupo 8,Johnatan Martinez Hernandez,26,33
gh-31356702976,2026-08-09T23:50:50-05:00,1000045-B,CLASE TEORICA,(9) Grupo 9,Maureen Elizabeth Hooker Oneill,15,33
gh-31356702976,2026-08-09T23:50:53-05:00,1000046-B,CLASE TEORICA,(1) Grupo 1,Johnatan Martinez Hernandez,26,35
gh-31356702976,2026-08-09T23:50:53-05:00,1000046-B,CLASE TEORICA,(10) Grupo 10,Jennly Angelica Gomez Rodriguez,26,35
gh-31356702976,2026-08-09T23:50:53-05:00,1000046-B,CLASE TEORICA,(11) Grupo 11,Angelica Saenz Fonseca,26,35
gh-31356702976,2026-08-09T23:50:53-05:00,1000046-B,CLASE TEORICA,(12) Grupo 12,Liliana Marcela Guzman Aricapa,26,35
gh-31356702976,2026-08-09T23:50:53-05:00,1000046-B,CLASE TEORICA,(13) Grupo 13,ALBA LUCIA RIAÑO RODRIGUEZ,26,35
gh-31356702976,2026-08-09T23:50:53-05:00,1000046-B,CLASE TEORICA,(14) Grupo 14,Angelica Saenz Fonseca,26,35
gh-31356702976,2026-08-09T23:50:53-05:00,1000046-B,CLASE TEORICA,(15) Grupo 15,Luis Gabriel Peña Ortiz,26,35
gh-31356702976,2026-08-09T23:50:53-05:00,1000046-B,CLASE TEORICA,(16) Grupo 16,Olga Lucia Ruiz Convers,26,35
gh-31356702976,2026-08-09T23:50:53-05:00,1000046-B,CLASE TEORICA,(17) Grupo 17,Luis Gabriel Peña Ortiz,26,35
gh-31356702976,2026-08-09T23:50:53-05:00,1000046-B,CLASE TEORICA,(18) Grupo 18,Narly Yadira Pardo Cadena,26,35
gh-31356702976,2026-08-09T23:50:53-05:00,1000046-B,CLASE TEORICA,(2) Grupo 2,Jesica paola Rendon Alfonso,26,35
gh-31356702976,2026-08-09T23:50:53-05:00,1000046-B,CLASE TEORICA,(3) Grupo 3,JESUS DAVID TORRES RODRIGUEZ,26,35
gh-31356702976,2026-08-09T23:50:53-05:00,1000046-B,CLASE TEORICA,(4) Grupo 4,Claudia Patricia Cortes Lora,26,35
gh-31356702976,2026-08-09T23:50:53-05:00,1000046-B,CLASE TEORICA,(5) Grupo 5,Johnatan Martinez Hernandez,26,35
gh-31356702976,2026-08-09T23:50:53-05:00,1000046-B,CLASE TEORICA,(6) Grupo 6,Johnatan Martinez Hernandez,26,35
gh-31356702976,2026-08-09T23:50:53-05:00,1000046-B,CLASE TEORICA,(7) Grupo 7,Jesica paola Rendon Alfonso,26,35
gh-31356702976,2026-08-09T23:50:53-05:00,1000046-B,CLASE TEORICA,(8) Grupo 8,Beatriz Elena Urrutia Sanchez,26,35
gh-31356702976,2026-08-09T23:50:53-05:00,1000046-B,CLASE TEORICA,(9) Grupo 9,Maureen Elizabeth Hooker Oneill,10,35
gh-31356702976,2026-08-09T23:50:56-05:00,1000052-B,CLASE TEORICA,(1) Grupo 1,Liliana Marcela Guzman Aricapa,28,37
gh-31356702976,2026-08-09T23:50:56-05:00,1000052-B,CLASE TEORICA,(2) Grupo 2,JOSE JONATHAN MAESTRE HERRERA,28,37
gh-31356702976,2026-08-09T23:50:56-05:00,1000052-B,CLASE TEORICA,(3) Grupo 3,Aida Elena Monsalve Solorzano,28,37
gh-31356702976,2026-08-09T23:50:57-05:00,1000053-B,CLASE TEORICA,(1) Grupo 1,Jennly Angelica Gomez Rodriguez,28,38
gh-31356702976,2026-08-09T23:50:57-05:00,1000053-B,CLASE TEORICA,(2) Grupo 2,Yaneli Niño Osorio,28,38
gh-31356702976,2026-08-09T23:50:57-05:00,1000053-B,CLASE TEORICA,(3) Grupo 3,Javier Rodriguez Gomez,30,38
gh-31356702976,2026-08-09T23:50:57-05:00,1000053-B,CLASE TEORICA,(4) Grupo 4,Javier Rodriguez Gomez,30,38
gh-31356702976,2026-08-09T23:50:57-05:00,1000053-B,CLASE TEORICA,(5) Grupo 5,LINDA JOHANA RUIZ GOMEZ,28,38
gh-31356702976,2026-08-09T23:50:57-05:00,1000053-B,CLASE TEORICA,(6) Grupo 6,Olga Lucia Ruiz Convers,28,38
gh-31356702976,2026-08-09T23:50:59-05:00,1000047-B,CLASE TEORICA,(1) Grupo 1,Cesar Augusto Romero,26,39
gh-31356702976,2026-08-09T23:50:59-05:00,1000047-B,CLASE TEORICA,(10) Grupo 10,Monica Alexandra Riaño Orjuela,26,39
gh-31356702976,2026-08-09T23:50:59-05:00,1000047-B,CLASE TEORICA,(11) Grupo 11,Jennly Angelica Gomez Rodriguez,26,39
gh-31356702976,2026-08-09T23:50:59-05:00,1000047-B,CLASE TEORICA,(12) Grupo 12,Claudia Patricia Cortes Lora,26,39
gh-31356702976,2026-08-09T23:50:59-05:00,1000047-B,CLASE TEORICA,(13) Grupo 13,Angelica Saenz Fonseca,26,39
gh-31356702976,2026-08-09T23:50:59-05:00,1000047-B,CLASE TEORICA,(14) Grupo 14,LINDA JOHANA RUIZ GOMEZ,26,39
gh-31356702976,2026-08-09T23:50:59-05:00,1000047-B,CLASE TEORICA,(15) Grupo 15,Claudia Patricia Cortes Lora,26,39
gh-31356702976,2026-08-09T23:50:59-05:00,1000047-B,CLASE TEORICA,(16) Grupo 16,Narly Yadira Pardo Cadena,26,39
gh-31356702976,2026-08-09T23:50:59-05:00,1000047-B,CLASE TEORICA,(17) Grupo 17,Angelica Saenz Fonseca,26,39
gh-31356702976,2026-08-09T23:50:59-05:00,1000047-B,CLASE TEORICA,(18) Grupo 18,ALBA LUCIA RIAÑO RODRIGUEZ,26,39
gh-31356702976,2026-08-09T23:50:59-05:00,1000047-B,CLASE TEORICA,(19) Grupo 19,Aida Elena Monsalve Solorzano,26,39
gh-31356702976,2026-08-09T23:50:59-05:00,1000047-B,CLASE TEORICA,(2) Grupo 2,Yaneli Niño Osorio,26,39
gh-31356702976,2026-08-09T23:50:59-05:00,1000047-B,CLASE TEORICA,(20) Grupo 20,ALBA LUCIA RIAÑO RODRIGUEZ,26,39
gh-31356702976,2026-08-09T23:50:59-05:00,1000047-B,CLASE TEORICA,(21) Grupo 21,Edwin Yesid Leon Silva,26,39
gh-31356702976,2026-08-09T23:50:59-05:00,1000047-B,CLASE TEORICA,(22) Grupo 22,LINDA JOHANA RUIZ GOMEZ,26,39
gh-31356702976,2026-08-09T23:50:59-05:00,1000047-B,CLASE TEORICA,(3) Grupo 3,Monica Alexandra Riaño Orjuela,26,39
gh-31356702976,2026-08-09T23:50:59-05:00,1000047-B,CLASE TEORICA,(4) Grupo 4,Claudia Patricia Cortes Lora,26,39
gh-31356702976,2026-08-09T23:50:59-05:00,1000047-B,CLASE TEORICA,(5) Grupo 5,Olga Lucia Ruiz Convers,26,39
gh-31356702976,2026-08-09T23:50:59-05:00,1000047-B,CLASE TEORICA,(6) Grupo 6,Monica Alexandra Riaño Orjuela,26,39
gh-31356702976,2026-08-09T23:50:59-05:00,1000047-B,CLASE TEORICA,(7) Grupo 7,Cesar Augusto Romero,26,39
gh-31356702976,2026-08-09T23:50:59-05:00,1000047-B,CLASE TEORICA,(8) Grupo 8,Beatriz Elena Urrutia Sanchez,26,39
gh-31356702976,2026-08-09T23:50:59-05:00,1000047-B,CLASE TEORICA,(9) Grupo 9,Keshia Hilary Howard Livingston,15,39
gh-31356702976,2026-08-09T23:51:02-05:00,2026186,CLASE TEORICA,(1) Grupo 1,Carol Andrea Murillo Feo,7,41
gh-31356702976,2026-08-09T23:51:02-05:00,2026186,CLASE TEORICA,(2) Grupo 2,Leonel Vega Mora,0,41
gh-31356702976,2026-08-09T23:51:02-05:00,2026186,CLASE TEORICA,(4) Grupo 4,Carlos Orlando Robles Roa,10,41
gh-31356702976,2026-08-09T23:51:04-05:00,1000002-B,CLASE TEORICA,(1) Grupo 1 - Clase Presencial,Ruth Andrea Cortés Suárez,1,42
gh-31356702976,2026-08-09T23:51:04-05:00,1000002-B,CLASE TEORICA,(10) Grupo 10 - Clase presencial,Karen Johanna Castelblanco Villamil,0,42
gh-31356702976,2026-08-09T23:51:04-05:00,1000002-B,CLASE TEORICA,(2) Grupo 2 - Clase Presencial,Ruth Andrea Cortés Suárez,0,42
gh-31356702976,2026-08-09T23:51:04-05:00,1000002-B,CLASE TEORICA,(3) Grupo 3 - Clase Presencial,Adriana Patricia Díaz Cuevas,0,42
gh-31356702976,2026-08-09T23:51:04-05:00,1000002-B,CLASE TEORICA,(4) Grupo 4 - Clase Presencial,Adriana Patricia Díaz Cuevas,0,42
gh-31356702976,2026-08-09T23:51:04-05:00,1000002-B,CLASE TEORICA,(5) Grupo 5 - Clase Presencial,Andres Felipe Escovar Barreto,0,42
gh-31356702976,2026-08-09T23:51:04-05:00,1000002-B,CLASE TEORICA,(6) Grupo 6 - Clase Presencial,Ruth Andrea Cortés Suárez,0,42
gh-31356702976,2026-08-09T23:51:04-05:00,1000002-B,CLASE TEORICA,(7) Grupo 7 - Clase Presencial,Karen Johanna Castelblanco Villamil,0,42
gh-31356702976,2026-08-09T23:51:04-05:00,1000002-B,CLASE TEORICA,(8) Grupo 8 - Clase Presencial,Adriana Patricia Díaz Cuevas,0,42
gh-31356702976,2026-08-09T23:51:04-05:00,1000002-B,CLASE TEORICA,(9) Grupo 9 - Clase Presencial,Carlas Lucia Castilla Lara,10,42
gh-31356702976,2026-08-09T23:51:06-05:00,1000001-B,CLASE TEORICA,(1) Grupo 1,No informado,0,43
gh-31356702976,2026-08-09T23:51:06-05:00,1000001-B,CLASE MAGISTRAL,(1) Grupo 1,Ibeth Marcela Rubio Perilla,0,43
gh-31356702976,2026-08-09T23:51:06-05:00,1000001-B,CLASE MAGISTRAL,(10) Grupo 10,No informado,0,43
gh-31356702976,2026-08-09T23:51:06-05:00,1000001-B,CLASE TEORICA,(19) Grupo 19,No informado,5,43
gh-31356702976,2026-08-09T23:51:06-05:00,1000001-B,CLASE TEORICA,(2) Grupo 2,No informado,10,43
gh-31356702976,2026-08-09T23:51:06-05:00,1000001-B,CLASE MAGISTRAL,(2) Grupo 2,Herbert Alonso Dueñas Ruiz,0,43
gh-31356702976,2026-08-09T23:51:06-05:00,1000001-B,CLASE MAGISTRAL,(3) Grupo 3,Jeanneth Galeano Penaloza,0,43
gh-31356702976,2026-08-09T23:51:06-05:00,1000001-B,CLASE MAGISTRAL,(4) Grupo 4,Gustavo Adolfo Nieto Clavijo,0,43
gh-31356702976,2026-08-09T23:51:06-05:00,1000001-B,CLASE MAGISTRAL,(5) Grupo 5,Natalia Camila Pinzon Cortes,0,43
gh-31356702976,2026-08-09T23:51:06-05:00,1000001-B,CLASE MAGISTRAL,(6) Grupo 6,Martha Cecilia Moreno Penagos,0,43
gh-31356702976,2026-08-09T23:51:06-05:00,1000001-B,CLASE MAGISTRAL,(7) Grupo 7,Claudio Rodriguez Beltran,0,43
gh-31356702976,2026-08-09T23:51:06-05:00,1000001-B,CLASE MAGISTRAL,(8) Grupo 8,Gabriel Ignacio Padilla Leon,0,43
gh-31356702976,2026-08-09T23:51:06-05:00,1000001-B,CLASE MAGISTRAL,(9) Grupo 9,No informado,10,43
gh-31356702976,2026-08-09T23:51:07-05:00,2015965,CLASE TEORICA,(1) Grupo 1,CAMILO RIOS FRESNEDA,24,44
gh-31356702976,2026-08-09T23:51:07-05:00,2015965,CLASE TEORICA,(2) Grupo 2,Julian David Puerto Suarez; Vladimir Buelvas Hernández,24,44
gh-31356702976,2026-08-09T23:51:07-05:00,2015965,CLASE TEORICA,(3) Grupo 3,Ferney Betancourt Cardozo; Juan Manuel Lizarazo Marriaga,24,44
gh-31356702976,2026-08-09T23:51:07-05:00,2015965,CLASE TEORICA,(4) Grupo 4,No informado,24,44
gh-31356702976,2026-08-09T23:51:09-05:00,2015966,CLASE TEORICA,(1) Grupo 1,No informado,24,45
gh-31356702976,2026-08-09T23:51:09-05:00,2015966,CLASE TEORICA,(2) Grupo 2,Adriana Patricia Piña Fulano,24,45
gh-31356702976,2026-08-09T23:51:09-05:00,2015966,CLASE TEORICA,(3) Grupo 3,Rafael Orland Ortiz Mosquera,24,45
gh-31356702976,2026-08-09T23:51:09-05:00,2015966,CLASE TEORICA,(4) Grupo 4,No informado,24,45
gh-31356702976,2026-08-09T23:51:09-05:00,2015966,CLASE TEORICA,(5) Grupo 5,No informado,24,45
gh-31356702976,2026-08-09T23:51:09-05:00,2015966,CLASE TEORICA,(6) Grupo 6,Luis Alejandro Morales Marin,24,45
gh-31356702976,2026-08-09T23:51:09-05:00,2015966,CLASE TEORICA,(7) Grupo 7,No informado,24,45
gh-31356702976,2026-08-09T23:51:09-05:00,2015966,CLASE TEORICA,(8) Grupo 8,No informado,24,45
gh-31356702976,2026-08-09T23:51:10-05:00,2015967,NA,(1) Grupo 1,Vladimir Buelvas Hernández,24,46
gh-31356702976,2026-08-09T23:51:12-05:00,2015968,CLASE TEORICA,(1) Grupo 1,Ricardo Parra Arango,24,47
gh-31356702976,2026-08-09T23:51:12-05:00,2015968,CLASE TEORICA,(2) Grupo 2,Juan David Oliveros Salazar,24,47
gh-31356702976,2026-08-09T23:51:12-05:00,2015968,CLASE TEORICA,(3) Grupo 3,No informado,24,47
gh-31356702976,2026-08-09T23:51:12-05:00,2015968,CLASE TEORICA,(4) Grupo 4,Ricardo Parra Arango,24,47
gh-31356702976,2026-08-09T23:51:12-05:00,2015968,CLASE TEORICA,(5) Grupo 5,Julian David Puerto Suarez,24,47
gh-31356702976,2026-08-09T23:51:12-05:00,2015968,CLASE TEORICA,(6) Grupo 6,Dorian Luis Linero Segrera,24,47
gh-31356702976,2026-08-09T23:51:12-05:00,2015968,CLASE TEORICA,(7) Grupo 7,No informado,0,47
gh-31356702976,2026-08-09T23:51:13-05:00,2015969,CLASE TEORICA,(1) Grupo 1 (Inglés),Julio Esteban Colmenares Montañez,30,48
gh-31356702976,2026-08-09T23:51:13-05:00,2015969,CLASE TEORICA,(2) Grupo 2,Guillermo Eduardo Avila Alvarez,30,48
gh-31356702976,2026-08-09T23:51:13-05:00,2015969,CLASE TEORICA,(3) Grupo 3,Livaniel Viveros Rosero,30,48
gh-31356702976,2026-08-09T23:51:13-05:00,2015969,CLASE TEORICA,(4) Grupo 4,No informado,30,48
gh-31356702976,2026-08-09T23:51:14-05:00,2015970,CLASE PRACTICA,(4) Grupo 4,Helga Duarte,30,49
gh-31356702976,2026-08-09T23:51:14-05:00,2015970,CLASE PRACTICA,(5) Grupo 5,Oswaldo Rojas Camacho,45,49
gh-31356702976,2026-08-09T23:51:14-05:00,2015970,CLASE PRACTICA,(8) Grupo 8,Helga Duarte,30,49
gh-31356702976,2026-08-09T23:51:14-05:00,2015970,CLASE PRACTICA,(9) Grupo 9,Oswaldo Rojas Camacho,45,49
gh-31356702976,2026-08-09T23:51:15-05:00,2017293,CLASE TEORICA,(1) 2017293-1 Modelación matemática,JUAN SEBASTIÁN HINCAPIÉ MONTES,34,50
gh-31356702976,2026-08-09T23:51:15-05:00,2017293,CLASE MAGISTRAL,(1M) 2017293-1M Modelación matemática - Magistral,Carlos Alberto Duque Daza,80,50
gh-31356702976,2026-08-09T23:51:15-05:00,2017293,CLASE TEORICA,(2) 2017293-2 Modelación matemática,JUAN SEBASTIÁN HINCAPIÉ MONTES,34,50
gh-31356702976,2026-08-09T23:51:19-05:00,2015971,CLASE TEORICA,(1) Grupo 1,No informado,30,53
gh-31356702976,2026-08-09T23:51:19-05:00,2015971,CLASE TEORICA,(2) Grupo 2,Ferney Betancourt Cardozo,30,53
gh-31356702976,2026-08-09T23:51:19-05:00,2015971,CLASE TEORICA,(3) Grupo 3,No informado,30,53
gh-31356702976,2026-08-09T23:51:20-05:00,2015972,CLASE TEORICA,(1) Grupo 1,Carlos Alberto Moncada Aristizabal,15,54
gh-31356702976,2026-08-09T23:51:20-05:00,2015972,CLASE TEORICA,(2) Grupo 2,SANTIAGO RAMIREZ ECHEVERRI,15,54
gh-31356702976,2026-08-09T23:51:20-05:00,2015972,CLASE TEORICA,(3) Grupo 3,No informado,15,54
gh-31356702976,2026-08-09T23:51:21-05:00,1000024-B,CLASE TEORICA,(12) Grupo 12,Edgar Delgado Mejia,0,55
gh-31356702976,2026-08-09T23:51:21-05:00,1000024-B,CLASE TEORICA,(13) Grupo 13,Jesus Sigifredo Valencia Rios,0,55
gh-31356702976,2026-08-09T23:51:21-05:00,1000024-B,CLASE TEORICA,(14) Grupo 14,Jhon Jairo Aragón Arias,10,55
gh-31356702976,2026-08-09T23:51:23-05:00,1000013-B,CLASE TEORICA,(1) Grupo 1,JHONIER SEBASTIAN RANGEL GUTIERREZ,0,56
gh-31356702976,2026-08-09T23:51:23-05:00,1000013-B,CLASE TEORICA,(10) Grupo 10,Sandra Vergara Cardozo,35,56
gh-31356702976,2026-08-09T23:51:23-05:00,1000013-B,CLASE TEORICA,(11) Grupo 11,DIEGO ALBERTO MARTINEZ SIMBAQUEVA,40,56
gh-31356702976,2026-08-09T23:51:23-05:00,1000013-B,CLASE TEORICA,(12) Grupo 12,DIEGO ALBERTO MARTINEZ SIMBAQUEVA,40,56
gh-31356702976,2026-08-09T23:51:23-05:00,1000013-B,CLASE TEORICA,(13) Grupo 13,DIEGO ALBERTO MARTINEZ SIMBAQUEVA,30,56
gh-31356702976,2026-08-09T23:51:23-05:00,1000013-B,CLASE TEORICA,(14) Grupo 14,Andrea Catalina Garcia Montoya,45,56
gh-31356702976,2026-08-09T23:51:23-05:00,1000013-B,CLASE TEORICA,(16) Grupo 16,Sergio Alejandro Calderon Villanueva,30,56
gh-31356702976,2026-08-09T23:51:23-05:00,1000013-B,CLASE TEORICA,(2) Grupo 2,Luis Guillermo Diaz Monroy,40,56
gh-31356702976,2026-08-09T23:51:23-05:00,1000013-B,CLASE TEORICA,(22) Grupo 22,Hanwen Zhang,45,56
gh-31356702976,2026-08-09T23:51:23-05:00,1000013-B,CLASE TEORICA,(23) Grupo 23,ULPIANO LARA CRISTANCHO,0,56
gh-31356702976,2026-08-09T23:51:23-05:00,1000013-B,CLASE TEORICA,(3) Grupo 3,Diana Carolina Franco Soto,40,56
gh-31356702976,2026-08-09T23:51:23-05:00,1000013-B,CLASE TEORICA,(4) Grupo 4,Diana Carolina Franco Soto,40,56
gh-31356702976,2026-08-09T23:51:23-05:00,1000013-B,CLASE TEORICA,(5) Grupo 5,Darwin Eduardo Martínez Riaño,35,56
gh-31356702976,2026-08-09T23:51:23-05:00,1000013-B,CLASE TEORICA,(6) Grupo 6,Darwin Eduardo Martínez Riaño,35,56
gh-31356702976,2026-08-09T23:51:23-05:00,1000013-B,CLASE TEORICA,(7) Grupo 7,Camilo Jose Torres Jimenez,40,56
gh-31356702976,2026-08-09T23:51:25-05:00,2015734,NA,(1) Grupo 1,Fernando Salazar Delgado,6,57
gh-31356702976,2026-08-09T23:51:25-05:00,2015734,NA,(10) Grupo 10,Tito Florez Calderon,4,57
gh-31356702976,2026-08-09T23:51:25-05:00,2015734,NA,(11) Grupo 11,DAVID ALBERTO HERRERA ALVAREZ,0,57
gh-31356702976,2026-08-09T23:51:25-05:00,2015734,NA,(12) Grupo 12,FABIEL NATÁN ESPINOSA CASTAÑEDA,1,57
gh-31356702976,2026-08-09T23:51:25-05:00,2015734,NA,(13) Grupo 13,SERGIO CAMILO ESPINOSA BOTERO,4,57
gh-31356702976,2026-08-09T23:51:25-05:00,2015734,NA,(14) Grupo 14,Felipe Gonzalez Roldan,0,57
gh-31356702976,2026-08-09T23:51:25-05:00,2015734,NA,(2) Grupo 2,Fernando Salazar Delgado,16,57
gh-31356702976,2026-08-09T23:51:25-05:00,2015734,NA,(3) Grupo 3,Jhoan Sebastian Restrepo Mendoza,0,57
gh-31356702976,2026-08-09T23:51:25-05:00,2015734,NA,(4) Grupo 4,Sandra Liliana Rojas Martinez,0,57
gh-31356702976,2026-08-09T23:51:25-05:00,2015734,NA,(5) Grupo 5,Jhoan Sebastian Restrepo Mendoza,0,57
gh-31356702976,2026-08-09T23:51:25-05:00,2015734,NA,(6) Grupo 6,SERGIO CAMILO ESPINOSA BOTERO,8,57
gh-31356702976,2026-08-09T23:51:25-05:00,2015734,NA,(7) Grupo 7,No informado,3,57
gh-31356702976,2026-08-09T23:51:25-05:00,2015734,NA,(8) Grupo 8 - Virtual,FABIEL NATÁN ESPINOSA CASTAÑEDA,30,57
gh-31356702976,2026-08-09T23:51:25-05:00,2015734,NA,(9) Grupo 9,Alvaro Reynel Córdoba,18,57
gh-31356702976,2026-08-09T23:51:27-05:00,2015973,CLASE TEORICA,(1) Grupo 1,No informado,25,59
gh-31356702976,2026-08-09T23:51:27-05:00,2015973,CLASE TEORICA,(2) Grupo 2,GABRIELA ARRIETA LOYO,25,59
gh-31356702976,2026-08-09T23:51:27-05:00,2015973,CLASE TEORICA,(3) Grupo 3,NICOLAS ESCALANTE MORA,25,59
gh-31356702976,2026-08-09T23:51:28-05:00,2022761,NA,(1) Grupo 1,Servio Javier Contreras Guerrero,15,60
gh-31356702976,2026-08-09T23:51:28-05:00,2022761,NA,(2) Grupo 2,Servio Javier Contreras Guerrero,15,60
gh-31356702976,2026-08-09T23:51:28-05:00,2022761,NA,(3) Grupo 3,Samuel Fernando Mesa Giraldo,15,60
gh-31356702976,2026-08-09T23:51:30-05:00,2024045,CLASE TEORICA,(1) 2024045-1 Taller de proyectos interdisciplinarios,No informado,0,61
gh-31356702976,2026-08-09T23:51:30-05:00,2024045,CLASE TEORICA,(10) 2024045-10 Taller de proyectos interdisciplinarios,Oscar Andres Eraso Eraso,0,61
gh-31356702976,2026-08-09T23:51:30-05:00,2024045,CLASE TEORICA,(11) 2024045-11 Taller de proyectos interdisciplinarios,No informado,0,61
gh-31356702976,2026-08-09T23:51:30-05:00,2024045,CLASE TEORICA,(12) 2024045-12 Taller de proyectos interdisciplinarios,Hector Julian Garcia Otalora,200,61
gh-31356702976,2026-08-09T23:51:30-05:00,2024045,CLASE TEORICA,(13) 2024045-13 Taller de proyectos interdisciplinarios,No informado,0,61
gh-31356702976,2026-08-09T23:51:30-05:00,2024045,CLASE TEORICA,(14) 2024045-14 Taller de proyectos interdisciplinarios,Dolly Santos Barbosa,0,61
gh-31356702976,2026-08-09T23:51:30-05:00,2024045,CLASE TEORICA,(15) 2024045-15 Taller de proyectos interdisciplinarios,Oscar Andres Eraso Eraso,0,61
gh-31356702976,2026-08-09T23:51:30-05:00,2024045,CLASE TEORICA,(16) 2024045-16 Taller de proyectos interdisciplinarios,Luis Ignacio Rodriguez Varela,0,61
gh-31356702976,2026-08-09T23:51:30-05:00,2024045,CLASE TEORICA,(17) 2024045-17 Taller de proyectos interdisciplinarios,JOHANA CATALINA MANOSALVA BARRERA,0,61
gh-31356702976,2026-08-09T23:51:30-05:00,2024045,CLASE TEORICA,(18) 2024045-18 Taller de proyectos interdisciplinarios,Fernando Bernal Martinez,0,61
gh-31356702976,2026-08-09T23:51:30-05:00,2024045,CLASE TEORICA,(19) 2024045-19 Taller de proyectos interdisciplinarios,FRANCISCO JAVIER VÁSQUEZ VÁSQUEZ,0,61
gh-31356702976,2026-08-09T23:51:30-05:00,2024045,CLASE TEORICA,(2) 2024045-2 Taller de proyectos interdisciplinarios,Fernando Bernal Martinez,0,61
gh-31356702976,2026-08-09T23:51:30-05:00,2024045,CLASE TEORICA,(21) 2024045-21 Taller de proyectos interdisciplinarios,No informado,0,61
gh-31356702976,2026-08-09T23:51:30-05:00,2024045,CLASE TEORICA,(22) 2024045-22 Taller de proyectos interdisciplinarios,Ubaldo Garcia Zaragoza,0,61
gh-31356702976,2026-08-09T23:51:30-05:00,2024045,CLASE TEORICA,(23) 2024045-23 Taller de proyectos interdisciplinarios,No informado,0,61
gh-31356702976,2026-08-09T23:51:30-05:00,2024045,CLASE TEORICA,(24) 2024045-24 Taller de proyectos interdisciplinarios,Hector Julian Garcia Otalora,200,61
gh-31356702976,2026-08-09T23:51:30-05:00,2024045,CLASE TEORICA,(3) 2024045-3 Taller de proyectos interdisciplinarios,Guillermo Alberto Rocha Casas,0,61
gh-31356702976,2026-08-09T23:51:30-05:00,2024045,CLASE TEORICA,(4) 2024045-4 Taller de proyectos interdisciplinarios,Francy Nayely Prieto Novoa,0,61
gh-31356702976,2026-08-09T23:51:30-05:00,2024045,CLASE TEORICA,(40) 2024045-40 TPI-- NO BORRAR-- BLOQ ESPACIOS,No informado,0,61
gh-31356702976,2026-08-09T23:51:30-05:00,2024045,CLASE TEORICA,(5) 2024045-5 Taller de proyectos interdisciplinarios,Nubia Carmenza Moreno Sarmiento,0,61
gh-31356702976,2026-08-09T23:51:30-05:00,2024045,CLASE TEORICA,(6) 2024045-6 Taller de proyectos interdisciplinarios,JOHANA CATALINA MANOSALVA BARRERA,0,61
gh-31356702976,2026-08-09T23:51:30-05:00,2024045,CLASE TEORICA,(7) 2024045-7 Taller de proyectos interdisciplinarios,Ubaldo Garcia Zaragoza,0,61
gh-31356702976,2026-08-09T23:51:30-05:00,2024045,CLASE TEORICA,(8) 2024045-8 Taller de proyectos interdisciplinarios,JHON FREDDY LOPEZ MEDINA,0,61
gh-31356702976,2026-08-09T23:51:30-05:00,2024045,CLASE TEORICA,(9) 2024045-9 Taller de proyectos interdisciplinarios,Manuel Alejandro Mayorga Betancourt,0,61
gh-31356702976,2026-08-09T23:51:31-05:00,2015296,NA,(1) Grupo 1,Leonardo David Donado Garzon,5,62
gh-31356702976,2026-08-09T23:51:31-05:00,2015296,NA,(10) Grupo 10,Juan Manuel Lizarazo Marriaga,5,62
gh-31356702976,2026-08-09T23:51:31-05:00,2015296,NA,(11) Grupo 11,Octavio Coronado Garcia,5,62
gh-31356702976,2026-08-09T23:51:31-05:00,2015296,NA,(12) Grupo 12,Carol Andrea Murillo Feo,5,62
gh-31356702976,2026-08-09T23:51:31-05:00,2015296,NA,(13) Grupo 13,CAMILO RIOS FRESNEDA,5,62
gh-31356702976,2026-08-09T23:51:31-05:00,2015296,NA,(14) Grupo 14,William Castro Garcia,5,62
gh-31356702976,2026-08-09T23:51:31-05:00,2015296,NA,(15) Grupo 15,Luis Alejandro Morales Marin,5,62
gh-31356702976,2026-08-09T23:51:31-05:00,2015296,NA,(16) Grupo 16,Ferney Betancourt Cardozo,5,62
gh-31356702976,2026-08-09T23:51:31-05:00,2015296,NA,(17) Grupo 17,Maria Alejandra Caicedo Londoño,5,62
gh-31356702976,2026-08-09T23:51:31-05:00,2015296,NA,(18) Grupo 18,Guillermo Eduardo Avila Alvarez,5,62
gh-31356702976,2026-08-09T23:51:31-05:00,2015296,NA,(19) Grupo 19,Carlos Alfonso Gomez Guacaneme,0,62
gh-31356702976,2026-08-09T23:51:31-05:00,2015296,NA,(2) Grupo 2,Carlos Orlando Robles Roa,5,62
gh-31356702976,2026-08-09T23:51:31-05:00,2015296,NA,(3) Grupo 3,Angela Barrera Puerto,5,62
gh-31356702976,2026-08-09T23:51:31-05:00,2015296,NA,(4) Grupo 4,Mauricio Alberto Tapias Camacho,5,62
gh-31356702976,2026-08-09T23:51:31-05:00,2015296,NA,(5) Grupo 5,Maritzabel Molina Herrera,5,62
gh-31356702976,2026-08-09T23:51:31-05:00,2015296,NA,(6) Grupo 6,Rodolfo Rodriguez Baracaldo,5,62
gh-31356702976,2026-08-09T23:51:31-05:00,2015296,NA,(7) Grupo 7,SANTIAGO RAMIREZ ECHEVERRI,5,62
gh-31356702976,2026-08-09T23:51:31-05:00,2015296,NA,(8) Grupo 8,Jose Ricardo Martinez Vargas,5,62
gh-31356702976,2026-08-09T23:51:31-05:00,2015296,NA,(9) Grupo 9,GABRIELA ARRIETA LOYO,5,62
gh-31356702976,2026-08-09T23:51:32-05:00,2015299,CLASE TEORICA,(1) Grupo 1,GABRIELA ARRIETA LOYO,51,63
