run_id,ts_lectura,codigo,actividad,grupo,profesores_raw,cupos_disponibles,orden_lectura
gh-31764014573-0814T0500,2026-08-14T00:00:28-05:00,2015938,CLASE TEORICA,(1) Grupo 1,Maria Alejandra Caicedo Londoño,25,0
gh-31764014573-0814T0500,2026-08-14T00:00:28-05:00,2015938,CLASE TEORICA,(2) Grupo 2,Maria Alejandra Caicedo Londoño,25,0
gh-31764014573-0814T0500,2026-08-14T00:00:28-05:00,2015938,CLASE TEORICA,(3) Grupo 3,JOSE LUIS DIAZ AREVALO,25,0
gh-31764014573-0814T0500,2026-08-14T00:00:28-05:00,2015938,CLASE TEORICA,(4) Grupo 4,JOSE LUIS DIAZ AREVALO,24,0
gh-31764014573-0814T0500,2026-08-14T00:00:29-05:00,2015939,CLASE TEORICA,(1) Grupo 1,ALVARO MARTIN GUTIERREZ MALAXECHEBARRIA,25,1
gh-31764014573-0814T0500,2026-08-14T00:00:29-05:00,2015939,CLASE TEORICA,(2) Grupo 2,ALVARO MARTIN GUTIERREZ MALAXECHEBARRIA,25,1
gh-31764014573-0814T0500,2026-08-14T00:00:29-05:00,2015939,CLASE TEORICA,(3) Grupo 3,Edder Alexander Velandia Duran,25,1
gh-31764014573-0814T0500,2026-08-14T00:00:29-05:00,2015939,CLASE TEORICA,(4) Grupo 4,No informado,25,1
gh-31764014573-0814T0500,2026-08-14T00:00:30-05:00,1000003-B,NA,(1) Grupo 1,Erika Lorena Rosero Alzate; Oscar Andrés Rojas Sepúlveda,0,2
gh-31764014573-0814T0500,2026-08-14T00:00:30-05:00,1000003-B,NA,(10) Grupo 10,Epifanio Lozano Ayala,14,2
gh-31764014573-0814T0500,2026-08-14T00:00:30-05:00,1000003-B,NA,(11) Grupo 11,No informado,60,2
gh-31764014573-0814T0500,2026-08-14T00:00:30-05:00,1000003-B,NA,(12) Grupo 12,No informado,40,2
gh-31764014573-0814T0500,2026-08-14T00:00:30-05:00,1000003-B,NA,(13) Grupo 13,Mohammed EL AIDI,40,2
gh-31764014573-0814T0500,2026-08-14T00:00:30-05:00,1000003-B,NA,(15) Grupo 15,Myriam Leonor Campos Florez,60,2
gh-31764014573-0814T0500,2026-08-14T00:00:30-05:00,1000003-B,NA,(16) Grupo 16,No informado,60,2
gh-31764014573-0814T0500,2026-08-14T00:00:30-05:00,1000003-B,NA,(17) Grupo 17,Martha Cecilia Moreno Penagos,40,2
gh-31764014573-0814T0500,2026-08-14T00:00:30-05:00,1000003-B,NA,(18) Grupo 18,John Alexander Cruz Morales,52,2
gh-31764014573-0814T0500,2026-08-14T00:00:30-05:00,1000003-B,NA,(20) Grupo 20,Natalia Camila Pinzon Cortes,60,2
gh-31764014573-0814T0500,2026-08-14T00:00:30-05:00,1000003-B,NA,(21) Grupo 21,Ivon Andrea Dorado Correa,52,2
gh-31764014573-0814T0500,2026-08-14T00:00:30-05:00,1000003-B,NA,(22) Grupo 22,No informado,46,2
gh-31764014573-0814T0500,2026-08-14T00:00:30-05:00,1000003-B,NA,(3) Grupo 3,No informado,60,2
gh-31764014573-0814T0500,2026-08-14T00:00:30-05:00,1000003-B,NA,(4) Grupo 4,Luis Alejandro Barbosa Torres,112,2
gh-31764014573-0814T0500,2026-08-14T00:00:30-05:00,1000003-B,NA,(5) Grupo 5,Jaime David Mora Paz,60,2
gh-31764014573-0814T0500,2026-08-14T00:00:30-05:00,1000003-B,NA,(7) Grupo 7,Myriam Leonor Campos Florez,40,2
gh-31764014573-0814T0500,2026-08-14T00:00:30-05:00,1000003-B,NA,(8) Grupo 8,No informado,10,2
gh-31764014573-0814T0500,2026-08-14T00:00:31-05:00,2015940,CLASE TEORICA,(1) Grupo 1,Maritzabel Molina Herrera,24,3
gh-31764014573-0814T0500,2026-08-14T00:00:31-05:00,2015940,CLASE TEORICA,(2) Grupo 2,Gabriel Andres Bernal Granados,24,3
gh-31764014573-0814T0500,2026-08-14T00:00:31-05:00,2015940,CLASE TEORICA,(3) Grupo 3,No informado,24,3
gh-31764014573-0814T0500,2026-08-14T00:00:33-05:00,2015941,CLASE TEORICA,(1) Grupo 1,Patricia Luna Tamayo,30,4
gh-31764014573-0814T0500,2026-08-14T00:00:33-05:00,2015941,CLASE TEORICA,(2) Grupo 2,No informado,30,4
gh-31764014573-0814T0500,2026-08-14T00:00:33-05:00,2015941,CLASE TEORICA,(3) Grupo 3,Carlos Ramiro Vallecilla Bahena,30,4
gh-31764014573-0814T0500,2026-08-14T00:00:33-05:00,2015941,CLASE TEORICA,(4) Grupo 4,No informado,30,4
gh-31764014573-0814T0500,2026-08-14T00:00:34-05:00,1000004-B,NA,(10) Grupo 10,No informado,53,5
gh-31764014573-0814T0500,2026-08-14T00:00:34-05:00,1000004-B,NA,(11) Grupo 11,No informado,24,5
gh-31764014573-0814T0500,2026-08-14T00:00:34-05:00,1000004-B,NA,(12) Grupo 12,No informado,24,5
gh-31764014573-0814T0500,2026-08-14T00:00:34-05:00,1000004-B,NA,(13) Grupo 13,No informado,16,5
gh-31764014573-0814T0500,2026-08-14T00:00:34-05:00,1000004-B,NA,(14) Grupo 14,No informado,90,5
gh-31764014573-0814T0500,2026-08-14T00:00:34-05:00,1000004-B,NA,(16) Grupo 16,No informado,27,5
gh-31764014573-0814T0500,2026-08-14T00:00:34-05:00,1000004-B,NA,(17) Grupo 17,Hernan Garzon Gutierrez,39,5
gh-31764014573-0814T0500,2026-08-14T00:00:34-05:00,1000004-B,NA,(19) Grupo 19,No informado,59,5
gh-31764014573-0814T0500,2026-08-14T00:00:34-05:00,1000004-B,NA,(2) Grupo 2,No informado,24,5
gh-31764014573-0814T0500,2026-08-14T00:00:34-05:00,1000004-B,NA,(20) Grupo 20,Hernan Garzon Gutierrez,10,5
gh-31764014573-0814T0500,2026-08-14T00:00:34-05:00,1000004-B,NA,(21) Grupo 21,No informado,60,5
gh-31764014573-0814T0500,2026-08-14T00:00:34-05:00,1000004-B,NA,(22) Grupo 22,No informado,60,5
gh-31764014573-0814T0500,2026-08-14T00:00:34-05:00,1000004-B,NA,(24) Grupo 24,Ricardo Ariel Pastran Ramirez,60,5
gh-31764014573-0814T0500,2026-08-14T00:00:34-05:00,1000004-B,NA,(25) Grupo 25,No informado,40,5
gh-31764014573-0814T0500,2026-08-14T00:00:34-05:00,1000004-B,NA,(27) Grupo 27,No informado,51,5
gh-31764014573-0814T0500,2026-08-14T00:00:34-05:00,1000004-B,NA,(28) Grupo 28,No informado,60,5
gh-31764014573-0814T0500,2026-08-14T00:00:34-05:00,1000004-B,NA,(29) Grupo 29,No informado,60,5
gh-31764014573-0814T0500,2026-08-14T00:00:34-05:00,1000004-B,NA,(30) Grupo 30,No informado,60,5
gh-31764014573-0814T0500,2026-08-14T00:00:34-05:00,1000004-B,NA,(32) Grupo 32,No informado,90,5
gh-31764014573-0814T0500,2026-08-14T00:00:34-05:00,1000004-B,NA,(4) Grupo 4,Myriam Leonor Campos Florez,37,5
gh-31764014573-0814T0500,2026-08-14T00:00:34-05:00,1000004-B,NA,(5) Grupo 5,Oscar Javier Lopez Alfonso,84,5
gh-31764014573-0814T0500,2026-08-14T00:00:34-05:00,1000004-B,NA,(7) Grupo 7,Anderson Arley Vera Arboleda,64,5
gh-31764014573-0814T0500,2026-08-14T00:00:34-05:00,1000004-B,NA,(8) Grupo 8,No informado,40,5
gh-31764014573-0814T0500,2026-08-14T00:00:34-05:00,1000004-B,NA,(9) Grupo 9,No informado,18,5
gh-31764014573-0814T0500,2026-08-14T00:00:36-05:00,1000006-B,NA,(1) Grupo 1,No informado,40,6
gh-31764014573-0814T0500,2026-08-14T00:00:36-05:00,1000006-B,NA,(10) Grupo 10,No informado,100,6
gh-31764014573-0814T0500,2026-08-14T00:00:36-05:00,1000006-B,NA,(11) Grupo 11,No informado,40,6
gh-31764014573-0814T0500,2026-08-14T00:00:36-05:00,1000006-B,NA,(12) Grupo 12,Leonid Lebedev,60,6
gh-31764014573-0814T0500,2026-08-14T00:00:36-05:00,1000006-B,NA,(13) Grupo 13,Juan Carlos Hernandez Rincon,40,6
gh-31764014573-0814T0500,2026-08-14T00:00:36-05:00,1000006-B,NA,(14) Grupo 14,No informado,60,6
gh-31764014573-0814T0500,2026-08-14T00:00:36-05:00,1000006-B,NA,(15) Grupo 15,No informado,112,6
gh-31764014573-0814T0500,2026-08-14T00:00:36-05:00,1000006-B,NA,(2) Grupo 2,EDIXON MANUEL ROJAS SANTANA,40,6
gh-31764014573-0814T0500,2026-08-14T00:00:36-05:00,1000006-B,NA,(3) Grupo 3,Cesar Augusto Gomez Sierra,40,6
gh-31764014573-0814T0500,2026-08-14T00:00:36-05:00,1000006-B,NA,(4) Grupo 4,Agustin Moreno Canadas,100,6
gh-31764014573-0814T0500,2026-08-14T00:00:36-05:00,1000006-B,NA,(5) Grupo 5,German Eduardo Fonseca Buitrago,40,6
gh-31764014573-0814T0500,2026-08-14T00:00:36-05:00,1000006-B,NA,(7) Grupo 7,No informado,70,6
gh-31764014573-0814T0500,2026-08-14T00:00:36-05:00,1000006-B,NA,(8) Grupo 8,Epifanio Lozano Ayala,60,6
gh-31764014573-0814T0500,2026-08-14T00:00:36-05:00,1000006-B,NA,(9) Grupo 9,Orlando Vanegas Canro,0,6
gh-31764014573-0814T0500,2026-08-14T00:00:37-05:00,1000005-B,NA,(1) Grupo 1,Orlando Vanegas Canro,0,7
gh-31764014573-0814T0500,2026-08-14T00:00:37-05:00,1000005-B,NA,(10) Grupo 10,Epifanio Lozano Ayala,50,7
gh-31764014573-0814T0500,2026-08-14T00:00:37-05:00,1000005-B,NA,(14) Grupo 14,Mohammed EL AIDI,40,7
gh-31764014573-0814T0500,2026-08-14T00:00:37-05:00,1000005-B,NA,(15) Grupo 15,Alina Fedosova,60,7
gh-31764014573-0814T0500,2026-08-14T00:00:37-05:00,1000005-B,NA,(16) Grupo 16,No informado,70,7
gh-31764014573-0814T0500,2026-08-14T00:00:37-05:00,1000005-B,NA,(17) Grupo 17,Hernan Garzon Gutierrez,40,7
gh-31764014573-0814T0500,2026-08-14T00:00:37-05:00,1000005-B,NA,(2) Grupo 2,RENE ERLIN CASTILLO,60,7
gh-31764014573-0814T0500,2026-08-14T00:00:37-05:00,1000005-B,NA,(20) Grupo 20,Franqui Solis Cardenas Poloche,40,7
gh-31764014573-0814T0500,2026-08-14T00:00:37-05:00,1000005-B,NA,(22) Grupo 22,No informado,60,7
gh-31764014573-0814T0500,2026-08-14T00:00:37-05:00,1000005-B,NA,(3) Grupo 3,Eduardo Cardenas Gomez,70,7
gh-31764014573-0814T0500,2026-08-14T00:00:37-05:00,1000005-B,NA,(4) Grupo 4,Edward Samuel Becerra Rojas,60,7
gh-31764014573-0814T0500,2026-08-14T00:00:37-05:00,1000005-B,NA,(6) Grupo 6,No informado,60,7
gh-31764014573-0814T0500,2026-08-14T00:00:37-05:00,1000005-B,NA,(7) Grupo 7,Franqui Solis Cardenas Poloche,100,7
gh-31764014573-0814T0500,2026-08-14T00:00:37-05:00,1000005-B,NA,(8) Grupo 8,No informado,40,7
gh-31764014573-0814T0500,2026-08-14T00:00:37-05:00,1000005-B,NA,(9) Grupo 9,No informado,10,7
gh-31764014573-0814T0500,2026-08-14T00:00:40-05:00,2015943,CLASE TEORICA,(1) Grupo 1,Carlos Orlando Robles Roa,15,9
gh-31764014573-0814T0500,2026-08-14T00:00:41-05:00,2015944,CLASE TEORICA,(1) Grupo 1,SANTIAGO RAMIREZ ECHEVERRI,15,10
gh-31764014573-0814T0500,2026-08-14T00:00:42-05:00,2015711,NA,(10) 2015711-10 Dibujo básico,Ariel Augusto Amaya Avila,0,11
gh-31764014573-0814T0500,2026-08-14T00:00:42-05:00,2015711,NA,(11) 2015711-11 Dibujo básico,Cesar Augusto Bacca Gonzalez,0,11
gh-31764014573-0814T0500,2026-08-14T00:00:42-05:00,2015711,NA,(14) 2015711-14 Dibujo básico,Cristian Felipe Morales Suárez,0,11
gh-31764014573-0814T0500,2026-08-14T00:00:42-05:00,2015711,NA,(16) 2015711-16 Dibujo básico,DAVID FELIPE TORRES ARCE,0,11
gh-31764014573-0814T0500,2026-08-14T00:00:42-05:00,2015711,NA,(4) 2015711-4 Dibujo básico,Cristian Felipe Morales Suárez,9,11
gh-31764014573-0814T0500,2026-08-14T00:00:42-05:00,2015711,NA,(5) 2015711-5 Dibujo básico,Sebastian Achury Ortiz,0,11
gh-31764014573-0814T0500,2026-08-14T00:00:42-05:00,2015711,NA,(7) 2015711-7 Dibujo básico,Cesar Augusto Bacca Gonzalez,22,11
gh-31764014573-0814T0500,2026-08-14T00:00:42-05:00,2015711,NA,(8) 2015711-8 Dibujo básico,Miguel Angel Baquero Cortes,0,11
gh-31764014573-0814T0500,2026-08-14T00:00:42-05:00,2015711,NA,(9) 2015711-9 Dibujo básico,EDWIN CAMILO REINA BELTRAN,0,11
gh-31764014573-0814T0500,2026-08-14T00:00:43-05:00,2015948,CLASE TEORICA,(1) Grupo 1,No informado,30,12
gh-31764014573-0814T0500,2026-08-14T00:00:43-05:00,2015948,CLASE TEORICA,(2) Grupo 2,Mauricio Alberto Tapias Camacho,30,12
gh-31764014573-0814T0500,2026-08-14T00:00:43-05:00,2015948,CLASE TEORICA,(3) Grupo 3,No informado,30,12
gh-31764014573-0814T0500,2026-08-14T00:00:44-05:00,2015950,CLASE TEORICA,(1) Grupo 1,No informado,25,13
gh-31764014573-0814T0500,2026-08-14T00:00:44-05:00,2015950,CLASE TEORICA,(2) Grupo 2,No informado,0,13
gh-31764014573-0814T0500,2026-08-14T00:00:44-05:00,2015950,CLASE TEORICA,(3) Grupo 3,Daniel Ricardo Lozano Monsalve,25,13
gh-31764014573-0814T0500,2026-08-14T00:00:44-05:00,2015950,CLASE TEORICA,(4) Grupo 4,No informado,25,13
gh-31764014573-0814T0500,2026-08-14T00:00:44-05:00,2015950,CLASE TEORICA,(5) Grupo 5,No informado,25,13
gh-31764014573-0814T0500,2026-08-14T00:00:46-05:00,2015949,CLASE TEORICA,(1) Grupo 1,Mario Javier Cardozo Chaux,30,14
gh-31764014573-0814T0500,2026-08-14T00:00:46-05:00,2015949,CLASE TEORICA,(2) Grupo 2,Wilson Ernesto Vargas Vargas,30,14
gh-31764014573-0814T0500,2026-08-14T00:00:46-05:00,2015949,CLASE TEORICA,(3) Grupo 3,No informado,30,14
gh-31764014573-0814T0500,2026-08-14T00:00:47-05:00,1000007-B,NA,(1) Grupo 1,German Eduardo Fonseca Buitrago,60,15
gh-31764014573-0814T0500,2026-08-14T00:00:47-05:00,1000007-B,NA,(11) Grupo 11,Leonid Lebedev,60,15
gh-31764014573-0814T0500,2026-08-14T00:00:47-05:00,1000007-B,NA,(12) Grupo 12,No informado,60,15
gh-31764014573-0814T0500,2026-08-14T00:00:47-05:00,1000007-B,NA,(13) Grupo 13,Omar Duque Gomez,40,15
gh-31764014573-0814T0500,2026-08-14T00:00:47-05:00,1000007-B,NA,(14) Grupo 14,No informado,100,15
gh-31764014573-0814T0500,2026-08-14T00:00:47-05:00,1000007-B,NA,(3) Grupo 3,Serafin Bautista Diaz,40,15
gh-31764014573-0814T0500,2026-08-14T00:00:47-05:00,1000007-B,NA,(4) Grupo 4,EDIXON MANUEL ROJAS SANTANA,60,15
gh-31764014573-0814T0500,2026-08-14T00:00:47-05:00,1000007-B,NA,(6) Grupo 6,Alexander Caviedes Castro,50,15
gh-31764014573-0814T0500,2026-08-14T00:00:47-05:00,1000007-B,NA,(7) Grupo 7,Oscar Guillermo Riaño Castañeda,40,15
gh-31764014573-0814T0500,2026-08-14T00:00:47-05:00,1000007-B,NA,(9) Grupo 9,Orlando Vanegas Canro,0,15
gh-31764014573-0814T0500,2026-08-14T00:00:48-05:00,2026134,CLASE TEORICA,(1) Grupo 1,No informado,0,16
gh-31764014573-0814T0500,2026-08-14T00:00:48-05:00,2026134,CLASE TEORICA,(2) Grupo 2,Juan Manuel Lizarazo Marriaga,30,16
gh-31764014573-0814T0500,2026-08-14T00:00:48-05:00,2026134,CLASE TEORICA,(3) Grupo 3,Maritzabel Molina Herrera,30,16
gh-31764014573-0814T0500,2026-08-14T00:00:48-05:00,2026134,CLASE TEORICA,(4) Grupo 4,Carlos Ramiro Vallecilla Bahena,30,16
gh-31764014573-0814T0500,2026-08-14T00:00:48-05:00,2026134,CLASE TEORICA,(5) Grupo 5,Fernando Lozano Osorno,30,16
gh-31764014573-0814T0500,2026-08-14T00:00:48-05:00,2026134,CLASE TEORICA,(6) Grupo 6,No informado,30,16
gh-31764014573-0814T0500,2026-08-14T00:00:49-05:00,2015954,CLASE TEORICA,(1) Grupo 1,Erasmo Alfredo Rodriguez Sandoval,30,17
gh-31764014573-0814T0500,2026-08-14T00:00:49-05:00,2015954,CLASE TEORICA,(2) Grupo 2,Mario Enrique Moreno Castiblanco,30,17
gh-31764014573-0814T0500,2026-08-14T00:00:49-05:00,2015954,CLASE TEORICA,(3) Grupo 3,Luis Alejandro Morales Marin,30,17
gh-31764014573-0814T0500,2026-08-14T00:00:51-05:00,2015955,CLASE TEORICA,(1) Grupo 1,Giovanni Andres Cortes Tovar,30,18
gh-31764014573-0814T0500,2026-08-14T00:00:51-05:00,2015955,CLASE TEORICA,(2) Grupo 2,Angela Barrera Puerto,30,18
gh-31764014573-0814T0500,2026-08-14T00:00:51-05:00,2015955,CLASE TEORICA,(3) Grupo 3,Giovanni Andres Cortes Tovar,30,18
gh-31764014573-0814T0500,2026-08-14T00:00:52-05:00,1000011-B,CLASE TEORICA,(1) Grupo 1,Ernesto Javier Puertas Dellepianes,118,19
gh-31764014573-0814T0500,2026-08-14T00:00:52-05:00,1000011-B,CLASE TEORICA,(3) Grupo 3,Néstor Fernando Perez Buitrago,12,19
gh-31764014573-0814T0500,2026-08-14T00:00:55-05:00,1000019-B,CLASE LABORATORIO,(1) Grupo 1,Gustavo Martinez Tamayo,35,20
gh-31764014573-0814T0500,2026-08-14T00:00:55-05:00,1000019-B,CLASE LABORATORIO,(10) Grupo 10,LUIS AGULLES PEDROS,35,20
gh-31764014573-0814T0500,2026-08-14T00:00:55-05:00,1000019-B,CLASE LABORATORIO,(11) Grupo 11,EVER DAVID ALCALA CAJAR,35,20
gh-31764014573-0814T0500,2026-08-14T00:00:55-05:00,1000019-B,CLASE LABORATORIO,(12) Grupo 12,FABIAN FELIPE QUEVEDO FARIETA,35,20
gh-31764014573-0814T0500,2026-08-14T00:00:55-05:00,1000019-B,CLASE LABORATORIO,(13) Grupo 13,Alvaro Marino Camargo,35,20
gh-31764014573-0814T0500,2026-08-14T00:00:55-05:00,1000019-B,CLASE LABORATORIO,(14) Grupo 14,Alvaro Marino Camargo; Miryam Rincon Joya,35,20
gh-31764014573-0814T0500,2026-08-14T00:00:55-05:00,1000019-B,CLASE LABORATORIO,(15) Grupo 15,JULIAN MATEO DE MENDOZA GUTIERREZ,32,20
gh-31764014573-0814T0500,2026-08-14T00:00:55-05:00,1000019-B,CLASE LABORATORIO,(16) Grupo 16,Alvaro Marino Camargo; Doris Yaneth Cadavid Rodriguez,35,20
gh-31764014573-0814T0500,2026-08-14T00:00:55-05:00,1000019-B,CLASE LABORATORIO,(17) Grupo 17,JULIAN MATEO DE MENDOZA GUTIERREZ,34,20
gh-31764014573-0814T0500,2026-08-14T00:00:55-05:00,1000019-B,CLASE LABORATORIO,(18) Grupo 18,Jaime Villalobos Velasco,34,20
gh-31764014573-0814T0500,2026-08-14T00:00:55-05:00,1000019-B,CLASE LABORATORIO,(19) Grupo 19,JULY PAOLA GARZÓN LOPEZ,32,20
gh-31764014573-0814T0500,2026-08-14T00:00:55-05:00,1000019-B,CLASE LABORATORIO,(2) Grupo 2,Gustavo Martinez Tamayo,35,20
gh-31764014573-0814T0500,2026-08-14T00:00:55-05:00,1000019-B,CLASE LABORATORIO,(20) Grupo 20,JOSE ALFREDO GOMEZ MATEUS,35,20
gh-31764014573-0814T0500,2026-08-14T00:00:55-05:00,1000019-B,CLASE LABORATORIO,(21) Grupo 21,Pedro Hernan Sanchez Machet,35,20
gh-31764014573-0814T0500,2026-08-14T00:00:55-05:00,1000019-B,CLASE LABORATORIO,(22) Grupo 22,Pedro Hernan Sanchez Machet,35,20
gh-31764014573-0814T0500,2026-08-14T00:00:55-05:00,1000019-B,CLASE LABORATORIO,(23) Grupo 23,Pedro Hernan Sanchez Machet,35,20
gh-31764014573-0814T0500,2026-08-14T00:00:55-05:00,1000019-B,CLASE LABORATORIO,(24) Grupo 24,Pedro Hernan Sanchez Machet,35,20
gh-31764014573-0814T0500,2026-08-14T00:00:55-05:00,1000019-B,CLASE LABORATORIO,(25) Grupo 25,Plinio Del Carmen Teheran Sermeno,45,20
gh-31764014573-0814T0500,2026-08-14T00:00:55-05:00,1000019-B,CLASE LABORATORIO,(26) Grupo 26 (VIRTUAL),Plinio Del Carmen Teheran Sermeno,50,20
gh-31764014573-0814T0500,2026-08-14T00:00:55-05:00,1000019-B,CLASE LABORATORIO,(27) Grupo 27 (VIRTUAL),Plinio Del Carmen Teheran Sermeno,50,20
gh-31764014573-0814T0500,2026-08-14T00:00:55-05:00,1000019-B,CLASE LABORATORIO,(28) Grupo 28 (VIRTUAL),Plinio Del Carmen Teheran Sermeno,50,20
gh-31764014573-0814T0500,2026-08-14T00:00:55-05:00,1000019-B,CLASE LABORATORIO,(29) Grupo 29 (VIRTUAL),Plinio Del Carmen Teheran Sermeno,50,20
gh-31764014573-0814T0500,2026-08-14T00:00:55-05:00,1000019-B,CLASE LABORATORIO,(3) Grupo 3,Gustavo Martinez Tamayo,35,20
gh-31764014573-0814T0500,2026-08-14T00:00:55-05:00,1000019-B,CLASE LABORATORIO,(4) Grupo 4,No informado,35,20
gh-31764014573-0814T0500,2026-08-14T00:00:55-05:00,1000019-B,CLASE LABORATORIO,(5) Grupo 5,FABIAN FELIPE QUEVEDO FARIETA,35,20
gh-31764014573-0814T0500,2026-08-14T00:00:55-05:00,1000019-B,CLASE LABORATORIO,(6) Grupo 6,Jaime Villalobos Velasco,35,20
gh-31764014573-0814T0500,2026-08-14T00:00:55-05:00,1000019-B,CLASE LABORATORIO,(7) Grupo 7,Jaime Villalobos Velasco,35,20
gh-31764014573-0814T0500,2026-08-14T00:00:55-05:00,1000019-B,CLASE LABORATORIO,(8) Grupo 8,Alvaro Marino Camargo,35,20
gh-31764014573-0814T0500,2026-08-14T00:00:55-05:00,1000019-B,CLASE LABORATORIO,(9) Grupo 9,Erika Lorena Rosero Alzate,0,20
gh-31764014573-0814T0500,2026-08-14T00:00:55-05:00,1000019-B,CLASE TALLER,(1) Grupo 1,FABIAN FELIPE QUEVEDO FARIETA,35,20
gh-31764014573-0814T0500,2026-08-14T00:00:55-05:00,1000019-B,CLASE TALLER,(10) Grupo 10,FABIAN FELIPE QUEVEDO FARIETA,35,20
gh-31764014573-0814T0500,2026-08-14T00:00:55-05:00,1000019-B,CLASE TALLER,(11) Grupo 11,JULIAN MATEO DE MENDOZA GUTIERREZ,35,20
gh-31764014573-0814T0500,2026-08-14T00:00:55-05:00,1000019-B,CLASE TALLER,(12) Grupo 12,EVER DAVID ALCALA CAJAR,35,20
gh-31764014573-0814T0500,2026-08-14T00:00:55-05:00,1000019-B,CLASE TALLER,(13) Grupo 13,MIGUEL ENRIQUE GÁMEZ LÓPEZ,35,20
gh-31764014573-0814T0500,2026-08-14T00:00:55-05:00,1000019-B,CLASE TALLER,(14) Grupo 14,No informado,35,20
gh-31764014573-0814T0500,2026-08-14T00:00:55-05:00,1000019-B,CLASE TALLER,(15) Grupo 15,EVER DAVID ALCALA CAJAR,32,20
gh-31764014573-0814T0500,2026-08-14T00:00:55-05:00,1000019-B,CLASE TALLER,(16) Grupo 16,Edna Carolina Pinilla Beltran,35,20
gh-31764014573-0814T0500,2026-08-14T00:00:55-05:00,1000019-B,CLASE TALLER,(17) Grupo 17,Jereson Silva Valencia,34,20
gh-31764014573-0814T0500,2026-08-14T00:00:55-05:00,1000019-B,CLASE TALLER,(18) Grupo 18,Jereson Silva Valencia,34,20
gh-31764014573-0814T0500,2026-08-14T00:00:55-05:00,1000019-B,CLASE TALLER,(19) Grupo 19,Jereson Silva Valencia,32,20
gh-31764014573-0814T0500,2026-08-14T00:00:55-05:00,1000019-B,CLASE TALLER,(2) Grupo 2,Gustavo Martinez Tamayo,35,20
gh-31764014573-0814T0500,2026-08-14T00:00:55-05:00,1000019-B,CLASE TALLER,(20) Grupo 20,Jereson Silva Valencia,35,20
gh-31764014573-0814T0500,2026-08-14T00:00:55-05:00,1000019-B,CLASE TALLER,(21) Grupo 21,JOSE ALFREDO GOMEZ MATEUS,35,20
gh-31764014573-0814T0500,2026-08-14T00:00:55-05:00,1000019-B,CLASE TALLER,(22) Grupo 22,JULY PAOLA GARZÓN LOPEZ,35,20
gh-31764014573-0814T0500,2026-08-14T00:00:55-05:00,1000019-B,CLASE TALLER,(23) Grupo 23,Edna Carolina Pinilla Beltran,35,20
gh-31764014573-0814T0500,2026-08-14T00:00:55-05:00,1000019-B,CLASE TALLER,(24) Grupo 24,Diego Alejandro Torres Galindo,35,20
gh-31764014573-0814T0500,2026-08-14T00:00:55-05:00,1000019-B,CLASE TALLER,(25) Grupo 25,Plinio Del Carmen Teheran Sermeno,45,20
gh-31764014573-0814T0500,2026-08-14T00:00:55-05:00,1000019-B,CLASE TALLER,(26) Grupo 26 (VIRTUAL),Plinio Del Carmen Teheran Sermeno,50,20
gh-31764014573-0814T0500,2026-08-14T00:00:55-05:00,1000019-B,CLASE TALLER,(27) Grupo 27 (VIRTUAL),Plinio Del Carmen Teheran Sermeno,50,20
gh-31764014573-0814T0500,2026-08-14T00:00:55-05:00,1000019-B,CLASE TALLER,(28) Grupo 28 (VIRTUAL),Plinio Del Carmen Teheran Sermeno,50,20
gh-31764014573-0814T0500,2026-08-14T00:00:55-05:00,1000019-B,CLASE TALLER,(29) Grupo 29 (VIRTUAL),Plinio Del Carmen Teheran Sermeno,50,20
gh-31764014573-0814T0500,2026-08-14T00:00:55-05:00,1000019-B,CLASE TALLER,(3) Grupo 3,Gustavo Martinez Tamayo,35,20
gh-31764014573-0814T0500,2026-08-14T00:00:55-05:00,1000019-B,CLASE TALLER,(4) Grupo 4,Jaime Villalobos Velasco,35,20
gh-31764014573-0814T0500,2026-08-14T00:00:55-05:00,1000019-B,CLASE TALLER,(5) Grupo 5,Jaime Villalobos Velasco,35,20
gh-31764014573-0814T0500,2026-08-14T00:00:55-05:00,1000019-B,CLASE TALLER,(6) Grupo 6,Ramiro Cardona Cardona,35,20
gh-31764014573-0814T0500,2026-08-14T00:00:55-05:00,1000019-B,CLASE TALLER,(7) Grupo 7,Ramiro Cardona Cardona,35,20
gh-31764014573-0814T0500,2026-08-14T00:00:55-05:00,1000019-B,CLASE TALLER,(8) Grupo 8,Edna Carolina Pinilla Beltran,35,20
gh-31764014573-0814T0500,2026-08-14T00:00:55-05:00,1000019-B,CLASE TALLER,(9) Grupo 9,No informado,10,20
gh-31764014573-0814T0500,2026-08-14T00:00:55-05:00,1000019-B,CLASE MAGISTRAL,(16) Gruop 16,Erika Lorena Rosero Alzate; Daniel Camilo Padilla González,8,20
gh-31764014573-0814T0500,2026-08-14T00:00:55-05:00,1000019-B,CLASE MAGISTRAL,(1) Grupo 1,Gustavo Martinez Tamayo,35,20
gh-31764014573-0814T0500,2026-08-14T00:00:55-05:00,1000019-B,CLASE MAGISTRAL,(10) Grupo 10,Ovidio Amado Almanza Montero,35,20
gh-31764014573-0814T0500,2026-08-14T00:00:55-05:00,1000019-B,CLASE MAGISTRAL,(11) Grupo 11,Ovidio Amado Almanza Montero,35,20
gh-31764014573-0814T0500,2026-08-14T00:00:55-05:00,1000019-B,CLASE MAGISTRAL,(12) Grupo 12,Ovidio Amado Almanza Montero,35,20
gh-31764014573-0814T0500,2026-08-14T00:00:55-05:00,1000019-B,CLASE MAGISTRAL,(13) Grupo 13,Jaime Villalobos Velasco,35,20
gh-31764014573-0814T0500,2026-08-14T00:00:55-05:00,1000019-B,CLASE MAGISTRAL,(14) Grupo 14,Jaime Villalobos Velasco,35,20
gh-31764014573-0814T0500,2026-08-14T00:00:55-05:00,1000019-B,CLASE MAGISTRAL,(15) Grupo 15,Jaime Villalobos Velasco,32,20
gh-31764014573-0814T0500,2026-08-14T00:00:55-05:00,1000019-B,CLASE MAGISTRAL,(17) Grupo 17,Jereson Silva Valencia,34,20
gh-31764014573-0814T0500,2026-08-14T00:00:55-05:00,1000019-B,CLASE MAGISTRAL,(18) Grupo 18,Jereson Silva Valencia,34,20
gh-31764014573-0814T0500,2026-08-14T00:00:55-05:00,1000019-B,CLASE MAGISTRAL,(19) Grupo 19,Jereson Silva Valencia,32,20
gh-31764014573-0814T0500,2026-08-14T00:00:55-05:00,1000019-B,CLASE MAGISTRAL,(2) Grupo 2,Gustavo Martinez Tamayo,35,20
gh-31764014573-0814T0500,2026-08-14T00:00:55-05:00,1000019-B,CLASE MAGISTRAL,(20) Grupo 20,Jereson Silva Valencia,35,20
gh-31764014573-0814T0500,2026-08-14T00:00:55-05:00,1000019-B,CLASE MAGISTRAL,(21) Grupo 21,Diego Alejandro Torres Galindo,35,20
gh-31764014573-0814T0500,2026-08-14T00:00:55-05:00,1000019-B,CLASE MAGISTRAL,(22) Grupo 22,Diego Alejandro Torres Galindo,35,20
gh-31764014573-0814T0500,2026-08-14T00:00:55-05:00,1000019-B,CLASE MAGISTRAL,(23) Grupo 23,Diego Alejandro Torres Galindo,35,20
gh-31764014573-0814T0500,2026-08-14T00:00:55-05:00,1000019-B,CLASE MAGISTRAL,(24) Grupo 24,Diego Alejandro Torres Galindo,35,20
gh-31764014573-0814T0500,2026-08-14T00:00:55-05:00,1000019-B,CLASE MAGISTRAL,(25) Grupo 25,Plinio Del Carmen Teheran Sermeno,45,20
gh-31764014573-0814T0500,2026-08-14T00:00:55-05:00,1000019-B,CLASE MAGISTRAL,(26) Grupo 26 (VIRTUAL),Plinio Del Carmen Teheran Sermeno,50,20
gh-31764014573-0814T0500,2026-08-14T00:00:55-05:00,1000019-B,CLASE MAGISTRAL,(27) Grupo 27 (VIRTUAL),Plinio Del Carmen Teheran Sermeno,50,20
gh-31764014573-0814T0500,2026-08-14T00:00:55-05:00,1000019-B,CLASE MAGISTRAL,(28) Grupo 28 (VIRTUAL),Plinio Del Carmen Teheran Sermeno,50,20
gh-31764014573-0814T0500,2026-08-14T00:00:55-05:00,1000019-B,CLASE MAGISTRAL,(29) Grupo 29 (VIRTUAL),Plinio Del Carmen Teheran Sermeno,50,20
gh-31764014573-0814T0500,2026-08-14T00:00:55-05:00,1000019-B,CLASE MAGISTRAL,(3) Grupo 3,Gustavo Martinez Tamayo,35,20
gh-31764014573-0814T0500,2026-08-14T00:00:55-05:00,1000019-B,CLASE MAGISTRAL,(4) Grupo 4,Gustavo Martinez Tamayo,35,20
gh-31764014573-0814T0500,2026-08-14T00:00:55-05:00,1000019-B,CLASE MAGISTRAL,(5) Grupo 5,Ramiro Cardona Cardona,35,20
gh-31764014573-0814T0500,2026-08-14T00:00:55-05:00,1000019-B,CLASE MAGISTRAL,(6) Grupo 6,Ramiro Cardona Cardona,35,20
gh-31764014573-0814T0500,2026-08-14T00:00:55-05:00,1000019-B,CLASE MAGISTRAL,(7) Grupo 7,Ramiro Cardona Cardona,35,20
gh-31764014573-0814T0500,2026-08-14T00:00:55-05:00,1000019-B,CLASE MAGISTRAL,(8) Grupo 8,Ramiro Cardona Cardona,35,20
gh-31764014573-0814T0500,2026-08-14T00:00:55-05:00,1000019-B,CLASE MAGISTRAL,(9) Grupo 9,Fredy Angel Jimenez Giraldo,10,20
gh-31764014573-0814T0500,2026-08-14T00:00:56-05:00,2015956,CLASE TEORICA,(1) Grupo 1,Modesto Portilla Gamboa; Fernando Eli Romero Ordoñez,35,21
gh-31764014573-0814T0500,2026-08-14T00:00:56-05:00,2015956,CLASE TEORICA,(2) Grupo 2,Jennifer Angel Amaya,30,21
gh-31764014573-0814T0500,2026-08-14T00:00:56-05:00,2015956,CLASE TEORICA,(3) Grupo 3,Jennifer Angel Amaya,30,21
gh-31764014573-0814T0500,2026-08-14T00:00:56-05:00,2015956,CLASE TEORICA,(4) Grupo 4,Fernando Eli Romero Ordoñez; Modesto Portilla Gamboa,35,21
gh-31764014573-0814T0500,2026-08-14T00:00:57-05:00,2015957,CLASE PRACTICA,(1) Grupo 1,No informado,30,22
gh-31764014573-0814T0500,2026-08-14T00:00:57-05:00,2015957,CLASE PRACTICA,(2) Grupo 2,Samuel Fernando Mesa Giraldo,30,22
gh-31764014573-0814T0500,2026-08-14T00:00:57-05:00,2015957,CLASE PRACTICA,(3) Grupo 3,Rose Marie Aldana Boutin,30,22
gh-31764014573-0814T0500,2026-08-14T00:00:57-05:00,2015957,CLASE PRACTICA,(4) Grupo 4,Rose Marie Aldana Boutin,30,22
gh-31764014573-0814T0500,2026-08-14T00:00:59-05:00,2015958,CLASE PRACTICA,(1) Grupo 1,William Castro Garcia,20,23
gh-31764014573-0814T0500,2026-08-14T00:00:59-05:00,2015958,CLASE PRACTICA,(2) Grupo 2,William Castro Garcia,20,23
gh-31764014573-0814T0500,2026-08-14T00:00:59-05:00,2015958,CLASE PRACTICA,(3) Grupo 3,Carlos Alfonso Gomez Guacaneme,30,23
gh-31764014573-0814T0500,2026-08-14T00:00:59-05:00,2015958,CLASE PRACTICA,(4) Grupo 4,Mario Arturo Rincon Villalba,20,23
gh-31764014573-0814T0500,2026-08-14T00:00:59-05:00,2015958,CLASE PRACTICA,(5) Grupo 5,Mario Arturo Rincon Villalba,20,23
gh-31764014573-0814T0500,2026-08-14T00:00:59-05:00,2015958,CLASE PRACTICA,(6) Grupo 6,Fausto Alejandro Silva España,20,23
gh-31764014573-0814T0500,2026-08-14T00:00:59-05:00,2015958,CLASE PRACTICA,(7) Grupo 7,Fausto Alejandro Silva España,20,23
gh-31764014573-0814T0500,2026-08-14T00:00:59-05:00,2015958,CLASE PRACTICA,(8) Grupo 8,Fausto Alejandro Silva España,20,23
gh-31764014573-0814T0500,2026-08-14T00:00:59-05:00,2015958,CLASE PRACTICA,(9) Grupo 9,Fausto Alejandro Silva España,20,23
gh-31764014573-0814T0500,2026-08-14T00:00:59-05:00,2015958,CLASE TEORICA,(1) Grupo 1,William Castro Garcia,40,23
gh-31764014573-0814T0500,2026-08-14T00:00:59-05:00,2015958,CLASE TEORICA,(3) Grupo 3,Carlos Alfonso Gomez Guacaneme,30,23
gh-31764014573-0814T0500,2026-08-14T00:00:59-05:00,2015958,CLASE TEORICA,(4) Grupo 4,Mario Arturo Rincon Villalba,40,23
gh-31764014573-0814T0500,2026-08-14T00:00:59-05:00,2015958,CLASE TEORICA,(6) Grupo 6,Cesar Andres Cortes Bello,40,23
gh-31764014573-0814T0500,2026-08-14T00:00:59-05:00,2015958,CLASE TEORICA,(8) Grupo 8,Cesar Andres Cortes Bello,40,23
gh-31764014573-0814T0500,2026-08-14T00:01:00-05:00,2015959,CLASE TEORICA,(1) Grupo 1,Carlos Eduardo Rodriguez Pineda,30,24
gh-31764014573-0814T0500,2026-08-14T00:01:00-05:00,2015959,CLASE TEORICA,(2) Grupo 2,Guillermo Eduardo Avila Alvarez,30,24
gh-31764014573-0814T0500,2026-08-14T00:01:00-05:00,2015959,CLASE TEORICA,(3) Grupo 3,Livaniel Viveros Rosero,30,24
gh-31764014573-0814T0500,2026-08-14T00:01:00-05:00,2015959,CLASE TEORICA,(4) Grupo 4,No informado,0,24
gh-31764014573-0814T0500,2026-08-14T00:01:03-05:00,2015961,CLASE TEORICA,(1) Grupo 1,Rafael Orland Ortiz Mosquera,24,26
gh-31764014573-0814T0500,2026-08-14T00:01:03-05:00,2015961,CLASE TEORICA,(2) Grupo 2,Adriana Patricia Piña Fulano,24,26
gh-31764014573-0814T0500,2026-08-14T00:01:03-05:00,2015961,CLASE TEORICA,(3) Grupo 3,Gelber Norberto Gutierrez Palacios,24,26
gh-31764014573-0814T0500,2026-08-14T00:01:03-05:00,2015961,CLASE TEORICA,(4) Grupo 4,No informado,24,26
gh-31764014573-0814T0500,2026-08-14T00:01:03-05:00,2015961,CLASE TEORICA,(5) Grupo 5,No informado,24,26
gh-31764014573-0814T0500,2026-08-14T00:01:03-05:00,2015961,CLASE TEORICA,(6) Grupo 6,Leonardo David Donado Garzon,24,26
gh-31764014573-0814T0500,2026-08-14T00:01:04-05:00,2015978,CLASE TEORICA,(1) Grupo 1,No informado,0,27
gh-31764014573-0814T0500,2026-08-14T00:01:04-05:00,2015978,CLASE TEORICA,(2) Grupo 2,Erasmo Alfredo Rodriguez Sandoval,30,27
gh-31764014573-0814T0500,2026-08-14T00:01:04-05:00,2015978,CLASE TEORICA,(3) Grupo 3,No informado,30,27
gh-31764014573-0814T0500,2026-08-14T00:01:04-05:00,2015978,CLASE TEORICA,(4) Grupo 4,No informado,30,27
gh-31764014573-0814T0500,2026-08-14T00:01:04-05:00,2015978,CLASE TEORICA,(5) Grupo 5,No informado,30,27
gh-31764014573-0814T0500,2026-08-14T00:01:05-05:00,2026135,CLASE TEORICA,(1) Grupo 1,NICOLAS ESCALANTE MORA,25,28
gh-31764014573-0814T0500,2026-08-14T00:01:05-05:00,2026135,CLASE TEORICA,(2) Grupo 2,Leonel Vega Mora,25,28
gh-31764014573-0814T0500,2026-08-14T00:01:05-05:00,2026135,CLASE TEORICA,(3) Grupo 3,Leonel Vega Mora,25,28
gh-31764014573-0814T0500,2026-08-14T00:01:06-05:00,2015963,CLASE TEORICA,(1) Grupo 1,No informado,30,29
gh-31764014573-0814T0500,2026-08-14T00:01:06-05:00,2015963,CLASE TEORICA,(2) Grupo 2,No informado,30,29
gh-31764014573-0814T0500,2026-08-14T00:01:06-05:00,2015963,CLASE TEORICA,(3) Grupo 3,William Castro Garcia,30,29
gh-31764014573-0814T0500,2026-08-14T00:01:07-05:00,2026138,CLASE TEORICA,(1) Grupo 1,Ivan Dario Serrano Arrieta,30,30
gh-31764014573-0814T0500,2026-08-14T00:01:07-05:00,2026138,CLASE TEORICA,(2) Grupo 2,Ivan Dario Serrano Arrieta,30,30
gh-31764014573-0814T0500,2026-08-14T00:01:07-05:00,2026138,CLASE TEORICA,(3) Grupo 3,Pedro Luis Jimenez Poveda,30,30
gh-31764014573-0814T0500,2026-08-14T00:01:09-05:00,2015703,NA,(1) Grupo 1,Angela Maria Arboleda Restrepo,40,31
gh-31764014573-0814T0500,2026-08-14T00:01:09-05:00,2015703,NA,(10) Grupo 10,Diego Alejandro Hernandez Castañeda,30,31
gh-31764014573-0814T0500,2026-08-14T00:01:09-05:00,2015703,NA,(11) Grupo 11,Julio Cesar Cañon Rodriguez,30,31
gh-31764014573-0814T0500,2026-08-14T00:01:09-05:00,2015703,NA,(2) Grupo 2,Osman Benjamin Giovanny Vargas Rozo,40,31
gh-31764014573-0814T0500,2026-08-14T00:01:09-05:00,2015703,NA,(3) Grupo 3,Hugo Alberto Herrera Fonseca,40,31
gh-31764014573-0814T0500,2026-08-14T00:01:09-05:00,2015703,NA,(4) Grupo 4,LINA JULIANA BULLA CASAS,30,31
gh-31764014573-0814T0500,2026-08-14T00:01:09-05:00,2015703,NA,(5) Grupo 5 - Virtual,Cesar Augusto Roa Lemus,60,31
gh-31764014573-0814T0500,2026-08-14T00:01:09-05:00,2015703,NA,(6) Grupo 6,JAVIER RICARDO OJEDA SANCHEZ,40,31
gh-31764014573-0814T0500,2026-08-14T00:01:09-05:00,2015703,NA,(7) Grupo 7,JAVIER RICARDO OJEDA SANCHEZ,20,31
gh-31764014573-0814T0500,2026-08-14T00:01:09-05:00,2015703,NA,(8) Grupo 8,Diego Alejandro Hernandez Castañeda,40,31
gh-31764014573-0814T0500,2026-08-14T00:01:09-05:00,2015703,NA,(9) Grupo 9,LINA JULIANA BULLA CASAS,35,31
gh-31764014573-0814T0500,2026-08-14T00:01:10-05:00,1000044-B,CLASE TEORICA,(1) Grupo 1,Beatriz Elena Urrutia Sanchez,26,32
gh-31764014573-0814T0500,2026-08-14T00:01:10-05:00,1000044-B,CLASE TEORICA,(2) Grupo 2,Yaneli Niño Osorio,26,32
gh-31764014573-0814T0500,2026-08-14T00:01:10-05:00,1000044-B,CLASE TEORICA,(3) Grupo 3,Luis Gabriel Peña Ortiz,26,32
gh-31764014573-0814T0500,2026-08-14T00:01:10-05:00,1000044-B,CLASE TEORICA,(4) Grupo 4,Liliana Marcela Guzman Aricapa,26,32
gh-31764014573-0814T0500,2026-08-14T00:01:10-05:00,1000044-B,CLASE TEORICA,(5) Grupo 5,Beatriz Elena Urrutia Sanchez,26,32
gh-31764014573-0814T0500,2026-08-14T00:01:10-05:00,1000044-B,CLASE TEORICA,(6) Grupo 6,Cesar Augusto Romero,26,32
gh-31764014573-0814T0500,2026-08-14T00:01:10-05:00,1000044-B,CLASE TEORICA,(7) Grupo 7,JOSE JONATHAN MAESTRE HERRERA,26,32
gh-31764014573-0814T0500,2026-08-14T00:01:10-05:00,1000044-B,CLASE TEORICA,(8) Grupo 8,Beymar Leonardo Solorzano Alviz,26,32
gh-31764014573-0814T0500,2026-08-14T00:01:10-05:00,1000044-B,CLASE TEORICA,(9) Grupo 9,Claudia Marcela Arevalo Gomez,7,32
gh-31764014573-0814T0500,2026-08-14T00:01:12-05:00,1000045-B,CLASE TEORICA,(1) Grupo 1,Claudia Marcela Arevalo Gomez,10,33
gh-31764014573-0814T0500,2026-08-14T00:01:12-05:00,1000045-B,CLASE TEORICA,(10) Grupo 10,Jesica paola Rendon Alfonso,26,33
gh-31764014573-0814T0500,2026-08-14T00:01:12-05:00,1000045-B,CLASE TEORICA,(11) Grupo 11,JOSE JONATHAN MAESTRE HERRERA,26,33
gh-31764014573-0814T0500,2026-08-14T00:01:12-05:00,1000045-B,CLASE TEORICA,(12) Grupo 12,LINDA JOHANA RUIZ GOMEZ,26,33
gh-31764014573-0814T0500,2026-08-14T00:01:12-05:00,1000045-B,CLASE TEORICA,(13) Grupo 13,Narly Yadira Pardo Cadena,26,33
gh-31764014573-0814T0500,2026-08-14T00:01:12-05:00,1000045-B,CLASE TEORICA,(14) Grupo 14,Angelica Saenz Fonseca,26,33
gh-31764014573-0814T0500,2026-08-14T00:01:12-05:00,1000045-B,CLASE TEORICA,(15) Grupo 15,Narly Yadira Pardo Cadena,26,33
gh-31764014573-0814T0500,2026-08-14T00:01:12-05:00,1000045-B,CLASE TEORICA,(16) Grupo 16,Luis Gabriel Peña Ortiz,26,33
gh-31764014573-0814T0500,2026-08-14T00:01:12-05:00,1000045-B,CLASE TEORICA,(2) Grupo 2,Cesar Augusto Romero,26,33
gh-31764014573-0814T0500,2026-08-14T00:01:12-05:00,1000045-B,CLASE TEORICA,(3) Grupo 3,Jesica paola Rendon Alfonso,26,33
gh-31764014573-0814T0500,2026-08-14T00:01:12-05:00,1000045-B,CLASE TEORICA,(4) Grupo 4,Adriana Marlen Sanchez Riaño,26,33
gh-31764014573-0814T0500,2026-08-14T00:01:12-05:00,1000045-B,CLASE TEORICA,(5) Grupo 5,Cesar Augusto Romero,26,33
gh-31764014573-0814T0500,2026-08-14T00:01:12-05:00,1000045-B,CLASE TEORICA,(6) Grupo 6,Sara Elisa Monsalve Patino,26,33
gh-31764014573-0814T0500,2026-08-14T00:01:12-05:00,1000045-B,CLASE TEORICA,(7) Grupo 7,Luis Gabriel Peña Ortiz,26,33
gh-31764014573-0814T0500,2026-08-14T00:01:12-05:00,1000045-B,CLASE TEORICA,(8) Grupo 8,Johnatan Martinez Hernandez,26,33
gh-31764014573-0814T0500,2026-08-14T00:01:12-05:00,1000045-B,CLASE TEORICA,(9) Grupo 9,Maureen Elizabeth Hooker Oneill,15,33
gh-31764014573-0814T0500,2026-08-14T00:01:14-05:00,1000046-B,CLASE TEORICA,(1) Grupo 1,Johnatan Martinez Hernandez,26,35
gh-31764014573-0814T0500,2026-08-14T00:01:14-05:00,1000046-B,CLASE TEORICA,(10) Grupo 10,Jennly Angelica Gomez Rodriguez,26,35
gh-31764014573-0814T0500,2026-08-14T00:01:14-05:00,1000046-B,CLASE TEORICA,(11) Grupo 11,Angelica Saenz Fonseca,26,35
gh-31764014573-0814T0500,2026-08-14T00:01:14-05:00,1000046-B,CLASE TEORICA,(12) Grupo 12,Liliana Marcela Guzman Aricapa,26,35
gh-31764014573-0814T0500,2026-08-14T00:01:14-05:00,1000046-B,CLASE TEORICA,(13) Grupo 13,ALBA LUCIA RIAÑO RODRIGUEZ,26,35
gh-31764014573-0814T0500,2026-08-14T00:01:14-05:00,1000046-B,CLASE TEORICA,(14) Grupo 14,Angelica Saenz Fonseca,26,35
gh-31764014573-0814T0500,2026-08-14T00:01:14-05:00,1000046-B,CLASE TEORICA,(15) Grupo 15,Luis Gabriel Peña Ortiz,26,35
gh-31764014573-0814T0500,2026-08-14T00:01:14-05:00,1000046-B,CLASE TEORICA,(16) Grupo 16,Olga Lucia Ruiz Convers,26,35
gh-31764014573-0814T0500,2026-08-14T00:01:14-05:00,1000046-B,CLASE TEORICA,(17) Grupo 17,Luis Gabriel Peña Ortiz,26,35
gh-31764014573-0814T0500,2026-08-14T00:01:14-05:00,1000046-B,CLASE TEORICA,(18) Grupo 18,Narly Yadira Pardo Cadena,26,35
gh-31764014573-0814T0500,2026-08-14T00:01:14-05:00,1000046-B,CLASE TEORICA,(2) Grupo 2,Jesica paola Rendon Alfonso,26,35
gh-31764014573-0814T0500,2026-08-14T00:01:14-05:00,1000046-B,CLASE TEORICA,(3) Grupo 3,JESUS DAVID TORRES RODRIGUEZ,26,35
gh-31764014573-0814T0500,2026-08-14T00:01:14-05:00,1000046-B,CLASE TEORICA,(4) Grupo 4,Claudia Patricia Cortes Lora,26,35
gh-31764014573-0814T0500,2026-08-14T00:01:14-05:00,1000046-B,CLASE TEORICA,(5) Grupo 5,Johnatan Martinez Hernandez,26,35
gh-31764014573-0814T0500,2026-08-14T00:01:14-05:00,1000046-B,CLASE TEORICA,(6) Grupo 6,Johnatan Martinez Hernandez,26,35
gh-31764014573-0814T0500,2026-08-14T00:01:14-05:00,1000046-B,CLASE TEORICA,(7) Grupo 7,Jesica paola Rendon Alfonso,26,35
gh-31764014573-0814T0500,2026-08-14T00:01:14-05:00,1000046-B,CLASE TEORICA,(8) Grupo 8,Beatriz Elena Urrutia Sanchez,26,35
gh-31764014573-0814T0500,2026-08-14T00:01:14-05:00,1000046-B,CLASE TEORICA,(9) Grupo 9,Maureen Elizabeth Hooker Oneill,10,35
gh-31764014573-0814T0500,2026-08-14T00:01:17-05:00,1000052-B,CLASE TEORICA,(1) Grupo 1,Liliana Marcela Guzman Aricapa,28,37
gh-31764014573-0814T0500,2026-08-14T00:01:17-05:00,1000052-B,CLASE TEORICA,(2) Grupo 2,JOSE JONATHAN MAESTRE HERRERA,28,37
gh-31764014573-0814T0500,2026-08-14T00:01:17-05:00,1000052-B,CLASE TEORICA,(3) Grupo 3,Aida Elena Monsalve Solorzano,28,37
gh-31764014573-0814T0500,2026-08-14T00:01:18-05:00,1000053-B,CLASE TEORICA,(1) Grupo 1,Jennly Angelica Gomez Rodriguez,28,38
gh-31764014573-0814T0500,2026-08-14T00:01:18-05:00,1000053-B,CLASE TEORICA,(2) Grupo 2,Yaneli Niño Osorio,28,38
gh-31764014573-0814T0500,2026-08-14T00:01:18-05:00,1000053-B,CLASE TEORICA,(3) Grupo 3,Javier Rodriguez Gomez,30,38
gh-31764014573-0814T0500,2026-08-14T00:01:18-05:00,1000053-B,CLASE TEORICA,(4) Grupo 4,Javier Rodriguez Gomez,30,38
gh-31764014573-0814T0500,2026-08-14T00:01:18-05:00,1000053-B,CLASE TEORICA,(5) Grupo 5,LINDA JOHANA RUIZ GOMEZ,28,38
gh-31764014573-0814T0500,2026-08-14T00:01:18-05:00,1000053-B,CLASE TEORICA,(6) Grupo 6,Olga Lucia Ruiz Convers,28,38
gh-31764014573-0814T0500,2026-08-14T00:01:19-05:00,1000047-B,CLASE TEORICA,(1) Grupo 1,Cesar Augusto Romero,26,39
gh-31764014573-0814T0500,2026-08-14T00:01:19-05:00,1000047-B,CLASE TEORICA,(10) Grupo 10,Monica Alexandra Riaño Orjuela,26,39
gh-31764014573-0814T0500,2026-08-14T00:01:19-05:00,1000047-B,CLASE TEORICA,(11) Grupo 11,Jennly Angelica Gomez Rodriguez,26,39
gh-31764014573-0814T0500,2026-08-14T00:01:19-05:00,1000047-B,CLASE TEORICA,(12) Grupo 12,Claudia Patricia Cortes Lora,26,39
gh-31764014573-0814T0500,2026-08-14T00:01:19-05:00,1000047-B,CLASE TEORICA,(13) Grupo 13,Angelica Saenz Fonseca,26,39
gh-31764014573-0814T0500,2026-08-14T00:01:19-05:00,1000047-B,CLASE TEORICA,(14) Grupo 14,LINDA JOHANA RUIZ GOMEZ,26,39
gh-31764014573-0814T0500,2026-08-14T00:01:19-05:00,1000047-B,CLASE TEORICA,(15) Grupo 15,Claudia Patricia Cortes Lora,26,39
gh-31764014573-0814T0500,2026-08-14T00:01:19-05:00,1000047-B,CLASE TEORICA,(16) Grupo 16,Narly Yadira Pardo Cadena,26,39
gh-31764014573-0814T0500,2026-08-14T00:01:19-05:00,1000047-B,CLASE TEORICA,(17) Grupo 17,Angelica Saenz Fonseca,26,39
gh-31764014573-0814T0500,2026-08-14T00:01:19-05:00,1000047-B,CLASE TEORICA,(18) Grupo 18,ALBA LUCIA RIAÑO RODRIGUEZ,26,39
gh-31764014573-0814T0500,2026-08-14T00:01:19-05:00,1000047-B,CLASE TEORICA,(19) Grupo 19,Aida Elena Monsalve Solorzano,26,39
gh-31764014573-0814T0500,2026-08-14T00:01:19-05:00,1000047-B,CLASE TEORICA,(2) Grupo 2,Yaneli Niño Osorio,26,39
gh-31764014573-0814T0500,2026-08-14T00:01:19-05:00,1000047-B,CLASE TEORICA,(20) Grupo 20,ALBA LUCIA RIAÑO RODRIGUEZ,26,39
gh-31764014573-0814T0500,2026-08-14T00:01:19-05:00,1000047-B,CLASE TEORICA,(21) Grupo 21,Edwin Yesid Leon Silva,26,39
gh-31764014573-0814T0500,2026-08-14T00:01:19-05:00,1000047-B,CLASE TEORICA,(22) Grupo 22,LINDA JOHANA RUIZ GOMEZ,26,39
gh-31764014573-0814T0500,2026-08-14T00:01:19-05:00,1000047-B,CLASE TEORICA,(3) Grupo 3,Monica Alexandra Riaño Orjuela,26,39
gh-31764014573-0814T0500,2026-08-14T00:01:19-05:00,1000047-B,CLASE TEORICA,(4) Grupo 4,Claudia Patricia Cortes Lora,26,39
gh-31764014573-0814T0500,2026-08-14T00:01:19-05:00,1000047-B,CLASE TEORICA,(5) Grupo 5,Olga Lucia Ruiz Convers,26,39
gh-31764014573-0814T0500,2026-08-14T00:01:19-05:00,1000047-B,CLASE TEORICA,(6) Grupo 6,Monica Alexandra Riaño Orjuela,26,39
gh-31764014573-0814T0500,2026-08-14T00:01:19-05:00,1000047-B,CLASE TEORICA,(7) Grupo 7,Cesar Augusto Romero,26,39
gh-31764014573-0814T0500,2026-08-14T00:01:19-05:00,1000047-B,CLASE TEORICA,(8) Grupo 8,Beatriz Elena Urrutia Sanchez,26,39
gh-31764014573-0814T0500,2026-08-14T00:01:19-05:00,1000047-B,CLASE TEORICA,(9) Grupo 9,Keshia Hilary Howard Livingston,15,39
gh-31764014573-0814T0500,2026-08-14T00:01:22-05:00,2026186,CLASE TEORICA,(1) Grupo 1,Carol Andrea Murillo Feo,7,41
gh-31764014573-0814T0500,2026-08-14T00:01:22-05:00,2026186,CLASE TEORICA,(2) Grupo 2,Leonel Vega Mora,0,41
gh-31764014573-0814T0500,2026-08-14T00:01:22-05:00,2026186,CLASE TEORICA,(4) Grupo 4,Carlos Orlando Robles Roa,10,41
gh-31764014573-0814T0500,2026-08-14T00:01:23-05:00,1000002-B,CLASE TEORICA,(1) Grupo 1 - Clase Presencial,Ruth Andrea Cortés Suárez,1,42
gh-31764014573-0814T0500,2026-08-14T00:01:23-05:00,1000002-B,CLASE TEORICA,(10) Grupo 10 - Clase presencial,Karen Johanna Castelblanco Villamil,0,42
gh-31764014573-0814T0500,2026-08-14T00:01:23-05:00,1000002-B,CLASE TEORICA,(2) Grupo 2 - Clase Presencial,Ruth Andrea Cortés Suárez,0,42
gh-31764014573-0814T0500,2026-08-14T00:01:23-05:00,1000002-B,CLASE TEORICA,(3) Grupo 3 - Clase Presencial,Adriana Patricia Díaz Cuevas,0,42
gh-31764014573-0814T0500,2026-08-14T00:01:23-05:00,1000002-B,CLASE TEORICA,(4) Grupo 4 - Clase Presencial,Adriana Patricia Díaz Cuevas,0,42
gh-31764014573-0814T0500,2026-08-14T00:01:23-05:00,1000002-B,CLASE TEORICA,(5) Grupo 5 - Clase Presencial,Andres Felipe Escovar Barreto,0,42
gh-31764014573-0814T0500,2026-08-14T00:01:23-05:00,1000002-B,CLASE TEORICA,(6) Grupo 6 - Clase Presencial,Ruth Andrea Cortés Suárez,0,42
gh-31764014573-0814T0500,2026-08-14T00:01:23-05:00,1000002-B,CLASE TEORICA,(7) Grupo 7 - Clase Presencial,Karen Johanna Castelblanco Villamil,0,42
gh-31764014573-0814T0500,2026-08-14T00:01:23-05:00,1000002-B,CLASE TEORICA,(8) Grupo 8 - Clase Presencial,Adriana Patricia Díaz Cuevas,0,42
gh-31764014573-0814T0500,2026-08-14T00:01:23-05:00,1000002-B,CLASE TEORICA,(9) Grupo 9 - Clase Presencial,Carlas Lucia Castilla Lara,10,42
gh-31764014573-0814T0500,2026-08-14T00:01:25-05:00,1000001-B,CLASE TEORICA,(1) Grupo 1,No informado,0,43
gh-31764014573-0814T0500,2026-08-14T00:01:25-05:00,1000001-B,CLASE TEORICA,(19) Grupo 19,No informado,5,43
gh-31764014573-0814T0500,2026-08-14T00:01:25-05:00,1000001-B,CLASE TEORICA,(2) Grupo 2,No informado,10,43
gh-31764014573-0814T0500,2026-08-14T00:01:25-05:00,1000001-B,CLASE MAGISTRAL,(1) Grupo 1,Ibeth Marcela Rubio Perilla,0,43
gh-31764014573-0814T0500,2026-08-14T00:01:25-05:00,1000001-B,CLASE MAGISTRAL,(10) Grupo 10,No informado,0,43
gh-31764014573-0814T0500,2026-08-14T00:01:25-05:00,1000001-B,CLASE MAGISTRAL,(2) Grupo 2,Herbert Alonso Dueñas Ruiz,0,43
gh-31764014573-0814T0500,2026-08-14T00:01:25-05:00,1000001-B,CLASE MAGISTRAL,(3) Grupo 3,Jeanneth Galeano Penaloza,0,43
gh-31764014573-0814T0500,2026-08-14T00:01:25-05:00,1000001-B,CLASE MAGISTRAL,(4) Grupo 4,Gustavo Adolfo Nieto Clavijo,0,43
gh-31764014573-0814T0500,2026-08-14T00:01:25-05:00,1000001-B,CLASE MAGISTRAL,(5) Grupo 5,Natalia Camila Pinzon Cortes,1,43
gh-31764014573-0814T0500,2026-08-14T00:01:25-05:00,1000001-B,CLASE MAGISTRAL,(6) Grupo 6,Martha Cecilia Moreno Penagos,0,43
gh-31764014573-0814T0500,2026-08-14T00:01:25-05:00,1000001-B,CLASE MAGISTRAL,(7) Grupo 7,Claudio Rodriguez Beltran,0,43
gh-31764014573-0814T0500,2026-08-14T00:01:25-05:00,1000001-B,CLASE MAGISTRAL,(8) Grupo 8,Gabriel Ignacio Padilla Leon,1,43
gh-31764014573-0814T0500,2026-08-14T00:01:25-05:00,1000001-B,CLASE MAGISTRAL,(9) Grupo 9,No informado,10,43
gh-31764014573-0814T0500,2026-08-14T00:01:26-05:00,2015965,CLASE TEORICA,(1) Grupo 1,CAMILO RIOS FRESNEDA,24,44
gh-31764014573-0814T0500,2026-08-14T00:01:26-05:00,2015965,CLASE TEORICA,(2) Grupo 2,Julian David Puerto Suarez; Vladimir Buelvas Hernández,24,44
gh-31764014573-0814T0500,2026-08-14T00:01:26-05:00,2015965,CLASE TEORICA,(3) Grupo 3,Ferney Betancourt Cardozo; Juan Manuel Lizarazo Marriaga,24,44
gh-31764014573-0814T0500,2026-08-14T00:01:26-05:00,2015965,CLASE TEORICA,(4) Grupo 4,No informado,24,44
gh-31764014573-0814T0500,2026-08-14T00:01:28-05:00,2015966,CLASE TEORICA,(1) Grupo 1,No informado,24,45
gh-31764014573-0814T0500,2026-08-14T00:01:28-05:00,2015966,CLASE TEORICA,(2) Grupo 2,Adriana Patricia Piña Fulano,24,45
gh-31764014573-0814T0500,2026-08-14T00:01:28-05:00,2015966,CLASE TEORICA,(3) Grupo 3,Rafael Orland Ortiz Mosquera,24,45
gh-31764014573-0814T0500,2026-08-14T00:01:28-05:00,2015966,CLASE TEORICA,(4) Grupo 4,No informado,24,45
gh-31764014573-0814T0500,2026-08-14T00:01:28-05:00,2015966,CLASE TEORICA,(5) Grupo 5,No informado,24,45
gh-31764014573-0814T0500,2026-08-14T00:01:28-05:00,2015966,CLASE TEORICA,(6) Grupo 6,Luis Alejandro Morales Marin,24,45
gh-31764014573-0814T0500,2026-08-14T00:01:28-05:00,2015966,CLASE TEORICA,(7) Grupo 7,No informado,24,45
gh-31764014573-0814T0500,2026-08-14T00:01:28-05:00,2015966,CLASE TEORICA,(8) Grupo 8,No informado,24,45
gh-31764014573-0814T0500,2026-08-14T00:01:29-05:00,2015967,NA,(1) Grupo 1,Vladimir Buelvas Hernández,24,46
gh-31764014573-0814T0500,2026-08-14T00:01:30-05:00,2015968,CLASE TEORICA,(1) Grupo 1,Ricardo Parra Arango,24,47
gh-31764014573-0814T0500,2026-08-14T00:01:30-05:00,2015968,CLASE TEORICA,(2) Grupo 2,Juan David Oliveros Salazar,24,47
gh-31764014573-0814T0500,2026-08-14T00:01:30-05:00,2015968,CLASE TEORICA,(3) Grupo 3,No informado,24,47
gh-31764014573-0814T0500,2026-08-14T00:01:30-05:00,2015968,CLASE TEORICA,(4) Grupo 4,Ricardo Parra Arango,24,47
gh-31764014573-0814T0500,2026-08-14T00:01:30-05:00,2015968,CLASE TEORICA,(5) Grupo 5,Julian David Puerto Suarez,24,47
gh-31764014573-0814T0500,2026-08-14T00:01:30-05:00,2015968,CLASE TEORICA,(6) Grupo 6,Dorian Luis Linero Segrera,24,47
gh-31764014573-0814T0500,2026-08-14T00:01:30-05:00,2015968,CLASE TEORICA,(7) Grupo 7,No informado,0,47
gh-31764014573-0814T0500,2026-08-14T00:01:31-05:00,2015969,CLASE TEORICA,(1) Grupo 1 (Inglés),Julio Esteban Colmenares Montañez,30,48
gh-31764014573-0814T0500,2026-08-14T00:01:31-05:00,2015969,CLASE TEORICA,(2) Grupo 2,Guillermo Eduardo Avila Alvarez,30,48
gh-31764014573-0814T0500,2026-08-14T00:01:31-05:00,2015969,CLASE TEORICA,(3) Grupo 3,Livaniel Viveros Rosero,30,48
gh-31764014573-0814T0500,2026-08-14T00:01:31-05:00,2015969,CLASE TEORICA,(4) Grupo 4,No informado,30,48
gh-31764014573-0814T0500,2026-08-14T00:01:33-05:00,2015970,CLASE PRACTICA,(4) Grupo 4,Helga Duarte,30,49
gh-31764014573-0814T0500,2026-08-14T00:01:33-05:00,2015970,CLASE PRACTICA,(5) Grupo 5,Oswaldo Rojas Camacho,45,49
gh-31764014573-0814T0500,2026-08-14T00:01:33-05:00,2015970,CLASE PRACTICA,(8) Grupo 8,Helga Duarte,30,49
gh-31764014573-0814T0500,2026-08-14T00:01:33-05:00,2015970,CLASE PRACTICA,(9) Grupo 9,Oswaldo Rojas Camacho,45,49
gh-31764014573-0814T0500,2026-08-14T00:01:34-05:00,2017293,CLASE TEORICA,(1) 2017293-1 Modelación matemática,JUAN SEBASTIÁN HINCAPIÉ MONTES,34,50
gh-31764014573-0814T0500,2026-08-14T00:01:34-05:00,2017293,CLASE TEORICA,(2) 2017293-2 Modelación matemática,JUAN SEBASTIÁN HINCAPIÉ MONTES,34,50
gh-31764014573-0814T0500,2026-08-14T00:01:34-05:00,2017293,CLASE MAGISTRAL,(1M) 2017293-1M Modelación matemática - Magistral,Carlos Alberto Duque Daza,80,50
gh-31764014573-0814T0500,2026-08-14T00:01:38-05:00,2015971,CLASE TEORICA,(1) Grupo 1,No informado,30,53
gh-31764014573-0814T0500,2026-08-14T00:01:38-05:00,2015971,CLASE TEORICA,(2) Grupo 2,Ferney Betancourt Cardozo,30,53
gh-31764014573-0814T0500,2026-08-14T00:01:38-05:00,2015971,CLASE TEORICA,(3) Grupo 3,No informado,30,53
gh-31764014573-0814T0500,2026-08-14T00:01:39-05:00,2015972,CLASE TEORICA,(1) Grupo 1,Carlos Alberto Moncada Aristizabal,15,54
gh-31764014573-0814T0500,2026-08-14T00:01:39-05:00,2015972,CLASE TEORICA,(2) Grupo 2,SANTIAGO RAMIREZ ECHEVERRI,15,54
gh-31764014573-0814T0500,2026-08-14T00:01:39-05:00,2015972,CLASE TEORICA,(3) Grupo 3,No informado,15,54
gh-31764014573-0814T0500,2026-08-14T00:01:40-05:00,1000024-B,CLASE TEORICA,(12) Grupo 12,Edgar Delgado Mejia,0,55
gh-31764014573-0814T0500,2026-08-14T00:01:40-05:00,1000024-B,CLASE TEORICA,(13) Grupo 13,Jesus Sigifredo Valencia Rios,0,55
gh-31764014573-0814T0500,2026-08-14T00:01:40-05:00,1000024-B,CLASE TEORICA,(14) Grupo 14,Jhon Jairo Aragón Arias,10,55
gh-31764014573-0814T0500,2026-08-14T00:01:42-05:00,1000013-B,CLASE TEORICA,(1) Grupo 1,JHONIER SEBASTIAN RANGEL GUTIERREZ,0,56
gh-31764014573-0814T0500,2026-08-14T00:01:42-05:00,1000013-B,CLASE TEORICA,(10) Grupo 10,Sandra Vergara Cardozo,35,56
gh-31764014573-0814T0500,2026-08-14T00:01:42-05:00,1000013-B,CLASE TEORICA,(11) Grupo 11,DIEGO ALBERTO MARTINEZ SIMBAQUEVA,40,56
gh-31764014573-0814T0500,2026-08-14T00:01:42-05:00,1000013-B,CLASE TEORICA,(12) Grupo 12,DIEGO ALBERTO MARTINEZ SIMBAQUEVA,40,56
gh-31764014573-0814T0500,2026-08-14T00:01:42-05:00,1000013-B,CLASE TEORICA,(13) Grupo 13,DIEGO ALBERTO MARTINEZ SIMBAQUEVA,30,56
gh-31764014573-0814T0500,2026-08-14T00:01:42-05:00,1000013-B,CLASE TEORICA,(14) Grupo 14,Andrea Catalina Garcia Montoya,45,56
gh-31764014573-0814T0500,2026-08-14T00:01:42-05:00,1000013-B,CLASE TEORICA,(16) Grupo 16,Sergio Alejandro Calderon Villanueva,30,56
gh-31764014573-0814T0500,2026-08-14T00:01:42-05:00,1000013-B,CLASE TEORICA,(2) Grupo 2,Luis Guillermo Diaz Monroy,40,56
gh-31764014573-0814T0500,2026-08-14T00:01:42-05:00,1000013-B,CLASE TEORICA,(22) Grupo 22,Hanwen Zhang,45,56
gh-31764014573-0814T0500,2026-08-14T00:01:42-05:00,1000013-B,CLASE TEORICA,(23) Grupo 23,ULPIANO LARA CRISTANCHO,0,56
gh-31764014573-0814T0500,2026-08-14T00:01:42-05:00,1000013-B,CLASE TEORICA,(3) Grupo 3,Diana Carolina Franco Soto,40,56
gh-31764014573-0814T0500,2026-08-14T00:01:42-05:00,1000013-B,CLASE TEORICA,(4) Grupo 4,Diana Carolina Franco Soto,40,56
gh-31764014573-0814T0500,2026-08-14T00:01:42-05:00,1000013-B,CLASE TEORICA,(5) Grupo 5,Darwin Eduardo Martínez Riaño,35,56
gh-31764014573-0814T0500,2026-08-14T00:01:42-05:00,1000013-B,CLASE TEORICA,(6) Grupo 6,Darwin Eduardo Martínez Riaño,35,56
gh-31764014573-0814T0500,2026-08-14T00:01:42-05:00,1000013-B,CLASE TEORICA,(7) Grupo 7,Camilo Jose Torres Jimenez,40,56
gh-31764014573-0814T0500,2026-08-14T00:01:43-05:00,2015734,NA,(1) Grupo 1,Fernando Salazar Delgado,6,57
gh-31764014573-0814T0500,2026-08-14T00:01:43-05:00,2015734,NA,(10) Grupo 10,Tito Florez Calderon,4,57
gh-31764014573-0814T0500,2026-08-14T00:01:43-05:00,2015734,NA,(11) Grupo 11,DAVID ALBERTO HERRERA ALVAREZ,0,57
gh-31764014573-0814T0500,2026-08-14T00:01:43-05:00,2015734,NA,(12) Grupo 12,FABIEL NATÁN ESPINOSA CASTAÑEDA,1,57
gh-31764014573-0814T0500,2026-08-14T00:01:43-05:00,2015734,NA,(13) Grupo 13,SERGIO CAMILO ESPINOSA BOTERO,4,57
gh-31764014573-0814T0500,2026-08-14T00:01:43-05:00,2015734,NA,(14) Grupo 14,Felipe Gonzalez Roldan,0,57
gh-31764014573-0814T0500,2026-08-14T00:01:43-05:00,2015734,NA,(2) Grupo 2,Fernando Salazar Delgado,16,57
gh-31764014573-0814T0500,2026-08-14T00:01:43-05:00,2015734,NA,(3) Grupo 3,Jhoan Sebastian Restrepo Mendoza,0,57
gh-31764014573-0814T0500,2026-08-14T00:01:43-05:00,2015734,NA,(4) Grupo 4,Sandra Liliana Rojas Martinez,0,57
gh-31764014573-0814T0500,2026-08-14T00:01:43-05:00,2015734,NA,(5) Grupo 5,Jhoan Sebastian Restrepo Mendoza,0,57
gh-31764014573-0814T0500,2026-08-14T00:01:43-05:00,2015734,NA,(6) Grupo 6,SERGIO CAMILO ESPINOSA BOTERO,8,57
gh-31764014573-0814T0500,2026-08-14T00:01:43-05:00,2015734,NA,(7) Grupo 7,No informado,3,57
gh-31764014573-0814T0500,2026-08-14T00:01:43-05:00,2015734,NA,(8) Grupo 8 - Virtual,FABIEL NATÁN ESPINOSA CASTAÑEDA,30,57
gh-31764014573-0814T0500,2026-08-14T00:01:43-05:00,2015734,NA,(9) Grupo 9,Alvaro Reynel Córdoba,18,57
gh-31764014573-0814T0500,2026-08-14T00:01:45-05:00,2015973,CLASE TEORICA,(1) Grupo 1,No informado,25,59
gh-31764014573-0814T0500,2026-08-14T00:01:45-05:00,2015973,CLASE TEORICA,(2) Grupo 2,GABRIELA ARRIETA LOYO,25,59
gh-31764014573-0814T0500,2026-08-14T00:01:45-05:00,2015973,CLASE TEORICA,(3) Grupo 3,NICOLAS ESCALANTE MORA,25,59
gh-31764014573-0814T0500,2026-08-14T00:01:47-05:00,2022761,NA,(1) Grupo 1,Servio Javier Contreras Guerrero,15,60
gh-31764014573-0814T0500,2026-08-14T00:01:47-05:00,2022761,NA,(2) Grupo 2,Servio Javier Contreras Guerrero,15,60
gh-31764014573-0814T0500,2026-08-14T00:01:47-05:00,2022761,NA,(3) Grupo 3,Samuel Fernando Mesa Giraldo,15,60
gh-31764014573-0814T0500,2026-08-14T00:01:48-05:00,2024045,CLASE TEORICA,(1) 2024045-1 Taller de proyectos interdisciplinarios,No informado,0,61
gh-31764014573-0814T0500,2026-08-14T00:01:48-05:00,2024045,CLASE TEORICA,(10) 2024045-10 Taller de proyectos interdisciplinarios,Oscar Andres Eraso Eraso,0,61
gh-31764014573-0814T0500,2026-08-14T00:01:48-05:00,2024045,CLASE TEORICA,(11) 2024045-11 Taller de proyectos interdisciplinarios,No informado,0,61
gh-31764014573-0814T0500,2026-08-14T00:01:48-05:00,2024045,CLASE TEORICA,(12) 2024045-12 Taller de proyectos interdisciplinarios,Hector Julian Garcia Otalora,200,61
gh-31764014573-0814T0500,2026-08-14T00:01:48-05:00,2024045,CLASE TEORICA,(13) 2024045-13 Taller de proyectos interdisciplinarios,No informado,0,61
gh-31764014573-0814T0500,2026-08-14T00:01:48-05:00,2024045,CLASE TEORICA,(14) 2024045-14 Taller de proyectos interdisciplinarios,Dolly Santos Barbosa,0,61
gh-31764014573-0814T0500,2026-08-14T00:01:48-05:00,2024045,CLASE TEORICA,(15) 2024045-15 Taller de proyectos interdisciplinarios,Oscar Andres Eraso Eraso,0,61
gh-31764014573-0814T0500,2026-08-14T00:01:48-05:00,2024045,CLASE TEORICA,(16) 2024045-16 Taller de proyectos interdisciplinarios,Luis Ignacio Rodriguez Varela,0,61
gh-31764014573-0814T0500,2026-08-14T00:01:48-05:00,2024045,CLASE TEORICA,(17) 2024045-17 Taller de proyectos interdisciplinarios,JOHANA CATALINA MANOSALVA BARRERA,0,61
gh-31764014573-0814T0500,2026-08-14T00:01:48-05:00,2024045,CLASE TEORICA,(18) 2024045-18 Taller de proyectos interdisciplinarios,Fernando Bernal Martinez,0,61
gh-31764014573-0814T0500,2026-08-14T00:01:48-05:00,2024045,CLASE TEORICA,(19) 2024045-19 Taller de proyectos interdisciplinarios,FRANCISCO JAVIER VÁSQUEZ VÁSQUEZ,0,61
gh-31764014573-0814T0500,2026-08-14T00:01:48-05:00,2024045,CLASE TEORICA,(2) 2024045-2 Taller de proyectos interdisciplinarios,Fernando Bernal Martinez,0,61
gh-31764014573-0814T0500,2026-08-14T00:01:48-05:00,2024045,CLASE TEORICA,(21) 2024045-21 Taller de proyectos interdisciplinarios,No informado,0,61
gh-31764014573-0814T0500,2026-08-14T00:01:48-05:00,2024045,CLASE TEORICA,(22) 2024045-22 Taller de proyectos interdisciplinarios,Ubaldo Garcia Zaragoza,0,61
gh-31764014573-0814T0500,2026-08-14T00:01:48-05:00,2024045,CLASE TEORICA,(23) 2024045-23 Taller de proyectos interdisciplinarios,No informado,0,61
gh-31764014573-0814T0500,2026-08-14T00:01:48-05:00,2024045,CLASE TEORICA,(24) 2024045-24 Taller de proyectos interdisciplinarios,Hector Julian Garcia Otalora,200,61
gh-31764014573-0814T0500,2026-08-14T00:01:48-05:00,2024045,CLASE TEORICA,(3) 2024045-3 Taller de proyectos interdisciplinarios,Guillermo Alberto Rocha Casas,0,61
gh-31764014573-0814T0500,2026-08-14T00:01:48-05:00,2024045,CLASE TEORICA,(4) 2024045-4 Taller de proyectos interdisciplinarios,Francy Nayely Prieto Novoa,0,61
gh-31764014573-0814T0500,2026-08-14T00:01:48-05:00,2024045,CLASE TEORICA,(40) 2024045-40 TPI-- NO BORRAR-- BLOQ ESPACIOS,No informado,0,61
gh-31764014573-0814T0500,2026-08-14T00:01:48-05:00,2024045,CLASE TEORICA,(5) 2024045-5 Taller de proyectos interdisciplinarios,Nubia Carmenza Moreno Sarmiento,0,61
gh-31764014573-0814T0500,2026-08-14T00:01:48-05:00,2024045,CLASE TEORICA,(6) 2024045-6 Taller de proyectos interdisciplinarios,JOHANA CATALINA MANOSALVA BARRERA,0,61
gh-31764014573-0814T0500,2026-08-14T00:01:48-05:00,2024045,CLASE TEORICA,(7) 2024045-7 Taller de proyectos interdisciplinarios,Ubaldo Garcia Zaragoza,0,61
gh-31764014573-0814T0500,2026-08-14T00:01:48-05:00,2024045,CLASE TEORICA,(8) 2024045-8 Taller de proyectos interdisciplinarios,JHON FREDDY LOPEZ MEDINA,0,61
gh-31764014573-0814T0500,2026-08-14T00:01:48-05:00,2024045,CLASE TEORICA,(9) 2024045-9 Taller de proyectos interdisciplinarios,Manuel Alejandro Mayorga Betancourt,0,61
gh-31764014573-0814T0500,2026-08-14T00:01:50-05:00,2015296,NA,(1) Grupo 1,Leonardo David Donado Garzon,5,62
gh-31764014573-0814T0500,2026-08-14T00:01:50-05:00,2015296,NA,(10) Grupo 10,Juan Manuel Lizarazo Marriaga,5,62
gh-31764014573-0814T0500,2026-08-14T00:01:50-05:00,2015296,NA,(11) Grupo 11,Octavio Coronado Garcia,5,62
gh-31764014573-0814T0500,2026-08-14T00:01:50-05:00,2015296,NA,(12) Grupo 12,Carol Andrea Murillo Feo,5,62
gh-31764014573-0814T0500,2026-08-14T00:01:50-05:00,2015296,NA,(13) Grupo 13,CAMILO RIOS FRESNEDA,5,62
gh-31764014573-0814T0500,2026-08-14T00:01:50-05:00,2015296,NA,(14) Grupo 14,William Castro Garcia,5,62
gh-31764014573-0814T0500,2026-08-14T00:01:50-05:00,2015296,NA,(15) Grupo 15,Luis Alejandro Morales Marin,5,62
gh-31764014573-0814T0500,2026-08-14T00:01:50-05:00,2015296,NA,(16) Grupo 16,Ferney Betancourt Cardozo,5,62
gh-31764014573-0814T0500,2026-08-14T00:01:50-05:00,2015296,NA,(17) Grupo 17,Maria Alejandra Caicedo Londoño,5,62
gh-31764014573-0814T0500,2026-08-14T00:01:50-05:00,2015296,NA,(18) Grupo 18,Guillermo Eduardo Avila Alvarez,5,62
gh-31764014573-0814T0500,2026-08-14T00:01:50-05:00,2015296,NA,(19) Grupo 19,Carlos Alfonso Gomez Guacaneme,0,62
gh-31764014573-0814T0500,2026-08-14T00:01:50-05:00,2015296,NA,(2) Grupo 2,Carlos Orlando Robles Roa,5,62
gh-31764014573-0814T0500,2026-08-14T00:01:50-05:00,2015296,NA,(3) Grupo 3,Angela Barrera Puerto,5,62
gh-31764014573-0814T0500,2026-08-14T00:01:50-05:00,2015296,NA,(4) Grupo 4,Mauricio Alberto Tapias Camacho,5,62
gh-31764014573-0814T0500,2026-08-14T00:01:50-05:00,2015296,NA,(5) Grupo 5,Maritzabel Molina Herrera,5,62
gh-31764014573-0814T0500,2026-08-14T00:01:50-05:00,2015296,NA,(6) Grupo 6,Rodolfo Rodriguez Baracaldo,5,62
gh-31764014573-0814T0500,2026-08-14T00:01:50-05:00,2015296,NA,(7) Grupo 7,SANTIAGO RAMIREZ ECHEVERRI,5,62
gh-31764014573-0814T0500,2026-08-14T00:01:50-05:00,2015296,NA,(8) Grupo 8,Jose Ricardo Martinez Vargas,5,62
gh-31764014573-0814T0500,2026-08-14T00:01:50-05:00,2015296,NA,(9) Grupo 9,GABRIELA ARRIETA LOYO,5,62
gh-31764014573-0814T0500,2026-08-14T00:01:51-05:00,2015299,CLASE TEORICA,(1) Grupo 1,GABRIELA ARRIETA LOYO,51,63
gh-31764014573-0814T0530,2026-08-14T00:32:00-05:00,2015938,CLASE TEORICA,(1) Grupo 1,Maria Alejandra Caicedo Londoño,25,0
gh-31764014573-0814T0530,2026-08-14T00:32:00-05:00,2015938,CLASE TEORICA,(2) Grupo 2,Maria Alejandra Caicedo Londoño,25,0
gh-31764014573-0814T0530,2026-08-14T00:32:00-05:00,2015938,CLASE TEORICA,(3) Grupo 3,JOSE LUIS DIAZ AREVALO,25,0
gh-31764014573-0814T0530,2026-08-14T00:32:00-05:00,2015938,CLASE TEORICA,(4) Grupo 4,JOSE LUIS DIAZ AREVALO,24,0
gh-31764014573-0814T0530,2026-08-14T00:32:01-05:00,2015939,CLASE TEORICA,(1) Grupo 1,ALVARO MARTIN GUTIERREZ MALAXECHEBARRIA,25,1
gh-31764014573-0814T0530,2026-08-14T00:32:01-05:00,2015939,CLASE TEORICA,(2) Grupo 2,ALVARO MARTIN GUTIERREZ MALAXECHEBARRIA,25,1
gh-31764014573-0814T0530,2026-08-14T00:32:01-05:00,2015939,CLASE TEORICA,(3) Grupo 3,Edder Alexander Velandia Duran,25,1
gh-31764014573-0814T0530,2026-08-14T00:32:01-05:00,2015939,CLASE TEORICA,(4) Grupo 4,No informado,25,1
gh-31764014573-0814T0530,2026-08-14T00:32:03-05:00,1000003-B,NA,(1) Grupo 1,Erika Lorena Rosero Alzate; Oscar Andrés Rojas Sepúlveda,0,2
gh-31764014573-0814T0530,2026-08-14T00:32:03-05:00,1000003-B,NA,(10) Grupo 10,Epifanio Lozano Ayala,14,2
gh-31764014573-0814T0530,2026-08-14T00:32:03-05:00,1000003-B,NA,(11) Grupo 11,No informado,60,2
gh-31764014573-0814T0530,2026-08-14T00:32:03-05:00,1000003-B,NA,(12) Grupo 12,No informado,40,2
gh-31764014573-0814T0530,2026-08-14T00:32:03-05:00,1000003-B,NA,(13) Grupo 13,Mohammed EL AIDI,40,2
gh-31764014573-0814T0530,2026-08-14T00:32:03-05:00,1000003-B,NA,(15) Grupo 15,Myriam Leonor Campos Florez,60,2
gh-31764014573-0814T0530,2026-08-14T00:32:03-05:00,1000003-B,NA,(16) Grupo 16,No informado,60,2
gh-31764014573-0814T0530,2026-08-14T00:32:03-05:00,1000003-B,NA,(17) Grupo 17,Martha Cecilia Moreno Penagos,40,2
gh-31764014573-0814T0530,2026-08-14T00:32:03-05:00,1000003-B,NA,(18) Grupo 18,John Alexander Cruz Morales,52,2
gh-31764014573-0814T0530,2026-08-14T00:32:03-05:00,1000003-B,NA,(20) Grupo 20,Natalia Camila Pinzon Cortes,60,2
gh-31764014573-0814T0530,2026-08-14T00:32:03-05:00,1000003-B,NA,(21) Grupo 21,Ivon Andrea Dorado Correa,52,2
gh-31764014573-0814T0530,2026-08-14T00:32:03-05:00,1000003-B,NA,(22) Grupo 22,No informado,46,2
gh-31764014573-0814T0530,2026-08-14T00:32:03-05:00,1000003-B,NA,(3) Grupo 3,No informado,60,2
gh-31764014573-0814T0530,2026-08-14T00:32:03-05:00,1000003-B,NA,(4) Grupo 4,Luis Alejandro Barbosa Torres,112,2
gh-31764014573-0814T0530,2026-08-14T00:32:03-05:00,1000003-B,NA,(5) Grupo 5,Jaime David Mora Paz,60,2
gh-31764014573-0814T0530,2026-08-14T00:32:03-05:00,1000003-B,NA,(7) Grupo 7,Myriam Leonor Campos Florez,40,2
gh-31764014573-0814T0530,2026-08-14T00:32:03-05:00,1000003-B,NA,(8) Grupo 8,No informado,10,2
gh-31764014573-0814T0530,2026-08-14T00:32:04-05:00,2015940,CLASE TEORICA,(1) Grupo 1,Maritzabel Molina Herrera,24,3
gh-31764014573-0814T0530,2026-08-14T00:32:04-05:00,2015940,CLASE TEORICA,(2) Grupo 2,Gabriel Andres Bernal Granados,24,3
gh-31764014573-0814T0530,2026-08-14T00:32:04-05:00,2015940,CLASE TEORICA,(3) Grupo 3,No informado,24,3
gh-31764014573-0814T0530,2026-08-14T00:32:05-05:00,2015941,CLASE TEORICA,(1) Grupo 1,Patricia Luna Tamayo,30,4
gh-31764014573-0814T0530,2026-08-14T00:32:05-05:00,2015941,CLASE TEORICA,(2) Grupo 2,No informado,30,4
gh-31764014573-0814T0530,2026-08-14T00:32:05-05:00,2015941,CLASE TEORICA,(3) Grupo 3,Carlos Ramiro Vallecilla Bahena,30,4
gh-31764014573-0814T0530,2026-08-14T00:32:05-05:00,2015941,CLASE TEORICA,(4) Grupo 4,No informado,30,4
gh-31764014573-0814T0530,2026-08-14T00:32:07-05:00,1000004-B,NA,(10) Grupo 10,No informado,53,5
gh-31764014573-0814T0530,2026-08-14T00:32:07-05:00,1000004-B,NA,(11) Grupo 11,No informado,24,5
gh-31764014573-0814T0530,2026-08-14T00:32:07-05:00,1000004-B,NA,(12) Grupo 12,No informado,24,5
gh-31764014573-0814T0530,2026-08-14T00:32:07-05:00,1000004-B,NA,(13) Grupo 13,No informado,16,5
gh-31764014573-0814T0530,2026-08-14T00:32:07-05:00,1000004-B,NA,(14) Grupo 14,No informado,90,5
gh-31764014573-0814T0530,2026-08-14T00:32:07-05:00,1000004-B,NA,(16) Grupo 16,No informado,27,5
gh-31764014573-0814T0530,2026-08-14T00:32:07-05:00,1000004-B,NA,(17) Grupo 17,Hernan Garzon Gutierrez,39,5
gh-31764014573-0814T0530,2026-08-14T00:32:07-05:00,1000004-B,NA,(19) Grupo 19,No informado,59,5
gh-31764014573-0814T0530,2026-08-14T00:32:07-05:00,1000004-B,NA,(2) Grupo 2,No informado,24,5
gh-31764014573-0814T0530,2026-08-14T00:32:07-05:00,1000004-B,NA,(20) Grupo 20,Hernan Garzon Gutierrez,10,5
gh-31764014573-0814T0530,2026-08-14T00:32:07-05:00,1000004-B,NA,(21) Grupo 21,No informado,60,5
gh-31764014573-0814T0530,2026-08-14T00:32:07-05:00,1000004-B,NA,(22) Grupo 22,No informado,60,5
gh-31764014573-0814T0530,2026-08-14T00:32:07-05:00,1000004-B,NA,(24) Grupo 24,Ricardo Ariel Pastran Ramirez,60,5
gh-31764014573-0814T0530,2026-08-14T00:32:07-05:00,1000004-B,NA,(25) Grupo 25,No informado,40,5
gh-31764014573-0814T0530,2026-08-14T00:32:07-05:00,1000004-B,NA,(27) Grupo 27,No informado,51,5
gh-31764014573-0814T0530,2026-08-14T00:32:07-05:00,1000004-B,NA,(28) Grupo 28,No informado,60,5
gh-31764014573-0814T0530,2026-08-14T00:32:07-05:00,1000004-B,NA,(29) Grupo 29,No informado,60,5
gh-31764014573-0814T0530,2026-08-14T00:32:07-05:00,1000004-B,NA,(30) Grupo 30,No informado,60,5
gh-31764014573-0814T0530,2026-08-14T00:32:07-05:00,1000004-B,NA,(32) Grupo 32,No informado,90,5
gh-31764014573-0814T0530,2026-08-14T00:32:07-05:00,1000004-B,NA,(4) Grupo 4,Myriam Leonor Campos Florez,37,5
gh-31764014573-0814T0530,2026-08-14T00:32:07-05:00,1000004-B,NA,(5) Grupo 5,Oscar Javier Lopez Alfonso,84,5
gh-31764014573-0814T0530,2026-08-14T00:32:07-05:00,1000004-B,NA,(7) Grupo 7,Anderson Arley Vera Arboleda,64,5
gh-31764014573-0814T0530,2026-08-14T00:32:07-05:00,1000004-B,NA,(8) Grupo 8,No informado,40,5
gh-31764014573-0814T0530,2026-08-14T00:32:07-05:00,1000004-B,NA,(9) Grupo 9,No informado,18,5
gh-31764014573-0814T0530,2026-08-14T00:32:08-05:00,1000006-B,NA,(1) Grupo 1,No informado,40,6
gh-31764014573-0814T0530,2026-08-14T00:32:08-05:00,1000006-B,NA,(10) Grupo 10,No informado,100,6
gh-31764014573-0814T0530,2026-08-14T00:32:08-05:00,1000006-B,NA,(11) Grupo 11,No informado,40,6
gh-31764014573-0814T0530,2026-08-14T00:32:08-05:00,1000006-B,NA,(12) Grupo 12,Leonid Lebedev,60,6
gh-31764014573-0814T0530,2026-08-14T00:32:08-05:00,1000006-B,NA,(13) Grupo 13,Juan Carlos Hernandez Rincon,40,6
gh-31764014573-0814T0530,2026-08-14T00:32:08-05:00,1000006-B,NA,(14) Grupo 14,No informado,60,6
gh-31764014573-0814T0530,2026-08-14T00:32:08-05:00,1000006-B,NA,(15) Grupo 15,No informado,112,6
gh-31764014573-0814T0530,2026-08-14T00:32:08-05:00,1000006-B,NA,(2) Grupo 2,EDIXON MANUEL ROJAS SANTANA,40,6
gh-31764014573-0814T0530,2026-08-14T00:32:08-05:00,1000006-B,NA,(3) Grupo 3,Cesar Augusto Gomez Sierra,40,6
gh-31764014573-0814T0530,2026-08-14T00:32:08-05:00,1000006-B,NA,(4) Grupo 4,Agustin Moreno Canadas,100,6
gh-31764014573-0814T0530,2026-08-14T00:32:08-05:00,1000006-B,NA,(5) Grupo 5,German Eduardo Fonseca Buitrago,40,6
gh-31764014573-0814T0530,2026-08-14T00:32:08-05:00,1000006-B,NA,(7) Grupo 7,No informado,70,6
gh-31764014573-0814T0530,2026-08-14T00:32:08-05:00,1000006-B,NA,(8) Grupo 8,Epifanio Lozano Ayala,60,6
gh-31764014573-0814T0530,2026-08-14T00:32:08-05:00,1000006-B,NA,(9) Grupo 9,Orlando Vanegas Canro,0,6
gh-31764014573-0814T0530,2026-08-14T00:32:10-05:00,1000005-B,NA,(1) Grupo 1,Orlando Vanegas Canro,0,7
gh-31764014573-0814T0530,2026-08-14T00:32:10-05:00,1000005-B,NA,(10) Grupo 10,Epifanio Lozano Ayala,50,7
gh-31764014573-0814T0530,2026-08-14T00:32:10-05:00,1000005-B,NA,(14) Grupo 14,Mohammed EL AIDI,40,7
gh-31764014573-0814T0530,2026-08-14T00:32:10-05:00,1000005-B,NA,(15) Grupo 15,Alina Fedosova,60,7
gh-31764014573-0814T0530,2026-08-14T00:32:10-05:00,1000005-B,NA,(16) Grupo 16,No informado,70,7
gh-31764014573-0814T0530,2026-08-14T00:32:10-05:00,1000005-B,NA,(17) Grupo 17,Hernan Garzon Gutierrez,40,7
gh-31764014573-0814T0530,2026-08-14T00:32:10-05:00,1000005-B,NA,(2) Grupo 2,RENE ERLIN CASTILLO,60,7
gh-31764014573-0814T0530,2026-08-14T00:32:10-05:00,1000005-B,NA,(20) Grupo 20,Franqui Solis Cardenas Poloche,40,7
gh-31764014573-0814T0530,2026-08-14T00:32:10-05:00,1000005-B,NA,(22) Grupo 22,No informado,60,7
gh-31764014573-0814T0530,2026-08-14T00:32:10-05:00,1000005-B,NA,(3) Grupo 3,Eduardo Cardenas Gomez,70,7
gh-31764014573-0814T0530,2026-08-14T00:32:10-05:00,1000005-B,NA,(4) Grupo 4,Edward Samuel Becerra Rojas,60,7
gh-31764014573-0814T0530,2026-08-14T00:32:10-05:00,1000005-B,NA,(6) Grupo 6,No informado,60,7
gh-31764014573-0814T0530,2026-08-14T00:32:10-05:00,1000005-B,NA,(7) Grupo 7,Franqui Solis Cardenas Poloche,100,7
gh-31764014573-0814T0530,2026-08-14T00:32:10-05:00,1000005-B,NA,(8) Grupo 8,No informado,40,7
gh-31764014573-0814T0530,2026-08-14T00:32:10-05:00,1000005-B,NA,(9) Grupo 9,No informado,10,7
gh-31764014573-0814T0530,2026-08-14T00:32:12-05:00,2015943,CLASE TEORICA,(1) Grupo 1,Carlos Orlando Robles Roa,15,9
gh-31764014573-0814T0530,2026-08-14T00:32:13-05:00,2015944,CLASE TEORICA,(1) Grupo 1,SANTIAGO RAMIREZ ECHEVERRI,15,10
gh-31764014573-0814T0530,2026-08-14T00:32:14-05:00,2015711,NA,(10) 2015711-10 Dibujo básico,Ariel Augusto Amaya Avila,0,11
gh-31764014573-0814T0530,2026-08-14T00:32:14-05:00,2015711,NA,(11) 2015711-11 Dibujo básico,Cesar Augusto Bacca Gonzalez,0,11
gh-31764014573-0814T0530,2026-08-14T00:32:14-05:00,2015711,NA,(14) 2015711-14 Dibujo básico,Cristian Felipe Morales Suárez,0,11
gh-31764014573-0814T0530,2026-08-14T00:32:14-05:00,2015711,NA,(16) 2015711-16 Dibujo básico,DAVID FELIPE TORRES ARCE,0,11
gh-31764014573-0814T0530,2026-08-14T00:32:14-05:00,2015711,NA,(4) 2015711-4 Dibujo básico,Cristian Felipe Morales Suárez,9,11
gh-31764014573-0814T0530,2026-08-14T00:32:14-05:00,2015711,NA,(5) 2015711-5 Dibujo básico,Sebastian Achury Ortiz,0,11
gh-31764014573-0814T0530,2026-08-14T00:32:14-05:00,2015711,NA,(7) 2015711-7 Dibujo básico,Cesar Augusto Bacca Gonzalez,22,11
gh-31764014573-0814T0530,2026-08-14T00:32:14-05:00,2015711,NA,(8) 2015711-8 Dibujo básico,Miguel Angel Baquero Cortes,0,11
gh-31764014573-0814T0530,2026-08-14T00:32:14-05:00,2015711,NA,(9) 2015711-9 Dibujo básico,EDWIN CAMILO REINA BELTRAN,0,11
gh-31764014573-0814T0530,2026-08-14T00:32:16-05:00,2015948,CLASE TEORICA,(1) Grupo 1,No informado,30,12
gh-31764014573-0814T0530,2026-08-14T00:32:16-05:00,2015948,CLASE TEORICA,(2) Grupo 2,Mauricio Alberto Tapias Camacho,30,12
gh-31764014573-0814T0530,2026-08-14T00:32:16-05:00,2015948,CLASE TEORICA,(3) Grupo 3,No informado,30,12
gh-31764014573-0814T0530,2026-08-14T00:32:17-05:00,2015950,CLASE TEORICA,(1) Grupo 1,No informado,25,13
gh-31764014573-0814T0530,2026-08-14T00:32:17-05:00,2015950,CLASE TEORICA,(2) Grupo 2,No informado,0,13
gh-31764014573-0814T0530,2026-08-14T00:32:17-05:00,2015950,CLASE TEORICA,(3) Grupo 3,Daniel Ricardo Lozano Monsalve,25,13
gh-31764014573-0814T0530,2026-08-14T00:32:17-05:00,2015950,CLASE TEORICA,(4) Grupo 4,No informado,25,13
gh-31764014573-0814T0530,2026-08-14T00:32:17-05:00,2015950,CLASE TEORICA,(5) Grupo 5,No informado,25,13
gh-31764014573-0814T0530,2026-08-14T00:32:18-05:00,2015949,CLASE TEORICA,(1) Grupo 1,Mario Javier Cardozo Chaux,30,14
gh-31764014573-0814T0530,2026-08-14T00:32:18-05:00,2015949,CLASE TEORICA,(2) Grupo 2,Wilson Ernesto Vargas Vargas,30,14
gh-31764014573-0814T0530,2026-08-14T00:32:18-05:00,2015949,CLASE TEORICA,(3) Grupo 3,No informado,30,14
gh-31764014573-0814T0530,2026-08-14T00:32:19-05:00,1000007-B,NA,(1) Grupo 1,German Eduardo Fonseca Buitrago,60,15
gh-31764014573-0814T0530,2026-08-14T00:32:19-05:00,1000007-B,NA,(11) Grupo 11,Leonid Lebedev,60,15
gh-31764014573-0814T0530,2026-08-14T00:32:19-05:00,1000007-B,NA,(12) Grupo 12,No informado,60,15
gh-31764014573-0814T0530,2026-08-14T00:32:19-05:00,1000007-B,NA,(13) Grupo 13,Omar Duque Gomez,40,15
gh-31764014573-0814T0530,2026-08-14T00:32:19-05:00,1000007-B,NA,(14) Grupo 14,No informado,100,15
gh-31764014573-0814T0530,2026-08-14T00:32:19-05:00,1000007-B,NA,(3) Grupo 3,Serafin Bautista Diaz,40,15
gh-31764014573-0814T0530,2026-08-14T00:32:19-05:00,1000007-B,NA,(4) Grupo 4,EDIXON MANUEL ROJAS SANTANA,60,15
gh-31764014573-0814T0530,2026-08-14T00:32:19-05:00,1000007-B,NA,(6) Grupo 6,Alexander Caviedes Castro,50,15
gh-31764014573-0814T0530,2026-08-14T00:32:19-05:00,1000007-B,NA,(7) Grupo 7,Oscar Guillermo Riaño Castañeda,40,15
gh-31764014573-0814T0530,2026-08-14T00:32:19-05:00,1000007-B,NA,(9) Grupo 9,Orlando Vanegas Canro,0,15
gh-31764014573-0814T0530,2026-08-14T00:32:21-05:00,2026134,CLASE TEORICA,(1) Grupo 1,No informado,0,16
gh-31764014573-0814T0530,2026-08-14T00:32:21-05:00,2026134,CLASE TEORICA,(2) Grupo 2,Juan Manuel Lizarazo Marriaga,30,16
gh-31764014573-0814T0530,2026-08-14T00:32:21-05:00,2026134,CLASE TEORICA,(3) Grupo 3,Maritzabel Molina Herrera,30,16
gh-31764014573-0814T0530,2026-08-14T00:32:21-05:00,2026134,CLASE TEORICA,(4) Grupo 4,Carlos Ramiro Vallecilla Bahena,30,16
gh-31764014573-0814T0530,2026-08-14T00:32:21-05:00,2026134,CLASE TEORICA,(5) Grupo 5,Fernando Lozano Osorno,30,16
gh-31764014573-0814T0530,2026-08-14T00:32:21-05:00,2026134,CLASE TEORICA,(6) Grupo 6,No informado,30,16
gh-31764014573-0814T0530,2026-08-14T00:32:22-05:00,2015954,CLASE TEORICA,(1) Grupo 1,Erasmo Alfredo Rodriguez Sandoval,30,17
gh-31764014573-0814T0530,2026-08-14T00:32:22-05:00,2015954,CLASE TEORICA,(2) Grupo 2,Mario Enrique Moreno Castiblanco,30,17
gh-31764014573-0814T0530,2026-08-14T00:32:22-05:00,2015954,CLASE TEORICA,(3) Grupo 3,Luis Alejandro Morales Marin,30,17
gh-31764014573-0814T0530,2026-08-14T00:32:23-05:00,2015955,CLASE TEORICA,(1) Grupo 1,Giovanni Andres Cortes Tovar,30,18
gh-31764014573-0814T0530,2026-08-14T00:32:23-05:00,2015955,CLASE TEORICA,(2) Grupo 2,Angela Barrera Puerto,30,18
gh-31764014573-0814T0530,2026-08-14T00:32:23-05:00,2015955,CLASE TEORICA,(3) Grupo 3,Giovanni Andres Cortes Tovar,30,18
gh-31764014573-0814T0530,2026-08-14T00:32:24-05:00,1000011-B,CLASE TEORICA,(1) Grupo 1,Ernesto Javier Puertas Dellepianes,118,19
gh-31764014573-0814T0530,2026-08-14T00:32:24-05:00,1000011-B,CLASE TEORICA,(3) Grupo 3,Néstor Fernando Perez Buitrago,12,19
gh-31764014573-0814T0530,2026-08-14T00:32:27-05:00,1000019-B,CLASE LABORATORIO,(1) Grupo 1,Gustavo Martinez Tamayo,35,20
gh-31764014573-0814T0530,2026-08-14T00:32:27-05:00,1000019-B,CLASE LABORATORIO,(10) Grupo 10,LUIS AGULLES PEDROS,35,20
gh-31764014573-0814T0530,2026-08-14T00:32:27-05:00,1000019-B,CLASE LABORATORIO,(11) Grupo 11,EVER DAVID ALCALA CAJAR,35,20
gh-31764014573-0814T0530,2026-08-14T00:32:27-05:00,1000019-B,CLASE LABORATORIO,(12) Grupo 12,FABIAN FELIPE QUEVEDO FARIETA,35,20
gh-31764014573-0814T0530,2026-08-14T00:32:27-05:00,1000019-B,CLASE LABORATORIO,(13) Grupo 13,Alvaro Marino Camargo,35,20
gh-31764014573-0814T0530,2026-08-14T00:32:27-05:00,1000019-B,CLASE LABORATORIO,(14) Grupo 14,Alvaro Marino Camargo; Miryam Rincon Joya,35,20
gh-31764014573-0814T0530,2026-08-14T00:32:27-05:00,1000019-B,CLASE LABORATORIO,(15) Grupo 15,JULIAN MATEO DE MENDOZA GUTIERREZ,32,20
gh-31764014573-0814T0530,2026-08-14T00:32:27-05:00,1000019-B,CLASE LABORATORIO,(16) Grupo 16,Alvaro Marino Camargo; Doris Yaneth Cadavid Rodriguez,35,20
gh-31764014573-0814T0530,2026-08-14T00:32:27-05:00,1000019-B,CLASE LABORATORIO,(17) Grupo 17,JULIAN MATEO DE MENDOZA GUTIERREZ,34,20
gh-31764014573-0814T0530,2026-08-14T00:32:27-05:00,1000019-B,CLASE LABORATORIO,(18) Grupo 18,Jaime Villalobos Velasco,34,20
gh-31764014573-0814T0530,2026-08-14T00:32:27-05:00,1000019-B,CLASE LABORATORIO,(19) Grupo 19,JULY PAOLA GARZÓN LOPEZ,32,20
gh-31764014573-0814T0530,2026-08-14T00:32:27-05:00,1000019-B,CLASE LABORATORIO,(2) Grupo 2,Gustavo Martinez Tamayo,35,20
gh-31764014573-0814T0530,2026-08-14T00:32:27-05:00,1000019-B,CLASE LABORATORIO,(20) Grupo 20,JOSE ALFREDO GOMEZ MATEUS,35,20
gh-31764014573-0814T0530,2026-08-14T00:32:27-05:00,1000019-B,CLASE LABORATORIO,(21) Grupo 21,Pedro Hernan Sanchez Machet,35,20
gh-31764014573-0814T0530,2026-08-14T00:32:27-05:00,1000019-B,CLASE LABORATORIO,(22) Grupo 22,Pedro Hernan Sanchez Machet,35,20
gh-31764014573-0814T0530,2026-08-14T00:32:27-05:00,1000019-B,CLASE LABORATORIO,(23) Grupo 23,Pedro Hernan Sanchez Machet,35,20
gh-31764014573-0814T0530,2026-08-14T00:32:27-05:00,1000019-B,CLASE LABORATORIO,(24) Grupo 24,Pedro Hernan Sanchez Machet,35,20
gh-31764014573-0814T0530,2026-08-14T00:32:27-05:00,1000019-B,CLASE LABORATORIO,(25) Grupo 25,Plinio Del Carmen Teheran Sermeno,45,20
gh-31764014573-0814T0530,2026-08-14T00:32:27-05:00,1000019-B,CLASE LABORATORIO,(26) Grupo 26 (VIRTUAL),Plinio Del Carmen Teheran Sermeno,50,20
gh-31764014573-0814T0530,2026-08-14T00:32:27-05:00,1000019-B,CLASE LABORATORIO,(27) Grupo 27 (VIRTUAL),Plinio Del Carmen Teheran Sermeno,50,20
gh-31764014573-0814T0530,2026-08-14T00:32:27-05:00,1000019-B,CLASE LABORATORIO,(28) Grupo 28 (VIRTUAL),Plinio Del Carmen Teheran Sermeno,50,20
gh-31764014573-0814T0530,2026-08-14T00:32:27-05:00,1000019-B,CLASE LABORATORIO,(29) Grupo 29 (VIRTUAL),Plinio Del Carmen Teheran Sermeno,50,20
gh-31764014573-0814T0530,2026-08-14T00:32:27-05:00,1000019-B,CLASE LABORATORIO,(3) Grupo 3,Gustavo Martinez Tamayo,35,20
gh-31764014573-0814T0530,2026-08-14T00:32:27-05:00,1000019-B,CLASE LABORATORIO,(4) Grupo 4,No informado,35,20
gh-31764014573-0814T0530,2026-08-14T00:32:27-05:00,1000019-B,CLASE LABORATORIO,(5) Grupo 5,FABIAN FELIPE QUEVEDO FARIETA,35,20
gh-31764014573-0814T0530,2026-08-14T00:32:27-05:00,1000019-B,CLASE LABORATORIO,(6) Grupo 6,Jaime Villalobos Velasco,35,20
gh-31764014573-0814T0530,2026-08-14T00:32:27-05:00,1000019-B,CLASE LABORATORIO,(7) Grupo 7,Jaime Villalobos Velasco,35,20
gh-31764014573-0814T0530,2026-08-14T00:32:27-05:00,1000019-B,CLASE LABORATORIO,(8) Grupo 8,Alvaro Marino Camargo,35,20
gh-31764014573-0814T0530,2026-08-14T00:32:27-05:00,1000019-B,CLASE LABORATORIO,(9) Grupo 9,Erika Lorena Rosero Alzate,0,20
gh-31764014573-0814T0530,2026-08-14T00:32:27-05:00,1000019-B,CLASE TALLER,(1) Grupo 1,FABIAN FELIPE QUEVEDO FARIETA,35,20
gh-31764014573-0814T0530,2026-08-14T00:32:27-05:00,1000019-B,CLASE TALLER,(10) Grupo 10,FABIAN FELIPE QUEVEDO FARIETA,35,20
gh-31764014573-0814T0530,2026-08-14T00:32:27-05:00,1000019-B,CLASE TALLER,(11) Grupo 11,JULIAN MATEO DE MENDOZA GUTIERREZ,35,20
gh-31764014573-0814T0530,2026-08-14T00:32:27-05:00,1000019-B,CLASE TALLER,(12) Grupo 12,EVER DAVID ALCALA CAJAR,35,20
gh-31764014573-0814T0530,2026-08-14T00:32:27-05:00,1000019-B,CLASE TALLER,(13) Grupo 13,MIGUEL ENRIQUE GÁMEZ LÓPEZ,35,20
gh-31764014573-0814T0530,2026-08-14T00:32:27-05:00,1000019-B,CLASE TALLER,(14) Grupo 14,No informado,35,20
gh-31764014573-0814T0530,2026-08-14T00:32:27-05:00,1000019-B,CLASE TALLER,(15) Grupo 15,EVER DAVID ALCALA CAJAR,32,20
gh-31764014573-0814T0530,2026-08-14T00:32:27-05:00,1000019-B,CLASE TALLER,(16) Grupo 16,Edna Carolina Pinilla Beltran,35,20
gh-31764014573-0814T0530,2026-08-14T00:32:27-05:00,1000019-B,CLASE TALLER,(17) Grupo 17,Jereson Silva Valencia,34,20
gh-31764014573-0814T0530,2026-08-14T00:32:27-05:00,1000019-B,CLASE TALLER,(18) Grupo 18,Jereson Silva Valencia,34,20
gh-31764014573-0814T0530,2026-08-14T00:32:27-05:00,1000019-B,CLASE TALLER,(19) Grupo 19,Jereson Silva Valencia,32,20
gh-31764014573-0814T0530,2026-08-14T00:32:27-05:00,1000019-B,CLASE TALLER,(2) Grupo 2,Gustavo Martinez Tamayo,35,20
gh-31764014573-0814T0530,2026-08-14T00:32:27-05:00,1000019-B,CLASE TALLER,(20) Grupo 20,Jereson Silva Valencia,35,20
gh-31764014573-0814T0530,2026-08-14T00:32:27-05:00,1000019-B,CLASE TALLER,(21) Grupo 21,JOSE ALFREDO GOMEZ MATEUS,35,20
gh-31764014573-0814T0530,2026-08-14T00:32:27-05:00,1000019-B,CLASE TALLER,(22) Grupo 22,JULY PAOLA GARZÓN LOPEZ,35,20
gh-31764014573-0814T0530,2026-08-14T00:32:27-05:00,1000019-B,CLASE TALLER,(23) Grupo 23,Edna Carolina Pinilla Beltran,35,20
gh-31764014573-0814T0530,2026-08-14T00:32:27-05:00,1000019-B,CLASE TALLER,(24) Grupo 24,Diego Alejandro Torres Galindo,35,20
gh-31764014573-0814T0530,2026-08-14T00:32:27-05:00,1000019-B,CLASE TALLER,(25) Grupo 25,Plinio Del Carmen Teheran Sermeno,45,20
gh-31764014573-0814T0530,2026-08-14T00:32:27-05:00,1000019-B,CLASE TALLER,(26) Grupo 26 (VIRTUAL),Plinio Del Carmen Teheran Sermeno,50,20
gh-31764014573-0814T0530,2026-08-14T00:32:27-05:00,1000019-B,CLASE TALLER,(27) Grupo 27 (VIRTUAL),Plinio Del Carmen Teheran Sermeno,50,20
gh-31764014573-0814T0530,2026-08-14T00:32:27-05:00,1000019-B,CLASE TALLER,(28) Grupo 28 (VIRTUAL),Plinio Del Carmen Teheran Sermeno,50,20
gh-31764014573-0814T0530,2026-08-14T00:32:27-05:00,1000019-B,CLASE TALLER,(29) Grupo 29 (VIRTUAL),Plinio Del Carmen Teheran Sermeno,50,20
gh-31764014573-0814T0530,2026-08-14T00:32:27-05:00,1000019-B,CLASE TALLER,(3) Grupo 3,Gustavo Martinez Tamayo,35,20
gh-31764014573-0814T0530,2026-08-14T00:32:27-05:00,1000019-B,CLASE TALLER,(4) Grupo 4,Jaime Villalobos Velasco,35,20
gh-31764014573-0814T0530,2026-08-14T00:32:27-05:00,1000019-B,CLASE TALLER,(5) Grupo 5,Jaime Villalobos Velasco,35,20
gh-31764014573-0814T0530,2026-08-14T00:32:27-05:00,1000019-B,CLASE TALLER,(6) Grupo 6,Ramiro Cardona Cardona,35,20
gh-31764014573-0814T0530,2026-08-14T00:32:27-05:00,1000019-B,CLASE TALLER,(7) Grupo 7,Ramiro Cardona Cardona,35,20
gh-31764014573-0814T0530,2026-08-14T00:32:27-05:00,1000019-B,CLASE TALLER,(8) Grupo 8,Edna Carolina Pinilla Beltran,35,20
gh-31764014573-0814T0530,2026-08-14T00:32:27-05:00,1000019-B,CLASE TALLER,(9) Grupo 9,No informado,10,20
gh-31764014573-0814T0530,2026-08-14T00:32:27-05:00,1000019-B,CLASE MAGISTRAL,(16) Gruop 16,Erika Lorena Rosero Alzate; Daniel Camilo Padilla González,8,20
gh-31764014573-0814T0530,2026-08-14T00:32:27-05:00,1000019-B,CLASE MAGISTRAL,(1) Grupo 1,Gustavo Martinez Tamayo,35,20
gh-31764014573-0814T0530,2026-08-14T00:32:27-05:00,1000019-B,CLASE MAGISTRAL,(10) Grupo 10,Ovidio Amado Almanza Montero,35,20
gh-31764014573-0814T0530,2026-08-14T00:32:27-05:00,1000019-B,CLASE MAGISTRAL,(11) Grupo 11,Ovidio Amado Almanza Montero,35,20
gh-31764014573-0814T0530,2026-08-14T00:32:27-05:00,1000019-B,CLASE MAGISTRAL,(12) Grupo 12,Ovidio Amado Almanza Montero,35,20
gh-31764014573-0814T0530,2026-08-14T00:32:27-05:00,1000019-B,CLASE MAGISTRAL,(13) Grupo 13,Jaime Villalobos Velasco,35,20
gh-31764014573-0814T0530,2026-08-14T00:32:27-05:00,1000019-B,CLASE MAGISTRAL,(14) Grupo 14,Jaime Villalobos Velasco,35,20
gh-31764014573-0814T0530,2026-08-14T00:32:27-05:00,1000019-B,CLASE MAGISTRAL,(15) Grupo 15,Jaime Villalobos Velasco,32,20
gh-31764014573-0814T0530,2026-08-14T00:32:27-05:00,1000019-B,CLASE MAGISTRAL,(17) Grupo 17,Jereson Silva Valencia,34,20
gh-31764014573-0814T0530,2026-08-14T00:32:27-05:00,1000019-B,CLASE MAGISTRAL,(18) Grupo 18,Jereson Silva Valencia,34,20
gh-31764014573-0814T0530,2026-08-14T00:32:27-05:00,1000019-B,CLASE MAGISTRAL,(19) Grupo 19,Jereson Silva Valencia,32,20
gh-31764014573-0814T0530,2026-08-14T00:32:27-05:00,1000019-B,CLASE MAGISTRAL,(2) Grupo 2,Gustavo Martinez Tamayo,35,20
gh-31764014573-0814T0530,2026-08-14T00:32:27-05:00,1000019-B,CLASE MAGISTRAL,(20) Grupo 20,Jereson Silva Valencia,35,20
gh-31764014573-0814T0530,2026-08-14T00:32:27-05:00,1000019-B,CLASE MAGISTRAL,(21) Grupo 21,Diego Alejandro Torres Galindo,35,20
gh-31764014573-0814T0530,2026-08-14T00:32:27-05:00,1000019-B,CLASE MAGISTRAL,(22) Grupo 22,Diego Alejandro Torres Galindo,35,20
gh-31764014573-0814T0530,2026-08-14T00:32:27-05:00,1000019-B,CLASE MAGISTRAL,(23) Grupo 23,Diego Alejandro Torres Galindo,35,20
gh-31764014573-0814T0530,2026-08-14T00:32:27-05:00,1000019-B,CLASE MAGISTRAL,(24) Grupo 24,Diego Alejandro Torres Galindo,35,20
gh-31764014573-0814T0530,2026-08-14T00:32:27-05:00,1000019-B,CLASE MAGISTRAL,(25) Grupo 25,Plinio Del Carmen Teheran Sermeno,45,20
gh-31764014573-0814T0530,2026-08-14T00:32:27-05:00,1000019-B,CLASE MAGISTRAL,(26) Grupo 26 (VIRTUAL),Plinio Del Carmen Teheran Sermeno,50,20
gh-31764014573-0814T0530,2026-08-14T00:32:27-05:00,1000019-B,CLASE MAGISTRAL,(27) Grupo 27 (VIRTUAL),Plinio Del Carmen Teheran Sermeno,50,20
gh-31764014573-0814T0530,2026-08-14T00:32:27-05:00,1000019-B,CLASE MAGISTRAL,(28) Grupo 28 (VIRTUAL),Plinio Del Carmen Teheran Sermeno,50,20
gh-31764014573-0814T0530,2026-08-14T00:32:27-05:00,1000019-B,CLASE MAGISTRAL,(29) Grupo 29 (VIRTUAL),Plinio Del Carmen Teheran Sermeno,50,20
gh-31764014573-0814T0530,2026-08-14T00:32:27-05:00,1000019-B,CLASE MAGISTRAL,(3) Grupo 3,Gustavo Martinez Tamayo,35,20
gh-31764014573-0814T0530,2026-08-14T00:32:27-05:00,1000019-B,CLASE MAGISTRAL,(4) Grupo 4,Gustavo Martinez Tamayo,35,20
gh-31764014573-0814T0530,2026-08-14T00:32:27-05:00,1000019-B,CLASE MAGISTRAL,(5) Grupo 5,Ramiro Cardona Cardona,35,20
gh-31764014573-0814T0530,2026-08-14T00:32:27-05:00,1000019-B,CLASE MAGISTRAL,(6) Grupo 6,Ramiro Cardona Cardona,35,20
gh-31764014573-0814T0530,2026-08-14T00:32:27-05:00,1000019-B,CLASE MAGISTRAL,(7) Grupo 7,Ramiro Cardona Cardona,35,20
gh-31764014573-0814T0530,2026-08-14T00:32:27-05:00,1000019-B,CLASE MAGISTRAL,(8) Grupo 8,Ramiro Cardona Cardona,35,20
gh-31764014573-0814T0530,2026-08-14T00:32:27-05:00,1000019-B,CLASE MAGISTRAL,(9) Grupo 9,Fredy Angel Jimenez Giraldo,10,20
gh-31764014573-0814T0530,2026-08-14T00:32:28-05:00,2015956,CLASE TEORICA,(1) Grupo 1,Modesto Portilla Gamboa; Fernando Eli Romero Ordoñez,35,21
gh-31764014573-0814T0530,2026-08-14T00:32:28-05:00,2015956,CLASE TEORICA,(2) Grupo 2,Jennifer Angel Amaya,30,21
gh-31764014573-0814T0530,2026-08-14T00:32:28-05:00,2015956,CLASE TEORICA,(3) Grupo 3,Jennifer Angel Amaya,30,21
gh-31764014573-0814T0530,2026-08-14T00:32:28-05:00,2015956,CLASE TEORICA,(4) Grupo 4,Fernando Eli Romero Ordoñez; Modesto Portilla Gamboa,35,21
gh-31764014573-0814T0530,2026-08-14T00:32:29-05:00,2015957,CLASE PRACTICA,(1) Grupo 1,No informado,30,22
gh-31764014573-0814T0530,2026-08-14T00:32:29-05:00,2015957,CLASE PRACTICA,(2) Grupo 2,Samuel Fernando Mesa Giraldo,30,22
gh-31764014573-0814T0530,2026-08-14T00:32:29-05:00,2015957,CLASE PRACTICA,(3) Grupo 3,Rose Marie Aldana Boutin,30,22
gh-31764014573-0814T0530,2026-08-14T00:32:29-05:00,2015957,CLASE PRACTICA,(4) Grupo 4,Rose Marie Aldana Boutin,30,22
gh-31764014573-0814T0530,2026-08-14T00:32:31-05:00,2015958,CLASE PRACTICA,(1) Grupo 1,William Castro Garcia,20,23
gh-31764014573-0814T0530,2026-08-14T00:32:31-05:00,2015958,CLASE PRACTICA,(2) Grupo 2,William Castro Garcia,20,23
gh-31764014573-0814T0530,2026-08-14T00:32:31-05:00,2015958,CLASE PRACTICA,(3) Grupo 3,Carlos Alfonso Gomez Guacaneme,30,23
gh-31764014573-0814T0530,2026-08-14T00:32:31-05:00,2015958,CLASE PRACTICA,(4) Grupo 4,Mario Arturo Rincon Villalba,20,23
gh-31764014573-0814T0530,2026-08-14T00:32:31-05:00,2015958,CLASE PRACTICA,(5) Grupo 5,Mario Arturo Rincon Villalba,20,23
gh-31764014573-0814T0530,2026-08-14T00:32:31-05:00,2015958,CLASE PRACTICA,(6) Grupo 6,Fausto Alejandro Silva España,20,23
gh-31764014573-0814T0530,2026-08-14T00:32:31-05:00,2015958,CLASE PRACTICA,(7) Grupo 7,Fausto Alejandro Silva España,20,23
gh-31764014573-0814T0530,2026-08-14T00:32:31-05:00,2015958,CLASE PRACTICA,(8) Grupo 8,Fausto Alejandro Silva España,20,23
gh-31764014573-0814T0530,2026-08-14T00:32:31-05:00,2015958,CLASE PRACTICA,(9) Grupo 9,Fausto Alejandro Silva España,20,23
gh-31764014573-0814T0530,2026-08-14T00:32:31-05:00,2015958,CLASE TEORICA,(1) Grupo 1,William Castro Garcia,40,23
gh-31764014573-0814T0530,2026-08-14T00:32:31-05:00,2015958,CLASE TEORICA,(3) Grupo 3,Carlos Alfonso Gomez Guacaneme,30,23
gh-31764014573-0814T0530,2026-08-14T00:32:31-05:00,2015958,CLASE TEORICA,(4) Grupo 4,Mario Arturo Rincon Villalba,40,23
gh-31764014573-0814T0530,2026-08-14T00:32:31-05:00,2015958,CLASE TEORICA,(6) Grupo 6,Cesar Andres Cortes Bello,40,23
gh-31764014573-0814T0530,2026-08-14T00:32:31-05:00,2015958,CLASE TEORICA,(8) Grupo 8,Cesar Andres Cortes Bello,40,23
gh-31764014573-0814T0530,2026-08-14T00:32:32-05:00,2015959,CLASE TEORICA,(1) Grupo 1,Carlos Eduardo Rodriguez Pineda,30,24
gh-31764014573-0814T0530,2026-08-14T00:32:32-05:00,2015959,CLASE TEORICA,(2) Grupo 2,Guillermo Eduardo Avila Alvarez,30,24
gh-31764014573-0814T0530,2026-08-14T00:32:32-05:00,2015959,CLASE TEORICA,(3) Grupo 3,Livaniel Viveros Rosero,30,24
gh-31764014573-0814T0530,2026-08-14T00:32:32-05:00,2015959,CLASE TEORICA,(4) Grupo 4,No informado,0,24
gh-31764014573-0814T0530,2026-08-14T00:32:34-05:00,2015961,CLASE TEORICA,(1) Grupo 1,Rafael Orland Ortiz Mosquera,24,26
gh-31764014573-0814T0530,2026-08-14T00:32:34-05:00,2015961,CLASE TEORICA,(2) Grupo 2,Adriana Patricia Piña Fulano,24,26
gh-31764014573-0814T0530,2026-08-14T00:32:34-05:00,2015961,CLASE TEORICA,(3) Grupo 3,Gelber Norberto Gutierrez Palacios,24,26
gh-31764014573-0814T0530,2026-08-14T00:32:34-05:00,2015961,CLASE TEORICA,(4) Grupo 4,No informado,24,26
gh-31764014573-0814T0530,2026-08-14T00:32:34-05:00,2015961,CLASE TEORICA,(5) Grupo 5,No informado,24,26
gh-31764014573-0814T0530,2026-08-14T00:32:34-05:00,2015961,CLASE TEORICA,(6) Grupo 6,Leonardo David Donado Garzon,24,26
gh-31764014573-0814T0530,2026-08-14T00:32:36-05:00,2015978,CLASE TEORICA,(1) Grupo 1,No informado,0,27
gh-31764014573-0814T0530,2026-08-14T00:32:36-05:00,2015978,CLASE TEORICA,(2) Grupo 2,Erasmo Alfredo Rodriguez Sandoval,30,27
gh-31764014573-0814T0530,2026-08-14T00:32:36-05:00,2015978,CLASE TEORICA,(3) Grupo 3,No informado,30,27
gh-31764014573-0814T0530,2026-08-14T00:32:36-05:00,2015978,CLASE TEORICA,(4) Grupo 4,No informado,30,27
gh-31764014573-0814T0530,2026-08-14T00:32:36-05:00,2015978,CLASE TEORICA,(5) Grupo 5,No informado,30,27
gh-31764014573-0814T0530,2026-08-14T00:32:37-05:00,2026135,CLASE TEORICA,(1) Grupo 1,NICOLAS ESCALANTE MORA,25,28
gh-31764014573-0814T0530,2026-08-14T00:32:37-05:00,2026135,CLASE TEORICA,(2) Grupo 2,Leonel Vega Mora,25,28
gh-31764014573-0814T0530,2026-08-14T00:32:37-05:00,2026135,CLASE TEORICA,(3) Grupo 3,Leonel Vega Mora,25,28
gh-31764014573-0814T0530,2026-08-14T00:32:38-05:00,2015963,CLASE TEORICA,(1) Grupo 1,No informado,30,29
gh-31764014573-0814T0530,2026-08-14T00:32:38-05:00,2015963,CLASE TEORICA,(2) Grupo 2,No informado,30,29
gh-31764014573-0814T0530,2026-08-14T00:32:38-05:00,2015963,CLASE TEORICA,(3) Grupo 3,William Castro Garcia,30,29
gh-31764014573-0814T0530,2026-08-14T00:32:39-05:00,2026138,CLASE TEORICA,(1) Grupo 1,Ivan Dario Serrano Arrieta,30,30
gh-31764014573-0814T0530,2026-08-14T00:32:39-05:00,2026138,CLASE TEORICA,(2) Grupo 2,Ivan Dario Serrano Arrieta,30,30
gh-31764014573-0814T0530,2026-08-14T00:32:39-05:00,2026138,CLASE TEORICA,(3) Grupo 3,Pedro Luis Jimenez Poveda,30,30
gh-31764014573-0814T0530,2026-08-14T00:32:41-05:00,2015703,NA,(1) Grupo 1,Angela Maria Arboleda Restrepo,40,31
gh-31764014573-0814T0530,2026-08-14T00:32:41-05:00,2015703,NA,(10) Grupo 10,Diego Alejandro Hernandez Castañeda,30,31
gh-31764014573-0814T0530,2026-08-14T00:32:41-05:00,2015703,NA,(11) Grupo 11,Julio Cesar Cañon Rodriguez,30,31
gh-31764014573-0814T0530,2026-08-14T00:32:41-05:00,2015703,NA,(2) Grupo 2,Osman Benjamin Giovanny Vargas Rozo,40,31
gh-31764014573-0814T0530,2026-08-14T00:32:41-05:00,2015703,NA,(3) Grupo 3,Hugo Alberto Herrera Fonseca,40,31
gh-31764014573-0814T0530,2026-08-14T00:32:41-05:00,2015703,NA,(4) Grupo 4,LINA JULIANA BULLA CASAS,30,31
gh-31764014573-0814T0530,2026-08-14T00:32:41-05:00,2015703,NA,(5) Grupo 5 - Virtual,Cesar Augusto Roa Lemus,60,31
gh-31764014573-0814T0530,2026-08-14T00:32:41-05:00,2015703,NA,(6) Grupo 6,JAVIER RICARDO OJEDA SANCHEZ,40,31
gh-31764014573-0814T0530,2026-08-14T00:32:41-05:00,2015703,NA,(7) Grupo 7,JAVIER RICARDO OJEDA SANCHEZ,20,31
gh-31764014573-0814T0530,2026-08-14T00:32:41-05:00,2015703,NA,(8) Grupo 8,Diego Alejandro Hernandez Castañeda,40,31
gh-31764014573-0814T0530,2026-08-14T00:32:41-05:00,2015703,NA,(9) Grupo 9,LINA JULIANA BULLA CASAS,35,31
gh-31764014573-0814T0530,2026-08-14T00:32:42-05:00,1000044-B,CLASE TEORICA,(1) Grupo 1,Beatriz Elena Urrutia Sanchez,26,32
gh-31764014573-0814T0530,2026-08-14T00:32:42-05:00,1000044-B,CLASE TEORICA,(2) Grupo 2,Yaneli Niño Osorio,26,32
gh-31764014573-0814T0530,2026-08-14T00:32:42-05:00,1000044-B,CLASE TEORICA,(3) Grupo 3,Luis Gabriel Peña Ortiz,26,32
gh-31764014573-0814T0530,2026-08-14T00:32:42-05:00,1000044-B,CLASE TEORICA,(4) Grupo 4,Liliana Marcela Guzman Aricapa,26,32
gh-31764014573-0814T0530,2026-08-14T00:32:42-05:00,1000044-B,CLASE TEORICA,(5) Grupo 5,Beatriz Elena Urrutia Sanchez,26,32
gh-31764014573-0814T0530,2026-08-14T00:32:42-05:00,1000044-B,CLASE TEORICA,(6) Grupo 6,Cesar Augusto Romero,26,32
gh-31764014573-0814T0530,2026-08-14T00:32:42-05:00,1000044-B,CLASE TEORICA,(7) Grupo 7,JOSE JONATHAN MAESTRE HERRERA,26,32
gh-31764014573-0814T0530,2026-08-14T00:32:42-05:00,1000044-B,CLASE TEORICA,(8) Grupo 8,Beymar Leonardo Solorzano Alviz,26,32
gh-31764014573-0814T0530,2026-08-14T00:32:42-05:00,1000044-B,CLASE TEORICA,(9) Grupo 9,Claudia Marcela Arevalo Gomez,7,32
gh-31764014573-0814T0530,2026-08-14T00:32:43-05:00,1000045-B,CLASE TEORICA,(1) Grupo 1,Claudia Marcela Arevalo Gomez,10,33
gh-31764014573-0814T0530,2026-08-14T00:32:43-05:00,1000045-B,CLASE TEORICA,(10) Grupo 10,Jesica paola Rendon Alfonso,26,33
gh-31764014573-0814T0530,2026-08-14T00:32:43-05:00,1000045-B,CLASE TEORICA,(11) Grupo 11,JOSE JONATHAN MAESTRE HERRERA,26,33
gh-31764014573-0814T0530,2026-08-14T00:32:43-05:00,1000045-B,CLASE TEORICA,(12) Grupo 12,LINDA JOHANA RUIZ GOMEZ,26,33
gh-31764014573-0814T0530,2026-08-14T00:32:43-05:00,1000045-B,CLASE TEORICA,(13) Grupo 13,Narly Yadira Pardo Cadena,26,33
gh-31764014573-0814T0530,2026-08-14T00:32:43-05:00,1000045-B,CLASE TEORICA,(14) Grupo 14,Angelica Saenz Fonseca,26,33
gh-31764014573-0814T0530,2026-08-14T00:32:43-05:00,1000045-B,CLASE TEORICA,(15) Grupo 15,Narly Yadira Pardo Cadena,26,33
gh-31764014573-0814T0530,2026-08-14T00:32:43-05:00,1000045-B,CLASE TEORICA,(16) Grupo 16,Luis Gabriel Peña Ortiz,26,33
gh-31764014573-0814T0530,2026-08-14T00:32:43-05:00,1000045-B,CLASE TEORICA,(2) Grupo 2,Cesar Augusto Romero,26,33
gh-31764014573-0814T0530,2026-08-14T00:32:43-05:00,1000045-B,CLASE TEORICA,(3) Grupo 3,Jesica paola Rendon Alfonso,26,33
gh-31764014573-0814T0530,2026-08-14T00:32:43-05:00,1000045-B,CLASE TEORICA,(4) Grupo 4,Adriana Marlen Sanchez Riaño,26,33
gh-31764014573-0814T0530,2026-08-14T00:32:43-05:00,1000045-B,CLASE TEORICA,(5) Grupo 5,Cesar Augusto Romero,26,33
gh-31764014573-0814T0530,2026-08-14T00:32:43-05:00,1000045-B,CLASE TEORICA,(6) Grupo 6,Sara Elisa Monsalve Patino,26,33
gh-31764014573-0814T0530,2026-08-14T00:32:43-05:00,1000045-B,CLASE TEORICA,(7) Grupo 7,Luis Gabriel Peña Ortiz,26,33
gh-31764014573-0814T0530,2026-08-14T00:32:43-05:00,1000045-B,CLASE TEORICA,(8) Grupo 8,Johnatan Martinez Hernandez,26,33
gh-31764014573-0814T0530,2026-08-14T00:32:43-05:00,1000045-B,CLASE TEORICA,(9) Grupo 9,Maureen Elizabeth Hooker Oneill,15,33
gh-31764014573-0814T0530,2026-08-14T00:32:46-05:00,1000046-B,CLASE TEORICA,(1) Grupo 1,Johnatan Martinez Hernandez,26,35
gh-31764014573-0814T0530,2026-08-14T00:32:46-05:00,1000046-B,CLASE TEORICA,(10) Grupo 10,Jennly Angelica Gomez Rodriguez,26,35
gh-31764014573-0814T0530,2026-08-14T00:32:46-05:00,1000046-B,CLASE TEORICA,(11) Grupo 11,Angelica Saenz Fonseca,26,35
gh-31764014573-0814T0530,2026-08-14T00:32:46-05:00,1000046-B,CLASE TEORICA,(12) Grupo 12,Liliana Marcela Guzman Aricapa,26,35
gh-31764014573-0814T0530,2026-08-14T00:32:46-05:00,1000046-B,CLASE TEORICA,(13) Grupo 13,ALBA LUCIA RIAÑO RODRIGUEZ,26,35
gh-31764014573-0814T0530,2026-08-14T00:32:46-05:00,1000046-B,CLASE TEORICA,(14) Grupo 14,Angelica Saenz Fonseca,26,35
gh-31764014573-0814T0530,2026-08-14T00:32:46-05:00,1000046-B,CLASE TEORICA,(15) Grupo 15,Luis Gabriel Peña Ortiz,26,35
gh-31764014573-0814T0530,2026-08-14T00:32:46-05:00,1000046-B,CLASE TEORICA,(16) Grupo 16,Olga Lucia Ruiz Convers,26,35
gh-31764014573-0814T0530,2026-08-14T00:32:46-05:00,1000046-B,CLASE TEORICA,(17) Grupo 17,Luis Gabriel Peña Ortiz,26,35
gh-31764014573-0814T0530,2026-08-14T00:32:46-05:00,1000046-B,CLASE TEORICA,(18) Grupo 18,Narly Yadira Pardo Cadena,26,35
gh-31764014573-0814T0530,2026-08-14T00:32:46-05:00,1000046-B,CLASE TEORICA,(2) Grupo 2,Jesica paola Rendon Alfonso,26,35
gh-31764014573-0814T0530,2026-08-14T00:32:46-05:00,1000046-B,CLASE TEORICA,(3) Grupo 3,JESUS DAVID TORRES RODRIGUEZ,26,35
gh-31764014573-0814T0530,2026-08-14T00:32:46-05:00,1000046-B,CLASE TEORICA,(4) Grupo 4,Claudia Patricia Cortes Lora,26,35
gh-31764014573-0814T0530,2026-08-14T00:32:46-05:00,1000046-B,CLASE TEORICA,(5) Grupo 5,Johnatan Martinez Hernandez,26,35
gh-31764014573-0814T0530,2026-08-14T00:32:46-05:00,1000046-B,CLASE TEORICA,(6) Grupo 6,Johnatan Martinez Hernandez,26,35
gh-31764014573-0814T0530,2026-08-14T00:32:46-05:00,1000046-B,CLASE TEORICA,(7) Grupo 7,Jesica paola Rendon Alfonso,26,35
gh-31764014573-0814T0530,2026-08-14T00:32:46-05:00,1000046-B,CLASE TEORICA,(8) Grupo 8,Beatriz Elena Urrutia Sanchez,26,35
gh-31764014573-0814T0530,2026-08-14T00:32:46-05:00,1000046-B,CLASE TEORICA,(9) Grupo 9,Maureen Elizabeth Hooker Oneill,10,35
gh-31764014573-0814T0530,2026-08-14T00:32:49-05:00,1000052-B,CLASE TEORICA,(1) Grupo 1,Liliana Marcela Guzman Aricapa,28,37
gh-31764014573-0814T0530,2026-08-14T00:32:49-05:00,1000052-B,CLASE TEORICA,(2) Grupo 2,JOSE JONATHAN MAESTRE HERRERA,28,37
gh-31764014573-0814T0530,2026-08-14T00:32:49-05:00,1000052-B,CLASE TEORICA,(3) Grupo 3,Aida Elena Monsalve Solorzano,28,37
gh-31764014573-0814T0530,2026-08-14T00:32:50-05:00,1000053-B,CLASE TEORICA,(1) Grupo 1,Jennly Angelica Gomez Rodriguez,28,38
gh-31764014573-0814T0530,2026-08-14T00:32:50-05:00,1000053-B,CLASE TEORICA,(2) Grupo 2,Yaneli Niño Osorio,28,38
gh-31764014573-0814T0530,2026-08-14T00:32:50-05:00,1000053-B,CLASE TEORICA,(3) Grupo 3,Javier Rodriguez Gomez,30,38
gh-31764014573-0814T0530,2026-08-14T00:32:50-05:00,1000053-B,CLASE TEORICA,(4) Grupo 4,Javier Rodriguez Gomez,30,38
gh-31764014573-0814T0530,2026-08-14T00:32:50-05:00,1000053-B,CLASE TEORICA,(5) Grupo 5,LINDA JOHANA RUIZ GOMEZ,28,38
gh-31764014573-0814T0530,2026-08-14T00:32:50-05:00,1000053-B,CLASE TEORICA,(6) Grupo 6,Olga Lucia Ruiz Convers,28,38
gh-31764014573-0814T0530,2026-08-14T00:32:51-05:00,1000047-B,CLASE TEORICA,(1) Grupo 1,Cesar Augusto Romero,26,39
gh-31764014573-0814T0530,2026-08-14T00:32:51-05:00,1000047-B,CLASE TEORICA,(10) Grupo 10,Monica Alexandra Riaño Orjuela,26,39
gh-31764014573-0814T0530,2026-08-14T00:32:51-05:00,1000047-B,CLASE TEORICA,(11) Grupo 11,Jennly Angelica Gomez Rodriguez,26,39
gh-31764014573-0814T0530,2026-08-14T00:32:51-05:00,1000047-B,CLASE TEORICA,(12) Grupo 12,Claudia Patricia Cortes Lora,26,39
gh-31764014573-0814T0530,2026-08-14T00:32:51-05:00,1000047-B,CLASE TEORICA,(13) Grupo 13,Angelica Saenz Fonseca,26,39
gh-31764014573-0814T0530,2026-08-14T00:32:51-05:00,1000047-B,CLASE TEORICA,(14) Grupo 14,LINDA JOHANA RUIZ GOMEZ,26,39
gh-31764014573-0814T0530,2026-08-14T00:32:51-05:00,1000047-B,CLASE TEORICA,(15) Grupo 15,Claudia Patricia Cortes Lora,26,39
gh-31764014573-0814T0530,2026-08-14T00:32:51-05:00,1000047-B,CLASE TEORICA,(16) Grupo 16,Narly Yadira Pardo Cadena,26,39
gh-31764014573-0814T0530,2026-08-14T00:32:51-05:00,1000047-B,CLASE TEORICA,(17) Grupo 17,Angelica Saenz Fonseca,26,39
gh-31764014573-0814T0530,2026-08-14T00:32:51-05:00,1000047-B,CLASE TEORICA,(18) Grupo 18,ALBA LUCIA RIAÑO RODRIGUEZ,26,39
gh-31764014573-0814T0530,2026-08-14T00:32:51-05:00,1000047-B,CLASE TEORICA,(19) Grupo 19,Aida Elena Monsalve Solorzano,26,39
gh-31764014573-0814T0530,2026-08-14T00:32:51-05:00,1000047-B,CLASE TEORICA,(2) Grupo 2,Yaneli Niño Osorio,26,39
gh-31764014573-0814T0530,2026-08-14T00:32:51-05:00,1000047-B,CLASE TEORICA,(20) Grupo 20,ALBA LUCIA RIAÑO RODRIGUEZ,26,39
gh-31764014573-0814T0530,2026-08-14T00:32:51-05:00,1000047-B,CLASE TEORICA,(21) Grupo 21,Edwin Yesid Leon Silva,26,39
gh-31764014573-0814T0530,2026-08-14T00:32:51-05:00,1000047-B,CLASE TEORICA,(22) Grupo 22,LINDA JOHANA RUIZ GOMEZ,26,39
gh-31764014573-0814T0530,2026-08-14T00:32:51-05:00,1000047-B,CLASE TEORICA,(3) Grupo 3,Monica Alexandra Riaño Orjuela,26,39
gh-31764014573-0814T0530,2026-08-14T00:32:51-05:00,1000047-B,CLASE TEORICA,(4) Grupo 4,Claudia Patricia Cortes Lora,26,39
gh-31764014573-0814T0530,2026-08-14T00:32:51-05:00,1000047-B,CLASE TEORICA,(5) Grupo 5,Olga Lucia Ruiz Convers,26,39
gh-31764014573-0814T0530,2026-08-14T00:32:51-05:00,1000047-B,CLASE TEORICA,(6) Grupo 6,Monica Alexandra Riaño Orjuela,26,39
gh-31764014573-0814T0530,2026-08-14T00:32:51-05:00,1000047-B,CLASE TEORICA,(7) Grupo 7,Cesar Augusto Romero,26,39
gh-31764014573-0814T0530,2026-08-14T00:32:51-05:00,1000047-B,CLASE TEORICA,(8) Grupo 8,Beatriz Elena Urrutia Sanchez,26,39
gh-31764014573-0814T0530,2026-08-14T00:32:51-05:00,1000047-B,CLASE TEORICA,(9) Grupo 9,Keshia Hilary Howard Livingston,15,39
gh-31764014573-0814T0530,2026-08-14T00:32:54-05:00,2026186,CLASE TEORICA,(1) Grupo 1,Carol Andrea Murillo Feo,7,41
gh-31764014573-0814T0530,2026-08-14T00:32:54-05:00,2026186,CLASE TEORICA,(2) Grupo 2,Leonel Vega Mora,0,41
gh-31764014573-0814T0530,2026-08-14T00:32:54-05:00,2026186,CLASE TEORICA,(4) Grupo 4,Carlos Orlando Robles Roa,10,41
gh-31764014573-0814T0530,2026-08-14T00:32:55-05:00,1000002-B,CLASE TEORICA,(1) Grupo 1 - Clase Presencial,Ruth Andrea Cortés Suárez,1,42
gh-31764014573-0814T0530,2026-08-14T00:32:55-05:00,1000002-B,CLASE TEORICA,(10) Grupo 10 - Clase presencial,Karen Johanna Castelblanco Villamil,0,42
gh-31764014573-0814T0530,2026-08-14T00:32:55-05:00,1000002-B,CLASE TEORICA,(2) Grupo 2 - Clase Presencial,Ruth Andrea Cortés Suárez,0,42
gh-31764014573-0814T0530,2026-08-14T00:32:55-05:00,1000002-B,CLASE TEORICA,(3) Grupo 3 - Clase Presencial,Adriana Patricia Díaz Cuevas,0,42
gh-31764014573-0814T0530,2026-08-14T00:32:55-05:00,1000002-B,CLASE TEORICA,(4) Grupo 4 - Clase Presencial,Adriana Patricia Díaz Cuevas,0,42
gh-31764014573-0814T0530,2026-08-14T00:32:55-05:00,1000002-B,CLASE TEORICA,(5) Grupo 5 - Clase Presencial,Andres Felipe Escovar Barreto,0,42
gh-31764014573-0814T0530,2026-08-14T00:32:55-05:00,1000002-B,CLASE TEORICA,(6) Grupo 6 - Clase Presencial,Ruth Andrea Cortés Suárez,0,42
gh-31764014573-0814T0530,2026-08-14T00:32:55-05:00,1000002-B,CLASE TEORICA,(7) Grupo 7 - Clase Presencial,Karen Johanna Castelblanco Villamil,0,42
gh-31764014573-0814T0530,2026-08-14T00:32:55-05:00,1000002-B,CLASE TEORICA,(8) Grupo 8 - Clase Presencial,Adriana Patricia Díaz Cuevas,0,42
gh-31764014573-0814T0530,2026-08-14T00:32:55-05:00,1000002-B,CLASE TEORICA,(9) Grupo 9 - Clase Presencial,Carlas Lucia Castilla Lara,10,42
gh-31764014573-0814T0530,2026-08-14T00:32:57-05:00,1000001-B,CLASE TEORICA,(1) Grupo 1,No informado,0,43
gh-31764014573-0814T0530,2026-08-14T00:32:57-05:00,1000001-B,CLASE TEORICA,(19) Grupo 19,No informado,5,43
gh-31764014573-0814T0530,2026-08-14T00:32:57-05:00,1000001-B,CLASE TEORICA,(2) Grupo 2,No informado,10,43
gh-31764014573-0814T0530,2026-08-14T00:32:57-05:00,1000001-B,CLASE MAGISTRAL,(1) Grupo 1,Ibeth Marcela Rubio Perilla,0,43
gh-31764014573-0814T0530,2026-08-14T00:32:57-05:00,1000001-B,CLASE MAGISTRAL,(10) Grupo 10,No informado,0,43
gh-31764014573-0814T0530,2026-08-14T00:32:57-05:00,1000001-B,CLASE MAGISTRAL,(2) Grupo 2,Herbert Alonso Dueñas Ruiz,0,43
gh-31764014573-0814T0530,2026-08-14T00:32:57-05:00,1000001-B,CLASE MAGISTRAL,(3) Grupo 3,Jeanneth Galeano Penaloza,0,43
gh-31764014573-0814T0530,2026-08-14T00:32:57-05:00,1000001-B,CLASE MAGISTRAL,(4) Grupo 4,Gustavo Adolfo Nieto Clavijo,0,43
gh-31764014573-0814T0530,2026-08-14T00:32:57-05:00,1000001-B,CLASE MAGISTRAL,(5) Grupo 5,Natalia Camila Pinzon Cortes,1,43
gh-31764014573-0814T0530,2026-08-14T00:32:57-05:00,1000001-B,CLASE MAGISTRAL,(6) Grupo 6,Martha Cecilia Moreno Penagos,0,43
gh-31764014573-0814T0530,2026-08-14T00:32:57-05:00,1000001-B,CLASE MAGISTRAL,(7) Grupo 7,Claudio Rodriguez Beltran,0,43
gh-31764014573-0814T0530,2026-08-14T00:32:57-05:00,1000001-B,CLASE MAGISTRAL,(8) Grupo 8,Gabriel Ignacio Padilla Leon,1,43
gh-31764014573-0814T0530,2026-08-14T00:32:57-05:00,1000001-B,CLASE MAGISTRAL,(9) Grupo 9,No informado,10,43
gh-31764014573-0814T0530,2026-08-14T00:32:58-05:00,2015965,CLASE TEORICA,(1) Grupo 1,CAMILO RIOS FRESNEDA,24,44
gh-31764014573-0814T0530,2026-08-14T00:32:58-05:00,2015965,CLASE TEORICA,(2) Grupo 2,Julian David Puerto Suarez; Vladimir Buelvas Hernández,24,44
gh-31764014573-0814T0530,2026-08-14T00:32:58-05:00,2015965,CLASE TEORICA,(3) Grupo 3,Ferney Betancourt Cardozo; Juan Manuel Lizarazo Marriaga,24,44
gh-31764014573-0814T0530,2026-08-14T00:32:58-05:00,2015965,CLASE TEORICA,(4) Grupo 4,No informado,24,44
gh-31764014573-0814T0530,2026-08-14T00:33:00-05:00,2015966,CLASE TEORICA,(1) Grupo 1,No informado,24,45
gh-31764014573-0814T0530,2026-08-14T00:33:00-05:00,2015966,CLASE TEORICA,(2) Grupo 2,Adriana Patricia Piña Fulano,24,45
gh-31764014573-0814T0530,2026-08-14T00:33:00-05:00,2015966,CLASE TEORICA,(3) Grupo 3,Rafael Orland Ortiz Mosquera,24,45
gh-31764014573-0814T0530,2026-08-14T00:33:00-05:00,2015966,CLASE TEORICA,(4) Grupo 4,No informado,24,45
gh-31764014573-0814T0530,2026-08-14T00:33:00-05:00,2015966,CLASE TEORICA,(5) Grupo 5,No informado,24,45
gh-31764014573-0814T0530,2026-08-14T00:33:00-05:00,2015966,CLASE TEORICA,(6) Grupo 6,Luis Alejandro Morales Marin,24,45
gh-31764014573-0814T0530,2026-08-14T00:33:00-05:00,2015966,CLASE TEORICA,(7) Grupo 7,No informado,24,45
gh-31764014573-0814T0530,2026-08-14T00:33:00-05:00,2015966,CLASE TEORICA,(8) Grupo 8,No informado,24,45
gh-31764014573-0814T0530,2026-08-14T00:33:01-05:00,2015967,NA,(1) Grupo 1,Vladimir Buelvas Hernández,24,46
gh-31764014573-0814T0530,2026-08-14T00:33:02-05:00,2015968,CLASE TEORICA,(1) Grupo 1,Ricardo Parra Arango,24,47
gh-31764014573-0814T0530,2026-08-14T00:33:02-05:00,2015968,CLASE TEORICA,(2) Grupo 2,Juan David Oliveros Salazar,24,47
gh-31764014573-0814T0530,2026-08-14T00:33:02-05:00,2015968,CLASE TEORICA,(3) Grupo 3,No informado,24,47
gh-31764014573-0814T0530,2026-08-14T00:33:02-05:00,2015968,CLASE TEORICA,(4) Grupo 4,Ricardo Parra Arango,24,47
gh-31764014573-0814T0530,2026-08-14T00:33:02-05:00,2015968,CLASE TEORICA,(5) Grupo 5,Julian David Puerto Suarez,24,47
gh-31764014573-0814T0530,2026-08-14T00:33:02-05:00,2015968,CLASE TEORICA,(6) Grupo 6,Dorian Luis Linero Segrera,24,47
gh-31764014573-0814T0530,2026-08-14T00:33:02-05:00,2015968,CLASE TEORICA,(7) Grupo 7,No informado,0,47
gh-31764014573-0814T0530,2026-08-14T00:33:03-05:00,2015969,CLASE TEORICA,(1) Grupo 1 (Inglés),Julio Esteban Colmenares Montañez,30,48
gh-31764014573-0814T0530,2026-08-14T00:33:03-05:00,2015969,CLASE TEORICA,(2) Grupo 2,Guillermo Eduardo Avila Alvarez,30,48
gh-31764014573-0814T0530,2026-08-14T00:33:03-05:00,2015969,CLASE TEORICA,(3) Grupo 3,Livaniel Viveros Rosero,30,48
gh-31764014573-0814T0530,2026-08-14T00:33:03-05:00,2015969,CLASE TEORICA,(4) Grupo 4,No informado,30,48
gh-31764014573-0814T0530,2026-08-14T00:33:05-05:00,2015970,CLASE PRACTICA,(4) Grupo 4,Helga Duarte,30,49
gh-31764014573-0814T0530,2026-08-14T00:33:05-05:00,2015970,CLASE PRACTICA,(5) Grupo 5,Oswaldo Rojas Camacho,45,49
gh-31764014573-0814T0530,2026-08-14T00:33:05-05:00,2015970,CLASE PRACTICA,(8) Grupo 8,Helga Duarte,30,49
gh-31764014573-0814T0530,2026-08-14T00:33:05-05:00,2015970,CLASE PRACTICA,(9) Grupo 9,Oswaldo Rojas Camacho,45,49
gh-31764014573-0814T0530,2026-08-14T00:33:06-05:00,2017293,CLASE TEORICA,(1) 2017293-1 Modelación matemática,JUAN SEBASTIÁN HINCAPIÉ MONTES,34,50
gh-31764014573-0814T0530,2026-08-14T00:33:06-05:00,2017293,CLASE TEORICA,(2) 2017293-2 Modelación matemática,JUAN SEBASTIÁN HINCAPIÉ MONTES,34,50
gh-31764014573-0814T0530,2026-08-14T00:33:06-05:00,2017293,CLASE MAGISTRAL,(1M) 2017293-1M Modelación matemática - Magistral,Carlos Alberto Duque Daza,80,50
gh-31764014573-0814T0530,2026-08-14T00:33:09-05:00,2015971,CLASE TEORICA,(1) Grupo 1,No informado,30,53
gh-31764014573-0814T0530,2026-08-14T00:33:09-05:00,2015971,CLASE TEORICA,(2) Grupo 2,Ferney Betancourt Cardozo,30,53
gh-31764014573-0814T0530,2026-08-14T00:33:09-05:00,2015971,CLASE TEORICA,(3) Grupo 3,No informado,30,53
gh-31764014573-0814T0530,2026-08-14T00:33:10-05:00,2015972,CLASE TEORICA,(1) Grupo 1,Carlos Alberto Moncada Aristizabal,15,54
gh-31764014573-0814T0530,2026-08-14T00:33:10-05:00,2015972,CLASE TEORICA,(2) Grupo 2,SANTIAGO RAMIREZ ECHEVERRI,15,54
gh-31764014573-0814T0530,2026-08-14T00:33:10-05:00,2015972,CLASE TEORICA,(3) Grupo 3,No informado,15,54
gh-31764014573-0814T0530,2026-08-14T00:33:12-05:00,1000024-B,CLASE TEORICA,(12) Grupo 12,Edgar Delgado Mejia,0,55
gh-31764014573-0814T0530,2026-08-14T00:33:12-05:00,1000024-B,CLASE TEORICA,(13) Grupo 13,Jesus Sigifredo Valencia Rios,0,55
gh-31764014573-0814T0530,2026-08-14T00:33:12-05:00,1000024-B,CLASE TEORICA,(14) Grupo 14,Jhon Jairo Aragón Arias,10,55
gh-31764014573-0814T0530,2026-08-14T00:33:13-05:00,1000013-B,CLASE TEORICA,(1) Grupo 1,JHONIER SEBASTIAN RANGEL GUTIERREZ,0,56
gh-31764014573-0814T0530,2026-08-14T00:33:13-05:00,1000013-B,CLASE TEORICA,(10) Grupo 10,Sandra Vergara Cardozo,35,56
gh-31764014573-0814T0530,2026-08-14T00:33:13-05:00,1000013-B,CLASE TEORICA,(11) Grupo 11,DIEGO ALBERTO MARTINEZ SIMBAQUEVA,40,56
gh-31764014573-0814T0530,2026-08-14T00:33:13-05:00,1000013-B,CLASE TEORICA,(12) Grupo 12,DIEGO ALBERTO MARTINEZ SIMBAQUEVA,40,56
gh-31764014573-0814T0530,2026-08-14T00:33:13-05:00,1000013-B,CLASE TEORICA,(13) Grupo 13,DIEGO ALBERTO MARTINEZ SIMBAQUEVA,30,56
gh-31764014573-0814T0530,2026-08-14T00:33:13-05:00,1000013-B,CLASE TEORICA,(14) Grupo 14,Andrea Catalina Garcia Montoya,45,56
gh-31764014573-0814T0530,2026-08-14T00:33:13-05:00,1000013-B,CLASE TEORICA,(16) Grupo 16,Sergio Alejandro Calderon Villanueva,30,56
gh-31764014573-0814T0530,2026-08-14T00:33:13-05:00,1000013-B,CLASE TEORICA,(2) Grupo 2,Luis Guillermo Diaz Monroy,40,56
gh-31764014573-0814T0530,2026-08-14T00:33:13-05:00,1000013-B,CLASE TEORICA,(22) Grupo 22,Hanwen Zhang,45,56
gh-31764014573-0814T0530,2026-08-14T00:33:13-05:00,1000013-B,CLASE TEORICA,(23) Grupo 23,ULPIANO LARA CRISTANCHO,0,56
gh-31764014573-0814T0530,2026-08-14T00:33:13-05:00,1000013-B,CLASE TEORICA,(3) Grupo 3,Diana Carolina Franco Soto,40,56
gh-31764014573-0814T0530,2026-08-14T00:33:13-05:00,1000013-B,CLASE TEORICA,(4) Grupo 4,Diana Carolina Franco Soto,40,56
gh-31764014573-0814T0530,2026-08-14T00:33:13-05:00,1000013-B,CLASE TEORICA,(5) Grupo 5,Darwin Eduardo Martínez Riaño,35,56
gh-31764014573-0814T0530,2026-08-14T00:33:13-05:00,1000013-B,CLASE TEORICA,(6) Grupo 6,Darwin Eduardo Martínez Riaño,35,56
gh-31764014573-0814T0530,2026-08-14T00:33:13-05:00,1000013-B,CLASE TEORICA,(7) Grupo 7,Camilo Jose Torres Jimenez,40,56
gh-31764014573-0814T0530,2026-08-14T00:33:15-05:00,2015734,NA,(1) Grupo 1,Fernando Salazar Delgado,6,57
gh-31764014573-0814T0530,2026-08-14T00:33:15-05:00,2015734,NA,(10) Grupo 10,Tito Florez Calderon,4,57
gh-31764014573-0814T0530,2026-08-14T00:33:15-05:00,2015734,NA,(11) Grupo 11,DAVID ALBERTO HERRERA ALVAREZ,0,57
gh-31764014573-0814T0530,2026-08-14T00:33:15-05:00,2015734,NA,(12) Grupo 12,FABIEL NATÁN ESPINOSA CASTAÑEDA,1,57
gh-31764014573-0814T0530,2026-08-14T00:33:15-05:00,2015734,NA,(13) Grupo 13,SERGIO CAMILO ESPINOSA BOTERO,4,57
gh-31764014573-0814T0530,2026-08-14T00:33:15-05:00,2015734,NA,(14) Grupo 14,Felipe Gonzalez Roldan,0,57
gh-31764014573-0814T0530,2026-08-14T00:33:15-05:00,2015734,NA,(2) Grupo 2,Fernando Salazar Delgado,16,57
gh-31764014573-0814T0530,2026-08-14T00:33:15-05:00,2015734,NA,(3) Grupo 3,Jhoan Sebastian Restrepo Mendoza,0,57
gh-31764014573-0814T0530,2026-08-14T00:33:15-05:00,2015734,NA,(4) Grupo 4,Sandra Liliana Rojas Martinez,0,57
gh-31764014573-0814T0530,2026-08-14T00:33:15-05:00,2015734,NA,(5) Grupo 5,Jhoan Sebastian Restrepo Mendoza,0,57
gh-31764014573-0814T0530,2026-08-14T00:33:15-05:00,2015734,NA,(6) Grupo 6,SERGIO CAMILO ESPINOSA BOTERO,8,57
gh-31764014573-0814T0530,2026-08-14T00:33:15-05:00,2015734,NA,(7) Grupo 7,No informado,3,57
gh-31764014573-0814T0530,2026-08-14T00:33:15-05:00,2015734,NA,(8) Grupo 8 - Virtual,FABIEL NATÁN ESPINOSA CASTAÑEDA,30,57
gh-31764014573-0814T0530,2026-08-14T00:33:15-05:00,2015734,NA,(9) Grupo 9,Alvaro Reynel Córdoba,18,57
gh-31764014573-0814T0530,2026-08-14T00:33:17-05:00,2015973,CLASE TEORICA,(1) Grupo 1,No informado,25,59
gh-31764014573-0814T0530,2026-08-14T00:33:17-05:00,2015973,CLASE TEORICA,(2) Grupo 2,GABRIELA ARRIETA LOYO,25,59
gh-31764014573-0814T0530,2026-08-14T00:33:17-05:00,2015973,CLASE TEORICA,(3) Grupo 3,NICOLAS ESCALANTE MORA,25,59
gh-31764014573-0814T0530,2026-08-14T00:33:18-05:00,2022761,NA,(1) Grupo 1,Servio Javier Contreras Guerrero,15,60
gh-31764014573-0814T0530,2026-08-14T00:33:18-05:00,2022761,NA,(2) Grupo 2,Servio Javier Contreras Guerrero,15,60
gh-31764014573-0814T0530,2026-08-14T00:33:18-05:00,2022761,NA,(3) Grupo 3,Samuel Fernando Mesa Giraldo,15,60
gh-31764014573-0814T0530,2026-08-14T00:33:20-05:00,2024045,CLASE TEORICA,(1) 2024045-1 Taller de proyectos interdisciplinarios,No informado,0,61
gh-31764014573-0814T0530,2026-08-14T00:33:20-05:00,2024045,CLASE TEORICA,(10) 2024045-10 Taller de proyectos interdisciplinarios,Oscar Andres Eraso Eraso,0,61
gh-31764014573-0814T0530,2026-08-14T00:33:20-05:00,2024045,CLASE TEORICA,(11) 2024045-11 Taller de proyectos interdisciplinarios,No informado,0,61
gh-31764014573-0814T0530,2026-08-14T00:33:20-05:00,2024045,CLASE TEORICA,(12) 2024045-12 Taller de proyectos interdisciplinarios,Hector Julian Garcia Otalora,200,61
gh-31764014573-0814T0530,2026-08-14T00:33:20-05:00,2024045,CLASE TEORICA,(13) 2024045-13 Taller de proyectos interdisciplinarios,No informado,0,61
gh-31764014573-0814T0530,2026-08-14T00:33:20-05:00,2024045,CLASE TEORICA,(14) 2024045-14 Taller de proyectos interdisciplinarios,Dolly Santos Barbosa,0,61
gh-31764014573-0814T0530,2026-08-14T00:33:20-05:00,2024045,CLASE TEORICA,(15) 2024045-15 Taller de proyectos interdisciplinarios,Oscar Andres Eraso Eraso,0,61
gh-31764014573-0814T0530,2026-08-14T00:33:20-05:00,2024045,CLASE TEORICA,(16) 2024045-16 Taller de proyectos interdisciplinarios,Luis Ignacio Rodriguez Varela,0,61
gh-31764014573-0814T0530,2026-08-14T00:33:20-05:00,2024045,CLASE TEORICA,(17) 2024045-17 Taller de proyectos interdisciplinarios,JOHANA CATALINA MANOSALVA BARRERA,0,61
gh-31764014573-0814T0530,2026-08-14T00:33:20-05:00,2024045,CLASE TEORICA,(18) 2024045-18 Taller de proyectos interdisciplinarios,Fernando Bernal Martinez,0,61
gh-31764014573-0814T0530,2026-08-14T00:33:20-05:00,2024045,CLASE TEORICA,(19) 2024045-19 Taller de proyectos interdisciplinarios,FRANCISCO JAVIER VÁSQUEZ VÁSQUEZ,0,61
gh-31764014573-0814T0530,2026-08-14T00:33:20-05:00,2024045,CLASE TEORICA,(2) 2024045-2 Taller de proyectos interdisciplinarios,Fernando Bernal Martinez,0,61
gh-31764014573-0814T0530,2026-08-14T00:33:20-05:00,2024045,CLASE TEORICA,(21) 2024045-21 Taller de proyectos interdisciplinarios,No informado,0,61
gh-31764014573-0814T0530,2026-08-14T00:33:20-05:00,2024045,CLASE TEORICA,(22) 2024045-22 Taller de proyectos interdisciplinarios,Ubaldo Garcia Zaragoza,0,61
gh-31764014573-0814T0530,2026-08-14T00:33:20-05:00,2024045,CLASE TEORICA,(23) 2024045-23 Taller de proyectos interdisciplinarios,No informado,0,61
gh-31764014573-0814T0530,2026-08-14T00:33:20-05:00,2024045,CLASE TEORICA,(24) 2024045-24 Taller de proyectos interdisciplinarios,Hector Julian Garcia Otalora,200,61
gh-31764014573-0814T0530,2026-08-14T00:33:20-05:00,2024045,CLASE TEORICA,(3) 2024045-3 Taller de proyectos interdisciplinarios,Guillermo Alberto Rocha Casas,0,61
gh-31764014573-0814T0530,2026-08-14T00:33:20-05:00,2024045,CLASE TEORICA,(4) 2024045-4 Taller de proyectos interdisciplinarios,Francy Nayely Prieto Novoa,0,61
gh-31764014573-0814T0530,2026-08-14T00:33:20-05:00,2024045,CLASE TEORICA,(40) 2024045-40 TPI-- NO BORRAR-- BLOQ ESPACIOS,No informado,0,61
gh-31764014573-0814T0530,2026-08-14T00:33:20-05:00,2024045,CLASE TEORICA,(5) 2024045-5 Taller de proyectos interdisciplinarios,Nubia Carmenza Moreno Sarmiento,0,61
gh-31764014573-0814T0530,2026-08-14T00:33:20-05:00,2024045,CLASE TEORICA,(6) 2024045-6 Taller de proyectos interdisciplinarios,JOHANA CATALINA MANOSALVA BARRERA,0,61
gh-31764014573-0814T0530,2026-08-14T00:33:20-05:00,2024045,CLASE TEORICA,(7) 2024045-7 Taller de proyectos interdisciplinarios,Ubaldo Garcia Zaragoza,0,61
gh-31764014573-0814T0530,2026-08-14T00:33:20-05:00,2024045,CLASE TEORICA,(8) 2024045-8 Taller de proyectos interdisciplinarios,JHON FREDDY LOPEZ MEDINA,0,61
gh-31764014573-0814T0530,2026-08-14T00:33:20-05:00,2024045,CLASE TEORICA,(9) 2024045-9 Taller de proyectos interdisciplinarios,Manuel Alejandro Mayorga Betancourt,0,61
gh-31764014573-0814T0530,2026-08-14T00:33:21-05:00,2015296,NA,(1) Grupo 1,Leonardo David Donado Garzon,5,62
gh-31764014573-0814T0530,2026-08-14T00:33:21-05:00,2015296,NA,(10) Grupo 10,Juan Manuel Lizarazo Marriaga,5,62
gh-31764014573-0814T0530,2026-08-14T00:33:21-05:00,2015296,NA,(11) Grupo 11,Octavio Coronado Garcia,5,62
gh-31764014573-0814T0530,2026-08-14T00:33:21-05:00,2015296,NA,(12) Grupo 12,Carol Andrea Murillo Feo,5,62
gh-31764014573-0814T0530,2026-08-14T00:33:21-05:00,2015296,NA,(13) Grupo 13,CAMILO RIOS FRESNEDA,5,62
gh-31764014573-0814T0530,2026-08-14T00:33:21-05:00,2015296,NA,(14) Grupo 14,William Castro Garcia,5,62
gh-31764014573-0814T0530,2026-08-14T00:33:21-05:00,2015296,NA,(15) Grupo 15,Luis Alejandro Morales Marin,5,62
gh-31764014573-0814T0530,2026-08-14T00:33:21-05:00,2015296,NA,(16) Grupo 16,Ferney Betancourt Cardozo,5,62
gh-31764014573-0814T0530,2026-08-14T00:33:21-05:00,2015296,NA,(17) Grupo 17,Maria Alejandra Caicedo Londoño,5,62
gh-31764014573-0814T0530,2026-08-14T00:33:21-05:00,2015296,NA,(18) Grupo 18,Guillermo Eduardo Avila Alvarez,5,62
gh-31764014573-0814T0530,2026-08-14T00:33:21-05:00,2015296,NA,(19) Grupo 19,Carlos Alfonso Gomez Guacaneme,0,62
gh-31764014573-0814T0530,2026-08-14T00:33:21-05:00,2015296,NA,(2) Grupo 2,Carlos Orlando Robles Roa,5,62
gh-31764014573-0814T0530,2026-08-14T00:33:21-05:00,2015296,NA,(3) Grupo 3,Angela Barrera Puerto,5,62
gh-31764014573-0814T0530,2026-08-14T00:33:21-05:00,2015296,NA,(4) Grupo 4,Mauricio Alberto Tapias Camacho,5,62
gh-31764014573-0814T0530,2026-08-14T00:33:21-05:00,2015296,NA,(5) Grupo 5,Maritzabel Molina Herrera,5,62
gh-31764014573-0814T0530,2026-08-14T00:33:21-05:00,2015296,NA,(6) Grupo 6,Rodolfo Rodriguez Baracaldo,5,62
gh-31764014573-0814T0530,2026-08-14T00:33:21-05:00,2015296,NA,(7) Grupo 7,SANTIAGO RAMIREZ ECHEVERRI,5,62
gh-31764014573-0814T0530,2026-08-14T00:33:21-05:00,2015296,NA,(8) Grupo 8,Jose Ricardo Martinez Vargas,5,62
gh-31764014573-0814T0530,2026-08-14T00:33:21-05:00,2015296,NA,(9) Grupo 9,GABRIELA ARRIETA LOYO,5,62
gh-31764014573-0814T0530,2026-08-14T00:33:22-05:00,2015299,CLASE TEORICA,(1) Grupo 1,GABRIELA ARRIETA LOYO,51,63
gh-31764014573-0814T0600,2026-08-14T01:01:15-05:00,2015938,CLASE TEORICA,(1) Grupo 1,Maria Alejandra Caicedo Londoño,25,0
gh-31764014573-0814T0600,2026-08-14T01:01:15-05:00,2015938,CLASE TEORICA,(2) Grupo 2,Maria Alejandra Caicedo Londoño,25,0
gh-31764014573-0814T0600,2026-08-14T01:01:15-05:00,2015938,CLASE TEORICA,(3) Grupo 3,JOSE LUIS DIAZ AREVALO,25,0
gh-31764014573-0814T0600,2026-08-14T01:01:15-05:00,2015938,CLASE TEORICA,(4) Grupo 4,JOSE LUIS DIAZ AREVALO,24,0
gh-31764014573-0814T0600,2026-08-14T01:01:17-05:00,2015939,CLASE TEORICA,(1) Grupo 1,ALVARO MARTIN GUTIERREZ MALAXECHEBARRIA,25,1
gh-31764014573-0814T0600,2026-08-14T01:01:17-05:00,2015939,CLASE TEORICA,(2) Grupo 2,ALVARO MARTIN GUTIERREZ MALAXECHEBARRIA,25,1
gh-31764014573-0814T0600,2026-08-14T01:01:17-05:00,2015939,CLASE TEORICA,(3) Grupo 3,Edder Alexander Velandia Duran,25,1
gh-31764014573-0814T0600,2026-08-14T01:01:17-05:00,2015939,CLASE TEORICA,(4) Grupo 4,No informado,25,1
gh-31764014573-0814T0600,2026-08-14T01:01:18-05:00,1000003-B,NA,(1) Grupo 1,Erika Lorena Rosero Alzate; Oscar Andrés Rojas Sepúlveda,0,2
gh-31764014573-0814T0600,2026-08-14T01:01:18-05:00,1000003-B,NA,(10) Grupo 10,Epifanio Lozano Ayala,14,2
gh-31764014573-0814T0600,2026-08-14T01:01:18-05:00,1000003-B,NA,(11) Grupo 11,No informado,60,2
gh-31764014573-0814T0600,2026-08-14T01:01:18-05:00,1000003-B,NA,(12) Grupo 12,No informado,40,2
gh-31764014573-0814T0600,2026-08-14T01:01:18-05:00,1000003-B,NA,(13) Grupo 13,Mohammed EL AIDI,40,2
gh-31764014573-0814T0600,2026-08-14T01:01:18-05:00,1000003-B,NA,(15) Grupo 15,Myriam Leonor Campos Florez,60,2
gh-31764014573-0814T0600,2026-08-14T01:01:18-05:00,1000003-B,NA,(16) Grupo 16,No informado,60,2
gh-31764014573-0814T0600,2026-08-14T01:01:18-05:00,1000003-B,NA,(17) Grupo 17,Martha Cecilia Moreno Penagos,40,2
gh-31764014573-0814T0600,2026-08-14T01:01:18-05:00,1000003-B,NA,(18) Grupo 18,John Alexander Cruz Morales,52,2
gh-31764014573-0814T0600,2026-08-14T01:01:18-05:00,1000003-B,NA,(20) Grupo 20,Natalia Camila Pinzon Cortes,60,2
gh-31764014573-0814T0600,2026-08-14T01:01:18-05:00,1000003-B,NA,(21) Grupo 21,Ivon Andrea Dorado Correa,52,2
gh-31764014573-0814T0600,2026-08-14T01:01:18-05:00,1000003-B,NA,(22) Grupo 22,No informado,46,2
gh-31764014573-0814T0600,2026-08-14T01:01:18-05:00,1000003-B,NA,(3) Grupo 3,No informado,60,2
gh-31764014573-0814T0600,2026-08-14T01:01:18-05:00,1000003-B,NA,(4) Grupo 4,Luis Alejandro Barbosa Torres,112,2
gh-31764014573-0814T0600,2026-08-14T01:01:18-05:00,1000003-B,NA,(5) Grupo 5,Jaime David Mora Paz,60,2
gh-31764014573-0814T0600,2026-08-14T01:01:18-05:00,1000003-B,NA,(7) Grupo 7,Myriam Leonor Campos Florez,40,2
gh-31764014573-0814T0600,2026-08-14T01:01:18-05:00,1000003-B,NA,(8) Grupo 8,No informado,10,2
gh-31764014573-0814T0600,2026-08-14T01:01:19-05:00,2015940,CLASE TEORICA,(1) Grupo 1,Maritzabel Molina Herrera,24,3
gh-31764014573-0814T0600,2026-08-14T01:01:19-05:00,2015940,CLASE TEORICA,(2) Grupo 2,Gabriel Andres Bernal Granados,24,3
gh-31764014573-0814T0600,2026-08-14T01:01:19-05:00,2015940,CLASE TEORICA,(3) Grupo 3,No informado,24,3
gh-31764014573-0814T0600,2026-08-14T01:01:20-05:00,2015941,CLASE TEORICA,(1) Grupo 1,Patricia Luna Tamayo,30,4
gh-31764014573-0814T0600,2026-08-14T01:01:20-05:00,2015941,CLASE TEORICA,(2) Grupo 2,No informado,30,4
gh-31764014573-0814T0600,2026-08-14T01:01:20-05:00,2015941,CLASE TEORICA,(3) Grupo 3,Carlos Ramiro Vallecilla Bahena,30,4
gh-31764014573-0814T0600,2026-08-14T01:01:20-05:00,2015941,CLASE TEORICA,(4) Grupo 4,No informado,30,4
gh-31764014573-0814T0600,2026-08-14T01:01:22-05:00,1000004-B,NA,(10) Grupo 10,No informado,53,5
gh-31764014573-0814T0600,2026-08-14T01:01:22-05:00,1000004-B,NA,(11) Grupo 11,No informado,24,5
gh-31764014573-0814T0600,2026-08-14T01:01:22-05:00,1000004-B,NA,(12) Grupo 12,No informado,24,5
gh-31764014573-0814T0600,2026-08-14T01:01:22-05:00,1000004-B,NA,(13) Grupo 13,No informado,16,5
gh-31764014573-0814T0600,2026-08-14T01:01:22-05:00,1000004-B,NA,(14) Grupo 14,No informado,90,5
gh-31764014573-0814T0600,2026-08-14T01:01:22-05:00,1000004-B,NA,(16) Grupo 16,No informado,27,5
gh-31764014573-0814T0600,2026-08-14T01:01:22-05:00,1000004-B,NA,(17) Grupo 17,Hernan Garzon Gutierrez,39,5
gh-31764014573-0814T0600,2026-08-14T01:01:22-05:00,1000004-B,NA,(19) Grupo 19,No informado,59,5
gh-31764014573-0814T0600,2026-08-14T01:01:22-05:00,1000004-B,NA,(2) Grupo 2,No informado,24,5
gh-31764014573-0814T0600,2026-08-14T01:01:22-05:00,1000004-B,NA,(20) Grupo 20,Hernan Garzon Gutierrez,10,5
gh-31764014573-0814T0600,2026-08-14T01:01:22-05:00,1000004-B,NA,(21) Grupo 21,No informado,60,5
gh-31764014573-0814T0600,2026-08-14T01:01:22-05:00,1000004-B,NA,(22) Grupo 22,No informado,60,5
gh-31764014573-0814T0600,2026-08-14T01:01:22-05:00,1000004-B,NA,(24) Grupo 24,Ricardo Ariel Pastran Ramirez,60,5
gh-31764014573-0814T0600,2026-08-14T01:01:22-05:00,1000004-B,NA,(25) Grupo 25,No informado,40,5
gh-31764014573-0814T0600,2026-08-14T01:01:22-05:00,1000004-B,NA,(27) Grupo 27,No informado,51,5
gh-31764014573-0814T0600,2026-08-14T01:01:22-05:00,1000004-B,NA,(28) Grupo 28,No informado,60,5
gh-31764014573-0814T0600,2026-08-14T01:01:22-05:00,1000004-B,NA,(29) Grupo 29,No informado,60,5
gh-31764014573-0814T0600,2026-08-14T01:01:22-05:00,1000004-B,NA,(30) Grupo 30,No informado,60,5
gh-31764014573-0814T0600,2026-08-14T01:01:22-05:00,1000004-B,NA,(32) Grupo 32,No informado,90,5
gh-31764014573-0814T0600,2026-08-14T01:01:22-05:00,1000004-B,NA,(4) Grupo 4,Myriam Leonor Campos Florez,37,5
gh-31764014573-0814T0600,2026-08-14T01:01:22-05:00,1000004-B,NA,(5) Grupo 5,Oscar Javier Lopez Alfonso,84,5
gh-31764014573-0814T0600,2026-08-14T01:01:22-05:00,1000004-B,NA,(7) Grupo 7,Anderson Arley Vera Arboleda,64,5
gh-31764014573-0814T0600,2026-08-14T01:01:22-05:00,1000004-B,NA,(8) Grupo 8,No informado,40,5
gh-31764014573-0814T0600,2026-08-14T01:01:22-05:00,1000004-B,NA,(9) Grupo 9,No informado,18,5
gh-31764014573-0814T0600,2026-08-14T01:01:23-05:00,1000006-B,NA,(1) Grupo 1,No informado,40,6
gh-31764014573-0814T0600,2026-08-14T01:01:23-05:00,1000006-B,NA,(10) Grupo 10,No informado,100,6
gh-31764014573-0814T0600,2026-08-14T01:01:23-05:00,1000006-B,NA,(11) Grupo 11,No informado,40,6
gh-31764014573-0814T0600,2026-08-14T01:01:23-05:00,1000006-B,NA,(12) Grupo 12,Leonid Lebedev,60,6
gh-31764014573-0814T0600,2026-08-14T01:01:23-05:00,1000006-B,NA,(13) Grupo 13,Juan Carlos Hernandez Rincon,40,6
gh-31764014573-0814T0600,2026-08-14T01:01:23-05:00,1000006-B,NA,(14) Grupo 14,No informado,60,6
gh-31764014573-0814T0600,2026-08-14T01:01:23-05:00,1000006-B,NA,(15) Grupo 15,No informado,112,6
gh-31764014573-0814T0600,2026-08-14T01:01:23-05:00,1000006-B,NA,(2) Grupo 2,EDIXON MANUEL ROJAS SANTANA,40,6
gh-31764014573-0814T0600,2026-08-14T01:01:23-05:00,1000006-B,NA,(3) Grupo 3,Cesar Augusto Gomez Sierra,40,6
gh-31764014573-0814T0600,2026-08-14T01:01:23-05:00,1000006-B,NA,(4) Grupo 4,Agustin Moreno Canadas,100,6
gh-31764014573-0814T0600,2026-08-14T01:01:23-05:00,1000006-B,NA,(5) Grupo 5,German Eduardo Fonseca Buitrago,40,6
gh-31764014573-0814T0600,2026-08-14T01:01:23-05:00,1000006-B,NA,(7) Grupo 7,No informado,70,6
gh-31764014573-0814T0600,2026-08-14T01:01:23-05:00,1000006-B,NA,(8) Grupo 8,Epifanio Lozano Ayala,60,6
gh-31764014573-0814T0600,2026-08-14T01:01:23-05:00,1000006-B,NA,(9) Grupo 9,Orlando Vanegas Canro,0,6
gh-31764014573-0814T0600,2026-08-14T01:01:25-05:00,1000005-B,NA,(1) Grupo 1,Orlando Vanegas Canro,0,7
gh-31764014573-0814T0600,2026-08-14T01:01:25-05:00,1000005-B,NA,(10) Grupo 10,Epifanio Lozano Ayala,50,7
gh-31764014573-0814T0600,2026-08-14T01:01:25-05:00,1000005-B,NA,(14) Grupo 14,Mohammed EL AIDI,40,7
gh-31764014573-0814T0600,2026-08-14T01:01:25-05:00,1000005-B,NA,(15) Grupo 15,Alina Fedosova,60,7
gh-31764014573-0814T0600,2026-08-14T01:01:25-05:00,1000005-B,NA,(16) Grupo 16,No informado,70,7
gh-31764014573-0814T0600,2026-08-14T01:01:25-05:00,1000005-B,NA,(17) Grupo 17,Hernan Garzon Gutierrez,40,7
gh-31764014573-0814T0600,2026-08-14T01:01:25-05:00,1000005-B,NA,(2) Grupo 2,RENE ERLIN CASTILLO,60,7
gh-31764014573-0814T0600,2026-08-14T01:01:25-05:00,1000005-B,NA,(20) Grupo 20,Franqui Solis Cardenas Poloche,40,7
gh-31764014573-0814T0600,2026-08-14T01:01:25-05:00,1000005-B,NA,(22) Grupo 22,No informado,60,7
gh-31764014573-0814T0600,2026-08-14T01:01:25-05:00,1000005-B,NA,(3) Grupo 3,Eduardo Cardenas Gomez,70,7
gh-31764014573-0814T0600,2026-08-14T01:01:25-05:00,1000005-B,NA,(4) Grupo 4,Edward Samuel Becerra Rojas,60,7
gh-31764014573-0814T0600,2026-08-14T01:01:25-05:00,1000005-B,NA,(6) Grupo 6,No informado,60,7
gh-31764014573-0814T0600,2026-08-14T01:01:25-05:00,1000005-B,NA,(7) Grupo 7,Franqui Solis Cardenas Poloche,100,7
gh-31764014573-0814T0600,2026-08-14T01:01:25-05:00,1000005-B,NA,(8) Grupo 8,No informado,40,7
gh-31764014573-0814T0600,2026-08-14T01:01:25-05:00,1000005-B,NA,(9) Grupo 9,No informado,10,7
gh-31764014573-0814T0600,2026-08-14T01:01:28-05:00,2015943,CLASE TEORICA,(1) Grupo 1,Carlos Orlando Robles Roa,15,9
gh-31764014573-0814T0600,2026-08-14T01:01:29-05:00,2015944,CLASE TEORICA,(1) Grupo 1,SANTIAGO RAMIREZ ECHEVERRI,15,10
gh-31764014573-0814T0600,2026-08-14T01:01:30-05:00,2015711,NA,(10) 2015711-10 Dibujo básico,Ariel Augusto Amaya Avila,0,11
gh-31764014573-0814T0600,2026-08-14T01:01:30-05:00,2015711,NA,(11) 2015711-11 Dibujo básico,Cesar Augusto Bacca Gonzalez,0,11
gh-31764014573-0814T0600,2026-08-14T01:01:30-05:00,2015711,NA,(14) 2015711-14 Dibujo básico,Cristian Felipe Morales Suárez,0,11
gh-31764014573-0814T0600,2026-08-14T01:01:30-05:00,2015711,NA,(16) 2015711-16 Dibujo básico,DAVID FELIPE TORRES ARCE,0,11
gh-31764014573-0814T0600,2026-08-14T01:01:30-05:00,2015711,NA,(4) 2015711-4 Dibujo básico,Cristian Felipe Morales Suárez,9,11
gh-31764014573-0814T0600,2026-08-14T01:01:30-05:00,2015711,NA,(5) 2015711-5 Dibujo básico,Sebastian Achury Ortiz,0,11
gh-31764014573-0814T0600,2026-08-14T01:01:30-05:00,2015711,NA,(7) 2015711-7 Dibujo básico,Cesar Augusto Bacca Gonzalez,22,11
gh-31764014573-0814T0600,2026-08-14T01:01:30-05:00,2015711,NA,(8) 2015711-8 Dibujo básico,Miguel Angel Baquero Cortes,0,11
gh-31764014573-0814T0600,2026-08-14T01:01:30-05:00,2015711,NA,(9) 2015711-9 Dibujo básico,EDWIN CAMILO REINA BELTRAN,0,11
gh-31764014573-0814T0600,2026-08-14T01:01:31-05:00,2015948,CLASE TEORICA,(1) Grupo 1,No informado,30,12
gh-31764014573-0814T0600,2026-08-14T01:01:31-05:00,2015948,CLASE TEORICA,(2) Grupo 2,Mauricio Alberto Tapias Camacho,30,12
gh-31764014573-0814T0600,2026-08-14T01:01:31-05:00,2015948,CLASE TEORICA,(3) Grupo 3,No informado,30,12
gh-31764014573-0814T0600,2026-08-14T01:01:33-05:00,2015950,CLASE TEORICA,(1) Grupo 1,No informado,25,13
gh-31764014573-0814T0600,2026-08-14T01:01:33-05:00,2015950,CLASE TEORICA,(2) Grupo 2,No informado,0,13
gh-31764014573-0814T0600,2026-08-14T01:01:33-05:00,2015950,CLASE TEORICA,(3) Grupo 3,Daniel Ricardo Lozano Monsalve,25,13
gh-31764014573-0814T0600,2026-08-14T01:01:33-05:00,2015950,CLASE TEORICA,(4) Grupo 4,No informado,25,13
gh-31764014573-0814T0600,2026-08-14T01:01:33-05:00,2015950,CLASE TEORICA,(5) Grupo 5,No informado,25,13
gh-31764014573-0814T0600,2026-08-14T01:01:34-05:00,2015949,CLASE TEORICA,(1) Grupo 1,Mario Javier Cardozo Chaux,30,14
gh-31764014573-0814T0600,2026-08-14T01:01:34-05:00,2015949,CLASE TEORICA,(2) Grupo 2,Wilson Ernesto Vargas Vargas,30,14
gh-31764014573-0814T0600,2026-08-14T01:01:34-05:00,2015949,CLASE TEORICA,(3) Grupo 3,No informado,30,14
gh-31764014573-0814T0600,2026-08-14T01:01:35-05:00,1000007-B,NA,(1) Grupo 1,German Eduardo Fonseca Buitrago,60,15
gh-31764014573-0814T0600,2026-08-14T01:01:35-05:00,1000007-B,NA,(11) Grupo 11,Leonid Lebedev,60,15
gh-31764014573-0814T0600,2026-08-14T01:01:35-05:00,1000007-B,NA,(12) Grupo 12,No informado,60,15
gh-31764014573-0814T0600,2026-08-14T01:01:35-05:00,1000007-B,NA,(13) Grupo 13,Omar Duque Gomez,40,15
gh-31764014573-0814T0600,2026-08-14T01:01:35-05:00,1000007-B,NA,(14) Grupo 14,No informado,100,15
gh-31764014573-0814T0600,2026-08-14T01:01:35-05:00,1000007-B,NA,(3) Grupo 3,Serafin Bautista Diaz,40,15
gh-31764014573-0814T0600,2026-08-14T01:01:35-05:00,1000007-B,NA,(4) Grupo 4,EDIXON MANUEL ROJAS SANTANA,60,15
gh-31764014573-0814T0600,2026-08-14T01:01:35-05:00,1000007-B,NA,(6) Grupo 6,Alexander Caviedes Castro,50,15
gh-31764014573-0814T0600,2026-08-14T01:01:35-05:00,1000007-B,NA,(7) Grupo 7,Oscar Guillermo Riaño Castañeda,40,15
gh-31764014573-0814T0600,2026-08-14T01:01:35-05:00,1000007-B,NA,(9) Grupo 9,Orlando Vanegas Canro,0,15
gh-31764014573-0814T0600,2026-08-14T01:01:36-05:00,2026134,CLASE TEORICA,(1) Grupo 1,No informado,0,16
gh-31764014573-0814T0600,2026-08-14T01:01:36-05:00,2026134,CLASE TEORICA,(2) Grupo 2,Juan Manuel Lizarazo Marriaga,30,16
gh-31764014573-0814T0600,2026-08-14T01:01:36-05:00,2026134,CLASE TEORICA,(3) Grupo 3,Maritzabel Molina Herrera,30,16
gh-31764014573-0814T0600,2026-08-14T01:01:36-05:00,2026134,CLASE TEORICA,(4) Grupo 4,Carlos Ramiro Vallecilla Bahena,30,16
gh-31764014573-0814T0600,2026-08-14T01:01:36-05:00,2026134,CLASE TEORICA,(5) Grupo 5,Fernando Lozano Osorno,30,16
gh-31764014573-0814T0600,2026-08-14T01:01:36-05:00,2026134,CLASE TEORICA,(6) Grupo 6,No informado,30,16
gh-31764014573-0814T0600,2026-08-14T01:01:38-05:00,2015954,CLASE TEORICA,(1) Grupo 1,Erasmo Alfredo Rodriguez Sandoval,30,17
gh-31764014573-0814T0600,2026-08-14T01:01:38-05:00,2015954,CLASE TEORICA,(2) Grupo 2,Mario Enrique Moreno Castiblanco,30,17
gh-31764014573-0814T0600,2026-08-14T01:01:38-05:00,2015954,CLASE TEORICA,(3) Grupo 3,Luis Alejandro Morales Marin,30,17
gh-31764014573-0814T0600,2026-08-14T01:01:39-05:00,2015955,CLASE TEORICA,(1) Grupo 1,Giovanni Andres Cortes Tovar,30,18
gh-31764014573-0814T0600,2026-08-14T01:01:39-05:00,2015955,CLASE TEORICA,(2) Grupo 2,Angela Barrera Puerto,30,18
gh-31764014573-0814T0600,2026-08-14T01:01:39-05:00,2015955,CLASE TEORICA,(3) Grupo 3,Giovanni Andres Cortes Tovar,30,18
gh-31764014573-0814T0600,2026-08-14T01:01:40-05:00,1000011-B,CLASE TEORICA,(1) Grupo 1,Ernesto Javier Puertas Dellepianes,118,19
gh-31764014573-0814T0600,2026-08-14T01:01:40-05:00,1000011-B,CLASE TEORICA,(3) Grupo 3,Néstor Fernando Perez Buitrago,12,19
gh-31764014573-0814T0600,2026-08-14T01:01:43-05:00,1000019-B,CLASE LABORATORIO,(1) Grupo 1,Gustavo Martinez Tamayo,35,20
gh-31764014573-0814T0600,2026-08-14T01:01:43-05:00,1000019-B,CLASE LABORATORIO,(10) Grupo 10,LUIS AGULLES PEDROS,35,20
gh-31764014573-0814T0600,2026-08-14T01:01:43-05:00,1000019-B,CLASE LABORATORIO,(11) Grupo 11,EVER DAVID ALCALA CAJAR,35,20
gh-31764014573-0814T0600,2026-08-14T01:01:43-05:00,1000019-B,CLASE LABORATORIO,(12) Grupo 12,FABIAN FELIPE QUEVEDO FARIETA,35,20
gh-31764014573-0814T0600,2026-08-14T01:01:43-05:00,1000019-B,CLASE LABORATORIO,(13) Grupo 13,Alvaro Marino Camargo,35,20
gh-31764014573-0814T0600,2026-08-14T01:01:43-05:00,1000019-B,CLASE LABORATORIO,(14) Grupo 14,Alvaro Marino Camargo; Miryam Rincon Joya,35,20
gh-31764014573-0814T0600,2026-08-14T01:01:43-05:00,1000019-B,CLASE LABORATORIO,(15) Grupo 15,JULIAN MATEO DE MENDOZA GUTIERREZ,32,20
gh-31764014573-0814T0600,2026-08-14T01:01:43-05:00,1000019-B,CLASE LABORATORIO,(16) Grupo 16,Alvaro Marino Camargo; Doris Yaneth Cadavid Rodriguez,35,20
gh-31764014573-0814T0600,2026-08-14T01:01:43-05:00,1000019-B,CLASE LABORATORIO,(17) Grupo 17,JULIAN MATEO DE MENDOZA GUTIERREZ,34,20
gh-31764014573-0814T0600,2026-08-14T01:01:43-05:00,1000019-B,CLASE LABORATORIO,(18) Grupo 18,Jaime Villalobos Velasco,34,20
gh-31764014573-0814T0600,2026-08-14T01:01:43-05:00,1000019-B,CLASE LABORATORIO,(19) Grupo 19,JULY PAOLA GARZÓN LOPEZ,32,20
gh-31764014573-0814T0600,2026-08-14T01:01:43-05:00,1000019-B,CLASE LABORATORIO,(2) Grupo 2,Gustavo Martinez Tamayo,35,20
gh-31764014573-0814T0600,2026-08-14T01:01:43-05:00,1000019-B,CLASE LABORATORIO,(20) Grupo 20,JOSE ALFREDO GOMEZ MATEUS,35,20
gh-31764014573-0814T0600,2026-08-14T01:01:43-05:00,1000019-B,CLASE LABORATORIO,(21) Grupo 21,Pedro Hernan Sanchez Machet,35,20
gh-31764014573-0814T0600,2026-08-14T01:01:43-05:00,1000019-B,CLASE LABORATORIO,(22) Grupo 22,Pedro Hernan Sanchez Machet,35,20
gh-31764014573-0814T0600,2026-08-14T01:01:43-05:00,1000019-B,CLASE LABORATORIO,(23) Grupo 23,Pedro Hernan Sanchez Machet,35,20
gh-31764014573-0814T0600,2026-08-14T01:01:43-05:00,1000019-B,CLASE LABORATORIO,(24) Grupo 24,Pedro Hernan Sanchez Machet,35,20
gh-31764014573-0814T0600,2026-08-14T01:01:43-05:00,1000019-B,CLASE LABORATORIO,(25) Grupo 25,Plinio Del Carmen Teheran Sermeno,45,20
gh-31764014573-0814T0600,2026-08-14T01:01:43-05:00,1000019-B,CLASE LABORATORIO,(26) Grupo 26 (VIRTUAL),Plinio Del Carmen Teheran Sermeno,50,20
gh-31764014573-0814T0600,2026-08-14T01:01:43-05:00,1000019-B,CLASE LABORATORIO,(27) Grupo 27 (VIRTUAL),Plinio Del Carmen Teheran Sermeno,50,20
gh-31764014573-0814T0600,2026-08-14T01:01:43-05:00,1000019-B,CLASE LABORATORIO,(28) Grupo 28 (VIRTUAL),Plinio Del Carmen Teheran Sermeno,50,20
gh-31764014573-0814T0600,2026-08-14T01:01:43-05:00,1000019-B,CLASE LABORATORIO,(29) Grupo 29 (VIRTUAL),Plinio Del Carmen Teheran Sermeno,50,20
gh-31764014573-0814T0600,2026-08-14T01:01:43-05:00,1000019-B,CLASE LABORATORIO,(3) Grupo 3,Gustavo Martinez Tamayo,35,20
gh-31764014573-0814T0600,2026-08-14T01:01:43-05:00,1000019-B,CLASE LABORATORIO,(4) Grupo 4,No informado,35,20
gh-31764014573-0814T0600,2026-08-14T01:01:43-05:00,1000019-B,CLASE LABORATORIO,(5) Grupo 5,FABIAN FELIPE QUEVEDO FARIETA,35,20
gh-31764014573-0814T0600,2026-08-14T01:01:43-05:00,1000019-B,CLASE LABORATORIO,(6) Grupo 6,Jaime Villalobos Velasco,35,20
gh-31764014573-0814T0600,2026-08-14T01:01:43-05:00,1000019-B,CLASE LABORATORIO,(7) Grupo 7,Jaime Villalobos Velasco,35,20
gh-31764014573-0814T0600,2026-08-14T01:01:43-05:00,1000019-B,CLASE LABORATORIO,(8) Grupo 8,Alvaro Marino Camargo,35,20
gh-31764014573-0814T0600,2026-08-14T01:01:43-05:00,1000019-B,CLASE LABORATORIO,(9) Grupo 9,Erika Lorena Rosero Alzate,0,20
gh-31764014573-0814T0600,2026-08-14T01:01:43-05:00,1000019-B,CLASE TALLER,(1) Grupo 1,FABIAN FELIPE QUEVEDO FARIETA,35,20
gh-31764014573-0814T0600,2026-08-14T01:01:43-05:00,1000019-B,CLASE TALLER,(10) Grupo 10,FABIAN FELIPE QUEVEDO FARIETA,35,20
gh-31764014573-0814T0600,2026-08-14T01:01:43-05:00,1000019-B,CLASE TALLER,(11) Grupo 11,JULIAN MATEO DE MENDOZA GUTIERREZ,35,20
gh-31764014573-0814T0600,2026-08-14T01:01:43-05:00,1000019-B,CLASE TALLER,(12) Grupo 12,EVER DAVID ALCALA CAJAR,35,20
gh-31764014573-0814T0600,2026-08-14T01:01:43-05:00,1000019-B,CLASE TALLER,(13) Grupo 13,MIGUEL ENRIQUE GÁMEZ LÓPEZ,35,20
gh-31764014573-0814T0600,2026-08-14T01:01:43-05:00,1000019-B,CLASE TALLER,(14) Grupo 14,No informado,35,20
gh-31764014573-0814T0600,2026-08-14T01:01:43-05:00,1000019-B,CLASE TALLER,(15) Grupo 15,EVER DAVID ALCALA CAJAR,32,20
gh-31764014573-0814T0600,2026-08-14T01:01:43-05:00,1000019-B,CLASE TALLER,(16) Grupo 16,Edna Carolina Pinilla Beltran,35,20
gh-31764014573-0814T0600,2026-08-14T01:01:43-05:00,1000019-B,CLASE TALLER,(17) Grupo 17,Jereson Silva Valencia,34,20
gh-31764014573-0814T0600,2026-08-14T01:01:43-05:00,1000019-B,CLASE TALLER,(18) Grupo 18,Jereson Silva Valencia,34,20
gh-31764014573-0814T0600,2026-08-14T01:01:43-05:00,1000019-B,CLASE TALLER,(19) Grupo 19,Jereson Silva Valencia,32,20
gh-31764014573-0814T0600,2026-08-14T01:01:43-05:00,1000019-B,CLASE TALLER,(2) Grupo 2,Gustavo Martinez Tamayo,35,20
gh-31764014573-0814T0600,2026-08-14T01:01:43-05:00,1000019-B,CLASE TALLER,(20) Grupo 20,Jereson Silva Valencia,35,20
gh-31764014573-0814T0600,2026-08-14T01:01:43-05:00,1000019-B,CLASE TALLER,(21) Grupo 21,JOSE ALFREDO GOMEZ MATEUS,35,20
gh-31764014573-0814T0600,2026-08-14T01:01:43-05:00,1000019-B,CLASE TALLER,(22) Grupo 22,JULY PAOLA GARZÓN LOPEZ,35,20
gh-31764014573-0814T0600,2026-08-14T01:01:43-05:00,1000019-B,CLASE TALLER,(23) Grupo 23,Edna Carolina Pinilla Beltran,35,20
gh-31764014573-0814T0600,2026-08-14T01:01:43-05:00,1000019-B,CLASE TALLER,(24) Grupo 24,Diego Alejandro Torres Galindo,35,20
gh-31764014573-0814T0600,2026-08-14T01:01:43-05:00,1000019-B,CLASE TALLER,(25) Grupo 25,Plinio Del Carmen Teheran Sermeno,45,20
gh-31764014573-0814T0600,2026-08-14T01:01:43-05:00,1000019-B,CLASE TALLER,(26) Grupo 26 (VIRTUAL),Plinio Del Carmen Teheran Sermeno,50,20
gh-31764014573-0814T0600,2026-08-14T01:01:43-05:00,1000019-B,CLASE TALLER,(27) Grupo 27 (VIRTUAL),Plinio Del Carmen Teheran Sermeno,50,20
gh-31764014573-0814T0600,2026-08-14T01:01:43-05:00,1000019-B,CLASE TALLER,(28) Grupo 28 (VIRTUAL),Plinio Del Carmen Teheran Sermeno,50,20
gh-31764014573-0814T0600,2026-08-14T01:01:43-05:00,1000019-B,CLASE TALLER,(29) Grupo 29 (VIRTUAL),Plinio Del Carmen Teheran Sermeno,50,20
gh-31764014573-0814T0600,2026-08-14T01:01:43-05:00,1000019-B,CLASE TALLER,(3) Grupo 3,Gustavo Martinez Tamayo,35,20
gh-31764014573-0814T0600,2026-08-14T01:01:43-05:00,1000019-B,CLASE TALLER,(4) Grupo 4,Jaime Villalobos Velasco,35,20
gh-31764014573-0814T0600,2026-08-14T01:01:43-05:00,1000019-B,CLASE TALLER,(5) Grupo 5,Jaime Villalobos Velasco,35,20
gh-31764014573-0814T0600,2026-08-14T01:01:43-05:00,1000019-B,CLASE TALLER,(6) Grupo 6,Ramiro Cardona Cardona,35,20
gh-31764014573-0814T0600,2026-08-14T01:01:43-05:00,1000019-B,CLASE TALLER,(7) Grupo 7,Ramiro Cardona Cardona,35,20
gh-31764014573-0814T0600,2026-08-14T01:01:43-05:00,1000019-B,CLASE TALLER,(8) Grupo 8,Edna Carolina Pinilla Beltran,35,20
gh-31764014573-0814T0600,2026-08-14T01:01:43-05:00,1000019-B,CLASE TALLER,(9) Grupo 9,No informado,10,20
gh-31764014573-0814T0600,2026-08-14T01:01:43-05:00,1000019-B,CLASE MAGISTRAL,(16) Gruop 16,Erika Lorena Rosero Alzate; Daniel Camilo Padilla González,8,20
gh-31764014573-0814T0600,2026-08-14T01:01:43-05:00,1000019-B,CLASE MAGISTRAL,(1) Grupo 1,Gustavo Martinez Tamayo,35,20
gh-31764014573-0814T0600,2026-08-14T01:01:43-05:00,1000019-B,CLASE MAGISTRAL,(10) Grupo 10,Ovidio Amado Almanza Montero,35,20
gh-31764014573-0814T0600,2026-08-14T01:01:43-05:00,1000019-B,CLASE MAGISTRAL,(11) Grupo 11,Ovidio Amado Almanza Montero,35,20
gh-31764014573-0814T0600,2026-08-14T01:01:43-05:00,1000019-B,CLASE MAGISTRAL,(12) Grupo 12,Ovidio Amado Almanza Montero,35,20
gh-31764014573-0814T0600,2026-08-14T01:01:43-05:00,1000019-B,CLASE MAGISTRAL,(13) Grupo 13,Jaime Villalobos Velasco,35,20
gh-31764014573-0814T0600,2026-08-14T01:01:43-05:00,1000019-B,CLASE MAGISTRAL,(14) Grupo 14,Jaime Villalobos Velasco,35,20
gh-31764014573-0814T0600,2026-08-14T01:01:43-05:00,1000019-B,CLASE MAGISTRAL,(15) Grupo 15,Jaime Villalobos Velasco,32,20
gh-31764014573-0814T0600,2026-08-14T01:01:43-05:00,1000019-B,CLASE MAGISTRAL,(17) Grupo 17,Jereson Silva Valencia,34,20
gh-31764014573-0814T0600,2026-08-14T01:01:43-05:00,1000019-B,CLASE MAGISTRAL,(18) Grupo 18,Jereson Silva Valencia,34,20
gh-31764014573-0814T0600,2026-08-14T01:01:43-05:00,1000019-B,CLASE MAGISTRAL,(19) Grupo 19,Jereson Silva Valencia,32,20
gh-31764014573-0814T0600,2026-08-14T01:01:43-05:00,1000019-B,CLASE MAGISTRAL,(2) Grupo 2,Gustavo Martinez Tamayo,35,20
gh-31764014573-0814T0600,2026-08-14T01:01:43-05:00,1000019-B,CLASE MAGISTRAL,(20) Grupo 20,Jereson Silva Valencia,35,20
gh-31764014573-0814T0600,2026-08-14T01:01:43-05:00,1000019-B,CLASE MAGISTRAL,(21) Grupo 21,Diego Alejandro Torres Galindo,35,20
gh-31764014573-0814T0600,2026-08-14T01:01:43-05:00,1000019-B,CLASE MAGISTRAL,(22) Grupo 22,Diego Alejandro Torres Galindo,35,20
gh-31764014573-0814T0600,2026-08-14T01:01:43-05:00,1000019-B,CLASE MAGISTRAL,(23) Grupo 23,Diego Alejandro Torres Galindo,35,20
gh-31764014573-0814T0600,2026-08-14T01:01:43-05:00,1000019-B,CLASE MAGISTRAL,(24) Grupo 24,Diego Alejandro Torres Galindo,35,20
gh-31764014573-0814T0600,2026-08-14T01:01:43-05:00,1000019-B,CLASE MAGISTRAL,(25) Grupo 25,Plinio Del Carmen Teheran Sermeno,45,20
gh-31764014573-0814T0600,2026-08-14T01:01:43-05:00,1000019-B,CLASE MAGISTRAL,(26) Grupo 26 (VIRTUAL),Plinio Del Carmen Teheran Sermeno,50,20
gh-31764014573-0814T0600,2026-08-14T01:01:43-05:00,1000019-B,CLASE MAGISTRAL,(27) Grupo 27 (VIRTUAL),Plinio Del Carmen Teheran Sermeno,50,20
gh-31764014573-0814T0600,2026-08-14T01:01:43-05:00,1000019-B,CLASE MAGISTRAL,(28) Grupo 28 (VIRTUAL),Plinio Del Carmen Teheran Sermeno,50,20
gh-31764014573-0814T0600,2026-08-14T01:01:43-05:00,1000019-B,CLASE MAGISTRAL,(29) Grupo 29 (VIRTUAL),Plinio Del Carmen Teheran Sermeno,50,20
gh-31764014573-0814T0600,2026-08-14T01:01:43-05:00,1000019-B,CLASE MAGISTRAL,(3) Grupo 3,Gustavo Martinez Tamayo,35,20
gh-31764014573-0814T0600,2026-08-14T01:01:43-05:00,1000019-B,CLASE MAGISTRAL,(4) Grupo 4,Gustavo Martinez Tamayo,35,20
gh-31764014573-0814T0600,2026-08-14T01:01:43-05:00,1000019-B,CLASE MAGISTRAL,(5) Grupo 5,Ramiro Cardona Cardona,35,20
gh-31764014573-0814T0600,2026-08-14T01:01:43-05:00,1000019-B,CLASE MAGISTRAL,(6) Grupo 6,Ramiro Cardona Cardona,35,20
gh-31764014573-0814T0600,2026-08-14T01:01:43-05:00,1000019-B,CLASE MAGISTRAL,(7) Grupo 7,Ramiro Cardona Cardona,35,20
gh-31764014573-0814T0600,2026-08-14T01:01:43-05:00,1000019-B,CLASE MAGISTRAL,(8) Grupo 8,Ramiro Cardona Cardona,35,20
gh-31764014573-0814T0600,2026-08-14T01:01:43-05:00,1000019-B,CLASE MAGISTRAL,(9) Grupo 9,Fredy Angel Jimenez Giraldo,10,20
gh-31764014573-0814T0600,2026-08-14T01:01:44-05:00,2015956,CLASE TEORICA,(1) Grupo 1,Modesto Portilla Gamboa; Fernando Eli Romero Ordoñez,35,21
gh-31764014573-0814T0600,2026-08-14T01:01:44-05:00,2015956,CLASE TEORICA,(2) Grupo 2,Jennifer Angel Amaya,30,21
gh-31764014573-0814T0600,2026-08-14T01:01:44-05:00,2015956,CLASE TEORICA,(3) Grupo 3,Jennifer Angel Amaya,30,21
gh-31764014573-0814T0600,2026-08-14T01:01:44-05:00,2015956,CLASE TEORICA,(4) Grupo 4,Fernando Eli Romero Ordoñez; Modesto Portilla Gamboa,35,21
gh-31764014573-0814T0600,2026-08-14T01:01:45-05:00,2015957,CLASE PRACTICA,(1) Grupo 1,No informado,30,22
gh-31764014573-0814T0600,2026-08-14T01:01:45-05:00,2015957,CLASE PRACTICA,(2) Grupo 2,Samuel Fernando Mesa Giraldo,30,22
gh-31764014573-0814T0600,2026-08-14T01:01:45-05:00,2015957,CLASE PRACTICA,(3) Grupo 3,Rose Marie Aldana Boutin,30,22
gh-31764014573-0814T0600,2026-08-14T01:01:45-05:00,2015957,CLASE PRACTICA,(4) Grupo 4,Rose Marie Aldana Boutin,30,22
gh-31764014573-0814T0600,2026-08-14T01:01:46-05:00,2015958,CLASE PRACTICA,(1) Grupo 1,William Castro Garcia,20,23
gh-31764014573-0814T0600,2026-08-14T01:01:46-05:00,2015958,CLASE PRACTICA,(2) Grupo 2,William Castro Garcia,20,23
gh-31764014573-0814T0600,2026-08-14T01:01:46-05:00,2015958,CLASE PRACTICA,(3) Grupo 3,Carlos Alfonso Gomez Guacaneme,30,23
gh-31764014573-0814T0600,2026-08-14T01:01:46-05:00,2015958,CLASE PRACTICA,(4) Grupo 4,Mario Arturo Rincon Villalba,20,23
gh-31764014573-0814T0600,2026-08-14T01:01:46-05:00,2015958,CLASE PRACTICA,(5) Grupo 5,Mario Arturo Rincon Villalba,20,23
gh-31764014573-0814T0600,2026-08-14T01:01:46-05:00,2015958,CLASE PRACTICA,(6) Grupo 6,Fausto Alejandro Silva España,20,23
gh-31764014573-0814T0600,2026-08-14T01:01:46-05:00,2015958,CLASE PRACTICA,(7) Grupo 7,Fausto Alejandro Silva España,20,23
gh-31764014573-0814T0600,2026-08-14T01:01:46-05:00,2015958,CLASE PRACTICA,(8) Grupo 8,Fausto Alejandro Silva España,20,23
gh-31764014573-0814T0600,2026-08-14T01:01:46-05:00,2015958,CLASE PRACTICA,(9) Grupo 9,Fausto Alejandro Silva España,20,23
gh-31764014573-0814T0600,2026-08-14T01:01:46-05:00,2015958,CLASE TEORICA,(1) Grupo 1,William Castro Garcia,40,23
gh-31764014573-0814T0600,2026-08-14T01:01:46-05:00,2015958,CLASE TEORICA,(3) Grupo 3,Carlos Alfonso Gomez Guacaneme,30,23
gh-31764014573-0814T0600,2026-08-14T01:01:46-05:00,2015958,CLASE TEORICA,(4) Grupo 4,Mario Arturo Rincon Villalba,40,23
gh-31764014573-0814T0600,2026-08-14T01:01:46-05:00,2015958,CLASE TEORICA,(6) Grupo 6,Cesar Andres Cortes Bello,40,23
gh-31764014573-0814T0600,2026-08-14T01:01:46-05:00,2015958,CLASE TEORICA,(8) Grupo 8,Cesar Andres Cortes Bello,40,23
gh-31764014573-0814T0600,2026-08-14T01:01:48-05:00,2015959,CLASE TEORICA,(1) Grupo 1,Carlos Eduardo Rodriguez Pineda,30,24
gh-31764014573-0814T0600,2026-08-14T01:01:48-05:00,2015959,CLASE TEORICA,(2) Grupo 2,Guillermo Eduardo Avila Alvarez,30,24
gh-31764014573-0814T0600,2026-08-14T01:01:48-05:00,2015959,CLASE TEORICA,(3) Grupo 3,Livaniel Viveros Rosero,30,24
gh-31764014573-0814T0600,2026-08-14T01:01:48-05:00,2015959,CLASE TEORICA,(4) Grupo 4,No informado,0,24
gh-31764014573-0814T0600,2026-08-14T01:01:50-05:00,2015961,CLASE TEORICA,(1) Grupo 1,Rafael Orland Ortiz Mosquera,24,26
gh-31764014573-0814T0600,2026-08-14T01:01:50-05:00,2015961,CLASE TEORICA,(2) Grupo 2,Adriana Patricia Piña Fulano,24,26
gh-31764014573-0814T0600,2026-08-14T01:01:50-05:00,2015961,CLASE TEORICA,(3) Grupo 3,Gelber Norberto Gutierrez Palacios,24,26
gh-31764014573-0814T0600,2026-08-14T01:01:50-05:00,2015961,CLASE TEORICA,(4) Grupo 4,No informado,24,26
gh-31764014573-0814T0600,2026-08-14T01:01:50-05:00,2015961,CLASE TEORICA,(5) Grupo 5,No informado,24,26
gh-31764014573-0814T0600,2026-08-14T01:01:50-05:00,2015961,CLASE TEORICA,(6) Grupo 6,Leonardo David Donado Garzon,24,26
gh-31764014573-0814T0600,2026-08-14T01:01:51-05:00,2015978,CLASE TEORICA,(1) Grupo 1,No informado,0,27
gh-31764014573-0814T0600,2026-08-14T01:01:51-05:00,2015978,CLASE TEORICA,(2) Grupo 2,Erasmo Alfredo Rodriguez Sandoval,30,27
gh-31764014573-0814T0600,2026-08-14T01:01:51-05:00,2015978,CLASE TEORICA,(3) Grupo 3,No informado,30,27
gh-31764014573-0814T0600,2026-08-14T01:01:51-05:00,2015978,CLASE TEORICA,(4) Grupo 4,No informado,30,27
gh-31764014573-0814T0600,2026-08-14T01:01:51-05:00,2015978,CLASE TEORICA,(5) Grupo 5,No informado,30,27
gh-31764014573-0814T0600,2026-08-14T01:01:52-05:00,2026135,CLASE TEORICA,(1) Grupo 1,NICOLAS ESCALANTE MORA,25,28
gh-31764014573-0814T0600,2026-08-14T01:01:52-05:00,2026135,CLASE TEORICA,(2) Grupo 2,Leonel Vega Mora,25,28
gh-31764014573-0814T0600,2026-08-14T01:01:52-05:00,2026135,CLASE TEORICA,(3) Grupo 3,Leonel Vega Mora,25,28
gh-31764014573-0814T0600,2026-08-14T01:01:54-05:00,2015963,CLASE TEORICA,(1) Grupo 1,No informado,30,29
gh-31764014573-0814T0600,2026-08-14T01:01:54-05:00,2015963,CLASE TEORICA,(2) Grupo 2,No informado,30,29
gh-31764014573-0814T0600,2026-08-14T01:01:54-05:00,2015963,CLASE TEORICA,(3) Grupo 3,William Castro Garcia,30,29
gh-31764014573-0814T0600,2026-08-14T01:01:55-05:00,2026138,CLASE TEORICA,(1) Grupo 1,Ivan Dario Serrano Arrieta,30,30
gh-31764014573-0814T0600,2026-08-14T01:01:55-05:00,2026138,CLASE TEORICA,(2) Grupo 2,Ivan Dario Serrano Arrieta,30,30
gh-31764014573-0814T0600,2026-08-14T01:01:55-05:00,2026138,CLASE TEORICA,(3) Grupo 3,Pedro Luis Jimenez Poveda,30,30
gh-31764014573-0814T0600,2026-08-14T01:01:56-05:00,2015703,NA,(1) Grupo 1,Angela Maria Arboleda Restrepo,40,31
gh-31764014573-0814T0600,2026-08-14T01:01:56-05:00,2015703,NA,(10) Grupo 10,Diego Alejandro Hernandez Castañeda,30,31
gh-31764014573-0814T0600,2026-08-14T01:01:56-05:00,2015703,NA,(11) Grupo 11,Julio Cesar Cañon Rodriguez,30,31
gh-31764014573-0814T0600,2026-08-14T01:01:56-05:00,2015703,NA,(2) Grupo 2,Osman Benjamin Giovanny Vargas Rozo,40,31
gh-31764014573-0814T0600,2026-08-14T01:01:56-05:00,2015703,NA,(3) Grupo 3,Hugo Alberto Herrera Fonseca,40,31
gh-31764014573-0814T0600,2026-08-14T01:01:56-05:00,2015703,NA,(4) Grupo 4,LINA JULIANA BULLA CASAS,30,31
gh-31764014573-0814T0600,2026-08-14T01:01:56-05:00,2015703,NA,(5) Grupo 5 - Virtual,Cesar Augusto Roa Lemus,60,31
gh-31764014573-0814T0600,2026-08-14T01:01:56-05:00,2015703,NA,(6) Grupo 6,JAVIER RICARDO OJEDA SANCHEZ,40,31
gh-31764014573-0814T0600,2026-08-14T01:01:56-05:00,2015703,NA,(7) Grupo 7,JAVIER RICARDO OJEDA SANCHEZ,20,31
gh-31764014573-0814T0600,2026-08-14T01:01:56-05:00,2015703,NA,(8) Grupo 8,Diego Alejandro Hernandez Castañeda,40,31
gh-31764014573-0814T0600,2026-08-14T01:01:56-05:00,2015703,NA,(9) Grupo 9,LINA JULIANA BULLA CASAS,35,31
gh-31764014573-0814T0600,2026-08-14T01:01:58-05:00,1000044-B,CLASE TEORICA,(1) Grupo 1,Beatriz Elena Urrutia Sanchez,26,32
gh-31764014573-0814T0600,2026-08-14T01:01:58-05:00,1000044-B,CLASE TEORICA,(2) Grupo 2,Yaneli Niño Osorio,26,32
gh-31764014573-0814T0600,2026-08-14T01:01:58-05:00,1000044-B,CLASE TEORICA,(3) Grupo 3,Luis Gabriel Peña Ortiz,26,32
gh-31764014573-0814T0600,2026-08-14T01:01:58-05:00,1000044-B,CLASE TEORICA,(4) Grupo 4,Liliana Marcela Guzman Aricapa,26,32
gh-31764014573-0814T0600,2026-08-14T01:01:58-05:00,1000044-B,CLASE TEORICA,(5) Grupo 5,Beatriz Elena Urrutia Sanchez,26,32
gh-31764014573-0814T0600,2026-08-14T01:01:58-05:00,1000044-B,CLASE TEORICA,(6) Grupo 6,Cesar Augusto Romero,26,32
gh-31764014573-0814T0600,2026-08-14T01:01:58-05:00,1000044-B,CLASE TEORICA,(7) Grupo 7,JOSE JONATHAN MAESTRE HERRERA,26,32
gh-31764014573-0814T0600,2026-08-14T01:01:58-05:00,1000044-B,CLASE TEORICA,(8) Grupo 8,Beymar Leonardo Solorzano Alviz,26,32
gh-31764014573-0814T0600,2026-08-14T01:01:58-05:00,1000044-B,CLASE TEORICA,(9) Grupo 9,Claudia Marcela Arevalo Gomez,7,32
gh-31764014573-0814T0600,2026-08-14T01:01:59-05:00,1000045-B,CLASE TEORICA,(1) Grupo 1,Claudia Marcela Arevalo Gomez,10,33
gh-31764014573-0814T0600,2026-08-14T01:01:59-05:00,1000045-B,CLASE TEORICA,(10) Grupo 10,Jesica paola Rendon Alfonso,26,33
gh-31764014573-0814T0600,2026-08-14T01:01:59-05:00,1000045-B,CLASE TEORICA,(11) Grupo 11,JOSE JONATHAN MAESTRE HERRERA,26,33
gh-31764014573-0814T0600,2026-08-14T01:01:59-05:00,1000045-B,CLASE TEORICA,(12) Grupo 12,LINDA JOHANA RUIZ GOMEZ,26,33
gh-31764014573-0814T0600,2026-08-14T01:01:59-05:00,1000045-B,CLASE TEORICA,(13) Grupo 13,Narly Yadira Pardo Cadena,26,33
gh-31764014573-0814T0600,2026-08-14T01:01:59-05:00,1000045-B,CLASE TEORICA,(14) Grupo 14,Angelica Saenz Fonseca,26,33
gh-31764014573-0814T0600,2026-08-14T01:01:59-05:00,1000045-B,CLASE TEORICA,(15) Grupo 15,Narly Yadira Pardo Cadena,26,33
gh-31764014573-0814T0600,2026-08-14T01:01:59-05:00,1000045-B,CLASE TEORICA,(16) Grupo 16,Luis Gabriel Peña Ortiz,26,33
gh-31764014573-0814T0600,2026-08-14T01:01:59-05:00,1000045-B,CLASE TEORICA,(2) Grupo 2,Cesar Augusto Romero,26,33
gh-31764014573-0814T0600,2026-08-14T01:01:59-05:00,1000045-B,CLASE TEORICA,(3) Grupo 3,Jesica paola Rendon Alfonso,26,33
gh-31764014573-0814T0600,2026-08-14T01:01:59-05:00,1000045-B,CLASE TEORICA,(4) Grupo 4,Adriana Marlen Sanchez Riaño,26,33
gh-31764014573-0814T0600,2026-08-14T01:01:59-05:00,1000045-B,CLASE TEORICA,(5) Grupo 5,Cesar Augusto Romero,26,33
gh-31764014573-0814T0600,2026-08-14T01:01:59-05:00,1000045-B,CLASE TEORICA,(6) Grupo 6,Sara Elisa Monsalve Patino,26,33
gh-31764014573-0814T0600,2026-08-14T01:01:59-05:00,1000045-B,CLASE TEORICA,(7) Grupo 7,Luis Gabriel Peña Ortiz,26,33
gh-31764014573-0814T0600,2026-08-14T01:01:59-05:00,1000045-B,CLASE TEORICA,(8) Grupo 8,Johnatan Martinez Hernandez,26,33
gh-31764014573-0814T0600,2026-08-14T01:01:59-05:00,1000045-B,CLASE TEORICA,(9) Grupo 9,Maureen Elizabeth Hooker Oneill,15,33
gh-31764014573-0814T0600,2026-08-14T01:02:02-05:00,1000046-B,CLASE TEORICA,(1) Grupo 1,Johnatan Martinez Hernandez,26,35
gh-31764014573-0814T0600,2026-08-14T01:02:02-05:00,1000046-B,CLASE TEORICA,(10) Grupo 10,Jennly Angelica Gomez Rodriguez,26,35
gh-31764014573-0814T0600,2026-08-14T01:02:02-05:00,1000046-B,CLASE TEORICA,(11) Grupo 11,Angelica Saenz Fonseca,26,35
gh-31764014573-0814T0600,2026-08-14T01:02:02-05:00,1000046-B,CLASE TEORICA,(12) Grupo 12,Liliana Marcela Guzman Aricapa,26,35
gh-31764014573-0814T0600,2026-08-14T01:02:02-05:00,1000046-B,CLASE TEORICA,(13) Grupo 13,ALBA LUCIA RIAÑO RODRIGUEZ,26,35
gh-31764014573-0814T0600,2026-08-14T01:02:02-05:00,1000046-B,CLASE TEORICA,(14) Grupo 14,Angelica Saenz Fonseca,26,35
gh-31764014573-0814T0600,2026-08-14T01:02:02-05:00,1000046-B,CLASE TEORICA,(15) Grupo 15,Luis Gabriel Peña Ortiz,26,35
gh-31764014573-0814T0600,2026-08-14T01:02:02-05:00,1000046-B,CLASE TEORICA,(16) Grupo 16,Olga Lucia Ruiz Convers,26,35
gh-31764014573-0814T0600,2026-08-14T01:02:02-05:00,1000046-B,CLASE TEORICA,(17) Grupo 17,Luis Gabriel Peña Ortiz,26,35
gh-31764014573-0814T0600,2026-08-14T01:02:02-05:00,1000046-B,CLASE TEORICA,(18) Grupo 18,Narly Yadira Pardo Cadena,26,35
gh-31764014573-0814T0600,2026-08-14T01:02:02-05:00,1000046-B,CLASE TEORICA,(2) Grupo 2,Jesica paola Rendon Alfonso,26,35
gh-31764014573-0814T0600,2026-08-14T01:02:02-05:00,1000046-B,CLASE TEORICA,(3) Grupo 3,JESUS DAVID TORRES RODRIGUEZ,26,35
gh-31764014573-0814T0600,2026-08-14T01:02:02-05:00,1000046-B,CLASE TEORICA,(4) Grupo 4,Claudia Patricia Cortes Lora,26,35
gh-31764014573-0814T0600,2026-08-14T01:02:02-05:00,1000046-B,CLASE TEORICA,(5) Grupo 5,Johnatan Martinez Hernandez,26,35
gh-31764014573-0814T0600,2026-08-14T01:02:02-05:00,1000046-B,CLASE TEORICA,(6) Grupo 6,Johnatan Martinez Hernandez,26,35
gh-31764014573-0814T0600,2026-08-14T01:02:02-05:00,1000046-B,CLASE TEORICA,(7) Grupo 7,Jesica paola Rendon Alfonso,26,35
gh-31764014573-0814T0600,2026-08-14T01:02:02-05:00,1000046-B,CLASE TEORICA,(8) Grupo 8,Beatriz Elena Urrutia Sanchez,26,35
gh-31764014573-0814T0600,2026-08-14T01:02:02-05:00,1000046-B,CLASE TEORICA,(9) Grupo 9,Maureen Elizabeth Hooker Oneill,10,35
gh-31764014573-0814T0600,2026-08-14T01:02:04-05:00,1000052-B,CLASE TEORICA,(1) Grupo 1,Liliana Marcela Guzman Aricapa,28,37
gh-31764014573-0814T0600,2026-08-14T01:02:04-05:00,1000052-B,CLASE TEORICA,(2) Grupo 2,JOSE JONATHAN MAESTRE HERRERA,28,37
gh-31764014573-0814T0600,2026-08-14T01:02:04-05:00,1000052-B,CLASE TEORICA,(3) Grupo 3,Aida Elena Monsalve Solorzano,28,37
gh-31764014573-0814T0600,2026-08-14T01:02:05-05:00,1000053-B,CLASE TEORICA,(1) Grupo 1,Jennly Angelica Gomez Rodriguez,28,38
gh-31764014573-0814T0600,2026-08-14T01:02:05-05:00,1000053-B,CLASE TEORICA,(2) Grupo 2,Yaneli Niño Osorio,28,38
gh-31764014573-0814T0600,2026-08-14T01:02:05-05:00,1000053-B,CLASE TEORICA,(3) Grupo 3,Javier Rodriguez Gomez,30,38
gh-31764014573-0814T0600,2026-08-14T01:02:05-05:00,1000053-B,CLASE TEORICA,(4) Grupo 4,Javier Rodriguez Gomez,30,38
gh-31764014573-0814T0600,2026-08-14T01:02:05-05:00,1000053-B,CLASE TEORICA,(5) Grupo 5,LINDA JOHANA RUIZ GOMEZ,28,38
gh-31764014573-0814T0600,2026-08-14T01:02:05-05:00,1000053-B,CLASE TEORICA,(6) Grupo 6,Olga Lucia Ruiz Convers,28,38
gh-31764014573-0814T0600,2026-08-14T01:02:07-05:00,1000047-B,CLASE TEORICA,(1) Grupo 1,Cesar Augusto Romero,26,39
gh-31764014573-0814T0600,2026-08-14T01:02:07-05:00,1000047-B,CLASE TEORICA,(10) Grupo 10,Monica Alexandra Riaño Orjuela,26,39
gh-31764014573-0814T0600,2026-08-14T01:02:07-05:00,1000047-B,CLASE TEORICA,(11) Grupo 11,Jennly Angelica Gomez Rodriguez,26,39
gh-31764014573-0814T0600,2026-08-14T01:02:07-05:00,1000047-B,CLASE TEORICA,(12) Grupo 12,Claudia Patricia Cortes Lora,26,39
gh-31764014573-0814T0600,2026-08-14T01:02:07-05:00,1000047-B,CLASE TEORICA,(13) Grupo 13,Angelica Saenz Fonseca,26,39
gh-31764014573-0814T0600,2026-08-14T01:02:07-05:00,1000047-B,CLASE TEORICA,(14) Grupo 14,LINDA JOHANA RUIZ GOMEZ,26,39
gh-31764014573-0814T0600,2026-08-14T01:02:07-05:00,1000047-B,CLASE TEORICA,(15) Grupo 15,Claudia Patricia Cortes Lora,26,39
gh-31764014573-0814T0600,2026-08-14T01:02:07-05:00,1000047-B,CLASE TEORICA,(16) Grupo 16,Narly Yadira Pardo Cadena,26,39
gh-31764014573-0814T0600,2026-08-14T01:02:07-05:00,1000047-B,CLASE TEORICA,(17) Grupo 17,Angelica Saenz Fonseca,26,39
gh-31764014573-0814T0600,2026-08-14T01:02:07-05:00,1000047-B,CLASE TEORICA,(18) Grupo 18,ALBA LUCIA RIAÑO RODRIGUEZ,26,39
gh-31764014573-0814T0600,2026-08-14T01:02:07-05:00,1000047-B,CLASE TEORICA,(19) Grupo 19,Aida Elena Monsalve Solorzano,26,39
gh-31764014573-0814T0600,2026-08-14T01:02:07-05:00,1000047-B,CLASE TEORICA,(2) Grupo 2,Yaneli Niño Osorio,26,39
gh-31764014573-0814T0600,2026-08-14T01:02:07-05:00,1000047-B,CLASE TEORICA,(20) Grupo 20,ALBA LUCIA RIAÑO RODRIGUEZ,26,39
gh-31764014573-0814T0600,2026-08-14T01:02:07-05:00,1000047-B,CLASE TEORICA,(21) Grupo 21,Edwin Yesid Leon Silva,26,39
gh-31764014573-0814T0600,2026-08-14T01:02:07-05:00,1000047-B,CLASE TEORICA,(22) Grupo 22,LINDA JOHANA RUIZ GOMEZ,26,39
gh-31764014573-0814T0600,2026-08-14T01:02:07-05:00,1000047-B,CLASE TEORICA,(3) Grupo 3,Monica Alexandra Riaño Orjuela,26,39
gh-31764014573-0814T0600,2026-08-14T01:02:07-05:00,1000047-B,CLASE TEORICA,(4) Grupo 4,Claudia Patricia Cortes Lora,26,39
gh-31764014573-0814T0600,2026-08-14T01:02:07-05:00,1000047-B,CLASE TEORICA,(5) Grupo 5,Olga Lucia Ruiz Convers,26,39
gh-31764014573-0814T0600,2026-08-14T01:02:07-05:00,1000047-B,CLASE TEORICA,(6) Grupo 6,Monica Alexandra Riaño Orjuela,26,39
gh-31764014573-0814T0600,2026-08-14T01:02:07-05:00,1000047-B,CLASE TEORICA,(7) Grupo 7,Cesar Augusto Romero,26,39
gh-31764014573-0814T0600,2026-08-14T01:02:07-05:00,1000047-B,CLASE TEORICA,(8) Grupo 8,Beatriz Elena Urrutia Sanchez,26,39
gh-31764014573-0814T0600,2026-08-14T01:02:07-05:00,1000047-B,CLASE TEORICA,(9) Grupo 9,Keshia Hilary Howard Livingston,15,39
gh-31764014573-0814T0600,2026-08-14T01:02:09-05:00,2026186,CLASE TEORICA,(1) Grupo 1,Carol Andrea Murillo Feo,7,41
gh-31764014573-0814T0600,2026-08-14T01:02:09-05:00,2026186,CLASE TEORICA,(2) Grupo 2,Leonel Vega Mora,0,41
gh-31764014573-0814T0600,2026-08-14T01:02:09-05:00,2026186,CLASE TEORICA,(4) Grupo 4,Carlos Orlando Robles Roa,10,41
gh-31764014573-0814T0600,2026-08-14T01:02:11-05:00,1000002-B,CLASE TEORICA,(1) Grupo 1 - Clase Presencial,Ruth Andrea Cortés Suárez,1,42
gh-31764014573-0814T0600,2026-08-14T01:02:11-05:00,1000002-B,CLASE TEORICA,(10) Grupo 10 - Clase presencial,Karen Johanna Castelblanco Villamil,0,42
gh-31764014573-0814T0600,2026-08-14T01:02:11-05:00,1000002-B,CLASE TEORICA,(2) Grupo 2 - Clase Presencial,Ruth Andrea Cortés Suárez,0,42
gh-31764014573-0814T0600,2026-08-14T01:02:11-05:00,1000002-B,CLASE TEORICA,(3) Grupo 3 - Clase Presencial,Adriana Patricia Díaz Cuevas,0,42
gh-31764014573-0814T0600,2026-08-14T01:02:11-05:00,1000002-B,CLASE TEORICA,(4) Grupo 4 - Clase Presencial,Adriana Patricia Díaz Cuevas,0,42
gh-31764014573-0814T0600,2026-08-14T01:02:11-05:00,1000002-B,CLASE TEORICA,(5) Grupo 5 - Clase Presencial,Andres Felipe Escovar Barreto,0,42
gh-31764014573-0814T0600,2026-08-14T01:02:11-05:00,1000002-B,CLASE TEORICA,(6) Grupo 6 - Clase Presencial,Ruth Andrea Cortés Suárez,0,42
gh-31764014573-0814T0600,2026-08-14T01:02:11-05:00,1000002-B,CLASE TEORICA,(7) Grupo 7 - Clase Presencial,Karen Johanna Castelblanco Villamil,0,42
gh-31764014573-0814T0600,2026-08-14T01:02:11-05:00,1000002-B,CLASE TEORICA,(8) Grupo 8 - Clase Presencial,Adriana Patricia Díaz Cuevas,0,42
gh-31764014573-0814T0600,2026-08-14T01:02:11-05:00,1000002-B,CLASE TEORICA,(9) Grupo 9 - Clase Presencial,Carlas Lucia Castilla Lara,10,42
gh-31764014573-0814T0600,2026-08-14T01:02:13-05:00,1000001-B,CLASE TEORICA,(1) Grupo 1,No informado,0,43
gh-31764014573-0814T0600,2026-08-14T01:02:13-05:00,1000001-B,CLASE TEORICA,(19) Grupo 19,No informado,5,43
gh-31764014573-0814T0600,2026-08-14T01:02:13-05:00,1000001-B,CLASE TEORICA,(2) Grupo 2,No informado,10,43
gh-31764014573-0814T0600,2026-08-14T01:02:13-05:00,1000001-B,CLASE MAGISTRAL,(1) Grupo 1,Ibeth Marcela Rubio Perilla,0,43
gh-31764014573-0814T0600,2026-08-14T01:02:13-05:00,1000001-B,CLASE MAGISTRAL,(10) Grupo 10,No informado,0,43
gh-31764014573-0814T0600,2026-08-14T01:02:13-05:00,1000001-B,CLASE MAGISTRAL,(2) Grupo 2,Herbert Alonso Dueñas Ruiz,0,43
gh-31764014573-0814T0600,2026-08-14T01:02:13-05:00,1000001-B,CLASE MAGISTRAL,(3) Grupo 3,Jeanneth Galeano Penaloza,0,43
gh-31764014573-0814T0600,2026-08-14T01:02:13-05:00,1000001-B,CLASE MAGISTRAL,(4) Grupo 4,Gustavo Adolfo Nieto Clavijo,0,43
gh-31764014573-0814T0600,2026-08-14T01:02:13-05:00,1000001-B,CLASE MAGISTRAL,(5) Grupo 5,Natalia Camila Pinzon Cortes,1,43
gh-31764014573-0814T0600,2026-08-14T01:02:13-05:00,1000001-B,CLASE MAGISTRAL,(6) Grupo 6,Martha Cecilia Moreno Penagos,0,43
gh-31764014573-0814T0600,2026-08-14T01:02:13-05:00,1000001-B,CLASE MAGISTRAL,(7) Grupo 7,Claudio Rodriguez Beltran,0,43
gh-31764014573-0814T0600,2026-08-14T01:02:13-05:00,1000001-B,CLASE MAGISTRAL,(8) Grupo 8,Gabriel Ignacio Padilla Leon,1,43
gh-31764014573-0814T0600,2026-08-14T01:02:13-05:00,1000001-B,CLASE MAGISTRAL,(9) Grupo 9,No informado,10,43
gh-31764014573-0814T0600,2026-08-14T01:02:14-05:00,2015965,CLASE TEORICA,(1) Grupo 1,CAMILO RIOS FRESNEDA,24,44
gh-31764014573-0814T0600,2026-08-14T01:02:14-05:00,2015965,CLASE TEORICA,(2) Grupo 2,Julian David Puerto Suarez; Vladimir Buelvas Hernández,24,44
gh-31764014573-0814T0600,2026-08-14T01:02:14-05:00,2015965,CLASE TEORICA,(3) Grupo 3,Ferney Betancourt Cardozo; Juan Manuel Lizarazo Marriaga,24,44
gh-31764014573-0814T0600,2026-08-14T01:02:14-05:00,2015965,CLASE TEORICA,(4) Grupo 4,No informado,24,44
gh-31764014573-0814T0600,2026-08-14T01:02:15-05:00,2015966,CLASE TEORICA,(1) Grupo 1,No informado,24,45
gh-31764014573-0814T0600,2026-08-14T01:02:15-05:00,2015966,CLASE TEORICA,(2) Grupo 2,Adriana Patricia Piña Fulano,24,45
gh-31764014573-0814T0600,2026-08-14T01:02:15-05:00,2015966,CLASE TEORICA,(3) Grupo 3,Rafael Orland Ortiz Mosquera,24,45
gh-31764014573-0814T0600,2026-08-14T01:02:15-05:00,2015966,CLASE TEORICA,(4) Grupo 4,No informado,24,45
gh-31764014573-0814T0600,2026-08-14T01:02:15-05:00,2015966,CLASE TEORICA,(5) Grupo 5,No informado,24,45
gh-31764014573-0814T0600,2026-08-14T01:02:15-05:00,2015966,CLASE TEORICA,(6) Grupo 6,Luis Alejandro Morales Marin,24,45
gh-31764014573-0814T0600,2026-08-14T01:02:15-05:00,2015966,CLASE TEORICA,(7) Grupo 7,No informado,24,45
gh-31764014573-0814T0600,2026-08-14T01:02:15-05:00,2015966,CLASE TEORICA,(8) Grupo 8,No informado,24,45
gh-31764014573-0814T0600,2026-08-14T01:02:16-05:00,2015967,NA,(1) Grupo 1,Vladimir Buelvas Hernández,24,46
gh-31764014573-0814T0600,2026-08-14T01:02:18-05:00,2015968,CLASE TEORICA,(1) Grupo 1,Ricardo Parra Arango,24,47
gh-31764014573-0814T0600,2026-08-14T01:02:18-05:00,2015968,CLASE TEORICA,(2) Grupo 2,Juan David Oliveros Salazar,24,47
gh-31764014573-0814T0600,2026-08-14T01:02:18-05:00,2015968,CLASE TEORICA,(3) Grupo 3,No informado,24,47
gh-31764014573-0814T0600,2026-08-14T01:02:18-05:00,2015968,CLASE TEORICA,(4) Grupo 4,Ricardo Parra Arango,24,47
gh-31764014573-0814T0600,2026-08-14T01:02:18-05:00,2015968,CLASE TEORICA,(5) Grupo 5,Julian David Puerto Suarez,24,47
gh-31764014573-0814T0600,2026-08-14T01:02:18-05:00,2015968,CLASE TEORICA,(6) Grupo 6,Dorian Luis Linero Segrera,24,47
gh-31764014573-0814T0600,2026-08-14T01:02:18-05:00,2015968,CLASE TEORICA,(7) Grupo 7,No informado,0,47
gh-31764014573-0814T0600,2026-08-14T01:02:19-05:00,2015969,CLASE TEORICA,(1) Grupo 1 (Inglés),Julio Esteban Colmenares Montañez,30,48
gh-31764014573-0814T0600,2026-08-14T01:02:19-05:00,2015969,CLASE TEORICA,(2) Grupo 2,Guillermo Eduardo Avila Alvarez,30,48
gh-31764014573-0814T0600,2026-08-14T01:02:19-05:00,2015969,CLASE TEORICA,(3) Grupo 3,Livaniel Viveros Rosero,30,48
gh-31764014573-0814T0600,2026-08-14T01:02:19-05:00,2015969,CLASE TEORICA,(4) Grupo 4,No informado,30,48
gh-31764014573-0814T0600,2026-08-14T01:02:20-05:00,2015970,CLASE PRACTICA,(4) Grupo 4,Helga Duarte,30,49
gh-31764014573-0814T0600,2026-08-14T01:02:20-05:00,2015970,CLASE PRACTICA,(5) Grupo 5,Oswaldo Rojas Camacho,45,49
gh-31764014573-0814T0600,2026-08-14T01:02:20-05:00,2015970,CLASE PRACTICA,(8) Grupo 8,Helga Duarte,30,49
gh-31764014573-0814T0600,2026-08-14T01:02:20-05:00,2015970,CLASE PRACTICA,(9) Grupo 9,Oswaldo Rojas Camacho,45,49
gh-31764014573-0814T0600,2026-08-14T01:02:21-05:00,2017293,CLASE TEORICA,(1) 2017293-1 Modelación matemática,JUAN SEBASTIÁN HINCAPIÉ MONTES,34,50
gh-31764014573-0814T0600,2026-08-14T01:02:21-05:00,2017293,CLASE TEORICA,(2) 2017293-2 Modelación matemática,JUAN SEBASTIÁN HINCAPIÉ MONTES,34,50
gh-31764014573-0814T0600,2026-08-14T01:02:21-05:00,2017293,CLASE MAGISTRAL,(1M) 2017293-1M Modelación matemática - Magistral,Carlos Alberto Duque Daza,80,50
gh-31764014573-0814T0600,2026-08-14T01:02:25-05:00,2015971,CLASE TEORICA,(1) Grupo 1,No informado,30,53
gh-31764014573-0814T0600,2026-08-14T01:02:25-05:00,2015971,CLASE TEORICA,(2) Grupo 2,Ferney Betancourt Cardozo,30,53
gh-31764014573-0814T0600,2026-08-14T01:02:25-05:00,2015971,CLASE TEORICA,(3) Grupo 3,No informado,30,53
gh-31764014573-0814T0600,2026-08-14T01:02:26-05:00,2015972,CLASE TEORICA,(1) Grupo 1,Carlos Alberto Moncada Aristizabal,15,54
gh-31764014573-0814T0600,2026-08-14T01:02:26-05:00,2015972,CLASE TEORICA,(2) Grupo 2,SANTIAGO RAMIREZ ECHEVERRI,15,54
gh-31764014573-0814T0600,2026-08-14T01:02:26-05:00,2015972,CLASE TEORICA,(3) Grupo 3,No informado,15,54
gh-31764014573-0814T0600,2026-08-14T01:02:27-05:00,1000024-B,CLASE TEORICA,(12) Grupo 12,Edgar Delgado Mejia,0,55
gh-31764014573-0814T0600,2026-08-14T01:02:27-05:00,1000024-B,CLASE TEORICA,(13) Grupo 13,Jesus Sigifredo Valencia Rios,0,55
gh-31764014573-0814T0600,2026-08-14T01:02:27-05:00,1000024-B,CLASE TEORICA,(14) Grupo 14,Jhon Jairo Aragón Arias,10,55
gh-31764014573-0814T0600,2026-08-14T01:02:29-05:00,1000013-B,CLASE TEORICA,(1) Grupo 1,JHONIER SEBASTIAN RANGEL GUTIERREZ,0,56
gh-31764014573-0814T0600,2026-08-14T01:02:29-05:00,1000013-B,CLASE TEORICA,(10) Grupo 10,Sandra Vergara Cardozo,35,56
gh-31764014573-0814T0600,2026-08-14T01:02:29-05:00,1000013-B,CLASE TEORICA,(11) Grupo 11,DIEGO ALBERTO MARTINEZ SIMBAQUEVA,40,56
gh-31764014573-0814T0600,2026-08-14T01:02:29-05:00,1000013-B,CLASE TEORICA,(12) Grupo 12,DIEGO ALBERTO MARTINEZ SIMBAQUEVA,40,56
gh-31764014573-0814T0600,2026-08-14T01:02:29-05:00,1000013-B,CLASE TEORICA,(13) Grupo 13,DIEGO ALBERTO MARTINEZ SIMBAQUEVA,30,56
gh-31764014573-0814T0600,2026-08-14T01:02:29-05:00,1000013-B,CLASE TEORICA,(14) Grupo 14,Andrea Catalina Garcia Montoya,45,56
gh-31764014573-0814T0600,2026-08-14T01:02:29-05:00,1000013-B,CLASE TEORICA,(16) Grupo 16,Sergio Alejandro Calderon Villanueva,30,56
gh-31764014573-0814T0600,2026-08-14T01:02:29-05:00,1000013-B,CLASE TEORICA,(2) Grupo 2,Luis Guillermo Diaz Monroy,40,56
gh-31764014573-0814T0600,2026-08-14T01:02:29-05:00,1000013-B,CLASE TEORICA,(22) Grupo 22,Hanwen Zhang,45,56
gh-31764014573-0814T0600,2026-08-14T01:02:29-05:00,1000013-B,CLASE TEORICA,(23) Grupo 23,ULPIANO LARA CRISTANCHO,0,56
gh-31764014573-0814T0600,2026-08-14T01:02:29-05:00,1000013-B,CLASE TEORICA,(3) Grupo 3,Diana Carolina Franco Soto,40,56
gh-31764014573-0814T0600,2026-08-14T01:02:29-05:00,1000013-B,CLASE TEORICA,(4) Grupo 4,Diana Carolina Franco Soto,40,56
gh-31764014573-0814T0600,2026-08-14T01:02:29-05:00,1000013-B,CLASE TEORICA,(5) Grupo 5,Darwin Eduardo Martínez Riaño,35,56
gh-31764014573-0814T0600,2026-08-14T01:02:29-05:00,1000013-B,CLASE TEORICA,(6) Grupo 6,Darwin Eduardo Martínez Riaño,35,56
gh-31764014573-0814T0600,2026-08-14T01:02:29-05:00,1000013-B,CLASE TEORICA,(7) Grupo 7,Camilo Jose Torres Jimenez,40,56
gh-31764014573-0814T0600,2026-08-14T01:02:30-05:00,2015734,NA,(1) Grupo 1,Fernando Salazar Delgado,6,57
gh-31764014573-0814T0600,2026-08-14T01:02:30-05:00,2015734,NA,(10) Grupo 10,Tito Florez Calderon,4,57
gh-31764014573-0814T0600,2026-08-14T01:02:30-05:00,2015734,NA,(11) Grupo 11,DAVID ALBERTO HERRERA ALVAREZ,0,57
gh-31764014573-0814T0600,2026-08-14T01:02:30-05:00,2015734,NA,(12) Grupo 12,FABIEL NATÁN ESPINOSA CASTAÑEDA,1,57
gh-31764014573-0814T0600,2026-08-14T01:02:30-05:00,2015734,NA,(13) Grupo 13,SERGIO CAMILO ESPINOSA BOTERO,4,57
gh-31764014573-0814T0600,2026-08-14T01:02:30-05:00,2015734,NA,(14) Grupo 14,Felipe Gonzalez Roldan,0,57
gh-31764014573-0814T0600,2026-08-14T01:02:30-05:00,2015734,NA,(2) Grupo 2,Fernando Salazar Delgado,16,57
gh-31764014573-0814T0600,2026-08-14T01:02:30-05:00,2015734,NA,(3) Grupo 3,Jhoan Sebastian Restrepo Mendoza,0,57
gh-31764014573-0814T0600,2026-08-14T01:02:30-05:00,2015734,NA,(4) Grupo 4,Sandra Liliana Rojas Martinez,0,57
gh-31764014573-0814T0600,2026-08-14T01:02:30-05:00,2015734,NA,(5) Grupo 5,Jhoan Sebastian Restrepo Mendoza,0,57
gh-31764014573-0814T0600,2026-08-14T01:02:30-05:00,2015734,NA,(6) Grupo 6,SERGIO CAMILO ESPINOSA BOTERO,8,57
gh-31764014573-0814T0600,2026-08-14T01:02:30-05:00,2015734,NA,(7) Grupo 7,No informado,3,57
gh-31764014573-0814T0600,2026-08-14T01:02:30-05:00,2015734,NA,(8) Grupo 8 - Virtual,FABIEL NATÁN ESPINOSA CASTAÑEDA,30,57
gh-31764014573-0814T0600,2026-08-14T01:02:30-05:00,2015734,NA,(9) Grupo 9,Alvaro Reynel Córdoba,18,57
gh-31764014573-0814T0600,2026-08-14T01:02:32-05:00,2015973,CLASE TEORICA,(1) Grupo 1,No informado,25,59
gh-31764014573-0814T0600,2026-08-14T01:02:32-05:00,2015973,CLASE TEORICA,(2) Grupo 2,GABRIELA ARRIETA LOYO,25,59
gh-31764014573-0814T0600,2026-08-14T01:02:32-05:00,2015973,CLASE TEORICA,(3) Grupo 3,NICOLAS ESCALANTE MORA,25,59
gh-31764014573-0814T0600,2026-08-14T01:02:34-05:00,2022761,NA,(1) Grupo 1,Servio Javier Contreras Guerrero,15,60
gh-31764014573-0814T0600,2026-08-14T01:02:34-05:00,2022761,NA,(2) Grupo 2,Servio Javier Contreras Guerrero,15,60
gh-31764014573-0814T0600,2026-08-14T01:02:34-05:00,2022761,NA,(3) Grupo 3,Samuel Fernando Mesa Giraldo,15,60
gh-31764014573-0814T0600,2026-08-14T01:02:35-05:00,2024045,CLASE TEORICA,(1) 2024045-1 Taller de proyectos interdisciplinarios,No informado,0,61
gh-31764014573-0814T0600,2026-08-14T01:02:35-05:00,2024045,CLASE TEORICA,(10) 2024045-10 Taller de proyectos interdisciplinarios,Oscar Andres Eraso Eraso,0,61
gh-31764014573-0814T0600,2026-08-14T01:02:35-05:00,2024045,CLASE TEORICA,(11) 2024045-11 Taller de proyectos interdisciplinarios,No informado,0,61
gh-31764014573-0814T0600,2026-08-14T01:02:35-05:00,2024045,CLASE TEORICA,(12) 2024045-12 Taller de proyectos interdisciplinarios,Hector Julian Garcia Otalora,200,61
gh-31764014573-0814T0600,2026-08-14T01:02:35-05:00,2024045,CLASE TEORICA,(13) 2024045-13 Taller de proyectos interdisciplinarios,No informado,0,61
gh-31764014573-0814T0600,2026-08-14T01:02:35-05:00,2024045,CLASE TEORICA,(14) 2024045-14 Taller de proyectos interdisciplinarios,Dolly Santos Barbosa,0,61
gh-31764014573-0814T0600,2026-08-14T01:02:35-05:00,2024045,CLASE TEORICA,(15) 2024045-15 Taller de proyectos interdisciplinarios,Oscar Andres Eraso Eraso,0,61
gh-31764014573-0814T0600,2026-08-14T01:02:35-05:00,2024045,CLASE TEORICA,(16) 2024045-16 Taller de proyectos interdisciplinarios,Luis Ignacio Rodriguez Varela,0,61
gh-31764014573-0814T0600,2026-08-14T01:02:35-05:00,2024045,CLASE TEORICA,(17) 2024045-17 Taller de proyectos interdisciplinarios,JOHANA CATALINA MANOSALVA BARRERA,0,61
gh-31764014573-0814T0600,2026-08-14T01:02:35-05:00,2024045,CLASE TEORICA,(18) 2024045-18 Taller de proyectos interdisciplinarios,Fernando Bernal Martinez,0,61
gh-31764014573-0814T0600,2026-08-14T01:02:35-05:00,2024045,CLASE TEORICA,(19) 2024045-19 Taller de proyectos interdisciplinarios,FRANCISCO JAVIER VÁSQUEZ VÁSQUEZ,0,61
gh-31764014573-0814T0600,2026-08-14T01:02:35-05:00,2024045,CLASE TEORICA,(2) 2024045-2 Taller de proyectos interdisciplinarios,Fernando Bernal Martinez,0,61
gh-31764014573-0814T0600,2026-08-14T01:02:35-05:00,2024045,CLASE TEORICA,(21) 2024045-21 Taller de proyectos interdisciplinarios,No informado,0,61
gh-31764014573-0814T0600,2026-08-14T01:02:35-05:00,2024045,CLASE TEORICA,(22) 2024045-22 Taller de proyectos interdisciplinarios,Ubaldo Garcia Zaragoza,0,61
gh-31764014573-0814T0600,2026-08-14T01:02:35-05:00,2024045,CLASE TEORICA,(23) 2024045-23 Taller de proyectos interdisciplinarios,No informado,0,61
gh-31764014573-0814T0600,2026-08-14T01:02:35-05:00,2024045,CLASE TEORICA,(24) 2024045-24 Taller de proyectos interdisciplinarios,Hector Julian Garcia Otalora,200,61
gh-31764014573-0814T0600,2026-08-14T01:02:35-05:00,2024045,CLASE TEORICA,(3) 2024045-3 Taller de proyectos interdisciplinarios,Guillermo Alberto Rocha Casas,0,61
gh-31764014573-0814T0600,2026-08-14T01:02:35-05:00,2024045,CLASE TEORICA,(4) 2024045-4 Taller de proyectos interdisciplinarios,Francy Nayely Prieto Novoa,0,61
gh-31764014573-0814T0600,2026-08-14T01:02:35-05:00,2024045,CLASE TEORICA,(40) 2024045-40 TPI-- NO BORRAR-- BLOQ ESPACIOS,No informado,0,61
gh-31764014573-0814T0600,2026-08-14T01:02:35-05:00,2024045,CLASE TEORICA,(5) 2024045-5 Taller de proyectos interdisciplinarios,Nubia Carmenza Moreno Sarmiento,0,61
gh-31764014573-0814T0600,2026-08-14T01:02:35-05:00,2024045,CLASE TEORICA,(6) 2024045-6 Taller de proyectos interdisciplinarios,JOHANA CATALINA MANOSALVA BARRERA,0,61
gh-31764014573-0814T0600,2026-08-14T01:02:35-05:00,2024045,CLASE TEORICA,(7) 2024045-7 Taller de proyectos interdisciplinarios,Ubaldo Garcia Zaragoza,0,61
gh-31764014573-0814T0600,2026-08-14T01:02:35-05:00,2024045,CLASE TEORICA,(8) 2024045-8 Taller de proyectos interdisciplinarios,JHON FREDDY LOPEZ MEDINA,0,61
gh-31764014573-0814T0600,2026-08-14T01:02:35-05:00,2024045,CLASE TEORICA,(9) 2024045-9 Taller de proyectos interdisciplinarios,Manuel Alejandro Mayorga Betancourt,0,61
gh-31764014573-0814T0600,2026-08-14T01:02:37-05:00,2015296,NA,(1) Grupo 1,Leonardo David Donado Garzon,5,62
gh-31764014573-0814T0600,2026-08-14T01:02:37-05:00,2015296,NA,(10) Grupo 10,Juan Manuel Lizarazo Marriaga,5,62
gh-31764014573-0814T0600,2026-08-14T01:02:37-05:00,2015296,NA,(11) Grupo 11,Octavio Coronado Garcia,5,62
gh-31764014573-0814T0600,2026-08-14T01:02:37-05:00,2015296,NA,(12) Grupo 12,Carol Andrea Murillo Feo,5,62
gh-31764014573-0814T0600,2026-08-14T01:02:37-05:00,2015296,NA,(13) Grupo 13,CAMILO RIOS FRESNEDA,5,62
gh-31764014573-0814T0600,2026-08-14T01:02:37-05:00,2015296,NA,(14) Grupo 14,William Castro Garcia,5,62
gh-31764014573-0814T0600,2026-08-14T01:02:37-05:00,2015296,NA,(15) Grupo 15,Luis Alejandro Morales Marin,5,62
gh-31764014573-0814T0600,2026-08-14T01:02:37-05:00,2015296,NA,(16) Grupo 16,Ferney Betancourt Cardozo,5,62
gh-31764014573-0814T0600,2026-08-14T01:02:37-05:00,2015296,NA,(17) Grupo 17,Maria Alejandra Caicedo Londoño,5,62
gh-31764014573-0814T0600,2026-08-14T01:02:37-05:00,2015296,NA,(18) Grupo 18,Guillermo Eduardo Avila Alvarez,5,62
gh-31764014573-0814T0600,2026-08-14T01:02:37-05:00,2015296,NA,(19) Grupo 19,Carlos Alfonso Gomez Guacaneme,0,62
gh-31764014573-0814T0600,2026-08-14T01:02:37-05:00,2015296,NA,(2) Grupo 2,Carlos Orlando Robles Roa,5,62
gh-31764014573-0814T0600,2026-08-14T01:02:37-05:00,2015296,NA,(3) Grupo 3,Angela Barrera Puerto,5,62
gh-31764014573-0814T0600,2026-08-14T01:02:37-05:00,2015296,NA,(4) Grupo 4,Mauricio Alberto Tapias Camacho,5,62
gh-31764014573-0814T0600,2026-08-14T01:02:37-05:00,2015296,NA,(5) Grupo 5,Maritzabel Molina Herrera,5,62
gh-31764014573-0814T0600,2026-08-14T01:02:37-05:00,2015296,NA,(6) Grupo 6,Rodolfo Rodriguez Baracaldo,5,62
gh-31764014573-0814T0600,2026-08-14T01:02:37-05:00,2015296,NA,(7) Grupo 7,SANTIAGO RAMIREZ ECHEVERRI,5,62
gh-31764014573-0814T0600,2026-08-14T01:02:37-05:00,2015296,NA,(8) Grupo 8,Jose Ricardo Martinez Vargas,5,62
gh-31764014573-0814T0600,2026-08-14T01:02:37-05:00,2015296,NA,(9) Grupo 9,GABRIELA ARRIETA LOYO,5,62
gh-31764014573-0814T0600,2026-08-14T01:02:38-05:00,2015299,CLASE TEORICA,(1) Grupo 1,GABRIELA ARRIETA LOYO,51,63
gh-31764014573-0814T0630,2026-08-14T01:30:23-05:00,2015938,CLASE TEORICA,(1) Grupo 1,Maria Alejandra Caicedo Londoño,25,0
gh-31764014573-0814T0630,2026-08-14T01:30:23-05:00,2015938,CLASE TEORICA,(2) Grupo 2,Maria Alejandra Caicedo Londoño,25,0
gh-31764014573-0814T0630,2026-08-14T01:30:23-05:00,2015938,CLASE TEORICA,(3) Grupo 3,JOSE LUIS DIAZ AREVALO,25,0
gh-31764014573-0814T0630,2026-08-14T01:30:23-05:00,2015938,CLASE TEORICA,(4) Grupo 4,JOSE LUIS DIAZ AREVALO,24,0
gh-31764014573-0814T0630,2026-08-14T01:30:24-05:00,2015939,CLASE TEORICA,(1) Grupo 1,ALVARO MARTIN GUTIERREZ MALAXECHEBARRIA,25,1
gh-31764014573-0814T0630,2026-08-14T01:30:24-05:00,2015939,CLASE TEORICA,(2) Grupo 2,ALVARO MARTIN GUTIERREZ MALAXECHEBARRIA,25,1
gh-31764014573-0814T0630,2026-08-14T01:30:24-05:00,2015939,CLASE TEORICA,(3) Grupo 3,Edder Alexander Velandia Duran,25,1
gh-31764014573-0814T0630,2026-08-14T01:30:24-05:00,2015939,CLASE TEORICA,(4) Grupo 4,No informado,25,1
gh-31764014573-0814T0630,2026-08-14T01:30:25-05:00,1000003-B,NA,(1) Grupo 1,Erika Lorena Rosero Alzate; Oscar Andrés Rojas Sepúlveda,0,2
gh-31764014573-0814T0630,2026-08-14T01:30:25-05:00,1000003-B,NA,(10) Grupo 10,Epifanio Lozano Ayala,14,2
gh-31764014573-0814T0630,2026-08-14T01:30:25-05:00,1000003-B,NA,(11) Grupo 11,No informado,60,2
gh-31764014573-0814T0630,2026-08-14T01:30:25-05:00,1000003-B,NA,(12) Grupo 12,No informado,40,2
gh-31764014573-0814T0630,2026-08-14T01:30:25-05:00,1000003-B,NA,(13) Grupo 13,Mohammed EL AIDI,40,2
gh-31764014573-0814T0630,2026-08-14T01:30:25-05:00,1000003-B,NA,(15) Grupo 15,Myriam Leonor Campos Florez,60,2
gh-31764014573-0814T0630,2026-08-14T01:30:25-05:00,1000003-B,NA,(16) Grupo 16,No informado,60,2
gh-31764014573-0814T0630,2026-08-14T01:30:25-05:00,1000003-B,NA,(17) Grupo 17,Martha Cecilia Moreno Penagos,40,2
gh-31764014573-0814T0630,2026-08-14T01:30:25-05:00,1000003-B,NA,(18) Grupo 18,John Alexander Cruz Morales,52,2
gh-31764014573-0814T0630,2026-08-14T01:30:25-05:00,1000003-B,NA,(20) Grupo 20,Natalia Camila Pinzon Cortes,60,2
gh-31764014573-0814T0630,2026-08-14T01:30:25-05:00,1000003-B,NA,(21) Grupo 21,Ivon Andrea Dorado Correa,52,2
gh-31764014573-0814T0630,2026-08-14T01:30:25-05:00,1000003-B,NA,(22) Grupo 22,No informado,46,2
gh-31764014573-0814T0630,2026-08-14T01:30:25-05:00,1000003-B,NA,(3) Grupo 3,No informado,60,2
gh-31764014573-0814T0630,2026-08-14T01:30:25-05:00,1000003-B,NA,(4) Grupo 4,Luis Alejandro Barbosa Torres,112,2
gh-31764014573-0814T0630,2026-08-14T01:30:25-05:00,1000003-B,NA,(5) Grupo 5,Jaime David Mora Paz,60,2
gh-31764014573-0814T0630,2026-08-14T01:30:25-05:00,1000003-B,NA,(7) Grupo 7,Myriam Leonor Campos Florez,40,2
gh-31764014573-0814T0630,2026-08-14T01:30:25-05:00,1000003-B,NA,(8) Grupo 8,No informado,10,2
gh-31764014573-0814T0630,2026-08-14T01:30:26-05:00,2015940,CLASE TEORICA,(1) Grupo 1,Maritzabel Molina Herrera,24,3
gh-31764014573-0814T0630,2026-08-14T01:30:26-05:00,2015940,CLASE TEORICA,(2) Grupo 2,Gabriel Andres Bernal Granados,24,3
gh-31764014573-0814T0630,2026-08-14T01:30:26-05:00,2015940,CLASE TEORICA,(3) Grupo 3,No informado,24,3
gh-31764014573-0814T0630,2026-08-14T01:30:28-05:00,2015941,CLASE TEORICA,(1) Grupo 1,Patricia Luna Tamayo,30,4
gh-31764014573-0814T0630,2026-08-14T01:30:28-05:00,2015941,CLASE TEORICA,(2) Grupo 2,No informado,30,4
gh-31764014573-0814T0630,2026-08-14T01:30:28-05:00,2015941,CLASE TEORICA,(3) Grupo 3,Carlos Ramiro Vallecilla Bahena,30,4
gh-31764014573-0814T0630,2026-08-14T01:30:28-05:00,2015941,CLASE TEORICA,(4) Grupo 4,No informado,30,4
gh-31764014573-0814T0630,2026-08-14T01:30:29-05:00,1000004-B,NA,(10) Grupo 10,No informado,53,5
gh-31764014573-0814T0630,2026-08-14T01:30:29-05:00,1000004-B,NA,(11) Grupo 11,No informado,24,5
gh-31764014573-0814T0630,2026-08-14T01:30:29-05:00,1000004-B,NA,(12) Grupo 12,No informado,24,5
gh-31764014573-0814T0630,2026-08-14T01:30:29-05:00,1000004-B,NA,(13) Grupo 13,No informado,16,5
gh-31764014573-0814T0630,2026-08-14T01:30:29-05:00,1000004-B,NA,(14) Grupo 14,No informado,90,5
gh-31764014573-0814T0630,2026-08-14T01:30:29-05:00,1000004-B,NA,(16) Grupo 16,No informado,27,5
gh-31764014573-0814T0630,2026-08-14T01:30:29-05:00,1000004-B,NA,(17) Grupo 17,Hernan Garzon Gutierrez,39,5
gh-31764014573-0814T0630,2026-08-14T01:30:29-05:00,1000004-B,NA,(19) Grupo 19,No informado,59,5
gh-31764014573-0814T0630,2026-08-14T01:30:29-05:00,1000004-B,NA,(2) Grupo 2,No informado,24,5
gh-31764014573-0814T0630,2026-08-14T01:30:29-05:00,1000004-B,NA,(20) Grupo 20,Hernan Garzon Gutierrez,10,5
gh-31764014573-0814T0630,2026-08-14T01:30:29-05:00,1000004-B,NA,(21) Grupo 21,No informado,60,5
gh-31764014573-0814T0630,2026-08-14T01:30:29-05:00,1000004-B,NA,(22) Grupo 22,No informado,60,5
gh-31764014573-0814T0630,2026-08-14T01:30:29-05:00,1000004-B,NA,(24) Grupo 24,Ricardo Ariel Pastran Ramirez,60,5
gh-31764014573-0814T0630,2026-08-14T01:30:29-05:00,1000004-B,NA,(25) Grupo 25,No informado,40,5
gh-31764014573-0814T0630,2026-08-14T01:30:29-05:00,1000004-B,NA,(27) Grupo 27,No informado,51,5
gh-31764014573-0814T0630,2026-08-14T01:30:29-05:00,1000004-B,NA,(28) Grupo 28,No informado,60,5
gh-31764014573-0814T0630,2026-08-14T01:30:29-05:00,1000004-B,NA,(29) Grupo 29,No informado,60,5
gh-31764014573-0814T0630,2026-08-14T01:30:29-05:00,1000004-B,NA,(30) Grupo 30,No informado,60,5
gh-31764014573-0814T0630,2026-08-14T01:30:29-05:00,1000004-B,NA,(32) Grupo 32,No informado,90,5
gh-31764014573-0814T0630,2026-08-14T01:30:29-05:00,1000004-B,NA,(4) Grupo 4,Myriam Leonor Campos Florez,37,5
gh-31764014573-0814T0630,2026-08-14T01:30:29-05:00,1000004-B,NA,(5) Grupo 5,Oscar Javier Lopez Alfonso,84,5
gh-31764014573-0814T0630,2026-08-14T01:30:29-05:00,1000004-B,NA,(7) Grupo 7,Anderson Arley Vera Arboleda,64,5
gh-31764014573-0814T0630,2026-08-14T01:30:29-05:00,1000004-B,NA,(8) Grupo 8,No informado,40,5
gh-31764014573-0814T0630,2026-08-14T01:30:29-05:00,1000004-B,NA,(9) Grupo 9,No informado,18,5
gh-31764014573-0814T0630,2026-08-14T01:30:31-05:00,1000006-B,NA,(1) Grupo 1,No informado,40,6
gh-31764014573-0814T0630,2026-08-14T01:30:31-05:00,1000006-B,NA,(10) Grupo 10,No informado,100,6
gh-31764014573-0814T0630,2026-08-14T01:30:31-05:00,1000006-B,NA,(11) Grupo 11,No informado,40,6
gh-31764014573-0814T0630,2026-08-14T01:30:31-05:00,1000006-B,NA,(12) Grupo 12,Leonid Lebedev,60,6
gh-31764014573-0814T0630,2026-08-14T01:30:31-05:00,1000006-B,NA,(13) Grupo 13,Juan Carlos Hernandez Rincon,40,6
gh-31764014573-0814T0630,2026-08-14T01:30:31-05:00,1000006-B,NA,(14) Grupo 14,No informado,60,6
gh-31764014573-0814T0630,2026-08-14T01:30:31-05:00,1000006-B,NA,(15) Grupo 15,No informado,112,6
gh-31764014573-0814T0630,2026-08-14T01:30:31-05:00,1000006-B,NA,(2) Grupo 2,EDIXON MANUEL ROJAS SANTANA,40,6
gh-31764014573-0814T0630,2026-08-14T01:30:31-05:00,1000006-B,NA,(3) Grupo 3,Cesar Augusto Gomez Sierra,40,6
gh-31764014573-0814T0630,2026-08-14T01:30:31-05:00,1000006-B,NA,(4) Grupo 4,Agustin Moreno Canadas,100,6
gh-31764014573-0814T0630,2026-08-14T01:30:31-05:00,1000006-B,NA,(5) Grupo 5,German Eduardo Fonseca Buitrago,40,6
gh-31764014573-0814T0630,2026-08-14T01:30:31-05:00,1000006-B,NA,(7) Grupo 7,No informado,70,6
gh-31764014573-0814T0630,2026-08-14T01:30:31-05:00,1000006-B,NA,(8) Grupo 8,Epifanio Lozano Ayala,60,6
gh-31764014573-0814T0630,2026-08-14T01:30:31-05:00,1000006-B,NA,(9) Grupo 9,Orlando Vanegas Canro,0,6
gh-31764014573-0814T0630,2026-08-14T01:30:32-05:00,1000005-B,NA,(1) Grupo 1,Orlando Vanegas Canro,0,7
gh-31764014573-0814T0630,2026-08-14T01:30:32-05:00,1000005-B,NA,(10) Grupo 10,Epifanio Lozano Ayala,50,7
gh-31764014573-0814T0630,2026-08-14T01:30:32-05:00,1000005-B,NA,(14) Grupo 14,Mohammed EL AIDI,40,7
gh-31764014573-0814T0630,2026-08-14T01:30:32-05:00,1000005-B,NA,(15) Grupo 15,Alina Fedosova,60,7
gh-31764014573-0814T0630,2026-08-14T01:30:32-05:00,1000005-B,NA,(16) Grupo 16,No informado,70,7
gh-31764014573-0814T0630,2026-08-14T01:30:32-05:00,1000005-B,NA,(17) Grupo 17,Hernan Garzon Gutierrez,40,7
gh-31764014573-0814T0630,2026-08-14T01:30:32-05:00,1000005-B,NA,(2) Grupo 2,RENE ERLIN CASTILLO,60,7
gh-31764014573-0814T0630,2026-08-14T01:30:32-05:00,1000005-B,NA,(20) Grupo 20,Franqui Solis Cardenas Poloche,40,7
gh-31764014573-0814T0630,2026-08-14T01:30:32-05:00,1000005-B,NA,(22) Grupo 22,No informado,60,7
gh-31764014573-0814T0630,2026-08-14T01:30:32-05:00,1000005-B,NA,(3) Grupo 3,Eduardo Cardenas Gomez,70,7
gh-31764014573-0814T0630,2026-08-14T01:30:32-05:00,1000005-B,NA,(4) Grupo 4,Edward Samuel Becerra Rojas,60,7
gh-31764014573-0814T0630,2026-08-14T01:30:32-05:00,1000005-B,NA,(6) Grupo 6,No informado,60,7
gh-31764014573-0814T0630,2026-08-14T01:30:32-05:00,1000005-B,NA,(7) Grupo 7,Franqui Solis Cardenas Poloche,100,7
gh-31764014573-0814T0630,2026-08-14T01:30:32-05:00,1000005-B,NA,(8) Grupo 8,No informado,40,7
gh-31764014573-0814T0630,2026-08-14T01:30:32-05:00,1000005-B,NA,(9) Grupo 9,No informado,10,7
gh-31764014573-0814T0630,2026-08-14T01:30:34-05:00,2015943,CLASE TEORICA,(1) Grupo 1,Carlos Orlando Robles Roa,15,9
gh-31764014573-0814T0630,2026-08-14T01:30:36-05:00,2015944,CLASE TEORICA,(1) Grupo 1,SANTIAGO RAMIREZ ECHEVERRI,15,10
gh-31764014573-0814T0630,2026-08-14T01:30:37-05:00,2015711,NA,(10) 2015711-10 Dibujo básico,Ariel Augusto Amaya Avila,0,11
gh-31764014573-0814T0630,2026-08-14T01:30:37-05:00,2015711,NA,(11) 2015711-11 Dibujo básico,Cesar Augusto Bacca Gonzalez,0,11
gh-31764014573-0814T0630,2026-08-14T01:30:37-05:00,2015711,NA,(14) 2015711-14 Dibujo básico,Cristian Felipe Morales Suárez,0,11
gh-31764014573-0814T0630,2026-08-14T01:30:37-05:00,2015711,NA,(16) 2015711-16 Dibujo básico,DAVID FELIPE TORRES ARCE,0,11
gh-31764014573-0814T0630,2026-08-14T01:30:37-05:00,2015711,NA,(4) 2015711-4 Dibujo básico,Cristian Felipe Morales Suárez,9,11
gh-31764014573-0814T0630,2026-08-14T01:30:37-05:00,2015711,NA,(5) 2015711-5 Dibujo básico,Sebastian Achury Ortiz,0,11
gh-31764014573-0814T0630,2026-08-14T01:30:37-05:00,2015711,NA,(7) 2015711-7 Dibujo básico,Cesar Augusto Bacca Gonzalez,22,11
gh-31764014573-0814T0630,2026-08-14T01:30:37-05:00,2015711,NA,(8) 2015711-8 Dibujo básico,Miguel Angel Baquero Cortes,0,11
gh-31764014573-0814T0630,2026-08-14T01:30:37-05:00,2015711,NA,(9) 2015711-9 Dibujo básico,EDWIN CAMILO REINA BELTRAN,0,11
gh-31764014573-0814T0630,2026-08-14T01:30:38-05:00,2015948,CLASE TEORICA,(1) Grupo 1,No informado,30,12
gh-31764014573-0814T0630,2026-08-14T01:30:38-05:00,2015948,CLASE TEORICA,(2) Grupo 2,Mauricio Alberto Tapias Camacho,30,12
gh-31764014573-0814T0630,2026-08-14T01:30:38-05:00,2015948,CLASE TEORICA,(3) Grupo 3,No informado,30,12
gh-31764014573-0814T0630,2026-08-14T01:30:39-05:00,2015950,CLASE TEORICA,(1) Grupo 1,No informado,25,13
gh-31764014573-0814T0630,2026-08-14T01:30:39-05:00,2015950,CLASE TEORICA,(2) Grupo 2,No informado,0,13
gh-31764014573-0814T0630,2026-08-14T01:30:39-05:00,2015950,CLASE TEORICA,(3) Grupo 3,Daniel Ricardo Lozano Monsalve,25,13
gh-31764014573-0814T0630,2026-08-14T01:30:39-05:00,2015950,CLASE TEORICA,(4) Grupo 4,No informado,25,13
gh-31764014573-0814T0630,2026-08-14T01:30:39-05:00,2015950,CLASE TEORICA,(5) Grupo 5,No informado,25,13
gh-31764014573-0814T0630,2026-08-14T01:30:41-05:00,2015949,CLASE TEORICA,(1) Grupo 1,Mario Javier Cardozo Chaux,30,14
gh-31764014573-0814T0630,2026-08-14T01:30:41-05:00,2015949,CLASE TEORICA,(2) Grupo 2,Wilson Ernesto Vargas Vargas,30,14
gh-31764014573-0814T0630,2026-08-14T01:30:41-05:00,2015949,CLASE TEORICA,(3) Grupo 3,No informado,30,14
gh-31764014573-0814T0630,2026-08-14T01:30:42-05:00,1000007-B,NA,(1) Grupo 1,German Eduardo Fonseca Buitrago,60,15
gh-31764014573-0814T0630,2026-08-14T01:30:42-05:00,1000007-B,NA,(11) Grupo 11,Leonid Lebedev,60,15
gh-31764014573-0814T0630,2026-08-14T01:30:42-05:00,1000007-B,NA,(12) Grupo 12,No informado,60,15
gh-31764014573-0814T0630,2026-08-14T01:30:42-05:00,1000007-B,NA,(13) Grupo 13,Omar Duque Gomez,40,15
gh-31764014573-0814T0630,2026-08-14T01:30:42-05:00,1000007-B,NA,(14) Grupo 14,No informado,100,15
gh-31764014573-0814T0630,2026-08-14T01:30:42-05:00,1000007-B,NA,(3) Grupo 3,Serafin Bautista Diaz,40,15
gh-31764014573-0814T0630,2026-08-14T01:30:42-05:00,1000007-B,NA,(4) Grupo 4,EDIXON MANUEL ROJAS SANTANA,60,15
gh-31764014573-0814T0630,2026-08-14T01:30:42-05:00,1000007-B,NA,(6) Grupo 6,Alexander Caviedes Castro,50,15
gh-31764014573-0814T0630,2026-08-14T01:30:42-05:00,1000007-B,NA,(7) Grupo 7,Oscar Guillermo Riaño Castañeda,40,15
gh-31764014573-0814T0630,2026-08-14T01:30:42-05:00,1000007-B,NA,(9) Grupo 9,Orlando Vanegas Canro,0,15
gh-31764014573-0814T0630,2026-08-14T01:30:43-05:00,2026134,CLASE TEORICA,(1) Grupo 1,No informado,0,16
gh-31764014573-0814T0630,2026-08-14T01:30:43-05:00,2026134,CLASE TEORICA,(2) Grupo 2,Juan Manuel Lizarazo Marriaga,30,16
gh-31764014573-0814T0630,2026-08-14T01:30:43-05:00,2026134,CLASE TEORICA,(3) Grupo 3,Maritzabel Molina Herrera,30,16
gh-31764014573-0814T0630,2026-08-14T01:30:43-05:00,2026134,CLASE TEORICA,(4) Grupo 4,Carlos Ramiro Vallecilla Bahena,30,16
gh-31764014573-0814T0630,2026-08-14T01:30:43-05:00,2026134,CLASE TEORICA,(5) Grupo 5,Fernando Lozano Osorno,30,16
gh-31764014573-0814T0630,2026-08-14T01:30:43-05:00,2026134,CLASE TEORICA,(6) Grupo 6,No informado,30,16
gh-31764014573-0814T0630,2026-08-14T01:30:44-05:00,2015954,CLASE TEORICA,(1) Grupo 1,Erasmo Alfredo Rodriguez Sandoval,30,17
gh-31764014573-0814T0630,2026-08-14T01:30:44-05:00,2015954,CLASE TEORICA,(2) Grupo 2,Mario Enrique Moreno Castiblanco,30,17
gh-31764014573-0814T0630,2026-08-14T01:30:44-05:00,2015954,CLASE TEORICA,(3) Grupo 3,Luis Alejandro Morales Marin,30,17
gh-31764014573-0814T0630,2026-08-14T01:30:45-05:00,2015955,CLASE TEORICA,(1) Grupo 1,Giovanni Andres Cortes Tovar,30,18
gh-31764014573-0814T0630,2026-08-14T01:30:45-05:00,2015955,CLASE TEORICA,(2) Grupo 2,Angela Barrera Puerto,30,18
gh-31764014573-0814T0630,2026-08-14T01:30:45-05:00,2015955,CLASE TEORICA,(3) Grupo 3,Giovanni Andres Cortes Tovar,30,18
gh-31764014573-0814T0630,2026-08-14T01:30:47-05:00,1000011-B,CLASE TEORICA,(1) Grupo 1,Ernesto Javier Puertas Dellepianes,118,19
gh-31764014573-0814T0630,2026-08-14T01:30:47-05:00,1000011-B,CLASE TEORICA,(3) Grupo 3,Néstor Fernando Perez Buitrago,12,19
gh-31764014573-0814T0630,2026-08-14T01:30:49-05:00,1000019-B,CLASE LABORATORIO,(1) Grupo 1,Gustavo Martinez Tamayo,35,20
gh-31764014573-0814T0630,2026-08-14T01:30:49-05:00,1000019-B,CLASE LABORATORIO,(10) Grupo 10,LUIS AGULLES PEDROS,35,20
gh-31764014573-0814T0630,2026-08-14T01:30:49-05:00,1000019-B,CLASE LABORATORIO,(11) Grupo 11,EVER DAVID ALCALA CAJAR,35,20
gh-31764014573-0814T0630,2026-08-14T01:30:49-05:00,1000019-B,CLASE LABORATORIO,(12) Grupo 12,FABIAN FELIPE QUEVEDO FARIETA,35,20
gh-31764014573-0814T0630,2026-08-14T01:30:49-05:00,1000019-B,CLASE LABORATORIO,(13) Grupo 13,Alvaro Marino Camargo,35,20
gh-31764014573-0814T0630,2026-08-14T01:30:49-05:00,1000019-B,CLASE LABORATORIO,(14) Grupo 14,Alvaro Marino Camargo; Miryam Rincon Joya,35,20
gh-31764014573-0814T0630,2026-08-14T01:30:49-05:00,1000019-B,CLASE LABORATORIO,(15) Grupo 15,JULIAN MATEO DE MENDOZA GUTIERREZ,32,20
gh-31764014573-0814T0630,2026-08-14T01:30:49-05:00,1000019-B,CLASE LABORATORIO,(16) Grupo 16,Alvaro Marino Camargo; Doris Yaneth Cadavid Rodriguez,35,20
gh-31764014573-0814T0630,2026-08-14T01:30:49-05:00,1000019-B,CLASE LABORATORIO,(17) Grupo 17,JULIAN MATEO DE MENDOZA GUTIERREZ,34,20
gh-31764014573-0814T0630,2026-08-14T01:30:49-05:00,1000019-B,CLASE LABORATORIO,(18) Grupo 18,Jaime Villalobos Velasco,34,20
gh-31764014573-0814T0630,2026-08-14T01:30:49-05:00,1000019-B,CLASE LABORATORIO,(19) Grupo 19,JULY PAOLA GARZÓN LOPEZ,32,20
gh-31764014573-0814T0630,2026-08-14T01:30:49-05:00,1000019-B,CLASE LABORATORIO,(2) Grupo 2,Gustavo Martinez Tamayo,35,20
gh-31764014573-0814T0630,2026-08-14T01:30:49-05:00,1000019-B,CLASE LABORATORIO,(20) Grupo 20,JOSE ALFREDO GOMEZ MATEUS,35,20
gh-31764014573-0814T0630,2026-08-14T01:30:49-05:00,1000019-B,CLASE LABORATORIO,(21) Grupo 21,Pedro Hernan Sanchez Machet,35,20
gh-31764014573-0814T0630,2026-08-14T01:30:49-05:00,1000019-B,CLASE LABORATORIO,(22) Grupo 22,Pedro Hernan Sanchez Machet,35,20
gh-31764014573-0814T0630,2026-08-14T01:30:49-05:00,1000019-B,CLASE LABORATORIO,(23) Grupo 23,Pedro Hernan Sanchez Machet,35,20
gh-31764014573-0814T0630,2026-08-14T01:30:49-05:00,1000019-B,CLASE LABORATORIO,(24) Grupo 24,Pedro Hernan Sanchez Machet,35,20
gh-31764014573-0814T0630,2026-08-14T01:30:49-05:00,1000019-B,CLASE LABORATORIO,(25) Grupo 25,Plinio Del Carmen Teheran Sermeno,45,20
gh-31764014573-0814T0630,2026-08-14T01:30:49-05:00,1000019-B,CLASE LABORATORIO,(26) Grupo 26 (VIRTUAL),Plinio Del Carmen Teheran Sermeno,50,20
gh-31764014573-0814T0630,2026-08-14T01:30:49-05:00,1000019-B,CLASE LABORATORIO,(27) Grupo 27 (VIRTUAL),Plinio Del Carmen Teheran Sermeno,50,20
gh-31764014573-0814T0630,2026-08-14T01:30:49-05:00,1000019-B,CLASE LABORATORIO,(28) Grupo 28 (VIRTUAL),Plinio Del Carmen Teheran Sermeno,50,20
gh-31764014573-0814T0630,2026-08-14T01:30:49-05:00,1000019-B,CLASE LABORATORIO,(29) Grupo 29 (VIRTUAL),Plinio Del Carmen Teheran Sermeno,50,20
gh-31764014573-0814T0630,2026-08-14T01:30:49-05:00,1000019-B,CLASE LABORATORIO,(3) Grupo 3,Gustavo Martinez Tamayo,35,20
gh-31764014573-0814T0630,2026-08-14T01:30:49-05:00,1000019-B,CLASE LABORATORIO,(4) Grupo 4,No informado,35,20
gh-31764014573-0814T0630,2026-08-14T01:30:49-05:00,1000019-B,CLASE LABORATORIO,(5) Grupo 5,FABIAN FELIPE QUEVEDO FARIETA,35,20
gh-31764014573-0814T0630,2026-08-14T01:30:49-05:00,1000019-B,CLASE LABORATORIO,(6) Grupo 6,Jaime Villalobos Velasco,35,20
gh-31764014573-0814T0630,2026-08-14T01:30:49-05:00,1000019-B,CLASE LABORATORIO,(7) Grupo 7,Jaime Villalobos Velasco,35,20
gh-31764014573-0814T0630,2026-08-14T01:30:49-05:00,1000019-B,CLASE LABORATORIO,(8) Grupo 8,Alvaro Marino Camargo,35,20
gh-31764014573-0814T0630,2026-08-14T01:30:49-05:00,1000019-B,CLASE LABORATORIO,(9) Grupo 9,Erika Lorena Rosero Alzate,0,20
gh-31764014573-0814T0630,2026-08-14T01:30:49-05:00,1000019-B,CLASE TALLER,(1) Grupo 1,FABIAN FELIPE QUEVEDO FARIETA,35,20
gh-31764014573-0814T0630,2026-08-14T01:30:49-05:00,1000019-B,CLASE TALLER,(10) Grupo 10,FABIAN FELIPE QUEVEDO FARIETA,35,20
gh-31764014573-0814T0630,2026-08-14T01:30:49-05:00,1000019-B,CLASE TALLER,(11) Grupo 11,JULIAN MATEO DE MENDOZA GUTIERREZ,35,20
gh-31764014573-0814T0630,2026-08-14T01:30:49-05:00,1000019-B,CLASE TALLER,(12) Grupo 12,EVER DAVID ALCALA CAJAR,35,20
gh-31764014573-0814T0630,2026-08-14T01:30:49-05:00,1000019-B,CLASE TALLER,(13) Grupo 13,MIGUEL ENRIQUE GÁMEZ LÓPEZ,35,20
gh-31764014573-0814T0630,2026-08-14T01:30:49-05:00,1000019-B,CLASE TALLER,(14) Grupo 14,No informado,35,20
gh-31764014573-0814T0630,2026-08-14T01:30:49-05:00,1000019-B,CLASE TALLER,(15) Grupo 15,EVER DAVID ALCALA CAJAR,32,20
gh-31764014573-0814T0630,2026-08-14T01:30:49-05:00,1000019-B,CLASE TALLER,(16) Grupo 16,Edna Carolina Pinilla Beltran,35,20
gh-31764014573-0814T0630,2026-08-14T01:30:49-05:00,1000019-B,CLASE TALLER,(17) Grupo 17,Jereson Silva Valencia,34,20
gh-31764014573-0814T0630,2026-08-14T01:30:49-05:00,1000019-B,CLASE TALLER,(18) Grupo 18,Jereson Silva Valencia,34,20
gh-31764014573-0814T0630,2026-08-14T01:30:49-05:00,1000019-B,CLASE TALLER,(19) Grupo 19,Jereson Silva Valencia,32,20
gh-31764014573-0814T0630,2026-08-14T01:30:49-05:00,1000019-B,CLASE TALLER,(2) Grupo 2,Gustavo Martinez Tamayo,35,20
gh-31764014573-0814T0630,2026-08-14T01:30:49-05:00,1000019-B,CLASE TALLER,(20) Grupo 20,Jereson Silva Valencia,35,20
gh-31764014573-0814T0630,2026-08-14T01:30:49-05:00,1000019-B,CLASE TALLER,(21) Grupo 21,JOSE ALFREDO GOMEZ MATEUS,35,20
gh-31764014573-0814T0630,2026-08-14T01:30:49-05:00,1000019-B,CLASE TALLER,(22) Grupo 22,JULY PAOLA GARZÓN LOPEZ,35,20
gh-31764014573-0814T0630,2026-08-14T01:30:49-05:00,1000019-B,CLASE TALLER,(23) Grupo 23,Edna Carolina Pinilla Beltran,35,20
gh-31764014573-0814T0630,2026-08-14T01:30:49-05:00,1000019-B,CLASE TALLER,(24) Grupo 24,Diego Alejandro Torres Galindo,35,20
gh-31764014573-0814T0630,2026-08-14T01:30:49-05:00,1000019-B,CLASE TALLER,(25) Grupo 25,Plinio Del Carmen Teheran Sermeno,45,20
gh-31764014573-0814T0630,2026-08-14T01:30:49-05:00,1000019-B,CLASE TALLER,(26) Grupo 26 (VIRTUAL),Plinio Del Carmen Teheran Sermeno,50,20
gh-31764014573-0814T0630,2026-08-14T01:30:49-05:00,1000019-B,CLASE TALLER,(27) Grupo 27 (VIRTUAL),Plinio Del Carmen Teheran Sermeno,50,20
gh-31764014573-0814T0630,2026-08-14T01:30:49-05:00,1000019-B,CLASE TALLER,(28) Grupo 28 (VIRTUAL),Plinio Del Carmen Teheran Sermeno,50,20
gh-31764014573-0814T0630,2026-08-14T01:30:49-05:00,1000019-B,CLASE TALLER,(29) Grupo 29 (VIRTUAL),Plinio Del Carmen Teheran Sermeno,50,20
gh-31764014573-0814T0630,2026-08-14T01:30:49-05:00,1000019-B,CLASE TALLER,(3) Grupo 3,Gustavo Martinez Tamayo,35,20
gh-31764014573-0814T0630,2026-08-14T01:30:49-05:00,1000019-B,CLASE TALLER,(4) Grupo 4,Jaime Villalobos Velasco,35,20
gh-31764014573-0814T0630,2026-08-14T01:30:49-05:00,1000019-B,CLASE TALLER,(5) Grupo 5,Jaime Villalobos Velasco,35,20
gh-31764014573-0814T0630,2026-08-14T01:30:49-05:00,1000019-B,CLASE TALLER,(6) Grupo 6,Ramiro Cardona Cardona,35,20
gh-31764014573-0814T0630,2026-08-14T01:30:49-05:00,1000019-B,CLASE TALLER,(7) Grupo 7,Ramiro Cardona Cardona,35,20
gh-31764014573-0814T0630,2026-08-14T01:30:49-05:00,1000019-B,CLASE TALLER,(8) Grupo 8,Edna Carolina Pinilla Beltran,35,20
gh-31764014573-0814T0630,2026-08-14T01:30:49-05:00,1000019-B,CLASE TALLER,(9) Grupo 9,No informado,10,20
gh-31764014573-0814T0630,2026-08-14T01:30:49-05:00,1000019-B,CLASE MAGISTRAL,(16) Gruop 16,Erika Lorena Rosero Alzate; Daniel Camilo Padilla González,8,20
gh-31764014573-0814T0630,2026-08-14T01:30:49-05:00,1000019-B,CLASE MAGISTRAL,(1) Grupo 1,Gustavo Martinez Tamayo,35,20
gh-31764014573-0814T0630,2026-08-14T01:30:49-05:00,1000019-B,CLASE MAGISTRAL,(10) Grupo 10,Ovidio Amado Almanza Montero,35,20
gh-31764014573-0814T0630,2026-08-14T01:30:49-05:00,1000019-B,CLASE MAGISTRAL,(11) Grupo 11,Ovidio Amado Almanza Montero,35,20
gh-31764014573-0814T0630,2026-08-14T01:30:49-05:00,1000019-B,CLASE MAGISTRAL,(12) Grupo 12,Ovidio Amado Almanza Montero,35,20
gh-31764014573-0814T0630,2026-08-14T01:30:49-05:00,1000019-B,CLASE MAGISTRAL,(13) Grupo 13,Jaime Villalobos Velasco,35,20
gh-31764014573-0814T0630,2026-08-14T01:30:49-05:00,1000019-B,CLASE MAGISTRAL,(14) Grupo 14,Jaime Villalobos Velasco,35,20
gh-31764014573-0814T0630,2026-08-14T01:30:49-05:00,1000019-B,CLASE MAGISTRAL,(15) Grupo 15,Jaime Villalobos Velasco,32,20
gh-31764014573-0814T0630,2026-08-14T01:30:49-05:00,1000019-B,CLASE MAGISTRAL,(17) Grupo 17,Jereson Silva Valencia,34,20
gh-31764014573-0814T0630,2026-08-14T01:30:49-05:00,1000019-B,CLASE MAGISTRAL,(18) Grupo 18,Jereson Silva Valencia,34,20
gh-31764014573-0814T0630,2026-08-14T01:30:49-05:00,1000019-B,CLASE MAGISTRAL,(19) Grupo 19,Jereson Silva Valencia,32,20
gh-31764014573-0814T0630,2026-08-14T01:30:49-05:00,1000019-B,CLASE MAGISTRAL,(2) Grupo 2,Gustavo Martinez Tamayo,35,20
gh-31764014573-0814T0630,2026-08-14T01:30:49-05:00,1000019-B,CLASE MAGISTRAL,(20) Grupo 20,Jereson Silva Valencia,35,20
gh-31764014573-0814T0630,2026-08-14T01:30:49-05:00,1000019-B,CLASE MAGISTRAL,(21) Grupo 21,Diego Alejandro Torres Galindo,35,20
gh-31764014573-0814T0630,2026-08-14T01:30:49-05:00,1000019-B,CLASE MAGISTRAL,(22) Grupo 22,Diego Alejandro Torres Galindo,35,20
gh-31764014573-0814T0630,2026-08-14T01:30:49-05:00,1000019-B,CLASE MAGISTRAL,(23) Grupo 23,Diego Alejandro Torres Galindo,35,20
gh-31764014573-0814T0630,2026-08-14T01:30:49-05:00,1000019-B,CLASE MAGISTRAL,(24) Grupo 24,Diego Alejandro Torres Galindo,35,20
gh-31764014573-0814T0630,2026-08-14T01:30:49-05:00,1000019-B,CLASE MAGISTRAL,(25) Grupo 25,Plinio Del Carmen Teheran Sermeno,45,20
gh-31764014573-0814T0630,2026-08-14T01:30:49-05:00,1000019-B,CLASE MAGISTRAL,(26) Grupo 26 (VIRTUAL),Plinio Del Carmen Teheran Sermeno,50,20
gh-31764014573-0814T0630,2026-08-14T01:30:49-05:00,1000019-B,CLASE MAGISTRAL,(27) Grupo 27 (VIRTUAL),Plinio Del Carmen Teheran Sermeno,50,20
gh-31764014573-0814T0630,2026-08-14T01:30:49-05:00,1000019-B,CLASE MAGISTRAL,(28) Grupo 28 (VIRTUAL),Plinio Del Carmen Teheran Sermeno,50,20
gh-31764014573-0814T0630,2026-08-14T01:30:49-05:00,1000019-B,CLASE MAGISTRAL,(29) Grupo 29 (VIRTUAL),Plinio Del Carmen Teheran Sermeno,50,20
gh-31764014573-0814T0630,2026-08-14T01:30:49-05:00,1000019-B,CLASE MAGISTRAL,(3) Grupo 3,Gustavo Martinez Tamayo,35,20
gh-31764014573-0814T0630,2026-08-14T01:30:49-05:00,1000019-B,CLASE MAGISTRAL,(4) Grupo 4,Gustavo Martinez Tamayo,35,20
gh-31764014573-0814T0630,2026-08-14T01:30:49-05:00,1000019-B,CLASE MAGISTRAL,(5) Grupo 5,Ramiro Cardona Cardona,35,20
gh-31764014573-0814T0630,2026-08-14T01:30:49-05:00,1000019-B,CLASE MAGISTRAL,(6) Grupo 6,Ramiro Cardona Cardona,35,20
gh-31764014573-0814T0630,2026-08-14T01:30:49-05:00,1000019-B,CLASE MAGISTRAL,(7) Grupo 7,Ramiro Cardona Cardona,35,20
gh-31764014573-0814T0630,2026-08-14T01:30:49-05:00,1000019-B,CLASE MAGISTRAL,(8) Grupo 8,Ramiro Cardona Cardona,35,20
gh-31764014573-0814T0630,2026-08-14T01:30:49-05:00,1000019-B,CLASE MAGISTRAL,(9) Grupo 9,Fredy Angel Jimenez Giraldo,10,20
gh-31764014573-0814T0630,2026-08-14T01:30:51-05:00,2015956,CLASE TEORICA,(1) Grupo 1,Modesto Portilla Gamboa; Fernando Eli Romero Ordoñez,35,21
gh-31764014573-0814T0630,2026-08-14T01:30:51-05:00,2015956,CLASE TEORICA,(2) Grupo 2,Jennifer Angel Amaya,30,21
gh-31764014573-0814T0630,2026-08-14T01:30:51-05:00,2015956,CLASE TEORICA,(3) Grupo 3,Jennifer Angel Amaya,30,21
gh-31764014573-0814T0630,2026-08-14T01:30:51-05:00,2015956,CLASE TEORICA,(4) Grupo 4,Fernando Eli Romero Ordoñez; Modesto Portilla Gamboa,35,21
gh-31764014573-0814T0630,2026-08-14T01:30:52-05:00,2015957,CLASE PRACTICA,(1) Grupo 1,No informado,30,22
gh-31764014573-0814T0630,2026-08-14T01:30:52-05:00,2015957,CLASE PRACTICA,(2) Grupo 2,Samuel Fernando Mesa Giraldo,30,22
gh-31764014573-0814T0630,2026-08-14T01:30:52-05:00,2015957,CLASE PRACTICA,(3) Grupo 3,Rose Marie Aldana Boutin,30,22
gh-31764014573-0814T0630,2026-08-14T01:30:52-05:00,2015957,CLASE PRACTICA,(4) Grupo 4,Rose Marie Aldana Boutin,30,22
gh-31764014573-0814T0630,2026-08-14T01:30:53-05:00,2015958,CLASE PRACTICA,(1) Grupo 1,William Castro Garcia,20,23
gh-31764014573-0814T0630,2026-08-14T01:30:53-05:00,2015958,CLASE PRACTICA,(2) Grupo 2,William Castro Garcia,20,23
gh-31764014573-0814T0630,2026-08-14T01:30:53-05:00,2015958,CLASE PRACTICA,(3) Grupo 3,Carlos Alfonso Gomez Guacaneme,30,23
gh-31764014573-0814T0630,2026-08-14T01:30:53-05:00,2015958,CLASE PRACTICA,(4) Grupo 4,Mario Arturo Rincon Villalba,20,23
gh-31764014573-0814T0630,2026-08-14T01:30:53-05:00,2015958,CLASE PRACTICA,(5) Grupo 5,Mario Arturo Rincon Villalba,20,23
gh-31764014573-0814T0630,2026-08-14T01:30:53-05:00,2015958,CLASE PRACTICA,(6) Grupo 6,Fausto Alejandro Silva España,20,23
gh-31764014573-0814T0630,2026-08-14T01:30:53-05:00,2015958,CLASE PRACTICA,(7) Grupo 7,Fausto Alejandro Silva España,20,23
gh-31764014573-0814T0630,2026-08-14T01:30:53-05:00,2015958,CLASE PRACTICA,(8) Grupo 8,Fausto Alejandro Silva España,20,23
gh-31764014573-0814T0630,2026-08-14T01:30:53-05:00,2015958,CLASE PRACTICA,(9) Grupo 9,Fausto Alejandro Silva España,20,23
gh-31764014573-0814T0630,2026-08-14T01:30:53-05:00,2015958,CLASE TEORICA,(1) Grupo 1,William Castro Garcia,40,23
gh-31764014573-0814T0630,2026-08-14T01:30:53-05:00,2015958,CLASE TEORICA,(3) Grupo 3,Carlos Alfonso Gomez Guacaneme,30,23
gh-31764014573-0814T0630,2026-08-14T01:30:53-05:00,2015958,CLASE TEORICA,(4) Grupo 4,Mario Arturo Rincon Villalba,40,23
gh-31764014573-0814T0630,2026-08-14T01:30:53-05:00,2015958,CLASE TEORICA,(6) Grupo 6,Cesar Andres Cortes Bello,40,23
gh-31764014573-0814T0630,2026-08-14T01:30:53-05:00,2015958,CLASE TEORICA,(8) Grupo 8,Cesar Andres Cortes Bello,40,23
gh-31764014573-0814T0630,2026-08-14T01:30:54-05:00,2015959,CLASE TEORICA,(1) Grupo 1,Carlos Eduardo Rodriguez Pineda,30,24
gh-31764014573-0814T0630,2026-08-14T01:30:54-05:00,2015959,CLASE TEORICA,(2) Grupo 2,Guillermo Eduardo Avila Alvarez,30,24
gh-31764014573-0814T0630,2026-08-14T01:30:54-05:00,2015959,CLASE TEORICA,(3) Grupo 3,Livaniel Viveros Rosero,30,24
gh-31764014573-0814T0630,2026-08-14T01:30:54-05:00,2015959,CLASE TEORICA,(4) Grupo 4,No informado,0,24
gh-31764014573-0814T0630,2026-08-14T01:30:57-05:00,2015961,CLASE TEORICA,(1) Grupo 1,Rafael Orland Ortiz Mosquera,24,26
gh-31764014573-0814T0630,2026-08-14T01:30:57-05:00,2015961,CLASE TEORICA,(2) Grupo 2,Adriana Patricia Piña Fulano,24,26
gh-31764014573-0814T0630,2026-08-14T01:30:57-05:00,2015961,CLASE TEORICA,(3) Grupo 3,Gelber Norberto Gutierrez Palacios,24,26
gh-31764014573-0814T0630,2026-08-14T01:30:57-05:00,2015961,CLASE TEORICA,(4) Grupo 4,No informado,24,26
gh-31764014573-0814T0630,2026-08-14T01:30:57-05:00,2015961,CLASE TEORICA,(5) Grupo 5,No informado,24,26
gh-31764014573-0814T0630,2026-08-14T01:30:57-05:00,2015961,CLASE TEORICA,(6) Grupo 6,Leonardo David Donado Garzon,24,26
gh-31764014573-0814T0630,2026-08-14T01:30:58-05:00,2015978,CLASE TEORICA,(1) Grupo 1,No informado,0,27
gh-31764014573-0814T0630,2026-08-14T01:30:58-05:00,2015978,CLASE TEORICA,(2) Grupo 2,Erasmo Alfredo Rodriguez Sandoval,30,27
gh-31764014573-0814T0630,2026-08-14T01:30:58-05:00,2015978,CLASE TEORICA,(3) Grupo 3,No informado,30,27
gh-31764014573-0814T0630,2026-08-14T01:30:58-05:00,2015978,CLASE TEORICA,(4) Grupo 4,No informado,30,27
gh-31764014573-0814T0630,2026-08-14T01:30:58-05:00,2015978,CLASE TEORICA,(5) Grupo 5,No informado,30,27
gh-31764014573-0814T0630,2026-08-14T01:30:59-05:00,2026135,CLASE TEORICA,(1) Grupo 1,NICOLAS ESCALANTE MORA,25,28
gh-31764014573-0814T0630,2026-08-14T01:30:59-05:00,2026135,CLASE TEORICA,(2) Grupo 2,Leonel Vega Mora,25,28
gh-31764014573-0814T0630,2026-08-14T01:30:59-05:00,2026135,CLASE TEORICA,(3) Grupo 3,Leonel Vega Mora,25,28
gh-31764014573-0814T0630,2026-08-14T01:31:00-05:00,2015963,CLASE TEORICA,(1) Grupo 1,No informado,30,29
gh-31764014573-0814T0630,2026-08-14T01:31:00-05:00,2015963,CLASE TEORICA,(2) Grupo 2,No informado,30,29
gh-31764014573-0814T0630,2026-08-14T01:31:00-05:00,2015963,CLASE TEORICA,(3) Grupo 3,William Castro Garcia,30,29
gh-31764014573-0814T0630,2026-08-14T01:31:01-05:00,2026138,CLASE TEORICA,(1) Grupo 1,Ivan Dario Serrano Arrieta,30,30
gh-31764014573-0814T0630,2026-08-14T01:31:01-05:00,2026138,CLASE TEORICA,(2) Grupo 2,Ivan Dario Serrano Arrieta,30,30
gh-31764014573-0814T0630,2026-08-14T01:31:01-05:00,2026138,CLASE TEORICA,(3) Grupo 3,Pedro Luis Jimenez Poveda,30,30
gh-31764014573-0814T0630,2026-08-14T01:31:03-05:00,2015703,NA,(1) Grupo 1,Angela Maria Arboleda Restrepo,40,31
gh-31764014573-0814T0630,2026-08-14T01:31:03-05:00,2015703,NA,(10) Grupo 10,Diego Alejandro Hernandez Castañeda,30,31
gh-31764014573-0814T0630,2026-08-14T01:31:03-05:00,2015703,NA,(11) Grupo 11,Julio Cesar Cañon Rodriguez,30,31
gh-31764014573-0814T0630,2026-08-14T01:31:03-05:00,2015703,NA,(2) Grupo 2,Osman Benjamin Giovanny Vargas Rozo,40,31
gh-31764014573-0814T0630,2026-08-14T01:31:03-05:00,2015703,NA,(3) Grupo 3,Hugo Alberto Herrera Fonseca,40,31
gh-31764014573-0814T0630,2026-08-14T01:31:03-05:00,2015703,NA,(4) Grupo 4,LINA JULIANA BULLA CASAS,30,31
gh-31764014573-0814T0630,2026-08-14T01:31:03-05:00,2015703,NA,(5) Grupo 5 - Virtual,Cesar Augusto Roa Lemus,60,31
gh-31764014573-0814T0630,2026-08-14T01:31:03-05:00,2015703,NA,(6) Grupo 6,JAVIER RICARDO OJEDA SANCHEZ,40,31
gh-31764014573-0814T0630,2026-08-14T01:31:03-05:00,2015703,NA,(7) Grupo 7,JAVIER RICARDO OJEDA SANCHEZ,20,31
gh-31764014573-0814T0630,2026-08-14T01:31:03-05:00,2015703,NA,(8) Grupo 8,Diego Alejandro Hernandez Castañeda,40,31
gh-31764014573-0814T0630,2026-08-14T01:31:03-05:00,2015703,NA,(9) Grupo 9,LINA JULIANA BULLA CASAS,35,31
gh-31764014573-0814T0630,2026-08-14T01:31:04-05:00,1000044-B,CLASE TEORICA,(1) Grupo 1,Beatriz Elena Urrutia Sanchez,26,32
gh-31764014573-0814T0630,2026-08-14T01:31:04-05:00,1000044-B,CLASE TEORICA,(2) Grupo 2,Yaneli Niño Osorio,26,32
gh-31764014573-0814T0630,2026-08-14T01:31:04-05:00,1000044-B,CLASE TEORICA,(3) Grupo 3,Luis Gabriel Peña Ortiz,26,32
gh-31764014573-0814T0630,2026-08-14T01:31:04-05:00,1000044-B,CLASE TEORICA,(4) Grupo 4,Liliana Marcela Guzman Aricapa,26,32
gh-31764014573-0814T0630,2026-08-14T01:31:04-05:00,1000044-B,CLASE TEORICA,(5) Grupo 5,Beatriz Elena Urrutia Sanchez,26,32
gh-31764014573-0814T0630,2026-08-14T01:31:04-05:00,1000044-B,CLASE TEORICA,(6) Grupo 6,Cesar Augusto Romero,26,32
gh-31764014573-0814T0630,2026-08-14T01:31:04-05:00,1000044-B,CLASE TEORICA,(7) Grupo 7,JOSE JONATHAN MAESTRE HERRERA,26,32
gh-31764014573-0814T0630,2026-08-14T01:31:04-05:00,1000044-B,CLASE TEORICA,(8) Grupo 8,Beymar Leonardo Solorzano Alviz,26,32
gh-31764014573-0814T0630,2026-08-14T01:31:04-05:00,1000044-B,CLASE TEORICA,(9) Grupo 9,Claudia Marcela Arevalo Gomez,7,32
gh-31764014573-0814T0630,2026-08-14T01:31:06-05:00,1000045-B,CLASE TEORICA,(1) Grupo 1,Claudia Marcela Arevalo Gomez,10,33
gh-31764014573-0814T0630,2026-08-14T01:31:06-05:00,1000045-B,CLASE TEORICA,(10) Grupo 10,Jesica paola Rendon Alfonso,26,33
gh-31764014573-0814T0630,2026-08-14T01:31:06-05:00,1000045-B,CLASE TEORICA,(11) Grupo 11,JOSE JONATHAN MAESTRE HERRERA,26,33
gh-31764014573-0814T0630,2026-08-14T01:31:06-05:00,1000045-B,CLASE TEORICA,(12) Grupo 12,LINDA JOHANA RUIZ GOMEZ,26,33
gh-31764014573-0814T0630,2026-08-14T01:31:06-05:00,1000045-B,CLASE TEORICA,(13) Grupo 13,Narly Yadira Pardo Cadena,26,33
gh-31764014573-0814T0630,2026-08-14T01:31:06-05:00,1000045-B,CLASE TEORICA,(14) Grupo 14,Angelica Saenz Fonseca,26,33
gh-31764014573-0814T0630,2026-08-14T01:31:06-05:00,1000045-B,CLASE TEORICA,(15) Grupo 15,Narly Yadira Pardo Cadena,26,33
gh-31764014573-0814T0630,2026-08-14T01:31:06-05:00,1000045-B,CLASE TEORICA,(16) Grupo 16,Luis Gabriel Peña Ortiz,26,33
gh-31764014573-0814T0630,2026-08-14T01:31:06-05:00,1000045-B,CLASE TEORICA,(2) Grupo 2,Cesar Augusto Romero,26,33
gh-31764014573-0814T0630,2026-08-14T01:31:06-05:00,1000045-B,CLASE TEORICA,(3) Grupo 3,Jesica paola Rendon Alfonso,26,33
gh-31764014573-0814T0630,2026-08-14T01:31:06-05:00,1000045-B,CLASE TEORICA,(4) Grupo 4,Adriana Marlen Sanchez Riaño,26,33
gh-31764014573-0814T0630,2026-08-14T01:31:06-05:00,1000045-B,CLASE TEORICA,(5) Grupo 5,Cesar Augusto Romero,26,33
gh-31764014573-0814T0630,2026-08-14T01:31:06-05:00,1000045-B,CLASE TEORICA,(6) Grupo 6,Sara Elisa Monsalve Patino,26,33
gh-31764014573-0814T0630,2026-08-14T01:31:06-05:00,1000045-B,CLASE TEORICA,(7) Grupo 7,Luis Gabriel Peña Ortiz,26,33
gh-31764014573-0814T0630,2026-08-14T01:31:06-05:00,1000045-B,CLASE TEORICA,(8) Grupo 8,Johnatan Martinez Hernandez,26,33
gh-31764014573-0814T0630,2026-08-14T01:31:06-05:00,1000045-B,CLASE TEORICA,(9) Grupo 9,Maureen Elizabeth Hooker Oneill,15,33
gh-31764014573-0814T0630,2026-08-14T01:31:08-05:00,1000046-B,CLASE TEORICA,(1) Grupo 1,Johnatan Martinez Hernandez,26,35
gh-31764014573-0814T0630,2026-08-14T01:31:08-05:00,1000046-B,CLASE TEORICA,(10) Grupo 10,Jennly Angelica Gomez Rodriguez,26,35
gh-31764014573-0814T0630,2026-08-14T01:31:08-05:00,1000046-B,CLASE TEORICA,(11) Grupo 11,Angelica Saenz Fonseca,26,35
gh-31764014573-0814T0630,2026-08-14T01:31:08-05:00,1000046-B,CLASE TEORICA,(12) Grupo 12,Liliana Marcela Guzman Aricapa,26,35
gh-31764014573-0814T0630,2026-08-14T01:31:08-05:00,1000046-B,CLASE TEORICA,(13) Grupo 13,ALBA LUCIA RIAÑO RODRIGUEZ,26,35
gh-31764014573-0814T0630,2026-08-14T01:31:08-05:00,1000046-B,CLASE TEORICA,(14) Grupo 14,Angelica Saenz Fonseca,26,35
gh-31764014573-0814T0630,2026-08-14T01:31:08-05:00,1000046-B,CLASE TEORICA,(15) Grupo 15,Luis Gabriel Peña Ortiz,26,35
gh-31764014573-0814T0630,2026-08-14T01:31:08-05:00,1000046-B,CLASE TEORICA,(16) Grupo 16,Olga Lucia Ruiz Convers,26,35
gh-31764014573-0814T0630,2026-08-14T01:31:08-05:00,1000046-B,CLASE TEORICA,(17) Grupo 17,Luis Gabriel Peña Ortiz,26,35
gh-31764014573-0814T0630,2026-08-14T01:31:08-05:00,1000046-B,CLASE TEORICA,(18) Grupo 18,Narly Yadira Pardo Cadena,26,35
gh-31764014573-0814T0630,2026-08-14T01:31:08-05:00,1000046-B,CLASE TEORICA,(2) Grupo 2,Jesica paola Rendon Alfonso,26,35
gh-31764014573-0814T0630,2026-08-14T01:31:08-05:00,1000046-B,CLASE TEORICA,(3) Grupo 3,JESUS DAVID TORRES RODRIGUEZ,26,35
gh-31764014573-0814T0630,2026-08-14T01:31:08-05:00,1000046-B,CLASE TEORICA,(4) Grupo 4,Claudia Patricia Cortes Lora,26,35
gh-31764014573-0814T0630,2026-08-14T01:31:08-05:00,1000046-B,CLASE TEORICA,(5) Grupo 5,Johnatan Martinez Hernandez,26,35
gh-31764014573-0814T0630,2026-08-14T01:31:08-05:00,1000046-B,CLASE TEORICA,(6) Grupo 6,Johnatan Martinez Hernandez,26,35
gh-31764014573-0814T0630,2026-08-14T01:31:08-05:00,1000046-B,CLASE TEORICA,(7) Grupo 7,Jesica paola Rendon Alfonso,26,35
gh-31764014573-0814T0630,2026-08-14T01:31:08-05:00,1000046-B,CLASE TEORICA,(8) Grupo 8,Beatriz Elena Urrutia Sanchez,26,35
gh-31764014573-0814T0630,2026-08-14T01:31:08-05:00,1000046-B,CLASE TEORICA,(9) Grupo 9,Maureen Elizabeth Hooker Oneill,10,35
gh-31764014573-0814T0630,2026-08-14T01:31:11-05:00,1000052-B,CLASE TEORICA,(1) Grupo 1,Liliana Marcela Guzman Aricapa,28,37
gh-31764014573-0814T0630,2026-08-14T01:31:11-05:00,1000052-B,CLASE TEORICA,(2) Grupo 2,JOSE JONATHAN MAESTRE HERRERA,28,37
gh-31764014573-0814T0630,2026-08-14T01:31:11-05:00,1000052-B,CLASE TEORICA,(3) Grupo 3,Aida Elena Monsalve Solorzano,28,37
gh-31764014573-0814T0630,2026-08-14T01:31:12-05:00,1000053-B,CLASE TEORICA,(1) Grupo 1,Jennly Angelica Gomez Rodriguez,28,38
gh-31764014573-0814T0630,2026-08-14T01:31:12-05:00,1000053-B,CLASE TEORICA,(2) Grupo 2,Yaneli Niño Osorio,28,38
gh-31764014573-0814T0630,2026-08-14T01:31:12-05:00,1000053-B,CLASE TEORICA,(3) Grupo 3,Javier Rodriguez Gomez,30,38
gh-31764014573-0814T0630,2026-08-14T01:31:12-05:00,1000053-B,CLASE TEORICA,(4) Grupo 4,Javier Rodriguez Gomez,30,38
gh-31764014573-0814T0630,2026-08-14T01:31:12-05:00,1000053-B,CLASE TEORICA,(5) Grupo 5,LINDA JOHANA RUIZ GOMEZ,28,38
gh-31764014573-0814T0630,2026-08-14T01:31:12-05:00,1000053-B,CLASE TEORICA,(6) Grupo 6,Olga Lucia Ruiz Convers,28,38
gh-31764014573-0814T0630,2026-08-14T01:31:14-05:00,1000047-B,CLASE TEORICA,(1) Grupo 1,Cesar Augusto Romero,26,39
gh-31764014573-0814T0630,2026-08-14T01:31:14-05:00,1000047-B,CLASE TEORICA,(10) Grupo 10,Monica Alexandra Riaño Orjuela,26,39
gh-31764014573-0814T0630,2026-08-14T01:31:14-05:00,1000047-B,CLASE TEORICA,(11) Grupo 11,Jennly Angelica Gomez Rodriguez,26,39
gh-31764014573-0814T0630,2026-08-14T01:31:14-05:00,1000047-B,CLASE TEORICA,(12) Grupo 12,Claudia Patricia Cortes Lora,26,39
gh-31764014573-0814T0630,2026-08-14T01:31:14-05:00,1000047-B,CLASE TEORICA,(13) Grupo 13,Angelica Saenz Fonseca,26,39
gh-31764014573-0814T0630,2026-08-14T01:31:14-05:00,1000047-B,CLASE TEORICA,(14) Grupo 14,LINDA JOHANA RUIZ GOMEZ,26,39
gh-31764014573-0814T0630,2026-08-14T01:31:14-05:00,1000047-B,CLASE TEORICA,(15) Grupo 15,Claudia Patricia Cortes Lora,26,39
gh-31764014573-0814T0630,2026-08-14T01:31:14-05:00,1000047-B,CLASE TEORICA,(16) Grupo 16,Narly Yadira Pardo Cadena,26,39
gh-31764014573-0814T0630,2026-08-14T01:31:14-05:00,1000047-B,CLASE TEORICA,(17) Grupo 17,Angelica Saenz Fonseca,26,39
gh-31764014573-0814T0630,2026-08-14T01:31:14-05:00,1000047-B,CLASE TEORICA,(18) Grupo 18,ALBA LUCIA RIAÑO RODRIGUEZ,26,39
gh-31764014573-0814T0630,2026-08-14T01:31:14-05:00,1000047-B,CLASE TEORICA,(19) Grupo 19,Aida Elena Monsalve Solorzano,26,39
gh-31764014573-0814T0630,2026-08-14T01:31:14-05:00,1000047-B,CLASE TEORICA,(2) Grupo 2,Yaneli Niño Osorio,26,39
gh-31764014573-0814T0630,2026-08-14T01:31:14-05:00,1000047-B,CLASE TEORICA,(20) Grupo 20,ALBA LUCIA RIAÑO RODRIGUEZ,26,39
gh-31764014573-0814T0630,2026-08-14T01:31:14-05:00,1000047-B,CLASE TEORICA,(21) Grupo 21,Edwin Yesid Leon Silva,26,39
gh-31764014573-0814T0630,2026-08-14T01:31:14-05:00,1000047-B,CLASE TEORICA,(22) Grupo 22,LINDA JOHANA RUIZ GOMEZ,26,39
gh-31764014573-0814T0630,2026-08-14T01:31:14-05:00,1000047-B,CLASE TEORICA,(3) Grupo 3,Monica Alexandra Riaño Orjuela,26,39
gh-31764014573-0814T0630,2026-08-14T01:31:14-05:00,1000047-B,CLASE TEORICA,(4) Grupo 4,Claudia Patricia Cortes Lora,26,39
gh-31764014573-0814T0630,2026-08-14T01:31:14-05:00,1000047-B,CLASE TEORICA,(5) Grupo 5,Olga Lucia Ruiz Convers,26,39
gh-31764014573-0814T0630,2026-08-14T01:31:14-05:00,1000047-B,CLASE TEORICA,(6) Grupo 6,Monica Alexandra Riaño Orjuela,26,39
gh-31764014573-0814T0630,2026-08-14T01:31:14-05:00,1000047-B,CLASE TEORICA,(7) Grupo 7,Cesar Augusto Romero,26,39
gh-31764014573-0814T0630,2026-08-14T01:31:14-05:00,1000047-B,CLASE TEORICA,(8) Grupo 8,Beatriz Elena Urrutia Sanchez,26,39
gh-31764014573-0814T0630,2026-08-14T01:31:14-05:00,1000047-B,CLASE TEORICA,(9) Grupo 9,Keshia Hilary Howard Livingston,15,39
gh-31764014573-0814T0630,2026-08-14T01:31:16-05:00,2026186,CLASE TEORICA,(1) Grupo 1,Carol Andrea Murillo Feo,7,41
gh-31764014573-0814T0630,2026-08-14T01:31:16-05:00,2026186,CLASE TEORICA,(2) Grupo 2,Leonel Vega Mora,0,41
gh-31764014573-0814T0630,2026-08-14T01:31:16-05:00,2026186,CLASE TEORICA,(4) Grupo 4,Carlos Orlando Robles Roa,10,41
gh-31764014573-0814T0630,2026-08-14T01:31:18-05:00,1000002-B,CLASE TEORICA,(1) Grupo 1 - Clase Presencial,Ruth Andrea Cortés Suárez,1,42
gh-31764014573-0814T0630,2026-08-14T01:31:18-05:00,1000002-B,CLASE TEORICA,(10) Grupo 10 - Clase presencial,Karen Johanna Castelblanco Villamil,0,42
gh-31764014573-0814T0630,2026-08-14T01:31:18-05:00,1000002-B,CLASE TEORICA,(2) Grupo 2 - Clase Presencial,Ruth Andrea Cortés Suárez,0,42
gh-31764014573-0814T0630,2026-08-14T01:31:18-05:00,1000002-B,CLASE TEORICA,(3) Grupo 3 - Clase Presencial,Adriana Patricia Díaz Cuevas,0,42
gh-31764014573-0814T0630,2026-08-14T01:31:18-05:00,1000002-B,CLASE TEORICA,(4) Grupo 4 - Clase Presencial,Adriana Patricia Díaz Cuevas,0,42
gh-31764014573-0814T0630,2026-08-14T01:31:18-05:00,1000002-B,CLASE TEORICA,(5) Grupo 5 - Clase Presencial,Andres Felipe Escovar Barreto,0,42
gh-31764014573-0814T0630,2026-08-14T01:31:18-05:00,1000002-B,CLASE TEORICA,(6) Grupo 6 - Clase Presencial,Ruth Andrea Cortés Suárez,0,42
gh-31764014573-0814T0630,2026-08-14T01:31:18-05:00,1000002-B,CLASE TEORICA,(7) Grupo 7 - Clase Presencial,Karen Johanna Castelblanco Villamil,0,42
gh-31764014573-0814T0630,2026-08-14T01:31:18-05:00,1000002-B,CLASE TEORICA,(8) Grupo 8 - Clase Presencial,Adriana Patricia Díaz Cuevas,0,42
gh-31764014573-0814T0630,2026-08-14T01:31:18-05:00,1000002-B,CLASE TEORICA,(9) Grupo 9 - Clase Presencial,Carlas Lucia Castilla Lara,10,42
gh-31764014573-0814T0630,2026-08-14T01:31:19-05:00,1000001-B,CLASE TEORICA,(1) Grupo 1,No informado,0,43
gh-31764014573-0814T0630,2026-08-14T01:31:19-05:00,1000001-B,CLASE TEORICA,(19) Grupo 19,No informado,5,43
gh-31764014573-0814T0630,2026-08-14T01:31:19-05:00,1000001-B,CLASE TEORICA,(2) Grupo 2,No informado,10,43
gh-31764014573-0814T0630,2026-08-14T01:31:19-05:00,1000001-B,CLASE MAGISTRAL,(1) Grupo 1,Ibeth Marcela Rubio Perilla,0,43
gh-31764014573-0814T0630,2026-08-14T01:31:19-05:00,1000001-B,CLASE MAGISTRAL,(10) Grupo 10,No informado,0,43
gh-31764014573-0814T0630,2026-08-14T01:31:19-05:00,1000001-B,CLASE MAGISTRAL,(2) Grupo 2,Herbert Alonso Dueñas Ruiz,0,43
gh-31764014573-0814T0630,2026-08-14T01:31:19-05:00,1000001-B,CLASE MAGISTRAL,(3) Grupo 3,Jeanneth Galeano Penaloza,0,43
gh-31764014573-0814T0630,2026-08-14T01:31:19-05:00,1000001-B,CLASE MAGISTRAL,(4) Grupo 4,Gustavo Adolfo Nieto Clavijo,0,43
gh-31764014573-0814T0630,2026-08-14T01:31:19-05:00,1000001-B,CLASE MAGISTRAL,(5) Grupo 5,Natalia Camila Pinzon Cortes,1,43
gh-31764014573-0814T0630,2026-08-14T01:31:19-05:00,1000001-B,CLASE MAGISTRAL,(6) Grupo 6,Martha Cecilia Moreno Penagos,0,43
gh-31764014573-0814T0630,2026-08-14T01:31:19-05:00,1000001-B,CLASE MAGISTRAL,(7) Grupo 7,Claudio Rodriguez Beltran,0,43
gh-31764014573-0814T0630,2026-08-14T01:31:19-05:00,1000001-B,CLASE MAGISTRAL,(8) Grupo 8,Gabriel Ignacio Padilla Leon,1,43
gh-31764014573-0814T0630,2026-08-14T01:31:19-05:00,1000001-B,CLASE MAGISTRAL,(9) Grupo 9,No informado,10,43
gh-31764014573-0814T0630,2026-08-14T01:31:21-05:00,2015965,CLASE TEORICA,(1) Grupo 1,CAMILO RIOS FRESNEDA,24,44
gh-31764014573-0814T0630,2026-08-14T01:31:21-05:00,2015965,CLASE TEORICA,(2) Grupo 2,Julian David Puerto Suarez; Vladimir Buelvas Hernández,24,44
gh-31764014573-0814T0630,2026-08-14T01:31:21-05:00,2015965,CLASE TEORICA,(3) Grupo 3,Ferney Betancourt Cardozo; Juan Manuel Lizarazo Marriaga,24,44
gh-31764014573-0814T0630,2026-08-14T01:31:21-05:00,2015965,CLASE TEORICA,(4) Grupo 4,No informado,24,44
gh-31764014573-0814T0630,2026-08-14T01:31:22-05:00,2015966,CLASE TEORICA,(1) Grupo 1,No informado,24,45
gh-31764014573-0814T0630,2026-08-14T01:31:22-05:00,2015966,CLASE TEORICA,(2) Grupo 2,Adriana Patricia Piña Fulano,24,45
gh-31764014573-0814T0630,2026-08-14T01:31:22-05:00,2015966,CLASE TEORICA,(3) Grupo 3,Rafael Orland Ortiz Mosquera,24,45
gh-31764014573-0814T0630,2026-08-14T01:31:22-05:00,2015966,CLASE TEORICA,(4) Grupo 4,No informado,24,45
gh-31764014573-0814T0630,2026-08-14T01:31:22-05:00,2015966,CLASE TEORICA,(5) Grupo 5,No informado,24,45
gh-31764014573-0814T0630,2026-08-14T01:31:22-05:00,2015966,CLASE TEORICA,(6) Grupo 6,Luis Alejandro Morales Marin,24,45
gh-31764014573-0814T0630,2026-08-14T01:31:22-05:00,2015966,CLASE TEORICA,(7) Grupo 7,No informado,24,45
gh-31764014573-0814T0630,2026-08-14T01:31:22-05:00,2015966,CLASE TEORICA,(8) Grupo 8,No informado,24,45
gh-31764014573-0814T0630,2026-08-14T01:31:23-05:00,2015967,NA,(1) Grupo 1,Vladimir Buelvas Hernández,24,46
gh-31764014573-0814T0630,2026-08-14T01:31:24-05:00,2015968,CLASE TEORICA,(1) Grupo 1,Ricardo Parra Arango,24,47
gh-31764014573-0814T0630,2026-08-14T01:31:24-05:00,2015968,CLASE TEORICA,(2) Grupo 2,Juan David Oliveros Salazar,24,47
gh-31764014573-0814T0630,2026-08-14T01:31:24-05:00,2015968,CLASE TEORICA,(3) Grupo 3,No informado,24,47
gh-31764014573-0814T0630,2026-08-14T01:31:24-05:00,2015968,CLASE TEORICA,(4) Grupo 4,Ricardo Parra Arango,24,47
gh-31764014573-0814T0630,2026-08-14T01:31:24-05:00,2015968,CLASE TEORICA,(5) Grupo 5,Julian David Puerto Suarez,24,47
gh-31764014573-0814T0630,2026-08-14T01:31:24-05:00,2015968,CLASE TEORICA,(6) Grupo 6,Dorian Luis Linero Segrera,24,47
gh-31764014573-0814T0630,2026-08-14T01:31:24-05:00,2015968,CLASE TEORICA,(7) Grupo 7,No informado,0,47
gh-31764014573-0814T0630,2026-08-14T01:31:26-05:00,2015969,CLASE TEORICA,(1) Grupo 1 (Inglés),Julio Esteban Colmenares Montañez,30,48
gh-31764014573-0814T0630,2026-08-14T01:31:26-05:00,2015969,CLASE TEORICA,(2) Grupo 2,Guillermo Eduardo Avila Alvarez,30,48
gh-31764014573-0814T0630,2026-08-14T01:31:26-05:00,2015969,CLASE TEORICA,(3) Grupo 3,Livaniel Viveros Rosero,30,48
gh-31764014573-0814T0630,2026-08-14T01:31:26-05:00,2015969,CLASE TEORICA,(4) Grupo 4,No informado,30,48
gh-31764014573-0814T0630,2026-08-14T01:31:27-05:00,2015970,CLASE PRACTICA,(4) Grupo 4,Helga Duarte,30,49
gh-31764014573-0814T0630,2026-08-14T01:31:27-05:00,2015970,CLASE PRACTICA,(5) Grupo 5,Oswaldo Rojas Camacho,45,49
gh-31764014573-0814T0630,2026-08-14T01:31:27-05:00,2015970,CLASE PRACTICA,(8) Grupo 8,Helga Duarte,30,49
gh-31764014573-0814T0630,2026-08-14T01:31:27-05:00,2015970,CLASE PRACTICA,(9) Grupo 9,Oswaldo Rojas Camacho,45,49
gh-31764014573-0814T0630,2026-08-14T01:31:28-05:00,2017293,CLASE TEORICA,(1) 2017293-1 Modelación matemática,JUAN SEBASTIÁN HINCAPIÉ MONTES,34,50
gh-31764014573-0814T0630,2026-08-14T01:31:28-05:00,2017293,CLASE TEORICA,(2) 2017293-2 Modelación matemática,JUAN SEBASTIÁN HINCAPIÉ MONTES,34,50
gh-31764014573-0814T0630,2026-08-14T01:31:28-05:00,2017293,CLASE MAGISTRAL,(1M) 2017293-1M Modelación matemática - Magistral,Carlos Alberto Duque Daza,80,50
gh-31764014573-0814T0630,2026-08-14T01:31:32-05:00,2015971,CLASE TEORICA,(1) Grupo 1,No informado,30,53
gh-31764014573-0814T0630,2026-08-14T01:31:32-05:00,2015971,CLASE TEORICA,(2) Grupo 2,Ferney Betancourt Cardozo,30,53
gh-31764014573-0814T0630,2026-08-14T01:31:32-05:00,2015971,CLASE TEORICA,(3) Grupo 3,No informado,30,53
gh-31764014573-0814T0630,2026-08-14T01:31:33-05:00,2015972,CLASE TEORICA,(1) Grupo 1,Carlos Alberto Moncada Aristizabal,15,54
gh-31764014573-0814T0630,2026-08-14T01:31:33-05:00,2015972,CLASE TEORICA,(2) Grupo 2,SANTIAGO RAMIREZ ECHEVERRI,15,54
gh-31764014573-0814T0630,2026-08-14T01:31:33-05:00,2015972,CLASE TEORICA,(3) Grupo 3,No informado,15,54
gh-31764014573-0814T0630,2026-08-14T01:31:34-05:00,1000024-B,CLASE TEORICA,(12) Grupo 12,Edgar Delgado Mejia,0,55
gh-31764014573-0814T0630,2026-08-14T01:31:34-05:00,1000024-B,CLASE TEORICA,(13) Grupo 13,Jesus Sigifredo Valencia Rios,0,55
gh-31764014573-0814T0630,2026-08-14T01:31:34-05:00,1000024-B,CLASE TEORICA,(14) Grupo 14,Jhon Jairo Aragón Arias,10,55
gh-31764014573-0814T0630,2026-08-14T01:31:35-05:00,1000013-B,CLASE TEORICA,(1) Grupo 1,JHONIER SEBASTIAN RANGEL GUTIERREZ,0,56
gh-31764014573-0814T0630,2026-08-14T01:31:35-05:00,1000013-B,CLASE TEORICA,(10) Grupo 10,Sandra Vergara Cardozo,35,56
gh-31764014573-0814T0630,2026-08-14T01:31:35-05:00,1000013-B,CLASE TEORICA,(11) Grupo 11,DIEGO ALBERTO MARTINEZ SIMBAQUEVA,40,56
gh-31764014573-0814T0630,2026-08-14T01:31:35-05:00,1000013-B,CLASE TEORICA,(12) Grupo 12,DIEGO ALBERTO MARTINEZ SIMBAQUEVA,40,56
gh-31764014573-0814T0630,2026-08-14T01:31:35-05:00,1000013-B,CLASE TEORICA,(13) Grupo 13,DIEGO ALBERTO MARTINEZ SIMBAQUEVA,30,56
gh-31764014573-0814T0630,2026-08-14T01:31:35-05:00,1000013-B,CLASE TEORICA,(14) Grupo 14,Andrea Catalina Garcia Montoya,45,56
gh-31764014573-0814T0630,2026-08-14T01:31:35-05:00,1000013-B,CLASE TEORICA,(16) Grupo 16,Sergio Alejandro Calderon Villanueva,30,56
gh-31764014573-0814T0630,2026-08-14T01:31:35-05:00,1000013-B,CLASE TEORICA,(2) Grupo 2,Luis Guillermo Diaz Monroy,40,56
gh-31764014573-0814T0630,2026-08-14T01:31:35-05:00,1000013-B,CLASE TEORICA,(22) Grupo 22,Hanwen Zhang,45,56
gh-31764014573-0814T0630,2026-08-14T01:31:35-05:00,1000013-B,CLASE TEORICA,(23) Grupo 23,ULPIANO LARA CRISTANCHO,0,56
gh-31764014573-0814T0630,2026-08-14T01:31:35-05:00,1000013-B,CLASE TEORICA,(3) Grupo 3,Diana Carolina Franco Soto,40,56
gh-31764014573-0814T0630,2026-08-14T01:31:35-05:00,1000013-B,CLASE TEORICA,(4) Grupo 4,Diana Carolina Franco Soto,40,56
gh-31764014573-0814T0630,2026-08-14T01:31:35-05:00,1000013-B,CLASE TEORICA,(5) Grupo 5,Darwin Eduardo Martínez Riaño,35,56
gh-31764014573-0814T0630,2026-08-14T01:31:35-05:00,1000013-B,CLASE TEORICA,(6) Grupo 6,Darwin Eduardo Martínez Riaño,35,56
gh-31764014573-0814T0630,2026-08-14T01:31:35-05:00,1000013-B,CLASE TEORICA,(7) Grupo 7,Camilo Jose Torres Jimenez,40,56
gh-31764014573-0814T0630,2026-08-14T01:31:37-05:00,2015734,NA,(1) Grupo 1,Fernando Salazar Delgado,6,57
gh-31764014573-0814T0630,2026-08-14T01:31:37-05:00,2015734,NA,(10) Grupo 10,Tito Florez Calderon,4,57
gh-31764014573-0814T0630,2026-08-14T01:31:37-05:00,2015734,NA,(11) Grupo 11,DAVID ALBERTO HERRERA ALVAREZ,0,57
gh-31764014573-0814T0630,2026-08-14T01:31:37-05:00,2015734,NA,(12) Grupo 12,FABIEL NATÁN ESPINOSA CASTAÑEDA,1,57
gh-31764014573-0814T0630,2026-08-14T01:31:37-05:00,2015734,NA,(13) Grupo 13,SERGIO CAMILO ESPINOSA BOTERO,4,57
gh-31764014573-0814T0630,2026-08-14T01:31:37-05:00,2015734,NA,(14) Grupo 14,Felipe Gonzalez Roldan,0,57
gh-31764014573-0814T0630,2026-08-14T01:31:37-05:00,2015734,NA,(2) Grupo 2,Fernando Salazar Delgado,16,57
gh-31764014573-0814T0630,2026-08-14T01:31:37-05:00,2015734,NA,(3) Grupo 3,Jhoan Sebastian Restrepo Mendoza,0,57
gh-31764014573-0814T0630,2026-08-14T01:31:37-05:00,2015734,NA,(4) Grupo 4,Sandra Liliana Rojas Martinez,0,57
gh-31764014573-0814T0630,2026-08-14T01:31:37-05:00,2015734,NA,(5) Grupo 5,Jhoan Sebastian Restrepo Mendoza,0,57
gh-31764014573-0814T0630,2026-08-14T01:31:37-05:00,2015734,NA,(6) Grupo 6,SERGIO CAMILO ESPINOSA BOTERO,8,57
gh-31764014573-0814T0630,2026-08-14T01:31:37-05:00,2015734,NA,(7) Grupo 7,No informado,3,57
gh-31764014573-0814T0630,2026-08-14T01:31:37-05:00,2015734,NA,(8) Grupo 8 - Virtual,FABIEL NATÁN ESPINOSA CASTAÑEDA,30,57
gh-31764014573-0814T0630,2026-08-14T01:31:37-05:00,2015734,NA,(9) Grupo 9,Alvaro Reynel Córdoba,18,57
gh-31764014573-0814T0630,2026-08-14T01:31:40-05:00,2015973,CLASE TEORICA,(1) Grupo 1,No informado,25,59
gh-31764014573-0814T0630,2026-08-14T01:31:40-05:00,2015973,CLASE TEORICA,(2) Grupo 2,GABRIELA ARRIETA LOYO,25,59
gh-31764014573-0814T0630,2026-08-14T01:31:40-05:00,2015973,CLASE TEORICA,(3) Grupo 3,NICOLAS ESCALANTE MORA,25,59
gh-31764014573-0814T0630,2026-08-14T01:31:41-05:00,2022761,NA,(1) Grupo 1,Servio Javier Contreras Guerrero,15,60
gh-31764014573-0814T0630,2026-08-14T01:31:41-05:00,2022761,NA,(2) Grupo 2,Servio Javier Contreras Guerrero,15,60
gh-31764014573-0814T0630,2026-08-14T01:31:41-05:00,2022761,NA,(3) Grupo 3,Samuel Fernando Mesa Giraldo,15,60
gh-31764014573-0814T0630,2026-08-14T01:31:42-05:00,2024045,CLASE TEORICA,(1) 2024045-1 Taller de proyectos interdisciplinarios,No informado,0,61
gh-31764014573-0814T0630,2026-08-14T01:31:42-05:00,2024045,CLASE TEORICA,(10) 2024045-10 Taller de proyectos interdisciplinarios,Oscar Andres Eraso Eraso,0,61
gh-31764014573-0814T0630,2026-08-14T01:31:42-05:00,2024045,CLASE TEORICA,(11) 2024045-11 Taller de proyectos interdisciplinarios,No informado,0,61
gh-31764014573-0814T0630,2026-08-14T01:31:42-05:00,2024045,CLASE TEORICA,(12) 2024045-12 Taller de proyectos interdisciplinarios,Hector Julian Garcia Otalora,200,61
gh-31764014573-0814T0630,2026-08-14T01:31:42-05:00,2024045,CLASE TEORICA,(13) 2024045-13 Taller de proyectos interdisciplinarios,No informado,0,61
gh-31764014573-0814T0630,2026-08-14T01:31:42-05:00,2024045,CLASE TEORICA,(14) 2024045-14 Taller de proyectos interdisciplinarios,Dolly Santos Barbosa,0,61
gh-31764014573-0814T0630,2026-08-14T01:31:42-05:00,2024045,CLASE TEORICA,(15) 2024045-15 Taller de proyectos interdisciplinarios,Oscar Andres Eraso Eraso,0,61
gh-31764014573-0814T0630,2026-08-14T01:31:42-05:00,2024045,CLASE TEORICA,(16) 2024045-16 Taller de proyectos interdisciplinarios,Luis Ignacio Rodriguez Varela,0,61
gh-31764014573-0814T0630,2026-08-14T01:31:42-05:00,2024045,CLASE TEORICA,(17) 2024045-17 Taller de proyectos interdisciplinarios,JOHANA CATALINA MANOSALVA BARRERA,0,61
gh-31764014573-0814T0630,2026-08-14T01:31:42-05:00,2024045,CLASE TEORICA,(18) 2024045-18 Taller de proyectos interdisciplinarios,Fernando Bernal Martinez,0,61
gh-31764014573-0814T0630,2026-08-14T01:31:42-05:00,2024045,CLASE TEORICA,(19) 2024045-19 Taller de proyectos interdisciplinarios,FRANCISCO JAVIER VÁSQUEZ VÁSQUEZ,0,61
gh-31764014573-0814T0630,2026-08-14T01:31:42-05:00,2024045,CLASE TEORICA,(2) 2024045-2 Taller de proyectos interdisciplinarios,Fernando Bernal Martinez,0,61
gh-31764014573-0814T0630,2026-08-14T01:31:42-05:00,2024045,CLASE TEORICA,(21) 2024045-21 Taller de proyectos interdisciplinarios,No informado,0,61
gh-31764014573-0814T0630,2026-08-14T01:31:42-05:00,2024045,CLASE TEORICA,(22) 2024045-22 Taller de proyectos interdisciplinarios,Ubaldo Garcia Zaragoza,0,61
gh-31764014573-0814T0630,2026-08-14T01:31:42-05:00,2024045,CLASE TEORICA,(23) 2024045-23 Taller de proyectos interdisciplinarios,No informado,0,61
gh-31764014573-0814T0630,2026-08-14T01:31:42-05:00,2024045,CLASE TEORICA,(24) 2024045-24 Taller de proyectos interdisciplinarios,Hector Julian Garcia Otalora,200,61
gh-31764014573-0814T0630,2026-08-14T01:31:42-05:00,2024045,CLASE TEORICA,(3) 2024045-3 Taller de proyectos interdisciplinarios,Guillermo Alberto Rocha Casas,0,61
gh-31764014573-0814T0630,2026-08-14T01:31:42-05:00,2024045,CLASE TEORICA,(4) 2024045-4 Taller de proyectos interdisciplinarios,Francy Nayely Prieto Novoa,0,61
gh-31764014573-0814T0630,2026-08-14T01:31:42-05:00,2024045,CLASE TEORICA,(40) 2024045-40 TPI-- NO BORRAR-- BLOQ ESPACIOS,No informado,0,61
gh-31764014573-0814T0630,2026-08-14T01:31:42-05:00,2024045,CLASE TEORICA,(5) 2024045-5 Taller de proyectos interdisciplinarios,Nubia Carmenza Moreno Sarmiento,0,61
gh-31764014573-0814T0630,2026-08-14T01:31:42-05:00,2024045,CLASE TEORICA,(6) 2024045-6 Taller de proyectos interdisciplinarios,JOHANA CATALINA MANOSALVA BARRERA,0,61
gh-31764014573-0814T0630,2026-08-14T01:31:42-05:00,2024045,CLASE TEORICA,(7) 2024045-7 Taller de proyectos interdisciplinarios,Ubaldo Garcia Zaragoza,0,61
gh-31764014573-0814T0630,2026-08-14T01:31:42-05:00,2024045,CLASE TEORICA,(8) 2024045-8 Taller de proyectos interdisciplinarios,JHON FREDDY LOPEZ MEDINA,0,61
gh-31764014573-0814T0630,2026-08-14T01:31:42-05:00,2024045,CLASE TEORICA,(9) 2024045-9 Taller de proyectos interdisciplinarios,Manuel Alejandro Mayorga Betancourt,0,61
gh-31764014573-0814T0630,2026-08-14T01:31:44-05:00,2015296,NA,(1) Grupo 1,Leonardo David Donado Garzon,5,62
gh-31764014573-0814T0630,2026-08-14T01:31:44-05:00,2015296,NA,(10) Grupo 10,Juan Manuel Lizarazo Marriaga,5,62
gh-31764014573-0814T0630,2026-08-14T01:31:44-05:00,2015296,NA,(11) Grupo 11,Octavio Coronado Garcia,5,62
gh-31764014573-0814T0630,2026-08-14T01:31:44-05:00,2015296,NA,(12) Grupo 12,Carol Andrea Murillo Feo,5,62
gh-31764014573-0814T0630,2026-08-14T01:31:44-05:00,2015296,NA,(13) Grupo 13,CAMILO RIOS FRESNEDA,5,62
gh-31764014573-0814T0630,2026-08-14T01:31:44-05:00,2015296,NA,(14) Grupo 14,William Castro Garcia,5,62
gh-31764014573-0814T0630,2026-08-14T01:31:44-05:00,2015296,NA,(15) Grupo 15,Luis Alejandro Morales Marin,5,62
gh-31764014573-0814T0630,2026-08-14T01:31:44-05:00,2015296,NA,(16) Grupo 16,Ferney Betancourt Cardozo,5,62
gh-31764014573-0814T0630,2026-08-14T01:31:44-05:00,2015296,NA,(17) Grupo 17,Maria Alejandra Caicedo Londoño,5,62
gh-31764014573-0814T0630,2026-08-14T01:31:44-05:00,2015296,NA,(18) Grupo 18,Guillermo Eduardo Avila Alvarez,5,62
gh-31764014573-0814T0630,2026-08-14T01:31:44-05:00,2015296,NA,(19) Grupo 19,Carlos Alfonso Gomez Guacaneme,0,62
gh-31764014573-0814T0630,2026-08-14T01:31:44-05:00,2015296,NA,(2) Grupo 2,Carlos Orlando Robles Roa,5,62
gh-31764014573-0814T0630,2026-08-14T01:31:44-05:00,2015296,NA,(3) Grupo 3,Angela Barrera Puerto,5,62
gh-31764014573-0814T0630,2026-08-14T01:31:44-05:00,2015296,NA,(4) Grupo 4,Mauricio Alberto Tapias Camacho,5,62
gh-31764014573-0814T0630,2026-08-14T01:31:44-05:00,2015296,NA,(5) Grupo 5,Maritzabel Molina Herrera,5,62
gh-31764014573-0814T0630,2026-08-14T01:31:44-05:00,2015296,NA,(6) Grupo 6,Rodolfo Rodriguez Baracaldo,5,62
gh-31764014573-0814T0630,2026-08-14T01:31:44-05:00,2015296,NA,(7) Grupo 7,SANTIAGO RAMIREZ ECHEVERRI,5,62
gh-31764014573-0814T0630,2026-08-14T01:31:44-05:00,2015296,NA,(8) Grupo 8,Jose Ricardo Martinez Vargas,5,62
gh-31764014573-0814T0630,2026-08-14T01:31:44-05:00,2015296,NA,(9) Grupo 9,GABRIELA ARRIETA LOYO,5,62
gh-31764014573-0814T0630,2026-08-14T01:31:45-05:00,2015299,CLASE TEORICA,(1) Grupo 1,GABRIELA ARRIETA LOYO,51,63
gh-31764014573-0814T0700,2026-08-14T02:00:24-05:00,2015938,CLASE TEORICA,(1) Grupo 1,Maria Alejandra Caicedo Londoño,25,0
gh-31764014573-0814T0700,2026-08-14T02:00:24-05:00,2015938,CLASE TEORICA,(2) Grupo 2,Maria Alejandra Caicedo Londoño,25,0
gh-31764014573-0814T0700,2026-08-14T02:00:24-05:00,2015938,CLASE TEORICA,(3) Grupo 3,JOSE LUIS DIAZ AREVALO,25,0
gh-31764014573-0814T0700,2026-08-14T02:00:24-05:00,2015938,CLASE TEORICA,(4) Grupo 4,JOSE LUIS DIAZ AREVALO,24,0
gh-31764014573-0814T0700,2026-08-14T02:00:25-05:00,2015939,CLASE TEORICA,(1) Grupo 1,ALVARO MARTIN GUTIERREZ MALAXECHEBARRIA,25,1
gh-31764014573-0814T0700,2026-08-14T02:00:25-05:00,2015939,CLASE TEORICA,(2) Grupo 2,ALVARO MARTIN GUTIERREZ MALAXECHEBARRIA,25,1
gh-31764014573-0814T0700,2026-08-14T02:00:25-05:00,2015939,CLASE TEORICA,(3) Grupo 3,Edder Alexander Velandia Duran,25,1
gh-31764014573-0814T0700,2026-08-14T02:00:25-05:00,2015939,CLASE TEORICA,(4) Grupo 4,No informado,25,1
gh-31764014573-0814T0700,2026-08-14T02:00:27-05:00,1000003-B,NA,(1) Grupo 1,Erika Lorena Rosero Alzate; Oscar Andrés Rojas Sepúlveda,0,2
gh-31764014573-0814T0700,2026-08-14T02:00:27-05:00,1000003-B,NA,(10) Grupo 10,Epifanio Lozano Ayala,14,2
gh-31764014573-0814T0700,2026-08-14T02:00:27-05:00,1000003-B,NA,(11) Grupo 11,No informado,60,2
gh-31764014573-0814T0700,2026-08-14T02:00:27-05:00,1000003-B,NA,(12) Grupo 12,No informado,40,2
gh-31764014573-0814T0700,2026-08-14T02:00:27-05:00,1000003-B,NA,(13) Grupo 13,Mohammed EL AIDI,40,2
gh-31764014573-0814T0700,2026-08-14T02:00:27-05:00,1000003-B,NA,(15) Grupo 15,Myriam Leonor Campos Florez,60,2
gh-31764014573-0814T0700,2026-08-14T02:00:27-05:00,1000003-B,NA,(16) Grupo 16,No informado,60,2
gh-31764014573-0814T0700,2026-08-14T02:00:27-05:00,1000003-B,NA,(17) Grupo 17,Martha Cecilia Moreno Penagos,40,2
gh-31764014573-0814T0700,2026-08-14T02:00:27-05:00,1000003-B,NA,(18) Grupo 18,John Alexander Cruz Morales,52,2
gh-31764014573-0814T0700,2026-08-14T02:00:27-05:00,1000003-B,NA,(20) Grupo 20,Natalia Camila Pinzon Cortes,60,2
gh-31764014573-0814T0700,2026-08-14T02:00:27-05:00,1000003-B,NA,(21) Grupo 21,Ivon Andrea Dorado Correa,52,2
gh-31764014573-0814T0700,2026-08-14T02:00:27-05:00,1000003-B,NA,(22) Grupo 22,No informado,46,2
gh-31764014573-0814T0700,2026-08-14T02:00:27-05:00,1000003-B,NA,(3) Grupo 3,No informado,60,2
gh-31764014573-0814T0700,2026-08-14T02:00:27-05:00,1000003-B,NA,(4) Grupo 4,Luis Alejandro Barbosa Torres,112,2
gh-31764014573-0814T0700,2026-08-14T02:00:27-05:00,1000003-B,NA,(5) Grupo 5,Jaime David Mora Paz,60,2
gh-31764014573-0814T0700,2026-08-14T02:00:27-05:00,1000003-B,NA,(7) Grupo 7,Myriam Leonor Campos Florez,40,2
gh-31764014573-0814T0700,2026-08-14T02:00:27-05:00,1000003-B,NA,(8) Grupo 8,No informado,10,2
gh-31764014573-0814T0700,2026-08-14T02:00:28-05:00,2015940,CLASE TEORICA,(1) Grupo 1,Maritzabel Molina Herrera,24,3
gh-31764014573-0814T0700,2026-08-14T02:00:28-05:00,2015940,CLASE TEORICA,(2) Grupo 2,Gabriel Andres Bernal Granados,24,3
gh-31764014573-0814T0700,2026-08-14T02:00:28-05:00,2015940,CLASE TEORICA,(3) Grupo 3,No informado,24,3
gh-31764014573-0814T0700,2026-08-14T02:00:29-05:00,2015941,CLASE TEORICA,(1) Grupo 1,Patricia Luna Tamayo,30,4
gh-31764014573-0814T0700,2026-08-14T02:00:29-05:00,2015941,CLASE TEORICA,(2) Grupo 2,No informado,30,4
gh-31764014573-0814T0700,2026-08-14T02:00:29-05:00,2015941,CLASE TEORICA,(3) Grupo 3,Carlos Ramiro Vallecilla Bahena,30,4
gh-31764014573-0814T0700,2026-08-14T02:00:29-05:00,2015941,CLASE TEORICA,(4) Grupo 4,No informado,30,4
gh-31764014573-0814T0700,2026-08-14T02:00:31-05:00,1000004-B,NA,(10) Grupo 10,No informado,53,5
gh-31764014573-0814T0700,2026-08-14T02:00:31-05:00,1000004-B,NA,(11) Grupo 11,No informado,24,5
gh-31764014573-0814T0700,2026-08-14T02:00:31-05:00,1000004-B,NA,(12) Grupo 12,No informado,24,5
gh-31764014573-0814T0700,2026-08-14T02:00:31-05:00,1000004-B,NA,(13) Grupo 13,No informado,16,5
gh-31764014573-0814T0700,2026-08-14T02:00:31-05:00,1000004-B,NA,(14) Grupo 14,No informado,90,5
gh-31764014573-0814T0700,2026-08-14T02:00:31-05:00,1000004-B,NA,(16) Grupo 16,No informado,27,5
gh-31764014573-0814T0700,2026-08-14T02:00:31-05:00,1000004-B,NA,(17) Grupo 17,Hernan Garzon Gutierrez,39,5
gh-31764014573-0814T0700,2026-08-14T02:00:31-05:00,1000004-B,NA,(19) Grupo 19,No informado,59,5
gh-31764014573-0814T0700,2026-08-14T02:00:31-05:00,1000004-B,NA,(2) Grupo 2,No informado,24,5
gh-31764014573-0814T0700,2026-08-14T02:00:31-05:00,1000004-B,NA,(20) Grupo 20,Hernan Garzon Gutierrez,10,5
gh-31764014573-0814T0700,2026-08-14T02:00:31-05:00,1000004-B,NA,(21) Grupo 21,No informado,60,5
gh-31764014573-0814T0700,2026-08-14T02:00:31-05:00,1000004-B,NA,(22) Grupo 22,No informado,60,5
gh-31764014573-0814T0700,2026-08-14T02:00:31-05:00,1000004-B,NA,(24) Grupo 24,Ricardo Ariel Pastran Ramirez,60,5
gh-31764014573-0814T0700,2026-08-14T02:00:31-05:00,1000004-B,NA,(25) Grupo 25,No informado,40,5
gh-31764014573-0814T0700,2026-08-14T02:00:31-05:00,1000004-B,NA,(27) Grupo 27,No informado,51,5
gh-31764014573-0814T0700,2026-08-14T02:00:31-05:00,1000004-B,NA,(28) Grupo 28,No informado,60,5
gh-31764014573-0814T0700,2026-08-14T02:00:31-05:00,1000004-B,NA,(29) Grupo 29,No informado,60,5
gh-31764014573-0814T0700,2026-08-14T02:00:31-05:00,1000004-B,NA,(30) Grupo 30,No informado,60,5
gh-31764014573-0814T0700,2026-08-14T02:00:31-05:00,1000004-B,NA,(32) Grupo 32,No informado,90,5
gh-31764014573-0814T0700,2026-08-14T02:00:31-05:00,1000004-B,NA,(4) Grupo 4,Myriam Leonor Campos Florez,37,5
gh-31764014573-0814T0700,2026-08-14T02:00:31-05:00,1000004-B,NA,(5) Grupo 5,Oscar Javier Lopez Alfonso,84,5
gh-31764014573-0814T0700,2026-08-14T02:00:31-05:00,1000004-B,NA,(7) Grupo 7,Anderson Arley Vera Arboleda,64,5
gh-31764014573-0814T0700,2026-08-14T02:00:31-05:00,1000004-B,NA,(8) Grupo 8,No informado,40,5
gh-31764014573-0814T0700,2026-08-14T02:00:31-05:00,1000004-B,NA,(9) Grupo 9,No informado,18,5
gh-31764014573-0814T0700,2026-08-14T02:00:33-05:00,1000006-B,NA,(1) Grupo 1,No informado,40,6
gh-31764014573-0814T0700,2026-08-14T02:00:33-05:00,1000006-B,NA,(10) Grupo 10,No informado,100,6
gh-31764014573-0814T0700,2026-08-14T02:00:33-05:00,1000006-B,NA,(11) Grupo 11,No informado,40,6
gh-31764014573-0814T0700,2026-08-14T02:00:33-05:00,1000006-B,NA,(12) Grupo 12,Leonid Lebedev,60,6
gh-31764014573-0814T0700,2026-08-14T02:00:33-05:00,1000006-B,NA,(13) Grupo 13,Juan Carlos Hernandez Rincon,40,6
gh-31764014573-0814T0700,2026-08-14T02:00:33-05:00,1000006-B,NA,(14) Grupo 14,No informado,60,6
gh-31764014573-0814T0700,2026-08-14T02:00:33-05:00,1000006-B,NA,(15) Grupo 15,No informado,112,6
gh-31764014573-0814T0700,2026-08-14T02:00:33-05:00,1000006-B,NA,(2) Grupo 2,EDIXON MANUEL ROJAS SANTANA,40,6
gh-31764014573-0814T0700,2026-08-14T02:00:33-05:00,1000006-B,NA,(3) Grupo 3,Cesar Augusto Gomez Sierra,40,6
gh-31764014573-0814T0700,2026-08-14T02:00:33-05:00,1000006-B,NA,(4) Grupo 4,Agustin Moreno Canadas,100,6
gh-31764014573-0814T0700,2026-08-14T02:00:33-05:00,1000006-B,NA,(5) Grupo 5,German Eduardo Fonseca Buitrago,40,6
gh-31764014573-0814T0700,2026-08-14T02:00:33-05:00,1000006-B,NA,(7) Grupo 7,No informado,70,6
gh-31764014573-0814T0700,2026-08-14T02:00:33-05:00,1000006-B,NA,(8) Grupo 8,Epifanio Lozano Ayala,60,6
gh-31764014573-0814T0700,2026-08-14T02:00:33-05:00,1000006-B,NA,(9) Grupo 9,Orlando Vanegas Canro,0,6
gh-31764014573-0814T0700,2026-08-14T02:00:35-05:00,1000005-B,NA,(1) Grupo 1,Orlando Vanegas Canro,0,7
gh-31764014573-0814T0700,2026-08-14T02:00:35-05:00,1000005-B,NA,(10) Grupo 10,Epifanio Lozano Ayala,50,7
gh-31764014573-0814T0700,2026-08-14T02:00:35-05:00,1000005-B,NA,(14) Grupo 14,Mohammed EL AIDI,40,7
gh-31764014573-0814T0700,2026-08-14T02:00:35-05:00,1000005-B,NA,(15) Grupo 15,Alina Fedosova,60,7
gh-31764014573-0814T0700,2026-08-14T02:00:35-05:00,1000005-B,NA,(16) Grupo 16,No informado,70,7
gh-31764014573-0814T0700,2026-08-14T02:00:35-05:00,1000005-B,NA,(17) Grupo 17,Hernan Garzon Gutierrez,40,7
gh-31764014573-0814T0700,2026-08-14T02:00:35-05:00,1000005-B,NA,(2) Grupo 2,RENE ERLIN CASTILLO,60,7
gh-31764014573-0814T0700,2026-08-14T02:00:35-05:00,1000005-B,NA,(20) Grupo 20,Franqui Solis Cardenas Poloche,40,7
gh-31764014573-0814T0700,2026-08-14T02:00:35-05:00,1000005-B,NA,(22) Grupo 22,No informado,60,7
gh-31764014573-0814T0700,2026-08-14T02:00:35-05:00,1000005-B,NA,(3) Grupo 3,Eduardo Cardenas Gomez,70,7
gh-31764014573-0814T0700,2026-08-14T02:00:35-05:00,1000005-B,NA,(4) Grupo 4,Edward Samuel Becerra Rojas,60,7
gh-31764014573-0814T0700,2026-08-14T02:00:35-05:00,1000005-B,NA,(6) Grupo 6,No informado,60,7
gh-31764014573-0814T0700,2026-08-14T02:00:35-05:00,1000005-B,NA,(7) Grupo 7,Franqui Solis Cardenas Poloche,100,7
gh-31764014573-0814T0700,2026-08-14T02:00:35-05:00,1000005-B,NA,(8) Grupo 8,No informado,40,7
gh-31764014573-0814T0700,2026-08-14T02:00:35-05:00,1000005-B,NA,(9) Grupo 9,No informado,10,7
gh-31764014573-0814T0700,2026-08-14T02:00:37-05:00,2015943,CLASE TEORICA,(1) Grupo 1,Carlos Orlando Robles Roa,15,9
gh-31764014573-0814T0700,2026-08-14T02:00:39-05:00,2015944,CLASE TEORICA,(1) Grupo 1,SANTIAGO RAMIREZ ECHEVERRI,15,10
gh-31764014573-0814T0700,2026-08-14T02:00:40-05:00,2015711,NA,(10) 2015711-10 Dibujo básico,Ariel Augusto Amaya Avila,0,11
gh-31764014573-0814T0700,2026-08-14T02:00:40-05:00,2015711,NA,(11) 2015711-11 Dibujo básico,Cesar Augusto Bacca Gonzalez,0,11
gh-31764014573-0814T0700,2026-08-14T02:00:40-05:00,2015711,NA,(14) 2015711-14 Dibujo básico,Cristian Felipe Morales Suárez,0,11
gh-31764014573-0814T0700,2026-08-14T02:00:40-05:00,2015711,NA,(16) 2015711-16 Dibujo básico,DAVID FELIPE TORRES ARCE,0,11
gh-31764014573-0814T0700,2026-08-14T02:00:40-05:00,2015711,NA,(4) 2015711-4 Dibujo básico,Cristian Felipe Morales Suárez,9,11
gh-31764014573-0814T0700,2026-08-14T02:00:40-05:00,2015711,NA,(5) 2015711-5 Dibujo básico,Sebastian Achury Ortiz,0,11
gh-31764014573-0814T0700,2026-08-14T02:00:40-05:00,2015711,NA,(7) 2015711-7 Dibujo básico,Cesar Augusto Bacca Gonzalez,22,11
gh-31764014573-0814T0700,2026-08-14T02:00:40-05:00,2015711,NA,(8) 2015711-8 Dibujo básico,Miguel Angel Baquero Cortes,0,11
gh-31764014573-0814T0700,2026-08-14T02:00:40-05:00,2015711,NA,(9) 2015711-9 Dibujo básico,EDWIN CAMILO REINA BELTRAN,0,11
gh-31764014573-0814T0700,2026-08-14T02:00:41-05:00,2015948,CLASE TEORICA,(1) Grupo 1,No informado,30,12
gh-31764014573-0814T0700,2026-08-14T02:00:41-05:00,2015948,CLASE TEORICA,(2) Grupo 2,Mauricio Alberto Tapias Camacho,30,12
gh-31764014573-0814T0700,2026-08-14T02:00:41-05:00,2015948,CLASE TEORICA,(3) Grupo 3,No informado,30,12
gh-31764014573-0814T0700,2026-08-14T02:00:42-05:00,2015950,CLASE TEORICA,(1) Grupo 1,No informado,25,13
gh-31764014573-0814T0700,2026-08-14T02:00:42-05:00,2015950,CLASE TEORICA,(2) Grupo 2,No informado,0,13
gh-31764014573-0814T0700,2026-08-14T02:00:42-05:00,2015950,CLASE TEORICA,(3) Grupo 3,Daniel Ricardo Lozano Monsalve,25,13
gh-31764014573-0814T0700,2026-08-14T02:00:42-05:00,2015950,CLASE TEORICA,(4) Grupo 4,No informado,25,13
gh-31764014573-0814T0700,2026-08-14T02:00:42-05:00,2015950,CLASE TEORICA,(5) Grupo 5,No informado,25,13
gh-31764014573-0814T0700,2026-08-14T02:00:44-05:00,2015949,CLASE TEORICA,(1) Grupo 1,Mario Javier Cardozo Chaux,30,14
gh-31764014573-0814T0700,2026-08-14T02:00:44-05:00,2015949,CLASE TEORICA,(2) Grupo 2,Wilson Ernesto Vargas Vargas,30,14
gh-31764014573-0814T0700,2026-08-14T02:00:44-05:00,2015949,CLASE TEORICA,(3) Grupo 3,No informado,30,14
gh-31764014573-0814T0700,2026-08-14T02:00:45-05:00,1000007-B,NA,(1) Grupo 1,German Eduardo Fonseca Buitrago,60,15
gh-31764014573-0814T0700,2026-08-14T02:00:45-05:00,1000007-B,NA,(11) Grupo 11,Leonid Lebedev,60,15
gh-31764014573-0814T0700,2026-08-14T02:00:45-05:00,1000007-B,NA,(12) Grupo 12,No informado,60,15
gh-31764014573-0814T0700,2026-08-14T02:00:45-05:00,1000007-B,NA,(13) Grupo 13,Omar Duque Gomez,40,15
gh-31764014573-0814T0700,2026-08-14T02:00:45-05:00,1000007-B,NA,(14) Grupo 14,No informado,100,15
gh-31764014573-0814T0700,2026-08-14T02:00:45-05:00,1000007-B,NA,(3) Grupo 3,Serafin Bautista Diaz,40,15
gh-31764014573-0814T0700,2026-08-14T02:00:45-05:00,1000007-B,NA,(4) Grupo 4,EDIXON MANUEL ROJAS SANTANA,60,15
gh-31764014573-0814T0700,2026-08-14T02:00:45-05:00,1000007-B,NA,(6) Grupo 6,Alexander Caviedes Castro,50,15
gh-31764014573-0814T0700,2026-08-14T02:00:45-05:00,1000007-B,NA,(7) Grupo 7,Oscar Guillermo Riaño Castañeda,40,15
gh-31764014573-0814T0700,2026-08-14T02:00:45-05:00,1000007-B,NA,(9) Grupo 9,Orlando Vanegas Canro,0,15
gh-31764014573-0814T0700,2026-08-14T02:00:46-05:00,2026134,CLASE TEORICA,(1) Grupo 1,No informado,0,16
gh-31764014573-0814T0700,2026-08-14T02:00:46-05:00,2026134,CLASE TEORICA,(2) Grupo 2,Juan Manuel Lizarazo Marriaga,30,16
gh-31764014573-0814T0700,2026-08-14T02:00:46-05:00,2026134,CLASE TEORICA,(3) Grupo 3,Maritzabel Molina Herrera,30,16
gh-31764014573-0814T0700,2026-08-14T02:00:46-05:00,2026134,CLASE TEORICA,(4) Grupo 4,Carlos Ramiro Vallecilla Bahena,30,16
gh-31764014573-0814T0700,2026-08-14T02:00:46-05:00,2026134,CLASE TEORICA,(5) Grupo 5,Fernando Lozano Osorno,30,16
gh-31764014573-0814T0700,2026-08-14T02:00:46-05:00,2026134,CLASE TEORICA,(6) Grupo 6,No informado,30,16
gh-31764014573-0814T0700,2026-08-14T02:00:47-05:00,2015954,CLASE TEORICA,(1) Grupo 1,Erasmo Alfredo Rodriguez Sandoval,30,17
gh-31764014573-0814T0700,2026-08-14T02:00:47-05:00,2015954,CLASE TEORICA,(2) Grupo 2,Mario Enrique Moreno Castiblanco,30,17
gh-31764014573-0814T0700,2026-08-14T02:00:47-05:00,2015954,CLASE TEORICA,(3) Grupo 3,Luis Alejandro Morales Marin,30,17
gh-31764014573-0814T0700,2026-08-14T02:00:49-05:00,2015955,CLASE TEORICA,(1) Grupo 1,Giovanni Andres Cortes Tovar,30,18
gh-31764014573-0814T0700,2026-08-14T02:00:49-05:00,2015955,CLASE TEORICA,(2) Grupo 2,Angela Barrera Puerto,30,18
gh-31764014573-0814T0700,2026-08-14T02:00:49-05:00,2015955,CLASE TEORICA,(3) Grupo 3,Giovanni Andres Cortes Tovar,30,18
gh-31764014573-0814T0700,2026-08-14T02:00:50-05:00,1000011-B,CLASE TEORICA,(1) Grupo 1,Ernesto Javier Puertas Dellepianes,118,19
gh-31764014573-0814T0700,2026-08-14T02:00:50-05:00,1000011-B,CLASE TEORICA,(3) Grupo 3,Néstor Fernando Perez Buitrago,12,19
gh-31764014573-0814T0700,2026-08-14T02:00:53-05:00,1000019-B,CLASE LABORATORIO,(1) Grupo 1,Gustavo Martinez Tamayo,35,20
gh-31764014573-0814T0700,2026-08-14T02:00:53-05:00,1000019-B,CLASE LABORATORIO,(10) Grupo 10,LUIS AGULLES PEDROS,35,20
gh-31764014573-0814T0700,2026-08-14T02:00:53-05:00,1000019-B,CLASE LABORATORIO,(11) Grupo 11,EVER DAVID ALCALA CAJAR,35,20
gh-31764014573-0814T0700,2026-08-14T02:00:53-05:00,1000019-B,CLASE LABORATORIO,(12) Grupo 12,FABIAN FELIPE QUEVEDO FARIETA,35,20
gh-31764014573-0814T0700,2026-08-14T02:00:53-05:00,1000019-B,CLASE LABORATORIO,(13) Grupo 13,Alvaro Marino Camargo,35,20
gh-31764014573-0814T0700,2026-08-14T02:00:53-05:00,1000019-B,CLASE LABORATORIO,(14) Grupo 14,Alvaro Marino Camargo; Miryam Rincon Joya,35,20
gh-31764014573-0814T0700,2026-08-14T02:00:53-05:00,1000019-B,CLASE LABORATORIO,(15) Grupo 15,JULIAN MATEO DE MENDOZA GUTIERREZ,32,20
gh-31764014573-0814T0700,2026-08-14T02:00:53-05:00,1000019-B,CLASE LABORATORIO,(16) Grupo 16,Alvaro Marino Camargo; Doris Yaneth Cadavid Rodriguez,35,20
gh-31764014573-0814T0700,2026-08-14T02:00:53-05:00,1000019-B,CLASE LABORATORIO,(17) Grupo 17,JULIAN MATEO DE MENDOZA GUTIERREZ,34,20
gh-31764014573-0814T0700,2026-08-14T02:00:53-05:00,1000019-B,CLASE LABORATORIO,(18) Grupo 18,Jaime Villalobos Velasco,34,20
gh-31764014573-0814T0700,2026-08-14T02:00:53-05:00,1000019-B,CLASE LABORATORIO,(19) Grupo 19,JULY PAOLA GARZÓN LOPEZ,32,20
gh-31764014573-0814T0700,2026-08-14T02:00:53-05:00,1000019-B,CLASE LABORATORIO,(2) Grupo 2,Gustavo Martinez Tamayo,35,20
gh-31764014573-0814T0700,2026-08-14T02:00:53-05:00,1000019-B,CLASE LABORATORIO,(20) Grupo 20,JOSE ALFREDO GOMEZ MATEUS,35,20
gh-31764014573-0814T0700,2026-08-14T02:00:53-05:00,1000019-B,CLASE LABORATORIO,(21) Grupo 21,Pedro Hernan Sanchez Machet,35,20
gh-31764014573-0814T0700,2026-08-14T02:00:53-05:00,1000019-B,CLASE LABORATORIO,(22) Grupo 22,Pedro Hernan Sanchez Machet,35,20
gh-31764014573-0814T0700,2026-08-14T02:00:53-05:00,1000019-B,CLASE LABORATORIO,(23) Grupo 23,Pedro Hernan Sanchez Machet,35,20
gh-31764014573-0814T0700,2026-08-14T02:00:53-05:00,1000019-B,CLASE LABORATORIO,(24) Grupo 24,Pedro Hernan Sanchez Machet,35,20
gh-31764014573-0814T0700,2026-08-14T02:00:53-05:00,1000019-B,CLASE LABORATORIO,(25) Grupo 25,Plinio Del Carmen Teheran Sermeno,45,20
gh-31764014573-0814T0700,2026-08-14T02:00:53-05:00,1000019-B,CLASE LABORATORIO,(26) Grupo 26 (VIRTUAL),Plinio Del Carmen Teheran Sermeno,50,20
gh-31764014573-0814T0700,2026-08-14T02:00:53-05:00,1000019-B,CLASE LABORATORIO,(27) Grupo 27 (VIRTUAL),Plinio Del Carmen Teheran Sermeno,50,20
gh-31764014573-0814T0700,2026-08-14T02:00:53-05:00,1000019-B,CLASE LABORATORIO,(28) Grupo 28 (VIRTUAL),Plinio Del Carmen Teheran Sermeno,50,20
gh-31764014573-0814T0700,2026-08-14T02:00:53-05:00,1000019-B,CLASE LABORATORIO,(29) Grupo 29 (VIRTUAL),Plinio Del Carmen Teheran Sermeno,50,20
gh-31764014573-0814T0700,2026-08-14T02:00:53-05:00,1000019-B,CLASE LABORATORIO,(3) Grupo 3,Gustavo Martinez Tamayo,35,20
gh-31764014573-0814T0700,2026-08-14T02:00:53-05:00,1000019-B,CLASE LABORATORIO,(4) Grupo 4,No informado,35,20
gh-31764014573-0814T0700,2026-08-14T02:00:53-05:00,1000019-B,CLASE LABORATORIO,(5) Grupo 5,FABIAN FELIPE QUEVEDO FARIETA,35,20
gh-31764014573-0814T0700,2026-08-14T02:00:53-05:00,1000019-B,CLASE LABORATORIO,(6) Grupo 6,Jaime Villalobos Velasco,35,20
gh-31764014573-0814T0700,2026-08-14T02:00:53-05:00,1000019-B,CLASE LABORATORIO,(7) Grupo 7,Jaime Villalobos Velasco,35,20
gh-31764014573-0814T0700,2026-08-14T02:00:53-05:00,1000019-B,CLASE LABORATORIO,(8) Grupo 8,Alvaro Marino Camargo,35,20
gh-31764014573-0814T0700,2026-08-14T02:00:53-05:00,1000019-B,CLASE LABORATORIO,(9) Grupo 9,Erika Lorena Rosero Alzate,0,20
gh-31764014573-0814T0700,2026-08-14T02:00:53-05:00,1000019-B,CLASE TALLER,(1) Grupo 1,FABIAN FELIPE QUEVEDO FARIETA,35,20
gh-31764014573-0814T0700,2026-08-14T02:00:53-05:00,1000019-B,CLASE TALLER,(10) Grupo 10,FABIAN FELIPE QUEVEDO FARIETA,35,20
gh-31764014573-0814T0700,2026-08-14T02:00:53-05:00,1000019-B,CLASE TALLER,(11) Grupo 11,JULIAN MATEO DE MENDOZA GUTIERREZ,35,20
gh-31764014573-0814T0700,2026-08-14T02:00:53-05:00,1000019-B,CLASE TALLER,(12) Grupo 12,EVER DAVID ALCALA CAJAR,35,20
gh-31764014573-0814T0700,2026-08-14T02:00:53-05:00,1000019-B,CLASE TALLER,(13) Grupo 13,MIGUEL ENRIQUE GÁMEZ LÓPEZ,35,20
gh-31764014573-0814T0700,2026-08-14T02:00:53-05:00,1000019-B,CLASE TALLER,(14) Grupo 14,No informado,35,20
gh-31764014573-0814T0700,2026-08-14T02:00:53-05:00,1000019-B,CLASE TALLER,(15) Grupo 15,EVER DAVID ALCALA CAJAR,32,20
gh-31764014573-0814T0700,2026-08-14T02:00:53-05:00,1000019-B,CLASE TALLER,(16) Grupo 16,Edna Carolina Pinilla Beltran,35,20
gh-31764014573-0814T0700,2026-08-14T02:00:53-05:00,1000019-B,CLASE TALLER,(17) Grupo 17,Jereson Silva Valencia,34,20
gh-31764014573-0814T0700,2026-08-14T02:00:53-05:00,1000019-B,CLASE TALLER,(18) Grupo 18,Jereson Silva Valencia,34,20
gh-31764014573-0814T0700,2026-08-14T02:00:53-05:00,1000019-B,CLASE TALLER,(19) Grupo 19,Jereson Silva Valencia,32,20
gh-31764014573-0814T0700,2026-08-14T02:00:53-05:00,1000019-B,CLASE TALLER,(2) Grupo 2,Gustavo Martinez Tamayo,35,20
gh-31764014573-0814T0700,2026-08-14T02:00:53-05:00,1000019-B,CLASE TALLER,(20) Grupo 20,Jereson Silva Valencia,35,20
gh-31764014573-0814T0700,2026-08-14T02:00:53-05:00,1000019-B,CLASE TALLER,(21) Grupo 21,JOSE ALFREDO GOMEZ MATEUS,35,20
gh-31764014573-0814T0700,2026-08-14T02:00:53-05:00,1000019-B,CLASE TALLER,(22) Grupo 22,JULY PAOLA GARZÓN LOPEZ,35,20
gh-31764014573-0814T0700,2026-08-14T02:00:53-05:00,1000019-B,CLASE TALLER,(23) Grupo 23,Edna Carolina Pinilla Beltran,35,20
gh-31764014573-0814T0700,2026-08-14T02:00:53-05:00,1000019-B,CLASE TALLER,(24) Grupo 24,Diego Alejandro Torres Galindo,35,20
gh-31764014573-0814T0700,2026-08-14T02:00:53-05:00,1000019-B,CLASE TALLER,(25) Grupo 25,Plinio Del Carmen Teheran Sermeno,45,20
gh-31764014573-0814T0700,2026-08-14T02:00:53-05:00,1000019-B,CLASE TALLER,(26) Grupo 26 (VIRTUAL),Plinio Del Carmen Teheran Sermeno,50,20
gh-31764014573-0814T0700,2026-08-14T02:00:53-05:00,1000019-B,CLASE TALLER,(27) Grupo 27 (VIRTUAL),Plinio Del Carmen Teheran Sermeno,50,20
gh-31764014573-0814T0700,2026-08-14T02:00:53-05:00,1000019-B,CLASE TALLER,(28) Grupo 28 (VIRTUAL),Plinio Del Carmen Teheran Sermeno,50,20
gh-31764014573-0814T0700,2026-08-14T02:00:53-05:00,1000019-B,CLASE TALLER,(29) Grupo 29 (VIRTUAL),Plinio Del Carmen Teheran Sermeno,50,20
gh-31764014573-0814T0700,2026-08-14T02:00:53-05:00,1000019-B,CLASE TALLER,(3) Grupo 3,Gustavo Martinez Tamayo,35,20
gh-31764014573-0814T0700,2026-08-14T02:00:53-05:00,1000019-B,CLASE TALLER,(4) Grupo 4,Jaime Villalobos Velasco,35,20
gh-31764014573-0814T0700,2026-08-14T02:00:53-05:00,1000019-B,CLASE TALLER,(5) Grupo 5,Jaime Villalobos Velasco,35,20
gh-31764014573-0814T0700,2026-08-14T02:00:53-05:00,1000019-B,CLASE TALLER,(6) Grupo 6,Ramiro Cardona Cardona,35,20
gh-31764014573-0814T0700,2026-08-14T02:00:53-05:00,1000019-B,CLASE TALLER,(7) Grupo 7,Ramiro Cardona Cardona,35,20
gh-31764014573-0814T0700,2026-08-14T02:00:53-05:00,1000019-B,CLASE TALLER,(8) Grupo 8,Edna Carolina Pinilla Beltran,35,20
gh-31764014573-0814T0700,2026-08-14T02:00:53-05:00,1000019-B,CLASE TALLER,(9) Grupo 9,No informado,10,20
gh-31764014573-0814T0700,2026-08-14T02:00:53-05:00,1000019-B,CLASE MAGISTRAL,(16) Gruop 16,Erika Lorena Rosero Alzate; Daniel Camilo Padilla González,8,20
gh-31764014573-0814T0700,2026-08-14T02:00:53-05:00,1000019-B,CLASE MAGISTRAL,(1) Grupo 1,Gustavo Martinez Tamayo,35,20
gh-31764014573-0814T0700,2026-08-14T02:00:53-05:00,1000019-B,CLASE MAGISTRAL,(10) Grupo 10,Ovidio Amado Almanza Montero,35,20
gh-31764014573-0814T0700,2026-08-14T02:00:53-05:00,1000019-B,CLASE MAGISTRAL,(11) Grupo 11,Ovidio Amado Almanza Montero,35,20
gh-31764014573-0814T0700,2026-08-14T02:00:53-05:00,1000019-B,CLASE MAGISTRAL,(12) Grupo 12,Ovidio Amado Almanza Montero,35,20
gh-31764014573-0814T0700,2026-08-14T02:00:53-05:00,1000019-B,CLASE MAGISTRAL,(13) Grupo 13,Jaime Villalobos Velasco,35,20
gh-31764014573-0814T0700,2026-08-14T02:00:53-05:00,1000019-B,CLASE MAGISTRAL,(14) Grupo 14,Jaime Villalobos Velasco,35,20
gh-31764014573-0814T0700,2026-08-14T02:00:53-05:00,1000019-B,CLASE MAGISTRAL,(15) Grupo 15,Jaime Villalobos Velasco,32,20
gh-31764014573-0814T0700,2026-08-14T02:00:53-05:00,1000019-B,CLASE MAGISTRAL,(17) Grupo 17,Jereson Silva Valencia,34,20
gh-31764014573-0814T0700,2026-08-14T02:00:53-05:00,1000019-B,CLASE MAGISTRAL,(18) Grupo 18,Jereson Silva Valencia,34,20
gh-31764014573-0814T0700,2026-08-14T02:00:53-05:00,1000019-B,CLASE MAGISTRAL,(19) Grupo 19,Jereson Silva Valencia,32,20
gh-31764014573-0814T0700,2026-08-14T02:00:53-05:00,1000019-B,CLASE MAGISTRAL,(2) Grupo 2,Gustavo Martinez Tamayo,35,20
gh-31764014573-0814T0700,2026-08-14T02:00:53-05:00,1000019-B,CLASE MAGISTRAL,(20) Grupo 20,Jereson Silva Valencia,35,20
gh-31764014573-0814T0700,2026-08-14T02:00:53-05:00,1000019-B,CLASE MAGISTRAL,(21) Grupo 21,Diego Alejandro Torres Galindo,35,20
gh-31764014573-0814T0700,2026-08-14T02:00:53-05:00,1000019-B,CLASE MAGISTRAL,(22) Grupo 22,Diego Alejandro Torres Galindo,35,20
gh-31764014573-0814T0700,2026-08-14T02:00:53-05:00,1000019-B,CLASE MAGISTRAL,(23) Grupo 23,Diego Alejandro Torres Galindo,35,20
gh-31764014573-0814T0700,2026-08-14T02:00:53-05:00,1000019-B,CLASE MAGISTRAL,(24) Grupo 24,Diego Alejandro Torres Galindo,35,20
gh-31764014573-0814T0700,2026-08-14T02:00:53-05:00,1000019-B,CLASE MAGISTRAL,(25) Grupo 25,Plinio Del Carmen Teheran Sermeno,45,20
gh-31764014573-0814T0700,2026-08-14T02:00:53-05:00,1000019-B,CLASE MAGISTRAL,(26) Grupo 26 (VIRTUAL),Plinio Del Carmen Teheran Sermeno,50,20
gh-31764014573-0814T0700,2026-08-14T02:00:53-05:00,1000019-B,CLASE MAGISTRAL,(27) Grupo 27 (VIRTUAL),Plinio Del Carmen Teheran Sermeno,50,20
gh-31764014573-0814T0700,2026-08-14T02:00:53-05:00,1000019-B,CLASE MAGISTRAL,(28) Grupo 28 (VIRTUAL),Plinio Del Carmen Teheran Sermeno,50,20
gh-31764014573-0814T0700,2026-08-14T02:00:53-05:00,1000019-B,CLASE MAGISTRAL,(29) Grupo 29 (VIRTUAL),Plinio Del Carmen Teheran Sermeno,50,20
gh-31764014573-0814T0700,2026-08-14T02:00:53-05:00,1000019-B,CLASE MAGISTRAL,(3) Grupo 3,Gustavo Martinez Tamayo,35,20
gh-31764014573-0814T0700,2026-08-14T02:00:53-05:00,1000019-B,CLASE MAGISTRAL,(4) Grupo 4,Gustavo Martinez Tamayo,35,20
gh-31764014573-0814T0700,2026-08-14T02:00:53-05:00,1000019-B,CLASE MAGISTRAL,(5) Grupo 5,Ramiro Cardona Cardona,35,20
gh-31764014573-0814T0700,2026-08-14T02:00:53-05:00,1000019-B,CLASE MAGISTRAL,(6) Grupo 6,Ramiro Cardona Cardona,35,20
gh-31764014573-0814T0700,2026-08-14T02:00:53-05:00,1000019-B,CLASE MAGISTRAL,(7) Grupo 7,Ramiro Cardona Cardona,35,20
gh-31764014573-0814T0700,2026-08-14T02:00:53-05:00,1000019-B,CLASE MAGISTRAL,(8) Grupo 8,Ramiro Cardona Cardona,35,20
gh-31764014573-0814T0700,2026-08-14T02:00:53-05:00,1000019-B,CLASE MAGISTRAL,(9) Grupo 9,Fredy Angel Jimenez Giraldo,10,20
gh-31764014573-0814T0700,2026-08-14T02:00:54-05:00,2015956,CLASE TEORICA,(1) Grupo 1,Modesto Portilla Gamboa; Fernando Eli Romero Ordoñez,35,21
gh-31764014573-0814T0700,2026-08-14T02:00:54-05:00,2015956,CLASE TEORICA,(2) Grupo 2,Jennifer Angel Amaya,30,21
gh-31764014573-0814T0700,2026-08-14T02:00:54-05:00,2015956,CLASE TEORICA,(3) Grupo 3,Jennifer Angel Amaya,30,21
gh-31764014573-0814T0700,2026-08-14T02:00:54-05:00,2015956,CLASE TEORICA,(4) Grupo 4,Fernando Eli Romero Ordoñez; Modesto Portilla Gamboa,35,21
gh-31764014573-0814T0700,2026-08-14T02:00:56-05:00,2015957,CLASE PRACTICA,(1) Grupo 1,No informado,30,22
gh-31764014573-0814T0700,2026-08-14T02:00:56-05:00,2015957,CLASE PRACTICA,(2) Grupo 2,Samuel Fernando Mesa Giraldo,30,22
gh-31764014573-0814T0700,2026-08-14T02:00:56-05:00,2015957,CLASE PRACTICA,(3) Grupo 3,Rose Marie Aldana Boutin,30,22
gh-31764014573-0814T0700,2026-08-14T02:00:56-05:00,2015957,CLASE PRACTICA,(4) Grupo 4,Rose Marie Aldana Boutin,30,22
gh-31764014573-0814T0700,2026-08-14T02:00:57-05:00,2015958,CLASE PRACTICA,(1) Grupo 1,William Castro Garcia,20,23
gh-31764014573-0814T0700,2026-08-14T02:00:57-05:00,2015958,CLASE PRACTICA,(2) Grupo 2,William Castro Garcia,20,23
gh-31764014573-0814T0700,2026-08-14T02:00:57-05:00,2015958,CLASE PRACTICA,(3) Grupo 3,Carlos Alfonso Gomez Guacaneme,30,23
gh-31764014573-0814T0700,2026-08-14T02:00:57-05:00,2015958,CLASE PRACTICA,(4) Grupo 4,Mario Arturo Rincon Villalba,20,23
gh-31764014573-0814T0700,2026-08-14T02:00:57-05:00,2015958,CLASE PRACTICA,(5) Grupo 5,Mario Arturo Rincon Villalba,20,23
gh-31764014573-0814T0700,2026-08-14T02:00:57-05:00,2015958,CLASE PRACTICA,(6) Grupo 6,Fausto Alejandro Silva España,20,23
gh-31764014573-0814T0700,2026-08-14T02:00:57-05:00,2015958,CLASE PRACTICA,(7) Grupo 7,Fausto Alejandro Silva España,20,23
gh-31764014573-0814T0700,2026-08-14T02:00:57-05:00,2015958,CLASE PRACTICA,(8) Grupo 8,Fausto Alejandro Silva España,20,23
gh-31764014573-0814T0700,2026-08-14T02:00:57-05:00,2015958,CLASE PRACTICA,(9) Grupo 9,Fausto Alejandro Silva España,20,23
gh-31764014573-0814T0700,2026-08-14T02:00:57-05:00,2015958,CLASE TEORICA,(1) Grupo 1,William Castro Garcia,40,23
gh-31764014573-0814T0700,2026-08-14T02:00:57-05:00,2015958,CLASE TEORICA,(3) Grupo 3,Carlos Alfonso Gomez Guacaneme,30,23
gh-31764014573-0814T0700,2026-08-14T02:00:57-05:00,2015958,CLASE TEORICA,(4) Grupo 4,Mario Arturo Rincon Villalba,40,23
gh-31764014573-0814T0700,2026-08-14T02:00:57-05:00,2015958,CLASE TEORICA,(6) Grupo 6,Cesar Andres Cortes Bello,40,23
gh-31764014573-0814T0700,2026-08-14T02:00:57-05:00,2015958,CLASE TEORICA,(8) Grupo 8,Cesar Andres Cortes Bello,40,23
gh-31764014573-0814T0700,2026-08-14T02:00:58-05:00,2015959,CLASE TEORICA,(1) Grupo 1,Carlos Eduardo Rodriguez Pineda,30,24
gh-31764014573-0814T0700,2026-08-14T02:00:58-05:00,2015959,CLASE TEORICA,(2) Grupo 2,Guillermo Eduardo Avila Alvarez,30,24
gh-31764014573-0814T0700,2026-08-14T02:00:58-05:00,2015959,CLASE TEORICA,(3) Grupo 3,Livaniel Viveros Rosero,30,24
gh-31764014573-0814T0700,2026-08-14T02:00:58-05:00,2015959,CLASE TEORICA,(4) Grupo 4,No informado,0,24
gh-31764014573-0814T0700,2026-08-14T02:01:01-05:00,2015961,CLASE TEORICA,(1) Grupo 1,Rafael Orland Ortiz Mosquera,24,26
gh-31764014573-0814T0700,2026-08-14T02:01:01-05:00,2015961,CLASE TEORICA,(2) Grupo 2,Adriana Patricia Piña Fulano,24,26
gh-31764014573-0814T0700,2026-08-14T02:01:01-05:00,2015961,CLASE TEORICA,(3) Grupo 3,Gelber Norberto Gutierrez Palacios,24,26
gh-31764014573-0814T0700,2026-08-14T02:01:01-05:00,2015961,CLASE TEORICA,(4) Grupo 4,No informado,24,26
gh-31764014573-0814T0700,2026-08-14T02:01:01-05:00,2015961,CLASE TEORICA,(5) Grupo 5,No informado,24,26
gh-31764014573-0814T0700,2026-08-14T02:01:01-05:00,2015961,CLASE TEORICA,(6) Grupo 6,Leonardo David Donado Garzon,24,26
gh-31764014573-0814T0700,2026-08-14T02:01:02-05:00,2015978,CLASE TEORICA,(1) Grupo 1,No informado,0,27
gh-31764014573-0814T0700,2026-08-14T02:01:02-05:00,2015978,CLASE TEORICA,(2) Grupo 2,Erasmo Alfredo Rodriguez Sandoval,30,27
gh-31764014573-0814T0700,2026-08-14T02:01:02-05:00,2015978,CLASE TEORICA,(3) Grupo 3,No informado,30,27
gh-31764014573-0814T0700,2026-08-14T02:01:02-05:00,2015978,CLASE TEORICA,(4) Grupo 4,No informado,30,27
gh-31764014573-0814T0700,2026-08-14T02:01:02-05:00,2015978,CLASE TEORICA,(5) Grupo 5,No informado,30,27
gh-31764014573-0814T0700,2026-08-14T02:01:03-05:00,2026135,CLASE TEORICA,(1) Grupo 1,NICOLAS ESCALANTE MORA,25,28
gh-31764014573-0814T0700,2026-08-14T02:01:03-05:00,2026135,CLASE TEORICA,(2) Grupo 2,Leonel Vega Mora,25,28
gh-31764014573-0814T0700,2026-08-14T02:01:03-05:00,2026135,CLASE TEORICA,(3) Grupo 3,Leonel Vega Mora,25,28
gh-31764014573-0814T0700,2026-08-14T02:01:04-05:00,2015963,CLASE TEORICA,(1) Grupo 1,No informado,30,29
gh-31764014573-0814T0700,2026-08-14T02:01:04-05:00,2015963,CLASE TEORICA,(2) Grupo 2,No informado,30,29
gh-31764014573-0814T0700,2026-08-14T02:01:04-05:00,2015963,CLASE TEORICA,(3) Grupo 3,William Castro Garcia,30,29
gh-31764014573-0814T0700,2026-08-14T02:01:05-05:00,2026138,CLASE TEORICA,(1) Grupo 1,Ivan Dario Serrano Arrieta,30,30
gh-31764014573-0814T0700,2026-08-14T02:01:05-05:00,2026138,CLASE TEORICA,(2) Grupo 2,Ivan Dario Serrano Arrieta,30,30
gh-31764014573-0814T0700,2026-08-14T02:01:05-05:00,2026138,CLASE TEORICA,(3) Grupo 3,Pedro Luis Jimenez Poveda,30,30
gh-31764014573-0814T0700,2026-08-14T02:01:07-05:00,2015703,NA,(1) Grupo 1,Angela Maria Arboleda Restrepo,40,31
gh-31764014573-0814T0700,2026-08-14T02:01:07-05:00,2015703,NA,(10) Grupo 10,Diego Alejandro Hernandez Castañeda,30,31
gh-31764014573-0814T0700,2026-08-14T02:01:07-05:00,2015703,NA,(11) Grupo 11,Julio Cesar Cañon Rodriguez,30,31
gh-31764014573-0814T0700,2026-08-14T02:01:07-05:00,2015703,NA,(2) Grupo 2,Osman Benjamin Giovanny Vargas Rozo,40,31
gh-31764014573-0814T0700,2026-08-14T02:01:07-05:00,2015703,NA,(3) Grupo 3,Hugo Alberto Herrera Fonseca,40,31
gh-31764014573-0814T0700,2026-08-14T02:01:07-05:00,2015703,NA,(4) Grupo 4,LINA JULIANA BULLA CASAS,30,31
gh-31764014573-0814T0700,2026-08-14T02:01:07-05:00,2015703,NA,(5) Grupo 5 - Virtual,Cesar Augusto Roa Lemus,60,31
gh-31764014573-0814T0700,2026-08-14T02:01:07-05:00,2015703,NA,(6) Grupo 6,JAVIER RICARDO OJEDA SANCHEZ,40,31
gh-31764014573-0814T0700,2026-08-14T02:01:07-05:00,2015703,NA,(7) Grupo 7,JAVIER RICARDO OJEDA SANCHEZ,20,31
gh-31764014573-0814T0700,2026-08-14T02:01:07-05:00,2015703,NA,(8) Grupo 8,Diego Alejandro Hernandez Castañeda,40,31
gh-31764014573-0814T0700,2026-08-14T02:01:07-05:00,2015703,NA,(9) Grupo 9,LINA JULIANA BULLA CASAS,35,31
gh-31764014573-0814T0700,2026-08-14T02:01:08-05:00,1000044-B,CLASE TEORICA,(1) Grupo 1,Beatriz Elena Urrutia Sanchez,26,32
gh-31764014573-0814T0700,2026-08-14T02:01:08-05:00,1000044-B,CLASE TEORICA,(2) Grupo 2,Yaneli Niño Osorio,26,32
gh-31764014573-0814T0700,2026-08-14T02:01:08-05:00,1000044-B,CLASE TEORICA,(3) Grupo 3,Luis Gabriel Peña Ortiz,26,32
gh-31764014573-0814T0700,2026-08-14T02:01:08-05:00,1000044-B,CLASE TEORICA,(4) Grupo 4,Liliana Marcela Guzman Aricapa,26,32
gh-31764014573-0814T0700,2026-08-14T02:01:08-05:00,1000044-B,CLASE TEORICA,(5) Grupo 5,Beatriz Elena Urrutia Sanchez,26,32
gh-31764014573-0814T0700,2026-08-14T02:01:08-05:00,1000044-B,CLASE TEORICA,(6) Grupo 6,Cesar Augusto Romero,26,32
gh-31764014573-0814T0700,2026-08-14T02:01:08-05:00,1000044-B,CLASE TEORICA,(7) Grupo 7,JOSE JONATHAN MAESTRE HERRERA,26,32
gh-31764014573-0814T0700,2026-08-14T02:01:08-05:00,1000044-B,CLASE TEORICA,(8) Grupo 8,Beymar Leonardo Solorzano Alviz,26,32
gh-31764014573-0814T0700,2026-08-14T02:01:08-05:00,1000044-B,CLASE TEORICA,(9) Grupo 9,Claudia Marcela Arevalo Gomez,7,32
gh-31764014573-0814T0700,2026-08-14T02:01:10-05:00,1000045-B,CLASE TEORICA,(1) Grupo 1,Claudia Marcela Arevalo Gomez,10,33
gh-31764014573-0814T0700,2026-08-14T02:01:10-05:00,1000045-B,CLASE TEORICA,(10) Grupo 10,Jesica paola Rendon Alfonso,26,33
gh-31764014573-0814T0700,2026-08-14T02:01:10-05:00,1000045-B,CLASE TEORICA,(11) Grupo 11,JOSE JONATHAN MAESTRE HERRERA,26,33
gh-31764014573-0814T0700,2026-08-14T02:01:10-05:00,1000045-B,CLASE TEORICA,(12) Grupo 12,LINDA JOHANA RUIZ GOMEZ,26,33
gh-31764014573-0814T0700,2026-08-14T02:01:10-05:00,1000045-B,CLASE TEORICA,(13) Grupo 13,Narly Yadira Pardo Cadena,26,33
gh-31764014573-0814T0700,2026-08-14T02:01:10-05:00,1000045-B,CLASE TEORICA,(14) Grupo 14,Angelica Saenz Fonseca,26,33
gh-31764014573-0814T0700,2026-08-14T02:01:10-05:00,1000045-B,CLASE TEORICA,(15) Grupo 15,Narly Yadira Pardo Cadena,26,33
gh-31764014573-0814T0700,2026-08-14T02:01:10-05:00,1000045-B,CLASE TEORICA,(16) Grupo 16,Luis Gabriel Peña Ortiz,26,33
gh-31764014573-0814T0700,2026-08-14T02:01:10-05:00,1000045-B,CLASE TEORICA,(2) Grupo 2,Cesar Augusto Romero,26,33
gh-31764014573-0814T0700,2026-08-14T02:01:10-05:00,1000045-B,CLASE TEORICA,(3) Grupo 3,Jesica paola Rendon Alfonso,26,33
gh-31764014573-0814T0700,2026-08-14T02:01:10-05:00,1000045-B,CLASE TEORICA,(4) Grupo 4,Adriana Marlen Sanchez Riaño,26,33
gh-31764014573-0814T0700,2026-08-14T02:01:10-05:00,1000045-B,CLASE TEORICA,(5) Grupo 5,Cesar Augusto Romero,26,33
gh-31764014573-0814T0700,2026-08-14T02:01:10-05:00,1000045-B,CLASE TEORICA,(6) Grupo 6,Sara Elisa Monsalve Patino,26,33
gh-31764014573-0814T0700,2026-08-14T02:01:10-05:00,1000045-B,CLASE TEORICA,(7) Grupo 7,Luis Gabriel Peña Ortiz,26,33
gh-31764014573-0814T0700,2026-08-14T02:01:10-05:00,1000045-B,CLASE TEORICA,(8) Grupo 8,Johnatan Martinez Hernandez,26,33
gh-31764014573-0814T0700,2026-08-14T02:01:10-05:00,1000045-B,CLASE TEORICA,(9) Grupo 9,Maureen Elizabeth Hooker Oneill,15,33
gh-31764014573-0814T0700,2026-08-14T02:01:12-05:00,1000046-B,CLASE TEORICA,(1) Grupo 1,Johnatan Martinez Hernandez,26,35
gh-31764014573-0814T0700,2026-08-14T02:01:12-05:00,1000046-B,CLASE TEORICA,(10) Grupo 10,Jennly Angelica Gomez Rodriguez,26,35
gh-31764014573-0814T0700,2026-08-14T02:01:12-05:00,1000046-B,CLASE TEORICA,(11) Grupo 11,Angelica Saenz Fonseca,26,35
gh-31764014573-0814T0700,2026-08-14T02:01:12-05:00,1000046-B,CLASE TEORICA,(12) Grupo 12,Liliana Marcela Guzman Aricapa,26,35
gh-31764014573-0814T0700,2026-08-14T02:01:12-05:00,1000046-B,CLASE TEORICA,(13) Grupo 13,ALBA LUCIA RIAÑO RODRIGUEZ,26,35
gh-31764014573-0814T0700,2026-08-14T02:01:12-05:00,1000046-B,CLASE TEORICA,(14) Grupo 14,Angelica Saenz Fonseca,26,35
gh-31764014573-0814T0700,2026-08-14T02:01:12-05:00,1000046-B,CLASE TEORICA,(15) Grupo 15,Luis Gabriel Peña Ortiz,26,35
gh-31764014573-0814T0700,2026-08-14T02:01:12-05:00,1000046-B,CLASE TEORICA,(16) Grupo 16,Olga Lucia Ruiz Convers,26,35
gh-31764014573-0814T0700,2026-08-14T02:01:12-05:00,1000046-B,CLASE TEORICA,(17) Grupo 17,Luis Gabriel Peña Ortiz,26,35
gh-31764014573-0814T0700,2026-08-14T02:01:12-05:00,1000046-B,CLASE TEORICA,(18) Grupo 18,Narly Yadira Pardo Cadena,26,35
gh-31764014573-0814T0700,2026-08-14T02:01:12-05:00,1000046-B,CLASE TEORICA,(2) Grupo 2,Jesica paola Rendon Alfonso,26,35
gh-31764014573-0814T0700,2026-08-14T02:01:12-05:00,1000046-B,CLASE TEORICA,(3) Grupo 3,JESUS DAVID TORRES RODRIGUEZ,26,35
gh-31764014573-0814T0700,2026-08-14T02:01:12-05:00,1000046-B,CLASE TEORICA,(4) Grupo 4,Claudia Patricia Cortes Lora,26,35
gh-31764014573-0814T0700,2026-08-14T02:01:12-05:00,1000046-B,CLASE TEORICA,(5) Grupo 5,Johnatan Martinez Hernandez,26,35
gh-31764014573-0814T0700,2026-08-14T02:01:12-05:00,1000046-B,CLASE TEORICA,(6) Grupo 6,Johnatan Martinez Hernandez,26,35
gh-31764014573-0814T0700,2026-08-14T02:01:12-05:00,1000046-B,CLASE TEORICA,(7) Grupo 7,Jesica paola Rendon Alfonso,26,35
gh-31764014573-0814T0700,2026-08-14T02:01:12-05:00,1000046-B,CLASE TEORICA,(8) Grupo 8,Beatriz Elena Urrutia Sanchez,26,35
gh-31764014573-0814T0700,2026-08-14T02:01:12-05:00,1000046-B,CLASE TEORICA,(9) Grupo 9,Maureen Elizabeth Hooker Oneill,10,35
gh-31764014573-0814T0700,2026-08-14T02:01:15-05:00,1000052-B,CLASE TEORICA,(1) Grupo 1,Liliana Marcela Guzman Aricapa,28,37
gh-31764014573-0814T0700,2026-08-14T02:01:15-05:00,1000052-B,CLASE TEORICA,(2) Grupo 2,JOSE JONATHAN MAESTRE HERRERA,28,37
gh-31764014573-0814T0700,2026-08-14T02:01:15-05:00,1000052-B,CLASE TEORICA,(3) Grupo 3,Aida Elena Monsalve Solorzano,28,37
gh-31764014573-0814T0700,2026-08-14T02:01:16-05:00,1000053-B,CLASE TEORICA,(1) Grupo 1,Jennly Angelica Gomez Rodriguez,28,38
gh-31764014573-0814T0700,2026-08-14T02:01:16-05:00,1000053-B,CLASE TEORICA,(2) Grupo 2,Yaneli Niño Osorio,28,38
gh-31764014573-0814T0700,2026-08-14T02:01:16-05:00,1000053-B,CLASE TEORICA,(3) Grupo 3,Javier Rodriguez Gomez,30,38
gh-31764014573-0814T0700,2026-08-14T02:01:16-05:00,1000053-B,CLASE TEORICA,(4) Grupo 4,Javier Rodriguez Gomez,30,38
gh-31764014573-0814T0700,2026-08-14T02:01:16-05:00,1000053-B,CLASE TEORICA,(5) Grupo 5,LINDA JOHANA RUIZ GOMEZ,28,38
gh-31764014573-0814T0700,2026-08-14T02:01:16-05:00,1000053-B,CLASE TEORICA,(6) Grupo 6,Olga Lucia Ruiz Convers,28,38
gh-31764014573-0814T0700,2026-08-14T02:01:17-05:00,1000047-B,CLASE TEORICA,(1) Grupo 1,Cesar Augusto Romero,26,39
gh-31764014573-0814T0700,2026-08-14T02:01:17-05:00,1000047-B,CLASE TEORICA,(10) Grupo 10,Monica Alexandra Riaño Orjuela,26,39
gh-31764014573-0814T0700,2026-08-14T02:01:17-05:00,1000047-B,CLASE TEORICA,(11) Grupo 11,Jennly Angelica Gomez Rodriguez,26,39
gh-31764014573-0814T0700,2026-08-14T02:01:17-05:00,1000047-B,CLASE TEORICA,(12) Grupo 12,Claudia Patricia Cortes Lora,26,39
gh-31764014573-0814T0700,2026-08-14T02:01:17-05:00,1000047-B,CLASE TEORICA,(13) Grupo 13,Angelica Saenz Fonseca,26,39
gh-31764014573-0814T0700,2026-08-14T02:01:17-05:00,1000047-B,CLASE TEORICA,(14) Grupo 14,LINDA JOHANA RUIZ GOMEZ,26,39
gh-31764014573-0814T0700,2026-08-14T02:01:17-05:00,1000047-B,CLASE TEORICA,(15) Grupo 15,Claudia Patricia Cortes Lora,26,39
gh-31764014573-0814T0700,2026-08-14T02:01:17-05:00,1000047-B,CLASE TEORICA,(16) Grupo 16,Narly Yadira Pardo Cadena,26,39
gh-31764014573-0814T0700,2026-08-14T02:01:17-05:00,1000047-B,CLASE TEORICA,(17) Grupo 17,Angelica Saenz Fonseca,26,39
gh-31764014573-0814T0700,2026-08-14T02:01:17-05:00,1000047-B,CLASE TEORICA,(18) Grupo 18,ALBA LUCIA RIAÑO RODRIGUEZ,26,39
gh-31764014573-0814T0700,2026-08-14T02:01:17-05:00,1000047-B,CLASE TEORICA,(19) Grupo 19,Aida Elena Monsalve Solorzano,26,39
gh-31764014573-0814T0700,2026-08-14T02:01:17-05:00,1000047-B,CLASE TEORICA,(2) Grupo 2,Yaneli Niño Osorio,26,39
gh-31764014573-0814T0700,2026-08-14T02:01:17-05:00,1000047-B,CLASE TEORICA,(20) Grupo 20,ALBA LUCIA RIAÑO RODRIGUEZ,26,39
gh-31764014573-0814T0700,2026-08-14T02:01:17-05:00,1000047-B,CLASE TEORICA,(21) Grupo 21,Edwin Yesid Leon Silva,26,39
gh-31764014573-0814T0700,2026-08-14T02:01:17-05:00,1000047-B,CLASE TEORICA,(22) Grupo 22,LINDA JOHANA RUIZ GOMEZ,26,39
gh-31764014573-0814T0700,2026-08-14T02:01:17-05:00,1000047-B,CLASE TEORICA,(3) Grupo 3,Monica Alexandra Riaño Orjuela,26,39
gh-31764014573-0814T0700,2026-08-14T02:01:17-05:00,1000047-B,CLASE TEORICA,(4) Grupo 4,Claudia Patricia Cortes Lora,26,39
gh-31764014573-0814T0700,2026-08-14T02:01:17-05:00,1000047-B,CLASE TEORICA,(5) Grupo 5,Olga Lucia Ruiz Convers,26,39
gh-31764014573-0814T0700,2026-08-14T02:01:17-05:00,1000047-B,CLASE TEORICA,(6) Grupo 6,Monica Alexandra Riaño Orjuela,26,39
gh-31764014573-0814T0700,2026-08-14T02:01:17-05:00,1000047-B,CLASE TEORICA,(7) Grupo 7,Cesar Augusto Romero,26,39
gh-31764014573-0814T0700,2026-08-14T02:01:17-05:00,1000047-B,CLASE TEORICA,(8) Grupo 8,Beatriz Elena Urrutia Sanchez,26,39
gh-31764014573-0814T0700,2026-08-14T02:01:17-05:00,1000047-B,CLASE TEORICA,(9) Grupo 9,Keshia Hilary Howard Livingston,15,39
gh-31764014573-0814T0700,2026-08-14T02:01:20-05:00,2026186,CLASE TEORICA,(1) Grupo 1,Carol Andrea Murillo Feo,7,41
gh-31764014573-0814T0700,2026-08-14T02:01:20-05:00,2026186,CLASE TEORICA,(2) Grupo 2,Leonel Vega Mora,0,41
gh-31764014573-0814T0700,2026-08-14T02:01:20-05:00,2026186,CLASE TEORICA,(4) Grupo 4,Carlos Orlando Robles Roa,10,41
gh-31764014573-0814T0700,2026-08-14T02:01:21-05:00,1000002-B,CLASE TEORICA,(1) Grupo 1 - Clase Presencial,Ruth Andrea Cortés Suárez,1,42
gh-31764014573-0814T0700,2026-08-14T02:01:21-05:00,1000002-B,CLASE TEORICA,(10) Grupo 10 - Clase presencial,Karen Johanna Castelblanco Villamil,0,42
gh-31764014573-0814T0700,2026-08-14T02:01:21-05:00,1000002-B,CLASE TEORICA,(2) Grupo 2 - Clase Presencial,Ruth Andrea Cortés Suárez,0,42
gh-31764014573-0814T0700,2026-08-14T02:01:21-05:00,1000002-B,CLASE TEORICA,(3) Grupo 3 - Clase Presencial,Adriana Patricia Díaz Cuevas,0,42
gh-31764014573-0814T0700,2026-08-14T02:01:21-05:00,1000002-B,CLASE TEORICA,(4) Grupo 4 - Clase Presencial,Adriana Patricia Díaz Cuevas,0,42
gh-31764014573-0814T0700,2026-08-14T02:01:21-05:00,1000002-B,CLASE TEORICA,(5) Grupo 5 - Clase Presencial,Andres Felipe Escovar Barreto,0,42
gh-31764014573-0814T0700,2026-08-14T02:01:21-05:00,1000002-B,CLASE TEORICA,(6) Grupo 6 - Clase Presencial,Ruth Andrea Cortés Suárez,0,42
gh-31764014573-0814T0700,2026-08-14T02:01:21-05:00,1000002-B,CLASE TEORICA,(7) Grupo 7 - Clase Presencial,Karen Johanna Castelblanco Villamil,0,42
gh-31764014573-0814T0700,2026-08-14T02:01:21-05:00,1000002-B,CLASE TEORICA,(8) Grupo 8 - Clase Presencial,Adriana Patricia Díaz Cuevas,0,42
gh-31764014573-0814T0700,2026-08-14T02:01:21-05:00,1000002-B,CLASE TEORICA,(9) Grupo 9 - Clase Presencial,Carlas Lucia Castilla Lara,10,42
gh-31764014573-0814T0700,2026-08-14T02:01:23-05:00,1000001-B,CLASE TEORICA,(1) Grupo 1,No informado,0,43
gh-31764014573-0814T0700,2026-08-14T02:01:23-05:00,1000001-B,CLASE TEORICA,(19) Grupo 19,No informado,5,43
gh-31764014573-0814T0700,2026-08-14T02:01:23-05:00,1000001-B,CLASE TEORICA,(2) Grupo 2,No informado,10,43
gh-31764014573-0814T0700,2026-08-14T02:01:23-05:00,1000001-B,CLASE MAGISTRAL,(1) Grupo 1,Ibeth Marcela Rubio Perilla,0,43
gh-31764014573-0814T0700,2026-08-14T02:01:23-05:00,1000001-B,CLASE MAGISTRAL,(10) Grupo 10,No informado,0,43
gh-31764014573-0814T0700,2026-08-14T02:01:23-05:00,1000001-B,CLASE MAGISTRAL,(2) Grupo 2,Herbert Alonso Dueñas Ruiz,0,43
gh-31764014573-0814T0700,2026-08-14T02:01:23-05:00,1000001-B,CLASE MAGISTRAL,(3) Grupo 3,Jeanneth Galeano Penaloza,0,43
gh-31764014573-0814T0700,2026-08-14T02:01:23-05:00,1000001-B,CLASE MAGISTRAL,(4) Grupo 4,Gustavo Adolfo Nieto Clavijo,0,43
gh-31764014573-0814T0700,2026-08-14T02:01:23-05:00,1000001-B,CLASE MAGISTRAL,(5) Grupo 5,Natalia Camila Pinzon Cortes,1,43
gh-31764014573-0814T0700,2026-08-14T02:01:23-05:00,1000001-B,CLASE MAGISTRAL,(6) Grupo 6,Martha Cecilia Moreno Penagos,0,43
gh-31764014573-0814T0700,2026-08-14T02:01:23-05:00,1000001-B,CLASE MAGISTRAL,(7) Grupo 7,Claudio Rodriguez Beltran,0,43
gh-31764014573-0814T0700,2026-08-14T02:01:23-05:00,1000001-B,CLASE MAGISTRAL,(8) Grupo 8,Gabriel Ignacio Padilla Leon,1,43
gh-31764014573-0814T0700,2026-08-14T02:01:23-05:00,1000001-B,CLASE MAGISTRAL,(9) Grupo 9,No informado,10,43
gh-31764014573-0814T0700,2026-08-14T02:01:24-05:00,2015965,CLASE TEORICA,(1) Grupo 1,CAMILO RIOS FRESNEDA,24,44
gh-31764014573-0814T0700,2026-08-14T02:01:24-05:00,2015965,CLASE TEORICA,(2) Grupo 2,Julian David Puerto Suarez; Vladimir Buelvas Hernández,24,44
gh-31764014573-0814T0700,2026-08-14T02:01:24-05:00,2015965,CLASE TEORICA,(3) Grupo 3,Ferney Betancourt Cardozo; Juan Manuel Lizarazo Marriaga,24,44
gh-31764014573-0814T0700,2026-08-14T02:01:24-05:00,2015965,CLASE TEORICA,(4) Grupo 4,No informado,24,44
gh-31764014573-0814T0700,2026-08-14T02:01:26-05:00,2015966,CLASE TEORICA,(1) Grupo 1,No informado,24,45
gh-31764014573-0814T0700,2026-08-14T02:01:26-05:00,2015966,CLASE TEORICA,(2) Grupo 2,Adriana Patricia Piña Fulano,24,45
gh-31764014573-0814T0700,2026-08-14T02:01:26-05:00,2015966,CLASE TEORICA,(3) Grupo 3,Rafael Orland Ortiz Mosquera,24,45
gh-31764014573-0814T0700,2026-08-14T02:01:26-05:00,2015966,CLASE TEORICA,(4) Grupo 4,No informado,24,45
gh-31764014573-0814T0700,2026-08-14T02:01:26-05:00,2015966,CLASE TEORICA,(5) Grupo 5,No informado,24,45
gh-31764014573-0814T0700,2026-08-14T02:01:26-05:00,2015966,CLASE TEORICA,(6) Grupo 6,Luis Alejandro Morales Marin,24,45
gh-31764014573-0814T0700,2026-08-14T02:01:26-05:00,2015966,CLASE TEORICA,(7) Grupo 7,No informado,24,45
gh-31764014573-0814T0700,2026-08-14T02:01:26-05:00,2015966,CLASE TEORICA,(8) Grupo 8,No informado,24,45
gh-31764014573-0814T0700,2026-08-14T02:01:27-05:00,2015967,NA,(1) Grupo 1,Vladimir Buelvas Hernández,24,46
gh-31764014573-0814T0700,2026-08-14T02:01:28-05:00,2015968,CLASE TEORICA,(1) Grupo 1,Ricardo Parra Arango,24,47
gh-31764014573-0814T0700,2026-08-14T02:01:28-05:00,2015968,CLASE TEORICA,(2) Grupo 2,Juan David Oliveros Salazar,24,47
gh-31764014573-0814T0700,2026-08-14T02:01:28-05:00,2015968,CLASE TEORICA,(3) Grupo 3,No informado,24,47
gh-31764014573-0814T0700,2026-08-14T02:01:28-05:00,2015968,CLASE TEORICA,(4) Grupo 4,Ricardo Parra Arango,24,47
gh-31764014573-0814T0700,2026-08-14T02:01:28-05:00,2015968,CLASE TEORICA,(5) Grupo 5,Julian David Puerto Suarez,24,47
gh-31764014573-0814T0700,2026-08-14T02:01:28-05:00,2015968,CLASE TEORICA,(6) Grupo 6,Dorian Luis Linero Segrera,24,47
gh-31764014573-0814T0700,2026-08-14T02:01:28-05:00,2015968,CLASE TEORICA,(7) Grupo 7,No informado,0,47
gh-31764014573-0814T0700,2026-08-14T02:01:29-05:00,2015969,CLASE TEORICA,(1) Grupo 1 (Inglés),Julio Esteban Colmenares Montañez,30,48
gh-31764014573-0814T0700,2026-08-14T02:01:29-05:00,2015969,CLASE TEORICA,(2) Grupo 2,Guillermo Eduardo Avila Alvarez,30,48
gh-31764014573-0814T0700,2026-08-14T02:01:29-05:00,2015969,CLASE TEORICA,(3) Grupo 3,Livaniel Viveros Rosero,30,48
gh-31764014573-0814T0700,2026-08-14T02:01:29-05:00,2015969,CLASE TEORICA,(4) Grupo 4,No informado,30,48
gh-31764014573-0814T0700,2026-08-14T02:01:31-05:00,2015970,CLASE PRACTICA,(4) Grupo 4,Helga Duarte,30,49
gh-31764014573-0814T0700,2026-08-14T02:01:31-05:00,2015970,CLASE PRACTICA,(5) Grupo 5,Oswaldo Rojas Camacho,45,49
gh-31764014573-0814T0700,2026-08-14T02:01:31-05:00,2015970,CLASE PRACTICA,(8) Grupo 8,Helga Duarte,30,49
gh-31764014573-0814T0700,2026-08-14T02:01:31-05:00,2015970,CLASE PRACTICA,(9) Grupo 9,Oswaldo Rojas Camacho,45,49
gh-31764014573-0814T0700,2026-08-14T02:01:32-05:00,2017293,CLASE TEORICA,(1) 2017293-1 Modelación matemática,JUAN SEBASTIÁN HINCAPIÉ MONTES,34,50
gh-31764014573-0814T0700,2026-08-14T02:01:32-05:00,2017293,CLASE TEORICA,(2) 2017293-2 Modelación matemática,JUAN SEBASTIÁN HINCAPIÉ MONTES,34,50
gh-31764014573-0814T0700,2026-08-14T02:01:32-05:00,2017293,CLASE MAGISTRAL,(1M) 2017293-1M Modelación matemática - Magistral,Carlos Alberto Duque Daza,80,50
gh-31764014573-0814T0700,2026-08-14T02:01:35-05:00,2015971,CLASE TEORICA,(1) Grupo 1,No informado,30,53
gh-31764014573-0814T0700,2026-08-14T02:01:35-05:00,2015971,CLASE TEORICA,(2) Grupo 2,Ferney Betancourt Cardozo,30,53
gh-31764014573-0814T0700,2026-08-14T02:01:35-05:00,2015971,CLASE TEORICA,(3) Grupo 3,No informado,30,53
gh-31764014573-0814T0700,2026-08-14T02:01:37-05:00,2015972,CLASE TEORICA,(1) Grupo 1,Carlos Alberto Moncada Aristizabal,15,54
gh-31764014573-0814T0700,2026-08-14T02:01:37-05:00,2015972,CLASE TEORICA,(2) Grupo 2,SANTIAGO RAMIREZ ECHEVERRI,15,54
gh-31764014573-0814T0700,2026-08-14T02:01:37-05:00,2015972,CLASE TEORICA,(3) Grupo 3,No informado,15,54
gh-31764014573-0814T0700,2026-08-14T02:01:38-05:00,1000024-B,CLASE TEORICA,(12) Grupo 12,Edgar Delgado Mejia,0,55
gh-31764014573-0814T0700,2026-08-14T02:01:38-05:00,1000024-B,CLASE TEORICA,(13) Grupo 13,Jesus Sigifredo Valencia Rios,0,55
gh-31764014573-0814T0700,2026-08-14T02:01:38-05:00,1000024-B,CLASE TEORICA,(14) Grupo 14,Jhon Jairo Aragón Arias,10,55
gh-31764014573-0814T0700,2026-08-14T02:01:40-05:00,1000013-B,CLASE TEORICA,(1) Grupo 1,JHONIER SEBASTIAN RANGEL GUTIERREZ,0,56
gh-31764014573-0814T0700,2026-08-14T02:01:40-05:00,1000013-B,CLASE TEORICA,(10) Grupo 10,Sandra Vergara Cardozo,35,56
gh-31764014573-0814T0700,2026-08-14T02:01:40-05:00,1000013-B,CLASE TEORICA,(11) Grupo 11,DIEGO ALBERTO MARTINEZ SIMBAQUEVA,40,56
gh-31764014573-0814T0700,2026-08-14T02:01:40-05:00,1000013-B,CLASE TEORICA,(12) Grupo 12,DIEGO ALBERTO MARTINEZ SIMBAQUEVA,40,56
gh-31764014573-0814T0700,2026-08-14T02:01:40-05:00,1000013-B,CLASE TEORICA,(13) Grupo 13,DIEGO ALBERTO MARTINEZ SIMBAQUEVA,30,56
gh-31764014573-0814T0700,2026-08-14T02:01:40-05:00,1000013-B,CLASE TEORICA,(14) Grupo 14,Andrea Catalina Garcia Montoya,45,56
gh-31764014573-0814T0700,2026-08-14T02:01:40-05:00,1000013-B,CLASE TEORICA,(16) Grupo 16,Sergio Alejandro Calderon Villanueva,30,56
gh-31764014573-0814T0700,2026-08-14T02:01:40-05:00,1000013-B,CLASE TEORICA,(2) Grupo 2,Luis Guillermo Diaz Monroy,40,56
gh-31764014573-0814T0700,2026-08-14T02:01:40-05:00,1000013-B,CLASE TEORICA,(22) Grupo 22,Hanwen Zhang,45,56
gh-31764014573-0814T0700,2026-08-14T02:01:40-05:00,1000013-B,CLASE TEORICA,(23) Grupo 23,ULPIANO LARA CRISTANCHO,0,56
gh-31764014573-0814T0700,2026-08-14T02:01:40-05:00,1000013-B,CLASE TEORICA,(3) Grupo 3,Diana Carolina Franco Soto,40,56
gh-31764014573-0814T0700,2026-08-14T02:01:40-05:00,1000013-B,CLASE TEORICA,(4) Grupo 4,Diana Carolina Franco Soto,40,56
gh-31764014573-0814T0700,2026-08-14T02:01:40-05:00,1000013-B,CLASE TEORICA,(5) Grupo 5,Darwin Eduardo Martínez Riaño,35,56
gh-31764014573-0814T0700,2026-08-14T02:01:40-05:00,1000013-B,CLASE TEORICA,(6) Grupo 6,Darwin Eduardo Martínez Riaño,35,56
gh-31764014573-0814T0700,2026-08-14T02:01:40-05:00,1000013-B,CLASE TEORICA,(7) Grupo 7,Camilo Jose Torres Jimenez,40,56
gh-31764014573-0814T0700,2026-08-14T02:01:41-05:00,2015734,NA,(1) Grupo 1,Fernando Salazar Delgado,6,57
gh-31764014573-0814T0700,2026-08-14T02:01:41-05:00,2015734,NA,(10) Grupo 10,Tito Florez Calderon,4,57
gh-31764014573-0814T0700,2026-08-14T02:01:41-05:00,2015734,NA,(11) Grupo 11,DAVID ALBERTO HERRERA ALVAREZ,0,57
gh-31764014573-0814T0700,2026-08-14T02:01:41-05:00,2015734,NA,(12) Grupo 12,FABIEL NATÁN ESPINOSA CASTAÑEDA,1,57
gh-31764014573-0814T0700,2026-08-14T02:01:41-05:00,2015734,NA,(13) Grupo 13,SERGIO CAMILO ESPINOSA BOTERO,4,57
gh-31764014573-0814T0700,2026-08-14T02:01:41-05:00,2015734,NA,(14) Grupo 14,Felipe Gonzalez Roldan,0,57
gh-31764014573-0814T0700,2026-08-14T02:01:41-05:00,2015734,NA,(2) Grupo 2,Fernando Salazar Delgado,16,57
gh-31764014573-0814T0700,2026-08-14T02:01:41-05:00,2015734,NA,(3) Grupo 3,Jhoan Sebastian Restrepo Mendoza,0,57
gh-31764014573-0814T0700,2026-08-14T02:01:41-05:00,2015734,NA,(4) Grupo 4,Sandra Liliana Rojas Martinez,0,57
gh-31764014573-0814T0700,2026-08-14T02:01:41-05:00,2015734,NA,(5) Grupo 5,Jhoan Sebastian Restrepo Mendoza,0,57
gh-31764014573-0814T0700,2026-08-14T02:01:41-05:00,2015734,NA,(6) Grupo 6,SERGIO CAMILO ESPINOSA BOTERO,8,57
gh-31764014573-0814T0700,2026-08-14T02:01:41-05:00,2015734,NA,(7) Grupo 7,No informado,3,57
gh-31764014573-0814T0700,2026-08-14T02:01:41-05:00,2015734,NA,(8) Grupo 8 - Virtual,FABIEL NATÁN ESPINOSA CASTAÑEDA,30,57
gh-31764014573-0814T0700,2026-08-14T02:01:41-05:00,2015734,NA,(9) Grupo 9,Alvaro Reynel Córdoba,18,57
gh-31764014573-0814T0700,2026-08-14T02:01:44-05:00,2015973,CLASE TEORICA,(1) Grupo 1,No informado,25,59
gh-31764014573-0814T0700,2026-08-14T02:01:44-05:00,2015973,CLASE TEORICA,(2) Grupo 2,GABRIELA ARRIETA LOYO,25,59
gh-31764014573-0814T0700,2026-08-14T02:01:44-05:00,2015973,CLASE TEORICA,(3) Grupo 3,NICOLAS ESCALANTE MORA,25,59
gh-31764014573-0814T0700,2026-08-14T02:01:45-05:00,2022761,NA,(1) Grupo 1,Servio Javier Contreras Guerrero,15,60
gh-31764014573-0814T0700,2026-08-14T02:01:45-05:00,2022761,NA,(2) Grupo 2,Servio Javier Contreras Guerrero,15,60
gh-31764014573-0814T0700,2026-08-14T02:01:45-05:00,2022761,NA,(3) Grupo 3,Samuel Fernando Mesa Giraldo,15,60
gh-31764014573-0814T0700,2026-08-14T02:01:46-05:00,2024045,CLASE TEORICA,(1) 2024045-1 Taller de proyectos interdisciplinarios,No informado,0,61
gh-31764014573-0814T0700,2026-08-14T02:01:46-05:00,2024045,CLASE TEORICA,(10) 2024045-10 Taller de proyectos interdisciplinarios,Oscar Andres Eraso Eraso,0,61
gh-31764014573-0814T0700,2026-08-14T02:01:46-05:00,2024045,CLASE TEORICA,(11) 2024045-11 Taller de proyectos interdisciplinarios,No informado,0,61
gh-31764014573-0814T0700,2026-08-14T02:01:46-05:00,2024045,CLASE TEORICA,(12) 2024045-12 Taller de proyectos interdisciplinarios,Hector Julian Garcia Otalora,200,61
gh-31764014573-0814T0700,2026-08-14T02:01:46-05:00,2024045,CLASE TEORICA,(13) 2024045-13 Taller de proyectos interdisciplinarios,No informado,0,61
gh-31764014573-0814T0700,2026-08-14T02:01:46-05:00,2024045,CLASE TEORICA,(14) 2024045-14 Taller de proyectos interdisciplinarios,Dolly Santos Barbosa,0,61
gh-31764014573-0814T0700,2026-08-14T02:01:46-05:00,2024045,CLASE TEORICA,(15) 2024045-15 Taller de proyectos interdisciplinarios,Oscar Andres Eraso Eraso,0,61
gh-31764014573-0814T0700,2026-08-14T02:01:46-05:00,2024045,CLASE TEORICA,(16) 2024045-16 Taller de proyectos interdisciplinarios,Luis Ignacio Rodriguez Varela,0,61
gh-31764014573-0814T0700,2026-08-14T02:01:46-05:00,2024045,CLASE TEORICA,(17) 2024045-17 Taller de proyectos interdisciplinarios,JOHANA CATALINA MANOSALVA BARRERA,0,61
gh-31764014573-0814T0700,2026-08-14T02:01:46-05:00,2024045,CLASE TEORICA,(18) 2024045-18 Taller de proyectos interdisciplinarios,Fernando Bernal Martinez,0,61
gh-31764014573-0814T0700,2026-08-14T02:01:46-05:00,2024045,CLASE TEORICA,(19) 2024045-19 Taller de proyectos interdisciplinarios,FRANCISCO JAVIER VÁSQUEZ VÁSQUEZ,0,61
gh-31764014573-0814T0700,2026-08-14T02:01:46-05:00,2024045,CLASE TEORICA,(2) 2024045-2 Taller de proyectos interdisciplinarios,Fernando Bernal Martinez,0,61
gh-31764014573-0814T0700,2026-08-14T02:01:46-05:00,2024045,CLASE TEORICA,(21) 2024045-21 Taller de proyectos interdisciplinarios,No informado,0,61
gh-31764014573-0814T0700,2026-08-14T02:01:46-05:00,2024045,CLASE TEORICA,(22) 2024045-22 Taller de proyectos interdisciplinarios,Ubaldo Garcia Zaragoza,0,61
gh-31764014573-0814T0700,2026-08-14T02:01:46-05:00,2024045,CLASE TEORICA,(23) 2024045-23 Taller de proyectos interdisciplinarios,No informado,0,61
gh-31764014573-0814T0700,2026-08-14T02:01:46-05:00,2024045,CLASE TEORICA,(24) 2024045-24 Taller de proyectos interdisciplinarios,Hector Julian Garcia Otalora,200,61
gh-31764014573-0814T0700,2026-08-14T02:01:46-05:00,2024045,CLASE TEORICA,(3) 2024045-3 Taller de proyectos interdisciplinarios,Guillermo Alberto Rocha Casas,0,61
gh-31764014573-0814T0700,2026-08-14T02:01:46-05:00,2024045,CLASE TEORICA,(4) 2024045-4 Taller de proyectos interdisciplinarios,Francy Nayely Prieto Novoa,0,61
gh-31764014573-0814T0700,2026-08-14T02:01:46-05:00,2024045,CLASE TEORICA,(40) 2024045-40 TPI-- NO BORRAR-- BLOQ ESPACIOS,No informado,0,61
gh-31764014573-0814T0700,2026-08-14T02:01:46-05:00,2024045,CLASE TEORICA,(5) 2024045-5 Taller de proyectos interdisciplinarios,Nubia Carmenza Moreno Sarmiento,0,61
gh-31764014573-0814T0700,2026-08-14T02:01:46-05:00,2024045,CLASE TEORICA,(6) 2024045-6 Taller de proyectos interdisciplinarios,JOHANA CATALINA MANOSALVA BARRERA,0,61
gh-31764014573-0814T0700,2026-08-14T02:01:46-05:00,2024045,CLASE TEORICA,(7) 2024045-7 Taller de proyectos interdisciplinarios,Ubaldo Garcia Zaragoza,0,61
gh-31764014573-0814T0700,2026-08-14T02:01:46-05:00,2024045,CLASE TEORICA,(8) 2024045-8 Taller de proyectos interdisciplinarios,JHON FREDDY LOPEZ MEDINA,0,61
gh-31764014573-0814T0700,2026-08-14T02:01:46-05:00,2024045,CLASE TEORICA,(9) 2024045-9 Taller de proyectos interdisciplinarios,Manuel Alejandro Mayorga Betancourt,0,61
gh-31764014573-0814T0700,2026-08-14T02:01:48-05:00,2015296,NA,(1) Grupo 1,Leonardo David Donado Garzon,5,62
gh-31764014573-0814T0700,2026-08-14T02:01:48-05:00,2015296,NA,(10) Grupo 10,Juan Manuel Lizarazo Marriaga,5,62
gh-31764014573-0814T0700,2026-08-14T02:01:48-05:00,2015296,NA,(11) Grupo 11,Octavio Coronado Garcia,5,62
gh-31764014573-0814T0700,2026-08-14T02:01:48-05:00,2015296,NA,(12) Grupo 12,Carol Andrea Murillo Feo,5,62
gh-31764014573-0814T0700,2026-08-14T02:01:48-05:00,2015296,NA,(13) Grupo 13,CAMILO RIOS FRESNEDA,5,62
gh-31764014573-0814T0700,2026-08-14T02:01:48-05:00,2015296,NA,(14) Grupo 14,William Castro Garcia,5,62
gh-31764014573-0814T0700,2026-08-14T02:01:48-05:00,2015296,NA,(15) Grupo 15,Luis Alejandro Morales Marin,5,62
gh-31764014573-0814T0700,2026-08-14T02:01:48-05:00,2015296,NA,(16) Grupo 16,Ferney Betancourt Cardozo,5,62
gh-31764014573-0814T0700,2026-08-14T02:01:48-05:00,2015296,NA,(17) Grupo 17,Maria Alejandra Caicedo Londoño,5,62
gh-31764014573-0814T0700,2026-08-14T02:01:48-05:00,2015296,NA,(18) Grupo 18,Guillermo Eduardo Avila Alvarez,5,62
gh-31764014573-0814T0700,2026-08-14T02:01:48-05:00,2015296,NA,(19) Grupo 19,Carlos Alfonso Gomez Guacaneme,0,62
gh-31764014573-0814T0700,2026-08-14T02:01:48-05:00,2015296,NA,(2) Grupo 2,Carlos Orlando Robles Roa,5,62
gh-31764014573-0814T0700,2026-08-14T02:01:48-05:00,2015296,NA,(3) Grupo 3,Angela Barrera Puerto,5,62
gh-31764014573-0814T0700,2026-08-14T02:01:48-05:00,2015296,NA,(4) Grupo 4,Mauricio Alberto Tapias Camacho,5,62
gh-31764014573-0814T0700,2026-08-14T02:01:48-05:00,2015296,NA,(5) Grupo 5,Maritzabel Molina Herrera,5,62
gh-31764014573-0814T0700,2026-08-14T02:01:48-05:00,2015296,NA,(6) Grupo 6,Rodolfo Rodriguez Baracaldo,5,62
gh-31764014573-0814T0700,2026-08-14T02:01:48-05:00,2015296,NA,(7) Grupo 7,SANTIAGO RAMIREZ ECHEVERRI,5,62
gh-31764014573-0814T0700,2026-08-14T02:01:48-05:00,2015296,NA,(8) Grupo 8,Jose Ricardo Martinez Vargas,5,62
gh-31764014573-0814T0700,2026-08-14T02:01:48-05:00,2015296,NA,(9) Grupo 9,GABRIELA ARRIETA LOYO,5,62
gh-31764014573-0814T0700,2026-08-14T02:01:49-05:00,2015299,CLASE TEORICA,(1) Grupo 1,GABRIELA ARRIETA LOYO,51,63
gh-31764014573-0814T0730,2026-08-14T02:30:22-05:00,2015938,CLASE TEORICA,(1) Grupo 1,Maria Alejandra Caicedo Londoño,25,0
gh-31764014573-0814T0730,2026-08-14T02:30:22-05:00,2015938,CLASE TEORICA,(2) Grupo 2,Maria Alejandra Caicedo Londoño,25,0
gh-31764014573-0814T0730,2026-08-14T02:30:22-05:00,2015938,CLASE TEORICA,(3) Grupo 3,JOSE LUIS DIAZ AREVALO,25,0
gh-31764014573-0814T0730,2026-08-14T02:30:22-05:00,2015938,CLASE TEORICA,(4) Grupo 4,JOSE LUIS DIAZ AREVALO,24,0
gh-31764014573-0814T0730,2026-08-14T02:30:23-05:00,2015939,CLASE TEORICA,(1) Grupo 1,ALVARO MARTIN GUTIERREZ MALAXECHEBARRIA,25,1
gh-31764014573-0814T0730,2026-08-14T02:30:23-05:00,2015939,CLASE TEORICA,(2) Grupo 2,ALVARO MARTIN GUTIERREZ MALAXECHEBARRIA,25,1
gh-31764014573-0814T0730,2026-08-14T02:30:23-05:00,2015939,CLASE TEORICA,(3) Grupo 3,Edder Alexander Velandia Duran,25,1
gh-31764014573-0814T0730,2026-08-14T02:30:23-05:00,2015939,CLASE TEORICA,(4) Grupo 4,No informado,25,1
gh-31764014573-0814T0730,2026-08-14T02:30:24-05:00,1000003-B,NA,(1) Grupo 1,Erika Lorena Rosero Alzate; Oscar Andrés Rojas Sepúlveda,0,2
gh-31764014573-0814T0730,2026-08-14T02:30:24-05:00,1000003-B,NA,(10) Grupo 10,Epifanio Lozano Ayala,14,2
gh-31764014573-0814T0730,2026-08-14T02:30:24-05:00,1000003-B,NA,(11) Grupo 11,No informado,60,2
gh-31764014573-0814T0730,2026-08-14T02:30:24-05:00,1000003-B,NA,(12) Grupo 12,No informado,40,2
gh-31764014573-0814T0730,2026-08-14T02:30:24-05:00,1000003-B,NA,(13) Grupo 13,Mohammed EL AIDI,40,2
gh-31764014573-0814T0730,2026-08-14T02:30:24-05:00,1000003-B,NA,(15) Grupo 15,Myriam Leonor Campos Florez,60,2
gh-31764014573-0814T0730,2026-08-14T02:30:24-05:00,1000003-B,NA,(16) Grupo 16,No informado,60,2
gh-31764014573-0814T0730,2026-08-14T02:30:24-05:00,1000003-B,NA,(17) Grupo 17,Martha Cecilia Moreno Penagos,40,2
gh-31764014573-0814T0730,2026-08-14T02:30:24-05:00,1000003-B,NA,(18) Grupo 18,John Alexander Cruz Morales,52,2
gh-31764014573-0814T0730,2026-08-14T02:30:24-05:00,1000003-B,NA,(20) Grupo 20,Natalia Camila Pinzon Cortes,60,2
gh-31764014573-0814T0730,2026-08-14T02:30:24-05:00,1000003-B,NA,(21) Grupo 21,Ivon Andrea Dorado Correa,52,2
gh-31764014573-0814T0730,2026-08-14T02:30:24-05:00,1000003-B,NA,(22) Grupo 22,No informado,46,2
gh-31764014573-0814T0730,2026-08-14T02:30:24-05:00,1000003-B,NA,(3) Grupo 3,No informado,60,2
gh-31764014573-0814T0730,2026-08-14T02:30:24-05:00,1000003-B,NA,(4) Grupo 4,Luis Alejandro Barbosa Torres,112,2
gh-31764014573-0814T0730,2026-08-14T02:30:24-05:00,1000003-B,NA,(5) Grupo 5,Jaime David Mora Paz,60,2
gh-31764014573-0814T0730,2026-08-14T02:30:24-05:00,1000003-B,NA,(7) Grupo 7,Myriam Leonor Campos Florez,40,2
gh-31764014573-0814T0730,2026-08-14T02:30:24-05:00,1000003-B,NA,(8) Grupo 8,No informado,10,2
gh-31764014573-0814T0730,2026-08-14T02:30:25-05:00,2015940,CLASE TEORICA,(1) Grupo 1,Maritzabel Molina Herrera,24,3
gh-31764014573-0814T0730,2026-08-14T02:30:25-05:00,2015940,CLASE TEORICA,(2) Grupo 2,Gabriel Andres Bernal Granados,24,3
gh-31764014573-0814T0730,2026-08-14T02:30:25-05:00,2015940,CLASE TEORICA,(3) Grupo 3,No informado,24,3
gh-31764014573-0814T0730,2026-08-14T02:30:27-05:00,2015941,CLASE TEORICA,(1) Grupo 1,Patricia Luna Tamayo,30,4
gh-31764014573-0814T0730,2026-08-14T02:30:27-05:00,2015941,CLASE TEORICA,(2) Grupo 2,No informado,30,4
gh-31764014573-0814T0730,2026-08-14T02:30:27-05:00,2015941,CLASE TEORICA,(3) Grupo 3,Carlos Ramiro Vallecilla Bahena,30,4
gh-31764014573-0814T0730,2026-08-14T02:30:27-05:00,2015941,CLASE TEORICA,(4) Grupo 4,No informado,30,4
gh-31764014573-0814T0730,2026-08-14T02:30:28-05:00,1000004-B,NA,(10) Grupo 10,No informado,53,5
gh-31764014573-0814T0730,2026-08-14T02:30:28-05:00,1000004-B,NA,(11) Grupo 11,No informado,24,5
gh-31764014573-0814T0730,2026-08-14T02:30:28-05:00,1000004-B,NA,(12) Grupo 12,No informado,24,5
gh-31764014573-0814T0730,2026-08-14T02:30:28-05:00,1000004-B,NA,(13) Grupo 13,No informado,16,5
gh-31764014573-0814T0730,2026-08-14T02:30:28-05:00,1000004-B,NA,(14) Grupo 14,No informado,90,5
gh-31764014573-0814T0730,2026-08-14T02:30:28-05:00,1000004-B,NA,(16) Grupo 16,No informado,27,5
gh-31764014573-0814T0730,2026-08-14T02:30:28-05:00,1000004-B,NA,(17) Grupo 17,Hernan Garzon Gutierrez,39,5
gh-31764014573-0814T0730,2026-08-14T02:30:28-05:00,1000004-B,NA,(19) Grupo 19,No informado,59,5
gh-31764014573-0814T0730,2026-08-14T02:30:28-05:00,1000004-B,NA,(2) Grupo 2,No informado,24,5
gh-31764014573-0814T0730,2026-08-14T02:30:28-05:00,1000004-B,NA,(20) Grupo 20,Hernan Garzon Gutierrez,10,5
gh-31764014573-0814T0730,2026-08-14T02:30:28-05:00,1000004-B,NA,(21) Grupo 21,No informado,60,5
gh-31764014573-0814T0730,2026-08-14T02:30:28-05:00,1000004-B,NA,(22) Grupo 22,No informado,60,5
gh-31764014573-0814T0730,2026-08-14T02:30:28-05:00,1000004-B,NA,(24) Grupo 24,Ricardo Ariel Pastran Ramirez,60,5
gh-31764014573-0814T0730,2026-08-14T02:30:28-05:00,1000004-B,NA,(25) Grupo 25,No informado,40,5
gh-31764014573-0814T0730,2026-08-14T02:30:28-05:00,1000004-B,NA,(27) Grupo 27,No informado,51,5
gh-31764014573-0814T0730,2026-08-14T02:30:28-05:00,1000004-B,NA,(28) Grupo 28,No informado,60,5
gh-31764014573-0814T0730,2026-08-14T02:30:28-05:00,1000004-B,NA,(29) Grupo 29,No informado,60,5
gh-31764014573-0814T0730,2026-08-14T02:30:28-05:00,1000004-B,NA,(30) Grupo 30,No informado,60,5
gh-31764014573-0814T0730,2026-08-14T02:30:28-05:00,1000004-B,NA,(32) Grupo 32,No informado,90,5
gh-31764014573-0814T0730,2026-08-14T02:30:28-05:00,1000004-B,NA,(4) Grupo 4,Myriam Leonor Campos Florez,37,5
gh-31764014573-0814T0730,2026-08-14T02:30:28-05:00,1000004-B,NA,(5) Grupo 5,Oscar Javier Lopez Alfonso,84,5
gh-31764014573-0814T0730,2026-08-14T02:30:28-05:00,1000004-B,NA,(7) Grupo 7,Anderson Arley Vera Arboleda,64,5
gh-31764014573-0814T0730,2026-08-14T02:30:28-05:00,1000004-B,NA,(8) Grupo 8,No informado,40,5
gh-31764014573-0814T0730,2026-08-14T02:30:28-05:00,1000004-B,NA,(9) Grupo 9,No informado,18,5
gh-31764014573-0814T0730,2026-08-14T02:30:30-05:00,1000006-B,NA,(1) Grupo 1,No informado,40,6
gh-31764014573-0814T0730,2026-08-14T02:30:30-05:00,1000006-B,NA,(10) Grupo 10,No informado,100,6
gh-31764014573-0814T0730,2026-08-14T02:30:30-05:00,1000006-B,NA,(11) Grupo 11,No informado,40,6
gh-31764014573-0814T0730,2026-08-14T02:30:30-05:00,1000006-B,NA,(12) Grupo 12,Leonid Lebedev,60,6
gh-31764014573-0814T0730,2026-08-14T02:30:30-05:00,1000006-B,NA,(13) Grupo 13,Juan Carlos Hernandez Rincon,40,6
gh-31764014573-0814T0730,2026-08-14T02:30:30-05:00,1000006-B,NA,(14) Grupo 14,No informado,60,6
gh-31764014573-0814T0730,2026-08-14T02:30:30-05:00,1000006-B,NA,(15) Grupo 15,No informado,112,6
gh-31764014573-0814T0730,2026-08-14T02:30:30-05:00,1000006-B,NA,(2) Grupo 2,EDIXON MANUEL ROJAS SANTANA,40,6
gh-31764014573-0814T0730,2026-08-14T02:30:30-05:00,1000006-B,NA,(3) Grupo 3,Cesar Augusto Gomez Sierra,40,6
gh-31764014573-0814T0730,2026-08-14T02:30:30-05:00,1000006-B,NA,(4) Grupo 4,Agustin Moreno Canadas,100,6
gh-31764014573-0814T0730,2026-08-14T02:30:30-05:00,1000006-B,NA,(5) Grupo 5,German Eduardo Fonseca Buitrago,40,6
gh-31764014573-0814T0730,2026-08-14T02:30:30-05:00,1000006-B,NA,(7) Grupo 7,No informado,70,6
gh-31764014573-0814T0730,2026-08-14T02:30:30-05:00,1000006-B,NA,(8) Grupo 8,Epifanio Lozano Ayala,60,6
gh-31764014573-0814T0730,2026-08-14T02:30:30-05:00,1000006-B,NA,(9) Grupo 9,Orlando Vanegas Canro,0,6
gh-31764014573-0814T0730,2026-08-14T02:30:31-05:00,1000005-B,NA,(1) Grupo 1,Orlando Vanegas Canro,0,7
gh-31764014573-0814T0730,2026-08-14T02:30:31-05:00,1000005-B,NA,(10) Grupo 10,Epifanio Lozano Ayala,50,7
gh-31764014573-0814T0730,2026-08-14T02:30:31-05:00,1000005-B,NA,(14) Grupo 14,Mohammed EL AIDI,40,7
gh-31764014573-0814T0730,2026-08-14T02:30:31-05:00,1000005-B,NA,(15) Grupo 15,Alina Fedosova,60,7
gh-31764014573-0814T0730,2026-08-14T02:30:31-05:00,1000005-B,NA,(16) Grupo 16,No informado,70,7
gh-31764014573-0814T0730,2026-08-14T02:30:31-05:00,1000005-B,NA,(17) Grupo 17,Hernan Garzon Gutierrez,40,7
gh-31764014573-0814T0730,2026-08-14T02:30:31-05:00,1000005-B,NA,(2) Grupo 2,RENE ERLIN CASTILLO,60,7
gh-31764014573-0814T0730,2026-08-14T02:30:31-05:00,1000005-B,NA,(20) Grupo 20,Franqui Solis Cardenas Poloche,40,7
gh-31764014573-0814T0730,2026-08-14T02:30:31-05:00,1000005-B,NA,(22) Grupo 22,No informado,60,7
gh-31764014573-0814T0730,2026-08-14T02:30:31-05:00,1000005-B,NA,(3) Grupo 3,Eduardo Cardenas Gomez,70,7
gh-31764014573-0814T0730,2026-08-14T02:30:31-05:00,1000005-B,NA,(4) Grupo 4,Edward Samuel Becerra Rojas,60,7
gh-31764014573-0814T0730,2026-08-14T02:30:31-05:00,1000005-B,NA,(6) Grupo 6,No informado,60,7
gh-31764014573-0814T0730,2026-08-14T02:30:31-05:00,1000005-B,NA,(7) Grupo 7,Franqui Solis Cardenas Poloche,100,7
gh-31764014573-0814T0730,2026-08-14T02:30:31-05:00,1000005-B,NA,(8) Grupo 8,No informado,40,7
gh-31764014573-0814T0730,2026-08-14T02:30:31-05:00,1000005-B,NA,(9) Grupo 9,No informado,10,7
gh-31764014573-0814T0730,2026-08-14T02:30:34-05:00,2015943,CLASE TEORICA,(1) Grupo 1,Carlos Orlando Robles Roa,15,9
gh-31764014573-0814T0730,2026-08-14T02:30:35-05:00,2015944,CLASE TEORICA,(1) Grupo 1,SANTIAGO RAMIREZ ECHEVERRI,15,10
gh-31764014573-0814T0730,2026-08-14T02:30:36-05:00,2015711,NA,(10) 2015711-10 Dibujo básico,Ariel Augusto Amaya Avila,0,11
gh-31764014573-0814T0730,2026-08-14T02:30:36-05:00,2015711,NA,(11) 2015711-11 Dibujo básico,Cesar Augusto Bacca Gonzalez,0,11
gh-31764014573-0814T0730,2026-08-14T02:30:36-05:00,2015711,NA,(14) 2015711-14 Dibujo básico,Cristian Felipe Morales Suárez,0,11
gh-31764014573-0814T0730,2026-08-14T02:30:36-05:00,2015711,NA,(16) 2015711-16 Dibujo básico,DAVID FELIPE TORRES ARCE,0,11
gh-31764014573-0814T0730,2026-08-14T02:30:36-05:00,2015711,NA,(4) 2015711-4 Dibujo básico,Cristian Felipe Morales Suárez,9,11
gh-31764014573-0814T0730,2026-08-14T02:30:36-05:00,2015711,NA,(5) 2015711-5 Dibujo básico,Sebastian Achury Ortiz,0,11
gh-31764014573-0814T0730,2026-08-14T02:30:36-05:00,2015711,NA,(7) 2015711-7 Dibujo básico,Cesar Augusto Bacca Gonzalez,22,11
gh-31764014573-0814T0730,2026-08-14T02:30:36-05:00,2015711,NA,(8) 2015711-8 Dibujo básico,Miguel Angel Baquero Cortes,0,11
gh-31764014573-0814T0730,2026-08-14T02:30:36-05:00,2015711,NA,(9) 2015711-9 Dibujo básico,EDWIN CAMILO REINA BELTRAN,0,11
gh-31764014573-0814T0730,2026-08-14T02:30:37-05:00,2015948,CLASE TEORICA,(1) Grupo 1,No informado,30,12
gh-31764014573-0814T0730,2026-08-14T02:30:37-05:00,2015948,CLASE TEORICA,(2) Grupo 2,Mauricio Alberto Tapias Camacho,30,12
gh-31764014573-0814T0730,2026-08-14T02:30:37-05:00,2015948,CLASE TEORICA,(3) Grupo 3,No informado,30,12
gh-31764014573-0814T0730,2026-08-14T02:30:38-05:00,2015950,CLASE TEORICA,(1) Grupo 1,No informado,25,13
gh-31764014573-0814T0730,2026-08-14T02:30:38-05:00,2015950,CLASE TEORICA,(2) Grupo 2,No informado,0,13
gh-31764014573-0814T0730,2026-08-14T02:30:38-05:00,2015950,CLASE TEORICA,(3) Grupo 3,Daniel Ricardo Lozano Monsalve,25,13
gh-31764014573-0814T0730,2026-08-14T02:30:38-05:00,2015950,CLASE TEORICA,(4) Grupo 4,No informado,25,13
gh-31764014573-0814T0730,2026-08-14T02:30:38-05:00,2015950,CLASE TEORICA,(5) Grupo 5,No informado,25,13
gh-31764014573-0814T0730,2026-08-14T02:30:40-05:00,2015949,CLASE TEORICA,(1) Grupo 1,Mario Javier Cardozo Chaux,30,14
gh-31764014573-0814T0730,2026-08-14T02:30:40-05:00,2015949,CLASE TEORICA,(2) Grupo 2,Wilson Ernesto Vargas Vargas,30,14
gh-31764014573-0814T0730,2026-08-14T02:30:40-05:00,2015949,CLASE TEORICA,(3) Grupo 3,No informado,30,14
gh-31764014573-0814T0730,2026-08-14T02:30:41-05:00,1000007-B,NA,(1) Grupo 1,German Eduardo Fonseca Buitrago,60,15
gh-31764014573-0814T0730,2026-08-14T02:30:41-05:00,1000007-B,NA,(11) Grupo 11,Leonid Lebedev,60,15
gh-31764014573-0814T0730,2026-08-14T02:30:41-05:00,1000007-B,NA,(12) Grupo 12,No informado,60,15
gh-31764014573-0814T0730,2026-08-14T02:30:41-05:00,1000007-B,NA,(13) Grupo 13,Omar Duque Gomez,40,15
gh-31764014573-0814T0730,2026-08-14T02:30:41-05:00,1000007-B,NA,(14) Grupo 14,No informado,100,15
gh-31764014573-0814T0730,2026-08-14T02:30:41-05:00,1000007-B,NA,(3) Grupo 3,Serafin Bautista Diaz,40,15
gh-31764014573-0814T0730,2026-08-14T02:30:41-05:00,1000007-B,NA,(4) Grupo 4,EDIXON MANUEL ROJAS SANTANA,60,15
gh-31764014573-0814T0730,2026-08-14T02:30:41-05:00,1000007-B,NA,(6) Grupo 6,Alexander Caviedes Castro,50,15
gh-31764014573-0814T0730,2026-08-14T02:30:41-05:00,1000007-B,NA,(7) Grupo 7,Oscar Guillermo Riaño Castañeda,40,15
gh-31764014573-0814T0730,2026-08-14T02:30:41-05:00,1000007-B,NA,(9) Grupo 9,Orlando Vanegas Canro,0,15
gh-31764014573-0814T0730,2026-08-14T02:30:42-05:00,2026134,CLASE TEORICA,(1) Grupo 1,No informado,0,16
gh-31764014573-0814T0730,2026-08-14T02:30:42-05:00,2026134,CLASE TEORICA,(2) Grupo 2,Juan Manuel Lizarazo Marriaga,30,16
gh-31764014573-0814T0730,2026-08-14T02:30:42-05:00,2026134,CLASE TEORICA,(3) Grupo 3,Maritzabel Molina Herrera,30,16
gh-31764014573-0814T0730,2026-08-14T02:30:42-05:00,2026134,CLASE TEORICA,(4) Grupo 4,Carlos Ramiro Vallecilla Bahena,30,16
gh-31764014573-0814T0730,2026-08-14T02:30:42-05:00,2026134,CLASE TEORICA,(5) Grupo 5,Fernando Lozano Osorno,30,16
gh-31764014573-0814T0730,2026-08-14T02:30:42-05:00,2026134,CLASE TEORICA,(6) Grupo 6,No informado,30,16
gh-31764014573-0814T0730,2026-08-14T02:30:43-05:00,2015954,CLASE TEORICA,(1) Grupo 1,Erasmo Alfredo Rodriguez Sandoval,30,17
gh-31764014573-0814T0730,2026-08-14T02:30:43-05:00,2015954,CLASE TEORICA,(2) Grupo 2,Mario Enrique Moreno Castiblanco,30,17
gh-31764014573-0814T0730,2026-08-14T02:30:43-05:00,2015954,CLASE TEORICA,(3) Grupo 3,Luis Alejandro Morales Marin,30,17
gh-31764014573-0814T0730,2026-08-14T02:30:45-05:00,2015955,CLASE TEORICA,(1) Grupo 1,Giovanni Andres Cortes Tovar,30,18
gh-31764014573-0814T0730,2026-08-14T02:30:45-05:00,2015955,CLASE TEORICA,(2) Grupo 2,Angela Barrera Puerto,30,18
gh-31764014573-0814T0730,2026-08-14T02:30:45-05:00,2015955,CLASE TEORICA,(3) Grupo 3,Giovanni Andres Cortes Tovar,30,18
gh-31764014573-0814T0730,2026-08-14T02:30:46-05:00,1000011-B,CLASE TEORICA,(1) Grupo 1,Ernesto Javier Puertas Dellepianes,118,19
gh-31764014573-0814T0730,2026-08-14T02:30:46-05:00,1000011-B,CLASE TEORICA,(3) Grupo 3,Néstor Fernando Perez Buitrago,12,19
gh-31764014573-0814T0730,2026-08-14T02:30:49-05:00,1000019-B,CLASE LABORATORIO,(1) Grupo 1,Gustavo Martinez Tamayo,35,20
gh-31764014573-0814T0730,2026-08-14T02:30:49-05:00,1000019-B,CLASE LABORATORIO,(10) Grupo 10,LUIS AGULLES PEDROS,35,20
gh-31764014573-0814T0730,2026-08-14T02:30:49-05:00,1000019-B,CLASE LABORATORIO,(11) Grupo 11,EVER DAVID ALCALA CAJAR,35,20
gh-31764014573-0814T0730,2026-08-14T02:30:49-05:00,1000019-B,CLASE LABORATORIO,(12) Grupo 12,FABIAN FELIPE QUEVEDO FARIETA,35,20
gh-31764014573-0814T0730,2026-08-14T02:30:49-05:00,1000019-B,CLASE LABORATORIO,(13) Grupo 13,Alvaro Marino Camargo,35,20
gh-31764014573-0814T0730,2026-08-14T02:30:49-05:00,1000019-B,CLASE LABORATORIO,(14) Grupo 14,Alvaro Marino Camargo; Miryam Rincon Joya,35,20
gh-31764014573-0814T0730,2026-08-14T02:30:49-05:00,1000019-B,CLASE LABORATORIO,(15) Grupo 15,JULIAN MATEO DE MENDOZA GUTIERREZ,32,20
gh-31764014573-0814T0730,2026-08-14T02:30:49-05:00,1000019-B,CLASE LABORATORIO,(16) Grupo 16,Alvaro Marino Camargo; Doris Yaneth Cadavid Rodriguez,35,20
gh-31764014573-0814T0730,2026-08-14T02:30:49-05:00,1000019-B,CLASE LABORATORIO,(17) Grupo 17,JULIAN MATEO DE MENDOZA GUTIERREZ,34,20
gh-31764014573-0814T0730,2026-08-14T02:30:49-05:00,1000019-B,CLASE LABORATORIO,(18) Grupo 18,Jaime Villalobos Velasco,34,20
gh-31764014573-0814T0730,2026-08-14T02:30:49-05:00,1000019-B,CLASE LABORATORIO,(19) Grupo 19,JULY PAOLA GARZÓN LOPEZ,32,20
gh-31764014573-0814T0730,2026-08-14T02:30:49-05:00,1000019-B,CLASE LABORATORIO,(2) Grupo 2,Gustavo Martinez Tamayo,35,20
gh-31764014573-0814T0730,2026-08-14T02:30:49-05:00,1000019-B,CLASE LABORATORIO,(20) Grupo 20,JOSE ALFREDO GOMEZ MATEUS,35,20
gh-31764014573-0814T0730,2026-08-14T02:30:49-05:00,1000019-B,CLASE LABORATORIO,(21) Grupo 21,Pedro Hernan Sanchez Machet,35,20
gh-31764014573-0814T0730,2026-08-14T02:30:49-05:00,1000019-B,CLASE LABORATORIO,(22) Grupo 22,Pedro Hernan Sanchez Machet,35,20
gh-31764014573-0814T0730,2026-08-14T02:30:49-05:00,1000019-B,CLASE LABORATORIO,(23) Grupo 23,Pedro Hernan Sanchez Machet,35,20
gh-31764014573-0814T0730,2026-08-14T02:30:49-05:00,1000019-B,CLASE LABORATORIO,(24) Grupo 24,Pedro Hernan Sanchez Machet,35,20
gh-31764014573-0814T0730,2026-08-14T02:30:49-05:00,1000019-B,CLASE LABORATORIO,(25) Grupo 25,Plinio Del Carmen Teheran Sermeno,45,20
gh-31764014573-0814T0730,2026-08-14T02:30:49-05:00,1000019-B,CLASE LABORATORIO,(26) Grupo 26 (VIRTUAL),Plinio Del Carmen Teheran Sermeno,50,20
gh-31764014573-0814T0730,2026-08-14T02:30:49-05:00,1000019-B,CLASE LABORATORIO,(27) Grupo 27 (VIRTUAL),Plinio Del Carmen Teheran Sermeno,50,20
gh-31764014573-0814T0730,2026-08-14T02:30:49-05:00,1000019-B,CLASE LABORATORIO,(28) Grupo 28 (VIRTUAL),Plinio Del Carmen Teheran Sermeno,50,20
gh-31764014573-0814T0730,2026-08-14T02:30:49-05:00,1000019-B,CLASE LABORATORIO,(29) Grupo 29 (VIRTUAL),Plinio Del Carmen Teheran Sermeno,50,20
gh-31764014573-0814T0730,2026-08-14T02:30:49-05:00,1000019-B,CLASE LABORATORIO,(3) Grupo 3,Gustavo Martinez Tamayo,35,20
gh-31764014573-0814T0730,2026-08-14T02:30:49-05:00,1000019-B,CLASE LABORATORIO,(4) Grupo 4,No informado,35,20
gh-31764014573-0814T0730,2026-08-14T02:30:49-05:00,1000019-B,CLASE LABORATORIO,(5) Grupo 5,FABIAN FELIPE QUEVEDO FARIETA,35,20
gh-31764014573-0814T0730,2026-08-14T02:30:49-05:00,1000019-B,CLASE LABORATORIO,(6) Grupo 6,Jaime Villalobos Velasco,35,20
gh-31764014573-0814T0730,2026-08-14T02:30:49-05:00,1000019-B,CLASE LABORATORIO,(7) Grupo 7,Jaime Villalobos Velasco,35,20
gh-31764014573-0814T0730,2026-08-14T02:30:49-05:00,1000019-B,CLASE LABORATORIO,(8) Grupo 8,Alvaro Marino Camargo,35,20
gh-31764014573-0814T0730,2026-08-14T02:30:49-05:00,1000019-B,CLASE LABORATORIO,(9) Grupo 9,Erika Lorena Rosero Alzate,0,20
gh-31764014573-0814T0730,2026-08-14T02:30:49-05:00,1000019-B,CLASE TALLER,(1) Grupo 1,FABIAN FELIPE QUEVEDO FARIETA,35,20
gh-31764014573-0814T0730,2026-08-14T02:30:49-05:00,1000019-B,CLASE TALLER,(10) Grupo 10,FABIAN FELIPE QUEVEDO FARIETA,35,20
gh-31764014573-0814T0730,2026-08-14T02:30:49-05:00,1000019-B,CLASE TALLER,(11) Grupo 11,JULIAN MATEO DE MENDOZA GUTIERREZ,35,20
gh-31764014573-0814T0730,2026-08-14T02:30:49-05:00,1000019-B,CLASE TALLER,(12) Grupo 12,EVER DAVID ALCALA CAJAR,35,20
gh-31764014573-0814T0730,2026-08-14T02:30:49-05:00,1000019-B,CLASE TALLER,(13) Grupo 13,MIGUEL ENRIQUE GÁMEZ LÓPEZ,35,20
gh-31764014573-0814T0730,2026-08-14T02:30:49-05:00,1000019-B,CLASE TALLER,(14) Grupo 14,No informado,35,20
gh-31764014573-0814T0730,2026-08-14T02:30:49-05:00,1000019-B,CLASE TALLER,(15) Grupo 15,EVER DAVID ALCALA CAJAR,32,20
gh-31764014573-0814T0730,2026-08-14T02:30:49-05:00,1000019-B,CLASE TALLER,(16) Grupo 16,Edna Carolina Pinilla Beltran,35,20
gh-31764014573-0814T0730,2026-08-14T02:30:49-05:00,1000019-B,CLASE TALLER,(17) Grupo 17,Jereson Silva Valencia,34,20
gh-31764014573-0814T0730,2026-08-14T02:30:49-05:00,1000019-B,CLASE TALLER,(18) Grupo 18,Jereson Silva Valencia,34,20
gh-31764014573-0814T0730,2026-08-14T02:30:49-05:00,1000019-B,CLASE TALLER,(19) Grupo 19,Jereson Silva Valencia,32,20
gh-31764014573-0814T0730,2026-08-14T02:30:49-05:00,1000019-B,CLASE TALLER,(2) Grupo 2,Gustavo Martinez Tamayo,35,20
gh-31764014573-0814T0730,2026-08-14T02:30:49-05:00,1000019-B,CLASE TALLER,(20) Grupo 20,Jereson Silva Valencia,35,20
gh-31764014573-0814T0730,2026-08-14T02:30:49-05:00,1000019-B,CLASE TALLER,(21) Grupo 21,JOSE ALFREDO GOMEZ MATEUS,35,20
gh-31764014573-0814T0730,2026-08-14T02:30:49-05:00,1000019-B,CLASE TALLER,(22) Grupo 22,JULY PAOLA GARZÓN LOPEZ,35,20
gh-31764014573-0814T0730,2026-08-14T02:30:49-05:00,1000019-B,CLASE TALLER,(23) Grupo 23,Edna Carolina Pinilla Beltran,35,20
gh-31764014573-0814T0730,2026-08-14T02:30:49-05:00,1000019-B,CLASE TALLER,(24) Grupo 24,Diego Alejandro Torres Galindo,35,20
gh-31764014573-0814T0730,2026-08-14T02:30:49-05:00,1000019-B,CLASE TALLER,(25) Grupo 25,Plinio Del Carmen Teheran Sermeno,45,20
gh-31764014573-0814T0730,2026-08-14T02:30:49-05:00,1000019-B,CLASE TALLER,(26) Grupo 26 (VIRTUAL),Plinio Del Carmen Teheran Sermeno,50,20
gh-31764014573-0814T0730,2026-08-14T02:30:49-05:00,1000019-B,CLASE TALLER,(27) Grupo 27 (VIRTUAL),Plinio Del Carmen Teheran Sermeno,50,20
gh-31764014573-0814T0730,2026-08-14T02:30:49-05:00,1000019-B,CLASE TALLER,(28) Grupo 28 (VIRTUAL),Plinio Del Carmen Teheran Sermeno,50,20
gh-31764014573-0814T0730,2026-08-14T02:30:49-05:00,1000019-B,CLASE TALLER,(29) Grupo 29 (VIRTUAL),Plinio Del Carmen Teheran Sermeno,50,20
gh-31764014573-0814T0730,2026-08-14T02:30:49-05:00,1000019-B,CLASE TALLER,(3) Grupo 3,Gustavo Martinez Tamayo,35,20
gh-31764014573-0814T0730,2026-08-14T02:30:49-05:00,1000019-B,CLASE TALLER,(4) Grupo 4,Jaime Villalobos Velasco,35,20
gh-31764014573-0814T0730,2026-08-14T02:30:49-05:00,1000019-B,CLASE TALLER,(5) Grupo 5,Jaime Villalobos Velasco,35,20
gh-31764014573-0814T0730,2026-08-14T02:30:49-05:00,1000019-B,CLASE TALLER,(6) Grupo 6,Ramiro Cardona Cardona,35,20
gh-31764014573-0814T0730,2026-08-14T02:30:49-05:00,1000019-B,CLASE TALLER,(7) Grupo 7,Ramiro Cardona Cardona,35,20
gh-31764014573-0814T0730,2026-08-14T02:30:49-05:00,1000019-B,CLASE TALLER,(8) Grupo 8,Edna Carolina Pinilla Beltran,35,20
gh-31764014573-0814T0730,2026-08-14T02:30:49-05:00,1000019-B,CLASE TALLER,(9) Grupo 9,No informado,10,20
gh-31764014573-0814T0730,2026-08-14T02:30:49-05:00,1000019-B,CLASE MAGISTRAL,(16) Gruop 16,Erika Lorena Rosero Alzate; Daniel Camilo Padilla González,8,20
gh-31764014573-0814T0730,2026-08-14T02:30:49-05:00,1000019-B,CLASE MAGISTRAL,(1) Grupo 1,Gustavo Martinez Tamayo,35,20
gh-31764014573-0814T0730,2026-08-14T02:30:49-05:00,1000019-B,CLASE MAGISTRAL,(10) Grupo 10,Ovidio Amado Almanza Montero,35,20
gh-31764014573-0814T0730,2026-08-14T02:30:49-05:00,1000019-B,CLASE MAGISTRAL,(11) Grupo 11,Ovidio Amado Almanza Montero,35,20
gh-31764014573-0814T0730,2026-08-14T02:30:49-05:00,1000019-B,CLASE MAGISTRAL,(12) Grupo 12,Ovidio Amado Almanza Montero,35,20
gh-31764014573-0814T0730,2026-08-14T02:30:49-05:00,1000019-B,CLASE MAGISTRAL,(13) Grupo 13,Jaime Villalobos Velasco,35,20
gh-31764014573-0814T0730,2026-08-14T02:30:49-05:00,1000019-B,CLASE MAGISTRAL,(14) Grupo 14,Jaime Villalobos Velasco,35,20
gh-31764014573-0814T0730,2026-08-14T02:30:49-05:00,1000019-B,CLASE MAGISTRAL,(15) Grupo 15,Jaime Villalobos Velasco,32,20
gh-31764014573-0814T0730,2026-08-14T02:30:49-05:00,1000019-B,CLASE MAGISTRAL,(17) Grupo 17,Jereson Silva Valencia,34,20
gh-31764014573-0814T0730,2026-08-14T02:30:49-05:00,1000019-B,CLASE MAGISTRAL,(18) Grupo 18,Jereson Silva Valencia,34,20
gh-31764014573-0814T0730,2026-08-14T02:30:49-05:00,1000019-B,CLASE MAGISTRAL,(19) Grupo 19,Jereson Silva Valencia,32,20
gh-31764014573-0814T0730,2026-08-14T02:30:49-05:00,1000019-B,CLASE MAGISTRAL,(2) Grupo 2,Gustavo Martinez Tamayo,35,20
gh-31764014573-0814T0730,2026-08-14T02:30:49-05:00,1000019-B,CLASE MAGISTRAL,(20) Grupo 20,Jereson Silva Valencia,35,20
gh-31764014573-0814T0730,2026-08-14T02:30:49-05:00,1000019-B,CLASE MAGISTRAL,(21) Grupo 21,Diego Alejandro Torres Galindo,35,20
gh-31764014573-0814T0730,2026-08-14T02:30:49-05:00,1000019-B,CLASE MAGISTRAL,(22) Grupo 22,Diego Alejandro Torres Galindo,35,20
gh-31764014573-0814T0730,2026-08-14T02:30:49-05:00,1000019-B,CLASE MAGISTRAL,(23) Grupo 23,Diego Alejandro Torres Galindo,35,20
gh-31764014573-0814T0730,2026-08-14T02:30:49-05:00,1000019-B,CLASE MAGISTRAL,(24) Grupo 24,Diego Alejandro Torres Galindo,35,20
gh-31764014573-0814T0730,2026-08-14T02:30:49-05:00,1000019-B,CLASE MAGISTRAL,(25) Grupo 25,Plinio Del Carmen Teheran Sermeno,45,20
gh-31764014573-0814T0730,2026-08-14T02:30:49-05:00,1000019-B,CLASE MAGISTRAL,(26) Grupo 26 (VIRTUAL),Plinio Del Carmen Teheran Sermeno,50,20
gh-31764014573-0814T0730,2026-08-14T02:30:49-05:00,1000019-B,CLASE MAGISTRAL,(27) Grupo 27 (VIRTUAL),Plinio Del Carmen Teheran Sermeno,50,20
gh-31764014573-0814T0730,2026-08-14T02:30:49-05:00,1000019-B,CLASE MAGISTRAL,(28) Grupo 28 (VIRTUAL),Plinio Del Carmen Teheran Sermeno,50,20
gh-31764014573-0814T0730,2026-08-14T02:30:49-05:00,1000019-B,CLASE MAGISTRAL,(29) Grupo 29 (VIRTUAL),Plinio Del Carmen Teheran Sermeno,50,20
gh-31764014573-0814T0730,2026-08-14T02:30:49-05:00,1000019-B,CLASE MAGISTRAL,(3) Grupo 3,Gustavo Martinez Tamayo,35,20
gh-31764014573-0814T0730,2026-08-14T02:30:49-05:00,1000019-B,CLASE MAGISTRAL,(4) Grupo 4,Gustavo Martinez Tamayo,35,20
gh-31764014573-0814T0730,2026-08-14T02:30:49-05:00,1000019-B,CLASE MAGISTRAL,(5) Grupo 5,Ramiro Cardona Cardona,35,20
gh-31764014573-0814T0730,2026-08-14T02:30:49-05:00,1000019-B,CLASE MAGISTRAL,(6) Grupo 6,Ramiro Cardona Cardona,35,20
gh-31764014573-0814T0730,2026-08-14T02:30:49-05:00,1000019-B,CLASE MAGISTRAL,(7) Grupo 7,Ramiro Cardona Cardona,35,20
gh-31764014573-0814T0730,2026-08-14T02:30:49-05:00,1000019-B,CLASE MAGISTRAL,(8) Grupo 8,Ramiro Cardona Cardona,35,20
gh-31764014573-0814T0730,2026-08-14T02:30:49-05:00,1000019-B,CLASE MAGISTRAL,(9) Grupo 9,Fredy Angel Jimenez Giraldo,10,20
gh-31764014573-0814T0730,2026-08-14T02:30:50-05:00,2015956,CLASE TEORICA,(1) Grupo 1,Modesto Portilla Gamboa; Fernando Eli Romero Ordoñez,35,21
gh-31764014573-0814T0730,2026-08-14T02:30:50-05:00,2015956,CLASE TEORICA,(2) Grupo 2,Jennifer Angel Amaya,30,21
gh-31764014573-0814T0730,2026-08-14T02:30:50-05:00,2015956,CLASE TEORICA,(3) Grupo 3,Jennifer Angel Amaya,30,21
gh-31764014573-0814T0730,2026-08-14T02:30:50-05:00,2015956,CLASE TEORICA,(4) Grupo 4,Fernando Eli Romero Ordoñez; Modesto Portilla Gamboa,35,21
gh-31764014573-0814T0730,2026-08-14T02:30:52-05:00,2015957,CLASE PRACTICA,(1) Grupo 1,No informado,30,22
gh-31764014573-0814T0730,2026-08-14T02:30:52-05:00,2015957,CLASE PRACTICA,(2) Grupo 2,Samuel Fernando Mesa Giraldo,30,22
gh-31764014573-0814T0730,2026-08-14T02:30:52-05:00,2015957,CLASE PRACTICA,(3) Grupo 3,Rose Marie Aldana Boutin,30,22
gh-31764014573-0814T0730,2026-08-14T02:30:52-05:00,2015957,CLASE PRACTICA,(4) Grupo 4,Rose Marie Aldana Boutin,30,22
gh-31764014573-0814T0730,2026-08-14T02:30:53-05:00,2015958,CLASE PRACTICA,(1) Grupo 1,William Castro Garcia,20,23
gh-31764014573-0814T0730,2026-08-14T02:30:53-05:00,2015958,CLASE PRACTICA,(2) Grupo 2,William Castro Garcia,20,23
gh-31764014573-0814T0730,2026-08-14T02:30:53-05:00,2015958,CLASE PRACTICA,(3) Grupo 3,Carlos Alfonso Gomez Guacaneme,30,23
gh-31764014573-0814T0730,2026-08-14T02:30:53-05:00,2015958,CLASE PRACTICA,(4) Grupo 4,Mario Arturo Rincon Villalba,20,23
gh-31764014573-0814T0730,2026-08-14T02:30:53-05:00,2015958,CLASE PRACTICA,(5) Grupo 5,Mario Arturo Rincon Villalba,20,23
gh-31764014573-0814T0730,2026-08-14T02:30:53-05:00,2015958,CLASE PRACTICA,(6) Grupo 6,Fausto Alejandro Silva España,20,23
gh-31764014573-0814T0730,2026-08-14T02:30:53-05:00,2015958,CLASE PRACTICA,(7) Grupo 7,Fausto Alejandro Silva España,20,23
gh-31764014573-0814T0730,2026-08-14T02:30:53-05:00,2015958,CLASE PRACTICA,(8) Grupo 8,Fausto Alejandro Silva España,20,23
gh-31764014573-0814T0730,2026-08-14T02:30:53-05:00,2015958,CLASE PRACTICA,(9) Grupo 9,Fausto Alejandro Silva España,20,23
gh-31764014573-0814T0730,2026-08-14T02:30:53-05:00,2015958,CLASE TEORICA,(1) Grupo 1,William Castro Garcia,40,23
gh-31764014573-0814T0730,2026-08-14T02:30:53-05:00,2015958,CLASE TEORICA,(3) Grupo 3,Carlos Alfonso Gomez Guacaneme,30,23
gh-31764014573-0814T0730,2026-08-14T02:30:53-05:00,2015958,CLASE TEORICA,(4) Grupo 4,Mario Arturo Rincon Villalba,40,23
gh-31764014573-0814T0730,2026-08-14T02:30:53-05:00,2015958,CLASE TEORICA,(6) Grupo 6,Cesar Andres Cortes Bello,40,23
gh-31764014573-0814T0730,2026-08-14T02:30:53-05:00,2015958,CLASE TEORICA,(8) Grupo 8,Cesar Andres Cortes Bello,40,23
gh-31764014573-0814T0730,2026-08-14T02:30:54-05:00,2015959,CLASE TEORICA,(1) Grupo 1,Carlos Eduardo Rodriguez Pineda,30,24
gh-31764014573-0814T0730,2026-08-14T02:30:54-05:00,2015959,CLASE TEORICA,(2) Grupo 2,Guillermo Eduardo Avila Alvarez,30,24
gh-31764014573-0814T0730,2026-08-14T02:30:54-05:00,2015959,CLASE TEORICA,(3) Grupo 3,Livaniel Viveros Rosero,30,24
gh-31764014573-0814T0730,2026-08-14T02:30:54-05:00,2015959,CLASE TEORICA,(4) Grupo 4,No informado,0,24
gh-31764014573-0814T0730,2026-08-14T02:30:57-05:00,2015961,CLASE TEORICA,(1) Grupo 1,Rafael Orland Ortiz Mosquera,24,26
gh-31764014573-0814T0730,2026-08-14T02:30:57-05:00,2015961,CLASE TEORICA,(2) Grupo 2,Adriana Patricia Piña Fulano,24,26
gh-31764014573-0814T0730,2026-08-14T02:30:57-05:00,2015961,CLASE TEORICA,(3) Grupo 3,Gelber Norberto Gutierrez Palacios,24,26
gh-31764014573-0814T0730,2026-08-14T02:30:57-05:00,2015961,CLASE TEORICA,(4) Grupo 4,No informado,24,26
gh-31764014573-0814T0730,2026-08-14T02:30:57-05:00,2015961,CLASE TEORICA,(5) Grupo 5,No informado,24,26
gh-31764014573-0814T0730,2026-08-14T02:30:57-05:00,2015961,CLASE TEORICA,(6) Grupo 6,Leonardo David Donado Garzon,24,26
gh-31764014573-0814T0730,2026-08-14T02:30:58-05:00,2015978,CLASE TEORICA,(1) Grupo 1,No informado,0,27
gh-31764014573-0814T0730,2026-08-14T02:30:58-05:00,2015978,CLASE TEORICA,(2) Grupo 2,Erasmo Alfredo Rodriguez Sandoval,30,27
gh-31764014573-0814T0730,2026-08-14T02:30:58-05:00,2015978,CLASE TEORICA,(3) Grupo 3,No informado,30,27
gh-31764014573-0814T0730,2026-08-14T02:30:58-05:00,2015978,CLASE TEORICA,(4) Grupo 4,No informado,30,27
gh-31764014573-0814T0730,2026-08-14T02:30:58-05:00,2015978,CLASE TEORICA,(5) Grupo 5,No informado,30,27
gh-31764014573-0814T0730,2026-08-14T02:31:00-05:00,2026135,CLASE TEORICA,(1) Grupo 1,NICOLAS ESCALANTE MORA,25,28
gh-31764014573-0814T0730,2026-08-14T02:31:00-05:00,2026135,CLASE TEORICA,(2) Grupo 2,Leonel Vega Mora,25,28
gh-31764014573-0814T0730,2026-08-14T02:31:00-05:00,2026135,CLASE TEORICA,(3) Grupo 3,Leonel Vega Mora,25,28
gh-31764014573-0814T0730,2026-08-14T02:31:01-05:00,2015963,CLASE TEORICA,(1) Grupo 1,No informado,30,29
gh-31764014573-0814T0730,2026-08-14T02:31:01-05:00,2015963,CLASE TEORICA,(2) Grupo 2,No informado,30,29
gh-31764014573-0814T0730,2026-08-14T02:31:01-05:00,2015963,CLASE TEORICA,(3) Grupo 3,William Castro Garcia,30,29
gh-31764014573-0814T0730,2026-08-14T02:31:02-05:00,2026138,CLASE TEORICA,(1) Grupo 1,Ivan Dario Serrano Arrieta,30,30
gh-31764014573-0814T0730,2026-08-14T02:31:02-05:00,2026138,CLASE TEORICA,(2) Grupo 2,Ivan Dario Serrano Arrieta,30,30
gh-31764014573-0814T0730,2026-08-14T02:31:02-05:00,2026138,CLASE TEORICA,(3) Grupo 3,Pedro Luis Jimenez Poveda,30,30
gh-31764014573-0814T0730,2026-08-14T02:31:03-05:00,2015703,NA,(1) Grupo 1,Angela Maria Arboleda Restrepo,40,31
gh-31764014573-0814T0730,2026-08-14T02:31:03-05:00,2015703,NA,(10) Grupo 10,Diego Alejandro Hernandez Castañeda,30,31
gh-31764014573-0814T0730,2026-08-14T02:31:03-05:00,2015703,NA,(11) Grupo 11,Julio Cesar Cañon Rodriguez,30,31
gh-31764014573-0814T0730,2026-08-14T02:31:03-05:00,2015703,NA,(2) Grupo 2,Osman Benjamin Giovanny Vargas Rozo,40,31
gh-31764014573-0814T0730,2026-08-14T02:31:03-05:00,2015703,NA,(3) Grupo 3,Hugo Alberto Herrera Fonseca,40,31
gh-31764014573-0814T0730,2026-08-14T02:31:03-05:00,2015703,NA,(4) Grupo 4,LINA JULIANA BULLA CASAS,30,31
gh-31764014573-0814T0730,2026-08-14T02:31:03-05:00,2015703,NA,(5) Grupo 5 - Virtual,Cesar Augusto Roa Lemus,60,31
gh-31764014573-0814T0730,2026-08-14T02:31:03-05:00,2015703,NA,(6) Grupo 6,JAVIER RICARDO OJEDA SANCHEZ,40,31
gh-31764014573-0814T0730,2026-08-14T02:31:03-05:00,2015703,NA,(7) Grupo 7,JAVIER RICARDO OJEDA SANCHEZ,20,31
gh-31764014573-0814T0730,2026-08-14T02:31:03-05:00,2015703,NA,(8) Grupo 8,Diego Alejandro Hernandez Castañeda,40,31
gh-31764014573-0814T0730,2026-08-14T02:31:03-05:00,2015703,NA,(9) Grupo 9,LINA JULIANA BULLA CASAS,35,31
gh-31764014573-0814T0730,2026-08-14T02:31:05-05:00,1000044-B,CLASE TEORICA,(1) Grupo 1,Beatriz Elena Urrutia Sanchez,26,32
gh-31764014573-0814T0730,2026-08-14T02:31:05-05:00,1000044-B,CLASE TEORICA,(2) Grupo 2,Yaneli Niño Osorio,26,32
gh-31764014573-0814T0730,2026-08-14T02:31:05-05:00,1000044-B,CLASE TEORICA,(3) Grupo 3,Luis Gabriel Peña Ortiz,26,32
gh-31764014573-0814T0730,2026-08-14T02:31:05-05:00,1000044-B,CLASE TEORICA,(4) Grupo 4,Liliana Marcela Guzman Aricapa,26,32
gh-31764014573-0814T0730,2026-08-14T02:31:05-05:00,1000044-B,CLASE TEORICA,(5) Grupo 5,Beatriz Elena Urrutia Sanchez,26,32
gh-31764014573-0814T0730,2026-08-14T02:31:05-05:00,1000044-B,CLASE TEORICA,(6) Grupo 6,Cesar Augusto Romero,26,32
gh-31764014573-0814T0730,2026-08-14T02:31:05-05:00,1000044-B,CLASE TEORICA,(7) Grupo 7,JOSE JONATHAN MAESTRE HERRERA,26,32
gh-31764014573-0814T0730,2026-08-14T02:31:05-05:00,1000044-B,CLASE TEORICA,(8) Grupo 8,Beymar Leonardo Solorzano Alviz,26,32
gh-31764014573-0814T0730,2026-08-14T02:31:05-05:00,1000044-B,CLASE TEORICA,(9) Grupo 9,Claudia Marcela Arevalo Gomez,7,32
gh-31764014573-0814T0730,2026-08-14T02:31:06-05:00,1000045-B,CLASE TEORICA,(1) Grupo 1,Claudia Marcela Arevalo Gomez,10,33
gh-31764014573-0814T0730,2026-08-14T02:31:06-05:00,1000045-B,CLASE TEORICA,(10) Grupo 10,Jesica paola Rendon Alfonso,26,33
gh-31764014573-0814T0730,2026-08-14T02:31:06-05:00,1000045-B,CLASE TEORICA,(11) Grupo 11,JOSE JONATHAN MAESTRE HERRERA,26,33
gh-31764014573-0814T0730,2026-08-14T02:31:06-05:00,1000045-B,CLASE TEORICA,(12) Grupo 12,LINDA JOHANA RUIZ GOMEZ,26,33
gh-31764014573-0814T0730,2026-08-14T02:31:06-05:00,1000045-B,CLASE TEORICA,(13) Grupo 13,Narly Yadira Pardo Cadena,26,33
gh-31764014573-0814T0730,2026-08-14T02:31:06-05:00,1000045-B,CLASE TEORICA,(14) Grupo 14,Angelica Saenz Fonseca,26,33
gh-31764014573-0814T0730,2026-08-14T02:31:06-05:00,1000045-B,CLASE TEORICA,(15) Grupo 15,Narly Yadira Pardo Cadena,26,33
gh-31764014573-0814T0730,2026-08-14T02:31:06-05:00,1000045-B,CLASE TEORICA,(16) Grupo 16,Luis Gabriel Peña Ortiz,26,33
gh-31764014573-0814T0730,2026-08-14T02:31:06-05:00,1000045-B,CLASE TEORICA,(2) Grupo 2,Cesar Augusto Romero,26,33
gh-31764014573-0814T0730,2026-08-14T02:31:06-05:00,1000045-B,CLASE TEORICA,(3) Grupo 3,Jesica paola Rendon Alfonso,26,33
gh-31764014573-0814T0730,2026-08-14T02:31:06-05:00,1000045-B,CLASE TEORICA,(4) Grupo 4,Adriana Marlen Sanchez Riaño,26,33
gh-31764014573-0814T0730,2026-08-14T02:31:06-05:00,1000045-B,CLASE TEORICA,(5) Grupo 5,Cesar Augusto Romero,26,33
gh-31764014573-0814T0730,2026-08-14T02:31:06-05:00,1000045-B,CLASE TEORICA,(6) Grupo 6,Sara Elisa Monsalve Patino,26,33
gh-31764014573-0814T0730,2026-08-14T02:31:06-05:00,1000045-B,CLASE TEORICA,(7) Grupo 7,Luis Gabriel Peña Ortiz,26,33
gh-31764014573-0814T0730,2026-08-14T02:31:06-05:00,1000045-B,CLASE TEORICA,(8) Grupo 8,Johnatan Martinez Hernandez,26,33
gh-31764014573-0814T0730,2026-08-14T02:31:06-05:00,1000045-B,CLASE TEORICA,(9) Grupo 9,Maureen Elizabeth Hooker Oneill,15,33
gh-31764014573-0814T0730,2026-08-14T02:31:10-05:00,1000046-B,CLASE TEORICA,(1) Grupo 1,Johnatan Martinez Hernandez,26,35
gh-31764014573-0814T0730,2026-08-14T02:31:10-05:00,1000046-B,CLASE TEORICA,(10) Grupo 10,Jennly Angelica Gomez Rodriguez,26,35
gh-31764014573-0814T0730,2026-08-14T02:31:10-05:00,1000046-B,CLASE TEORICA,(11) Grupo 11,Angelica Saenz Fonseca,26,35
gh-31764014573-0814T0730,2026-08-14T02:31:10-05:00,1000046-B,CLASE TEORICA,(12) Grupo 12,Liliana Marcela Guzman Aricapa,26,35
gh-31764014573-0814T0730,2026-08-14T02:31:10-05:00,1000046-B,CLASE TEORICA,(13) Grupo 13,ALBA LUCIA RIAÑO RODRIGUEZ,26,35
gh-31764014573-0814T0730,2026-08-14T02:31:10-05:00,1000046-B,CLASE TEORICA,(14) Grupo 14,Angelica Saenz Fonseca,26,35
gh-31764014573-0814T0730,2026-08-14T02:31:10-05:00,1000046-B,CLASE TEORICA,(15) Grupo 15,Luis Gabriel Peña Ortiz,26,35
gh-31764014573-0814T0730,2026-08-14T02:31:10-05:00,1000046-B,CLASE TEORICA,(16) Grupo 16,Olga Lucia Ruiz Convers,26,35
gh-31764014573-0814T0730,2026-08-14T02:31:10-05:00,1000046-B,CLASE TEORICA,(17) Grupo 17,Luis Gabriel Peña Ortiz,26,35
gh-31764014573-0814T0730,2026-08-14T02:31:10-05:00,1000046-B,CLASE TEORICA,(18) Grupo 18,Narly Yadira Pardo Cadena,26,35
gh-31764014573-0814T0730,2026-08-14T02:31:10-05:00,1000046-B,CLASE TEORICA,(2) Grupo 2,Jesica paola Rendon Alfonso,26,35
gh-31764014573-0814T0730,2026-08-14T02:31:10-05:00,1000046-B,CLASE TEORICA,(3) Grupo 3,JESUS DAVID TORRES RODRIGUEZ,26,35
gh-31764014573-0814T0730,2026-08-14T02:31:10-05:00,1000046-B,CLASE TEORICA,(4) Grupo 4,Claudia Patricia Cortes Lora,26,35
gh-31764014573-0814T0730,2026-08-14T02:31:10-05:00,1000046-B,CLASE TEORICA,(5) Grupo 5,Johnatan Martinez Hernandez,26,35
gh-31764014573-0814T0730,2026-08-14T02:31:10-05:00,1000046-B,CLASE TEORICA,(6) Grupo 6,Johnatan Martinez Hernandez,26,35
gh-31764014573-0814T0730,2026-08-14T02:31:10-05:00,1000046-B,CLASE TEORICA,(7) Grupo 7,Jesica paola Rendon Alfonso,26,35
gh-31764014573-0814T0730,2026-08-14T02:31:10-05:00,1000046-B,CLASE TEORICA,(8) Grupo 8,Beatriz Elena Urrutia Sanchez,26,35
gh-31764014573-0814T0730,2026-08-14T02:31:10-05:00,1000046-B,CLASE TEORICA,(9) Grupo 9,Maureen Elizabeth Hooker Oneill,10,35
gh-31764014573-0814T0730,2026-08-14T02:31:12-05:00,1000052-B,CLASE TEORICA,(1) Grupo 1,Liliana Marcela Guzman Aricapa,28,37
gh-31764014573-0814T0730,2026-08-14T02:31:12-05:00,1000052-B,CLASE TEORICA,(2) Grupo 2,JOSE JONATHAN MAESTRE HERRERA,28,37
gh-31764014573-0814T0730,2026-08-14T02:31:12-05:00,1000052-B,CLASE TEORICA,(3) Grupo 3,Aida Elena Monsalve Solorzano,28,37
gh-31764014573-0814T0730,2026-08-14T02:31:13-05:00,1000053-B,CLASE TEORICA,(1) Grupo 1,Jennly Angelica Gomez Rodriguez,28,38
gh-31764014573-0814T0730,2026-08-14T02:31:13-05:00,1000053-B,CLASE TEORICA,(2) Grupo 2,Yaneli Niño Osorio,28,38
gh-31764014573-0814T0730,2026-08-14T02:31:13-05:00,1000053-B,CLASE TEORICA,(3) Grupo 3,Javier Rodriguez Gomez,30,38
gh-31764014573-0814T0730,2026-08-14T02:31:13-05:00,1000053-B,CLASE TEORICA,(4) Grupo 4,Javier Rodriguez Gomez,30,38
gh-31764014573-0814T0730,2026-08-14T02:31:13-05:00,1000053-B,CLASE TEORICA,(5) Grupo 5,LINDA JOHANA RUIZ GOMEZ,28,38
gh-31764014573-0814T0730,2026-08-14T02:31:13-05:00,1000053-B,CLASE TEORICA,(6) Grupo 6,Olga Lucia Ruiz Convers,28,38
gh-31764014573-0814T0730,2026-08-14T02:31:15-05:00,1000047-B,CLASE TEORICA,(1) Grupo 1,Cesar Augusto Romero,26,39
gh-31764014573-0814T0730,2026-08-14T02:31:15-05:00,1000047-B,CLASE TEORICA,(10) Grupo 10,Monica Alexandra Riaño Orjuela,26,39
gh-31764014573-0814T0730,2026-08-14T02:31:15-05:00,1000047-B,CLASE TEORICA,(11) Grupo 11,Jennly Angelica Gomez Rodriguez,26,39
gh-31764014573-0814T0730,2026-08-14T02:31:15-05:00,1000047-B,CLASE TEORICA,(12) Grupo 12,Claudia Patricia Cortes Lora,26,39
gh-31764014573-0814T0730,2026-08-14T02:31:15-05:00,1000047-B,CLASE TEORICA,(13) Grupo 13,Angelica Saenz Fonseca,26,39
gh-31764014573-0814T0730,2026-08-14T02:31:15-05:00,1000047-B,CLASE TEORICA,(14) Grupo 14,LINDA JOHANA RUIZ GOMEZ,26,39
gh-31764014573-0814T0730,2026-08-14T02:31:15-05:00,1000047-B,CLASE TEORICA,(15) Grupo 15,Claudia Patricia Cortes Lora,26,39
gh-31764014573-0814T0730,2026-08-14T02:31:15-05:00,1000047-B,CLASE TEORICA,(16) Grupo 16,Narly Yadira Pardo Cadena,26,39
gh-31764014573-0814T0730,2026-08-14T02:31:15-05:00,1000047-B,CLASE TEORICA,(17) Grupo 17,Angelica Saenz Fonseca,26,39
gh-31764014573-0814T0730,2026-08-14T02:31:15-05:00,1000047-B,CLASE TEORICA,(18) Grupo 18,ALBA LUCIA RIAÑO RODRIGUEZ,26,39
gh-31764014573-0814T0730,2026-08-14T02:31:15-05:00,1000047-B,CLASE TEORICA,(19) Grupo 19,Aida Elena Monsalve Solorzano,26,39
gh-31764014573-0814T0730,2026-08-14T02:31:15-05:00,1000047-B,CLASE TEORICA,(2) Grupo 2,Yaneli Niño Osorio,26,39
gh-31764014573-0814T0730,2026-08-14T02:31:15-05:00,1000047-B,CLASE TEORICA,(20) Grupo 20,ALBA LUCIA RIAÑO RODRIGUEZ,26,39
gh-31764014573-0814T0730,2026-08-14T02:31:15-05:00,1000047-B,CLASE TEORICA,(21) Grupo 21,Edwin Yesid Leon Silva,26,39
gh-31764014573-0814T0730,2026-08-14T02:31:15-05:00,1000047-B,CLASE TEORICA,(22) Grupo 22,LINDA JOHANA RUIZ GOMEZ,26,39
gh-31764014573-0814T0730,2026-08-14T02:31:15-05:00,1000047-B,CLASE TEORICA,(3) Grupo 3,Monica Alexandra Riaño Orjuela,26,39
gh-31764014573-0814T0730,2026-08-14T02:31:15-05:00,1000047-B,CLASE TEORICA,(4) Grupo 4,Claudia Patricia Cortes Lora,26,39
gh-31764014573-0814T0730,2026-08-14T02:31:15-05:00,1000047-B,CLASE TEORICA,(5) Grupo 5,Olga Lucia Ruiz Convers,26,39
gh-31764014573-0814T0730,2026-08-14T02:31:15-05:00,1000047-B,CLASE TEORICA,(6) Grupo 6,Monica Alexandra Riaño Orjuela,26,39
gh-31764014573-0814T0730,2026-08-14T02:31:15-05:00,1000047-B,CLASE TEORICA,(7) Grupo 7,Cesar Augusto Romero,26,39
gh-31764014573-0814T0730,2026-08-14T02:31:15-05:00,1000047-B,CLASE TEORICA,(8) Grupo 8,Beatriz Elena Urrutia Sanchez,26,39
gh-31764014573-0814T0730,2026-08-14T02:31:15-05:00,1000047-B,CLASE TEORICA,(9) Grupo 9,Keshia Hilary Howard Livingston,15,39
gh-31764014573-0814T0730,2026-08-14T02:31:17-05:00,2026186,CLASE TEORICA,(1) Grupo 1,Carol Andrea Murillo Feo,7,41
gh-31764014573-0814T0730,2026-08-14T02:31:17-05:00,2026186,CLASE TEORICA,(2) Grupo 2,Leonel Vega Mora,0,41
gh-31764014573-0814T0730,2026-08-14T02:31:17-05:00,2026186,CLASE TEORICA,(4) Grupo 4,Carlos Orlando Robles Roa,10,41
gh-31764014573-0814T0730,2026-08-14T02:31:19-05:00,1000002-B,CLASE TEORICA,(1) Grupo 1 - Clase Presencial,Ruth Andrea Cortés Suárez,1,42
gh-31764014573-0814T0730,2026-08-14T02:31:19-05:00,1000002-B,CLASE TEORICA,(10) Grupo 10 - Clase presencial,Karen Johanna Castelblanco Villamil,0,42
gh-31764014573-0814T0730,2026-08-14T02:31:19-05:00,1000002-B,CLASE TEORICA,(2) Grupo 2 - Clase Presencial,Ruth Andrea Cortés Suárez,0,42
gh-31764014573-0814T0730,2026-08-14T02:31:19-05:00,1000002-B,CLASE TEORICA,(3) Grupo 3 - Clase Presencial,Adriana Patricia Díaz Cuevas,0,42
gh-31764014573-0814T0730,2026-08-14T02:31:19-05:00,1000002-B,CLASE TEORICA,(4) Grupo 4 - Clase Presencial,Adriana Patricia Díaz Cuevas,0,42
gh-31764014573-0814T0730,2026-08-14T02:31:19-05:00,1000002-B,CLASE TEORICA,(5) Grupo 5 - Clase Presencial,Andres Felipe Escovar Barreto,0,42
gh-31764014573-0814T0730,2026-08-14T02:31:19-05:00,1000002-B,CLASE TEORICA,(6) Grupo 6 - Clase Presencial,Ruth Andrea Cortés Suárez,0,42
gh-31764014573-0814T0730,2026-08-14T02:31:19-05:00,1000002-B,CLASE TEORICA,(7) Grupo 7 - Clase Presencial,Karen Johanna Castelblanco Villamil,0,42
gh-31764014573-0814T0730,2026-08-14T02:31:19-05:00,1000002-B,CLASE TEORICA,(8) Grupo 8 - Clase Presencial,Adriana Patricia Díaz Cuevas,0,42
gh-31764014573-0814T0730,2026-08-14T02:31:19-05:00,1000002-B,CLASE TEORICA,(9) Grupo 9 - Clase Presencial,Carlas Lucia Castilla Lara,10,42
gh-31764014573-0814T0730,2026-08-14T02:31:21-05:00,1000001-B,CLASE TEORICA,(1) Grupo 1,No informado,0,43
gh-31764014573-0814T0730,2026-08-14T02:31:21-05:00,1000001-B,CLASE TEORICA,(19) Grupo 19,No informado,5,43
gh-31764014573-0814T0730,2026-08-14T02:31:21-05:00,1000001-B,CLASE TEORICA,(2) Grupo 2,No informado,10,43
gh-31764014573-0814T0730,2026-08-14T02:31:21-05:00,1000001-B,CLASE MAGISTRAL,(1) Grupo 1,Ibeth Marcela Rubio Perilla,0,43
gh-31764014573-0814T0730,2026-08-14T02:31:21-05:00,1000001-B,CLASE MAGISTRAL,(10) Grupo 10,No informado,0,43
gh-31764014573-0814T0730,2026-08-14T02:31:21-05:00,1000001-B,CLASE MAGISTRAL,(2) Grupo 2,Herbert Alonso Dueñas Ruiz,0,43
gh-31764014573-0814T0730,2026-08-14T02:31:21-05:00,1000001-B,CLASE MAGISTRAL,(3) Grupo 3,Jeanneth Galeano Penaloza,0,43
gh-31764014573-0814T0730,2026-08-14T02:31:21-05:00,1000001-B,CLASE MAGISTRAL,(4) Grupo 4,Gustavo Adolfo Nieto Clavijo,0,43
gh-31764014573-0814T0730,2026-08-14T02:31:21-05:00,1000001-B,CLASE MAGISTRAL,(5) Grupo 5,Natalia Camila Pinzon Cortes,1,43
gh-31764014573-0814T0730,2026-08-14T02:31:21-05:00,1000001-B,CLASE MAGISTRAL,(6) Grupo 6,Martha Cecilia Moreno Penagos,0,43
gh-31764014573-0814T0730,2026-08-14T02:31:21-05:00,1000001-B,CLASE MAGISTRAL,(7) Grupo 7,Claudio Rodriguez Beltran,0,43
gh-31764014573-0814T0730,2026-08-14T02:31:21-05:00,1000001-B,CLASE MAGISTRAL,(8) Grupo 8,Gabriel Ignacio Padilla Leon,1,43
gh-31764014573-0814T0730,2026-08-14T02:31:21-05:00,1000001-B,CLASE MAGISTRAL,(9) Grupo 9,No informado,10,43
gh-31764014573-0814T0730,2026-08-14T02:31:22-05:00,2015965,CLASE TEORICA,(1) Grupo 1,CAMILO RIOS FRESNEDA,24,44
gh-31764014573-0814T0730,2026-08-14T02:31:22-05:00,2015965,CLASE TEORICA,(2) Grupo 2,Julian David Puerto Suarez; Vladimir Buelvas Hernández,24,44
gh-31764014573-0814T0730,2026-08-14T02:31:22-05:00,2015965,CLASE TEORICA,(3) Grupo 3,Ferney Betancourt Cardozo; Juan Manuel Lizarazo Marriaga,24,44
gh-31764014573-0814T0730,2026-08-14T02:31:22-05:00,2015965,CLASE TEORICA,(4) Grupo 4,No informado,24,44
gh-31764014573-0814T0730,2026-08-14T02:31:23-05:00,2015966,CLASE TEORICA,(1) Grupo 1,No informado,24,45
gh-31764014573-0814T0730,2026-08-14T02:31:23-05:00,2015966,CLASE TEORICA,(2) Grupo 2,Adriana Patricia Piña Fulano,24,45
gh-31764014573-0814T0730,2026-08-14T02:31:23-05:00,2015966,CLASE TEORICA,(3) Grupo 3,Rafael Orland Ortiz Mosquera,24,45
gh-31764014573-0814T0730,2026-08-14T02:31:23-05:00,2015966,CLASE TEORICA,(4) Grupo 4,No informado,24,45
gh-31764014573-0814T0730,2026-08-14T02:31:23-05:00,2015966,CLASE TEORICA,(5) Grupo 5,No informado,24,45
gh-31764014573-0814T0730,2026-08-14T02:31:23-05:00,2015966,CLASE TEORICA,(6) Grupo 6,Luis Alejandro Morales Marin,24,45
gh-31764014573-0814T0730,2026-08-14T02:31:23-05:00,2015966,CLASE TEORICA,(7) Grupo 7,No informado,24,45
gh-31764014573-0814T0730,2026-08-14T02:31:23-05:00,2015966,CLASE TEORICA,(8) Grupo 8,No informado,24,45
gh-31764014573-0814T0730,2026-08-14T02:31:25-05:00,2015967,NA,(1) Grupo 1,Vladimir Buelvas Hernández,24,46
gh-31764014573-0814T0730,2026-08-14T02:31:26-05:00,2015968,CLASE TEORICA,(1) Grupo 1,Ricardo Parra Arango,24,47
gh-31764014573-0814T0730,2026-08-14T02:31:26-05:00,2015968,CLASE TEORICA,(2) Grupo 2,Juan David Oliveros Salazar,24,47
gh-31764014573-0814T0730,2026-08-14T02:31:26-05:00,2015968,CLASE TEORICA,(3) Grupo 3,No informado,24,47
gh-31764014573-0814T0730,2026-08-14T02:31:26-05:00,2015968,CLASE TEORICA,(4) Grupo 4,Ricardo Parra Arango,24,47
gh-31764014573-0814T0730,2026-08-14T02:31:26-05:00,2015968,CLASE TEORICA,(5) Grupo 5,Julian David Puerto Suarez,24,47
gh-31764014573-0814T0730,2026-08-14T02:31:26-05:00,2015968,CLASE TEORICA,(6) Grupo 6,Dorian Luis Linero Segrera,24,47
gh-31764014573-0814T0730,2026-08-14T02:31:26-05:00,2015968,CLASE TEORICA,(7) Grupo 7,No informado,0,47
gh-31764014573-0814T0730,2026-08-14T02:31:27-05:00,2015969,CLASE TEORICA,(1) Grupo 1 (Inglés),Julio Esteban Colmenares Montañez,30,48
gh-31764014573-0814T0730,2026-08-14T02:31:27-05:00,2015969,CLASE TEORICA,(2) Grupo 2,Guillermo Eduardo Avila Alvarez,30,48
gh-31764014573-0814T0730,2026-08-14T02:31:27-05:00,2015969,CLASE TEORICA,(3) Grupo 3,Livaniel Viveros Rosero,30,48
gh-31764014573-0814T0730,2026-08-14T02:31:27-05:00,2015969,CLASE TEORICA,(4) Grupo 4,No informado,30,48
gh-31764014573-0814T0730,2026-08-14T02:31:28-05:00,2015970,CLASE PRACTICA,(4) Grupo 4,Helga Duarte,30,49
gh-31764014573-0814T0730,2026-08-14T02:31:28-05:00,2015970,CLASE PRACTICA,(5) Grupo 5,Oswaldo Rojas Camacho,45,49
gh-31764014573-0814T0730,2026-08-14T02:31:28-05:00,2015970,CLASE PRACTICA,(8) Grupo 8,Helga Duarte,30,49
gh-31764014573-0814T0730,2026-08-14T02:31:28-05:00,2015970,CLASE PRACTICA,(9) Grupo 9,Oswaldo Rojas Camacho,45,49
gh-31764014573-0814T0730,2026-08-14T02:31:29-05:00,2017293,CLASE TEORICA,(1) 2017293-1 Modelación matemática,JUAN SEBASTIÁN HINCAPIÉ MONTES,34,50
gh-31764014573-0814T0730,2026-08-14T02:31:29-05:00,2017293,CLASE TEORICA,(2) 2017293-2 Modelación matemática,JUAN SEBASTIÁN HINCAPIÉ MONTES,34,50
gh-31764014573-0814T0730,2026-08-14T02:31:29-05:00,2017293,CLASE MAGISTRAL,(1M) 2017293-1M Modelación matemática - Magistral,Carlos Alberto Duque Daza,80,50
gh-31764014573-0814T0730,2026-08-14T02:31:33-05:00,2015971,CLASE TEORICA,(1) Grupo 1,No informado,30,53
gh-31764014573-0814T0730,2026-08-14T02:31:33-05:00,2015971,CLASE TEORICA,(2) Grupo 2,Ferney Betancourt Cardozo,30,53
gh-31764014573-0814T0730,2026-08-14T02:31:33-05:00,2015971,CLASE TEORICA,(3) Grupo 3,No informado,30,53
gh-31764014573-0814T0730,2026-08-14T02:31:34-05:00,2015972,CLASE TEORICA,(1) Grupo 1,Carlos Alberto Moncada Aristizabal,15,54
gh-31764014573-0814T0730,2026-08-14T02:31:34-05:00,2015972,CLASE TEORICA,(2) Grupo 2,SANTIAGO RAMIREZ ECHEVERRI,15,54
gh-31764014573-0814T0730,2026-08-14T02:31:34-05:00,2015972,CLASE TEORICA,(3) Grupo 3,No informado,15,54
gh-31764014573-0814T0730,2026-08-14T02:31:35-05:00,1000024-B,CLASE TEORICA,(12) Grupo 12,Edgar Delgado Mejia,0,55
gh-31764014573-0814T0730,2026-08-14T02:31:35-05:00,1000024-B,CLASE TEORICA,(13) Grupo 13,Jesus Sigifredo Valencia Rios,0,55
gh-31764014573-0814T0730,2026-08-14T02:31:35-05:00,1000024-B,CLASE TEORICA,(14) Grupo 14,Jhon Jairo Aragón Arias,10,55
gh-31764014573-0814T0730,2026-08-14T02:31:37-05:00,1000013-B,CLASE TEORICA,(1) Grupo 1,JHONIER SEBASTIAN RANGEL GUTIERREZ,0,56
gh-31764014573-0814T0730,2026-08-14T02:31:37-05:00,1000013-B,CLASE TEORICA,(10) Grupo 10,Sandra Vergara Cardozo,35,56
gh-31764014573-0814T0730,2026-08-14T02:31:37-05:00,1000013-B,CLASE TEORICA,(11) Grupo 11,DIEGO ALBERTO MARTINEZ SIMBAQUEVA,40,56
gh-31764014573-0814T0730,2026-08-14T02:31:37-05:00,1000013-B,CLASE TEORICA,(12) Grupo 12,DIEGO ALBERTO MARTINEZ SIMBAQUEVA,40,56
gh-31764014573-0814T0730,2026-08-14T02:31:37-05:00,1000013-B,CLASE TEORICA,(13) Grupo 13,DIEGO ALBERTO MARTINEZ SIMBAQUEVA,30,56
gh-31764014573-0814T0730,2026-08-14T02:31:37-05:00,1000013-B,CLASE TEORICA,(14) Grupo 14,Andrea Catalina Garcia Montoya,45,56
gh-31764014573-0814T0730,2026-08-14T02:31:37-05:00,1000013-B,CLASE TEORICA,(16) Grupo 16,Sergio Alejandro Calderon Villanueva,30,56
gh-31764014573-0814T0730,2026-08-14T02:31:37-05:00,1000013-B,CLASE TEORICA,(2) Grupo 2,Luis Guillermo Diaz Monroy,40,56
gh-31764014573-0814T0730,2026-08-14T02:31:37-05:00,1000013-B,CLASE TEORICA,(22) Grupo 22,Hanwen Zhang,45,56
gh-31764014573-0814T0730,2026-08-14T02:31:37-05:00,1000013-B,CLASE TEORICA,(23) Grupo 23,ULPIANO LARA CRISTANCHO,0,56
gh-31764014573-0814T0730,2026-08-14T02:31:37-05:00,1000013-B,CLASE TEORICA,(3) Grupo 3,Diana Carolina Franco Soto,40,56
gh-31764014573-0814T0730,2026-08-14T02:31:37-05:00,1000013-B,CLASE TEORICA,(4) Grupo 4,Diana Carolina Franco Soto,40,56
gh-31764014573-0814T0730,2026-08-14T02:31:37-05:00,1000013-B,CLASE TEORICA,(5) Grupo 5,Darwin Eduardo Martínez Riaño,35,56
gh-31764014573-0814T0730,2026-08-14T02:31:37-05:00,1000013-B,CLASE TEORICA,(6) Grupo 6,Darwin Eduardo Martínez Riaño,35,56
gh-31764014573-0814T0730,2026-08-14T02:31:37-05:00,1000013-B,CLASE TEORICA,(7) Grupo 7,Camilo Jose Torres Jimenez,40,56
gh-31764014573-0814T0730,2026-08-14T02:31:39-05:00,2015734,NA,(1) Grupo 1,Fernando Salazar Delgado,6,57
gh-31764014573-0814T0730,2026-08-14T02:31:39-05:00,2015734,NA,(10) Grupo 10,Tito Florez Calderon,4,57
gh-31764014573-0814T0730,2026-08-14T02:31:39-05:00,2015734,NA,(11) Grupo 11,DAVID ALBERTO HERRERA ALVAREZ,0,57
gh-31764014573-0814T0730,2026-08-14T02:31:39-05:00,2015734,NA,(12) Grupo 12,FABIEL NATÁN ESPINOSA CASTAÑEDA,1,57
gh-31764014573-0814T0730,2026-08-14T02:31:39-05:00,2015734,NA,(13) Grupo 13,SERGIO CAMILO ESPINOSA BOTERO,4,57
gh-31764014573-0814T0730,2026-08-14T02:31:39-05:00,2015734,NA,(14) Grupo 14,Felipe Gonzalez Roldan,0,57
gh-31764014573-0814T0730,2026-08-14T02:31:39-05:00,2015734,NA,(2) Grupo 2,Fernando Salazar Delgado,16,57
gh-31764014573-0814T0730,2026-08-14T02:31:39-05:00,2015734,NA,(3) Grupo 3,Jhoan Sebastian Restrepo Mendoza,0,57
gh-31764014573-0814T0730,2026-08-14T02:31:39-05:00,2015734,NA,(4) Grupo 4,Sandra Liliana Rojas Martinez,0,57
gh-31764014573-0814T0730,2026-08-14T02:31:39-05:00,2015734,NA,(5) Grupo 5,Jhoan Sebastian Restrepo Mendoza,0,57
gh-31764014573-0814T0730,2026-08-14T02:31:39-05:00,2015734,NA,(6) Grupo 6,SERGIO CAMILO ESPINOSA BOTERO,8,57
gh-31764014573-0814T0730,2026-08-14T02:31:39-05:00,2015734,NA,(7) Grupo 7,No informado,3,57
gh-31764014573-0814T0730,2026-08-14T02:31:39-05:00,2015734,NA,(8) Grupo 8 - Virtual,FABIEL NATÁN ESPINOSA CASTAÑEDA,30,57
gh-31764014573-0814T0730,2026-08-14T02:31:39-05:00,2015734,NA,(9) Grupo 9,Alvaro Reynel Córdoba,18,57
gh-31764014573-0814T0730,2026-08-14T02:31:41-05:00,2015973,CLASE TEORICA,(1) Grupo 1,No informado,25,59
gh-31764014573-0814T0730,2026-08-14T02:31:41-05:00,2015973,CLASE TEORICA,(2) Grupo 2,GABRIELA ARRIETA LOYO,25,59
gh-31764014573-0814T0730,2026-08-14T02:31:41-05:00,2015973,CLASE TEORICA,(3) Grupo 3,NICOLAS ESCALANTE MORA,25,59
gh-31764014573-0814T0730,2026-08-14T02:31:42-05:00,2022761,NA,(1) Grupo 1,Servio Javier Contreras Guerrero,15,60
gh-31764014573-0814T0730,2026-08-14T02:31:42-05:00,2022761,NA,(2) Grupo 2,Servio Javier Contreras Guerrero,15,60
gh-31764014573-0814T0730,2026-08-14T02:31:42-05:00,2022761,NA,(3) Grupo 3,Samuel Fernando Mesa Giraldo,15,60
gh-31764014573-0814T0730,2026-08-14T02:31:44-05:00,2024045,CLASE TEORICA,(1) 2024045-1 Taller de proyectos interdisciplinarios,No informado,0,61
gh-31764014573-0814T0730,2026-08-14T02:31:44-05:00,2024045,CLASE TEORICA,(10) 2024045-10 Taller de proyectos interdisciplinarios,Oscar Andres Eraso Eraso,0,61
gh-31764014573-0814T0730,2026-08-14T02:31:44-05:00,2024045,CLASE TEORICA,(11) 2024045-11 Taller de proyectos interdisciplinarios,No informado,0,61
gh-31764014573-0814T0730,2026-08-14T02:31:44-05:00,2024045,CLASE TEORICA,(12) 2024045-12 Taller de proyectos interdisciplinarios,Hector Julian Garcia Otalora,200,61
gh-31764014573-0814T0730,2026-08-14T02:31:44-05:00,2024045,CLASE TEORICA,(13) 2024045-13 Taller de proyectos interdisciplinarios,No informado,0,61
gh-31764014573-0814T0730,2026-08-14T02:31:44-05:00,2024045,CLASE TEORICA,(14) 2024045-14 Taller de proyectos interdisciplinarios,Dolly Santos Barbosa,0,61
gh-31764014573-0814T0730,2026-08-14T02:31:44-05:00,2024045,CLASE TEORICA,(15) 2024045-15 Taller de proyectos interdisciplinarios,Oscar Andres Eraso Eraso,0,61
gh-31764014573-0814T0730,2026-08-14T02:31:44-05:00,2024045,CLASE TEORICA,(16) 2024045-16 Taller de proyectos interdisciplinarios,Luis Ignacio Rodriguez Varela,0,61
gh-31764014573-0814T0730,2026-08-14T02:31:44-05:00,2024045,CLASE TEORICA,(17) 2024045-17 Taller de proyectos interdisciplinarios,JOHANA CATALINA MANOSALVA BARRERA,0,61
gh-31764014573-0814T0730,2026-08-14T02:31:44-05:00,2024045,CLASE TEORICA,(18) 2024045-18 Taller de proyectos interdisciplinarios,Fernando Bernal Martinez,0,61
gh-31764014573-0814T0730,2026-08-14T02:31:44-05:00,2024045,CLASE TEORICA,(19) 2024045-19 Taller de proyectos interdisciplinarios,FRANCISCO JAVIER VÁSQUEZ VÁSQUEZ,0,61
gh-31764014573-0814T0730,2026-08-14T02:31:44-05:00,2024045,CLASE TEORICA,(2) 2024045-2 Taller de proyectos interdisciplinarios,Fernando Bernal Martinez,0,61
gh-31764014573-0814T0730,2026-08-14T02:31:44-05:00,2024045,CLASE TEORICA,(21) 2024045-21 Taller de proyectos interdisciplinarios,No informado,0,61
gh-31764014573-0814T0730,2026-08-14T02:31:44-05:00,2024045,CLASE TEORICA,(22) 2024045-22 Taller de proyectos interdisciplinarios,Ubaldo Garcia Zaragoza,0,61
gh-31764014573-0814T0730,2026-08-14T02:31:44-05:00,2024045,CLASE TEORICA,(23) 2024045-23 Taller de proyectos interdisciplinarios,No informado,0,61
gh-31764014573-0814T0730,2026-08-14T02:31:44-05:00,2024045,CLASE TEORICA,(24) 2024045-24 Taller de proyectos interdisciplinarios,Hector Julian Garcia Otalora,200,61
gh-31764014573-0814T0730,2026-08-14T02:31:44-05:00,2024045,CLASE TEORICA,(3) 2024045-3 Taller de proyectos interdisciplinarios,Guillermo Alberto Rocha Casas,0,61
gh-31764014573-0814T0730,2026-08-14T02:31:44-05:00,2024045,CLASE TEORICA,(4) 2024045-4 Taller de proyectos interdisciplinarios,Francy Nayely Prieto Novoa,0,61
gh-31764014573-0814T0730,2026-08-14T02:31:44-05:00,2024045,CLASE TEORICA,(40) 2024045-40 TPI-- NO BORRAR-- BLOQ ESPACIOS,No informado,0,61
gh-31764014573-0814T0730,2026-08-14T02:31:44-05:00,2024045,CLASE TEORICA,(5) 2024045-5 Taller de proyectos interdisciplinarios,Nubia Carmenza Moreno Sarmiento,0,61
gh-31764014573-0814T0730,2026-08-14T02:31:44-05:00,2024045,CLASE TEORICA,(6) 2024045-6 Taller de proyectos interdisciplinarios,JOHANA CATALINA MANOSALVA BARRERA,0,61
gh-31764014573-0814T0730,2026-08-14T02:31:44-05:00,2024045,CLASE TEORICA,(7) 2024045-7 Taller de proyectos interdisciplinarios,Ubaldo Garcia Zaragoza,0,61
gh-31764014573-0814T0730,2026-08-14T02:31:44-05:00,2024045,CLASE TEORICA,(8) 2024045-8 Taller de proyectos interdisciplinarios,JHON FREDDY LOPEZ MEDINA,0,61
gh-31764014573-0814T0730,2026-08-14T02:31:44-05:00,2024045,CLASE TEORICA,(9) 2024045-9 Taller de proyectos interdisciplinarios,Manuel Alejandro Mayorga Betancourt,0,61
gh-31764014573-0814T0730,2026-08-14T02:31:45-05:00,2015296,NA,(1) Grupo 1,Leonardo David Donado Garzon,5,62
gh-31764014573-0814T0730,2026-08-14T02:31:45-05:00,2015296,NA,(10) Grupo 10,Juan Manuel Lizarazo Marriaga,5,62
gh-31764014573-0814T0730,2026-08-14T02:31:45-05:00,2015296,NA,(11) Grupo 11,Octavio Coronado Garcia,5,62
gh-31764014573-0814T0730,2026-08-14T02:31:45-05:00,2015296,NA,(12) Grupo 12,Carol Andrea Murillo Feo,5,62
gh-31764014573-0814T0730,2026-08-14T02:31:45-05:00,2015296,NA,(13) Grupo 13,CAMILO RIOS FRESNEDA,5,62
gh-31764014573-0814T0730,2026-08-14T02:31:45-05:00,2015296,NA,(14) Grupo 14,William Castro Garcia,5,62
gh-31764014573-0814T0730,2026-08-14T02:31:45-05:00,2015296,NA,(15) Grupo 15,Luis Alejandro Morales Marin,5,62
gh-31764014573-0814T0730,2026-08-14T02:31:45-05:00,2015296,NA,(16) Grupo 16,Ferney Betancourt Cardozo,5,62
gh-31764014573-0814T0730,2026-08-14T02:31:45-05:00,2015296,NA,(17) Grupo 17,Maria Alejandra Caicedo Londoño,5,62
gh-31764014573-0814T0730,2026-08-14T02:31:45-05:00,2015296,NA,(18) Grupo 18,Guillermo Eduardo Avila Alvarez,5,62
gh-31764014573-0814T0730,2026-08-14T02:31:45-05:00,2015296,NA,(19) Grupo 19,Carlos Alfonso Gomez Guacaneme,0,62
gh-31764014573-0814T0730,2026-08-14T02:31:45-05:00,2015296,NA,(2) Grupo 2,Carlos Orlando Robles Roa,5,62
gh-31764014573-0814T0730,2026-08-14T02:31:45-05:00,2015296,NA,(3) Grupo 3,Angela Barrera Puerto,5,62
gh-31764014573-0814T0730,2026-08-14T02:31:45-05:00,2015296,NA,(4) Grupo 4,Mauricio Alberto Tapias Camacho,5,62
gh-31764014573-0814T0730,2026-08-14T02:31:45-05:00,2015296,NA,(5) Grupo 5,Maritzabel Molina Herrera,5,62
gh-31764014573-0814T0730,2026-08-14T02:31:45-05:00,2015296,NA,(6) Grupo 6,Rodolfo Rodriguez Baracaldo,5,62
gh-31764014573-0814T0730,2026-08-14T02:31:45-05:00,2015296,NA,(7) Grupo 7,SANTIAGO RAMIREZ ECHEVERRI,5,62
gh-31764014573-0814T0730,2026-08-14T02:31:45-05:00,2015296,NA,(8) Grupo 8,Jose Ricardo Martinez Vargas,5,62
gh-31764014573-0814T0730,2026-08-14T02:31:45-05:00,2015296,NA,(9) Grupo 9,GABRIELA ARRIETA LOYO,5,62
gh-31764014573-0814T0730,2026-08-14T02:31:46-05:00,2015299,CLASE TEORICA,(1) Grupo 1,GABRIELA ARRIETA LOYO,51,63
gh-31780279220-0814T0800,2026-08-14T03:00:54-05:00,2015938,CLASE TEORICA,(1) Grupo 1,Maria Alejandra Caicedo Londoño,25,0
gh-31780279220-0814T0800,2026-08-14T03:00:54-05:00,2015938,CLASE TEORICA,(2) Grupo 2,Maria Alejandra Caicedo Londoño,25,0
gh-31780279220-0814T0800,2026-08-14T03:00:54-05:00,2015938,CLASE TEORICA,(3) Grupo 3,JOSE LUIS DIAZ AREVALO,25,0
gh-31780279220-0814T0800,2026-08-14T03:00:54-05:00,2015938,CLASE TEORICA,(4) Grupo 4,JOSE LUIS DIAZ AREVALO,24,0
gh-31780279220-0814T0800,2026-08-14T03:00:56-05:00,2015939,CLASE TEORICA,(1) Grupo 1,ALVARO MARTIN GUTIERREZ MALAXECHEBARRIA,25,1
gh-31780279220-0814T0800,2026-08-14T03:00:56-05:00,2015939,CLASE TEORICA,(2) Grupo 2,ALVARO MARTIN GUTIERREZ MALAXECHEBARRIA,25,1
gh-31780279220-0814T0800,2026-08-14T03:00:56-05:00,2015939,CLASE TEORICA,(3) Grupo 3,Edder Alexander Velandia Duran,25,1
gh-31780279220-0814T0800,2026-08-14T03:00:56-05:00,2015939,CLASE TEORICA,(4) Grupo 4,No informado,25,1
gh-31780279220-0814T0800,2026-08-14T03:00:57-05:00,1000003-B,NA,(1) Grupo 1,Erika Lorena Rosero Alzate; Oscar Andrés Rojas Sepúlveda,0,2
gh-31780279220-0814T0800,2026-08-14T03:00:57-05:00,1000003-B,NA,(10) Grupo 10,Epifanio Lozano Ayala,14,2
gh-31780279220-0814T0800,2026-08-14T03:00:57-05:00,1000003-B,NA,(11) Grupo 11,No informado,60,2
gh-31780279220-0814T0800,2026-08-14T03:00:57-05:00,1000003-B,NA,(12) Grupo 12,No informado,40,2
gh-31780279220-0814T0800,2026-08-14T03:00:57-05:00,1000003-B,NA,(13) Grupo 13,Mohammed EL AIDI,40,2
gh-31780279220-0814T0800,2026-08-14T03:00:57-05:00,1000003-B,NA,(15) Grupo 15,Myriam Leonor Campos Florez,60,2
gh-31780279220-0814T0800,2026-08-14T03:00:57-05:00,1000003-B,NA,(16) Grupo 16,No informado,60,2
gh-31780279220-0814T0800,2026-08-14T03:00:57-05:00,1000003-B,NA,(17) Grupo 17,Martha Cecilia Moreno Penagos,40,2
gh-31780279220-0814T0800,2026-08-14T03:00:57-05:00,1000003-B,NA,(18) Grupo 18,John Alexander Cruz Morales,52,2
gh-31780279220-0814T0800,2026-08-14T03:00:57-05:00,1000003-B,NA,(20) Grupo 20,Natalia Camila Pinzon Cortes,60,2
gh-31780279220-0814T0800,2026-08-14T03:00:57-05:00,1000003-B,NA,(21) Grupo 21,Ivon Andrea Dorado Correa,52,2
gh-31780279220-0814T0800,2026-08-14T03:00:57-05:00,1000003-B,NA,(22) Grupo 22,No informado,46,2
gh-31780279220-0814T0800,2026-08-14T03:00:57-05:00,1000003-B,NA,(3) Grupo 3,No informado,60,2
gh-31780279220-0814T0800,2026-08-14T03:00:57-05:00,1000003-B,NA,(4) Grupo 4,Luis Alejandro Barbosa Torres,112,2
gh-31780279220-0814T0800,2026-08-14T03:00:57-05:00,1000003-B,NA,(5) Grupo 5,Jaime David Mora Paz,60,2
gh-31780279220-0814T0800,2026-08-14T03:00:57-05:00,1000003-B,NA,(7) Grupo 7,Myriam Leonor Campos Florez,40,2
gh-31780279220-0814T0800,2026-08-14T03:00:57-05:00,1000003-B,NA,(8) Grupo 8,No informado,10,2
gh-31780279220-0814T0800,2026-08-14T03:00:58-05:00,2015940,CLASE TEORICA,(1) Grupo 1,Maritzabel Molina Herrera,24,3
gh-31780279220-0814T0800,2026-08-14T03:00:58-05:00,2015940,CLASE TEORICA,(2) Grupo 2,Gabriel Andres Bernal Granados,24,3
gh-31780279220-0814T0800,2026-08-14T03:00:58-05:00,2015940,CLASE TEORICA,(3) Grupo 3,No informado,24,3
gh-31780279220-0814T0800,2026-08-14T03:00:59-05:00,2015941,CLASE TEORICA,(1) Grupo 1,Patricia Luna Tamayo,30,4
gh-31780279220-0814T0800,2026-08-14T03:00:59-05:00,2015941,CLASE TEORICA,(2) Grupo 2,No informado,30,4
gh-31780279220-0814T0800,2026-08-14T03:00:59-05:00,2015941,CLASE TEORICA,(3) Grupo 3,Carlos Ramiro Vallecilla Bahena,30,4
gh-31780279220-0814T0800,2026-08-14T03:00:59-05:00,2015941,CLASE TEORICA,(4) Grupo 4,No informado,30,4
gh-31780279220-0814T0800,2026-08-14T03:01:01-05:00,1000004-B,NA,(10) Grupo 10,No informado,53,5
gh-31780279220-0814T0800,2026-08-14T03:01:01-05:00,1000004-B,NA,(11) Grupo 11,No informado,24,5
gh-31780279220-0814T0800,2026-08-14T03:01:01-05:00,1000004-B,NA,(12) Grupo 12,No informado,24,5
gh-31780279220-0814T0800,2026-08-14T03:01:01-05:00,1000004-B,NA,(13) Grupo 13,No informado,16,5
gh-31780279220-0814T0800,2026-08-14T03:01:01-05:00,1000004-B,NA,(14) Grupo 14,No informado,90,5
gh-31780279220-0814T0800,2026-08-14T03:01:01-05:00,1000004-B,NA,(16) Grupo 16,No informado,27,5
gh-31780279220-0814T0800,2026-08-14T03:01:01-05:00,1000004-B,NA,(17) Grupo 17,Hernan Garzon Gutierrez,39,5
gh-31780279220-0814T0800,2026-08-14T03:01:01-05:00,1000004-B,NA,(19) Grupo 19,No informado,59,5
gh-31780279220-0814T0800,2026-08-14T03:01:01-05:00,1000004-B,NA,(2) Grupo 2,No informado,24,5
gh-31780279220-0814T0800,2026-08-14T03:01:01-05:00,1000004-B,NA,(20) Grupo 20,Hernan Garzon Gutierrez,10,5
gh-31780279220-0814T0800,2026-08-14T03:01:01-05:00,1000004-B,NA,(21) Grupo 21,No informado,60,5
gh-31780279220-0814T0800,2026-08-14T03:01:01-05:00,1000004-B,NA,(22) Grupo 22,No informado,60,5
gh-31780279220-0814T0800,2026-08-14T03:01:01-05:00,1000004-B,NA,(24) Grupo 24,Ricardo Ariel Pastran Ramirez,60,5
gh-31780279220-0814T0800,2026-08-14T03:01:01-05:00,1000004-B,NA,(25) Grupo 25,No informado,40,5
gh-31780279220-0814T0800,2026-08-14T03:01:01-05:00,1000004-B,NA,(27) Grupo 27,No informado,51,5
gh-31780279220-0814T0800,2026-08-14T03:01:01-05:00,1000004-B,NA,(28) Grupo 28,No informado,60,5
gh-31780279220-0814T0800,2026-08-14T03:01:01-05:00,1000004-B,NA,(29) Grupo 29,No informado,60,5
gh-31780279220-0814T0800,2026-08-14T03:01:01-05:00,1000004-B,NA,(30) Grupo 30,No informado,60,5
gh-31780279220-0814T0800,2026-08-14T03:01:01-05:00,1000004-B,NA,(32) Grupo 32,No informado,90,5
gh-31780279220-0814T0800,2026-08-14T03:01:01-05:00,1000004-B,NA,(4) Grupo 4,Myriam Leonor Campos Florez,37,5
gh-31780279220-0814T0800,2026-08-14T03:01:01-05:00,1000004-B,NA,(5) Grupo 5,Oscar Javier Lopez Alfonso,84,5
gh-31780279220-0814T0800,2026-08-14T03:01:01-05:00,1000004-B,NA,(7) Grupo 7,Anderson Arley Vera Arboleda,64,5
gh-31780279220-0814T0800,2026-08-14T03:01:01-05:00,1000004-B,NA,(8) Grupo 8,No informado,40,5
gh-31780279220-0814T0800,2026-08-14T03:01:01-05:00,1000004-B,NA,(9) Grupo 9,No informado,18,5
gh-31780279220-0814T0800,2026-08-14T03:01:02-05:00,1000006-B,NA,(1) Grupo 1,No informado,40,6
gh-31780279220-0814T0800,2026-08-14T03:01:02-05:00,1000006-B,NA,(10) Grupo 10,No informado,100,6
gh-31780279220-0814T0800,2026-08-14T03:01:02-05:00,1000006-B,NA,(11) Grupo 11,No informado,40,6
gh-31780279220-0814T0800,2026-08-14T03:01:02-05:00,1000006-B,NA,(12) Grupo 12,Leonid Lebedev,60,6
gh-31780279220-0814T0800,2026-08-14T03:01:02-05:00,1000006-B,NA,(13) Grupo 13,Juan Carlos Hernandez Rincon,40,6
gh-31780279220-0814T0800,2026-08-14T03:01:02-05:00,1000006-B,NA,(14) Grupo 14,No informado,60,6
gh-31780279220-0814T0800,2026-08-14T03:01:02-05:00,1000006-B,NA,(15) Grupo 15,No informado,112,6
gh-31780279220-0814T0800,2026-08-14T03:01:02-05:00,1000006-B,NA,(2) Grupo 2,EDIXON MANUEL ROJAS SANTANA,40,6
gh-31780279220-0814T0800,2026-08-14T03:01:02-05:00,1000006-B,NA,(3) Grupo 3,Cesar Augusto Gomez Sierra,40,6
gh-31780279220-0814T0800,2026-08-14T03:01:02-05:00,1000006-B,NA,(4) Grupo 4,Agustin Moreno Canadas,100,6
gh-31780279220-0814T0800,2026-08-14T03:01:02-05:00,1000006-B,NA,(5) Grupo 5,German Eduardo Fonseca Buitrago,40,6
gh-31780279220-0814T0800,2026-08-14T03:01:02-05:00,1000006-B,NA,(7) Grupo 7,No informado,70,6
gh-31780279220-0814T0800,2026-08-14T03:01:02-05:00,1000006-B,NA,(8) Grupo 8,Epifanio Lozano Ayala,60,6
gh-31780279220-0814T0800,2026-08-14T03:01:02-05:00,1000006-B,NA,(9) Grupo 9,Orlando Vanegas Canro,0,6
gh-31780279220-0814T0800,2026-08-14T03:01:03-05:00,1000005-B,NA,(1) Grupo 1,Orlando Vanegas Canro,0,7
gh-31780279220-0814T0800,2026-08-14T03:01:03-05:00,1000005-B,NA,(10) Grupo 10,Epifanio Lozano Ayala,50,7
gh-31780279220-0814T0800,2026-08-14T03:01:03-05:00,1000005-B,NA,(14) Grupo 14,Mohammed EL AIDI,40,7
gh-31780279220-0814T0800,2026-08-14T03:01:03-05:00,1000005-B,NA,(15) Grupo 15,Alina Fedosova,60,7
gh-31780279220-0814T0800,2026-08-14T03:01:03-05:00,1000005-B,NA,(16) Grupo 16,No informado,70,7
gh-31780279220-0814T0800,2026-08-14T03:01:03-05:00,1000005-B,NA,(17) Grupo 17,Hernan Garzon Gutierrez,40,7
gh-31780279220-0814T0800,2026-08-14T03:01:03-05:00,1000005-B,NA,(2) Grupo 2,RENE ERLIN CASTILLO,60,7
gh-31780279220-0814T0800,2026-08-14T03:01:03-05:00,1000005-B,NA,(20) Grupo 20,Franqui Solis Cardenas Poloche,40,7
gh-31780279220-0814T0800,2026-08-14T03:01:03-05:00,1000005-B,NA,(22) Grupo 22,No informado,60,7
gh-31780279220-0814T0800,2026-08-14T03:01:03-05:00,1000005-B,NA,(3) Grupo 3,Eduardo Cardenas Gomez,70,7
gh-31780279220-0814T0800,2026-08-14T03:01:03-05:00,1000005-B,NA,(4) Grupo 4,Edward Samuel Becerra Rojas,60,7
gh-31780279220-0814T0800,2026-08-14T03:01:03-05:00,1000005-B,NA,(6) Grupo 6,No informado,60,7
gh-31780279220-0814T0800,2026-08-14T03:01:03-05:00,1000005-B,NA,(7) Grupo 7,Franqui Solis Cardenas Poloche,100,7
gh-31780279220-0814T0800,2026-08-14T03:01:03-05:00,1000005-B,NA,(8) Grupo 8,No informado,40,7
gh-31780279220-0814T0800,2026-08-14T03:01:03-05:00,1000005-B,NA,(9) Grupo 9,No informado,10,7
gh-31780279220-0814T0800,2026-08-14T03:01:06-05:00,2015943,CLASE TEORICA,(1) Grupo 1,Carlos Orlando Robles Roa,15,9
gh-31780279220-0814T0800,2026-08-14T03:01:08-05:00,2015944,CLASE TEORICA,(1) Grupo 1,SANTIAGO RAMIREZ ECHEVERRI,15,10
gh-31780279220-0814T0800,2026-08-14T03:01:09-05:00,2015711,NA,(10) 2015711-10 Dibujo básico,Ariel Augusto Amaya Avila,0,11
gh-31780279220-0814T0800,2026-08-14T03:01:09-05:00,2015711,NA,(11) 2015711-11 Dibujo básico,Cesar Augusto Bacca Gonzalez,0,11
gh-31780279220-0814T0800,2026-08-14T03:01:09-05:00,2015711,NA,(14) 2015711-14 Dibujo básico,Cristian Felipe Morales Suárez,0,11
gh-31780279220-0814T0800,2026-08-14T03:01:09-05:00,2015711,NA,(16) 2015711-16 Dibujo básico,DAVID FELIPE TORRES ARCE,0,11
gh-31780279220-0814T0800,2026-08-14T03:01:09-05:00,2015711,NA,(4) 2015711-4 Dibujo básico,Cristian Felipe Morales Suárez,9,11
gh-31780279220-0814T0800,2026-08-14T03:01:09-05:00,2015711,NA,(5) 2015711-5 Dibujo básico,Sebastian Achury Ortiz,0,11
gh-31780279220-0814T0800,2026-08-14T03:01:09-05:00,2015711,NA,(7) 2015711-7 Dibujo básico,Cesar Augusto Bacca Gonzalez,22,11
gh-31780279220-0814T0800,2026-08-14T03:01:09-05:00,2015711,NA,(8) 2015711-8 Dibujo básico,Miguel Angel Baquero Cortes,0,11
gh-31780279220-0814T0800,2026-08-14T03:01:09-05:00,2015711,NA,(9) 2015711-9 Dibujo básico,EDWIN CAMILO REINA BELTRAN,0,11
gh-31780279220-0814T0800,2026-08-14T03:01:10-05:00,2015948,CLASE TEORICA,(1) Grupo 1,No informado,30,12
gh-31780279220-0814T0800,2026-08-14T03:01:10-05:00,2015948,CLASE TEORICA,(2) Grupo 2,Mauricio Alberto Tapias Camacho,30,12
gh-31780279220-0814T0800,2026-08-14T03:01:10-05:00,2015948,CLASE TEORICA,(3) Grupo 3,No informado,30,12
gh-31780279220-0814T0800,2026-08-14T03:01:11-05:00,2015950,CLASE TEORICA,(1) Grupo 1,No informado,25,13
gh-31780279220-0814T0800,2026-08-14T03:01:11-05:00,2015950,CLASE TEORICA,(2) Grupo 2,No informado,0,13
gh-31780279220-0814T0800,2026-08-14T03:01:11-05:00,2015950,CLASE TEORICA,(3) Grupo 3,Daniel Ricardo Lozano Monsalve,25,13
gh-31780279220-0814T0800,2026-08-14T03:01:11-05:00,2015950,CLASE TEORICA,(4) Grupo 4,No informado,25,13
gh-31780279220-0814T0800,2026-08-14T03:01:11-05:00,2015950,CLASE TEORICA,(5) Grupo 5,No informado,25,13
gh-31780279220-0814T0800,2026-08-14T03:01:12-05:00,2015949,CLASE TEORICA,(1) Grupo 1,Mario Javier Cardozo Chaux,30,14
gh-31780279220-0814T0800,2026-08-14T03:01:12-05:00,2015949,CLASE TEORICA,(2) Grupo 2,Wilson Ernesto Vargas Vargas,30,14
gh-31780279220-0814T0800,2026-08-14T03:01:12-05:00,2015949,CLASE TEORICA,(3) Grupo 3,No informado,30,14
gh-31780279220-0814T0800,2026-08-14T03:01:14-05:00,1000007-B,NA,(1) Grupo 1,German Eduardo Fonseca Buitrago,60,15
gh-31780279220-0814T0800,2026-08-14T03:01:14-05:00,1000007-B,NA,(11) Grupo 11,Leonid Lebedev,60,15
gh-31780279220-0814T0800,2026-08-14T03:01:14-05:00,1000007-B,NA,(12) Grupo 12,No informado,60,15
gh-31780279220-0814T0800,2026-08-14T03:01:14-05:00,1000007-B,NA,(13) Grupo 13,Omar Duque Gomez,40,15
gh-31780279220-0814T0800,2026-08-14T03:01:14-05:00,1000007-B,NA,(14) Grupo 14,No informado,100,15
gh-31780279220-0814T0800,2026-08-14T03:01:14-05:00,1000007-B,NA,(3) Grupo 3,Serafin Bautista Diaz,40,15
gh-31780279220-0814T0800,2026-08-14T03:01:14-05:00,1000007-B,NA,(4) Grupo 4,EDIXON MANUEL ROJAS SANTANA,60,15
gh-31780279220-0814T0800,2026-08-14T03:01:14-05:00,1000007-B,NA,(6) Grupo 6,Alexander Caviedes Castro,50,15
gh-31780279220-0814T0800,2026-08-14T03:01:14-05:00,1000007-B,NA,(7) Grupo 7,Oscar Guillermo Riaño Castañeda,40,15
gh-31780279220-0814T0800,2026-08-14T03:01:14-05:00,1000007-B,NA,(9) Grupo 9,Orlando Vanegas Canro,0,15
gh-31780279220-0814T0800,2026-08-14T03:01:15-05:00,2026134,CLASE TEORICA,(1) Grupo 1,No informado,0,16
gh-31780279220-0814T0800,2026-08-14T03:01:15-05:00,2026134,CLASE TEORICA,(2) Grupo 2,Juan Manuel Lizarazo Marriaga,30,16
gh-31780279220-0814T0800,2026-08-14T03:01:15-05:00,2026134,CLASE TEORICA,(3) Grupo 3,Maritzabel Molina Herrera,30,16
gh-31780279220-0814T0800,2026-08-14T03:01:15-05:00,2026134,CLASE TEORICA,(4) Grupo 4,Carlos Ramiro Vallecilla Bahena,30,16
gh-31780279220-0814T0800,2026-08-14T03:01:15-05:00,2026134,CLASE TEORICA,(5) Grupo 5,Fernando Lozano Osorno,30,16
gh-31780279220-0814T0800,2026-08-14T03:01:15-05:00,2026134,CLASE TEORICA,(6) Grupo 6,No informado,30,16
gh-31780279220-0814T0800,2026-08-14T03:01:16-05:00,2015954,CLASE TEORICA,(1) Grupo 1,Erasmo Alfredo Rodriguez Sandoval,30,17
gh-31780279220-0814T0800,2026-08-14T03:01:16-05:00,2015954,CLASE TEORICA,(2) Grupo 2,Mario Enrique Moreno Castiblanco,30,17
gh-31780279220-0814T0800,2026-08-14T03:01:16-05:00,2015954,CLASE TEORICA,(3) Grupo 3,Luis Alejandro Morales Marin,30,17
gh-31780279220-0814T0800,2026-08-14T03:01:17-05:00,2015955,CLASE TEORICA,(1) Grupo 1,Giovanni Andres Cortes Tovar,30,18
gh-31780279220-0814T0800,2026-08-14T03:01:17-05:00,2015955,CLASE TEORICA,(2) Grupo 2,Angela Barrera Puerto,30,18
gh-31780279220-0814T0800,2026-08-14T03:01:17-05:00,2015955,CLASE TEORICA,(3) Grupo 3,Giovanni Andres Cortes Tovar,30,18
gh-31780279220-0814T0800,2026-08-14T03:01:18-05:00,1000011-B,CLASE TEORICA,(1) Grupo 1,Ernesto Javier Puertas Dellepianes,118,19
gh-31780279220-0814T0800,2026-08-14T03:01:18-05:00,1000011-B,CLASE TEORICA,(3) Grupo 3,Néstor Fernando Perez Buitrago,12,19
gh-31780279220-0814T0800,2026-08-14T03:01:21-05:00,1000019-B,CLASE LABORATORIO,(1) Grupo 1,Gustavo Martinez Tamayo,35,20
gh-31780279220-0814T0800,2026-08-14T03:01:21-05:00,1000019-B,CLASE LABORATORIO,(10) Grupo 10,LUIS AGULLES PEDROS,35,20
gh-31780279220-0814T0800,2026-08-14T03:01:21-05:00,1000019-B,CLASE LABORATORIO,(11) Grupo 11,EVER DAVID ALCALA CAJAR,35,20
gh-31780279220-0814T0800,2026-08-14T03:01:21-05:00,1000019-B,CLASE LABORATORIO,(12) Grupo 12,FABIAN FELIPE QUEVEDO FARIETA,35,20
gh-31780279220-0814T0800,2026-08-14T03:01:21-05:00,1000019-B,CLASE LABORATORIO,(13) Grupo 13,Alvaro Marino Camargo,35,20
gh-31780279220-0814T0800,2026-08-14T03:01:21-05:00,1000019-B,CLASE LABORATORIO,(14) Grupo 14,Alvaro Marino Camargo; Miryam Rincon Joya,35,20
gh-31780279220-0814T0800,2026-08-14T03:01:21-05:00,1000019-B,CLASE LABORATORIO,(15) Grupo 15,JULIAN MATEO DE MENDOZA GUTIERREZ,32,20
gh-31780279220-0814T0800,2026-08-14T03:01:21-05:00,1000019-B,CLASE LABORATORIO,(16) Grupo 16,Alvaro Marino Camargo; Doris Yaneth Cadavid Rodriguez,35,20
gh-31780279220-0814T0800,2026-08-14T03:01:21-05:00,1000019-B,CLASE LABORATORIO,(17) Grupo 17,JULIAN MATEO DE MENDOZA GUTIERREZ,34,20
gh-31780279220-0814T0800,2026-08-14T03:01:21-05:00,1000019-B,CLASE LABORATORIO,(18) Grupo 18,Jaime Villalobos Velasco,34,20
gh-31780279220-0814T0800,2026-08-14T03:01:21-05:00,1000019-B,CLASE LABORATORIO,(19) Grupo 19,JULY PAOLA GARZÓN LOPEZ,32,20
gh-31780279220-0814T0800,2026-08-14T03:01:21-05:00,1000019-B,CLASE LABORATORIO,(2) Grupo 2,Gustavo Martinez Tamayo,35,20
gh-31780279220-0814T0800,2026-08-14T03:01:21-05:00,1000019-B,CLASE LABORATORIO,(20) Grupo 20,JOSE ALFREDO GOMEZ MATEUS,35,20
gh-31780279220-0814T0800,2026-08-14T03:01:21-05:00,1000019-B,CLASE LABORATORIO,(21) Grupo 21,Pedro Hernan Sanchez Machet,35,20
gh-31780279220-0814T0800,2026-08-14T03:01:21-05:00,1000019-B,CLASE LABORATORIO,(22) Grupo 22,Pedro Hernan Sanchez Machet,35,20
gh-31780279220-0814T0800,2026-08-14T03:01:21-05:00,1000019-B,CLASE LABORATORIO,(23) Grupo 23,Pedro Hernan Sanchez Machet,35,20
gh-31780279220-0814T0800,2026-08-14T03:01:21-05:00,1000019-B,CLASE LABORATORIO,(24) Grupo 24,Pedro Hernan Sanchez Machet,35,20
gh-31780279220-0814T0800,2026-08-14T03:01:21-05:00,1000019-B,CLASE LABORATORIO,(25) Grupo 25,Plinio Del Carmen Teheran Sermeno,45,20
gh-31780279220-0814T0800,2026-08-14T03:01:21-05:00,1000019-B,CLASE LABORATORIO,(26) Grupo 26 (VIRTUAL),Plinio Del Carmen Teheran Sermeno,50,20
gh-31780279220-0814T0800,2026-08-14T03:01:21-05:00,1000019-B,CLASE LABORATORIO,(27) Grupo 27 (VIRTUAL),Plinio Del Carmen Teheran Sermeno,50,20
gh-31780279220-0814T0800,2026-08-14T03:01:21-05:00,1000019-B,CLASE LABORATORIO,(28) Grupo 28 (VIRTUAL),Plinio Del Carmen Teheran Sermeno,50,20
gh-31780279220-0814T0800,2026-08-14T03:01:21-05:00,1000019-B,CLASE LABORATORIO,(29) Grupo 29 (VIRTUAL),Plinio Del Carmen Teheran Sermeno,50,20
gh-31780279220-0814T0800,2026-08-14T03:01:21-05:00,1000019-B,CLASE LABORATORIO,(3) Grupo 3,Gustavo Martinez Tamayo,35,20
gh-31780279220-0814T0800,2026-08-14T03:01:21-05:00,1000019-B,CLASE LABORATORIO,(4) Grupo 4,No informado,35,20
gh-31780279220-0814T0800,2026-08-14T03:01:21-05:00,1000019-B,CLASE LABORATORIO,(5) Grupo 5,FABIAN FELIPE QUEVEDO FARIETA,35,20
gh-31780279220-0814T0800,2026-08-14T03:01:21-05:00,1000019-B,CLASE LABORATORIO,(6) Grupo 6,Jaime Villalobos Velasco,35,20
gh-31780279220-0814T0800,2026-08-14T03:01:21-05:00,1000019-B,CLASE LABORATORIO,(7) Grupo 7,Jaime Villalobos Velasco,35,20
gh-31780279220-0814T0800,2026-08-14T03:01:21-05:00,1000019-B,CLASE LABORATORIO,(8) Grupo 8,Alvaro Marino Camargo,35,20
gh-31780279220-0814T0800,2026-08-14T03:01:21-05:00,1000019-B,CLASE LABORATORIO,(9) Grupo 9,Erika Lorena Rosero Alzate,0,20
gh-31780279220-0814T0800,2026-08-14T03:01:21-05:00,1000019-B,CLASE TALLER,(1) Grupo 1,FABIAN FELIPE QUEVEDO FARIETA,35,20
gh-31780279220-0814T0800,2026-08-14T03:01:21-05:00,1000019-B,CLASE TALLER,(10) Grupo 10,FABIAN FELIPE QUEVEDO FARIETA,35,20
gh-31780279220-0814T0800,2026-08-14T03:01:21-05:00,1000019-B,CLASE TALLER,(11) Grupo 11,JULIAN MATEO DE MENDOZA GUTIERREZ,35,20
gh-31780279220-0814T0800,2026-08-14T03:01:21-05:00,1000019-B,CLASE TALLER,(12) Grupo 12,EVER DAVID ALCALA CAJAR,35,20
gh-31780279220-0814T0800,2026-08-14T03:01:21-05:00,1000019-B,CLASE TALLER,(13) Grupo 13,MIGUEL ENRIQUE GÁMEZ LÓPEZ,35,20
gh-31780279220-0814T0800,2026-08-14T03:01:21-05:00,1000019-B,CLASE TALLER,(14) Grupo 14,No informado,35,20
gh-31780279220-0814T0800,2026-08-14T03:01:21-05:00,1000019-B,CLASE TALLER,(15) Grupo 15,EVER DAVID ALCALA CAJAR,32,20
gh-31780279220-0814T0800,2026-08-14T03:01:21-05:00,1000019-B,CLASE TALLER,(16) Grupo 16,Edna Carolina Pinilla Beltran,35,20
gh-31780279220-0814T0800,2026-08-14T03:01:21-05:00,1000019-B,CLASE TALLER,(17) Grupo 17,Jereson Silva Valencia,34,20
gh-31780279220-0814T0800,2026-08-14T03:01:21-05:00,1000019-B,CLASE TALLER,(18) Grupo 18,Jereson Silva Valencia,34,20
gh-31780279220-0814T0800,2026-08-14T03:01:21-05:00,1000019-B,CLASE TALLER,(19) Grupo 19,Jereson Silva Valencia,32,20
gh-31780279220-0814T0800,2026-08-14T03:01:21-05:00,1000019-B,CLASE TALLER,(2) Grupo 2,Gustavo Martinez Tamayo,35,20
gh-31780279220-0814T0800,2026-08-14T03:01:21-05:00,1000019-B,CLASE TALLER,(20) Grupo 20,Jereson Silva Valencia,35,20
gh-31780279220-0814T0800,2026-08-14T03:01:21-05:00,1000019-B,CLASE TALLER,(21) Grupo 21,JOSE ALFREDO GOMEZ MATEUS,35,20
gh-31780279220-0814T0800,2026-08-14T03:01:21-05:00,1000019-B,CLASE TALLER,(22) Grupo 22,JULY PAOLA GARZÓN LOPEZ,35,20
gh-31780279220-0814T0800,2026-08-14T03:01:21-05:00,1000019-B,CLASE TALLER,(23) Grupo 23,Edna Carolina Pinilla Beltran,35,20
gh-31780279220-0814T0800,2026-08-14T03:01:21-05:00,1000019-B,CLASE TALLER,(24) Grupo 24,Diego Alejandro Torres Galindo,35,20
gh-31780279220-0814T0800,2026-08-14T03:01:21-05:00,1000019-B,CLASE TALLER,(25) Grupo 25,Plinio Del Carmen Teheran Sermeno,45,20
gh-31780279220-0814T0800,2026-08-14T03:01:21-05:00,1000019-B,CLASE TALLER,(26) Grupo 26 (VIRTUAL),Plinio Del Carmen Teheran Sermeno,50,20
gh-31780279220-0814T0800,2026-08-14T03:01:21-05:00,1000019-B,CLASE TALLER,(27) Grupo 27 (VIRTUAL),Plinio Del Carmen Teheran Sermeno,50,20
gh-31780279220-0814T0800,2026-08-14T03:01:21-05:00,1000019-B,CLASE TALLER,(28) Grupo 28 (VIRTUAL),Plinio Del Carmen Teheran Sermeno,50,20
gh-31780279220-0814T0800,2026-08-14T03:01:21-05:00,1000019-B,CLASE TALLER,(29) Grupo 29 (VIRTUAL),Plinio Del Carmen Teheran Sermeno,50,20
gh-31780279220-0814T0800,2026-08-14T03:01:21-05:00,1000019-B,CLASE TALLER,(3) Grupo 3,Gustavo Martinez Tamayo,35,20
gh-31780279220-0814T0800,2026-08-14T03:01:21-05:00,1000019-B,CLASE TALLER,(4) Grupo 4,Jaime Villalobos Velasco,35,20
gh-31780279220-0814T0800,2026-08-14T03:01:21-05:00,1000019-B,CLASE TALLER,(5) Grupo 5,Jaime Villalobos Velasco,35,20
gh-31780279220-0814T0800,2026-08-14T03:01:21-05:00,1000019-B,CLASE TALLER,(6) Grupo 6,Ramiro Cardona Cardona,35,20
gh-31780279220-0814T0800,2026-08-14T03:01:21-05:00,1000019-B,CLASE TALLER,(7) Grupo 7,Ramiro Cardona Cardona,35,20
gh-31780279220-0814T0800,2026-08-14T03:01:21-05:00,1000019-B,CLASE TALLER,(8) Grupo 8,Edna Carolina Pinilla Beltran,35,20
gh-31780279220-0814T0800,2026-08-14T03:01:21-05:00,1000019-B,CLASE TALLER,(9) Grupo 9,No informado,10,20
gh-31780279220-0814T0800,2026-08-14T03:01:21-05:00,1000019-B,CLASE MAGISTRAL,(16) Gruop 16,Erika Lorena Rosero Alzate; Daniel Camilo Padilla González,8,20
gh-31780279220-0814T0800,2026-08-14T03:01:21-05:00,1000019-B,CLASE MAGISTRAL,(1) Grupo 1,Gustavo Martinez Tamayo,35,20
gh-31780279220-0814T0800,2026-08-14T03:01:21-05:00,1000019-B,CLASE MAGISTRAL,(10) Grupo 10,Ovidio Amado Almanza Montero,35,20
gh-31780279220-0814T0800,2026-08-14T03:01:21-05:00,1000019-B,CLASE MAGISTRAL,(11) Grupo 11,Ovidio Amado Almanza Montero,35,20
gh-31780279220-0814T0800,2026-08-14T03:01:21-05:00,1000019-B,CLASE MAGISTRAL,(12) Grupo 12,Ovidio Amado Almanza Montero,35,20
gh-31780279220-0814T0800,2026-08-14T03:01:21-05:00,1000019-B,CLASE MAGISTRAL,(13) Grupo 13,Jaime Villalobos Velasco,35,20
gh-31780279220-0814T0800,2026-08-14T03:01:21-05:00,1000019-B,CLASE MAGISTRAL,(14) Grupo 14,Jaime Villalobos Velasco,35,20
gh-31780279220-0814T0800,2026-08-14T03:01:21-05:00,1000019-B,CLASE MAGISTRAL,(15) Grupo 15,Jaime Villalobos Velasco,32,20
gh-31780279220-0814T0800,2026-08-14T03:01:21-05:00,1000019-B,CLASE MAGISTRAL,(17) Grupo 17,Jereson Silva Valencia,34,20
gh-31780279220-0814T0800,2026-08-14T03:01:21-05:00,1000019-B,CLASE MAGISTRAL,(18) Grupo 18,Jereson Silva Valencia,34,20
gh-31780279220-0814T0800,2026-08-14T03:01:21-05:00,1000019-B,CLASE MAGISTRAL,(19) Grupo 19,Jereson Silva Valencia,32,20
gh-31780279220-0814T0800,2026-08-14T03:01:21-05:00,1000019-B,CLASE MAGISTRAL,(2) Grupo 2,Gustavo Martinez Tamayo,35,20
gh-31780279220-0814T0800,2026-08-14T03:01:21-05:00,1000019-B,CLASE MAGISTRAL,(20) Grupo 20,Jereson Silva Valencia,35,20
gh-31780279220-0814T0800,2026-08-14T03:01:21-05:00,1000019-B,CLASE MAGISTRAL,(21) Grupo 21,Diego Alejandro Torres Galindo,35,20
gh-31780279220-0814T0800,2026-08-14T03:01:21-05:00,1000019-B,CLASE MAGISTRAL,(22) Grupo 22,Diego Alejandro Torres Galindo,35,20
gh-31780279220-0814T0800,2026-08-14T03:01:21-05:00,1000019-B,CLASE MAGISTRAL,(23) Grupo 23,Diego Alejandro Torres Galindo,35,20
gh-31780279220-0814T0800,2026-08-14T03:01:21-05:00,1000019-B,CLASE MAGISTRAL,(24) Grupo 24,Diego Alejandro Torres Galindo,35,20
gh-31780279220-0814T0800,2026-08-14T03:01:21-05:00,1000019-B,CLASE MAGISTRAL,(25) Grupo 25,Plinio Del Carmen Teheran Sermeno,45,20
gh-31780279220-0814T0800,2026-08-14T03:01:21-05:00,1000019-B,CLASE MAGISTRAL,(26) Grupo 26 (VIRTUAL),Plinio Del Carmen Teheran Sermeno,50,20
gh-31780279220-0814T0800,2026-08-14T03:01:21-05:00,1000019-B,CLASE MAGISTRAL,(27) Grupo 27 (VIRTUAL),Plinio Del Carmen Teheran Sermeno,50,20
gh-31780279220-0814T0800,2026-08-14T03:01:21-05:00,1000019-B,CLASE MAGISTRAL,(28) Grupo 28 (VIRTUAL),Plinio Del Carmen Teheran Sermeno,50,20
gh-31780279220-0814T0800,2026-08-14T03:01:21-05:00,1000019-B,CLASE MAGISTRAL,(29) Grupo 29 (VIRTUAL),Plinio Del Carmen Teheran Sermeno,50,20
gh-31780279220-0814T0800,2026-08-14T03:01:21-05:00,1000019-B,CLASE MAGISTRAL,(3) Grupo 3,Gustavo Martinez Tamayo,35,20
gh-31780279220-0814T0800,2026-08-14T03:01:21-05:00,1000019-B,CLASE MAGISTRAL,(4) Grupo 4,Gustavo Martinez Tamayo,35,20
gh-31780279220-0814T0800,2026-08-14T03:01:21-05:00,1000019-B,CLASE MAGISTRAL,(5) Grupo 5,Ramiro Cardona Cardona,35,20
gh-31780279220-0814T0800,2026-08-14T03:01:21-05:00,1000019-B,CLASE MAGISTRAL,(6) Grupo 6,Ramiro Cardona Cardona,35,20
gh-31780279220-0814T0800,2026-08-14T03:01:21-05:00,1000019-B,CLASE MAGISTRAL,(7) Grupo 7,Ramiro Cardona Cardona,35,20
gh-31780279220-0814T0800,2026-08-14T03:01:21-05:00,1000019-B,CLASE MAGISTRAL,(8) Grupo 8,Ramiro Cardona Cardona,35,20
gh-31780279220-0814T0800,2026-08-14T03:01:21-05:00,1000019-B,CLASE MAGISTRAL,(9) Grupo 9,Fredy Angel Jimenez Giraldo,10,20
gh-31780279220-0814T0800,2026-08-14T03:01:22-05:00,2015956,CLASE TEORICA,(1) Grupo 1,Modesto Portilla Gamboa; Fernando Eli Romero Ordoñez,35,21
gh-31780279220-0814T0800,2026-08-14T03:01:22-05:00,2015956,CLASE TEORICA,(2) Grupo 2,Jennifer Angel Amaya,30,21
gh-31780279220-0814T0800,2026-08-14T03:01:22-05:00,2015956,CLASE TEORICA,(3) Grupo 3,Jennifer Angel Amaya,30,21
gh-31780279220-0814T0800,2026-08-14T03:01:22-05:00,2015956,CLASE TEORICA,(4) Grupo 4,Fernando Eli Romero Ordoñez; Modesto Portilla Gamboa,35,21
gh-31780279220-0814T0800,2026-08-14T03:01:23-05:00,2015957,CLASE PRACTICA,(1) Grupo 1,No informado,30,22
gh-31780279220-0814T0800,2026-08-14T03:01:23-05:00,2015957,CLASE PRACTICA,(2) Grupo 2,Samuel Fernando Mesa Giraldo,30,22
gh-31780279220-0814T0800,2026-08-14T03:01:23-05:00,2015957,CLASE PRACTICA,(3) Grupo 3,Rose Marie Aldana Boutin,30,22
gh-31780279220-0814T0800,2026-08-14T03:01:23-05:00,2015957,CLASE PRACTICA,(4) Grupo 4,Rose Marie Aldana Boutin,30,22
gh-31780279220-0814T0800,2026-08-14T03:01:24-05:00,2015958,CLASE PRACTICA,(1) Grupo 1,William Castro Garcia,20,23
gh-31780279220-0814T0800,2026-08-14T03:01:24-05:00,2015958,CLASE PRACTICA,(2) Grupo 2,William Castro Garcia,20,23
gh-31780279220-0814T0800,2026-08-14T03:01:24-05:00,2015958,CLASE PRACTICA,(3) Grupo 3,Carlos Alfonso Gomez Guacaneme,30,23
gh-31780279220-0814T0800,2026-08-14T03:01:24-05:00,2015958,CLASE PRACTICA,(4) Grupo 4,Mario Arturo Rincon Villalba,20,23
gh-31780279220-0814T0800,2026-08-14T03:01:24-05:00,2015958,CLASE PRACTICA,(5) Grupo 5,Mario Arturo Rincon Villalba,20,23
gh-31780279220-0814T0800,2026-08-14T03:01:24-05:00,2015958,CLASE PRACTICA,(6) Grupo 6,Fausto Alejandro Silva España,20,23
gh-31780279220-0814T0800,2026-08-14T03:01:24-05:00,2015958,CLASE PRACTICA,(7) Grupo 7,Fausto Alejandro Silva España,20,23
gh-31780279220-0814T0800,2026-08-14T03:01:24-05:00,2015958,CLASE PRACTICA,(8) Grupo 8,Fausto Alejandro Silva España,20,23
gh-31780279220-0814T0800,2026-08-14T03:01:24-05:00,2015958,CLASE PRACTICA,(9) Grupo 9,Fausto Alejandro Silva España,20,23
gh-31780279220-0814T0800,2026-08-14T03:01:24-05:00,2015958,CLASE TEORICA,(1) Grupo 1,William Castro Garcia,40,23
gh-31780279220-0814T0800,2026-08-14T03:01:24-05:00,2015958,CLASE TEORICA,(3) Grupo 3,Carlos Alfonso Gomez Guacaneme,30,23
gh-31780279220-0814T0800,2026-08-14T03:01:24-05:00,2015958,CLASE TEORICA,(4) Grupo 4,Mario Arturo Rincon Villalba,40,23
gh-31780279220-0814T0800,2026-08-14T03:01:24-05:00,2015958,CLASE TEORICA,(6) Grupo 6,Cesar Andres Cortes Bello,40,23
gh-31780279220-0814T0800,2026-08-14T03:01:24-05:00,2015958,CLASE TEORICA,(8) Grupo 8,Cesar Andres Cortes Bello,40,23
gh-31780279220-0814T0800,2026-08-14T03:01:26-05:00,2015959,CLASE TEORICA,(1) Grupo 1,Carlos Eduardo Rodriguez Pineda,30,24
gh-31780279220-0814T0800,2026-08-14T03:01:26-05:00,2015959,CLASE TEORICA,(2) Grupo 2,Guillermo Eduardo Avila Alvarez,30,24
gh-31780279220-0814T0800,2026-08-14T03:01:26-05:00,2015959,CLASE TEORICA,(3) Grupo 3,Livaniel Viveros Rosero,30,24
gh-31780279220-0814T0800,2026-08-14T03:01:26-05:00,2015959,CLASE TEORICA,(4) Grupo 4,No informado,0,24
gh-31780279220-0814T0800,2026-08-14T03:01:28-05:00,2015961,CLASE TEORICA,(1) Grupo 1,Rafael Orland Ortiz Mosquera,24,26
gh-31780279220-0814T0800,2026-08-14T03:01:28-05:00,2015961,CLASE TEORICA,(2) Grupo 2,Adriana Patricia Piña Fulano,24,26
gh-31780279220-0814T0800,2026-08-14T03:01:28-05:00,2015961,CLASE TEORICA,(3) Grupo 3,Gelber Norberto Gutierrez Palacios,24,26
gh-31780279220-0814T0800,2026-08-14T03:01:28-05:00,2015961,CLASE TEORICA,(4) Grupo 4,No informado,24,26
gh-31780279220-0814T0800,2026-08-14T03:01:28-05:00,2015961,CLASE TEORICA,(5) Grupo 5,No informado,24,26
gh-31780279220-0814T0800,2026-08-14T03:01:28-05:00,2015961,CLASE TEORICA,(6) Grupo 6,Leonardo David Donado Garzon,24,26
gh-31780279220-0814T0800,2026-08-14T03:01:29-05:00,2015978,CLASE TEORICA,(1) Grupo 1,No informado,0,27
gh-31780279220-0814T0800,2026-08-14T03:01:29-05:00,2015978,CLASE TEORICA,(2) Grupo 2,Erasmo Alfredo Rodriguez Sandoval,30,27
gh-31780279220-0814T0800,2026-08-14T03:01:29-05:00,2015978,CLASE TEORICA,(3) Grupo 3,No informado,30,27
gh-31780279220-0814T0800,2026-08-14T03:01:29-05:00,2015978,CLASE TEORICA,(4) Grupo 4,No informado,30,27
gh-31780279220-0814T0800,2026-08-14T03:01:29-05:00,2015978,CLASE TEORICA,(5) Grupo 5,No informado,30,27
gh-31780279220-0814T0800,2026-08-14T03:01:31-05:00,2026135,CLASE TEORICA,(1) Grupo 1,NICOLAS ESCALANTE MORA,25,28
gh-31780279220-0814T0800,2026-08-14T03:01:31-05:00,2026135,CLASE TEORICA,(2) Grupo 2,Leonel Vega Mora,25,28
gh-31780279220-0814T0800,2026-08-14T03:01:31-05:00,2026135,CLASE TEORICA,(3) Grupo 3,Leonel Vega Mora,25,28
gh-31780279220-0814T0800,2026-08-14T03:01:32-05:00,2015963,CLASE TEORICA,(1) Grupo 1,No informado,30,29
gh-31780279220-0814T0800,2026-08-14T03:01:32-05:00,2015963,CLASE TEORICA,(2) Grupo 2,No informado,30,29
gh-31780279220-0814T0800,2026-08-14T03:01:32-05:00,2015963,CLASE TEORICA,(3) Grupo 3,William Castro Garcia,30,29
gh-31780279220-0814T0800,2026-08-14T03:01:33-05:00,2026138,CLASE TEORICA,(1) Grupo 1,Ivan Dario Serrano Arrieta,30,30
gh-31780279220-0814T0800,2026-08-14T03:01:33-05:00,2026138,CLASE TEORICA,(2) Grupo 2,Ivan Dario Serrano Arrieta,30,30
gh-31780279220-0814T0800,2026-08-14T03:01:33-05:00,2026138,CLASE TEORICA,(3) Grupo 3,Pedro Luis Jimenez Poveda,30,30
gh-31780279220-0814T0800,2026-08-14T03:01:34-05:00,2015703,NA,(1) Grupo 1,Angela Maria Arboleda Restrepo,40,31
gh-31780279220-0814T0800,2026-08-14T03:01:34-05:00,2015703,NA,(10) Grupo 10,Diego Alejandro Hernandez Castañeda,30,31
gh-31780279220-0814T0800,2026-08-14T03:01:34-05:00,2015703,NA,(11) Grupo 11,Julio Cesar Cañon Rodriguez,30,31
gh-31780279220-0814T0800,2026-08-14T03:01:34-05:00,2015703,NA,(2) Grupo 2,Osman Benjamin Giovanny Vargas Rozo,40,31
gh-31780279220-0814T0800,2026-08-14T03:01:34-05:00,2015703,NA,(3) Grupo 3,Hugo Alberto Herrera Fonseca,40,31
gh-31780279220-0814T0800,2026-08-14T03:01:34-05:00,2015703,NA,(4) Grupo 4,LINA JULIANA BULLA CASAS,30,31
gh-31780279220-0814T0800,2026-08-14T03:01:34-05:00,2015703,NA,(5) Grupo 5 - Virtual,Cesar Augusto Roa Lemus,60,31
gh-31780279220-0814T0800,2026-08-14T03:01:34-05:00,2015703,NA,(6) Grupo 6,JAVIER RICARDO OJEDA SANCHEZ,40,31
gh-31780279220-0814T0800,2026-08-14T03:01:34-05:00,2015703,NA,(7) Grupo 7,JAVIER RICARDO OJEDA SANCHEZ,20,31
gh-31780279220-0814T0800,2026-08-14T03:01:34-05:00,2015703,NA,(8) Grupo 8,Diego Alejandro Hernandez Castañeda,40,31
gh-31780279220-0814T0800,2026-08-14T03:01:34-05:00,2015703,NA,(9) Grupo 9,LINA JULIANA BULLA CASAS,35,31
gh-31780279220-0814T0800,2026-08-14T03:01:36-05:00,1000044-B,CLASE TEORICA,(1) Grupo 1,Beatriz Elena Urrutia Sanchez,26,32
gh-31780279220-0814T0800,2026-08-14T03:01:36-05:00,1000044-B,CLASE TEORICA,(2) Grupo 2,Yaneli Niño Osorio,26,32
gh-31780279220-0814T0800,2026-08-14T03:01:36-05:00,1000044-B,CLASE TEORICA,(3) Grupo 3,Luis Gabriel Peña Ortiz,26,32
gh-31780279220-0814T0800,2026-08-14T03:01:36-05:00,1000044-B,CLASE TEORICA,(4) Grupo 4,Liliana Marcela Guzman Aricapa,26,32
gh-31780279220-0814T0800,2026-08-14T03:01:36-05:00,1000044-B,CLASE TEORICA,(5) Grupo 5,Beatriz Elena Urrutia Sanchez,26,32
gh-31780279220-0814T0800,2026-08-14T03:01:36-05:00,1000044-B,CLASE TEORICA,(6) Grupo 6,Cesar Augusto Romero,26,32
gh-31780279220-0814T0800,2026-08-14T03:01:36-05:00,1000044-B,CLASE TEORICA,(7) Grupo 7,JOSE JONATHAN MAESTRE HERRERA,26,32
gh-31780279220-0814T0800,2026-08-14T03:01:36-05:00,1000044-B,CLASE TEORICA,(8) Grupo 8,Beymar Leonardo Solorzano Alviz,26,32
gh-31780279220-0814T0800,2026-08-14T03:01:36-05:00,1000044-B,CLASE TEORICA,(9) Grupo 9,Claudia Marcela Arevalo Gomez,7,32
gh-31780279220-0814T0800,2026-08-14T03:01:38-05:00,1000045-B,CLASE TEORICA,(1) Grupo 1,Claudia Marcela Arevalo Gomez,10,33
gh-31780279220-0814T0800,2026-08-14T03:01:38-05:00,1000045-B,CLASE TEORICA,(10) Grupo 10,Jesica paola Rendon Alfonso,26,33
gh-31780279220-0814T0800,2026-08-14T03:01:38-05:00,1000045-B,CLASE TEORICA,(11) Grupo 11,JOSE JONATHAN MAESTRE HERRERA,26,33
gh-31780279220-0814T0800,2026-08-14T03:01:38-05:00,1000045-B,CLASE TEORICA,(12) Grupo 12,LINDA JOHANA RUIZ GOMEZ,26,33
gh-31780279220-0814T0800,2026-08-14T03:01:38-05:00,1000045-B,CLASE TEORICA,(13) Grupo 13,Narly Yadira Pardo Cadena,26,33
gh-31780279220-0814T0800,2026-08-14T03:01:38-05:00,1000045-B,CLASE TEORICA,(14) Grupo 14,Angelica Saenz Fonseca,26,33
gh-31780279220-0814T0800,2026-08-14T03:01:38-05:00,1000045-B,CLASE TEORICA,(15) Grupo 15,Narly Yadira Pardo Cadena,26,33
gh-31780279220-0814T0800,2026-08-14T03:01:38-05:00,1000045-B,CLASE TEORICA,(16) Grupo 16,Luis Gabriel Peña Ortiz,26,33
gh-31780279220-0814T0800,2026-08-14T03:01:38-05:00,1000045-B,CLASE TEORICA,(2) Grupo 2,Cesar Augusto Romero,26,33
gh-31780279220-0814T0800,2026-08-14T03:01:38-05:00,1000045-B,CLASE TEORICA,(3) Grupo 3,Jesica paola Rendon Alfonso,26,33
gh-31780279220-0814T0800,2026-08-14T03:01:38-05:00,1000045-B,CLASE TEORICA,(4) Grupo 4,Adriana Marlen Sanchez Riaño,26,33
gh-31780279220-0814T0800,2026-08-14T03:01:38-05:00,1000045-B,CLASE TEORICA,(5) Grupo 5,Cesar Augusto Romero,26,33
gh-31780279220-0814T0800,2026-08-14T03:01:38-05:00,1000045-B,CLASE TEORICA,(6) Grupo 6,Sara Elisa Monsalve Patino,26,33
gh-31780279220-0814T0800,2026-08-14T03:01:38-05:00,1000045-B,CLASE TEORICA,(7) Grupo 7,Luis Gabriel Peña Ortiz,26,33
gh-31780279220-0814T0800,2026-08-14T03:01:38-05:00,1000045-B,CLASE TEORICA,(8) Grupo 8,Johnatan Martinez Hernandez,26,33
gh-31780279220-0814T0800,2026-08-14T03:01:38-05:00,1000045-B,CLASE TEORICA,(9) Grupo 9,Maureen Elizabeth Hooker Oneill,15,33
gh-31780279220-0814T0800,2026-08-14T03:01:40-05:00,1000046-B,CLASE TEORICA,(1) Grupo 1,Johnatan Martinez Hernandez,26,35
gh-31780279220-0814T0800,2026-08-14T03:01:40-05:00,1000046-B,CLASE TEORICA,(10) Grupo 10,Jennly Angelica Gomez Rodriguez,26,35
gh-31780279220-0814T0800,2026-08-14T03:01:40-05:00,1000046-B,CLASE TEORICA,(11) Grupo 11,Angelica Saenz Fonseca,26,35
gh-31780279220-0814T0800,2026-08-14T03:01:40-05:00,1000046-B,CLASE TEORICA,(12) Grupo 12,Liliana Marcela Guzman Aricapa,26,35
gh-31780279220-0814T0800,2026-08-14T03:01:40-05:00,1000046-B,CLASE TEORICA,(13) Grupo 13,ALBA LUCIA RIAÑO RODRIGUEZ,26,35
gh-31780279220-0814T0800,2026-08-14T03:01:40-05:00,1000046-B,CLASE TEORICA,(14) Grupo 14,Angelica Saenz Fonseca,26,35
gh-31780279220-0814T0800,2026-08-14T03:01:40-05:00,1000046-B,CLASE TEORICA,(15) Grupo 15,Luis Gabriel Peña Ortiz,26,35
gh-31780279220-0814T0800,2026-08-14T03:01:40-05:00,1000046-B,CLASE TEORICA,(16) Grupo 16,Olga Lucia Ruiz Convers,26,35
gh-31780279220-0814T0800,2026-08-14T03:01:40-05:00,1000046-B,CLASE TEORICA,(17) Grupo 17,Luis Gabriel Peña Ortiz,26,35
gh-31780279220-0814T0800,2026-08-14T03:01:40-05:00,1000046-B,CLASE TEORICA,(18) Grupo 18,Narly Yadira Pardo Cadena,26,35
gh-31780279220-0814T0800,2026-08-14T03:01:40-05:00,1000046-B,CLASE TEORICA,(2) Grupo 2,Jesica paola Rendon Alfonso,26,35
gh-31780279220-0814T0800,2026-08-14T03:01:40-05:00,1000046-B,CLASE TEORICA,(3) Grupo 3,JESUS DAVID TORRES RODRIGUEZ,26,35
gh-31780279220-0814T0800,2026-08-14T03:01:40-05:00,1000046-B,CLASE TEORICA,(4) Grupo 4,Claudia Patricia Cortes Lora,26,35
gh-31780279220-0814T0800,2026-08-14T03:01:40-05:00,1000046-B,CLASE TEORICA,(5) Grupo 5,Johnatan Martinez Hernandez,26,35
gh-31780279220-0814T0800,2026-08-14T03:01:40-05:00,1000046-B,CLASE TEORICA,(6) Grupo 6,Johnatan Martinez Hernandez,26,35
gh-31780279220-0814T0800,2026-08-14T03:01:40-05:00,1000046-B,CLASE TEORICA,(7) Grupo 7,Jesica paola Rendon Alfonso,26,35
gh-31780279220-0814T0800,2026-08-14T03:01:40-05:00,1000046-B,CLASE TEORICA,(8) Grupo 8,Beatriz Elena Urrutia Sanchez,26,35
gh-31780279220-0814T0800,2026-08-14T03:01:40-05:00,1000046-B,CLASE TEORICA,(9) Grupo 9,Maureen Elizabeth Hooker Oneill,10,35
gh-31780279220-0814T0800,2026-08-14T03:01:43-05:00,1000052-B,CLASE TEORICA,(1) Grupo 1,Liliana Marcela Guzman Aricapa,28,37
gh-31780279220-0814T0800,2026-08-14T03:01:43-05:00,1000052-B,CLASE TEORICA,(2) Grupo 2,JOSE JONATHAN MAESTRE HERRERA,28,37
gh-31780279220-0814T0800,2026-08-14T03:01:43-05:00,1000052-B,CLASE TEORICA,(3) Grupo 3,Aida Elena Monsalve Solorzano,28,37
gh-31780279220-0814T0800,2026-08-14T03:01:44-05:00,1000053-B,CLASE TEORICA,(1) Grupo 1,Jennly Angelica Gomez Rodriguez,28,38
gh-31780279220-0814T0800,2026-08-14T03:01:44-05:00,1000053-B,CLASE TEORICA,(2) Grupo 2,Yaneli Niño Osorio,28,38
gh-31780279220-0814T0800,2026-08-14T03:01:44-05:00,1000053-B,CLASE TEORICA,(3) Grupo 3,Javier Rodriguez Gomez,30,38
gh-31780279220-0814T0800,2026-08-14T03:01:44-05:00,1000053-B,CLASE TEORICA,(4) Grupo 4,Javier Rodriguez Gomez,30,38
gh-31780279220-0814T0800,2026-08-14T03:01:44-05:00,1000053-B,CLASE TEORICA,(5) Grupo 5,LINDA JOHANA RUIZ GOMEZ,28,38
gh-31780279220-0814T0800,2026-08-14T03:01:44-05:00,1000053-B,CLASE TEORICA,(6) Grupo 6,Olga Lucia Ruiz Convers,28,38
gh-31780279220-0814T0800,2026-08-14T03:01:45-05:00,1000047-B,CLASE TEORICA,(1) Grupo 1,Cesar Augusto Romero,26,39
gh-31780279220-0814T0800,2026-08-14T03:01:45-05:00,1000047-B,CLASE TEORICA,(10) Grupo 10,Monica Alexandra Riaño Orjuela,26,39
gh-31780279220-0814T0800,2026-08-14T03:01:45-05:00,1000047-B,CLASE TEORICA,(11) Grupo 11,Jennly Angelica Gomez Rodriguez,26,39
gh-31780279220-0814T0800,2026-08-14T03:01:45-05:00,1000047-B,CLASE TEORICA,(12) Grupo 12,Claudia Patricia Cortes Lora,26,39
gh-31780279220-0814T0800,2026-08-14T03:01:45-05:00,1000047-B,CLASE TEORICA,(13) Grupo 13,Angelica Saenz Fonseca,26,39
gh-31780279220-0814T0800,2026-08-14T03:01:45-05:00,1000047-B,CLASE TEORICA,(14) Grupo 14,LINDA JOHANA RUIZ GOMEZ,26,39
gh-31780279220-0814T0800,2026-08-14T03:01:45-05:00,1000047-B,CLASE TEORICA,(15) Grupo 15,Claudia Patricia Cortes Lora,26,39
gh-31780279220-0814T0800,2026-08-14T03:01:45-05:00,1000047-B,CLASE TEORICA,(16) Grupo 16,Narly Yadira Pardo Cadena,26,39
gh-31780279220-0814T0800,2026-08-14T03:01:45-05:00,1000047-B,CLASE TEORICA,(17) Grupo 17,Angelica Saenz Fonseca,26,39
gh-31780279220-0814T0800,2026-08-14T03:01:45-05:00,1000047-B,CLASE TEORICA,(18) Grupo 18,ALBA LUCIA RIAÑO RODRIGUEZ,26,39
gh-31780279220-0814T0800,2026-08-14T03:01:45-05:00,1000047-B,CLASE TEORICA,(19) Grupo 19,Aida Elena Monsalve Solorzano,26,39
gh-31780279220-0814T0800,2026-08-14T03:01:45-05:00,1000047-B,CLASE TEORICA,(2) Grupo 2,Yaneli Niño Osorio,26,39
gh-31780279220-0814T0800,2026-08-14T03:01:45-05:00,1000047-B,CLASE TEORICA,(20) Grupo 20,ALBA LUCIA RIAÑO RODRIGUEZ,26,39
gh-31780279220-0814T0800,2026-08-14T03:01:45-05:00,1000047-B,CLASE TEORICA,(21) Grupo 21,Edwin Yesid Leon Silva,26,39
gh-31780279220-0814T0800,2026-08-14T03:01:45-05:00,1000047-B,CLASE TEORICA,(22) Grupo 22,LINDA JOHANA RUIZ GOMEZ,26,39
gh-31780279220-0814T0800,2026-08-14T03:01:45-05:00,1000047-B,CLASE TEORICA,(3) Grupo 3,Monica Alexandra Riaño Orjuela,26,39
gh-31780279220-0814T0800,2026-08-14T03:01:45-05:00,1000047-B,CLASE TEORICA,(4) Grupo 4,Claudia Patricia Cortes Lora,26,39
gh-31780279220-0814T0800,2026-08-14T03:01:45-05:00,1000047-B,CLASE TEORICA,(5) Grupo 5,Olga Lucia Ruiz Convers,26,39
gh-31780279220-0814T0800,2026-08-14T03:01:45-05:00,1000047-B,CLASE TEORICA,(6) Grupo 6,Monica Alexandra Riaño Orjuela,26,39
gh-31780279220-0814T0800,2026-08-14T03:01:45-05:00,1000047-B,CLASE TEORICA,(7) Grupo 7,Cesar Augusto Romero,26,39
gh-31780279220-0814T0800,2026-08-14T03:01:45-05:00,1000047-B,CLASE TEORICA,(8) Grupo 8,Beatriz Elena Urrutia Sanchez,26,39
gh-31780279220-0814T0800,2026-08-14T03:01:45-05:00,1000047-B,CLASE TEORICA,(9) Grupo 9,Keshia Hilary Howard Livingston,15,39
gh-31780279220-0814T0800,2026-08-14T03:01:48-05:00,2026186,CLASE TEORICA,(1) Grupo 1,Carol Andrea Murillo Feo,7,41
gh-31780279220-0814T0800,2026-08-14T03:01:48-05:00,2026186,CLASE TEORICA,(2) Grupo 2,Leonel Vega Mora,0,41
gh-31780279220-0814T0800,2026-08-14T03:01:48-05:00,2026186,CLASE TEORICA,(4) Grupo 4,Carlos Orlando Robles Roa,10,41
gh-31780279220-0814T0800,2026-08-14T03:01:49-05:00,1000002-B,CLASE TEORICA,(1) Grupo 1 - Clase Presencial,Ruth Andrea Cortés Suárez,1,42
gh-31780279220-0814T0800,2026-08-14T03:01:49-05:00,1000002-B,CLASE TEORICA,(10) Grupo 10 - Clase presencial,Karen Johanna Castelblanco Villamil,0,42
gh-31780279220-0814T0800,2026-08-14T03:01:49-05:00,1000002-B,CLASE TEORICA,(2) Grupo 2 - Clase Presencial,Ruth Andrea Cortés Suárez,0,42
gh-31780279220-0814T0800,2026-08-14T03:01:49-05:00,1000002-B,CLASE TEORICA,(3) Grupo 3 - Clase Presencial,Adriana Patricia Díaz Cuevas,0,42
gh-31780279220-0814T0800,2026-08-14T03:01:49-05:00,1000002-B,CLASE TEORICA,(4) Grupo 4 - Clase Presencial,Adriana Patricia Díaz Cuevas,0,42
gh-31780279220-0814T0800,2026-08-14T03:01:49-05:00,1000002-B,CLASE TEORICA,(5) Grupo 5 - Clase Presencial,Andres Felipe Escovar Barreto,0,42
gh-31780279220-0814T0800,2026-08-14T03:01:49-05:00,1000002-B,CLASE TEORICA,(6) Grupo 6 - Clase Presencial,Ruth Andrea Cortés Suárez,0,42
gh-31780279220-0814T0800,2026-08-14T03:01:49-05:00,1000002-B,CLASE TEORICA,(7) Grupo 7 - Clase Presencial,Karen Johanna Castelblanco Villamil,0,42
gh-31780279220-0814T0800,2026-08-14T03:01:49-05:00,1000002-B,CLASE TEORICA,(8) Grupo 8 - Clase Presencial,Adriana Patricia Díaz Cuevas,0,42
gh-31780279220-0814T0800,2026-08-14T03:01:49-05:00,1000002-B,CLASE TEORICA,(9) Grupo 9 - Clase Presencial,Carlas Lucia Castilla Lara,10,42
gh-31780279220-0814T0800,2026-08-14T03:01:51-05:00,1000001-B,CLASE TEORICA,(1) Grupo 1,No informado,0,43
gh-31780279220-0814T0800,2026-08-14T03:01:51-05:00,1000001-B,CLASE TEORICA,(19) Grupo 19,No informado,5,43
gh-31780279220-0814T0800,2026-08-14T03:01:51-05:00,1000001-B,CLASE TEORICA,(2) Grupo 2,No informado,10,43
gh-31780279220-0814T0800,2026-08-14T03:01:51-05:00,1000001-B,CLASE MAGISTRAL,(1) Grupo 1,Ibeth Marcela Rubio Perilla,0,43
gh-31780279220-0814T0800,2026-08-14T03:01:51-05:00,1000001-B,CLASE MAGISTRAL,(10) Grupo 10,No informado,0,43
gh-31780279220-0814T0800,2026-08-14T03:01:51-05:00,1000001-B,CLASE MAGISTRAL,(2) Grupo 2,Herbert Alonso Dueñas Ruiz,0,43
gh-31780279220-0814T0800,2026-08-14T03:01:51-05:00,1000001-B,CLASE MAGISTRAL,(3) Grupo 3,Jeanneth Galeano Penaloza,0,43
gh-31780279220-0814T0800,2026-08-14T03:01:51-05:00,1000001-B,CLASE MAGISTRAL,(4) Grupo 4,Gustavo Adolfo Nieto Clavijo,0,43
gh-31780279220-0814T0800,2026-08-14T03:01:51-05:00,1000001-B,CLASE MAGISTRAL,(5) Grupo 5,Natalia Camila Pinzon Cortes,1,43
gh-31780279220-0814T0800,2026-08-14T03:01:51-05:00,1000001-B,CLASE MAGISTRAL,(6) Grupo 6,Martha Cecilia Moreno Penagos,0,43
gh-31780279220-0814T0800,2026-08-14T03:01:51-05:00,1000001-B,CLASE MAGISTRAL,(7) Grupo 7,Claudio Rodriguez Beltran,0,43
gh-31780279220-0814T0800,2026-08-14T03:01:51-05:00,1000001-B,CLASE MAGISTRAL,(8) Grupo 8,Gabriel Ignacio Padilla Leon,1,43
gh-31780279220-0814T0800,2026-08-14T03:01:51-05:00,1000001-B,CLASE MAGISTRAL,(9) Grupo 9,No informado,10,43
gh-31780279220-0814T0800,2026-08-14T03:01:52-05:00,2015965,CLASE TEORICA,(1) Grupo 1,CAMILO RIOS FRESNEDA,24,44
gh-31780279220-0814T0800,2026-08-14T03:01:52-05:00,2015965,CLASE TEORICA,(2) Grupo 2,Julian David Puerto Suarez; Vladimir Buelvas Hernández,24,44
gh-31780279220-0814T0800,2026-08-14T03:01:52-05:00,2015965,CLASE TEORICA,(3) Grupo 3,Ferney Betancourt Cardozo; Juan Manuel Lizarazo Marriaga,24,44
gh-31780279220-0814T0800,2026-08-14T03:01:52-05:00,2015965,CLASE TEORICA,(4) Grupo 4,No informado,24,44
gh-31780279220-0814T0800,2026-08-14T03:01:54-05:00,2015966,CLASE TEORICA,(1) Grupo 1,No informado,24,45
gh-31780279220-0814T0800,2026-08-14T03:01:54-05:00,2015966,CLASE TEORICA,(2) Grupo 2,Adriana Patricia Piña Fulano,24,45
gh-31780279220-0814T0800,2026-08-14T03:01:54-05:00,2015966,CLASE TEORICA,(3) Grupo 3,Rafael Orland Ortiz Mosquera,24,45
gh-31780279220-0814T0800,2026-08-14T03:01:54-05:00,2015966,CLASE TEORICA,(4) Grupo 4,No informado,24,45
gh-31780279220-0814T0800,2026-08-14T03:01:54-05:00,2015966,CLASE TEORICA,(5) Grupo 5,No informado,24,45
gh-31780279220-0814T0800,2026-08-14T03:01:54-05:00,2015966,CLASE TEORICA,(6) Grupo 6,Luis Alejandro Morales Marin,24,45
gh-31780279220-0814T0800,2026-08-14T03:01:54-05:00,2015966,CLASE TEORICA,(7) Grupo 7,No informado,24,45
gh-31780279220-0814T0800,2026-08-14T03:01:54-05:00,2015966,CLASE TEORICA,(8) Grupo 8,No informado,24,45
gh-31780279220-0814T0800,2026-08-14T03:01:55-05:00,2015967,NA,(1) Grupo 1,Vladimir Buelvas Hernández,24,46
gh-31780279220-0814T0800,2026-08-14T03:01:56-05:00,2015968,CLASE TEORICA,(1) Grupo 1,Ricardo Parra Arango,24,47
gh-31780279220-0814T0800,2026-08-14T03:01:56-05:00,2015968,CLASE TEORICA,(2) Grupo 2,Juan David Oliveros Salazar,24,47
gh-31780279220-0814T0800,2026-08-14T03:01:56-05:00,2015968,CLASE TEORICA,(3) Grupo 3,No informado,24,47
gh-31780279220-0814T0800,2026-08-14T03:01:56-05:00,2015968,CLASE TEORICA,(4) Grupo 4,Ricardo Parra Arango,24,47
gh-31780279220-0814T0800,2026-08-14T03:01:56-05:00,2015968,CLASE TEORICA,(5) Grupo 5,Julian David Puerto Suarez,24,47
gh-31780279220-0814T0800,2026-08-14T03:01:56-05:00,2015968,CLASE TEORICA,(6) Grupo 6,Dorian Luis Linero Segrera,24,47
gh-31780279220-0814T0800,2026-08-14T03:01:56-05:00,2015968,CLASE TEORICA,(7) Grupo 7,No informado,0,47
gh-31780279220-0814T0800,2026-08-14T03:01:57-05:00,2015969,CLASE TEORICA,(1) Grupo 1 (Inglés),Julio Esteban Colmenares Montañez,30,48
gh-31780279220-0814T0800,2026-08-14T03:01:57-05:00,2015969,CLASE TEORICA,(2) Grupo 2,Guillermo Eduardo Avila Alvarez,30,48
gh-31780279220-0814T0800,2026-08-14T03:01:57-05:00,2015969,CLASE TEORICA,(3) Grupo 3,Livaniel Viveros Rosero,30,48
gh-31780279220-0814T0800,2026-08-14T03:01:57-05:00,2015969,CLASE TEORICA,(4) Grupo 4,No informado,30,48
gh-31780279220-0814T0800,2026-08-14T03:01:58-05:00,2015970,CLASE PRACTICA,(4) Grupo 4,Helga Duarte,30,49
gh-31780279220-0814T0800,2026-08-14T03:01:58-05:00,2015970,CLASE PRACTICA,(5) Grupo 5,Oswaldo Rojas Camacho,45,49
gh-31780279220-0814T0800,2026-08-14T03:01:58-05:00,2015970,CLASE PRACTICA,(8) Grupo 8,Helga Duarte,30,49
gh-31780279220-0814T0800,2026-08-14T03:01:58-05:00,2015970,CLASE PRACTICA,(9) Grupo 9,Oswaldo Rojas Camacho,45,49
gh-31780279220-0814T0800,2026-08-14T03:02:00-05:00,2017293,CLASE TEORICA,(1) 2017293-1 Modelación matemática,JUAN SEBASTIÁN HINCAPIÉ MONTES,34,50
gh-31780279220-0814T0800,2026-08-14T03:02:00-05:00,2017293,CLASE TEORICA,(2) 2017293-2 Modelación matemática,JUAN SEBASTIÁN HINCAPIÉ MONTES,34,50
gh-31780279220-0814T0800,2026-08-14T03:02:00-05:00,2017293,CLASE MAGISTRAL,(1M) 2017293-1M Modelación matemática - Magistral,Carlos Alberto Duque Daza,80,50
gh-31780279220-0814T0800,2026-08-14T03:02:03-05:00,2015971,CLASE TEORICA,(1) Grupo 1,No informado,30,53
gh-31780279220-0814T0800,2026-08-14T03:02:03-05:00,2015971,CLASE TEORICA,(2) Grupo 2,Ferney Betancourt Cardozo,30,53
gh-31780279220-0814T0800,2026-08-14T03:02:03-05:00,2015971,CLASE TEORICA,(3) Grupo 3,No informado,30,53
gh-31780279220-0814T0800,2026-08-14T03:02:04-05:00,2015972,CLASE TEORICA,(1) Grupo 1,Carlos Alberto Moncada Aristizabal,15,54
gh-31780279220-0814T0800,2026-08-14T03:02:04-05:00,2015972,CLASE TEORICA,(2) Grupo 2,SANTIAGO RAMIREZ ECHEVERRI,15,54
gh-31780279220-0814T0800,2026-08-14T03:02:04-05:00,2015972,CLASE TEORICA,(3) Grupo 3,No informado,15,54
gh-31780279220-0814T0800,2026-08-14T03:02:06-05:00,1000024-B,CLASE TEORICA,(12) Grupo 12,Edgar Delgado Mejia,0,55
gh-31780279220-0814T0800,2026-08-14T03:02:06-05:00,1000024-B,CLASE TEORICA,(13) Grupo 13,Jesus Sigifredo Valencia Rios,0,55
gh-31780279220-0814T0800,2026-08-14T03:02:06-05:00,1000024-B,CLASE TEORICA,(14) Grupo 14,Jhon Jairo Aragón Arias,10,55
gh-31780279220-0814T0800,2026-08-14T03:02:07-05:00,1000013-B,CLASE TEORICA,(1) Grupo 1,JHONIER SEBASTIAN RANGEL GUTIERREZ,0,56
gh-31780279220-0814T0800,2026-08-14T03:02:07-05:00,1000013-B,CLASE TEORICA,(10) Grupo 10,Sandra Vergara Cardozo,35,56
gh-31780279220-0814T0800,2026-08-14T03:02:07-05:00,1000013-B,CLASE TEORICA,(11) Grupo 11,DIEGO ALBERTO MARTINEZ SIMBAQUEVA,40,56
gh-31780279220-0814T0800,2026-08-14T03:02:07-05:00,1000013-B,CLASE TEORICA,(12) Grupo 12,DIEGO ALBERTO MARTINEZ SIMBAQUEVA,40,56
gh-31780279220-0814T0800,2026-08-14T03:02:07-05:00,1000013-B,CLASE TEORICA,(13) Grupo 13,DIEGO ALBERTO MARTINEZ SIMBAQUEVA,30,56
gh-31780279220-0814T0800,2026-08-14T03:02:07-05:00,1000013-B,CLASE TEORICA,(14) Grupo 14,Andrea Catalina Garcia Montoya,45,56
gh-31780279220-0814T0800,2026-08-14T03:02:07-05:00,1000013-B,CLASE TEORICA,(16) Grupo 16,Sergio Alejandro Calderon Villanueva,30,56
gh-31780279220-0814T0800,2026-08-14T03:02:07-05:00,1000013-B,CLASE TEORICA,(2) Grupo 2,Luis Guillermo Diaz Monroy,40,56
gh-31780279220-0814T0800,2026-08-14T03:02:07-05:00,1000013-B,CLASE TEORICA,(22) Grupo 22,Hanwen Zhang,45,56
gh-31780279220-0814T0800,2026-08-14T03:02:07-05:00,1000013-B,CLASE TEORICA,(23) Grupo 23,ULPIANO LARA CRISTANCHO,0,56
gh-31780279220-0814T0800,2026-08-14T03:02:07-05:00,1000013-B,CLASE TEORICA,(3) Grupo 3,Diana Carolina Franco Soto,40,56
gh-31780279220-0814T0800,2026-08-14T03:02:07-05:00,1000013-B,CLASE TEORICA,(4) Grupo 4,Diana Carolina Franco Soto,40,56
gh-31780279220-0814T0800,2026-08-14T03:02:07-05:00,1000013-B,CLASE TEORICA,(5) Grupo 5,Darwin Eduardo Martínez Riaño,35,56
gh-31780279220-0814T0800,2026-08-14T03:02:07-05:00,1000013-B,CLASE TEORICA,(6) Grupo 6,Darwin Eduardo Martínez Riaño,35,56
gh-31780279220-0814T0800,2026-08-14T03:02:07-05:00,1000013-B,CLASE TEORICA,(7) Grupo 7,Camilo Jose Torres Jimenez,40,56
gh-31780279220-0814T0800,2026-08-14T03:02:08-05:00,2015734,NA,(1) Grupo 1,Fernando Salazar Delgado,6,57
gh-31780279220-0814T0800,2026-08-14T03:02:08-05:00,2015734,NA,(10) Grupo 10,Tito Florez Calderon,4,57
gh-31780279220-0814T0800,2026-08-14T03:02:08-05:00,2015734,NA,(11) Grupo 11,DAVID ALBERTO HERRERA ALVAREZ,0,57
gh-31780279220-0814T0800,2026-08-14T03:02:08-05:00,2015734,NA,(12) Grupo 12,FABIEL NATÁN ESPINOSA CASTAÑEDA,1,57
gh-31780279220-0814T0800,2026-08-14T03:02:08-05:00,2015734,NA,(13) Grupo 13,SERGIO CAMILO ESPINOSA BOTERO,4,57
gh-31780279220-0814T0800,2026-08-14T03:02:08-05:00,2015734,NA,(14) Grupo 14,Felipe Gonzalez Roldan,0,57
gh-31780279220-0814T0800,2026-08-14T03:02:08-05:00,2015734,NA,(2) Grupo 2,Fernando Salazar Delgado,16,57
gh-31780279220-0814T0800,2026-08-14T03:02:08-05:00,2015734,NA,(3) Grupo 3,Jhoan Sebastian Restrepo Mendoza,0,57
gh-31780279220-0814T0800,2026-08-14T03:02:08-05:00,2015734,NA,(4) Grupo 4,Sandra Liliana Rojas Martinez,0,57
gh-31780279220-0814T0800,2026-08-14T03:02:08-05:00,2015734,NA,(5) Grupo 5,Jhoan Sebastian Restrepo Mendoza,0,57
gh-31780279220-0814T0800,2026-08-14T03:02:08-05:00,2015734,NA,(6) Grupo 6,SERGIO CAMILO ESPINOSA BOTERO,8,57
gh-31780279220-0814T0800,2026-08-14T03:02:08-05:00,2015734,NA,(7) Grupo 7,No informado,3,57
gh-31780279220-0814T0800,2026-08-14T03:02:08-05:00,2015734,NA,(8) Grupo 8 - Virtual,FABIEL NATÁN ESPINOSA CASTAÑEDA,30,57
gh-31780279220-0814T0800,2026-08-14T03:02:08-05:00,2015734,NA,(9) Grupo 9,Alvaro Reynel Córdoba,18,57
gh-31780279220-0814T0800,2026-08-14T03:02:11-05:00,2015973,CLASE TEORICA,(1) Grupo 1,No informado,25,59
gh-31780279220-0814T0800,2026-08-14T03:02:11-05:00,2015973,CLASE TEORICA,(2) Grupo 2,GABRIELA ARRIETA LOYO,25,59
gh-31780279220-0814T0800,2026-08-14T03:02:11-05:00,2015973,CLASE TEORICA,(3) Grupo 3,NICOLAS ESCALANTE MORA,25,59
gh-31780279220-0814T0800,2026-08-14T03:02:12-05:00,2022761,NA,(1) Grupo 1,Servio Javier Contreras Guerrero,15,60
gh-31780279220-0814T0800,2026-08-14T03:02:12-05:00,2022761,NA,(2) Grupo 2,Servio Javier Contreras Guerrero,15,60
gh-31780279220-0814T0800,2026-08-14T03:02:12-05:00,2022761,NA,(3) Grupo 3,Samuel Fernando Mesa Giraldo,15,60
gh-31780279220-0814T0800,2026-08-14T03:02:13-05:00,2024045,CLASE TEORICA,(1) 2024045-1 Taller de proyectos interdisciplinarios,No informado,0,61
gh-31780279220-0814T0800,2026-08-14T03:02:13-05:00,2024045,CLASE TEORICA,(10) 2024045-10 Taller de proyectos interdisciplinarios,Oscar Andres Eraso Eraso,0,61
gh-31780279220-0814T0800,2026-08-14T03:02:13-05:00,2024045,CLASE TEORICA,(11) 2024045-11 Taller de proyectos interdisciplinarios,No informado,0,61
gh-31780279220-0814T0800,2026-08-14T03:02:13-05:00,2024045,CLASE TEORICA,(12) 2024045-12 Taller de proyectos interdisciplinarios,Hector Julian Garcia Otalora,200,61
gh-31780279220-0814T0800,2026-08-14T03:02:13-05:00,2024045,CLASE TEORICA,(13) 2024045-13 Taller de proyectos interdisciplinarios,No informado,0,61
gh-31780279220-0814T0800,2026-08-14T03:02:13-05:00,2024045,CLASE TEORICA,(14) 2024045-14 Taller de proyectos interdisciplinarios,Dolly Santos Barbosa,0,61
gh-31780279220-0814T0800,2026-08-14T03:02:13-05:00,2024045,CLASE TEORICA,(15) 2024045-15 Taller de proyectos interdisciplinarios,Oscar Andres Eraso Eraso,0,61
gh-31780279220-0814T0800,2026-08-14T03:02:13-05:00,2024045,CLASE TEORICA,(16) 2024045-16 Taller de proyectos interdisciplinarios,Luis Ignacio Rodriguez Varela,0,61
gh-31780279220-0814T0800,2026-08-14T03:02:13-05:00,2024045,CLASE TEORICA,(17) 2024045-17 Taller de proyectos interdisciplinarios,JOHANA CATALINA MANOSALVA BARRERA,0,61
gh-31780279220-0814T0800,2026-08-14T03:02:13-05:00,2024045,CLASE TEORICA,(18) 2024045-18 Taller de proyectos interdisciplinarios,Fernando Bernal Martinez,0,61
gh-31780279220-0814T0800,2026-08-14T03:02:13-05:00,2024045,CLASE TEORICA,(19) 2024045-19 Taller de proyectos interdisciplinarios,FRANCISCO JAVIER VÁSQUEZ VÁSQUEZ,0,61
gh-31780279220-0814T0800,2026-08-14T03:02:13-05:00,2024045,CLASE TEORICA,(2) 2024045-2 Taller de proyectos interdisciplinarios,Fernando Bernal Martinez,0,61
gh-31780279220-0814T0800,2026-08-14T03:02:13-05:00,2024045,CLASE TEORICA,(21) 2024045-21 Taller de proyectos interdisciplinarios,No informado,0,61
gh-31780279220-0814T0800,2026-08-14T03:02:13-05:00,2024045,CLASE TEORICA,(22) 2024045-22 Taller de proyectos interdisciplinarios,Ubaldo Garcia Zaragoza,0,61
gh-31780279220-0814T0800,2026-08-14T03:02:13-05:00,2024045,CLASE TEORICA,(23) 2024045-23 Taller de proyectos interdisciplinarios,No informado,0,61
gh-31780279220-0814T0800,2026-08-14T03:02:13-05:00,2024045,CLASE TEORICA,(24) 2024045-24 Taller de proyectos interdisciplinarios,Hector Julian Garcia Otalora,200,61
gh-31780279220-0814T0800,2026-08-14T03:02:13-05:00,2024045,CLASE TEORICA,(3) 2024045-3 Taller de proyectos interdisciplinarios,Guillermo Alberto Rocha Casas,0,61
gh-31780279220-0814T0800,2026-08-14T03:02:13-05:00,2024045,CLASE TEORICA,(4) 2024045-4 Taller de proyectos interdisciplinarios,Francy Nayely Prieto Novoa,0,61
gh-31780279220-0814T0800,2026-08-14T03:02:13-05:00,2024045,CLASE TEORICA,(40) 2024045-40 TPI-- NO BORRAR-- BLOQ ESPACIOS,No informado,0,61
gh-31780279220-0814T0800,2026-08-14T03:02:13-05:00,2024045,CLASE TEORICA,(5) 2024045-5 Taller de proyectos interdisciplinarios,Nubia Carmenza Moreno Sarmiento,0,61
gh-31780279220-0814T0800,2026-08-14T03:02:13-05:00,2024045,CLASE TEORICA,(6) 2024045-6 Taller de proyectos interdisciplinarios,JOHANA CATALINA MANOSALVA BARRERA,0,61
gh-31780279220-0814T0800,2026-08-14T03:02:13-05:00,2024045,CLASE TEORICA,(7) 2024045-7 Taller de proyectos interdisciplinarios,Ubaldo Garcia Zaragoza,0,61
gh-31780279220-0814T0800,2026-08-14T03:02:13-05:00,2024045,CLASE TEORICA,(8) 2024045-8 Taller de proyectos interdisciplinarios,JHON FREDDY LOPEZ MEDINA,0,61
gh-31780279220-0814T0800,2026-08-14T03:02:13-05:00,2024045,CLASE TEORICA,(9) 2024045-9 Taller de proyectos interdisciplinarios,Manuel Alejandro Mayorga Betancourt,0,61
gh-31780279220-0814T0800,2026-08-14T03:02:15-05:00,2015296,NA,(1) Grupo 1,Leonardo David Donado Garzon,5,62
gh-31780279220-0814T0800,2026-08-14T03:02:15-05:00,2015296,NA,(10) Grupo 10,Juan Manuel Lizarazo Marriaga,5,62
gh-31780279220-0814T0800,2026-08-14T03:02:15-05:00,2015296,NA,(11) Grupo 11,Octavio Coronado Garcia,5,62
gh-31780279220-0814T0800,2026-08-14T03:02:15-05:00,2015296,NA,(12) Grupo 12,Carol Andrea Murillo Feo,5,62
gh-31780279220-0814T0800,2026-08-14T03:02:15-05:00,2015296,NA,(13) Grupo 13,CAMILO RIOS FRESNEDA,5,62
gh-31780279220-0814T0800,2026-08-14T03:02:15-05:00,2015296,NA,(14) Grupo 14,William Castro Garcia,5,62
gh-31780279220-0814T0800,2026-08-14T03:02:15-05:00,2015296,NA,(15) Grupo 15,Luis Alejandro Morales Marin,5,62
gh-31780279220-0814T0800,2026-08-14T03:02:15-05:00,2015296,NA,(16) Grupo 16,Ferney Betancourt Cardozo,5,62
gh-31780279220-0814T0800,2026-08-14T03:02:15-05:00,2015296,NA,(17) Grupo 17,Maria Alejandra Caicedo Londoño,5,62
gh-31780279220-0814T0800,2026-08-14T03:02:15-05:00,2015296,NA,(18) Grupo 18,Guillermo Eduardo Avila Alvarez,5,62
gh-31780279220-0814T0800,2026-08-14T03:02:15-05:00,2015296,NA,(19) Grupo 19,Carlos Alfonso Gomez Guacaneme,0,62
gh-31780279220-0814T0800,2026-08-14T03:02:15-05:00,2015296,NA,(2) Grupo 2,Carlos Orlando Robles Roa,5,62
gh-31780279220-0814T0800,2026-08-14T03:02:15-05:00,2015296,NA,(3) Grupo 3,Angela Barrera Puerto,5,62
gh-31780279220-0814T0800,2026-08-14T03:02:15-05:00,2015296,NA,(4) Grupo 4,Mauricio Alberto Tapias Camacho,5,62
gh-31780279220-0814T0800,2026-08-14T03:02:15-05:00,2015296,NA,(5) Grupo 5,Maritzabel Molina Herrera,5,62
gh-31780279220-0814T0800,2026-08-14T03:02:15-05:00,2015296,NA,(6) Grupo 6,Rodolfo Rodriguez Baracaldo,5,62
gh-31780279220-0814T0800,2026-08-14T03:02:15-05:00,2015296,NA,(7) Grupo 7,SANTIAGO RAMIREZ ECHEVERRI,5,62
gh-31780279220-0814T0800,2026-08-14T03:02:15-05:00,2015296,NA,(8) Grupo 8,Jose Ricardo Martinez Vargas,5,62
gh-31780279220-0814T0800,2026-08-14T03:02:15-05:00,2015296,NA,(9) Grupo 9,GABRIELA ARRIETA LOYO,5,62
gh-31780279220-0814T0800,2026-08-14T03:02:16-05:00,2015299,CLASE TEORICA,(1) Grupo 1,GABRIELA ARRIETA LOYO,51,63
gh-31780279220-0814T0830,2026-08-14T03:30:15-05:00,2015938,CLASE TEORICA,(1) Grupo 1,Maria Alejandra Caicedo Londoño,25,0
gh-31780279220-0814T0830,2026-08-14T03:30:15-05:00,2015938,CLASE TEORICA,(2) Grupo 2,Maria Alejandra Caicedo Londoño,25,0
gh-31780279220-0814T0830,2026-08-14T03:30:15-05:00,2015938,CLASE TEORICA,(3) Grupo 3,JOSE LUIS DIAZ AREVALO,25,0
gh-31780279220-0814T0830,2026-08-14T03:30:15-05:00,2015938,CLASE TEORICA,(4) Grupo 4,JOSE LUIS DIAZ AREVALO,24,0
gh-31780279220-0814T0830,2026-08-14T03:30:16-05:00,2015939,CLASE TEORICA,(1) Grupo 1,ALVARO MARTIN GUTIERREZ MALAXECHEBARRIA,25,1
gh-31780279220-0814T0830,2026-08-14T03:30:16-05:00,2015939,CLASE TEORICA,(2) Grupo 2,ALVARO MARTIN GUTIERREZ MALAXECHEBARRIA,25,1
gh-31780279220-0814T0830,2026-08-14T03:30:16-05:00,2015939,CLASE TEORICA,(3) Grupo 3,Edder Alexander Velandia Duran,25,1
gh-31780279220-0814T0830,2026-08-14T03:30:16-05:00,2015939,CLASE TEORICA,(4) Grupo 4,No informado,25,1
gh-31780279220-0814T0830,2026-08-14T03:30:18-05:00,1000003-B,NA,(1) Grupo 1,Erika Lorena Rosero Alzate; Oscar Andrés Rojas Sepúlveda,0,2
gh-31780279220-0814T0830,2026-08-14T03:30:18-05:00,1000003-B,NA,(10) Grupo 10,Epifanio Lozano Ayala,14,2
gh-31780279220-0814T0830,2026-08-14T03:30:18-05:00,1000003-B,NA,(11) Grupo 11,No informado,60,2
gh-31780279220-0814T0830,2026-08-14T03:30:18-05:00,1000003-B,NA,(12) Grupo 12,No informado,40,2
gh-31780279220-0814T0830,2026-08-14T03:30:18-05:00,1000003-B,NA,(13) Grupo 13,Mohammed EL AIDI,40,2
gh-31780279220-0814T0830,2026-08-14T03:30:18-05:00,1000003-B,NA,(15) Grupo 15,Myriam Leonor Campos Florez,60,2
gh-31780279220-0814T0830,2026-08-14T03:30:18-05:00,1000003-B,NA,(16) Grupo 16,No informado,60,2
gh-31780279220-0814T0830,2026-08-14T03:30:18-05:00,1000003-B,NA,(17) Grupo 17,Martha Cecilia Moreno Penagos,40,2
gh-31780279220-0814T0830,2026-08-14T03:30:18-05:00,1000003-B,NA,(18) Grupo 18,John Alexander Cruz Morales,52,2
gh-31780279220-0814T0830,2026-08-14T03:30:18-05:00,1000003-B,NA,(20) Grupo 20,Natalia Camila Pinzon Cortes,60,2
gh-31780279220-0814T0830,2026-08-14T03:30:18-05:00,1000003-B,NA,(21) Grupo 21,Ivon Andrea Dorado Correa,52,2
gh-31780279220-0814T0830,2026-08-14T03:30:18-05:00,1000003-B,NA,(22) Grupo 22,No informado,46,2
gh-31780279220-0814T0830,2026-08-14T03:30:18-05:00,1000003-B,NA,(3) Grupo 3,No informado,60,2
gh-31780279220-0814T0830,2026-08-14T03:30:18-05:00,1000003-B,NA,(4) Grupo 4,Luis Alejandro Barbosa Torres,112,2
gh-31780279220-0814T0830,2026-08-14T03:30:18-05:00,1000003-B,NA,(5) Grupo 5,Jaime David Mora Paz,60,2
gh-31780279220-0814T0830,2026-08-14T03:30:18-05:00,1000003-B,NA,(7) Grupo 7,Myriam Leonor Campos Florez,40,2
gh-31780279220-0814T0830,2026-08-14T03:30:18-05:00,1000003-B,NA,(8) Grupo 8,No informado,10,2
gh-31780279220-0814T0830,2026-08-14T03:30:19-05:00,2015940,CLASE TEORICA,(1) Grupo 1,Maritzabel Molina Herrera,24,3
gh-31780279220-0814T0830,2026-08-14T03:30:19-05:00,2015940,CLASE TEORICA,(2) Grupo 2,Gabriel Andres Bernal Granados,24,3
gh-31780279220-0814T0830,2026-08-14T03:30:19-05:00,2015940,CLASE TEORICA,(3) Grupo 3,No informado,24,3
gh-31780279220-0814T0830,2026-08-14T03:30:20-05:00,2015941,CLASE TEORICA,(1) Grupo 1,Patricia Luna Tamayo,30,4
gh-31780279220-0814T0830,2026-08-14T03:30:20-05:00,2015941,CLASE TEORICA,(2) Grupo 2,No informado,30,4
gh-31780279220-0814T0830,2026-08-14T03:30:20-05:00,2015941,CLASE TEORICA,(3) Grupo 3,Carlos Ramiro Vallecilla Bahena,30,4
gh-31780279220-0814T0830,2026-08-14T03:30:20-05:00,2015941,CLASE TEORICA,(4) Grupo 4,No informado,30,4
gh-31780279220-0814T0830,2026-08-14T03:30:21-05:00,1000004-B,NA,(10) Grupo 10,No informado,53,5
gh-31780279220-0814T0830,2026-08-14T03:30:21-05:00,1000004-B,NA,(11) Grupo 11,No informado,24,5
gh-31780279220-0814T0830,2026-08-14T03:30:21-05:00,1000004-B,NA,(12) Grupo 12,No informado,24,5
gh-31780279220-0814T0830,2026-08-14T03:30:21-05:00,1000004-B,NA,(13) Grupo 13,No informado,16,5
gh-31780279220-0814T0830,2026-08-14T03:30:21-05:00,1000004-B,NA,(14) Grupo 14,No informado,90,5
gh-31780279220-0814T0830,2026-08-14T03:30:21-05:00,1000004-B,NA,(16) Grupo 16,No informado,27,5
gh-31780279220-0814T0830,2026-08-14T03:30:21-05:00,1000004-B,NA,(17) Grupo 17,Hernan Garzon Gutierrez,39,5
gh-31780279220-0814T0830,2026-08-14T03:30:21-05:00,1000004-B,NA,(19) Grupo 19,No informado,59,5
gh-31780279220-0814T0830,2026-08-14T03:30:21-05:00,1000004-B,NA,(2) Grupo 2,No informado,24,5
gh-31780279220-0814T0830,2026-08-14T03:30:21-05:00,1000004-B,NA,(20) Grupo 20,Hernan Garzon Gutierrez,10,5
gh-31780279220-0814T0830,2026-08-14T03:30:21-05:00,1000004-B,NA,(21) Grupo 21,No informado,60,5
gh-31780279220-0814T0830,2026-08-14T03:30:21-05:00,1000004-B,NA,(22) Grupo 22,No informado,60,5
gh-31780279220-0814T0830,2026-08-14T03:30:21-05:00,1000004-B,NA,(24) Grupo 24,Ricardo Ariel Pastran Ramirez,60,5
gh-31780279220-0814T0830,2026-08-14T03:30:21-05:00,1000004-B,NA,(25) Grupo 25,No informado,40,5
gh-31780279220-0814T0830,2026-08-14T03:30:21-05:00,1000004-B,NA,(27) Grupo 27,No informado,51,5
gh-31780279220-0814T0830,2026-08-14T03:30:21-05:00,1000004-B,NA,(28) Grupo 28,No informado,60,5
gh-31780279220-0814T0830,2026-08-14T03:30:21-05:00,1000004-B,NA,(29) Grupo 29,No informado,60,5
gh-31780279220-0814T0830,2026-08-14T03:30:21-05:00,1000004-B,NA,(30) Grupo 30,No informado,60,5
gh-31780279220-0814T0830,2026-08-14T03:30:21-05:00,1000004-B,NA,(32) Grupo 32,No informado,90,5
gh-31780279220-0814T0830,2026-08-14T03:30:21-05:00,1000004-B,NA,(4) Grupo 4,Myriam Leonor Campos Florez,37,5
gh-31780279220-0814T0830,2026-08-14T03:30:21-05:00,1000004-B,NA,(5) Grupo 5,Oscar Javier Lopez Alfonso,84,5
gh-31780279220-0814T0830,2026-08-14T03:30:21-05:00,1000004-B,NA,(7) Grupo 7,Anderson Arley Vera Arboleda,64,5
gh-31780279220-0814T0830,2026-08-14T03:30:21-05:00,1000004-B,NA,(8) Grupo 8,No informado,40,5
gh-31780279220-0814T0830,2026-08-14T03:30:21-05:00,1000004-B,NA,(9) Grupo 9,No informado,18,5
gh-31780279220-0814T0830,2026-08-14T03:30:23-05:00,1000006-B,NA,(1) Grupo 1,No informado,40,6
gh-31780279220-0814T0830,2026-08-14T03:30:23-05:00,1000006-B,NA,(10) Grupo 10,No informado,100,6
gh-31780279220-0814T0830,2026-08-14T03:30:23-05:00,1000006-B,NA,(11) Grupo 11,No informado,40,6
gh-31780279220-0814T0830,2026-08-14T03:30:23-05:00,1000006-B,NA,(12) Grupo 12,Leonid Lebedev,60,6
gh-31780279220-0814T0830,2026-08-14T03:30:23-05:00,1000006-B,NA,(13) Grupo 13,Juan Carlos Hernandez Rincon,40,6
gh-31780279220-0814T0830,2026-08-14T03:30:23-05:00,1000006-B,NA,(14) Grupo 14,No informado,60,6
gh-31780279220-0814T0830,2026-08-14T03:30:23-05:00,1000006-B,NA,(15) Grupo 15,No informado,112,6
gh-31780279220-0814T0830,2026-08-14T03:30:23-05:00,1000006-B,NA,(2) Grupo 2,EDIXON MANUEL ROJAS SANTANA,40,6
gh-31780279220-0814T0830,2026-08-14T03:30:23-05:00,1000006-B,NA,(3) Grupo 3,Cesar Augusto Gomez Sierra,40,6
gh-31780279220-0814T0830,2026-08-14T03:30:23-05:00,1000006-B,NA,(4) Grupo 4,Agustin Moreno Canadas,100,6
gh-31780279220-0814T0830,2026-08-14T03:30:23-05:00,1000006-B,NA,(5) Grupo 5,German Eduardo Fonseca Buitrago,40,6
gh-31780279220-0814T0830,2026-08-14T03:30:23-05:00,1000006-B,NA,(7) Grupo 7,No informado,70,6
gh-31780279220-0814T0830,2026-08-14T03:30:23-05:00,1000006-B,NA,(8) Grupo 8,Epifanio Lozano Ayala,60,6
gh-31780279220-0814T0830,2026-08-14T03:30:23-05:00,1000006-B,NA,(9) Grupo 9,Orlando Vanegas Canro,0,6
gh-31780279220-0814T0830,2026-08-14T03:30:24-05:00,1000005-B,NA,(1) Grupo 1,Orlando Vanegas Canro,0,7
gh-31780279220-0814T0830,2026-08-14T03:30:24-05:00,1000005-B,NA,(10) Grupo 10,Epifanio Lozano Ayala,50,7
gh-31780279220-0814T0830,2026-08-14T03:30:24-05:00,1000005-B,NA,(14) Grupo 14,Mohammed EL AIDI,40,7
gh-31780279220-0814T0830,2026-08-14T03:30:24-05:00,1000005-B,NA,(15) Grupo 15,Alina Fedosova,60,7
gh-31780279220-0814T0830,2026-08-14T03:30:24-05:00,1000005-B,NA,(16) Grupo 16,No informado,70,7
gh-31780279220-0814T0830,2026-08-14T03:30:24-05:00,1000005-B,NA,(17) Grupo 17,Hernan Garzon Gutierrez,40,7
gh-31780279220-0814T0830,2026-08-14T03:30:24-05:00,1000005-B,NA,(2) Grupo 2,RENE ERLIN CASTILLO,60,7
gh-31780279220-0814T0830,2026-08-14T03:30:24-05:00,1000005-B,NA,(20) Grupo 20,Franqui Solis Cardenas Poloche,40,7
gh-31780279220-0814T0830,2026-08-14T03:30:24-05:00,1000005-B,NA,(22) Grupo 22,No informado,60,7
gh-31780279220-0814T0830,2026-08-14T03:30:24-05:00,1000005-B,NA,(3) Grupo 3,Eduardo Cardenas Gomez,70,7
gh-31780279220-0814T0830,2026-08-14T03:30:24-05:00,1000005-B,NA,(4) Grupo 4,Edward Samuel Becerra Rojas,60,7
gh-31780279220-0814T0830,2026-08-14T03:30:24-05:00,1000005-B,NA,(6) Grupo 6,No informado,60,7
gh-31780279220-0814T0830,2026-08-14T03:30:24-05:00,1000005-B,NA,(7) Grupo 7,Franqui Solis Cardenas Poloche,100,7
gh-31780279220-0814T0830,2026-08-14T03:30:24-05:00,1000005-B,NA,(8) Grupo 8,No informado,40,7
gh-31780279220-0814T0830,2026-08-14T03:30:24-05:00,1000005-B,NA,(9) Grupo 9,No informado,10,7
gh-31780279220-0814T0830,2026-08-14T03:30:27-05:00,2015943,CLASE TEORICA,(1) Grupo 1,Carlos Orlando Robles Roa,15,9
gh-31780279220-0814T0830,2026-08-14T03:30:28-05:00,2015944,CLASE TEORICA,(1) Grupo 1,SANTIAGO RAMIREZ ECHEVERRI,15,10
gh-31780279220-0814T0830,2026-08-14T03:30:29-05:00,2015711,NA,(10) 2015711-10 Dibujo básico,Ariel Augusto Amaya Avila,0,11
gh-31780279220-0814T0830,2026-08-14T03:30:29-05:00,2015711,NA,(11) 2015711-11 Dibujo básico,Cesar Augusto Bacca Gonzalez,0,11
gh-31780279220-0814T0830,2026-08-14T03:30:29-05:00,2015711,NA,(14) 2015711-14 Dibujo básico,Cristian Felipe Morales Suárez,0,11
gh-31780279220-0814T0830,2026-08-14T03:30:29-05:00,2015711,NA,(16) 2015711-16 Dibujo básico,DAVID FELIPE TORRES ARCE,0,11
gh-31780279220-0814T0830,2026-08-14T03:30:29-05:00,2015711,NA,(4) 2015711-4 Dibujo básico,Cristian Felipe Morales Suárez,9,11
gh-31780279220-0814T0830,2026-08-14T03:30:29-05:00,2015711,NA,(5) 2015711-5 Dibujo básico,Sebastian Achury Ortiz,0,11
gh-31780279220-0814T0830,2026-08-14T03:30:29-05:00,2015711,NA,(7) 2015711-7 Dibujo básico,Cesar Augusto Bacca Gonzalez,22,11
gh-31780279220-0814T0830,2026-08-14T03:30:29-05:00,2015711,NA,(8) 2015711-8 Dibujo básico,Miguel Angel Baquero Cortes,0,11
gh-31780279220-0814T0830,2026-08-14T03:30:29-05:00,2015711,NA,(9) 2015711-9 Dibujo básico,EDWIN CAMILO REINA BELTRAN,0,11
gh-31780279220-0814T0830,2026-08-14T03:30:30-05:00,2015948,CLASE TEORICA,(1) Grupo 1,No informado,30,12
gh-31780279220-0814T0830,2026-08-14T03:30:30-05:00,2015948,CLASE TEORICA,(2) Grupo 2,Mauricio Alberto Tapias Camacho,30,12
gh-31780279220-0814T0830,2026-08-14T03:30:30-05:00,2015948,CLASE TEORICA,(3) Grupo 3,No informado,30,12
gh-31780279220-0814T0830,2026-08-14T03:30:32-05:00,2015950,CLASE TEORICA,(1) Grupo 1,No informado,25,13
gh-31780279220-0814T0830,2026-08-14T03:30:32-05:00,2015950,CLASE TEORICA,(2) Grupo 2,No informado,0,13
gh-31780279220-0814T0830,2026-08-14T03:30:32-05:00,2015950,CLASE TEORICA,(3) Grupo 3,Daniel Ricardo Lozano Monsalve,25,13
gh-31780279220-0814T0830,2026-08-14T03:30:32-05:00,2015950,CLASE TEORICA,(4) Grupo 4,No informado,25,13
gh-31780279220-0814T0830,2026-08-14T03:30:32-05:00,2015950,CLASE TEORICA,(5) Grupo 5,No informado,25,13
gh-31780279220-0814T0830,2026-08-14T03:30:33-05:00,2015949,CLASE TEORICA,(1) Grupo 1,Mario Javier Cardozo Chaux,30,14
gh-31780279220-0814T0830,2026-08-14T03:30:33-05:00,2015949,CLASE TEORICA,(2) Grupo 2,Wilson Ernesto Vargas Vargas,30,14
gh-31780279220-0814T0830,2026-08-14T03:30:33-05:00,2015949,CLASE TEORICA,(3) Grupo 3,No informado,30,14
gh-31780279220-0814T0830,2026-08-14T03:30:34-05:00,1000007-B,NA,(1) Grupo 1,German Eduardo Fonseca Buitrago,60,15
gh-31780279220-0814T0830,2026-08-14T03:30:34-05:00,1000007-B,NA,(11) Grupo 11,Leonid Lebedev,60,15
gh-31780279220-0814T0830,2026-08-14T03:30:34-05:00,1000007-B,NA,(12) Grupo 12,No informado,60,15
gh-31780279220-0814T0830,2026-08-14T03:30:34-05:00,1000007-B,NA,(13) Grupo 13,Omar Duque Gomez,40,15
gh-31780279220-0814T0830,2026-08-14T03:30:34-05:00,1000007-B,NA,(14) Grupo 14,No informado,100,15
gh-31780279220-0814T0830,2026-08-14T03:30:34-05:00,1000007-B,NA,(3) Grupo 3,Serafin Bautista Diaz,40,15
gh-31780279220-0814T0830,2026-08-14T03:30:34-05:00,1000007-B,NA,(4) Grupo 4,EDIXON MANUEL ROJAS SANTANA,60,15
gh-31780279220-0814T0830,2026-08-14T03:30:34-05:00,1000007-B,NA,(6) Grupo 6,Alexander Caviedes Castro,50,15
gh-31780279220-0814T0830,2026-08-14T03:30:34-05:00,1000007-B,NA,(7) Grupo 7,Oscar Guillermo Riaño Castañeda,40,15
gh-31780279220-0814T0830,2026-08-14T03:30:34-05:00,1000007-B,NA,(9) Grupo 9,Orlando Vanegas Canro,0,15
gh-31780279220-0814T0830,2026-08-14T03:30:35-05:00,2026134,CLASE TEORICA,(1) Grupo 1,No informado,0,16
gh-31780279220-0814T0830,2026-08-14T03:30:35-05:00,2026134,CLASE TEORICA,(2) Grupo 2,Juan Manuel Lizarazo Marriaga,30,16
gh-31780279220-0814T0830,2026-08-14T03:30:35-05:00,2026134,CLASE TEORICA,(3) Grupo 3,Maritzabel Molina Herrera,30,16
gh-31780279220-0814T0830,2026-08-14T03:30:35-05:00,2026134,CLASE TEORICA,(4) Grupo 4,Carlos Ramiro Vallecilla Bahena,30,16
gh-31780279220-0814T0830,2026-08-14T03:30:35-05:00,2026134,CLASE TEORICA,(5) Grupo 5,Fernando Lozano Osorno,30,16
gh-31780279220-0814T0830,2026-08-14T03:30:35-05:00,2026134,CLASE TEORICA,(6) Grupo 6,No informado,30,16
gh-31780279220-0814T0830,2026-08-14T03:30:36-05:00,2015954,CLASE TEORICA,(1) Grupo 1,Erasmo Alfredo Rodriguez Sandoval,30,17
gh-31780279220-0814T0830,2026-08-14T03:30:36-05:00,2015954,CLASE TEORICA,(2) Grupo 2,Mario Enrique Moreno Castiblanco,30,17
gh-31780279220-0814T0830,2026-08-14T03:30:36-05:00,2015954,CLASE TEORICA,(3) Grupo 3,Luis Alejandro Morales Marin,30,17
gh-31780279220-0814T0830,2026-08-14T03:30:37-05:00,2015955,CLASE TEORICA,(1) Grupo 1,Giovanni Andres Cortes Tovar,30,18
gh-31780279220-0814T0830,2026-08-14T03:30:37-05:00,2015955,CLASE TEORICA,(2) Grupo 2,Angela Barrera Puerto,30,18
gh-31780279220-0814T0830,2026-08-14T03:30:37-05:00,2015955,CLASE TEORICA,(3) Grupo 3,Giovanni Andres Cortes Tovar,30,18
gh-31780279220-0814T0830,2026-08-14T03:30:39-05:00,1000011-B,CLASE TEORICA,(1) Grupo 1,Ernesto Javier Puertas Dellepianes,118,19
gh-31780279220-0814T0830,2026-08-14T03:30:39-05:00,1000011-B,CLASE TEORICA,(3) Grupo 3,Néstor Fernando Perez Buitrago,12,19
gh-31780279220-0814T0830,2026-08-14T03:30:42-05:00,1000019-B,CLASE LABORATORIO,(1) Grupo 1,Gustavo Martinez Tamayo,35,20
gh-31780279220-0814T0830,2026-08-14T03:30:42-05:00,1000019-B,CLASE LABORATORIO,(10) Grupo 10,LUIS AGULLES PEDROS,35,20
gh-31780279220-0814T0830,2026-08-14T03:30:42-05:00,1000019-B,CLASE LABORATORIO,(11) Grupo 11,EVER DAVID ALCALA CAJAR,35,20
gh-31780279220-0814T0830,2026-08-14T03:30:42-05:00,1000019-B,CLASE LABORATORIO,(12) Grupo 12,FABIAN FELIPE QUEVEDO FARIETA,35,20
gh-31780279220-0814T0830,2026-08-14T03:30:42-05:00,1000019-B,CLASE LABORATORIO,(13) Grupo 13,Alvaro Marino Camargo,35,20
gh-31780279220-0814T0830,2026-08-14T03:30:42-05:00,1000019-B,CLASE LABORATORIO,(14) Grupo 14,Alvaro Marino Camargo; Miryam Rincon Joya,35,20
gh-31780279220-0814T0830,2026-08-14T03:30:42-05:00,1000019-B,CLASE LABORATORIO,(15) Grupo 15,JULIAN MATEO DE MENDOZA GUTIERREZ,32,20
gh-31780279220-0814T0830,2026-08-14T03:30:42-05:00,1000019-B,CLASE LABORATORIO,(16) Grupo 16,Alvaro Marino Camargo; Doris Yaneth Cadavid Rodriguez,35,20
gh-31780279220-0814T0830,2026-08-14T03:30:42-05:00,1000019-B,CLASE LABORATORIO,(17) Grupo 17,JULIAN MATEO DE MENDOZA GUTIERREZ,34,20
gh-31780279220-0814T0830,2026-08-14T03:30:42-05:00,1000019-B,CLASE LABORATORIO,(18) Grupo 18,Jaime Villalobos Velasco,34,20
gh-31780279220-0814T0830,2026-08-14T03:30:42-05:00,1000019-B,CLASE LABORATORIO,(19) Grupo 19,JULY PAOLA GARZÓN LOPEZ,32,20
gh-31780279220-0814T0830,2026-08-14T03:30:42-05:00,1000019-B,CLASE LABORATORIO,(2) Grupo 2,Gustavo Martinez Tamayo,35,20
gh-31780279220-0814T0830,2026-08-14T03:30:42-05:00,1000019-B,CLASE LABORATORIO,(20) Grupo 20,JOSE ALFREDO GOMEZ MATEUS,35,20
gh-31780279220-0814T0830,2026-08-14T03:30:42-05:00,1000019-B,CLASE LABORATORIO,(21) Grupo 21,Pedro Hernan Sanchez Machet,35,20
gh-31780279220-0814T0830,2026-08-14T03:30:42-05:00,1000019-B,CLASE LABORATORIO,(22) Grupo 22,Pedro Hernan Sanchez Machet,35,20
gh-31780279220-0814T0830,2026-08-14T03:30:42-05:00,1000019-B,CLASE LABORATORIO,(23) Grupo 23,Pedro Hernan Sanchez Machet,35,20
gh-31780279220-0814T0830,2026-08-14T03:30:42-05:00,1000019-B,CLASE LABORATORIO,(24) Grupo 24,Pedro Hernan Sanchez Machet,35,20
gh-31780279220-0814T0830,2026-08-14T03:30:42-05:00,1000019-B,CLASE LABORATORIO,(25) Grupo 25,Plinio Del Carmen Teheran Sermeno,45,20
gh-31780279220-0814T0830,2026-08-14T03:30:42-05:00,1000019-B,CLASE LABORATORIO,(26) Grupo 26 (VIRTUAL),Plinio Del Carmen Teheran Sermeno,50,20
gh-31780279220-0814T0830,2026-08-14T03:30:42-05:00,1000019-B,CLASE LABORATORIO,(27) Grupo 27 (VIRTUAL),Plinio Del Carmen Teheran Sermeno,50,20
gh-31780279220-0814T0830,2026-08-14T03:30:42-05:00,1000019-B,CLASE LABORATORIO,(28) Grupo 28 (VIRTUAL),Plinio Del Carmen Teheran Sermeno,50,20
gh-31780279220-0814T0830,2026-08-14T03:30:42-05:00,1000019-B,CLASE LABORATORIO,(29) Grupo 29 (VIRTUAL),Plinio Del Carmen Teheran Sermeno,50,20
gh-31780279220-0814T0830,2026-08-14T03:30:42-05:00,1000019-B,CLASE LABORATORIO,(3) Grupo 3,Gustavo Martinez Tamayo,35,20
gh-31780279220-0814T0830,2026-08-14T03:30:42-05:00,1000019-B,CLASE LABORATORIO,(4) Grupo 4,No informado,35,20
gh-31780279220-0814T0830,2026-08-14T03:30:42-05:00,1000019-B,CLASE LABORATORIO,(5) Grupo 5,FABIAN FELIPE QUEVEDO FARIETA,35,20
gh-31780279220-0814T0830,2026-08-14T03:30:42-05:00,1000019-B,CLASE LABORATORIO,(6) Grupo 6,Jaime Villalobos Velasco,35,20
gh-31780279220-0814T0830,2026-08-14T03:30:42-05:00,1000019-B,CLASE LABORATORIO,(7) Grupo 7,Jaime Villalobos Velasco,35,20
gh-31780279220-0814T0830,2026-08-14T03:30:42-05:00,1000019-B,CLASE LABORATORIO,(8) Grupo 8,Alvaro Marino Camargo,35,20
gh-31780279220-0814T0830,2026-08-14T03:30:42-05:00,1000019-B,CLASE LABORATORIO,(9) Grupo 9,Erika Lorena Rosero Alzate,0,20
gh-31780279220-0814T0830,2026-08-14T03:30:42-05:00,1000019-B,CLASE TALLER,(1) Grupo 1,FABIAN FELIPE QUEVEDO FARIETA,35,20
gh-31780279220-0814T0830,2026-08-14T03:30:42-05:00,1000019-B,CLASE TALLER,(10) Grupo 10,FABIAN FELIPE QUEVEDO FARIETA,35,20
gh-31780279220-0814T0830,2026-08-14T03:30:42-05:00,1000019-B,CLASE TALLER,(11) Grupo 11,JULIAN MATEO DE MENDOZA GUTIERREZ,35,20
gh-31780279220-0814T0830,2026-08-14T03:30:42-05:00,1000019-B,CLASE TALLER,(12) Grupo 12,EVER DAVID ALCALA CAJAR,35,20
gh-31780279220-0814T0830,2026-08-14T03:30:42-05:00,1000019-B,CLASE TALLER,(13) Grupo 13,MIGUEL ENRIQUE GÁMEZ LÓPEZ,35,20
gh-31780279220-0814T0830,2026-08-14T03:30:42-05:00,1000019-B,CLASE TALLER,(14) Grupo 14,No informado,35,20
gh-31780279220-0814T0830,2026-08-14T03:30:42-05:00,1000019-B,CLASE TALLER,(15) Grupo 15,EVER DAVID ALCALA CAJAR,32,20
gh-31780279220-0814T0830,2026-08-14T03:30:42-05:00,1000019-B,CLASE TALLER,(16) Grupo 16,Edna Carolina Pinilla Beltran,35,20
gh-31780279220-0814T0830,2026-08-14T03:30:42-05:00,1000019-B,CLASE TALLER,(17) Grupo 17,Jereson Silva Valencia,34,20
gh-31780279220-0814T0830,2026-08-14T03:30:42-05:00,1000019-B,CLASE TALLER,(18) Grupo 18,Jereson Silva Valencia,34,20
gh-31780279220-0814T0830,2026-08-14T03:30:42-05:00,1000019-B,CLASE TALLER,(19) Grupo 19,Jereson Silva Valencia,32,20
gh-31780279220-0814T0830,2026-08-14T03:30:42-05:00,1000019-B,CLASE TALLER,(2) Grupo 2,Gustavo Martinez Tamayo,35,20
gh-31780279220-0814T0830,2026-08-14T03:30:42-05:00,1000019-B,CLASE TALLER,(20) Grupo 20,Jereson Silva Valencia,35,20
gh-31780279220-0814T0830,2026-08-14T03:30:42-05:00,1000019-B,CLASE TALLER,(21) Grupo 21,JOSE ALFREDO GOMEZ MATEUS,35,20
gh-31780279220-0814T0830,2026-08-14T03:30:42-05:00,1000019-B,CLASE TALLER,(22) Grupo 22,JULY PAOLA GARZÓN LOPEZ,35,20
gh-31780279220-0814T0830,2026-08-14T03:30:42-05:00,1000019-B,CLASE TALLER,(23) Grupo 23,Edna Carolina Pinilla Beltran,35,20
gh-31780279220-0814T0830,2026-08-14T03:30:42-05:00,1000019-B,CLASE TALLER,(24) Grupo 24,Diego Alejandro Torres Galindo,35,20
gh-31780279220-0814T0830,2026-08-14T03:30:42-05:00,1000019-B,CLASE TALLER,(25) Grupo 25,Plinio Del Carmen Teheran Sermeno,45,20
gh-31780279220-0814T0830,2026-08-14T03:30:42-05:00,1000019-B,CLASE TALLER,(26) Grupo 26 (VIRTUAL),Plinio Del Carmen Teheran Sermeno,50,20
gh-31780279220-0814T0830,2026-08-14T03:30:42-05:00,1000019-B,CLASE TALLER,(27) Grupo 27 (VIRTUAL),Plinio Del Carmen Teheran Sermeno,50,20
gh-31780279220-0814T0830,2026-08-14T03:30:42-05:00,1000019-B,CLASE TALLER,(28) Grupo 28 (VIRTUAL),Plinio Del Carmen Teheran Sermeno,50,20
gh-31780279220-0814T0830,2026-08-14T03:30:42-05:00,1000019-B,CLASE TALLER,(29) Grupo 29 (VIRTUAL),Plinio Del Carmen Teheran Sermeno,50,20
gh-31780279220-0814T0830,2026-08-14T03:30:42-05:00,1000019-B,CLASE TALLER,(3) Grupo 3,Gustavo Martinez Tamayo,35,20
gh-31780279220-0814T0830,2026-08-14T03:30:42-05:00,1000019-B,CLASE TALLER,(4) Grupo 4,Jaime Villalobos Velasco,35,20
gh-31780279220-0814T0830,2026-08-14T03:30:42-05:00,1000019-B,CLASE TALLER,(5) Grupo 5,Jaime Villalobos Velasco,35,20
gh-31780279220-0814T0830,2026-08-14T03:30:42-05:00,1000019-B,CLASE TALLER,(6) Grupo 6,Ramiro Cardona Cardona,35,20
gh-31780279220-0814T0830,2026-08-14T03:30:42-05:00,1000019-B,CLASE TALLER,(7) Grupo 7,Ramiro Cardona Cardona,35,20
gh-31780279220-0814T0830,2026-08-14T03:30:42-05:00,1000019-B,CLASE TALLER,(8) Grupo 8,Edna Carolina Pinilla Beltran,35,20
gh-31780279220-0814T0830,2026-08-14T03:30:42-05:00,1000019-B,CLASE TALLER,(9) Grupo 9,No informado,10,20
gh-31780279220-0814T0830,2026-08-14T03:30:42-05:00,1000019-B,CLASE MAGISTRAL,(16) Gruop 16,Erika Lorena Rosero Alzate; Daniel Camilo Padilla González,8,20
gh-31780279220-0814T0830,2026-08-14T03:30:42-05:00,1000019-B,CLASE MAGISTRAL,(1) Grupo 1,Gustavo Martinez Tamayo,35,20
gh-31780279220-0814T0830,2026-08-14T03:30:42-05:00,1000019-B,CLASE MAGISTRAL,(10) Grupo 10,Ovidio Amado Almanza Montero,35,20
gh-31780279220-0814T0830,2026-08-14T03:30:42-05:00,1000019-B,CLASE MAGISTRAL,(11) Grupo 11,Ovidio Amado Almanza Montero,35,20
gh-31780279220-0814T0830,2026-08-14T03:30:42-05:00,1000019-B,CLASE MAGISTRAL,(12) Grupo 12,Ovidio Amado Almanza Montero,35,20
gh-31780279220-0814T0830,2026-08-14T03:30:42-05:00,1000019-B,CLASE MAGISTRAL,(13) Grupo 13,Jaime Villalobos Velasco,35,20
gh-31780279220-0814T0830,2026-08-14T03:30:42-05:00,1000019-B,CLASE MAGISTRAL,(14) Grupo 14,Jaime Villalobos Velasco,35,20
gh-31780279220-0814T0830,2026-08-14T03:30:42-05:00,1000019-B,CLASE MAGISTRAL,(15) Grupo 15,Jaime Villalobos Velasco,32,20
gh-31780279220-0814T0830,2026-08-14T03:30:42-05:00,1000019-B,CLASE MAGISTRAL,(17) Grupo 17,Jereson Silva Valencia,34,20
gh-31780279220-0814T0830,2026-08-14T03:30:42-05:00,1000019-B,CLASE MAGISTRAL,(18) Grupo 18,Jereson Silva Valencia,34,20
gh-31780279220-0814T0830,2026-08-14T03:30:42-05:00,1000019-B,CLASE MAGISTRAL,(19) Grupo 19,Jereson Silva Valencia,32,20
gh-31780279220-0814T0830,2026-08-14T03:30:42-05:00,1000019-B,CLASE MAGISTRAL,(2) Grupo 2,Gustavo Martinez Tamayo,35,20
gh-31780279220-0814T0830,2026-08-14T03:30:42-05:00,1000019-B,CLASE MAGISTRAL,(20) Grupo 20,Jereson Silva Valencia,35,20
gh-31780279220-0814T0830,2026-08-14T03:30:42-05:00,1000019-B,CLASE MAGISTRAL,(21) Grupo 21,Diego Alejandro Torres Galindo,35,20
gh-31780279220-0814T0830,2026-08-14T03:30:42-05:00,1000019-B,CLASE MAGISTRAL,(22) Grupo 22,Diego Alejandro Torres Galindo,35,20
gh-31780279220-0814T0830,2026-08-14T03:30:42-05:00,1000019-B,CLASE MAGISTRAL,(23) Grupo 23,Diego Alejandro Torres Galindo,35,20
gh-31780279220-0814T0830,2026-08-14T03:30:42-05:00,1000019-B,CLASE MAGISTRAL,(24) Grupo 24,Diego Alejandro Torres Galindo,35,20
gh-31780279220-0814T0830,2026-08-14T03:30:42-05:00,1000019-B,CLASE MAGISTRAL,(25) Grupo 25,Plinio Del Carmen Teheran Sermeno,45,20
gh-31780279220-0814T0830,2026-08-14T03:30:42-05:00,1000019-B,CLASE MAGISTRAL,(26) Grupo 26 (VIRTUAL),Plinio Del Carmen Teheran Sermeno,50,20
gh-31780279220-0814T0830,2026-08-14T03:30:42-05:00,1000019-B,CLASE MAGISTRAL,(27) Grupo 27 (VIRTUAL),Plinio Del Carmen Teheran Sermeno,50,20
gh-31780279220-0814T0830,2026-08-14T03:30:42-05:00,1000019-B,CLASE MAGISTRAL,(28) Grupo 28 (VIRTUAL),Plinio Del Carmen Teheran Sermeno,50,20
gh-31780279220-0814T0830,2026-08-14T03:30:42-05:00,1000019-B,CLASE MAGISTRAL,(29) Grupo 29 (VIRTUAL),Plinio Del Carmen Teheran Sermeno,50,20
gh-31780279220-0814T0830,2026-08-14T03:30:42-05:00,1000019-B,CLASE MAGISTRAL,(3) Grupo 3,Gustavo Martinez Tamayo,35,20
gh-31780279220-0814T0830,2026-08-14T03:30:42-05:00,1000019-B,CLASE MAGISTRAL,(4) Grupo 4,Gustavo Martinez Tamayo,35,20
gh-31780279220-0814T0830,2026-08-14T03:30:42-05:00,1000019-B,CLASE MAGISTRAL,(5) Grupo 5,Ramiro Cardona Cardona,35,20
gh-31780279220-0814T0830,2026-08-14T03:30:42-05:00,1000019-B,CLASE MAGISTRAL,(6) Grupo 6,Ramiro Cardona Cardona,35,20
gh-31780279220-0814T0830,2026-08-14T03:30:42-05:00,1000019-B,CLASE MAGISTRAL,(7) Grupo 7,Ramiro Cardona Cardona,35,20
gh-31780279220-0814T0830,2026-08-14T03:30:42-05:00,1000019-B,CLASE MAGISTRAL,(8) Grupo 8,Ramiro Cardona Cardona,35,20
gh-31780279220-0814T0830,2026-08-14T03:30:42-05:00,1000019-B,CLASE MAGISTRAL,(9) Grupo 9,Fredy Angel Jimenez Giraldo,10,20
gh-31780279220-0814T0830,2026-08-14T03:30:43-05:00,2015956,CLASE TEORICA,(1) Grupo 1,Modesto Portilla Gamboa; Fernando Eli Romero Ordoñez,35,21
gh-31780279220-0814T0830,2026-08-14T03:30:43-05:00,2015956,CLASE TEORICA,(2) Grupo 2,Jennifer Angel Amaya,30,21
gh-31780279220-0814T0830,2026-08-14T03:30:43-05:00,2015956,CLASE TEORICA,(3) Grupo 3,Jennifer Angel Amaya,30,21
gh-31780279220-0814T0830,2026-08-14T03:30:43-05:00,2015956,CLASE TEORICA,(4) Grupo 4,Fernando Eli Romero Ordoñez; Modesto Portilla Gamboa,35,21
gh-31780279220-0814T0830,2026-08-14T03:30:44-05:00,2015957,CLASE PRACTICA,(1) Grupo 1,No informado,30,22
gh-31780279220-0814T0830,2026-08-14T03:30:44-05:00,2015957,CLASE PRACTICA,(2) Grupo 2,Samuel Fernando Mesa Giraldo,30,22
gh-31780279220-0814T0830,2026-08-14T03:30:44-05:00,2015957,CLASE PRACTICA,(3) Grupo 3,Rose Marie Aldana Boutin,30,22
gh-31780279220-0814T0830,2026-08-14T03:30:44-05:00,2015957,CLASE PRACTICA,(4) Grupo 4,Rose Marie Aldana Boutin,30,22
gh-31780279220-0814T0830,2026-08-14T03:30:45-05:00,2015958,CLASE PRACTICA,(1) Grupo 1,William Castro Garcia,20,23
gh-31780279220-0814T0830,2026-08-14T03:30:45-05:00,2015958,CLASE PRACTICA,(2) Grupo 2,William Castro Garcia,20,23
gh-31780279220-0814T0830,2026-08-14T03:30:45-05:00,2015958,CLASE PRACTICA,(3) Grupo 3,Carlos Alfonso Gomez Guacaneme,30,23
gh-31780279220-0814T0830,2026-08-14T03:30:45-05:00,2015958,CLASE PRACTICA,(4) Grupo 4,Mario Arturo Rincon Villalba,20,23
gh-31780279220-0814T0830,2026-08-14T03:30:45-05:00,2015958,CLASE PRACTICA,(5) Grupo 5,Mario Arturo Rincon Villalba,20,23
gh-31780279220-0814T0830,2026-08-14T03:30:45-05:00,2015958,CLASE PRACTICA,(6) Grupo 6,Fausto Alejandro Silva España,20,23
gh-31780279220-0814T0830,2026-08-14T03:30:45-05:00,2015958,CLASE PRACTICA,(7) Grupo 7,Fausto Alejandro Silva España,20,23
gh-31780279220-0814T0830,2026-08-14T03:30:45-05:00,2015958,CLASE PRACTICA,(8) Grupo 8,Fausto Alejandro Silva España,20,23
gh-31780279220-0814T0830,2026-08-14T03:30:45-05:00,2015958,CLASE PRACTICA,(9) Grupo 9,Fausto Alejandro Silva España,20,23
gh-31780279220-0814T0830,2026-08-14T03:30:45-05:00,2015958,CLASE TEORICA,(1) Grupo 1,William Castro Garcia,40,23
gh-31780279220-0814T0830,2026-08-14T03:30:45-05:00,2015958,CLASE TEORICA,(3) Grupo 3,Carlos Alfonso Gomez Guacaneme,30,23
gh-31780279220-0814T0830,2026-08-14T03:30:45-05:00,2015958,CLASE TEORICA,(4) Grupo 4,Mario Arturo Rincon Villalba,40,23
gh-31780279220-0814T0830,2026-08-14T03:30:45-05:00,2015958,CLASE TEORICA,(6) Grupo 6,Cesar Andres Cortes Bello,40,23
gh-31780279220-0814T0830,2026-08-14T03:30:45-05:00,2015958,CLASE TEORICA,(8) Grupo 8,Cesar Andres Cortes Bello,40,23
gh-31780279220-0814T0830,2026-08-14T03:30:47-05:00,2015959,CLASE TEORICA,(1) Grupo 1,Carlos Eduardo Rodriguez Pineda,30,24
gh-31780279220-0814T0830,2026-08-14T03:30:47-05:00,2015959,CLASE TEORICA,(2) Grupo 2,Guillermo Eduardo Avila Alvarez,30,24
gh-31780279220-0814T0830,2026-08-14T03:30:47-05:00,2015959,CLASE TEORICA,(3) Grupo 3,Livaniel Viveros Rosero,30,24
gh-31780279220-0814T0830,2026-08-14T03:30:47-05:00,2015959,CLASE TEORICA,(4) Grupo 4,No informado,0,24
gh-31780279220-0814T0830,2026-08-14T03:30:49-05:00,2015961,CLASE TEORICA,(1) Grupo 1,Rafael Orland Ortiz Mosquera,24,26
gh-31780279220-0814T0830,2026-08-14T03:30:49-05:00,2015961,CLASE TEORICA,(2) Grupo 2,Adriana Patricia Piña Fulano,24,26
gh-31780279220-0814T0830,2026-08-14T03:30:49-05:00,2015961,CLASE TEORICA,(3) Grupo 3,Gelber Norberto Gutierrez Palacios,24,26
gh-31780279220-0814T0830,2026-08-14T03:30:49-05:00,2015961,CLASE TEORICA,(4) Grupo 4,No informado,24,26
gh-31780279220-0814T0830,2026-08-14T03:30:49-05:00,2015961,CLASE TEORICA,(5) Grupo 5,No informado,24,26
gh-31780279220-0814T0830,2026-08-14T03:30:49-05:00,2015961,CLASE TEORICA,(6) Grupo 6,Leonardo David Donado Garzon,24,26
gh-31780279220-0814T0830,2026-08-14T03:30:50-05:00,2015978,CLASE TEORICA,(1) Grupo 1,No informado,0,27
gh-31780279220-0814T0830,2026-08-14T03:30:50-05:00,2015978,CLASE TEORICA,(2) Grupo 2,Erasmo Alfredo Rodriguez Sandoval,30,27
gh-31780279220-0814T0830,2026-08-14T03:30:50-05:00,2015978,CLASE TEORICA,(3) Grupo 3,No informado,30,27
gh-31780279220-0814T0830,2026-08-14T03:30:50-05:00,2015978,CLASE TEORICA,(4) Grupo 4,No informado,30,27
gh-31780279220-0814T0830,2026-08-14T03:30:50-05:00,2015978,CLASE TEORICA,(5) Grupo 5,No informado,30,27
gh-31780279220-0814T0830,2026-08-14T03:30:52-05:00,2026135,CLASE TEORICA,(1) Grupo 1,NICOLAS ESCALANTE MORA,25,28
gh-31780279220-0814T0830,2026-08-14T03:30:52-05:00,2026135,CLASE TEORICA,(2) Grupo 2,Leonel Vega Mora,25,28
gh-31780279220-0814T0830,2026-08-14T03:30:52-05:00,2026135,CLASE TEORICA,(3) Grupo 3,Leonel Vega Mora,25,28
gh-31780279220-0814T0830,2026-08-14T03:30:53-05:00,2015963,CLASE TEORICA,(1) Grupo 1,No informado,30,29
gh-31780279220-0814T0830,2026-08-14T03:30:53-05:00,2015963,CLASE TEORICA,(2) Grupo 2,No informado,30,29
gh-31780279220-0814T0830,2026-08-14T03:30:53-05:00,2015963,CLASE TEORICA,(3) Grupo 3,William Castro Garcia,30,29
gh-31780279220-0814T0830,2026-08-14T03:30:54-05:00,2026138,CLASE TEORICA,(1) Grupo 1,Ivan Dario Serrano Arrieta,30,30
gh-31780279220-0814T0830,2026-08-14T03:30:54-05:00,2026138,CLASE TEORICA,(2) Grupo 2,Ivan Dario Serrano Arrieta,30,30
gh-31780279220-0814T0830,2026-08-14T03:30:54-05:00,2026138,CLASE TEORICA,(3) Grupo 3,Pedro Luis Jimenez Poveda,30,30
gh-31780279220-0814T0830,2026-08-14T03:30:55-05:00,2015703,NA,(1) Grupo 1,Angela Maria Arboleda Restrepo,40,31
gh-31780279220-0814T0830,2026-08-14T03:30:55-05:00,2015703,NA,(10) Grupo 10,Diego Alejandro Hernandez Castañeda,30,31
gh-31780279220-0814T0830,2026-08-14T03:30:55-05:00,2015703,NA,(11) Grupo 11,Julio Cesar Cañon Rodriguez,30,31
gh-31780279220-0814T0830,2026-08-14T03:30:55-05:00,2015703,NA,(2) Grupo 2,Osman Benjamin Giovanny Vargas Rozo,40,31
gh-31780279220-0814T0830,2026-08-14T03:30:55-05:00,2015703,NA,(3) Grupo 3,Hugo Alberto Herrera Fonseca,40,31
gh-31780279220-0814T0830,2026-08-14T03:30:55-05:00,2015703,NA,(4) Grupo 4,LINA JULIANA BULLA CASAS,30,31
gh-31780279220-0814T0830,2026-08-14T03:30:55-05:00,2015703,NA,(5) Grupo 5 - Virtual,Cesar Augusto Roa Lemus,60,31
gh-31780279220-0814T0830,2026-08-14T03:30:55-05:00,2015703,NA,(6) Grupo 6,JAVIER RICARDO OJEDA SANCHEZ,40,31
gh-31780279220-0814T0830,2026-08-14T03:30:55-05:00,2015703,NA,(7) Grupo 7,JAVIER RICARDO OJEDA SANCHEZ,20,31
gh-31780279220-0814T0830,2026-08-14T03:30:55-05:00,2015703,NA,(8) Grupo 8,Diego Alejandro Hernandez Castañeda,40,31
gh-31780279220-0814T0830,2026-08-14T03:30:55-05:00,2015703,NA,(9) Grupo 9,LINA JULIANA BULLA CASAS,35,31
gh-31780279220-0814T0830,2026-08-14T03:30:57-05:00,1000044-B,CLASE TEORICA,(1) Grupo 1,Beatriz Elena Urrutia Sanchez,26,32
gh-31780279220-0814T0830,2026-08-14T03:30:57-05:00,1000044-B,CLASE TEORICA,(2) Grupo 2,Yaneli Niño Osorio,26,32
gh-31780279220-0814T0830,2026-08-14T03:30:57-05:00,1000044-B,CLASE TEORICA,(3) Grupo 3,Luis Gabriel Peña Ortiz,26,32
gh-31780279220-0814T0830,2026-08-14T03:30:57-05:00,1000044-B,CLASE TEORICA,(4) Grupo 4,Liliana Marcela Guzman Aricapa,26,32
gh-31780279220-0814T0830,2026-08-14T03:30:57-05:00,1000044-B,CLASE TEORICA,(5) Grupo 5,Beatriz Elena Urrutia Sanchez,26,32
gh-31780279220-0814T0830,2026-08-14T03:30:57-05:00,1000044-B,CLASE TEORICA,(6) Grupo 6,Cesar Augusto Romero,26,32
gh-31780279220-0814T0830,2026-08-14T03:30:57-05:00,1000044-B,CLASE TEORICA,(7) Grupo 7,JOSE JONATHAN MAESTRE HERRERA,26,32
gh-31780279220-0814T0830,2026-08-14T03:30:57-05:00,1000044-B,CLASE TEORICA,(8) Grupo 8,Beymar Leonardo Solorzano Alviz,26,32
gh-31780279220-0814T0830,2026-08-14T03:30:57-05:00,1000044-B,CLASE TEORICA,(9) Grupo 9,Claudia Marcela Arevalo Gomez,7,32
gh-31780279220-0814T0830,2026-08-14T03:30:58-05:00,1000045-B,CLASE TEORICA,(1) Grupo 1,Claudia Marcela Arevalo Gomez,10,33
gh-31780279220-0814T0830,2026-08-14T03:30:58-05:00,1000045-B,CLASE TEORICA,(10) Grupo 10,Jesica paola Rendon Alfonso,26,33
gh-31780279220-0814T0830,2026-08-14T03:30:58-05:00,1000045-B,CLASE TEORICA,(11) Grupo 11,JOSE JONATHAN MAESTRE HERRERA,26,33
gh-31780279220-0814T0830,2026-08-14T03:30:58-05:00,1000045-B,CLASE TEORICA,(12) Grupo 12,LINDA JOHANA RUIZ GOMEZ,26,33
gh-31780279220-0814T0830,2026-08-14T03:30:58-05:00,1000045-B,CLASE TEORICA,(13) Grupo 13,Narly Yadira Pardo Cadena,26,33
gh-31780279220-0814T0830,2026-08-14T03:30:58-05:00,1000045-B,CLASE TEORICA,(14) Grupo 14,Angelica Saenz Fonseca,26,33
gh-31780279220-0814T0830,2026-08-14T03:30:58-05:00,1000045-B,CLASE TEORICA,(15) Grupo 15,Narly Yadira Pardo Cadena,26,33
gh-31780279220-0814T0830,2026-08-14T03:30:58-05:00,1000045-B,CLASE TEORICA,(16) Grupo 16,Luis Gabriel Peña Ortiz,26,33
gh-31780279220-0814T0830,2026-08-14T03:30:58-05:00,1000045-B,CLASE TEORICA,(2) Grupo 2,Cesar Augusto Romero,26,33
gh-31780279220-0814T0830,2026-08-14T03:30:58-05:00,1000045-B,CLASE TEORICA,(3) Grupo 3,Jesica paola Rendon Alfonso,26,33
gh-31780279220-0814T0830,2026-08-14T03:30:58-05:00,1000045-B,CLASE TEORICA,(4) Grupo 4,Adriana Marlen Sanchez Riaño,26,33
gh-31780279220-0814T0830,2026-08-14T03:30:58-05:00,1000045-B,CLASE TEORICA,(5) Grupo 5,Cesar Augusto Romero,26,33
gh-31780279220-0814T0830,2026-08-14T03:30:58-05:00,1000045-B,CLASE TEORICA,(6) Grupo 6,Sara Elisa Monsalve Patino,26,33
gh-31780279220-0814T0830,2026-08-14T03:30:58-05:00,1000045-B,CLASE TEORICA,(7) Grupo 7,Luis Gabriel Peña Ortiz,26,33
gh-31780279220-0814T0830,2026-08-14T03:30:58-05:00,1000045-B,CLASE TEORICA,(8) Grupo 8,Johnatan Martinez Hernandez,26,33
gh-31780279220-0814T0830,2026-08-14T03:30:58-05:00,1000045-B,CLASE TEORICA,(9) Grupo 9,Maureen Elizabeth Hooker Oneill,15,33
gh-31780279220-0814T0830,2026-08-14T03:31:01-05:00,1000046-B,CLASE TEORICA,(1) Grupo 1,Johnatan Martinez Hernandez,26,35
gh-31780279220-0814T0830,2026-08-14T03:31:01-05:00,1000046-B,CLASE TEORICA,(10) Grupo 10,Jennly Angelica Gomez Rodriguez,26,35
gh-31780279220-0814T0830,2026-08-14T03:31:01-05:00,1000046-B,CLASE TEORICA,(11) Grupo 11,Angelica Saenz Fonseca,26,35
gh-31780279220-0814T0830,2026-08-14T03:31:01-05:00,1000046-B,CLASE TEORICA,(12) Grupo 12,Liliana Marcela Guzman Aricapa,26,35
gh-31780279220-0814T0830,2026-08-14T03:31:01-05:00,1000046-B,CLASE TEORICA,(13) Grupo 13,ALBA LUCIA RIAÑO RODRIGUEZ,26,35
gh-31780279220-0814T0830,2026-08-14T03:31:01-05:00,1000046-B,CLASE TEORICA,(14) Grupo 14,Angelica Saenz Fonseca,26,35
gh-31780279220-0814T0830,2026-08-14T03:31:01-05:00,1000046-B,CLASE TEORICA,(15) Grupo 15,Luis Gabriel Peña Ortiz,26,35
gh-31780279220-0814T0830,2026-08-14T03:31:01-05:00,1000046-B,CLASE TEORICA,(16) Grupo 16,Olga Lucia Ruiz Convers,26,35
gh-31780279220-0814T0830,2026-08-14T03:31:01-05:00,1000046-B,CLASE TEORICA,(17) Grupo 17,Luis Gabriel Peña Ortiz,26,35
gh-31780279220-0814T0830,2026-08-14T03:31:01-05:00,1000046-B,CLASE TEORICA,(18) Grupo 18,Narly Yadira Pardo Cadena,26,35
gh-31780279220-0814T0830,2026-08-14T03:31:01-05:00,1000046-B,CLASE TEORICA,(2) Grupo 2,Jesica paola Rendon Alfonso,26,35
gh-31780279220-0814T0830,2026-08-14T03:31:01-05:00,1000046-B,CLASE TEORICA,(3) Grupo 3,JESUS DAVID TORRES RODRIGUEZ,26,35
gh-31780279220-0814T0830,2026-08-14T03:31:01-05:00,1000046-B,CLASE TEORICA,(4) Grupo 4,Claudia Patricia Cortes Lora,26,35
gh-31780279220-0814T0830,2026-08-14T03:31:01-05:00,1000046-B,CLASE TEORICA,(5) Grupo 5,Johnatan Martinez Hernandez,26,35
gh-31780279220-0814T0830,2026-08-14T03:31:01-05:00,1000046-B,CLASE TEORICA,(6) Grupo 6,Johnatan Martinez Hernandez,26,35
gh-31780279220-0814T0830,2026-08-14T03:31:01-05:00,1000046-B,CLASE TEORICA,(7) Grupo 7,Jesica paola Rendon Alfonso,26,35
gh-31780279220-0814T0830,2026-08-14T03:31:01-05:00,1000046-B,CLASE TEORICA,(8) Grupo 8,Beatriz Elena Urrutia Sanchez,26,35
gh-31780279220-0814T0830,2026-08-14T03:31:01-05:00,1000046-B,CLASE TEORICA,(9) Grupo 9,Maureen Elizabeth Hooker Oneill,10,35
gh-31780279220-0814T0830,2026-08-14T03:31:03-05:00,1000052-B,CLASE TEORICA,(1) Grupo 1,Liliana Marcela Guzman Aricapa,28,37
gh-31780279220-0814T0830,2026-08-14T03:31:03-05:00,1000052-B,CLASE TEORICA,(2) Grupo 2,JOSE JONATHAN MAESTRE HERRERA,28,37
gh-31780279220-0814T0830,2026-08-14T03:31:03-05:00,1000052-B,CLASE TEORICA,(3) Grupo 3,Aida Elena Monsalve Solorzano,28,37
gh-31780279220-0814T0830,2026-08-14T03:31:04-05:00,1000053-B,CLASE TEORICA,(1) Grupo 1,Jennly Angelica Gomez Rodriguez,28,38
gh-31780279220-0814T0830,2026-08-14T03:31:04-05:00,1000053-B,CLASE TEORICA,(2) Grupo 2,Yaneli Niño Osorio,28,38
gh-31780279220-0814T0830,2026-08-14T03:31:04-05:00,1000053-B,CLASE TEORICA,(3) Grupo 3,Javier Rodriguez Gomez,30,38
gh-31780279220-0814T0830,2026-08-14T03:31:04-05:00,1000053-B,CLASE TEORICA,(4) Grupo 4,Javier Rodriguez Gomez,30,38
gh-31780279220-0814T0830,2026-08-14T03:31:04-05:00,1000053-B,CLASE TEORICA,(5) Grupo 5,LINDA JOHANA RUIZ GOMEZ,28,38
gh-31780279220-0814T0830,2026-08-14T03:31:04-05:00,1000053-B,CLASE TEORICA,(6) Grupo 6,Olga Lucia Ruiz Convers,28,38
gh-31780279220-0814T0830,2026-08-14T03:31:06-05:00,1000047-B,CLASE TEORICA,(1) Grupo 1,Cesar Augusto Romero,26,39
gh-31780279220-0814T0830,2026-08-14T03:31:06-05:00,1000047-B,CLASE TEORICA,(10) Grupo 10,Monica Alexandra Riaño Orjuela,26,39
gh-31780279220-0814T0830,2026-08-14T03:31:06-05:00,1000047-B,CLASE TEORICA,(11) Grupo 11,Jennly Angelica Gomez Rodriguez,26,39
gh-31780279220-0814T0830,2026-08-14T03:31:06-05:00,1000047-B,CLASE TEORICA,(12) Grupo 12,Claudia Patricia Cortes Lora,26,39
gh-31780279220-0814T0830,2026-08-14T03:31:06-05:00,1000047-B,CLASE TEORICA,(13) Grupo 13,Angelica Saenz Fonseca,26,39
gh-31780279220-0814T0830,2026-08-14T03:31:06-05:00,1000047-B,CLASE TEORICA,(14) Grupo 14,LINDA JOHANA RUIZ GOMEZ,26,39
gh-31780279220-0814T0830,2026-08-14T03:31:06-05:00,1000047-B,CLASE TEORICA,(15) Grupo 15,Claudia Patricia Cortes Lora,26,39
gh-31780279220-0814T0830,2026-08-14T03:31:06-05:00,1000047-B,CLASE TEORICA,(16) Grupo 16,Narly Yadira Pardo Cadena,26,39
gh-31780279220-0814T0830,2026-08-14T03:31:06-05:00,1000047-B,CLASE TEORICA,(17) Grupo 17,Angelica Saenz Fonseca,26,39
gh-31780279220-0814T0830,2026-08-14T03:31:06-05:00,1000047-B,CLASE TEORICA,(18) Grupo 18,ALBA LUCIA RIAÑO RODRIGUEZ,26,39
gh-31780279220-0814T0830,2026-08-14T03:31:06-05:00,1000047-B,CLASE TEORICA,(19) Grupo 19,Aida Elena Monsalve Solorzano,26,39
gh-31780279220-0814T0830,2026-08-14T03:31:06-05:00,1000047-B,CLASE TEORICA,(2) Grupo 2,Yaneli Niño Osorio,26,39
gh-31780279220-0814T0830,2026-08-14T03:31:06-05:00,1000047-B,CLASE TEORICA,(20) Grupo 20,ALBA LUCIA RIAÑO RODRIGUEZ,26,39
gh-31780279220-0814T0830,2026-08-14T03:31:06-05:00,1000047-B,CLASE TEORICA,(21) Grupo 21,Edwin Yesid Leon Silva,26,39
gh-31780279220-0814T0830,2026-08-14T03:31:06-05:00,1000047-B,CLASE TEORICA,(22) Grupo 22,LINDA JOHANA RUIZ GOMEZ,26,39
gh-31780279220-0814T0830,2026-08-14T03:31:06-05:00,1000047-B,CLASE TEORICA,(3) Grupo 3,Monica Alexandra Riaño Orjuela,26,39
gh-31780279220-0814T0830,2026-08-14T03:31:06-05:00,1000047-B,CLASE TEORICA,(4) Grupo 4,Claudia Patricia Cortes Lora,26,39
gh-31780279220-0814T0830,2026-08-14T03:31:06-05:00,1000047-B,CLASE TEORICA,(5) Grupo 5,Olga Lucia Ruiz Convers,26,39
gh-31780279220-0814T0830,2026-08-14T03:31:06-05:00,1000047-B,CLASE TEORICA,(6) Grupo 6,Monica Alexandra Riaño Orjuela,26,39
gh-31780279220-0814T0830,2026-08-14T03:31:06-05:00,1000047-B,CLASE TEORICA,(7) Grupo 7,Cesar Augusto Romero,26,39
gh-31780279220-0814T0830,2026-08-14T03:31:06-05:00,1000047-B,CLASE TEORICA,(8) Grupo 8,Beatriz Elena Urrutia Sanchez,26,39
gh-31780279220-0814T0830,2026-08-14T03:31:06-05:00,1000047-B,CLASE TEORICA,(9) Grupo 9,Keshia Hilary Howard Livingston,15,39
gh-31780279220-0814T0830,2026-08-14T03:31:08-05:00,2026186,CLASE TEORICA,(1) Grupo 1,Carol Andrea Murillo Feo,7,41
gh-31780279220-0814T0830,2026-08-14T03:31:08-05:00,2026186,CLASE TEORICA,(2) Grupo 2,Leonel Vega Mora,0,41
gh-31780279220-0814T0830,2026-08-14T03:31:08-05:00,2026186,CLASE TEORICA,(4) Grupo 4,Carlos Orlando Robles Roa,10,41
gh-31780279220-0814T0830,2026-08-14T03:31:09-05:00,1000002-B,CLASE TEORICA,(1) Grupo 1 - Clase Presencial,Ruth Andrea Cortés Suárez,1,42
gh-31780279220-0814T0830,2026-08-14T03:31:09-05:00,1000002-B,CLASE TEORICA,(10) Grupo 10 - Clase presencial,Karen Johanna Castelblanco Villamil,0,42
gh-31780279220-0814T0830,2026-08-14T03:31:09-05:00,1000002-B,CLASE TEORICA,(2) Grupo 2 - Clase Presencial,Ruth Andrea Cortés Suárez,0,42
gh-31780279220-0814T0830,2026-08-14T03:31:09-05:00,1000002-B,CLASE TEORICA,(3) Grupo 3 - Clase Presencial,Adriana Patricia Díaz Cuevas,0,42
gh-31780279220-0814T0830,2026-08-14T03:31:09-05:00,1000002-B,CLASE TEORICA,(4) Grupo 4 - Clase Presencial,Adriana Patricia Díaz Cuevas,0,42
gh-31780279220-0814T0830,2026-08-14T03:31:09-05:00,1000002-B,CLASE TEORICA,(5) Grupo 5 - Clase Presencial,Andres Felipe Escovar Barreto,0,42
gh-31780279220-0814T0830,2026-08-14T03:31:09-05:00,1000002-B,CLASE TEORICA,(6) Grupo 6 - Clase Presencial,Ruth Andrea Cortés Suárez,0,42
gh-31780279220-0814T0830,2026-08-14T03:31:09-05:00,1000002-B,CLASE TEORICA,(7) Grupo 7 - Clase Presencial,Karen Johanna Castelblanco Villamil,0,42
gh-31780279220-0814T0830,2026-08-14T03:31:09-05:00,1000002-B,CLASE TEORICA,(8) Grupo 8 - Clase Presencial,Adriana Patricia Díaz Cuevas,0,42
gh-31780279220-0814T0830,2026-08-14T03:31:09-05:00,1000002-B,CLASE TEORICA,(9) Grupo 9 - Clase Presencial,Carlas Lucia Castilla Lara,10,42
gh-31780279220-0814T0830,2026-08-14T03:31:11-05:00,1000001-B,CLASE TEORICA,(1) Grupo 1,No informado,0,43
gh-31780279220-0814T0830,2026-08-14T03:31:11-05:00,1000001-B,CLASE TEORICA,(19) Grupo 19,No informado,5,43
gh-31780279220-0814T0830,2026-08-14T03:31:11-05:00,1000001-B,CLASE TEORICA,(2) Grupo 2,No informado,10,43
gh-31780279220-0814T0830,2026-08-14T03:31:11-05:00,1000001-B,CLASE MAGISTRAL,(1) Grupo 1,Ibeth Marcela Rubio Perilla,0,43
gh-31780279220-0814T0830,2026-08-14T03:31:11-05:00,1000001-B,CLASE MAGISTRAL,(10) Grupo 10,No informado,0,43
gh-31780279220-0814T0830,2026-08-14T03:31:11-05:00,1000001-B,CLASE MAGISTRAL,(2) Grupo 2,Herbert Alonso Dueñas Ruiz,0,43
gh-31780279220-0814T0830,2026-08-14T03:31:11-05:00,1000001-B,CLASE MAGISTRAL,(3) Grupo 3,Jeanneth Galeano Penaloza,0,43
gh-31780279220-0814T0830,2026-08-14T03:31:11-05:00,1000001-B,CLASE MAGISTRAL,(4) Grupo 4,Gustavo Adolfo Nieto Clavijo,0,43
gh-31780279220-0814T0830,2026-08-14T03:31:11-05:00,1000001-B,CLASE MAGISTRAL,(5) Grupo 5,Natalia Camila Pinzon Cortes,1,43
gh-31780279220-0814T0830,2026-08-14T03:31:11-05:00,1000001-B,CLASE MAGISTRAL,(6) Grupo 6,Martha Cecilia Moreno Penagos,0,43
gh-31780279220-0814T0830,2026-08-14T03:31:11-05:00,1000001-B,CLASE MAGISTRAL,(7) Grupo 7,Claudio Rodriguez Beltran,0,43
gh-31780279220-0814T0830,2026-08-14T03:31:11-05:00,1000001-B,CLASE MAGISTRAL,(8) Grupo 8,Gabriel Ignacio Padilla Leon,1,43
gh-31780279220-0814T0830,2026-08-14T03:31:11-05:00,1000001-B,CLASE MAGISTRAL,(9) Grupo 9,No informado,10,43
gh-31780279220-0814T0830,2026-08-14T03:31:12-05:00,2015965,CLASE TEORICA,(1) Grupo 1,CAMILO RIOS FRESNEDA,24,44
gh-31780279220-0814T0830,2026-08-14T03:31:12-05:00,2015965,CLASE TEORICA,(2) Grupo 2,Julian David Puerto Suarez; Vladimir Buelvas Hernández,24,44
gh-31780279220-0814T0830,2026-08-14T03:31:12-05:00,2015965,CLASE TEORICA,(3) Grupo 3,Ferney Betancourt Cardozo; Juan Manuel Lizarazo Marriaga,24,44
gh-31780279220-0814T0830,2026-08-14T03:31:12-05:00,2015965,CLASE TEORICA,(4) Grupo 4,No informado,24,44
gh-31780279220-0814T0830,2026-08-14T03:31:13-05:00,2015966,CLASE TEORICA,(1) Grupo 1,No informado,24,45
gh-31780279220-0814T0830,2026-08-14T03:31:13-05:00,2015966,CLASE TEORICA,(2) Grupo 2,Adriana Patricia Piña Fulano,24,45
gh-31780279220-0814T0830,2026-08-14T03:31:13-05:00,2015966,CLASE TEORICA,(3) Grupo 3,Rafael Orland Ortiz Mosquera,24,45
gh-31780279220-0814T0830,2026-08-14T03:31:13-05:00,2015966,CLASE TEORICA,(4) Grupo 4,No informado,24,45
gh-31780279220-0814T0830,2026-08-14T03:31:13-05:00,2015966,CLASE TEORICA,(5) Grupo 5,No informado,24,45
gh-31780279220-0814T0830,2026-08-14T03:31:13-05:00,2015966,CLASE TEORICA,(6) Grupo 6,Luis Alejandro Morales Marin,24,45
gh-31780279220-0814T0830,2026-08-14T03:31:13-05:00,2015966,CLASE TEORICA,(7) Grupo 7,No informado,24,45
gh-31780279220-0814T0830,2026-08-14T03:31:13-05:00,2015966,CLASE TEORICA,(8) Grupo 8,No informado,24,45
gh-31780279220-0814T0830,2026-08-14T03:31:15-05:00,2015967,NA,(1) Grupo 1,Vladimir Buelvas Hernández,24,46
gh-31780279220-0814T0830,2026-08-14T03:31:16-05:00,2015968,CLASE TEORICA,(1) Grupo 1,Ricardo Parra Arango,24,47
gh-31780279220-0814T0830,2026-08-14T03:31:16-05:00,2015968,CLASE TEORICA,(2) Grupo 2,Juan David Oliveros Salazar,24,47
gh-31780279220-0814T0830,2026-08-14T03:31:16-05:00,2015968,CLASE TEORICA,(3) Grupo 3,No informado,24,47
gh-31780279220-0814T0830,2026-08-14T03:31:16-05:00,2015968,CLASE TEORICA,(4) Grupo 4,Ricardo Parra Arango,24,47
gh-31780279220-0814T0830,2026-08-14T03:31:16-05:00,2015968,CLASE TEORICA,(5) Grupo 5,Julian David Puerto Suarez,24,47
gh-31780279220-0814T0830,2026-08-14T03:31:16-05:00,2015968,CLASE TEORICA,(6) Grupo 6,Dorian Luis Linero Segrera,24,47
gh-31780279220-0814T0830,2026-08-14T03:31:16-05:00,2015968,CLASE TEORICA,(7) Grupo 7,No informado,0,47
gh-31780279220-0814T0830,2026-08-14T03:31:17-05:00,2015969,CLASE TEORICA,(1) Grupo 1 (Inglés),Julio Esteban Colmenares Montañez,30,48
gh-31780279220-0814T0830,2026-08-14T03:31:17-05:00,2015969,CLASE TEORICA,(2) Grupo 2,Guillermo Eduardo Avila Alvarez,30,48
gh-31780279220-0814T0830,2026-08-14T03:31:17-05:00,2015969,CLASE TEORICA,(3) Grupo 3,Livaniel Viveros Rosero,30,48
gh-31780279220-0814T0830,2026-08-14T03:31:17-05:00,2015969,CLASE TEORICA,(4) Grupo 4,No informado,30,48
gh-31780279220-0814T0830,2026-08-14T03:31:18-05:00,2015970,CLASE PRACTICA,(4) Grupo 4,Helga Duarte,30,49
gh-31780279220-0814T0830,2026-08-14T03:31:18-05:00,2015970,CLASE PRACTICA,(5) Grupo 5,Oswaldo Rojas Camacho,45,49
gh-31780279220-0814T0830,2026-08-14T03:31:18-05:00,2015970,CLASE PRACTICA,(8) Grupo 8,Helga Duarte,30,49
gh-31780279220-0814T0830,2026-08-14T03:31:18-05:00,2015970,CLASE PRACTICA,(9) Grupo 9,Oswaldo Rojas Camacho,45,49
gh-31780279220-0814T0830,2026-08-14T03:31:19-05:00,2017293,CLASE TEORICA,(1) 2017293-1 Modelación matemática,JUAN SEBASTIÁN HINCAPIÉ MONTES,34,50
gh-31780279220-0814T0830,2026-08-14T03:31:19-05:00,2017293,CLASE TEORICA,(2) 2017293-2 Modelación matemática,JUAN SEBASTIÁN HINCAPIÉ MONTES,34,50
gh-31780279220-0814T0830,2026-08-14T03:31:19-05:00,2017293,CLASE MAGISTRAL,(1M) 2017293-1M Modelación matemática - Magistral,Carlos Alberto Duque Daza,80,50
gh-31780279220-0814T0830,2026-08-14T03:31:23-05:00,2015971,CLASE TEORICA,(1) Grupo 1,No informado,30,53
gh-31780279220-0814T0830,2026-08-14T03:31:23-05:00,2015971,CLASE TEORICA,(2) Grupo 2,Ferney Betancourt Cardozo,30,53
gh-31780279220-0814T0830,2026-08-14T03:31:23-05:00,2015971,CLASE TEORICA,(3) Grupo 3,No informado,30,53
gh-31780279220-0814T0830,2026-08-14T03:31:24-05:00,2015972,CLASE TEORICA,(1) Grupo 1,Carlos Alberto Moncada Aristizabal,15,54
gh-31780279220-0814T0830,2026-08-14T03:31:24-05:00,2015972,CLASE TEORICA,(2) Grupo 2,SANTIAGO RAMIREZ ECHEVERRI,15,54
gh-31780279220-0814T0830,2026-08-14T03:31:24-05:00,2015972,CLASE TEORICA,(3) Grupo 3,No informado,15,54
gh-31780279220-0814T0830,2026-08-14T03:31:25-05:00,1000024-B,CLASE TEORICA,(12) Grupo 12,Edgar Delgado Mejia,0,55
gh-31780279220-0814T0830,2026-08-14T03:31:25-05:00,1000024-B,CLASE TEORICA,(13) Grupo 13,Jesus Sigifredo Valencia Rios,0,55
gh-31780279220-0814T0830,2026-08-14T03:31:25-05:00,1000024-B,CLASE TEORICA,(14) Grupo 14,Jhon Jairo Aragón Arias,10,55
gh-31780279220-0814T0830,2026-08-14T03:31:27-05:00,1000013-B,CLASE TEORICA,(1) Grupo 1,JHONIER SEBASTIAN RANGEL GUTIERREZ,0,56
gh-31780279220-0814T0830,2026-08-14T03:31:27-05:00,1000013-B,CLASE TEORICA,(10) Grupo 10,Sandra Vergara Cardozo,35,56
gh-31780279220-0814T0830,2026-08-14T03:31:27-05:00,1000013-B,CLASE TEORICA,(11) Grupo 11,DIEGO ALBERTO MARTINEZ SIMBAQUEVA,40,56
gh-31780279220-0814T0830,2026-08-14T03:31:27-05:00,1000013-B,CLASE TEORICA,(12) Grupo 12,DIEGO ALBERTO MARTINEZ SIMBAQUEVA,40,56
gh-31780279220-0814T0830,2026-08-14T03:31:27-05:00,1000013-B,CLASE TEORICA,(13) Grupo 13,DIEGO ALBERTO MARTINEZ SIMBAQUEVA,30,56
gh-31780279220-0814T0830,2026-08-14T03:31:27-05:00,1000013-B,CLASE TEORICA,(14) Grupo 14,Andrea Catalina Garcia Montoya,45,56
gh-31780279220-0814T0830,2026-08-14T03:31:27-05:00,1000013-B,CLASE TEORICA,(16) Grupo 16,Sergio Alejandro Calderon Villanueva,30,56
gh-31780279220-0814T0830,2026-08-14T03:31:27-05:00,1000013-B,CLASE TEORICA,(2) Grupo 2,Luis Guillermo Diaz Monroy,40,56
gh-31780279220-0814T0830,2026-08-14T03:31:27-05:00,1000013-B,CLASE TEORICA,(22) Grupo 22,Hanwen Zhang,45,56
gh-31780279220-0814T0830,2026-08-14T03:31:27-05:00,1000013-B,CLASE TEORICA,(23) Grupo 23,ULPIANO LARA CRISTANCHO,0,56
gh-31780279220-0814T0830,2026-08-14T03:31:27-05:00,1000013-B,CLASE TEORICA,(3) Grupo 3,Diana Carolina Franco Soto,40,56
gh-31780279220-0814T0830,2026-08-14T03:31:27-05:00,1000013-B,CLASE TEORICA,(4) Grupo 4,Diana Carolina Franco Soto,40,56
gh-31780279220-0814T0830,2026-08-14T03:31:27-05:00,1000013-B,CLASE TEORICA,(5) Grupo 5,Darwin Eduardo Martínez Riaño,35,56
gh-31780279220-0814T0830,2026-08-14T03:31:27-05:00,1000013-B,CLASE TEORICA,(6) Grupo 6,Darwin Eduardo Martínez Riaño,35,56
gh-31780279220-0814T0830,2026-08-14T03:31:27-05:00,1000013-B,CLASE TEORICA,(7) Grupo 7,Camilo Jose Torres Jimenez,40,56
gh-31780279220-0814T0830,2026-08-14T03:31:28-05:00,2015734,NA,(1) Grupo 1,Fernando Salazar Delgado,6,57
gh-31780279220-0814T0830,2026-08-14T03:31:28-05:00,2015734,NA,(10) Grupo 10,Tito Florez Calderon,4,57
gh-31780279220-0814T0830,2026-08-14T03:31:28-05:00,2015734,NA,(11) Grupo 11,DAVID ALBERTO HERRERA ALVAREZ,0,57
gh-31780279220-0814T0830,2026-08-14T03:31:28-05:00,2015734,NA,(12) Grupo 12,FABIEL NATÁN ESPINOSA CASTAÑEDA,1,57
gh-31780279220-0814T0830,2026-08-14T03:31:28-05:00,2015734,NA,(13) Grupo 13,SERGIO CAMILO ESPINOSA BOTERO,4,57
gh-31780279220-0814T0830,2026-08-14T03:31:28-05:00,2015734,NA,(14) Grupo 14,Felipe Gonzalez Roldan,0,57
gh-31780279220-0814T0830,2026-08-14T03:31:28-05:00,2015734,NA,(2) Grupo 2,Fernando Salazar Delgado,16,57
gh-31780279220-0814T0830,2026-08-14T03:31:28-05:00,2015734,NA,(3) Grupo 3,Jhoan Sebastian Restrepo Mendoza,0,57
gh-31780279220-0814T0830,2026-08-14T03:31:28-05:00,2015734,NA,(4) Grupo 4,Sandra Liliana Rojas Martinez,0,57
gh-31780279220-0814T0830,2026-08-14T03:31:28-05:00,2015734,NA,(5) Grupo 5,Jhoan Sebastian Restrepo Mendoza,0,57
gh-31780279220-0814T0830,2026-08-14T03:31:28-05:00,2015734,NA,(6) Grupo 6,SERGIO CAMILO ESPINOSA BOTERO,8,57
gh-31780279220-0814T0830,2026-08-14T03:31:28-05:00,2015734,NA,(7) Grupo 7,No informado,3,57
gh-31780279220-0814T0830,2026-08-14T03:31:28-05:00,2015734,NA,(8) Grupo 8 - Virtual,FABIEL NATÁN ESPINOSA CASTAÑEDA,30,57
gh-31780279220-0814T0830,2026-08-14T03:31:28-05:00,2015734,NA,(9) Grupo 9,Alvaro Reynel Córdoba,18,57
gh-31780279220-0814T0830,2026-08-14T03:31:31-05:00,2015973,CLASE TEORICA,(1) Grupo 1,No informado,25,59
gh-31780279220-0814T0830,2026-08-14T03:31:31-05:00,2015973,CLASE TEORICA,(2) Grupo 2,GABRIELA ARRIETA LOYO,25,59
gh-31780279220-0814T0830,2026-08-14T03:31:31-05:00,2015973,CLASE TEORICA,(3) Grupo 3,NICOLAS ESCALANTE MORA,25,59
gh-31780279220-0814T0830,2026-08-14T03:31:32-05:00,2022761,NA,(1) Grupo 1,Servio Javier Contreras Guerrero,15,60
gh-31780279220-0814T0830,2026-08-14T03:31:32-05:00,2022761,NA,(2) Grupo 2,Servio Javier Contreras Guerrero,15,60
gh-31780279220-0814T0830,2026-08-14T03:31:32-05:00,2022761,NA,(3) Grupo 3,Samuel Fernando Mesa Giraldo,15,60
gh-31780279220-0814T0830,2026-08-14T03:31:33-05:00,2024045,CLASE TEORICA,(1) 2024045-1 Taller de proyectos interdisciplinarios,No informado,0,61
gh-31780279220-0814T0830,2026-08-14T03:31:33-05:00,2024045,CLASE TEORICA,(10) 2024045-10 Taller de proyectos interdisciplinarios,Oscar Andres Eraso Eraso,0,61
gh-31780279220-0814T0830,2026-08-14T03:31:33-05:00,2024045,CLASE TEORICA,(11) 2024045-11 Taller de proyectos interdisciplinarios,No informado,0,61
gh-31780279220-0814T0830,2026-08-14T03:31:33-05:00,2024045,CLASE TEORICA,(12) 2024045-12 Taller de proyectos interdisciplinarios,Hector Julian Garcia Otalora,200,61
gh-31780279220-0814T0830,2026-08-14T03:31:33-05:00,2024045,CLASE TEORICA,(13) 2024045-13 Taller de proyectos interdisciplinarios,No informado,0,61
gh-31780279220-0814T0830,2026-08-14T03:31:33-05:00,2024045,CLASE TEORICA,(14) 2024045-14 Taller de proyectos interdisciplinarios,Dolly Santos Barbosa,0,61
gh-31780279220-0814T0830,2026-08-14T03:31:33-05:00,2024045,CLASE TEORICA,(15) 2024045-15 Taller de proyectos interdisciplinarios,Oscar Andres Eraso Eraso,0,61
gh-31780279220-0814T0830,2026-08-14T03:31:33-05:00,2024045,CLASE TEORICA,(16) 2024045-16 Taller de proyectos interdisciplinarios,Luis Ignacio Rodriguez Varela,0,61
gh-31780279220-0814T0830,2026-08-14T03:31:33-05:00,2024045,CLASE TEORICA,(17) 2024045-17 Taller de proyectos interdisciplinarios,JOHANA CATALINA MANOSALVA BARRERA,0,61
gh-31780279220-0814T0830,2026-08-14T03:31:33-05:00,2024045,CLASE TEORICA,(18) 2024045-18 Taller de proyectos interdisciplinarios,Fernando Bernal Martinez,0,61
gh-31780279220-0814T0830,2026-08-14T03:31:33-05:00,2024045,CLASE TEORICA,(19) 2024045-19 Taller de proyectos interdisciplinarios,FRANCISCO JAVIER VÁSQUEZ VÁSQUEZ,0,61
gh-31780279220-0814T0830,2026-08-14T03:31:33-05:00,2024045,CLASE TEORICA,(2) 2024045-2 Taller de proyectos interdisciplinarios,Fernando Bernal Martinez,0,61
gh-31780279220-0814T0830,2026-08-14T03:31:33-05:00,2024045,CLASE TEORICA,(21) 2024045-21 Taller de proyectos interdisciplinarios,No informado,0,61
gh-31780279220-0814T0830,2026-08-14T03:31:33-05:00,2024045,CLASE TEORICA,(22) 2024045-22 Taller de proyectos interdisciplinarios,Ubaldo Garcia Zaragoza,0,61
gh-31780279220-0814T0830,2026-08-14T03:31:33-05:00,2024045,CLASE TEORICA,(23) 2024045-23 Taller de proyectos interdisciplinarios,No informado,0,61
gh-31780279220-0814T0830,2026-08-14T03:31:33-05:00,2024045,CLASE TEORICA,(24) 2024045-24 Taller de proyectos interdisciplinarios,Hector Julian Garcia Otalora,200,61
gh-31780279220-0814T0830,2026-08-14T03:31:33-05:00,2024045,CLASE TEORICA,(3) 2024045-3 Taller de proyectos interdisciplinarios,Guillermo Alberto Rocha Casas,0,61
gh-31780279220-0814T0830,2026-08-14T03:31:33-05:00,2024045,CLASE TEORICA,(4) 2024045-4 Taller de proyectos interdisciplinarios,Francy Nayely Prieto Novoa,0,61
gh-31780279220-0814T0830,2026-08-14T03:31:33-05:00,2024045,CLASE TEORICA,(40) 2024045-40 TPI-- NO BORRAR-- BLOQ ESPACIOS,No informado,0,61
gh-31780279220-0814T0830,2026-08-14T03:31:33-05:00,2024045,CLASE TEORICA,(5) 2024045-5 Taller de proyectos interdisciplinarios,Nubia Carmenza Moreno Sarmiento,0,61
gh-31780279220-0814T0830,2026-08-14T03:31:33-05:00,2024045,CLASE TEORICA,(6) 2024045-6 Taller de proyectos interdisciplinarios,JOHANA CATALINA MANOSALVA BARRERA,0,61
gh-31780279220-0814T0830,2026-08-14T03:31:33-05:00,2024045,CLASE TEORICA,(7) 2024045-7 Taller de proyectos interdisciplinarios,Ubaldo Garcia Zaragoza,0,61
gh-31780279220-0814T0830,2026-08-14T03:31:33-05:00,2024045,CLASE TEORICA,(8) 2024045-8 Taller de proyectos interdisciplinarios,JHON FREDDY LOPEZ MEDINA,0,61
gh-31780279220-0814T0830,2026-08-14T03:31:33-05:00,2024045,CLASE TEORICA,(9) 2024045-9 Taller de proyectos interdisciplinarios,Manuel Alejandro Mayorga Betancourt,0,61
gh-31780279220-0814T0830,2026-08-14T03:31:35-05:00,2015296,NA,(1) Grupo 1,Leonardo David Donado Garzon,5,62
gh-31780279220-0814T0830,2026-08-14T03:31:35-05:00,2015296,NA,(10) Grupo 10,Juan Manuel Lizarazo Marriaga,5,62
gh-31780279220-0814T0830,2026-08-14T03:31:35-05:00,2015296,NA,(11) Grupo 11,Octavio Coronado Garcia,5,62
gh-31780279220-0814T0830,2026-08-14T03:31:35-05:00,2015296,NA,(12) Grupo 12,Carol Andrea Murillo Feo,5,62
gh-31780279220-0814T0830,2026-08-14T03:31:35-05:00,2015296,NA,(13) Grupo 13,CAMILO RIOS FRESNEDA,5,62
gh-31780279220-0814T0830,2026-08-14T03:31:35-05:00,2015296,NA,(14) Grupo 14,William Castro Garcia,5,62
gh-31780279220-0814T0830,2026-08-14T03:31:35-05:00,2015296,NA,(15) Grupo 15,Luis Alejandro Morales Marin,5,62
gh-31780279220-0814T0830,2026-08-14T03:31:35-05:00,2015296,NA,(16) Grupo 16,Ferney Betancourt Cardozo,5,62
gh-31780279220-0814T0830,2026-08-14T03:31:35-05:00,2015296,NA,(17) Grupo 17,Maria Alejandra Caicedo Londoño,5,62
gh-31780279220-0814T0830,2026-08-14T03:31:35-05:00,2015296,NA,(18) Grupo 18,Guillermo Eduardo Avila Alvarez,5,62
gh-31780279220-0814T0830,2026-08-14T03:31:35-05:00,2015296,NA,(19) Grupo 19,Carlos Alfonso Gomez Guacaneme,0,62
gh-31780279220-0814T0830,2026-08-14T03:31:35-05:00,2015296,NA,(2) Grupo 2,Carlos Orlando Robles Roa,5,62
gh-31780279220-0814T0830,2026-08-14T03:31:35-05:00,2015296,NA,(3) Grupo 3,Angela Barrera Puerto,5,62
gh-31780279220-0814T0830,2026-08-14T03:31:35-05:00,2015296,NA,(4) Grupo 4,Mauricio Alberto Tapias Camacho,5,62
gh-31780279220-0814T0830,2026-08-14T03:31:35-05:00,2015296,NA,(5) Grupo 5,Maritzabel Molina Herrera,5,62
gh-31780279220-0814T0830,2026-08-14T03:31:35-05:00,2015296,NA,(6) Grupo 6,Rodolfo Rodriguez Baracaldo,5,62
gh-31780279220-0814T0830,2026-08-14T03:31:35-05:00,2015296,NA,(7) Grupo 7,SANTIAGO RAMIREZ ECHEVERRI,5,62
gh-31780279220-0814T0830,2026-08-14T03:31:35-05:00,2015296,NA,(8) Grupo 8,Jose Ricardo Martinez Vargas,5,62
gh-31780279220-0814T0830,2026-08-14T03:31:35-05:00,2015296,NA,(9) Grupo 9,GABRIELA ARRIETA LOYO,5,62
gh-31780279220-0814T0830,2026-08-14T03:31:36-05:00,2015299,CLASE TEORICA,(1) Grupo 1,GABRIELA ARRIETA LOYO,51,63
gh-31780279220-0814T0900,2026-08-14T04:00:27-05:00,2015938,CLASE TEORICA,(1) Grupo 1,Maria Alejandra Caicedo Londoño,25,0
gh-31780279220-0814T0900,2026-08-14T04:00:27-05:00,2015938,CLASE TEORICA,(2) Grupo 2,Maria Alejandra Caicedo Londoño,25,0
gh-31780279220-0814T0900,2026-08-14T04:00:27-05:00,2015938,CLASE TEORICA,(3) Grupo 3,JOSE LUIS DIAZ AREVALO,25,0
gh-31780279220-0814T0900,2026-08-14T04:00:27-05:00,2015938,CLASE TEORICA,(4) Grupo 4,JOSE LUIS DIAZ AREVALO,24,0
gh-31780279220-0814T0900,2026-08-14T04:00:28-05:00,2015939,CLASE TEORICA,(1) Grupo 1,ALVARO MARTIN GUTIERREZ MALAXECHEBARRIA,25,1
gh-31780279220-0814T0900,2026-08-14T04:00:28-05:00,2015939,CLASE TEORICA,(2) Grupo 2,ALVARO MARTIN GUTIERREZ MALAXECHEBARRIA,25,1
gh-31780279220-0814T0900,2026-08-14T04:00:28-05:00,2015939,CLASE TEORICA,(3) Grupo 3,Edder Alexander Velandia Duran,25,1
gh-31780279220-0814T0900,2026-08-14T04:00:28-05:00,2015939,CLASE TEORICA,(4) Grupo 4,No informado,25,1
gh-31780279220-0814T0900,2026-08-14T04:00:29-05:00,1000003-B,NA,(1) Grupo 1,Erika Lorena Rosero Alzate; Oscar Andrés Rojas Sepúlveda,0,2
gh-31780279220-0814T0900,2026-08-14T04:00:29-05:00,1000003-B,NA,(10) Grupo 10,Epifanio Lozano Ayala,14,2
gh-31780279220-0814T0900,2026-08-14T04:00:29-05:00,1000003-B,NA,(11) Grupo 11,No informado,60,2
gh-31780279220-0814T0900,2026-08-14T04:00:29-05:00,1000003-B,NA,(12) Grupo 12,No informado,40,2
gh-31780279220-0814T0900,2026-08-14T04:00:29-05:00,1000003-B,NA,(13) Grupo 13,Mohammed EL AIDI,40,2
gh-31780279220-0814T0900,2026-08-14T04:00:29-05:00,1000003-B,NA,(15) Grupo 15,Myriam Leonor Campos Florez,60,2
gh-31780279220-0814T0900,2026-08-14T04:00:29-05:00,1000003-B,NA,(16) Grupo 16,No informado,60,2
gh-31780279220-0814T0900,2026-08-14T04:00:29-05:00,1000003-B,NA,(17) Grupo 17,Martha Cecilia Moreno Penagos,40,2
gh-31780279220-0814T0900,2026-08-14T04:00:29-05:00,1000003-B,NA,(18) Grupo 18,John Alexander Cruz Morales,52,2
gh-31780279220-0814T0900,2026-08-14T04:00:29-05:00,1000003-B,NA,(20) Grupo 20,Natalia Camila Pinzon Cortes,60,2
gh-31780279220-0814T0900,2026-08-14T04:00:29-05:00,1000003-B,NA,(21) Grupo 21,Ivon Andrea Dorado Correa,52,2
gh-31780279220-0814T0900,2026-08-14T04:00:29-05:00,1000003-B,NA,(22) Grupo 22,No informado,46,2
gh-31780279220-0814T0900,2026-08-14T04:00:29-05:00,1000003-B,NA,(3) Grupo 3,No informado,60,2
gh-31780279220-0814T0900,2026-08-14T04:00:29-05:00,1000003-B,NA,(4) Grupo 4,Luis Alejandro Barbosa Torres,112,2
gh-31780279220-0814T0900,2026-08-14T04:00:29-05:00,1000003-B,NA,(5) Grupo 5,Jaime David Mora Paz,60,2
gh-31780279220-0814T0900,2026-08-14T04:00:29-05:00,1000003-B,NA,(7) Grupo 7,Myriam Leonor Campos Florez,40,2
gh-31780279220-0814T0900,2026-08-14T04:00:29-05:00,1000003-B,NA,(8) Grupo 8,No informado,10,2
gh-31780279220-0814T0900,2026-08-14T04:00:30-05:00,2015940,CLASE TEORICA,(1) Grupo 1,Maritzabel Molina Herrera,24,3
gh-31780279220-0814T0900,2026-08-14T04:00:30-05:00,2015940,CLASE TEORICA,(2) Grupo 2,Gabriel Andres Bernal Granados,24,3
gh-31780279220-0814T0900,2026-08-14T04:00:30-05:00,2015940,CLASE TEORICA,(3) Grupo 3,No informado,24,3
gh-31780279220-0814T0900,2026-08-14T04:00:31-05:00,2015941,CLASE TEORICA,(1) Grupo 1,Patricia Luna Tamayo,30,4
gh-31780279220-0814T0900,2026-08-14T04:00:31-05:00,2015941,CLASE TEORICA,(2) Grupo 2,No informado,30,4
gh-31780279220-0814T0900,2026-08-14T04:00:31-05:00,2015941,CLASE TEORICA,(3) Grupo 3,Carlos Ramiro Vallecilla Bahena,30,4
gh-31780279220-0814T0900,2026-08-14T04:00:31-05:00,2015941,CLASE TEORICA,(4) Grupo 4,No informado,30,4
gh-31780279220-0814T0900,2026-08-14T04:00:33-05:00,1000004-B,NA,(10) Grupo 10,No informado,53,5
gh-31780279220-0814T0900,2026-08-14T04:00:33-05:00,1000004-B,NA,(11) Grupo 11,No informado,24,5
gh-31780279220-0814T0900,2026-08-14T04:00:33-05:00,1000004-B,NA,(12) Grupo 12,No informado,24,5
gh-31780279220-0814T0900,2026-08-14T04:00:33-05:00,1000004-B,NA,(13) Grupo 13,No informado,16,5
gh-31780279220-0814T0900,2026-08-14T04:00:33-05:00,1000004-B,NA,(14) Grupo 14,No informado,90,5
gh-31780279220-0814T0900,2026-08-14T04:00:33-05:00,1000004-B,NA,(16) Grupo 16,No informado,27,5
gh-31780279220-0814T0900,2026-08-14T04:00:33-05:00,1000004-B,NA,(17) Grupo 17,Hernan Garzon Gutierrez,39,5
gh-31780279220-0814T0900,2026-08-14T04:00:33-05:00,1000004-B,NA,(19) Grupo 19,No informado,59,5
gh-31780279220-0814T0900,2026-08-14T04:00:33-05:00,1000004-B,NA,(2) Grupo 2,No informado,24,5
gh-31780279220-0814T0900,2026-08-14T04:00:33-05:00,1000004-B,NA,(20) Grupo 20,Hernan Garzon Gutierrez,10,5
gh-31780279220-0814T0900,2026-08-14T04:00:33-05:00,1000004-B,NA,(21) Grupo 21,No informado,60,5
gh-31780279220-0814T0900,2026-08-14T04:00:33-05:00,1000004-B,NA,(22) Grupo 22,No informado,60,5
gh-31780279220-0814T0900,2026-08-14T04:00:33-05:00,1000004-B,NA,(24) Grupo 24,Ricardo Ariel Pastran Ramirez,60,5
gh-31780279220-0814T0900,2026-08-14T04:00:33-05:00,1000004-B,NA,(25) Grupo 25,No informado,40,5
gh-31780279220-0814T0900,2026-08-14T04:00:33-05:00,1000004-B,NA,(27) Grupo 27,No informado,51,5
gh-31780279220-0814T0900,2026-08-14T04:00:33-05:00,1000004-B,NA,(28) Grupo 28,No informado,60,5
gh-31780279220-0814T0900,2026-08-14T04:00:33-05:00,1000004-B,NA,(29) Grupo 29,No informado,60,5
gh-31780279220-0814T0900,2026-08-14T04:00:33-05:00,1000004-B,NA,(30) Grupo 30,No informado,60,5
gh-31780279220-0814T0900,2026-08-14T04:00:33-05:00,1000004-B,NA,(32) Grupo 32,No informado,90,5
gh-31780279220-0814T0900,2026-08-14T04:00:33-05:00,1000004-B,NA,(4) Grupo 4,Myriam Leonor Campos Florez,37,5
gh-31780279220-0814T0900,2026-08-14T04:00:33-05:00,1000004-B,NA,(5) Grupo 5,Oscar Javier Lopez Alfonso,84,5
gh-31780279220-0814T0900,2026-08-14T04:00:33-05:00,1000004-B,NA,(7) Grupo 7,Anderson Arley Vera Arboleda,64,5
gh-31780279220-0814T0900,2026-08-14T04:00:33-05:00,1000004-B,NA,(8) Grupo 8,No informado,40,5
gh-31780279220-0814T0900,2026-08-14T04:00:33-05:00,1000004-B,NA,(9) Grupo 9,No informado,18,5
gh-31780279220-0814T0900,2026-08-14T04:00:35-05:00,1000006-B,NA,(1) Grupo 1,No informado,40,6
gh-31780279220-0814T0900,2026-08-14T04:00:35-05:00,1000006-B,NA,(10) Grupo 10,No informado,100,6
gh-31780279220-0814T0900,2026-08-14T04:00:35-05:00,1000006-B,NA,(11) Grupo 11,No informado,40,6
gh-31780279220-0814T0900,2026-08-14T04:00:35-05:00,1000006-B,NA,(12) Grupo 12,Leonid Lebedev,60,6
gh-31780279220-0814T0900,2026-08-14T04:00:35-05:00,1000006-B,NA,(13) Grupo 13,Juan Carlos Hernandez Rincon,40,6
gh-31780279220-0814T0900,2026-08-14T04:00:35-05:00,1000006-B,NA,(14) Grupo 14,No informado,60,6
gh-31780279220-0814T0900,2026-08-14T04:00:35-05:00,1000006-B,NA,(15) Grupo 15,No informado,112,6
gh-31780279220-0814T0900,2026-08-14T04:00:35-05:00,1000006-B,NA,(2) Grupo 2,EDIXON MANUEL ROJAS SANTANA,40,6
gh-31780279220-0814T0900,2026-08-14T04:00:35-05:00,1000006-B,NA,(3) Grupo 3,Cesar Augusto Gomez Sierra,40,6
gh-31780279220-0814T0900,2026-08-14T04:00:35-05:00,1000006-B,NA,(4) Grupo 4,Agustin Moreno Canadas,100,6
gh-31780279220-0814T0900,2026-08-14T04:00:35-05:00,1000006-B,NA,(5) Grupo 5,German Eduardo Fonseca Buitrago,40,6
gh-31780279220-0814T0900,2026-08-14T04:00:35-05:00,1000006-B,NA,(7) Grupo 7,No informado,70,6
gh-31780279220-0814T0900,2026-08-14T04:00:35-05:00,1000006-B,NA,(8) Grupo 8,Epifanio Lozano Ayala,60,6
gh-31780279220-0814T0900,2026-08-14T04:00:35-05:00,1000006-B,NA,(9) Grupo 9,Orlando Vanegas Canro,0,6
gh-31780279220-0814T0900,2026-08-14T04:00:37-05:00,1000005-B,NA,(1) Grupo 1,Orlando Vanegas Canro,0,7
gh-31780279220-0814T0900,2026-08-14T04:00:37-05:00,1000005-B,NA,(10) Grupo 10,Epifanio Lozano Ayala,50,7
gh-31780279220-0814T0900,2026-08-14T04:00:37-05:00,1000005-B,NA,(14) Grupo 14,Mohammed EL AIDI,40,7
gh-31780279220-0814T0900,2026-08-14T04:00:37-05:00,1000005-B,NA,(15) Grupo 15,Alina Fedosova,60,7
gh-31780279220-0814T0900,2026-08-14T04:00:37-05:00,1000005-B,NA,(16) Grupo 16,No informado,70,7
gh-31780279220-0814T0900,2026-08-14T04:00:37-05:00,1000005-B,NA,(17) Grupo 17,Hernan Garzon Gutierrez,40,7
gh-31780279220-0814T0900,2026-08-14T04:00:37-05:00,1000005-B,NA,(2) Grupo 2,RENE ERLIN CASTILLO,60,7
gh-31780279220-0814T0900,2026-08-14T04:00:37-05:00,1000005-B,NA,(20) Grupo 20,Franqui Solis Cardenas Poloche,40,7
gh-31780279220-0814T0900,2026-08-14T04:00:37-05:00,1000005-B,NA,(22) Grupo 22,No informado,60,7
gh-31780279220-0814T0900,2026-08-14T04:00:37-05:00,1000005-B,NA,(3) Grupo 3,Eduardo Cardenas Gomez,70,7
gh-31780279220-0814T0900,2026-08-14T04:00:37-05:00,1000005-B,NA,(4) Grupo 4,Edward Samuel Becerra Rojas,60,7
gh-31780279220-0814T0900,2026-08-14T04:00:37-05:00,1000005-B,NA,(6) Grupo 6,No informado,60,7
gh-31780279220-0814T0900,2026-08-14T04:00:37-05:00,1000005-B,NA,(7) Grupo 7,Franqui Solis Cardenas Poloche,100,7
gh-31780279220-0814T0900,2026-08-14T04:00:37-05:00,1000005-B,NA,(8) Grupo 8,No informado,40,7
gh-31780279220-0814T0900,2026-08-14T04:00:37-05:00,1000005-B,NA,(9) Grupo 9,No informado,10,7
gh-31780279220-0814T0900,2026-08-14T04:00:39-05:00,2015943,CLASE TEORICA,(1) Grupo 1,Carlos Orlando Robles Roa,15,9
gh-31780279220-0814T0900,2026-08-14T04:00:41-05:00,2015944,CLASE TEORICA,(1) Grupo 1,SANTIAGO RAMIREZ ECHEVERRI,15,10
gh-31780279220-0814T0900,2026-08-14T04:00:42-05:00,2015711,NA,(10) 2015711-10 Dibujo básico,Ariel Augusto Amaya Avila,0,11
gh-31780279220-0814T0900,2026-08-14T04:00:42-05:00,2015711,NA,(11) 2015711-11 Dibujo básico,Cesar Augusto Bacca Gonzalez,0,11
gh-31780279220-0814T0900,2026-08-14T04:00:42-05:00,2015711,NA,(14) 2015711-14 Dibujo básico,Cristian Felipe Morales Suárez,0,11
gh-31780279220-0814T0900,2026-08-14T04:00:42-05:00,2015711,NA,(16) 2015711-16 Dibujo básico,DAVID FELIPE TORRES ARCE,0,11
gh-31780279220-0814T0900,2026-08-14T04:00:42-05:00,2015711,NA,(4) 2015711-4 Dibujo básico,Cristian Felipe Morales Suárez,9,11
gh-31780279220-0814T0900,2026-08-14T04:00:42-05:00,2015711,NA,(5) 2015711-5 Dibujo básico,Sebastian Achury Ortiz,0,11
gh-31780279220-0814T0900,2026-08-14T04:00:42-05:00,2015711,NA,(7) 2015711-7 Dibujo básico,Cesar Augusto Bacca Gonzalez,22,11
gh-31780279220-0814T0900,2026-08-14T04:00:42-05:00,2015711,NA,(8) 2015711-8 Dibujo básico,Miguel Angel Baquero Cortes,0,11
gh-31780279220-0814T0900,2026-08-14T04:00:42-05:00,2015711,NA,(9) 2015711-9 Dibujo básico,EDWIN CAMILO REINA BELTRAN,0,11
gh-31780279220-0814T0900,2026-08-14T04:00:43-05:00,2015948,CLASE TEORICA,(1) Grupo 1,No informado,30,12
gh-31780279220-0814T0900,2026-08-14T04:00:43-05:00,2015948,CLASE TEORICA,(2) Grupo 2,Mauricio Alberto Tapias Camacho,30,12
gh-31780279220-0814T0900,2026-08-14T04:00:43-05:00,2015948,CLASE TEORICA,(3) Grupo 3,No informado,30,12
gh-31780279220-0814T0900,2026-08-14T04:00:44-05:00,2015950,CLASE TEORICA,(1) Grupo 1,No informado,25,13
gh-31780279220-0814T0900,2026-08-14T04:00:44-05:00,2015950,CLASE TEORICA,(2) Grupo 2,No informado,0,13
gh-31780279220-0814T0900,2026-08-14T04:00:44-05:00,2015950,CLASE TEORICA,(3) Grupo 3,Daniel Ricardo Lozano Monsalve,25,13
gh-31780279220-0814T0900,2026-08-14T04:00:44-05:00,2015950,CLASE TEORICA,(4) Grupo 4,No informado,25,13
gh-31780279220-0814T0900,2026-08-14T04:00:44-05:00,2015950,CLASE TEORICA,(5) Grupo 5,No informado,25,13
gh-31780279220-0814T0900,2026-08-14T04:00:46-05:00,2015949,CLASE TEORICA,(1) Grupo 1,Mario Javier Cardozo Chaux,30,14
gh-31780279220-0814T0900,2026-08-14T04:00:46-05:00,2015949,CLASE TEORICA,(2) Grupo 2,Wilson Ernesto Vargas Vargas,30,14
gh-31780279220-0814T0900,2026-08-14T04:00:46-05:00,2015949,CLASE TEORICA,(3) Grupo 3,No informado,30,14
gh-31780279220-0814T0900,2026-08-14T04:00:47-05:00,1000007-B,NA,(1) Grupo 1,German Eduardo Fonseca Buitrago,60,15
gh-31780279220-0814T0900,2026-08-14T04:00:47-05:00,1000007-B,NA,(11) Grupo 11,Leonid Lebedev,60,15
gh-31780279220-0814T0900,2026-08-14T04:00:47-05:00,1000007-B,NA,(12) Grupo 12,No informado,60,15
gh-31780279220-0814T0900,2026-08-14T04:00:47-05:00,1000007-B,NA,(13) Grupo 13,Omar Duque Gomez,40,15
gh-31780279220-0814T0900,2026-08-14T04:00:47-05:00,1000007-B,NA,(14) Grupo 14,No informado,100,15
gh-31780279220-0814T0900,2026-08-14T04:00:47-05:00,1000007-B,NA,(3) Grupo 3,Serafin Bautista Diaz,40,15
gh-31780279220-0814T0900,2026-08-14T04:00:47-05:00,1000007-B,NA,(4) Grupo 4,EDIXON MANUEL ROJAS SANTANA,60,15
gh-31780279220-0814T0900,2026-08-14T04:00:47-05:00,1000007-B,NA,(6) Grupo 6,Alexander Caviedes Castro,50,15
gh-31780279220-0814T0900,2026-08-14T04:00:47-05:00,1000007-B,NA,(7) Grupo 7,Oscar Guillermo Riaño Castañeda,40,15
gh-31780279220-0814T0900,2026-08-14T04:00:47-05:00,1000007-B,NA,(9) Grupo 9,Orlando Vanegas Canro,0,15
gh-31780279220-0814T0900,2026-08-14T04:00:48-05:00,2026134,CLASE TEORICA,(1) Grupo 1,No informado,0,16
gh-31780279220-0814T0900,2026-08-14T04:00:48-05:00,2026134,CLASE TEORICA,(2) Grupo 2,Juan Manuel Lizarazo Marriaga,30,16
gh-31780279220-0814T0900,2026-08-14T04:00:48-05:00,2026134,CLASE TEORICA,(3) Grupo 3,Maritzabel Molina Herrera,30,16
gh-31780279220-0814T0900,2026-08-14T04:00:48-05:00,2026134,CLASE TEORICA,(4) Grupo 4,Carlos Ramiro Vallecilla Bahena,30,16
gh-31780279220-0814T0900,2026-08-14T04:00:48-05:00,2026134,CLASE TEORICA,(5) Grupo 5,Fernando Lozano Osorno,30,16
gh-31780279220-0814T0900,2026-08-14T04:00:48-05:00,2026134,CLASE TEORICA,(6) Grupo 6,No informado,30,16
gh-31780279220-0814T0900,2026-08-14T04:00:49-05:00,2015954,CLASE TEORICA,(1) Grupo 1,Erasmo Alfredo Rodriguez Sandoval,30,17
gh-31780279220-0814T0900,2026-08-14T04:00:49-05:00,2015954,CLASE TEORICA,(2) Grupo 2,Mario Enrique Moreno Castiblanco,30,17
gh-31780279220-0814T0900,2026-08-14T04:00:49-05:00,2015954,CLASE TEORICA,(3) Grupo 3,Luis Alejandro Morales Marin,30,17
gh-31780279220-0814T0900,2026-08-14T04:00:51-05:00,2015955,CLASE TEORICA,(1) Grupo 1,Giovanni Andres Cortes Tovar,30,18
gh-31780279220-0814T0900,2026-08-14T04:00:51-05:00,2015955,CLASE TEORICA,(2) Grupo 2,Angela Barrera Puerto,30,18
gh-31780279220-0814T0900,2026-08-14T04:00:51-05:00,2015955,CLASE TEORICA,(3) Grupo 3,Giovanni Andres Cortes Tovar,30,18
gh-31780279220-0814T0900,2026-08-14T04:00:52-05:00,1000011-B,CLASE TEORICA,(1) Grupo 1,Ernesto Javier Puertas Dellepianes,118,19
gh-31780279220-0814T0900,2026-08-14T04:00:52-05:00,1000011-B,CLASE TEORICA,(3) Grupo 3,Néstor Fernando Perez Buitrago,12,19
gh-31780279220-0814T0900,2026-08-14T04:00:55-05:00,1000019-B,CLASE LABORATORIO,(1) Grupo 1,Gustavo Martinez Tamayo,35,20
gh-31780279220-0814T0900,2026-08-14T04:00:55-05:00,1000019-B,CLASE LABORATORIO,(10) Grupo 10,LUIS AGULLES PEDROS,35,20
gh-31780279220-0814T0900,2026-08-14T04:00:55-05:00,1000019-B,CLASE LABORATORIO,(11) Grupo 11,EVER DAVID ALCALA CAJAR,35,20
gh-31780279220-0814T0900,2026-08-14T04:00:55-05:00,1000019-B,CLASE LABORATORIO,(12) Grupo 12,FABIAN FELIPE QUEVEDO FARIETA,35,20
gh-31780279220-0814T0900,2026-08-14T04:00:55-05:00,1000019-B,CLASE LABORATORIO,(13) Grupo 13,Alvaro Marino Camargo,35,20
gh-31780279220-0814T0900,2026-08-14T04:00:55-05:00,1000019-B,CLASE LABORATORIO,(14) Grupo 14,Alvaro Marino Camargo; Miryam Rincon Joya,35,20
gh-31780279220-0814T0900,2026-08-14T04:00:55-05:00,1000019-B,CLASE LABORATORIO,(15) Grupo 15,JULIAN MATEO DE MENDOZA GUTIERREZ,32,20
gh-31780279220-0814T0900,2026-08-14T04:00:55-05:00,1000019-B,CLASE LABORATORIO,(16) Grupo 16,Alvaro Marino Camargo; Doris Yaneth Cadavid Rodriguez,35,20
gh-31780279220-0814T0900,2026-08-14T04:00:55-05:00,1000019-B,CLASE LABORATORIO,(17) Grupo 17,JULIAN MATEO DE MENDOZA GUTIERREZ,34,20
gh-31780279220-0814T0900,2026-08-14T04:00:55-05:00,1000019-B,CLASE LABORATORIO,(18) Grupo 18,Jaime Villalobos Velasco,34,20
gh-31780279220-0814T0900,2026-08-14T04:00:55-05:00,1000019-B,CLASE LABORATORIO,(19) Grupo 19,JULY PAOLA GARZÓN LOPEZ,32,20
gh-31780279220-0814T0900,2026-08-14T04:00:55-05:00,1000019-B,CLASE LABORATORIO,(2) Grupo 2,Gustavo Martinez Tamayo,35,20
gh-31780279220-0814T0900,2026-08-14T04:00:55-05:00,1000019-B,CLASE LABORATORIO,(20) Grupo 20,JOSE ALFREDO GOMEZ MATEUS,35,20
gh-31780279220-0814T0900,2026-08-14T04:00:55-05:00,1000019-B,CLASE LABORATORIO,(21) Grupo 21,Pedro Hernan Sanchez Machet,35,20
gh-31780279220-0814T0900,2026-08-14T04:00:55-05:00,1000019-B,CLASE LABORATORIO,(22) Grupo 22,Pedro Hernan Sanchez Machet,35,20
gh-31780279220-0814T0900,2026-08-14T04:00:55-05:00,1000019-B,CLASE LABORATORIO,(23) Grupo 23,Pedro Hernan Sanchez Machet,35,20
gh-31780279220-0814T0900,2026-08-14T04:00:55-05:00,1000019-B,CLASE LABORATORIO,(24) Grupo 24,Pedro Hernan Sanchez Machet,35,20
gh-31780279220-0814T0900,2026-08-14T04:00:55-05:00,1000019-B,CLASE LABORATORIO,(25) Grupo 25,Plinio Del Carmen Teheran Sermeno,45,20
gh-31780279220-0814T0900,2026-08-14T04:00:55-05:00,1000019-B,CLASE LABORATORIO,(26) Grupo 26 (VIRTUAL),Plinio Del Carmen Teheran Sermeno,50,20
gh-31780279220-0814T0900,2026-08-14T04:00:55-05:00,1000019-B,CLASE LABORATORIO,(27) Grupo 27 (VIRTUAL),Plinio Del Carmen Teheran Sermeno,50,20
gh-31780279220-0814T0900,2026-08-14T04:00:55-05:00,1000019-B,CLASE LABORATORIO,(28) Grupo 28 (VIRTUAL),Plinio Del Carmen Teheran Sermeno,50,20
gh-31780279220-0814T0900,2026-08-14T04:00:55-05:00,1000019-B,CLASE LABORATORIO,(29) Grupo 29 (VIRTUAL),Plinio Del Carmen Teheran Sermeno,50,20
gh-31780279220-0814T0900,2026-08-14T04:00:55-05:00,1000019-B,CLASE LABORATORIO,(3) Grupo 3,Gustavo Martinez Tamayo,35,20
gh-31780279220-0814T0900,2026-08-14T04:00:55-05:00,1000019-B,CLASE LABORATORIO,(4) Grupo 4,No informado,35,20
gh-31780279220-0814T0900,2026-08-14T04:00:55-05:00,1000019-B,CLASE LABORATORIO,(5) Grupo 5,FABIAN FELIPE QUEVEDO FARIETA,35,20
gh-31780279220-0814T0900,2026-08-14T04:00:55-05:00,1000019-B,CLASE LABORATORIO,(6) Grupo 6,Jaime Villalobos Velasco,35,20
gh-31780279220-0814T0900,2026-08-14T04:00:55-05:00,1000019-B,CLASE LABORATORIO,(7) Grupo 7,Jaime Villalobos Velasco,35,20
gh-31780279220-0814T0900,2026-08-14T04:00:55-05:00,1000019-B,CLASE LABORATORIO,(8) Grupo 8,Alvaro Marino Camargo,35,20
gh-31780279220-0814T0900,2026-08-14T04:00:55-05:00,1000019-B,CLASE LABORATORIO,(9) Grupo 9,Erika Lorena Rosero Alzate,0,20
gh-31780279220-0814T0900,2026-08-14T04:00:55-05:00,1000019-B,CLASE TALLER,(1) Grupo 1,FABIAN FELIPE QUEVEDO FARIETA,35,20
gh-31780279220-0814T0900,2026-08-14T04:00:55-05:00,1000019-B,CLASE TALLER,(10) Grupo 10,FABIAN FELIPE QUEVEDO FARIETA,35,20
gh-31780279220-0814T0900,2026-08-14T04:00:55-05:00,1000019-B,CLASE TALLER,(11) Grupo 11,JULIAN MATEO DE MENDOZA GUTIERREZ,35,20
gh-31780279220-0814T0900,2026-08-14T04:00:55-05:00,1000019-B,CLASE TALLER,(12) Grupo 12,EVER DAVID ALCALA CAJAR,35,20
gh-31780279220-0814T0900,2026-08-14T04:00:55-05:00,1000019-B,CLASE TALLER,(13) Grupo 13,MIGUEL ENRIQUE GÁMEZ LÓPEZ,35,20
gh-31780279220-0814T0900,2026-08-14T04:00:55-05:00,1000019-B,CLASE TALLER,(14) Grupo 14,No informado,35,20
gh-31780279220-0814T0900,2026-08-14T04:00:55-05:00,1000019-B,CLASE TALLER,(15) Grupo 15,EVER DAVID ALCALA CAJAR,32,20
gh-31780279220-0814T0900,2026-08-14T04:00:55-05:00,1000019-B,CLASE TALLER,(16) Grupo 16,Edna Carolina Pinilla Beltran,35,20
gh-31780279220-0814T0900,2026-08-14T04:00:55-05:00,1000019-B,CLASE TALLER,(17) Grupo 17,Jereson Silva Valencia,34,20
gh-31780279220-0814T0900,2026-08-14T04:00:55-05:00,1000019-B,CLASE TALLER,(18) Grupo 18,Jereson Silva Valencia,34,20
gh-31780279220-0814T0900,2026-08-14T04:00:55-05:00,1000019-B,CLASE TALLER,(19) Grupo 19,Jereson Silva Valencia,32,20
gh-31780279220-0814T0900,2026-08-14T04:00:55-05:00,1000019-B,CLASE TALLER,(2) Grupo 2,Gustavo Martinez Tamayo,35,20
gh-31780279220-0814T0900,2026-08-14T04:00:55-05:00,1000019-B,CLASE TALLER,(20) Grupo 20,Jereson Silva Valencia,35,20
gh-31780279220-0814T0900,2026-08-14T04:00:55-05:00,1000019-B,CLASE TALLER,(21) Grupo 21,JOSE ALFREDO GOMEZ MATEUS,35,20
gh-31780279220-0814T0900,2026-08-14T04:00:55-05:00,1000019-B,CLASE TALLER,(22) Grupo 22,JULY PAOLA GARZÓN LOPEZ,35,20
gh-31780279220-0814T0900,2026-08-14T04:00:55-05:00,1000019-B,CLASE TALLER,(23) Grupo 23,Edna Carolina Pinilla Beltran,35,20
gh-31780279220-0814T0900,2026-08-14T04:00:55-05:00,1000019-B,CLASE TALLER,(24) Grupo 24,Diego Alejandro Torres Galindo,35,20
gh-31780279220-0814T0900,2026-08-14T04:00:55-05:00,1000019-B,CLASE TALLER,(25) Grupo 25,Plinio Del Carmen Teheran Sermeno,45,20
gh-31780279220-0814T0900,2026-08-14T04:00:55-05:00,1000019-B,CLASE TALLER,(26) Grupo 26 (VIRTUAL),Plinio Del Carmen Teheran Sermeno,50,20
gh-31780279220-0814T0900,2026-08-14T04:00:55-05:00,1000019-B,CLASE TALLER,(27) Grupo 27 (VIRTUAL),Plinio Del Carmen Teheran Sermeno,50,20
gh-31780279220-0814T0900,2026-08-14T04:00:55-05:00,1000019-B,CLASE TALLER,(28) Grupo 28 (VIRTUAL),Plinio Del Carmen Teheran Sermeno,50,20
gh-31780279220-0814T0900,2026-08-14T04:00:55-05:00,1000019-B,CLASE TALLER,(29) Grupo 29 (VIRTUAL),Plinio Del Carmen Teheran Sermeno,50,20
gh-31780279220-0814T0900,2026-08-14T04:00:55-05:00,1000019-B,CLASE TALLER,(3) Grupo 3,Gustavo Martinez Tamayo,35,20
gh-31780279220-0814T0900,2026-08-14T04:00:55-05:00,1000019-B,CLASE TALLER,(4) Grupo 4,Jaime Villalobos Velasco,35,20
gh-31780279220-0814T0900,2026-08-14T04:00:55-05:00,1000019-B,CLASE TALLER,(5) Grupo 5,Jaime Villalobos Velasco,35,20
gh-31780279220-0814T0900,2026-08-14T04:00:55-05:00,1000019-B,CLASE TALLER,(6) Grupo 6,Ramiro Cardona Cardona,35,20
gh-31780279220-0814T0900,2026-08-14T04:00:55-05:00,1000019-B,CLASE TALLER,(7) Grupo 7,Ramiro Cardona Cardona,35,20
gh-31780279220-0814T0900,2026-08-14T04:00:55-05:00,1000019-B,CLASE TALLER,(8) Grupo 8,Edna Carolina Pinilla Beltran,35,20
gh-31780279220-0814T0900,2026-08-14T04:00:55-05:00,1000019-B,CLASE TALLER,(9) Grupo 9,No informado,10,20
gh-31780279220-0814T0900,2026-08-14T04:00:55-05:00,1000019-B,CLASE MAGISTRAL,(16) Gruop 16,Erika Lorena Rosero Alzate; Daniel Camilo Padilla González,8,20
gh-31780279220-0814T0900,2026-08-14T04:00:55-05:00,1000019-B,CLASE MAGISTRAL,(1) Grupo 1,Gustavo Martinez Tamayo,35,20
gh-31780279220-0814T0900,2026-08-14T04:00:55-05:00,1000019-B,CLASE MAGISTRAL,(10) Grupo 10,Ovidio Amado Almanza Montero,35,20
gh-31780279220-0814T0900,2026-08-14T04:00:55-05:00,1000019-B,CLASE MAGISTRAL,(11) Grupo 11,Ovidio Amado Almanza Montero,35,20
gh-31780279220-0814T0900,2026-08-14T04:00:55-05:00,1000019-B,CLASE MAGISTRAL,(12) Grupo 12,Ovidio Amado Almanza Montero,35,20
gh-31780279220-0814T0900,2026-08-14T04:00:55-05:00,1000019-B,CLASE MAGISTRAL,(13) Grupo 13,Jaime Villalobos Velasco,35,20
gh-31780279220-0814T0900,2026-08-14T04:00:55-05:00,1000019-B,CLASE MAGISTRAL,(14) Grupo 14,Jaime Villalobos Velasco,35,20
gh-31780279220-0814T0900,2026-08-14T04:00:55-05:00,1000019-B,CLASE MAGISTRAL,(15) Grupo 15,Jaime Villalobos Velasco,32,20
gh-31780279220-0814T0900,2026-08-14T04:00:55-05:00,1000019-B,CLASE MAGISTRAL,(17) Grupo 17,Jereson Silva Valencia,34,20
gh-31780279220-0814T0900,2026-08-14T04:00:55-05:00,1000019-B,CLASE MAGISTRAL,(18) Grupo 18,Jereson Silva Valencia,34,20
gh-31780279220-0814T0900,2026-08-14T04:00:55-05:00,1000019-B,CLASE MAGISTRAL,(19) Grupo 19,Jereson Silva Valencia,32,20
gh-31780279220-0814T0900,2026-08-14T04:00:55-05:00,1000019-B,CLASE MAGISTRAL,(2) Grupo 2,Gustavo Martinez Tamayo,35,20
gh-31780279220-0814T0900,2026-08-14T04:00:55-05:00,1000019-B,CLASE MAGISTRAL,(20) Grupo 20,Jereson Silva Valencia,35,20
gh-31780279220-0814T0900,2026-08-14T04:00:55-05:00,1000019-B,CLASE MAGISTRAL,(21) Grupo 21,Diego Alejandro Torres Galindo,35,20
gh-31780279220-0814T0900,2026-08-14T04:00:55-05:00,1000019-B,CLASE MAGISTRAL,(22) Grupo 22,Diego Alejandro Torres Galindo,35,20
gh-31780279220-0814T0900,2026-08-14T04:00:55-05:00,1000019-B,CLASE MAGISTRAL,(23) Grupo 23,Diego Alejandro Torres Galindo,35,20
gh-31780279220-0814T0900,2026-08-14T04:00:55-05:00,1000019-B,CLASE MAGISTRAL,(24) Grupo 24,Diego Alejandro Torres Galindo,35,20
gh-31780279220-0814T0900,2026-08-14T04:00:55-05:00,1000019-B,CLASE MAGISTRAL,(25) Grupo 25,Plinio Del Carmen Teheran Sermeno,45,20
gh-31780279220-0814T0900,2026-08-14T04:00:55-05:00,1000019-B,CLASE MAGISTRAL,(26) Grupo 26 (VIRTUAL),Plinio Del Carmen Teheran Sermeno,50,20
gh-31780279220-0814T0900,2026-08-14T04:00:55-05:00,1000019-B,CLASE MAGISTRAL,(27) Grupo 27 (VIRTUAL),Plinio Del Carmen Teheran Sermeno,50,20
gh-31780279220-0814T0900,2026-08-14T04:00:55-05:00,1000019-B,CLASE MAGISTRAL,(28) Grupo 28 (VIRTUAL),Plinio Del Carmen Teheran Sermeno,50,20
gh-31780279220-0814T0900,2026-08-14T04:00:55-05:00,1000019-B,CLASE MAGISTRAL,(29) Grupo 29 (VIRTUAL),Plinio Del Carmen Teheran Sermeno,50,20
gh-31780279220-0814T0900,2026-08-14T04:00:55-05:00,1000019-B,CLASE MAGISTRAL,(3) Grupo 3,Gustavo Martinez Tamayo,35,20
gh-31780279220-0814T0900,2026-08-14T04:00:55-05:00,1000019-B,CLASE MAGISTRAL,(4) Grupo 4,Gustavo Martinez Tamayo,35,20
gh-31780279220-0814T0900,2026-08-14T04:00:55-05:00,1000019-B,CLASE MAGISTRAL,(5) Grupo 5,Ramiro Cardona Cardona,35,20
gh-31780279220-0814T0900,2026-08-14T04:00:55-05:00,1000019-B,CLASE MAGISTRAL,(6) Grupo 6,Ramiro Cardona Cardona,35,20
gh-31780279220-0814T0900,2026-08-14T04:00:55-05:00,1000019-B,CLASE MAGISTRAL,(7) Grupo 7,Ramiro Cardona Cardona,35,20
gh-31780279220-0814T0900,2026-08-14T04:00:55-05:00,1000019-B,CLASE MAGISTRAL,(8) Grupo 8,Ramiro Cardona Cardona,35,20
gh-31780279220-0814T0900,2026-08-14T04:00:55-05:00,1000019-B,CLASE MAGISTRAL,(9) Grupo 9,Fredy Angel Jimenez Giraldo,10,20
gh-31780279220-0814T0900,2026-08-14T04:00:56-05:00,2015956,CLASE TEORICA,(1) Grupo 1,Modesto Portilla Gamboa; Fernando Eli Romero Ordoñez,35,21
gh-31780279220-0814T0900,2026-08-14T04:00:56-05:00,2015956,CLASE TEORICA,(2) Grupo 2,Jennifer Angel Amaya,30,21
gh-31780279220-0814T0900,2026-08-14T04:00:56-05:00,2015956,CLASE TEORICA,(3) Grupo 3,Jennifer Angel Amaya,30,21
gh-31780279220-0814T0900,2026-08-14T04:00:56-05:00,2015956,CLASE TEORICA,(4) Grupo 4,Fernando Eli Romero Ordoñez; Modesto Portilla Gamboa,35,21
gh-31780279220-0814T0900,2026-08-14T04:00:57-05:00,2015957,CLASE PRACTICA,(1) Grupo 1,No informado,30,22
gh-31780279220-0814T0900,2026-08-14T04:00:57-05:00,2015957,CLASE PRACTICA,(2) Grupo 2,Samuel Fernando Mesa Giraldo,30,22
gh-31780279220-0814T0900,2026-08-14T04:00:57-05:00,2015957,CLASE PRACTICA,(3) Grupo 3,Rose Marie Aldana Boutin,30,22
gh-31780279220-0814T0900,2026-08-14T04:00:57-05:00,2015957,CLASE PRACTICA,(4) Grupo 4,Rose Marie Aldana Boutin,30,22
gh-31780279220-0814T0900,2026-08-14T04:00:58-05:00,2015958,CLASE PRACTICA,(1) Grupo 1,William Castro Garcia,20,23
gh-31780279220-0814T0900,2026-08-14T04:00:58-05:00,2015958,CLASE PRACTICA,(2) Grupo 2,William Castro Garcia,20,23
gh-31780279220-0814T0900,2026-08-14T04:00:58-05:00,2015958,CLASE PRACTICA,(3) Grupo 3,Carlos Alfonso Gomez Guacaneme,30,23
gh-31780279220-0814T0900,2026-08-14T04:00:58-05:00,2015958,CLASE PRACTICA,(4) Grupo 4,Mario Arturo Rincon Villalba,20,23
gh-31780279220-0814T0900,2026-08-14T04:00:58-05:00,2015958,CLASE PRACTICA,(5) Grupo 5,Mario Arturo Rincon Villalba,20,23
gh-31780279220-0814T0900,2026-08-14T04:00:58-05:00,2015958,CLASE PRACTICA,(6) Grupo 6,Fausto Alejandro Silva España,20,23
gh-31780279220-0814T0900,2026-08-14T04:00:58-05:00,2015958,CLASE PRACTICA,(7) Grupo 7,Fausto Alejandro Silva España,20,23
gh-31780279220-0814T0900,2026-08-14T04:00:58-05:00,2015958,CLASE PRACTICA,(8) Grupo 8,Fausto Alejandro Silva España,20,23
gh-31780279220-0814T0900,2026-08-14T04:00:58-05:00,2015958,CLASE PRACTICA,(9) Grupo 9,Fausto Alejandro Silva España,20,23
gh-31780279220-0814T0900,2026-08-14T04:00:58-05:00,2015958,CLASE TEORICA,(1) Grupo 1,William Castro Garcia,40,23
gh-31780279220-0814T0900,2026-08-14T04:00:58-05:00,2015958,CLASE TEORICA,(3) Grupo 3,Carlos Alfonso Gomez Guacaneme,30,23
gh-31780279220-0814T0900,2026-08-14T04:00:58-05:00,2015958,CLASE TEORICA,(4) Grupo 4,Mario Arturo Rincon Villalba,40,23
gh-31780279220-0814T0900,2026-08-14T04:00:58-05:00,2015958,CLASE TEORICA,(6) Grupo 6,Cesar Andres Cortes Bello,40,23
gh-31780279220-0814T0900,2026-08-14T04:00:58-05:00,2015958,CLASE TEORICA,(8) Grupo 8,Cesar Andres Cortes Bello,40,23
gh-31780279220-0814T0900,2026-08-14T04:00:59-05:00,2015959,CLASE TEORICA,(1) Grupo 1,Carlos Eduardo Rodriguez Pineda,30,24
gh-31780279220-0814T0900,2026-08-14T04:00:59-05:00,2015959,CLASE TEORICA,(2) Grupo 2,Guillermo Eduardo Avila Alvarez,30,24
gh-31780279220-0814T0900,2026-08-14T04:00:59-05:00,2015959,CLASE TEORICA,(3) Grupo 3,Livaniel Viveros Rosero,30,24
gh-31780279220-0814T0900,2026-08-14T04:00:59-05:00,2015959,CLASE TEORICA,(4) Grupo 4,No informado,0,24
gh-31780279220-0814T0900,2026-08-14T04:01:02-05:00,2015961,CLASE TEORICA,(1) Grupo 1,Rafael Orland Ortiz Mosquera,24,26
gh-31780279220-0814T0900,2026-08-14T04:01:02-05:00,2015961,CLASE TEORICA,(2) Grupo 2,Adriana Patricia Piña Fulano,24,26
gh-31780279220-0814T0900,2026-08-14T04:01:02-05:00,2015961,CLASE TEORICA,(3) Grupo 3,Gelber Norberto Gutierrez Palacios,24,26
gh-31780279220-0814T0900,2026-08-14T04:01:02-05:00,2015961,CLASE TEORICA,(4) Grupo 4,No informado,24,26
gh-31780279220-0814T0900,2026-08-14T04:01:02-05:00,2015961,CLASE TEORICA,(5) Grupo 5,No informado,24,26
gh-31780279220-0814T0900,2026-08-14T04:01:02-05:00,2015961,CLASE TEORICA,(6) Grupo 6,Leonardo David Donado Garzon,24,26
gh-31780279220-0814T0900,2026-08-14T04:01:03-05:00,2015978,CLASE TEORICA,(1) Grupo 1,No informado,0,27
gh-31780279220-0814T0900,2026-08-14T04:01:03-05:00,2015978,CLASE TEORICA,(2) Grupo 2,Erasmo Alfredo Rodriguez Sandoval,30,27
gh-31780279220-0814T0900,2026-08-14T04:01:03-05:00,2015978,CLASE TEORICA,(3) Grupo 3,No informado,30,27
gh-31780279220-0814T0900,2026-08-14T04:01:03-05:00,2015978,CLASE TEORICA,(4) Grupo 4,No informado,30,27
gh-31780279220-0814T0900,2026-08-14T04:01:03-05:00,2015978,CLASE TEORICA,(5) Grupo 5,No informado,30,27
gh-31780279220-0814T0900,2026-08-14T04:01:05-05:00,2026135,CLASE TEORICA,(1) Grupo 1,NICOLAS ESCALANTE MORA,25,28
gh-31780279220-0814T0900,2026-08-14T04:01:05-05:00,2026135,CLASE TEORICA,(2) Grupo 2,Leonel Vega Mora,25,28
gh-31780279220-0814T0900,2026-08-14T04:01:05-05:00,2026135,CLASE TEORICA,(3) Grupo 3,Leonel Vega Mora,25,28
gh-31780279220-0814T0900,2026-08-14T04:01:06-05:00,2015963,CLASE TEORICA,(1) Grupo 1,No informado,30,29
gh-31780279220-0814T0900,2026-08-14T04:01:06-05:00,2015963,CLASE TEORICA,(2) Grupo 2,No informado,30,29
gh-31780279220-0814T0900,2026-08-14T04:01:06-05:00,2015963,CLASE TEORICA,(3) Grupo 3,William Castro Garcia,30,29
gh-31780279220-0814T0900,2026-08-14T04:01:07-05:00,2026138,CLASE TEORICA,(1) Grupo 1,Ivan Dario Serrano Arrieta,30,30
gh-31780279220-0814T0900,2026-08-14T04:01:07-05:00,2026138,CLASE TEORICA,(2) Grupo 2,Ivan Dario Serrano Arrieta,30,30
gh-31780279220-0814T0900,2026-08-14T04:01:07-05:00,2026138,CLASE TEORICA,(3) Grupo 3,Pedro Luis Jimenez Poveda,30,30
gh-31780279220-0814T0900,2026-08-14T04:01:09-05:00,2015703,NA,(1) Grupo 1,Angela Maria Arboleda Restrepo,40,31
gh-31780279220-0814T0900,2026-08-14T04:01:09-05:00,2015703,NA,(10) Grupo 10,Diego Alejandro Hernandez Castañeda,30,31
gh-31780279220-0814T0900,2026-08-14T04:01:09-05:00,2015703,NA,(11) Grupo 11,Julio Cesar Cañon Rodriguez,30,31
gh-31780279220-0814T0900,2026-08-14T04:01:09-05:00,2015703,NA,(2) Grupo 2,Osman Benjamin Giovanny Vargas Rozo,40,31
gh-31780279220-0814T0900,2026-08-14T04:01:09-05:00,2015703,NA,(3) Grupo 3,Hugo Alberto Herrera Fonseca,40,31
gh-31780279220-0814T0900,2026-08-14T04:01:09-05:00,2015703,NA,(4) Grupo 4,LINA JULIANA BULLA CASAS,30,31
gh-31780279220-0814T0900,2026-08-14T04:01:09-05:00,2015703,NA,(5) Grupo 5 - Virtual,Cesar Augusto Roa Lemus,60,31
gh-31780279220-0814T0900,2026-08-14T04:01:09-05:00,2015703,NA,(6) Grupo 6,JAVIER RICARDO OJEDA SANCHEZ,40,31
gh-31780279220-0814T0900,2026-08-14T04:01:09-05:00,2015703,NA,(7) Grupo 7,JAVIER RICARDO OJEDA SANCHEZ,20,31
gh-31780279220-0814T0900,2026-08-14T04:01:09-05:00,2015703,NA,(8) Grupo 8,Diego Alejandro Hernandez Castañeda,40,31
gh-31780279220-0814T0900,2026-08-14T04:01:09-05:00,2015703,NA,(9) Grupo 9,LINA JULIANA BULLA CASAS,35,31
gh-31780279220-0814T0900,2026-08-14T04:01:10-05:00,1000044-B,CLASE TEORICA,(1) Grupo 1,Beatriz Elena Urrutia Sanchez,26,32
gh-31780279220-0814T0900,2026-08-14T04:01:10-05:00,1000044-B,CLASE TEORICA,(2) Grupo 2,Yaneli Niño Osorio,26,32
gh-31780279220-0814T0900,2026-08-14T04:01:10-05:00,1000044-B,CLASE TEORICA,(3) Grupo 3,Luis Gabriel Peña Ortiz,26,32
gh-31780279220-0814T0900,2026-08-14T04:01:10-05:00,1000044-B,CLASE TEORICA,(4) Grupo 4,Liliana Marcela Guzman Aricapa,26,32
gh-31780279220-0814T0900,2026-08-14T04:01:10-05:00,1000044-B,CLASE TEORICA,(5) Grupo 5,Beatriz Elena Urrutia Sanchez,26,32
gh-31780279220-0814T0900,2026-08-14T04:01:10-05:00,1000044-B,CLASE TEORICA,(6) Grupo 6,Cesar Augusto Romero,26,32
gh-31780279220-0814T0900,2026-08-14T04:01:10-05:00,1000044-B,CLASE TEORICA,(7) Grupo 7,JOSE JONATHAN MAESTRE HERRERA,26,32
gh-31780279220-0814T0900,2026-08-14T04:01:10-05:00,1000044-B,CLASE TEORICA,(8) Grupo 8,Beymar Leonardo Solorzano Alviz,26,32
gh-31780279220-0814T0900,2026-08-14T04:01:10-05:00,1000044-B,CLASE TEORICA,(9) Grupo 9,Claudia Marcela Arevalo Gomez,7,32
gh-31780279220-0814T0900,2026-08-14T04:01:11-05:00,1000045-B,CLASE TEORICA,(1) Grupo 1,Claudia Marcela Arevalo Gomez,10,33
gh-31780279220-0814T0900,2026-08-14T04:01:11-05:00,1000045-B,CLASE TEORICA,(10) Grupo 10,Jesica paola Rendon Alfonso,26,33
gh-31780279220-0814T0900,2026-08-14T04:01:11-05:00,1000045-B,CLASE TEORICA,(11) Grupo 11,JOSE JONATHAN MAESTRE HERRERA,26,33
gh-31780279220-0814T0900,2026-08-14T04:01:11-05:00,1000045-B,CLASE TEORICA,(12) Grupo 12,LINDA JOHANA RUIZ GOMEZ,26,33
gh-31780279220-0814T0900,2026-08-14T04:01:11-05:00,1000045-B,CLASE TEORICA,(13) Grupo 13,Narly Yadira Pardo Cadena,26,33
gh-31780279220-0814T0900,2026-08-14T04:01:11-05:00,1000045-B,CLASE TEORICA,(14) Grupo 14,Angelica Saenz Fonseca,26,33
gh-31780279220-0814T0900,2026-08-14T04:01:11-05:00,1000045-B,CLASE TEORICA,(15) Grupo 15,Narly Yadira Pardo Cadena,26,33
gh-31780279220-0814T0900,2026-08-14T04:01:11-05:00,1000045-B,CLASE TEORICA,(16) Grupo 16,Luis Gabriel Peña Ortiz,26,33
gh-31780279220-0814T0900,2026-08-14T04:01:11-05:00,1000045-B,CLASE TEORICA,(2) Grupo 2,Cesar Augusto Romero,26,33
gh-31780279220-0814T0900,2026-08-14T04:01:11-05:00,1000045-B,CLASE TEORICA,(3) Grupo 3,Jesica paola Rendon Alfonso,26,33
gh-31780279220-0814T0900,2026-08-14T04:01:11-05:00,1000045-B,CLASE TEORICA,(4) Grupo 4,Adriana Marlen Sanchez Riaño,26,33
gh-31780279220-0814T0900,2026-08-14T04:01:11-05:00,1000045-B,CLASE TEORICA,(5) Grupo 5,Cesar Augusto Romero,26,33
gh-31780279220-0814T0900,2026-08-14T04:01:11-05:00,1000045-B,CLASE TEORICA,(6) Grupo 6,Sara Elisa Monsalve Patino,26,33
gh-31780279220-0814T0900,2026-08-14T04:01:11-05:00,1000045-B,CLASE TEORICA,(7) Grupo 7,Luis Gabriel Peña Ortiz,26,33
gh-31780279220-0814T0900,2026-08-14T04:01:11-05:00,1000045-B,CLASE TEORICA,(8) Grupo 8,Johnatan Martinez Hernandez,26,33
gh-31780279220-0814T0900,2026-08-14T04:01:11-05:00,1000045-B,CLASE TEORICA,(9) Grupo 9,Maureen Elizabeth Hooker Oneill,15,33
gh-31780279220-0814T0900,2026-08-14T04:01:14-05:00,1000046-B,CLASE TEORICA,(1) Grupo 1,Johnatan Martinez Hernandez,26,35
gh-31780279220-0814T0900,2026-08-14T04:01:14-05:00,1000046-B,CLASE TEORICA,(10) Grupo 10,Jennly Angelica Gomez Rodriguez,26,35
gh-31780279220-0814T0900,2026-08-14T04:01:14-05:00,1000046-B,CLASE TEORICA,(11) Grupo 11,Angelica Saenz Fonseca,26,35
gh-31780279220-0814T0900,2026-08-14T04:01:14-05:00,1000046-B,CLASE TEORICA,(12) Grupo 12,Liliana Marcela Guzman Aricapa,26,35
gh-31780279220-0814T0900,2026-08-14T04:01:14-05:00,1000046-B,CLASE TEORICA,(13) Grupo 13,ALBA LUCIA RIAÑO RODRIGUEZ,26,35
gh-31780279220-0814T0900,2026-08-14T04:01:14-05:00,1000046-B,CLASE TEORICA,(14) Grupo 14,Angelica Saenz Fonseca,26,35
gh-31780279220-0814T0900,2026-08-14T04:01:14-05:00,1000046-B,CLASE TEORICA,(15) Grupo 15,Luis Gabriel Peña Ortiz,26,35
gh-31780279220-0814T0900,2026-08-14T04:01:14-05:00,1000046-B,CLASE TEORICA,(16) Grupo 16,Olga Lucia Ruiz Convers,26,35
gh-31780279220-0814T0900,2026-08-14T04:01:14-05:00,1000046-B,CLASE TEORICA,(17) Grupo 17,Luis Gabriel Peña Ortiz,26,35
gh-31780279220-0814T0900,2026-08-14T04:01:14-05:00,1000046-B,CLASE TEORICA,(18) Grupo 18,Narly Yadira Pardo Cadena,26,35
gh-31780279220-0814T0900,2026-08-14T04:01:14-05:00,1000046-B,CLASE TEORICA,(2) Grupo 2,Jesica paola Rendon Alfonso,26,35
gh-31780279220-0814T0900,2026-08-14T04:01:14-05:00,1000046-B,CLASE TEORICA,(3) Grupo 3,JESUS DAVID TORRES RODRIGUEZ,26,35
gh-31780279220-0814T0900,2026-08-14T04:01:14-05:00,1000046-B,CLASE TEORICA,(4) Grupo 4,Claudia Patricia Cortes Lora,26,35
gh-31780279220-0814T0900,2026-08-14T04:01:14-05:00,1000046-B,CLASE TEORICA,(5) Grupo 5,Johnatan Martinez Hernandez,26,35
gh-31780279220-0814T0900,2026-08-14T04:01:14-05:00,1000046-B,CLASE TEORICA,(6) Grupo 6,Johnatan Martinez Hernandez,26,35
gh-31780279220-0814T0900,2026-08-14T04:01:14-05:00,1000046-B,CLASE TEORICA,(7) Grupo 7,Jesica paola Rendon Alfonso,26,35
gh-31780279220-0814T0900,2026-08-14T04:01:14-05:00,1000046-B,CLASE TEORICA,(8) Grupo 8,Beatriz Elena Urrutia Sanchez,26,35
gh-31780279220-0814T0900,2026-08-14T04:01:14-05:00,1000046-B,CLASE TEORICA,(9) Grupo 9,Maureen Elizabeth Hooker Oneill,10,35
gh-31780279220-0814T0900,2026-08-14T04:01:17-05:00,1000052-B,CLASE TEORICA,(1) Grupo 1,Liliana Marcela Guzman Aricapa,28,37
gh-31780279220-0814T0900,2026-08-14T04:01:17-05:00,1000052-B,CLASE TEORICA,(2) Grupo 2,JOSE JONATHAN MAESTRE HERRERA,28,37
gh-31780279220-0814T0900,2026-08-14T04:01:17-05:00,1000052-B,CLASE TEORICA,(3) Grupo 3,Aida Elena Monsalve Solorzano,28,37
gh-31780279220-0814T0900,2026-08-14T04:01:18-05:00,1000053-B,CLASE TEORICA,(1) Grupo 1,Jennly Angelica Gomez Rodriguez,28,38
gh-31780279220-0814T0900,2026-08-14T04:01:18-05:00,1000053-B,CLASE TEORICA,(2) Grupo 2,Yaneli Niño Osorio,28,38
gh-31780279220-0814T0900,2026-08-14T04:01:18-05:00,1000053-B,CLASE TEORICA,(3) Grupo 3,Javier Rodriguez Gomez,30,38
gh-31780279220-0814T0900,2026-08-14T04:01:18-05:00,1000053-B,CLASE TEORICA,(4) Grupo 4,Javier Rodriguez Gomez,30,38
gh-31780279220-0814T0900,2026-08-14T04:01:18-05:00,1000053-B,CLASE TEORICA,(5) Grupo 5,LINDA JOHANA RUIZ GOMEZ,28,38
gh-31780279220-0814T0900,2026-08-14T04:01:18-05:00,1000053-B,CLASE TEORICA,(6) Grupo 6,Olga Lucia Ruiz Convers,28,38
gh-31780279220-0814T0900,2026-08-14T04:01:20-05:00,1000047-B,CLASE TEORICA,(1) Grupo 1,Cesar Augusto Romero,26,39
gh-31780279220-0814T0900,2026-08-14T04:01:20-05:00,1000047-B,CLASE TEORICA,(10) Grupo 10,Monica Alexandra Riaño Orjuela,26,39
gh-31780279220-0814T0900,2026-08-14T04:01:20-05:00,1000047-B,CLASE TEORICA,(11) Grupo 11,Jennly Angelica Gomez Rodriguez,26,39
gh-31780279220-0814T0900,2026-08-14T04:01:20-05:00,1000047-B,CLASE TEORICA,(12) Grupo 12,Claudia Patricia Cortes Lora,26,39
gh-31780279220-0814T0900,2026-08-14T04:01:20-05:00,1000047-B,CLASE TEORICA,(13) Grupo 13,Angelica Saenz Fonseca,26,39
gh-31780279220-0814T0900,2026-08-14T04:01:20-05:00,1000047-B,CLASE TEORICA,(14) Grupo 14,LINDA JOHANA RUIZ GOMEZ,26,39
gh-31780279220-0814T0900,2026-08-14T04:01:20-05:00,1000047-B,CLASE TEORICA,(15) Grupo 15,Claudia Patricia Cortes Lora,26,39
gh-31780279220-0814T0900,2026-08-14T04:01:20-05:00,1000047-B,CLASE TEORICA,(16) Grupo 16,Narly Yadira Pardo Cadena,26,39
gh-31780279220-0814T0900,2026-08-14T04:01:20-05:00,1000047-B,CLASE TEORICA,(17) Grupo 17,Angelica Saenz Fonseca,26,39
gh-31780279220-0814T0900,2026-08-14T04:01:20-05:00,1000047-B,CLASE TEORICA,(18) Grupo 18,ALBA LUCIA RIAÑO RODRIGUEZ,26,39
gh-31780279220-0814T0900,2026-08-14T04:01:20-05:00,1000047-B,CLASE TEORICA,(19) Grupo 19,Aida Elena Monsalve Solorzano,26,39
gh-31780279220-0814T0900,2026-08-14T04:01:20-05:00,1000047-B,CLASE TEORICA,(2) Grupo 2,Yaneli Niño Osorio,26,39
gh-31780279220-0814T0900,2026-08-14T04:01:20-05:00,1000047-B,CLASE TEORICA,(20) Grupo 20,ALBA LUCIA RIAÑO RODRIGUEZ,26,39
gh-31780279220-0814T0900,2026-08-14T04:01:20-05:00,1000047-B,CLASE TEORICA,(21) Grupo 21,Edwin Yesid Leon Silva,26,39
gh-31780279220-0814T0900,2026-08-14T04:01:20-05:00,1000047-B,CLASE TEORICA,(22) Grupo 22,LINDA JOHANA RUIZ GOMEZ,26,39
gh-31780279220-0814T0900,2026-08-14T04:01:20-05:00,1000047-B,CLASE TEORICA,(3) Grupo 3,Monica Alexandra Riaño Orjuela,26,39
gh-31780279220-0814T0900,2026-08-14T04:01:20-05:00,1000047-B,CLASE TEORICA,(4) Grupo 4,Claudia Patricia Cortes Lora,26,39
gh-31780279220-0814T0900,2026-08-14T04:01:20-05:00,1000047-B,CLASE TEORICA,(5) Grupo 5,Olga Lucia Ruiz Convers,26,39
gh-31780279220-0814T0900,2026-08-14T04:01:20-05:00,1000047-B,CLASE TEORICA,(6) Grupo 6,Monica Alexandra Riaño Orjuela,26,39
gh-31780279220-0814T0900,2026-08-14T04:01:20-05:00,1000047-B,CLASE TEORICA,(7) Grupo 7,Cesar Augusto Romero,26,39
gh-31780279220-0814T0900,2026-08-14T04:01:20-05:00,1000047-B,CLASE TEORICA,(8) Grupo 8,Beatriz Elena Urrutia Sanchez,26,39
gh-31780279220-0814T0900,2026-08-14T04:01:20-05:00,1000047-B,CLASE TEORICA,(9) Grupo 9,Keshia Hilary Howard Livingston,15,39
gh-31780279220-0814T0900,2026-08-14T04:01:22-05:00,2026186,CLASE TEORICA,(1) Grupo 1,Carol Andrea Murillo Feo,7,41
gh-31780279220-0814T0900,2026-08-14T04:01:22-05:00,2026186,CLASE TEORICA,(2) Grupo 2,Leonel Vega Mora,0,41
gh-31780279220-0814T0900,2026-08-14T04:01:22-05:00,2026186,CLASE TEORICA,(4) Grupo 4,Carlos Orlando Robles Roa,10,41
gh-31780279220-0814T0900,2026-08-14T04:01:23-05:00,1000002-B,CLASE TEORICA,(1) Grupo 1 - Clase Presencial,Ruth Andrea Cortés Suárez,1,42
gh-31780279220-0814T0900,2026-08-14T04:01:23-05:00,1000002-B,CLASE TEORICA,(10) Grupo 10 - Clase presencial,Karen Johanna Castelblanco Villamil,0,42
gh-31780279220-0814T0900,2026-08-14T04:01:23-05:00,1000002-B,CLASE TEORICA,(2) Grupo 2 - Clase Presencial,Ruth Andrea Cortés Suárez,0,42
gh-31780279220-0814T0900,2026-08-14T04:01:23-05:00,1000002-B,CLASE TEORICA,(3) Grupo 3 - Clase Presencial,Adriana Patricia Díaz Cuevas,0,42
gh-31780279220-0814T0900,2026-08-14T04:01:23-05:00,1000002-B,CLASE TEORICA,(4) Grupo 4 - Clase Presencial,Adriana Patricia Díaz Cuevas,0,42
gh-31780279220-0814T0900,2026-08-14T04:01:23-05:00,1000002-B,CLASE TEORICA,(5) Grupo 5 - Clase Presencial,Andres Felipe Escovar Barreto,0,42
gh-31780279220-0814T0900,2026-08-14T04:01:23-05:00,1000002-B,CLASE TEORICA,(6) Grupo 6 - Clase Presencial,Ruth Andrea Cortés Suárez,0,42
gh-31780279220-0814T0900,2026-08-14T04:01:23-05:00,1000002-B,CLASE TEORICA,(7) Grupo 7 - Clase Presencial,Karen Johanna Castelblanco Villamil,0,42
gh-31780279220-0814T0900,2026-08-14T04:01:23-05:00,1000002-B,CLASE TEORICA,(8) Grupo 8 - Clase Presencial,Adriana Patricia Díaz Cuevas,0,42
gh-31780279220-0814T0900,2026-08-14T04:01:23-05:00,1000002-B,CLASE TEORICA,(9) Grupo 9 - Clase Presencial,Carlas Lucia Castilla Lara,10,42
gh-31780279220-0814T0900,2026-08-14T04:01:25-05:00,1000001-B,CLASE TEORICA,(1) Grupo 1,No informado,0,43
gh-31780279220-0814T0900,2026-08-14T04:01:25-05:00,1000001-B,CLASE TEORICA,(19) Grupo 19,No informado,5,43
gh-31780279220-0814T0900,2026-08-14T04:01:25-05:00,1000001-B,CLASE TEORICA,(2) Grupo 2,No informado,10,43
gh-31780279220-0814T0900,2026-08-14T04:01:25-05:00,1000001-B,CLASE MAGISTRAL,(1) Grupo 1,Ibeth Marcela Rubio Perilla,0,43
gh-31780279220-0814T0900,2026-08-14T04:01:25-05:00,1000001-B,CLASE MAGISTRAL,(10) Grupo 10,No informado,0,43
gh-31780279220-0814T0900,2026-08-14T04:01:25-05:00,1000001-B,CLASE MAGISTRAL,(2) Grupo 2,Herbert Alonso Dueñas Ruiz,0,43
gh-31780279220-0814T0900,2026-08-14T04:01:25-05:00,1000001-B,CLASE MAGISTRAL,(3) Grupo 3,Jeanneth Galeano Penaloza,0,43
gh-31780279220-0814T0900,2026-08-14T04:01:25-05:00,1000001-B,CLASE MAGISTRAL,(4) Grupo 4,Gustavo Adolfo Nieto Clavijo,0,43
gh-31780279220-0814T0900,2026-08-14T04:01:25-05:00,1000001-B,CLASE MAGISTRAL,(5) Grupo 5,Natalia Camila Pinzon Cortes,1,43
gh-31780279220-0814T0900,2026-08-14T04:01:25-05:00,1000001-B,CLASE MAGISTRAL,(6) Grupo 6,Martha Cecilia Moreno Penagos,0,43
gh-31780279220-0814T0900,2026-08-14T04:01:25-05:00,1000001-B,CLASE MAGISTRAL,(7) Grupo 7,Claudio Rodriguez Beltran,0,43
gh-31780279220-0814T0900,2026-08-14T04:01:25-05:00,1000001-B,CLASE MAGISTRAL,(8) Grupo 8,Gabriel Ignacio Padilla Leon,1,43
gh-31780279220-0814T0900,2026-08-14T04:01:25-05:00,1000001-B,CLASE MAGISTRAL,(9) Grupo 9,No informado,10,43
gh-31780279220-0814T0900,2026-08-14T04:01:26-05:00,2015965,CLASE TEORICA,(1) Grupo 1,CAMILO RIOS FRESNEDA,24,44
gh-31780279220-0814T0900,2026-08-14T04:01:26-05:00,2015965,CLASE TEORICA,(2) Grupo 2,Julian David Puerto Suarez; Vladimir Buelvas Hernández,24,44
gh-31780279220-0814T0900,2026-08-14T04:01:26-05:00,2015965,CLASE TEORICA,(3) Grupo 3,Ferney Betancourt Cardozo; Juan Manuel Lizarazo Marriaga,24,44
gh-31780279220-0814T0900,2026-08-14T04:01:26-05:00,2015965,CLASE TEORICA,(4) Grupo 4,No informado,24,44
gh-31780279220-0814T0900,2026-08-14T04:01:27-05:00,2015966,CLASE TEORICA,(1) Grupo 1,No informado,24,45
gh-31780279220-0814T0900,2026-08-14T04:01:27-05:00,2015966,CLASE TEORICA,(2) Grupo 2,Adriana Patricia Piña Fulano,24,45
gh-31780279220-0814T0900,2026-08-14T04:01:27-05:00,2015966,CLASE TEORICA,(3) Grupo 3,Rafael Orland Ortiz Mosquera,24,45
gh-31780279220-0814T0900,2026-08-14T04:01:27-05:00,2015966,CLASE TEORICA,(4) Grupo 4,No informado,24,45
gh-31780279220-0814T0900,2026-08-14T04:01:27-05:00,2015966,CLASE TEORICA,(5) Grupo 5,No informado,24,45
gh-31780279220-0814T0900,2026-08-14T04:01:27-05:00,2015966,CLASE TEORICA,(6) Grupo 6,Luis Alejandro Morales Marin,24,45
gh-31780279220-0814T0900,2026-08-14T04:01:27-05:00,2015966,CLASE TEORICA,(7) Grupo 7,No informado,24,45
gh-31780279220-0814T0900,2026-08-14T04:01:27-05:00,2015966,CLASE TEORICA,(8) Grupo 8,No informado,24,45
gh-31780279220-0814T0900,2026-08-14T04:01:29-05:00,2015967,NA,(1) Grupo 1,Vladimir Buelvas Hernández,24,46
gh-31780279220-0814T0900,2026-08-14T04:01:30-05:00,2015968,CLASE TEORICA,(1) Grupo 1,Ricardo Parra Arango,24,47
gh-31780279220-0814T0900,2026-08-14T04:01:30-05:00,2015968,CLASE TEORICA,(2) Grupo 2,Juan David Oliveros Salazar,24,47
gh-31780279220-0814T0900,2026-08-14T04:01:30-05:00,2015968,CLASE TEORICA,(3) Grupo 3,No informado,24,47
gh-31780279220-0814T0900,2026-08-14T04:01:30-05:00,2015968,CLASE TEORICA,(4) Grupo 4,Ricardo Parra Arango,24,47
gh-31780279220-0814T0900,2026-08-14T04:01:30-05:00,2015968,CLASE TEORICA,(5) Grupo 5,Julian David Puerto Suarez,24,47
gh-31780279220-0814T0900,2026-08-14T04:01:30-05:00,2015968,CLASE TEORICA,(6) Grupo 6,Dorian Luis Linero Segrera,24,47
gh-31780279220-0814T0900,2026-08-14T04:01:30-05:00,2015968,CLASE TEORICA,(7) Grupo 7,No informado,0,47
gh-31780279220-0814T0900,2026-08-14T04:01:31-05:00,2015969,CLASE TEORICA,(1) Grupo 1 (Inglés),Julio Esteban Colmenares Montañez,30,48
gh-31780279220-0814T0900,2026-08-14T04:01:31-05:00,2015969,CLASE TEORICA,(2) Grupo 2,Guillermo Eduardo Avila Alvarez,30,48
gh-31780279220-0814T0900,2026-08-14T04:01:31-05:00,2015969,CLASE TEORICA,(3) Grupo 3,Livaniel Viveros Rosero,30,48
gh-31780279220-0814T0900,2026-08-14T04:01:31-05:00,2015969,CLASE TEORICA,(4) Grupo 4,No informado,30,48
gh-31780279220-0814T0900,2026-08-14T04:01:33-05:00,2015970,CLASE PRACTICA,(4) Grupo 4,Helga Duarte,30,49
gh-31780279220-0814T0900,2026-08-14T04:01:33-05:00,2015970,CLASE PRACTICA,(5) Grupo 5,Oswaldo Rojas Camacho,45,49
gh-31780279220-0814T0900,2026-08-14T04:01:33-05:00,2015970,CLASE PRACTICA,(8) Grupo 8,Helga Duarte,30,49
gh-31780279220-0814T0900,2026-08-14T04:01:33-05:00,2015970,CLASE PRACTICA,(9) Grupo 9,Oswaldo Rojas Camacho,45,49
gh-31780279220-0814T0900,2026-08-14T04:01:34-05:00,2017293,CLASE TEORICA,(1) 2017293-1 Modelación matemática,JUAN SEBASTIÁN HINCAPIÉ MONTES,34,50
gh-31780279220-0814T0900,2026-08-14T04:01:34-05:00,2017293,CLASE TEORICA,(2) 2017293-2 Modelación matemática,JUAN SEBASTIÁN HINCAPIÉ MONTES,34,50
gh-31780279220-0814T0900,2026-08-14T04:01:34-05:00,2017293,CLASE MAGISTRAL,(1M) 2017293-1M Modelación matemática - Magistral,Carlos Alberto Duque Daza,80,50
gh-31780279220-0814T0900,2026-08-14T04:01:38-05:00,2015971,CLASE TEORICA,(1) Grupo 1,No informado,30,53
gh-31780279220-0814T0900,2026-08-14T04:01:38-05:00,2015971,CLASE TEORICA,(2) Grupo 2,Ferney Betancourt Cardozo,30,53
gh-31780279220-0814T0900,2026-08-14T04:01:38-05:00,2015971,CLASE TEORICA,(3) Grupo 3,No informado,30,53
gh-31780279220-0814T0900,2026-08-14T04:01:39-05:00,2015972,CLASE TEORICA,(1) Grupo 1,Carlos Alberto Moncada Aristizabal,15,54
gh-31780279220-0814T0900,2026-08-14T04:01:39-05:00,2015972,CLASE TEORICA,(2) Grupo 2,SANTIAGO RAMIREZ ECHEVERRI,15,54
gh-31780279220-0814T0900,2026-08-14T04:01:39-05:00,2015972,CLASE TEORICA,(3) Grupo 3,No informado,15,54
gh-31780279220-0814T0900,2026-08-14T04:01:40-05:00,1000024-B,CLASE TEORICA,(12) Grupo 12,Edgar Delgado Mejia,0,55
gh-31780279220-0814T0900,2026-08-14T04:01:40-05:00,1000024-B,CLASE TEORICA,(13) Grupo 13,Jesus Sigifredo Valencia Rios,0,55
gh-31780279220-0814T0900,2026-08-14T04:01:40-05:00,1000024-B,CLASE TEORICA,(14) Grupo 14,Jhon Jairo Aragón Arias,10,55
gh-31780279220-0814T0900,2026-08-14T04:01:42-05:00,1000013-B,CLASE TEORICA,(1) Grupo 1,JHONIER SEBASTIAN RANGEL GUTIERREZ,0,56
gh-31780279220-0814T0900,2026-08-14T04:01:42-05:00,1000013-B,CLASE TEORICA,(10) Grupo 10,Sandra Vergara Cardozo,35,56
gh-31780279220-0814T0900,2026-08-14T04:01:42-05:00,1000013-B,CLASE TEORICA,(11) Grupo 11,DIEGO ALBERTO MARTINEZ SIMBAQUEVA,40,56
gh-31780279220-0814T0900,2026-08-14T04:01:42-05:00,1000013-B,CLASE TEORICA,(12) Grupo 12,DIEGO ALBERTO MARTINEZ SIMBAQUEVA,40,56
gh-31780279220-0814T0900,2026-08-14T04:01:42-05:00,1000013-B,CLASE TEORICA,(13) Grupo 13,DIEGO ALBERTO MARTINEZ SIMBAQUEVA,30,56
gh-31780279220-0814T0900,2026-08-14T04:01:42-05:00,1000013-B,CLASE TEORICA,(14) Grupo 14,Andrea Catalina Garcia Montoya,45,56
gh-31780279220-0814T0900,2026-08-14T04:01:42-05:00,1000013-B,CLASE TEORICA,(16) Grupo 16,Sergio Alejandro Calderon Villanueva,30,56
gh-31780279220-0814T0900,2026-08-14T04:01:42-05:00,1000013-B,CLASE TEORICA,(2) Grupo 2,Luis Guillermo Diaz Monroy,40,56
gh-31780279220-0814T0900,2026-08-14T04:01:42-05:00,1000013-B,CLASE TEORICA,(22) Grupo 22,Hanwen Zhang,45,56
gh-31780279220-0814T0900,2026-08-14T04:01:42-05:00,1000013-B,CLASE TEORICA,(23) Grupo 23,ULPIANO LARA CRISTANCHO,0,56
gh-31780279220-0814T0900,2026-08-14T04:01:42-05:00,1000013-B,CLASE TEORICA,(3) Grupo 3,Diana Carolina Franco Soto,40,56
gh-31780279220-0814T0900,2026-08-14T04:01:42-05:00,1000013-B,CLASE TEORICA,(4) Grupo 4,Diana Carolina Franco Soto,40,56
gh-31780279220-0814T0900,2026-08-14T04:01:42-05:00,1000013-B,CLASE TEORICA,(5) Grupo 5,Darwin Eduardo Martínez Riaño,35,56
gh-31780279220-0814T0900,2026-08-14T04:01:42-05:00,1000013-B,CLASE TEORICA,(6) Grupo 6,Darwin Eduardo Martínez Riaño,35,56
gh-31780279220-0814T0900,2026-08-14T04:01:42-05:00,1000013-B,CLASE TEORICA,(7) Grupo 7,Camilo Jose Torres Jimenez,40,56
gh-31780279220-0814T0900,2026-08-14T04:01:43-05:00,2015734,NA,(1) Grupo 1,Fernando Salazar Delgado,6,57
gh-31780279220-0814T0900,2026-08-14T04:01:43-05:00,2015734,NA,(10) Grupo 10,Tito Florez Calderon,4,57
gh-31780279220-0814T0900,2026-08-14T04:01:43-05:00,2015734,NA,(11) Grupo 11,DAVID ALBERTO HERRERA ALVAREZ,0,57
gh-31780279220-0814T0900,2026-08-14T04:01:43-05:00,2015734,NA,(12) Grupo 12,FABIEL NATÁN ESPINOSA CASTAÑEDA,1,57
gh-31780279220-0814T0900,2026-08-14T04:01:43-05:00,2015734,NA,(13) Grupo 13,SERGIO CAMILO ESPINOSA BOTERO,4,57
gh-31780279220-0814T0900,2026-08-14T04:01:43-05:00,2015734,NA,(14) Grupo 14,Felipe Gonzalez Roldan,0,57
gh-31780279220-0814T0900,2026-08-14T04:01:43-05:00,2015734,NA,(2) Grupo 2,Fernando Salazar Delgado,16,57
gh-31780279220-0814T0900,2026-08-14T04:01:43-05:00,2015734,NA,(3) Grupo 3,Jhoan Sebastian Restrepo Mendoza,0,57
gh-31780279220-0814T0900,2026-08-14T04:01:43-05:00,2015734,NA,(4) Grupo 4,Sandra Liliana Rojas Martinez,0,57
gh-31780279220-0814T0900,2026-08-14T04:01:43-05:00,2015734,NA,(5) Grupo 5,Jhoan Sebastian Restrepo Mendoza,0,57
gh-31780279220-0814T0900,2026-08-14T04:01:43-05:00,2015734,NA,(6) Grupo 6,SERGIO CAMILO ESPINOSA BOTERO,8,57
gh-31780279220-0814T0900,2026-08-14T04:01:43-05:00,2015734,NA,(7) Grupo 7,No informado,3,57
gh-31780279220-0814T0900,2026-08-14T04:01:43-05:00,2015734,NA,(8) Grupo 8 - Virtual,FABIEL NATÁN ESPINOSA CASTAÑEDA,30,57
gh-31780279220-0814T0900,2026-08-14T04:01:43-05:00,2015734,NA,(9) Grupo 9,Alvaro Reynel Córdoba,18,57
gh-31780279220-0814T0900,2026-08-14T04:01:45-05:00,2015973,CLASE TEORICA,(1) Grupo 1,No informado,25,59
gh-31780279220-0814T0900,2026-08-14T04:01:45-05:00,2015973,CLASE TEORICA,(2) Grupo 2,GABRIELA ARRIETA LOYO,25,59
gh-31780279220-0814T0900,2026-08-14T04:01:45-05:00,2015973,CLASE TEORICA,(3) Grupo 3,NICOLAS ESCALANTE MORA,25,59
gh-31780279220-0814T0900,2026-08-14T04:01:47-05:00,2022761,NA,(1) Grupo 1,Servio Javier Contreras Guerrero,15,60
gh-31780279220-0814T0900,2026-08-14T04:01:47-05:00,2022761,NA,(2) Grupo 2,Servio Javier Contreras Guerrero,15,60
gh-31780279220-0814T0900,2026-08-14T04:01:47-05:00,2022761,NA,(3) Grupo 3,Samuel Fernando Mesa Giraldo,15,60
gh-31780279220-0814T0900,2026-08-14T04:01:48-05:00,2024045,CLASE TEORICA,(1) 2024045-1 Taller de proyectos interdisciplinarios,No informado,0,61
gh-31780279220-0814T0900,2026-08-14T04:01:48-05:00,2024045,CLASE TEORICA,(10) 2024045-10 Taller de proyectos interdisciplinarios,Oscar Andres Eraso Eraso,0,61
gh-31780279220-0814T0900,2026-08-14T04:01:48-05:00,2024045,CLASE TEORICA,(11) 2024045-11 Taller de proyectos interdisciplinarios,No informado,0,61
gh-31780279220-0814T0900,2026-08-14T04:01:48-05:00,2024045,CLASE TEORICA,(12) 2024045-12 Taller de proyectos interdisciplinarios,Hector Julian Garcia Otalora,200,61
gh-31780279220-0814T0900,2026-08-14T04:01:48-05:00,2024045,CLASE TEORICA,(13) 2024045-13 Taller de proyectos interdisciplinarios,No informado,0,61
gh-31780279220-0814T0900,2026-08-14T04:01:48-05:00,2024045,CLASE TEORICA,(14) 2024045-14 Taller de proyectos interdisciplinarios,Dolly Santos Barbosa,0,61
gh-31780279220-0814T0900,2026-08-14T04:01:48-05:00,2024045,CLASE TEORICA,(15) 2024045-15 Taller de proyectos interdisciplinarios,Oscar Andres Eraso Eraso,0,61
gh-31780279220-0814T0900,2026-08-14T04:01:48-05:00,2024045,CLASE TEORICA,(16) 2024045-16 Taller de proyectos interdisciplinarios,Luis Ignacio Rodriguez Varela,0,61
gh-31780279220-0814T0900,2026-08-14T04:01:48-05:00,2024045,CLASE TEORICA,(17) 2024045-17 Taller de proyectos interdisciplinarios,JOHANA CATALINA MANOSALVA BARRERA,0,61
gh-31780279220-0814T0900,2026-08-14T04:01:48-05:00,2024045,CLASE TEORICA,(18) 2024045-18 Taller de proyectos interdisciplinarios,Fernando Bernal Martinez,0,61
gh-31780279220-0814T0900,2026-08-14T04:01:48-05:00,2024045,CLASE TEORICA,(19) 2024045-19 Taller de proyectos interdisciplinarios,FRANCISCO JAVIER VÁSQUEZ VÁSQUEZ,0,61
gh-31780279220-0814T0900,2026-08-14T04:01:48-05:00,2024045,CLASE TEORICA,(2) 2024045-2 Taller de proyectos interdisciplinarios,Fernando Bernal Martinez,0,61
gh-31780279220-0814T0900,2026-08-14T04:01:48-05:00,2024045,CLASE TEORICA,(21) 2024045-21 Taller de proyectos interdisciplinarios,No informado,0,61
gh-31780279220-0814T0900,2026-08-14T04:01:48-05:00,2024045,CLASE TEORICA,(22) 2024045-22 Taller de proyectos interdisciplinarios,Ubaldo Garcia Zaragoza,0,61
gh-31780279220-0814T0900,2026-08-14T04:01:48-05:00,2024045,CLASE TEORICA,(23) 2024045-23 Taller de proyectos interdisciplinarios,No informado,0,61
gh-31780279220-0814T0900,2026-08-14T04:01:48-05:00,2024045,CLASE TEORICA,(24) 2024045-24 Taller de proyectos interdisciplinarios,Hector Julian Garcia Otalora,200,61
gh-31780279220-0814T0900,2026-08-14T04:01:48-05:00,2024045,CLASE TEORICA,(3) 2024045-3 Taller de proyectos interdisciplinarios,Guillermo Alberto Rocha Casas,0,61
gh-31780279220-0814T0900,2026-08-14T04:01:48-05:00,2024045,CLASE TEORICA,(4) 2024045-4 Taller de proyectos interdisciplinarios,Francy Nayely Prieto Novoa,0,61
gh-31780279220-0814T0900,2026-08-14T04:01:48-05:00,2024045,CLASE TEORICA,(40) 2024045-40 TPI-- NO BORRAR-- BLOQ ESPACIOS,No informado,0,61
gh-31780279220-0814T0900,2026-08-14T04:01:48-05:00,2024045,CLASE TEORICA,(5) 2024045-5 Taller de proyectos interdisciplinarios,Nubia Carmenza Moreno Sarmiento,0,61
gh-31780279220-0814T0900,2026-08-14T04:01:48-05:00,2024045,CLASE TEORICA,(6) 2024045-6 Taller de proyectos interdisciplinarios,JOHANA CATALINA MANOSALVA BARRERA,0,61
gh-31780279220-0814T0900,2026-08-14T04:01:48-05:00,2024045,CLASE TEORICA,(7) 2024045-7 Taller de proyectos interdisciplinarios,Ubaldo Garcia Zaragoza,0,61
gh-31780279220-0814T0900,2026-08-14T04:01:48-05:00,2024045,CLASE TEORICA,(8) 2024045-8 Taller de proyectos interdisciplinarios,JHON FREDDY LOPEZ MEDINA,0,61
gh-31780279220-0814T0900,2026-08-14T04:01:48-05:00,2024045,CLASE TEORICA,(9) 2024045-9 Taller de proyectos interdisciplinarios,Manuel Alejandro Mayorga Betancourt,0,61
gh-31780279220-0814T0900,2026-08-14T04:01:49-05:00,2015296,NA,(1) Grupo 1,Leonardo David Donado Garzon,5,62
gh-31780279220-0814T0900,2026-08-14T04:01:49-05:00,2015296,NA,(10) Grupo 10,Juan Manuel Lizarazo Marriaga,5,62
gh-31780279220-0814T0900,2026-08-14T04:01:49-05:00,2015296,NA,(11) Grupo 11,Octavio Coronado Garcia,5,62
gh-31780279220-0814T0900,2026-08-14T04:01:49-05:00,2015296,NA,(12) Grupo 12,Carol Andrea Murillo Feo,5,62
gh-31780279220-0814T0900,2026-08-14T04:01:49-05:00,2015296,NA,(13) Grupo 13,CAMILO RIOS FRESNEDA,5,62
gh-31780279220-0814T0900,2026-08-14T04:01:49-05:00,2015296,NA,(14) Grupo 14,William Castro Garcia,5,62
gh-31780279220-0814T0900,2026-08-14T04:01:49-05:00,2015296,NA,(15) Grupo 15,Luis Alejandro Morales Marin,5,62
gh-31780279220-0814T0900,2026-08-14T04:01:49-05:00,2015296,NA,(16) Grupo 16,Ferney Betancourt Cardozo,5,62
gh-31780279220-0814T0900,2026-08-14T04:01:49-05:00,2015296,NA,(17) Grupo 17,Maria Alejandra Caicedo Londoño,5,62
gh-31780279220-0814T0900,2026-08-14T04:01:49-05:00,2015296,NA,(18) Grupo 18,Guillermo Eduardo Avila Alvarez,5,62
gh-31780279220-0814T0900,2026-08-14T04:01:49-05:00,2015296,NA,(19) Grupo 19,Carlos Alfonso Gomez Guacaneme,0,62
gh-31780279220-0814T0900,2026-08-14T04:01:49-05:00,2015296,NA,(2) Grupo 2,Carlos Orlando Robles Roa,5,62
gh-31780279220-0814T0900,2026-08-14T04:01:49-05:00,2015296,NA,(3) Grupo 3,Angela Barrera Puerto,5,62
gh-31780279220-0814T0900,2026-08-14T04:01:49-05:00,2015296,NA,(4) Grupo 4,Mauricio Alberto Tapias Camacho,5,62
gh-31780279220-0814T0900,2026-08-14T04:01:49-05:00,2015296,NA,(5) Grupo 5,Maritzabel Molina Herrera,5,62
gh-31780279220-0814T0900,2026-08-14T04:01:49-05:00,2015296,NA,(6) Grupo 6,Rodolfo Rodriguez Baracaldo,5,62
gh-31780279220-0814T0900,2026-08-14T04:01:49-05:00,2015296,NA,(7) Grupo 7,SANTIAGO RAMIREZ ECHEVERRI,5,62
gh-31780279220-0814T0900,2026-08-14T04:01:49-05:00,2015296,NA,(8) Grupo 8,Jose Ricardo Martinez Vargas,5,62
gh-31780279220-0814T0900,2026-08-14T04:01:49-05:00,2015296,NA,(9) Grupo 9,GABRIELA ARRIETA LOYO,5,62
gh-31780279220-0814T0900,2026-08-14T04:01:50-05:00,2015299,CLASE TEORICA,(1) Grupo 1,GABRIELA ARRIETA LOYO,51,63
gh-31780279220-0814T0930,2026-08-14T04:30:22-05:00,2015938,CLASE TEORICA,(1) Grupo 1,Maria Alejandra Caicedo Londoño,25,0
gh-31780279220-0814T0930,2026-08-14T04:30:22-05:00,2015938,CLASE TEORICA,(2) Grupo 2,Maria Alejandra Caicedo Londoño,25,0
gh-31780279220-0814T0930,2026-08-14T04:30:22-05:00,2015938,CLASE TEORICA,(3) Grupo 3,JOSE LUIS DIAZ AREVALO,25,0
gh-31780279220-0814T0930,2026-08-14T04:30:22-05:00,2015938,CLASE TEORICA,(4) Grupo 4,JOSE LUIS DIAZ AREVALO,24,0
gh-31780279220-0814T0930,2026-08-14T04:30:23-05:00,2015939,CLASE TEORICA,(1) Grupo 1,ALVARO MARTIN GUTIERREZ MALAXECHEBARRIA,25,1
gh-31780279220-0814T0930,2026-08-14T04:30:23-05:00,2015939,CLASE TEORICA,(2) Grupo 2,ALVARO MARTIN GUTIERREZ MALAXECHEBARRIA,25,1
gh-31780279220-0814T0930,2026-08-14T04:30:23-05:00,2015939,CLASE TEORICA,(3) Grupo 3,Edder Alexander Velandia Duran,25,1
gh-31780279220-0814T0930,2026-08-14T04:30:23-05:00,2015939,CLASE TEORICA,(4) Grupo 4,No informado,25,1
gh-31780279220-0814T0930,2026-08-14T04:30:24-05:00,1000003-B,NA,(1) Grupo 1,Erika Lorena Rosero Alzate; Oscar Andrés Rojas Sepúlveda,0,2
gh-31780279220-0814T0930,2026-08-14T04:30:24-05:00,1000003-B,NA,(10) Grupo 10,Epifanio Lozano Ayala,14,2
gh-31780279220-0814T0930,2026-08-14T04:30:24-05:00,1000003-B,NA,(11) Grupo 11,No informado,60,2
gh-31780279220-0814T0930,2026-08-14T04:30:24-05:00,1000003-B,NA,(12) Grupo 12,No informado,40,2
gh-31780279220-0814T0930,2026-08-14T04:30:24-05:00,1000003-B,NA,(13) Grupo 13,Mohammed EL AIDI,40,2
gh-31780279220-0814T0930,2026-08-14T04:30:24-05:00,1000003-B,NA,(15) Grupo 15,Myriam Leonor Campos Florez,60,2
gh-31780279220-0814T0930,2026-08-14T04:30:24-05:00,1000003-B,NA,(16) Grupo 16,No informado,60,2
gh-31780279220-0814T0930,2026-08-14T04:30:24-05:00,1000003-B,NA,(17) Grupo 17,Martha Cecilia Moreno Penagos,40,2
gh-31780279220-0814T0930,2026-08-14T04:30:24-05:00,1000003-B,NA,(18) Grupo 18,John Alexander Cruz Morales,52,2
gh-31780279220-0814T0930,2026-08-14T04:30:24-05:00,1000003-B,NA,(20) Grupo 20,Natalia Camila Pinzon Cortes,60,2
gh-31780279220-0814T0930,2026-08-14T04:30:24-05:00,1000003-B,NA,(21) Grupo 21,Ivon Andrea Dorado Correa,52,2
gh-31780279220-0814T0930,2026-08-14T04:30:24-05:00,1000003-B,NA,(22) Grupo 22,No informado,46,2
gh-31780279220-0814T0930,2026-08-14T04:30:24-05:00,1000003-B,NA,(3) Grupo 3,No informado,60,2
gh-31780279220-0814T0930,2026-08-14T04:30:24-05:00,1000003-B,NA,(4) Grupo 4,Luis Alejandro Barbosa Torres,112,2
gh-31780279220-0814T0930,2026-08-14T04:30:24-05:00,1000003-B,NA,(5) Grupo 5,Jaime David Mora Paz,60,2
gh-31780279220-0814T0930,2026-08-14T04:30:24-05:00,1000003-B,NA,(7) Grupo 7,Myriam Leonor Campos Florez,40,2
gh-31780279220-0814T0930,2026-08-14T04:30:24-05:00,1000003-B,NA,(8) Grupo 8,No informado,10,2
gh-31780279220-0814T0930,2026-08-14T04:30:25-05:00,2015940,CLASE TEORICA,(1) Grupo 1,Maritzabel Molina Herrera,24,3
gh-31780279220-0814T0930,2026-08-14T04:30:25-05:00,2015940,CLASE TEORICA,(2) Grupo 2,Gabriel Andres Bernal Granados,24,3
gh-31780279220-0814T0930,2026-08-14T04:30:25-05:00,2015940,CLASE TEORICA,(3) Grupo 3,No informado,24,3
gh-31780279220-0814T0930,2026-08-14T04:30:26-05:00,2015941,CLASE TEORICA,(1) Grupo 1,Patricia Luna Tamayo,30,4
gh-31780279220-0814T0930,2026-08-14T04:30:26-05:00,2015941,CLASE TEORICA,(2) Grupo 2,No informado,30,4
gh-31780279220-0814T0930,2026-08-14T04:30:26-05:00,2015941,CLASE TEORICA,(3) Grupo 3,Carlos Ramiro Vallecilla Bahena,30,4
gh-31780279220-0814T0930,2026-08-14T04:30:26-05:00,2015941,CLASE TEORICA,(4) Grupo 4,No informado,30,4
gh-31780279220-0814T0930,2026-08-14T04:30:28-05:00,1000004-B,NA,(10) Grupo 10,No informado,53,5
gh-31780279220-0814T0930,2026-08-14T04:30:28-05:00,1000004-B,NA,(11) Grupo 11,No informado,24,5
gh-31780279220-0814T0930,2026-08-14T04:30:28-05:00,1000004-B,NA,(12) Grupo 12,No informado,24,5
gh-31780279220-0814T0930,2026-08-14T04:30:28-05:00,1000004-B,NA,(13) Grupo 13,No informado,16,5
gh-31780279220-0814T0930,2026-08-14T04:30:28-05:00,1000004-B,NA,(14) Grupo 14,No informado,90,5
gh-31780279220-0814T0930,2026-08-14T04:30:28-05:00,1000004-B,NA,(16) Grupo 16,No informado,27,5
gh-31780279220-0814T0930,2026-08-14T04:30:28-05:00,1000004-B,NA,(17) Grupo 17,Hernan Garzon Gutierrez,39,5
gh-31780279220-0814T0930,2026-08-14T04:30:28-05:00,1000004-B,NA,(19) Grupo 19,No informado,59,5
gh-31780279220-0814T0930,2026-08-14T04:30:28-05:00,1000004-B,NA,(2) Grupo 2,No informado,24,5
gh-31780279220-0814T0930,2026-08-14T04:30:28-05:00,1000004-B,NA,(20) Grupo 20,Hernan Garzon Gutierrez,10,5
gh-31780279220-0814T0930,2026-08-14T04:30:28-05:00,1000004-B,NA,(21) Grupo 21,No informado,60,5
gh-31780279220-0814T0930,2026-08-14T04:30:28-05:00,1000004-B,NA,(22) Grupo 22,No informado,60,5
gh-31780279220-0814T0930,2026-08-14T04:30:28-05:00,1000004-B,NA,(24) Grupo 24,Ricardo Ariel Pastran Ramirez,60,5
gh-31780279220-0814T0930,2026-08-14T04:30:28-05:00,1000004-B,NA,(25) Grupo 25,No informado,40,5
gh-31780279220-0814T0930,2026-08-14T04:30:28-05:00,1000004-B,NA,(27) Grupo 27,No informado,51,5
gh-31780279220-0814T0930,2026-08-14T04:30:28-05:00,1000004-B,NA,(28) Grupo 28,No informado,60,5
gh-31780279220-0814T0930,2026-08-14T04:30:28-05:00,1000004-B,NA,(29) Grupo 29,No informado,60,5
gh-31780279220-0814T0930,2026-08-14T04:30:28-05:00,1000004-B,NA,(30) Grupo 30,No informado,60,5
gh-31780279220-0814T0930,2026-08-14T04:30:28-05:00,1000004-B,NA,(32) Grupo 32,No informado,90,5
gh-31780279220-0814T0930,2026-08-14T04:30:28-05:00,1000004-B,NA,(4) Grupo 4,Myriam Leonor Campos Florez,37,5
gh-31780279220-0814T0930,2026-08-14T04:30:28-05:00,1000004-B,NA,(5) Grupo 5,Oscar Javier Lopez Alfonso,84,5
gh-31780279220-0814T0930,2026-08-14T04:30:28-05:00,1000004-B,NA,(7) Grupo 7,Anderson Arley Vera Arboleda,64,5
gh-31780279220-0814T0930,2026-08-14T04:30:28-05:00,1000004-B,NA,(8) Grupo 8,No informado,40,5
gh-31780279220-0814T0930,2026-08-14T04:30:28-05:00,1000004-B,NA,(9) Grupo 9,No informado,18,5
gh-31780279220-0814T0930,2026-08-14T04:30:29-05:00,1000006-B,NA,(1) Grupo 1,No informado,40,6
gh-31780279220-0814T0930,2026-08-14T04:30:29-05:00,1000006-B,NA,(10) Grupo 10,No informado,100,6
gh-31780279220-0814T0930,2026-08-14T04:30:29-05:00,1000006-B,NA,(11) Grupo 11,No informado,40,6
gh-31780279220-0814T0930,2026-08-14T04:30:29-05:00,1000006-B,NA,(12) Grupo 12,Leonid Lebedev,60,6
gh-31780279220-0814T0930,2026-08-14T04:30:29-05:00,1000006-B,NA,(13) Grupo 13,Juan Carlos Hernandez Rincon,40,6
gh-31780279220-0814T0930,2026-08-14T04:30:29-05:00,1000006-B,NA,(14) Grupo 14,No informado,60,6
gh-31780279220-0814T0930,2026-08-14T04:30:29-05:00,1000006-B,NA,(15) Grupo 15,No informado,112,6
gh-31780279220-0814T0930,2026-08-14T04:30:29-05:00,1000006-B,NA,(2) Grupo 2,EDIXON MANUEL ROJAS SANTANA,40,6
gh-31780279220-0814T0930,2026-08-14T04:30:29-05:00,1000006-B,NA,(3) Grupo 3,Cesar Augusto Gomez Sierra,40,6
gh-31780279220-0814T0930,2026-08-14T04:30:29-05:00,1000006-B,NA,(4) Grupo 4,Agustin Moreno Canadas,100,6
gh-31780279220-0814T0930,2026-08-14T04:30:29-05:00,1000006-B,NA,(5) Grupo 5,German Eduardo Fonseca Buitrago,40,6
gh-31780279220-0814T0930,2026-08-14T04:30:29-05:00,1000006-B,NA,(7) Grupo 7,No informado,70,6
gh-31780279220-0814T0930,2026-08-14T04:30:29-05:00,1000006-B,NA,(8) Grupo 8,Epifanio Lozano Ayala,60,6
gh-31780279220-0814T0930,2026-08-14T04:30:29-05:00,1000006-B,NA,(9) Grupo 9,Orlando Vanegas Canro,0,6
gh-31780279220-0814T0930,2026-08-14T04:30:31-05:00,1000005-B,NA,(1) Grupo 1,Orlando Vanegas Canro,0,7
gh-31780279220-0814T0930,2026-08-14T04:30:31-05:00,1000005-B,NA,(10) Grupo 10,Epifanio Lozano Ayala,50,7
gh-31780279220-0814T0930,2026-08-14T04:30:31-05:00,1000005-B,NA,(14) Grupo 14,Mohammed EL AIDI,40,7
gh-31780279220-0814T0930,2026-08-14T04:30:31-05:00,1000005-B,NA,(15) Grupo 15,Alina Fedosova,60,7
gh-31780279220-0814T0930,2026-08-14T04:30:31-05:00,1000005-B,NA,(16) Grupo 16,No informado,70,7
gh-31780279220-0814T0930,2026-08-14T04:30:31-05:00,1000005-B,NA,(17) Grupo 17,Hernan Garzon Gutierrez,40,7
gh-31780279220-0814T0930,2026-08-14T04:30:31-05:00,1000005-B,NA,(2) Grupo 2,RENE ERLIN CASTILLO,60,7
gh-31780279220-0814T0930,2026-08-14T04:30:31-05:00,1000005-B,NA,(20) Grupo 20,Franqui Solis Cardenas Poloche,40,7
gh-31780279220-0814T0930,2026-08-14T04:30:31-05:00,1000005-B,NA,(22) Grupo 22,No informado,60,7
gh-31780279220-0814T0930,2026-08-14T04:30:31-05:00,1000005-B,NA,(3) Grupo 3,Eduardo Cardenas Gomez,70,7
gh-31780279220-0814T0930,2026-08-14T04:30:31-05:00,1000005-B,NA,(4) Grupo 4,Edward Samuel Becerra Rojas,60,7
gh-31780279220-0814T0930,2026-08-14T04:30:31-05:00,1000005-B,NA,(6) Grupo 6,No informado,60,7
gh-31780279220-0814T0930,2026-08-14T04:30:31-05:00,1000005-B,NA,(7) Grupo 7,Franqui Solis Cardenas Poloche,100,7
gh-31780279220-0814T0930,2026-08-14T04:30:31-05:00,1000005-B,NA,(8) Grupo 8,No informado,40,7
gh-31780279220-0814T0930,2026-08-14T04:30:31-05:00,1000005-B,NA,(9) Grupo 9,No informado,10,7
gh-31780279220-0814T0930,2026-08-14T04:30:33-05:00,2015943,CLASE TEORICA,(1) Grupo 1,Carlos Orlando Robles Roa,15,9
gh-31780279220-0814T0930,2026-08-14T04:30:34-05:00,2015944,CLASE TEORICA,(1) Grupo 1,SANTIAGO RAMIREZ ECHEVERRI,15,10
gh-31780279220-0814T0930,2026-08-14T04:30:35-05:00,2015711,NA,(10) 2015711-10 Dibujo básico,Ariel Augusto Amaya Avila,0,11
gh-31780279220-0814T0930,2026-08-14T04:30:35-05:00,2015711,NA,(11) 2015711-11 Dibujo básico,Cesar Augusto Bacca Gonzalez,0,11
gh-31780279220-0814T0930,2026-08-14T04:30:35-05:00,2015711,NA,(14) 2015711-14 Dibujo básico,Cristian Felipe Morales Suárez,0,11
gh-31780279220-0814T0930,2026-08-14T04:30:35-05:00,2015711,NA,(16) 2015711-16 Dibujo básico,DAVID FELIPE TORRES ARCE,0,11
gh-31780279220-0814T0930,2026-08-14T04:30:35-05:00,2015711,NA,(4) 2015711-4 Dibujo básico,Cristian Felipe Morales Suárez,9,11
gh-31780279220-0814T0930,2026-08-14T04:30:35-05:00,2015711,NA,(5) 2015711-5 Dibujo básico,Sebastian Achury Ortiz,0,11
gh-31780279220-0814T0930,2026-08-14T04:30:35-05:00,2015711,NA,(7) 2015711-7 Dibujo básico,Cesar Augusto Bacca Gonzalez,22,11
gh-31780279220-0814T0930,2026-08-14T04:30:35-05:00,2015711,NA,(8) 2015711-8 Dibujo básico,Miguel Angel Baquero Cortes,0,11
gh-31780279220-0814T0930,2026-08-14T04:30:35-05:00,2015711,NA,(9) 2015711-9 Dibujo básico,EDWIN CAMILO REINA BELTRAN,0,11
gh-31780279220-0814T0930,2026-08-14T04:30:36-05:00,2015948,CLASE TEORICA,(1) Grupo 1,No informado,30,12
gh-31780279220-0814T0930,2026-08-14T04:30:36-05:00,2015948,CLASE TEORICA,(2) Grupo 2,Mauricio Alberto Tapias Camacho,30,12
gh-31780279220-0814T0930,2026-08-14T04:30:36-05:00,2015948,CLASE TEORICA,(3) Grupo 3,No informado,30,12
gh-31780279220-0814T0930,2026-08-14T04:30:38-05:00,2015950,CLASE TEORICA,(1) Grupo 1,No informado,25,13
gh-31780279220-0814T0930,2026-08-14T04:30:38-05:00,2015950,CLASE TEORICA,(2) Grupo 2,No informado,0,13
gh-31780279220-0814T0930,2026-08-14T04:30:38-05:00,2015950,CLASE TEORICA,(3) Grupo 3,Daniel Ricardo Lozano Monsalve,25,13
gh-31780279220-0814T0930,2026-08-14T04:30:38-05:00,2015950,CLASE TEORICA,(4) Grupo 4,No informado,25,13
gh-31780279220-0814T0930,2026-08-14T04:30:38-05:00,2015950,CLASE TEORICA,(5) Grupo 5,No informado,25,13
gh-31780279220-0814T0930,2026-08-14T04:30:39-05:00,2015949,CLASE TEORICA,(1) Grupo 1,Mario Javier Cardozo Chaux,30,14
gh-31780279220-0814T0930,2026-08-14T04:30:39-05:00,2015949,CLASE TEORICA,(2) Grupo 2,Wilson Ernesto Vargas Vargas,30,14
gh-31780279220-0814T0930,2026-08-14T04:30:39-05:00,2015949,CLASE TEORICA,(3) Grupo 3,No informado,30,14
gh-31780279220-0814T0930,2026-08-14T04:30:40-05:00,1000007-B,NA,(1) Grupo 1,German Eduardo Fonseca Buitrago,60,15
gh-31780279220-0814T0930,2026-08-14T04:30:40-05:00,1000007-B,NA,(11) Grupo 11,Leonid Lebedev,60,15
gh-31780279220-0814T0930,2026-08-14T04:30:40-05:00,1000007-B,NA,(12) Grupo 12,No informado,60,15
gh-31780279220-0814T0930,2026-08-14T04:30:40-05:00,1000007-B,NA,(13) Grupo 13,Omar Duque Gomez,40,15
gh-31780279220-0814T0930,2026-08-14T04:30:40-05:00,1000007-B,NA,(14) Grupo 14,No informado,100,15
gh-31780279220-0814T0930,2026-08-14T04:30:40-05:00,1000007-B,NA,(3) Grupo 3,Serafin Bautista Diaz,40,15
gh-31780279220-0814T0930,2026-08-14T04:30:40-05:00,1000007-B,NA,(4) Grupo 4,EDIXON MANUEL ROJAS SANTANA,60,15
gh-31780279220-0814T0930,2026-08-14T04:30:40-05:00,1000007-B,NA,(6) Grupo 6,Alexander Caviedes Castro,50,15
gh-31780279220-0814T0930,2026-08-14T04:30:40-05:00,1000007-B,NA,(7) Grupo 7,Oscar Guillermo Riaño Castañeda,40,15
gh-31780279220-0814T0930,2026-08-14T04:30:40-05:00,1000007-B,NA,(9) Grupo 9,Orlando Vanegas Canro,0,15
gh-31780279220-0814T0930,2026-08-14T04:30:41-05:00,2026134,CLASE TEORICA,(1) Grupo 1,No informado,0,16
gh-31780279220-0814T0930,2026-08-14T04:30:41-05:00,2026134,CLASE TEORICA,(2) Grupo 2,Juan Manuel Lizarazo Marriaga,30,16
gh-31780279220-0814T0930,2026-08-14T04:30:41-05:00,2026134,CLASE TEORICA,(3) Grupo 3,Maritzabel Molina Herrera,30,16
gh-31780279220-0814T0930,2026-08-14T04:30:41-05:00,2026134,CLASE TEORICA,(4) Grupo 4,Carlos Ramiro Vallecilla Bahena,30,16
gh-31780279220-0814T0930,2026-08-14T04:30:41-05:00,2026134,CLASE TEORICA,(5) Grupo 5,Fernando Lozano Osorno,30,16
gh-31780279220-0814T0930,2026-08-14T04:30:41-05:00,2026134,CLASE TEORICA,(6) Grupo 6,No informado,30,16
gh-31780279220-0814T0930,2026-08-14T04:30:42-05:00,2015954,CLASE TEORICA,(1) Grupo 1,Erasmo Alfredo Rodriguez Sandoval,30,17
gh-31780279220-0814T0930,2026-08-14T04:30:42-05:00,2015954,CLASE TEORICA,(2) Grupo 2,Mario Enrique Moreno Castiblanco,30,17
gh-31780279220-0814T0930,2026-08-14T04:30:42-05:00,2015954,CLASE TEORICA,(3) Grupo 3,Luis Alejandro Morales Marin,30,17
gh-31780279220-0814T0930,2026-08-14T04:30:44-05:00,2015955,CLASE TEORICA,(1) Grupo 1,Giovanni Andres Cortes Tovar,30,18
gh-31780279220-0814T0930,2026-08-14T04:30:44-05:00,2015955,CLASE TEORICA,(2) Grupo 2,Angela Barrera Puerto,30,18
gh-31780279220-0814T0930,2026-08-14T04:30:44-05:00,2015955,CLASE TEORICA,(3) Grupo 3,Giovanni Andres Cortes Tovar,30,18
gh-31780279220-0814T0930,2026-08-14T04:30:45-05:00,1000011-B,CLASE TEORICA,(1) Grupo 1,Ernesto Javier Puertas Dellepianes,118,19
gh-31780279220-0814T0930,2026-08-14T04:30:45-05:00,1000011-B,CLASE TEORICA,(3) Grupo 3,Néstor Fernando Perez Buitrago,12,19
gh-31780279220-0814T0930,2026-08-14T04:30:47-05:00,1000019-B,CLASE LABORATORIO,(1) Grupo 1,Gustavo Martinez Tamayo,35,20
gh-31780279220-0814T0930,2026-08-14T04:30:47-05:00,1000019-B,CLASE LABORATORIO,(10) Grupo 10,LUIS AGULLES PEDROS,35,20
gh-31780279220-0814T0930,2026-08-14T04:30:47-05:00,1000019-B,CLASE LABORATORIO,(11) Grupo 11,EVER DAVID ALCALA CAJAR,35,20
gh-31780279220-0814T0930,2026-08-14T04:30:47-05:00,1000019-B,CLASE LABORATORIO,(12) Grupo 12,FABIAN FELIPE QUEVEDO FARIETA,35,20
gh-31780279220-0814T0930,2026-08-14T04:30:47-05:00,1000019-B,CLASE LABORATORIO,(13) Grupo 13,Alvaro Marino Camargo,35,20
gh-31780279220-0814T0930,2026-08-14T04:30:47-05:00,1000019-B,CLASE LABORATORIO,(14) Grupo 14,Alvaro Marino Camargo; Miryam Rincon Joya,35,20
gh-31780279220-0814T0930,2026-08-14T04:30:47-05:00,1000019-B,CLASE LABORATORIO,(15) Grupo 15,JULIAN MATEO DE MENDOZA GUTIERREZ,32,20
gh-31780279220-0814T0930,2026-08-14T04:30:47-05:00,1000019-B,CLASE LABORATORIO,(16) Grupo 16,Alvaro Marino Camargo; Doris Yaneth Cadavid Rodriguez,35,20
gh-31780279220-0814T0930,2026-08-14T04:30:47-05:00,1000019-B,CLASE LABORATORIO,(17) Grupo 17,JULIAN MATEO DE MENDOZA GUTIERREZ,34,20
gh-31780279220-0814T0930,2026-08-14T04:30:47-05:00,1000019-B,CLASE LABORATORIO,(18) Grupo 18,Jaime Villalobos Velasco,34,20
gh-31780279220-0814T0930,2026-08-14T04:30:47-05:00,1000019-B,CLASE LABORATORIO,(19) Grupo 19,JULY PAOLA GARZÓN LOPEZ,32,20
gh-31780279220-0814T0930,2026-08-14T04:30:47-05:00,1000019-B,CLASE LABORATORIO,(2) Grupo 2,Gustavo Martinez Tamayo,35,20
gh-31780279220-0814T0930,2026-08-14T04:30:47-05:00,1000019-B,CLASE LABORATORIO,(20) Grupo 20,JOSE ALFREDO GOMEZ MATEUS,35,20
gh-31780279220-0814T0930,2026-08-14T04:30:47-05:00,1000019-B,CLASE LABORATORIO,(21) Grupo 21,Pedro Hernan Sanchez Machet,35,20
gh-31780279220-0814T0930,2026-08-14T04:30:47-05:00,1000019-B,CLASE LABORATORIO,(22) Grupo 22,Pedro Hernan Sanchez Machet,35,20
gh-31780279220-0814T0930,2026-08-14T04:30:47-05:00,1000019-B,CLASE LABORATORIO,(23) Grupo 23,Pedro Hernan Sanchez Machet,35,20
gh-31780279220-0814T0930,2026-08-14T04:30:47-05:00,1000019-B,CLASE LABORATORIO,(24) Grupo 24,Pedro Hernan Sanchez Machet,35,20
gh-31780279220-0814T0930,2026-08-14T04:30:47-05:00,1000019-B,CLASE LABORATORIO,(25) Grupo 25,Plinio Del Carmen Teheran Sermeno,45,20
gh-31780279220-0814T0930,2026-08-14T04:30:47-05:00,1000019-B,CLASE LABORATORIO,(26) Grupo 26 (VIRTUAL),Plinio Del Carmen Teheran Sermeno,50,20
gh-31780279220-0814T0930,2026-08-14T04:30:47-05:00,1000019-B,CLASE LABORATORIO,(27) Grupo 27 (VIRTUAL),Plinio Del Carmen Teheran Sermeno,50,20
gh-31780279220-0814T0930,2026-08-14T04:30:47-05:00,1000019-B,CLASE LABORATORIO,(28) Grupo 28 (VIRTUAL),Plinio Del Carmen Teheran Sermeno,50,20
gh-31780279220-0814T0930,2026-08-14T04:30:47-05:00,1000019-B,CLASE LABORATORIO,(29) Grupo 29 (VIRTUAL),Plinio Del Carmen Teheran Sermeno,50,20
gh-31780279220-0814T0930,2026-08-14T04:30:47-05:00,1000019-B,CLASE LABORATORIO,(3) Grupo 3,Gustavo Martinez Tamayo,35,20
gh-31780279220-0814T0930,2026-08-14T04:30:47-05:00,1000019-B,CLASE LABORATORIO,(4) Grupo 4,No informado,35,20
gh-31780279220-0814T0930,2026-08-14T04:30:47-05:00,1000019-B,CLASE LABORATORIO,(5) Grupo 5,FABIAN FELIPE QUEVEDO FARIETA,35,20
gh-31780279220-0814T0930,2026-08-14T04:30:47-05:00,1000019-B,CLASE LABORATORIO,(6) Grupo 6,Jaime Villalobos Velasco,35,20
gh-31780279220-0814T0930,2026-08-14T04:30:47-05:00,1000019-B,CLASE LABORATORIO,(7) Grupo 7,Jaime Villalobos Velasco,35,20
gh-31780279220-0814T0930,2026-08-14T04:30:47-05:00,1000019-B,CLASE LABORATORIO,(8) Grupo 8,Alvaro Marino Camargo,35,20
gh-31780279220-0814T0930,2026-08-14T04:30:47-05:00,1000019-B,CLASE LABORATORIO,(9) Grupo 9,Erika Lorena Rosero Alzate,0,20
gh-31780279220-0814T0930,2026-08-14T04:30:47-05:00,1000019-B,CLASE TALLER,(1) Grupo 1,FABIAN FELIPE QUEVEDO FARIETA,35,20
gh-31780279220-0814T0930,2026-08-14T04:30:47-05:00,1000019-B,CLASE TALLER,(10) Grupo 10,FABIAN FELIPE QUEVEDO FARIETA,35,20
gh-31780279220-0814T0930,2026-08-14T04:30:47-05:00,1000019-B,CLASE TALLER,(11) Grupo 11,JULIAN MATEO DE MENDOZA GUTIERREZ,35,20
gh-31780279220-0814T0930,2026-08-14T04:30:47-05:00,1000019-B,CLASE TALLER,(12) Grupo 12,EVER DAVID ALCALA CAJAR,35,20
gh-31780279220-0814T0930,2026-08-14T04:30:47-05:00,1000019-B,CLASE TALLER,(13) Grupo 13,MIGUEL ENRIQUE GÁMEZ LÓPEZ,35,20
gh-31780279220-0814T0930,2026-08-14T04:30:47-05:00,1000019-B,CLASE TALLER,(14) Grupo 14,No informado,35,20
gh-31780279220-0814T0930,2026-08-14T04:30:47-05:00,1000019-B,CLASE TALLER,(15) Grupo 15,EVER DAVID ALCALA CAJAR,32,20
gh-31780279220-0814T0930,2026-08-14T04:30:47-05:00,1000019-B,CLASE TALLER,(16) Grupo 16,Edna Carolina Pinilla Beltran,35,20
gh-31780279220-0814T0930,2026-08-14T04:30:47-05:00,1000019-B,CLASE TALLER,(17) Grupo 17,Jereson Silva Valencia,34,20
gh-31780279220-0814T0930,2026-08-14T04:30:47-05:00,1000019-B,CLASE TALLER,(18) Grupo 18,Jereson Silva Valencia,34,20
gh-31780279220-0814T0930,2026-08-14T04:30:47-05:00,1000019-B,CLASE TALLER,(19) Grupo 19,Jereson Silva Valencia,32,20
gh-31780279220-0814T0930,2026-08-14T04:30:47-05:00,1000019-B,CLASE TALLER,(2) Grupo 2,Gustavo Martinez Tamayo,35,20
gh-31780279220-0814T0930,2026-08-14T04:30:47-05:00,1000019-B,CLASE TALLER,(20) Grupo 20,Jereson Silva Valencia,35,20
gh-31780279220-0814T0930,2026-08-14T04:30:47-05:00,1000019-B,CLASE TALLER,(21) Grupo 21,JOSE ALFREDO GOMEZ MATEUS,35,20
gh-31780279220-0814T0930,2026-08-14T04:30:47-05:00,1000019-B,CLASE TALLER,(22) Grupo 22,JULY PAOLA GARZÓN LOPEZ,35,20
gh-31780279220-0814T0930,2026-08-14T04:30:47-05:00,1000019-B,CLASE TALLER,(23) Grupo 23,Edna Carolina Pinilla Beltran,35,20
gh-31780279220-0814T0930,2026-08-14T04:30:47-05:00,1000019-B,CLASE TALLER,(24) Grupo 24,Diego Alejandro Torres Galindo,35,20
gh-31780279220-0814T0930,2026-08-14T04:30:47-05:00,1000019-B,CLASE TALLER,(25) Grupo 25,Plinio Del Carmen Teheran Sermeno,45,20
gh-31780279220-0814T0930,2026-08-14T04:30:47-05:00,1000019-B,CLASE TALLER,(26) Grupo 26 (VIRTUAL),Plinio Del Carmen Teheran Sermeno,50,20
gh-31780279220-0814T0930,2026-08-14T04:30:47-05:00,1000019-B,CLASE TALLER,(27) Grupo 27 (VIRTUAL),Plinio Del Carmen Teheran Sermeno,50,20
gh-31780279220-0814T0930,2026-08-14T04:30:47-05:00,1000019-B,CLASE TALLER,(28) Grupo 28 (VIRTUAL),Plinio Del Carmen Teheran Sermeno,50,20
gh-31780279220-0814T0930,2026-08-14T04:30:47-05:00,1000019-B,CLASE TALLER,(29) Grupo 29 (VIRTUAL),Plinio Del Carmen Teheran Sermeno,50,20
gh-31780279220-0814T0930,2026-08-14T04:30:47-05:00,1000019-B,CLASE TALLER,(3) Grupo 3,Gustavo Martinez Tamayo,35,20
gh-31780279220-0814T0930,2026-08-14T04:30:47-05:00,1000019-B,CLASE TALLER,(4) Grupo 4,Jaime Villalobos Velasco,35,20
gh-31780279220-0814T0930,2026-08-14T04:30:47-05:00,1000019-B,CLASE TALLER,(5) Grupo 5,Jaime Villalobos Velasco,35,20
gh-31780279220-0814T0930,2026-08-14T04:30:47-05:00,1000019-B,CLASE TALLER,(6) Grupo 6,Ramiro Cardona Cardona,35,20
gh-31780279220-0814T0930,2026-08-14T04:30:47-05:00,1000019-B,CLASE TALLER,(7) Grupo 7,Ramiro Cardona Cardona,35,20
gh-31780279220-0814T0930,2026-08-14T04:30:47-05:00,1000019-B,CLASE TALLER,(8) Grupo 8,Edna Carolina Pinilla Beltran,35,20
gh-31780279220-0814T0930,2026-08-14T04:30:47-05:00,1000019-B,CLASE TALLER,(9) Grupo 9,No informado,10,20
gh-31780279220-0814T0930,2026-08-14T04:30:47-05:00,1000019-B,CLASE MAGISTRAL,(16) Gruop 16,Erika Lorena Rosero Alzate; Daniel Camilo Padilla González,8,20
gh-31780279220-0814T0930,2026-08-14T04:30:47-05:00,1000019-B,CLASE MAGISTRAL,(1) Grupo 1,Gustavo Martinez Tamayo,35,20
gh-31780279220-0814T0930,2026-08-14T04:30:47-05:00,1000019-B,CLASE MAGISTRAL,(10) Grupo 10,Ovidio Amado Almanza Montero,35,20
gh-31780279220-0814T0930,2026-08-14T04:30:47-05:00,1000019-B,CLASE MAGISTRAL,(11) Grupo 11,Ovidio Amado Almanza Montero,35,20
gh-31780279220-0814T0930,2026-08-14T04:30:47-05:00,1000019-B,CLASE MAGISTRAL,(12) Grupo 12,Ovidio Amado Almanza Montero,35,20
gh-31780279220-0814T0930,2026-08-14T04:30:47-05:00,1000019-B,CLASE MAGISTRAL,(13) Grupo 13,Jaime Villalobos Velasco,35,20
gh-31780279220-0814T0930,2026-08-14T04:30:47-05:00,1000019-B,CLASE MAGISTRAL,(14) Grupo 14,Jaime Villalobos Velasco,35,20
gh-31780279220-0814T0930,2026-08-14T04:30:47-05:00,1000019-B,CLASE MAGISTRAL,(15) Grupo 15,Jaime Villalobos Velasco,32,20
gh-31780279220-0814T0930,2026-08-14T04:30:47-05:00,1000019-B,CLASE MAGISTRAL,(17) Grupo 17,Jereson Silva Valencia,34,20
gh-31780279220-0814T0930,2026-08-14T04:30:47-05:00,1000019-B,CLASE MAGISTRAL,(18) Grupo 18,Jereson Silva Valencia,34,20
gh-31780279220-0814T0930,2026-08-14T04:30:47-05:00,1000019-B,CLASE MAGISTRAL,(19) Grupo 19,Jereson Silva Valencia,32,20
gh-31780279220-0814T0930,2026-08-14T04:30:47-05:00,1000019-B,CLASE MAGISTRAL,(2) Grupo 2,Gustavo Martinez Tamayo,35,20
gh-31780279220-0814T0930,2026-08-14T04:30:47-05:00,1000019-B,CLASE MAGISTRAL,(20) Grupo 20,Jereson Silva Valencia,35,20
gh-31780279220-0814T0930,2026-08-14T04:30:47-05:00,1000019-B,CLASE MAGISTRAL,(21) Grupo 21,Diego Alejandro Torres Galindo,35,20
gh-31780279220-0814T0930,2026-08-14T04:30:47-05:00,1000019-B,CLASE MAGISTRAL,(22) Grupo 22,Diego Alejandro Torres Galindo,35,20
gh-31780279220-0814T0930,2026-08-14T04:30:47-05:00,1000019-B,CLASE MAGISTRAL,(23) Grupo 23,Diego Alejandro Torres Galindo,35,20
gh-31780279220-0814T0930,2026-08-14T04:30:47-05:00,1000019-B,CLASE MAGISTRAL,(24) Grupo 24,Diego Alejandro Torres Galindo,35,20
gh-31780279220-0814T0930,2026-08-14T04:30:47-05:00,1000019-B,CLASE MAGISTRAL,(25) Grupo 25,Plinio Del Carmen Teheran Sermeno,45,20
gh-31780279220-0814T0930,2026-08-14T04:30:47-05:00,1000019-B,CLASE MAGISTRAL,(26) Grupo 26 (VIRTUAL),Plinio Del Carmen Teheran Sermeno,50,20
gh-31780279220-0814T0930,2026-08-14T04:30:47-05:00,1000019-B,CLASE MAGISTRAL,(27) Grupo 27 (VIRTUAL),Plinio Del Carmen Teheran Sermeno,50,20
gh-31780279220-0814T0930,2026-08-14T04:30:47-05:00,1000019-B,CLASE MAGISTRAL,(28) Grupo 28 (VIRTUAL),Plinio Del Carmen Teheran Sermeno,50,20
gh-31780279220-0814T0930,2026-08-14T04:30:47-05:00,1000019-B,CLASE MAGISTRAL,(29) Grupo 29 (VIRTUAL),Plinio Del Carmen Teheran Sermeno,50,20
gh-31780279220-0814T0930,2026-08-14T04:30:47-05:00,1000019-B,CLASE MAGISTRAL,(3) Grupo 3,Gustavo Martinez Tamayo,35,20
gh-31780279220-0814T0930,2026-08-14T04:30:47-05:00,1000019-B,CLASE MAGISTRAL,(4) Grupo 4,Gustavo Martinez Tamayo,35,20
gh-31780279220-0814T0930,2026-08-14T04:30:47-05:00,1000019-B,CLASE MAGISTRAL,(5) Grupo 5,Ramiro Cardona Cardona,35,20
gh-31780279220-0814T0930,2026-08-14T04:30:47-05:00,1000019-B,CLASE MAGISTRAL,(6) Grupo 6,Ramiro Cardona Cardona,35,20
gh-31780279220-0814T0930,2026-08-14T04:30:47-05:00,1000019-B,CLASE MAGISTRAL,(7) Grupo 7,Ramiro Cardona Cardona,35,20
gh-31780279220-0814T0930,2026-08-14T04:30:47-05:00,1000019-B,CLASE MAGISTRAL,(8) Grupo 8,Ramiro Cardona Cardona,35,20
gh-31780279220-0814T0930,2026-08-14T04:30:47-05:00,1000019-B,CLASE MAGISTRAL,(9) Grupo 9,Fredy Angel Jimenez Giraldo,10,20
gh-31780279220-0814T0930,2026-08-14T04:30:48-05:00,2015956,CLASE TEORICA,(1) Grupo 1,Modesto Portilla Gamboa; Fernando Eli Romero Ordoñez,35,21
gh-31780279220-0814T0930,2026-08-14T04:30:48-05:00,2015956,CLASE TEORICA,(2) Grupo 2,Jennifer Angel Amaya,30,21
gh-31780279220-0814T0930,2026-08-14T04:30:48-05:00,2015956,CLASE TEORICA,(3) Grupo 3,Jennifer Angel Amaya,30,21
gh-31780279220-0814T0930,2026-08-14T04:30:48-05:00,2015956,CLASE TEORICA,(4) Grupo 4,Fernando Eli Romero Ordoñez; Modesto Portilla Gamboa,35,21
gh-31780279220-0814T0930,2026-08-14T04:30:50-05:00,2015957,CLASE PRACTICA,(1) Grupo 1,No informado,30,22
gh-31780279220-0814T0930,2026-08-14T04:30:50-05:00,2015957,CLASE PRACTICA,(2) Grupo 2,Samuel Fernando Mesa Giraldo,30,22
gh-31780279220-0814T0930,2026-08-14T04:30:50-05:00,2015957,CLASE PRACTICA,(3) Grupo 3,Rose Marie Aldana Boutin,30,22
gh-31780279220-0814T0930,2026-08-14T04:30:50-05:00,2015957,CLASE PRACTICA,(4) Grupo 4,Rose Marie Aldana Boutin,30,22
gh-31780279220-0814T0930,2026-08-14T04:30:51-05:00,2015958,CLASE PRACTICA,(1) Grupo 1,William Castro Garcia,20,23
gh-31780279220-0814T0930,2026-08-14T04:30:51-05:00,2015958,CLASE PRACTICA,(2) Grupo 2,William Castro Garcia,20,23
gh-31780279220-0814T0930,2026-08-14T04:30:51-05:00,2015958,CLASE PRACTICA,(3) Grupo 3,Carlos Alfonso Gomez Guacaneme,30,23
gh-31780279220-0814T0930,2026-08-14T04:30:51-05:00,2015958,CLASE PRACTICA,(4) Grupo 4,Mario Arturo Rincon Villalba,20,23
gh-31780279220-0814T0930,2026-08-14T04:30:51-05:00,2015958,CLASE PRACTICA,(5) Grupo 5,Mario Arturo Rincon Villalba,20,23
gh-31780279220-0814T0930,2026-08-14T04:30:51-05:00,2015958,CLASE PRACTICA,(6) Grupo 6,Fausto Alejandro Silva España,20,23
gh-31780279220-0814T0930,2026-08-14T04:30:51-05:00,2015958,CLASE PRACTICA,(7) Grupo 7,Fausto Alejandro Silva España,20,23
gh-31780279220-0814T0930,2026-08-14T04:30:51-05:00,2015958,CLASE PRACTICA,(8) Grupo 8,Fausto Alejandro Silva España,20,23
gh-31780279220-0814T0930,2026-08-14T04:30:51-05:00,2015958,CLASE PRACTICA,(9) Grupo 9,Fausto Alejandro Silva España,20,23
gh-31780279220-0814T0930,2026-08-14T04:30:51-05:00,2015958,CLASE TEORICA,(1) Grupo 1,William Castro Garcia,40,23
gh-31780279220-0814T0930,2026-08-14T04:30:51-05:00,2015958,CLASE TEORICA,(3) Grupo 3,Carlos Alfonso Gomez Guacaneme,30,23
gh-31780279220-0814T0930,2026-08-14T04:30:51-05:00,2015958,CLASE TEORICA,(4) Grupo 4,Mario Arturo Rincon Villalba,40,23
gh-31780279220-0814T0930,2026-08-14T04:30:51-05:00,2015958,CLASE TEORICA,(6) Grupo 6,Cesar Andres Cortes Bello,40,23
gh-31780279220-0814T0930,2026-08-14T04:30:51-05:00,2015958,CLASE TEORICA,(8) Grupo 8,Cesar Andres Cortes Bello,40,23
gh-31780279220-0814T0930,2026-08-14T04:30:52-05:00,2015959,CLASE TEORICA,(1) Grupo 1,Carlos Eduardo Rodriguez Pineda,30,24
gh-31780279220-0814T0930,2026-08-14T04:30:52-05:00,2015959,CLASE TEORICA,(2) Grupo 2,Guillermo Eduardo Avila Alvarez,30,24
gh-31780279220-0814T0930,2026-08-14T04:30:52-05:00,2015959,CLASE TEORICA,(3) Grupo 3,Livaniel Viveros Rosero,30,24
gh-31780279220-0814T0930,2026-08-14T04:30:52-05:00,2015959,CLASE TEORICA,(4) Grupo 4,No informado,0,24
gh-31780279220-0814T0930,2026-08-14T04:30:54-05:00,2015961,CLASE TEORICA,(1) Grupo 1,Rafael Orland Ortiz Mosquera,24,26
gh-31780279220-0814T0930,2026-08-14T04:30:54-05:00,2015961,CLASE TEORICA,(2) Grupo 2,Adriana Patricia Piña Fulano,24,26
gh-31780279220-0814T0930,2026-08-14T04:30:54-05:00,2015961,CLASE TEORICA,(3) Grupo 3,Gelber Norberto Gutierrez Palacios,24,26
gh-31780279220-0814T0930,2026-08-14T04:30:54-05:00,2015961,CLASE TEORICA,(4) Grupo 4,No informado,24,26
gh-31780279220-0814T0930,2026-08-14T04:30:54-05:00,2015961,CLASE TEORICA,(5) Grupo 5,No informado,24,26
gh-31780279220-0814T0930,2026-08-14T04:30:54-05:00,2015961,CLASE TEORICA,(6) Grupo 6,Leonardo David Donado Garzon,24,26
gh-31780279220-0814T0930,2026-08-14T04:30:56-05:00,2015978,CLASE TEORICA,(1) Grupo 1,No informado,0,27
gh-31780279220-0814T0930,2026-08-14T04:30:56-05:00,2015978,CLASE TEORICA,(2) Grupo 2,Erasmo Alfredo Rodriguez Sandoval,30,27
gh-31780279220-0814T0930,2026-08-14T04:30:56-05:00,2015978,CLASE TEORICA,(3) Grupo 3,No informado,30,27
gh-31780279220-0814T0930,2026-08-14T04:30:56-05:00,2015978,CLASE TEORICA,(4) Grupo 4,No informado,30,27
gh-31780279220-0814T0930,2026-08-14T04:30:56-05:00,2015978,CLASE TEORICA,(5) Grupo 5,No informado,30,27
gh-31780279220-0814T0930,2026-08-14T04:30:57-05:00,2026135,CLASE TEORICA,(1) Grupo 1,NICOLAS ESCALANTE MORA,25,28
gh-31780279220-0814T0930,2026-08-14T04:30:57-05:00,2026135,CLASE TEORICA,(2) Grupo 2,Leonel Vega Mora,25,28
gh-31780279220-0814T0930,2026-08-14T04:30:57-05:00,2026135,CLASE TEORICA,(3) Grupo 3,Leonel Vega Mora,25,28
gh-31780279220-0814T0930,2026-08-14T04:30:58-05:00,2015963,CLASE TEORICA,(1) Grupo 1,No informado,30,29
gh-31780279220-0814T0930,2026-08-14T04:30:58-05:00,2015963,CLASE TEORICA,(2) Grupo 2,No informado,30,29
gh-31780279220-0814T0930,2026-08-14T04:30:58-05:00,2015963,CLASE TEORICA,(3) Grupo 3,William Castro Garcia,30,29
gh-31780279220-0814T0930,2026-08-14T04:30:59-05:00,2026138,CLASE TEORICA,(1) Grupo 1,Ivan Dario Serrano Arrieta,30,30
gh-31780279220-0814T0930,2026-08-14T04:30:59-05:00,2026138,CLASE TEORICA,(2) Grupo 2,Ivan Dario Serrano Arrieta,30,30
gh-31780279220-0814T0930,2026-08-14T04:30:59-05:00,2026138,CLASE TEORICA,(3) Grupo 3,Pedro Luis Jimenez Poveda,30,30
gh-31780279220-0814T0930,2026-08-14T04:31:00-05:00,2015703,NA,(1) Grupo 1,Angela Maria Arboleda Restrepo,40,31
gh-31780279220-0814T0930,2026-08-14T04:31:00-05:00,2015703,NA,(10) Grupo 10,Diego Alejandro Hernandez Castañeda,30,31
gh-31780279220-0814T0930,2026-08-14T04:31:00-05:00,2015703,NA,(11) Grupo 11,Julio Cesar Cañon Rodriguez,30,31
gh-31780279220-0814T0930,2026-08-14T04:31:00-05:00,2015703,NA,(2) Grupo 2,Osman Benjamin Giovanny Vargas Rozo,40,31
gh-31780279220-0814T0930,2026-08-14T04:31:00-05:00,2015703,NA,(3) Grupo 3,Hugo Alberto Herrera Fonseca,40,31
gh-31780279220-0814T0930,2026-08-14T04:31:00-05:00,2015703,NA,(4) Grupo 4,LINA JULIANA BULLA CASAS,30,31
gh-31780279220-0814T0930,2026-08-14T04:31:00-05:00,2015703,NA,(5) Grupo 5 - Virtual,Cesar Augusto Roa Lemus,60,31
gh-31780279220-0814T0930,2026-08-14T04:31:00-05:00,2015703,NA,(6) Grupo 6,JAVIER RICARDO OJEDA SANCHEZ,40,31
gh-31780279220-0814T0930,2026-08-14T04:31:00-05:00,2015703,NA,(7) Grupo 7,JAVIER RICARDO OJEDA SANCHEZ,20,31
gh-31780279220-0814T0930,2026-08-14T04:31:00-05:00,2015703,NA,(8) Grupo 8,Diego Alejandro Hernandez Castañeda,40,31
gh-31780279220-0814T0930,2026-08-14T04:31:00-05:00,2015703,NA,(9) Grupo 9,LINA JULIANA BULLA CASAS,35,31
gh-31780279220-0814T0930,2026-08-14T04:31:02-05:00,1000044-B,CLASE TEORICA,(1) Grupo 1,Beatriz Elena Urrutia Sanchez,26,32
gh-31780279220-0814T0930,2026-08-14T04:31:02-05:00,1000044-B,CLASE TEORICA,(2) Grupo 2,Yaneli Niño Osorio,26,32
gh-31780279220-0814T0930,2026-08-14T04:31:02-05:00,1000044-B,CLASE TEORICA,(3) Grupo 3,Luis Gabriel Peña Ortiz,26,32
gh-31780279220-0814T0930,2026-08-14T04:31:02-05:00,1000044-B,CLASE TEORICA,(4) Grupo 4,Liliana Marcela Guzman Aricapa,26,32
gh-31780279220-0814T0930,2026-08-14T04:31:02-05:00,1000044-B,CLASE TEORICA,(5) Grupo 5,Beatriz Elena Urrutia Sanchez,26,32
gh-31780279220-0814T0930,2026-08-14T04:31:02-05:00,1000044-B,CLASE TEORICA,(6) Grupo 6,Cesar Augusto Romero,26,32
gh-31780279220-0814T0930,2026-08-14T04:31:02-05:00,1000044-B,CLASE TEORICA,(7) Grupo 7,JOSE JONATHAN MAESTRE HERRERA,26,32
gh-31780279220-0814T0930,2026-08-14T04:31:02-05:00,1000044-B,CLASE TEORICA,(8) Grupo 8,Beymar Leonardo Solorzano Alviz,26,32
gh-31780279220-0814T0930,2026-08-14T04:31:02-05:00,1000044-B,CLASE TEORICA,(9) Grupo 9,Claudia Marcela Arevalo Gomez,7,32
gh-31780279220-0814T0930,2026-08-14T04:31:03-05:00,1000045-B,CLASE TEORICA,(1) Grupo 1,Claudia Marcela Arevalo Gomez,10,33
gh-31780279220-0814T0930,2026-08-14T04:31:03-05:00,1000045-B,CLASE TEORICA,(10) Grupo 10,Jesica paola Rendon Alfonso,26,33
gh-31780279220-0814T0930,2026-08-14T04:31:03-05:00,1000045-B,CLASE TEORICA,(11) Grupo 11,JOSE JONATHAN MAESTRE HERRERA,26,33
gh-31780279220-0814T0930,2026-08-14T04:31:03-05:00,1000045-B,CLASE TEORICA,(12) Grupo 12,LINDA JOHANA RUIZ GOMEZ,26,33
gh-31780279220-0814T0930,2026-08-14T04:31:03-05:00,1000045-B,CLASE TEORICA,(13) Grupo 13,Narly Yadira Pardo Cadena,26,33
gh-31780279220-0814T0930,2026-08-14T04:31:03-05:00,1000045-B,CLASE TEORICA,(14) Grupo 14,Angelica Saenz Fonseca,26,33
gh-31780279220-0814T0930,2026-08-14T04:31:03-05:00,1000045-B,CLASE TEORICA,(15) Grupo 15,Narly Yadira Pardo Cadena,26,33
gh-31780279220-0814T0930,2026-08-14T04:31:03-05:00,1000045-B,CLASE TEORICA,(16) Grupo 16,Luis Gabriel Peña Ortiz,26,33
gh-31780279220-0814T0930,2026-08-14T04:31:03-05:00,1000045-B,CLASE TEORICA,(2) Grupo 2,Cesar Augusto Romero,26,33
gh-31780279220-0814T0930,2026-08-14T04:31:03-05:00,1000045-B,CLASE TEORICA,(3) Grupo 3,Jesica paola Rendon Alfonso,26,33
gh-31780279220-0814T0930,2026-08-14T04:31:03-05:00,1000045-B,CLASE TEORICA,(4) Grupo 4,Adriana Marlen Sanchez Riaño,26,33
gh-31780279220-0814T0930,2026-08-14T04:31:03-05:00,1000045-B,CLASE TEORICA,(5) Grupo 5,Cesar Augusto Romero,26,33
gh-31780279220-0814T0930,2026-08-14T04:31:03-05:00,1000045-B,CLASE TEORICA,(6) Grupo 6,Sara Elisa Monsalve Patino,26,33
gh-31780279220-0814T0930,2026-08-14T04:31:03-05:00,1000045-B,CLASE TEORICA,(7) Grupo 7,Luis Gabriel Peña Ortiz,26,33
gh-31780279220-0814T0930,2026-08-14T04:31:03-05:00,1000045-B,CLASE TEORICA,(8) Grupo 8,Johnatan Martinez Hernandez,26,33
gh-31780279220-0814T0930,2026-08-14T04:31:03-05:00,1000045-B,CLASE TEORICA,(9) Grupo 9,Maureen Elizabeth Hooker Oneill,15,33
gh-31780279220-0814T0930,2026-08-14T04:31:06-05:00,1000046-B,CLASE TEORICA,(1) Grupo 1,Johnatan Martinez Hernandez,26,35
gh-31780279220-0814T0930,2026-08-14T04:31:06-05:00,1000046-B,CLASE TEORICA,(10) Grupo 10,Jennly Angelica Gomez Rodriguez,26,35
gh-31780279220-0814T0930,2026-08-14T04:31:06-05:00,1000046-B,CLASE TEORICA,(11) Grupo 11,Angelica Saenz Fonseca,26,35
gh-31780279220-0814T0930,2026-08-14T04:31:06-05:00,1000046-B,CLASE TEORICA,(12) Grupo 12,Liliana Marcela Guzman Aricapa,26,35
gh-31780279220-0814T0930,2026-08-14T04:31:06-05:00,1000046-B,CLASE TEORICA,(13) Grupo 13,ALBA LUCIA RIAÑO RODRIGUEZ,26,35
gh-31780279220-0814T0930,2026-08-14T04:31:06-05:00,1000046-B,CLASE TEORICA,(14) Grupo 14,Angelica Saenz Fonseca,26,35
gh-31780279220-0814T0930,2026-08-14T04:31:06-05:00,1000046-B,CLASE TEORICA,(15) Grupo 15,Luis Gabriel Peña Ortiz,26,35
gh-31780279220-0814T0930,2026-08-14T04:31:06-05:00,1000046-B,CLASE TEORICA,(16) Grupo 16,Olga Lucia Ruiz Convers,26,35
gh-31780279220-0814T0930,2026-08-14T04:31:06-05:00,1000046-B,CLASE TEORICA,(17) Grupo 17,Luis Gabriel Peña Ortiz,26,35
gh-31780279220-0814T0930,2026-08-14T04:31:06-05:00,1000046-B,CLASE TEORICA,(18) Grupo 18,Narly Yadira Pardo Cadena,26,35
gh-31780279220-0814T0930,2026-08-14T04:31:06-05:00,1000046-B,CLASE TEORICA,(2) Grupo 2,Jesica paola Rendon Alfonso,26,35
gh-31780279220-0814T0930,2026-08-14T04:31:06-05:00,1000046-B,CLASE TEORICA,(3) Grupo 3,JESUS DAVID TORRES RODRIGUEZ,26,35
gh-31780279220-0814T0930,2026-08-14T04:31:06-05:00,1000046-B,CLASE TEORICA,(4) Grupo 4,Claudia Patricia Cortes Lora,26,35
gh-31780279220-0814T0930,2026-08-14T04:31:06-05:00,1000046-B,CLASE TEORICA,(5) Grupo 5,Johnatan Martinez Hernandez,26,35
gh-31780279220-0814T0930,2026-08-14T04:31:06-05:00,1000046-B,CLASE TEORICA,(6) Grupo 6,Johnatan Martinez Hernandez,26,35
gh-31780279220-0814T0930,2026-08-14T04:31:06-05:00,1000046-B,CLASE TEORICA,(7) Grupo 7,Jesica paola Rendon Alfonso,26,35
gh-31780279220-0814T0930,2026-08-14T04:31:06-05:00,1000046-B,CLASE TEORICA,(8) Grupo 8,Beatriz Elena Urrutia Sanchez,26,35
gh-31780279220-0814T0930,2026-08-14T04:31:06-05:00,1000046-B,CLASE TEORICA,(9) Grupo 9,Maureen Elizabeth Hooker Oneill,10,35
gh-31780279220-0814T0930,2026-08-14T04:31:08-05:00,1000052-B,CLASE TEORICA,(1) Grupo 1,Liliana Marcela Guzman Aricapa,28,37
gh-31780279220-0814T0930,2026-08-14T04:31:08-05:00,1000052-B,CLASE TEORICA,(2) Grupo 2,JOSE JONATHAN MAESTRE HERRERA,28,37
gh-31780279220-0814T0930,2026-08-14T04:31:08-05:00,1000052-B,CLASE TEORICA,(3) Grupo 3,Aida Elena Monsalve Solorzano,28,37
gh-31780279220-0814T0930,2026-08-14T04:31:10-05:00,1000053-B,CLASE TEORICA,(1) Grupo 1,Jennly Angelica Gomez Rodriguez,28,38
gh-31780279220-0814T0930,2026-08-14T04:31:10-05:00,1000053-B,CLASE TEORICA,(2) Grupo 2,Yaneli Niño Osorio,28,38
gh-31780279220-0814T0930,2026-08-14T04:31:10-05:00,1000053-B,CLASE TEORICA,(3) Grupo 3,Javier Rodriguez Gomez,30,38
gh-31780279220-0814T0930,2026-08-14T04:31:10-05:00,1000053-B,CLASE TEORICA,(4) Grupo 4,Javier Rodriguez Gomez,30,38
gh-31780279220-0814T0930,2026-08-14T04:31:10-05:00,1000053-B,CLASE TEORICA,(5) Grupo 5,LINDA JOHANA RUIZ GOMEZ,28,38
gh-31780279220-0814T0930,2026-08-14T04:31:10-05:00,1000053-B,CLASE TEORICA,(6) Grupo 6,Olga Lucia Ruiz Convers,28,38
gh-31780279220-0814T0930,2026-08-14T04:31:11-05:00,1000047-B,CLASE TEORICA,(1) Grupo 1,Cesar Augusto Romero,26,39
gh-31780279220-0814T0930,2026-08-14T04:31:11-05:00,1000047-B,CLASE TEORICA,(10) Grupo 10,Monica Alexandra Riaño Orjuela,26,39
gh-31780279220-0814T0930,2026-08-14T04:31:11-05:00,1000047-B,CLASE TEORICA,(11) Grupo 11,Jennly Angelica Gomez Rodriguez,26,39
gh-31780279220-0814T0930,2026-08-14T04:31:11-05:00,1000047-B,CLASE TEORICA,(12) Grupo 12,Claudia Patricia Cortes Lora,26,39
gh-31780279220-0814T0930,2026-08-14T04:31:11-05:00,1000047-B,CLASE TEORICA,(13) Grupo 13,Angelica Saenz Fonseca,26,39
gh-31780279220-0814T0930,2026-08-14T04:31:11-05:00,1000047-B,CLASE TEORICA,(14) Grupo 14,LINDA JOHANA RUIZ GOMEZ,26,39
gh-31780279220-0814T0930,2026-08-14T04:31:11-05:00,1000047-B,CLASE TEORICA,(15) Grupo 15,Claudia Patricia Cortes Lora,26,39
gh-31780279220-0814T0930,2026-08-14T04:31:11-05:00,1000047-B,CLASE TEORICA,(16) Grupo 16,Narly Yadira Pardo Cadena,26,39
gh-31780279220-0814T0930,2026-08-14T04:31:11-05:00,1000047-B,CLASE TEORICA,(17) Grupo 17,Angelica Saenz Fonseca,26,39
gh-31780279220-0814T0930,2026-08-14T04:31:11-05:00,1000047-B,CLASE TEORICA,(18) Grupo 18,ALBA LUCIA RIAÑO RODRIGUEZ,26,39
gh-31780279220-0814T0930,2026-08-14T04:31:11-05:00,1000047-B,CLASE TEORICA,(19) Grupo 19,Aida Elena Monsalve Solorzano,26,39
gh-31780279220-0814T0930,2026-08-14T04:31:11-05:00,1000047-B,CLASE TEORICA,(2) Grupo 2,Yaneli Niño Osorio,26,39
gh-31780279220-0814T0930,2026-08-14T04:31:11-05:00,1000047-B,CLASE TEORICA,(20) Grupo 20,ALBA LUCIA RIAÑO RODRIGUEZ,26,39
gh-31780279220-0814T0930,2026-08-14T04:31:11-05:00,1000047-B,CLASE TEORICA,(21) Grupo 21,Edwin Yesid Leon Silva,26,39
gh-31780279220-0814T0930,2026-08-14T04:31:11-05:00,1000047-B,CLASE TEORICA,(22) Grupo 22,LINDA JOHANA RUIZ GOMEZ,26,39
gh-31780279220-0814T0930,2026-08-14T04:31:11-05:00,1000047-B,CLASE TEORICA,(3) Grupo 3,Monica Alexandra Riaño Orjuela,26,39
gh-31780279220-0814T0930,2026-08-14T04:31:11-05:00,1000047-B,CLASE TEORICA,(4) Grupo 4,Claudia Patricia Cortes Lora,26,39
gh-31780279220-0814T0930,2026-08-14T04:31:11-05:00,1000047-B,CLASE TEORICA,(5) Grupo 5,Olga Lucia Ruiz Convers,26,39
gh-31780279220-0814T0930,2026-08-14T04:31:11-05:00,1000047-B,CLASE TEORICA,(6) Grupo 6,Monica Alexandra Riaño Orjuela,26,39
gh-31780279220-0814T0930,2026-08-14T04:31:11-05:00,1000047-B,CLASE TEORICA,(7) Grupo 7,Cesar Augusto Romero,26,39
gh-31780279220-0814T0930,2026-08-14T04:31:11-05:00,1000047-B,CLASE TEORICA,(8) Grupo 8,Beatriz Elena Urrutia Sanchez,26,39
gh-31780279220-0814T0930,2026-08-14T04:31:11-05:00,1000047-B,CLASE TEORICA,(9) Grupo 9,Keshia Hilary Howard Livingston,15,39
gh-31780279220-0814T0930,2026-08-14T04:31:13-05:00,2026186,CLASE TEORICA,(1) Grupo 1,Carol Andrea Murillo Feo,7,41
gh-31780279220-0814T0930,2026-08-14T04:31:13-05:00,2026186,CLASE TEORICA,(2) Grupo 2,Leonel Vega Mora,0,41
gh-31780279220-0814T0930,2026-08-14T04:31:13-05:00,2026186,CLASE TEORICA,(4) Grupo 4,Carlos Orlando Robles Roa,10,41
gh-31780279220-0814T0930,2026-08-14T04:31:15-05:00,1000002-B,CLASE TEORICA,(1) Grupo 1 - Clase Presencial,Ruth Andrea Cortés Suárez,1,42
gh-31780279220-0814T0930,2026-08-14T04:31:15-05:00,1000002-B,CLASE TEORICA,(10) Grupo 10 - Clase presencial,Karen Johanna Castelblanco Villamil,0,42
gh-31780279220-0814T0930,2026-08-14T04:31:15-05:00,1000002-B,CLASE TEORICA,(2) Grupo 2 - Clase Presencial,Ruth Andrea Cortés Suárez,0,42
gh-31780279220-0814T0930,2026-08-14T04:31:15-05:00,1000002-B,CLASE TEORICA,(3) Grupo 3 - Clase Presencial,Adriana Patricia Díaz Cuevas,0,42
gh-31780279220-0814T0930,2026-08-14T04:31:15-05:00,1000002-B,CLASE TEORICA,(4) Grupo 4 - Clase Presencial,Adriana Patricia Díaz Cuevas,0,42
gh-31780279220-0814T0930,2026-08-14T04:31:15-05:00,1000002-B,CLASE TEORICA,(5) Grupo 5 - Clase Presencial,Andres Felipe Escovar Barreto,0,42
gh-31780279220-0814T0930,2026-08-14T04:31:15-05:00,1000002-B,CLASE TEORICA,(6) Grupo 6 - Clase Presencial,Ruth Andrea Cortés Suárez,0,42
gh-31780279220-0814T0930,2026-08-14T04:31:15-05:00,1000002-B,CLASE TEORICA,(7) Grupo 7 - Clase Presencial,Karen Johanna Castelblanco Villamil,0,42
gh-31780279220-0814T0930,2026-08-14T04:31:15-05:00,1000002-B,CLASE TEORICA,(8) Grupo 8 - Clase Presencial,Adriana Patricia Díaz Cuevas,0,42
gh-31780279220-0814T0930,2026-08-14T04:31:15-05:00,1000002-B,CLASE TEORICA,(9) Grupo 9 - Clase Presencial,Carlas Lucia Castilla Lara,10,42
gh-31780279220-0814T0930,2026-08-14T04:31:16-05:00,1000001-B,CLASE TEORICA,(1) Grupo 1,No informado,0,43
gh-31780279220-0814T0930,2026-08-14T04:31:16-05:00,1000001-B,CLASE TEORICA,(19) Grupo 19,No informado,5,43
gh-31780279220-0814T0930,2026-08-14T04:31:16-05:00,1000001-B,CLASE TEORICA,(2) Grupo 2,No informado,10,43
gh-31780279220-0814T0930,2026-08-14T04:31:16-05:00,1000001-B,CLASE MAGISTRAL,(1) Grupo 1,Ibeth Marcela Rubio Perilla,0,43
gh-31780279220-0814T0930,2026-08-14T04:31:16-05:00,1000001-B,CLASE MAGISTRAL,(10) Grupo 10,No informado,0,43
gh-31780279220-0814T0930,2026-08-14T04:31:16-05:00,1000001-B,CLASE MAGISTRAL,(2) Grupo 2,Herbert Alonso Dueñas Ruiz,0,43
gh-31780279220-0814T0930,2026-08-14T04:31:16-05:00,1000001-B,CLASE MAGISTRAL,(3) Grupo 3,Jeanneth Galeano Penaloza,0,43
gh-31780279220-0814T0930,2026-08-14T04:31:16-05:00,1000001-B,CLASE MAGISTRAL,(4) Grupo 4,Gustavo Adolfo Nieto Clavijo,0,43
gh-31780279220-0814T0930,2026-08-14T04:31:16-05:00,1000001-B,CLASE MAGISTRAL,(5) Grupo 5,Natalia Camila Pinzon Cortes,1,43
gh-31780279220-0814T0930,2026-08-14T04:31:16-05:00,1000001-B,CLASE MAGISTRAL,(6) Grupo 6,Martha Cecilia Moreno Penagos,0,43
gh-31780279220-0814T0930,2026-08-14T04:31:16-05:00,1000001-B,CLASE MAGISTRAL,(7) Grupo 7,Claudio Rodriguez Beltran,0,43
gh-31780279220-0814T0930,2026-08-14T04:31:16-05:00,1000001-B,CLASE MAGISTRAL,(8) Grupo 8,Gabriel Ignacio Padilla Leon,1,43
gh-31780279220-0814T0930,2026-08-14T04:31:16-05:00,1000001-B,CLASE MAGISTRAL,(9) Grupo 9,No informado,10,43
gh-31780279220-0814T0930,2026-08-14T04:31:18-05:00,2015965,CLASE TEORICA,(1) Grupo 1,CAMILO RIOS FRESNEDA,24,44
gh-31780279220-0814T0930,2026-08-14T04:31:18-05:00,2015965,CLASE TEORICA,(2) Grupo 2,Julian David Puerto Suarez; Vladimir Buelvas Hernández,24,44
gh-31780279220-0814T0930,2026-08-14T04:31:18-05:00,2015965,CLASE TEORICA,(3) Grupo 3,Ferney Betancourt Cardozo; Juan Manuel Lizarazo Marriaga,24,44
gh-31780279220-0814T0930,2026-08-14T04:31:18-05:00,2015965,CLASE TEORICA,(4) Grupo 4,No informado,24,44
gh-31780279220-0814T0930,2026-08-14T04:31:19-05:00,2015966,CLASE TEORICA,(1) Grupo 1,No informado,24,45
gh-31780279220-0814T0930,2026-08-14T04:31:19-05:00,2015966,CLASE TEORICA,(2) Grupo 2,Adriana Patricia Piña Fulano,24,45
gh-31780279220-0814T0930,2026-08-14T04:31:19-05:00,2015966,CLASE TEORICA,(3) Grupo 3,Rafael Orland Ortiz Mosquera,24,45
gh-31780279220-0814T0930,2026-08-14T04:31:19-05:00,2015966,CLASE TEORICA,(4) Grupo 4,No informado,24,45
gh-31780279220-0814T0930,2026-08-14T04:31:19-05:00,2015966,CLASE TEORICA,(5) Grupo 5,No informado,24,45
gh-31780279220-0814T0930,2026-08-14T04:31:19-05:00,2015966,CLASE TEORICA,(6) Grupo 6,Luis Alejandro Morales Marin,24,45
gh-31780279220-0814T0930,2026-08-14T04:31:19-05:00,2015966,CLASE TEORICA,(7) Grupo 7,No informado,24,45
gh-31780279220-0814T0930,2026-08-14T04:31:19-05:00,2015966,CLASE TEORICA,(8) Grupo 8,No informado,24,45
gh-31780279220-0814T0930,2026-08-14T04:31:20-05:00,2015967,NA,(1) Grupo 1,Vladimir Buelvas Hernández,24,46
gh-31780279220-0814T0930,2026-08-14T04:31:22-05:00,2015968,CLASE TEORICA,(1) Grupo 1,Ricardo Parra Arango,24,47
gh-31780279220-0814T0930,2026-08-14T04:31:22-05:00,2015968,CLASE TEORICA,(2) Grupo 2,Juan David Oliveros Salazar,24,47
gh-31780279220-0814T0930,2026-08-14T04:31:22-05:00,2015968,CLASE TEORICA,(3) Grupo 3,No informado,24,47
gh-31780279220-0814T0930,2026-08-14T04:31:22-05:00,2015968,CLASE TEORICA,(4) Grupo 4,Ricardo Parra Arango,24,47
gh-31780279220-0814T0930,2026-08-14T04:31:22-05:00,2015968,CLASE TEORICA,(5) Grupo 5,Julian David Puerto Suarez,24,47
gh-31780279220-0814T0930,2026-08-14T04:31:22-05:00,2015968,CLASE TEORICA,(6) Grupo 6,Dorian Luis Linero Segrera,24,47
gh-31780279220-0814T0930,2026-08-14T04:31:22-05:00,2015968,CLASE TEORICA,(7) Grupo 7,No informado,0,47
gh-31780279220-0814T0930,2026-08-14T04:31:23-05:00,2015969,CLASE TEORICA,(1) Grupo 1 (Inglés),Julio Esteban Colmenares Montañez,30,48
gh-31780279220-0814T0930,2026-08-14T04:31:23-05:00,2015969,CLASE TEORICA,(2) Grupo 2,Guillermo Eduardo Avila Alvarez,30,48
gh-31780279220-0814T0930,2026-08-14T04:31:23-05:00,2015969,CLASE TEORICA,(3) Grupo 3,Livaniel Viveros Rosero,30,48
gh-31780279220-0814T0930,2026-08-14T04:31:23-05:00,2015969,CLASE TEORICA,(4) Grupo 4,No informado,30,48
gh-31780279220-0814T0930,2026-08-14T04:31:24-05:00,2015970,CLASE PRACTICA,(4) Grupo 4,Helga Duarte,30,49
gh-31780279220-0814T0930,2026-08-14T04:31:24-05:00,2015970,CLASE PRACTICA,(5) Grupo 5,Oswaldo Rojas Camacho,45,49
gh-31780279220-0814T0930,2026-08-14T04:31:24-05:00,2015970,CLASE PRACTICA,(8) Grupo 8,Helga Duarte,30,49
gh-31780279220-0814T0930,2026-08-14T04:31:24-05:00,2015970,CLASE PRACTICA,(9) Grupo 9,Oswaldo Rojas Camacho,45,49
gh-31780279220-0814T0930,2026-08-14T04:31:25-05:00,2017293,CLASE TEORICA,(1) 2017293-1 Modelación matemática,JUAN SEBASTIÁN HINCAPIÉ MONTES,34,50
gh-31780279220-0814T0930,2026-08-14T04:31:25-05:00,2017293,CLASE TEORICA,(2) 2017293-2 Modelación matemática,JUAN SEBASTIÁN HINCAPIÉ MONTES,34,50
gh-31780279220-0814T0930,2026-08-14T04:31:25-05:00,2017293,CLASE MAGISTRAL,(1M) 2017293-1M Modelación matemática - Magistral,Carlos Alberto Duque Daza,80,50
gh-31780279220-0814T0930,2026-08-14T04:31:29-05:00,2015971,CLASE TEORICA,(1) Grupo 1,No informado,30,53
gh-31780279220-0814T0930,2026-08-14T04:31:29-05:00,2015971,CLASE TEORICA,(2) Grupo 2,Ferney Betancourt Cardozo,30,53
gh-31780279220-0814T0930,2026-08-14T04:31:29-05:00,2015971,CLASE TEORICA,(3) Grupo 3,No informado,30,53
gh-31780279220-0814T0930,2026-08-14T04:31:30-05:00,2015972,CLASE TEORICA,(1) Grupo 1,Carlos Alberto Moncada Aristizabal,15,54
gh-31780279220-0814T0930,2026-08-14T04:31:30-05:00,2015972,CLASE TEORICA,(2) Grupo 2,SANTIAGO RAMIREZ ECHEVERRI,15,54
gh-31780279220-0814T0930,2026-08-14T04:31:30-05:00,2015972,CLASE TEORICA,(3) Grupo 3,No informado,15,54
gh-31780279220-0814T0930,2026-08-14T04:31:32-05:00,1000024-B,CLASE TEORICA,(12) Grupo 12,Edgar Delgado Mejia,0,55
gh-31780279220-0814T0930,2026-08-14T04:31:32-05:00,1000024-B,CLASE TEORICA,(13) Grupo 13,Jesus Sigifredo Valencia Rios,0,55
gh-31780279220-0814T0930,2026-08-14T04:31:32-05:00,1000024-B,CLASE TEORICA,(14) Grupo 14,Jhon Jairo Aragón Arias,10,55
gh-31780279220-0814T0930,2026-08-14T04:31:33-05:00,1000013-B,CLASE TEORICA,(1) Grupo 1,JHONIER SEBASTIAN RANGEL GUTIERREZ,0,56
gh-31780279220-0814T0930,2026-08-14T04:31:33-05:00,1000013-B,CLASE TEORICA,(10) Grupo 10,Sandra Vergara Cardozo,35,56
gh-31780279220-0814T0930,2026-08-14T04:31:33-05:00,1000013-B,CLASE TEORICA,(11) Grupo 11,DIEGO ALBERTO MARTINEZ SIMBAQUEVA,40,56
gh-31780279220-0814T0930,2026-08-14T04:31:33-05:00,1000013-B,CLASE TEORICA,(12) Grupo 12,DIEGO ALBERTO MARTINEZ SIMBAQUEVA,40,56
gh-31780279220-0814T0930,2026-08-14T04:31:33-05:00,1000013-B,CLASE TEORICA,(13) Grupo 13,DIEGO ALBERTO MARTINEZ SIMBAQUEVA,30,56
gh-31780279220-0814T0930,2026-08-14T04:31:33-05:00,1000013-B,CLASE TEORICA,(14) Grupo 14,Andrea Catalina Garcia Montoya,45,56
gh-31780279220-0814T0930,2026-08-14T04:31:33-05:00,1000013-B,CLASE TEORICA,(16) Grupo 16,Sergio Alejandro Calderon Villanueva,30,56
gh-31780279220-0814T0930,2026-08-14T04:31:33-05:00,1000013-B,CLASE TEORICA,(2) Grupo 2,Luis Guillermo Diaz Monroy,40,56
gh-31780279220-0814T0930,2026-08-14T04:31:33-05:00,1000013-B,CLASE TEORICA,(22) Grupo 22,Hanwen Zhang,45,56
gh-31780279220-0814T0930,2026-08-14T04:31:33-05:00,1000013-B,CLASE TEORICA,(23) Grupo 23,ULPIANO LARA CRISTANCHO,0,56
gh-31780279220-0814T0930,2026-08-14T04:31:33-05:00,1000013-B,CLASE TEORICA,(3) Grupo 3,Diana Carolina Franco Soto,40,56
gh-31780279220-0814T0930,2026-08-14T04:31:33-05:00,1000013-B,CLASE TEORICA,(4) Grupo 4,Diana Carolina Franco Soto,40,56
gh-31780279220-0814T0930,2026-08-14T04:31:33-05:00,1000013-B,CLASE TEORICA,(5) Grupo 5,Darwin Eduardo Martínez Riaño,35,56
gh-31780279220-0814T0930,2026-08-14T04:31:33-05:00,1000013-B,CLASE TEORICA,(6) Grupo 6,Darwin Eduardo Martínez Riaño,35,56
gh-31780279220-0814T0930,2026-08-14T04:31:33-05:00,1000013-B,CLASE TEORICA,(7) Grupo 7,Camilo Jose Torres Jimenez,40,56
gh-31780279220-0814T0930,2026-08-14T04:31:34-05:00,2015734,NA,(1) Grupo 1,Fernando Salazar Delgado,6,57
gh-31780279220-0814T0930,2026-08-14T04:31:34-05:00,2015734,NA,(10) Grupo 10,Tito Florez Calderon,4,57
gh-31780279220-0814T0930,2026-08-14T04:31:34-05:00,2015734,NA,(11) Grupo 11,DAVID ALBERTO HERRERA ALVAREZ,0,57
gh-31780279220-0814T0930,2026-08-14T04:31:34-05:00,2015734,NA,(12) Grupo 12,FABIEL NATÁN ESPINOSA CASTAÑEDA,1,57
gh-31780279220-0814T0930,2026-08-14T04:31:34-05:00,2015734,NA,(13) Grupo 13,SERGIO CAMILO ESPINOSA BOTERO,4,57
gh-31780279220-0814T0930,2026-08-14T04:31:34-05:00,2015734,NA,(14) Grupo 14,Felipe Gonzalez Roldan,0,57
gh-31780279220-0814T0930,2026-08-14T04:31:34-05:00,2015734,NA,(2) Grupo 2,Fernando Salazar Delgado,16,57
gh-31780279220-0814T0930,2026-08-14T04:31:34-05:00,2015734,NA,(3) Grupo 3,Jhoan Sebastian Restrepo Mendoza,0,57
gh-31780279220-0814T0930,2026-08-14T04:31:34-05:00,2015734,NA,(4) Grupo 4,Sandra Liliana Rojas Martinez,0,57
gh-31780279220-0814T0930,2026-08-14T04:31:34-05:00,2015734,NA,(5) Grupo 5,Jhoan Sebastian Restrepo Mendoza,0,57
gh-31780279220-0814T0930,2026-08-14T04:31:34-05:00,2015734,NA,(6) Grupo 6,SERGIO CAMILO ESPINOSA BOTERO,8,57
gh-31780279220-0814T0930,2026-08-14T04:31:34-05:00,2015734,NA,(7) Grupo 7,No informado,3,57
gh-31780279220-0814T0930,2026-08-14T04:31:34-05:00,2015734,NA,(8) Grupo 8 - Virtual,FABIEL NATÁN ESPINOSA CASTAÑEDA,30,57
gh-31780279220-0814T0930,2026-08-14T04:31:34-05:00,2015734,NA,(9) Grupo 9,Alvaro Reynel Córdoba,18,57
gh-31780279220-0814T0930,2026-08-14T04:31:37-05:00,2015973,CLASE TEORICA,(1) Grupo 1,No informado,25,59
gh-31780279220-0814T0930,2026-08-14T04:31:37-05:00,2015973,CLASE TEORICA,(2) Grupo 2,GABRIELA ARRIETA LOYO,25,59
gh-31780279220-0814T0930,2026-08-14T04:31:37-05:00,2015973,CLASE TEORICA,(3) Grupo 3,NICOLAS ESCALANTE MORA,25,59
gh-31780279220-0814T0930,2026-08-14T04:31:38-05:00,2022761,NA,(1) Grupo 1,Servio Javier Contreras Guerrero,15,60
gh-31780279220-0814T0930,2026-08-14T04:31:38-05:00,2022761,NA,(2) Grupo 2,Servio Javier Contreras Guerrero,15,60
gh-31780279220-0814T0930,2026-08-14T04:31:38-05:00,2022761,NA,(3) Grupo 3,Samuel Fernando Mesa Giraldo,15,60
gh-31780279220-0814T0930,2026-08-14T04:31:39-05:00,2024045,CLASE TEORICA,(1) 2024045-1 Taller de proyectos interdisciplinarios,No informado,0,61
gh-31780279220-0814T0930,2026-08-14T04:31:39-05:00,2024045,CLASE TEORICA,(10) 2024045-10 Taller de proyectos interdisciplinarios,Oscar Andres Eraso Eraso,0,61
gh-31780279220-0814T0930,2026-08-14T04:31:39-05:00,2024045,CLASE TEORICA,(11) 2024045-11 Taller de proyectos interdisciplinarios,No informado,0,61
gh-31780279220-0814T0930,2026-08-14T04:31:39-05:00,2024045,CLASE TEORICA,(12) 2024045-12 Taller de proyectos interdisciplinarios,Hector Julian Garcia Otalora,200,61
gh-31780279220-0814T0930,2026-08-14T04:31:39-05:00,2024045,CLASE TEORICA,(13) 2024045-13 Taller de proyectos interdisciplinarios,No informado,0,61
gh-31780279220-0814T0930,2026-08-14T04:31:39-05:00,2024045,CLASE TEORICA,(14) 2024045-14 Taller de proyectos interdisciplinarios,Dolly Santos Barbosa,0,61
gh-31780279220-0814T0930,2026-08-14T04:31:39-05:00,2024045,CLASE TEORICA,(15) 2024045-15 Taller de proyectos interdisciplinarios,Oscar Andres Eraso Eraso,0,61
gh-31780279220-0814T0930,2026-08-14T04:31:39-05:00,2024045,CLASE TEORICA,(16) 2024045-16 Taller de proyectos interdisciplinarios,Luis Ignacio Rodriguez Varela,0,61
gh-31780279220-0814T0930,2026-08-14T04:31:39-05:00,2024045,CLASE TEORICA,(17) 2024045-17 Taller de proyectos interdisciplinarios,JOHANA CATALINA MANOSALVA BARRERA,0,61
gh-31780279220-0814T0930,2026-08-14T04:31:39-05:00,2024045,CLASE TEORICA,(18) 2024045-18 Taller de proyectos interdisciplinarios,Fernando Bernal Martinez,0,61
gh-31780279220-0814T0930,2026-08-14T04:31:39-05:00,2024045,CLASE TEORICA,(19) 2024045-19 Taller de proyectos interdisciplinarios,FRANCISCO JAVIER VÁSQUEZ VÁSQUEZ,0,61
gh-31780279220-0814T0930,2026-08-14T04:31:39-05:00,2024045,CLASE TEORICA,(2) 2024045-2 Taller de proyectos interdisciplinarios,Fernando Bernal Martinez,0,61
gh-31780279220-0814T0930,2026-08-14T04:31:39-05:00,2024045,CLASE TEORICA,(21) 2024045-21 Taller de proyectos interdisciplinarios,No informado,0,61
gh-31780279220-0814T0930,2026-08-14T04:31:39-05:00,2024045,CLASE TEORICA,(22) 2024045-22 Taller de proyectos interdisciplinarios,Ubaldo Garcia Zaragoza,0,61
gh-31780279220-0814T0930,2026-08-14T04:31:39-05:00,2024045,CLASE TEORICA,(23) 2024045-23 Taller de proyectos interdisciplinarios,No informado,0,61
gh-31780279220-0814T0930,2026-08-14T04:31:39-05:00,2024045,CLASE TEORICA,(24) 2024045-24 Taller de proyectos interdisciplinarios,Hector Julian Garcia Otalora,200,61
gh-31780279220-0814T0930,2026-08-14T04:31:39-05:00,2024045,CLASE TEORICA,(3) 2024045-3 Taller de proyectos interdisciplinarios,Guillermo Alberto Rocha Casas,0,61
gh-31780279220-0814T0930,2026-08-14T04:31:39-05:00,2024045,CLASE TEORICA,(4) 2024045-4 Taller de proyectos interdisciplinarios,Francy Nayely Prieto Novoa,0,61
gh-31780279220-0814T0930,2026-08-14T04:31:39-05:00,2024045,CLASE TEORICA,(40) 2024045-40 TPI-- NO BORRAR-- BLOQ ESPACIOS,No informado,0,61
gh-31780279220-0814T0930,2026-08-14T04:31:39-05:00,2024045,CLASE TEORICA,(5) 2024045-5 Taller de proyectos interdisciplinarios,Nubia Carmenza Moreno Sarmiento,0,61
gh-31780279220-0814T0930,2026-08-14T04:31:39-05:00,2024045,CLASE TEORICA,(6) 2024045-6 Taller de proyectos interdisciplinarios,JOHANA CATALINA MANOSALVA BARRERA,0,61
gh-31780279220-0814T0930,2026-08-14T04:31:39-05:00,2024045,CLASE TEORICA,(7) 2024045-7 Taller de proyectos interdisciplinarios,Ubaldo Garcia Zaragoza,0,61
gh-31780279220-0814T0930,2026-08-14T04:31:39-05:00,2024045,CLASE TEORICA,(8) 2024045-8 Taller de proyectos interdisciplinarios,JHON FREDDY LOPEZ MEDINA,0,61
gh-31780279220-0814T0930,2026-08-14T04:31:39-05:00,2024045,CLASE TEORICA,(9) 2024045-9 Taller de proyectos interdisciplinarios,Manuel Alejandro Mayorga Betancourt,0,61
gh-31780279220-0814T0930,2026-08-14T04:31:40-05:00,2015296,NA,(1) Grupo 1,Leonardo David Donado Garzon,5,62
gh-31780279220-0814T0930,2026-08-14T04:31:40-05:00,2015296,NA,(10) Grupo 10,Juan Manuel Lizarazo Marriaga,5,62
gh-31780279220-0814T0930,2026-08-14T04:31:40-05:00,2015296,NA,(11) Grupo 11,Octavio Coronado Garcia,5,62
gh-31780279220-0814T0930,2026-08-14T04:31:40-05:00,2015296,NA,(12) Grupo 12,Carol Andrea Murillo Feo,5,62
gh-31780279220-0814T0930,2026-08-14T04:31:40-05:00,2015296,NA,(13) Grupo 13,CAMILO RIOS FRESNEDA,5,62
gh-31780279220-0814T0930,2026-08-14T04:31:40-05:00,2015296,NA,(14) Grupo 14,William Castro Garcia,5,62
gh-31780279220-0814T0930,2026-08-14T04:31:40-05:00,2015296,NA,(15) Grupo 15,Luis Alejandro Morales Marin,5,62
gh-31780279220-0814T0930,2026-08-14T04:31:40-05:00,2015296,NA,(16) Grupo 16,Ferney Betancourt Cardozo,5,62
gh-31780279220-0814T0930,2026-08-14T04:31:40-05:00,2015296,NA,(17) Grupo 17,Maria Alejandra Caicedo Londoño,5,62
gh-31780279220-0814T0930,2026-08-14T04:31:40-05:00,2015296,NA,(18) Grupo 18,Guillermo Eduardo Avila Alvarez,5,62
gh-31780279220-0814T0930,2026-08-14T04:31:40-05:00,2015296,NA,(19) Grupo 19,Carlos Alfonso Gomez Guacaneme,0,62
gh-31780279220-0814T0930,2026-08-14T04:31:40-05:00,2015296,NA,(2) Grupo 2,Carlos Orlando Robles Roa,5,62
gh-31780279220-0814T0930,2026-08-14T04:31:40-05:00,2015296,NA,(3) Grupo 3,Angela Barrera Puerto,5,62
gh-31780279220-0814T0930,2026-08-14T04:31:40-05:00,2015296,NA,(4) Grupo 4,Mauricio Alberto Tapias Camacho,5,62
gh-31780279220-0814T0930,2026-08-14T04:31:40-05:00,2015296,NA,(5) Grupo 5,Maritzabel Molina Herrera,5,62
gh-31780279220-0814T0930,2026-08-14T04:31:40-05:00,2015296,NA,(6) Grupo 6,Rodolfo Rodriguez Baracaldo,5,62
gh-31780279220-0814T0930,2026-08-14T04:31:40-05:00,2015296,NA,(7) Grupo 7,SANTIAGO RAMIREZ ECHEVERRI,5,62
gh-31780279220-0814T0930,2026-08-14T04:31:40-05:00,2015296,NA,(8) Grupo 8,Jose Ricardo Martinez Vargas,5,62
gh-31780279220-0814T0930,2026-08-14T04:31:40-05:00,2015296,NA,(9) Grupo 9,GABRIELA ARRIETA LOYO,5,62
gh-31780279220-0814T0930,2026-08-14T04:31:42-05:00,2015299,CLASE TEORICA,(1) Grupo 1,GABRIELA ARRIETA LOYO,51,63
gh-31780279220-0814T1000,2026-08-14T05:03:03-05:00,2015938,CLASE TEORICA,(1) Grupo 1,Maria Alejandra Caicedo Londoño,25,0
gh-31780279220-0814T1000,2026-08-14T05:03:03-05:00,2015938,CLASE TEORICA,(2) Grupo 2,Maria Alejandra Caicedo Londoño,25,0
gh-31780279220-0814T1000,2026-08-14T05:03:03-05:00,2015938,CLASE TEORICA,(3) Grupo 3,JOSE LUIS DIAZ AREVALO,25,0
gh-31780279220-0814T1000,2026-08-14T05:03:03-05:00,2015938,CLASE TEORICA,(4) Grupo 4,JOSE LUIS DIAZ AREVALO,24,0
gh-31780279220-0814T1000,2026-08-14T05:03:04-05:00,2015939,CLASE TEORICA,(1) Grupo 1,ALVARO MARTIN GUTIERREZ MALAXECHEBARRIA,25,1
gh-31780279220-0814T1000,2026-08-14T05:03:04-05:00,2015939,CLASE TEORICA,(2) Grupo 2,ALVARO MARTIN GUTIERREZ MALAXECHEBARRIA,25,1
gh-31780279220-0814T1000,2026-08-14T05:03:04-05:00,2015939,CLASE TEORICA,(3) Grupo 3,Edder Alexander Velandia Duran,25,1
gh-31780279220-0814T1000,2026-08-14T05:03:04-05:00,2015939,CLASE TEORICA,(4) Grupo 4,No informado,25,1
gh-31780279220-0814T1000,2026-08-14T05:03:06-05:00,1000003-B,NA,(1) Grupo 1,Erika Lorena Rosero Alzate; Oscar Andrés Rojas Sepúlveda,0,2
gh-31780279220-0814T1000,2026-08-14T05:03:06-05:00,1000003-B,NA,(10) Grupo 10,Epifanio Lozano Ayala,14,2
gh-31780279220-0814T1000,2026-08-14T05:03:06-05:00,1000003-B,NA,(11) Grupo 11,No informado,60,2
gh-31780279220-0814T1000,2026-08-14T05:03:06-05:00,1000003-B,NA,(12) Grupo 12,No informado,40,2
gh-31780279220-0814T1000,2026-08-14T05:03:06-05:00,1000003-B,NA,(13) Grupo 13,Mohammed EL AIDI,40,2
gh-31780279220-0814T1000,2026-08-14T05:03:06-05:00,1000003-B,NA,(15) Grupo 15,Myriam Leonor Campos Florez,60,2
gh-31780279220-0814T1000,2026-08-14T05:03:06-05:00,1000003-B,NA,(16) Grupo 16,No informado,60,2
gh-31780279220-0814T1000,2026-08-14T05:03:06-05:00,1000003-B,NA,(17) Grupo 17,Martha Cecilia Moreno Penagos,40,2
gh-31780279220-0814T1000,2026-08-14T05:03:06-05:00,1000003-B,NA,(18) Grupo 18,John Alexander Cruz Morales,52,2
gh-31780279220-0814T1000,2026-08-14T05:03:06-05:00,1000003-B,NA,(20) Grupo 20,Natalia Camila Pinzon Cortes,60,2
gh-31780279220-0814T1000,2026-08-14T05:03:06-05:00,1000003-B,NA,(21) Grupo 21,Ivon Andrea Dorado Correa,52,2
gh-31780279220-0814T1000,2026-08-14T05:03:06-05:00,1000003-B,NA,(22) Grupo 22,No informado,46,2
gh-31780279220-0814T1000,2026-08-14T05:03:06-05:00,1000003-B,NA,(3) Grupo 3,No informado,60,2
gh-31780279220-0814T1000,2026-08-14T05:03:06-05:00,1000003-B,NA,(4) Grupo 4,Luis Alejandro Barbosa Torres,112,2
gh-31780279220-0814T1000,2026-08-14T05:03:06-05:00,1000003-B,NA,(5) Grupo 5,Jaime David Mora Paz,60,2
gh-31780279220-0814T1000,2026-08-14T05:03:06-05:00,1000003-B,NA,(7) Grupo 7,Myriam Leonor Campos Florez,40,2
gh-31780279220-0814T1000,2026-08-14T05:03:06-05:00,1000003-B,NA,(8) Grupo 8,No informado,10,2
gh-31780279220-0814T1000,2026-08-14T05:03:07-05:00,2015940,CLASE TEORICA,(1) Grupo 1,Maritzabel Molina Herrera,24,3
gh-31780279220-0814T1000,2026-08-14T05:03:07-05:00,2015940,CLASE TEORICA,(2) Grupo 2,Gabriel Andres Bernal Granados,24,3
gh-31780279220-0814T1000,2026-08-14T05:03:07-05:00,2015940,CLASE TEORICA,(3) Grupo 3,No informado,24,3
gh-31780279220-0814T1000,2026-08-14T05:03:08-05:00,2015941,CLASE TEORICA,(1) Grupo 1,Patricia Luna Tamayo,30,4
gh-31780279220-0814T1000,2026-08-14T05:03:08-05:00,2015941,CLASE TEORICA,(2) Grupo 2,No informado,30,4
gh-31780279220-0814T1000,2026-08-14T05:03:08-05:00,2015941,CLASE TEORICA,(3) Grupo 3,Carlos Ramiro Vallecilla Bahena,30,4
gh-31780279220-0814T1000,2026-08-14T05:03:08-05:00,2015941,CLASE TEORICA,(4) Grupo 4,No informado,30,4
gh-31780279220-0814T1000,2026-08-14T05:03:09-05:00,1000004-B,NA,(10) Grupo 10,No informado,53,5
gh-31780279220-0814T1000,2026-08-14T05:03:09-05:00,1000004-B,NA,(11) Grupo 11,No informado,24,5
gh-31780279220-0814T1000,2026-08-14T05:03:09-05:00,1000004-B,NA,(12) Grupo 12,No informado,24,5
gh-31780279220-0814T1000,2026-08-14T05:03:09-05:00,1000004-B,NA,(13) Grupo 13,No informado,16,5
gh-31780279220-0814T1000,2026-08-14T05:03:09-05:00,1000004-B,NA,(14) Grupo 14,No informado,90,5
gh-31780279220-0814T1000,2026-08-14T05:03:09-05:00,1000004-B,NA,(16) Grupo 16,No informado,27,5
gh-31780279220-0814T1000,2026-08-14T05:03:09-05:00,1000004-B,NA,(17) Grupo 17,Hernan Garzon Gutierrez,39,5
gh-31780279220-0814T1000,2026-08-14T05:03:09-05:00,1000004-B,NA,(19) Grupo 19,No informado,59,5
gh-31780279220-0814T1000,2026-08-14T05:03:09-05:00,1000004-B,NA,(2) Grupo 2,No informado,24,5
gh-31780279220-0814T1000,2026-08-14T05:03:09-05:00,1000004-B,NA,(20) Grupo 20,Hernan Garzon Gutierrez,10,5
gh-31780279220-0814T1000,2026-08-14T05:03:09-05:00,1000004-B,NA,(21) Grupo 21,No informado,60,5
gh-31780279220-0814T1000,2026-08-14T05:03:09-05:00,1000004-B,NA,(22) Grupo 22,No informado,60,5
gh-31780279220-0814T1000,2026-08-14T05:03:09-05:00,1000004-B,NA,(24) Grupo 24,Ricardo Ariel Pastran Ramirez,60,5
gh-31780279220-0814T1000,2026-08-14T05:03:09-05:00,1000004-B,NA,(25) Grupo 25,No informado,40,5
gh-31780279220-0814T1000,2026-08-14T05:03:09-05:00,1000004-B,NA,(27) Grupo 27,No informado,51,5
gh-31780279220-0814T1000,2026-08-14T05:03:09-05:00,1000004-B,NA,(28) Grupo 28,No informado,60,5
gh-31780279220-0814T1000,2026-08-14T05:03:09-05:00,1000004-B,NA,(29) Grupo 29,No informado,60,5
gh-31780279220-0814T1000,2026-08-14T05:03:09-05:00,1000004-B,NA,(30) Grupo 30,No informado,60,5
gh-31780279220-0814T1000,2026-08-14T05:03:09-05:00,1000004-B,NA,(32) Grupo 32,No informado,90,5
gh-31780279220-0814T1000,2026-08-14T05:03:09-05:00,1000004-B,NA,(4) Grupo 4,Myriam Leonor Campos Florez,37,5
gh-31780279220-0814T1000,2026-08-14T05:03:09-05:00,1000004-B,NA,(5) Grupo 5,Oscar Javier Lopez Alfonso,84,5
gh-31780279220-0814T1000,2026-08-14T05:03:09-05:00,1000004-B,NA,(7) Grupo 7,Anderson Arley Vera Arboleda,64,5
gh-31780279220-0814T1000,2026-08-14T05:03:09-05:00,1000004-B,NA,(8) Grupo 8,No informado,40,5
gh-31780279220-0814T1000,2026-08-14T05:03:09-05:00,1000004-B,NA,(9) Grupo 9,No informado,18,5
gh-31780279220-0814T1000,2026-08-14T05:03:11-05:00,1000006-B,NA,(1) Grupo 1,No informado,40,6
gh-31780279220-0814T1000,2026-08-14T05:03:11-05:00,1000006-B,NA,(10) Grupo 10,No informado,100,6
gh-31780279220-0814T1000,2026-08-14T05:03:11-05:00,1000006-B,NA,(11) Grupo 11,No informado,40,6
gh-31780279220-0814T1000,2026-08-14T05:03:11-05:00,1000006-B,NA,(12) Grupo 12,Leonid Lebedev,60,6
gh-31780279220-0814T1000,2026-08-14T05:03:11-05:00,1000006-B,NA,(13) Grupo 13,Juan Carlos Hernandez Rincon,40,6
gh-31780279220-0814T1000,2026-08-14T05:03:11-05:00,1000006-B,NA,(14) Grupo 14,No informado,60,6
gh-31780279220-0814T1000,2026-08-14T05:03:11-05:00,1000006-B,NA,(15) Grupo 15,No informado,112,6
gh-31780279220-0814T1000,2026-08-14T05:03:11-05:00,1000006-B,NA,(2) Grupo 2,EDIXON MANUEL ROJAS SANTANA,40,6
gh-31780279220-0814T1000,2026-08-14T05:03:11-05:00,1000006-B,NA,(3) Grupo 3,Cesar Augusto Gomez Sierra,40,6
gh-31780279220-0814T1000,2026-08-14T05:03:11-05:00,1000006-B,NA,(4) Grupo 4,Agustin Moreno Canadas,100,6
gh-31780279220-0814T1000,2026-08-14T05:03:11-05:00,1000006-B,NA,(5) Grupo 5,German Eduardo Fonseca Buitrago,40,6
gh-31780279220-0814T1000,2026-08-14T05:03:11-05:00,1000006-B,NA,(7) Grupo 7,No informado,70,6
gh-31780279220-0814T1000,2026-08-14T05:03:11-05:00,1000006-B,NA,(8) Grupo 8,Epifanio Lozano Ayala,60,6
gh-31780279220-0814T1000,2026-08-14T05:03:11-05:00,1000006-B,NA,(9) Grupo 9,Orlando Vanegas Canro,0,6
gh-31780279220-0814T1000,2026-08-14T05:03:12-05:00,1000005-B,NA,(1) Grupo 1,Orlando Vanegas Canro,0,7
gh-31780279220-0814T1000,2026-08-14T05:03:12-05:00,1000005-B,NA,(10) Grupo 10,Epifanio Lozano Ayala,50,7
gh-31780279220-0814T1000,2026-08-14T05:03:12-05:00,1000005-B,NA,(14) Grupo 14,Mohammed EL AIDI,40,7
gh-31780279220-0814T1000,2026-08-14T05:03:12-05:00,1000005-B,NA,(15) Grupo 15,Alina Fedosova,60,7
gh-31780279220-0814T1000,2026-08-14T05:03:12-05:00,1000005-B,NA,(16) Grupo 16,No informado,70,7
gh-31780279220-0814T1000,2026-08-14T05:03:12-05:00,1000005-B,NA,(17) Grupo 17,Hernan Garzon Gutierrez,40,7
gh-31780279220-0814T1000,2026-08-14T05:03:12-05:00,1000005-B,NA,(2) Grupo 2,RENE ERLIN CASTILLO,60,7
gh-31780279220-0814T1000,2026-08-14T05:03:12-05:00,1000005-B,NA,(20) Grupo 20,Franqui Solis Cardenas Poloche,40,7
gh-31780279220-0814T1000,2026-08-14T05:03:12-05:00,1000005-B,NA,(22) Grupo 22,No informado,60,7
gh-31780279220-0814T1000,2026-08-14T05:03:12-05:00,1000005-B,NA,(3) Grupo 3,Eduardo Cardenas Gomez,70,7
gh-31780279220-0814T1000,2026-08-14T05:03:12-05:00,1000005-B,NA,(4) Grupo 4,Edward Samuel Becerra Rojas,60,7
gh-31780279220-0814T1000,2026-08-14T05:03:12-05:00,1000005-B,NA,(6) Grupo 6,No informado,60,7
gh-31780279220-0814T1000,2026-08-14T05:03:12-05:00,1000005-B,NA,(7) Grupo 7,Franqui Solis Cardenas Poloche,100,7
gh-31780279220-0814T1000,2026-08-14T05:03:12-05:00,1000005-B,NA,(8) Grupo 8,No informado,40,7
gh-31780279220-0814T1000,2026-08-14T05:03:12-05:00,1000005-B,NA,(9) Grupo 9,No informado,10,7
gh-31780279220-0814T1000,2026-08-14T05:03:14-05:00,2015943,CLASE TEORICA,(1) Grupo 1,Carlos Orlando Robles Roa,15,9
gh-31780279220-0814T1000,2026-08-14T05:03:16-05:00,2015944,CLASE TEORICA,(1) Grupo 1,SANTIAGO RAMIREZ ECHEVERRI,15,10
gh-31780279220-0814T1000,2026-08-14T05:03:17-05:00,2015711,NA,(10) 2015711-10 Dibujo básico,Ariel Augusto Amaya Avila,0,11
gh-31780279220-0814T1000,2026-08-14T05:03:17-05:00,2015711,NA,(11) 2015711-11 Dibujo básico,Cesar Augusto Bacca Gonzalez,0,11
gh-31780279220-0814T1000,2026-08-14T05:03:17-05:00,2015711,NA,(14) 2015711-14 Dibujo básico,Cristian Felipe Morales Suárez,0,11
gh-31780279220-0814T1000,2026-08-14T05:03:17-05:00,2015711,NA,(16) 2015711-16 Dibujo básico,DAVID FELIPE TORRES ARCE,0,11
gh-31780279220-0814T1000,2026-08-14T05:03:17-05:00,2015711,NA,(4) 2015711-4 Dibujo básico,Cristian Felipe Morales Suárez,9,11
gh-31780279220-0814T1000,2026-08-14T05:03:17-05:00,2015711,NA,(5) 2015711-5 Dibujo básico,Sebastian Achury Ortiz,0,11
gh-31780279220-0814T1000,2026-08-14T05:03:17-05:00,2015711,NA,(7) 2015711-7 Dibujo básico,Cesar Augusto Bacca Gonzalez,22,11
gh-31780279220-0814T1000,2026-08-14T05:03:17-05:00,2015711,NA,(8) 2015711-8 Dibujo básico,Miguel Angel Baquero Cortes,0,11
gh-31780279220-0814T1000,2026-08-14T05:03:17-05:00,2015711,NA,(9) 2015711-9 Dibujo básico,EDWIN CAMILO REINA BELTRAN,0,11
gh-31780279220-0814T1000,2026-08-14T05:03:18-05:00,2015948,CLASE TEORICA,(1) Grupo 1,No informado,30,12
gh-31780279220-0814T1000,2026-08-14T05:03:18-05:00,2015948,CLASE TEORICA,(2) Grupo 2,Mauricio Alberto Tapias Camacho,30,12
gh-31780279220-0814T1000,2026-08-14T05:03:18-05:00,2015948,CLASE TEORICA,(3) Grupo 3,No informado,30,12
gh-31780279220-0814T1000,2026-08-14T05:03:19-05:00,2015950,CLASE TEORICA,(1) Grupo 1,No informado,25,13
gh-31780279220-0814T1000,2026-08-14T05:03:19-05:00,2015950,CLASE TEORICA,(2) Grupo 2,No informado,0,13
gh-31780279220-0814T1000,2026-08-14T05:03:19-05:00,2015950,CLASE TEORICA,(3) Grupo 3,Daniel Ricardo Lozano Monsalve,25,13
gh-31780279220-0814T1000,2026-08-14T05:03:19-05:00,2015950,CLASE TEORICA,(4) Grupo 4,No informado,25,13
gh-31780279220-0814T1000,2026-08-14T05:03:19-05:00,2015950,CLASE TEORICA,(5) Grupo 5,No informado,25,13
gh-31780279220-0814T1000,2026-08-14T05:03:20-05:00,2015949,CLASE TEORICA,(1) Grupo 1,Mario Javier Cardozo Chaux,30,14
gh-31780279220-0814T1000,2026-08-14T05:03:20-05:00,2015949,CLASE TEORICA,(2) Grupo 2,Wilson Ernesto Vargas Vargas,30,14
gh-31780279220-0814T1000,2026-08-14T05:03:20-05:00,2015949,CLASE TEORICA,(3) Grupo 3,No informado,30,14
gh-31780279220-0814T1000,2026-08-14T05:03:21-05:00,1000007-B,NA,(1) Grupo 1,German Eduardo Fonseca Buitrago,60,15
gh-31780279220-0814T1000,2026-08-14T05:03:21-05:00,1000007-B,NA,(11) Grupo 11,Leonid Lebedev,60,15
gh-31780279220-0814T1000,2026-08-14T05:03:21-05:00,1000007-B,NA,(12) Grupo 12,No informado,60,15
gh-31780279220-0814T1000,2026-08-14T05:03:21-05:00,1000007-B,NA,(13) Grupo 13,Omar Duque Gomez,40,15
gh-31780279220-0814T1000,2026-08-14T05:03:21-05:00,1000007-B,NA,(14) Grupo 14,No informado,100,15
gh-31780279220-0814T1000,2026-08-14T05:03:21-05:00,1000007-B,NA,(3) Grupo 3,Serafin Bautista Diaz,40,15
gh-31780279220-0814T1000,2026-08-14T05:03:21-05:00,1000007-B,NA,(4) Grupo 4,EDIXON MANUEL ROJAS SANTANA,60,15
gh-31780279220-0814T1000,2026-08-14T05:03:21-05:00,1000007-B,NA,(6) Grupo 6,Alexander Caviedes Castro,50,15
gh-31780279220-0814T1000,2026-08-14T05:03:21-05:00,1000007-B,NA,(7) Grupo 7,Oscar Guillermo Riaño Castañeda,40,15
gh-31780279220-0814T1000,2026-08-14T05:03:21-05:00,1000007-B,NA,(9) Grupo 9,Orlando Vanegas Canro,0,15
gh-31780279220-0814T1000,2026-08-14T05:03:23-05:00,2026134,CLASE TEORICA,(1) Grupo 1,No informado,0,16
gh-31780279220-0814T1000,2026-08-14T05:03:23-05:00,2026134,CLASE TEORICA,(2) Grupo 2,Juan Manuel Lizarazo Marriaga,30,16
gh-31780279220-0814T1000,2026-08-14T05:03:23-05:00,2026134,CLASE TEORICA,(3) Grupo 3,Maritzabel Molina Herrera,30,16
gh-31780279220-0814T1000,2026-08-14T05:03:23-05:00,2026134,CLASE TEORICA,(4) Grupo 4,Carlos Ramiro Vallecilla Bahena,30,16
gh-31780279220-0814T1000,2026-08-14T05:03:23-05:00,2026134,CLASE TEORICA,(5) Grupo 5,Fernando Lozano Osorno,30,16
gh-31780279220-0814T1000,2026-08-14T05:03:23-05:00,2026134,CLASE TEORICA,(6) Grupo 6,No informado,30,16
gh-31780279220-0814T1000,2026-08-14T05:03:24-05:00,2015954,CLASE TEORICA,(1) Grupo 1,Erasmo Alfredo Rodriguez Sandoval,30,17
gh-31780279220-0814T1000,2026-08-14T05:03:24-05:00,2015954,CLASE TEORICA,(2) Grupo 2,Mario Enrique Moreno Castiblanco,30,17
gh-31780279220-0814T1000,2026-08-14T05:03:24-05:00,2015954,CLASE TEORICA,(3) Grupo 3,Luis Alejandro Morales Marin,30,17
gh-31780279220-0814T1000,2026-08-14T05:03:25-05:00,2015955,CLASE TEORICA,(1) Grupo 1,Giovanni Andres Cortes Tovar,30,18
gh-31780279220-0814T1000,2026-08-14T05:03:25-05:00,2015955,CLASE TEORICA,(2) Grupo 2,Angela Barrera Puerto,30,18
gh-31780279220-0814T1000,2026-08-14T05:03:25-05:00,2015955,CLASE TEORICA,(3) Grupo 3,Giovanni Andres Cortes Tovar,30,18
gh-31780279220-0814T1000,2026-08-14T05:03:26-05:00,1000011-B,CLASE TEORICA,(1) Grupo 1,Ernesto Javier Puertas Dellepianes,118,19
gh-31780279220-0814T1000,2026-08-14T05:03:26-05:00,1000011-B,CLASE TEORICA,(3) Grupo 3,Néstor Fernando Perez Buitrago,12,19
gh-31780279220-0814T1000,2026-08-14T05:03:29-05:00,1000019-B,CLASE LABORATORIO,(1) Grupo 1,Gustavo Martinez Tamayo,35,20
gh-31780279220-0814T1000,2026-08-14T05:03:29-05:00,1000019-B,CLASE LABORATORIO,(10) Grupo 10,LUIS AGULLES PEDROS,35,20
gh-31780279220-0814T1000,2026-08-14T05:03:29-05:00,1000019-B,CLASE LABORATORIO,(11) Grupo 11,EVER DAVID ALCALA CAJAR,35,20
gh-31780279220-0814T1000,2026-08-14T05:03:29-05:00,1000019-B,CLASE LABORATORIO,(12) Grupo 12,FABIAN FELIPE QUEVEDO FARIETA,35,20
gh-31780279220-0814T1000,2026-08-14T05:03:29-05:00,1000019-B,CLASE LABORATORIO,(13) Grupo 13,Alvaro Marino Camargo,35,20
gh-31780279220-0814T1000,2026-08-14T05:03:29-05:00,1000019-B,CLASE LABORATORIO,(14) Grupo 14,Alvaro Marino Camargo; Miryam Rincon Joya,35,20
gh-31780279220-0814T1000,2026-08-14T05:03:29-05:00,1000019-B,CLASE LABORATORIO,(15) Grupo 15,JULIAN MATEO DE MENDOZA GUTIERREZ,32,20
gh-31780279220-0814T1000,2026-08-14T05:03:29-05:00,1000019-B,CLASE LABORATORIO,(16) Grupo 16,Alvaro Marino Camargo; Doris Yaneth Cadavid Rodriguez,35,20
gh-31780279220-0814T1000,2026-08-14T05:03:29-05:00,1000019-B,CLASE LABORATORIO,(17) Grupo 17,JULIAN MATEO DE MENDOZA GUTIERREZ,34,20
gh-31780279220-0814T1000,2026-08-14T05:03:29-05:00,1000019-B,CLASE LABORATORIO,(18) Grupo 18,Jaime Villalobos Velasco,34,20
gh-31780279220-0814T1000,2026-08-14T05:03:29-05:00,1000019-B,CLASE LABORATORIO,(19) Grupo 19,JULY PAOLA GARZÓN LOPEZ,32,20
gh-31780279220-0814T1000,2026-08-14T05:03:29-05:00,1000019-B,CLASE LABORATORIO,(2) Grupo 2,Gustavo Martinez Tamayo,35,20
gh-31780279220-0814T1000,2026-08-14T05:03:29-05:00,1000019-B,CLASE LABORATORIO,(20) Grupo 20,JOSE ALFREDO GOMEZ MATEUS,35,20
gh-31780279220-0814T1000,2026-08-14T05:03:29-05:00,1000019-B,CLASE LABORATORIO,(21) Grupo 21,Pedro Hernan Sanchez Machet,35,20
gh-31780279220-0814T1000,2026-08-14T05:03:29-05:00,1000019-B,CLASE LABORATORIO,(22) Grupo 22,Pedro Hernan Sanchez Machet,35,20
gh-31780279220-0814T1000,2026-08-14T05:03:29-05:00,1000019-B,CLASE LABORATORIO,(23) Grupo 23,Pedro Hernan Sanchez Machet,35,20
gh-31780279220-0814T1000,2026-08-14T05:03:29-05:00,1000019-B,CLASE LABORATORIO,(24) Grupo 24,Pedro Hernan Sanchez Machet,35,20
gh-31780279220-0814T1000,2026-08-14T05:03:29-05:00,1000019-B,CLASE LABORATORIO,(25) Grupo 25,Plinio Del Carmen Teheran Sermeno,45,20
gh-31780279220-0814T1000,2026-08-14T05:03:29-05:00,1000019-B,CLASE LABORATORIO,(26) Grupo 26 (VIRTUAL),Plinio Del Carmen Teheran Sermeno,50,20
gh-31780279220-0814T1000,2026-08-14T05:03:29-05:00,1000019-B,CLASE LABORATORIO,(27) Grupo 27 (VIRTUAL),Plinio Del Carmen Teheran Sermeno,50,20
gh-31780279220-0814T1000,2026-08-14T05:03:29-05:00,1000019-B,CLASE LABORATORIO,(28) Grupo 28 (VIRTUAL),Plinio Del Carmen Teheran Sermeno,50,20
gh-31780279220-0814T1000,2026-08-14T05:03:29-05:00,1000019-B,CLASE LABORATORIO,(29) Grupo 29 (VIRTUAL),Plinio Del Carmen Teheran Sermeno,50,20
gh-31780279220-0814T1000,2026-08-14T05:03:29-05:00,1000019-B,CLASE LABORATORIO,(3) Grupo 3,Gustavo Martinez Tamayo,35,20
gh-31780279220-0814T1000,2026-08-14T05:03:29-05:00,1000019-B,CLASE LABORATORIO,(4) Grupo 4,No informado,35,20
gh-31780279220-0814T1000,2026-08-14T05:03:29-05:00,1000019-B,CLASE LABORATORIO,(5) Grupo 5,FABIAN FELIPE QUEVEDO FARIETA,35,20
gh-31780279220-0814T1000,2026-08-14T05:03:29-05:00,1000019-B,CLASE LABORATORIO,(6) Grupo 6,Jaime Villalobos Velasco,35,20
gh-31780279220-0814T1000,2026-08-14T05:03:29-05:00,1000019-B,CLASE LABORATORIO,(7) Grupo 7,Jaime Villalobos Velasco,35,20
gh-31780279220-0814T1000,2026-08-14T05:03:29-05:00,1000019-B,CLASE LABORATORIO,(8) Grupo 8,Alvaro Marino Camargo,35,20
gh-31780279220-0814T1000,2026-08-14T05:03:29-05:00,1000019-B,CLASE LABORATORIO,(9) Grupo 9,Erika Lorena Rosero Alzate,0,20
gh-31780279220-0814T1000,2026-08-14T05:03:29-05:00,1000019-B,CLASE TALLER,(1) Grupo 1,FABIAN FELIPE QUEVEDO FARIETA,35,20
gh-31780279220-0814T1000,2026-08-14T05:03:29-05:00,1000019-B,CLASE TALLER,(10) Grupo 10,FABIAN FELIPE QUEVEDO FARIETA,35,20
gh-31780279220-0814T1000,2026-08-14T05:03:29-05:00,1000019-B,CLASE TALLER,(11) Grupo 11,JULIAN MATEO DE MENDOZA GUTIERREZ,35,20
gh-31780279220-0814T1000,2026-08-14T05:03:29-05:00,1000019-B,CLASE TALLER,(12) Grupo 12,EVER DAVID ALCALA CAJAR,35,20
gh-31780279220-0814T1000,2026-08-14T05:03:29-05:00,1000019-B,CLASE TALLER,(13) Grupo 13,MIGUEL ENRIQUE GÁMEZ LÓPEZ,35,20
gh-31780279220-0814T1000,2026-08-14T05:03:29-05:00,1000019-B,CLASE TALLER,(14) Grupo 14,No informado,35,20
gh-31780279220-0814T1000,2026-08-14T05:03:29-05:00,1000019-B,CLASE TALLER,(15) Grupo 15,EVER DAVID ALCALA CAJAR,32,20
gh-31780279220-0814T1000,2026-08-14T05:03:29-05:00,1000019-B,CLASE TALLER,(16) Grupo 16,Edna Carolina Pinilla Beltran,35,20
gh-31780279220-0814T1000,2026-08-14T05:03:29-05:00,1000019-B,CLASE TALLER,(17) Grupo 17,Jereson Silva Valencia,34,20
gh-31780279220-0814T1000,2026-08-14T05:03:29-05:00,1000019-B,CLASE TALLER,(18) Grupo 18,Jereson Silva Valencia,34,20
gh-31780279220-0814T1000,2026-08-14T05:03:29-05:00,1000019-B,CLASE TALLER,(19) Grupo 19,Jereson Silva Valencia,32,20
gh-31780279220-0814T1000,2026-08-14T05:03:29-05:00,1000019-B,CLASE TALLER,(2) Grupo 2,Gustavo Martinez Tamayo,35,20
gh-31780279220-0814T1000,2026-08-14T05:03:29-05:00,1000019-B,CLASE TALLER,(20) Grupo 20,Jereson Silva Valencia,35,20
gh-31780279220-0814T1000,2026-08-14T05:03:29-05:00,1000019-B,CLASE TALLER,(21) Grupo 21,JOSE ALFREDO GOMEZ MATEUS,35,20
gh-31780279220-0814T1000,2026-08-14T05:03:29-05:00,1000019-B,CLASE TALLER,(22) Grupo 22,JULY PAOLA GARZÓN LOPEZ,35,20
gh-31780279220-0814T1000,2026-08-14T05:03:29-05:00,1000019-B,CLASE TALLER,(23) Grupo 23,Edna Carolina Pinilla Beltran,35,20
gh-31780279220-0814T1000,2026-08-14T05:03:29-05:00,1000019-B,CLASE TALLER,(24) Grupo 24,Diego Alejandro Torres Galindo,35,20
gh-31780279220-0814T1000,2026-08-14T05:03:29-05:00,1000019-B,CLASE TALLER,(25) Grupo 25,Plinio Del Carmen Teheran Sermeno,45,20
gh-31780279220-0814T1000,2026-08-14T05:03:29-05:00,1000019-B,CLASE TALLER,(26) Grupo 26 (VIRTUAL),Plinio Del Carmen Teheran Sermeno,50,20
gh-31780279220-0814T1000,2026-08-14T05:03:29-05:00,1000019-B,CLASE TALLER,(27) Grupo 27 (VIRTUAL),Plinio Del Carmen Teheran Sermeno,50,20
gh-31780279220-0814T1000,2026-08-14T05:03:29-05:00,1000019-B,CLASE TALLER,(28) Grupo 28 (VIRTUAL),Plinio Del Carmen Teheran Sermeno,50,20
gh-31780279220-0814T1000,2026-08-14T05:03:29-05:00,1000019-B,CLASE TALLER,(29) Grupo 29 (VIRTUAL),Plinio Del Carmen Teheran Sermeno,50,20
gh-31780279220-0814T1000,2026-08-14T05:03:29-05:00,1000019-B,CLASE TALLER,(3) Grupo 3,Gustavo Martinez Tamayo,35,20
gh-31780279220-0814T1000,2026-08-14T05:03:29-05:00,1000019-B,CLASE TALLER,(4) Grupo 4,Jaime Villalobos Velasco,35,20
gh-31780279220-0814T1000,2026-08-14T05:03:29-05:00,1000019-B,CLASE TALLER,(5) Grupo 5,Jaime Villalobos Velasco,35,20
gh-31780279220-0814T1000,2026-08-14T05:03:29-05:00,1000019-B,CLASE TALLER,(6) Grupo 6,Ramiro Cardona Cardona,35,20
gh-31780279220-0814T1000,2026-08-14T05:03:29-05:00,1000019-B,CLASE TALLER,(7) Grupo 7,Ramiro Cardona Cardona,35,20
gh-31780279220-0814T1000,2026-08-14T05:03:29-05:00,1000019-B,CLASE TALLER,(8) Grupo 8,Edna Carolina Pinilla Beltran,35,20
gh-31780279220-0814T1000,2026-08-14T05:03:29-05:00,1000019-B,CLASE TALLER,(9) Grupo 9,No informado,10,20
gh-31780279220-0814T1000,2026-08-14T05:03:29-05:00,1000019-B,CLASE MAGISTRAL,(16) Gruop 16,Erika Lorena Rosero Alzate; Daniel Camilo Padilla González,8,20
gh-31780279220-0814T1000,2026-08-14T05:03:29-05:00,1000019-B,CLASE MAGISTRAL,(1) Grupo 1,Gustavo Martinez Tamayo,35,20
gh-31780279220-0814T1000,2026-08-14T05:03:29-05:00,1000019-B,CLASE MAGISTRAL,(10) Grupo 10,Ovidio Amado Almanza Montero,35,20
gh-31780279220-0814T1000,2026-08-14T05:03:29-05:00,1000019-B,CLASE MAGISTRAL,(11) Grupo 11,Ovidio Amado Almanza Montero,35,20
gh-31780279220-0814T1000,2026-08-14T05:03:29-05:00,1000019-B,CLASE MAGISTRAL,(12) Grupo 12,Ovidio Amado Almanza Montero,35,20
gh-31780279220-0814T1000,2026-08-14T05:03:29-05:00,1000019-B,CLASE MAGISTRAL,(13) Grupo 13,Jaime Villalobos Velasco,35,20
gh-31780279220-0814T1000,2026-08-14T05:03:29-05:00,1000019-B,CLASE MAGISTRAL,(14) Grupo 14,Jaime Villalobos Velasco,35,20
gh-31780279220-0814T1000,2026-08-14T05:03:29-05:00,1000019-B,CLASE MAGISTRAL,(15) Grupo 15,Jaime Villalobos Velasco,32,20
gh-31780279220-0814T1000,2026-08-14T05:03:29-05:00,1000019-B,CLASE MAGISTRAL,(17) Grupo 17,Jereson Silva Valencia,34,20
gh-31780279220-0814T1000,2026-08-14T05:03:29-05:00,1000019-B,CLASE MAGISTRAL,(18) Grupo 18,Jereson Silva Valencia,34,20
gh-31780279220-0814T1000,2026-08-14T05:03:29-05:00,1000019-B,CLASE MAGISTRAL,(19) Grupo 19,Jereson Silva Valencia,32,20
gh-31780279220-0814T1000,2026-08-14T05:03:29-05:00,1000019-B,CLASE MAGISTRAL,(2) Grupo 2,Gustavo Martinez Tamayo,35,20
gh-31780279220-0814T1000,2026-08-14T05:03:29-05:00,1000019-B,CLASE MAGISTRAL,(20) Grupo 20,Jereson Silva Valencia,35,20
gh-31780279220-0814T1000,2026-08-14T05:03:29-05:00,1000019-B,CLASE MAGISTRAL,(21) Grupo 21,Diego Alejandro Torres Galindo,35,20
gh-31780279220-0814T1000,2026-08-14T05:03:29-05:00,1000019-B,CLASE MAGISTRAL,(22) Grupo 22,Diego Alejandro Torres Galindo,35,20
gh-31780279220-0814T1000,2026-08-14T05:03:29-05:00,1000019-B,CLASE MAGISTRAL,(23) Grupo 23,Diego Alejandro Torres Galindo,35,20
gh-31780279220-0814T1000,2026-08-14T05:03:29-05:00,1000019-B,CLASE MAGISTRAL,(24) Grupo 24,Diego Alejandro Torres Galindo,35,20
gh-31780279220-0814T1000,2026-08-14T05:03:29-05:00,1000019-B,CLASE MAGISTRAL,(25) Grupo 25,Plinio Del Carmen Teheran Sermeno,45,20
gh-31780279220-0814T1000,2026-08-14T05:03:29-05:00,1000019-B,CLASE MAGISTRAL,(26) Grupo 26 (VIRTUAL),Plinio Del Carmen Teheran Sermeno,50,20
gh-31780279220-0814T1000,2026-08-14T05:03:29-05:00,1000019-B,CLASE MAGISTRAL,(27) Grupo 27 (VIRTUAL),Plinio Del Carmen Teheran Sermeno,50,20
gh-31780279220-0814T1000,2026-08-14T05:03:29-05:00,1000019-B,CLASE MAGISTRAL,(28) Grupo 28 (VIRTUAL),Plinio Del Carmen Teheran Sermeno,50,20
gh-31780279220-0814T1000,2026-08-14T05:03:29-05:00,1000019-B,CLASE MAGISTRAL,(29) Grupo 29 (VIRTUAL),Plinio Del Carmen Teheran Sermeno,50,20
gh-31780279220-0814T1000,2026-08-14T05:03:29-05:00,1000019-B,CLASE MAGISTRAL,(3) Grupo 3,Gustavo Martinez Tamayo,35,20
gh-31780279220-0814T1000,2026-08-14T05:03:29-05:00,1000019-B,CLASE MAGISTRAL,(4) Grupo 4,Gustavo Martinez Tamayo,35,20
gh-31780279220-0814T1000,2026-08-14T05:03:29-05:00,1000019-B,CLASE MAGISTRAL,(5) Grupo 5,Ramiro Cardona Cardona,35,20
gh-31780279220-0814T1000,2026-08-14T05:03:29-05:00,1000019-B,CLASE MAGISTRAL,(6) Grupo 6,Ramiro Cardona Cardona,35,20
gh-31780279220-0814T1000,2026-08-14T05:03:29-05:00,1000019-B,CLASE MAGISTRAL,(7) Grupo 7,Ramiro Cardona Cardona,35,20
gh-31780279220-0814T1000,2026-08-14T05:03:29-05:00,1000019-B,CLASE MAGISTRAL,(8) Grupo 8,Ramiro Cardona Cardona,35,20
gh-31780279220-0814T1000,2026-08-14T05:03:29-05:00,1000019-B,CLASE MAGISTRAL,(9) Grupo 9,Fredy Angel Jimenez Giraldo,10,20
gh-31780279220-0814T1000,2026-08-14T05:03:30-05:00,2015956,CLASE TEORICA,(1) Grupo 1,Modesto Portilla Gamboa; Fernando Eli Romero Ordoñez,35,21
gh-31780279220-0814T1000,2026-08-14T05:03:30-05:00,2015956,CLASE TEORICA,(2) Grupo 2,Jennifer Angel Amaya,30,21
gh-31780279220-0814T1000,2026-08-14T05:03:30-05:00,2015956,CLASE TEORICA,(3) Grupo 3,Jennifer Angel Amaya,30,21
gh-31780279220-0814T1000,2026-08-14T05:03:30-05:00,2015956,CLASE TEORICA,(4) Grupo 4,Fernando Eli Romero Ordoñez; Modesto Portilla Gamboa,35,21
gh-31780279220-0814T1000,2026-08-14T05:03:32-05:00,2015957,CLASE PRACTICA,(1) Grupo 1,No informado,30,22
gh-31780279220-0814T1000,2026-08-14T05:03:32-05:00,2015957,CLASE PRACTICA,(2) Grupo 2,Samuel Fernando Mesa Giraldo,30,22
gh-31780279220-0814T1000,2026-08-14T05:03:32-05:00,2015957,CLASE PRACTICA,(3) Grupo 3,Rose Marie Aldana Boutin,30,22
gh-31780279220-0814T1000,2026-08-14T05:03:32-05:00,2015957,CLASE PRACTICA,(4) Grupo 4,Rose Marie Aldana Boutin,30,22
gh-31780279220-0814T1000,2026-08-14T05:03:33-05:00,2015958,CLASE PRACTICA,(1) Grupo 1,William Castro Garcia,20,23
gh-31780279220-0814T1000,2026-08-14T05:03:33-05:00,2015958,CLASE PRACTICA,(2) Grupo 2,William Castro Garcia,20,23
gh-31780279220-0814T1000,2026-08-14T05:03:33-05:00,2015958,CLASE PRACTICA,(3) Grupo 3,Carlos Alfonso Gomez Guacaneme,30,23
gh-31780279220-0814T1000,2026-08-14T05:03:33-05:00,2015958,CLASE PRACTICA,(4) Grupo 4,Mario Arturo Rincon Villalba,20,23
gh-31780279220-0814T1000,2026-08-14T05:03:33-05:00,2015958,CLASE PRACTICA,(5) Grupo 5,Mario Arturo Rincon Villalba,20,23
gh-31780279220-0814T1000,2026-08-14T05:03:33-05:00,2015958,CLASE PRACTICA,(6) Grupo 6,Fausto Alejandro Silva España,20,23
gh-31780279220-0814T1000,2026-08-14T05:03:33-05:00,2015958,CLASE PRACTICA,(7) Grupo 7,Fausto Alejandro Silva España,20,23
gh-31780279220-0814T1000,2026-08-14T05:03:33-05:00,2015958,CLASE PRACTICA,(8) Grupo 8,Fausto Alejandro Silva España,20,23
gh-31780279220-0814T1000,2026-08-14T05:03:33-05:00,2015958,CLASE PRACTICA,(9) Grupo 9,Fausto Alejandro Silva España,20,23
gh-31780279220-0814T1000,2026-08-14T05:03:33-05:00,2015958,CLASE TEORICA,(1) Grupo 1,William Castro Garcia,40,23
gh-31780279220-0814T1000,2026-08-14T05:03:33-05:00,2015958,CLASE TEORICA,(3) Grupo 3,Carlos Alfonso Gomez Guacaneme,30,23
gh-31780279220-0814T1000,2026-08-14T05:03:33-05:00,2015958,CLASE TEORICA,(4) Grupo 4,Mario Arturo Rincon Villalba,40,23
gh-31780279220-0814T1000,2026-08-14T05:03:33-05:00,2015958,CLASE TEORICA,(6) Grupo 6,Cesar Andres Cortes Bello,40,23
gh-31780279220-0814T1000,2026-08-14T05:03:33-05:00,2015958,CLASE TEORICA,(8) Grupo 8,Cesar Andres Cortes Bello,40,23
gh-31780279220-0814T1000,2026-08-14T05:03:34-05:00,2015959,CLASE TEORICA,(1) Grupo 1,Carlos Eduardo Rodriguez Pineda,30,24
gh-31780279220-0814T1000,2026-08-14T05:03:34-05:00,2015959,CLASE TEORICA,(2) Grupo 2,Guillermo Eduardo Avila Alvarez,30,24
gh-31780279220-0814T1000,2026-08-14T05:03:34-05:00,2015959,CLASE TEORICA,(3) Grupo 3,Livaniel Viveros Rosero,30,24
gh-31780279220-0814T1000,2026-08-14T05:03:34-05:00,2015959,CLASE TEORICA,(4) Grupo 4,No informado,0,24
gh-31780279220-0814T1000,2026-08-14T05:03:36-05:00,2015961,CLASE TEORICA,(1) Grupo 1,Rafael Orland Ortiz Mosquera,24,26
gh-31780279220-0814T1000,2026-08-14T05:03:36-05:00,2015961,CLASE TEORICA,(2) Grupo 2,Adriana Patricia Piña Fulano,24,26
gh-31780279220-0814T1000,2026-08-14T05:03:36-05:00,2015961,CLASE TEORICA,(3) Grupo 3,Gelber Norberto Gutierrez Palacios,24,26
gh-31780279220-0814T1000,2026-08-14T05:03:36-05:00,2015961,CLASE TEORICA,(4) Grupo 4,No informado,24,26
gh-31780279220-0814T1000,2026-08-14T05:03:36-05:00,2015961,CLASE TEORICA,(5) Grupo 5,No informado,24,26
gh-31780279220-0814T1000,2026-08-14T05:03:36-05:00,2015961,CLASE TEORICA,(6) Grupo 6,Leonardo David Donado Garzon,24,26
gh-31780279220-0814T1000,2026-08-14T05:03:38-05:00,2015978,CLASE TEORICA,(1) Grupo 1,No informado,0,27
gh-31780279220-0814T1000,2026-08-14T05:03:38-05:00,2015978,CLASE TEORICA,(2) Grupo 2,Erasmo Alfredo Rodriguez Sandoval,30,27
gh-31780279220-0814T1000,2026-08-14T05:03:38-05:00,2015978,CLASE TEORICA,(3) Grupo 3,No informado,30,27
gh-31780279220-0814T1000,2026-08-14T05:03:38-05:00,2015978,CLASE TEORICA,(4) Grupo 4,No informado,30,27
gh-31780279220-0814T1000,2026-08-14T05:03:38-05:00,2015978,CLASE TEORICA,(5) Grupo 5,No informado,30,27
gh-31780279220-0814T1000,2026-08-14T05:03:39-05:00,2026135,CLASE TEORICA,(1) Grupo 1,NICOLAS ESCALANTE MORA,25,28
gh-31780279220-0814T1000,2026-08-14T05:03:39-05:00,2026135,CLASE TEORICA,(2) Grupo 2,Leonel Vega Mora,25,28
gh-31780279220-0814T1000,2026-08-14T05:03:39-05:00,2026135,CLASE TEORICA,(3) Grupo 3,Leonel Vega Mora,25,28
gh-31780279220-0814T1000,2026-08-14T05:03:40-05:00,2015963,CLASE TEORICA,(1) Grupo 1,No informado,30,29
gh-31780279220-0814T1000,2026-08-14T05:03:40-05:00,2015963,CLASE TEORICA,(2) Grupo 2,No informado,30,29
gh-31780279220-0814T1000,2026-08-14T05:03:40-05:00,2015963,CLASE TEORICA,(3) Grupo 3,William Castro Garcia,30,29
gh-31780279220-0814T1000,2026-08-14T05:03:41-05:00,2026138,CLASE TEORICA,(1) Grupo 1,Ivan Dario Serrano Arrieta,30,30
gh-31780279220-0814T1000,2026-08-14T05:03:41-05:00,2026138,CLASE TEORICA,(2) Grupo 2,Ivan Dario Serrano Arrieta,30,30
gh-31780279220-0814T1000,2026-08-14T05:03:41-05:00,2026138,CLASE TEORICA,(3) Grupo 3,Pedro Luis Jimenez Poveda,30,30
gh-31780279220-0814T1000,2026-08-14T05:03:43-05:00,2015703,NA,(1) Grupo 1,Angela Maria Arboleda Restrepo,40,31
gh-31780279220-0814T1000,2026-08-14T05:03:43-05:00,2015703,NA,(10) Grupo 10,Diego Alejandro Hernandez Castañeda,30,31
gh-31780279220-0814T1000,2026-08-14T05:03:43-05:00,2015703,NA,(11) Grupo 11,Julio Cesar Cañon Rodriguez,30,31
gh-31780279220-0814T1000,2026-08-14T05:03:43-05:00,2015703,NA,(2) Grupo 2,Osman Benjamin Giovanny Vargas Rozo,40,31
gh-31780279220-0814T1000,2026-08-14T05:03:43-05:00,2015703,NA,(3) Grupo 3,Hugo Alberto Herrera Fonseca,40,31
gh-31780279220-0814T1000,2026-08-14T05:03:43-05:00,2015703,NA,(4) Grupo 4,LINA JULIANA BULLA CASAS,30,31
gh-31780279220-0814T1000,2026-08-14T05:03:43-05:00,2015703,NA,(5) Grupo 5 - Virtual,Cesar Augusto Roa Lemus,60,31
gh-31780279220-0814T1000,2026-08-14T05:03:43-05:00,2015703,NA,(6) Grupo 6,JAVIER RICARDO OJEDA SANCHEZ,40,31
gh-31780279220-0814T1000,2026-08-14T05:03:43-05:00,2015703,NA,(7) Grupo 7,JAVIER RICARDO OJEDA SANCHEZ,20,31
gh-31780279220-0814T1000,2026-08-14T05:03:43-05:00,2015703,NA,(8) Grupo 8,Diego Alejandro Hernandez Castañeda,40,31
gh-31780279220-0814T1000,2026-08-14T05:03:43-05:00,2015703,NA,(9) Grupo 9,LINA JULIANA BULLA CASAS,35,31
gh-31780279220-0814T1000,2026-08-14T05:03:45-05:00,1000044-B,CLASE TEORICA,(1) Grupo 1,Beatriz Elena Urrutia Sanchez,26,32
gh-31780279220-0814T1000,2026-08-14T05:03:45-05:00,1000044-B,CLASE TEORICA,(2) Grupo 2,Yaneli Niño Osorio,26,32
gh-31780279220-0814T1000,2026-08-14T05:03:45-05:00,1000044-B,CLASE TEORICA,(3) Grupo 3,Luis Gabriel Peña Ortiz,26,32
gh-31780279220-0814T1000,2026-08-14T05:03:45-05:00,1000044-B,CLASE TEORICA,(4) Grupo 4,Liliana Marcela Guzman Aricapa,26,32
gh-31780279220-0814T1000,2026-08-14T05:03:45-05:00,1000044-B,CLASE TEORICA,(5) Grupo 5,Beatriz Elena Urrutia Sanchez,26,32
gh-31780279220-0814T1000,2026-08-14T05:03:45-05:00,1000044-B,CLASE TEORICA,(6) Grupo 6,Cesar Augusto Romero,26,32
gh-31780279220-0814T1000,2026-08-14T05:03:45-05:00,1000044-B,CLASE TEORICA,(7) Grupo 7,JOSE JONATHAN MAESTRE HERRERA,26,32
gh-31780279220-0814T1000,2026-08-14T05:03:45-05:00,1000044-B,CLASE TEORICA,(8) Grupo 8,Beymar Leonardo Solorzano Alviz,26,32
gh-31780279220-0814T1000,2026-08-14T05:03:45-05:00,1000044-B,CLASE TEORICA,(9) Grupo 9,Claudia Marcela Arevalo Gomez,7,32
gh-31780279220-0814T1000,2026-08-14T05:03:46-05:00,1000045-B,CLASE TEORICA,(1) Grupo 1,Claudia Marcela Arevalo Gomez,10,33
gh-31780279220-0814T1000,2026-08-14T05:03:46-05:00,1000045-B,CLASE TEORICA,(10) Grupo 10,Jesica paola Rendon Alfonso,26,33
gh-31780279220-0814T1000,2026-08-14T05:03:46-05:00,1000045-B,CLASE TEORICA,(11) Grupo 11,JOSE JONATHAN MAESTRE HERRERA,26,33
gh-31780279220-0814T1000,2026-08-14T05:03:46-05:00,1000045-B,CLASE TEORICA,(12) Grupo 12,LINDA JOHANA RUIZ GOMEZ,26,33
gh-31780279220-0814T1000,2026-08-14T05:03:46-05:00,1000045-B,CLASE TEORICA,(13) Grupo 13,Narly Yadira Pardo Cadena,26,33
gh-31780279220-0814T1000,2026-08-14T05:03:46-05:00,1000045-B,CLASE TEORICA,(14) Grupo 14,Angelica Saenz Fonseca,26,33
gh-31780279220-0814T1000,2026-08-14T05:03:46-05:00,1000045-B,CLASE TEORICA,(15) Grupo 15,Narly Yadira Pardo Cadena,26,33
gh-31780279220-0814T1000,2026-08-14T05:03:46-05:00,1000045-B,CLASE TEORICA,(16) Grupo 16,Luis Gabriel Peña Ortiz,26,33
gh-31780279220-0814T1000,2026-08-14T05:03:46-05:00,1000045-B,CLASE TEORICA,(2) Grupo 2,Cesar Augusto Romero,26,33
gh-31780279220-0814T1000,2026-08-14T05:03:46-05:00,1000045-B,CLASE TEORICA,(3) Grupo 3,Jesica paola Rendon Alfonso,26,33
gh-31780279220-0814T1000,2026-08-14T05:03:46-05:00,1000045-B,CLASE TEORICA,(4) Grupo 4,Adriana Marlen Sanchez Riaño,26,33
gh-31780279220-0814T1000,2026-08-14T05:03:46-05:00,1000045-B,CLASE TEORICA,(5) Grupo 5,Cesar Augusto Romero,26,33
gh-31780279220-0814T1000,2026-08-14T05:03:46-05:00,1000045-B,CLASE TEORICA,(6) Grupo 6,Sara Elisa Monsalve Patino,26,33
gh-31780279220-0814T1000,2026-08-14T05:03:46-05:00,1000045-B,CLASE TEORICA,(7) Grupo 7,Luis Gabriel Peña Ortiz,26,33
gh-31780279220-0814T1000,2026-08-14T05:03:46-05:00,1000045-B,CLASE TEORICA,(8) Grupo 8,Johnatan Martinez Hernandez,26,33
gh-31780279220-0814T1000,2026-08-14T05:03:46-05:00,1000045-B,CLASE TEORICA,(9) Grupo 9,Maureen Elizabeth Hooker Oneill,15,33
gh-31780279220-0814T1000,2026-08-14T05:03:49-05:00,1000046-B,CLASE TEORICA,(1) Grupo 1,Johnatan Martinez Hernandez,26,35
gh-31780279220-0814T1000,2026-08-14T05:03:49-05:00,1000046-B,CLASE TEORICA,(10) Grupo 10,Jennly Angelica Gomez Rodriguez,26,35
gh-31780279220-0814T1000,2026-08-14T05:03:49-05:00,1000046-B,CLASE TEORICA,(11) Grupo 11,Angelica Saenz Fonseca,26,35
gh-31780279220-0814T1000,2026-08-14T05:03:49-05:00,1000046-B,CLASE TEORICA,(12) Grupo 12,Liliana Marcela Guzman Aricapa,26,35
gh-31780279220-0814T1000,2026-08-14T05:03:49-05:00,1000046-B,CLASE TEORICA,(13) Grupo 13,ALBA LUCIA RIAÑO RODRIGUEZ,26,35
gh-31780279220-0814T1000,2026-08-14T05:03:49-05:00,1000046-B,CLASE TEORICA,(14) Grupo 14,Angelica Saenz Fonseca,26,35
gh-31780279220-0814T1000,2026-08-14T05:03:49-05:00,1000046-B,CLASE TEORICA,(15) Grupo 15,Luis Gabriel Peña Ortiz,26,35
gh-31780279220-0814T1000,2026-08-14T05:03:49-05:00,1000046-B,CLASE TEORICA,(16) Grupo 16,Olga Lucia Ruiz Convers,26,35
gh-31780279220-0814T1000,2026-08-14T05:03:49-05:00,1000046-B,CLASE TEORICA,(17) Grupo 17,Luis Gabriel Peña Ortiz,26,35
gh-31780279220-0814T1000,2026-08-14T05:03:49-05:00,1000046-B,CLASE TEORICA,(18) Grupo 18,Narly Yadira Pardo Cadena,26,35
gh-31780279220-0814T1000,2026-08-14T05:03:49-05:00,1000046-B,CLASE TEORICA,(2) Grupo 2,Jesica paola Rendon Alfonso,26,35
gh-31780279220-0814T1000,2026-08-14T05:03:49-05:00,1000046-B,CLASE TEORICA,(3) Grupo 3,JESUS DAVID TORRES RODRIGUEZ,26,35
gh-31780279220-0814T1000,2026-08-14T05:03:49-05:00,1000046-B,CLASE TEORICA,(4) Grupo 4,Claudia Patricia Cortes Lora,26,35
gh-31780279220-0814T1000,2026-08-14T05:03:49-05:00,1000046-B,CLASE TEORICA,(5) Grupo 5,Johnatan Martinez Hernandez,26,35
gh-31780279220-0814T1000,2026-08-14T05:03:49-05:00,1000046-B,CLASE TEORICA,(6) Grupo 6,Johnatan Martinez Hernandez,26,35
gh-31780279220-0814T1000,2026-08-14T05:03:49-05:00,1000046-B,CLASE TEORICA,(7) Grupo 7,Jesica paola Rendon Alfonso,26,35
gh-31780279220-0814T1000,2026-08-14T05:03:49-05:00,1000046-B,CLASE TEORICA,(8) Grupo 8,Beatriz Elena Urrutia Sanchez,26,35
gh-31780279220-0814T1000,2026-08-14T05:03:49-05:00,1000046-B,CLASE TEORICA,(9) Grupo 9,Maureen Elizabeth Hooker Oneill,10,35
gh-31780279220-0814T1000,2026-08-14T05:03:51-05:00,1000052-B,CLASE TEORICA,(1) Grupo 1,Liliana Marcela Guzman Aricapa,28,37
gh-31780279220-0814T1000,2026-08-14T05:03:51-05:00,1000052-B,CLASE TEORICA,(2) Grupo 2,JOSE JONATHAN MAESTRE HERRERA,28,37
gh-31780279220-0814T1000,2026-08-14T05:03:51-05:00,1000052-B,CLASE TEORICA,(3) Grupo 3,Aida Elena Monsalve Solorzano,28,37
gh-31780279220-0814T1000,2026-08-14T05:03:53-05:00,1000053-B,CLASE TEORICA,(1) Grupo 1,Jennly Angelica Gomez Rodriguez,28,38
gh-31780279220-0814T1000,2026-08-14T05:03:53-05:00,1000053-B,CLASE TEORICA,(2) Grupo 2,Yaneli Niño Osorio,28,38
gh-31780279220-0814T1000,2026-08-14T05:03:53-05:00,1000053-B,CLASE TEORICA,(3) Grupo 3,Javier Rodriguez Gomez,30,38
gh-31780279220-0814T1000,2026-08-14T05:03:53-05:00,1000053-B,CLASE TEORICA,(4) Grupo 4,Javier Rodriguez Gomez,30,38
gh-31780279220-0814T1000,2026-08-14T05:03:53-05:00,1000053-B,CLASE TEORICA,(5) Grupo 5,LINDA JOHANA RUIZ GOMEZ,28,38
gh-31780279220-0814T1000,2026-08-14T05:03:53-05:00,1000053-B,CLASE TEORICA,(6) Grupo 6,Olga Lucia Ruiz Convers,28,38
gh-31780279220-0814T1000,2026-08-14T05:03:54-05:00,1000047-B,CLASE TEORICA,(1) Grupo 1,Cesar Augusto Romero,26,39
gh-31780279220-0814T1000,2026-08-14T05:03:54-05:00,1000047-B,CLASE TEORICA,(10) Grupo 10,Monica Alexandra Riaño Orjuela,26,39
gh-31780279220-0814T1000,2026-08-14T05:03:54-05:00,1000047-B,CLASE TEORICA,(11) Grupo 11,Jennly Angelica Gomez Rodriguez,26,39
gh-31780279220-0814T1000,2026-08-14T05:03:54-05:00,1000047-B,CLASE TEORICA,(12) Grupo 12,Claudia Patricia Cortes Lora,26,39
gh-31780279220-0814T1000,2026-08-14T05:03:54-05:00,1000047-B,CLASE TEORICA,(13) Grupo 13,Angelica Saenz Fonseca,26,39
gh-31780279220-0814T1000,2026-08-14T05:03:54-05:00,1000047-B,CLASE TEORICA,(14) Grupo 14,LINDA JOHANA RUIZ GOMEZ,26,39
gh-31780279220-0814T1000,2026-08-14T05:03:54-05:00,1000047-B,CLASE TEORICA,(15) Grupo 15,Claudia Patricia Cortes Lora,26,39
gh-31780279220-0814T1000,2026-08-14T05:03:54-05:00,1000047-B,CLASE TEORICA,(16) Grupo 16,Narly Yadira Pardo Cadena,26,39
gh-31780279220-0814T1000,2026-08-14T05:03:54-05:00,1000047-B,CLASE TEORICA,(17) Grupo 17,Angelica Saenz Fonseca,26,39
gh-31780279220-0814T1000,2026-08-14T05:03:54-05:00,1000047-B,CLASE TEORICA,(18) Grupo 18,ALBA LUCIA RIAÑO RODRIGUEZ,26,39
gh-31780279220-0814T1000,2026-08-14T05:03:54-05:00,1000047-B,CLASE TEORICA,(19) Grupo 19,Aida Elena Monsalve Solorzano,26,39
gh-31780279220-0814T1000,2026-08-14T05:03:54-05:00,1000047-B,CLASE TEORICA,(2) Grupo 2,Yaneli Niño Osorio,26,39
gh-31780279220-0814T1000,2026-08-14T05:03:54-05:00,1000047-B,CLASE TEORICA,(20) Grupo 20,ALBA LUCIA RIAÑO RODRIGUEZ,26,39
gh-31780279220-0814T1000,2026-08-14T05:03:54-05:00,1000047-B,CLASE TEORICA,(21) Grupo 21,Edwin Yesid Leon Silva,26,39
gh-31780279220-0814T1000,2026-08-14T05:03:54-05:00,1000047-B,CLASE TEORICA,(22) Grupo 22,LINDA JOHANA RUIZ GOMEZ,26,39
gh-31780279220-0814T1000,2026-08-14T05:03:54-05:00,1000047-B,CLASE TEORICA,(3) Grupo 3,Monica Alexandra Riaño Orjuela,26,39
gh-31780279220-0814T1000,2026-08-14T05:03:54-05:00,1000047-B,CLASE TEORICA,(4) Grupo 4,Claudia Patricia Cortes Lora,26,39
gh-31780279220-0814T1000,2026-08-14T05:03:54-05:00,1000047-B,CLASE TEORICA,(5) Grupo 5,Olga Lucia Ruiz Convers,26,39
gh-31780279220-0814T1000,2026-08-14T05:03:54-05:00,1000047-B,CLASE TEORICA,(6) Grupo 6,Monica Alexandra Riaño Orjuela,26,39
gh-31780279220-0814T1000,2026-08-14T05:03:54-05:00,1000047-B,CLASE TEORICA,(7) Grupo 7,Cesar Augusto Romero,26,39
gh-31780279220-0814T1000,2026-08-14T05:03:54-05:00,1000047-B,CLASE TEORICA,(8) Grupo 8,Beatriz Elena Urrutia Sanchez,26,39
gh-31780279220-0814T1000,2026-08-14T05:03:54-05:00,1000047-B,CLASE TEORICA,(9) Grupo 9,Keshia Hilary Howard Livingston,15,39
gh-31780279220-0814T1000,2026-08-14T05:03:57-05:00,2026186,CLASE TEORICA,(1) Grupo 1,Carol Andrea Murillo Feo,7,41
gh-31780279220-0814T1000,2026-08-14T05:03:57-05:00,2026186,CLASE TEORICA,(2) Grupo 2,Leonel Vega Mora,0,41
gh-31780279220-0814T1000,2026-08-14T05:03:57-05:00,2026186,CLASE TEORICA,(4) Grupo 4,Carlos Orlando Robles Roa,10,41
gh-31780279220-0814T1000,2026-08-14T05:03:58-05:00,1000002-B,CLASE TEORICA,(1) Grupo 1 - Clase Presencial,Ruth Andrea Cortés Suárez,1,42
gh-31780279220-0814T1000,2026-08-14T05:03:58-05:00,1000002-B,CLASE TEORICA,(10) Grupo 10 - Clase presencial,Karen Johanna Castelblanco Villamil,0,42
gh-31780279220-0814T1000,2026-08-14T05:03:58-05:00,1000002-B,CLASE TEORICA,(2) Grupo 2 - Clase Presencial,Ruth Andrea Cortés Suárez,0,42
gh-31780279220-0814T1000,2026-08-14T05:03:58-05:00,1000002-B,CLASE TEORICA,(3) Grupo 3 - Clase Presencial,Adriana Patricia Díaz Cuevas,0,42
gh-31780279220-0814T1000,2026-08-14T05:03:58-05:00,1000002-B,CLASE TEORICA,(4) Grupo 4 - Clase Presencial,Adriana Patricia Díaz Cuevas,0,42
gh-31780279220-0814T1000,2026-08-14T05:03:58-05:00,1000002-B,CLASE TEORICA,(5) Grupo 5 - Clase Presencial,Andres Felipe Escovar Barreto,0,42
gh-31780279220-0814T1000,2026-08-14T05:03:58-05:00,1000002-B,CLASE TEORICA,(6) Grupo 6 - Clase Presencial,Ruth Andrea Cortés Suárez,0,42
gh-31780279220-0814T1000,2026-08-14T05:03:58-05:00,1000002-B,CLASE TEORICA,(7) Grupo 7 - Clase Presencial,Karen Johanna Castelblanco Villamil,0,42
gh-31780279220-0814T1000,2026-08-14T05:03:58-05:00,1000002-B,CLASE TEORICA,(8) Grupo 8 - Clase Presencial,Adriana Patricia Díaz Cuevas,0,42
gh-31780279220-0814T1000,2026-08-14T05:03:58-05:00,1000002-B,CLASE TEORICA,(9) Grupo 9 - Clase Presencial,Carlas Lucia Castilla Lara,10,42
gh-31780279220-0814T1000,2026-08-14T05:04:00-05:00,1000001-B,CLASE TEORICA,(1) Grupo 1,No informado,0,43
gh-31780279220-0814T1000,2026-08-14T05:04:00-05:00,1000001-B,CLASE TEORICA,(19) Grupo 19,No informado,5,43
gh-31780279220-0814T1000,2026-08-14T05:04:00-05:00,1000001-B,CLASE TEORICA,(2) Grupo 2,No informado,10,43
gh-31780279220-0814T1000,2026-08-14T05:04:00-05:00,1000001-B,CLASE MAGISTRAL,(1) Grupo 1,Ibeth Marcela Rubio Perilla,0,43
gh-31780279220-0814T1000,2026-08-14T05:04:00-05:00,1000001-B,CLASE MAGISTRAL,(10) Grupo 10,No informado,0,43
gh-31780279220-0814T1000,2026-08-14T05:04:00-05:00,1000001-B,CLASE MAGISTRAL,(2) Grupo 2,Herbert Alonso Dueñas Ruiz,0,43
gh-31780279220-0814T1000,2026-08-14T05:04:00-05:00,1000001-B,CLASE MAGISTRAL,(3) Grupo 3,Jeanneth Galeano Penaloza,0,43
gh-31780279220-0814T1000,2026-08-14T05:04:00-05:00,1000001-B,CLASE MAGISTRAL,(4) Grupo 4,Gustavo Adolfo Nieto Clavijo,0,43
gh-31780279220-0814T1000,2026-08-14T05:04:00-05:00,1000001-B,CLASE MAGISTRAL,(5) Grupo 5,Natalia Camila Pinzon Cortes,1,43
gh-31780279220-0814T1000,2026-08-14T05:04:00-05:00,1000001-B,CLASE MAGISTRAL,(6) Grupo 6,Martha Cecilia Moreno Penagos,0,43
gh-31780279220-0814T1000,2026-08-14T05:04:00-05:00,1000001-B,CLASE MAGISTRAL,(7) Grupo 7,Claudio Rodriguez Beltran,0,43
gh-31780279220-0814T1000,2026-08-14T05:04:00-05:00,1000001-B,CLASE MAGISTRAL,(8) Grupo 8,Gabriel Ignacio Padilla Leon,1,43
gh-31780279220-0814T1000,2026-08-14T05:04:00-05:00,1000001-B,CLASE MAGISTRAL,(9) Grupo 9,No informado,10,43
gh-31780279220-0814T1000,2026-08-14T05:04:01-05:00,2015965,CLASE TEORICA,(1) Grupo 1,CAMILO RIOS FRESNEDA,24,44
gh-31780279220-0814T1000,2026-08-14T05:04:01-05:00,2015965,CLASE TEORICA,(2) Grupo 2,Julian David Puerto Suarez; Vladimir Buelvas Hernández,24,44
gh-31780279220-0814T1000,2026-08-14T05:04:01-05:00,2015965,CLASE TEORICA,(3) Grupo 3,Ferney Betancourt Cardozo; Juan Manuel Lizarazo Marriaga,24,44
gh-31780279220-0814T1000,2026-08-14T05:04:01-05:00,2015965,CLASE TEORICA,(4) Grupo 4,No informado,24,44
gh-31780279220-0814T1000,2026-08-14T05:04:02-05:00,2015966,CLASE TEORICA,(1) Grupo 1,No informado,24,45
gh-31780279220-0814T1000,2026-08-14T05:04:02-05:00,2015966,CLASE TEORICA,(2) Grupo 2,Adriana Patricia Piña Fulano,24,45
gh-31780279220-0814T1000,2026-08-14T05:04:02-05:00,2015966,CLASE TEORICA,(3) Grupo 3,Rafael Orland Ortiz Mosquera,24,45
gh-31780279220-0814T1000,2026-08-14T05:04:02-05:00,2015966,CLASE TEORICA,(4) Grupo 4,No informado,24,45
gh-31780279220-0814T1000,2026-08-14T05:04:02-05:00,2015966,CLASE TEORICA,(5) Grupo 5,No informado,24,45
gh-31780279220-0814T1000,2026-08-14T05:04:02-05:00,2015966,CLASE TEORICA,(6) Grupo 6,Luis Alejandro Morales Marin,24,45
gh-31780279220-0814T1000,2026-08-14T05:04:02-05:00,2015966,CLASE TEORICA,(7) Grupo 7,No informado,24,45
gh-31780279220-0814T1000,2026-08-14T05:04:02-05:00,2015966,CLASE TEORICA,(8) Grupo 8,No informado,24,45
gh-31780279220-0814T1000,2026-08-14T05:04:03-05:00,2015967,NA,(1) Grupo 1,Vladimir Buelvas Hernández,24,46
gh-31780279220-0814T1000,2026-08-14T05:04:04-05:00,2015968,CLASE TEORICA,(1) Grupo 1,Ricardo Parra Arango,24,47
gh-31780279220-0814T1000,2026-08-14T05:04:04-05:00,2015968,CLASE TEORICA,(2) Grupo 2,Juan David Oliveros Salazar,24,47
gh-31780279220-0814T1000,2026-08-14T05:04:04-05:00,2015968,CLASE TEORICA,(3) Grupo 3,No informado,24,47
gh-31780279220-0814T1000,2026-08-14T05:04:04-05:00,2015968,CLASE TEORICA,(4) Grupo 4,Ricardo Parra Arango,24,47
gh-31780279220-0814T1000,2026-08-14T05:04:04-05:00,2015968,CLASE TEORICA,(5) Grupo 5,Julian David Puerto Suarez,24,47
gh-31780279220-0814T1000,2026-08-14T05:04:04-05:00,2015968,CLASE TEORICA,(6) Grupo 6,Dorian Luis Linero Segrera,24,47
gh-31780279220-0814T1000,2026-08-14T05:04:04-05:00,2015968,CLASE TEORICA,(7) Grupo 7,No informado,0,47
gh-31780279220-0814T1000,2026-08-14T05:04:06-05:00,2015969,CLASE TEORICA,(1) Grupo 1 (Inglés),Julio Esteban Colmenares Montañez,30,48
gh-31780279220-0814T1000,2026-08-14T05:04:06-05:00,2015969,CLASE TEORICA,(2) Grupo 2,Guillermo Eduardo Avila Alvarez,30,48
gh-31780279220-0814T1000,2026-08-14T05:04:06-05:00,2015969,CLASE TEORICA,(3) Grupo 3,Livaniel Viveros Rosero,30,48
gh-31780279220-0814T1000,2026-08-14T05:04:06-05:00,2015969,CLASE TEORICA,(4) Grupo 4,No informado,30,48
gh-31780279220-0814T1000,2026-08-14T05:04:07-05:00,2015970,CLASE PRACTICA,(4) Grupo 4,Helga Duarte,30,49
gh-31780279220-0814T1000,2026-08-14T05:04:07-05:00,2015970,CLASE PRACTICA,(5) Grupo 5,Oswaldo Rojas Camacho,45,49
gh-31780279220-0814T1000,2026-08-14T05:04:07-05:00,2015970,CLASE PRACTICA,(8) Grupo 8,Helga Duarte,30,49
gh-31780279220-0814T1000,2026-08-14T05:04:07-05:00,2015970,CLASE PRACTICA,(9) Grupo 9,Oswaldo Rojas Camacho,45,49
gh-31780279220-0814T1000,2026-08-14T05:04:08-05:00,2017293,CLASE TEORICA,(1) 2017293-1 Modelación matemática,JUAN SEBASTIÁN HINCAPIÉ MONTES,34,50
gh-31780279220-0814T1000,2026-08-14T05:04:08-05:00,2017293,CLASE TEORICA,(2) 2017293-2 Modelación matemática,JUAN SEBASTIÁN HINCAPIÉ MONTES,34,50
gh-31780279220-0814T1000,2026-08-14T05:04:08-05:00,2017293,CLASE MAGISTRAL,(1M) 2017293-1M Modelación matemática - Magistral,Carlos Alberto Duque Daza,80,50
gh-31780279220-0814T1000,2026-08-14T05:04:11-05:00,2015971,CLASE TEORICA,(1) Grupo 1,No informado,30,53
gh-31780279220-0814T1000,2026-08-14T05:04:11-05:00,2015971,CLASE TEORICA,(2) Grupo 2,Ferney Betancourt Cardozo,30,53
gh-31780279220-0814T1000,2026-08-14T05:04:11-05:00,2015971,CLASE TEORICA,(3) Grupo 3,No informado,30,53
gh-31780279220-0814T1000,2026-08-14T05:04:13-05:00,2015972,CLASE TEORICA,(1) Grupo 1,Carlos Alberto Moncada Aristizabal,15,54
gh-31780279220-0814T1000,2026-08-14T05:04:13-05:00,2015972,CLASE TEORICA,(2) Grupo 2,SANTIAGO RAMIREZ ECHEVERRI,15,54
gh-31780279220-0814T1000,2026-08-14T05:04:13-05:00,2015972,CLASE TEORICA,(3) Grupo 3,No informado,15,54
gh-31780279220-0814T1000,2026-08-14T05:04:14-05:00,1000024-B,CLASE TEORICA,(12) Grupo 12,Edgar Delgado Mejia,0,55
gh-31780279220-0814T1000,2026-08-14T05:04:14-05:00,1000024-B,CLASE TEORICA,(13) Grupo 13,Jesus Sigifredo Valencia Rios,0,55
gh-31780279220-0814T1000,2026-08-14T05:04:14-05:00,1000024-B,CLASE TEORICA,(14) Grupo 14,Jhon Jairo Aragón Arias,10,55
gh-31780279220-0814T1000,2026-08-14T05:04:15-05:00,1000013-B,CLASE TEORICA,(1) Grupo 1,JHONIER SEBASTIAN RANGEL GUTIERREZ,0,56
gh-31780279220-0814T1000,2026-08-14T05:04:15-05:00,1000013-B,CLASE TEORICA,(10) Grupo 10,Sandra Vergara Cardozo,35,56
gh-31780279220-0814T1000,2026-08-14T05:04:15-05:00,1000013-B,CLASE TEORICA,(11) Grupo 11,DIEGO ALBERTO MARTINEZ SIMBAQUEVA,40,56
gh-31780279220-0814T1000,2026-08-14T05:04:15-05:00,1000013-B,CLASE TEORICA,(12) Grupo 12,DIEGO ALBERTO MARTINEZ SIMBAQUEVA,40,56
gh-31780279220-0814T1000,2026-08-14T05:04:15-05:00,1000013-B,CLASE TEORICA,(13) Grupo 13,DIEGO ALBERTO MARTINEZ SIMBAQUEVA,30,56
gh-31780279220-0814T1000,2026-08-14T05:04:15-05:00,1000013-B,CLASE TEORICA,(14) Grupo 14,Andrea Catalina Garcia Montoya,45,56
gh-31780279220-0814T1000,2026-08-14T05:04:15-05:00,1000013-B,CLASE TEORICA,(16) Grupo 16,Sergio Alejandro Calderon Villanueva,30,56
gh-31780279220-0814T1000,2026-08-14T05:04:15-05:00,1000013-B,CLASE TEORICA,(2) Grupo 2,Luis Guillermo Diaz Monroy,40,56
gh-31780279220-0814T1000,2026-08-14T05:04:15-05:00,1000013-B,CLASE TEORICA,(22) Grupo 22,Hanwen Zhang,45,56
gh-31780279220-0814T1000,2026-08-14T05:04:15-05:00,1000013-B,CLASE TEORICA,(23) Grupo 23,ULPIANO LARA CRISTANCHO,0,56
gh-31780279220-0814T1000,2026-08-14T05:04:15-05:00,1000013-B,CLASE TEORICA,(3) Grupo 3,Diana Carolina Franco Soto,40,56
gh-31780279220-0814T1000,2026-08-14T05:04:15-05:00,1000013-B,CLASE TEORICA,(4) Grupo 4,Diana Carolina Franco Soto,40,56
gh-31780279220-0814T1000,2026-08-14T05:04:15-05:00,1000013-B,CLASE TEORICA,(5) Grupo 5,Darwin Eduardo Martínez Riaño,35,56
gh-31780279220-0814T1000,2026-08-14T05:04:15-05:00,1000013-B,CLASE TEORICA,(6) Grupo 6,Darwin Eduardo Martínez Riaño,35,56
gh-31780279220-0814T1000,2026-08-14T05:04:15-05:00,1000013-B,CLASE TEORICA,(7) Grupo 7,Camilo Jose Torres Jimenez,40,56
gh-31780279220-0814T1000,2026-08-14T05:04:17-05:00,2015734,NA,(1) Grupo 1,Fernando Salazar Delgado,6,57
gh-31780279220-0814T1000,2026-08-14T05:04:17-05:00,2015734,NA,(10) Grupo 10,Tito Florez Calderon,4,57
gh-31780279220-0814T1000,2026-08-14T05:04:17-05:00,2015734,NA,(11) Grupo 11,DAVID ALBERTO HERRERA ALVAREZ,0,57
gh-31780279220-0814T1000,2026-08-14T05:04:17-05:00,2015734,NA,(12) Grupo 12,FABIEL NATÁN ESPINOSA CASTAÑEDA,1,57
gh-31780279220-0814T1000,2026-08-14T05:04:17-05:00,2015734,NA,(13) Grupo 13,SERGIO CAMILO ESPINOSA BOTERO,4,57
gh-31780279220-0814T1000,2026-08-14T05:04:17-05:00,2015734,NA,(14) Grupo 14,Felipe Gonzalez Roldan,0,57
gh-31780279220-0814T1000,2026-08-14T05:04:17-05:00,2015734,NA,(2) Grupo 2,Fernando Salazar Delgado,16,57
gh-31780279220-0814T1000,2026-08-14T05:04:17-05:00,2015734,NA,(3) Grupo 3,Jhoan Sebastian Restrepo Mendoza,0,57
gh-31780279220-0814T1000,2026-08-14T05:04:17-05:00,2015734,NA,(4) Grupo 4,Sandra Liliana Rojas Martinez,0,57
gh-31780279220-0814T1000,2026-08-14T05:04:17-05:00,2015734,NA,(5) Grupo 5,Jhoan Sebastian Restrepo Mendoza,0,57
gh-31780279220-0814T1000,2026-08-14T05:04:17-05:00,2015734,NA,(6) Grupo 6,SERGIO CAMILO ESPINOSA BOTERO,8,57
gh-31780279220-0814T1000,2026-08-14T05:04:17-05:00,2015734,NA,(7) Grupo 7,No informado,3,57
gh-31780279220-0814T1000,2026-08-14T05:04:17-05:00,2015734,NA,(8) Grupo 8 - Virtual,FABIEL NATÁN ESPINOSA CASTAÑEDA,30,57
gh-31780279220-0814T1000,2026-08-14T05:04:17-05:00,2015734,NA,(9) Grupo 9,Alvaro Reynel Córdoba,18,57
gh-31780279220-0814T1000,2026-08-14T05:04:19-05:00,2015973,CLASE TEORICA,(1) Grupo 1,No informado,25,59
gh-31780279220-0814T1000,2026-08-14T05:04:19-05:00,2015973,CLASE TEORICA,(2) Grupo 2,GABRIELA ARRIETA LOYO,25,59
gh-31780279220-0814T1000,2026-08-14T05:04:19-05:00,2015973,CLASE TEORICA,(3) Grupo 3,NICOLAS ESCALANTE MORA,25,59
gh-31780279220-0814T1000,2026-08-14T05:04:20-05:00,2022761,NA,(1) Grupo 1,Servio Javier Contreras Guerrero,15,60
gh-31780279220-0814T1000,2026-08-14T05:04:20-05:00,2022761,NA,(2) Grupo 2,Servio Javier Contreras Guerrero,15,60
gh-31780279220-0814T1000,2026-08-14T05:04:20-05:00,2022761,NA,(3) Grupo 3,Samuel Fernando Mesa Giraldo,15,60
gh-31780279220-0814T1000,2026-08-14T05:04:22-05:00,2024045,CLASE TEORICA,(1) 2024045-1 Taller de proyectos interdisciplinarios,No informado,0,61
gh-31780279220-0814T1000,2026-08-14T05:04:22-05:00,2024045,CLASE TEORICA,(10) 2024045-10 Taller de proyectos interdisciplinarios,Oscar Andres Eraso Eraso,0,61
gh-31780279220-0814T1000,2026-08-14T05:04:22-05:00,2024045,CLASE TEORICA,(11) 2024045-11 Taller de proyectos interdisciplinarios,No informado,0,61
gh-31780279220-0814T1000,2026-08-14T05:04:22-05:00,2024045,CLASE TEORICA,(12) 2024045-12 Taller de proyectos interdisciplinarios,Hector Julian Garcia Otalora,200,61
gh-31780279220-0814T1000,2026-08-14T05:04:22-05:00,2024045,CLASE TEORICA,(13) 2024045-13 Taller de proyectos interdisciplinarios,No informado,0,61
gh-31780279220-0814T1000,2026-08-14T05:04:22-05:00,2024045,CLASE TEORICA,(14) 2024045-14 Taller de proyectos interdisciplinarios,Dolly Santos Barbosa,0,61
gh-31780279220-0814T1000,2026-08-14T05:04:22-05:00,2024045,CLASE TEORICA,(15) 2024045-15 Taller de proyectos interdisciplinarios,Oscar Andres Eraso Eraso,0,61
gh-31780279220-0814T1000,2026-08-14T05:04:22-05:00,2024045,CLASE TEORICA,(16) 2024045-16 Taller de proyectos interdisciplinarios,Luis Ignacio Rodriguez Varela,0,61
gh-31780279220-0814T1000,2026-08-14T05:04:22-05:00,2024045,CLASE TEORICA,(17) 2024045-17 Taller de proyectos interdisciplinarios,JOHANA CATALINA MANOSALVA BARRERA,0,61
gh-31780279220-0814T1000,2026-08-14T05:04:22-05:00,2024045,CLASE TEORICA,(18) 2024045-18 Taller de proyectos interdisciplinarios,Fernando Bernal Martinez,0,61
gh-31780279220-0814T1000,2026-08-14T05:04:22-05:00,2024045,CLASE TEORICA,(19) 2024045-19 Taller de proyectos interdisciplinarios,FRANCISCO JAVIER VÁSQUEZ VÁSQUEZ,0,61
gh-31780279220-0814T1000,2026-08-14T05:04:22-05:00,2024045,CLASE TEORICA,(2) 2024045-2 Taller de proyectos interdisciplinarios,Fernando Bernal Martinez,0,61
gh-31780279220-0814T1000,2026-08-14T05:04:22-05:00,2024045,CLASE TEORICA,(21) 2024045-21 Taller de proyectos interdisciplinarios,No informado,0,61
gh-31780279220-0814T1000,2026-08-14T05:04:22-05:00,2024045,CLASE TEORICA,(22) 2024045-22 Taller de proyectos interdisciplinarios,Ubaldo Garcia Zaragoza,0,61
gh-31780279220-0814T1000,2026-08-14T05:04:22-05:00,2024045,CLASE TEORICA,(23) 2024045-23 Taller de proyectos interdisciplinarios,No informado,0,61
gh-31780279220-0814T1000,2026-08-14T05:04:22-05:00,2024045,CLASE TEORICA,(24) 2024045-24 Taller de proyectos interdisciplinarios,Hector Julian Garcia Otalora,200,61
gh-31780279220-0814T1000,2026-08-14T05:04:22-05:00,2024045,CLASE TEORICA,(3) 2024045-3 Taller de proyectos interdisciplinarios,Guillermo Alberto Rocha Casas,0,61
gh-31780279220-0814T1000,2026-08-14T05:04:22-05:00,2024045,CLASE TEORICA,(4) 2024045-4 Taller de proyectos interdisciplinarios,Francy Nayely Prieto Novoa,0,61
gh-31780279220-0814T1000,2026-08-14T05:04:22-05:00,2024045,CLASE TEORICA,(40) 2024045-40 TPI-- NO BORRAR-- BLOQ ESPACIOS,No informado,0,61
gh-31780279220-0814T1000,2026-08-14T05:04:22-05:00,2024045,CLASE TEORICA,(5) 2024045-5 Taller de proyectos interdisciplinarios,Nubia Carmenza Moreno Sarmiento,0,61
gh-31780279220-0814T1000,2026-08-14T05:04:22-05:00,2024045,CLASE TEORICA,(6) 2024045-6 Taller de proyectos interdisciplinarios,JOHANA CATALINA MANOSALVA BARRERA,0,61
gh-31780279220-0814T1000,2026-08-14T05:04:22-05:00,2024045,CLASE TEORICA,(7) 2024045-7 Taller de proyectos interdisciplinarios,Ubaldo Garcia Zaragoza,0,61
gh-31780279220-0814T1000,2026-08-14T05:04:22-05:00,2024045,CLASE TEORICA,(8) 2024045-8 Taller de proyectos interdisciplinarios,JHON FREDDY LOPEZ MEDINA,0,61
gh-31780279220-0814T1000,2026-08-14T05:04:22-05:00,2024045,CLASE TEORICA,(9) 2024045-9 Taller de proyectos interdisciplinarios,Manuel Alejandro Mayorga Betancourt,0,61
gh-31780279220-0814T1000,2026-08-14T05:04:23-05:00,2015296,NA,(1) Grupo 1,Leonardo David Donado Garzon,5,62
gh-31780279220-0814T1000,2026-08-14T05:04:23-05:00,2015296,NA,(10) Grupo 10,Juan Manuel Lizarazo Marriaga,5,62
gh-31780279220-0814T1000,2026-08-14T05:04:23-05:00,2015296,NA,(11) Grupo 11,Octavio Coronado Garcia,5,62
gh-31780279220-0814T1000,2026-08-14T05:04:23-05:00,2015296,NA,(12) Grupo 12,Carol Andrea Murillo Feo,5,62
gh-31780279220-0814T1000,2026-08-14T05:04:23-05:00,2015296,NA,(13) Grupo 13,CAMILO RIOS FRESNEDA,5,62
gh-31780279220-0814T1000,2026-08-14T05:04:23-05:00,2015296,NA,(14) Grupo 14,William Castro Garcia,5,62
gh-31780279220-0814T1000,2026-08-14T05:04:23-05:00,2015296,NA,(15) Grupo 15,Luis Alejandro Morales Marin,5,62
gh-31780279220-0814T1000,2026-08-14T05:04:23-05:00,2015296,NA,(16) Grupo 16,Ferney Betancourt Cardozo,5,62
gh-31780279220-0814T1000,2026-08-14T05:04:23-05:00,2015296,NA,(17) Grupo 17,Maria Alejandra Caicedo Londoño,5,62
gh-31780279220-0814T1000,2026-08-14T05:04:23-05:00,2015296,NA,(18) Grupo 18,Guillermo Eduardo Avila Alvarez,5,62
gh-31780279220-0814T1000,2026-08-14T05:04:23-05:00,2015296,NA,(19) Grupo 19,Carlos Alfonso Gomez Guacaneme,0,62
gh-31780279220-0814T1000,2026-08-14T05:04:23-05:00,2015296,NA,(2) Grupo 2,Carlos Orlando Robles Roa,5,62
gh-31780279220-0814T1000,2026-08-14T05:04:23-05:00,2015296,NA,(3) Grupo 3,Angela Barrera Puerto,5,62
gh-31780279220-0814T1000,2026-08-14T05:04:23-05:00,2015296,NA,(4) Grupo 4,Mauricio Alberto Tapias Camacho,5,62
gh-31780279220-0814T1000,2026-08-14T05:04:23-05:00,2015296,NA,(5) Grupo 5,Maritzabel Molina Herrera,5,62
gh-31780279220-0814T1000,2026-08-14T05:04:23-05:00,2015296,NA,(6) Grupo 6,Rodolfo Rodriguez Baracaldo,5,62
gh-31780279220-0814T1000,2026-08-14T05:04:23-05:00,2015296,NA,(7) Grupo 7,SANTIAGO RAMIREZ ECHEVERRI,5,62
gh-31780279220-0814T1000,2026-08-14T05:04:23-05:00,2015296,NA,(8) Grupo 8,Jose Ricardo Martinez Vargas,5,62
gh-31780279220-0814T1000,2026-08-14T05:04:23-05:00,2015296,NA,(9) Grupo 9,GABRIELA ARRIETA LOYO,5,62
gh-31780279220-0814T1000,2026-08-14T05:04:24-05:00,2015299,CLASE TEORICA,(1) Grupo 1,GABRIELA ARRIETA LOYO,51,63
gh-31780279220-0814T1030,2026-08-14T05:30:21-05:00,2015938,CLASE TEORICA,(1) Grupo 1,Maria Alejandra Caicedo Londoño,25,0
gh-31780279220-0814T1030,2026-08-14T05:30:21-05:00,2015938,CLASE TEORICA,(2) Grupo 2,Maria Alejandra Caicedo Londoño,25,0
gh-31780279220-0814T1030,2026-08-14T05:30:21-05:00,2015938,CLASE TEORICA,(3) Grupo 3,JOSE LUIS DIAZ AREVALO,25,0
gh-31780279220-0814T1030,2026-08-14T05:30:21-05:00,2015938,CLASE TEORICA,(4) Grupo 4,JOSE LUIS DIAZ AREVALO,24,0
gh-31780279220-0814T1030,2026-08-14T05:30:23-05:00,2015939,CLASE TEORICA,(1) Grupo 1,ALVARO MARTIN GUTIERREZ MALAXECHEBARRIA,25,1
gh-31780279220-0814T1030,2026-08-14T05:30:23-05:00,2015939,CLASE TEORICA,(2) Grupo 2,ALVARO MARTIN GUTIERREZ MALAXECHEBARRIA,25,1
gh-31780279220-0814T1030,2026-08-14T05:30:23-05:00,2015939,CLASE TEORICA,(3) Grupo 3,Edder Alexander Velandia Duran,25,1
gh-31780279220-0814T1030,2026-08-14T05:30:23-05:00,2015939,CLASE TEORICA,(4) Grupo 4,No informado,25,1
gh-31780279220-0814T1030,2026-08-14T05:30:24-05:00,1000003-B,NA,(1) Grupo 1,Erika Lorena Rosero Alzate; Oscar Andrés Rojas Sepúlveda,0,2
gh-31780279220-0814T1030,2026-08-14T05:30:24-05:00,1000003-B,NA,(10) Grupo 10,Epifanio Lozano Ayala,14,2
gh-31780279220-0814T1030,2026-08-14T05:30:24-05:00,1000003-B,NA,(11) Grupo 11,No informado,60,2
gh-31780279220-0814T1030,2026-08-14T05:30:24-05:00,1000003-B,NA,(12) Grupo 12,No informado,40,2
gh-31780279220-0814T1030,2026-08-14T05:30:24-05:00,1000003-B,NA,(13) Grupo 13,Mohammed EL AIDI,40,2
gh-31780279220-0814T1030,2026-08-14T05:30:24-05:00,1000003-B,NA,(15) Grupo 15,Myriam Leonor Campos Florez,60,2
gh-31780279220-0814T1030,2026-08-14T05:30:24-05:00,1000003-B,NA,(16) Grupo 16,No informado,60,2
gh-31780279220-0814T1030,2026-08-14T05:30:24-05:00,1000003-B,NA,(17) Grupo 17,Martha Cecilia Moreno Penagos,40,2
gh-31780279220-0814T1030,2026-08-14T05:30:24-05:00,1000003-B,NA,(18) Grupo 18,John Alexander Cruz Morales,52,2
gh-31780279220-0814T1030,2026-08-14T05:30:24-05:00,1000003-B,NA,(20) Grupo 20,Natalia Camila Pinzon Cortes,60,2
gh-31780279220-0814T1030,2026-08-14T05:30:24-05:00,1000003-B,NA,(21) Grupo 21,Ivon Andrea Dorado Correa,52,2
gh-31780279220-0814T1030,2026-08-14T05:30:24-05:00,1000003-B,NA,(22) Grupo 22,No informado,46,2
gh-31780279220-0814T1030,2026-08-14T05:30:24-05:00,1000003-B,NA,(3) Grupo 3,No informado,60,2
gh-31780279220-0814T1030,2026-08-14T05:30:24-05:00,1000003-B,NA,(4) Grupo 4,Luis Alejandro Barbosa Torres,112,2
gh-31780279220-0814T1030,2026-08-14T05:30:24-05:00,1000003-B,NA,(5) Grupo 5,Jaime David Mora Paz,60,2
gh-31780279220-0814T1030,2026-08-14T05:30:24-05:00,1000003-B,NA,(7) Grupo 7,Myriam Leonor Campos Florez,40,2
gh-31780279220-0814T1030,2026-08-14T05:30:24-05:00,1000003-B,NA,(8) Grupo 8,No informado,10,2
gh-31780279220-0814T1030,2026-08-14T05:30:25-05:00,2015940,CLASE TEORICA,(1) Grupo 1,Maritzabel Molina Herrera,24,3
gh-31780279220-0814T1030,2026-08-14T05:30:25-05:00,2015940,CLASE TEORICA,(2) Grupo 2,Gabriel Andres Bernal Granados,24,3
gh-31780279220-0814T1030,2026-08-14T05:30:25-05:00,2015940,CLASE TEORICA,(3) Grupo 3,No informado,24,3
gh-31780279220-0814T1030,2026-08-14T05:30:26-05:00,2015941,CLASE TEORICA,(1) Grupo 1,Patricia Luna Tamayo,30,4
gh-31780279220-0814T1030,2026-08-14T05:30:26-05:00,2015941,CLASE TEORICA,(2) Grupo 2,No informado,30,4
gh-31780279220-0814T1030,2026-08-14T05:30:26-05:00,2015941,CLASE TEORICA,(3) Grupo 3,Carlos Ramiro Vallecilla Bahena,30,4
gh-31780279220-0814T1030,2026-08-14T05:30:26-05:00,2015941,CLASE TEORICA,(4) Grupo 4,No informado,30,4
gh-31780279220-0814T1030,2026-08-14T05:30:28-05:00,1000004-B,NA,(10) Grupo 10,No informado,53,5
gh-31780279220-0814T1030,2026-08-14T05:30:28-05:00,1000004-B,NA,(11) Grupo 11,No informado,24,5
gh-31780279220-0814T1030,2026-08-14T05:30:28-05:00,1000004-B,NA,(12) Grupo 12,No informado,24,5
gh-31780279220-0814T1030,2026-08-14T05:30:28-05:00,1000004-B,NA,(13) Grupo 13,No informado,16,5
gh-31780279220-0814T1030,2026-08-14T05:30:28-05:00,1000004-B,NA,(14) Grupo 14,No informado,90,5
gh-31780279220-0814T1030,2026-08-14T05:30:28-05:00,1000004-B,NA,(16) Grupo 16,No informado,27,5
gh-31780279220-0814T1030,2026-08-14T05:30:28-05:00,1000004-B,NA,(17) Grupo 17,Hernan Garzon Gutierrez,39,5
gh-31780279220-0814T1030,2026-08-14T05:30:28-05:00,1000004-B,NA,(19) Grupo 19,No informado,59,5
gh-31780279220-0814T1030,2026-08-14T05:30:28-05:00,1000004-B,NA,(2) Grupo 2,No informado,24,5
gh-31780279220-0814T1030,2026-08-14T05:30:28-05:00,1000004-B,NA,(20) Grupo 20,Hernan Garzon Gutierrez,10,5
gh-31780279220-0814T1030,2026-08-14T05:30:28-05:00,1000004-B,NA,(21) Grupo 21,No informado,60,5
gh-31780279220-0814T1030,2026-08-14T05:30:28-05:00,1000004-B,NA,(22) Grupo 22,No informado,60,5
gh-31780279220-0814T1030,2026-08-14T05:30:28-05:00,1000004-B,NA,(24) Grupo 24,Ricardo Ariel Pastran Ramirez,60,5
gh-31780279220-0814T1030,2026-08-14T05:30:28-05:00,1000004-B,NA,(25) Grupo 25,No informado,40,5
gh-31780279220-0814T1030,2026-08-14T05:30:28-05:00,1000004-B,NA,(27) Grupo 27,No informado,51,5
gh-31780279220-0814T1030,2026-08-14T05:30:28-05:00,1000004-B,NA,(28) Grupo 28,No informado,60,5
gh-31780279220-0814T1030,2026-08-14T05:30:28-05:00,1000004-B,NA,(29) Grupo 29,No informado,60,5
gh-31780279220-0814T1030,2026-08-14T05:30:28-05:00,1000004-B,NA,(30) Grupo 30,No informado,60,5
gh-31780279220-0814T1030,2026-08-14T05:30:28-05:00,1000004-B,NA,(32) Grupo 32,No informado,90,5
gh-31780279220-0814T1030,2026-08-14T05:30:28-05:00,1000004-B,NA,(4) Grupo 4,Myriam Leonor Campos Florez,37,5
gh-31780279220-0814T1030,2026-08-14T05:30:28-05:00,1000004-B,NA,(5) Grupo 5,Oscar Javier Lopez Alfonso,84,5
gh-31780279220-0814T1030,2026-08-14T05:30:28-05:00,1000004-B,NA,(7) Grupo 7,Anderson Arley Vera Arboleda,64,5
gh-31780279220-0814T1030,2026-08-14T05:30:28-05:00,1000004-B,NA,(8) Grupo 8,No informado,40,5
gh-31780279220-0814T1030,2026-08-14T05:30:28-05:00,1000004-B,NA,(9) Grupo 9,No informado,18,5
gh-31780279220-0814T1030,2026-08-14T05:30:29-05:00,1000006-B,NA,(1) Grupo 1,No informado,40,6
gh-31780279220-0814T1030,2026-08-14T05:30:29-05:00,1000006-B,NA,(10) Grupo 10,No informado,100,6
gh-31780279220-0814T1030,2026-08-14T05:30:29-05:00,1000006-B,NA,(11) Grupo 11,No informado,40,6
gh-31780279220-0814T1030,2026-08-14T05:30:29-05:00,1000006-B,NA,(12) Grupo 12,Leonid Lebedev,60,6
gh-31780279220-0814T1030,2026-08-14T05:30:29-05:00,1000006-B,NA,(13) Grupo 13,Juan Carlos Hernandez Rincon,40,6
gh-31780279220-0814T1030,2026-08-14T05:30:29-05:00,1000006-B,NA,(14) Grupo 14,No informado,60,6
gh-31780279220-0814T1030,2026-08-14T05:30:29-05:00,1000006-B,NA,(15) Grupo 15,No informado,112,6
gh-31780279220-0814T1030,2026-08-14T05:30:29-05:00,1000006-B,NA,(2) Grupo 2,EDIXON MANUEL ROJAS SANTANA,40,6
gh-31780279220-0814T1030,2026-08-14T05:30:29-05:00,1000006-B,NA,(3) Grupo 3,Cesar Augusto Gomez Sierra,40,6
gh-31780279220-0814T1030,2026-08-14T05:30:29-05:00,1000006-B,NA,(4) Grupo 4,Agustin Moreno Canadas,100,6
gh-31780279220-0814T1030,2026-08-14T05:30:29-05:00,1000006-B,NA,(5) Grupo 5,German Eduardo Fonseca Buitrago,40,6
gh-31780279220-0814T1030,2026-08-14T05:30:29-05:00,1000006-B,NA,(7) Grupo 7,No informado,70,6
gh-31780279220-0814T1030,2026-08-14T05:30:29-05:00,1000006-B,NA,(8) Grupo 8,Epifanio Lozano Ayala,60,6
gh-31780279220-0814T1030,2026-08-14T05:30:29-05:00,1000006-B,NA,(9) Grupo 9,Orlando Vanegas Canro,0,6
gh-31780279220-0814T1030,2026-08-14T05:30:30-05:00,1000005-B,NA,(1) Grupo 1,Orlando Vanegas Canro,0,7
gh-31780279220-0814T1030,2026-08-14T05:30:30-05:00,1000005-B,NA,(10) Grupo 10,Epifanio Lozano Ayala,50,7
gh-31780279220-0814T1030,2026-08-14T05:30:30-05:00,1000005-B,NA,(14) Grupo 14,Mohammed EL AIDI,40,7
gh-31780279220-0814T1030,2026-08-14T05:30:30-05:00,1000005-B,NA,(15) Grupo 15,Alina Fedosova,60,7
gh-31780279220-0814T1030,2026-08-14T05:30:30-05:00,1000005-B,NA,(16) Grupo 16,No informado,70,7
gh-31780279220-0814T1030,2026-08-14T05:30:30-05:00,1000005-B,NA,(17) Grupo 17,Hernan Garzon Gutierrez,40,7
gh-31780279220-0814T1030,2026-08-14T05:30:30-05:00,1000005-B,NA,(2) Grupo 2,RENE ERLIN CASTILLO,60,7
gh-31780279220-0814T1030,2026-08-14T05:30:30-05:00,1000005-B,NA,(20) Grupo 20,Franqui Solis Cardenas Poloche,40,7
gh-31780279220-0814T1030,2026-08-14T05:30:30-05:00,1000005-B,NA,(22) Grupo 22,No informado,60,7
gh-31780279220-0814T1030,2026-08-14T05:30:30-05:00,1000005-B,NA,(3) Grupo 3,Eduardo Cardenas Gomez,70,7
gh-31780279220-0814T1030,2026-08-14T05:30:30-05:00,1000005-B,NA,(4) Grupo 4,Edward Samuel Becerra Rojas,60,7
gh-31780279220-0814T1030,2026-08-14T05:30:30-05:00,1000005-B,NA,(6) Grupo 6,No informado,60,7
gh-31780279220-0814T1030,2026-08-14T05:30:30-05:00,1000005-B,NA,(7) Grupo 7,Franqui Solis Cardenas Poloche,100,7
gh-31780279220-0814T1030,2026-08-14T05:30:30-05:00,1000005-B,NA,(8) Grupo 8,No informado,40,7
gh-31780279220-0814T1030,2026-08-14T05:30:30-05:00,1000005-B,NA,(9) Grupo 9,No informado,10,7
gh-31780279220-0814T1030,2026-08-14T05:30:33-05:00,2015943,CLASE TEORICA,(1) Grupo 1,Carlos Orlando Robles Roa,15,9
gh-31780279220-0814T1030,2026-08-14T05:30:34-05:00,2015944,CLASE TEORICA,(1) Grupo 1,SANTIAGO RAMIREZ ECHEVERRI,15,10
gh-31780279220-0814T1030,2026-08-14T05:30:35-05:00,2015711,NA,(10) 2015711-10 Dibujo básico,Ariel Augusto Amaya Avila,0,11
gh-31780279220-0814T1030,2026-08-14T05:30:35-05:00,2015711,NA,(11) 2015711-11 Dibujo básico,Cesar Augusto Bacca Gonzalez,0,11
gh-31780279220-0814T1030,2026-08-14T05:30:35-05:00,2015711,NA,(14) 2015711-14 Dibujo básico,Cristian Felipe Morales Suárez,0,11
gh-31780279220-0814T1030,2026-08-14T05:30:35-05:00,2015711,NA,(16) 2015711-16 Dibujo básico,DAVID FELIPE TORRES ARCE,0,11
gh-31780279220-0814T1030,2026-08-14T05:30:35-05:00,2015711,NA,(4) 2015711-4 Dibujo básico,Cristian Felipe Morales Suárez,9,11
gh-31780279220-0814T1030,2026-08-14T05:30:35-05:00,2015711,NA,(5) 2015711-5 Dibujo básico,Sebastian Achury Ortiz,0,11
gh-31780279220-0814T1030,2026-08-14T05:30:35-05:00,2015711,NA,(7) 2015711-7 Dibujo básico,Cesar Augusto Bacca Gonzalez,22,11
gh-31780279220-0814T1030,2026-08-14T05:30:35-05:00,2015711,NA,(8) 2015711-8 Dibujo básico,Miguel Angel Baquero Cortes,0,11
gh-31780279220-0814T1030,2026-08-14T05:30:35-05:00,2015711,NA,(9) 2015711-9 Dibujo básico,EDWIN CAMILO REINA BELTRAN,0,11
gh-31780279220-0814T1030,2026-08-14T05:30:36-05:00,2015948,CLASE TEORICA,(1) Grupo 1,No informado,30,12
gh-31780279220-0814T1030,2026-08-14T05:30:36-05:00,2015948,CLASE TEORICA,(2) Grupo 2,Mauricio Alberto Tapias Camacho,30,12
gh-31780279220-0814T1030,2026-08-14T05:30:36-05:00,2015948,CLASE TEORICA,(3) Grupo 3,No informado,30,12
gh-31780279220-0814T1030,2026-08-14T05:30:37-05:00,2015950,CLASE TEORICA,(1) Grupo 1,No informado,25,13
gh-31780279220-0814T1030,2026-08-14T05:30:37-05:00,2015950,CLASE TEORICA,(2) Grupo 2,No informado,0,13
gh-31780279220-0814T1030,2026-08-14T05:30:37-05:00,2015950,CLASE TEORICA,(3) Grupo 3,Daniel Ricardo Lozano Monsalve,25,13
gh-31780279220-0814T1030,2026-08-14T05:30:37-05:00,2015950,CLASE TEORICA,(4) Grupo 4,No informado,25,13
gh-31780279220-0814T1030,2026-08-14T05:30:37-05:00,2015950,CLASE TEORICA,(5) Grupo 5,No informado,25,13
gh-31780279220-0814T1030,2026-08-14T05:30:39-05:00,2015949,CLASE TEORICA,(1) Grupo 1,Mario Javier Cardozo Chaux,30,14
gh-31780279220-0814T1030,2026-08-14T05:30:39-05:00,2015949,CLASE TEORICA,(2) Grupo 2,Wilson Ernesto Vargas Vargas,30,14
gh-31780279220-0814T1030,2026-08-14T05:30:39-05:00,2015949,CLASE TEORICA,(3) Grupo 3,No informado,30,14
gh-31780279220-0814T1030,2026-08-14T05:30:40-05:00,1000007-B,NA,(1) Grupo 1,German Eduardo Fonseca Buitrago,60,15
gh-31780279220-0814T1030,2026-08-14T05:30:40-05:00,1000007-B,NA,(11) Grupo 11,Leonid Lebedev,60,15
gh-31780279220-0814T1030,2026-08-14T05:30:40-05:00,1000007-B,NA,(12) Grupo 12,No informado,60,15
gh-31780279220-0814T1030,2026-08-14T05:30:40-05:00,1000007-B,NA,(13) Grupo 13,Omar Duque Gomez,40,15
gh-31780279220-0814T1030,2026-08-14T05:30:40-05:00,1000007-B,NA,(14) Grupo 14,No informado,100,15
gh-31780279220-0814T1030,2026-08-14T05:30:40-05:00,1000007-B,NA,(3) Grupo 3,Serafin Bautista Diaz,40,15
gh-31780279220-0814T1030,2026-08-14T05:30:40-05:00,1000007-B,NA,(4) Grupo 4,EDIXON MANUEL ROJAS SANTANA,60,15
gh-31780279220-0814T1030,2026-08-14T05:30:40-05:00,1000007-B,NA,(6) Grupo 6,Alexander Caviedes Castro,50,15
gh-31780279220-0814T1030,2026-08-14T05:30:40-05:00,1000007-B,NA,(7) Grupo 7,Oscar Guillermo Riaño Castañeda,40,15
gh-31780279220-0814T1030,2026-08-14T05:30:40-05:00,1000007-B,NA,(9) Grupo 9,Orlando Vanegas Canro,0,15
gh-31780279220-0814T1030,2026-08-14T05:30:41-05:00,2026134,CLASE TEORICA,(1) Grupo 1,No informado,0,16
gh-31780279220-0814T1030,2026-08-14T05:30:41-05:00,2026134,CLASE TEORICA,(2) Grupo 2,Juan Manuel Lizarazo Marriaga,30,16
gh-31780279220-0814T1030,2026-08-14T05:30:41-05:00,2026134,CLASE TEORICA,(3) Grupo 3,Maritzabel Molina Herrera,30,16
gh-31780279220-0814T1030,2026-08-14T05:30:41-05:00,2026134,CLASE TEORICA,(4) Grupo 4,Carlos Ramiro Vallecilla Bahena,30,16
gh-31780279220-0814T1030,2026-08-14T05:30:41-05:00,2026134,CLASE TEORICA,(5) Grupo 5,Fernando Lozano Osorno,30,16
gh-31780279220-0814T1030,2026-08-14T05:30:41-05:00,2026134,CLASE TEORICA,(6) Grupo 6,No informado,30,16
gh-31780279220-0814T1030,2026-08-14T05:30:43-05:00,2015954,CLASE TEORICA,(1) Grupo 1,Erasmo Alfredo Rodriguez Sandoval,30,17
gh-31780279220-0814T1030,2026-08-14T05:30:43-05:00,2015954,CLASE TEORICA,(2) Grupo 2,Mario Enrique Moreno Castiblanco,30,17
gh-31780279220-0814T1030,2026-08-14T05:30:43-05:00,2015954,CLASE TEORICA,(3) Grupo 3,Luis Alejandro Morales Marin,30,17
gh-31780279220-0814T1030,2026-08-14T05:30:44-05:00,2015955,CLASE TEORICA,(1) Grupo 1,Giovanni Andres Cortes Tovar,30,18
gh-31780279220-0814T1030,2026-08-14T05:30:44-05:00,2015955,CLASE TEORICA,(2) Grupo 2,Angela Barrera Puerto,30,18
gh-31780279220-0814T1030,2026-08-14T05:30:44-05:00,2015955,CLASE TEORICA,(3) Grupo 3,Giovanni Andres Cortes Tovar,30,18
gh-31780279220-0814T1030,2026-08-14T05:30:45-05:00,1000011-B,CLASE TEORICA,(1) Grupo 1,Ernesto Javier Puertas Dellepianes,118,19
gh-31780279220-0814T1030,2026-08-14T05:30:45-05:00,1000011-B,CLASE TEORICA,(3) Grupo 3,Néstor Fernando Perez Buitrago,12,19
gh-31780279220-0814T1030,2026-08-14T05:30:48-05:00,1000019-B,CLASE LABORATORIO,(1) Grupo 1,Gustavo Martinez Tamayo,35,20
gh-31780279220-0814T1030,2026-08-14T05:30:48-05:00,1000019-B,CLASE LABORATORIO,(10) Grupo 10,LUIS AGULLES PEDROS,35,20
gh-31780279220-0814T1030,2026-08-14T05:30:48-05:00,1000019-B,CLASE LABORATORIO,(11) Grupo 11,EVER DAVID ALCALA CAJAR,35,20
gh-31780279220-0814T1030,2026-08-14T05:30:48-05:00,1000019-B,CLASE LABORATORIO,(12) Grupo 12,FABIAN FELIPE QUEVEDO FARIETA,35,20
gh-31780279220-0814T1030,2026-08-14T05:30:48-05:00,1000019-B,CLASE LABORATORIO,(13) Grupo 13,Alvaro Marino Camargo,35,20
gh-31780279220-0814T1030,2026-08-14T05:30:48-05:00,1000019-B,CLASE LABORATORIO,(14) Grupo 14,Alvaro Marino Camargo; Miryam Rincon Joya,35,20
gh-31780279220-0814T1030,2026-08-14T05:30:48-05:00,1000019-B,CLASE LABORATORIO,(15) Grupo 15,JULIAN MATEO DE MENDOZA GUTIERREZ,32,20
gh-31780279220-0814T1030,2026-08-14T05:30:48-05:00,1000019-B,CLASE LABORATORIO,(16) Grupo 16,Alvaro Marino Camargo; Doris Yaneth Cadavid Rodriguez,35,20
gh-31780279220-0814T1030,2026-08-14T05:30:48-05:00,1000019-B,CLASE LABORATORIO,(17) Grupo 17,JULIAN MATEO DE MENDOZA GUTIERREZ,34,20
gh-31780279220-0814T1030,2026-08-14T05:30:48-05:00,1000019-B,CLASE LABORATORIO,(18) Grupo 18,Jaime Villalobos Velasco,34,20
gh-31780279220-0814T1030,2026-08-14T05:30:48-05:00,1000019-B,CLASE LABORATORIO,(19) Grupo 19,JULY PAOLA GARZÓN LOPEZ,32,20
gh-31780279220-0814T1030,2026-08-14T05:30:48-05:00,1000019-B,CLASE LABORATORIO,(2) Grupo 2,Gustavo Martinez Tamayo,35,20
gh-31780279220-0814T1030,2026-08-14T05:30:48-05:00,1000019-B,CLASE LABORATORIO,(20) Grupo 20,JOSE ALFREDO GOMEZ MATEUS,35,20
gh-31780279220-0814T1030,2026-08-14T05:30:48-05:00,1000019-B,CLASE LABORATORIO,(21) Grupo 21,Pedro Hernan Sanchez Machet,35,20
gh-31780279220-0814T1030,2026-08-14T05:30:48-05:00,1000019-B,CLASE LABORATORIO,(22) Grupo 22,Pedro Hernan Sanchez Machet,35,20
gh-31780279220-0814T1030,2026-08-14T05:30:48-05:00,1000019-B,CLASE LABORATORIO,(23) Grupo 23,Pedro Hernan Sanchez Machet,35,20
gh-31780279220-0814T1030,2026-08-14T05:30:48-05:00,1000019-B,CLASE LABORATORIO,(24) Grupo 24,Pedro Hernan Sanchez Machet,35,20
gh-31780279220-0814T1030,2026-08-14T05:30:48-05:00,1000019-B,CLASE LABORATORIO,(25) Grupo 25,Plinio Del Carmen Teheran Sermeno,45,20
gh-31780279220-0814T1030,2026-08-14T05:30:48-05:00,1000019-B,CLASE LABORATORIO,(26) Grupo 26 (VIRTUAL),Plinio Del Carmen Teheran Sermeno,50,20
gh-31780279220-0814T1030,2026-08-14T05:30:48-05:00,1000019-B,CLASE LABORATORIO,(27) Grupo 27 (VIRTUAL),Plinio Del Carmen Teheran Sermeno,50,20
gh-31780279220-0814T1030,2026-08-14T05:30:48-05:00,1000019-B,CLASE LABORATORIO,(28) Grupo 28 (VIRTUAL),Plinio Del Carmen Teheran Sermeno,50,20
gh-31780279220-0814T1030,2026-08-14T05:30:48-05:00,1000019-B,CLASE LABORATORIO,(29) Grupo 29 (VIRTUAL),Plinio Del Carmen Teheran Sermeno,50,20
gh-31780279220-0814T1030,2026-08-14T05:30:48-05:00,1000019-B,CLASE LABORATORIO,(3) Grupo 3,Gustavo Martinez Tamayo,35,20
gh-31780279220-0814T1030,2026-08-14T05:30:48-05:00,1000019-B,CLASE LABORATORIO,(4) Grupo 4,No informado,35,20
gh-31780279220-0814T1030,2026-08-14T05:30:48-05:00,1000019-B,CLASE LABORATORIO,(5) Grupo 5,FABIAN FELIPE QUEVEDO FARIETA,35,20
gh-31780279220-0814T1030,2026-08-14T05:30:48-05:00,1000019-B,CLASE LABORATORIO,(6) Grupo 6,Jaime Villalobos Velasco,35,20
gh-31780279220-0814T1030,2026-08-14T05:30:48-05:00,1000019-B,CLASE LABORATORIO,(7) Grupo 7,Jaime Villalobos Velasco,35,20
gh-31780279220-0814T1030,2026-08-14T05:30:48-05:00,1000019-B,CLASE LABORATORIO,(8) Grupo 8,Alvaro Marino Camargo,35,20
gh-31780279220-0814T1030,2026-08-14T05:30:48-05:00,1000019-B,CLASE LABORATORIO,(9) Grupo 9,Erika Lorena Rosero Alzate,0,20
gh-31780279220-0814T1030,2026-08-14T05:30:48-05:00,1000019-B,CLASE TALLER,(1) Grupo 1,FABIAN FELIPE QUEVEDO FARIETA,35,20
gh-31780279220-0814T1030,2026-08-14T05:30:48-05:00,1000019-B,CLASE TALLER,(10) Grupo 10,FABIAN FELIPE QUEVEDO FARIETA,35,20
gh-31780279220-0814T1030,2026-08-14T05:30:48-05:00,1000019-B,CLASE TALLER,(11) Grupo 11,JULIAN MATEO DE MENDOZA GUTIERREZ,35,20
gh-31780279220-0814T1030,2026-08-14T05:30:48-05:00,1000019-B,CLASE TALLER,(12) Grupo 12,EVER DAVID ALCALA CAJAR,35,20
gh-31780279220-0814T1030,2026-08-14T05:30:48-05:00,1000019-B,CLASE TALLER,(13) Grupo 13,MIGUEL ENRIQUE GÁMEZ LÓPEZ,35,20
gh-31780279220-0814T1030,2026-08-14T05:30:48-05:00,1000019-B,CLASE TALLER,(14) Grupo 14,No informado,35,20
gh-31780279220-0814T1030,2026-08-14T05:30:48-05:00,1000019-B,CLASE TALLER,(15) Grupo 15,EVER DAVID ALCALA CAJAR,32,20
gh-31780279220-0814T1030,2026-08-14T05:30:48-05:00,1000019-B,CLASE TALLER,(16) Grupo 16,Edna Carolina Pinilla Beltran,35,20
gh-31780279220-0814T1030,2026-08-14T05:30:48-05:00,1000019-B,CLASE TALLER,(17) Grupo 17,Jereson Silva Valencia,34,20
gh-31780279220-0814T1030,2026-08-14T05:30:48-05:00,1000019-B,CLASE TALLER,(18) Grupo 18,Jereson Silva Valencia,34,20
gh-31780279220-0814T1030,2026-08-14T05:30:48-05:00,1000019-B,CLASE TALLER,(19) Grupo 19,Jereson Silva Valencia,32,20
gh-31780279220-0814T1030,2026-08-14T05:30:48-05:00,1000019-B,CLASE TALLER,(2) Grupo 2,Gustavo Martinez Tamayo,35,20
gh-31780279220-0814T1030,2026-08-14T05:30:48-05:00,1000019-B,CLASE TALLER,(20) Grupo 20,Jereson Silva Valencia,35,20
gh-31780279220-0814T1030,2026-08-14T05:30:48-05:00,1000019-B,CLASE TALLER,(21) Grupo 21,JOSE ALFREDO GOMEZ MATEUS,35,20
gh-31780279220-0814T1030,2026-08-14T05:30:48-05:00,1000019-B,CLASE TALLER,(22) Grupo 22,JULY PAOLA GARZÓN LOPEZ,35,20
gh-31780279220-0814T1030,2026-08-14T05:30:48-05:00,1000019-B,CLASE TALLER,(23) Grupo 23,Edna Carolina Pinilla Beltran,35,20
gh-31780279220-0814T1030,2026-08-14T05:30:48-05:00,1000019-B,CLASE TALLER,(24) Grupo 24,Diego Alejandro Torres Galindo,35,20
gh-31780279220-0814T1030,2026-08-14T05:30:48-05:00,1000019-B,CLASE TALLER,(25) Grupo 25,Plinio Del Carmen Teheran Sermeno,45,20
gh-31780279220-0814T1030,2026-08-14T05:30:48-05:00,1000019-B,CLASE TALLER,(26) Grupo 26 (VIRTUAL),Plinio Del Carmen Teheran Sermeno,50,20
gh-31780279220-0814T1030,2026-08-14T05:30:48-05:00,1000019-B,CLASE TALLER,(27) Grupo 27 (VIRTUAL),Plinio Del Carmen Teheran Sermeno,50,20
gh-31780279220-0814T1030,2026-08-14T05:30:48-05:00,1000019-B,CLASE TALLER,(28) Grupo 28 (VIRTUAL),Plinio Del Carmen Teheran Sermeno,50,20
gh-31780279220-0814T1030,2026-08-14T05:30:48-05:00,1000019-B,CLASE TALLER,(29) Grupo 29 (VIRTUAL),Plinio Del Carmen Teheran Sermeno,50,20
gh-31780279220-0814T1030,2026-08-14T05:30:48-05:00,1000019-B,CLASE TALLER,(3) Grupo 3,Gustavo Martinez Tamayo,35,20
gh-31780279220-0814T1030,2026-08-14T05:30:48-05:00,1000019-B,CLASE TALLER,(4) Grupo 4,Jaime Villalobos Velasco,35,20
gh-31780279220-0814T1030,2026-08-14T05:30:48-05:00,1000019-B,CLASE TALLER,(5) Grupo 5,Jaime Villalobos Velasco,35,20
gh-31780279220-0814T1030,2026-08-14T05:30:48-05:00,1000019-B,CLASE TALLER,(6) Grupo 6,Ramiro Cardona Cardona,35,20
gh-31780279220-0814T1030,2026-08-14T05:30:48-05:00,1000019-B,CLASE TALLER,(7) Grupo 7,Ramiro Cardona Cardona,35,20
gh-31780279220-0814T1030,2026-08-14T05:30:48-05:00,1000019-B,CLASE TALLER,(8) Grupo 8,Edna Carolina Pinilla Beltran,35,20
gh-31780279220-0814T1030,2026-08-14T05:30:48-05:00,1000019-B,CLASE TALLER,(9) Grupo 9,No informado,10,20
gh-31780279220-0814T1030,2026-08-14T05:30:48-05:00,1000019-B,CLASE MAGISTRAL,(16) Gruop 16,Erika Lorena Rosero Alzate; Daniel Camilo Padilla González,8,20
gh-31780279220-0814T1030,2026-08-14T05:30:48-05:00,1000019-B,CLASE MAGISTRAL,(1) Grupo 1,Gustavo Martinez Tamayo,35,20
gh-31780279220-0814T1030,2026-08-14T05:30:48-05:00,1000019-B,CLASE MAGISTRAL,(10) Grupo 10,Ovidio Amado Almanza Montero,35,20
gh-31780279220-0814T1030,2026-08-14T05:30:48-05:00,1000019-B,CLASE MAGISTRAL,(11) Grupo 11,Ovidio Amado Almanza Montero,35,20
gh-31780279220-0814T1030,2026-08-14T05:30:48-05:00,1000019-B,CLASE MAGISTRAL,(12) Grupo 12,Ovidio Amado Almanza Montero,35,20
gh-31780279220-0814T1030,2026-08-14T05:30:48-05:00,1000019-B,CLASE MAGISTRAL,(13) Grupo 13,Jaime Villalobos Velasco,35,20
gh-31780279220-0814T1030,2026-08-14T05:30:48-05:00,1000019-B,CLASE MAGISTRAL,(14) Grupo 14,Jaime Villalobos Velasco,35,20
gh-31780279220-0814T1030,2026-08-14T05:30:48-05:00,1000019-B,CLASE MAGISTRAL,(15) Grupo 15,Jaime Villalobos Velasco,32,20
gh-31780279220-0814T1030,2026-08-14T05:30:48-05:00,1000019-B,CLASE MAGISTRAL,(17) Grupo 17,Jereson Silva Valencia,34,20
gh-31780279220-0814T1030,2026-08-14T05:30:48-05:00,1000019-B,CLASE MAGISTRAL,(18) Grupo 18,Jereson Silva Valencia,34,20
gh-31780279220-0814T1030,2026-08-14T05:30:48-05:00,1000019-B,CLASE MAGISTRAL,(19) Grupo 19,Jereson Silva Valencia,32,20
gh-31780279220-0814T1030,2026-08-14T05:30:48-05:00,1000019-B,CLASE MAGISTRAL,(2) Grupo 2,Gustavo Martinez Tamayo,35,20
gh-31780279220-0814T1030,2026-08-14T05:30:48-05:00,1000019-B,CLASE MAGISTRAL,(20) Grupo 20,Jereson Silva Valencia,35,20
gh-31780279220-0814T1030,2026-08-14T05:30:48-05:00,1000019-B,CLASE MAGISTRAL,(21) Grupo 21,Diego Alejandro Torres Galindo,35,20
gh-31780279220-0814T1030,2026-08-14T05:30:48-05:00,1000019-B,CLASE MAGISTRAL,(22) Grupo 22,Diego Alejandro Torres Galindo,35,20
gh-31780279220-0814T1030,2026-08-14T05:30:48-05:00,1000019-B,CLASE MAGISTRAL,(23) Grupo 23,Diego Alejandro Torres Galindo,35,20
gh-31780279220-0814T1030,2026-08-14T05:30:48-05:00,1000019-B,CLASE MAGISTRAL,(24) Grupo 24,Diego Alejandro Torres Galindo,35,20
gh-31780279220-0814T1030,2026-08-14T05:30:48-05:00,1000019-B,CLASE MAGISTRAL,(25) Grupo 25,Plinio Del Carmen Teheran Sermeno,45,20
gh-31780279220-0814T1030,2026-08-14T05:30:48-05:00,1000019-B,CLASE MAGISTRAL,(26) Grupo 26 (VIRTUAL),Plinio Del Carmen Teheran Sermeno,50,20
gh-31780279220-0814T1030,2026-08-14T05:30:48-05:00,1000019-B,CLASE MAGISTRAL,(27) Grupo 27 (VIRTUAL),Plinio Del Carmen Teheran Sermeno,50,20
gh-31780279220-0814T1030,2026-08-14T05:30:48-05:00,1000019-B,CLASE MAGISTRAL,(28) Grupo 28 (VIRTUAL),Plinio Del Carmen Teheran Sermeno,50,20
gh-31780279220-0814T1030,2026-08-14T05:30:48-05:00,1000019-B,CLASE MAGISTRAL,(29) Grupo 29 (VIRTUAL),Plinio Del Carmen Teheran Sermeno,50,20
gh-31780279220-0814T1030,2026-08-14T05:30:48-05:00,1000019-B,CLASE MAGISTRAL,(3) Grupo 3,Gustavo Martinez Tamayo,35,20
gh-31780279220-0814T1030,2026-08-14T05:30:48-05:00,1000019-B,CLASE MAGISTRAL,(4) Grupo 4,Gustavo Martinez Tamayo,35,20
gh-31780279220-0814T1030,2026-08-14T05:30:48-05:00,1000019-B,CLASE MAGISTRAL,(5) Grupo 5,Ramiro Cardona Cardona,35,20
gh-31780279220-0814T1030,2026-08-14T05:30:48-05:00,1000019-B,CLASE MAGISTRAL,(6) Grupo 6,Ramiro Cardona Cardona,35,20
gh-31780279220-0814T1030,2026-08-14T05:30:48-05:00,1000019-B,CLASE MAGISTRAL,(7) Grupo 7,Ramiro Cardona Cardona,35,20
gh-31780279220-0814T1030,2026-08-14T05:30:48-05:00,1000019-B,CLASE MAGISTRAL,(8) Grupo 8,Ramiro Cardona Cardona,35,20
gh-31780279220-0814T1030,2026-08-14T05:30:48-05:00,1000019-B,CLASE MAGISTRAL,(9) Grupo 9,Fredy Angel Jimenez Giraldo,10,20
gh-31780279220-0814T1030,2026-08-14T05:30:49-05:00,2015956,CLASE TEORICA,(1) Grupo 1,Modesto Portilla Gamboa; Fernando Eli Romero Ordoñez,35,21
gh-31780279220-0814T1030,2026-08-14T05:30:49-05:00,2015956,CLASE TEORICA,(2) Grupo 2,Jennifer Angel Amaya,30,21
gh-31780279220-0814T1030,2026-08-14T05:30:49-05:00,2015956,CLASE TEORICA,(3) Grupo 3,Jennifer Angel Amaya,30,21
gh-31780279220-0814T1030,2026-08-14T05:30:49-05:00,2015956,CLASE TEORICA,(4) Grupo 4,Fernando Eli Romero Ordoñez; Modesto Portilla Gamboa,35,21
gh-31780279220-0814T1030,2026-08-14T05:30:51-05:00,2015957,CLASE PRACTICA,(1) Grupo 1,No informado,30,22
gh-31780279220-0814T1030,2026-08-14T05:30:51-05:00,2015957,CLASE PRACTICA,(2) Grupo 2,Samuel Fernando Mesa Giraldo,30,22
gh-31780279220-0814T1030,2026-08-14T05:30:51-05:00,2015957,CLASE PRACTICA,(3) Grupo 3,Rose Marie Aldana Boutin,30,22
gh-31780279220-0814T1030,2026-08-14T05:30:51-05:00,2015957,CLASE PRACTICA,(4) Grupo 4,Rose Marie Aldana Boutin,30,22
gh-31780279220-0814T1030,2026-08-14T05:30:52-05:00,2015958,CLASE PRACTICA,(1) Grupo 1,William Castro Garcia,20,23
gh-31780279220-0814T1030,2026-08-14T05:30:52-05:00,2015958,CLASE PRACTICA,(2) Grupo 2,William Castro Garcia,20,23
gh-31780279220-0814T1030,2026-08-14T05:30:52-05:00,2015958,CLASE PRACTICA,(3) Grupo 3,Carlos Alfonso Gomez Guacaneme,30,23
gh-31780279220-0814T1030,2026-08-14T05:30:52-05:00,2015958,CLASE PRACTICA,(4) Grupo 4,Mario Arturo Rincon Villalba,20,23
gh-31780279220-0814T1030,2026-08-14T05:30:52-05:00,2015958,CLASE PRACTICA,(5) Grupo 5,Mario Arturo Rincon Villalba,20,23
gh-31780279220-0814T1030,2026-08-14T05:30:52-05:00,2015958,CLASE PRACTICA,(6) Grupo 6,Fausto Alejandro Silva España,20,23
gh-31780279220-0814T1030,2026-08-14T05:30:52-05:00,2015958,CLASE PRACTICA,(7) Grupo 7,Fausto Alejandro Silva España,20,23
gh-31780279220-0814T1030,2026-08-14T05:30:52-05:00,2015958,CLASE PRACTICA,(8) Grupo 8,Fausto Alejandro Silva España,20,23
gh-31780279220-0814T1030,2026-08-14T05:30:52-05:00,2015958,CLASE PRACTICA,(9) Grupo 9,Fausto Alejandro Silva España,20,23
gh-31780279220-0814T1030,2026-08-14T05:30:52-05:00,2015958,CLASE TEORICA,(1) Grupo 1,William Castro Garcia,40,23
gh-31780279220-0814T1030,2026-08-14T05:30:52-05:00,2015958,CLASE TEORICA,(3) Grupo 3,Carlos Alfonso Gomez Guacaneme,30,23
gh-31780279220-0814T1030,2026-08-14T05:30:52-05:00,2015958,CLASE TEORICA,(4) Grupo 4,Mario Arturo Rincon Villalba,40,23
gh-31780279220-0814T1030,2026-08-14T05:30:52-05:00,2015958,CLASE TEORICA,(6) Grupo 6,Cesar Andres Cortes Bello,40,23
gh-31780279220-0814T1030,2026-08-14T05:30:52-05:00,2015958,CLASE TEORICA,(8) Grupo 8,Cesar Andres Cortes Bello,40,23
gh-31780279220-0814T1030,2026-08-14T05:30:53-05:00,2015959,CLASE TEORICA,(1) Grupo 1,Carlos Eduardo Rodriguez Pineda,30,24
gh-31780279220-0814T1030,2026-08-14T05:30:53-05:00,2015959,CLASE TEORICA,(2) Grupo 2,Guillermo Eduardo Avila Alvarez,30,24
gh-31780279220-0814T1030,2026-08-14T05:30:53-05:00,2015959,CLASE TEORICA,(3) Grupo 3,Livaniel Viveros Rosero,30,24
gh-31780279220-0814T1030,2026-08-14T05:30:53-05:00,2015959,CLASE TEORICA,(4) Grupo 4,No informado,0,24
gh-31780279220-0814T1030,2026-08-14T05:30:56-05:00,2015961,CLASE TEORICA,(1) Grupo 1,Rafael Orland Ortiz Mosquera,24,26
gh-31780279220-0814T1030,2026-08-14T05:30:56-05:00,2015961,CLASE TEORICA,(2) Grupo 2,Adriana Patricia Piña Fulano,24,26
gh-31780279220-0814T1030,2026-08-14T05:30:56-05:00,2015961,CLASE TEORICA,(3) Grupo 3,Gelber Norberto Gutierrez Palacios,24,26
gh-31780279220-0814T1030,2026-08-14T05:30:56-05:00,2015961,CLASE TEORICA,(4) Grupo 4,No informado,24,26
gh-31780279220-0814T1030,2026-08-14T05:30:56-05:00,2015961,CLASE TEORICA,(5) Grupo 5,No informado,24,26
gh-31780279220-0814T1030,2026-08-14T05:30:56-05:00,2015961,CLASE TEORICA,(6) Grupo 6,Leonardo David Donado Garzon,24,26
gh-31780279220-0814T1030,2026-08-14T05:30:57-05:00,2015978,CLASE TEORICA,(1) Grupo 1,No informado,0,27
gh-31780279220-0814T1030,2026-08-14T05:30:57-05:00,2015978,CLASE TEORICA,(2) Grupo 2,Erasmo Alfredo Rodriguez Sandoval,30,27
gh-31780279220-0814T1030,2026-08-14T05:30:57-05:00,2015978,CLASE TEORICA,(3) Grupo 3,No informado,30,27
gh-31780279220-0814T1030,2026-08-14T05:30:57-05:00,2015978,CLASE TEORICA,(4) Grupo 4,No informado,30,27
gh-31780279220-0814T1030,2026-08-14T05:30:57-05:00,2015978,CLASE TEORICA,(5) Grupo 5,No informado,30,27
gh-31780279220-0814T1030,2026-08-14T05:30:58-05:00,2026135,CLASE TEORICA,(1) Grupo 1,NICOLAS ESCALANTE MORA,25,28
gh-31780279220-0814T1030,2026-08-14T05:30:58-05:00,2026135,CLASE TEORICA,(2) Grupo 2,Leonel Vega Mora,25,28
gh-31780279220-0814T1030,2026-08-14T05:30:58-05:00,2026135,CLASE TEORICA,(3) Grupo 3,Leonel Vega Mora,25,28
gh-31780279220-0814T1030,2026-08-14T05:30:59-05:00,2015963,CLASE TEORICA,(1) Grupo 1,No informado,30,29
gh-31780279220-0814T1030,2026-08-14T05:30:59-05:00,2015963,CLASE TEORICA,(2) Grupo 2,No informado,30,29
gh-31780279220-0814T1030,2026-08-14T05:30:59-05:00,2015963,CLASE TEORICA,(3) Grupo 3,William Castro Garcia,30,29
gh-31780279220-0814T1030,2026-08-14T05:31:00-05:00,2026138,CLASE TEORICA,(1) Grupo 1,Ivan Dario Serrano Arrieta,30,30
gh-31780279220-0814T1030,2026-08-14T05:31:00-05:00,2026138,CLASE TEORICA,(2) Grupo 2,Ivan Dario Serrano Arrieta,30,30
gh-31780279220-0814T1030,2026-08-14T05:31:00-05:00,2026138,CLASE TEORICA,(3) Grupo 3,Pedro Luis Jimenez Poveda,30,30
gh-31780279220-0814T1030,2026-08-14T05:31:02-05:00,2015703,NA,(1) Grupo 1,Angela Maria Arboleda Restrepo,40,31
gh-31780279220-0814T1030,2026-08-14T05:31:02-05:00,2015703,NA,(10) Grupo 10,Diego Alejandro Hernandez Castañeda,30,31
gh-31780279220-0814T1030,2026-08-14T05:31:02-05:00,2015703,NA,(11) Grupo 11,Julio Cesar Cañon Rodriguez,30,31
gh-31780279220-0814T1030,2026-08-14T05:31:02-05:00,2015703,NA,(2) Grupo 2,Osman Benjamin Giovanny Vargas Rozo,40,31
gh-31780279220-0814T1030,2026-08-14T05:31:02-05:00,2015703,NA,(3) Grupo 3,Hugo Alberto Herrera Fonseca,40,31
gh-31780279220-0814T1030,2026-08-14T05:31:02-05:00,2015703,NA,(4) Grupo 4,LINA JULIANA BULLA CASAS,30,31
gh-31780279220-0814T1030,2026-08-14T05:31:02-05:00,2015703,NA,(5) Grupo 5 - Virtual,Cesar Augusto Roa Lemus,60,31
gh-31780279220-0814T1030,2026-08-14T05:31:02-05:00,2015703,NA,(6) Grupo 6,JAVIER RICARDO OJEDA SANCHEZ,40,31
gh-31780279220-0814T1030,2026-08-14T05:31:02-05:00,2015703,NA,(7) Grupo 7,JAVIER RICARDO OJEDA SANCHEZ,20,31
gh-31780279220-0814T1030,2026-08-14T05:31:02-05:00,2015703,NA,(8) Grupo 8,Diego Alejandro Hernandez Castañeda,40,31
gh-31780279220-0814T1030,2026-08-14T05:31:02-05:00,2015703,NA,(9) Grupo 9,LINA JULIANA BULLA CASAS,35,31
gh-31780279220-0814T1030,2026-08-14T05:31:03-05:00,1000044-B,CLASE TEORICA,(1) Grupo 1,Beatriz Elena Urrutia Sanchez,26,32
gh-31780279220-0814T1030,2026-08-14T05:31:03-05:00,1000044-B,CLASE TEORICA,(2) Grupo 2,Yaneli Niño Osorio,26,32
gh-31780279220-0814T1030,2026-08-14T05:31:03-05:00,1000044-B,CLASE TEORICA,(3) Grupo 3,Luis Gabriel Peña Ortiz,26,32
gh-31780279220-0814T1030,2026-08-14T05:31:03-05:00,1000044-B,CLASE TEORICA,(4) Grupo 4,Liliana Marcela Guzman Aricapa,26,32
gh-31780279220-0814T1030,2026-08-14T05:31:03-05:00,1000044-B,CLASE TEORICA,(5) Grupo 5,Beatriz Elena Urrutia Sanchez,26,32
gh-31780279220-0814T1030,2026-08-14T05:31:03-05:00,1000044-B,CLASE TEORICA,(6) Grupo 6,Cesar Augusto Romero,26,32
gh-31780279220-0814T1030,2026-08-14T05:31:03-05:00,1000044-B,CLASE TEORICA,(7) Grupo 7,JOSE JONATHAN MAESTRE HERRERA,26,32
gh-31780279220-0814T1030,2026-08-14T05:31:03-05:00,1000044-B,CLASE TEORICA,(8) Grupo 8,Beymar Leonardo Solorzano Alviz,26,32
gh-31780279220-0814T1030,2026-08-14T05:31:03-05:00,1000044-B,CLASE TEORICA,(9) Grupo 9,Claudia Marcela Arevalo Gomez,7,32
gh-31780279220-0814T1030,2026-08-14T05:31:04-05:00,1000045-B,CLASE TEORICA,(1) Grupo 1,Claudia Marcela Arevalo Gomez,10,33
gh-31780279220-0814T1030,2026-08-14T05:31:04-05:00,1000045-B,CLASE TEORICA,(10) Grupo 10,Jesica paola Rendon Alfonso,26,33
gh-31780279220-0814T1030,2026-08-14T05:31:04-05:00,1000045-B,CLASE TEORICA,(11) Grupo 11,JOSE JONATHAN MAESTRE HERRERA,26,33
gh-31780279220-0814T1030,2026-08-14T05:31:04-05:00,1000045-B,CLASE TEORICA,(12) Grupo 12,LINDA JOHANA RUIZ GOMEZ,26,33
gh-31780279220-0814T1030,2026-08-14T05:31:04-05:00,1000045-B,CLASE TEORICA,(13) Grupo 13,Narly Yadira Pardo Cadena,26,33
gh-31780279220-0814T1030,2026-08-14T05:31:04-05:00,1000045-B,CLASE TEORICA,(14) Grupo 14,Angelica Saenz Fonseca,26,33
gh-31780279220-0814T1030,2026-08-14T05:31:04-05:00,1000045-B,CLASE TEORICA,(15) Grupo 15,Narly Yadira Pardo Cadena,26,33
gh-31780279220-0814T1030,2026-08-14T05:31:04-05:00,1000045-B,CLASE TEORICA,(16) Grupo 16,Luis Gabriel Peña Ortiz,26,33
gh-31780279220-0814T1030,2026-08-14T05:31:04-05:00,1000045-B,CLASE TEORICA,(2) Grupo 2,Cesar Augusto Romero,26,33
gh-31780279220-0814T1030,2026-08-14T05:31:04-05:00,1000045-B,CLASE TEORICA,(3) Grupo 3,Jesica paola Rendon Alfonso,26,33
gh-31780279220-0814T1030,2026-08-14T05:31:04-05:00,1000045-B,CLASE TEORICA,(4) Grupo 4,Adriana Marlen Sanchez Riaño,26,33
gh-31780279220-0814T1030,2026-08-14T05:31:04-05:00,1000045-B,CLASE TEORICA,(5) Grupo 5,Cesar Augusto Romero,26,33
gh-31780279220-0814T1030,2026-08-14T05:31:04-05:00,1000045-B,CLASE TEORICA,(6) Grupo 6,Sara Elisa Monsalve Patino,26,33
gh-31780279220-0814T1030,2026-08-14T05:31:04-05:00,1000045-B,CLASE TEORICA,(7) Grupo 7,Luis Gabriel Peña Ortiz,26,33
gh-31780279220-0814T1030,2026-08-14T05:31:04-05:00,1000045-B,CLASE TEORICA,(8) Grupo 8,Johnatan Martinez Hernandez,26,33
gh-31780279220-0814T1030,2026-08-14T05:31:04-05:00,1000045-B,CLASE TEORICA,(9) Grupo 9,Maureen Elizabeth Hooker Oneill,15,33
gh-31780279220-0814T1030,2026-08-14T05:31:07-05:00,1000046-B,CLASE TEORICA,(1) Grupo 1,Johnatan Martinez Hernandez,26,35
gh-31780279220-0814T1030,2026-08-14T05:31:07-05:00,1000046-B,CLASE TEORICA,(10) Grupo 10,Jennly Angelica Gomez Rodriguez,26,35
gh-31780279220-0814T1030,2026-08-14T05:31:07-05:00,1000046-B,CLASE TEORICA,(11) Grupo 11,Angelica Saenz Fonseca,26,35
gh-31780279220-0814T1030,2026-08-14T05:31:07-05:00,1000046-B,CLASE TEORICA,(12) Grupo 12,Liliana Marcela Guzman Aricapa,26,35
gh-31780279220-0814T1030,2026-08-14T05:31:07-05:00,1000046-B,CLASE TEORICA,(13) Grupo 13,ALBA LUCIA RIAÑO RODRIGUEZ,26,35
gh-31780279220-0814T1030,2026-08-14T05:31:07-05:00,1000046-B,CLASE TEORICA,(14) Grupo 14,Angelica Saenz Fonseca,26,35
gh-31780279220-0814T1030,2026-08-14T05:31:07-05:00,1000046-B,CLASE TEORICA,(15) Grupo 15,Luis Gabriel Peña Ortiz,26,35
gh-31780279220-0814T1030,2026-08-14T05:31:07-05:00,1000046-B,CLASE TEORICA,(16) Grupo 16,Olga Lucia Ruiz Convers,26,35
gh-31780279220-0814T1030,2026-08-14T05:31:07-05:00,1000046-B,CLASE TEORICA,(17) Grupo 17,Luis Gabriel Peña Ortiz,26,35
gh-31780279220-0814T1030,2026-08-14T05:31:07-05:00,1000046-B,CLASE TEORICA,(18) Grupo 18,Narly Yadira Pardo Cadena,26,35
gh-31780279220-0814T1030,2026-08-14T05:31:07-05:00,1000046-B,CLASE TEORICA,(2) Grupo 2,Jesica paola Rendon Alfonso,26,35
gh-31780279220-0814T1030,2026-08-14T05:31:07-05:00,1000046-B,CLASE TEORICA,(3) Grupo 3,JESUS DAVID TORRES RODRIGUEZ,26,35
gh-31780279220-0814T1030,2026-08-14T05:31:07-05:00,1000046-B,CLASE TEORICA,(4) Grupo 4,Claudia Patricia Cortes Lora,26,35
gh-31780279220-0814T1030,2026-08-14T05:31:07-05:00,1000046-B,CLASE TEORICA,(5) Grupo 5,Johnatan Martinez Hernandez,26,35
gh-31780279220-0814T1030,2026-08-14T05:31:07-05:00,1000046-B,CLASE TEORICA,(6) Grupo 6,Johnatan Martinez Hernandez,26,35
gh-31780279220-0814T1030,2026-08-14T05:31:07-05:00,1000046-B,CLASE TEORICA,(7) Grupo 7,Jesica paola Rendon Alfonso,26,35
gh-31780279220-0814T1030,2026-08-14T05:31:07-05:00,1000046-B,CLASE TEORICA,(8) Grupo 8,Beatriz Elena Urrutia Sanchez,26,35
gh-31780279220-0814T1030,2026-08-14T05:31:07-05:00,1000046-B,CLASE TEORICA,(9) Grupo 9,Maureen Elizabeth Hooker Oneill,10,35
gh-31780279220-0814T1030,2026-08-14T05:31:09-05:00,1000052-B,CLASE TEORICA,(1) Grupo 1,Liliana Marcela Guzman Aricapa,28,37
gh-31780279220-0814T1030,2026-08-14T05:31:09-05:00,1000052-B,CLASE TEORICA,(2) Grupo 2,JOSE JONATHAN MAESTRE HERRERA,28,37
gh-31780279220-0814T1030,2026-08-14T05:31:09-05:00,1000052-B,CLASE TEORICA,(3) Grupo 3,Aida Elena Monsalve Solorzano,28,37
gh-31780279220-0814T1030,2026-08-14T05:31:11-05:00,1000053-B,CLASE TEORICA,(1) Grupo 1,Jennly Angelica Gomez Rodriguez,28,38
gh-31780279220-0814T1030,2026-08-14T05:31:11-05:00,1000053-B,CLASE TEORICA,(2) Grupo 2,Yaneli Niño Osorio,28,38
gh-31780279220-0814T1030,2026-08-14T05:31:11-05:00,1000053-B,CLASE TEORICA,(3) Grupo 3,Javier Rodriguez Gomez,30,38
gh-31780279220-0814T1030,2026-08-14T05:31:11-05:00,1000053-B,CLASE TEORICA,(4) Grupo 4,Javier Rodriguez Gomez,30,38
gh-31780279220-0814T1030,2026-08-14T05:31:11-05:00,1000053-B,CLASE TEORICA,(5) Grupo 5,LINDA JOHANA RUIZ GOMEZ,28,38
gh-31780279220-0814T1030,2026-08-14T05:31:11-05:00,1000053-B,CLASE TEORICA,(6) Grupo 6,Olga Lucia Ruiz Convers,28,38
gh-31780279220-0814T1030,2026-08-14T05:31:12-05:00,1000047-B,CLASE TEORICA,(1) Grupo 1,Cesar Augusto Romero,26,39
gh-31780279220-0814T1030,2026-08-14T05:31:12-05:00,1000047-B,CLASE TEORICA,(10) Grupo 10,Monica Alexandra Riaño Orjuela,26,39
gh-31780279220-0814T1030,2026-08-14T05:31:12-05:00,1000047-B,CLASE TEORICA,(11) Grupo 11,Jennly Angelica Gomez Rodriguez,26,39
gh-31780279220-0814T1030,2026-08-14T05:31:12-05:00,1000047-B,CLASE TEORICA,(12) Grupo 12,Claudia Patricia Cortes Lora,26,39
gh-31780279220-0814T1030,2026-08-14T05:31:12-05:00,1000047-B,CLASE TEORICA,(13) Grupo 13,Angelica Saenz Fonseca,26,39
gh-31780279220-0814T1030,2026-08-14T05:31:12-05:00,1000047-B,CLASE TEORICA,(14) Grupo 14,LINDA JOHANA RUIZ GOMEZ,26,39
gh-31780279220-0814T1030,2026-08-14T05:31:12-05:00,1000047-B,CLASE TEORICA,(15) Grupo 15,Claudia Patricia Cortes Lora,26,39
gh-31780279220-0814T1030,2026-08-14T05:31:12-05:00,1000047-B,CLASE TEORICA,(16) Grupo 16,Narly Yadira Pardo Cadena,26,39
gh-31780279220-0814T1030,2026-08-14T05:31:12-05:00,1000047-B,CLASE TEORICA,(17) Grupo 17,Angelica Saenz Fonseca,26,39
gh-31780279220-0814T1030,2026-08-14T05:31:12-05:00,1000047-B,CLASE TEORICA,(18) Grupo 18,ALBA LUCIA RIAÑO RODRIGUEZ,26,39
gh-31780279220-0814T1030,2026-08-14T05:31:12-05:00,1000047-B,CLASE TEORICA,(19) Grupo 19,Aida Elena Monsalve Solorzano,26,39
gh-31780279220-0814T1030,2026-08-14T05:31:12-05:00,1000047-B,CLASE TEORICA,(2) Grupo 2,Yaneli Niño Osorio,26,39
gh-31780279220-0814T1030,2026-08-14T05:31:12-05:00,1000047-B,CLASE TEORICA,(20) Grupo 20,ALBA LUCIA RIAÑO RODRIGUEZ,26,39
gh-31780279220-0814T1030,2026-08-14T05:31:12-05:00,1000047-B,CLASE TEORICA,(21) Grupo 21,Edwin Yesid Leon Silva,26,39
gh-31780279220-0814T1030,2026-08-14T05:31:12-05:00,1000047-B,CLASE TEORICA,(22) Grupo 22,LINDA JOHANA RUIZ GOMEZ,26,39
gh-31780279220-0814T1030,2026-08-14T05:31:12-05:00,1000047-B,CLASE TEORICA,(3) Grupo 3,Monica Alexandra Riaño Orjuela,26,39
gh-31780279220-0814T1030,2026-08-14T05:31:12-05:00,1000047-B,CLASE TEORICA,(4) Grupo 4,Claudia Patricia Cortes Lora,26,39
gh-31780279220-0814T1030,2026-08-14T05:31:12-05:00,1000047-B,CLASE TEORICA,(5) Grupo 5,Olga Lucia Ruiz Convers,26,39
gh-31780279220-0814T1030,2026-08-14T05:31:12-05:00,1000047-B,CLASE TEORICA,(6) Grupo 6,Monica Alexandra Riaño Orjuela,26,39
gh-31780279220-0814T1030,2026-08-14T05:31:12-05:00,1000047-B,CLASE TEORICA,(7) Grupo 7,Cesar Augusto Romero,26,39
gh-31780279220-0814T1030,2026-08-14T05:31:12-05:00,1000047-B,CLASE TEORICA,(8) Grupo 8,Beatriz Elena Urrutia Sanchez,26,39
gh-31780279220-0814T1030,2026-08-14T05:31:12-05:00,1000047-B,CLASE TEORICA,(9) Grupo 9,Keshia Hilary Howard Livingston,15,39
gh-31780279220-0814T1030,2026-08-14T05:31:15-05:00,2026186,CLASE TEORICA,(1) Grupo 1,Carol Andrea Murillo Feo,7,41
gh-31780279220-0814T1030,2026-08-14T05:31:15-05:00,2026186,CLASE TEORICA,(2) Grupo 2,Leonel Vega Mora,0,41
gh-31780279220-0814T1030,2026-08-14T05:31:15-05:00,2026186,CLASE TEORICA,(4) Grupo 4,Carlos Orlando Robles Roa,10,41
gh-31780279220-0814T1030,2026-08-14T05:31:16-05:00,1000002-B,CLASE TEORICA,(1) Grupo 1 - Clase Presencial,Ruth Andrea Cortés Suárez,1,42
gh-31780279220-0814T1030,2026-08-14T05:31:16-05:00,1000002-B,CLASE TEORICA,(10) Grupo 10 - Clase presencial,Karen Johanna Castelblanco Villamil,0,42
gh-31780279220-0814T1030,2026-08-14T05:31:16-05:00,1000002-B,CLASE TEORICA,(2) Grupo 2 - Clase Presencial,Ruth Andrea Cortés Suárez,0,42
gh-31780279220-0814T1030,2026-08-14T05:31:16-05:00,1000002-B,CLASE TEORICA,(3) Grupo 3 - Clase Presencial,Adriana Patricia Díaz Cuevas,0,42
gh-31780279220-0814T1030,2026-08-14T05:31:16-05:00,1000002-B,CLASE TEORICA,(4) Grupo 4 - Clase Presencial,Adriana Patricia Díaz Cuevas,0,42
gh-31780279220-0814T1030,2026-08-14T05:31:16-05:00,1000002-B,CLASE TEORICA,(5) Grupo 5 - Clase Presencial,Andres Felipe Escovar Barreto,0,42
gh-31780279220-0814T1030,2026-08-14T05:31:16-05:00,1000002-B,CLASE TEORICA,(6) Grupo 6 - Clase Presencial,Ruth Andrea Cortés Suárez,0,42
gh-31780279220-0814T1030,2026-08-14T05:31:16-05:00,1000002-B,CLASE TEORICA,(7) Grupo 7 - Clase Presencial,Karen Johanna Castelblanco Villamil,0,42
gh-31780279220-0814T1030,2026-08-14T05:31:16-05:00,1000002-B,CLASE TEORICA,(8) Grupo 8 - Clase Presencial,Adriana Patricia Díaz Cuevas,0,42
gh-31780279220-0814T1030,2026-08-14T05:31:16-05:00,1000002-B,CLASE TEORICA,(9) Grupo 9 - Clase Presencial,Carlas Lucia Castilla Lara,10,42
gh-31780279220-0814T1030,2026-08-14T05:31:18-05:00,1000001-B,CLASE TEORICA,(1) Grupo 1,No informado,0,43
gh-31780279220-0814T1030,2026-08-14T05:31:18-05:00,1000001-B,CLASE TEORICA,(19) Grupo 19,No informado,5,43
gh-31780279220-0814T1030,2026-08-14T05:31:18-05:00,1000001-B,CLASE TEORICA,(2) Grupo 2,No informado,10,43
gh-31780279220-0814T1030,2026-08-14T05:31:18-05:00,1000001-B,CLASE MAGISTRAL,(1) Grupo 1,Ibeth Marcela Rubio Perilla,0,43
gh-31780279220-0814T1030,2026-08-14T05:31:18-05:00,1000001-B,CLASE MAGISTRAL,(10) Grupo 10,No informado,0,43
gh-31780279220-0814T1030,2026-08-14T05:31:18-05:00,1000001-B,CLASE MAGISTRAL,(2) Grupo 2,Herbert Alonso Dueñas Ruiz,0,43
gh-31780279220-0814T1030,2026-08-14T05:31:18-05:00,1000001-B,CLASE MAGISTRAL,(3) Grupo 3,Jeanneth Galeano Penaloza,0,43
gh-31780279220-0814T1030,2026-08-14T05:31:18-05:00,1000001-B,CLASE MAGISTRAL,(4) Grupo 4,Gustavo Adolfo Nieto Clavijo,0,43
gh-31780279220-0814T1030,2026-08-14T05:31:18-05:00,1000001-B,CLASE MAGISTRAL,(5) Grupo 5,Natalia Camila Pinzon Cortes,1,43
gh-31780279220-0814T1030,2026-08-14T05:31:18-05:00,1000001-B,CLASE MAGISTRAL,(6) Grupo 6,Martha Cecilia Moreno Penagos,0,43
gh-31780279220-0814T1030,2026-08-14T05:31:18-05:00,1000001-B,CLASE MAGISTRAL,(7) Grupo 7,Claudio Rodriguez Beltran,0,43
gh-31780279220-0814T1030,2026-08-14T05:31:18-05:00,1000001-B,CLASE MAGISTRAL,(8) Grupo 8,Gabriel Ignacio Padilla Leon,1,43
gh-31780279220-0814T1030,2026-08-14T05:31:18-05:00,1000001-B,CLASE MAGISTRAL,(9) Grupo 9,No informado,10,43
gh-31780279220-0814T1030,2026-08-14T05:31:19-05:00,2015965,CLASE TEORICA,(1) Grupo 1,CAMILO RIOS FRESNEDA,24,44
gh-31780279220-0814T1030,2026-08-14T05:31:19-05:00,2015965,CLASE TEORICA,(2) Grupo 2,Julian David Puerto Suarez; Vladimir Buelvas Hernández,24,44
gh-31780279220-0814T1030,2026-08-14T05:31:19-05:00,2015965,CLASE TEORICA,(3) Grupo 3,Ferney Betancourt Cardozo; Juan Manuel Lizarazo Marriaga,24,44
gh-31780279220-0814T1030,2026-08-14T05:31:19-05:00,2015965,CLASE TEORICA,(4) Grupo 4,No informado,24,44
gh-31780279220-0814T1030,2026-08-14T05:31:20-05:00,2015966,CLASE TEORICA,(1) Grupo 1,No informado,24,45
gh-31780279220-0814T1030,2026-08-14T05:31:20-05:00,2015966,CLASE TEORICA,(2) Grupo 2,Adriana Patricia Piña Fulano,24,45
gh-31780279220-0814T1030,2026-08-14T05:31:20-05:00,2015966,CLASE TEORICA,(3) Grupo 3,Rafael Orland Ortiz Mosquera,24,45
gh-31780279220-0814T1030,2026-08-14T05:31:20-05:00,2015966,CLASE TEORICA,(4) Grupo 4,No informado,24,45
gh-31780279220-0814T1030,2026-08-14T05:31:20-05:00,2015966,CLASE TEORICA,(5) Grupo 5,No informado,24,45
gh-31780279220-0814T1030,2026-08-14T05:31:20-05:00,2015966,CLASE TEORICA,(6) Grupo 6,Luis Alejandro Morales Marin,24,45
gh-31780279220-0814T1030,2026-08-14T05:31:20-05:00,2015966,CLASE TEORICA,(7) Grupo 7,No informado,24,45
gh-31780279220-0814T1030,2026-08-14T05:31:20-05:00,2015966,CLASE TEORICA,(8) Grupo 8,No informado,24,45
gh-31780279220-0814T1030,2026-08-14T05:31:21-05:00,2015967,NA,(1) Grupo 1,Vladimir Buelvas Hernández,24,46
gh-31780279220-0814T1030,2026-08-14T05:31:23-05:00,2015968,CLASE TEORICA,(1) Grupo 1,Ricardo Parra Arango,24,47
gh-31780279220-0814T1030,2026-08-14T05:31:23-05:00,2015968,CLASE TEORICA,(2) Grupo 2,Juan David Oliveros Salazar,24,47
gh-31780279220-0814T1030,2026-08-14T05:31:23-05:00,2015968,CLASE TEORICA,(3) Grupo 3,No informado,24,47
gh-31780279220-0814T1030,2026-08-14T05:31:23-05:00,2015968,CLASE TEORICA,(4) Grupo 4,Ricardo Parra Arango,24,47
gh-31780279220-0814T1030,2026-08-14T05:31:23-05:00,2015968,CLASE TEORICA,(5) Grupo 5,Julian David Puerto Suarez,24,47
gh-31780279220-0814T1030,2026-08-14T05:31:23-05:00,2015968,CLASE TEORICA,(6) Grupo 6,Dorian Luis Linero Segrera,24,47
gh-31780279220-0814T1030,2026-08-14T05:31:23-05:00,2015968,CLASE TEORICA,(7) Grupo 7,No informado,0,47
gh-31780279220-0814T1030,2026-08-14T05:31:24-05:00,2015969,CLASE TEORICA,(1) Grupo 1 (Inglés),Julio Esteban Colmenares Montañez,30,48
gh-31780279220-0814T1030,2026-08-14T05:31:24-05:00,2015969,CLASE TEORICA,(2) Grupo 2,Guillermo Eduardo Avila Alvarez,30,48
gh-31780279220-0814T1030,2026-08-14T05:31:24-05:00,2015969,CLASE TEORICA,(3) Grupo 3,Livaniel Viveros Rosero,30,48
gh-31780279220-0814T1030,2026-08-14T05:31:24-05:00,2015969,CLASE TEORICA,(4) Grupo 4,No informado,30,48
gh-31780279220-0814T1030,2026-08-14T05:31:25-05:00,2015970,CLASE PRACTICA,(4) Grupo 4,Helga Duarte,30,49
gh-31780279220-0814T1030,2026-08-14T05:31:25-05:00,2015970,CLASE PRACTICA,(5) Grupo 5,Oswaldo Rojas Camacho,45,49
gh-31780279220-0814T1030,2026-08-14T05:31:25-05:00,2015970,CLASE PRACTICA,(8) Grupo 8,Helga Duarte,30,49
gh-31780279220-0814T1030,2026-08-14T05:31:25-05:00,2015970,CLASE PRACTICA,(9) Grupo 9,Oswaldo Rojas Camacho,45,49
gh-31780279220-0814T1030,2026-08-14T05:31:26-05:00,2017293,CLASE TEORICA,(1) 2017293-1 Modelación matemática,JUAN SEBASTIÁN HINCAPIÉ MONTES,34,50
gh-31780279220-0814T1030,2026-08-14T05:31:26-05:00,2017293,CLASE TEORICA,(2) 2017293-2 Modelación matemática,JUAN SEBASTIÁN HINCAPIÉ MONTES,34,50
gh-31780279220-0814T1030,2026-08-14T05:31:26-05:00,2017293,CLASE MAGISTRAL,(1M) 2017293-1M Modelación matemática - Magistral,Carlos Alberto Duque Daza,80,50
gh-31780279220-0814T1030,2026-08-14T05:31:30-05:00,2015971,CLASE TEORICA,(1) Grupo 1,No informado,30,53
gh-31780279220-0814T1030,2026-08-14T05:31:30-05:00,2015971,CLASE TEORICA,(2) Grupo 2,Ferney Betancourt Cardozo,30,53
gh-31780279220-0814T1030,2026-08-14T05:31:30-05:00,2015971,CLASE TEORICA,(3) Grupo 3,No informado,30,53
gh-31780279220-0814T1030,2026-08-14T05:31:31-05:00,2015972,CLASE TEORICA,(1) Grupo 1,Carlos Alberto Moncada Aristizabal,15,54
gh-31780279220-0814T1030,2026-08-14T05:31:31-05:00,2015972,CLASE TEORICA,(2) Grupo 2,SANTIAGO RAMIREZ ECHEVERRI,15,54
gh-31780279220-0814T1030,2026-08-14T05:31:31-05:00,2015972,CLASE TEORICA,(3) Grupo 3,No informado,15,54
gh-31780279220-0814T1030,2026-08-14T05:31:32-05:00,1000024-B,CLASE TEORICA,(12) Grupo 12,Edgar Delgado Mejia,0,55
gh-31780279220-0814T1030,2026-08-14T05:31:32-05:00,1000024-B,CLASE TEORICA,(13) Grupo 13,Jesus Sigifredo Valencia Rios,0,55
gh-31780279220-0814T1030,2026-08-14T05:31:32-05:00,1000024-B,CLASE TEORICA,(14) Grupo 14,Jhon Jairo Aragón Arias,10,55
gh-31780279220-0814T1030,2026-08-14T05:31:33-05:00,1000013-B,CLASE TEORICA,(1) Grupo 1,JHONIER SEBASTIAN RANGEL GUTIERREZ,0,56
gh-31780279220-0814T1030,2026-08-14T05:31:33-05:00,1000013-B,CLASE TEORICA,(10) Grupo 10,Sandra Vergara Cardozo,35,56
gh-31780279220-0814T1030,2026-08-14T05:31:33-05:00,1000013-B,CLASE TEORICA,(11) Grupo 11,DIEGO ALBERTO MARTINEZ SIMBAQUEVA,40,56
gh-31780279220-0814T1030,2026-08-14T05:31:33-05:00,1000013-B,CLASE TEORICA,(12) Grupo 12,DIEGO ALBERTO MARTINEZ SIMBAQUEVA,40,56
gh-31780279220-0814T1030,2026-08-14T05:31:33-05:00,1000013-B,CLASE TEORICA,(13) Grupo 13,DIEGO ALBERTO MARTINEZ SIMBAQUEVA,30,56
gh-31780279220-0814T1030,2026-08-14T05:31:33-05:00,1000013-B,CLASE TEORICA,(14) Grupo 14,Andrea Catalina Garcia Montoya,45,56
gh-31780279220-0814T1030,2026-08-14T05:31:33-05:00,1000013-B,CLASE TEORICA,(16) Grupo 16,Sergio Alejandro Calderon Villanueva,30,56
gh-31780279220-0814T1030,2026-08-14T05:31:33-05:00,1000013-B,CLASE TEORICA,(2) Grupo 2,Luis Guillermo Diaz Monroy,40,56
gh-31780279220-0814T1030,2026-08-14T05:31:33-05:00,1000013-B,CLASE TEORICA,(22) Grupo 22,Hanwen Zhang,45,56
gh-31780279220-0814T1030,2026-08-14T05:31:33-05:00,1000013-B,CLASE TEORICA,(23) Grupo 23,ULPIANO LARA CRISTANCHO,0,56
gh-31780279220-0814T1030,2026-08-14T05:31:33-05:00,1000013-B,CLASE TEORICA,(3) Grupo 3,Diana Carolina Franco Soto,40,56
gh-31780279220-0814T1030,2026-08-14T05:31:33-05:00,1000013-B,CLASE TEORICA,(4) Grupo 4,Diana Carolina Franco Soto,40,56
gh-31780279220-0814T1030,2026-08-14T05:31:33-05:00,1000013-B,CLASE TEORICA,(5) Grupo 5,Darwin Eduardo Martínez Riaño,35,56
gh-31780279220-0814T1030,2026-08-14T05:31:33-05:00,1000013-B,CLASE TEORICA,(6) Grupo 6,Darwin Eduardo Martínez Riaño,35,56
gh-31780279220-0814T1030,2026-08-14T05:31:33-05:00,1000013-B,CLASE TEORICA,(7) Grupo 7,Camilo Jose Torres Jimenez,40,56
gh-31780279220-0814T1030,2026-08-14T05:31:35-05:00,2015734,NA,(1) Grupo 1,Fernando Salazar Delgado,6,57
gh-31780279220-0814T1030,2026-08-14T05:31:35-05:00,2015734,NA,(10) Grupo 10,Tito Florez Calderon,4,57
gh-31780279220-0814T1030,2026-08-14T05:31:35-05:00,2015734,NA,(11) Grupo 11,DAVID ALBERTO HERRERA ALVAREZ,0,57
gh-31780279220-0814T1030,2026-08-14T05:31:35-05:00,2015734,NA,(12) Grupo 12,FABIEL NATÁN ESPINOSA CASTAÑEDA,1,57
gh-31780279220-0814T1030,2026-08-14T05:31:35-05:00,2015734,NA,(13) Grupo 13,SERGIO CAMILO ESPINOSA BOTERO,4,57
gh-31780279220-0814T1030,2026-08-14T05:31:35-05:00,2015734,NA,(14) Grupo 14,Felipe Gonzalez Roldan,0,57
gh-31780279220-0814T1030,2026-08-14T05:31:35-05:00,2015734,NA,(2) Grupo 2,Fernando Salazar Delgado,16,57
gh-31780279220-0814T1030,2026-08-14T05:31:35-05:00,2015734,NA,(3) Grupo 3,Jhoan Sebastian Restrepo Mendoza,0,57
gh-31780279220-0814T1030,2026-08-14T05:31:35-05:00,2015734,NA,(4) Grupo 4,Sandra Liliana Rojas Martinez,0,57
gh-31780279220-0814T1030,2026-08-14T05:31:35-05:00,2015734,NA,(5) Grupo 5,Jhoan Sebastian Restrepo Mendoza,0,57
gh-31780279220-0814T1030,2026-08-14T05:31:35-05:00,2015734,NA,(6) Grupo 6,SERGIO CAMILO ESPINOSA BOTERO,8,57
gh-31780279220-0814T1030,2026-08-14T05:31:35-05:00,2015734,NA,(7) Grupo 7,No informado,3,57
gh-31780279220-0814T1030,2026-08-14T05:31:35-05:00,2015734,NA,(8) Grupo 8 - Virtual,FABIEL NATÁN ESPINOSA CASTAÑEDA,30,57
gh-31780279220-0814T1030,2026-08-14T05:31:35-05:00,2015734,NA,(9) Grupo 9,Alvaro Reynel Córdoba,18,57
gh-31780279220-0814T1030,2026-08-14T05:31:37-05:00,2015973,CLASE TEORICA,(1) Grupo 1,No informado,25,59
gh-31780279220-0814T1030,2026-08-14T05:31:37-05:00,2015973,CLASE TEORICA,(2) Grupo 2,GABRIELA ARRIETA LOYO,25,59
gh-31780279220-0814T1030,2026-08-14T05:31:37-05:00,2015973,CLASE TEORICA,(3) Grupo 3,NICOLAS ESCALANTE MORA,25,59
gh-31780279220-0814T1030,2026-08-14T05:31:39-05:00,2022761,NA,(1) Grupo 1,Servio Javier Contreras Guerrero,15,60
gh-31780279220-0814T1030,2026-08-14T05:31:39-05:00,2022761,NA,(2) Grupo 2,Servio Javier Contreras Guerrero,15,60
gh-31780279220-0814T1030,2026-08-14T05:31:39-05:00,2022761,NA,(3) Grupo 3,Samuel Fernando Mesa Giraldo,15,60
gh-31780279220-0814T1030,2026-08-14T05:31:40-05:00,2024045,CLASE TEORICA,(1) 2024045-1 Taller de proyectos interdisciplinarios,No informado,0,61
gh-31780279220-0814T1030,2026-08-14T05:31:40-05:00,2024045,CLASE TEORICA,(10) 2024045-10 Taller de proyectos interdisciplinarios,Oscar Andres Eraso Eraso,0,61
gh-31780279220-0814T1030,2026-08-14T05:31:40-05:00,2024045,CLASE TEORICA,(11) 2024045-11 Taller de proyectos interdisciplinarios,No informado,0,61
gh-31780279220-0814T1030,2026-08-14T05:31:40-05:00,2024045,CLASE TEORICA,(12) 2024045-12 Taller de proyectos interdisciplinarios,Hector Julian Garcia Otalora,200,61
gh-31780279220-0814T1030,2026-08-14T05:31:40-05:00,2024045,CLASE TEORICA,(13) 2024045-13 Taller de proyectos interdisciplinarios,No informado,0,61
gh-31780279220-0814T1030,2026-08-14T05:31:40-05:00,2024045,CLASE TEORICA,(14) 2024045-14 Taller de proyectos interdisciplinarios,Dolly Santos Barbosa,0,61
gh-31780279220-0814T1030,2026-08-14T05:31:40-05:00,2024045,CLASE TEORICA,(15) 2024045-15 Taller de proyectos interdisciplinarios,Oscar Andres Eraso Eraso,0,61
gh-31780279220-0814T1030,2026-08-14T05:31:40-05:00,2024045,CLASE TEORICA,(16) 2024045-16 Taller de proyectos interdisciplinarios,Luis Ignacio Rodriguez Varela,0,61
gh-31780279220-0814T1030,2026-08-14T05:31:40-05:00,2024045,CLASE TEORICA,(17) 2024045-17 Taller de proyectos interdisciplinarios,JOHANA CATALINA MANOSALVA BARRERA,0,61
gh-31780279220-0814T1030,2026-08-14T05:31:40-05:00,2024045,CLASE TEORICA,(18) 2024045-18 Taller de proyectos interdisciplinarios,Fernando Bernal Martinez,0,61
gh-31780279220-0814T1030,2026-08-14T05:31:40-05:00,2024045,CLASE TEORICA,(19) 2024045-19 Taller de proyectos interdisciplinarios,FRANCISCO JAVIER VÁSQUEZ VÁSQUEZ,0,61
gh-31780279220-0814T1030,2026-08-14T05:31:40-05:00,2024045,CLASE TEORICA,(2) 2024045-2 Taller de proyectos interdisciplinarios,Fernando Bernal Martinez,0,61
gh-31780279220-0814T1030,2026-08-14T05:31:40-05:00,2024045,CLASE TEORICA,(21) 2024045-21 Taller de proyectos interdisciplinarios,No informado,0,61
gh-31780279220-0814T1030,2026-08-14T05:31:40-05:00,2024045,CLASE TEORICA,(22) 2024045-22 Taller de proyectos interdisciplinarios,Ubaldo Garcia Zaragoza,0,61
gh-31780279220-0814T1030,2026-08-14T05:31:40-05:00,2024045,CLASE TEORICA,(23) 2024045-23 Taller de proyectos interdisciplinarios,No informado,0,61
gh-31780279220-0814T1030,2026-08-14T05:31:40-05:00,2024045,CLASE TEORICA,(24) 2024045-24 Taller de proyectos interdisciplinarios,Hector Julian Garcia Otalora,200,61
gh-31780279220-0814T1030,2026-08-14T05:31:40-05:00,2024045,CLASE TEORICA,(3) 2024045-3 Taller de proyectos interdisciplinarios,Guillermo Alberto Rocha Casas,0,61
gh-31780279220-0814T1030,2026-08-14T05:31:40-05:00,2024045,CLASE TEORICA,(4) 2024045-4 Taller de proyectos interdisciplinarios,Francy Nayely Prieto Novoa,0,61
gh-31780279220-0814T1030,2026-08-14T05:31:40-05:00,2024045,CLASE TEORICA,(40) 2024045-40 TPI-- NO BORRAR-- BLOQ ESPACIOS,No informado,0,61
gh-31780279220-0814T1030,2026-08-14T05:31:40-05:00,2024045,CLASE TEORICA,(5) 2024045-5 Taller de proyectos interdisciplinarios,Nubia Carmenza Moreno Sarmiento,0,61
gh-31780279220-0814T1030,2026-08-14T05:31:40-05:00,2024045,CLASE TEORICA,(6) 2024045-6 Taller de proyectos interdisciplinarios,JOHANA CATALINA MANOSALVA BARRERA,0,61
gh-31780279220-0814T1030,2026-08-14T05:31:40-05:00,2024045,CLASE TEORICA,(7) 2024045-7 Taller de proyectos interdisciplinarios,Ubaldo Garcia Zaragoza,0,61
gh-31780279220-0814T1030,2026-08-14T05:31:40-05:00,2024045,CLASE TEORICA,(8) 2024045-8 Taller de proyectos interdisciplinarios,JHON FREDDY LOPEZ MEDINA,0,61
gh-31780279220-0814T1030,2026-08-14T05:31:40-05:00,2024045,CLASE TEORICA,(9) 2024045-9 Taller de proyectos interdisciplinarios,Manuel Alejandro Mayorga Betancourt,0,61
gh-31780279220-0814T1030,2026-08-14T05:31:41-05:00,2015296,NA,(1) Grupo 1,Leonardo David Donado Garzon,5,62
gh-31780279220-0814T1030,2026-08-14T05:31:41-05:00,2015296,NA,(10) Grupo 10,Juan Manuel Lizarazo Marriaga,5,62
gh-31780279220-0814T1030,2026-08-14T05:31:41-05:00,2015296,NA,(11) Grupo 11,Octavio Coronado Garcia,5,62
gh-31780279220-0814T1030,2026-08-14T05:31:41-05:00,2015296,NA,(12) Grupo 12,Carol Andrea Murillo Feo,5,62
gh-31780279220-0814T1030,2026-08-14T05:31:41-05:00,2015296,NA,(13) Grupo 13,CAMILO RIOS FRESNEDA,5,62
gh-31780279220-0814T1030,2026-08-14T05:31:41-05:00,2015296,NA,(14) Grupo 14,William Castro Garcia,5,62
gh-31780279220-0814T1030,2026-08-14T05:31:41-05:00,2015296,NA,(15) Grupo 15,Luis Alejandro Morales Marin,5,62
gh-31780279220-0814T1030,2026-08-14T05:31:41-05:00,2015296,NA,(16) Grupo 16,Ferney Betancourt Cardozo,5,62
gh-31780279220-0814T1030,2026-08-14T05:31:41-05:00,2015296,NA,(17) Grupo 17,Maria Alejandra Caicedo Londoño,5,62
gh-31780279220-0814T1030,2026-08-14T05:31:41-05:00,2015296,NA,(18) Grupo 18,Guillermo Eduardo Avila Alvarez,5,62
gh-31780279220-0814T1030,2026-08-14T05:31:41-05:00,2015296,NA,(19) Grupo 19,Carlos Alfonso Gomez Guacaneme,0,62
gh-31780279220-0814T1030,2026-08-14T05:31:41-05:00,2015296,NA,(2) Grupo 2,Carlos Orlando Robles Roa,5,62
gh-31780279220-0814T1030,2026-08-14T05:31:41-05:00,2015296,NA,(3) Grupo 3,Angela Barrera Puerto,5,62
gh-31780279220-0814T1030,2026-08-14T05:31:41-05:00,2015296,NA,(4) Grupo 4,Mauricio Alberto Tapias Camacho,5,62
gh-31780279220-0814T1030,2026-08-14T05:31:41-05:00,2015296,NA,(5) Grupo 5,Maritzabel Molina Herrera,5,62
gh-31780279220-0814T1030,2026-08-14T05:31:41-05:00,2015296,NA,(6) Grupo 6,Rodolfo Rodriguez Baracaldo,5,62
gh-31780279220-0814T1030,2026-08-14T05:31:41-05:00,2015296,NA,(7) Grupo 7,SANTIAGO RAMIREZ ECHEVERRI,5,62
gh-31780279220-0814T1030,2026-08-14T05:31:41-05:00,2015296,NA,(8) Grupo 8,Jose Ricardo Martinez Vargas,5,62
gh-31780279220-0814T1030,2026-08-14T05:31:41-05:00,2015296,NA,(9) Grupo 9,GABRIELA ARRIETA LOYO,5,62
gh-31780279220-0814T1030,2026-08-14T05:31:43-05:00,2015299,CLASE TEORICA,(1) Grupo 1,GABRIELA ARRIETA LOYO,51,63
gh-31780279220-0814T1100,2026-08-14T06:00:15-05:00,2015938,CLASE TEORICA,(1) Grupo 1,Maria Alejandra Caicedo Londoño,25,0
gh-31780279220-0814T1100,2026-08-14T06:00:15-05:00,2015938,CLASE TEORICA,(2) Grupo 2,Maria Alejandra Caicedo Londoño,25,0
gh-31780279220-0814T1100,2026-08-14T06:00:15-05:00,2015938,CLASE TEORICA,(3) Grupo 3,JOSE LUIS DIAZ AREVALO,25,0
gh-31780279220-0814T1100,2026-08-14T06:00:15-05:00,2015938,CLASE TEORICA,(4) Grupo 4,JOSE LUIS DIAZ AREVALO,24,0
gh-31780279220-0814T1100,2026-08-14T06:00:17-05:00,2015939,CLASE TEORICA,(1) Grupo 1,ALVARO MARTIN GUTIERREZ MALAXECHEBARRIA,25,1
gh-31780279220-0814T1100,2026-08-14T06:00:17-05:00,2015939,CLASE TEORICA,(2) Grupo 2,ALVARO MARTIN GUTIERREZ MALAXECHEBARRIA,25,1
gh-31780279220-0814T1100,2026-08-14T06:00:17-05:00,2015939,CLASE TEORICA,(3) Grupo 3,Edder Alexander Velandia Duran,25,1
gh-31780279220-0814T1100,2026-08-14T06:00:17-05:00,2015939,CLASE TEORICA,(4) Grupo 4,No informado,25,1
gh-31780279220-0814T1100,2026-08-14T06:00:18-05:00,1000003-B,NA,(1) Grupo 1,Erika Lorena Rosero Alzate; Oscar Andrés Rojas Sepúlveda,0,2
gh-31780279220-0814T1100,2026-08-14T06:00:18-05:00,1000003-B,NA,(10) Grupo 10,Epifanio Lozano Ayala,14,2
gh-31780279220-0814T1100,2026-08-14T06:00:18-05:00,1000003-B,NA,(11) Grupo 11,No informado,60,2
gh-31780279220-0814T1100,2026-08-14T06:00:18-05:00,1000003-B,NA,(12) Grupo 12,No informado,40,2
gh-31780279220-0814T1100,2026-08-14T06:00:18-05:00,1000003-B,NA,(13) Grupo 13,Mohammed EL AIDI,40,2
gh-31780279220-0814T1100,2026-08-14T06:00:18-05:00,1000003-B,NA,(15) Grupo 15,Myriam Leonor Campos Florez,60,2
gh-31780279220-0814T1100,2026-08-14T06:00:18-05:00,1000003-B,NA,(16) Grupo 16,No informado,60,2
gh-31780279220-0814T1100,2026-08-14T06:00:18-05:00,1000003-B,NA,(17) Grupo 17,Martha Cecilia Moreno Penagos,40,2
gh-31780279220-0814T1100,2026-08-14T06:00:18-05:00,1000003-B,NA,(18) Grupo 18,John Alexander Cruz Morales,52,2
gh-31780279220-0814T1100,2026-08-14T06:00:18-05:00,1000003-B,NA,(20) Grupo 20,Natalia Camila Pinzon Cortes,60,2
gh-31780279220-0814T1100,2026-08-14T06:00:18-05:00,1000003-B,NA,(21) Grupo 21,Ivon Andrea Dorado Correa,52,2
gh-31780279220-0814T1100,2026-08-14T06:00:18-05:00,1000003-B,NA,(22) Grupo 22,No informado,46,2
gh-31780279220-0814T1100,2026-08-14T06:00:18-05:00,1000003-B,NA,(3) Grupo 3,No informado,60,2
gh-31780279220-0814T1100,2026-08-14T06:00:18-05:00,1000003-B,NA,(4) Grupo 4,Luis Alejandro Barbosa Torres,112,2
gh-31780279220-0814T1100,2026-08-14T06:00:18-05:00,1000003-B,NA,(5) Grupo 5,Jaime David Mora Paz,60,2
gh-31780279220-0814T1100,2026-08-14T06:00:18-05:00,1000003-B,NA,(7) Grupo 7,Myriam Leonor Campos Florez,40,2
gh-31780279220-0814T1100,2026-08-14T06:00:18-05:00,1000003-B,NA,(8) Grupo 8,No informado,10,2
gh-31780279220-0814T1100,2026-08-14T06:00:19-05:00,2015940,CLASE TEORICA,(1) Grupo 1,Maritzabel Molina Herrera,24,3
gh-31780279220-0814T1100,2026-08-14T06:00:19-05:00,2015940,CLASE TEORICA,(2) Grupo 2,Gabriel Andres Bernal Granados,24,3
gh-31780279220-0814T1100,2026-08-14T06:00:19-05:00,2015940,CLASE TEORICA,(3) Grupo 3,No informado,24,3
gh-31780279220-0814T1100,2026-08-14T06:00:20-05:00,2015941,CLASE TEORICA,(1) Grupo 1,Patricia Luna Tamayo,30,4
gh-31780279220-0814T1100,2026-08-14T06:00:20-05:00,2015941,CLASE TEORICA,(2) Grupo 2,No informado,30,4
gh-31780279220-0814T1100,2026-08-14T06:00:20-05:00,2015941,CLASE TEORICA,(3) Grupo 3,Carlos Ramiro Vallecilla Bahena,30,4
gh-31780279220-0814T1100,2026-08-14T06:00:20-05:00,2015941,CLASE TEORICA,(4) Grupo 4,No informado,30,4
gh-31780279220-0814T1100,2026-08-14T06:00:22-05:00,1000004-B,NA,(10) Grupo 10,No informado,53,5
gh-31780279220-0814T1100,2026-08-14T06:00:22-05:00,1000004-B,NA,(11) Grupo 11,No informado,24,5
gh-31780279220-0814T1100,2026-08-14T06:00:22-05:00,1000004-B,NA,(12) Grupo 12,No informado,24,5
gh-31780279220-0814T1100,2026-08-14T06:00:22-05:00,1000004-B,NA,(13) Grupo 13,No informado,16,5
gh-31780279220-0814T1100,2026-08-14T06:00:22-05:00,1000004-B,NA,(14) Grupo 14,No informado,90,5
gh-31780279220-0814T1100,2026-08-14T06:00:22-05:00,1000004-B,NA,(16) Grupo 16,No informado,27,5
gh-31780279220-0814T1100,2026-08-14T06:00:22-05:00,1000004-B,NA,(17) Grupo 17,Hernan Garzon Gutierrez,39,5
gh-31780279220-0814T1100,2026-08-14T06:00:22-05:00,1000004-B,NA,(19) Grupo 19,No informado,59,5
gh-31780279220-0814T1100,2026-08-14T06:00:22-05:00,1000004-B,NA,(2) Grupo 2,No informado,24,5
gh-31780279220-0814T1100,2026-08-14T06:00:22-05:00,1000004-B,NA,(20) Grupo 20,Hernan Garzon Gutierrez,10,5
gh-31780279220-0814T1100,2026-08-14T06:00:22-05:00,1000004-B,NA,(21) Grupo 21,No informado,60,5
gh-31780279220-0814T1100,2026-08-14T06:00:22-05:00,1000004-B,NA,(22) Grupo 22,No informado,60,5
gh-31780279220-0814T1100,2026-08-14T06:00:22-05:00,1000004-B,NA,(24) Grupo 24,Ricardo Ariel Pastran Ramirez,60,5
gh-31780279220-0814T1100,2026-08-14T06:00:22-05:00,1000004-B,NA,(25) Grupo 25,No informado,40,5
gh-31780279220-0814T1100,2026-08-14T06:00:22-05:00,1000004-B,NA,(27) Grupo 27,No informado,51,5
gh-31780279220-0814T1100,2026-08-14T06:00:22-05:00,1000004-B,NA,(28) Grupo 28,No informado,60,5
gh-31780279220-0814T1100,2026-08-14T06:00:22-05:00,1000004-B,NA,(29) Grupo 29,No informado,60,5
gh-31780279220-0814T1100,2026-08-14T06:00:22-05:00,1000004-B,NA,(30) Grupo 30,No informado,60,5
gh-31780279220-0814T1100,2026-08-14T06:00:22-05:00,1000004-B,NA,(32) Grupo 32,No informado,90,5
gh-31780279220-0814T1100,2026-08-14T06:00:22-05:00,1000004-B,NA,(4) Grupo 4,Myriam Leonor Campos Florez,37,5
gh-31780279220-0814T1100,2026-08-14T06:00:22-05:00,1000004-B,NA,(5) Grupo 5,Oscar Javier Lopez Alfonso,84,5
gh-31780279220-0814T1100,2026-08-14T06:00:22-05:00,1000004-B,NA,(7) Grupo 7,Anderson Arley Vera Arboleda,64,5
gh-31780279220-0814T1100,2026-08-14T06:00:22-05:00,1000004-B,NA,(8) Grupo 8,No informado,40,5
gh-31780279220-0814T1100,2026-08-14T06:00:22-05:00,1000004-B,NA,(9) Grupo 9,No informado,18,5
gh-31780279220-0814T1100,2026-08-14T06:00:23-05:00,1000006-B,NA,(1) Grupo 1,No informado,40,6
gh-31780279220-0814T1100,2026-08-14T06:00:23-05:00,1000006-B,NA,(10) Grupo 10,No informado,100,6
gh-31780279220-0814T1100,2026-08-14T06:00:23-05:00,1000006-B,NA,(11) Grupo 11,No informado,40,6
gh-31780279220-0814T1100,2026-08-14T06:00:23-05:00,1000006-B,NA,(12) Grupo 12,Leonid Lebedev,60,6
gh-31780279220-0814T1100,2026-08-14T06:00:23-05:00,1000006-B,NA,(13) Grupo 13,Juan Carlos Hernandez Rincon,40,6
gh-31780279220-0814T1100,2026-08-14T06:00:23-05:00,1000006-B,NA,(14) Grupo 14,No informado,60,6
gh-31780279220-0814T1100,2026-08-14T06:00:23-05:00,1000006-B,NA,(15) Grupo 15,No informado,112,6
gh-31780279220-0814T1100,2026-08-14T06:00:23-05:00,1000006-B,NA,(2) Grupo 2,EDIXON MANUEL ROJAS SANTANA,40,6
gh-31780279220-0814T1100,2026-08-14T06:00:23-05:00,1000006-B,NA,(3) Grupo 3,Cesar Augusto Gomez Sierra,40,6
gh-31780279220-0814T1100,2026-08-14T06:00:23-05:00,1000006-B,NA,(4) Grupo 4,Agustin Moreno Canadas,100,6
gh-31780279220-0814T1100,2026-08-14T06:00:23-05:00,1000006-B,NA,(5) Grupo 5,German Eduardo Fonseca Buitrago,40,6
gh-31780279220-0814T1100,2026-08-14T06:00:23-05:00,1000006-B,NA,(7) Grupo 7,No informado,70,6
gh-31780279220-0814T1100,2026-08-14T06:00:23-05:00,1000006-B,NA,(8) Grupo 8,Epifanio Lozano Ayala,60,6
gh-31780279220-0814T1100,2026-08-14T06:00:23-05:00,1000006-B,NA,(9) Grupo 9,Orlando Vanegas Canro,0,6
gh-31780279220-0814T1100,2026-08-14T06:00:24-05:00,1000005-B,NA,(1) Grupo 1,Orlando Vanegas Canro,0,7
gh-31780279220-0814T1100,2026-08-14T06:00:24-05:00,1000005-B,NA,(10) Grupo 10,Epifanio Lozano Ayala,50,7
gh-31780279220-0814T1100,2026-08-14T06:00:24-05:00,1000005-B,NA,(14) Grupo 14,Mohammed EL AIDI,40,7
gh-31780279220-0814T1100,2026-08-14T06:00:24-05:00,1000005-B,NA,(15) Grupo 15,Alina Fedosova,60,7
gh-31780279220-0814T1100,2026-08-14T06:00:24-05:00,1000005-B,NA,(16) Grupo 16,No informado,70,7
gh-31780279220-0814T1100,2026-08-14T06:00:24-05:00,1000005-B,NA,(17) Grupo 17,Hernan Garzon Gutierrez,40,7
gh-31780279220-0814T1100,2026-08-14T06:00:24-05:00,1000005-B,NA,(2) Grupo 2,RENE ERLIN CASTILLO,60,7
gh-31780279220-0814T1100,2026-08-14T06:00:24-05:00,1000005-B,NA,(20) Grupo 20,Franqui Solis Cardenas Poloche,40,7
gh-31780279220-0814T1100,2026-08-14T06:00:24-05:00,1000005-B,NA,(22) Grupo 22,No informado,60,7
gh-31780279220-0814T1100,2026-08-14T06:00:24-05:00,1000005-B,NA,(3) Grupo 3,Eduardo Cardenas Gomez,70,7
gh-31780279220-0814T1100,2026-08-14T06:00:24-05:00,1000005-B,NA,(4) Grupo 4,Edward Samuel Becerra Rojas,60,7
gh-31780279220-0814T1100,2026-08-14T06:00:24-05:00,1000005-B,NA,(6) Grupo 6,No informado,60,7
gh-31780279220-0814T1100,2026-08-14T06:00:24-05:00,1000005-B,NA,(7) Grupo 7,Franqui Solis Cardenas Poloche,100,7
gh-31780279220-0814T1100,2026-08-14T06:00:24-05:00,1000005-B,NA,(8) Grupo 8,No informado,40,7
gh-31780279220-0814T1100,2026-08-14T06:00:24-05:00,1000005-B,NA,(9) Grupo 9,No informado,10,7
gh-31780279220-0814T1100,2026-08-14T06:00:27-05:00,2015943,CLASE TEORICA,(1) Grupo 1,Carlos Orlando Robles Roa,15,9
gh-31780279220-0814T1100,2026-08-14T06:00:28-05:00,2015944,CLASE TEORICA,(1) Grupo 1,SANTIAGO RAMIREZ ECHEVERRI,15,10
gh-31780279220-0814T1100,2026-08-14T06:00:29-05:00,2015711,NA,(10) 2015711-10 Dibujo básico,Ariel Augusto Amaya Avila,0,11
gh-31780279220-0814T1100,2026-08-14T06:00:29-05:00,2015711,NA,(11) 2015711-11 Dibujo básico,Cesar Augusto Bacca Gonzalez,0,11
gh-31780279220-0814T1100,2026-08-14T06:00:29-05:00,2015711,NA,(14) 2015711-14 Dibujo básico,Cristian Felipe Morales Suárez,0,11
gh-31780279220-0814T1100,2026-08-14T06:00:29-05:00,2015711,NA,(16) 2015711-16 Dibujo básico,DAVID FELIPE TORRES ARCE,0,11
gh-31780279220-0814T1100,2026-08-14T06:00:29-05:00,2015711,NA,(4) 2015711-4 Dibujo básico,Cristian Felipe Morales Suárez,9,11
gh-31780279220-0814T1100,2026-08-14T06:00:29-05:00,2015711,NA,(5) 2015711-5 Dibujo básico,Sebastian Achury Ortiz,0,11
gh-31780279220-0814T1100,2026-08-14T06:00:29-05:00,2015711,NA,(7) 2015711-7 Dibujo básico,Cesar Augusto Bacca Gonzalez,22,11
gh-31780279220-0814T1100,2026-08-14T06:00:29-05:00,2015711,NA,(8) 2015711-8 Dibujo básico,Miguel Angel Baquero Cortes,0,11
gh-31780279220-0814T1100,2026-08-14T06:00:29-05:00,2015711,NA,(9) 2015711-9 Dibujo básico,EDWIN CAMILO REINA BELTRAN,0,11
gh-31780279220-0814T1100,2026-08-14T06:00:30-05:00,2015948,CLASE TEORICA,(1) Grupo 1,No informado,30,12
gh-31780279220-0814T1100,2026-08-14T06:00:30-05:00,2015948,CLASE TEORICA,(2) Grupo 2,Mauricio Alberto Tapias Camacho,30,12
gh-31780279220-0814T1100,2026-08-14T06:00:30-05:00,2015948,CLASE TEORICA,(3) Grupo 3,No informado,30,12
gh-31780279220-0814T1100,2026-08-14T06:00:31-05:00,2015950,CLASE TEORICA,(1) Grupo 1,No informado,25,13
gh-31780279220-0814T1100,2026-08-14T06:00:31-05:00,2015950,CLASE TEORICA,(2) Grupo 2,No informado,0,13
gh-31780279220-0814T1100,2026-08-14T06:00:31-05:00,2015950,CLASE TEORICA,(3) Grupo 3,Daniel Ricardo Lozano Monsalve,25,13
gh-31780279220-0814T1100,2026-08-14T06:00:31-05:00,2015950,CLASE TEORICA,(4) Grupo 4,No informado,25,13
gh-31780279220-0814T1100,2026-08-14T06:00:31-05:00,2015950,CLASE TEORICA,(5) Grupo 5,No informado,25,13
gh-31780279220-0814T1100,2026-08-14T06:00:32-05:00,2015949,CLASE TEORICA,(1) Grupo 1,Mario Javier Cardozo Chaux,30,14
gh-31780279220-0814T1100,2026-08-14T06:00:32-05:00,2015949,CLASE TEORICA,(2) Grupo 2,Wilson Ernesto Vargas Vargas,30,14
gh-31780279220-0814T1100,2026-08-14T06:00:32-05:00,2015949,CLASE TEORICA,(3) Grupo 3,No informado,30,14
gh-31780279220-0814T1100,2026-08-14T06:00:34-05:00,1000007-B,NA,(1) Grupo 1,German Eduardo Fonseca Buitrago,60,15
gh-31780279220-0814T1100,2026-08-14T06:00:34-05:00,1000007-B,NA,(11) Grupo 11,Leonid Lebedev,60,15
gh-31780279220-0814T1100,2026-08-14T06:00:34-05:00,1000007-B,NA,(12) Grupo 12,No informado,60,15
gh-31780279220-0814T1100,2026-08-14T06:00:34-05:00,1000007-B,NA,(13) Grupo 13,Omar Duque Gomez,40,15
gh-31780279220-0814T1100,2026-08-14T06:00:34-05:00,1000007-B,NA,(14) Grupo 14,No informado,100,15
gh-31780279220-0814T1100,2026-08-14T06:00:34-05:00,1000007-B,NA,(3) Grupo 3,Serafin Bautista Diaz,40,15
gh-31780279220-0814T1100,2026-08-14T06:00:34-05:00,1000007-B,NA,(4) Grupo 4,EDIXON MANUEL ROJAS SANTANA,60,15
gh-31780279220-0814T1100,2026-08-14T06:00:34-05:00,1000007-B,NA,(6) Grupo 6,Alexander Caviedes Castro,50,15
gh-31780279220-0814T1100,2026-08-14T06:00:34-05:00,1000007-B,NA,(7) Grupo 7,Oscar Guillermo Riaño Castañeda,40,15
gh-31780279220-0814T1100,2026-08-14T06:00:34-05:00,1000007-B,NA,(9) Grupo 9,Orlando Vanegas Canro,0,15
gh-31780279220-0814T1100,2026-08-14T06:00:35-05:00,2026134,CLASE TEORICA,(1) Grupo 1,No informado,0,16
gh-31780279220-0814T1100,2026-08-14T06:00:35-05:00,2026134,CLASE TEORICA,(2) Grupo 2,Juan Manuel Lizarazo Marriaga,30,16
gh-31780279220-0814T1100,2026-08-14T06:00:35-05:00,2026134,CLASE TEORICA,(3) Grupo 3,Maritzabel Molina Herrera,30,16
gh-31780279220-0814T1100,2026-08-14T06:00:35-05:00,2026134,CLASE TEORICA,(4) Grupo 4,Carlos Ramiro Vallecilla Bahena,30,16
gh-31780279220-0814T1100,2026-08-14T06:00:35-05:00,2026134,CLASE TEORICA,(5) Grupo 5,Fernando Lozano Osorno,30,16
gh-31780279220-0814T1100,2026-08-14T06:00:35-05:00,2026134,CLASE TEORICA,(6) Grupo 6,No informado,30,16
gh-31780279220-0814T1100,2026-08-14T06:00:36-05:00,2015954,CLASE TEORICA,(1) Grupo 1,Erasmo Alfredo Rodriguez Sandoval,30,17
gh-31780279220-0814T1100,2026-08-14T06:00:36-05:00,2015954,CLASE TEORICA,(2) Grupo 2,Mario Enrique Moreno Castiblanco,30,17
gh-31780279220-0814T1100,2026-08-14T06:00:36-05:00,2015954,CLASE TEORICA,(3) Grupo 3,Luis Alejandro Morales Marin,30,17
gh-31780279220-0814T1100,2026-08-14T06:00:37-05:00,2015955,CLASE TEORICA,(1) Grupo 1,Giovanni Andres Cortes Tovar,30,18
gh-31780279220-0814T1100,2026-08-14T06:00:37-05:00,2015955,CLASE TEORICA,(2) Grupo 2,Angela Barrera Puerto,30,18
gh-31780279220-0814T1100,2026-08-14T06:00:37-05:00,2015955,CLASE TEORICA,(3) Grupo 3,Giovanni Andres Cortes Tovar,30,18
gh-31780279220-0814T1100,2026-08-14T06:00:38-05:00,1000011-B,CLASE TEORICA,(1) Grupo 1,Ernesto Javier Puertas Dellepianes,118,19
gh-31780279220-0814T1100,2026-08-14T06:00:38-05:00,1000011-B,CLASE TEORICA,(3) Grupo 3,Néstor Fernando Perez Buitrago,12,19
gh-31780279220-0814T1100,2026-08-14T06:00:41-05:00,1000019-B,CLASE LABORATORIO,(1) Grupo 1,Gustavo Martinez Tamayo,35,20
gh-31780279220-0814T1100,2026-08-14T06:00:41-05:00,1000019-B,CLASE LABORATORIO,(10) Grupo 10,LUIS AGULLES PEDROS,35,20
gh-31780279220-0814T1100,2026-08-14T06:00:41-05:00,1000019-B,CLASE LABORATORIO,(11) Grupo 11,EVER DAVID ALCALA CAJAR,35,20
gh-31780279220-0814T1100,2026-08-14T06:00:41-05:00,1000019-B,CLASE LABORATORIO,(12) Grupo 12,FABIAN FELIPE QUEVEDO FARIETA,35,20
gh-31780279220-0814T1100,2026-08-14T06:00:41-05:00,1000019-B,CLASE LABORATORIO,(13) Grupo 13,Alvaro Marino Camargo,35,20
gh-31780279220-0814T1100,2026-08-14T06:00:41-05:00,1000019-B,CLASE LABORATORIO,(14) Grupo 14,Alvaro Marino Camargo; Miryam Rincon Joya,35,20
gh-31780279220-0814T1100,2026-08-14T06:00:41-05:00,1000019-B,CLASE LABORATORIO,(15) Grupo 15,JULIAN MATEO DE MENDOZA GUTIERREZ,32,20
gh-31780279220-0814T1100,2026-08-14T06:00:41-05:00,1000019-B,CLASE LABORATORIO,(16) Grupo 16,Alvaro Marino Camargo; Doris Yaneth Cadavid Rodriguez,35,20
gh-31780279220-0814T1100,2026-08-14T06:00:41-05:00,1000019-B,CLASE LABORATORIO,(17) Grupo 17,JULIAN MATEO DE MENDOZA GUTIERREZ,34,20
gh-31780279220-0814T1100,2026-08-14T06:00:41-05:00,1000019-B,CLASE LABORATORIO,(18) Grupo 18,Jaime Villalobos Velasco,34,20
gh-31780279220-0814T1100,2026-08-14T06:00:41-05:00,1000019-B,CLASE LABORATORIO,(19) Grupo 19,JULY PAOLA GARZÓN LOPEZ,32,20
gh-31780279220-0814T1100,2026-08-14T06:00:41-05:00,1000019-B,CLASE LABORATORIO,(2) Grupo 2,Gustavo Martinez Tamayo,35,20
gh-31780279220-0814T1100,2026-08-14T06:00:41-05:00,1000019-B,CLASE LABORATORIO,(20) Grupo 20,JOSE ALFREDO GOMEZ MATEUS,35,20
gh-31780279220-0814T1100,2026-08-14T06:00:41-05:00,1000019-B,CLASE LABORATORIO,(21) Grupo 21,Pedro Hernan Sanchez Machet,35,20
gh-31780279220-0814T1100,2026-08-14T06:00:41-05:00,1000019-B,CLASE LABORATORIO,(22) Grupo 22,Pedro Hernan Sanchez Machet,35,20
gh-31780279220-0814T1100,2026-08-14T06:00:41-05:00,1000019-B,CLASE LABORATORIO,(23) Grupo 23,Pedro Hernan Sanchez Machet,35,20
gh-31780279220-0814T1100,2026-08-14T06:00:41-05:00,1000019-B,CLASE LABORATORIO,(24) Grupo 24,Pedro Hernan Sanchez Machet,35,20
gh-31780279220-0814T1100,2026-08-14T06:00:41-05:00,1000019-B,CLASE LABORATORIO,(25) Grupo 25,Plinio Del Carmen Teheran Sermeno,45,20
gh-31780279220-0814T1100,2026-08-14T06:00:41-05:00,1000019-B,CLASE LABORATORIO,(26) Grupo 26 (VIRTUAL),Plinio Del Carmen Teheran Sermeno,50,20
gh-31780279220-0814T1100,2026-08-14T06:00:41-05:00,1000019-B,CLASE LABORATORIO,(27) Grupo 27 (VIRTUAL),Plinio Del Carmen Teheran Sermeno,50,20
gh-31780279220-0814T1100,2026-08-14T06:00:41-05:00,1000019-B,CLASE LABORATORIO,(28) Grupo 28 (VIRTUAL),Plinio Del Carmen Teheran Sermeno,50,20
gh-31780279220-0814T1100,2026-08-14T06:00:41-05:00,1000019-B,CLASE LABORATORIO,(29) Grupo 29 (VIRTUAL),Plinio Del Carmen Teheran Sermeno,50,20
gh-31780279220-0814T1100,2026-08-14T06:00:41-05:00,1000019-B,CLASE LABORATORIO,(3) Grupo 3,Gustavo Martinez Tamayo,35,20
gh-31780279220-0814T1100,2026-08-14T06:00:41-05:00,1000019-B,CLASE LABORATORIO,(4) Grupo 4,No informado,35,20
gh-31780279220-0814T1100,2026-08-14T06:00:41-05:00,1000019-B,CLASE LABORATORIO,(5) Grupo 5,FABIAN FELIPE QUEVEDO FARIETA,35,20
gh-31780279220-0814T1100,2026-08-14T06:00:41-05:00,1000019-B,CLASE LABORATORIO,(6) Grupo 6,Jaime Villalobos Velasco,35,20
gh-31780279220-0814T1100,2026-08-14T06:00:41-05:00,1000019-B,CLASE LABORATORIO,(7) Grupo 7,Jaime Villalobos Velasco,35,20
gh-31780279220-0814T1100,2026-08-14T06:00:41-05:00,1000019-B,CLASE LABORATORIO,(8) Grupo 8,Alvaro Marino Camargo,35,20
gh-31780279220-0814T1100,2026-08-14T06:00:41-05:00,1000019-B,CLASE LABORATORIO,(9) Grupo 9,Erika Lorena Rosero Alzate,0,20
gh-31780279220-0814T1100,2026-08-14T06:00:41-05:00,1000019-B,CLASE TALLER,(1) Grupo 1,FABIAN FELIPE QUEVEDO FARIETA,35,20
gh-31780279220-0814T1100,2026-08-14T06:00:41-05:00,1000019-B,CLASE TALLER,(10) Grupo 10,FABIAN FELIPE QUEVEDO FARIETA,35,20
gh-31780279220-0814T1100,2026-08-14T06:00:41-05:00,1000019-B,CLASE TALLER,(11) Grupo 11,JULIAN MATEO DE MENDOZA GUTIERREZ,35,20
gh-31780279220-0814T1100,2026-08-14T06:00:41-05:00,1000019-B,CLASE TALLER,(12) Grupo 12,EVER DAVID ALCALA CAJAR,35,20
gh-31780279220-0814T1100,2026-08-14T06:00:41-05:00,1000019-B,CLASE TALLER,(13) Grupo 13,MIGUEL ENRIQUE GÁMEZ LÓPEZ,35,20
gh-31780279220-0814T1100,2026-08-14T06:00:41-05:00,1000019-B,CLASE TALLER,(14) Grupo 14,No informado,35,20
gh-31780279220-0814T1100,2026-08-14T06:00:41-05:00,1000019-B,CLASE TALLER,(15) Grupo 15,EVER DAVID ALCALA CAJAR,32,20
gh-31780279220-0814T1100,2026-08-14T06:00:41-05:00,1000019-B,CLASE TALLER,(16) Grupo 16,Edna Carolina Pinilla Beltran,35,20
gh-31780279220-0814T1100,2026-08-14T06:00:41-05:00,1000019-B,CLASE TALLER,(17) Grupo 17,Jereson Silva Valencia,34,20
gh-31780279220-0814T1100,2026-08-14T06:00:41-05:00,1000019-B,CLASE TALLER,(18) Grupo 18,Jereson Silva Valencia,34,20
gh-31780279220-0814T1100,2026-08-14T06:00:41-05:00,1000019-B,CLASE TALLER,(19) Grupo 19,Jereson Silva Valencia,32,20
gh-31780279220-0814T1100,2026-08-14T06:00:41-05:00,1000019-B,CLASE TALLER,(2) Grupo 2,Gustavo Martinez Tamayo,35,20
gh-31780279220-0814T1100,2026-08-14T06:00:41-05:00,1000019-B,CLASE TALLER,(20) Grupo 20,Jereson Silva Valencia,35,20
gh-31780279220-0814T1100,2026-08-14T06:00:41-05:00,1000019-B,CLASE TALLER,(21) Grupo 21,JOSE ALFREDO GOMEZ MATEUS,35,20
gh-31780279220-0814T1100,2026-08-14T06:00:41-05:00,1000019-B,CLASE TALLER,(22) Grupo 22,JULY PAOLA GARZÓN LOPEZ,35,20
gh-31780279220-0814T1100,2026-08-14T06:00:41-05:00,1000019-B,CLASE TALLER,(23) Grupo 23,Edna Carolina Pinilla Beltran,35,20
gh-31780279220-0814T1100,2026-08-14T06:00:41-05:00,1000019-B,CLASE TALLER,(24) Grupo 24,Diego Alejandro Torres Galindo,35,20
gh-31780279220-0814T1100,2026-08-14T06:00:41-05:00,1000019-B,CLASE TALLER,(25) Grupo 25,Plinio Del Carmen Teheran Sermeno,45,20
gh-31780279220-0814T1100,2026-08-14T06:00:41-05:00,1000019-B,CLASE TALLER,(26) Grupo 26 (VIRTUAL),Plinio Del Carmen Teheran Sermeno,50,20
gh-31780279220-0814T1100,2026-08-14T06:00:41-05:00,1000019-B,CLASE TALLER,(27) Grupo 27 (VIRTUAL),Plinio Del Carmen Teheran Sermeno,50,20
gh-31780279220-0814T1100,2026-08-14T06:00:41-05:00,1000019-B,CLASE TALLER,(28) Grupo 28 (VIRTUAL),Plinio Del Carmen Teheran Sermeno,50,20
gh-31780279220-0814T1100,2026-08-14T06:00:41-05:00,1000019-B,CLASE TALLER,(29) Grupo 29 (VIRTUAL),Plinio Del Carmen Teheran Sermeno,50,20
gh-31780279220-0814T1100,2026-08-14T06:00:41-05:00,1000019-B,CLASE TALLER,(3) Grupo 3,Gustavo Martinez Tamayo,35,20
gh-31780279220-0814T1100,2026-08-14T06:00:41-05:00,1000019-B,CLASE TALLER,(4) Grupo 4,Jaime Villalobos Velasco,35,20
gh-31780279220-0814T1100,2026-08-14T06:00:41-05:00,1000019-B,CLASE TALLER,(5) Grupo 5,Jaime Villalobos Velasco,35,20
gh-31780279220-0814T1100,2026-08-14T06:00:41-05:00,1000019-B,CLASE TALLER,(6) Grupo 6,Ramiro Cardona Cardona,35,20
gh-31780279220-0814T1100,2026-08-14T06:00:41-05:00,1000019-B,CLASE TALLER,(7) Grupo 7,Ramiro Cardona Cardona,35,20
gh-31780279220-0814T1100,2026-08-14T06:00:41-05:00,1000019-B,CLASE TALLER,(8) Grupo 8,Edna Carolina Pinilla Beltran,35,20
gh-31780279220-0814T1100,2026-08-14T06:00:41-05:00,1000019-B,CLASE TALLER,(9) Grupo 9,No informado,10,20
gh-31780279220-0814T1100,2026-08-14T06:00:41-05:00,1000019-B,CLASE MAGISTRAL,(16) Gruop 16,Erika Lorena Rosero Alzate; Daniel Camilo Padilla González,8,20
gh-31780279220-0814T1100,2026-08-14T06:00:41-05:00,1000019-B,CLASE MAGISTRAL,(1) Grupo 1,Gustavo Martinez Tamayo,35,20
gh-31780279220-0814T1100,2026-08-14T06:00:41-05:00,1000019-B,CLASE MAGISTRAL,(10) Grupo 10,Ovidio Amado Almanza Montero,35,20
gh-31780279220-0814T1100,2026-08-14T06:00:41-05:00,1000019-B,CLASE MAGISTRAL,(11) Grupo 11,Ovidio Amado Almanza Montero,35,20
gh-31780279220-0814T1100,2026-08-14T06:00:41-05:00,1000019-B,CLASE MAGISTRAL,(12) Grupo 12,Ovidio Amado Almanza Montero,35,20
gh-31780279220-0814T1100,2026-08-14T06:00:41-05:00,1000019-B,CLASE MAGISTRAL,(13) Grupo 13,Jaime Villalobos Velasco,35,20
gh-31780279220-0814T1100,2026-08-14T06:00:41-05:00,1000019-B,CLASE MAGISTRAL,(14) Grupo 14,Jaime Villalobos Velasco,35,20
gh-31780279220-0814T1100,2026-08-14T06:00:41-05:00,1000019-B,CLASE MAGISTRAL,(15) Grupo 15,Jaime Villalobos Velasco,32,20
gh-31780279220-0814T1100,2026-08-14T06:00:41-05:00,1000019-B,CLASE MAGISTRAL,(17) Grupo 17,Jereson Silva Valencia,34,20
gh-31780279220-0814T1100,2026-08-14T06:00:41-05:00,1000019-B,CLASE MAGISTRAL,(18) Grupo 18,Jereson Silva Valencia,34,20
gh-31780279220-0814T1100,2026-08-14T06:00:41-05:00,1000019-B,CLASE MAGISTRAL,(19) Grupo 19,Jereson Silva Valencia,32,20
gh-31780279220-0814T1100,2026-08-14T06:00:41-05:00,1000019-B,CLASE MAGISTRAL,(2) Grupo 2,Gustavo Martinez Tamayo,35,20
gh-31780279220-0814T1100,2026-08-14T06:00:41-05:00,1000019-B,CLASE MAGISTRAL,(20) Grupo 20,Jereson Silva Valencia,35,20
gh-31780279220-0814T1100,2026-08-14T06:00:41-05:00,1000019-B,CLASE MAGISTRAL,(21) Grupo 21,Diego Alejandro Torres Galindo,35,20
gh-31780279220-0814T1100,2026-08-14T06:00:41-05:00,1000019-B,CLASE MAGISTRAL,(22) Grupo 22,Diego Alejandro Torres Galindo,35,20
gh-31780279220-0814T1100,2026-08-14T06:00:41-05:00,1000019-B,CLASE MAGISTRAL,(23) Grupo 23,Diego Alejandro Torres Galindo,35,20
gh-31780279220-0814T1100,2026-08-14T06:00:41-05:00,1000019-B,CLASE MAGISTRAL,(24) Grupo 24,Diego Alejandro Torres Galindo,35,20
gh-31780279220-0814T1100,2026-08-14T06:00:41-05:00,1000019-B,CLASE MAGISTRAL,(25) Grupo 25,Plinio Del Carmen Teheran Sermeno,45,20
gh-31780279220-0814T1100,2026-08-14T06:00:41-05:00,1000019-B,CLASE MAGISTRAL,(26) Grupo 26 (VIRTUAL),Plinio Del Carmen Teheran Sermeno,50,20
gh-31780279220-0814T1100,2026-08-14T06:00:41-05:00,1000019-B,CLASE MAGISTRAL,(27) Grupo 27 (VIRTUAL),Plinio Del Carmen Teheran Sermeno,50,20
gh-31780279220-0814T1100,2026-08-14T06:00:41-05:00,1000019-B,CLASE MAGISTRAL,(28) Grupo 28 (VIRTUAL),Plinio Del Carmen Teheran Sermeno,50,20
gh-31780279220-0814T1100,2026-08-14T06:00:41-05:00,1000019-B,CLASE MAGISTRAL,(29) Grupo 29 (VIRTUAL),Plinio Del Carmen Teheran Sermeno,50,20
gh-31780279220-0814T1100,2026-08-14T06:00:41-05:00,1000019-B,CLASE MAGISTRAL,(3) Grupo 3,Gustavo Martinez Tamayo,35,20
gh-31780279220-0814T1100,2026-08-14T06:00:41-05:00,1000019-B,CLASE MAGISTRAL,(4) Grupo 4,Gustavo Martinez Tamayo,35,20
gh-31780279220-0814T1100,2026-08-14T06:00:41-05:00,1000019-B,CLASE MAGISTRAL,(5) Grupo 5,Ramiro Cardona Cardona,35,20
gh-31780279220-0814T1100,2026-08-14T06:00:41-05:00,1000019-B,CLASE MAGISTRAL,(6) Grupo 6,Ramiro Cardona Cardona,35,20
gh-31780279220-0814T1100,2026-08-14T06:00:41-05:00,1000019-B,CLASE MAGISTRAL,(7) Grupo 7,Ramiro Cardona Cardona,35,20
gh-31780279220-0814T1100,2026-08-14T06:00:41-05:00,1000019-B,CLASE MAGISTRAL,(8) Grupo 8,Ramiro Cardona Cardona,35,20
gh-31780279220-0814T1100,2026-08-14T06:00:41-05:00,1000019-B,CLASE MAGISTRAL,(9) Grupo 9,Fredy Angel Jimenez Giraldo,10,20
gh-31780279220-0814T1100,2026-08-14T06:00:42-05:00,2015956,CLASE TEORICA,(1) Grupo 1,Modesto Portilla Gamboa; Fernando Eli Romero Ordoñez,35,21
gh-31780279220-0814T1100,2026-08-14T06:00:42-05:00,2015956,CLASE TEORICA,(2) Grupo 2,Jennifer Angel Amaya,30,21
gh-31780279220-0814T1100,2026-08-14T06:00:42-05:00,2015956,CLASE TEORICA,(3) Grupo 3,Jennifer Angel Amaya,30,21
gh-31780279220-0814T1100,2026-08-14T06:00:42-05:00,2015956,CLASE TEORICA,(4) Grupo 4,Fernando Eli Romero Ordoñez; Modesto Portilla Gamboa,35,21
gh-31780279220-0814T1100,2026-08-14T06:00:43-05:00,2015957,CLASE PRACTICA,(1) Grupo 1,No informado,30,22
gh-31780279220-0814T1100,2026-08-14T06:00:43-05:00,2015957,CLASE PRACTICA,(2) Grupo 2,Samuel Fernando Mesa Giraldo,30,22
gh-31780279220-0814T1100,2026-08-14T06:00:43-05:00,2015957,CLASE PRACTICA,(3) Grupo 3,Rose Marie Aldana Boutin,30,22
gh-31780279220-0814T1100,2026-08-14T06:00:43-05:00,2015957,CLASE PRACTICA,(4) Grupo 4,Rose Marie Aldana Boutin,30,22
gh-31780279220-0814T1100,2026-08-14T06:00:45-05:00,2015958,CLASE PRACTICA,(1) Grupo 1,William Castro Garcia,20,23
gh-31780279220-0814T1100,2026-08-14T06:00:45-05:00,2015958,CLASE PRACTICA,(2) Grupo 2,William Castro Garcia,20,23
gh-31780279220-0814T1100,2026-08-14T06:00:45-05:00,2015958,CLASE PRACTICA,(3) Grupo 3,Carlos Alfonso Gomez Guacaneme,30,23
gh-31780279220-0814T1100,2026-08-14T06:00:45-05:00,2015958,CLASE PRACTICA,(4) Grupo 4,Mario Arturo Rincon Villalba,20,23
gh-31780279220-0814T1100,2026-08-14T06:00:45-05:00,2015958,CLASE PRACTICA,(5) Grupo 5,Mario Arturo Rincon Villalba,20,23
gh-31780279220-0814T1100,2026-08-14T06:00:45-05:00,2015958,CLASE PRACTICA,(6) Grupo 6,Fausto Alejandro Silva España,20,23
gh-31780279220-0814T1100,2026-08-14T06:00:45-05:00,2015958,CLASE PRACTICA,(7) Grupo 7,Fausto Alejandro Silva España,20,23
gh-31780279220-0814T1100,2026-08-14T06:00:45-05:00,2015958,CLASE PRACTICA,(8) Grupo 8,Fausto Alejandro Silva España,20,23
gh-31780279220-0814T1100,2026-08-14T06:00:45-05:00,2015958,CLASE PRACTICA,(9) Grupo 9,Fausto Alejandro Silva España,20,23
gh-31780279220-0814T1100,2026-08-14T06:00:45-05:00,2015958,CLASE TEORICA,(1) Grupo 1,William Castro Garcia,40,23
gh-31780279220-0814T1100,2026-08-14T06:00:45-05:00,2015958,CLASE TEORICA,(3) Grupo 3,Carlos Alfonso Gomez Guacaneme,30,23
gh-31780279220-0814T1100,2026-08-14T06:00:45-05:00,2015958,CLASE TEORICA,(4) Grupo 4,Mario Arturo Rincon Villalba,40,23
gh-31780279220-0814T1100,2026-08-14T06:00:45-05:00,2015958,CLASE TEORICA,(6) Grupo 6,Cesar Andres Cortes Bello,40,23
gh-31780279220-0814T1100,2026-08-14T06:00:45-05:00,2015958,CLASE TEORICA,(8) Grupo 8,Cesar Andres Cortes Bello,40,23
gh-31780279220-0814T1100,2026-08-14T06:00:46-05:00,2015959,CLASE TEORICA,(1) Grupo 1,Carlos Eduardo Rodriguez Pineda,30,24
gh-31780279220-0814T1100,2026-08-14T06:00:46-05:00,2015959,CLASE TEORICA,(2) Grupo 2,Guillermo Eduardo Avila Alvarez,30,24
gh-31780279220-0814T1100,2026-08-14T06:00:46-05:00,2015959,CLASE TEORICA,(3) Grupo 3,Livaniel Viveros Rosero,30,24
gh-31780279220-0814T1100,2026-08-14T06:00:46-05:00,2015959,CLASE TEORICA,(4) Grupo 4,No informado,0,24
gh-31780279220-0814T1100,2026-08-14T06:00:49-05:00,2015961,CLASE TEORICA,(1) Grupo 1,Rafael Orland Ortiz Mosquera,24,26
gh-31780279220-0814T1100,2026-08-14T06:00:49-05:00,2015961,CLASE TEORICA,(2) Grupo 2,Adriana Patricia Piña Fulano,24,26
gh-31780279220-0814T1100,2026-08-14T06:00:49-05:00,2015961,CLASE TEORICA,(3) Grupo 3,Gelber Norberto Gutierrez Palacios,24,26
gh-31780279220-0814T1100,2026-08-14T06:00:49-05:00,2015961,CLASE TEORICA,(4) Grupo 4,No informado,24,26
gh-31780279220-0814T1100,2026-08-14T06:00:49-05:00,2015961,CLASE TEORICA,(5) Grupo 5,No informado,24,26
gh-31780279220-0814T1100,2026-08-14T06:00:49-05:00,2015961,CLASE TEORICA,(6) Grupo 6,Leonardo David Donado Garzon,24,26
gh-31780279220-0814T1100,2026-08-14T06:00:50-05:00,2015978,CLASE TEORICA,(1) Grupo 1,No informado,0,27
gh-31780279220-0814T1100,2026-08-14T06:00:50-05:00,2015978,CLASE TEORICA,(2) Grupo 2,Erasmo Alfredo Rodriguez Sandoval,30,27
gh-31780279220-0814T1100,2026-08-14T06:00:50-05:00,2015978,CLASE TEORICA,(3) Grupo 3,No informado,30,27
gh-31780279220-0814T1100,2026-08-14T06:00:50-05:00,2015978,CLASE TEORICA,(4) Grupo 4,No informado,30,27
gh-31780279220-0814T1100,2026-08-14T06:00:50-05:00,2015978,CLASE TEORICA,(5) Grupo 5,No informado,30,27
gh-31780279220-0814T1100,2026-08-14T06:00:51-05:00,2026135,CLASE TEORICA,(1) Grupo 1,NICOLAS ESCALANTE MORA,25,28
gh-31780279220-0814T1100,2026-08-14T06:00:51-05:00,2026135,CLASE TEORICA,(2) Grupo 2,Leonel Vega Mora,25,28
gh-31780279220-0814T1100,2026-08-14T06:00:51-05:00,2026135,CLASE TEORICA,(3) Grupo 3,Leonel Vega Mora,25,28
gh-31780279220-0814T1100,2026-08-14T06:00:52-05:00,2015963,CLASE TEORICA,(1) Grupo 1,No informado,30,29
gh-31780279220-0814T1100,2026-08-14T06:00:52-05:00,2015963,CLASE TEORICA,(2) Grupo 2,No informado,30,29
gh-31780279220-0814T1100,2026-08-14T06:00:52-05:00,2015963,CLASE TEORICA,(3) Grupo 3,William Castro Garcia,30,29
gh-31780279220-0814T1100,2026-08-14T06:00:53-05:00,2026138,CLASE TEORICA,(1) Grupo 1,Ivan Dario Serrano Arrieta,30,30
gh-31780279220-0814T1100,2026-08-14T06:00:53-05:00,2026138,CLASE TEORICA,(2) Grupo 2,Ivan Dario Serrano Arrieta,30,30
gh-31780279220-0814T1100,2026-08-14T06:00:53-05:00,2026138,CLASE TEORICA,(3) Grupo 3,Pedro Luis Jimenez Poveda,30,30
gh-31780279220-0814T1100,2026-08-14T06:00:55-05:00,2015703,NA,(1) Grupo 1,Angela Maria Arboleda Restrepo,40,31
gh-31780279220-0814T1100,2026-08-14T06:00:55-05:00,2015703,NA,(10) Grupo 10,Diego Alejandro Hernandez Castañeda,30,31
gh-31780279220-0814T1100,2026-08-14T06:00:55-05:00,2015703,NA,(11) Grupo 11,Julio Cesar Cañon Rodriguez,30,31
gh-31780279220-0814T1100,2026-08-14T06:00:55-05:00,2015703,NA,(2) Grupo 2,Osman Benjamin Giovanny Vargas Rozo,40,31
gh-31780279220-0814T1100,2026-08-14T06:00:55-05:00,2015703,NA,(3) Grupo 3,Hugo Alberto Herrera Fonseca,40,31
gh-31780279220-0814T1100,2026-08-14T06:00:55-05:00,2015703,NA,(4) Grupo 4,LINA JULIANA BULLA CASAS,30,31
gh-31780279220-0814T1100,2026-08-14T06:00:55-05:00,2015703,NA,(5) Grupo 5 - Virtual,Cesar Augusto Roa Lemus,60,31
gh-31780279220-0814T1100,2026-08-14T06:00:55-05:00,2015703,NA,(6) Grupo 6,JAVIER RICARDO OJEDA SANCHEZ,40,31
gh-31780279220-0814T1100,2026-08-14T06:00:55-05:00,2015703,NA,(7) Grupo 7,JAVIER RICARDO OJEDA SANCHEZ,20,31
gh-31780279220-0814T1100,2026-08-14T06:00:55-05:00,2015703,NA,(8) Grupo 8,Diego Alejandro Hernandez Castañeda,40,31
gh-31780279220-0814T1100,2026-08-14T06:00:55-05:00,2015703,NA,(9) Grupo 9,LINA JULIANA BULLA CASAS,35,31
gh-31780279220-0814T1100,2026-08-14T06:00:56-05:00,1000044-B,CLASE TEORICA,(1) Grupo 1,Beatriz Elena Urrutia Sanchez,26,32
gh-31780279220-0814T1100,2026-08-14T06:00:56-05:00,1000044-B,CLASE TEORICA,(2) Grupo 2,Yaneli Niño Osorio,26,32
gh-31780279220-0814T1100,2026-08-14T06:00:56-05:00,1000044-B,CLASE TEORICA,(3) Grupo 3,Luis Gabriel Peña Ortiz,26,32
gh-31780279220-0814T1100,2026-08-14T06:00:56-05:00,1000044-B,CLASE TEORICA,(4) Grupo 4,Liliana Marcela Guzman Aricapa,26,32
gh-31780279220-0814T1100,2026-08-14T06:00:56-05:00,1000044-B,CLASE TEORICA,(5) Grupo 5,Beatriz Elena Urrutia Sanchez,26,32
gh-31780279220-0814T1100,2026-08-14T06:00:56-05:00,1000044-B,CLASE TEORICA,(6) Grupo 6,Cesar Augusto Romero,26,32
gh-31780279220-0814T1100,2026-08-14T06:00:56-05:00,1000044-B,CLASE TEORICA,(7) Grupo 7,JOSE JONATHAN MAESTRE HERRERA,26,32
gh-31780279220-0814T1100,2026-08-14T06:00:56-05:00,1000044-B,CLASE TEORICA,(8) Grupo 8,Beymar Leonardo Solorzano Alviz,26,32
gh-31780279220-0814T1100,2026-08-14T06:00:56-05:00,1000044-B,CLASE TEORICA,(9) Grupo 9,Claudia Marcela Arevalo Gomez,7,32
gh-31780279220-0814T1100,2026-08-14T06:00:57-05:00,1000045-B,CLASE TEORICA,(1) Grupo 1,Claudia Marcela Arevalo Gomez,10,33
gh-31780279220-0814T1100,2026-08-14T06:00:57-05:00,1000045-B,CLASE TEORICA,(10) Grupo 10,Jesica paola Rendon Alfonso,26,33
gh-31780279220-0814T1100,2026-08-14T06:00:57-05:00,1000045-B,CLASE TEORICA,(11) Grupo 11,JOSE JONATHAN MAESTRE HERRERA,26,33
gh-31780279220-0814T1100,2026-08-14T06:00:57-05:00,1000045-B,CLASE TEORICA,(12) Grupo 12,LINDA JOHANA RUIZ GOMEZ,26,33
gh-31780279220-0814T1100,2026-08-14T06:00:57-05:00,1000045-B,CLASE TEORICA,(13) Grupo 13,Narly Yadira Pardo Cadena,26,33
gh-31780279220-0814T1100,2026-08-14T06:00:57-05:00,1000045-B,CLASE TEORICA,(14) Grupo 14,Angelica Saenz Fonseca,26,33
gh-31780279220-0814T1100,2026-08-14T06:00:57-05:00,1000045-B,CLASE TEORICA,(15) Grupo 15,Narly Yadira Pardo Cadena,26,33
gh-31780279220-0814T1100,2026-08-14T06:00:57-05:00,1000045-B,CLASE TEORICA,(16) Grupo 16,Luis Gabriel Peña Ortiz,26,33
gh-31780279220-0814T1100,2026-08-14T06:00:57-05:00,1000045-B,CLASE TEORICA,(2) Grupo 2,Cesar Augusto Romero,26,33
gh-31780279220-0814T1100,2026-08-14T06:00:57-05:00,1000045-B,CLASE TEORICA,(3) Grupo 3,Jesica paola Rendon Alfonso,26,33
gh-31780279220-0814T1100,2026-08-14T06:00:57-05:00,1000045-B,CLASE TEORICA,(4) Grupo 4,Adriana Marlen Sanchez Riaño,26,33
gh-31780279220-0814T1100,2026-08-14T06:00:57-05:00,1000045-B,CLASE TEORICA,(5) Grupo 5,Cesar Augusto Romero,26,33
gh-31780279220-0814T1100,2026-08-14T06:00:57-05:00,1000045-B,CLASE TEORICA,(6) Grupo 6,Sara Elisa Monsalve Patino,26,33
gh-31780279220-0814T1100,2026-08-14T06:00:57-05:00,1000045-B,CLASE TEORICA,(7) Grupo 7,Luis Gabriel Peña Ortiz,26,33
gh-31780279220-0814T1100,2026-08-14T06:00:57-05:00,1000045-B,CLASE TEORICA,(8) Grupo 8,Johnatan Martinez Hernandez,26,33
gh-31780279220-0814T1100,2026-08-14T06:00:57-05:00,1000045-B,CLASE TEORICA,(9) Grupo 9,Maureen Elizabeth Hooker Oneill,15,33
gh-31780279220-0814T1100,2026-08-14T06:01:00-05:00,1000046-B,CLASE TEORICA,(1) Grupo 1,Johnatan Martinez Hernandez,26,35
gh-31780279220-0814T1100,2026-08-14T06:01:00-05:00,1000046-B,CLASE TEORICA,(10) Grupo 10,Jennly Angelica Gomez Rodriguez,26,35
gh-31780279220-0814T1100,2026-08-14T06:01:00-05:00,1000046-B,CLASE TEORICA,(11) Grupo 11,Angelica Saenz Fonseca,26,35
gh-31780279220-0814T1100,2026-08-14T06:01:00-05:00,1000046-B,CLASE TEORICA,(12) Grupo 12,Liliana Marcela Guzman Aricapa,26,35
gh-31780279220-0814T1100,2026-08-14T06:01:00-05:00,1000046-B,CLASE TEORICA,(13) Grupo 13,ALBA LUCIA RIAÑO RODRIGUEZ,26,35
gh-31780279220-0814T1100,2026-08-14T06:01:00-05:00,1000046-B,CLASE TEORICA,(14) Grupo 14,Angelica Saenz Fonseca,26,35
gh-31780279220-0814T1100,2026-08-14T06:01:00-05:00,1000046-B,CLASE TEORICA,(15) Grupo 15,Luis Gabriel Peña Ortiz,26,35
gh-31780279220-0814T1100,2026-08-14T06:01:00-05:00,1000046-B,CLASE TEORICA,(16) Grupo 16,Olga Lucia Ruiz Convers,26,35
gh-31780279220-0814T1100,2026-08-14T06:01:00-05:00,1000046-B,CLASE TEORICA,(17) Grupo 17,Luis Gabriel Peña Ortiz,26,35
gh-31780279220-0814T1100,2026-08-14T06:01:00-05:00,1000046-B,CLASE TEORICA,(18) Grupo 18,Narly Yadira Pardo Cadena,26,35
gh-31780279220-0814T1100,2026-08-14T06:01:00-05:00,1000046-B,CLASE TEORICA,(2) Grupo 2,Jesica paola Rendon Alfonso,26,35
gh-31780279220-0814T1100,2026-08-14T06:01:00-05:00,1000046-B,CLASE TEORICA,(3) Grupo 3,JESUS DAVID TORRES RODRIGUEZ,26,35
gh-31780279220-0814T1100,2026-08-14T06:01:00-05:00,1000046-B,CLASE TEORICA,(4) Grupo 4,Claudia Patricia Cortes Lora,26,35
gh-31780279220-0814T1100,2026-08-14T06:01:00-05:00,1000046-B,CLASE TEORICA,(5) Grupo 5,Johnatan Martinez Hernandez,26,35
gh-31780279220-0814T1100,2026-08-14T06:01:00-05:00,1000046-B,CLASE TEORICA,(6) Grupo 6,Johnatan Martinez Hernandez,26,35
gh-31780279220-0814T1100,2026-08-14T06:01:00-05:00,1000046-B,CLASE TEORICA,(7) Grupo 7,Jesica paola Rendon Alfonso,26,35
gh-31780279220-0814T1100,2026-08-14T06:01:00-05:00,1000046-B,CLASE TEORICA,(8) Grupo 8,Beatriz Elena Urrutia Sanchez,26,35
gh-31780279220-0814T1100,2026-08-14T06:01:00-05:00,1000046-B,CLASE TEORICA,(9) Grupo 9,Maureen Elizabeth Hooker Oneill,10,35
gh-31780279220-0814T1100,2026-08-14T06:01:03-05:00,1000052-B,CLASE TEORICA,(1) Grupo 1,Liliana Marcela Guzman Aricapa,28,37
gh-31780279220-0814T1100,2026-08-14T06:01:03-05:00,1000052-B,CLASE TEORICA,(2) Grupo 2,JOSE JONATHAN MAESTRE HERRERA,28,37
gh-31780279220-0814T1100,2026-08-14T06:01:03-05:00,1000052-B,CLASE TEORICA,(3) Grupo 3,Aida Elena Monsalve Solorzano,28,37
gh-31780279220-0814T1100,2026-08-14T06:01:04-05:00,1000053-B,CLASE TEORICA,(1) Grupo 1,Jennly Angelica Gomez Rodriguez,28,38
gh-31780279220-0814T1100,2026-08-14T06:01:04-05:00,1000053-B,CLASE TEORICA,(2) Grupo 2,Yaneli Niño Osorio,28,38
gh-31780279220-0814T1100,2026-08-14T06:01:04-05:00,1000053-B,CLASE TEORICA,(3) Grupo 3,Javier Rodriguez Gomez,30,38
gh-31780279220-0814T1100,2026-08-14T06:01:04-05:00,1000053-B,CLASE TEORICA,(4) Grupo 4,Javier Rodriguez Gomez,30,38
gh-31780279220-0814T1100,2026-08-14T06:01:04-05:00,1000053-B,CLASE TEORICA,(5) Grupo 5,LINDA JOHANA RUIZ GOMEZ,28,38
gh-31780279220-0814T1100,2026-08-14T06:01:04-05:00,1000053-B,CLASE TEORICA,(6) Grupo 6,Olga Lucia Ruiz Convers,28,38
gh-31780279220-0814T1100,2026-08-14T06:01:05-05:00,1000047-B,CLASE TEORICA,(1) Grupo 1,Cesar Augusto Romero,26,39
gh-31780279220-0814T1100,2026-08-14T06:01:05-05:00,1000047-B,CLASE TEORICA,(10) Grupo 10,Monica Alexandra Riaño Orjuela,26,39
gh-31780279220-0814T1100,2026-08-14T06:01:05-05:00,1000047-B,CLASE TEORICA,(11) Grupo 11,Jennly Angelica Gomez Rodriguez,26,39
gh-31780279220-0814T1100,2026-08-14T06:01:05-05:00,1000047-B,CLASE TEORICA,(12) Grupo 12,Claudia Patricia Cortes Lora,26,39
gh-31780279220-0814T1100,2026-08-14T06:01:05-05:00,1000047-B,CLASE TEORICA,(13) Grupo 13,Angelica Saenz Fonseca,26,39
gh-31780279220-0814T1100,2026-08-14T06:01:05-05:00,1000047-B,CLASE TEORICA,(14) Grupo 14,LINDA JOHANA RUIZ GOMEZ,26,39
gh-31780279220-0814T1100,2026-08-14T06:01:05-05:00,1000047-B,CLASE TEORICA,(15) Grupo 15,Claudia Patricia Cortes Lora,26,39
gh-31780279220-0814T1100,2026-08-14T06:01:05-05:00,1000047-B,CLASE TEORICA,(16) Grupo 16,Narly Yadira Pardo Cadena,26,39
gh-31780279220-0814T1100,2026-08-14T06:01:05-05:00,1000047-B,CLASE TEORICA,(17) Grupo 17,Angelica Saenz Fonseca,26,39
gh-31780279220-0814T1100,2026-08-14T06:01:05-05:00,1000047-B,CLASE TEORICA,(18) Grupo 18,ALBA LUCIA RIAÑO RODRIGUEZ,26,39
gh-31780279220-0814T1100,2026-08-14T06:01:05-05:00,1000047-B,CLASE TEORICA,(19) Grupo 19,Aida Elena Monsalve Solorzano,26,39
gh-31780279220-0814T1100,2026-08-14T06:01:05-05:00,1000047-B,CLASE TEORICA,(2) Grupo 2,Yaneli Niño Osorio,26,39
gh-31780279220-0814T1100,2026-08-14T06:01:05-05:00,1000047-B,CLASE TEORICA,(20) Grupo 20,ALBA LUCIA RIAÑO RODRIGUEZ,26,39
gh-31780279220-0814T1100,2026-08-14T06:01:05-05:00,1000047-B,CLASE TEORICA,(21) Grupo 21,Edwin Yesid Leon Silva,26,39
gh-31780279220-0814T1100,2026-08-14T06:01:05-05:00,1000047-B,CLASE TEORICA,(22) Grupo 22,LINDA JOHANA RUIZ GOMEZ,26,39
gh-31780279220-0814T1100,2026-08-14T06:01:05-05:00,1000047-B,CLASE TEORICA,(3) Grupo 3,Monica Alexandra Riaño Orjuela,26,39
gh-31780279220-0814T1100,2026-08-14T06:01:05-05:00,1000047-B,CLASE TEORICA,(4) Grupo 4,Claudia Patricia Cortes Lora,26,39
gh-31780279220-0814T1100,2026-08-14T06:01:05-05:00,1000047-B,CLASE TEORICA,(5) Grupo 5,Olga Lucia Ruiz Convers,26,39
gh-31780279220-0814T1100,2026-08-14T06:01:05-05:00,1000047-B,CLASE TEORICA,(6) Grupo 6,Monica Alexandra Riaño Orjuela,26,39
gh-31780279220-0814T1100,2026-08-14T06:01:05-05:00,1000047-B,CLASE TEORICA,(7) Grupo 7,Cesar Augusto Romero,26,39
gh-31780279220-0814T1100,2026-08-14T06:01:05-05:00,1000047-B,CLASE TEORICA,(8) Grupo 8,Beatriz Elena Urrutia Sanchez,26,39
gh-31780279220-0814T1100,2026-08-14T06:01:05-05:00,1000047-B,CLASE TEORICA,(9) Grupo 9,Keshia Hilary Howard Livingston,15,39
gh-31780279220-0814T1100,2026-08-14T06:01:08-05:00,2026186,CLASE TEORICA,(1) Grupo 1,Carol Andrea Murillo Feo,7,41
gh-31780279220-0814T1100,2026-08-14T06:01:08-05:00,2026186,CLASE TEORICA,(2) Grupo 2,Leonel Vega Mora,0,41
gh-31780279220-0814T1100,2026-08-14T06:01:08-05:00,2026186,CLASE TEORICA,(4) Grupo 4,Carlos Orlando Robles Roa,10,41
gh-31780279220-0814T1100,2026-08-14T06:01:10-05:00,1000002-B,CLASE TEORICA,(1) Grupo 1 - Clase Presencial,Ruth Andrea Cortés Suárez,1,42
gh-31780279220-0814T1100,2026-08-14T06:01:10-05:00,1000002-B,CLASE TEORICA,(10) Grupo 10 - Clase presencial,Karen Johanna Castelblanco Villamil,0,42
gh-31780279220-0814T1100,2026-08-14T06:01:10-05:00,1000002-B,CLASE TEORICA,(2) Grupo 2 - Clase Presencial,Ruth Andrea Cortés Suárez,0,42
gh-31780279220-0814T1100,2026-08-14T06:01:10-05:00,1000002-B,CLASE TEORICA,(3) Grupo 3 - Clase Presencial,Adriana Patricia Díaz Cuevas,0,42
gh-31780279220-0814T1100,2026-08-14T06:01:10-05:00,1000002-B,CLASE TEORICA,(4) Grupo 4 - Clase Presencial,Adriana Patricia Díaz Cuevas,0,42
gh-31780279220-0814T1100,2026-08-14T06:01:10-05:00,1000002-B,CLASE TEORICA,(5) Grupo 5 - Clase Presencial,Andres Felipe Escovar Barreto,0,42
gh-31780279220-0814T1100,2026-08-14T06:01:10-05:00,1000002-B,CLASE TEORICA,(6) Grupo 6 - Clase Presencial,Ruth Andrea Cortés Suárez,0,42
gh-31780279220-0814T1100,2026-08-14T06:01:10-05:00,1000002-B,CLASE TEORICA,(7) Grupo 7 - Clase Presencial,Karen Johanna Castelblanco Villamil,0,42
gh-31780279220-0814T1100,2026-08-14T06:01:10-05:00,1000002-B,CLASE TEORICA,(8) Grupo 8 - Clase Presencial,Adriana Patricia Díaz Cuevas,0,42
gh-31780279220-0814T1100,2026-08-14T06:01:10-05:00,1000002-B,CLASE TEORICA,(9) Grupo 9 - Clase Presencial,Carlas Lucia Castilla Lara,10,42
gh-31780279220-0814T1100,2026-08-14T06:01:11-05:00,1000001-B,CLASE TEORICA,(1) Grupo 1,No informado,0,43
gh-31780279220-0814T1100,2026-08-14T06:01:11-05:00,1000001-B,CLASE TEORICA,(19) Grupo 19,No informado,5,43
gh-31780279220-0814T1100,2026-08-14T06:01:11-05:00,1000001-B,CLASE TEORICA,(2) Grupo 2,No informado,10,43
gh-31780279220-0814T1100,2026-08-14T06:01:11-05:00,1000001-B,CLASE MAGISTRAL,(1) Grupo 1,Ibeth Marcela Rubio Perilla,0,43
gh-31780279220-0814T1100,2026-08-14T06:01:11-05:00,1000001-B,CLASE MAGISTRAL,(10) Grupo 10,No informado,0,43
gh-31780279220-0814T1100,2026-08-14T06:01:11-05:00,1000001-B,CLASE MAGISTRAL,(2) Grupo 2,Herbert Alonso Dueñas Ruiz,0,43
gh-31780279220-0814T1100,2026-08-14T06:01:11-05:00,1000001-B,CLASE MAGISTRAL,(3) Grupo 3,Jeanneth Galeano Penaloza,0,43
gh-31780279220-0814T1100,2026-08-14T06:01:11-05:00,1000001-B,CLASE MAGISTRAL,(4) Grupo 4,Gustavo Adolfo Nieto Clavijo,0,43
gh-31780279220-0814T1100,2026-08-14T06:01:11-05:00,1000001-B,CLASE MAGISTRAL,(5) Grupo 5,Natalia Camila Pinzon Cortes,1,43
gh-31780279220-0814T1100,2026-08-14T06:01:11-05:00,1000001-B,CLASE MAGISTRAL,(6) Grupo 6,Martha Cecilia Moreno Penagos,0,43
gh-31780279220-0814T1100,2026-08-14T06:01:11-05:00,1000001-B,CLASE MAGISTRAL,(7) Grupo 7,Claudio Rodriguez Beltran,0,43
gh-31780279220-0814T1100,2026-08-14T06:01:11-05:00,1000001-B,CLASE MAGISTRAL,(8) Grupo 8,Gabriel Ignacio Padilla Leon,1,43
gh-31780279220-0814T1100,2026-08-14T06:01:11-05:00,1000001-B,CLASE MAGISTRAL,(9) Grupo 9,No informado,10,43
gh-31780279220-0814T1100,2026-08-14T06:01:13-05:00,2015965,CLASE TEORICA,(1) Grupo 1,CAMILO RIOS FRESNEDA,24,44
gh-31780279220-0814T1100,2026-08-14T06:01:13-05:00,2015965,CLASE TEORICA,(2) Grupo 2,Julian David Puerto Suarez; Vladimir Buelvas Hernández,24,44
gh-31780279220-0814T1100,2026-08-14T06:01:13-05:00,2015965,CLASE TEORICA,(3) Grupo 3,Ferney Betancourt Cardozo; Juan Manuel Lizarazo Marriaga,24,44
gh-31780279220-0814T1100,2026-08-14T06:01:13-05:00,2015965,CLASE TEORICA,(4) Grupo 4,No informado,24,44
gh-31780279220-0814T1100,2026-08-14T06:01:14-05:00,2015966,CLASE TEORICA,(1) Grupo 1,No informado,24,45
gh-31780279220-0814T1100,2026-08-14T06:01:14-05:00,2015966,CLASE TEORICA,(2) Grupo 2,Adriana Patricia Piña Fulano,24,45
gh-31780279220-0814T1100,2026-08-14T06:01:14-05:00,2015966,CLASE TEORICA,(3) Grupo 3,Rafael Orland Ortiz Mosquera,24,45
gh-31780279220-0814T1100,2026-08-14T06:01:14-05:00,2015966,CLASE TEORICA,(4) Grupo 4,No informado,24,45
gh-31780279220-0814T1100,2026-08-14T06:01:14-05:00,2015966,CLASE TEORICA,(5) Grupo 5,No informado,24,45
gh-31780279220-0814T1100,2026-08-14T06:01:14-05:00,2015966,CLASE TEORICA,(6) Grupo 6,Luis Alejandro Morales Marin,24,45
gh-31780279220-0814T1100,2026-08-14T06:01:14-05:00,2015966,CLASE TEORICA,(7) Grupo 7,No informado,24,45
gh-31780279220-0814T1100,2026-08-14T06:01:14-05:00,2015966,CLASE TEORICA,(8) Grupo 8,No informado,24,45
gh-31780279220-0814T1100,2026-08-14T06:01:15-05:00,2015967,NA,(1) Grupo 1,Vladimir Buelvas Hernández,24,46
gh-31780279220-0814T1100,2026-08-14T06:01:17-05:00,2015968,CLASE TEORICA,(1) Grupo 1,Ricardo Parra Arango,24,47
gh-31780279220-0814T1100,2026-08-14T06:01:17-05:00,2015968,CLASE TEORICA,(2) Grupo 2,Juan David Oliveros Salazar,24,47
gh-31780279220-0814T1100,2026-08-14T06:01:17-05:00,2015968,CLASE TEORICA,(3) Grupo 3,No informado,24,47
gh-31780279220-0814T1100,2026-08-14T06:01:17-05:00,2015968,CLASE TEORICA,(4) Grupo 4,Ricardo Parra Arango,24,47
gh-31780279220-0814T1100,2026-08-14T06:01:17-05:00,2015968,CLASE TEORICA,(5) Grupo 5,Julian David Puerto Suarez,24,47
gh-31780279220-0814T1100,2026-08-14T06:01:17-05:00,2015968,CLASE TEORICA,(6) Grupo 6,Dorian Luis Linero Segrera,24,47
gh-31780279220-0814T1100,2026-08-14T06:01:17-05:00,2015968,CLASE TEORICA,(7) Grupo 7,No informado,0,47
gh-31780279220-0814T1100,2026-08-14T06:01:18-05:00,2015969,CLASE TEORICA,(1) Grupo 1 (Inglés),Julio Esteban Colmenares Montañez,30,48
gh-31780279220-0814T1100,2026-08-14T06:01:18-05:00,2015969,CLASE TEORICA,(2) Grupo 2,Guillermo Eduardo Avila Alvarez,30,48
gh-31780279220-0814T1100,2026-08-14T06:01:18-05:00,2015969,CLASE TEORICA,(3) Grupo 3,Livaniel Viveros Rosero,30,48
gh-31780279220-0814T1100,2026-08-14T06:01:18-05:00,2015969,CLASE TEORICA,(4) Grupo 4,No informado,30,48
gh-31780279220-0814T1100,2026-08-14T06:01:20-05:00,2015970,CLASE PRACTICA,(4) Grupo 4,Helga Duarte,30,49
gh-31780279220-0814T1100,2026-08-14T06:01:20-05:00,2015970,CLASE PRACTICA,(5) Grupo 5,Oswaldo Rojas Camacho,45,49
gh-31780279220-0814T1100,2026-08-14T06:01:20-05:00,2015970,CLASE PRACTICA,(8) Grupo 8,Helga Duarte,30,49
gh-31780279220-0814T1100,2026-08-14T06:01:20-05:00,2015970,CLASE PRACTICA,(9) Grupo 9,Oswaldo Rojas Camacho,45,49
gh-31780279220-0814T1100,2026-08-14T06:01:21-05:00,2017293,CLASE TEORICA,(1) 2017293-1 Modelación matemática,JUAN SEBASTIÁN HINCAPIÉ MONTES,34,50
gh-31780279220-0814T1100,2026-08-14T06:01:21-05:00,2017293,CLASE TEORICA,(2) 2017293-2 Modelación matemática,JUAN SEBASTIÁN HINCAPIÉ MONTES,34,50
gh-31780279220-0814T1100,2026-08-14T06:01:21-05:00,2017293,CLASE MAGISTRAL,(1M) 2017293-1M Modelación matemática - Magistral,Carlos Alberto Duque Daza,80,50
gh-31780279220-0814T1100,2026-08-14T06:01:24-05:00,2015971,CLASE TEORICA,(1) Grupo 1,No informado,30,53
gh-31780279220-0814T1100,2026-08-14T06:01:24-05:00,2015971,CLASE TEORICA,(2) Grupo 2,Ferney Betancourt Cardozo,30,53
gh-31780279220-0814T1100,2026-08-14T06:01:24-05:00,2015971,CLASE TEORICA,(3) Grupo 3,No informado,30,53
gh-31780279220-0814T1100,2026-08-14T06:01:25-05:00,2015972,CLASE TEORICA,(1) Grupo 1,Carlos Alberto Moncada Aristizabal,15,54
gh-31780279220-0814T1100,2026-08-14T06:01:25-05:00,2015972,CLASE TEORICA,(2) Grupo 2,SANTIAGO RAMIREZ ECHEVERRI,15,54
gh-31780279220-0814T1100,2026-08-14T06:01:25-05:00,2015972,CLASE TEORICA,(3) Grupo 3,No informado,15,54
gh-31780279220-0814T1100,2026-08-14T06:01:27-05:00,1000024-B,CLASE TEORICA,(12) Grupo 12,Edgar Delgado Mejia,0,55
gh-31780279220-0814T1100,2026-08-14T06:01:27-05:00,1000024-B,CLASE TEORICA,(13) Grupo 13,Jesus Sigifredo Valencia Rios,0,55
gh-31780279220-0814T1100,2026-08-14T06:01:27-05:00,1000024-B,CLASE TEORICA,(14) Grupo 14,Jhon Jairo Aragón Arias,10,55
gh-31780279220-0814T1100,2026-08-14T06:01:28-05:00,1000013-B,CLASE TEORICA,(1) Grupo 1,JHONIER SEBASTIAN RANGEL GUTIERREZ,0,56
gh-31780279220-0814T1100,2026-08-14T06:01:28-05:00,1000013-B,CLASE TEORICA,(10) Grupo 10,Sandra Vergara Cardozo,35,56
gh-31780279220-0814T1100,2026-08-14T06:01:28-05:00,1000013-B,CLASE TEORICA,(11) Grupo 11,DIEGO ALBERTO MARTINEZ SIMBAQUEVA,40,56
gh-31780279220-0814T1100,2026-08-14T06:01:28-05:00,1000013-B,CLASE TEORICA,(12) Grupo 12,DIEGO ALBERTO MARTINEZ SIMBAQUEVA,40,56
gh-31780279220-0814T1100,2026-08-14T06:01:28-05:00,1000013-B,CLASE TEORICA,(13) Grupo 13,DIEGO ALBERTO MARTINEZ SIMBAQUEVA,30,56
gh-31780279220-0814T1100,2026-08-14T06:01:28-05:00,1000013-B,CLASE TEORICA,(14) Grupo 14,Andrea Catalina Garcia Montoya,45,56
gh-31780279220-0814T1100,2026-08-14T06:01:28-05:00,1000013-B,CLASE TEORICA,(16) Grupo 16,Sergio Alejandro Calderon Villanueva,30,56
gh-31780279220-0814T1100,2026-08-14T06:01:28-05:00,1000013-B,CLASE TEORICA,(2) Grupo 2,Luis Guillermo Diaz Monroy,40,56
gh-31780279220-0814T1100,2026-08-14T06:01:28-05:00,1000013-B,CLASE TEORICA,(22) Grupo 22,Hanwen Zhang,45,56
gh-31780279220-0814T1100,2026-08-14T06:01:28-05:00,1000013-B,CLASE TEORICA,(23) Grupo 23,ULPIANO LARA CRISTANCHO,0,56
gh-31780279220-0814T1100,2026-08-14T06:01:28-05:00,1000013-B,CLASE TEORICA,(3) Grupo 3,Diana Carolina Franco Soto,40,56
gh-31780279220-0814T1100,2026-08-14T06:01:28-05:00,1000013-B,CLASE TEORICA,(4) Grupo 4,Diana Carolina Franco Soto,40,56
gh-31780279220-0814T1100,2026-08-14T06:01:28-05:00,1000013-B,CLASE TEORICA,(5) Grupo 5,Darwin Eduardo Martínez Riaño,35,56
gh-31780279220-0814T1100,2026-08-14T06:01:28-05:00,1000013-B,CLASE TEORICA,(6) Grupo 6,Darwin Eduardo Martínez Riaño,35,56
gh-31780279220-0814T1100,2026-08-14T06:01:28-05:00,1000013-B,CLASE TEORICA,(7) Grupo 7,Camilo Jose Torres Jimenez,40,56
gh-31780279220-0814T1100,2026-08-14T06:01:29-05:00,2015734,NA,(1) Grupo 1,Fernando Salazar Delgado,6,57
gh-31780279220-0814T1100,2026-08-14T06:01:29-05:00,2015734,NA,(10) Grupo 10,Tito Florez Calderon,4,57
gh-31780279220-0814T1100,2026-08-14T06:01:29-05:00,2015734,NA,(11) Grupo 11,DAVID ALBERTO HERRERA ALVAREZ,0,57
gh-31780279220-0814T1100,2026-08-14T06:01:29-05:00,2015734,NA,(12) Grupo 12,FABIEL NATÁN ESPINOSA CASTAÑEDA,1,57
gh-31780279220-0814T1100,2026-08-14T06:01:29-05:00,2015734,NA,(13) Grupo 13,SERGIO CAMILO ESPINOSA BOTERO,4,57
gh-31780279220-0814T1100,2026-08-14T06:01:29-05:00,2015734,NA,(14) Grupo 14,Felipe Gonzalez Roldan,0,57
gh-31780279220-0814T1100,2026-08-14T06:01:29-05:00,2015734,NA,(2) Grupo 2,Fernando Salazar Delgado,16,57
gh-31780279220-0814T1100,2026-08-14T06:01:29-05:00,2015734,NA,(3) Grupo 3,Jhoan Sebastian Restrepo Mendoza,0,57
gh-31780279220-0814T1100,2026-08-14T06:01:29-05:00,2015734,NA,(4) Grupo 4,Sandra Liliana Rojas Martinez,0,57
gh-31780279220-0814T1100,2026-08-14T06:01:29-05:00,2015734,NA,(5) Grupo 5,Jhoan Sebastian Restrepo Mendoza,0,57
gh-31780279220-0814T1100,2026-08-14T06:01:29-05:00,2015734,NA,(6) Grupo 6,SERGIO CAMILO ESPINOSA BOTERO,8,57
gh-31780279220-0814T1100,2026-08-14T06:01:29-05:00,2015734,NA,(7) Grupo 7,No informado,3,57
gh-31780279220-0814T1100,2026-08-14T06:01:29-05:00,2015734,NA,(8) Grupo 8 - Virtual,FABIEL NATÁN ESPINOSA CASTAÑEDA,30,57
gh-31780279220-0814T1100,2026-08-14T06:01:29-05:00,2015734,NA,(9) Grupo 9,Alvaro Reynel Córdoba,18,57
gh-31780279220-0814T1100,2026-08-14T06:01:31-05:00,2015973,CLASE TEORICA,(1) Grupo 1,No informado,25,59
gh-31780279220-0814T1100,2026-08-14T06:01:31-05:00,2015973,CLASE TEORICA,(2) Grupo 2,GABRIELA ARRIETA LOYO,25,59
gh-31780279220-0814T1100,2026-08-14T06:01:31-05:00,2015973,CLASE TEORICA,(3) Grupo 3,NICOLAS ESCALANTE MORA,25,59
gh-31780279220-0814T1100,2026-08-14T06:01:33-05:00,2022761,NA,(1) Grupo 1,Servio Javier Contreras Guerrero,15,60
gh-31780279220-0814T1100,2026-08-14T06:01:33-05:00,2022761,NA,(2) Grupo 2,Servio Javier Contreras Guerrero,15,60
gh-31780279220-0814T1100,2026-08-14T06:01:33-05:00,2022761,NA,(3) Grupo 3,Samuel Fernando Mesa Giraldo,15,60
gh-31780279220-0814T1100,2026-08-14T06:01:34-05:00,2024045,CLASE TEORICA,(1) 2024045-1 Taller de proyectos interdisciplinarios,No informado,0,61
gh-31780279220-0814T1100,2026-08-14T06:01:34-05:00,2024045,CLASE TEORICA,(10) 2024045-10 Taller de proyectos interdisciplinarios,Oscar Andres Eraso Eraso,0,61
gh-31780279220-0814T1100,2026-08-14T06:01:34-05:00,2024045,CLASE TEORICA,(11) 2024045-11 Taller de proyectos interdisciplinarios,No informado,0,61
gh-31780279220-0814T1100,2026-08-14T06:01:34-05:00,2024045,CLASE TEORICA,(12) 2024045-12 Taller de proyectos interdisciplinarios,Hector Julian Garcia Otalora,200,61
gh-31780279220-0814T1100,2026-08-14T06:01:34-05:00,2024045,CLASE TEORICA,(13) 2024045-13 Taller de proyectos interdisciplinarios,No informado,0,61
gh-31780279220-0814T1100,2026-08-14T06:01:34-05:00,2024045,CLASE TEORICA,(14) 2024045-14 Taller de proyectos interdisciplinarios,Dolly Santos Barbosa,0,61
gh-31780279220-0814T1100,2026-08-14T06:01:34-05:00,2024045,CLASE TEORICA,(15) 2024045-15 Taller de proyectos interdisciplinarios,Oscar Andres Eraso Eraso,0,61
gh-31780279220-0814T1100,2026-08-14T06:01:34-05:00,2024045,CLASE TEORICA,(16) 2024045-16 Taller de proyectos interdisciplinarios,Luis Ignacio Rodriguez Varela,0,61
gh-31780279220-0814T1100,2026-08-14T06:01:34-05:00,2024045,CLASE TEORICA,(17) 2024045-17 Taller de proyectos interdisciplinarios,JOHANA CATALINA MANOSALVA BARRERA,0,61
gh-31780279220-0814T1100,2026-08-14T06:01:34-05:00,2024045,CLASE TEORICA,(18) 2024045-18 Taller de proyectos interdisciplinarios,Fernando Bernal Martinez,0,61
gh-31780279220-0814T1100,2026-08-14T06:01:34-05:00,2024045,CLASE TEORICA,(19) 2024045-19 Taller de proyectos interdisciplinarios,FRANCISCO JAVIER VÁSQUEZ VÁSQUEZ,0,61
gh-31780279220-0814T1100,2026-08-14T06:01:34-05:00,2024045,CLASE TEORICA,(2) 2024045-2 Taller de proyectos interdisciplinarios,Fernando Bernal Martinez,0,61
gh-31780279220-0814T1100,2026-08-14T06:01:34-05:00,2024045,CLASE TEORICA,(21) 2024045-21 Taller de proyectos interdisciplinarios,No informado,0,61
gh-31780279220-0814T1100,2026-08-14T06:01:34-05:00,2024045,CLASE TEORICA,(22) 2024045-22 Taller de proyectos interdisciplinarios,Ubaldo Garcia Zaragoza,0,61
gh-31780279220-0814T1100,2026-08-14T06:01:34-05:00,2024045,CLASE TEORICA,(23) 2024045-23 Taller de proyectos interdisciplinarios,No informado,0,61
gh-31780279220-0814T1100,2026-08-14T06:01:34-05:00,2024045,CLASE TEORICA,(24) 2024045-24 Taller de proyectos interdisciplinarios,Hector Julian Garcia Otalora,200,61
gh-31780279220-0814T1100,2026-08-14T06:01:34-05:00,2024045,CLASE TEORICA,(3) 2024045-3 Taller de proyectos interdisciplinarios,Guillermo Alberto Rocha Casas,0,61
gh-31780279220-0814T1100,2026-08-14T06:01:34-05:00,2024045,CLASE TEORICA,(4) 2024045-4 Taller de proyectos interdisciplinarios,Francy Nayely Prieto Novoa,0,61
gh-31780279220-0814T1100,2026-08-14T06:01:34-05:00,2024045,CLASE TEORICA,(40) 2024045-40 TPI-- NO BORRAR-- BLOQ ESPACIOS,No informado,0,61
gh-31780279220-0814T1100,2026-08-14T06:01:34-05:00,2024045,CLASE TEORICA,(5) 2024045-5 Taller de proyectos interdisciplinarios,Nubia Carmenza Moreno Sarmiento,0,61
gh-31780279220-0814T1100,2026-08-14T06:01:34-05:00,2024045,CLASE TEORICA,(6) 2024045-6 Taller de proyectos interdisciplinarios,JOHANA CATALINA MANOSALVA BARRERA,0,61
gh-31780279220-0814T1100,2026-08-14T06:01:34-05:00,2024045,CLASE TEORICA,(7) 2024045-7 Taller de proyectos interdisciplinarios,Ubaldo Garcia Zaragoza,0,61
gh-31780279220-0814T1100,2026-08-14T06:01:34-05:00,2024045,CLASE TEORICA,(8) 2024045-8 Taller de proyectos interdisciplinarios,JHON FREDDY LOPEZ MEDINA,0,61
gh-31780279220-0814T1100,2026-08-14T06:01:34-05:00,2024045,CLASE TEORICA,(9) 2024045-9 Taller de proyectos interdisciplinarios,Manuel Alejandro Mayorga Betancourt,0,61
gh-31780279220-0814T1100,2026-08-14T06:01:35-05:00,2015296,NA,(1) Grupo 1,Leonardo David Donado Garzon,5,62
gh-31780279220-0814T1100,2026-08-14T06:01:35-05:00,2015296,NA,(10) Grupo 10,Juan Manuel Lizarazo Marriaga,5,62
gh-31780279220-0814T1100,2026-08-14T06:01:35-05:00,2015296,NA,(11) Grupo 11,Octavio Coronado Garcia,5,62
gh-31780279220-0814T1100,2026-08-14T06:01:35-05:00,2015296,NA,(12) Grupo 12,Carol Andrea Murillo Feo,5,62
gh-31780279220-0814T1100,2026-08-14T06:01:35-05:00,2015296,NA,(13) Grupo 13,CAMILO RIOS FRESNEDA,5,62
gh-31780279220-0814T1100,2026-08-14T06:01:35-05:00,2015296,NA,(14) Grupo 14,William Castro Garcia,5,62
gh-31780279220-0814T1100,2026-08-14T06:01:35-05:00,2015296,NA,(15) Grupo 15,Luis Alejandro Morales Marin,5,62
gh-31780279220-0814T1100,2026-08-14T06:01:35-05:00,2015296,NA,(16) Grupo 16,Ferney Betancourt Cardozo,5,62
gh-31780279220-0814T1100,2026-08-14T06:01:35-05:00,2015296,NA,(17) Grupo 17,Maria Alejandra Caicedo Londoño,5,62
gh-31780279220-0814T1100,2026-08-14T06:01:35-05:00,2015296,NA,(18) Grupo 18,Guillermo Eduardo Avila Alvarez,5,62
gh-31780279220-0814T1100,2026-08-14T06:01:35-05:00,2015296,NA,(19) Grupo 19,Carlos Alfonso Gomez Guacaneme,0,62
gh-31780279220-0814T1100,2026-08-14T06:01:35-05:00,2015296,NA,(2) Grupo 2,Carlos Orlando Robles Roa,5,62
gh-31780279220-0814T1100,2026-08-14T06:01:35-05:00,2015296,NA,(3) Grupo 3,Angela Barrera Puerto,5,62
gh-31780279220-0814T1100,2026-08-14T06:01:35-05:00,2015296,NA,(4) Grupo 4,Mauricio Alberto Tapias Camacho,5,62
gh-31780279220-0814T1100,2026-08-14T06:01:35-05:00,2015296,NA,(5) Grupo 5,Maritzabel Molina Herrera,5,62
gh-31780279220-0814T1100,2026-08-14T06:01:35-05:00,2015296,NA,(6) Grupo 6,Rodolfo Rodriguez Baracaldo,5,62
gh-31780279220-0814T1100,2026-08-14T06:01:35-05:00,2015296,NA,(7) Grupo 7,SANTIAGO RAMIREZ ECHEVERRI,5,62
gh-31780279220-0814T1100,2026-08-14T06:01:35-05:00,2015296,NA,(8) Grupo 8,Jose Ricardo Martinez Vargas,5,62
gh-31780279220-0814T1100,2026-08-14T06:01:35-05:00,2015296,NA,(9) Grupo 9,GABRIELA ARRIETA LOYO,5,62
gh-31780279220-0814T1100,2026-08-14T06:01:37-05:00,2015299,CLASE TEORICA,(1) Grupo 1,GABRIELA ARRIETA LOYO,51,63
gh-31780279220-0814T1130,2026-08-14T06:30:21-05:00,2015938,CLASE TEORICA,(1) Grupo 1,Maria Alejandra Caicedo Londoño,25,0
gh-31780279220-0814T1130,2026-08-14T06:30:21-05:00,2015938,CLASE TEORICA,(2) Grupo 2,Maria Alejandra Caicedo Londoño,25,0
gh-31780279220-0814T1130,2026-08-14T06:30:21-05:00,2015938,CLASE TEORICA,(3) Grupo 3,JOSE LUIS DIAZ AREVALO,25,0
gh-31780279220-0814T1130,2026-08-14T06:30:21-05:00,2015938,CLASE TEORICA,(4) Grupo 4,JOSE LUIS DIAZ AREVALO,24,0
gh-31780279220-0814T1130,2026-08-14T06:30:23-05:00,2015939,CLASE TEORICA,(1) Grupo 1,ALVARO MARTIN GUTIERREZ MALAXECHEBARRIA,25,1
gh-31780279220-0814T1130,2026-08-14T06:30:23-05:00,2015939,CLASE TEORICA,(2) Grupo 2,ALVARO MARTIN GUTIERREZ MALAXECHEBARRIA,25,1
gh-31780279220-0814T1130,2026-08-14T06:30:23-05:00,2015939,CLASE TEORICA,(3) Grupo 3,Edder Alexander Velandia Duran,25,1
gh-31780279220-0814T1130,2026-08-14T06:30:23-05:00,2015939,CLASE TEORICA,(4) Grupo 4,No informado,25,1
gh-31780279220-0814T1130,2026-08-14T06:30:24-05:00,1000003-B,NA,(1) Grupo 1,Erika Lorena Rosero Alzate; Oscar Andrés Rojas Sepúlveda,0,2
gh-31780279220-0814T1130,2026-08-14T06:30:24-05:00,1000003-B,NA,(10) Grupo 10,Epifanio Lozano Ayala,14,2
gh-31780279220-0814T1130,2026-08-14T06:30:24-05:00,1000003-B,NA,(11) Grupo 11,No informado,60,2
gh-31780279220-0814T1130,2026-08-14T06:30:24-05:00,1000003-B,NA,(12) Grupo 12,No informado,40,2
gh-31780279220-0814T1130,2026-08-14T06:30:24-05:00,1000003-B,NA,(13) Grupo 13,Mohammed EL AIDI,40,2
gh-31780279220-0814T1130,2026-08-14T06:30:24-05:00,1000003-B,NA,(15) Grupo 15,Myriam Leonor Campos Florez,60,2
gh-31780279220-0814T1130,2026-08-14T06:30:24-05:00,1000003-B,NA,(16) Grupo 16,No informado,60,2
gh-31780279220-0814T1130,2026-08-14T06:30:24-05:00,1000003-B,NA,(17) Grupo 17,Martha Cecilia Moreno Penagos,40,2
gh-31780279220-0814T1130,2026-08-14T06:30:24-05:00,1000003-B,NA,(18) Grupo 18,John Alexander Cruz Morales,52,2
gh-31780279220-0814T1130,2026-08-14T06:30:24-05:00,1000003-B,NA,(20) Grupo 20,Natalia Camila Pinzon Cortes,60,2
gh-31780279220-0814T1130,2026-08-14T06:30:24-05:00,1000003-B,NA,(21) Grupo 21,Ivon Andrea Dorado Correa,52,2
gh-31780279220-0814T1130,2026-08-14T06:30:24-05:00,1000003-B,NA,(22) Grupo 22,No informado,46,2
gh-31780279220-0814T1130,2026-08-14T06:30:24-05:00,1000003-B,NA,(3) Grupo 3,No informado,60,2
gh-31780279220-0814T1130,2026-08-14T06:30:24-05:00,1000003-B,NA,(4) Grupo 4,Luis Alejandro Barbosa Torres,112,2
gh-31780279220-0814T1130,2026-08-14T06:30:24-05:00,1000003-B,NA,(5) Grupo 5,Jaime David Mora Paz,60,2
gh-31780279220-0814T1130,2026-08-14T06:30:24-05:00,1000003-B,NA,(7) Grupo 7,Myriam Leonor Campos Florez,40,2
gh-31780279220-0814T1130,2026-08-14T06:30:24-05:00,1000003-B,NA,(8) Grupo 8,No informado,10,2
gh-31780279220-0814T1130,2026-08-14T06:30:25-05:00,2015940,CLASE TEORICA,(1) Grupo 1,Maritzabel Molina Herrera,24,3
gh-31780279220-0814T1130,2026-08-14T06:30:25-05:00,2015940,CLASE TEORICA,(2) Grupo 2,Gabriel Andres Bernal Granados,24,3
gh-31780279220-0814T1130,2026-08-14T06:30:25-05:00,2015940,CLASE TEORICA,(3) Grupo 3,No informado,24,3
gh-31780279220-0814T1130,2026-08-14T06:30:26-05:00,2015941,CLASE TEORICA,(1) Grupo 1,Patricia Luna Tamayo,30,4
gh-31780279220-0814T1130,2026-08-14T06:30:26-05:00,2015941,CLASE TEORICA,(2) Grupo 2,No informado,30,4
gh-31780279220-0814T1130,2026-08-14T06:30:26-05:00,2015941,CLASE TEORICA,(3) Grupo 3,Carlos Ramiro Vallecilla Bahena,30,4
gh-31780279220-0814T1130,2026-08-14T06:30:26-05:00,2015941,CLASE TEORICA,(4) Grupo 4,No informado,30,4
gh-31780279220-0814T1130,2026-08-14T06:30:28-05:00,1000004-B,NA,(10) Grupo 10,No informado,53,5
gh-31780279220-0814T1130,2026-08-14T06:30:28-05:00,1000004-B,NA,(11) Grupo 11,No informado,24,5
gh-31780279220-0814T1130,2026-08-14T06:30:28-05:00,1000004-B,NA,(12) Grupo 12,No informado,24,5
gh-31780279220-0814T1130,2026-08-14T06:30:28-05:00,1000004-B,NA,(13) Grupo 13,No informado,16,5
gh-31780279220-0814T1130,2026-08-14T06:30:28-05:00,1000004-B,NA,(14) Grupo 14,No informado,90,5
gh-31780279220-0814T1130,2026-08-14T06:30:28-05:00,1000004-B,NA,(16) Grupo 16,No informado,27,5
gh-31780279220-0814T1130,2026-08-14T06:30:28-05:00,1000004-B,NA,(17) Grupo 17,Hernan Garzon Gutierrez,39,5
gh-31780279220-0814T1130,2026-08-14T06:30:28-05:00,1000004-B,NA,(19) Grupo 19,No informado,59,5
gh-31780279220-0814T1130,2026-08-14T06:30:28-05:00,1000004-B,NA,(2) Grupo 2,No informado,24,5
gh-31780279220-0814T1130,2026-08-14T06:30:28-05:00,1000004-B,NA,(20) Grupo 20,Hernan Garzon Gutierrez,10,5
gh-31780279220-0814T1130,2026-08-14T06:30:28-05:00,1000004-B,NA,(21) Grupo 21,No informado,60,5
gh-31780279220-0814T1130,2026-08-14T06:30:28-05:00,1000004-B,NA,(22) Grupo 22,No informado,60,5
gh-31780279220-0814T1130,2026-08-14T06:30:28-05:00,1000004-B,NA,(24) Grupo 24,Ricardo Ariel Pastran Ramirez,60,5
gh-31780279220-0814T1130,2026-08-14T06:30:28-05:00,1000004-B,NA,(25) Grupo 25,No informado,40,5
gh-31780279220-0814T1130,2026-08-14T06:30:28-05:00,1000004-B,NA,(27) Grupo 27,No informado,51,5
gh-31780279220-0814T1130,2026-08-14T06:30:28-05:00,1000004-B,NA,(28) Grupo 28,No informado,60,5
gh-31780279220-0814T1130,2026-08-14T06:30:28-05:00,1000004-B,NA,(29) Grupo 29,No informado,60,5
gh-31780279220-0814T1130,2026-08-14T06:30:28-05:00,1000004-B,NA,(30) Grupo 30,No informado,60,5
gh-31780279220-0814T1130,2026-08-14T06:30:28-05:00,1000004-B,NA,(32) Grupo 32,No informado,90,5
gh-31780279220-0814T1130,2026-08-14T06:30:28-05:00,1000004-B,NA,(4) Grupo 4,Myriam Leonor Campos Florez,37,5
gh-31780279220-0814T1130,2026-08-14T06:30:28-05:00,1000004-B,NA,(5) Grupo 5,Oscar Javier Lopez Alfonso,84,5
gh-31780279220-0814T1130,2026-08-14T06:30:28-05:00,1000004-B,NA,(7) Grupo 7,Anderson Arley Vera Arboleda,64,5
gh-31780279220-0814T1130,2026-08-14T06:30:28-05:00,1000004-B,NA,(8) Grupo 8,No informado,40,5
gh-31780279220-0814T1130,2026-08-14T06:30:28-05:00,1000004-B,NA,(9) Grupo 9,No informado,18,5
gh-31780279220-0814T1130,2026-08-14T06:30:30-05:00,1000006-B,NA,(1) Grupo 1,No informado,40,6
gh-31780279220-0814T1130,2026-08-14T06:30:30-05:00,1000006-B,NA,(10) Grupo 10,No informado,100,6
gh-31780279220-0814T1130,2026-08-14T06:30:30-05:00,1000006-B,NA,(11) Grupo 11,No informado,40,6
gh-31780279220-0814T1130,2026-08-14T06:30:30-05:00,1000006-B,NA,(12) Grupo 12,Leonid Lebedev,60,6
gh-31780279220-0814T1130,2026-08-14T06:30:30-05:00,1000006-B,NA,(13) Grupo 13,Juan Carlos Hernandez Rincon,40,6
gh-31780279220-0814T1130,2026-08-14T06:30:30-05:00,1000006-B,NA,(14) Grupo 14,No informado,60,6
gh-31780279220-0814T1130,2026-08-14T06:30:30-05:00,1000006-B,NA,(15) Grupo 15,No informado,112,6
gh-31780279220-0814T1130,2026-08-14T06:30:30-05:00,1000006-B,NA,(2) Grupo 2,EDIXON MANUEL ROJAS SANTANA,40,6
gh-31780279220-0814T1130,2026-08-14T06:30:30-05:00,1000006-B,NA,(3) Grupo 3,Cesar Augusto Gomez Sierra,40,6
gh-31780279220-0814T1130,2026-08-14T06:30:30-05:00,1000006-B,NA,(4) Grupo 4,Agustin Moreno Canadas,100,6
gh-31780279220-0814T1130,2026-08-14T06:30:30-05:00,1000006-B,NA,(5) Grupo 5,German Eduardo Fonseca Buitrago,40,6
gh-31780279220-0814T1130,2026-08-14T06:30:30-05:00,1000006-B,NA,(7) Grupo 7,No informado,70,6
gh-31780279220-0814T1130,2026-08-14T06:30:30-05:00,1000006-B,NA,(8) Grupo 8,Epifanio Lozano Ayala,60,6
gh-31780279220-0814T1130,2026-08-14T06:30:30-05:00,1000006-B,NA,(9) Grupo 9,Orlando Vanegas Canro,0,6
gh-31780279220-0814T1130,2026-08-14T06:30:31-05:00,1000005-B,NA,(1) Grupo 1,Orlando Vanegas Canro,0,7
gh-31780279220-0814T1130,2026-08-14T06:30:31-05:00,1000005-B,NA,(10) Grupo 10,Epifanio Lozano Ayala,50,7
gh-31780279220-0814T1130,2026-08-14T06:30:31-05:00,1000005-B,NA,(14) Grupo 14,Mohammed EL AIDI,40,7
gh-31780279220-0814T1130,2026-08-14T06:30:31-05:00,1000005-B,NA,(15) Grupo 15,Alina Fedosova,60,7
gh-31780279220-0814T1130,2026-08-14T06:30:31-05:00,1000005-B,NA,(16) Grupo 16,No informado,70,7
gh-31780279220-0814T1130,2026-08-14T06:30:31-05:00,1000005-B,NA,(17) Grupo 17,Hernan Garzon Gutierrez,40,7
gh-31780279220-0814T1130,2026-08-14T06:30:31-05:00,1000005-B,NA,(2) Grupo 2,RENE ERLIN CASTILLO,60,7
gh-31780279220-0814T1130,2026-08-14T06:30:31-05:00,1000005-B,NA,(20) Grupo 20,Franqui Solis Cardenas Poloche,40,7
gh-31780279220-0814T1130,2026-08-14T06:30:31-05:00,1000005-B,NA,(22) Grupo 22,No informado,60,7
gh-31780279220-0814T1130,2026-08-14T06:30:31-05:00,1000005-B,NA,(3) Grupo 3,Eduardo Cardenas Gomez,70,7
gh-31780279220-0814T1130,2026-08-14T06:30:31-05:00,1000005-B,NA,(4) Grupo 4,Edward Samuel Becerra Rojas,60,7
gh-31780279220-0814T1130,2026-08-14T06:30:31-05:00,1000005-B,NA,(6) Grupo 6,No informado,60,7
gh-31780279220-0814T1130,2026-08-14T06:30:31-05:00,1000005-B,NA,(7) Grupo 7,Franqui Solis Cardenas Poloche,100,7
gh-31780279220-0814T1130,2026-08-14T06:30:31-05:00,1000005-B,NA,(8) Grupo 8,No informado,40,7
gh-31780279220-0814T1130,2026-08-14T06:30:31-05:00,1000005-B,NA,(9) Grupo 9,No informado,10,7
gh-31780279220-0814T1130,2026-08-14T06:30:33-05:00,2015943,CLASE TEORICA,(1) Grupo 1,Carlos Orlando Robles Roa,15,9
gh-31780279220-0814T1130,2026-08-14T06:30:34-05:00,2015944,CLASE TEORICA,(1) Grupo 1,SANTIAGO RAMIREZ ECHEVERRI,15,10
gh-31780279220-0814T1130,2026-08-14T06:30:36-05:00,2015711,NA,(10) 2015711-10 Dibujo básico,Ariel Augusto Amaya Avila,0,11
gh-31780279220-0814T1130,2026-08-14T06:30:36-05:00,2015711,NA,(11) 2015711-11 Dibujo básico,Cesar Augusto Bacca Gonzalez,0,11
gh-31780279220-0814T1130,2026-08-14T06:30:36-05:00,2015711,NA,(14) 2015711-14 Dibujo básico,Cristian Felipe Morales Suárez,0,11
gh-31780279220-0814T1130,2026-08-14T06:30:36-05:00,2015711,NA,(16) 2015711-16 Dibujo básico,DAVID FELIPE TORRES ARCE,0,11
gh-31780279220-0814T1130,2026-08-14T06:30:36-05:00,2015711,NA,(4) 2015711-4 Dibujo básico,Cristian Felipe Morales Suárez,9,11
gh-31780279220-0814T1130,2026-08-14T06:30:36-05:00,2015711,NA,(5) 2015711-5 Dibujo básico,Sebastian Achury Ortiz,0,11
gh-31780279220-0814T1130,2026-08-14T06:30:36-05:00,2015711,NA,(7) 2015711-7 Dibujo básico,Cesar Augusto Bacca Gonzalez,22,11
gh-31780279220-0814T1130,2026-08-14T06:30:36-05:00,2015711,NA,(8) 2015711-8 Dibujo básico,Miguel Angel Baquero Cortes,0,11
gh-31780279220-0814T1130,2026-08-14T06:30:36-05:00,2015711,NA,(9) 2015711-9 Dibujo básico,EDWIN CAMILO REINA BELTRAN,0,11
gh-31780279220-0814T1130,2026-08-14T06:30:37-05:00,2015948,CLASE TEORICA,(1) Grupo 1,No informado,30,12
gh-31780279220-0814T1130,2026-08-14T06:30:37-05:00,2015948,CLASE TEORICA,(2) Grupo 2,Mauricio Alberto Tapias Camacho,30,12
gh-31780279220-0814T1130,2026-08-14T06:30:37-05:00,2015948,CLASE TEORICA,(3) Grupo 3,No informado,30,12
gh-31780279220-0814T1130,2026-08-14T06:30:38-05:00,2015950,CLASE TEORICA,(1) Grupo 1,No informado,25,13
gh-31780279220-0814T1130,2026-08-14T06:30:38-05:00,2015950,CLASE TEORICA,(2) Grupo 2,No informado,0,13
gh-31780279220-0814T1130,2026-08-14T06:30:38-05:00,2015950,CLASE TEORICA,(3) Grupo 3,Daniel Ricardo Lozano Monsalve,25,13
gh-31780279220-0814T1130,2026-08-14T06:30:38-05:00,2015950,CLASE TEORICA,(4) Grupo 4,No informado,25,13
gh-31780279220-0814T1130,2026-08-14T06:30:38-05:00,2015950,CLASE TEORICA,(5) Grupo 5,No informado,25,13
gh-31780279220-0814T1130,2026-08-14T06:30:39-05:00,2015949,CLASE TEORICA,(1) Grupo 1,Mario Javier Cardozo Chaux,30,14
gh-31780279220-0814T1130,2026-08-14T06:30:39-05:00,2015949,CLASE TEORICA,(2) Grupo 2,Wilson Ernesto Vargas Vargas,30,14
gh-31780279220-0814T1130,2026-08-14T06:30:39-05:00,2015949,CLASE TEORICA,(3) Grupo 3,No informado,30,14
gh-31780279220-0814T1130,2026-08-14T06:30:41-05:00,1000007-B,NA,(1) Grupo 1,German Eduardo Fonseca Buitrago,60,15
gh-31780279220-0814T1130,2026-08-14T06:30:41-05:00,1000007-B,NA,(11) Grupo 11,Leonid Lebedev,60,15
gh-31780279220-0814T1130,2026-08-14T06:30:41-05:00,1000007-B,NA,(12) Grupo 12,No informado,60,15
gh-31780279220-0814T1130,2026-08-14T06:30:41-05:00,1000007-B,NA,(13) Grupo 13,Omar Duque Gomez,40,15
gh-31780279220-0814T1130,2026-08-14T06:30:41-05:00,1000007-B,NA,(14) Grupo 14,No informado,100,15
gh-31780279220-0814T1130,2026-08-14T06:30:41-05:00,1000007-B,NA,(3) Grupo 3,Serafin Bautista Diaz,40,15
gh-31780279220-0814T1130,2026-08-14T06:30:41-05:00,1000007-B,NA,(4) Grupo 4,EDIXON MANUEL ROJAS SANTANA,60,15
gh-31780279220-0814T1130,2026-08-14T06:30:41-05:00,1000007-B,NA,(6) Grupo 6,Alexander Caviedes Castro,50,15
gh-31780279220-0814T1130,2026-08-14T06:30:41-05:00,1000007-B,NA,(7) Grupo 7,Oscar Guillermo Riaño Castañeda,40,15
gh-31780279220-0814T1130,2026-08-14T06:30:41-05:00,1000007-B,NA,(9) Grupo 9,Orlando Vanegas Canro,0,15
gh-31780279220-0814T1130,2026-08-14T06:30:42-05:00,2026134,CLASE TEORICA,(1) Grupo 1,No informado,0,16
gh-31780279220-0814T1130,2026-08-14T06:30:42-05:00,2026134,CLASE TEORICA,(2) Grupo 2,Juan Manuel Lizarazo Marriaga,30,16
gh-31780279220-0814T1130,2026-08-14T06:30:42-05:00,2026134,CLASE TEORICA,(3) Grupo 3,Maritzabel Molina Herrera,30,16
gh-31780279220-0814T1130,2026-08-14T06:30:42-05:00,2026134,CLASE TEORICA,(4) Grupo 4,Carlos Ramiro Vallecilla Bahena,30,16
gh-31780279220-0814T1130,2026-08-14T06:30:42-05:00,2026134,CLASE TEORICA,(5) Grupo 5,Fernando Lozano Osorno,30,16
gh-31780279220-0814T1130,2026-08-14T06:30:42-05:00,2026134,CLASE TEORICA,(6) Grupo 6,No informado,30,16
gh-31780279220-0814T1130,2026-08-14T06:30:43-05:00,2015954,CLASE TEORICA,(1) Grupo 1,Erasmo Alfredo Rodriguez Sandoval,30,17
gh-31780279220-0814T1130,2026-08-14T06:30:43-05:00,2015954,CLASE TEORICA,(2) Grupo 2,Mario Enrique Moreno Castiblanco,30,17
gh-31780279220-0814T1130,2026-08-14T06:30:43-05:00,2015954,CLASE TEORICA,(3) Grupo 3,Luis Alejandro Morales Marin,30,17
gh-31780279220-0814T1130,2026-08-14T06:30:45-05:00,2015955,CLASE TEORICA,(1) Grupo 1,Giovanni Andres Cortes Tovar,30,18
gh-31780279220-0814T1130,2026-08-14T06:30:45-05:00,2015955,CLASE TEORICA,(2) Grupo 2,Angela Barrera Puerto,30,18
gh-31780279220-0814T1130,2026-08-14T06:30:45-05:00,2015955,CLASE TEORICA,(3) Grupo 3,Giovanni Andres Cortes Tovar,30,18
gh-31780279220-0814T1130,2026-08-14T06:30:46-05:00,1000011-B,CLASE TEORICA,(1) Grupo 1,Ernesto Javier Puertas Dellepianes,118,19
gh-31780279220-0814T1130,2026-08-14T06:30:46-05:00,1000011-B,CLASE TEORICA,(3) Grupo 3,Néstor Fernando Perez Buitrago,12,19
gh-31780279220-0814T1130,2026-08-14T06:30:49-05:00,1000019-B,CLASE LABORATORIO,(1) Grupo 1,Gustavo Martinez Tamayo,35,20
gh-31780279220-0814T1130,2026-08-14T06:30:49-05:00,1000019-B,CLASE LABORATORIO,(10) Grupo 10,LUIS AGULLES PEDROS,35,20
gh-31780279220-0814T1130,2026-08-14T06:30:49-05:00,1000019-B,CLASE LABORATORIO,(11) Grupo 11,EVER DAVID ALCALA CAJAR,35,20
gh-31780279220-0814T1130,2026-08-14T06:30:49-05:00,1000019-B,CLASE LABORATORIO,(12) Grupo 12,FABIAN FELIPE QUEVEDO FARIETA,35,20
gh-31780279220-0814T1130,2026-08-14T06:30:49-05:00,1000019-B,CLASE LABORATORIO,(13) Grupo 13,Alvaro Marino Camargo,35,20
gh-31780279220-0814T1130,2026-08-14T06:30:49-05:00,1000019-B,CLASE LABORATORIO,(14) Grupo 14,Alvaro Marino Camargo; Miryam Rincon Joya,35,20
gh-31780279220-0814T1130,2026-08-14T06:30:49-05:00,1000019-B,CLASE LABORATORIO,(15) Grupo 15,JULIAN MATEO DE MENDOZA GUTIERREZ,32,20
gh-31780279220-0814T1130,2026-08-14T06:30:49-05:00,1000019-B,CLASE LABORATORIO,(16) Grupo 16,Alvaro Marino Camargo; Doris Yaneth Cadavid Rodriguez,35,20
gh-31780279220-0814T1130,2026-08-14T06:30:49-05:00,1000019-B,CLASE LABORATORIO,(17) Grupo 17,JULIAN MATEO DE MENDOZA GUTIERREZ,34,20
gh-31780279220-0814T1130,2026-08-14T06:30:49-05:00,1000019-B,CLASE LABORATORIO,(18) Grupo 18,Jaime Villalobos Velasco,34,20
gh-31780279220-0814T1130,2026-08-14T06:30:49-05:00,1000019-B,CLASE LABORATORIO,(19) Grupo 19,JULY PAOLA GARZÓN LOPEZ,32,20
gh-31780279220-0814T1130,2026-08-14T06:30:49-05:00,1000019-B,CLASE LABORATORIO,(2) Grupo 2,Gustavo Martinez Tamayo,35,20
gh-31780279220-0814T1130,2026-08-14T06:30:49-05:00,1000019-B,CLASE LABORATORIO,(20) Grupo 20,JOSE ALFREDO GOMEZ MATEUS,35,20
gh-31780279220-0814T1130,2026-08-14T06:30:49-05:00,1000019-B,CLASE LABORATORIO,(21) Grupo 21,Pedro Hernan Sanchez Machet,35,20
gh-31780279220-0814T1130,2026-08-14T06:30:49-05:00,1000019-B,CLASE LABORATORIO,(22) Grupo 22,Pedro Hernan Sanchez Machet,35,20
gh-31780279220-0814T1130,2026-08-14T06:30:49-05:00,1000019-B,CLASE LABORATORIO,(23) Grupo 23,Pedro Hernan Sanchez Machet,35,20
gh-31780279220-0814T1130,2026-08-14T06:30:49-05:00,1000019-B,CLASE LABORATORIO,(24) Grupo 24,Pedro Hernan Sanchez Machet,35,20
gh-31780279220-0814T1130,2026-08-14T06:30:49-05:00,1000019-B,CLASE LABORATORIO,(25) Grupo 25,Plinio Del Carmen Teheran Sermeno,45,20
gh-31780279220-0814T1130,2026-08-14T06:30:49-05:00,1000019-B,CLASE LABORATORIO,(26) Grupo 26 (VIRTUAL),Plinio Del Carmen Teheran Sermeno,50,20
gh-31780279220-0814T1130,2026-08-14T06:30:49-05:00,1000019-B,CLASE LABORATORIO,(27) Grupo 27 (VIRTUAL),Plinio Del Carmen Teheran Sermeno,50,20
gh-31780279220-0814T1130,2026-08-14T06:30:49-05:00,1000019-B,CLASE LABORATORIO,(28) Grupo 28 (VIRTUAL),Plinio Del Carmen Teheran Sermeno,50,20
gh-31780279220-0814T1130,2026-08-14T06:30:49-05:00,1000019-B,CLASE LABORATORIO,(29) Grupo 29 (VIRTUAL),Plinio Del Carmen Teheran Sermeno,50,20
gh-31780279220-0814T1130,2026-08-14T06:30:49-05:00,1000019-B,CLASE LABORATORIO,(3) Grupo 3,Gustavo Martinez Tamayo,35,20
gh-31780279220-0814T1130,2026-08-14T06:30:49-05:00,1000019-B,CLASE LABORATORIO,(4) Grupo 4,No informado,35,20
gh-31780279220-0814T1130,2026-08-14T06:30:49-05:00,1000019-B,CLASE LABORATORIO,(5) Grupo 5,FABIAN FELIPE QUEVEDO FARIETA,35,20
gh-31780279220-0814T1130,2026-08-14T06:30:49-05:00,1000019-B,CLASE LABORATORIO,(6) Grupo 6,Jaime Villalobos Velasco,35,20
gh-31780279220-0814T1130,2026-08-14T06:30:49-05:00,1000019-B,CLASE LABORATORIO,(7) Grupo 7,Jaime Villalobos Velasco,35,20
gh-31780279220-0814T1130,2026-08-14T06:30:49-05:00,1000019-B,CLASE LABORATORIO,(8) Grupo 8,Alvaro Marino Camargo,35,20
gh-31780279220-0814T1130,2026-08-14T06:30:49-05:00,1000019-B,CLASE LABORATORIO,(9) Grupo 9,Erika Lorena Rosero Alzate,0,20
gh-31780279220-0814T1130,2026-08-14T06:30:49-05:00,1000019-B,CLASE TALLER,(1) Grupo 1,FABIAN FELIPE QUEVEDO FARIETA,35,20
gh-31780279220-0814T1130,2026-08-14T06:30:49-05:00,1000019-B,CLASE TALLER,(10) Grupo 10,FABIAN FELIPE QUEVEDO FARIETA,35,20
gh-31780279220-0814T1130,2026-08-14T06:30:49-05:00,1000019-B,CLASE TALLER,(11) Grupo 11,JULIAN MATEO DE MENDOZA GUTIERREZ,35,20
gh-31780279220-0814T1130,2026-08-14T06:30:49-05:00,1000019-B,CLASE TALLER,(12) Grupo 12,EVER DAVID ALCALA CAJAR,35,20
gh-31780279220-0814T1130,2026-08-14T06:30:49-05:00,1000019-B,CLASE TALLER,(13) Grupo 13,MIGUEL ENRIQUE GÁMEZ LÓPEZ,35,20
gh-31780279220-0814T1130,2026-08-14T06:30:49-05:00,1000019-B,CLASE TALLER,(14) Grupo 14,No informado,35,20
gh-31780279220-0814T1130,2026-08-14T06:30:49-05:00,1000019-B,CLASE TALLER,(15) Grupo 15,EVER DAVID ALCALA CAJAR,32,20
gh-31780279220-0814T1130,2026-08-14T06:30:49-05:00,1000019-B,CLASE TALLER,(16) Grupo 16,Edna Carolina Pinilla Beltran,35,20
gh-31780279220-0814T1130,2026-08-14T06:30:49-05:00,1000019-B,CLASE TALLER,(17) Grupo 17,Jereson Silva Valencia,34,20
gh-31780279220-0814T1130,2026-08-14T06:30:49-05:00,1000019-B,CLASE TALLER,(18) Grupo 18,Jereson Silva Valencia,34,20
gh-31780279220-0814T1130,2026-08-14T06:30:49-05:00,1000019-B,CLASE TALLER,(19) Grupo 19,Jereson Silva Valencia,32,20
gh-31780279220-0814T1130,2026-08-14T06:30:49-05:00,1000019-B,CLASE TALLER,(2) Grupo 2,Gustavo Martinez Tamayo,35,20
gh-31780279220-0814T1130,2026-08-14T06:30:49-05:00,1000019-B,CLASE TALLER,(20) Grupo 20,Jereson Silva Valencia,35,20
gh-31780279220-0814T1130,2026-08-14T06:30:49-05:00,1000019-B,CLASE TALLER,(21) Grupo 21,JOSE ALFREDO GOMEZ MATEUS,35,20
gh-31780279220-0814T1130,2026-08-14T06:30:49-05:00,1000019-B,CLASE TALLER,(22) Grupo 22,JULY PAOLA GARZÓN LOPEZ,35,20
gh-31780279220-0814T1130,2026-08-14T06:30:49-05:00,1000019-B,CLASE TALLER,(23) Grupo 23,Edna Carolina Pinilla Beltran,35,20
gh-31780279220-0814T1130,2026-08-14T06:30:49-05:00,1000019-B,CLASE TALLER,(24) Grupo 24,Diego Alejandro Torres Galindo,35,20
gh-31780279220-0814T1130,2026-08-14T06:30:49-05:00,1000019-B,CLASE TALLER,(25) Grupo 25,Plinio Del Carmen Teheran Sermeno,45,20
gh-31780279220-0814T1130,2026-08-14T06:30:49-05:00,1000019-B,CLASE TALLER,(26) Grupo 26 (VIRTUAL),Plinio Del Carmen Teheran Sermeno,50,20
gh-31780279220-0814T1130,2026-08-14T06:30:49-05:00,1000019-B,CLASE TALLER,(27) Grupo 27 (VIRTUAL),Plinio Del Carmen Teheran Sermeno,50,20
gh-31780279220-0814T1130,2026-08-14T06:30:49-05:00,1000019-B,CLASE TALLER,(28) Grupo 28 (VIRTUAL),Plinio Del Carmen Teheran Sermeno,50,20
gh-31780279220-0814T1130,2026-08-14T06:30:49-05:00,1000019-B,CLASE TALLER,(29) Grupo 29 (VIRTUAL),Plinio Del Carmen Teheran Sermeno,50,20
gh-31780279220-0814T1130,2026-08-14T06:30:49-05:00,1000019-B,CLASE TALLER,(3) Grupo 3,Gustavo Martinez Tamayo,35,20
gh-31780279220-0814T1130,2026-08-14T06:30:49-05:00,1000019-B,CLASE TALLER,(4) Grupo 4,Jaime Villalobos Velasco,35,20
gh-31780279220-0814T1130,2026-08-14T06:30:49-05:00,1000019-B,CLASE TALLER,(5) Grupo 5,Jaime Villalobos Velasco,35,20
gh-31780279220-0814T1130,2026-08-14T06:30:49-05:00,1000019-B,CLASE TALLER,(6) Grupo 6,Ramiro Cardona Cardona,35,20
gh-31780279220-0814T1130,2026-08-14T06:30:49-05:00,1000019-B,CLASE TALLER,(7) Grupo 7,Ramiro Cardona Cardona,35,20
gh-31780279220-0814T1130,2026-08-14T06:30:49-05:00,1000019-B,CLASE TALLER,(8) Grupo 8,Edna Carolina Pinilla Beltran,35,20
gh-31780279220-0814T1130,2026-08-14T06:30:49-05:00,1000019-B,CLASE TALLER,(9) Grupo 9,No informado,10,20
gh-31780279220-0814T1130,2026-08-14T06:30:49-05:00,1000019-B,CLASE MAGISTRAL,(16) Gruop 16,Erika Lorena Rosero Alzate; Daniel Camilo Padilla González,8,20
gh-31780279220-0814T1130,2026-08-14T06:30:49-05:00,1000019-B,CLASE MAGISTRAL,(1) Grupo 1,Gustavo Martinez Tamayo,35,20
gh-31780279220-0814T1130,2026-08-14T06:30:49-05:00,1000019-B,CLASE MAGISTRAL,(10) Grupo 10,Ovidio Amado Almanza Montero,35,20
gh-31780279220-0814T1130,2026-08-14T06:30:49-05:00,1000019-B,CLASE MAGISTRAL,(11) Grupo 11,Ovidio Amado Almanza Montero,35,20
gh-31780279220-0814T1130,2026-08-14T06:30:49-05:00,1000019-B,CLASE MAGISTRAL,(12) Grupo 12,Ovidio Amado Almanza Montero,35,20
gh-31780279220-0814T1130,2026-08-14T06:30:49-05:00,1000019-B,CLASE MAGISTRAL,(13) Grupo 13,Jaime Villalobos Velasco,35,20
gh-31780279220-0814T1130,2026-08-14T06:30:49-05:00,1000019-B,CLASE MAGISTRAL,(14) Grupo 14,Jaime Villalobos Velasco,35,20
gh-31780279220-0814T1130,2026-08-14T06:30:49-05:00,1000019-B,CLASE MAGISTRAL,(15) Grupo 15,Jaime Villalobos Velasco,32,20
gh-31780279220-0814T1130,2026-08-14T06:30:49-05:00,1000019-B,CLASE MAGISTRAL,(17) Grupo 17,Jereson Silva Valencia,34,20
gh-31780279220-0814T1130,2026-08-14T06:30:49-05:00,1000019-B,CLASE MAGISTRAL,(18) Grupo 18,Jereson Silva Valencia,34,20
gh-31780279220-0814T1130,2026-08-14T06:30:49-05:00,1000019-B,CLASE MAGISTRAL,(19) Grupo 19,Jereson Silva Valencia,32,20
gh-31780279220-0814T1130,2026-08-14T06:30:49-05:00,1000019-B,CLASE MAGISTRAL,(2) Grupo 2,Gustavo Martinez Tamayo,35,20
gh-31780279220-0814T1130,2026-08-14T06:30:49-05:00,1000019-B,CLASE MAGISTRAL,(20) Grupo 20,Jereson Silva Valencia,35,20
gh-31780279220-0814T1130,2026-08-14T06:30:49-05:00,1000019-B,CLASE MAGISTRAL,(21) Grupo 21,Diego Alejandro Torres Galindo,35,20
gh-31780279220-0814T1130,2026-08-14T06:30:49-05:00,1000019-B,CLASE MAGISTRAL,(22) Grupo 22,Diego Alejandro Torres Galindo,35,20
gh-31780279220-0814T1130,2026-08-14T06:30:49-05:00,1000019-B,CLASE MAGISTRAL,(23) Grupo 23,Diego Alejandro Torres Galindo,35,20
gh-31780279220-0814T1130,2026-08-14T06:30:49-05:00,1000019-B,CLASE MAGISTRAL,(24) Grupo 24,Diego Alejandro Torres Galindo,35,20
gh-31780279220-0814T1130,2026-08-14T06:30:49-05:00,1000019-B,CLASE MAGISTRAL,(25) Grupo 25,Plinio Del Carmen Teheran Sermeno,45,20
gh-31780279220-0814T1130,2026-08-14T06:30:49-05:00,1000019-B,CLASE MAGISTRAL,(26) Grupo 26 (VIRTUAL),Plinio Del Carmen Teheran Sermeno,50,20
gh-31780279220-0814T1130,2026-08-14T06:30:49-05:00,1000019-B,CLASE MAGISTRAL,(27) Grupo 27 (VIRTUAL),Plinio Del Carmen Teheran Sermeno,50,20
gh-31780279220-0814T1130,2026-08-14T06:30:49-05:00,1000019-B,CLASE MAGISTRAL,(28) Grupo 28 (VIRTUAL),Plinio Del Carmen Teheran Sermeno,50,20
gh-31780279220-0814T1130,2026-08-14T06:30:49-05:00,1000019-B,CLASE MAGISTRAL,(29) Grupo 29 (VIRTUAL),Plinio Del Carmen Teheran Sermeno,50,20
gh-31780279220-0814T1130,2026-08-14T06:30:49-05:00,1000019-B,CLASE MAGISTRAL,(3) Grupo 3,Gustavo Martinez Tamayo,35,20
gh-31780279220-0814T1130,2026-08-14T06:30:49-05:00,1000019-B,CLASE MAGISTRAL,(4) Grupo 4,Gustavo Martinez Tamayo,35,20
gh-31780279220-0814T1130,2026-08-14T06:30:49-05:00,1000019-B,CLASE MAGISTRAL,(5) Grupo 5,Ramiro Cardona Cardona,35,20
gh-31780279220-0814T1130,2026-08-14T06:30:49-05:00,1000019-B,CLASE MAGISTRAL,(6) Grupo 6,Ramiro Cardona Cardona,35,20
gh-31780279220-0814T1130,2026-08-14T06:30:49-05:00,1000019-B,CLASE MAGISTRAL,(7) Grupo 7,Ramiro Cardona Cardona,35,20
gh-31780279220-0814T1130,2026-08-14T06:30:49-05:00,1000019-B,CLASE MAGISTRAL,(8) Grupo 8,Ramiro Cardona Cardona,35,20
gh-31780279220-0814T1130,2026-08-14T06:30:49-05:00,1000019-B,CLASE MAGISTRAL,(9) Grupo 9,Fredy Angel Jimenez Giraldo,10,20
gh-31780279220-0814T1130,2026-08-14T06:30:50-05:00,2015956,CLASE TEORICA,(1) Grupo 1,Modesto Portilla Gamboa; Fernando Eli Romero Ordoñez,35,21
gh-31780279220-0814T1130,2026-08-14T06:30:50-05:00,2015956,CLASE TEORICA,(2) Grupo 2,Jennifer Angel Amaya,30,21
gh-31780279220-0814T1130,2026-08-14T06:30:50-05:00,2015956,CLASE TEORICA,(3) Grupo 3,Jennifer Angel Amaya,30,21
gh-31780279220-0814T1130,2026-08-14T06:30:50-05:00,2015956,CLASE TEORICA,(4) Grupo 4,Fernando Eli Romero Ordoñez; Modesto Portilla Gamboa,35,21
gh-31780279220-0814T1130,2026-08-14T06:30:52-05:00,2015957,CLASE PRACTICA,(1) Grupo 1,No informado,30,22
gh-31780279220-0814T1130,2026-08-14T06:30:52-05:00,2015957,CLASE PRACTICA,(2) Grupo 2,Samuel Fernando Mesa Giraldo,30,22
gh-31780279220-0814T1130,2026-08-14T06:30:52-05:00,2015957,CLASE PRACTICA,(3) Grupo 3,Rose Marie Aldana Boutin,30,22
gh-31780279220-0814T1130,2026-08-14T06:30:52-05:00,2015957,CLASE PRACTICA,(4) Grupo 4,Rose Marie Aldana Boutin,30,22
gh-31780279220-0814T1130,2026-08-14T06:30:53-05:00,2015958,CLASE PRACTICA,(1) Grupo 1,William Castro Garcia,20,23
gh-31780279220-0814T1130,2026-08-14T06:30:53-05:00,2015958,CLASE PRACTICA,(2) Grupo 2,William Castro Garcia,20,23
gh-31780279220-0814T1130,2026-08-14T06:30:53-05:00,2015958,CLASE PRACTICA,(3) Grupo 3,Carlos Alfonso Gomez Guacaneme,30,23
gh-31780279220-0814T1130,2026-08-14T06:30:53-05:00,2015958,CLASE PRACTICA,(4) Grupo 4,Mario Arturo Rincon Villalba,20,23
gh-31780279220-0814T1130,2026-08-14T06:30:53-05:00,2015958,CLASE PRACTICA,(5) Grupo 5,Mario Arturo Rincon Villalba,20,23
gh-31780279220-0814T1130,2026-08-14T06:30:53-05:00,2015958,CLASE PRACTICA,(6) Grupo 6,Fausto Alejandro Silva España,20,23
gh-31780279220-0814T1130,2026-08-14T06:30:53-05:00,2015958,CLASE PRACTICA,(7) Grupo 7,Fausto Alejandro Silva España,20,23
gh-31780279220-0814T1130,2026-08-14T06:30:53-05:00,2015958,CLASE PRACTICA,(8) Grupo 8,Fausto Alejandro Silva España,20,23
gh-31780279220-0814T1130,2026-08-14T06:30:53-05:00,2015958,CLASE PRACTICA,(9) Grupo 9,Fausto Alejandro Silva España,20,23
gh-31780279220-0814T1130,2026-08-14T06:30:53-05:00,2015958,CLASE TEORICA,(1) Grupo 1,William Castro Garcia,40,23
gh-31780279220-0814T1130,2026-08-14T06:30:53-05:00,2015958,CLASE TEORICA,(3) Grupo 3,Carlos Alfonso Gomez Guacaneme,30,23
gh-31780279220-0814T1130,2026-08-14T06:30:53-05:00,2015958,CLASE TEORICA,(4) Grupo 4,Mario Arturo Rincon Villalba,40,23
gh-31780279220-0814T1130,2026-08-14T06:30:53-05:00,2015958,CLASE TEORICA,(6) Grupo 6,Cesar Andres Cortes Bello,40,23
gh-31780279220-0814T1130,2026-08-14T06:30:53-05:00,2015958,CLASE TEORICA,(8) Grupo 8,Cesar Andres Cortes Bello,40,23
gh-31780279220-0814T1130,2026-08-14T06:30:55-05:00,2015959,CLASE TEORICA,(1) Grupo 1,Carlos Eduardo Rodriguez Pineda,30,24
gh-31780279220-0814T1130,2026-08-14T06:30:55-05:00,2015959,CLASE TEORICA,(2) Grupo 2,Guillermo Eduardo Avila Alvarez,30,24
gh-31780279220-0814T1130,2026-08-14T06:30:55-05:00,2015959,CLASE TEORICA,(3) Grupo 3,Livaniel Viveros Rosero,30,24
gh-31780279220-0814T1130,2026-08-14T06:30:55-05:00,2015959,CLASE TEORICA,(4) Grupo 4,No informado,0,24
gh-31780279220-0814T1130,2026-08-14T06:30:57-05:00,2015961,CLASE TEORICA,(1) Grupo 1,Rafael Orland Ortiz Mosquera,24,26
gh-31780279220-0814T1130,2026-08-14T06:30:57-05:00,2015961,CLASE TEORICA,(2) Grupo 2,Adriana Patricia Piña Fulano,24,26
gh-31780279220-0814T1130,2026-08-14T06:30:57-05:00,2015961,CLASE TEORICA,(3) Grupo 3,Gelber Norberto Gutierrez Palacios,24,26
gh-31780279220-0814T1130,2026-08-14T06:30:57-05:00,2015961,CLASE TEORICA,(4) Grupo 4,No informado,24,26
gh-31780279220-0814T1130,2026-08-14T06:30:57-05:00,2015961,CLASE TEORICA,(5) Grupo 5,No informado,24,26
gh-31780279220-0814T1130,2026-08-14T06:30:57-05:00,2015961,CLASE TEORICA,(6) Grupo 6,Leonardo David Donado Garzon,24,26
gh-31780279220-0814T1130,2026-08-14T06:30:58-05:00,2015978,CLASE TEORICA,(1) Grupo 1,No informado,0,27
gh-31780279220-0814T1130,2026-08-14T06:30:58-05:00,2015978,CLASE TEORICA,(2) Grupo 2,Erasmo Alfredo Rodriguez Sandoval,30,27
gh-31780279220-0814T1130,2026-08-14T06:30:58-05:00,2015978,CLASE TEORICA,(3) Grupo 3,No informado,30,27
gh-31780279220-0814T1130,2026-08-14T06:30:58-05:00,2015978,CLASE TEORICA,(4) Grupo 4,No informado,30,27
gh-31780279220-0814T1130,2026-08-14T06:30:58-05:00,2015978,CLASE TEORICA,(5) Grupo 5,No informado,30,27
gh-31780279220-0814T1130,2026-08-14T06:30:59-05:00,2026135,CLASE TEORICA,(1) Grupo 1,NICOLAS ESCALANTE MORA,25,28
gh-31780279220-0814T1130,2026-08-14T06:30:59-05:00,2026135,CLASE TEORICA,(2) Grupo 2,Leonel Vega Mora,25,28
gh-31780279220-0814T1130,2026-08-14T06:30:59-05:00,2026135,CLASE TEORICA,(3) Grupo 3,Leonel Vega Mora,25,28
gh-31780279220-0814T1130,2026-08-14T06:31:01-05:00,2015963,CLASE TEORICA,(1) Grupo 1,No informado,30,29
gh-31780279220-0814T1130,2026-08-14T06:31:01-05:00,2015963,CLASE TEORICA,(2) Grupo 2,No informado,30,29
gh-31780279220-0814T1130,2026-08-14T06:31:01-05:00,2015963,CLASE TEORICA,(3) Grupo 3,William Castro Garcia,30,29
gh-31780279220-0814T1130,2026-08-14T06:31:02-05:00,2026138,CLASE TEORICA,(1) Grupo 1,Ivan Dario Serrano Arrieta,30,30
gh-31780279220-0814T1130,2026-08-14T06:31:02-05:00,2026138,CLASE TEORICA,(2) Grupo 2,Ivan Dario Serrano Arrieta,30,30
gh-31780279220-0814T1130,2026-08-14T06:31:02-05:00,2026138,CLASE TEORICA,(3) Grupo 3,Pedro Luis Jimenez Poveda,30,30
gh-31780279220-0814T1130,2026-08-14T06:31:03-05:00,2015703,NA,(1) Grupo 1,Angela Maria Arboleda Restrepo,40,31
gh-31780279220-0814T1130,2026-08-14T06:31:03-05:00,2015703,NA,(10) Grupo 10,Diego Alejandro Hernandez Castañeda,30,31
gh-31780279220-0814T1130,2026-08-14T06:31:03-05:00,2015703,NA,(11) Grupo 11,Julio Cesar Cañon Rodriguez,30,31
gh-31780279220-0814T1130,2026-08-14T06:31:03-05:00,2015703,NA,(2) Grupo 2,Osman Benjamin Giovanny Vargas Rozo,40,31
gh-31780279220-0814T1130,2026-08-14T06:31:03-05:00,2015703,NA,(3) Grupo 3,Hugo Alberto Herrera Fonseca,40,31
gh-31780279220-0814T1130,2026-08-14T06:31:03-05:00,2015703,NA,(4) Grupo 4,LINA JULIANA BULLA CASAS,30,31
gh-31780279220-0814T1130,2026-08-14T06:31:03-05:00,2015703,NA,(5) Grupo 5 - Virtual,Cesar Augusto Roa Lemus,60,31
gh-31780279220-0814T1130,2026-08-14T06:31:03-05:00,2015703,NA,(6) Grupo 6,JAVIER RICARDO OJEDA SANCHEZ,40,31
gh-31780279220-0814T1130,2026-08-14T06:31:03-05:00,2015703,NA,(7) Grupo 7,JAVIER RICARDO OJEDA SANCHEZ,20,31
gh-31780279220-0814T1130,2026-08-14T06:31:03-05:00,2015703,NA,(8) Grupo 8,Diego Alejandro Hernandez Castañeda,40,31
gh-31780279220-0814T1130,2026-08-14T06:31:03-05:00,2015703,NA,(9) Grupo 9,LINA JULIANA BULLA CASAS,35,31
gh-31780279220-0814T1130,2026-08-14T06:31:05-05:00,1000044-B,CLASE TEORICA,(1) Grupo 1,Beatriz Elena Urrutia Sanchez,26,32
gh-31780279220-0814T1130,2026-08-14T06:31:05-05:00,1000044-B,CLASE TEORICA,(2) Grupo 2,Yaneli Niño Osorio,26,32
gh-31780279220-0814T1130,2026-08-14T06:31:05-05:00,1000044-B,CLASE TEORICA,(3) Grupo 3,Luis Gabriel Peña Ortiz,26,32
gh-31780279220-0814T1130,2026-08-14T06:31:05-05:00,1000044-B,CLASE TEORICA,(4) Grupo 4,Liliana Marcela Guzman Aricapa,26,32
gh-31780279220-0814T1130,2026-08-14T06:31:05-05:00,1000044-B,CLASE TEORICA,(5) Grupo 5,Beatriz Elena Urrutia Sanchez,26,32
gh-31780279220-0814T1130,2026-08-14T06:31:05-05:00,1000044-B,CLASE TEORICA,(6) Grupo 6,Cesar Augusto Romero,26,32
gh-31780279220-0814T1130,2026-08-14T06:31:05-05:00,1000044-B,CLASE TEORICA,(7) Grupo 7,JOSE JONATHAN MAESTRE HERRERA,26,32
gh-31780279220-0814T1130,2026-08-14T06:31:05-05:00,1000044-B,CLASE TEORICA,(8) Grupo 8,Beymar Leonardo Solorzano Alviz,26,32
gh-31780279220-0814T1130,2026-08-14T06:31:05-05:00,1000044-B,CLASE TEORICA,(9) Grupo 9,Claudia Marcela Arevalo Gomez,7,32
gh-31780279220-0814T1130,2026-08-14T06:31:06-05:00,1000045-B,CLASE TEORICA,(1) Grupo 1,Claudia Marcela Arevalo Gomez,10,33
gh-31780279220-0814T1130,2026-08-14T06:31:06-05:00,1000045-B,CLASE TEORICA,(10) Grupo 10,Jesica paola Rendon Alfonso,26,33
gh-31780279220-0814T1130,2026-08-14T06:31:06-05:00,1000045-B,CLASE TEORICA,(11) Grupo 11,JOSE JONATHAN MAESTRE HERRERA,26,33
gh-31780279220-0814T1130,2026-08-14T06:31:06-05:00,1000045-B,CLASE TEORICA,(12) Grupo 12,LINDA JOHANA RUIZ GOMEZ,26,33
gh-31780279220-0814T1130,2026-08-14T06:31:06-05:00,1000045-B,CLASE TEORICA,(13) Grupo 13,Narly Yadira Pardo Cadena,26,33
gh-31780279220-0814T1130,2026-08-14T06:31:06-05:00,1000045-B,CLASE TEORICA,(14) Grupo 14,Angelica Saenz Fonseca,26,33
gh-31780279220-0814T1130,2026-08-14T06:31:06-05:00,1000045-B,CLASE TEORICA,(15) Grupo 15,Narly Yadira Pardo Cadena,26,33
gh-31780279220-0814T1130,2026-08-14T06:31:06-05:00,1000045-B,CLASE TEORICA,(16) Grupo 16,Luis Gabriel Peña Ortiz,26,33
gh-31780279220-0814T1130,2026-08-14T06:31:06-05:00,1000045-B,CLASE TEORICA,(2) Grupo 2,Cesar Augusto Romero,26,33
gh-31780279220-0814T1130,2026-08-14T06:31:06-05:00,1000045-B,CLASE TEORICA,(3) Grupo 3,Jesica paola Rendon Alfonso,26,33
gh-31780279220-0814T1130,2026-08-14T06:31:06-05:00,1000045-B,CLASE TEORICA,(4) Grupo 4,Adriana Marlen Sanchez Riaño,26,33
gh-31780279220-0814T1130,2026-08-14T06:31:06-05:00,1000045-B,CLASE TEORICA,(5) Grupo 5,Cesar Augusto Romero,26,33
gh-31780279220-0814T1130,2026-08-14T06:31:06-05:00,1000045-B,CLASE TEORICA,(6) Grupo 6,Sara Elisa Monsalve Patino,26,33
gh-31780279220-0814T1130,2026-08-14T06:31:06-05:00,1000045-B,CLASE TEORICA,(7) Grupo 7,Luis Gabriel Peña Ortiz,26,33
gh-31780279220-0814T1130,2026-08-14T06:31:06-05:00,1000045-B,CLASE TEORICA,(8) Grupo 8,Johnatan Martinez Hernandez,26,33
gh-31780279220-0814T1130,2026-08-14T06:31:06-05:00,1000045-B,CLASE TEORICA,(9) Grupo 9,Maureen Elizabeth Hooker Oneill,15,33
gh-31780279220-0814T1130,2026-08-14T06:31:09-05:00,1000046-B,CLASE TEORICA,(1) Grupo 1,Johnatan Martinez Hernandez,26,35
gh-31780279220-0814T1130,2026-08-14T06:31:09-05:00,1000046-B,CLASE TEORICA,(10) Grupo 10,Jennly Angelica Gomez Rodriguez,26,35
gh-31780279220-0814T1130,2026-08-14T06:31:09-05:00,1000046-B,CLASE TEORICA,(11) Grupo 11,Angelica Saenz Fonseca,26,35
gh-31780279220-0814T1130,2026-08-14T06:31:09-05:00,1000046-B,CLASE TEORICA,(12) Grupo 12,Liliana Marcela Guzman Aricapa,26,35
gh-31780279220-0814T1130,2026-08-14T06:31:09-05:00,1000046-B,CLASE TEORICA,(13) Grupo 13,ALBA LUCIA RIAÑO RODRIGUEZ,26,35
gh-31780279220-0814T1130,2026-08-14T06:31:09-05:00,1000046-B,CLASE TEORICA,(14) Grupo 14,Angelica Saenz Fonseca,26,35
gh-31780279220-0814T1130,2026-08-14T06:31:09-05:00,1000046-B,CLASE TEORICA,(15) Grupo 15,Luis Gabriel Peña Ortiz,26,35
gh-31780279220-0814T1130,2026-08-14T06:31:09-05:00,1000046-B,CLASE TEORICA,(16) Grupo 16,Olga Lucia Ruiz Convers,26,35
gh-31780279220-0814T1130,2026-08-14T06:31:09-05:00,1000046-B,CLASE TEORICA,(17) Grupo 17,Luis Gabriel Peña Ortiz,26,35
gh-31780279220-0814T1130,2026-08-14T06:31:09-05:00,1000046-B,CLASE TEORICA,(18) Grupo 18,Narly Yadira Pardo Cadena,26,35
gh-31780279220-0814T1130,2026-08-14T06:31:09-05:00,1000046-B,CLASE TEORICA,(2) Grupo 2,Jesica paola Rendon Alfonso,26,35
gh-31780279220-0814T1130,2026-08-14T06:31:09-05:00,1000046-B,CLASE TEORICA,(3) Grupo 3,JESUS DAVID TORRES RODRIGUEZ,26,35
gh-31780279220-0814T1130,2026-08-14T06:31:09-05:00,1000046-B,CLASE TEORICA,(4) Grupo 4,Claudia Patricia Cortes Lora,26,35
gh-31780279220-0814T1130,2026-08-14T06:31:09-05:00,1000046-B,CLASE TEORICA,(5) Grupo 5,Johnatan Martinez Hernandez,26,35
gh-31780279220-0814T1130,2026-08-14T06:31:09-05:00,1000046-B,CLASE TEORICA,(6) Grupo 6,Johnatan Martinez Hernandez,26,35
gh-31780279220-0814T1130,2026-08-14T06:31:09-05:00,1000046-B,CLASE TEORICA,(7) Grupo 7,Jesica paola Rendon Alfonso,26,35
gh-31780279220-0814T1130,2026-08-14T06:31:09-05:00,1000046-B,CLASE TEORICA,(8) Grupo 8,Beatriz Elena Urrutia Sanchez,26,35
gh-31780279220-0814T1130,2026-08-14T06:31:09-05:00,1000046-B,CLASE TEORICA,(9) Grupo 9,Maureen Elizabeth Hooker Oneill,10,35
gh-31780279220-0814T1130,2026-08-14T06:31:12-05:00,1000052-B,CLASE TEORICA,(1) Grupo 1,Liliana Marcela Guzman Aricapa,28,37
gh-31780279220-0814T1130,2026-08-14T06:31:12-05:00,1000052-B,CLASE TEORICA,(2) Grupo 2,JOSE JONATHAN MAESTRE HERRERA,28,37
gh-31780279220-0814T1130,2026-08-14T06:31:12-05:00,1000052-B,CLASE TEORICA,(3) Grupo 3,Aida Elena Monsalve Solorzano,28,37
gh-31780279220-0814T1130,2026-08-14T06:31:13-05:00,1000053-B,CLASE TEORICA,(1) Grupo 1,Jennly Angelica Gomez Rodriguez,28,38
gh-31780279220-0814T1130,2026-08-14T06:31:13-05:00,1000053-B,CLASE TEORICA,(2) Grupo 2,Yaneli Niño Osorio,28,38
gh-31780279220-0814T1130,2026-08-14T06:31:13-05:00,1000053-B,CLASE TEORICA,(3) Grupo 3,Javier Rodriguez Gomez,30,38
gh-31780279220-0814T1130,2026-08-14T06:31:13-05:00,1000053-B,CLASE TEORICA,(4) Grupo 4,Javier Rodriguez Gomez,30,38
gh-31780279220-0814T1130,2026-08-14T06:31:13-05:00,1000053-B,CLASE TEORICA,(5) Grupo 5,LINDA JOHANA RUIZ GOMEZ,28,38
gh-31780279220-0814T1130,2026-08-14T06:31:13-05:00,1000053-B,CLASE TEORICA,(6) Grupo 6,Olga Lucia Ruiz Convers,28,38
gh-31780279220-0814T1130,2026-08-14T06:31:15-05:00,1000047-B,CLASE TEORICA,(1) Grupo 1,Cesar Augusto Romero,26,39
gh-31780279220-0814T1130,2026-08-14T06:31:15-05:00,1000047-B,CLASE TEORICA,(10) Grupo 10,Monica Alexandra Riaño Orjuela,26,39
gh-31780279220-0814T1130,2026-08-14T06:31:15-05:00,1000047-B,CLASE TEORICA,(11) Grupo 11,Jennly Angelica Gomez Rodriguez,26,39
gh-31780279220-0814T1130,2026-08-14T06:31:15-05:00,1000047-B,CLASE TEORICA,(12) Grupo 12,Claudia Patricia Cortes Lora,26,39
gh-31780279220-0814T1130,2026-08-14T06:31:15-05:00,1000047-B,CLASE TEORICA,(13) Grupo 13,Angelica Saenz Fonseca,26,39
gh-31780279220-0814T1130,2026-08-14T06:31:15-05:00,1000047-B,CLASE TEORICA,(14) Grupo 14,LINDA JOHANA RUIZ GOMEZ,26,39
gh-31780279220-0814T1130,2026-08-14T06:31:15-05:00,1000047-B,CLASE TEORICA,(15) Grupo 15,Claudia Patricia Cortes Lora,26,39
gh-31780279220-0814T1130,2026-08-14T06:31:15-05:00,1000047-B,CLASE TEORICA,(16) Grupo 16,Narly Yadira Pardo Cadena,26,39
gh-31780279220-0814T1130,2026-08-14T06:31:15-05:00,1000047-B,CLASE TEORICA,(17) Grupo 17,Angelica Saenz Fonseca,26,39
gh-31780279220-0814T1130,2026-08-14T06:31:15-05:00,1000047-B,CLASE TEORICA,(18) Grupo 18,ALBA LUCIA RIAÑO RODRIGUEZ,26,39
gh-31780279220-0814T1130,2026-08-14T06:31:15-05:00,1000047-B,CLASE TEORICA,(19) Grupo 19,Aida Elena Monsalve Solorzano,26,39
gh-31780279220-0814T1130,2026-08-14T06:31:15-05:00,1000047-B,CLASE TEORICA,(2) Grupo 2,Yaneli Niño Osorio,26,39
gh-31780279220-0814T1130,2026-08-14T06:31:15-05:00,1000047-B,CLASE TEORICA,(20) Grupo 20,ALBA LUCIA RIAÑO RODRIGUEZ,26,39
gh-31780279220-0814T1130,2026-08-14T06:31:15-05:00,1000047-B,CLASE TEORICA,(21) Grupo 21,Edwin Yesid Leon Silva,26,39
gh-31780279220-0814T1130,2026-08-14T06:31:15-05:00,1000047-B,CLASE TEORICA,(22) Grupo 22,LINDA JOHANA RUIZ GOMEZ,26,39
gh-31780279220-0814T1130,2026-08-14T06:31:15-05:00,1000047-B,CLASE TEORICA,(3) Grupo 3,Monica Alexandra Riaño Orjuela,26,39
gh-31780279220-0814T1130,2026-08-14T06:31:15-05:00,1000047-B,CLASE TEORICA,(4) Grupo 4,Claudia Patricia Cortes Lora,26,39
gh-31780279220-0814T1130,2026-08-14T06:31:15-05:00,1000047-B,CLASE TEORICA,(5) Grupo 5,Olga Lucia Ruiz Convers,26,39
gh-31780279220-0814T1130,2026-08-14T06:31:15-05:00,1000047-B,CLASE TEORICA,(6) Grupo 6,Monica Alexandra Riaño Orjuela,26,39
gh-31780279220-0814T1130,2026-08-14T06:31:15-05:00,1000047-B,CLASE TEORICA,(7) Grupo 7,Cesar Augusto Romero,26,39
gh-31780279220-0814T1130,2026-08-14T06:31:15-05:00,1000047-B,CLASE TEORICA,(8) Grupo 8,Beatriz Elena Urrutia Sanchez,26,39
gh-31780279220-0814T1130,2026-08-14T06:31:15-05:00,1000047-B,CLASE TEORICA,(9) Grupo 9,Keshia Hilary Howard Livingston,15,39
gh-31780279220-0814T1130,2026-08-14T06:31:18-05:00,2026186,CLASE TEORICA,(1) Grupo 1,Carol Andrea Murillo Feo,7,41
gh-31780279220-0814T1130,2026-08-14T06:31:18-05:00,2026186,CLASE TEORICA,(2) Grupo 2,Leonel Vega Mora,0,41
gh-31780279220-0814T1130,2026-08-14T06:31:18-05:00,2026186,CLASE TEORICA,(4) Grupo 4,Carlos Orlando Robles Roa,10,41
gh-31780279220-0814T1130,2026-08-14T06:31:19-05:00,1000002-B,CLASE TEORICA,(1) Grupo 1 - Clase Presencial,Ruth Andrea Cortés Suárez,1,42
gh-31780279220-0814T1130,2026-08-14T06:31:19-05:00,1000002-B,CLASE TEORICA,(10) Grupo 10 - Clase presencial,Karen Johanna Castelblanco Villamil,0,42
gh-31780279220-0814T1130,2026-08-14T06:31:19-05:00,1000002-B,CLASE TEORICA,(2) Grupo 2 - Clase Presencial,Ruth Andrea Cortés Suárez,0,42
gh-31780279220-0814T1130,2026-08-14T06:31:19-05:00,1000002-B,CLASE TEORICA,(3) Grupo 3 - Clase Presencial,Adriana Patricia Díaz Cuevas,0,42
gh-31780279220-0814T1130,2026-08-14T06:31:19-05:00,1000002-B,CLASE TEORICA,(4) Grupo 4 - Clase Presencial,Adriana Patricia Díaz Cuevas,0,42
gh-31780279220-0814T1130,2026-08-14T06:31:19-05:00,1000002-B,CLASE TEORICA,(5) Grupo 5 - Clase Presencial,Andres Felipe Escovar Barreto,0,42
gh-31780279220-0814T1130,2026-08-14T06:31:19-05:00,1000002-B,CLASE TEORICA,(6) Grupo 6 - Clase Presencial,Ruth Andrea Cortés Suárez,0,42
gh-31780279220-0814T1130,2026-08-14T06:31:19-05:00,1000002-B,CLASE TEORICA,(7) Grupo 7 - Clase Presencial,Karen Johanna Castelblanco Villamil,0,42
gh-31780279220-0814T1130,2026-08-14T06:31:19-05:00,1000002-B,CLASE TEORICA,(8) Grupo 8 - Clase Presencial,Adriana Patricia Díaz Cuevas,0,42
gh-31780279220-0814T1130,2026-08-14T06:31:19-05:00,1000002-B,CLASE TEORICA,(9) Grupo 9 - Clase Presencial,Carlas Lucia Castilla Lara,10,42
gh-31780279220-0814T1130,2026-08-14T06:31:21-05:00,1000001-B,CLASE TEORICA,(1) Grupo 1,No informado,0,43
gh-31780279220-0814T1130,2026-08-14T06:31:21-05:00,1000001-B,CLASE TEORICA,(19) Grupo 19,No informado,5,43
gh-31780279220-0814T1130,2026-08-14T06:31:21-05:00,1000001-B,CLASE TEORICA,(2) Grupo 2,No informado,10,43
gh-31780279220-0814T1130,2026-08-14T06:31:21-05:00,1000001-B,CLASE MAGISTRAL,(1) Grupo 1,Ibeth Marcela Rubio Perilla,0,43
gh-31780279220-0814T1130,2026-08-14T06:31:21-05:00,1000001-B,CLASE MAGISTRAL,(10) Grupo 10,No informado,0,43
gh-31780279220-0814T1130,2026-08-14T06:31:21-05:00,1000001-B,CLASE MAGISTRAL,(2) Grupo 2,Herbert Alonso Dueñas Ruiz,0,43
gh-31780279220-0814T1130,2026-08-14T06:31:21-05:00,1000001-B,CLASE MAGISTRAL,(3) Grupo 3,Jeanneth Galeano Penaloza,0,43
gh-31780279220-0814T1130,2026-08-14T06:31:21-05:00,1000001-B,CLASE MAGISTRAL,(4) Grupo 4,Gustavo Adolfo Nieto Clavijo,0,43
gh-31780279220-0814T1130,2026-08-14T06:31:21-05:00,1000001-B,CLASE MAGISTRAL,(5) Grupo 5,Natalia Camila Pinzon Cortes,1,43
gh-31780279220-0814T1130,2026-08-14T06:31:21-05:00,1000001-B,CLASE MAGISTRAL,(6) Grupo 6,Martha Cecilia Moreno Penagos,0,43
gh-31780279220-0814T1130,2026-08-14T06:31:21-05:00,1000001-B,CLASE MAGISTRAL,(7) Grupo 7,Claudio Rodriguez Beltran,0,43
gh-31780279220-0814T1130,2026-08-14T06:31:21-05:00,1000001-B,CLASE MAGISTRAL,(8) Grupo 8,Gabriel Ignacio Padilla Leon,1,43
gh-31780279220-0814T1130,2026-08-14T06:31:21-05:00,1000001-B,CLASE MAGISTRAL,(9) Grupo 9,No informado,10,43
gh-31780279220-0814T1130,2026-08-14T06:31:22-05:00,2015965,CLASE TEORICA,(1) Grupo 1,CAMILO RIOS FRESNEDA,24,44
gh-31780279220-0814T1130,2026-08-14T06:31:22-05:00,2015965,CLASE TEORICA,(2) Grupo 2,Julian David Puerto Suarez; Vladimir Buelvas Hernández,24,44
gh-31780279220-0814T1130,2026-08-14T06:31:22-05:00,2015965,CLASE TEORICA,(3) Grupo 3,Ferney Betancourt Cardozo; Juan Manuel Lizarazo Marriaga,24,44
gh-31780279220-0814T1130,2026-08-14T06:31:22-05:00,2015965,CLASE TEORICA,(4) Grupo 4,No informado,24,44
gh-31780279220-0814T1130,2026-08-14T06:31:24-05:00,2015966,CLASE TEORICA,(1) Grupo 1,No informado,24,45
gh-31780279220-0814T1130,2026-08-14T06:31:24-05:00,2015966,CLASE TEORICA,(2) Grupo 2,Adriana Patricia Piña Fulano,24,45
gh-31780279220-0814T1130,2026-08-14T06:31:24-05:00,2015966,CLASE TEORICA,(3) Grupo 3,Rafael Orland Ortiz Mosquera,24,45
gh-31780279220-0814T1130,2026-08-14T06:31:24-05:00,2015966,CLASE TEORICA,(4) Grupo 4,No informado,24,45
gh-31780279220-0814T1130,2026-08-14T06:31:24-05:00,2015966,CLASE TEORICA,(5) Grupo 5,No informado,24,45
gh-31780279220-0814T1130,2026-08-14T06:31:24-05:00,2015966,CLASE TEORICA,(6) Grupo 6,Luis Alejandro Morales Marin,24,45
gh-31780279220-0814T1130,2026-08-14T06:31:24-05:00,2015966,CLASE TEORICA,(7) Grupo 7,No informado,24,45
gh-31780279220-0814T1130,2026-08-14T06:31:24-05:00,2015966,CLASE TEORICA,(8) Grupo 8,No informado,24,45
gh-31780279220-0814T1130,2026-08-14T06:31:25-05:00,2015967,NA,(1) Grupo 1,Vladimir Buelvas Hernández,24,46
gh-31780279220-0814T1130,2026-08-14T06:31:26-05:00,2015968,CLASE TEORICA,(1) Grupo 1,Ricardo Parra Arango,24,47
gh-31780279220-0814T1130,2026-08-14T06:31:26-05:00,2015968,CLASE TEORICA,(2) Grupo 2,Juan David Oliveros Salazar,24,47
gh-31780279220-0814T1130,2026-08-14T06:31:26-05:00,2015968,CLASE TEORICA,(3) Grupo 3,No informado,24,47
gh-31780279220-0814T1130,2026-08-14T06:31:26-05:00,2015968,CLASE TEORICA,(4) Grupo 4,Ricardo Parra Arango,24,47
gh-31780279220-0814T1130,2026-08-14T06:31:26-05:00,2015968,CLASE TEORICA,(5) Grupo 5,Julian David Puerto Suarez,24,47
gh-31780279220-0814T1130,2026-08-14T06:31:26-05:00,2015968,CLASE TEORICA,(6) Grupo 6,Dorian Luis Linero Segrera,24,47
gh-31780279220-0814T1130,2026-08-14T06:31:26-05:00,2015968,CLASE TEORICA,(7) Grupo 7,No informado,0,47
gh-31780279220-0814T1130,2026-08-14T06:31:27-05:00,2015969,CLASE TEORICA,(1) Grupo 1 (Inglés),Julio Esteban Colmenares Montañez,30,48
gh-31780279220-0814T1130,2026-08-14T06:31:27-05:00,2015969,CLASE TEORICA,(2) Grupo 2,Guillermo Eduardo Avila Alvarez,30,48
gh-31780279220-0814T1130,2026-08-14T06:31:27-05:00,2015969,CLASE TEORICA,(3) Grupo 3,Livaniel Viveros Rosero,30,48
gh-31780279220-0814T1130,2026-08-14T06:31:27-05:00,2015969,CLASE TEORICA,(4) Grupo 4,No informado,30,48
gh-31780279220-0814T1130,2026-08-14T06:31:28-05:00,2015970,CLASE PRACTICA,(4) Grupo 4,Helga Duarte,30,49
gh-31780279220-0814T1130,2026-08-14T06:31:28-05:00,2015970,CLASE PRACTICA,(5) Grupo 5,Oswaldo Rojas Camacho,45,49
gh-31780279220-0814T1130,2026-08-14T06:31:28-05:00,2015970,CLASE PRACTICA,(8) Grupo 8,Helga Duarte,30,49
gh-31780279220-0814T1130,2026-08-14T06:31:28-05:00,2015970,CLASE PRACTICA,(9) Grupo 9,Oswaldo Rojas Camacho,45,49
gh-31780279220-0814T1130,2026-08-14T06:31:30-05:00,2017293,CLASE TEORICA,(1) 2017293-1 Modelación matemática,JUAN SEBASTIÁN HINCAPIÉ MONTES,34,50
gh-31780279220-0814T1130,2026-08-14T06:31:30-05:00,2017293,CLASE TEORICA,(2) 2017293-2 Modelación matemática,JUAN SEBASTIÁN HINCAPIÉ MONTES,34,50
gh-31780279220-0814T1130,2026-08-14T06:31:30-05:00,2017293,CLASE MAGISTRAL,(1M) 2017293-1M Modelación matemática - Magistral,Carlos Alberto Duque Daza,80,50
gh-31780279220-0814T1130,2026-08-14T06:31:33-05:00,2015971,CLASE TEORICA,(1) Grupo 1,No informado,30,53
gh-31780279220-0814T1130,2026-08-14T06:31:33-05:00,2015971,CLASE TEORICA,(2) Grupo 2,Ferney Betancourt Cardozo,30,53
gh-31780279220-0814T1130,2026-08-14T06:31:33-05:00,2015971,CLASE TEORICA,(3) Grupo 3,No informado,30,53
gh-31780279220-0814T1130,2026-08-14T06:31:34-05:00,2015972,CLASE TEORICA,(1) Grupo 1,Carlos Alberto Moncada Aristizabal,15,54
gh-31780279220-0814T1130,2026-08-14T06:31:34-05:00,2015972,CLASE TEORICA,(2) Grupo 2,SANTIAGO RAMIREZ ECHEVERRI,15,54
gh-31780279220-0814T1130,2026-08-14T06:31:34-05:00,2015972,CLASE TEORICA,(3) Grupo 3,No informado,15,54
gh-31780279220-0814T1130,2026-08-14T06:31:36-05:00,1000024-B,CLASE TEORICA,(12) Grupo 12,Edgar Delgado Mejia,0,55
gh-31780279220-0814T1130,2026-08-14T06:31:36-05:00,1000024-B,CLASE TEORICA,(13) Grupo 13,Jesus Sigifredo Valencia Rios,0,55
gh-31780279220-0814T1130,2026-08-14T06:31:36-05:00,1000024-B,CLASE TEORICA,(14) Grupo 14,Jhon Jairo Aragón Arias,10,55
gh-31780279220-0814T1130,2026-08-14T06:31:37-05:00,1000013-B,CLASE TEORICA,(1) Grupo 1,JHONIER SEBASTIAN RANGEL GUTIERREZ,0,56
gh-31780279220-0814T1130,2026-08-14T06:31:37-05:00,1000013-B,CLASE TEORICA,(10) Grupo 10,Sandra Vergara Cardozo,35,56
gh-31780279220-0814T1130,2026-08-14T06:31:37-05:00,1000013-B,CLASE TEORICA,(11) Grupo 11,DIEGO ALBERTO MARTINEZ SIMBAQUEVA,40,56
gh-31780279220-0814T1130,2026-08-14T06:31:37-05:00,1000013-B,CLASE TEORICA,(12) Grupo 12,DIEGO ALBERTO MARTINEZ SIMBAQUEVA,40,56
gh-31780279220-0814T1130,2026-08-14T06:31:37-05:00,1000013-B,CLASE TEORICA,(13) Grupo 13,DIEGO ALBERTO MARTINEZ SIMBAQUEVA,30,56
gh-31780279220-0814T1130,2026-08-14T06:31:37-05:00,1000013-B,CLASE TEORICA,(14) Grupo 14,Andrea Catalina Garcia Montoya,45,56
gh-31780279220-0814T1130,2026-08-14T06:31:37-05:00,1000013-B,CLASE TEORICA,(16) Grupo 16,Sergio Alejandro Calderon Villanueva,30,56
gh-31780279220-0814T1130,2026-08-14T06:31:37-05:00,1000013-B,CLASE TEORICA,(2) Grupo 2,Luis Guillermo Diaz Monroy,40,56
gh-31780279220-0814T1130,2026-08-14T06:31:37-05:00,1000013-B,CLASE TEORICA,(22) Grupo 22,Hanwen Zhang,45,56
gh-31780279220-0814T1130,2026-08-14T06:31:37-05:00,1000013-B,CLASE TEORICA,(23) Grupo 23,ULPIANO LARA CRISTANCHO,0,56
gh-31780279220-0814T1130,2026-08-14T06:31:37-05:00,1000013-B,CLASE TEORICA,(3) Grupo 3,Diana Carolina Franco Soto,40,56
gh-31780279220-0814T1130,2026-08-14T06:31:37-05:00,1000013-B,CLASE TEORICA,(4) Grupo 4,Diana Carolina Franco Soto,40,56
gh-31780279220-0814T1130,2026-08-14T06:31:37-05:00,1000013-B,CLASE TEORICA,(5) Grupo 5,Darwin Eduardo Martínez Riaño,35,56
gh-31780279220-0814T1130,2026-08-14T06:31:37-05:00,1000013-B,CLASE TEORICA,(6) Grupo 6,Darwin Eduardo Martínez Riaño,35,56
gh-31780279220-0814T1130,2026-08-14T06:31:37-05:00,1000013-B,CLASE TEORICA,(7) Grupo 7,Camilo Jose Torres Jimenez,40,56
gh-31780279220-0814T1130,2026-08-14T06:31:38-05:00,2015734,NA,(1) Grupo 1,Fernando Salazar Delgado,6,57
gh-31780279220-0814T1130,2026-08-14T06:31:38-05:00,2015734,NA,(10) Grupo 10,Tito Florez Calderon,4,57
gh-31780279220-0814T1130,2026-08-14T06:31:38-05:00,2015734,NA,(11) Grupo 11,DAVID ALBERTO HERRERA ALVAREZ,0,57
gh-31780279220-0814T1130,2026-08-14T06:31:38-05:00,2015734,NA,(12) Grupo 12,FABIEL NATÁN ESPINOSA CASTAÑEDA,1,57
gh-31780279220-0814T1130,2026-08-14T06:31:38-05:00,2015734,NA,(13) Grupo 13,SERGIO CAMILO ESPINOSA BOTERO,4,57
gh-31780279220-0814T1130,2026-08-14T06:31:38-05:00,2015734,NA,(14) Grupo 14,Felipe Gonzalez Roldan,0,57
gh-31780279220-0814T1130,2026-08-14T06:31:38-05:00,2015734,NA,(2) Grupo 2,Fernando Salazar Delgado,16,57
gh-31780279220-0814T1130,2026-08-14T06:31:38-05:00,2015734,NA,(3) Grupo 3,Jhoan Sebastian Restrepo Mendoza,0,57
gh-31780279220-0814T1130,2026-08-14T06:31:38-05:00,2015734,NA,(4) Grupo 4,Sandra Liliana Rojas Martinez,0,57
gh-31780279220-0814T1130,2026-08-14T06:31:38-05:00,2015734,NA,(5) Grupo 5,Jhoan Sebastian Restrepo Mendoza,0,57
gh-31780279220-0814T1130,2026-08-14T06:31:38-05:00,2015734,NA,(6) Grupo 6,SERGIO CAMILO ESPINOSA BOTERO,8,57
gh-31780279220-0814T1130,2026-08-14T06:31:38-05:00,2015734,NA,(7) Grupo 7,No informado,3,57
gh-31780279220-0814T1130,2026-08-14T06:31:38-05:00,2015734,NA,(8) Grupo 8 - Virtual,FABIEL NATÁN ESPINOSA CASTAÑEDA,30,57
gh-31780279220-0814T1130,2026-08-14T06:31:38-05:00,2015734,NA,(9) Grupo 9,Alvaro Reynel Córdoba,18,57
gh-31780279220-0814T1130,2026-08-14T06:31:41-05:00,2015973,CLASE TEORICA,(1) Grupo 1,No informado,25,59
gh-31780279220-0814T1130,2026-08-14T06:31:41-05:00,2015973,CLASE TEORICA,(2) Grupo 2,GABRIELA ARRIETA LOYO,25,59
gh-31780279220-0814T1130,2026-08-14T06:31:41-05:00,2015973,CLASE TEORICA,(3) Grupo 3,NICOLAS ESCALANTE MORA,25,59
gh-31780279220-0814T1130,2026-08-14T06:31:42-05:00,2022761,NA,(1) Grupo 1,Servio Javier Contreras Guerrero,15,60
gh-31780279220-0814T1130,2026-08-14T06:31:42-05:00,2022761,NA,(2) Grupo 2,Servio Javier Contreras Guerrero,15,60
gh-31780279220-0814T1130,2026-08-14T06:31:42-05:00,2022761,NA,(3) Grupo 3,Samuel Fernando Mesa Giraldo,15,60
gh-31780279220-0814T1130,2026-08-14T06:31:44-05:00,2024045,CLASE TEORICA,(1) 2024045-1 Taller de proyectos interdisciplinarios,No informado,0,61
gh-31780279220-0814T1130,2026-08-14T06:31:44-05:00,2024045,CLASE TEORICA,(10) 2024045-10 Taller de proyectos interdisciplinarios,Oscar Andres Eraso Eraso,0,61
gh-31780279220-0814T1130,2026-08-14T06:31:44-05:00,2024045,CLASE TEORICA,(11) 2024045-11 Taller de proyectos interdisciplinarios,No informado,0,61
gh-31780279220-0814T1130,2026-08-14T06:31:44-05:00,2024045,CLASE TEORICA,(12) 2024045-12 Taller de proyectos interdisciplinarios,Hector Julian Garcia Otalora,200,61
gh-31780279220-0814T1130,2026-08-14T06:31:44-05:00,2024045,CLASE TEORICA,(13) 2024045-13 Taller de proyectos interdisciplinarios,No informado,0,61
gh-31780279220-0814T1130,2026-08-14T06:31:44-05:00,2024045,CLASE TEORICA,(14) 2024045-14 Taller de proyectos interdisciplinarios,Dolly Santos Barbosa,0,61
gh-31780279220-0814T1130,2026-08-14T06:31:44-05:00,2024045,CLASE TEORICA,(15) 2024045-15 Taller de proyectos interdisciplinarios,Oscar Andres Eraso Eraso,0,61
gh-31780279220-0814T1130,2026-08-14T06:31:44-05:00,2024045,CLASE TEORICA,(16) 2024045-16 Taller de proyectos interdisciplinarios,Luis Ignacio Rodriguez Varela,0,61
gh-31780279220-0814T1130,2026-08-14T06:31:44-05:00,2024045,CLASE TEORICA,(17) 2024045-17 Taller de proyectos interdisciplinarios,JOHANA CATALINA MANOSALVA BARRERA,0,61
gh-31780279220-0814T1130,2026-08-14T06:31:44-05:00,2024045,CLASE TEORICA,(18) 2024045-18 Taller de proyectos interdisciplinarios,Fernando Bernal Martinez,0,61
gh-31780279220-0814T1130,2026-08-14T06:31:44-05:00,2024045,CLASE TEORICA,(19) 2024045-19 Taller de proyectos interdisciplinarios,FRANCISCO JAVIER VÁSQUEZ VÁSQUEZ,0,61
gh-31780279220-0814T1130,2026-08-14T06:31:44-05:00,2024045,CLASE TEORICA,(2) 2024045-2 Taller de proyectos interdisciplinarios,Fernando Bernal Martinez,0,61
gh-31780279220-0814T1130,2026-08-14T06:31:44-05:00,2024045,CLASE TEORICA,(21) 2024045-21 Taller de proyectos interdisciplinarios,No informado,0,61
gh-31780279220-0814T1130,2026-08-14T06:31:44-05:00,2024045,CLASE TEORICA,(22) 2024045-22 Taller de proyectos interdisciplinarios,Ubaldo Garcia Zaragoza,0,61
gh-31780279220-0814T1130,2026-08-14T06:31:44-05:00,2024045,CLASE TEORICA,(23) 2024045-23 Taller de proyectos interdisciplinarios,No informado,0,61
gh-31780279220-0814T1130,2026-08-14T06:31:44-05:00,2024045,CLASE TEORICA,(24) 2024045-24 Taller de proyectos interdisciplinarios,Hector Julian Garcia Otalora,200,61
gh-31780279220-0814T1130,2026-08-14T06:31:44-05:00,2024045,CLASE TEORICA,(3) 2024045-3 Taller de proyectos interdisciplinarios,Guillermo Alberto Rocha Casas,0,61
gh-31780279220-0814T1130,2026-08-14T06:31:44-05:00,2024045,CLASE TEORICA,(4) 2024045-4 Taller de proyectos interdisciplinarios,Francy Nayely Prieto Novoa,0,61
gh-31780279220-0814T1130,2026-08-14T06:31:44-05:00,2024045,CLASE TEORICA,(40) 2024045-40 TPI-- NO BORRAR-- BLOQ ESPACIOS,No informado,0,61
gh-31780279220-0814T1130,2026-08-14T06:31:44-05:00,2024045,CLASE TEORICA,(5) 2024045-5 Taller de proyectos interdisciplinarios,Nubia Carmenza Moreno Sarmiento,0,61
gh-31780279220-0814T1130,2026-08-14T06:31:44-05:00,2024045,CLASE TEORICA,(6) 2024045-6 Taller de proyectos interdisciplinarios,JOHANA CATALINA MANOSALVA BARRERA,0,61
gh-31780279220-0814T1130,2026-08-14T06:31:44-05:00,2024045,CLASE TEORICA,(7) 2024045-7 Taller de proyectos interdisciplinarios,Ubaldo Garcia Zaragoza,0,61
gh-31780279220-0814T1130,2026-08-14T06:31:44-05:00,2024045,CLASE TEORICA,(8) 2024045-8 Taller de proyectos interdisciplinarios,JHON FREDDY LOPEZ MEDINA,0,61
gh-31780279220-0814T1130,2026-08-14T06:31:44-05:00,2024045,CLASE TEORICA,(9) 2024045-9 Taller de proyectos interdisciplinarios,Manuel Alejandro Mayorga Betancourt,0,61
gh-31780279220-0814T1130,2026-08-14T06:31:45-05:00,2015296,NA,(1) Grupo 1,Leonardo David Donado Garzon,5,62
gh-31780279220-0814T1130,2026-08-14T06:31:45-05:00,2015296,NA,(10) Grupo 10,Juan Manuel Lizarazo Marriaga,5,62
gh-31780279220-0814T1130,2026-08-14T06:31:45-05:00,2015296,NA,(11) Grupo 11,Octavio Coronado Garcia,5,62
gh-31780279220-0814T1130,2026-08-14T06:31:45-05:00,2015296,NA,(12) Grupo 12,Carol Andrea Murillo Feo,5,62
gh-31780279220-0814T1130,2026-08-14T06:31:45-05:00,2015296,NA,(13) Grupo 13,CAMILO RIOS FRESNEDA,5,62
gh-31780279220-0814T1130,2026-08-14T06:31:45-05:00,2015296,NA,(14) Grupo 14,William Castro Garcia,5,62
gh-31780279220-0814T1130,2026-08-14T06:31:45-05:00,2015296,NA,(15) Grupo 15,Luis Alejandro Morales Marin,5,62
gh-31780279220-0814T1130,2026-08-14T06:31:45-05:00,2015296,NA,(16) Grupo 16,Ferney Betancourt Cardozo,5,62
gh-31780279220-0814T1130,2026-08-14T06:31:45-05:00,2015296,NA,(17) Grupo 17,Maria Alejandra Caicedo Londoño,5,62
gh-31780279220-0814T1130,2026-08-14T06:31:45-05:00,2015296,NA,(18) Grupo 18,Guillermo Eduardo Avila Alvarez,5,62
gh-31780279220-0814T1130,2026-08-14T06:31:45-05:00,2015296,NA,(19) Grupo 19,Carlos Alfonso Gomez Guacaneme,0,62
gh-31780279220-0814T1130,2026-08-14T06:31:45-05:00,2015296,NA,(2) Grupo 2,Carlos Orlando Robles Roa,5,62
gh-31780279220-0814T1130,2026-08-14T06:31:45-05:00,2015296,NA,(3) Grupo 3,Angela Barrera Puerto,5,62
gh-31780279220-0814T1130,2026-08-14T06:31:45-05:00,2015296,NA,(4) Grupo 4,Mauricio Alberto Tapias Camacho,5,62
gh-31780279220-0814T1130,2026-08-14T06:31:45-05:00,2015296,NA,(5) Grupo 5,Maritzabel Molina Herrera,5,62
gh-31780279220-0814T1130,2026-08-14T06:31:45-05:00,2015296,NA,(6) Grupo 6,Rodolfo Rodriguez Baracaldo,5,62
gh-31780279220-0814T1130,2026-08-14T06:31:45-05:00,2015296,NA,(7) Grupo 7,SANTIAGO RAMIREZ ECHEVERRI,5,62
gh-31780279220-0814T1130,2026-08-14T06:31:45-05:00,2015296,NA,(8) Grupo 8,Jose Ricardo Martinez Vargas,5,62
gh-31780279220-0814T1130,2026-08-14T06:31:45-05:00,2015296,NA,(9) Grupo 9,GABRIELA ARRIETA LOYO,5,62
gh-31780279220-0814T1130,2026-08-14T06:31:46-05:00,2015299,CLASE TEORICA,(1) Grupo 1,GABRIELA ARRIETA LOYO,51,63
gh-31780279220-0814T1200,2026-08-14T07:00:25-05:00,2015938,CLASE TEORICA,(1) Grupo 1,Maria Alejandra Caicedo Londoño,25,0
gh-31780279220-0814T1200,2026-08-14T07:00:25-05:00,2015938,CLASE TEORICA,(2) Grupo 2,Maria Alejandra Caicedo Londoño,25,0
gh-31780279220-0814T1200,2026-08-14T07:00:25-05:00,2015938,CLASE TEORICA,(3) Grupo 3,JOSE LUIS DIAZ AREVALO,25,0
gh-31780279220-0814T1200,2026-08-14T07:00:25-05:00,2015938,CLASE TEORICA,(4) Grupo 4,JOSE LUIS DIAZ AREVALO,24,0
gh-31780279220-0814T1200,2026-08-14T07:00:26-05:00,2015939,CLASE TEORICA,(1) Grupo 1,ALVARO MARTIN GUTIERREZ MALAXECHEBARRIA,25,1
gh-31780279220-0814T1200,2026-08-14T07:00:26-05:00,2015939,CLASE TEORICA,(2) Grupo 2,ALVARO MARTIN GUTIERREZ MALAXECHEBARRIA,25,1
gh-31780279220-0814T1200,2026-08-14T07:00:26-05:00,2015939,CLASE TEORICA,(3) Grupo 3,Edder Alexander Velandia Duran,25,1
gh-31780279220-0814T1200,2026-08-14T07:00:26-05:00,2015939,CLASE TEORICA,(4) Grupo 4,No informado,25,1
gh-31780279220-0814T1200,2026-08-14T07:00:27-05:00,1000003-B,NA,(1) Grupo 1,Erika Lorena Rosero Alzate; Oscar Andrés Rojas Sepúlveda,0,2
gh-31780279220-0814T1200,2026-08-14T07:00:27-05:00,1000003-B,NA,(10) Grupo 10,Epifanio Lozano Ayala,14,2
gh-31780279220-0814T1200,2026-08-14T07:00:27-05:00,1000003-B,NA,(11) Grupo 11,No informado,60,2
gh-31780279220-0814T1200,2026-08-14T07:00:27-05:00,1000003-B,NA,(12) Grupo 12,No informado,40,2
gh-31780279220-0814T1200,2026-08-14T07:00:27-05:00,1000003-B,NA,(13) Grupo 13,Mohammed EL AIDI,40,2
gh-31780279220-0814T1200,2026-08-14T07:00:27-05:00,1000003-B,NA,(15) Grupo 15,Myriam Leonor Campos Florez,60,2
gh-31780279220-0814T1200,2026-08-14T07:00:27-05:00,1000003-B,NA,(16) Grupo 16,No informado,60,2
gh-31780279220-0814T1200,2026-08-14T07:00:27-05:00,1000003-B,NA,(17) Grupo 17,Martha Cecilia Moreno Penagos,40,2
gh-31780279220-0814T1200,2026-08-14T07:00:27-05:00,1000003-B,NA,(18) Grupo 18,John Alexander Cruz Morales,52,2
gh-31780279220-0814T1200,2026-08-14T07:00:27-05:00,1000003-B,NA,(20) Grupo 20,Natalia Camila Pinzon Cortes,60,2
gh-31780279220-0814T1200,2026-08-14T07:00:27-05:00,1000003-B,NA,(21) Grupo 21,Ivon Andrea Dorado Correa,52,2
gh-31780279220-0814T1200,2026-08-14T07:00:27-05:00,1000003-B,NA,(22) Grupo 22,No informado,46,2
gh-31780279220-0814T1200,2026-08-14T07:00:27-05:00,1000003-B,NA,(3) Grupo 3,No informado,60,2
gh-31780279220-0814T1200,2026-08-14T07:00:27-05:00,1000003-B,NA,(4) Grupo 4,Luis Alejandro Barbosa Torres,112,2
gh-31780279220-0814T1200,2026-08-14T07:00:27-05:00,1000003-B,NA,(5) Grupo 5,Jaime David Mora Paz,60,2
gh-31780279220-0814T1200,2026-08-14T07:00:27-05:00,1000003-B,NA,(7) Grupo 7,Myriam Leonor Campos Florez,40,2
gh-31780279220-0814T1200,2026-08-14T07:00:27-05:00,1000003-B,NA,(8) Grupo 8,No informado,10,2
gh-31780279220-0814T1200,2026-08-14T07:00:28-05:00,2015940,CLASE TEORICA,(1) Grupo 1,Maritzabel Molina Herrera,24,3
gh-31780279220-0814T1200,2026-08-14T07:00:28-05:00,2015940,CLASE TEORICA,(2) Grupo 2,Gabriel Andres Bernal Granados,24,3
gh-31780279220-0814T1200,2026-08-14T07:00:28-05:00,2015940,CLASE TEORICA,(3) Grupo 3,No informado,24,3
gh-31780279220-0814T1200,2026-08-14T07:00:29-05:00,2015941,CLASE TEORICA,(1) Grupo 1,Patricia Luna Tamayo,30,4
gh-31780279220-0814T1200,2026-08-14T07:00:29-05:00,2015941,CLASE TEORICA,(2) Grupo 2,No informado,30,4
gh-31780279220-0814T1200,2026-08-14T07:00:29-05:00,2015941,CLASE TEORICA,(3) Grupo 3,Carlos Ramiro Vallecilla Bahena,30,4
gh-31780279220-0814T1200,2026-08-14T07:00:29-05:00,2015941,CLASE TEORICA,(4) Grupo 4,No informado,30,4
gh-31780279220-0814T1200,2026-08-14T07:00:31-05:00,1000004-B,NA,(10) Grupo 10,No informado,53,5
gh-31780279220-0814T1200,2026-08-14T07:00:31-05:00,1000004-B,NA,(11) Grupo 11,No informado,24,5
gh-31780279220-0814T1200,2026-08-14T07:00:31-05:00,1000004-B,NA,(12) Grupo 12,No informado,24,5
gh-31780279220-0814T1200,2026-08-14T07:00:31-05:00,1000004-B,NA,(13) Grupo 13,No informado,16,5
gh-31780279220-0814T1200,2026-08-14T07:00:31-05:00,1000004-B,NA,(14) Grupo 14,No informado,90,5
gh-31780279220-0814T1200,2026-08-14T07:00:31-05:00,1000004-B,NA,(16) Grupo 16,No informado,27,5
gh-31780279220-0814T1200,2026-08-14T07:00:31-05:00,1000004-B,NA,(17) Grupo 17,Hernan Garzon Gutierrez,39,5
gh-31780279220-0814T1200,2026-08-14T07:00:31-05:00,1000004-B,NA,(19) Grupo 19,No informado,59,5
gh-31780279220-0814T1200,2026-08-14T07:00:31-05:00,1000004-B,NA,(2) Grupo 2,No informado,24,5
gh-31780279220-0814T1200,2026-08-14T07:00:31-05:00,1000004-B,NA,(20) Grupo 20,Hernan Garzon Gutierrez,10,5
gh-31780279220-0814T1200,2026-08-14T07:00:31-05:00,1000004-B,NA,(21) Grupo 21,No informado,60,5
gh-31780279220-0814T1200,2026-08-14T07:00:31-05:00,1000004-B,NA,(22) Grupo 22,No informado,60,5
gh-31780279220-0814T1200,2026-08-14T07:00:31-05:00,1000004-B,NA,(24) Grupo 24,Ricardo Ariel Pastran Ramirez,60,5
gh-31780279220-0814T1200,2026-08-14T07:00:31-05:00,1000004-B,NA,(25) Grupo 25,No informado,40,5
gh-31780279220-0814T1200,2026-08-14T07:00:31-05:00,1000004-B,NA,(27) Grupo 27,No informado,51,5
gh-31780279220-0814T1200,2026-08-14T07:00:31-05:00,1000004-B,NA,(28) Grupo 28,No informado,60,5
gh-31780279220-0814T1200,2026-08-14T07:00:31-05:00,1000004-B,NA,(29) Grupo 29,No informado,60,5
gh-31780279220-0814T1200,2026-08-14T07:00:31-05:00,1000004-B,NA,(30) Grupo 30,No informado,60,5
gh-31780279220-0814T1200,2026-08-14T07:00:31-05:00,1000004-B,NA,(32) Grupo 32,No informado,90,5
gh-31780279220-0814T1200,2026-08-14T07:00:31-05:00,1000004-B,NA,(4) Grupo 4,Myriam Leonor Campos Florez,37,5
gh-31780279220-0814T1200,2026-08-14T07:00:31-05:00,1000004-B,NA,(5) Grupo 5,Oscar Javier Lopez Alfonso,84,5
gh-31780279220-0814T1200,2026-08-14T07:00:31-05:00,1000004-B,NA,(7) Grupo 7,Anderson Arley Vera Arboleda,64,5
gh-31780279220-0814T1200,2026-08-14T07:00:31-05:00,1000004-B,NA,(8) Grupo 8,No informado,40,5
gh-31780279220-0814T1200,2026-08-14T07:00:31-05:00,1000004-B,NA,(9) Grupo 9,No informado,18,5
gh-31780279220-0814T1200,2026-08-14T07:00:32-05:00,1000006-B,NA,(1) Grupo 1,No informado,40,6
gh-31780279220-0814T1200,2026-08-14T07:00:32-05:00,1000006-B,NA,(10) Grupo 10,No informado,100,6
gh-31780279220-0814T1200,2026-08-14T07:00:32-05:00,1000006-B,NA,(11) Grupo 11,No informado,40,6
gh-31780279220-0814T1200,2026-08-14T07:00:32-05:00,1000006-B,NA,(12) Grupo 12,Leonid Lebedev,60,6
gh-31780279220-0814T1200,2026-08-14T07:00:32-05:00,1000006-B,NA,(13) Grupo 13,Juan Carlos Hernandez Rincon,40,6
gh-31780279220-0814T1200,2026-08-14T07:00:32-05:00,1000006-B,NA,(14) Grupo 14,No informado,60,6
gh-31780279220-0814T1200,2026-08-14T07:00:32-05:00,1000006-B,NA,(15) Grupo 15,No informado,112,6
gh-31780279220-0814T1200,2026-08-14T07:00:32-05:00,1000006-B,NA,(2) Grupo 2,EDIXON MANUEL ROJAS SANTANA,40,6
gh-31780279220-0814T1200,2026-08-14T07:00:32-05:00,1000006-B,NA,(3) Grupo 3,Cesar Augusto Gomez Sierra,40,6
gh-31780279220-0814T1200,2026-08-14T07:00:32-05:00,1000006-B,NA,(4) Grupo 4,Agustin Moreno Canadas,100,6
gh-31780279220-0814T1200,2026-08-14T07:00:32-05:00,1000006-B,NA,(5) Grupo 5,German Eduardo Fonseca Buitrago,40,6
gh-31780279220-0814T1200,2026-08-14T07:00:32-05:00,1000006-B,NA,(7) Grupo 7,No informado,70,6
gh-31780279220-0814T1200,2026-08-14T07:00:32-05:00,1000006-B,NA,(8) Grupo 8,Epifanio Lozano Ayala,60,6
gh-31780279220-0814T1200,2026-08-14T07:00:32-05:00,1000006-B,NA,(9) Grupo 9,Orlando Vanegas Canro,0,6
gh-31780279220-0814T1200,2026-08-14T07:00:34-05:00,1000005-B,NA,(1) Grupo 1,Orlando Vanegas Canro,0,7
gh-31780279220-0814T1200,2026-08-14T07:00:34-05:00,1000005-B,NA,(10) Grupo 10,Epifanio Lozano Ayala,50,7
gh-31780279220-0814T1200,2026-08-14T07:00:34-05:00,1000005-B,NA,(14) Grupo 14,Mohammed EL AIDI,40,7
gh-31780279220-0814T1200,2026-08-14T07:00:34-05:00,1000005-B,NA,(15) Grupo 15,Alina Fedosova,60,7
gh-31780279220-0814T1200,2026-08-14T07:00:34-05:00,1000005-B,NA,(16) Grupo 16,No informado,70,7
gh-31780279220-0814T1200,2026-08-14T07:00:34-05:00,1000005-B,NA,(17) Grupo 17,Hernan Garzon Gutierrez,40,7
gh-31780279220-0814T1200,2026-08-14T07:00:34-05:00,1000005-B,NA,(2) Grupo 2,RENE ERLIN CASTILLO,60,7
gh-31780279220-0814T1200,2026-08-14T07:00:34-05:00,1000005-B,NA,(20) Grupo 20,Franqui Solis Cardenas Poloche,40,7
gh-31780279220-0814T1200,2026-08-14T07:00:34-05:00,1000005-B,NA,(22) Grupo 22,No informado,60,7
gh-31780279220-0814T1200,2026-08-14T07:00:34-05:00,1000005-B,NA,(3) Grupo 3,Eduardo Cardenas Gomez,70,7
gh-31780279220-0814T1200,2026-08-14T07:00:34-05:00,1000005-B,NA,(4) Grupo 4,Edward Samuel Becerra Rojas,60,7
gh-31780279220-0814T1200,2026-08-14T07:00:34-05:00,1000005-B,NA,(6) Grupo 6,No informado,60,7
gh-31780279220-0814T1200,2026-08-14T07:00:34-05:00,1000005-B,NA,(7) Grupo 7,Franqui Solis Cardenas Poloche,100,7
gh-31780279220-0814T1200,2026-08-14T07:00:34-05:00,1000005-B,NA,(8) Grupo 8,No informado,40,7
gh-31780279220-0814T1200,2026-08-14T07:00:34-05:00,1000005-B,NA,(9) Grupo 9,No informado,10,7
gh-31780279220-0814T1200,2026-08-14T07:00:36-05:00,2015943,CLASE TEORICA,(1) Grupo 1,Carlos Orlando Robles Roa,15,9
gh-31780279220-0814T1200,2026-08-14T07:00:37-05:00,2015944,CLASE TEORICA,(1) Grupo 1,SANTIAGO RAMIREZ ECHEVERRI,15,10
gh-31780279220-0814T1200,2026-08-14T07:00:38-05:00,2015711,NA,(10) 2015711-10 Dibujo básico,Ariel Augusto Amaya Avila,0,11
gh-31780279220-0814T1200,2026-08-14T07:00:38-05:00,2015711,NA,(11) 2015711-11 Dibujo básico,Cesar Augusto Bacca Gonzalez,0,11
gh-31780279220-0814T1200,2026-08-14T07:00:38-05:00,2015711,NA,(14) 2015711-14 Dibujo básico,Cristian Felipe Morales Suárez,0,11
gh-31780279220-0814T1200,2026-08-14T07:00:38-05:00,2015711,NA,(16) 2015711-16 Dibujo básico,DAVID FELIPE TORRES ARCE,0,11
gh-31780279220-0814T1200,2026-08-14T07:00:38-05:00,2015711,NA,(4) 2015711-4 Dibujo básico,Cristian Felipe Morales Suárez,9,11
gh-31780279220-0814T1200,2026-08-14T07:00:38-05:00,2015711,NA,(5) 2015711-5 Dibujo básico,Sebastian Achury Ortiz,0,11
gh-31780279220-0814T1200,2026-08-14T07:00:38-05:00,2015711,NA,(7) 2015711-7 Dibujo básico,Cesar Augusto Bacca Gonzalez,22,11
gh-31780279220-0814T1200,2026-08-14T07:00:38-05:00,2015711,NA,(8) 2015711-8 Dibujo básico,Miguel Angel Baquero Cortes,0,11
gh-31780279220-0814T1200,2026-08-14T07:00:38-05:00,2015711,NA,(9) 2015711-9 Dibujo básico,EDWIN CAMILO REINA BELTRAN,0,11
gh-31780279220-0814T1200,2026-08-14T07:00:39-05:00,2015948,CLASE TEORICA,(1) Grupo 1,No informado,30,12
gh-31780279220-0814T1200,2026-08-14T07:00:39-05:00,2015948,CLASE TEORICA,(2) Grupo 2,Mauricio Alberto Tapias Camacho,30,12
gh-31780279220-0814T1200,2026-08-14T07:00:39-05:00,2015948,CLASE TEORICA,(3) Grupo 3,No informado,30,12
gh-31780279220-0814T1200,2026-08-14T07:00:41-05:00,2015950,CLASE TEORICA,(1) Grupo 1,No informado,25,13
gh-31780279220-0814T1200,2026-08-14T07:00:41-05:00,2015950,CLASE TEORICA,(2) Grupo 2,No informado,0,13
gh-31780279220-0814T1200,2026-08-14T07:00:41-05:00,2015950,CLASE TEORICA,(3) Grupo 3,Daniel Ricardo Lozano Monsalve,25,13
gh-31780279220-0814T1200,2026-08-14T07:00:41-05:00,2015950,CLASE TEORICA,(4) Grupo 4,No informado,25,13
gh-31780279220-0814T1200,2026-08-14T07:00:41-05:00,2015950,CLASE TEORICA,(5) Grupo 5,No informado,25,13
gh-31780279220-0814T1200,2026-08-14T07:00:42-05:00,2015949,CLASE TEORICA,(1) Grupo 1,Mario Javier Cardozo Chaux,30,14
gh-31780279220-0814T1200,2026-08-14T07:00:42-05:00,2015949,CLASE TEORICA,(2) Grupo 2,Wilson Ernesto Vargas Vargas,30,14
gh-31780279220-0814T1200,2026-08-14T07:00:42-05:00,2015949,CLASE TEORICA,(3) Grupo 3,No informado,30,14
gh-31780279220-0814T1200,2026-08-14T07:00:44-05:00,1000007-B,NA,(1) Grupo 1,German Eduardo Fonseca Buitrago,60,15
gh-31780279220-0814T1200,2026-08-14T07:00:44-05:00,1000007-B,NA,(11) Grupo 11,Leonid Lebedev,60,15
gh-31780279220-0814T1200,2026-08-14T07:00:44-05:00,1000007-B,NA,(12) Grupo 12,No informado,60,15
gh-31780279220-0814T1200,2026-08-14T07:00:44-05:00,1000007-B,NA,(13) Grupo 13,Omar Duque Gomez,40,15
gh-31780279220-0814T1200,2026-08-14T07:00:44-05:00,1000007-B,NA,(14) Grupo 14,No informado,100,15
gh-31780279220-0814T1200,2026-08-14T07:00:44-05:00,1000007-B,NA,(3) Grupo 3,Serafin Bautista Diaz,40,15
gh-31780279220-0814T1200,2026-08-14T07:00:44-05:00,1000007-B,NA,(4) Grupo 4,EDIXON MANUEL ROJAS SANTANA,60,15
gh-31780279220-0814T1200,2026-08-14T07:00:44-05:00,1000007-B,NA,(6) Grupo 6,Alexander Caviedes Castro,50,15
gh-31780279220-0814T1200,2026-08-14T07:00:44-05:00,1000007-B,NA,(7) Grupo 7,Oscar Guillermo Riaño Castañeda,40,15
gh-31780279220-0814T1200,2026-08-14T07:00:44-05:00,1000007-B,NA,(9) Grupo 9,Orlando Vanegas Canro,0,15
gh-31780279220-0814T1200,2026-08-14T07:00:45-05:00,2026134,CLASE TEORICA,(1) Grupo 1,No informado,0,16
gh-31780279220-0814T1200,2026-08-14T07:00:45-05:00,2026134,CLASE TEORICA,(2) Grupo 2,Juan Manuel Lizarazo Marriaga,30,16
gh-31780279220-0814T1200,2026-08-14T07:00:45-05:00,2026134,CLASE TEORICA,(3) Grupo 3,Maritzabel Molina Herrera,30,16
gh-31780279220-0814T1200,2026-08-14T07:00:45-05:00,2026134,CLASE TEORICA,(4) Grupo 4,Carlos Ramiro Vallecilla Bahena,30,16
gh-31780279220-0814T1200,2026-08-14T07:00:45-05:00,2026134,CLASE TEORICA,(5) Grupo 5,Fernando Lozano Osorno,30,16
gh-31780279220-0814T1200,2026-08-14T07:00:45-05:00,2026134,CLASE TEORICA,(6) Grupo 6,No informado,30,16
gh-31780279220-0814T1200,2026-08-14T07:00:46-05:00,2015954,CLASE TEORICA,(1) Grupo 1,Erasmo Alfredo Rodriguez Sandoval,30,17
gh-31780279220-0814T1200,2026-08-14T07:00:46-05:00,2015954,CLASE TEORICA,(2) Grupo 2,Mario Enrique Moreno Castiblanco,30,17
gh-31780279220-0814T1200,2026-08-14T07:00:46-05:00,2015954,CLASE TEORICA,(3) Grupo 3,Luis Alejandro Morales Marin,30,17
gh-31780279220-0814T1200,2026-08-14T07:00:47-05:00,2015955,CLASE TEORICA,(1) Grupo 1,Giovanni Andres Cortes Tovar,30,18
gh-31780279220-0814T1200,2026-08-14T07:00:47-05:00,2015955,CLASE TEORICA,(2) Grupo 2,Angela Barrera Puerto,30,18
gh-31780279220-0814T1200,2026-08-14T07:00:47-05:00,2015955,CLASE TEORICA,(3) Grupo 3,Giovanni Andres Cortes Tovar,30,18
gh-31780279220-0814T1200,2026-08-14T07:00:48-05:00,1000011-B,CLASE TEORICA,(1) Grupo 1,Ernesto Javier Puertas Dellepianes,118,19
gh-31780279220-0814T1200,2026-08-14T07:00:48-05:00,1000011-B,CLASE TEORICA,(3) Grupo 3,Néstor Fernando Perez Buitrago,12,19
gh-31780279220-0814T1200,2026-08-14T07:00:51-05:00,1000019-B,CLASE LABORATORIO,(1) Grupo 1,Gustavo Martinez Tamayo,35,20
gh-31780279220-0814T1200,2026-08-14T07:00:51-05:00,1000019-B,CLASE LABORATORIO,(10) Grupo 10,LUIS AGULLES PEDROS,35,20
gh-31780279220-0814T1200,2026-08-14T07:00:51-05:00,1000019-B,CLASE LABORATORIO,(11) Grupo 11,EVER DAVID ALCALA CAJAR,35,20
gh-31780279220-0814T1200,2026-08-14T07:00:51-05:00,1000019-B,CLASE LABORATORIO,(12) Grupo 12,FABIAN FELIPE QUEVEDO FARIETA,35,20
gh-31780279220-0814T1200,2026-08-14T07:00:51-05:00,1000019-B,CLASE LABORATORIO,(13) Grupo 13,Alvaro Marino Camargo,35,20
gh-31780279220-0814T1200,2026-08-14T07:00:51-05:00,1000019-B,CLASE LABORATORIO,(14) Grupo 14,Alvaro Marino Camargo; Miryam Rincon Joya,35,20
gh-31780279220-0814T1200,2026-08-14T07:00:51-05:00,1000019-B,CLASE LABORATORIO,(15) Grupo 15,JULIAN MATEO DE MENDOZA GUTIERREZ,32,20
gh-31780279220-0814T1200,2026-08-14T07:00:51-05:00,1000019-B,CLASE LABORATORIO,(16) Grupo 16,Alvaro Marino Camargo; Doris Yaneth Cadavid Rodriguez,35,20
gh-31780279220-0814T1200,2026-08-14T07:00:51-05:00,1000019-B,CLASE LABORATORIO,(17) Grupo 17,JULIAN MATEO DE MENDOZA GUTIERREZ,34,20
gh-31780279220-0814T1200,2026-08-14T07:00:51-05:00,1000019-B,CLASE LABORATORIO,(18) Grupo 18,Jaime Villalobos Velasco,34,20
gh-31780279220-0814T1200,2026-08-14T07:00:51-05:00,1000019-B,CLASE LABORATORIO,(19) Grupo 19,JULY PAOLA GARZÓN LOPEZ,32,20
gh-31780279220-0814T1200,2026-08-14T07:00:51-05:00,1000019-B,CLASE LABORATORIO,(2) Grupo 2,Gustavo Martinez Tamayo,35,20
gh-31780279220-0814T1200,2026-08-14T07:00:51-05:00,1000019-B,CLASE LABORATORIO,(20) Grupo 20,JOSE ALFREDO GOMEZ MATEUS,35,20
gh-31780279220-0814T1200,2026-08-14T07:00:51-05:00,1000019-B,CLASE LABORATORIO,(21) Grupo 21,Pedro Hernan Sanchez Machet,35,20
gh-31780279220-0814T1200,2026-08-14T07:00:51-05:00,1000019-B,CLASE LABORATORIO,(22) Grupo 22,Pedro Hernan Sanchez Machet,35,20
gh-31780279220-0814T1200,2026-08-14T07:00:51-05:00,1000019-B,CLASE LABORATORIO,(23) Grupo 23,Pedro Hernan Sanchez Machet,35,20
gh-31780279220-0814T1200,2026-08-14T07:00:51-05:00,1000019-B,CLASE LABORATORIO,(24) Grupo 24,Pedro Hernan Sanchez Machet,35,20
gh-31780279220-0814T1200,2026-08-14T07:00:51-05:00,1000019-B,CLASE LABORATORIO,(25) Grupo 25,Plinio Del Carmen Teheran Sermeno,45,20
gh-31780279220-0814T1200,2026-08-14T07:00:51-05:00,1000019-B,CLASE LABORATORIO,(26) Grupo 26 (VIRTUAL),Plinio Del Carmen Teheran Sermeno,50,20
gh-31780279220-0814T1200,2026-08-14T07:00:51-05:00,1000019-B,CLASE LABORATORIO,(27) Grupo 27 (VIRTUAL),Plinio Del Carmen Teheran Sermeno,50,20
gh-31780279220-0814T1200,2026-08-14T07:00:51-05:00,1000019-B,CLASE LABORATORIO,(28) Grupo 28 (VIRTUAL),Plinio Del Carmen Teheran Sermeno,50,20
gh-31780279220-0814T1200,2026-08-14T07:00:51-05:00,1000019-B,CLASE LABORATORIO,(29) Grupo 29 (VIRTUAL),Plinio Del Carmen Teheran Sermeno,50,20
gh-31780279220-0814T1200,2026-08-14T07:00:51-05:00,1000019-B,CLASE LABORATORIO,(3) Grupo 3,Gustavo Martinez Tamayo,35,20
gh-31780279220-0814T1200,2026-08-14T07:00:51-05:00,1000019-B,CLASE LABORATORIO,(4) Grupo 4,No informado,35,20
gh-31780279220-0814T1200,2026-08-14T07:00:51-05:00,1000019-B,CLASE LABORATORIO,(5) Grupo 5,FABIAN FELIPE QUEVEDO FARIETA,35,20
gh-31780279220-0814T1200,2026-08-14T07:00:51-05:00,1000019-B,CLASE LABORATORIO,(6) Grupo 6,Jaime Villalobos Velasco,35,20
gh-31780279220-0814T1200,2026-08-14T07:00:51-05:00,1000019-B,CLASE LABORATORIO,(7) Grupo 7,Jaime Villalobos Velasco,35,20
gh-31780279220-0814T1200,2026-08-14T07:00:51-05:00,1000019-B,CLASE LABORATORIO,(8) Grupo 8,Alvaro Marino Camargo,35,20
gh-31780279220-0814T1200,2026-08-14T07:00:51-05:00,1000019-B,CLASE LABORATORIO,(9) Grupo 9,Erika Lorena Rosero Alzate,0,20
gh-31780279220-0814T1200,2026-08-14T07:00:51-05:00,1000019-B,CLASE TALLER,(1) Grupo 1,FABIAN FELIPE QUEVEDO FARIETA,35,20
gh-31780279220-0814T1200,2026-08-14T07:00:51-05:00,1000019-B,CLASE TALLER,(10) Grupo 10,FABIAN FELIPE QUEVEDO FARIETA,35,20
gh-31780279220-0814T1200,2026-08-14T07:00:51-05:00,1000019-B,CLASE TALLER,(11) Grupo 11,JULIAN MATEO DE MENDOZA GUTIERREZ,35,20
gh-31780279220-0814T1200,2026-08-14T07:00:51-05:00,1000019-B,CLASE TALLER,(12) Grupo 12,EVER DAVID ALCALA CAJAR,35,20
gh-31780279220-0814T1200,2026-08-14T07:00:51-05:00,1000019-B,CLASE TALLER,(13) Grupo 13,MIGUEL ENRIQUE GÁMEZ LÓPEZ,35,20
gh-31780279220-0814T1200,2026-08-14T07:00:51-05:00,1000019-B,CLASE TALLER,(14) Grupo 14,No informado,35,20
gh-31780279220-0814T1200,2026-08-14T07:00:51-05:00,1000019-B,CLASE TALLER,(15) Grupo 15,EVER DAVID ALCALA CAJAR,32,20
gh-31780279220-0814T1200,2026-08-14T07:00:51-05:00,1000019-B,CLASE TALLER,(16) Grupo 16,Edna Carolina Pinilla Beltran,35,20
gh-31780279220-0814T1200,2026-08-14T07:00:51-05:00,1000019-B,CLASE TALLER,(17) Grupo 17,Jereson Silva Valencia,34,20
gh-31780279220-0814T1200,2026-08-14T07:00:51-05:00,1000019-B,CLASE TALLER,(18) Grupo 18,Jereson Silva Valencia,34,20
gh-31780279220-0814T1200,2026-08-14T07:00:51-05:00,1000019-B,CLASE TALLER,(19) Grupo 19,Jereson Silva Valencia,32,20
gh-31780279220-0814T1200,2026-08-14T07:00:51-05:00,1000019-B,CLASE TALLER,(2) Grupo 2,Gustavo Martinez Tamayo,35,20
gh-31780279220-0814T1200,2026-08-14T07:00:51-05:00,1000019-B,CLASE TALLER,(20) Grupo 20,Jereson Silva Valencia,35,20
gh-31780279220-0814T1200,2026-08-14T07:00:51-05:00,1000019-B,CLASE TALLER,(21) Grupo 21,JOSE ALFREDO GOMEZ MATEUS,35,20
gh-31780279220-0814T1200,2026-08-14T07:00:51-05:00,1000019-B,CLASE TALLER,(22) Grupo 22,JULY PAOLA GARZÓN LOPEZ,35,20
gh-31780279220-0814T1200,2026-08-14T07:00:51-05:00,1000019-B,CLASE TALLER,(23) Grupo 23,Edna Carolina Pinilla Beltran,35,20
gh-31780279220-0814T1200,2026-08-14T07:00:51-05:00,1000019-B,CLASE TALLER,(24) Grupo 24,Diego Alejandro Torres Galindo,35,20
gh-31780279220-0814T1200,2026-08-14T07:00:51-05:00,1000019-B,CLASE TALLER,(25) Grupo 25,Plinio Del Carmen Teheran Sermeno,45,20
gh-31780279220-0814T1200,2026-08-14T07:00:51-05:00,1000019-B,CLASE TALLER,(26) Grupo 26 (VIRTUAL),Plinio Del Carmen Teheran Sermeno,50,20
gh-31780279220-0814T1200,2026-08-14T07:00:51-05:00,1000019-B,CLASE TALLER,(27) Grupo 27 (VIRTUAL),Plinio Del Carmen Teheran Sermeno,50,20
gh-31780279220-0814T1200,2026-08-14T07:00:51-05:00,1000019-B,CLASE TALLER,(28) Grupo 28 (VIRTUAL),Plinio Del Carmen Teheran Sermeno,50,20
gh-31780279220-0814T1200,2026-08-14T07:00:51-05:00,1000019-B,CLASE TALLER,(29) Grupo 29 (VIRTUAL),Plinio Del Carmen Teheran Sermeno,50,20
gh-31780279220-0814T1200,2026-08-14T07:00:51-05:00,1000019-B,CLASE TALLER,(3) Grupo 3,Gustavo Martinez Tamayo,35,20
gh-31780279220-0814T1200,2026-08-14T07:00:51-05:00,1000019-B,CLASE TALLER,(4) Grupo 4,Jaime Villalobos Velasco,35,20
gh-31780279220-0814T1200,2026-08-14T07:00:51-05:00,1000019-B,CLASE TALLER,(5) Grupo 5,Jaime Villalobos Velasco,35,20
gh-31780279220-0814T1200,2026-08-14T07:00:51-05:00,1000019-B,CLASE TALLER,(6) Grupo 6,Ramiro Cardona Cardona,35,20
gh-31780279220-0814T1200,2026-08-14T07:00:51-05:00,1000019-B,CLASE TALLER,(7) Grupo 7,Ramiro Cardona Cardona,35,20
gh-31780279220-0814T1200,2026-08-14T07:00:51-05:00,1000019-B,CLASE TALLER,(8) Grupo 8,Edna Carolina Pinilla Beltran,35,20
gh-31780279220-0814T1200,2026-08-14T07:00:51-05:00,1000019-B,CLASE TALLER,(9) Grupo 9,No informado,10,20
gh-31780279220-0814T1200,2026-08-14T07:00:51-05:00,1000019-B,CLASE MAGISTRAL,(16) Gruop 16,Erika Lorena Rosero Alzate; Daniel Camilo Padilla González,8,20
gh-31780279220-0814T1200,2026-08-14T07:00:51-05:00,1000019-B,CLASE MAGISTRAL,(1) Grupo 1,Gustavo Martinez Tamayo,35,20
gh-31780279220-0814T1200,2026-08-14T07:00:51-05:00,1000019-B,CLASE MAGISTRAL,(10) Grupo 10,Ovidio Amado Almanza Montero,35,20
gh-31780279220-0814T1200,2026-08-14T07:00:51-05:00,1000019-B,CLASE MAGISTRAL,(11) Grupo 11,Ovidio Amado Almanza Montero,35,20
gh-31780279220-0814T1200,2026-08-14T07:00:51-05:00,1000019-B,CLASE MAGISTRAL,(12) Grupo 12,Ovidio Amado Almanza Montero,35,20
gh-31780279220-0814T1200,2026-08-14T07:00:51-05:00,1000019-B,CLASE MAGISTRAL,(13) Grupo 13,Jaime Villalobos Velasco,35,20
gh-31780279220-0814T1200,2026-08-14T07:00:51-05:00,1000019-B,CLASE MAGISTRAL,(14) Grupo 14,Jaime Villalobos Velasco,35,20
gh-31780279220-0814T1200,2026-08-14T07:00:51-05:00,1000019-B,CLASE MAGISTRAL,(15) Grupo 15,Jaime Villalobos Velasco,32,20
gh-31780279220-0814T1200,2026-08-14T07:00:51-05:00,1000019-B,CLASE MAGISTRAL,(17) Grupo 17,Jereson Silva Valencia,34,20
gh-31780279220-0814T1200,2026-08-14T07:00:51-05:00,1000019-B,CLASE MAGISTRAL,(18) Grupo 18,Jereson Silva Valencia,34,20
gh-31780279220-0814T1200,2026-08-14T07:00:51-05:00,1000019-B,CLASE MAGISTRAL,(19) Grupo 19,Jereson Silva Valencia,32,20
gh-31780279220-0814T1200,2026-08-14T07:00:51-05:00,1000019-B,CLASE MAGISTRAL,(2) Grupo 2,Gustavo Martinez Tamayo,35,20
gh-31780279220-0814T1200,2026-08-14T07:00:51-05:00,1000019-B,CLASE MAGISTRAL,(20) Grupo 20,Jereson Silva Valencia,35,20
gh-31780279220-0814T1200,2026-08-14T07:00:51-05:00,1000019-B,CLASE MAGISTRAL,(21) Grupo 21,Diego Alejandro Torres Galindo,35,20
gh-31780279220-0814T1200,2026-08-14T07:00:51-05:00,1000019-B,CLASE MAGISTRAL,(22) Grupo 22,Diego Alejandro Torres Galindo,35,20
gh-31780279220-0814T1200,2026-08-14T07:00:51-05:00,1000019-B,CLASE MAGISTRAL,(23) Grupo 23,Diego Alejandro Torres Galindo,35,20
gh-31780279220-0814T1200,2026-08-14T07:00:51-05:00,1000019-B,CLASE MAGISTRAL,(24) Grupo 24,Diego Alejandro Torres Galindo,35,20
gh-31780279220-0814T1200,2026-08-14T07:00:51-05:00,1000019-B,CLASE MAGISTRAL,(25) Grupo 25,Plinio Del Carmen Teheran Sermeno,45,20
gh-31780279220-0814T1200,2026-08-14T07:00:51-05:00,1000019-B,CLASE MAGISTRAL,(26) Grupo 26 (VIRTUAL),Plinio Del Carmen Teheran Sermeno,50,20
gh-31780279220-0814T1200,2026-08-14T07:00:51-05:00,1000019-B,CLASE MAGISTRAL,(27) Grupo 27 (VIRTUAL),Plinio Del Carmen Teheran Sermeno,50,20
gh-31780279220-0814T1200,2026-08-14T07:00:51-05:00,1000019-B,CLASE MAGISTRAL,(28) Grupo 28 (VIRTUAL),Plinio Del Carmen Teheran Sermeno,50,20
gh-31780279220-0814T1200,2026-08-14T07:00:51-05:00,1000019-B,CLASE MAGISTRAL,(29) Grupo 29 (VIRTUAL),Plinio Del Carmen Teheran Sermeno,50,20
gh-31780279220-0814T1200,2026-08-14T07:00:51-05:00,1000019-B,CLASE MAGISTRAL,(3) Grupo 3,Gustavo Martinez Tamayo,35,20
gh-31780279220-0814T1200,2026-08-14T07:00:51-05:00,1000019-B,CLASE MAGISTRAL,(4) Grupo 4,Gustavo Martinez Tamayo,35,20
gh-31780279220-0814T1200,2026-08-14T07:00:51-05:00,1000019-B,CLASE MAGISTRAL,(5) Grupo 5,Ramiro Cardona Cardona,35,20
gh-31780279220-0814T1200,2026-08-14T07:00:51-05:00,1000019-B,CLASE MAGISTRAL,(6) Grupo 6,Ramiro Cardona Cardona,35,20
gh-31780279220-0814T1200,2026-08-14T07:00:51-05:00,1000019-B,CLASE MAGISTRAL,(7) Grupo 7,Ramiro Cardona Cardona,35,20
gh-31780279220-0814T1200,2026-08-14T07:00:51-05:00,1000019-B,CLASE MAGISTRAL,(8) Grupo 8,Ramiro Cardona Cardona,35,20
gh-31780279220-0814T1200,2026-08-14T07:00:51-05:00,1000019-B,CLASE MAGISTRAL,(9) Grupo 9,Fredy Angel Jimenez Giraldo,10,20
gh-31780279220-0814T1200,2026-08-14T07:00:52-05:00,2015956,CLASE TEORICA,(1) Grupo 1,Modesto Portilla Gamboa; Fernando Eli Romero Ordoñez,35,21
gh-31780279220-0814T1200,2026-08-14T07:00:52-05:00,2015956,CLASE TEORICA,(2) Grupo 2,Jennifer Angel Amaya,30,21
gh-31780279220-0814T1200,2026-08-14T07:00:52-05:00,2015956,CLASE TEORICA,(3) Grupo 3,Jennifer Angel Amaya,30,21
gh-31780279220-0814T1200,2026-08-14T07:00:52-05:00,2015956,CLASE TEORICA,(4) Grupo 4,Fernando Eli Romero Ordoñez; Modesto Portilla Gamboa,35,21
gh-31780279220-0814T1200,2026-08-14T07:00:53-05:00,2015957,CLASE PRACTICA,(1) Grupo 1,No informado,30,22
gh-31780279220-0814T1200,2026-08-14T07:00:53-05:00,2015957,CLASE PRACTICA,(2) Grupo 2,Samuel Fernando Mesa Giraldo,30,22
gh-31780279220-0814T1200,2026-08-14T07:00:53-05:00,2015957,CLASE PRACTICA,(3) Grupo 3,Rose Marie Aldana Boutin,30,22
gh-31780279220-0814T1200,2026-08-14T07:00:53-05:00,2015957,CLASE PRACTICA,(4) Grupo 4,Rose Marie Aldana Boutin,30,22
gh-31780279220-0814T1200,2026-08-14T07:00:54-05:00,2015958,CLASE PRACTICA,(1) Grupo 1,William Castro Garcia,20,23
gh-31780279220-0814T1200,2026-08-14T07:00:54-05:00,2015958,CLASE PRACTICA,(2) Grupo 2,William Castro Garcia,20,23
gh-31780279220-0814T1200,2026-08-14T07:00:54-05:00,2015958,CLASE PRACTICA,(3) Grupo 3,Carlos Alfonso Gomez Guacaneme,30,23
gh-31780279220-0814T1200,2026-08-14T07:00:54-05:00,2015958,CLASE PRACTICA,(4) Grupo 4,Mario Arturo Rincon Villalba,20,23
gh-31780279220-0814T1200,2026-08-14T07:00:54-05:00,2015958,CLASE PRACTICA,(5) Grupo 5,Mario Arturo Rincon Villalba,20,23
gh-31780279220-0814T1200,2026-08-14T07:00:54-05:00,2015958,CLASE PRACTICA,(6) Grupo 6,Fausto Alejandro Silva España,20,23
gh-31780279220-0814T1200,2026-08-14T07:00:54-05:00,2015958,CLASE PRACTICA,(7) Grupo 7,Fausto Alejandro Silva España,20,23
gh-31780279220-0814T1200,2026-08-14T07:00:54-05:00,2015958,CLASE PRACTICA,(8) Grupo 8,Fausto Alejandro Silva España,20,23
gh-31780279220-0814T1200,2026-08-14T07:00:54-05:00,2015958,CLASE PRACTICA,(9) Grupo 9,Fausto Alejandro Silva España,20,23
gh-31780279220-0814T1200,2026-08-14T07:00:54-05:00,2015958,CLASE TEORICA,(1) Grupo 1,William Castro Garcia,40,23
gh-31780279220-0814T1200,2026-08-14T07:00:54-05:00,2015958,CLASE TEORICA,(3) Grupo 3,Carlos Alfonso Gomez Guacaneme,30,23
gh-31780279220-0814T1200,2026-08-14T07:00:54-05:00,2015958,CLASE TEORICA,(4) Grupo 4,Mario Arturo Rincon Villalba,40,23
gh-31780279220-0814T1200,2026-08-14T07:00:54-05:00,2015958,CLASE TEORICA,(6) Grupo 6,Cesar Andres Cortes Bello,40,23
gh-31780279220-0814T1200,2026-08-14T07:00:54-05:00,2015958,CLASE TEORICA,(8) Grupo 8,Cesar Andres Cortes Bello,40,23
gh-31780279220-0814T1200,2026-08-14T07:00:56-05:00,2015959,CLASE TEORICA,(1) Grupo 1,Carlos Eduardo Rodriguez Pineda,30,24
gh-31780279220-0814T1200,2026-08-14T07:00:56-05:00,2015959,CLASE TEORICA,(2) Grupo 2,Guillermo Eduardo Avila Alvarez,30,24
gh-31780279220-0814T1200,2026-08-14T07:00:56-05:00,2015959,CLASE TEORICA,(3) Grupo 3,Livaniel Viveros Rosero,30,24
gh-31780279220-0814T1200,2026-08-14T07:00:56-05:00,2015959,CLASE TEORICA,(4) Grupo 4,No informado,0,24
gh-31780279220-0814T1200,2026-08-14T07:00:58-05:00,2015961,CLASE TEORICA,(1) Grupo 1,Rafael Orland Ortiz Mosquera,24,26
gh-31780279220-0814T1200,2026-08-14T07:00:58-05:00,2015961,CLASE TEORICA,(2) Grupo 2,Adriana Patricia Piña Fulano,24,26
gh-31780279220-0814T1200,2026-08-14T07:00:58-05:00,2015961,CLASE TEORICA,(3) Grupo 3,Gelber Norberto Gutierrez Palacios,24,26
gh-31780279220-0814T1200,2026-08-14T07:00:58-05:00,2015961,CLASE TEORICA,(4) Grupo 4,No informado,24,26
gh-31780279220-0814T1200,2026-08-14T07:00:58-05:00,2015961,CLASE TEORICA,(5) Grupo 5,No informado,24,26
gh-31780279220-0814T1200,2026-08-14T07:00:58-05:00,2015961,CLASE TEORICA,(6) Grupo 6,Leonardo David Donado Garzon,24,26
gh-31780279220-0814T1200,2026-08-14T07:00:59-05:00,2015978,CLASE TEORICA,(1) Grupo 1,No informado,0,27
gh-31780279220-0814T1200,2026-08-14T07:00:59-05:00,2015978,CLASE TEORICA,(2) Grupo 2,Erasmo Alfredo Rodriguez Sandoval,30,27
gh-31780279220-0814T1200,2026-08-14T07:00:59-05:00,2015978,CLASE TEORICA,(3) Grupo 3,No informado,30,27
gh-31780279220-0814T1200,2026-08-14T07:00:59-05:00,2015978,CLASE TEORICA,(4) Grupo 4,No informado,30,27
gh-31780279220-0814T1200,2026-08-14T07:00:59-05:00,2015978,CLASE TEORICA,(5) Grupo 5,No informado,30,27
gh-31780279220-0814T1200,2026-08-14T07:01:01-05:00,2026135,CLASE TEORICA,(1) Grupo 1,NICOLAS ESCALANTE MORA,25,28
gh-31780279220-0814T1200,2026-08-14T07:01:01-05:00,2026135,CLASE TEORICA,(2) Grupo 2,Leonel Vega Mora,25,28
gh-31780279220-0814T1200,2026-08-14T07:01:01-05:00,2026135,CLASE TEORICA,(3) Grupo 3,Leonel Vega Mora,25,28
gh-31780279220-0814T1200,2026-08-14T07:01:02-05:00,2015963,CLASE TEORICA,(1) Grupo 1,No informado,30,29
gh-31780279220-0814T1200,2026-08-14T07:01:02-05:00,2015963,CLASE TEORICA,(2) Grupo 2,No informado,30,29
gh-31780279220-0814T1200,2026-08-14T07:01:02-05:00,2015963,CLASE TEORICA,(3) Grupo 3,William Castro Garcia,30,29
gh-31780279220-0814T1200,2026-08-14T07:01:03-05:00,2026138,CLASE TEORICA,(1) Grupo 1,Ivan Dario Serrano Arrieta,30,30
gh-31780279220-0814T1200,2026-08-14T07:01:03-05:00,2026138,CLASE TEORICA,(2) Grupo 2,Ivan Dario Serrano Arrieta,30,30
gh-31780279220-0814T1200,2026-08-14T07:01:03-05:00,2026138,CLASE TEORICA,(3) Grupo 3,Pedro Luis Jimenez Poveda,30,30
gh-31780279220-0814T1200,2026-08-14T07:01:05-05:00,2015703,NA,(1) Grupo 1,Angela Maria Arboleda Restrepo,40,31
gh-31780279220-0814T1200,2026-08-14T07:01:05-05:00,2015703,NA,(10) Grupo 10,Diego Alejandro Hernandez Castañeda,30,31
gh-31780279220-0814T1200,2026-08-14T07:01:05-05:00,2015703,NA,(11) Grupo 11,Julio Cesar Cañon Rodriguez,30,31
gh-31780279220-0814T1200,2026-08-14T07:01:05-05:00,2015703,NA,(2) Grupo 2,Osman Benjamin Giovanny Vargas Rozo,40,31
gh-31780279220-0814T1200,2026-08-14T07:01:05-05:00,2015703,NA,(3) Grupo 3,Hugo Alberto Herrera Fonseca,40,31
gh-31780279220-0814T1200,2026-08-14T07:01:05-05:00,2015703,NA,(4) Grupo 4,LINA JULIANA BULLA CASAS,30,31
gh-31780279220-0814T1200,2026-08-14T07:01:05-05:00,2015703,NA,(5) Grupo 5 - Virtual,Cesar Augusto Roa Lemus,60,31
gh-31780279220-0814T1200,2026-08-14T07:01:05-05:00,2015703,NA,(6) Grupo 6,JAVIER RICARDO OJEDA SANCHEZ,40,31
gh-31780279220-0814T1200,2026-08-14T07:01:05-05:00,2015703,NA,(7) Grupo 7,JAVIER RICARDO OJEDA SANCHEZ,20,31
gh-31780279220-0814T1200,2026-08-14T07:01:05-05:00,2015703,NA,(8) Grupo 8,Diego Alejandro Hernandez Castañeda,40,31
gh-31780279220-0814T1200,2026-08-14T07:01:05-05:00,2015703,NA,(9) Grupo 9,LINA JULIANA BULLA CASAS,35,31
gh-31780279220-0814T1200,2026-08-14T07:01:06-05:00,1000044-B,CLASE TEORICA,(1) Grupo 1,Beatriz Elena Urrutia Sanchez,26,32
gh-31780279220-0814T1200,2026-08-14T07:01:06-05:00,1000044-B,CLASE TEORICA,(2) Grupo 2,Yaneli Niño Osorio,26,32
gh-31780279220-0814T1200,2026-08-14T07:01:06-05:00,1000044-B,CLASE TEORICA,(3) Grupo 3,Luis Gabriel Peña Ortiz,26,32
gh-31780279220-0814T1200,2026-08-14T07:01:06-05:00,1000044-B,CLASE TEORICA,(4) Grupo 4,Liliana Marcela Guzman Aricapa,26,32
gh-31780279220-0814T1200,2026-08-14T07:01:06-05:00,1000044-B,CLASE TEORICA,(5) Grupo 5,Beatriz Elena Urrutia Sanchez,26,32
gh-31780279220-0814T1200,2026-08-14T07:01:06-05:00,1000044-B,CLASE TEORICA,(6) Grupo 6,Cesar Augusto Romero,26,32
gh-31780279220-0814T1200,2026-08-14T07:01:06-05:00,1000044-B,CLASE TEORICA,(7) Grupo 7,JOSE JONATHAN MAESTRE HERRERA,26,32
gh-31780279220-0814T1200,2026-08-14T07:01:06-05:00,1000044-B,CLASE TEORICA,(8) Grupo 8,Beymar Leonardo Solorzano Alviz,26,32
gh-31780279220-0814T1200,2026-08-14T07:01:06-05:00,1000044-B,CLASE TEORICA,(9) Grupo 9,Claudia Marcela Arevalo Gomez,7,32
gh-31780279220-0814T1200,2026-08-14T07:01:08-05:00,1000045-B,CLASE TEORICA,(1) Grupo 1,Claudia Marcela Arevalo Gomez,10,33
gh-31780279220-0814T1200,2026-08-14T07:01:08-05:00,1000045-B,CLASE TEORICA,(10) Grupo 10,Jesica paola Rendon Alfonso,26,33
gh-31780279220-0814T1200,2026-08-14T07:01:08-05:00,1000045-B,CLASE TEORICA,(11) Grupo 11,JOSE JONATHAN MAESTRE HERRERA,26,33
gh-31780279220-0814T1200,2026-08-14T07:01:08-05:00,1000045-B,CLASE TEORICA,(12) Grupo 12,LINDA JOHANA RUIZ GOMEZ,26,33
gh-31780279220-0814T1200,2026-08-14T07:01:08-05:00,1000045-B,CLASE TEORICA,(13) Grupo 13,Narly Yadira Pardo Cadena,26,33
gh-31780279220-0814T1200,2026-08-14T07:01:08-05:00,1000045-B,CLASE TEORICA,(14) Grupo 14,Angelica Saenz Fonseca,26,33
gh-31780279220-0814T1200,2026-08-14T07:01:08-05:00,1000045-B,CLASE TEORICA,(15) Grupo 15,Narly Yadira Pardo Cadena,26,33
gh-31780279220-0814T1200,2026-08-14T07:01:08-05:00,1000045-B,CLASE TEORICA,(16) Grupo 16,Luis Gabriel Peña Ortiz,26,33
gh-31780279220-0814T1200,2026-08-14T07:01:08-05:00,1000045-B,CLASE TEORICA,(2) Grupo 2,Cesar Augusto Romero,26,33
gh-31780279220-0814T1200,2026-08-14T07:01:08-05:00,1000045-B,CLASE TEORICA,(3) Grupo 3,Jesica paola Rendon Alfonso,26,33
gh-31780279220-0814T1200,2026-08-14T07:01:08-05:00,1000045-B,CLASE TEORICA,(4) Grupo 4,Adriana Marlen Sanchez Riaño,26,33
gh-31780279220-0814T1200,2026-08-14T07:01:08-05:00,1000045-B,CLASE TEORICA,(5) Grupo 5,Cesar Augusto Romero,26,33
gh-31780279220-0814T1200,2026-08-14T07:01:08-05:00,1000045-B,CLASE TEORICA,(6) Grupo 6,Sara Elisa Monsalve Patino,26,33
gh-31780279220-0814T1200,2026-08-14T07:01:08-05:00,1000045-B,CLASE TEORICA,(7) Grupo 7,Luis Gabriel Peña Ortiz,26,33
gh-31780279220-0814T1200,2026-08-14T07:01:08-05:00,1000045-B,CLASE TEORICA,(8) Grupo 8,Johnatan Martinez Hernandez,26,33
gh-31780279220-0814T1200,2026-08-14T07:01:08-05:00,1000045-B,CLASE TEORICA,(9) Grupo 9,Maureen Elizabeth Hooker Oneill,15,33
gh-31780279220-0814T1200,2026-08-14T07:01:11-05:00,1000046-B,CLASE TEORICA,(1) Grupo 1,Johnatan Martinez Hernandez,26,35
gh-31780279220-0814T1200,2026-08-14T07:01:11-05:00,1000046-B,CLASE TEORICA,(10) Grupo 10,Jennly Angelica Gomez Rodriguez,26,35
gh-31780279220-0814T1200,2026-08-14T07:01:11-05:00,1000046-B,CLASE TEORICA,(11) Grupo 11,Angelica Saenz Fonseca,26,35
gh-31780279220-0814T1200,2026-08-14T07:01:11-05:00,1000046-B,CLASE TEORICA,(12) Grupo 12,Liliana Marcela Guzman Aricapa,26,35
gh-31780279220-0814T1200,2026-08-14T07:01:11-05:00,1000046-B,CLASE TEORICA,(13) Grupo 13,ALBA LUCIA RIAÑO RODRIGUEZ,26,35
gh-31780279220-0814T1200,2026-08-14T07:01:11-05:00,1000046-B,CLASE TEORICA,(14) Grupo 14,Angelica Saenz Fonseca,26,35
gh-31780279220-0814T1200,2026-08-14T07:01:11-05:00,1000046-B,CLASE TEORICA,(15) Grupo 15,Luis Gabriel Peña Ortiz,26,35
gh-31780279220-0814T1200,2026-08-14T07:01:11-05:00,1000046-B,CLASE TEORICA,(16) Grupo 16,Olga Lucia Ruiz Convers,26,35
gh-31780279220-0814T1200,2026-08-14T07:01:11-05:00,1000046-B,CLASE TEORICA,(17) Grupo 17,Luis Gabriel Peña Ortiz,26,35
gh-31780279220-0814T1200,2026-08-14T07:01:11-05:00,1000046-B,CLASE TEORICA,(18) Grupo 18,Narly Yadira Pardo Cadena,26,35
gh-31780279220-0814T1200,2026-08-14T07:01:11-05:00,1000046-B,CLASE TEORICA,(2) Grupo 2,Jesica paola Rendon Alfonso,26,35
gh-31780279220-0814T1200,2026-08-14T07:01:11-05:00,1000046-B,CLASE TEORICA,(3) Grupo 3,JESUS DAVID TORRES RODRIGUEZ,26,35
gh-31780279220-0814T1200,2026-08-14T07:01:11-05:00,1000046-B,CLASE TEORICA,(4) Grupo 4,Claudia Patricia Cortes Lora,26,35
gh-31780279220-0814T1200,2026-08-14T07:01:11-05:00,1000046-B,CLASE TEORICA,(5) Grupo 5,Johnatan Martinez Hernandez,26,35
gh-31780279220-0814T1200,2026-08-14T07:01:11-05:00,1000046-B,CLASE TEORICA,(6) Grupo 6,Johnatan Martinez Hernandez,26,35
gh-31780279220-0814T1200,2026-08-14T07:01:11-05:00,1000046-B,CLASE TEORICA,(7) Grupo 7,Jesica paola Rendon Alfonso,26,35
gh-31780279220-0814T1200,2026-08-14T07:01:11-05:00,1000046-B,CLASE TEORICA,(8) Grupo 8,Beatriz Elena Urrutia Sanchez,26,35
gh-31780279220-0814T1200,2026-08-14T07:01:11-05:00,1000046-B,CLASE TEORICA,(9) Grupo 9,Maureen Elizabeth Hooker Oneill,10,35
gh-31780279220-0814T1200,2026-08-14T07:01:14-05:00,1000052-B,CLASE TEORICA,(1) Grupo 1,Liliana Marcela Guzman Aricapa,28,37
gh-31780279220-0814T1200,2026-08-14T07:01:14-05:00,1000052-B,CLASE TEORICA,(2) Grupo 2,JOSE JONATHAN MAESTRE HERRERA,28,37
gh-31780279220-0814T1200,2026-08-14T07:01:14-05:00,1000052-B,CLASE TEORICA,(3) Grupo 3,Aida Elena Monsalve Solorzano,28,37
gh-31780279220-0814T1200,2026-08-14T07:01:15-05:00,1000053-B,CLASE TEORICA,(1) Grupo 1,Jennly Angelica Gomez Rodriguez,28,38
gh-31780279220-0814T1200,2026-08-14T07:01:15-05:00,1000053-B,CLASE TEORICA,(2) Grupo 2,Yaneli Niño Osorio,28,38
gh-31780279220-0814T1200,2026-08-14T07:01:15-05:00,1000053-B,CLASE TEORICA,(3) Grupo 3,Javier Rodriguez Gomez,30,38
gh-31780279220-0814T1200,2026-08-14T07:01:15-05:00,1000053-B,CLASE TEORICA,(4) Grupo 4,Javier Rodriguez Gomez,30,38
gh-31780279220-0814T1200,2026-08-14T07:01:15-05:00,1000053-B,CLASE TEORICA,(5) Grupo 5,LINDA JOHANA RUIZ GOMEZ,28,38
gh-31780279220-0814T1200,2026-08-14T07:01:15-05:00,1000053-B,CLASE TEORICA,(6) Grupo 6,Olga Lucia Ruiz Convers,28,38
gh-31780279220-0814T1200,2026-08-14T07:01:16-05:00,1000047-B,CLASE TEORICA,(1) Grupo 1,Cesar Augusto Romero,26,39
gh-31780279220-0814T1200,2026-08-14T07:01:16-05:00,1000047-B,CLASE TEORICA,(10) Grupo 10,Monica Alexandra Riaño Orjuela,26,39
gh-31780279220-0814T1200,2026-08-14T07:01:16-05:00,1000047-B,CLASE TEORICA,(11) Grupo 11,Jennly Angelica Gomez Rodriguez,26,39
gh-31780279220-0814T1200,2026-08-14T07:01:16-05:00,1000047-B,CLASE TEORICA,(12) Grupo 12,Claudia Patricia Cortes Lora,26,39
gh-31780279220-0814T1200,2026-08-14T07:01:16-05:00,1000047-B,CLASE TEORICA,(13) Grupo 13,Angelica Saenz Fonseca,26,39
gh-31780279220-0814T1200,2026-08-14T07:01:16-05:00,1000047-B,CLASE TEORICA,(14) Grupo 14,LINDA JOHANA RUIZ GOMEZ,26,39
gh-31780279220-0814T1200,2026-08-14T07:01:16-05:00,1000047-B,CLASE TEORICA,(15) Grupo 15,Claudia Patricia Cortes Lora,26,39
gh-31780279220-0814T1200,2026-08-14T07:01:16-05:00,1000047-B,CLASE TEORICA,(16) Grupo 16,Narly Yadira Pardo Cadena,26,39
gh-31780279220-0814T1200,2026-08-14T07:01:16-05:00,1000047-B,CLASE TEORICA,(17) Grupo 17,Angelica Saenz Fonseca,26,39
gh-31780279220-0814T1200,2026-08-14T07:01:16-05:00,1000047-B,CLASE TEORICA,(18) Grupo 18,ALBA LUCIA RIAÑO RODRIGUEZ,26,39
gh-31780279220-0814T1200,2026-08-14T07:01:16-05:00,1000047-B,CLASE TEORICA,(19) Grupo 19,Aida Elena Monsalve Solorzano,26,39
gh-31780279220-0814T1200,2026-08-14T07:01:16-05:00,1000047-B,CLASE TEORICA,(2) Grupo 2,Yaneli Niño Osorio,26,39
gh-31780279220-0814T1200,2026-08-14T07:01:16-05:00,1000047-B,CLASE TEORICA,(20) Grupo 20,ALBA LUCIA RIAÑO RODRIGUEZ,26,39
gh-31780279220-0814T1200,2026-08-14T07:01:16-05:00,1000047-B,CLASE TEORICA,(21) Grupo 21,Edwin Yesid Leon Silva,26,39
gh-31780279220-0814T1200,2026-08-14T07:01:16-05:00,1000047-B,CLASE TEORICA,(22) Grupo 22,LINDA JOHANA RUIZ GOMEZ,26,39
gh-31780279220-0814T1200,2026-08-14T07:01:16-05:00,1000047-B,CLASE TEORICA,(3) Grupo 3,Monica Alexandra Riaño Orjuela,26,39
gh-31780279220-0814T1200,2026-08-14T07:01:16-05:00,1000047-B,CLASE TEORICA,(4) Grupo 4,Claudia Patricia Cortes Lora,26,39
gh-31780279220-0814T1200,2026-08-14T07:01:16-05:00,1000047-B,CLASE TEORICA,(5) Grupo 5,Olga Lucia Ruiz Convers,26,39
gh-31780279220-0814T1200,2026-08-14T07:01:16-05:00,1000047-B,CLASE TEORICA,(6) Grupo 6,Monica Alexandra Riaño Orjuela,26,39
gh-31780279220-0814T1200,2026-08-14T07:01:16-05:00,1000047-B,CLASE TEORICA,(7) Grupo 7,Cesar Augusto Romero,26,39
gh-31780279220-0814T1200,2026-08-14T07:01:16-05:00,1000047-B,CLASE TEORICA,(8) Grupo 8,Beatriz Elena Urrutia Sanchez,26,39
gh-31780279220-0814T1200,2026-08-14T07:01:16-05:00,1000047-B,CLASE TEORICA,(9) Grupo 9,Keshia Hilary Howard Livingston,15,39
gh-31780279220-0814T1200,2026-08-14T07:01:19-05:00,2026186,CLASE TEORICA,(1) Grupo 1,Carol Andrea Murillo Feo,7,41
gh-31780279220-0814T1200,2026-08-14T07:01:19-05:00,2026186,CLASE TEORICA,(2) Grupo 2,Leonel Vega Mora,0,41
gh-31780279220-0814T1200,2026-08-14T07:01:19-05:00,2026186,CLASE TEORICA,(4) Grupo 4,Carlos Orlando Robles Roa,10,41
gh-31780279220-0814T1200,2026-08-14T07:01:20-05:00,1000002-B,CLASE TEORICA,(1) Grupo 1 - Clase Presencial,Ruth Andrea Cortés Suárez,1,42
gh-31780279220-0814T1200,2026-08-14T07:01:20-05:00,1000002-B,CLASE TEORICA,(10) Grupo 10 - Clase presencial,Karen Johanna Castelblanco Villamil,0,42
gh-31780279220-0814T1200,2026-08-14T07:01:20-05:00,1000002-B,CLASE TEORICA,(2) Grupo 2 - Clase Presencial,Ruth Andrea Cortés Suárez,0,42
gh-31780279220-0814T1200,2026-08-14T07:01:20-05:00,1000002-B,CLASE TEORICA,(3) Grupo 3 - Clase Presencial,Adriana Patricia Díaz Cuevas,0,42
gh-31780279220-0814T1200,2026-08-14T07:01:20-05:00,1000002-B,CLASE TEORICA,(4) Grupo 4 - Clase Presencial,Adriana Patricia Díaz Cuevas,0,42
gh-31780279220-0814T1200,2026-08-14T07:01:20-05:00,1000002-B,CLASE TEORICA,(5) Grupo 5 - Clase Presencial,Andres Felipe Escovar Barreto,0,42
gh-31780279220-0814T1200,2026-08-14T07:01:20-05:00,1000002-B,CLASE TEORICA,(6) Grupo 6 - Clase Presencial,Ruth Andrea Cortés Suárez,0,42
gh-31780279220-0814T1200,2026-08-14T07:01:20-05:00,1000002-B,CLASE TEORICA,(7) Grupo 7 - Clase Presencial,Karen Johanna Castelblanco Villamil,0,42
gh-31780279220-0814T1200,2026-08-14T07:01:20-05:00,1000002-B,CLASE TEORICA,(8) Grupo 8 - Clase Presencial,Adriana Patricia Díaz Cuevas,0,42
gh-31780279220-0814T1200,2026-08-14T07:01:20-05:00,1000002-B,CLASE TEORICA,(9) Grupo 9 - Clase Presencial,Carlas Lucia Castilla Lara,10,42
gh-31780279220-0814T1200,2026-08-14T07:01:22-05:00,1000001-B,CLASE TEORICA,(1) Grupo 1,No informado,0,43
gh-31780279220-0814T1200,2026-08-14T07:01:22-05:00,1000001-B,CLASE TEORICA,(19) Grupo 19,No informado,5,43
gh-31780279220-0814T1200,2026-08-14T07:01:22-05:00,1000001-B,CLASE TEORICA,(2) Grupo 2,No informado,10,43
gh-31780279220-0814T1200,2026-08-14T07:01:22-05:00,1000001-B,CLASE MAGISTRAL,(1) Grupo 1,Ibeth Marcela Rubio Perilla,0,43
gh-31780279220-0814T1200,2026-08-14T07:01:22-05:00,1000001-B,CLASE MAGISTRAL,(10) Grupo 10,No informado,0,43
gh-31780279220-0814T1200,2026-08-14T07:01:22-05:00,1000001-B,CLASE MAGISTRAL,(2) Grupo 2,Herbert Alonso Dueñas Ruiz,0,43
gh-31780279220-0814T1200,2026-08-14T07:01:22-05:00,1000001-B,CLASE MAGISTRAL,(3) Grupo 3,Jeanneth Galeano Penaloza,0,43
gh-31780279220-0814T1200,2026-08-14T07:01:22-05:00,1000001-B,CLASE MAGISTRAL,(4) Grupo 4,Gustavo Adolfo Nieto Clavijo,0,43
gh-31780279220-0814T1200,2026-08-14T07:01:22-05:00,1000001-B,CLASE MAGISTRAL,(5) Grupo 5,Natalia Camila Pinzon Cortes,1,43
gh-31780279220-0814T1200,2026-08-14T07:01:22-05:00,1000001-B,CLASE MAGISTRAL,(6) Grupo 6,Martha Cecilia Moreno Penagos,0,43
gh-31780279220-0814T1200,2026-08-14T07:01:22-05:00,1000001-B,CLASE MAGISTRAL,(7) Grupo 7,Claudio Rodriguez Beltran,0,43
gh-31780279220-0814T1200,2026-08-14T07:01:22-05:00,1000001-B,CLASE MAGISTRAL,(8) Grupo 8,Gabriel Ignacio Padilla Leon,1,43
gh-31780279220-0814T1200,2026-08-14T07:01:22-05:00,1000001-B,CLASE MAGISTRAL,(9) Grupo 9,No informado,10,43
gh-31780279220-0814T1200,2026-08-14T07:01:23-05:00,2015965,CLASE TEORICA,(1) Grupo 1,CAMILO RIOS FRESNEDA,24,44
gh-31780279220-0814T1200,2026-08-14T07:01:23-05:00,2015965,CLASE TEORICA,(2) Grupo 2,Julian David Puerto Suarez; Vladimir Buelvas Hernández,24,44
gh-31780279220-0814T1200,2026-08-14T07:01:23-05:00,2015965,CLASE TEORICA,(3) Grupo 3,Ferney Betancourt Cardozo; Juan Manuel Lizarazo Marriaga,24,44
gh-31780279220-0814T1200,2026-08-14T07:01:23-05:00,2015965,CLASE TEORICA,(4) Grupo 4,No informado,24,44
gh-31780279220-0814T1200,2026-08-14T07:01:24-05:00,2015966,CLASE TEORICA,(1) Grupo 1,No informado,24,45
gh-31780279220-0814T1200,2026-08-14T07:01:24-05:00,2015966,CLASE TEORICA,(2) Grupo 2,Adriana Patricia Piña Fulano,24,45
gh-31780279220-0814T1200,2026-08-14T07:01:24-05:00,2015966,CLASE TEORICA,(3) Grupo 3,Rafael Orland Ortiz Mosquera,24,45
gh-31780279220-0814T1200,2026-08-14T07:01:24-05:00,2015966,CLASE TEORICA,(4) Grupo 4,No informado,24,45
gh-31780279220-0814T1200,2026-08-14T07:01:24-05:00,2015966,CLASE TEORICA,(5) Grupo 5,No informado,24,45
gh-31780279220-0814T1200,2026-08-14T07:01:24-05:00,2015966,CLASE TEORICA,(6) Grupo 6,Luis Alejandro Morales Marin,24,45
gh-31780279220-0814T1200,2026-08-14T07:01:24-05:00,2015966,CLASE TEORICA,(7) Grupo 7,No informado,24,45
gh-31780279220-0814T1200,2026-08-14T07:01:24-05:00,2015966,CLASE TEORICA,(8) Grupo 8,No informado,24,45
gh-31780279220-0814T1200,2026-08-14T07:01:25-05:00,2015967,NA,(1) Grupo 1,Vladimir Buelvas Hernández,24,46
gh-31780279220-0814T1200,2026-08-14T07:01:27-05:00,2015968,CLASE TEORICA,(1) Grupo 1,Ricardo Parra Arango,24,47
gh-31780279220-0814T1200,2026-08-14T07:01:27-05:00,2015968,CLASE TEORICA,(2) Grupo 2,Juan David Oliveros Salazar,24,47
gh-31780279220-0814T1200,2026-08-14T07:01:27-05:00,2015968,CLASE TEORICA,(3) Grupo 3,No informado,24,47
gh-31780279220-0814T1200,2026-08-14T07:01:27-05:00,2015968,CLASE TEORICA,(4) Grupo 4,Ricardo Parra Arango,24,47
gh-31780279220-0814T1200,2026-08-14T07:01:27-05:00,2015968,CLASE TEORICA,(5) Grupo 5,Julian David Puerto Suarez,24,47
gh-31780279220-0814T1200,2026-08-14T07:01:27-05:00,2015968,CLASE TEORICA,(6) Grupo 6,Dorian Luis Linero Segrera,24,47
gh-31780279220-0814T1200,2026-08-14T07:01:27-05:00,2015968,CLASE TEORICA,(7) Grupo 7,No informado,0,47
gh-31780279220-0814T1200,2026-08-14T07:01:28-05:00,2015969,CLASE TEORICA,(1) Grupo 1 (Inglés),Julio Esteban Colmenares Montañez,30,48
gh-31780279220-0814T1200,2026-08-14T07:01:28-05:00,2015969,CLASE TEORICA,(2) Grupo 2,Guillermo Eduardo Avila Alvarez,30,48
gh-31780279220-0814T1200,2026-08-14T07:01:28-05:00,2015969,CLASE TEORICA,(3) Grupo 3,Livaniel Viveros Rosero,30,48
gh-31780279220-0814T1200,2026-08-14T07:01:28-05:00,2015969,CLASE TEORICA,(4) Grupo 4,No informado,30,48
gh-31780279220-0814T1200,2026-08-14T07:01:29-05:00,2015970,CLASE PRACTICA,(4) Grupo 4,Helga Duarte,30,49
gh-31780279220-0814T1200,2026-08-14T07:01:29-05:00,2015970,CLASE PRACTICA,(5) Grupo 5,Oswaldo Rojas Camacho,45,49
gh-31780279220-0814T1200,2026-08-14T07:01:29-05:00,2015970,CLASE PRACTICA,(8) Grupo 8,Helga Duarte,30,49
gh-31780279220-0814T1200,2026-08-14T07:01:29-05:00,2015970,CLASE PRACTICA,(9) Grupo 9,Oswaldo Rojas Camacho,45,49
gh-31780279220-0814T1200,2026-08-14T07:01:30-05:00,2017293,CLASE TEORICA,(1) 2017293-1 Modelación matemática,JUAN SEBASTIÁN HINCAPIÉ MONTES,34,50
gh-31780279220-0814T1200,2026-08-14T07:01:30-05:00,2017293,CLASE TEORICA,(2) 2017293-2 Modelación matemática,JUAN SEBASTIÁN HINCAPIÉ MONTES,34,50
gh-31780279220-0814T1200,2026-08-14T07:01:30-05:00,2017293,CLASE MAGISTRAL,(1M) 2017293-1M Modelación matemática - Magistral,Carlos Alberto Duque Daza,80,50
gh-31780279220-0814T1200,2026-08-14T07:01:34-05:00,2015971,CLASE TEORICA,(1) Grupo 1,No informado,30,53
gh-31780279220-0814T1200,2026-08-14T07:01:34-05:00,2015971,CLASE TEORICA,(2) Grupo 2,Ferney Betancourt Cardozo,30,53
gh-31780279220-0814T1200,2026-08-14T07:01:34-05:00,2015971,CLASE TEORICA,(3) Grupo 3,No informado,30,53
gh-31780279220-0814T1200,2026-08-14T07:01:35-05:00,2015972,CLASE TEORICA,(1) Grupo 1,Carlos Alberto Moncada Aristizabal,15,54
gh-31780279220-0814T1200,2026-08-14T07:01:35-05:00,2015972,CLASE TEORICA,(2) Grupo 2,SANTIAGO RAMIREZ ECHEVERRI,15,54
gh-31780279220-0814T1200,2026-08-14T07:01:35-05:00,2015972,CLASE TEORICA,(3) Grupo 3,No informado,15,54
gh-31780279220-0814T1200,2026-08-14T07:01:36-05:00,1000024-B,CLASE TEORICA,(12) Grupo 12,Edgar Delgado Mejia,0,55
gh-31780279220-0814T1200,2026-08-14T07:01:36-05:00,1000024-B,CLASE TEORICA,(13) Grupo 13,Jesus Sigifredo Valencia Rios,0,55
gh-31780279220-0814T1200,2026-08-14T07:01:36-05:00,1000024-B,CLASE TEORICA,(14) Grupo 14,Jhon Jairo Aragón Arias,10,55
gh-31780279220-0814T1200,2026-08-14T07:01:37-05:00,1000013-B,CLASE TEORICA,(1) Grupo 1,JHONIER SEBASTIAN RANGEL GUTIERREZ,0,56
gh-31780279220-0814T1200,2026-08-14T07:01:37-05:00,1000013-B,CLASE TEORICA,(10) Grupo 10,Sandra Vergara Cardozo,35,56
gh-31780279220-0814T1200,2026-08-14T07:01:37-05:00,1000013-B,CLASE TEORICA,(11) Grupo 11,DIEGO ALBERTO MARTINEZ SIMBAQUEVA,40,56
gh-31780279220-0814T1200,2026-08-14T07:01:37-05:00,1000013-B,CLASE TEORICA,(12) Grupo 12,DIEGO ALBERTO MARTINEZ SIMBAQUEVA,40,56
gh-31780279220-0814T1200,2026-08-14T07:01:37-05:00,1000013-B,CLASE TEORICA,(13) Grupo 13,DIEGO ALBERTO MARTINEZ SIMBAQUEVA,30,56
gh-31780279220-0814T1200,2026-08-14T07:01:37-05:00,1000013-B,CLASE TEORICA,(14) Grupo 14,Andrea Catalina Garcia Montoya,45,56
gh-31780279220-0814T1200,2026-08-14T07:01:37-05:00,1000013-B,CLASE TEORICA,(16) Grupo 16,Sergio Alejandro Calderon Villanueva,30,56
gh-31780279220-0814T1200,2026-08-14T07:01:37-05:00,1000013-B,CLASE TEORICA,(2) Grupo 2,Luis Guillermo Diaz Monroy,40,56
gh-31780279220-0814T1200,2026-08-14T07:01:37-05:00,1000013-B,CLASE TEORICA,(22) Grupo 22,Hanwen Zhang,45,56
gh-31780279220-0814T1200,2026-08-14T07:01:37-05:00,1000013-B,CLASE TEORICA,(23) Grupo 23,ULPIANO LARA CRISTANCHO,0,56
gh-31780279220-0814T1200,2026-08-14T07:01:37-05:00,1000013-B,CLASE TEORICA,(3) Grupo 3,Diana Carolina Franco Soto,40,56
gh-31780279220-0814T1200,2026-08-14T07:01:37-05:00,1000013-B,CLASE TEORICA,(4) Grupo 4,Diana Carolina Franco Soto,40,56
gh-31780279220-0814T1200,2026-08-14T07:01:37-05:00,1000013-B,CLASE TEORICA,(5) Grupo 5,Darwin Eduardo Martínez Riaño,35,56
gh-31780279220-0814T1200,2026-08-14T07:01:37-05:00,1000013-B,CLASE TEORICA,(6) Grupo 6,Darwin Eduardo Martínez Riaño,35,56
gh-31780279220-0814T1200,2026-08-14T07:01:37-05:00,1000013-B,CLASE TEORICA,(7) Grupo 7,Camilo Jose Torres Jimenez,40,56
gh-31780279220-0814T1200,2026-08-14T07:01:39-05:00,2015734,NA,(1) Grupo 1,Fernando Salazar Delgado,6,57
gh-31780279220-0814T1200,2026-08-14T07:01:39-05:00,2015734,NA,(10) Grupo 10,Tito Florez Calderon,4,57
gh-31780279220-0814T1200,2026-08-14T07:01:39-05:00,2015734,NA,(11) Grupo 11,DAVID ALBERTO HERRERA ALVAREZ,0,57
gh-31780279220-0814T1200,2026-08-14T07:01:39-05:00,2015734,NA,(12) Grupo 12,FABIEL NATÁN ESPINOSA CASTAÑEDA,1,57
gh-31780279220-0814T1200,2026-08-14T07:01:39-05:00,2015734,NA,(13) Grupo 13,SERGIO CAMILO ESPINOSA BOTERO,4,57
gh-31780279220-0814T1200,2026-08-14T07:01:39-05:00,2015734,NA,(14) Grupo 14,Felipe Gonzalez Roldan,0,57
gh-31780279220-0814T1200,2026-08-14T07:01:39-05:00,2015734,NA,(2) Grupo 2,Fernando Salazar Delgado,16,57
gh-31780279220-0814T1200,2026-08-14T07:01:39-05:00,2015734,NA,(3) Grupo 3,Jhoan Sebastian Restrepo Mendoza,0,57
gh-31780279220-0814T1200,2026-08-14T07:01:39-05:00,2015734,NA,(4) Grupo 4,Sandra Liliana Rojas Martinez,0,57
gh-31780279220-0814T1200,2026-08-14T07:01:39-05:00,2015734,NA,(5) Grupo 5,Jhoan Sebastian Restrepo Mendoza,0,57
gh-31780279220-0814T1200,2026-08-14T07:01:39-05:00,2015734,NA,(6) Grupo 6,SERGIO CAMILO ESPINOSA BOTERO,8,57
gh-31780279220-0814T1200,2026-08-14T07:01:39-05:00,2015734,NA,(7) Grupo 7,No informado,3,57
gh-31780279220-0814T1200,2026-08-14T07:01:39-05:00,2015734,NA,(8) Grupo 8 - Virtual,FABIEL NATÁN ESPINOSA CASTAÑEDA,30,57
gh-31780279220-0814T1200,2026-08-14T07:01:39-05:00,2015734,NA,(9) Grupo 9,Alvaro Reynel Córdoba,18,57
gh-31780279220-0814T1200,2026-08-14T07:01:41-05:00,2015973,CLASE TEORICA,(1) Grupo 1,No informado,25,59
gh-31780279220-0814T1200,2026-08-14T07:01:41-05:00,2015973,CLASE TEORICA,(2) Grupo 2,GABRIELA ARRIETA LOYO,25,59
gh-31780279220-0814T1200,2026-08-14T07:01:41-05:00,2015973,CLASE TEORICA,(3) Grupo 3,NICOLAS ESCALANTE MORA,25,59
gh-31780279220-0814T1200,2026-08-14T07:01:42-05:00,2022761,NA,(1) Grupo 1,Servio Javier Contreras Guerrero,15,60
gh-31780279220-0814T1200,2026-08-14T07:01:42-05:00,2022761,NA,(2) Grupo 2,Servio Javier Contreras Guerrero,15,60
gh-31780279220-0814T1200,2026-08-14T07:01:42-05:00,2022761,NA,(3) Grupo 3,Samuel Fernando Mesa Giraldo,15,60
gh-31780279220-0814T1200,2026-08-14T07:01:44-05:00,2024045,CLASE TEORICA,(1) 2024045-1 Taller de proyectos interdisciplinarios,No informado,0,61
gh-31780279220-0814T1200,2026-08-14T07:01:44-05:00,2024045,CLASE TEORICA,(10) 2024045-10 Taller de proyectos interdisciplinarios,Oscar Andres Eraso Eraso,0,61
gh-31780279220-0814T1200,2026-08-14T07:01:44-05:00,2024045,CLASE TEORICA,(11) 2024045-11 Taller de proyectos interdisciplinarios,No informado,0,61
gh-31780279220-0814T1200,2026-08-14T07:01:44-05:00,2024045,CLASE TEORICA,(12) 2024045-12 Taller de proyectos interdisciplinarios,Hector Julian Garcia Otalora,200,61
gh-31780279220-0814T1200,2026-08-14T07:01:44-05:00,2024045,CLASE TEORICA,(13) 2024045-13 Taller de proyectos interdisciplinarios,No informado,0,61
gh-31780279220-0814T1200,2026-08-14T07:01:44-05:00,2024045,CLASE TEORICA,(14) 2024045-14 Taller de proyectos interdisciplinarios,Dolly Santos Barbosa,0,61
gh-31780279220-0814T1200,2026-08-14T07:01:44-05:00,2024045,CLASE TEORICA,(15) 2024045-15 Taller de proyectos interdisciplinarios,Oscar Andres Eraso Eraso,0,61
gh-31780279220-0814T1200,2026-08-14T07:01:44-05:00,2024045,CLASE TEORICA,(16) 2024045-16 Taller de proyectos interdisciplinarios,Luis Ignacio Rodriguez Varela,0,61
gh-31780279220-0814T1200,2026-08-14T07:01:44-05:00,2024045,CLASE TEORICA,(17) 2024045-17 Taller de proyectos interdisciplinarios,JOHANA CATALINA MANOSALVA BARRERA,0,61
gh-31780279220-0814T1200,2026-08-14T07:01:44-05:00,2024045,CLASE TEORICA,(18) 2024045-18 Taller de proyectos interdisciplinarios,Fernando Bernal Martinez,0,61
gh-31780279220-0814T1200,2026-08-14T07:01:44-05:00,2024045,CLASE TEORICA,(19) 2024045-19 Taller de proyectos interdisciplinarios,FRANCISCO JAVIER VÁSQUEZ VÁSQUEZ,0,61
gh-31780279220-0814T1200,2026-08-14T07:01:44-05:00,2024045,CLASE TEORICA,(2) 2024045-2 Taller de proyectos interdisciplinarios,Fernando Bernal Martinez,0,61
gh-31780279220-0814T1200,2026-08-14T07:01:44-05:00,2024045,CLASE TEORICA,(21) 2024045-21 Taller de proyectos interdisciplinarios,No informado,0,61
gh-31780279220-0814T1200,2026-08-14T07:01:44-05:00,2024045,CLASE TEORICA,(22) 2024045-22 Taller de proyectos interdisciplinarios,Ubaldo Garcia Zaragoza,0,61
gh-31780279220-0814T1200,2026-08-14T07:01:44-05:00,2024045,CLASE TEORICA,(23) 2024045-23 Taller de proyectos interdisciplinarios,No informado,0,61
gh-31780279220-0814T1200,2026-08-14T07:01:44-05:00,2024045,CLASE TEORICA,(24) 2024045-24 Taller de proyectos interdisciplinarios,Hector Julian Garcia Otalora,200,61
gh-31780279220-0814T1200,2026-08-14T07:01:44-05:00,2024045,CLASE TEORICA,(3) 2024045-3 Taller de proyectos interdisciplinarios,Guillermo Alberto Rocha Casas,0,61
gh-31780279220-0814T1200,2026-08-14T07:01:44-05:00,2024045,CLASE TEORICA,(4) 2024045-4 Taller de proyectos interdisciplinarios,Francy Nayely Prieto Novoa,0,61
gh-31780279220-0814T1200,2026-08-14T07:01:44-05:00,2024045,CLASE TEORICA,(40) 2024045-40 TPI-- NO BORRAR-- BLOQ ESPACIOS,No informado,0,61
gh-31780279220-0814T1200,2026-08-14T07:01:44-05:00,2024045,CLASE TEORICA,(5) 2024045-5 Taller de proyectos interdisciplinarios,Nubia Carmenza Moreno Sarmiento,0,61
gh-31780279220-0814T1200,2026-08-14T07:01:44-05:00,2024045,CLASE TEORICA,(6) 2024045-6 Taller de proyectos interdisciplinarios,JOHANA CATALINA MANOSALVA BARRERA,0,61
gh-31780279220-0814T1200,2026-08-14T07:01:44-05:00,2024045,CLASE TEORICA,(7) 2024045-7 Taller de proyectos interdisciplinarios,Ubaldo Garcia Zaragoza,0,61
gh-31780279220-0814T1200,2026-08-14T07:01:44-05:00,2024045,CLASE TEORICA,(8) 2024045-8 Taller de proyectos interdisciplinarios,JHON FREDDY LOPEZ MEDINA,0,61
gh-31780279220-0814T1200,2026-08-14T07:01:44-05:00,2024045,CLASE TEORICA,(9) 2024045-9 Taller de proyectos interdisciplinarios,Manuel Alejandro Mayorga Betancourt,0,61
gh-31780279220-0814T1200,2026-08-14T07:01:45-05:00,2015296,NA,(1) Grupo 1,Leonardo David Donado Garzon,5,62
gh-31780279220-0814T1200,2026-08-14T07:01:45-05:00,2015296,NA,(10) Grupo 10,Juan Manuel Lizarazo Marriaga,5,62
gh-31780279220-0814T1200,2026-08-14T07:01:45-05:00,2015296,NA,(11) Grupo 11,Octavio Coronado Garcia,5,62
gh-31780279220-0814T1200,2026-08-14T07:01:45-05:00,2015296,NA,(12) Grupo 12,Carol Andrea Murillo Feo,5,62
gh-31780279220-0814T1200,2026-08-14T07:01:45-05:00,2015296,NA,(13) Grupo 13,CAMILO RIOS FRESNEDA,5,62
gh-31780279220-0814T1200,2026-08-14T07:01:45-05:00,2015296,NA,(14) Grupo 14,William Castro Garcia,5,62
gh-31780279220-0814T1200,2026-08-14T07:01:45-05:00,2015296,NA,(15) Grupo 15,Luis Alejandro Morales Marin,5,62
gh-31780279220-0814T1200,2026-08-14T07:01:45-05:00,2015296,NA,(16) Grupo 16,Ferney Betancourt Cardozo,5,62
gh-31780279220-0814T1200,2026-08-14T07:01:45-05:00,2015296,NA,(17) Grupo 17,Maria Alejandra Caicedo Londoño,5,62
gh-31780279220-0814T1200,2026-08-14T07:01:45-05:00,2015296,NA,(18) Grupo 18,Guillermo Eduardo Avila Alvarez,5,62
gh-31780279220-0814T1200,2026-08-14T07:01:45-05:00,2015296,NA,(19) Grupo 19,Carlos Alfonso Gomez Guacaneme,0,62
gh-31780279220-0814T1200,2026-08-14T07:01:45-05:00,2015296,NA,(2) Grupo 2,Carlos Orlando Robles Roa,5,62
gh-31780279220-0814T1200,2026-08-14T07:01:45-05:00,2015296,NA,(3) Grupo 3,Angela Barrera Puerto,5,62
gh-31780279220-0814T1200,2026-08-14T07:01:45-05:00,2015296,NA,(4) Grupo 4,Mauricio Alberto Tapias Camacho,5,62
gh-31780279220-0814T1200,2026-08-14T07:01:45-05:00,2015296,NA,(5) Grupo 5,Maritzabel Molina Herrera,5,62
gh-31780279220-0814T1200,2026-08-14T07:01:45-05:00,2015296,NA,(6) Grupo 6,Rodolfo Rodriguez Baracaldo,5,62
gh-31780279220-0814T1200,2026-08-14T07:01:45-05:00,2015296,NA,(7) Grupo 7,SANTIAGO RAMIREZ ECHEVERRI,5,62
gh-31780279220-0814T1200,2026-08-14T07:01:45-05:00,2015296,NA,(8) Grupo 8,Jose Ricardo Martinez Vargas,5,62
gh-31780279220-0814T1200,2026-08-14T07:01:45-05:00,2015296,NA,(9) Grupo 9,GABRIELA ARRIETA LOYO,5,62
gh-31780279220-0814T1200,2026-08-14T07:01:46-05:00,2015299,CLASE TEORICA,(1) Grupo 1,GABRIELA ARRIETA LOYO,51,63
gh-31780279220-0814T1230,2026-08-14T07:30:22-05:00,2015938,CLASE TEORICA,(1) Grupo 1,Maria Alejandra Caicedo Londoño,25,0
gh-31780279220-0814T1230,2026-08-14T07:30:22-05:00,2015938,CLASE TEORICA,(2) Grupo 2,Maria Alejandra Caicedo Londoño,25,0
gh-31780279220-0814T1230,2026-08-14T07:30:22-05:00,2015938,CLASE TEORICA,(3) Grupo 3,JOSE LUIS DIAZ AREVALO,25,0
gh-31780279220-0814T1230,2026-08-14T07:30:22-05:00,2015938,CLASE TEORICA,(4) Grupo 4,JOSE LUIS DIAZ AREVALO,24,0
gh-31780279220-0814T1230,2026-08-14T07:30:23-05:00,2015939,CLASE TEORICA,(1) Grupo 1,ALVARO MARTIN GUTIERREZ MALAXECHEBARRIA,25,1
gh-31780279220-0814T1230,2026-08-14T07:30:23-05:00,2015939,CLASE TEORICA,(2) Grupo 2,ALVARO MARTIN GUTIERREZ MALAXECHEBARRIA,25,1
gh-31780279220-0814T1230,2026-08-14T07:30:23-05:00,2015939,CLASE TEORICA,(3) Grupo 3,Edder Alexander Velandia Duran,25,1
gh-31780279220-0814T1230,2026-08-14T07:30:23-05:00,2015939,CLASE TEORICA,(4) Grupo 4,No informado,25,1
gh-31780279220-0814T1230,2026-08-14T07:30:24-05:00,1000003-B,NA,(1) Grupo 1,Erika Lorena Rosero Alzate; Oscar Andrés Rojas Sepúlveda,0,2
gh-31780279220-0814T1230,2026-08-14T07:30:24-05:00,1000003-B,NA,(10) Grupo 10,Epifanio Lozano Ayala,14,2
gh-31780279220-0814T1230,2026-08-14T07:30:24-05:00,1000003-B,NA,(11) Grupo 11,No informado,60,2
gh-31780279220-0814T1230,2026-08-14T07:30:24-05:00,1000003-B,NA,(12) Grupo 12,No informado,40,2
gh-31780279220-0814T1230,2026-08-14T07:30:24-05:00,1000003-B,NA,(13) Grupo 13,Mohammed EL AIDI,40,2
gh-31780279220-0814T1230,2026-08-14T07:30:24-05:00,1000003-B,NA,(15) Grupo 15,Myriam Leonor Campos Florez,60,2
gh-31780279220-0814T1230,2026-08-14T07:30:24-05:00,1000003-B,NA,(16) Grupo 16,No informado,60,2
gh-31780279220-0814T1230,2026-08-14T07:30:24-05:00,1000003-B,NA,(17) Grupo 17,Martha Cecilia Moreno Penagos,40,2
gh-31780279220-0814T1230,2026-08-14T07:30:24-05:00,1000003-B,NA,(18) Grupo 18,John Alexander Cruz Morales,52,2
gh-31780279220-0814T1230,2026-08-14T07:30:24-05:00,1000003-B,NA,(20) Grupo 20,Natalia Camila Pinzon Cortes,60,2
gh-31780279220-0814T1230,2026-08-14T07:30:24-05:00,1000003-B,NA,(21) Grupo 21,Ivon Andrea Dorado Correa,52,2
gh-31780279220-0814T1230,2026-08-14T07:30:24-05:00,1000003-B,NA,(22) Grupo 22,No informado,46,2
gh-31780279220-0814T1230,2026-08-14T07:30:24-05:00,1000003-B,NA,(3) Grupo 3,No informado,60,2
gh-31780279220-0814T1230,2026-08-14T07:30:24-05:00,1000003-B,NA,(4) Grupo 4,Luis Alejandro Barbosa Torres,112,2
gh-31780279220-0814T1230,2026-08-14T07:30:24-05:00,1000003-B,NA,(5) Grupo 5,Jaime David Mora Paz,60,2
gh-31780279220-0814T1230,2026-08-14T07:30:24-05:00,1000003-B,NA,(7) Grupo 7,Myriam Leonor Campos Florez,40,2
gh-31780279220-0814T1230,2026-08-14T07:30:24-05:00,1000003-B,NA,(8) Grupo 8,No informado,10,2
gh-31780279220-0814T1230,2026-08-14T07:30:25-05:00,2015940,CLASE TEORICA,(1) Grupo 1,Maritzabel Molina Herrera,24,3
gh-31780279220-0814T1230,2026-08-14T07:30:25-05:00,2015940,CLASE TEORICA,(2) Grupo 2,Gabriel Andres Bernal Granados,24,3
gh-31780279220-0814T1230,2026-08-14T07:30:25-05:00,2015940,CLASE TEORICA,(3) Grupo 3,No informado,24,3
gh-31780279220-0814T1230,2026-08-14T07:30:26-05:00,2015941,CLASE TEORICA,(1) Grupo 1,Patricia Luna Tamayo,30,4
gh-31780279220-0814T1230,2026-08-14T07:30:26-05:00,2015941,CLASE TEORICA,(2) Grupo 2,No informado,30,4
gh-31780279220-0814T1230,2026-08-14T07:30:26-05:00,2015941,CLASE TEORICA,(3) Grupo 3,Carlos Ramiro Vallecilla Bahena,30,4
gh-31780279220-0814T1230,2026-08-14T07:30:26-05:00,2015941,CLASE TEORICA,(4) Grupo 4,No informado,30,4
gh-31780279220-0814T1230,2026-08-14T07:30:28-05:00,1000004-B,NA,(10) Grupo 10,No informado,53,5
gh-31780279220-0814T1230,2026-08-14T07:30:28-05:00,1000004-B,NA,(11) Grupo 11,No informado,24,5
gh-31780279220-0814T1230,2026-08-14T07:30:28-05:00,1000004-B,NA,(12) Grupo 12,No informado,24,5
gh-31780279220-0814T1230,2026-08-14T07:30:28-05:00,1000004-B,NA,(13) Grupo 13,No informado,16,5
gh-31780279220-0814T1230,2026-08-14T07:30:28-05:00,1000004-B,NA,(14) Grupo 14,No informado,90,5
gh-31780279220-0814T1230,2026-08-14T07:30:28-05:00,1000004-B,NA,(16) Grupo 16,No informado,27,5
gh-31780279220-0814T1230,2026-08-14T07:30:28-05:00,1000004-B,NA,(17) Grupo 17,Hernan Garzon Gutierrez,39,5
gh-31780279220-0814T1230,2026-08-14T07:30:28-05:00,1000004-B,NA,(19) Grupo 19,No informado,59,5
gh-31780279220-0814T1230,2026-08-14T07:30:28-05:00,1000004-B,NA,(2) Grupo 2,No informado,24,5
gh-31780279220-0814T1230,2026-08-14T07:30:28-05:00,1000004-B,NA,(20) Grupo 20,Hernan Garzon Gutierrez,10,5
gh-31780279220-0814T1230,2026-08-14T07:30:28-05:00,1000004-B,NA,(21) Grupo 21,No informado,60,5
gh-31780279220-0814T1230,2026-08-14T07:30:28-05:00,1000004-B,NA,(22) Grupo 22,No informado,60,5
gh-31780279220-0814T1230,2026-08-14T07:30:28-05:00,1000004-B,NA,(24) Grupo 24,Ricardo Ariel Pastran Ramirez,60,5
gh-31780279220-0814T1230,2026-08-14T07:30:28-05:00,1000004-B,NA,(25) Grupo 25,No informado,40,5
gh-31780279220-0814T1230,2026-08-14T07:30:28-05:00,1000004-B,NA,(27) Grupo 27,No informado,51,5
gh-31780279220-0814T1230,2026-08-14T07:30:28-05:00,1000004-B,NA,(28) Grupo 28,No informado,60,5
gh-31780279220-0814T1230,2026-08-14T07:30:28-05:00,1000004-B,NA,(29) Grupo 29,No informado,60,5
gh-31780279220-0814T1230,2026-08-14T07:30:28-05:00,1000004-B,NA,(30) Grupo 30,No informado,60,5
gh-31780279220-0814T1230,2026-08-14T07:30:28-05:00,1000004-B,NA,(32) Grupo 32,No informado,90,5
gh-31780279220-0814T1230,2026-08-14T07:30:28-05:00,1000004-B,NA,(4) Grupo 4,Myriam Leonor Campos Florez,37,5
gh-31780279220-0814T1230,2026-08-14T07:30:28-05:00,1000004-B,NA,(5) Grupo 5,Oscar Javier Lopez Alfonso,84,5
gh-31780279220-0814T1230,2026-08-14T07:30:28-05:00,1000004-B,NA,(7) Grupo 7,Anderson Arley Vera Arboleda,64,5
gh-31780279220-0814T1230,2026-08-14T07:30:28-05:00,1000004-B,NA,(8) Grupo 8,No informado,40,5
gh-31780279220-0814T1230,2026-08-14T07:30:28-05:00,1000004-B,NA,(9) Grupo 9,No informado,18,5
gh-31780279220-0814T1230,2026-08-14T07:30:29-05:00,1000006-B,NA,(1) Grupo 1,No informado,40,6
gh-31780279220-0814T1230,2026-08-14T07:30:29-05:00,1000006-B,NA,(10) Grupo 10,No informado,100,6
gh-31780279220-0814T1230,2026-08-14T07:30:29-05:00,1000006-B,NA,(11) Grupo 11,No informado,40,6
gh-31780279220-0814T1230,2026-08-14T07:30:29-05:00,1000006-B,NA,(12) Grupo 12,Leonid Lebedev,60,6
gh-31780279220-0814T1230,2026-08-14T07:30:29-05:00,1000006-B,NA,(13) Grupo 13,Juan Carlos Hernandez Rincon,40,6
gh-31780279220-0814T1230,2026-08-14T07:30:29-05:00,1000006-B,NA,(14) Grupo 14,No informado,60,6
gh-31780279220-0814T1230,2026-08-14T07:30:29-05:00,1000006-B,NA,(15) Grupo 15,No informado,112,6
gh-31780279220-0814T1230,2026-08-14T07:30:29-05:00,1000006-B,NA,(2) Grupo 2,EDIXON MANUEL ROJAS SANTANA,40,6
gh-31780279220-0814T1230,2026-08-14T07:30:29-05:00,1000006-B,NA,(3) Grupo 3,Cesar Augusto Gomez Sierra,40,6
gh-31780279220-0814T1230,2026-08-14T07:30:29-05:00,1000006-B,NA,(4) Grupo 4,Agustin Moreno Canadas,100,6
gh-31780279220-0814T1230,2026-08-14T07:30:29-05:00,1000006-B,NA,(5) Grupo 5,German Eduardo Fonseca Buitrago,40,6
gh-31780279220-0814T1230,2026-08-14T07:30:29-05:00,1000006-B,NA,(7) Grupo 7,No informado,70,6
gh-31780279220-0814T1230,2026-08-14T07:30:29-05:00,1000006-B,NA,(8) Grupo 8,Epifanio Lozano Ayala,60,6
gh-31780279220-0814T1230,2026-08-14T07:30:29-05:00,1000006-B,NA,(9) Grupo 9,Orlando Vanegas Canro,0,6
gh-31780279220-0814T1230,2026-08-14T07:30:31-05:00,1000005-B,NA,(1) Grupo 1,Orlando Vanegas Canro,0,7
gh-31780279220-0814T1230,2026-08-14T07:30:31-05:00,1000005-B,NA,(10) Grupo 10,Epifanio Lozano Ayala,50,7
gh-31780279220-0814T1230,2026-08-14T07:30:31-05:00,1000005-B,NA,(14) Grupo 14,Mohammed EL AIDI,40,7
gh-31780279220-0814T1230,2026-08-14T07:30:31-05:00,1000005-B,NA,(15) Grupo 15,Alina Fedosova,60,7
gh-31780279220-0814T1230,2026-08-14T07:30:31-05:00,1000005-B,NA,(16) Grupo 16,No informado,70,7
gh-31780279220-0814T1230,2026-08-14T07:30:31-05:00,1000005-B,NA,(17) Grupo 17,Hernan Garzon Gutierrez,40,7
gh-31780279220-0814T1230,2026-08-14T07:30:31-05:00,1000005-B,NA,(2) Grupo 2,RENE ERLIN CASTILLO,60,7
gh-31780279220-0814T1230,2026-08-14T07:30:31-05:00,1000005-B,NA,(20) Grupo 20,Franqui Solis Cardenas Poloche,40,7
gh-31780279220-0814T1230,2026-08-14T07:30:31-05:00,1000005-B,NA,(22) Grupo 22,No informado,60,7
gh-31780279220-0814T1230,2026-08-14T07:30:31-05:00,1000005-B,NA,(3) Grupo 3,Eduardo Cardenas Gomez,70,7
gh-31780279220-0814T1230,2026-08-14T07:30:31-05:00,1000005-B,NA,(4) Grupo 4,Edward Samuel Becerra Rojas,60,7
gh-31780279220-0814T1230,2026-08-14T07:30:31-05:00,1000005-B,NA,(6) Grupo 6,No informado,60,7
gh-31780279220-0814T1230,2026-08-14T07:30:31-05:00,1000005-B,NA,(7) Grupo 7,Franqui Solis Cardenas Poloche,100,7
gh-31780279220-0814T1230,2026-08-14T07:30:31-05:00,1000005-B,NA,(8) Grupo 8,No informado,40,7
gh-31780279220-0814T1230,2026-08-14T07:30:31-05:00,1000005-B,NA,(9) Grupo 9,No informado,10,7
gh-31780279220-0814T1230,2026-08-14T07:30:33-05:00,2015943,CLASE TEORICA,(1) Grupo 1,Carlos Orlando Robles Roa,15,9
gh-31780279220-0814T1230,2026-08-14T07:30:34-05:00,2015944,CLASE TEORICA,(1) Grupo 1,SANTIAGO RAMIREZ ECHEVERRI,15,10
gh-31780279220-0814T1230,2026-08-14T07:30:35-05:00,2015711,NA,(10) 2015711-10 Dibujo básico,Ariel Augusto Amaya Avila,0,11
gh-31780279220-0814T1230,2026-08-14T07:30:35-05:00,2015711,NA,(11) 2015711-11 Dibujo básico,Cesar Augusto Bacca Gonzalez,0,11
gh-31780279220-0814T1230,2026-08-14T07:30:35-05:00,2015711,NA,(14) 2015711-14 Dibujo básico,Cristian Felipe Morales Suárez,0,11
gh-31780279220-0814T1230,2026-08-14T07:30:35-05:00,2015711,NA,(16) 2015711-16 Dibujo básico,DAVID FELIPE TORRES ARCE,0,11
gh-31780279220-0814T1230,2026-08-14T07:30:35-05:00,2015711,NA,(4) 2015711-4 Dibujo básico,Cristian Felipe Morales Suárez,9,11
gh-31780279220-0814T1230,2026-08-14T07:30:35-05:00,2015711,NA,(5) 2015711-5 Dibujo básico,Sebastian Achury Ortiz,0,11
gh-31780279220-0814T1230,2026-08-14T07:30:35-05:00,2015711,NA,(7) 2015711-7 Dibujo básico,Cesar Augusto Bacca Gonzalez,22,11
gh-31780279220-0814T1230,2026-08-14T07:30:35-05:00,2015711,NA,(8) 2015711-8 Dibujo básico,Miguel Angel Baquero Cortes,0,11
gh-31780279220-0814T1230,2026-08-14T07:30:35-05:00,2015711,NA,(9) 2015711-9 Dibujo básico,EDWIN CAMILO REINA BELTRAN,0,11
gh-31780279220-0814T1230,2026-08-14T07:30:37-05:00,2015948,CLASE TEORICA,(1) Grupo 1,No informado,30,12
gh-31780279220-0814T1230,2026-08-14T07:30:37-05:00,2015948,CLASE TEORICA,(2) Grupo 2,Mauricio Alberto Tapias Camacho,30,12
gh-31780279220-0814T1230,2026-08-14T07:30:37-05:00,2015948,CLASE TEORICA,(3) Grupo 3,No informado,30,12
gh-31780279220-0814T1230,2026-08-14T07:30:38-05:00,2015950,CLASE TEORICA,(1) Grupo 1,No informado,25,13
gh-31780279220-0814T1230,2026-08-14T07:30:38-05:00,2015950,CLASE TEORICA,(2) Grupo 2,No informado,0,13
gh-31780279220-0814T1230,2026-08-14T07:30:38-05:00,2015950,CLASE TEORICA,(3) Grupo 3,Daniel Ricardo Lozano Monsalve,25,13
gh-31780279220-0814T1230,2026-08-14T07:30:38-05:00,2015950,CLASE TEORICA,(4) Grupo 4,No informado,25,13
gh-31780279220-0814T1230,2026-08-14T07:30:38-05:00,2015950,CLASE TEORICA,(5) Grupo 5,No informado,25,13
gh-31780279220-0814T1230,2026-08-14T07:30:39-05:00,2015949,CLASE TEORICA,(1) Grupo 1,Mario Javier Cardozo Chaux,30,14
gh-31780279220-0814T1230,2026-08-14T07:30:39-05:00,2015949,CLASE TEORICA,(2) Grupo 2,Wilson Ernesto Vargas Vargas,30,14
gh-31780279220-0814T1230,2026-08-14T07:30:39-05:00,2015949,CLASE TEORICA,(3) Grupo 3,No informado,30,14
gh-31780279220-0814T1230,2026-08-14T07:30:41-05:00,1000007-B,NA,(1) Grupo 1,German Eduardo Fonseca Buitrago,60,15
gh-31780279220-0814T1230,2026-08-14T07:30:41-05:00,1000007-B,NA,(11) Grupo 11,Leonid Lebedev,60,15
gh-31780279220-0814T1230,2026-08-14T07:30:41-05:00,1000007-B,NA,(12) Grupo 12,No informado,60,15
gh-31780279220-0814T1230,2026-08-14T07:30:41-05:00,1000007-B,NA,(13) Grupo 13,Omar Duque Gomez,40,15
gh-31780279220-0814T1230,2026-08-14T07:30:41-05:00,1000007-B,NA,(14) Grupo 14,No informado,100,15
gh-31780279220-0814T1230,2026-08-14T07:30:41-05:00,1000007-B,NA,(3) Grupo 3,Serafin Bautista Diaz,40,15
gh-31780279220-0814T1230,2026-08-14T07:30:41-05:00,1000007-B,NA,(4) Grupo 4,EDIXON MANUEL ROJAS SANTANA,60,15
gh-31780279220-0814T1230,2026-08-14T07:30:41-05:00,1000007-B,NA,(6) Grupo 6,Alexander Caviedes Castro,50,15
gh-31780279220-0814T1230,2026-08-14T07:30:41-05:00,1000007-B,NA,(7) Grupo 7,Oscar Guillermo Riaño Castañeda,40,15
gh-31780279220-0814T1230,2026-08-14T07:30:41-05:00,1000007-B,NA,(9) Grupo 9,Orlando Vanegas Canro,0,15
gh-31780279220-0814T1230,2026-08-14T07:30:42-05:00,2026134,CLASE TEORICA,(1) Grupo 1,No informado,0,16
gh-31780279220-0814T1230,2026-08-14T07:30:42-05:00,2026134,CLASE TEORICA,(2) Grupo 2,Juan Manuel Lizarazo Marriaga,30,16
gh-31780279220-0814T1230,2026-08-14T07:30:42-05:00,2026134,CLASE TEORICA,(3) Grupo 3,Maritzabel Molina Herrera,30,16
gh-31780279220-0814T1230,2026-08-14T07:30:42-05:00,2026134,CLASE TEORICA,(4) Grupo 4,Carlos Ramiro Vallecilla Bahena,30,16
gh-31780279220-0814T1230,2026-08-14T07:30:42-05:00,2026134,CLASE TEORICA,(5) Grupo 5,Fernando Lozano Osorno,30,16
gh-31780279220-0814T1230,2026-08-14T07:30:42-05:00,2026134,CLASE TEORICA,(6) Grupo 6,No informado,30,16
gh-31780279220-0814T1230,2026-08-14T07:30:43-05:00,2015954,CLASE TEORICA,(1) Grupo 1,Erasmo Alfredo Rodriguez Sandoval,30,17
gh-31780279220-0814T1230,2026-08-14T07:30:43-05:00,2015954,CLASE TEORICA,(2) Grupo 2,Mario Enrique Moreno Castiblanco,30,17
gh-31780279220-0814T1230,2026-08-14T07:30:43-05:00,2015954,CLASE TEORICA,(3) Grupo 3,Luis Alejandro Morales Marin,30,17
gh-31780279220-0814T1230,2026-08-14T07:30:44-05:00,2015955,CLASE TEORICA,(1) Grupo 1,Giovanni Andres Cortes Tovar,30,18
gh-31780279220-0814T1230,2026-08-14T07:30:44-05:00,2015955,CLASE TEORICA,(2) Grupo 2,Angela Barrera Puerto,30,18
gh-31780279220-0814T1230,2026-08-14T07:30:44-05:00,2015955,CLASE TEORICA,(3) Grupo 3,Giovanni Andres Cortes Tovar,30,18
gh-31780279220-0814T1230,2026-08-14T07:30:45-05:00,1000011-B,CLASE TEORICA,(1) Grupo 1,Ernesto Javier Puertas Dellepianes,118,19
gh-31780279220-0814T1230,2026-08-14T07:30:45-05:00,1000011-B,CLASE TEORICA,(3) Grupo 3,Néstor Fernando Perez Buitrago,12,19
gh-31780279220-0814T1230,2026-08-14T07:30:48-05:00,1000019-B,CLASE LABORATORIO,(1) Grupo 1,Gustavo Martinez Tamayo,35,20
gh-31780279220-0814T1230,2026-08-14T07:30:48-05:00,1000019-B,CLASE LABORATORIO,(10) Grupo 10,LUIS AGULLES PEDROS,35,20
gh-31780279220-0814T1230,2026-08-14T07:30:48-05:00,1000019-B,CLASE LABORATORIO,(11) Grupo 11,EVER DAVID ALCALA CAJAR,35,20
gh-31780279220-0814T1230,2026-08-14T07:30:48-05:00,1000019-B,CLASE LABORATORIO,(12) Grupo 12,FABIAN FELIPE QUEVEDO FARIETA,35,20
gh-31780279220-0814T1230,2026-08-14T07:30:48-05:00,1000019-B,CLASE LABORATORIO,(13) Grupo 13,Alvaro Marino Camargo,35,20
gh-31780279220-0814T1230,2026-08-14T07:30:48-05:00,1000019-B,CLASE LABORATORIO,(14) Grupo 14,Alvaro Marino Camargo; Miryam Rincon Joya,35,20
gh-31780279220-0814T1230,2026-08-14T07:30:48-05:00,1000019-B,CLASE LABORATORIO,(15) Grupo 15,JULIAN MATEO DE MENDOZA GUTIERREZ,32,20
gh-31780279220-0814T1230,2026-08-14T07:30:48-05:00,1000019-B,CLASE LABORATORIO,(16) Grupo 16,Alvaro Marino Camargo; Doris Yaneth Cadavid Rodriguez,35,20
gh-31780279220-0814T1230,2026-08-14T07:30:48-05:00,1000019-B,CLASE LABORATORIO,(17) Grupo 17,JULIAN MATEO DE MENDOZA GUTIERREZ,34,20
gh-31780279220-0814T1230,2026-08-14T07:30:48-05:00,1000019-B,CLASE LABORATORIO,(18) Grupo 18,Jaime Villalobos Velasco,34,20
gh-31780279220-0814T1230,2026-08-14T07:30:48-05:00,1000019-B,CLASE LABORATORIO,(19) Grupo 19,JULY PAOLA GARZÓN LOPEZ,32,20
gh-31780279220-0814T1230,2026-08-14T07:30:48-05:00,1000019-B,CLASE LABORATORIO,(2) Grupo 2,Gustavo Martinez Tamayo,35,20
gh-31780279220-0814T1230,2026-08-14T07:30:48-05:00,1000019-B,CLASE LABORATORIO,(20) Grupo 20,JOSE ALFREDO GOMEZ MATEUS,35,20
gh-31780279220-0814T1230,2026-08-14T07:30:48-05:00,1000019-B,CLASE LABORATORIO,(21) Grupo 21,Pedro Hernan Sanchez Machet,35,20
gh-31780279220-0814T1230,2026-08-14T07:30:48-05:00,1000019-B,CLASE LABORATORIO,(22) Grupo 22,Pedro Hernan Sanchez Machet,35,20
gh-31780279220-0814T1230,2026-08-14T07:30:48-05:00,1000019-B,CLASE LABORATORIO,(23) Grupo 23,Pedro Hernan Sanchez Machet,35,20
gh-31780279220-0814T1230,2026-08-14T07:30:48-05:00,1000019-B,CLASE LABORATORIO,(24) Grupo 24,Pedro Hernan Sanchez Machet,35,20
gh-31780279220-0814T1230,2026-08-14T07:30:48-05:00,1000019-B,CLASE LABORATORIO,(25) Grupo 25,Plinio Del Carmen Teheran Sermeno,45,20
gh-31780279220-0814T1230,2026-08-14T07:30:48-05:00,1000019-B,CLASE LABORATORIO,(26) Grupo 26 (VIRTUAL),Plinio Del Carmen Teheran Sermeno,50,20
gh-31780279220-0814T1230,2026-08-14T07:30:48-05:00,1000019-B,CLASE LABORATORIO,(27) Grupo 27 (VIRTUAL),Plinio Del Carmen Teheran Sermeno,50,20
gh-31780279220-0814T1230,2026-08-14T07:30:48-05:00,1000019-B,CLASE LABORATORIO,(28) Grupo 28 (VIRTUAL),Plinio Del Carmen Teheran Sermeno,50,20
gh-31780279220-0814T1230,2026-08-14T07:30:48-05:00,1000019-B,CLASE LABORATORIO,(29) Grupo 29 (VIRTUAL),Plinio Del Carmen Teheran Sermeno,50,20
gh-31780279220-0814T1230,2026-08-14T07:30:48-05:00,1000019-B,CLASE LABORATORIO,(3) Grupo 3,Gustavo Martinez Tamayo,35,20
gh-31780279220-0814T1230,2026-08-14T07:30:48-05:00,1000019-B,CLASE LABORATORIO,(4) Grupo 4,No informado,35,20
gh-31780279220-0814T1230,2026-08-14T07:30:48-05:00,1000019-B,CLASE LABORATORIO,(5) Grupo 5,FABIAN FELIPE QUEVEDO FARIETA,35,20
gh-31780279220-0814T1230,2026-08-14T07:30:48-05:00,1000019-B,CLASE LABORATORIO,(6) Grupo 6,Jaime Villalobos Velasco,35,20
gh-31780279220-0814T1230,2026-08-14T07:30:48-05:00,1000019-B,CLASE LABORATORIO,(7) Grupo 7,Jaime Villalobos Velasco,35,20
gh-31780279220-0814T1230,2026-08-14T07:30:48-05:00,1000019-B,CLASE LABORATORIO,(8) Grupo 8,Alvaro Marino Camargo,35,20
gh-31780279220-0814T1230,2026-08-14T07:30:48-05:00,1000019-B,CLASE LABORATORIO,(9) Grupo 9,Erika Lorena Rosero Alzate,0,20
gh-31780279220-0814T1230,2026-08-14T07:30:48-05:00,1000019-B,CLASE TALLER,(1) Grupo 1,FABIAN FELIPE QUEVEDO FARIETA,35,20
gh-31780279220-0814T1230,2026-08-14T07:30:48-05:00,1000019-B,CLASE TALLER,(10) Grupo 10,FABIAN FELIPE QUEVEDO FARIETA,35,20
gh-31780279220-0814T1230,2026-08-14T07:30:48-05:00,1000019-B,CLASE TALLER,(11) Grupo 11,JULIAN MATEO DE MENDOZA GUTIERREZ,35,20
gh-31780279220-0814T1230,2026-08-14T07:30:48-05:00,1000019-B,CLASE TALLER,(12) Grupo 12,EVER DAVID ALCALA CAJAR,35,20
gh-31780279220-0814T1230,2026-08-14T07:30:48-05:00,1000019-B,CLASE TALLER,(13) Grupo 13,MIGUEL ENRIQUE GÁMEZ LÓPEZ,35,20
gh-31780279220-0814T1230,2026-08-14T07:30:48-05:00,1000019-B,CLASE TALLER,(14) Grupo 14,No informado,35,20
gh-31780279220-0814T1230,2026-08-14T07:30:48-05:00,1000019-B,CLASE TALLER,(15) Grupo 15,EVER DAVID ALCALA CAJAR,32,20
gh-31780279220-0814T1230,2026-08-14T07:30:48-05:00,1000019-B,CLASE TALLER,(16) Grupo 16,Edna Carolina Pinilla Beltran,35,20
gh-31780279220-0814T1230,2026-08-14T07:30:48-05:00,1000019-B,CLASE TALLER,(17) Grupo 17,Jereson Silva Valencia,34,20
gh-31780279220-0814T1230,2026-08-14T07:30:48-05:00,1000019-B,CLASE TALLER,(18) Grupo 18,Jereson Silva Valencia,34,20
gh-31780279220-0814T1230,2026-08-14T07:30:48-05:00,1000019-B,CLASE TALLER,(19) Grupo 19,Jereson Silva Valencia,32,20
gh-31780279220-0814T1230,2026-08-14T07:30:48-05:00,1000019-B,CLASE TALLER,(2) Grupo 2,Gustavo Martinez Tamayo,35,20
gh-31780279220-0814T1230,2026-08-14T07:30:48-05:00,1000019-B,CLASE TALLER,(20) Grupo 20,Jereson Silva Valencia,35,20
gh-31780279220-0814T1230,2026-08-14T07:30:48-05:00,1000019-B,CLASE TALLER,(21) Grupo 21,JOSE ALFREDO GOMEZ MATEUS,35,20
gh-31780279220-0814T1230,2026-08-14T07:30:48-05:00,1000019-B,CLASE TALLER,(22) Grupo 22,JULY PAOLA GARZÓN LOPEZ,35,20
gh-31780279220-0814T1230,2026-08-14T07:30:48-05:00,1000019-B,CLASE TALLER,(23) Grupo 23,Edna Carolina Pinilla Beltran,35,20
gh-31780279220-0814T1230,2026-08-14T07:30:48-05:00,1000019-B,CLASE TALLER,(24) Grupo 24,Diego Alejandro Torres Galindo,35,20
gh-31780279220-0814T1230,2026-08-14T07:30:48-05:00,1000019-B,CLASE TALLER,(25) Grupo 25,Plinio Del Carmen Teheran Sermeno,45,20
gh-31780279220-0814T1230,2026-08-14T07:30:48-05:00,1000019-B,CLASE TALLER,(26) Grupo 26 (VIRTUAL),Plinio Del Carmen Teheran Sermeno,50,20
gh-31780279220-0814T1230,2026-08-14T07:30:48-05:00,1000019-B,CLASE TALLER,(27) Grupo 27 (VIRTUAL),Plinio Del Carmen Teheran Sermeno,50,20
gh-31780279220-0814T1230,2026-08-14T07:30:48-05:00,1000019-B,CLASE TALLER,(28) Grupo 28 (VIRTUAL),Plinio Del Carmen Teheran Sermeno,50,20
gh-31780279220-0814T1230,2026-08-14T07:30:48-05:00,1000019-B,CLASE TALLER,(29) Grupo 29 (VIRTUAL),Plinio Del Carmen Teheran Sermeno,50,20
gh-31780279220-0814T1230,2026-08-14T07:30:48-05:00,1000019-B,CLASE TALLER,(3) Grupo 3,Gustavo Martinez Tamayo,35,20
gh-31780279220-0814T1230,2026-08-14T07:30:48-05:00,1000019-B,CLASE TALLER,(4) Grupo 4,Jaime Villalobos Velasco,35,20
gh-31780279220-0814T1230,2026-08-14T07:30:48-05:00,1000019-B,CLASE TALLER,(5) Grupo 5,Jaime Villalobos Velasco,35,20
gh-31780279220-0814T1230,2026-08-14T07:30:48-05:00,1000019-B,CLASE TALLER,(6) Grupo 6,Ramiro Cardona Cardona,35,20
gh-31780279220-0814T1230,2026-08-14T07:30:48-05:00,1000019-B,CLASE TALLER,(7) Grupo 7,Ramiro Cardona Cardona,35,20
gh-31780279220-0814T1230,2026-08-14T07:30:48-05:00,1000019-B,CLASE TALLER,(8) Grupo 8,Edna Carolina Pinilla Beltran,35,20
gh-31780279220-0814T1230,2026-08-14T07:30:48-05:00,1000019-B,CLASE TALLER,(9) Grupo 9,No informado,10,20
gh-31780279220-0814T1230,2026-08-14T07:30:48-05:00,1000019-B,CLASE MAGISTRAL,(16) Gruop 16,Erika Lorena Rosero Alzate; Daniel Camilo Padilla González,8,20
gh-31780279220-0814T1230,2026-08-14T07:30:48-05:00,1000019-B,CLASE MAGISTRAL,(1) Grupo 1,Gustavo Martinez Tamayo,35,20
gh-31780279220-0814T1230,2026-08-14T07:30:48-05:00,1000019-B,CLASE MAGISTRAL,(10) Grupo 10,Ovidio Amado Almanza Montero,35,20
gh-31780279220-0814T1230,2026-08-14T07:30:48-05:00,1000019-B,CLASE MAGISTRAL,(11) Grupo 11,Ovidio Amado Almanza Montero,35,20
gh-31780279220-0814T1230,2026-08-14T07:30:48-05:00,1000019-B,CLASE MAGISTRAL,(12) Grupo 12,Ovidio Amado Almanza Montero,35,20
gh-31780279220-0814T1230,2026-08-14T07:30:48-05:00,1000019-B,CLASE MAGISTRAL,(13) Grupo 13,Jaime Villalobos Velasco,35,20
gh-31780279220-0814T1230,2026-08-14T07:30:48-05:00,1000019-B,CLASE MAGISTRAL,(14) Grupo 14,Jaime Villalobos Velasco,35,20
gh-31780279220-0814T1230,2026-08-14T07:30:48-05:00,1000019-B,CLASE MAGISTRAL,(15) Grupo 15,Jaime Villalobos Velasco,32,20
gh-31780279220-0814T1230,2026-08-14T07:30:48-05:00,1000019-B,CLASE MAGISTRAL,(17) Grupo 17,Jereson Silva Valencia,34,20
gh-31780279220-0814T1230,2026-08-14T07:30:48-05:00,1000019-B,CLASE MAGISTRAL,(18) Grupo 18,Jereson Silva Valencia,34,20
gh-31780279220-0814T1230,2026-08-14T07:30:48-05:00,1000019-B,CLASE MAGISTRAL,(19) Grupo 19,Jereson Silva Valencia,32,20
gh-31780279220-0814T1230,2026-08-14T07:30:48-05:00,1000019-B,CLASE MAGISTRAL,(2) Grupo 2,Gustavo Martinez Tamayo,35,20
gh-31780279220-0814T1230,2026-08-14T07:30:48-05:00,1000019-B,CLASE MAGISTRAL,(20) Grupo 20,Jereson Silva Valencia,35,20
gh-31780279220-0814T1230,2026-08-14T07:30:48-05:00,1000019-B,CLASE MAGISTRAL,(21) Grupo 21,Diego Alejandro Torres Galindo,35,20
gh-31780279220-0814T1230,2026-08-14T07:30:48-05:00,1000019-B,CLASE MAGISTRAL,(22) Grupo 22,Diego Alejandro Torres Galindo,35,20
gh-31780279220-0814T1230,2026-08-14T07:30:48-05:00,1000019-B,CLASE MAGISTRAL,(23) Grupo 23,Diego Alejandro Torres Galindo,35,20
gh-31780279220-0814T1230,2026-08-14T07:30:48-05:00,1000019-B,CLASE MAGISTRAL,(24) Grupo 24,Diego Alejandro Torres Galindo,35,20
gh-31780279220-0814T1230,2026-08-14T07:30:48-05:00,1000019-B,CLASE MAGISTRAL,(25) Grupo 25,Plinio Del Carmen Teheran Sermeno,45,20
gh-31780279220-0814T1230,2026-08-14T07:30:48-05:00,1000019-B,CLASE MAGISTRAL,(26) Grupo 26 (VIRTUAL),Plinio Del Carmen Teheran Sermeno,50,20
gh-31780279220-0814T1230,2026-08-14T07:30:48-05:00,1000019-B,CLASE MAGISTRAL,(27) Grupo 27 (VIRTUAL),Plinio Del Carmen Teheran Sermeno,50,20
gh-31780279220-0814T1230,2026-08-14T07:30:48-05:00,1000019-B,CLASE MAGISTRAL,(28) Grupo 28 (VIRTUAL),Plinio Del Carmen Teheran Sermeno,50,20
gh-31780279220-0814T1230,2026-08-14T07:30:48-05:00,1000019-B,CLASE MAGISTRAL,(29) Grupo 29 (VIRTUAL),Plinio Del Carmen Teheran Sermeno,50,20
gh-31780279220-0814T1230,2026-08-14T07:30:48-05:00,1000019-B,CLASE MAGISTRAL,(3) Grupo 3,Gustavo Martinez Tamayo,35,20
gh-31780279220-0814T1230,2026-08-14T07:30:48-05:00,1000019-B,CLASE MAGISTRAL,(4) Grupo 4,Gustavo Martinez Tamayo,35,20
gh-31780279220-0814T1230,2026-08-14T07:30:48-05:00,1000019-B,CLASE MAGISTRAL,(5) Grupo 5,Ramiro Cardona Cardona,35,20
gh-31780279220-0814T1230,2026-08-14T07:30:48-05:00,1000019-B,CLASE MAGISTRAL,(6) Grupo 6,Ramiro Cardona Cardona,35,20
gh-31780279220-0814T1230,2026-08-14T07:30:48-05:00,1000019-B,CLASE MAGISTRAL,(7) Grupo 7,Ramiro Cardona Cardona,35,20
gh-31780279220-0814T1230,2026-08-14T07:30:48-05:00,1000019-B,CLASE MAGISTRAL,(8) Grupo 8,Ramiro Cardona Cardona,35,20
gh-31780279220-0814T1230,2026-08-14T07:30:48-05:00,1000019-B,CLASE MAGISTRAL,(9) Grupo 9,Fredy Angel Jimenez Giraldo,10,20
gh-31780279220-0814T1230,2026-08-14T07:30:49-05:00,2015956,CLASE TEORICA,(1) Grupo 1,Modesto Portilla Gamboa; Fernando Eli Romero Ordoñez,35,21
gh-31780279220-0814T1230,2026-08-14T07:30:49-05:00,2015956,CLASE TEORICA,(2) Grupo 2,Jennifer Angel Amaya,30,21
gh-31780279220-0814T1230,2026-08-14T07:30:49-05:00,2015956,CLASE TEORICA,(3) Grupo 3,Jennifer Angel Amaya,30,21
gh-31780279220-0814T1230,2026-08-14T07:30:49-05:00,2015956,CLASE TEORICA,(4) Grupo 4,Fernando Eli Romero Ordoñez; Modesto Portilla Gamboa,35,21
gh-31780279220-0814T1230,2026-08-14T07:30:50-05:00,2015957,CLASE PRACTICA,(1) Grupo 1,No informado,30,22
gh-31780279220-0814T1230,2026-08-14T07:30:50-05:00,2015957,CLASE PRACTICA,(2) Grupo 2,Samuel Fernando Mesa Giraldo,30,22
gh-31780279220-0814T1230,2026-08-14T07:30:50-05:00,2015957,CLASE PRACTICA,(3) Grupo 3,Rose Marie Aldana Boutin,30,22
gh-31780279220-0814T1230,2026-08-14T07:30:50-05:00,2015957,CLASE PRACTICA,(4) Grupo 4,Rose Marie Aldana Boutin,30,22
gh-31780279220-0814T1230,2026-08-14T07:30:51-05:00,2015958,CLASE PRACTICA,(1) Grupo 1,William Castro Garcia,20,23
gh-31780279220-0814T1230,2026-08-14T07:30:51-05:00,2015958,CLASE PRACTICA,(2) Grupo 2,William Castro Garcia,20,23
gh-31780279220-0814T1230,2026-08-14T07:30:51-05:00,2015958,CLASE PRACTICA,(3) Grupo 3,Carlos Alfonso Gomez Guacaneme,30,23
gh-31780279220-0814T1230,2026-08-14T07:30:51-05:00,2015958,CLASE PRACTICA,(4) Grupo 4,Mario Arturo Rincon Villalba,20,23
gh-31780279220-0814T1230,2026-08-14T07:30:51-05:00,2015958,CLASE PRACTICA,(5) Grupo 5,Mario Arturo Rincon Villalba,20,23
gh-31780279220-0814T1230,2026-08-14T07:30:51-05:00,2015958,CLASE PRACTICA,(6) Grupo 6,Fausto Alejandro Silva España,20,23
gh-31780279220-0814T1230,2026-08-14T07:30:51-05:00,2015958,CLASE PRACTICA,(7) Grupo 7,Fausto Alejandro Silva España,20,23
gh-31780279220-0814T1230,2026-08-14T07:30:51-05:00,2015958,CLASE PRACTICA,(8) Grupo 8,Fausto Alejandro Silva España,20,23
gh-31780279220-0814T1230,2026-08-14T07:30:51-05:00,2015958,CLASE PRACTICA,(9) Grupo 9,Fausto Alejandro Silva España,20,23
gh-31780279220-0814T1230,2026-08-14T07:30:51-05:00,2015958,CLASE TEORICA,(1) Grupo 1,William Castro Garcia,40,23
gh-31780279220-0814T1230,2026-08-14T07:30:51-05:00,2015958,CLASE TEORICA,(3) Grupo 3,Carlos Alfonso Gomez Guacaneme,30,23
gh-31780279220-0814T1230,2026-08-14T07:30:51-05:00,2015958,CLASE TEORICA,(4) Grupo 4,Mario Arturo Rincon Villalba,40,23
gh-31780279220-0814T1230,2026-08-14T07:30:51-05:00,2015958,CLASE TEORICA,(6) Grupo 6,Cesar Andres Cortes Bello,40,23
gh-31780279220-0814T1230,2026-08-14T07:30:51-05:00,2015958,CLASE TEORICA,(8) Grupo 8,Cesar Andres Cortes Bello,40,23
gh-31780279220-0814T1230,2026-08-14T07:30:53-05:00,2015959,CLASE TEORICA,(1) Grupo 1,Carlos Eduardo Rodriguez Pineda,30,24
gh-31780279220-0814T1230,2026-08-14T07:30:53-05:00,2015959,CLASE TEORICA,(2) Grupo 2,Guillermo Eduardo Avila Alvarez,30,24
gh-31780279220-0814T1230,2026-08-14T07:30:53-05:00,2015959,CLASE TEORICA,(3) Grupo 3,Livaniel Viveros Rosero,30,24
gh-31780279220-0814T1230,2026-08-14T07:30:53-05:00,2015959,CLASE TEORICA,(4) Grupo 4,No informado,0,24
gh-31780279220-0814T1230,2026-08-14T07:30:55-05:00,2015961,CLASE TEORICA,(1) Grupo 1,Rafael Orland Ortiz Mosquera,24,26
gh-31780279220-0814T1230,2026-08-14T07:30:55-05:00,2015961,CLASE TEORICA,(2) Grupo 2,Adriana Patricia Piña Fulano,24,26
gh-31780279220-0814T1230,2026-08-14T07:30:55-05:00,2015961,CLASE TEORICA,(3) Grupo 3,Gelber Norberto Gutierrez Palacios,24,26
gh-31780279220-0814T1230,2026-08-14T07:30:55-05:00,2015961,CLASE TEORICA,(4) Grupo 4,No informado,24,26
gh-31780279220-0814T1230,2026-08-14T07:30:55-05:00,2015961,CLASE TEORICA,(5) Grupo 5,No informado,24,26
gh-31780279220-0814T1230,2026-08-14T07:30:55-05:00,2015961,CLASE TEORICA,(6) Grupo 6,Leonardo David Donado Garzon,24,26
gh-31780279220-0814T1230,2026-08-14T07:30:56-05:00,2015978,CLASE TEORICA,(1) Grupo 1,No informado,0,27
gh-31780279220-0814T1230,2026-08-14T07:30:56-05:00,2015978,CLASE TEORICA,(2) Grupo 2,Erasmo Alfredo Rodriguez Sandoval,30,27
gh-31780279220-0814T1230,2026-08-14T07:30:56-05:00,2015978,CLASE TEORICA,(3) Grupo 3,No informado,30,27
gh-31780279220-0814T1230,2026-08-14T07:30:56-05:00,2015978,CLASE TEORICA,(4) Grupo 4,No informado,30,27
gh-31780279220-0814T1230,2026-08-14T07:30:56-05:00,2015978,CLASE TEORICA,(5) Grupo 5,No informado,30,27
gh-31780279220-0814T1230,2026-08-14T07:30:57-05:00,2026135,CLASE TEORICA,(1) Grupo 1,NICOLAS ESCALANTE MORA,25,28
gh-31780279220-0814T1230,2026-08-14T07:30:57-05:00,2026135,CLASE TEORICA,(2) Grupo 2,Leonel Vega Mora,25,28
gh-31780279220-0814T1230,2026-08-14T07:30:57-05:00,2026135,CLASE TEORICA,(3) Grupo 3,Leonel Vega Mora,25,28
gh-31780279220-0814T1230,2026-08-14T07:30:59-05:00,2015963,CLASE TEORICA,(1) Grupo 1,No informado,30,29
gh-31780279220-0814T1230,2026-08-14T07:30:59-05:00,2015963,CLASE TEORICA,(2) Grupo 2,No informado,30,29
gh-31780279220-0814T1230,2026-08-14T07:30:59-05:00,2015963,CLASE TEORICA,(3) Grupo 3,William Castro Garcia,30,29
gh-31780279220-0814T1230,2026-08-14T07:31:00-05:00,2026138,CLASE TEORICA,(1) Grupo 1,Ivan Dario Serrano Arrieta,30,30
gh-31780279220-0814T1230,2026-08-14T07:31:00-05:00,2026138,CLASE TEORICA,(2) Grupo 2,Ivan Dario Serrano Arrieta,30,30
gh-31780279220-0814T1230,2026-08-14T07:31:00-05:00,2026138,CLASE TEORICA,(3) Grupo 3,Pedro Luis Jimenez Poveda,30,30
gh-31780279220-0814T1230,2026-08-14T07:31:01-05:00,2015703,NA,(1) Grupo 1,Angela Maria Arboleda Restrepo,40,31
gh-31780279220-0814T1230,2026-08-14T07:31:01-05:00,2015703,NA,(10) Grupo 10,Diego Alejandro Hernandez Castañeda,30,31
gh-31780279220-0814T1230,2026-08-14T07:31:01-05:00,2015703,NA,(11) Grupo 11,Julio Cesar Cañon Rodriguez,30,31
gh-31780279220-0814T1230,2026-08-14T07:31:01-05:00,2015703,NA,(2) Grupo 2,Osman Benjamin Giovanny Vargas Rozo,40,31
gh-31780279220-0814T1230,2026-08-14T07:31:01-05:00,2015703,NA,(3) Grupo 3,Hugo Alberto Herrera Fonseca,40,31
gh-31780279220-0814T1230,2026-08-14T07:31:01-05:00,2015703,NA,(4) Grupo 4,LINA JULIANA BULLA CASAS,30,31
gh-31780279220-0814T1230,2026-08-14T07:31:01-05:00,2015703,NA,(5) Grupo 5 - Virtual,Cesar Augusto Roa Lemus,60,31
gh-31780279220-0814T1230,2026-08-14T07:31:01-05:00,2015703,NA,(6) Grupo 6,JAVIER RICARDO OJEDA SANCHEZ,40,31
gh-31780279220-0814T1230,2026-08-14T07:31:01-05:00,2015703,NA,(7) Grupo 7,JAVIER RICARDO OJEDA SANCHEZ,20,31
gh-31780279220-0814T1230,2026-08-14T07:31:01-05:00,2015703,NA,(8) Grupo 8,Diego Alejandro Hernandez Castañeda,40,31
gh-31780279220-0814T1230,2026-08-14T07:31:01-05:00,2015703,NA,(9) Grupo 9,LINA JULIANA BULLA CASAS,35,31
gh-31780279220-0814T1230,2026-08-14T07:31:02-05:00,1000044-B,CLASE TEORICA,(1) Grupo 1,Beatriz Elena Urrutia Sanchez,26,32
gh-31780279220-0814T1230,2026-08-14T07:31:02-05:00,1000044-B,CLASE TEORICA,(2) Grupo 2,Yaneli Niño Osorio,26,32
gh-31780279220-0814T1230,2026-08-14T07:31:02-05:00,1000044-B,CLASE TEORICA,(3) Grupo 3,Luis Gabriel Peña Ortiz,26,32
gh-31780279220-0814T1230,2026-08-14T07:31:02-05:00,1000044-B,CLASE TEORICA,(4) Grupo 4,Liliana Marcela Guzman Aricapa,26,32
gh-31780279220-0814T1230,2026-08-14T07:31:02-05:00,1000044-B,CLASE TEORICA,(5) Grupo 5,Beatriz Elena Urrutia Sanchez,26,32
gh-31780279220-0814T1230,2026-08-14T07:31:02-05:00,1000044-B,CLASE TEORICA,(6) Grupo 6,Cesar Augusto Romero,26,32
gh-31780279220-0814T1230,2026-08-14T07:31:02-05:00,1000044-B,CLASE TEORICA,(7) Grupo 7,JOSE JONATHAN MAESTRE HERRERA,26,32
gh-31780279220-0814T1230,2026-08-14T07:31:02-05:00,1000044-B,CLASE TEORICA,(8) Grupo 8,Beymar Leonardo Solorzano Alviz,26,32
gh-31780279220-0814T1230,2026-08-14T07:31:02-05:00,1000044-B,CLASE TEORICA,(9) Grupo 9,Claudia Marcela Arevalo Gomez,7,32
gh-31780279220-0814T1230,2026-08-14T07:31:04-05:00,1000045-B,CLASE TEORICA,(1) Grupo 1,Claudia Marcela Arevalo Gomez,10,33
gh-31780279220-0814T1230,2026-08-14T07:31:04-05:00,1000045-B,CLASE TEORICA,(10) Grupo 10,Jesica paola Rendon Alfonso,26,33
gh-31780279220-0814T1230,2026-08-14T07:31:04-05:00,1000045-B,CLASE TEORICA,(11) Grupo 11,JOSE JONATHAN MAESTRE HERRERA,26,33
gh-31780279220-0814T1230,2026-08-14T07:31:04-05:00,1000045-B,CLASE TEORICA,(12) Grupo 12,LINDA JOHANA RUIZ GOMEZ,26,33
gh-31780279220-0814T1230,2026-08-14T07:31:04-05:00,1000045-B,CLASE TEORICA,(13) Grupo 13,Narly Yadira Pardo Cadena,26,33
gh-31780279220-0814T1230,2026-08-14T07:31:04-05:00,1000045-B,CLASE TEORICA,(14) Grupo 14,Angelica Saenz Fonseca,26,33
gh-31780279220-0814T1230,2026-08-14T07:31:04-05:00,1000045-B,CLASE TEORICA,(15) Grupo 15,Narly Yadira Pardo Cadena,26,33
gh-31780279220-0814T1230,2026-08-14T07:31:04-05:00,1000045-B,CLASE TEORICA,(16) Grupo 16,Luis Gabriel Peña Ortiz,26,33
gh-31780279220-0814T1230,2026-08-14T07:31:04-05:00,1000045-B,CLASE TEORICA,(2) Grupo 2,Cesar Augusto Romero,26,33
gh-31780279220-0814T1230,2026-08-14T07:31:04-05:00,1000045-B,CLASE TEORICA,(3) Grupo 3,Jesica paola Rendon Alfonso,26,33
gh-31780279220-0814T1230,2026-08-14T07:31:04-05:00,1000045-B,CLASE TEORICA,(4) Grupo 4,Adriana Marlen Sanchez Riaño,26,33
gh-31780279220-0814T1230,2026-08-14T07:31:04-05:00,1000045-B,CLASE TEORICA,(5) Grupo 5,Cesar Augusto Romero,26,33
gh-31780279220-0814T1230,2026-08-14T07:31:04-05:00,1000045-B,CLASE TEORICA,(6) Grupo 6,Sara Elisa Monsalve Patino,26,33
gh-31780279220-0814T1230,2026-08-14T07:31:04-05:00,1000045-B,CLASE TEORICA,(7) Grupo 7,Luis Gabriel Peña Ortiz,26,33
gh-31780279220-0814T1230,2026-08-14T07:31:04-05:00,1000045-B,CLASE TEORICA,(8) Grupo 8,Johnatan Martinez Hernandez,26,33
gh-31780279220-0814T1230,2026-08-14T07:31:04-05:00,1000045-B,CLASE TEORICA,(9) Grupo 9,Maureen Elizabeth Hooker Oneill,15,33
gh-31780279220-0814T1230,2026-08-14T07:31:06-05:00,1000046-B,CLASE TEORICA,(1) Grupo 1,Johnatan Martinez Hernandez,26,35
gh-31780279220-0814T1230,2026-08-14T07:31:06-05:00,1000046-B,CLASE TEORICA,(10) Grupo 10,Jennly Angelica Gomez Rodriguez,26,35
gh-31780279220-0814T1230,2026-08-14T07:31:06-05:00,1000046-B,CLASE TEORICA,(11) Grupo 11,Angelica Saenz Fonseca,26,35
gh-31780279220-0814T1230,2026-08-14T07:31:06-05:00,1000046-B,CLASE TEORICA,(12) Grupo 12,Liliana Marcela Guzman Aricapa,26,35
gh-31780279220-0814T1230,2026-08-14T07:31:06-05:00,1000046-B,CLASE TEORICA,(13) Grupo 13,ALBA LUCIA RIAÑO RODRIGUEZ,26,35
gh-31780279220-0814T1230,2026-08-14T07:31:06-05:00,1000046-B,CLASE TEORICA,(14) Grupo 14,Angelica Saenz Fonseca,26,35
gh-31780279220-0814T1230,2026-08-14T07:31:06-05:00,1000046-B,CLASE TEORICA,(15) Grupo 15,Luis Gabriel Peña Ortiz,26,35
gh-31780279220-0814T1230,2026-08-14T07:31:06-05:00,1000046-B,CLASE TEORICA,(16) Grupo 16,Olga Lucia Ruiz Convers,26,35
gh-31780279220-0814T1230,2026-08-14T07:31:06-05:00,1000046-B,CLASE TEORICA,(17) Grupo 17,Luis Gabriel Peña Ortiz,26,35
gh-31780279220-0814T1230,2026-08-14T07:31:06-05:00,1000046-B,CLASE TEORICA,(18) Grupo 18,Narly Yadira Pardo Cadena,26,35
gh-31780279220-0814T1230,2026-08-14T07:31:06-05:00,1000046-B,CLASE TEORICA,(2) Grupo 2,Jesica paola Rendon Alfonso,26,35
gh-31780279220-0814T1230,2026-08-14T07:31:06-05:00,1000046-B,CLASE TEORICA,(3) Grupo 3,JESUS DAVID TORRES RODRIGUEZ,26,35
gh-31780279220-0814T1230,2026-08-14T07:31:06-05:00,1000046-B,CLASE TEORICA,(4) Grupo 4,Claudia Patricia Cortes Lora,26,35
gh-31780279220-0814T1230,2026-08-14T07:31:06-05:00,1000046-B,CLASE TEORICA,(5) Grupo 5,Johnatan Martinez Hernandez,26,35
gh-31780279220-0814T1230,2026-08-14T07:31:06-05:00,1000046-B,CLASE TEORICA,(6) Grupo 6,Johnatan Martinez Hernandez,26,35
gh-31780279220-0814T1230,2026-08-14T07:31:06-05:00,1000046-B,CLASE TEORICA,(7) Grupo 7,Jesica paola Rendon Alfonso,26,35
gh-31780279220-0814T1230,2026-08-14T07:31:06-05:00,1000046-B,CLASE TEORICA,(8) Grupo 8,Beatriz Elena Urrutia Sanchez,26,35
gh-31780279220-0814T1230,2026-08-14T07:31:06-05:00,1000046-B,CLASE TEORICA,(9) Grupo 9,Maureen Elizabeth Hooker Oneill,10,35
gh-31780279220-0814T1230,2026-08-14T07:31:09-05:00,1000052-B,CLASE TEORICA,(1) Grupo 1,Liliana Marcela Guzman Aricapa,28,37
gh-31780279220-0814T1230,2026-08-14T07:31:09-05:00,1000052-B,CLASE TEORICA,(2) Grupo 2,JOSE JONATHAN MAESTRE HERRERA,28,37
gh-31780279220-0814T1230,2026-08-14T07:31:09-05:00,1000052-B,CLASE TEORICA,(3) Grupo 3,Aida Elena Monsalve Solorzano,28,37
gh-31780279220-0814T1230,2026-08-14T07:31:10-05:00,1000053-B,CLASE TEORICA,(1) Grupo 1,Jennly Angelica Gomez Rodriguez,28,38
gh-31780279220-0814T1230,2026-08-14T07:31:10-05:00,1000053-B,CLASE TEORICA,(2) Grupo 2,Yaneli Niño Osorio,28,38
gh-31780279220-0814T1230,2026-08-14T07:31:10-05:00,1000053-B,CLASE TEORICA,(3) Grupo 3,Javier Rodriguez Gomez,30,38
gh-31780279220-0814T1230,2026-08-14T07:31:10-05:00,1000053-B,CLASE TEORICA,(4) Grupo 4,Javier Rodriguez Gomez,30,38
gh-31780279220-0814T1230,2026-08-14T07:31:10-05:00,1000053-B,CLASE TEORICA,(5) Grupo 5,LINDA JOHANA RUIZ GOMEZ,28,38
gh-31780279220-0814T1230,2026-08-14T07:31:10-05:00,1000053-B,CLASE TEORICA,(6) Grupo 6,Olga Lucia Ruiz Convers,28,38
gh-31780279220-0814T1230,2026-08-14T07:31:11-05:00,1000047-B,CLASE TEORICA,(1) Grupo 1,Cesar Augusto Romero,26,39
gh-31780279220-0814T1230,2026-08-14T07:31:11-05:00,1000047-B,CLASE TEORICA,(10) Grupo 10,Monica Alexandra Riaño Orjuela,26,39
gh-31780279220-0814T1230,2026-08-14T07:31:11-05:00,1000047-B,CLASE TEORICA,(11) Grupo 11,Jennly Angelica Gomez Rodriguez,26,39
gh-31780279220-0814T1230,2026-08-14T07:31:11-05:00,1000047-B,CLASE TEORICA,(12) Grupo 12,Claudia Patricia Cortes Lora,26,39
gh-31780279220-0814T1230,2026-08-14T07:31:11-05:00,1000047-B,CLASE TEORICA,(13) Grupo 13,Angelica Saenz Fonseca,26,39
gh-31780279220-0814T1230,2026-08-14T07:31:11-05:00,1000047-B,CLASE TEORICA,(14) Grupo 14,LINDA JOHANA RUIZ GOMEZ,26,39
gh-31780279220-0814T1230,2026-08-14T07:31:11-05:00,1000047-B,CLASE TEORICA,(15) Grupo 15,Claudia Patricia Cortes Lora,26,39
gh-31780279220-0814T1230,2026-08-14T07:31:11-05:00,1000047-B,CLASE TEORICA,(16) Grupo 16,Narly Yadira Pardo Cadena,26,39
gh-31780279220-0814T1230,2026-08-14T07:31:11-05:00,1000047-B,CLASE TEORICA,(17) Grupo 17,Angelica Saenz Fonseca,26,39
gh-31780279220-0814T1230,2026-08-14T07:31:11-05:00,1000047-B,CLASE TEORICA,(18) Grupo 18,ALBA LUCIA RIAÑO RODRIGUEZ,26,39
gh-31780279220-0814T1230,2026-08-14T07:31:11-05:00,1000047-B,CLASE TEORICA,(19) Grupo 19,Aida Elena Monsalve Solorzano,26,39
gh-31780279220-0814T1230,2026-08-14T07:31:11-05:00,1000047-B,CLASE TEORICA,(2) Grupo 2,Yaneli Niño Osorio,26,39
gh-31780279220-0814T1230,2026-08-14T07:31:11-05:00,1000047-B,CLASE TEORICA,(20) Grupo 20,ALBA LUCIA RIAÑO RODRIGUEZ,26,39
gh-31780279220-0814T1230,2026-08-14T07:31:11-05:00,1000047-B,CLASE TEORICA,(21) Grupo 21,Edwin Yesid Leon Silva,26,39
gh-31780279220-0814T1230,2026-08-14T07:31:11-05:00,1000047-B,CLASE TEORICA,(22) Grupo 22,LINDA JOHANA RUIZ GOMEZ,26,39
gh-31780279220-0814T1230,2026-08-14T07:31:11-05:00,1000047-B,CLASE TEORICA,(3) Grupo 3,Monica Alexandra Riaño Orjuela,26,39
gh-31780279220-0814T1230,2026-08-14T07:31:11-05:00,1000047-B,CLASE TEORICA,(4) Grupo 4,Claudia Patricia Cortes Lora,26,39
gh-31780279220-0814T1230,2026-08-14T07:31:11-05:00,1000047-B,CLASE TEORICA,(5) Grupo 5,Olga Lucia Ruiz Convers,26,39
gh-31780279220-0814T1230,2026-08-14T07:31:11-05:00,1000047-B,CLASE TEORICA,(6) Grupo 6,Monica Alexandra Riaño Orjuela,26,39
gh-31780279220-0814T1230,2026-08-14T07:31:11-05:00,1000047-B,CLASE TEORICA,(7) Grupo 7,Cesar Augusto Romero,26,39
gh-31780279220-0814T1230,2026-08-14T07:31:11-05:00,1000047-B,CLASE TEORICA,(8) Grupo 8,Beatriz Elena Urrutia Sanchez,26,39
gh-31780279220-0814T1230,2026-08-14T07:31:11-05:00,1000047-B,CLASE TEORICA,(9) Grupo 9,Keshia Hilary Howard Livingston,15,39
gh-31780279220-0814T1230,2026-08-14T07:31:14-05:00,2026186,CLASE TEORICA,(1) Grupo 1,Carol Andrea Murillo Feo,7,41
gh-31780279220-0814T1230,2026-08-14T07:31:14-05:00,2026186,CLASE TEORICA,(2) Grupo 2,Leonel Vega Mora,0,41
gh-31780279220-0814T1230,2026-08-14T07:31:14-05:00,2026186,CLASE TEORICA,(4) Grupo 4,Carlos Orlando Robles Roa,10,41
gh-31780279220-0814T1230,2026-08-14T07:31:15-05:00,1000002-B,CLASE TEORICA,(1) Grupo 1 - Clase Presencial,Ruth Andrea Cortés Suárez,1,42
gh-31780279220-0814T1230,2026-08-14T07:31:15-05:00,1000002-B,CLASE TEORICA,(10) Grupo 10 - Clase presencial,Karen Johanna Castelblanco Villamil,0,42
gh-31780279220-0814T1230,2026-08-14T07:31:15-05:00,1000002-B,CLASE TEORICA,(2) Grupo 2 - Clase Presencial,Ruth Andrea Cortés Suárez,0,42
gh-31780279220-0814T1230,2026-08-14T07:31:15-05:00,1000002-B,CLASE TEORICA,(3) Grupo 3 - Clase Presencial,Adriana Patricia Díaz Cuevas,0,42
gh-31780279220-0814T1230,2026-08-14T07:31:15-05:00,1000002-B,CLASE TEORICA,(4) Grupo 4 - Clase Presencial,Adriana Patricia Díaz Cuevas,0,42
gh-31780279220-0814T1230,2026-08-14T07:31:15-05:00,1000002-B,CLASE TEORICA,(5) Grupo 5 - Clase Presencial,Andres Felipe Escovar Barreto,0,42
gh-31780279220-0814T1230,2026-08-14T07:31:15-05:00,1000002-B,CLASE TEORICA,(6) Grupo 6 - Clase Presencial,Ruth Andrea Cortés Suárez,0,42
gh-31780279220-0814T1230,2026-08-14T07:31:15-05:00,1000002-B,CLASE TEORICA,(7) Grupo 7 - Clase Presencial,Karen Johanna Castelblanco Villamil,0,42
gh-31780279220-0814T1230,2026-08-14T07:31:15-05:00,1000002-B,CLASE TEORICA,(8) Grupo 8 - Clase Presencial,Adriana Patricia Díaz Cuevas,0,42
gh-31780279220-0814T1230,2026-08-14T07:31:15-05:00,1000002-B,CLASE TEORICA,(9) Grupo 9 - Clase Presencial,Carlas Lucia Castilla Lara,10,42
gh-31780279220-0814T1230,2026-08-14T07:31:17-05:00,1000001-B,CLASE TEORICA,(1) Grupo 1,No informado,0,43
gh-31780279220-0814T1230,2026-08-14T07:31:17-05:00,1000001-B,CLASE TEORICA,(19) Grupo 19,No informado,5,43
gh-31780279220-0814T1230,2026-08-14T07:31:17-05:00,1000001-B,CLASE TEORICA,(2) Grupo 2,No informado,10,43
gh-31780279220-0814T1230,2026-08-14T07:31:17-05:00,1000001-B,CLASE MAGISTRAL,(1) Grupo 1,Ibeth Marcela Rubio Perilla,0,43
gh-31780279220-0814T1230,2026-08-14T07:31:17-05:00,1000001-B,CLASE MAGISTRAL,(10) Grupo 10,No informado,0,43
gh-31780279220-0814T1230,2026-08-14T07:31:17-05:00,1000001-B,CLASE MAGISTRAL,(2) Grupo 2,Herbert Alonso Dueñas Ruiz,0,43
gh-31780279220-0814T1230,2026-08-14T07:31:17-05:00,1000001-B,CLASE MAGISTRAL,(3) Grupo 3,Jeanneth Galeano Penaloza,0,43
gh-31780279220-0814T1230,2026-08-14T07:31:17-05:00,1000001-B,CLASE MAGISTRAL,(4) Grupo 4,Gustavo Adolfo Nieto Clavijo,0,43
gh-31780279220-0814T1230,2026-08-14T07:31:17-05:00,1000001-B,CLASE MAGISTRAL,(5) Grupo 5,Natalia Camila Pinzon Cortes,1,43
gh-31780279220-0814T1230,2026-08-14T07:31:17-05:00,1000001-B,CLASE MAGISTRAL,(6) Grupo 6,Martha Cecilia Moreno Penagos,0,43
gh-31780279220-0814T1230,2026-08-14T07:31:17-05:00,1000001-B,CLASE MAGISTRAL,(7) Grupo 7,Claudio Rodriguez Beltran,0,43
gh-31780279220-0814T1230,2026-08-14T07:31:17-05:00,1000001-B,CLASE MAGISTRAL,(8) Grupo 8,Gabriel Ignacio Padilla Leon,1,43
gh-31780279220-0814T1230,2026-08-14T07:31:17-05:00,1000001-B,CLASE MAGISTRAL,(9) Grupo 9,No informado,10,43
gh-31780279220-0814T1230,2026-08-14T07:31:18-05:00,2015965,CLASE TEORICA,(1) Grupo 1,CAMILO RIOS FRESNEDA,24,44
gh-31780279220-0814T1230,2026-08-14T07:31:18-05:00,2015965,CLASE TEORICA,(2) Grupo 2,Julian David Puerto Suarez; Vladimir Buelvas Hernández,24,44
gh-31780279220-0814T1230,2026-08-14T07:31:18-05:00,2015965,CLASE TEORICA,(3) Grupo 3,Ferney Betancourt Cardozo; Juan Manuel Lizarazo Marriaga,24,44
gh-31780279220-0814T1230,2026-08-14T07:31:18-05:00,2015965,CLASE TEORICA,(4) Grupo 4,No informado,24,44
gh-31780279220-0814T1230,2026-08-14T07:31:19-05:00,2015966,CLASE TEORICA,(1) Grupo 1,No informado,24,45
gh-31780279220-0814T1230,2026-08-14T07:31:19-05:00,2015966,CLASE TEORICA,(2) Grupo 2,Adriana Patricia Piña Fulano,24,45
gh-31780279220-0814T1230,2026-08-14T07:31:19-05:00,2015966,CLASE TEORICA,(3) Grupo 3,Rafael Orland Ortiz Mosquera,24,45
gh-31780279220-0814T1230,2026-08-14T07:31:19-05:00,2015966,CLASE TEORICA,(4) Grupo 4,No informado,24,45
gh-31780279220-0814T1230,2026-08-14T07:31:19-05:00,2015966,CLASE TEORICA,(5) Grupo 5,No informado,24,45
gh-31780279220-0814T1230,2026-08-14T07:31:19-05:00,2015966,CLASE TEORICA,(6) Grupo 6,Luis Alejandro Morales Marin,24,45
gh-31780279220-0814T1230,2026-08-14T07:31:19-05:00,2015966,CLASE TEORICA,(7) Grupo 7,No informado,24,45
gh-31780279220-0814T1230,2026-08-14T07:31:19-05:00,2015966,CLASE TEORICA,(8) Grupo 8,No informado,24,45
gh-31780279220-0814T1230,2026-08-14T07:31:21-05:00,2015967,NA,(1) Grupo 1,Vladimir Buelvas Hernández,24,46
gh-31780279220-0814T1230,2026-08-14T07:31:22-05:00,2015968,CLASE TEORICA,(1) Grupo 1,Ricardo Parra Arango,24,47
gh-31780279220-0814T1230,2026-08-14T07:31:22-05:00,2015968,CLASE TEORICA,(2) Grupo 2,Juan David Oliveros Salazar,24,47
gh-31780279220-0814T1230,2026-08-14T07:31:22-05:00,2015968,CLASE TEORICA,(3) Grupo 3,No informado,24,47
gh-31780279220-0814T1230,2026-08-14T07:31:22-05:00,2015968,CLASE TEORICA,(4) Grupo 4,Ricardo Parra Arango,24,47
gh-31780279220-0814T1230,2026-08-14T07:31:22-05:00,2015968,CLASE TEORICA,(5) Grupo 5,Julian David Puerto Suarez,24,47
gh-31780279220-0814T1230,2026-08-14T07:31:22-05:00,2015968,CLASE TEORICA,(6) Grupo 6,Dorian Luis Linero Segrera,24,47
gh-31780279220-0814T1230,2026-08-14T07:31:22-05:00,2015968,CLASE TEORICA,(7) Grupo 7,No informado,0,47
gh-31780279220-0814T1230,2026-08-14T07:31:23-05:00,2015969,CLASE TEORICA,(1) Grupo 1 (Inglés),Julio Esteban Colmenares Montañez,30,48
gh-31780279220-0814T1230,2026-08-14T07:31:23-05:00,2015969,CLASE TEORICA,(2) Grupo 2,Guillermo Eduardo Avila Alvarez,30,48
gh-31780279220-0814T1230,2026-08-14T07:31:23-05:00,2015969,CLASE TEORICA,(3) Grupo 3,Livaniel Viveros Rosero,30,48
gh-31780279220-0814T1230,2026-08-14T07:31:23-05:00,2015969,CLASE TEORICA,(4) Grupo 4,No informado,30,48
gh-31780279220-0814T1230,2026-08-14T07:31:24-05:00,2015970,CLASE PRACTICA,(4) Grupo 4,Helga Duarte,30,49
gh-31780279220-0814T1230,2026-08-14T07:31:24-05:00,2015970,CLASE PRACTICA,(5) Grupo 5,Oswaldo Rojas Camacho,45,49
gh-31780279220-0814T1230,2026-08-14T07:31:24-05:00,2015970,CLASE PRACTICA,(8) Grupo 8,Helga Duarte,30,49
gh-31780279220-0814T1230,2026-08-14T07:31:24-05:00,2015970,CLASE PRACTICA,(9) Grupo 9,Oswaldo Rojas Camacho,45,49
gh-31780279220-0814T1230,2026-08-14T07:31:25-05:00,2017293,CLASE TEORICA,(1) 2017293-1 Modelación matemática,JUAN SEBASTIÁN HINCAPIÉ MONTES,34,50
gh-31780279220-0814T1230,2026-08-14T07:31:25-05:00,2017293,CLASE TEORICA,(2) 2017293-2 Modelación matemática,JUAN SEBASTIÁN HINCAPIÉ MONTES,34,50
gh-31780279220-0814T1230,2026-08-14T07:31:25-05:00,2017293,CLASE MAGISTRAL,(1M) 2017293-1M Modelación matemática - Magistral,Carlos Alberto Duque Daza,80,50
gh-31780279220-0814T1230,2026-08-14T07:31:29-05:00,2015971,CLASE TEORICA,(1) Grupo 1,No informado,30,53
gh-31780279220-0814T1230,2026-08-14T07:31:29-05:00,2015971,CLASE TEORICA,(2) Grupo 2,Ferney Betancourt Cardozo,30,53
gh-31780279220-0814T1230,2026-08-14T07:31:29-05:00,2015971,CLASE TEORICA,(3) Grupo 3,No informado,30,53
gh-31780279220-0814T1230,2026-08-14T07:31:30-05:00,2015972,CLASE TEORICA,(1) Grupo 1,Carlos Alberto Moncada Aristizabal,15,54
gh-31780279220-0814T1230,2026-08-14T07:31:30-05:00,2015972,CLASE TEORICA,(2) Grupo 2,SANTIAGO RAMIREZ ECHEVERRI,15,54
gh-31780279220-0814T1230,2026-08-14T07:31:30-05:00,2015972,CLASE TEORICA,(3) Grupo 3,No informado,15,54
gh-31780279220-0814T1230,2026-08-14T07:31:31-05:00,1000024-B,CLASE TEORICA,(12) Grupo 12,Edgar Delgado Mejia,0,55
gh-31780279220-0814T1230,2026-08-14T07:31:31-05:00,1000024-B,CLASE TEORICA,(13) Grupo 13,Jesus Sigifredo Valencia Rios,0,55
gh-31780279220-0814T1230,2026-08-14T07:31:31-05:00,1000024-B,CLASE TEORICA,(14) Grupo 14,Jhon Jairo Aragón Arias,10,55
gh-31780279220-0814T1230,2026-08-14T07:31:33-05:00,1000013-B,CLASE TEORICA,(1) Grupo 1,JHONIER SEBASTIAN RANGEL GUTIERREZ,0,56
gh-31780279220-0814T1230,2026-08-14T07:31:33-05:00,1000013-B,CLASE TEORICA,(10) Grupo 10,Sandra Vergara Cardozo,35,56
gh-31780279220-0814T1230,2026-08-14T07:31:33-05:00,1000013-B,CLASE TEORICA,(11) Grupo 11,DIEGO ALBERTO MARTINEZ SIMBAQUEVA,40,56
gh-31780279220-0814T1230,2026-08-14T07:31:33-05:00,1000013-B,CLASE TEORICA,(12) Grupo 12,DIEGO ALBERTO MARTINEZ SIMBAQUEVA,40,56
gh-31780279220-0814T1230,2026-08-14T07:31:33-05:00,1000013-B,CLASE TEORICA,(13) Grupo 13,DIEGO ALBERTO MARTINEZ SIMBAQUEVA,30,56
gh-31780279220-0814T1230,2026-08-14T07:31:33-05:00,1000013-B,CLASE TEORICA,(14) Grupo 14,Andrea Catalina Garcia Montoya,45,56
gh-31780279220-0814T1230,2026-08-14T07:31:33-05:00,1000013-B,CLASE TEORICA,(16) Grupo 16,Sergio Alejandro Calderon Villanueva,30,56
gh-31780279220-0814T1230,2026-08-14T07:31:33-05:00,1000013-B,CLASE TEORICA,(2) Grupo 2,Luis Guillermo Diaz Monroy,40,56
gh-31780279220-0814T1230,2026-08-14T07:31:33-05:00,1000013-B,CLASE TEORICA,(22) Grupo 22,Hanwen Zhang,45,56
gh-31780279220-0814T1230,2026-08-14T07:31:33-05:00,1000013-B,CLASE TEORICA,(23) Grupo 23,ULPIANO LARA CRISTANCHO,0,56
gh-31780279220-0814T1230,2026-08-14T07:31:33-05:00,1000013-B,CLASE TEORICA,(3) Grupo 3,Diana Carolina Franco Soto,40,56
gh-31780279220-0814T1230,2026-08-14T07:31:33-05:00,1000013-B,CLASE TEORICA,(4) Grupo 4,Diana Carolina Franco Soto,40,56
gh-31780279220-0814T1230,2026-08-14T07:31:33-05:00,1000013-B,CLASE TEORICA,(5) Grupo 5,Darwin Eduardo Martínez Riaño,35,56
gh-31780279220-0814T1230,2026-08-14T07:31:33-05:00,1000013-B,CLASE TEORICA,(6) Grupo 6,Darwin Eduardo Martínez Riaño,35,56
gh-31780279220-0814T1230,2026-08-14T07:31:33-05:00,1000013-B,CLASE TEORICA,(7) Grupo 7,Camilo Jose Torres Jimenez,40,56
gh-31780279220-0814T1230,2026-08-14T07:31:34-05:00,2015734,NA,(1) Grupo 1,Fernando Salazar Delgado,6,57
gh-31780279220-0814T1230,2026-08-14T07:31:34-05:00,2015734,NA,(10) Grupo 10,Tito Florez Calderon,4,57
gh-31780279220-0814T1230,2026-08-14T07:31:34-05:00,2015734,NA,(11) Grupo 11,DAVID ALBERTO HERRERA ALVAREZ,0,57
gh-31780279220-0814T1230,2026-08-14T07:31:34-05:00,2015734,NA,(12) Grupo 12,FABIEL NATÁN ESPINOSA CASTAÑEDA,1,57
gh-31780279220-0814T1230,2026-08-14T07:31:34-05:00,2015734,NA,(13) Grupo 13,SERGIO CAMILO ESPINOSA BOTERO,4,57
gh-31780279220-0814T1230,2026-08-14T07:31:34-05:00,2015734,NA,(14) Grupo 14,Felipe Gonzalez Roldan,0,57
gh-31780279220-0814T1230,2026-08-14T07:31:34-05:00,2015734,NA,(2) Grupo 2,Fernando Salazar Delgado,16,57
gh-31780279220-0814T1230,2026-08-14T07:31:34-05:00,2015734,NA,(3) Grupo 3,Jhoan Sebastian Restrepo Mendoza,0,57
gh-31780279220-0814T1230,2026-08-14T07:31:34-05:00,2015734,NA,(4) Grupo 4,Sandra Liliana Rojas Martinez,0,57
gh-31780279220-0814T1230,2026-08-14T07:31:34-05:00,2015734,NA,(5) Grupo 5,Jhoan Sebastian Restrepo Mendoza,0,57
gh-31780279220-0814T1230,2026-08-14T07:31:34-05:00,2015734,NA,(6) Grupo 6,SERGIO CAMILO ESPINOSA BOTERO,8,57
gh-31780279220-0814T1230,2026-08-14T07:31:34-05:00,2015734,NA,(7) Grupo 7,No informado,3,57
gh-31780279220-0814T1230,2026-08-14T07:31:34-05:00,2015734,NA,(8) Grupo 8 - Virtual,FABIEL NATÁN ESPINOSA CASTAÑEDA,30,57
gh-31780279220-0814T1230,2026-08-14T07:31:34-05:00,2015734,NA,(9) Grupo 9,Alvaro Reynel Córdoba,18,57
gh-31780279220-0814T1230,2026-08-14T07:31:37-05:00,2015973,CLASE TEORICA,(1) Grupo 1,No informado,25,59
gh-31780279220-0814T1230,2026-08-14T07:31:37-05:00,2015973,CLASE TEORICA,(2) Grupo 2,GABRIELA ARRIETA LOYO,25,59
gh-31780279220-0814T1230,2026-08-14T07:31:37-05:00,2015973,CLASE TEORICA,(3) Grupo 3,NICOLAS ESCALANTE MORA,25,59
gh-31780279220-0814T1230,2026-08-14T07:31:39-05:00,2022761,NA,(1) Grupo 1,Servio Javier Contreras Guerrero,15,60
gh-31780279220-0814T1230,2026-08-14T07:31:39-05:00,2022761,NA,(2) Grupo 2,Servio Javier Contreras Guerrero,15,60
gh-31780279220-0814T1230,2026-08-14T07:31:39-05:00,2022761,NA,(3) Grupo 3,Samuel Fernando Mesa Giraldo,15,60
gh-31780279220-0814T1230,2026-08-14T07:31:41-05:00,2024045,CLASE TEORICA,(1) 2024045-1 Taller de proyectos interdisciplinarios,No informado,0,61
gh-31780279220-0814T1230,2026-08-14T07:31:41-05:00,2024045,CLASE TEORICA,(10) 2024045-10 Taller de proyectos interdisciplinarios,Oscar Andres Eraso Eraso,0,61
gh-31780279220-0814T1230,2026-08-14T07:31:41-05:00,2024045,CLASE TEORICA,(11) 2024045-11 Taller de proyectos interdisciplinarios,No informado,0,61
gh-31780279220-0814T1230,2026-08-14T07:31:41-05:00,2024045,CLASE TEORICA,(12) 2024045-12 Taller de proyectos interdisciplinarios,Hector Julian Garcia Otalora,200,61
gh-31780279220-0814T1230,2026-08-14T07:31:41-05:00,2024045,CLASE TEORICA,(13) 2024045-13 Taller de proyectos interdisciplinarios,No informado,0,61
gh-31780279220-0814T1230,2026-08-14T07:31:41-05:00,2024045,CLASE TEORICA,(14) 2024045-14 Taller de proyectos interdisciplinarios,Dolly Santos Barbosa,0,61
gh-31780279220-0814T1230,2026-08-14T07:31:41-05:00,2024045,CLASE TEORICA,(15) 2024045-15 Taller de proyectos interdisciplinarios,Oscar Andres Eraso Eraso,0,61
gh-31780279220-0814T1230,2026-08-14T07:31:41-05:00,2024045,CLASE TEORICA,(16) 2024045-16 Taller de proyectos interdisciplinarios,Luis Ignacio Rodriguez Varela,0,61
gh-31780279220-0814T1230,2026-08-14T07:31:41-05:00,2024045,CLASE TEORICA,(17) 2024045-17 Taller de proyectos interdisciplinarios,JOHANA CATALINA MANOSALVA BARRERA,0,61
gh-31780279220-0814T1230,2026-08-14T07:31:41-05:00,2024045,CLASE TEORICA,(18) 2024045-18 Taller de proyectos interdisciplinarios,Fernando Bernal Martinez,0,61
gh-31780279220-0814T1230,2026-08-14T07:31:41-05:00,2024045,CLASE TEORICA,(19) 2024045-19 Taller de proyectos interdisciplinarios,FRANCISCO JAVIER VÁSQUEZ VÁSQUEZ,0,61
gh-31780279220-0814T1230,2026-08-14T07:31:41-05:00,2024045,CLASE TEORICA,(2) 2024045-2 Taller de proyectos interdisciplinarios,Fernando Bernal Martinez,0,61
gh-31780279220-0814T1230,2026-08-14T07:31:41-05:00,2024045,CLASE TEORICA,(21) 2024045-21 Taller de proyectos interdisciplinarios,No informado,0,61
gh-31780279220-0814T1230,2026-08-14T07:31:41-05:00,2024045,CLASE TEORICA,(22) 2024045-22 Taller de proyectos interdisciplinarios,Ubaldo Garcia Zaragoza,0,61
gh-31780279220-0814T1230,2026-08-14T07:31:41-05:00,2024045,CLASE TEORICA,(23) 2024045-23 Taller de proyectos interdisciplinarios,No informado,0,61
gh-31780279220-0814T1230,2026-08-14T07:31:41-05:00,2024045,CLASE TEORICA,(24) 2024045-24 Taller de proyectos interdisciplinarios,Hector Julian Garcia Otalora,200,61
gh-31780279220-0814T1230,2026-08-14T07:31:41-05:00,2024045,CLASE TEORICA,(3) 2024045-3 Taller de proyectos interdisciplinarios,Guillermo Alberto Rocha Casas,0,61
gh-31780279220-0814T1230,2026-08-14T07:31:41-05:00,2024045,CLASE TEORICA,(4) 2024045-4 Taller de proyectos interdisciplinarios,Francy Nayely Prieto Novoa,0,61
gh-31780279220-0814T1230,2026-08-14T07:31:41-05:00,2024045,CLASE TEORICA,(40) 2024045-40 TPI-- NO BORRAR-- BLOQ ESPACIOS,No informado,0,61
gh-31780279220-0814T1230,2026-08-14T07:31:41-05:00,2024045,CLASE TEORICA,(5) 2024045-5 Taller de proyectos interdisciplinarios,Nubia Carmenza Moreno Sarmiento,0,61
gh-31780279220-0814T1230,2026-08-14T07:31:41-05:00,2024045,CLASE TEORICA,(6) 2024045-6 Taller de proyectos interdisciplinarios,JOHANA CATALINA MANOSALVA BARRERA,0,61
gh-31780279220-0814T1230,2026-08-14T07:31:41-05:00,2024045,CLASE TEORICA,(7) 2024045-7 Taller de proyectos interdisciplinarios,Ubaldo Garcia Zaragoza,0,61
gh-31780279220-0814T1230,2026-08-14T07:31:41-05:00,2024045,CLASE TEORICA,(8) 2024045-8 Taller de proyectos interdisciplinarios,JHON FREDDY LOPEZ MEDINA,0,61
gh-31780279220-0814T1230,2026-08-14T07:31:41-05:00,2024045,CLASE TEORICA,(9) 2024045-9 Taller de proyectos interdisciplinarios,Manuel Alejandro Mayorga Betancourt,0,61
gh-31780279220-0814T1230,2026-08-14T07:31:42-05:00,2015296,NA,(1) Grupo 1,Leonardo David Donado Garzon,5,62
gh-31780279220-0814T1230,2026-08-14T07:31:42-05:00,2015296,NA,(10) Grupo 10,Juan Manuel Lizarazo Marriaga,5,62
gh-31780279220-0814T1230,2026-08-14T07:31:42-05:00,2015296,NA,(11) Grupo 11,Octavio Coronado Garcia,5,62
gh-31780279220-0814T1230,2026-08-14T07:31:42-05:00,2015296,NA,(12) Grupo 12,Carol Andrea Murillo Feo,5,62
gh-31780279220-0814T1230,2026-08-14T07:31:42-05:00,2015296,NA,(13) Grupo 13,CAMILO RIOS FRESNEDA,5,62
gh-31780279220-0814T1230,2026-08-14T07:31:42-05:00,2015296,NA,(14) Grupo 14,William Castro Garcia,5,62
gh-31780279220-0814T1230,2026-08-14T07:31:42-05:00,2015296,NA,(15) Grupo 15,Luis Alejandro Morales Marin,5,62
gh-31780279220-0814T1230,2026-08-14T07:31:42-05:00,2015296,NA,(16) Grupo 16,Ferney Betancourt Cardozo,5,62
gh-31780279220-0814T1230,2026-08-14T07:31:42-05:00,2015296,NA,(17) Grupo 17,Maria Alejandra Caicedo Londoño,5,62
gh-31780279220-0814T1230,2026-08-14T07:31:42-05:00,2015296,NA,(18) Grupo 18,Guillermo Eduardo Avila Alvarez,5,62
gh-31780279220-0814T1230,2026-08-14T07:31:42-05:00,2015296,NA,(19) Grupo 19,Carlos Alfonso Gomez Guacaneme,0,62
gh-31780279220-0814T1230,2026-08-14T07:31:42-05:00,2015296,NA,(2) Grupo 2,Carlos Orlando Robles Roa,5,62
gh-31780279220-0814T1230,2026-08-14T07:31:42-05:00,2015296,NA,(3) Grupo 3,Angela Barrera Puerto,5,62
gh-31780279220-0814T1230,2026-08-14T07:31:42-05:00,2015296,NA,(4) Grupo 4,Mauricio Alberto Tapias Camacho,5,62
gh-31780279220-0814T1230,2026-08-14T07:31:42-05:00,2015296,NA,(5) Grupo 5,Maritzabel Molina Herrera,5,62
gh-31780279220-0814T1230,2026-08-14T07:31:42-05:00,2015296,NA,(6) Grupo 6,Rodolfo Rodriguez Baracaldo,5,62
gh-31780279220-0814T1230,2026-08-14T07:31:42-05:00,2015296,NA,(7) Grupo 7,SANTIAGO RAMIREZ ECHEVERRI,5,62
gh-31780279220-0814T1230,2026-08-14T07:31:42-05:00,2015296,NA,(8) Grupo 8,Jose Ricardo Martinez Vargas,5,62
gh-31780279220-0814T1230,2026-08-14T07:31:42-05:00,2015296,NA,(9) Grupo 9,GABRIELA ARRIETA LOYO,5,62
gh-31780279220-0814T1230,2026-08-14T07:31:43-05:00,2015299,CLASE TEORICA,(1) Grupo 1,GABRIELA ARRIETA LOYO,51,63
gh-31800722326-0814T1300,2026-08-14T08:01:03-05:00,2015938,CLASE TEORICA,(1) Grupo 1,Maria Alejandra Caicedo Londoño,25,0
gh-31800722326-0814T1300,2026-08-14T08:01:03-05:00,2015938,CLASE TEORICA,(2) Grupo 2,Maria Alejandra Caicedo Londoño,25,0
gh-31800722326-0814T1300,2026-08-14T08:01:03-05:00,2015938,CLASE TEORICA,(3) Grupo 3,JOSE LUIS DIAZ AREVALO,25,0
gh-31800722326-0814T1300,2026-08-14T08:01:03-05:00,2015938,CLASE TEORICA,(4) Grupo 4,JOSE LUIS DIAZ AREVALO,24,0
gh-31800722326-0814T1300,2026-08-14T08:01:05-05:00,2015939,CLASE TEORICA,(1) Grupo 1,ALVARO MARTIN GUTIERREZ MALAXECHEBARRIA,25,1
gh-31800722326-0814T1300,2026-08-14T08:01:05-05:00,2015939,CLASE TEORICA,(2) Grupo 2,ALVARO MARTIN GUTIERREZ MALAXECHEBARRIA,25,1
gh-31800722326-0814T1300,2026-08-14T08:01:05-05:00,2015939,CLASE TEORICA,(3) Grupo 3,Edder Alexander Velandia Duran,25,1
gh-31800722326-0814T1300,2026-08-14T08:01:05-05:00,2015939,CLASE TEORICA,(4) Grupo 4,No informado,25,1
gh-31800722326-0814T1300,2026-08-14T08:01:07-05:00,1000003-B,NA,(1) Grupo 1,Erika Lorena Rosero Alzate; Oscar Andrés Rojas Sepúlveda,0,2
gh-31800722326-0814T1300,2026-08-14T08:01:07-05:00,1000003-B,NA,(10) Grupo 10,Epifanio Lozano Ayala,14,2
gh-31800722326-0814T1300,2026-08-14T08:01:07-05:00,1000003-B,NA,(11) Grupo 11,No informado,60,2
gh-31800722326-0814T1300,2026-08-14T08:01:07-05:00,1000003-B,NA,(12) Grupo 12,No informado,40,2
gh-31800722326-0814T1300,2026-08-14T08:01:07-05:00,1000003-B,NA,(13) Grupo 13,Mohammed EL AIDI,40,2
gh-31800722326-0814T1300,2026-08-14T08:01:07-05:00,1000003-B,NA,(15) Grupo 15,Myriam Leonor Campos Florez,60,2
gh-31800722326-0814T1300,2026-08-14T08:01:07-05:00,1000003-B,NA,(16) Grupo 16,No informado,60,2
gh-31800722326-0814T1300,2026-08-14T08:01:07-05:00,1000003-B,NA,(17) Grupo 17,Martha Cecilia Moreno Penagos,40,2
gh-31800722326-0814T1300,2026-08-14T08:01:07-05:00,1000003-B,NA,(18) Grupo 18,John Alexander Cruz Morales,52,2
gh-31800722326-0814T1300,2026-08-14T08:01:07-05:00,1000003-B,NA,(20) Grupo 20,Natalia Camila Pinzon Cortes,60,2
gh-31800722326-0814T1300,2026-08-14T08:01:07-05:00,1000003-B,NA,(21) Grupo 21,Ivon Andrea Dorado Correa,52,2
gh-31800722326-0814T1300,2026-08-14T08:01:07-05:00,1000003-B,NA,(22) Grupo 22,No informado,46,2
gh-31800722326-0814T1300,2026-08-14T08:01:07-05:00,1000003-B,NA,(3) Grupo 3,No informado,60,2
gh-31800722326-0814T1300,2026-08-14T08:01:07-05:00,1000003-B,NA,(4) Grupo 4,Luis Alejandro Barbosa Torres,112,2
gh-31800722326-0814T1300,2026-08-14T08:01:07-05:00,1000003-B,NA,(5) Grupo 5,Jaime David Mora Paz,60,2
gh-31800722326-0814T1300,2026-08-14T08:01:07-05:00,1000003-B,NA,(7) Grupo 7,Myriam Leonor Campos Florez,40,2
gh-31800722326-0814T1300,2026-08-14T08:01:07-05:00,1000003-B,NA,(8) Grupo 8,No informado,10,2
gh-31800722326-0814T1300,2026-08-14T08:01:08-05:00,2015940,CLASE TEORICA,(1) Grupo 1,Maritzabel Molina Herrera,24,3
gh-31800722326-0814T1300,2026-08-14T08:01:08-05:00,2015940,CLASE TEORICA,(2) Grupo 2,Gabriel Andres Bernal Granados,24,3
gh-31800722326-0814T1300,2026-08-14T08:01:08-05:00,2015940,CLASE TEORICA,(3) Grupo 3,No informado,24,3
gh-31800722326-0814T1300,2026-08-14T08:01:10-05:00,2015941,CLASE TEORICA,(1) Grupo 1,Patricia Luna Tamayo,30,4
gh-31800722326-0814T1300,2026-08-14T08:01:10-05:00,2015941,CLASE TEORICA,(2) Grupo 2,No informado,30,4
gh-31800722326-0814T1300,2026-08-14T08:01:10-05:00,2015941,CLASE TEORICA,(3) Grupo 3,Carlos Ramiro Vallecilla Bahena,30,4
gh-31800722326-0814T1300,2026-08-14T08:01:10-05:00,2015941,CLASE TEORICA,(4) Grupo 4,No informado,30,4
gh-31800722326-0814T1300,2026-08-14T08:01:12-05:00,1000004-B,NA,(10) Grupo 10,No informado,53,5
gh-31800722326-0814T1300,2026-08-14T08:01:12-05:00,1000004-B,NA,(11) Grupo 11,No informado,24,5
gh-31800722326-0814T1300,2026-08-14T08:01:12-05:00,1000004-B,NA,(12) Grupo 12,No informado,24,5
gh-31800722326-0814T1300,2026-08-14T08:01:12-05:00,1000004-B,NA,(13) Grupo 13,No informado,16,5
gh-31800722326-0814T1300,2026-08-14T08:01:12-05:00,1000004-B,NA,(14) Grupo 14,No informado,90,5
gh-31800722326-0814T1300,2026-08-14T08:01:12-05:00,1000004-B,NA,(16) Grupo 16,No informado,27,5
gh-31800722326-0814T1300,2026-08-14T08:01:12-05:00,1000004-B,NA,(17) Grupo 17,Hernan Garzon Gutierrez,39,5
gh-31800722326-0814T1300,2026-08-14T08:01:12-05:00,1000004-B,NA,(19) Grupo 19,No informado,59,5
gh-31800722326-0814T1300,2026-08-14T08:01:12-05:00,1000004-B,NA,(2) Grupo 2,No informado,24,5
gh-31800722326-0814T1300,2026-08-14T08:01:12-05:00,1000004-B,NA,(20) Grupo 20,Hernan Garzon Gutierrez,10,5
gh-31800722326-0814T1300,2026-08-14T08:01:12-05:00,1000004-B,NA,(21) Grupo 21,No informado,60,5
gh-31800722326-0814T1300,2026-08-14T08:01:12-05:00,1000004-B,NA,(22) Grupo 22,No informado,60,5
gh-31800722326-0814T1300,2026-08-14T08:01:12-05:00,1000004-B,NA,(24) Grupo 24,Ricardo Ariel Pastran Ramirez,60,5
gh-31800722326-0814T1300,2026-08-14T08:01:12-05:00,1000004-B,NA,(25) Grupo 25,No informado,40,5
gh-31800722326-0814T1300,2026-08-14T08:01:12-05:00,1000004-B,NA,(27) Grupo 27,No informado,51,5
gh-31800722326-0814T1300,2026-08-14T08:01:12-05:00,1000004-B,NA,(28) Grupo 28,No informado,60,5
gh-31800722326-0814T1300,2026-08-14T08:01:12-05:00,1000004-B,NA,(29) Grupo 29,No informado,60,5
gh-31800722326-0814T1300,2026-08-14T08:01:12-05:00,1000004-B,NA,(30) Grupo 30,No informado,60,5
gh-31800722326-0814T1300,2026-08-14T08:01:12-05:00,1000004-B,NA,(32) Grupo 32,No informado,90,5
gh-31800722326-0814T1300,2026-08-14T08:01:12-05:00,1000004-B,NA,(4) Grupo 4,Myriam Leonor Campos Florez,37,5
gh-31800722326-0814T1300,2026-08-14T08:01:12-05:00,1000004-B,NA,(5) Grupo 5,Oscar Javier Lopez Alfonso,84,5
gh-31800722326-0814T1300,2026-08-14T08:01:12-05:00,1000004-B,NA,(7) Grupo 7,Anderson Arley Vera Arboleda,64,5
gh-31800722326-0814T1300,2026-08-14T08:01:12-05:00,1000004-B,NA,(8) Grupo 8,No informado,40,5
gh-31800722326-0814T1300,2026-08-14T08:01:12-05:00,1000004-B,NA,(9) Grupo 9,No informado,18,5
gh-31800722326-0814T1300,2026-08-14T08:01:13-05:00,1000006-B,NA,(1) Grupo 1,No informado,40,6
gh-31800722326-0814T1300,2026-08-14T08:01:13-05:00,1000006-B,NA,(10) Grupo 10,No informado,100,6
gh-31800722326-0814T1300,2026-08-14T08:01:13-05:00,1000006-B,NA,(11) Grupo 11,No informado,40,6
gh-31800722326-0814T1300,2026-08-14T08:01:13-05:00,1000006-B,NA,(12) Grupo 12,Leonid Lebedev,60,6
gh-31800722326-0814T1300,2026-08-14T08:01:13-05:00,1000006-B,NA,(13) Grupo 13,Juan Carlos Hernandez Rincon,40,6
gh-31800722326-0814T1300,2026-08-14T08:01:13-05:00,1000006-B,NA,(14) Grupo 14,No informado,60,6
gh-31800722326-0814T1300,2026-08-14T08:01:13-05:00,1000006-B,NA,(15) Grupo 15,No informado,112,6
gh-31800722326-0814T1300,2026-08-14T08:01:13-05:00,1000006-B,NA,(2) Grupo 2,EDIXON MANUEL ROJAS SANTANA,40,6
gh-31800722326-0814T1300,2026-08-14T08:01:13-05:00,1000006-B,NA,(3) Grupo 3,Cesar Augusto Gomez Sierra,40,6
gh-31800722326-0814T1300,2026-08-14T08:01:13-05:00,1000006-B,NA,(4) Grupo 4,Agustin Moreno Canadas,100,6
gh-31800722326-0814T1300,2026-08-14T08:01:13-05:00,1000006-B,NA,(5) Grupo 5,German Eduardo Fonseca Buitrago,40,6
gh-31800722326-0814T1300,2026-08-14T08:01:13-05:00,1000006-B,NA,(7) Grupo 7,No informado,70,6
gh-31800722326-0814T1300,2026-08-14T08:01:13-05:00,1000006-B,NA,(8) Grupo 8,Epifanio Lozano Ayala,60,6
gh-31800722326-0814T1300,2026-08-14T08:01:13-05:00,1000006-B,NA,(9) Grupo 9,Orlando Vanegas Canro,0,6
gh-31800722326-0814T1300,2026-08-14T08:01:15-05:00,1000005-B,NA,(1) Grupo 1,Orlando Vanegas Canro,0,7
gh-31800722326-0814T1300,2026-08-14T08:01:15-05:00,1000005-B,NA,(10) Grupo 10,Epifanio Lozano Ayala,50,7
gh-31800722326-0814T1300,2026-08-14T08:01:15-05:00,1000005-B,NA,(14) Grupo 14,Mohammed EL AIDI,40,7
gh-31800722326-0814T1300,2026-08-14T08:01:15-05:00,1000005-B,NA,(15) Grupo 15,Alina Fedosova,60,7
gh-31800722326-0814T1300,2026-08-14T08:01:15-05:00,1000005-B,NA,(16) Grupo 16,No informado,70,7
gh-31800722326-0814T1300,2026-08-14T08:01:15-05:00,1000005-B,NA,(17) Grupo 17,Hernan Garzon Gutierrez,40,7
gh-31800722326-0814T1300,2026-08-14T08:01:15-05:00,1000005-B,NA,(2) Grupo 2,RENE ERLIN CASTILLO,60,7
gh-31800722326-0814T1300,2026-08-14T08:01:15-05:00,1000005-B,NA,(20) Grupo 20,Franqui Solis Cardenas Poloche,40,7
gh-31800722326-0814T1300,2026-08-14T08:01:15-05:00,1000005-B,NA,(22) Grupo 22,No informado,60,7
gh-31800722326-0814T1300,2026-08-14T08:01:15-05:00,1000005-B,NA,(3) Grupo 3,Eduardo Cardenas Gomez,70,7
gh-31800722326-0814T1300,2026-08-14T08:01:15-05:00,1000005-B,NA,(4) Grupo 4,Edward Samuel Becerra Rojas,60,7
gh-31800722326-0814T1300,2026-08-14T08:01:15-05:00,1000005-B,NA,(6) Grupo 6,No informado,60,7
gh-31800722326-0814T1300,2026-08-14T08:01:15-05:00,1000005-B,NA,(7) Grupo 7,Franqui Solis Cardenas Poloche,100,7
gh-31800722326-0814T1300,2026-08-14T08:01:15-05:00,1000005-B,NA,(8) Grupo 8,No informado,40,7
gh-31800722326-0814T1300,2026-08-14T08:01:15-05:00,1000005-B,NA,(9) Grupo 9,No informado,10,7
gh-31800722326-0814T1300,2026-08-14T08:01:18-05:00,2015943,CLASE TEORICA,(1) Grupo 1,Carlos Orlando Robles Roa,15,9
gh-31800722326-0814T1300,2026-08-14T08:01:19-05:00,2015944,CLASE TEORICA,(1) Grupo 1,SANTIAGO RAMIREZ ECHEVERRI,15,10
gh-31800722326-0814T1300,2026-08-14T08:01:20-05:00,2015711,NA,(10) 2015711-10 Dibujo básico,Ariel Augusto Amaya Avila,0,11
gh-31800722326-0814T1300,2026-08-14T08:01:20-05:00,2015711,NA,(11) 2015711-11 Dibujo básico,Cesar Augusto Bacca Gonzalez,0,11
gh-31800722326-0814T1300,2026-08-14T08:01:20-05:00,2015711,NA,(14) 2015711-14 Dibujo básico,Cristian Felipe Morales Suárez,0,11
gh-31800722326-0814T1300,2026-08-14T08:01:20-05:00,2015711,NA,(16) 2015711-16 Dibujo básico,DAVID FELIPE TORRES ARCE,0,11
gh-31800722326-0814T1300,2026-08-14T08:01:20-05:00,2015711,NA,(4) 2015711-4 Dibujo básico,Cristian Felipe Morales Suárez,9,11
gh-31800722326-0814T1300,2026-08-14T08:01:20-05:00,2015711,NA,(5) 2015711-5 Dibujo básico,Sebastian Achury Ortiz,0,11
gh-31800722326-0814T1300,2026-08-14T08:01:20-05:00,2015711,NA,(7) 2015711-7 Dibujo básico,Cesar Augusto Bacca Gonzalez,22,11
gh-31800722326-0814T1300,2026-08-14T08:01:20-05:00,2015711,NA,(8) 2015711-8 Dibujo básico,Miguel Angel Baquero Cortes,0,11
gh-31800722326-0814T1300,2026-08-14T08:01:20-05:00,2015711,NA,(9) 2015711-9 Dibujo básico,EDWIN CAMILO REINA BELTRAN,0,11
gh-31800722326-0814T1300,2026-08-14T08:01:21-05:00,2015948,CLASE TEORICA,(1) Grupo 1,No informado,30,12
gh-31800722326-0814T1300,2026-08-14T08:01:21-05:00,2015948,CLASE TEORICA,(2) Grupo 2,Mauricio Alberto Tapias Camacho,30,12
gh-31800722326-0814T1300,2026-08-14T08:01:21-05:00,2015948,CLASE TEORICA,(3) Grupo 3,No informado,30,12
gh-31800722326-0814T1300,2026-08-14T08:01:23-05:00,2015950,CLASE TEORICA,(1) Grupo 1,No informado,25,13
gh-31800722326-0814T1300,2026-08-14T08:01:23-05:00,2015950,CLASE TEORICA,(2) Grupo 2,No informado,0,13
gh-31800722326-0814T1300,2026-08-14T08:01:23-05:00,2015950,CLASE TEORICA,(3) Grupo 3,Daniel Ricardo Lozano Monsalve,25,13
gh-31800722326-0814T1300,2026-08-14T08:01:23-05:00,2015950,CLASE TEORICA,(4) Grupo 4,No informado,25,13
gh-31800722326-0814T1300,2026-08-14T08:01:23-05:00,2015950,CLASE TEORICA,(5) Grupo 5,No informado,25,13
gh-31800722326-0814T1300,2026-08-14T08:01:24-05:00,2015949,CLASE TEORICA,(1) Grupo 1,Mario Javier Cardozo Chaux,30,14
gh-31800722326-0814T1300,2026-08-14T08:01:24-05:00,2015949,CLASE TEORICA,(2) Grupo 2,Wilson Ernesto Vargas Vargas,30,14
gh-31800722326-0814T1300,2026-08-14T08:01:24-05:00,2015949,CLASE TEORICA,(3) Grupo 3,No informado,30,14
gh-31800722326-0814T1300,2026-08-14T08:01:26-05:00,1000007-B,NA,(1) Grupo 1,German Eduardo Fonseca Buitrago,60,15
gh-31800722326-0814T1300,2026-08-14T08:01:26-05:00,1000007-B,NA,(11) Grupo 11,Leonid Lebedev,60,15
gh-31800722326-0814T1300,2026-08-14T08:01:26-05:00,1000007-B,NA,(12) Grupo 12,No informado,60,15
gh-31800722326-0814T1300,2026-08-14T08:01:26-05:00,1000007-B,NA,(13) Grupo 13,Omar Duque Gomez,40,15
gh-31800722326-0814T1300,2026-08-14T08:01:26-05:00,1000007-B,NA,(14) Grupo 14,No informado,100,15
gh-31800722326-0814T1300,2026-08-14T08:01:26-05:00,1000007-B,NA,(3) Grupo 3,Serafin Bautista Diaz,40,15
gh-31800722326-0814T1300,2026-08-14T08:01:26-05:00,1000007-B,NA,(4) Grupo 4,EDIXON MANUEL ROJAS SANTANA,60,15
gh-31800722326-0814T1300,2026-08-14T08:01:26-05:00,1000007-B,NA,(6) Grupo 6,Alexander Caviedes Castro,50,15
gh-31800722326-0814T1300,2026-08-14T08:01:26-05:00,1000007-B,NA,(7) Grupo 7,Oscar Guillermo Riaño Castañeda,40,15
gh-31800722326-0814T1300,2026-08-14T08:01:26-05:00,1000007-B,NA,(9) Grupo 9,Orlando Vanegas Canro,0,15
gh-31800722326-0814T1300,2026-08-14T08:01:27-05:00,2026134,CLASE TEORICA,(1) Grupo 1,No informado,0,16
gh-31800722326-0814T1300,2026-08-14T08:01:27-05:00,2026134,CLASE TEORICA,(2) Grupo 2,Juan Manuel Lizarazo Marriaga,30,16
gh-31800722326-0814T1300,2026-08-14T08:01:27-05:00,2026134,CLASE TEORICA,(3) Grupo 3,Maritzabel Molina Herrera,30,16
gh-31800722326-0814T1300,2026-08-14T08:01:27-05:00,2026134,CLASE TEORICA,(4) Grupo 4,Carlos Ramiro Vallecilla Bahena,30,16
gh-31800722326-0814T1300,2026-08-14T08:01:27-05:00,2026134,CLASE TEORICA,(5) Grupo 5,Fernando Lozano Osorno,30,16
gh-31800722326-0814T1300,2026-08-14T08:01:27-05:00,2026134,CLASE TEORICA,(6) Grupo 6,No informado,30,16
gh-31800722326-0814T1300,2026-08-14T08:01:28-05:00,2015954,CLASE TEORICA,(1) Grupo 1,Erasmo Alfredo Rodriguez Sandoval,30,17
gh-31800722326-0814T1300,2026-08-14T08:01:28-05:00,2015954,CLASE TEORICA,(2) Grupo 2,Mario Enrique Moreno Castiblanco,30,17
gh-31800722326-0814T1300,2026-08-14T08:01:28-05:00,2015954,CLASE TEORICA,(3) Grupo 3,Luis Alejandro Morales Marin,30,17
gh-31800722326-0814T1300,2026-08-14T08:01:29-05:00,2015955,CLASE TEORICA,(1) Grupo 1,Giovanni Andres Cortes Tovar,30,18
gh-31800722326-0814T1300,2026-08-14T08:01:29-05:00,2015955,CLASE TEORICA,(2) Grupo 2,Angela Barrera Puerto,30,18
gh-31800722326-0814T1300,2026-08-14T08:01:29-05:00,2015955,CLASE TEORICA,(3) Grupo 3,Giovanni Andres Cortes Tovar,30,18
gh-31800722326-0814T1300,2026-08-14T08:01:30-05:00,1000011-B,CLASE TEORICA,(1) Grupo 1,Ernesto Javier Puertas Dellepianes,118,19
gh-31800722326-0814T1300,2026-08-14T08:01:30-05:00,1000011-B,CLASE TEORICA,(3) Grupo 3,Néstor Fernando Perez Buitrago,12,19
gh-31800722326-0814T1300,2026-08-14T08:01:33-05:00,1000019-B,CLASE LABORATORIO,(1) Grupo 1,Gustavo Martinez Tamayo,35,20
gh-31800722326-0814T1300,2026-08-14T08:01:33-05:00,1000019-B,CLASE LABORATORIO,(10) Grupo 10,LUIS AGULLES PEDROS,35,20
gh-31800722326-0814T1300,2026-08-14T08:01:33-05:00,1000019-B,CLASE LABORATORIO,(11) Grupo 11,EVER DAVID ALCALA CAJAR,35,20
gh-31800722326-0814T1300,2026-08-14T08:01:33-05:00,1000019-B,CLASE LABORATORIO,(12) Grupo 12,FABIAN FELIPE QUEVEDO FARIETA,35,20
gh-31800722326-0814T1300,2026-08-14T08:01:33-05:00,1000019-B,CLASE LABORATORIO,(13) Grupo 13,Alvaro Marino Camargo,35,20
gh-31800722326-0814T1300,2026-08-14T08:01:33-05:00,1000019-B,CLASE LABORATORIO,(14) Grupo 14,Alvaro Marino Camargo; Miryam Rincon Joya,35,20
gh-31800722326-0814T1300,2026-08-14T08:01:33-05:00,1000019-B,CLASE LABORATORIO,(15) Grupo 15,JULIAN MATEO DE MENDOZA GUTIERREZ,32,20
gh-31800722326-0814T1300,2026-08-14T08:01:33-05:00,1000019-B,CLASE LABORATORIO,(16) Grupo 16,Alvaro Marino Camargo; Doris Yaneth Cadavid Rodriguez,35,20
gh-31800722326-0814T1300,2026-08-14T08:01:33-05:00,1000019-B,CLASE LABORATORIO,(17) Grupo 17,JULIAN MATEO DE MENDOZA GUTIERREZ,34,20
gh-31800722326-0814T1300,2026-08-14T08:01:33-05:00,1000019-B,CLASE LABORATORIO,(18) Grupo 18,Jaime Villalobos Velasco,34,20
gh-31800722326-0814T1300,2026-08-14T08:01:33-05:00,1000019-B,CLASE LABORATORIO,(19) Grupo 19,JULY PAOLA GARZÓN LOPEZ,32,20
gh-31800722326-0814T1300,2026-08-14T08:01:33-05:00,1000019-B,CLASE LABORATORIO,(2) Grupo 2,Gustavo Martinez Tamayo,35,20
gh-31800722326-0814T1300,2026-08-14T08:01:33-05:00,1000019-B,CLASE LABORATORIO,(20) Grupo 20,JOSE ALFREDO GOMEZ MATEUS,35,20
gh-31800722326-0814T1300,2026-08-14T08:01:33-05:00,1000019-B,CLASE LABORATORIO,(21) Grupo 21,Pedro Hernan Sanchez Machet,35,20
gh-31800722326-0814T1300,2026-08-14T08:01:33-05:00,1000019-B,CLASE LABORATORIO,(22) Grupo 22,Pedro Hernan Sanchez Machet,35,20
gh-31800722326-0814T1300,2026-08-14T08:01:33-05:00,1000019-B,CLASE LABORATORIO,(23) Grupo 23,Pedro Hernan Sanchez Machet,35,20
gh-31800722326-0814T1300,2026-08-14T08:01:33-05:00,1000019-B,CLASE LABORATORIO,(24) Grupo 24,Pedro Hernan Sanchez Machet,35,20
gh-31800722326-0814T1300,2026-08-14T08:01:33-05:00,1000019-B,CLASE LABORATORIO,(25) Grupo 25,Plinio Del Carmen Teheran Sermeno,45,20
gh-31800722326-0814T1300,2026-08-14T08:01:33-05:00,1000019-B,CLASE LABORATORIO,(26) Grupo 26 (VIRTUAL),Plinio Del Carmen Teheran Sermeno,50,20
gh-31800722326-0814T1300,2026-08-14T08:01:33-05:00,1000019-B,CLASE LABORATORIO,(27) Grupo 27 (VIRTUAL),Plinio Del Carmen Teheran Sermeno,50,20
gh-31800722326-0814T1300,2026-08-14T08:01:33-05:00,1000019-B,CLASE LABORATORIO,(28) Grupo 28 (VIRTUAL),Plinio Del Carmen Teheran Sermeno,50,20
gh-31800722326-0814T1300,2026-08-14T08:01:33-05:00,1000019-B,CLASE LABORATORIO,(29) Grupo 29 (VIRTUAL),Plinio Del Carmen Teheran Sermeno,50,20
gh-31800722326-0814T1300,2026-08-14T08:01:33-05:00,1000019-B,CLASE LABORATORIO,(3) Grupo 3,Gustavo Martinez Tamayo,35,20
gh-31800722326-0814T1300,2026-08-14T08:01:33-05:00,1000019-B,CLASE LABORATORIO,(4) Grupo 4,No informado,35,20
gh-31800722326-0814T1300,2026-08-14T08:01:33-05:00,1000019-B,CLASE LABORATORIO,(5) Grupo 5,FABIAN FELIPE QUEVEDO FARIETA,35,20
gh-31800722326-0814T1300,2026-08-14T08:01:33-05:00,1000019-B,CLASE LABORATORIO,(6) Grupo 6,Jaime Villalobos Velasco,35,20
gh-31800722326-0814T1300,2026-08-14T08:01:33-05:00,1000019-B,CLASE LABORATORIO,(7) Grupo 7,Jaime Villalobos Velasco,35,20
gh-31800722326-0814T1300,2026-08-14T08:01:33-05:00,1000019-B,CLASE LABORATORIO,(8) Grupo 8,Alvaro Marino Camargo,35,20
gh-31800722326-0814T1300,2026-08-14T08:01:33-05:00,1000019-B,CLASE LABORATORIO,(9) Grupo 9,Erika Lorena Rosero Alzate,0,20
gh-31800722326-0814T1300,2026-08-14T08:01:33-05:00,1000019-B,CLASE TALLER,(1) Grupo 1,FABIAN FELIPE QUEVEDO FARIETA,35,20
gh-31800722326-0814T1300,2026-08-14T08:01:33-05:00,1000019-B,CLASE TALLER,(10) Grupo 10,FABIAN FELIPE QUEVEDO FARIETA,35,20
gh-31800722326-0814T1300,2026-08-14T08:01:33-05:00,1000019-B,CLASE TALLER,(11) Grupo 11,JULIAN MATEO DE MENDOZA GUTIERREZ,35,20
gh-31800722326-0814T1300,2026-08-14T08:01:33-05:00,1000019-B,CLASE TALLER,(12) Grupo 12,EVER DAVID ALCALA CAJAR,35,20
gh-31800722326-0814T1300,2026-08-14T08:01:33-05:00,1000019-B,CLASE TALLER,(13) Grupo 13,MIGUEL ENRIQUE GÁMEZ LÓPEZ,35,20
gh-31800722326-0814T1300,2026-08-14T08:01:33-05:00,1000019-B,CLASE TALLER,(14) Grupo 14,No informado,35,20
gh-31800722326-0814T1300,2026-08-14T08:01:33-05:00,1000019-B,CLASE TALLER,(15) Grupo 15,EVER DAVID ALCALA CAJAR,32,20
gh-31800722326-0814T1300,2026-08-14T08:01:33-05:00,1000019-B,CLASE TALLER,(16) Grupo 16,Edna Carolina Pinilla Beltran,35,20
gh-31800722326-0814T1300,2026-08-14T08:01:33-05:00,1000019-B,CLASE TALLER,(17) Grupo 17,Jereson Silva Valencia,34,20
gh-31800722326-0814T1300,2026-08-14T08:01:33-05:00,1000019-B,CLASE TALLER,(18) Grupo 18,Jereson Silva Valencia,34,20
gh-31800722326-0814T1300,2026-08-14T08:01:33-05:00,1000019-B,CLASE TALLER,(19) Grupo 19,Jereson Silva Valencia,32,20
gh-31800722326-0814T1300,2026-08-14T08:01:33-05:00,1000019-B,CLASE TALLER,(2) Grupo 2,Gustavo Martinez Tamayo,35,20
gh-31800722326-0814T1300,2026-08-14T08:01:33-05:00,1000019-B,CLASE TALLER,(20) Grupo 20,Jereson Silva Valencia,35,20
gh-31800722326-0814T1300,2026-08-14T08:01:33-05:00,1000019-B,CLASE TALLER,(21) Grupo 21,JOSE ALFREDO GOMEZ MATEUS,35,20
gh-31800722326-0814T1300,2026-08-14T08:01:33-05:00,1000019-B,CLASE TALLER,(22) Grupo 22,JULY PAOLA GARZÓN LOPEZ,35,20
gh-31800722326-0814T1300,2026-08-14T08:01:33-05:00,1000019-B,CLASE TALLER,(23) Grupo 23,Edna Carolina Pinilla Beltran,35,20
gh-31800722326-0814T1300,2026-08-14T08:01:33-05:00,1000019-B,CLASE TALLER,(24) Grupo 24,Diego Alejandro Torres Galindo,35,20
gh-31800722326-0814T1300,2026-08-14T08:01:33-05:00,1000019-B,CLASE TALLER,(25) Grupo 25,Plinio Del Carmen Teheran Sermeno,45,20
gh-31800722326-0814T1300,2026-08-14T08:01:33-05:00,1000019-B,CLASE TALLER,(26) Grupo 26 (VIRTUAL),Plinio Del Carmen Teheran Sermeno,50,20
gh-31800722326-0814T1300,2026-08-14T08:01:33-05:00,1000019-B,CLASE TALLER,(27) Grupo 27 (VIRTUAL),Plinio Del Carmen Teheran Sermeno,50,20
gh-31800722326-0814T1300,2026-08-14T08:01:33-05:00,1000019-B,CLASE TALLER,(28) Grupo 28 (VIRTUAL),Plinio Del Carmen Teheran Sermeno,50,20
gh-31800722326-0814T1300,2026-08-14T08:01:33-05:00,1000019-B,CLASE TALLER,(29) Grupo 29 (VIRTUAL),Plinio Del Carmen Teheran Sermeno,50,20
gh-31800722326-0814T1300,2026-08-14T08:01:33-05:00,1000019-B,CLASE TALLER,(3) Grupo 3,Gustavo Martinez Tamayo,35,20
gh-31800722326-0814T1300,2026-08-14T08:01:33-05:00,1000019-B,CLASE TALLER,(4) Grupo 4,Jaime Villalobos Velasco,35,20
gh-31800722326-0814T1300,2026-08-14T08:01:33-05:00,1000019-B,CLASE TALLER,(5) Grupo 5,Jaime Villalobos Velasco,35,20
gh-31800722326-0814T1300,2026-08-14T08:01:33-05:00,1000019-B,CLASE TALLER,(6) Grupo 6,Ramiro Cardona Cardona,35,20
gh-31800722326-0814T1300,2026-08-14T08:01:33-05:00,1000019-B,CLASE TALLER,(7) Grupo 7,Ramiro Cardona Cardona,35,20
gh-31800722326-0814T1300,2026-08-14T08:01:33-05:00,1000019-B,CLASE TALLER,(8) Grupo 8,Edna Carolina Pinilla Beltran,35,20
gh-31800722326-0814T1300,2026-08-14T08:01:33-05:00,1000019-B,CLASE TALLER,(9) Grupo 9,No informado,10,20
gh-31800722326-0814T1300,2026-08-14T08:01:33-05:00,1000019-B,CLASE MAGISTRAL,(16) Gruop 16,Erika Lorena Rosero Alzate; Daniel Camilo Padilla González,8,20
gh-31800722326-0814T1300,2026-08-14T08:01:33-05:00,1000019-B,CLASE MAGISTRAL,(1) Grupo 1,Gustavo Martinez Tamayo,35,20
gh-31800722326-0814T1300,2026-08-14T08:01:33-05:00,1000019-B,CLASE MAGISTRAL,(10) Grupo 10,Ovidio Amado Almanza Montero,35,20
gh-31800722326-0814T1300,2026-08-14T08:01:33-05:00,1000019-B,CLASE MAGISTRAL,(11) Grupo 11,Ovidio Amado Almanza Montero,35,20
gh-31800722326-0814T1300,2026-08-14T08:01:33-05:00,1000019-B,CLASE MAGISTRAL,(12) Grupo 12,Ovidio Amado Almanza Montero,35,20
gh-31800722326-0814T1300,2026-08-14T08:01:33-05:00,1000019-B,CLASE MAGISTRAL,(13) Grupo 13,Jaime Villalobos Velasco,35,20
gh-31800722326-0814T1300,2026-08-14T08:01:33-05:00,1000019-B,CLASE MAGISTRAL,(14) Grupo 14,Jaime Villalobos Velasco,35,20
gh-31800722326-0814T1300,2026-08-14T08:01:33-05:00,1000019-B,CLASE MAGISTRAL,(15) Grupo 15,Jaime Villalobos Velasco,32,20
gh-31800722326-0814T1300,2026-08-14T08:01:33-05:00,1000019-B,CLASE MAGISTRAL,(17) Grupo 17,Jereson Silva Valencia,34,20
gh-31800722326-0814T1300,2026-08-14T08:01:33-05:00,1000019-B,CLASE MAGISTRAL,(18) Grupo 18,Jereson Silva Valencia,34,20
gh-31800722326-0814T1300,2026-08-14T08:01:33-05:00,1000019-B,CLASE MAGISTRAL,(19) Grupo 19,Jereson Silva Valencia,32,20
gh-31800722326-0814T1300,2026-08-14T08:01:33-05:00,1000019-B,CLASE MAGISTRAL,(2) Grupo 2,Gustavo Martinez Tamayo,35,20
gh-31800722326-0814T1300,2026-08-14T08:01:33-05:00,1000019-B,CLASE MAGISTRAL,(20) Grupo 20,Jereson Silva Valencia,35,20
gh-31800722326-0814T1300,2026-08-14T08:01:33-05:00,1000019-B,CLASE MAGISTRAL,(21) Grupo 21,Diego Alejandro Torres Galindo,35,20
gh-31800722326-0814T1300,2026-08-14T08:01:33-05:00,1000019-B,CLASE MAGISTRAL,(22) Grupo 22,Diego Alejandro Torres Galindo,35,20
gh-31800722326-0814T1300,2026-08-14T08:01:33-05:00,1000019-B,CLASE MAGISTRAL,(23) Grupo 23,Diego Alejandro Torres Galindo,35,20
gh-31800722326-0814T1300,2026-08-14T08:01:33-05:00,1000019-B,CLASE MAGISTRAL,(24) Grupo 24,Diego Alejandro Torres Galindo,35,20
gh-31800722326-0814T1300,2026-08-14T08:01:33-05:00,1000019-B,CLASE MAGISTRAL,(25) Grupo 25,Plinio Del Carmen Teheran Sermeno,45,20
gh-31800722326-0814T1300,2026-08-14T08:01:33-05:00,1000019-B,CLASE MAGISTRAL,(26) Grupo 26 (VIRTUAL),Plinio Del Carmen Teheran Sermeno,50,20
gh-31800722326-0814T1300,2026-08-14T08:01:33-05:00,1000019-B,CLASE MAGISTRAL,(27) Grupo 27 (VIRTUAL),Plinio Del Carmen Teheran Sermeno,50,20
gh-31800722326-0814T1300,2026-08-14T08:01:33-05:00,1000019-B,CLASE MAGISTRAL,(28) Grupo 28 (VIRTUAL),Plinio Del Carmen Teheran Sermeno,50,20
gh-31800722326-0814T1300,2026-08-14T08:01:33-05:00,1000019-B,CLASE MAGISTRAL,(29) Grupo 29 (VIRTUAL),Plinio Del Carmen Teheran Sermeno,50,20
gh-31800722326-0814T1300,2026-08-14T08:01:33-05:00,1000019-B,CLASE MAGISTRAL,(3) Grupo 3,Gustavo Martinez Tamayo,35,20
gh-31800722326-0814T1300,2026-08-14T08:01:33-05:00,1000019-B,CLASE MAGISTRAL,(4) Grupo 4,Gustavo Martinez Tamayo,35,20
gh-31800722326-0814T1300,2026-08-14T08:01:33-05:00,1000019-B,CLASE MAGISTRAL,(5) Grupo 5,Ramiro Cardona Cardona,35,20
gh-31800722326-0814T1300,2026-08-14T08:01:33-05:00,1000019-B,CLASE MAGISTRAL,(6) Grupo 6,Ramiro Cardona Cardona,35,20
gh-31800722326-0814T1300,2026-08-14T08:01:33-05:00,1000019-B,CLASE MAGISTRAL,(7) Grupo 7,Ramiro Cardona Cardona,35,20
gh-31800722326-0814T1300,2026-08-14T08:01:33-05:00,1000019-B,CLASE MAGISTRAL,(8) Grupo 8,Ramiro Cardona Cardona,35,20
gh-31800722326-0814T1300,2026-08-14T08:01:33-05:00,1000019-B,CLASE MAGISTRAL,(9) Grupo 9,Fredy Angel Jimenez Giraldo,10,20
gh-31800722326-0814T1300,2026-08-14T08:01:35-05:00,2015956,CLASE TEORICA,(1) Grupo 1,Modesto Portilla Gamboa; Fernando Eli Romero Ordoñez,35,21
gh-31800722326-0814T1300,2026-08-14T08:01:35-05:00,2015956,CLASE TEORICA,(2) Grupo 2,Jennifer Angel Amaya,30,21
gh-31800722326-0814T1300,2026-08-14T08:01:35-05:00,2015956,CLASE TEORICA,(3) Grupo 3,Jennifer Angel Amaya,30,21
gh-31800722326-0814T1300,2026-08-14T08:01:35-05:00,2015956,CLASE TEORICA,(4) Grupo 4,Fernando Eli Romero Ordoñez; Modesto Portilla Gamboa,35,21
gh-31800722326-0814T1300,2026-08-14T08:01:36-05:00,2015957,CLASE PRACTICA,(1) Grupo 1,No informado,30,22
gh-31800722326-0814T1300,2026-08-14T08:01:36-05:00,2015957,CLASE PRACTICA,(2) Grupo 2,Samuel Fernando Mesa Giraldo,30,22
gh-31800722326-0814T1300,2026-08-14T08:01:36-05:00,2015957,CLASE PRACTICA,(3) Grupo 3,Rose Marie Aldana Boutin,30,22
gh-31800722326-0814T1300,2026-08-14T08:01:36-05:00,2015957,CLASE PRACTICA,(4) Grupo 4,Rose Marie Aldana Boutin,30,22
gh-31800722326-0814T1300,2026-08-14T08:01:38-05:00,2015958,CLASE PRACTICA,(1) Grupo 1,William Castro Garcia,20,23
gh-31800722326-0814T1300,2026-08-14T08:01:38-05:00,2015958,CLASE PRACTICA,(2) Grupo 2,William Castro Garcia,20,23
gh-31800722326-0814T1300,2026-08-14T08:01:38-05:00,2015958,CLASE PRACTICA,(3) Grupo 3,Carlos Alfonso Gomez Guacaneme,30,23
gh-31800722326-0814T1300,2026-08-14T08:01:38-05:00,2015958,CLASE PRACTICA,(4) Grupo 4,Mario Arturo Rincon Villalba,20,23
gh-31800722326-0814T1300,2026-08-14T08:01:38-05:00,2015958,CLASE PRACTICA,(5) Grupo 5,Mario Arturo Rincon Villalba,20,23
gh-31800722326-0814T1300,2026-08-14T08:01:38-05:00,2015958,CLASE PRACTICA,(6) Grupo 6,Fausto Alejandro Silva España,20,23
gh-31800722326-0814T1300,2026-08-14T08:01:38-05:00,2015958,CLASE PRACTICA,(7) Grupo 7,Fausto Alejandro Silva España,20,23
gh-31800722326-0814T1300,2026-08-14T08:01:38-05:00,2015958,CLASE PRACTICA,(8) Grupo 8,Fausto Alejandro Silva España,20,23
gh-31800722326-0814T1300,2026-08-14T08:01:38-05:00,2015958,CLASE PRACTICA,(9) Grupo 9,Fausto Alejandro Silva España,20,23
gh-31800722326-0814T1300,2026-08-14T08:01:38-05:00,2015958,CLASE TEORICA,(1) Grupo 1,William Castro Garcia,40,23
gh-31800722326-0814T1300,2026-08-14T08:01:38-05:00,2015958,CLASE TEORICA,(3) Grupo 3,Carlos Alfonso Gomez Guacaneme,30,23
gh-31800722326-0814T1300,2026-08-14T08:01:38-05:00,2015958,CLASE TEORICA,(4) Grupo 4,Mario Arturo Rincon Villalba,40,23
gh-31800722326-0814T1300,2026-08-14T08:01:38-05:00,2015958,CLASE TEORICA,(6) Grupo 6,Cesar Andres Cortes Bello,40,23
gh-31800722326-0814T1300,2026-08-14T08:01:38-05:00,2015958,CLASE TEORICA,(8) Grupo 8,Cesar Andres Cortes Bello,40,23
gh-31800722326-0814T1300,2026-08-14T08:01:39-05:00,2015959,CLASE TEORICA,(1) Grupo 1,Carlos Eduardo Rodriguez Pineda,30,24
gh-31800722326-0814T1300,2026-08-14T08:01:39-05:00,2015959,CLASE TEORICA,(2) Grupo 2,Guillermo Eduardo Avila Alvarez,30,24
gh-31800722326-0814T1300,2026-08-14T08:01:39-05:00,2015959,CLASE TEORICA,(3) Grupo 3,Livaniel Viveros Rosero,30,24
gh-31800722326-0814T1300,2026-08-14T08:01:39-05:00,2015959,CLASE TEORICA,(4) Grupo 4,No informado,0,24
gh-31800722326-0814T1300,2026-08-14T08:01:41-05:00,2015961,CLASE TEORICA,(1) Grupo 1,Rafael Orland Ortiz Mosquera,24,26
gh-31800722326-0814T1300,2026-08-14T08:01:41-05:00,2015961,CLASE TEORICA,(2) Grupo 2,Adriana Patricia Piña Fulano,24,26
gh-31800722326-0814T1300,2026-08-14T08:01:41-05:00,2015961,CLASE TEORICA,(3) Grupo 3,Gelber Norberto Gutierrez Palacios,24,26
gh-31800722326-0814T1300,2026-08-14T08:01:41-05:00,2015961,CLASE TEORICA,(4) Grupo 4,No informado,24,26
gh-31800722326-0814T1300,2026-08-14T08:01:41-05:00,2015961,CLASE TEORICA,(5) Grupo 5,No informado,24,26
gh-31800722326-0814T1300,2026-08-14T08:01:41-05:00,2015961,CLASE TEORICA,(6) Grupo 6,Leonardo David Donado Garzon,24,26
gh-31800722326-0814T1300,2026-08-14T08:01:43-05:00,2015978,CLASE TEORICA,(1) Grupo 1,No informado,0,27
gh-31800722326-0814T1300,2026-08-14T08:01:43-05:00,2015978,CLASE TEORICA,(2) Grupo 2,Erasmo Alfredo Rodriguez Sandoval,30,27
gh-31800722326-0814T1300,2026-08-14T08:01:43-05:00,2015978,CLASE TEORICA,(3) Grupo 3,No informado,30,27
gh-31800722326-0814T1300,2026-08-14T08:01:43-05:00,2015978,CLASE TEORICA,(4) Grupo 4,No informado,30,27
gh-31800722326-0814T1300,2026-08-14T08:01:43-05:00,2015978,CLASE TEORICA,(5) Grupo 5,No informado,30,27
gh-31800722326-0814T1300,2026-08-14T08:01:44-05:00,2026135,CLASE TEORICA,(1) Grupo 1,NICOLAS ESCALANTE MORA,25,28
gh-31800722326-0814T1300,2026-08-14T08:01:44-05:00,2026135,CLASE TEORICA,(2) Grupo 2,Leonel Vega Mora,25,28
gh-31800722326-0814T1300,2026-08-14T08:01:44-05:00,2026135,CLASE TEORICA,(3) Grupo 3,Leonel Vega Mora,25,28
gh-31800722326-0814T1300,2026-08-14T08:01:46-05:00,2015963,CLASE TEORICA,(1) Grupo 1,No informado,30,29
gh-31800722326-0814T1300,2026-08-14T08:01:46-05:00,2015963,CLASE TEORICA,(2) Grupo 2,No informado,30,29
gh-31800722326-0814T1300,2026-08-14T08:01:46-05:00,2015963,CLASE TEORICA,(3) Grupo 3,William Castro Garcia,30,29
gh-31800722326-0814T1300,2026-08-14T08:01:47-05:00,2026138,CLASE TEORICA,(1) Grupo 1,Ivan Dario Serrano Arrieta,30,30
gh-31800722326-0814T1300,2026-08-14T08:01:47-05:00,2026138,CLASE TEORICA,(2) Grupo 2,Ivan Dario Serrano Arrieta,30,30
gh-31800722326-0814T1300,2026-08-14T08:01:47-05:00,2026138,CLASE TEORICA,(3) Grupo 3,Pedro Luis Jimenez Poveda,30,30
gh-31800722326-0814T1300,2026-08-14T08:01:48-05:00,2015703,NA,(1) Grupo 1,Angela Maria Arboleda Restrepo,40,31
gh-31800722326-0814T1300,2026-08-14T08:01:48-05:00,2015703,NA,(10) Grupo 10,Diego Alejandro Hernandez Castañeda,30,31
gh-31800722326-0814T1300,2026-08-14T08:01:48-05:00,2015703,NA,(11) Grupo 11,Julio Cesar Cañon Rodriguez,30,31
gh-31800722326-0814T1300,2026-08-14T08:01:48-05:00,2015703,NA,(2) Grupo 2,Osman Benjamin Giovanny Vargas Rozo,40,31
gh-31800722326-0814T1300,2026-08-14T08:01:48-05:00,2015703,NA,(3) Grupo 3,Hugo Alberto Herrera Fonseca,40,31
gh-31800722326-0814T1300,2026-08-14T08:01:48-05:00,2015703,NA,(4) Grupo 4,LINA JULIANA BULLA CASAS,30,31
gh-31800722326-0814T1300,2026-08-14T08:01:48-05:00,2015703,NA,(5) Grupo 5 - Virtual,Cesar Augusto Roa Lemus,60,31
gh-31800722326-0814T1300,2026-08-14T08:01:48-05:00,2015703,NA,(6) Grupo 6,JAVIER RICARDO OJEDA SANCHEZ,40,31
gh-31800722326-0814T1300,2026-08-14T08:01:48-05:00,2015703,NA,(7) Grupo 7,JAVIER RICARDO OJEDA SANCHEZ,20,31
gh-31800722326-0814T1300,2026-08-14T08:01:48-05:00,2015703,NA,(8) Grupo 8,Diego Alejandro Hernandez Castañeda,40,31
gh-31800722326-0814T1300,2026-08-14T08:01:48-05:00,2015703,NA,(9) Grupo 9,LINA JULIANA BULLA CASAS,35,31
gh-31800722326-0814T1300,2026-08-14T08:01:50-05:00,1000044-B,CLASE TEORICA,(1) Grupo 1,Beatriz Elena Urrutia Sanchez,26,32
gh-31800722326-0814T1300,2026-08-14T08:01:50-05:00,1000044-B,CLASE TEORICA,(2) Grupo 2,Yaneli Niño Osorio,26,32
gh-31800722326-0814T1300,2026-08-14T08:01:50-05:00,1000044-B,CLASE TEORICA,(3) Grupo 3,Luis Gabriel Peña Ortiz,26,32
gh-31800722326-0814T1300,2026-08-14T08:01:50-05:00,1000044-B,CLASE TEORICA,(4) Grupo 4,Liliana Marcela Guzman Aricapa,26,32
gh-31800722326-0814T1300,2026-08-14T08:01:50-05:00,1000044-B,CLASE TEORICA,(5) Grupo 5,Beatriz Elena Urrutia Sanchez,26,32
gh-31800722326-0814T1300,2026-08-14T08:01:50-05:00,1000044-B,CLASE TEORICA,(6) Grupo 6,Cesar Augusto Romero,26,32
gh-31800722326-0814T1300,2026-08-14T08:01:50-05:00,1000044-B,CLASE TEORICA,(7) Grupo 7,JOSE JONATHAN MAESTRE HERRERA,26,32
gh-31800722326-0814T1300,2026-08-14T08:01:50-05:00,1000044-B,CLASE TEORICA,(8) Grupo 8,Beymar Leonardo Solorzano Alviz,26,32
gh-31800722326-0814T1300,2026-08-14T08:01:50-05:00,1000044-B,CLASE TEORICA,(9) Grupo 9,Claudia Marcela Arevalo Gomez,7,32
gh-31800722326-0814T1300,2026-08-14T08:01:51-05:00,1000045-B,CLASE TEORICA,(1) Grupo 1,Claudia Marcela Arevalo Gomez,10,33
gh-31800722326-0814T1300,2026-08-14T08:01:51-05:00,1000045-B,CLASE TEORICA,(10) Grupo 10,Jesica paola Rendon Alfonso,26,33
gh-31800722326-0814T1300,2026-08-14T08:01:51-05:00,1000045-B,CLASE TEORICA,(11) Grupo 11,JOSE JONATHAN MAESTRE HERRERA,26,33
gh-31800722326-0814T1300,2026-08-14T08:01:51-05:00,1000045-B,CLASE TEORICA,(12) Grupo 12,LINDA JOHANA RUIZ GOMEZ,26,33
gh-31800722326-0814T1300,2026-08-14T08:01:51-05:00,1000045-B,CLASE TEORICA,(13) Grupo 13,Narly Yadira Pardo Cadena,26,33
gh-31800722326-0814T1300,2026-08-14T08:01:51-05:00,1000045-B,CLASE TEORICA,(14) Grupo 14,Angelica Saenz Fonseca,26,33
gh-31800722326-0814T1300,2026-08-14T08:01:51-05:00,1000045-B,CLASE TEORICA,(15) Grupo 15,Narly Yadira Pardo Cadena,26,33
gh-31800722326-0814T1300,2026-08-14T08:01:51-05:00,1000045-B,CLASE TEORICA,(16) Grupo 16,Luis Gabriel Peña Ortiz,26,33
gh-31800722326-0814T1300,2026-08-14T08:01:51-05:00,1000045-B,CLASE TEORICA,(2) Grupo 2,Cesar Augusto Romero,26,33
gh-31800722326-0814T1300,2026-08-14T08:01:51-05:00,1000045-B,CLASE TEORICA,(3) Grupo 3,Jesica paola Rendon Alfonso,26,33
gh-31800722326-0814T1300,2026-08-14T08:01:51-05:00,1000045-B,CLASE TEORICA,(4) Grupo 4,Adriana Marlen Sanchez Riaño,26,33
gh-31800722326-0814T1300,2026-08-14T08:01:51-05:00,1000045-B,CLASE TEORICA,(5) Grupo 5,Cesar Augusto Romero,26,33
gh-31800722326-0814T1300,2026-08-14T08:01:51-05:00,1000045-B,CLASE TEORICA,(6) Grupo 6,Sara Elisa Monsalve Patino,26,33
gh-31800722326-0814T1300,2026-08-14T08:01:51-05:00,1000045-B,CLASE TEORICA,(7) Grupo 7,Luis Gabriel Peña Ortiz,26,33
gh-31800722326-0814T1300,2026-08-14T08:01:51-05:00,1000045-B,CLASE TEORICA,(8) Grupo 8,Johnatan Martinez Hernandez,26,33
gh-31800722326-0814T1300,2026-08-14T08:01:51-05:00,1000045-B,CLASE TEORICA,(9) Grupo 9,Maureen Elizabeth Hooker Oneill,15,33
gh-31800722326-0814T1300,2026-08-14T08:01:54-05:00,1000046-B,CLASE TEORICA,(1) Grupo 1,Johnatan Martinez Hernandez,26,35
gh-31800722326-0814T1300,2026-08-14T08:01:54-05:00,1000046-B,CLASE TEORICA,(10) Grupo 10,Jennly Angelica Gomez Rodriguez,26,35
gh-31800722326-0814T1300,2026-08-14T08:01:54-05:00,1000046-B,CLASE TEORICA,(11) Grupo 11,Angelica Saenz Fonseca,26,35
gh-31800722326-0814T1300,2026-08-14T08:01:54-05:00,1000046-B,CLASE TEORICA,(12) Grupo 12,Liliana Marcela Guzman Aricapa,26,35
gh-31800722326-0814T1300,2026-08-14T08:01:54-05:00,1000046-B,CLASE TEORICA,(13) Grupo 13,ALBA LUCIA RIAÑO RODRIGUEZ,26,35
gh-31800722326-0814T1300,2026-08-14T08:01:54-05:00,1000046-B,CLASE TEORICA,(14) Grupo 14,Angelica Saenz Fonseca,26,35
gh-31800722326-0814T1300,2026-08-14T08:01:54-05:00,1000046-B,CLASE TEORICA,(15) Grupo 15,Luis Gabriel Peña Ortiz,26,35
gh-31800722326-0814T1300,2026-08-14T08:01:54-05:00,1000046-B,CLASE TEORICA,(16) Grupo 16,Olga Lucia Ruiz Convers,26,35
gh-31800722326-0814T1300,2026-08-14T08:01:54-05:00,1000046-B,CLASE TEORICA,(17) Grupo 17,Luis Gabriel Peña Ortiz,26,35
gh-31800722326-0814T1300,2026-08-14T08:01:54-05:00,1000046-B,CLASE TEORICA,(18) Grupo 18,Narly Yadira Pardo Cadena,26,35
gh-31800722326-0814T1300,2026-08-14T08:01:54-05:00,1000046-B,CLASE TEORICA,(2) Grupo 2,Jesica paola Rendon Alfonso,26,35
gh-31800722326-0814T1300,2026-08-14T08:01:54-05:00,1000046-B,CLASE TEORICA,(3) Grupo 3,JESUS DAVID TORRES RODRIGUEZ,26,35
gh-31800722326-0814T1300,2026-08-14T08:01:54-05:00,1000046-B,CLASE TEORICA,(4) Grupo 4,Claudia Patricia Cortes Lora,26,35
gh-31800722326-0814T1300,2026-08-14T08:01:54-05:00,1000046-B,CLASE TEORICA,(5) Grupo 5,Johnatan Martinez Hernandez,26,35
gh-31800722326-0814T1300,2026-08-14T08:01:54-05:00,1000046-B,CLASE TEORICA,(6) Grupo 6,Johnatan Martinez Hernandez,26,35
gh-31800722326-0814T1300,2026-08-14T08:01:54-05:00,1000046-B,CLASE TEORICA,(7) Grupo 7,Jesica paola Rendon Alfonso,26,35
gh-31800722326-0814T1300,2026-08-14T08:01:54-05:00,1000046-B,CLASE TEORICA,(8) Grupo 8,Beatriz Elena Urrutia Sanchez,26,35
gh-31800722326-0814T1300,2026-08-14T08:01:54-05:00,1000046-B,CLASE TEORICA,(9) Grupo 9,Maureen Elizabeth Hooker Oneill,10,35
gh-31800722326-0814T1300,2026-08-14T08:01:56-05:00,1000052-B,CLASE TEORICA,(1) Grupo 1,Liliana Marcela Guzman Aricapa,28,37
gh-31800722326-0814T1300,2026-08-14T08:01:56-05:00,1000052-B,CLASE TEORICA,(2) Grupo 2,JOSE JONATHAN MAESTRE HERRERA,28,37
gh-31800722326-0814T1300,2026-08-14T08:01:56-05:00,1000052-B,CLASE TEORICA,(3) Grupo 3,Aida Elena Monsalve Solorzano,28,37
gh-31800722326-0814T1300,2026-08-14T08:01:57-05:00,1000053-B,CLASE TEORICA,(1) Grupo 1,Jennly Angelica Gomez Rodriguez,28,38
gh-31800722326-0814T1300,2026-08-14T08:01:57-05:00,1000053-B,CLASE TEORICA,(2) Grupo 2,Yaneli Niño Osorio,28,38
gh-31800722326-0814T1300,2026-08-14T08:01:57-05:00,1000053-B,CLASE TEORICA,(3) Grupo 3,Javier Rodriguez Gomez,30,38
gh-31800722326-0814T1300,2026-08-14T08:01:57-05:00,1000053-B,CLASE TEORICA,(4) Grupo 4,Javier Rodriguez Gomez,30,38
gh-31800722326-0814T1300,2026-08-14T08:01:57-05:00,1000053-B,CLASE TEORICA,(5) Grupo 5,LINDA JOHANA RUIZ GOMEZ,28,38
gh-31800722326-0814T1300,2026-08-14T08:01:57-05:00,1000053-B,CLASE TEORICA,(6) Grupo 6,Olga Lucia Ruiz Convers,28,38
gh-31800722326-0814T1300,2026-08-14T08:01:59-05:00,1000047-B,CLASE TEORICA,(1) Grupo 1,Cesar Augusto Romero,26,39
gh-31800722326-0814T1300,2026-08-14T08:01:59-05:00,1000047-B,CLASE TEORICA,(10) Grupo 10,Monica Alexandra Riaño Orjuela,26,39
gh-31800722326-0814T1300,2026-08-14T08:01:59-05:00,1000047-B,CLASE TEORICA,(11) Grupo 11,Jennly Angelica Gomez Rodriguez,26,39
gh-31800722326-0814T1300,2026-08-14T08:01:59-05:00,1000047-B,CLASE TEORICA,(12) Grupo 12,Claudia Patricia Cortes Lora,26,39
gh-31800722326-0814T1300,2026-08-14T08:01:59-05:00,1000047-B,CLASE TEORICA,(13) Grupo 13,Angelica Saenz Fonseca,26,39
gh-31800722326-0814T1300,2026-08-14T08:01:59-05:00,1000047-B,CLASE TEORICA,(14) Grupo 14,LINDA JOHANA RUIZ GOMEZ,26,39
gh-31800722326-0814T1300,2026-08-14T08:01:59-05:00,1000047-B,CLASE TEORICA,(15) Grupo 15,Claudia Patricia Cortes Lora,26,39
gh-31800722326-0814T1300,2026-08-14T08:01:59-05:00,1000047-B,CLASE TEORICA,(16) Grupo 16,Narly Yadira Pardo Cadena,26,39
gh-31800722326-0814T1300,2026-08-14T08:01:59-05:00,1000047-B,CLASE TEORICA,(17) Grupo 17,Angelica Saenz Fonseca,26,39
gh-31800722326-0814T1300,2026-08-14T08:01:59-05:00,1000047-B,CLASE TEORICA,(18) Grupo 18,ALBA LUCIA RIAÑO RODRIGUEZ,26,39
gh-31800722326-0814T1300,2026-08-14T08:01:59-05:00,1000047-B,CLASE TEORICA,(19) Grupo 19,Aida Elena Monsalve Solorzano,26,39
gh-31800722326-0814T1300,2026-08-14T08:01:59-05:00,1000047-B,CLASE TEORICA,(2) Grupo 2,Yaneli Niño Osorio,26,39
gh-31800722326-0814T1300,2026-08-14T08:01:59-05:00,1000047-B,CLASE TEORICA,(20) Grupo 20,ALBA LUCIA RIAÑO RODRIGUEZ,26,39
gh-31800722326-0814T1300,2026-08-14T08:01:59-05:00,1000047-B,CLASE TEORICA,(21) Grupo 21,Edwin Yesid Leon Silva,26,39
gh-31800722326-0814T1300,2026-08-14T08:01:59-05:00,1000047-B,CLASE TEORICA,(22) Grupo 22,LINDA JOHANA RUIZ GOMEZ,26,39
gh-31800722326-0814T1300,2026-08-14T08:01:59-05:00,1000047-B,CLASE TEORICA,(3) Grupo 3,Monica Alexandra Riaño Orjuela,26,39
gh-31800722326-0814T1300,2026-08-14T08:01:59-05:00,1000047-B,CLASE TEORICA,(4) Grupo 4,Claudia Patricia Cortes Lora,26,39
gh-31800722326-0814T1300,2026-08-14T08:01:59-05:00,1000047-B,CLASE TEORICA,(5) Grupo 5,Olga Lucia Ruiz Convers,26,39
gh-31800722326-0814T1300,2026-08-14T08:01:59-05:00,1000047-B,CLASE TEORICA,(6) Grupo 6,Monica Alexandra Riaño Orjuela,26,39
gh-31800722326-0814T1300,2026-08-14T08:01:59-05:00,1000047-B,CLASE TEORICA,(7) Grupo 7,Cesar Augusto Romero,26,39
gh-31800722326-0814T1300,2026-08-14T08:01:59-05:00,1000047-B,CLASE TEORICA,(8) Grupo 8,Beatriz Elena Urrutia Sanchez,26,39
gh-31800722326-0814T1300,2026-08-14T08:01:59-05:00,1000047-B,CLASE TEORICA,(9) Grupo 9,Keshia Hilary Howard Livingston,15,39
gh-31800722326-0814T1300,2026-08-14T08:02:02-05:00,2026186,CLASE TEORICA,(1) Grupo 1,Carol Andrea Murillo Feo,7,41
gh-31800722326-0814T1300,2026-08-14T08:02:02-05:00,2026186,CLASE TEORICA,(2) Grupo 2,Leonel Vega Mora,0,41
gh-31800722326-0814T1300,2026-08-14T08:02:02-05:00,2026186,CLASE TEORICA,(4) Grupo 4,Carlos Orlando Robles Roa,10,41
gh-31800722326-0814T1300,2026-08-14T08:02:03-05:00,1000002-B,CLASE TEORICA,(1) Grupo 1 - Clase Presencial,Ruth Andrea Cortés Suárez,1,42
gh-31800722326-0814T1300,2026-08-14T08:02:03-05:00,1000002-B,CLASE TEORICA,(10) Grupo 10 - Clase presencial,Karen Johanna Castelblanco Villamil,0,42
gh-31800722326-0814T1300,2026-08-14T08:02:03-05:00,1000002-B,CLASE TEORICA,(2) Grupo 2 - Clase Presencial,Ruth Andrea Cortés Suárez,0,42
gh-31800722326-0814T1300,2026-08-14T08:02:03-05:00,1000002-B,CLASE TEORICA,(3) Grupo 3 - Clase Presencial,Adriana Patricia Díaz Cuevas,0,42
gh-31800722326-0814T1300,2026-08-14T08:02:03-05:00,1000002-B,CLASE TEORICA,(4) Grupo 4 - Clase Presencial,Adriana Patricia Díaz Cuevas,0,42
gh-31800722326-0814T1300,2026-08-14T08:02:03-05:00,1000002-B,CLASE TEORICA,(5) Grupo 5 - Clase Presencial,Andres Felipe Escovar Barreto,0,42
gh-31800722326-0814T1300,2026-08-14T08:02:03-05:00,1000002-B,CLASE TEORICA,(6) Grupo 6 - Clase Presencial,Ruth Andrea Cortés Suárez,0,42
gh-31800722326-0814T1300,2026-08-14T08:02:03-05:00,1000002-B,CLASE TEORICA,(7) Grupo 7 - Clase Presencial,Karen Johanna Castelblanco Villamil,0,42
gh-31800722326-0814T1300,2026-08-14T08:02:03-05:00,1000002-B,CLASE TEORICA,(8) Grupo 8 - Clase Presencial,Adriana Patricia Díaz Cuevas,0,42
gh-31800722326-0814T1300,2026-08-14T08:02:03-05:00,1000002-B,CLASE TEORICA,(9) Grupo 9 - Clase Presencial,Carlas Lucia Castilla Lara,10,42
gh-31800722326-0814T1300,2026-08-14T08:02:05-05:00,1000001-B,CLASE TEORICA,(1) Grupo 1,No informado,0,43
gh-31800722326-0814T1300,2026-08-14T08:02:05-05:00,1000001-B,CLASE TEORICA,(19) Grupo 19,No informado,5,43
gh-31800722326-0814T1300,2026-08-14T08:02:05-05:00,1000001-B,CLASE TEORICA,(2) Grupo 2,No informado,10,43
gh-31800722326-0814T1300,2026-08-14T08:02:05-05:00,1000001-B,CLASE MAGISTRAL,(1) Grupo 1,Ibeth Marcela Rubio Perilla,0,43
gh-31800722326-0814T1300,2026-08-14T08:02:05-05:00,1000001-B,CLASE MAGISTRAL,(10) Grupo 10,No informado,0,43
gh-31800722326-0814T1300,2026-08-14T08:02:05-05:00,1000001-B,CLASE MAGISTRAL,(2) Grupo 2,Herbert Alonso Dueñas Ruiz,0,43
gh-31800722326-0814T1300,2026-08-14T08:02:05-05:00,1000001-B,CLASE MAGISTRAL,(3) Grupo 3,Jeanneth Galeano Penaloza,0,43
gh-31800722326-0814T1300,2026-08-14T08:02:05-05:00,1000001-B,CLASE MAGISTRAL,(4) Grupo 4,Gustavo Adolfo Nieto Clavijo,0,43
gh-31800722326-0814T1300,2026-08-14T08:02:05-05:00,1000001-B,CLASE MAGISTRAL,(5) Grupo 5,Natalia Camila Pinzon Cortes,1,43
gh-31800722326-0814T1300,2026-08-14T08:02:05-05:00,1000001-B,CLASE MAGISTRAL,(6) Grupo 6,Martha Cecilia Moreno Penagos,0,43
gh-31800722326-0814T1300,2026-08-14T08:02:05-05:00,1000001-B,CLASE MAGISTRAL,(7) Grupo 7,Claudio Rodriguez Beltran,0,43
gh-31800722326-0814T1300,2026-08-14T08:02:05-05:00,1000001-B,CLASE MAGISTRAL,(8) Grupo 8,Gabriel Ignacio Padilla Leon,1,43
gh-31800722326-0814T1300,2026-08-14T08:02:05-05:00,1000001-B,CLASE MAGISTRAL,(9) Grupo 9,No informado,10,43
gh-31800722326-0814T1300,2026-08-14T08:02:07-05:00,2015965,CLASE TEORICA,(1) Grupo 1,CAMILO RIOS FRESNEDA,24,44
gh-31800722326-0814T1300,2026-08-14T08:02:07-05:00,2015965,CLASE TEORICA,(2) Grupo 2,Julian David Puerto Suarez; Vladimir Buelvas Hernández,24,44
gh-31800722326-0814T1300,2026-08-14T08:02:07-05:00,2015965,CLASE TEORICA,(3) Grupo 3,Ferney Betancourt Cardozo; Juan Manuel Lizarazo Marriaga,24,44
gh-31800722326-0814T1300,2026-08-14T08:02:07-05:00,2015965,CLASE TEORICA,(4) Grupo 4,No informado,24,44
gh-31800722326-0814T1300,2026-08-14T08:02:08-05:00,2015966,CLASE TEORICA,(1) Grupo 1,No informado,24,45
gh-31800722326-0814T1300,2026-08-14T08:02:08-05:00,2015966,CLASE TEORICA,(2) Grupo 2,Adriana Patricia Piña Fulano,24,45
gh-31800722326-0814T1300,2026-08-14T08:02:08-05:00,2015966,CLASE TEORICA,(3) Grupo 3,Rafael Orland Ortiz Mosquera,24,45
gh-31800722326-0814T1300,2026-08-14T08:02:08-05:00,2015966,CLASE TEORICA,(4) Grupo 4,No informado,24,45
gh-31800722326-0814T1300,2026-08-14T08:02:08-05:00,2015966,CLASE TEORICA,(5) Grupo 5,No informado,24,45
gh-31800722326-0814T1300,2026-08-14T08:02:08-05:00,2015966,CLASE TEORICA,(6) Grupo 6,Luis Alejandro Morales Marin,24,45
gh-31800722326-0814T1300,2026-08-14T08:02:08-05:00,2015966,CLASE TEORICA,(7) Grupo 7,No informado,24,45
gh-31800722326-0814T1300,2026-08-14T08:02:08-05:00,2015966,CLASE TEORICA,(8) Grupo 8,No informado,24,45
gh-31800722326-0814T1300,2026-08-14T08:02:10-05:00,2015967,NA,(1) Grupo 1,Vladimir Buelvas Hernández,24,46
gh-31800722326-0814T1300,2026-08-14T08:02:11-05:00,2015968,CLASE TEORICA,(1) Grupo 1,Ricardo Parra Arango,24,47
gh-31800722326-0814T1300,2026-08-14T08:02:11-05:00,2015968,CLASE TEORICA,(2) Grupo 2,Juan David Oliveros Salazar,24,47
gh-31800722326-0814T1300,2026-08-14T08:02:11-05:00,2015968,CLASE TEORICA,(3) Grupo 3,No informado,24,47
gh-31800722326-0814T1300,2026-08-14T08:02:11-05:00,2015968,CLASE TEORICA,(4) Grupo 4,Ricardo Parra Arango,24,47
gh-31800722326-0814T1300,2026-08-14T08:02:11-05:00,2015968,CLASE TEORICA,(5) Grupo 5,Julian David Puerto Suarez,24,47
gh-31800722326-0814T1300,2026-08-14T08:02:11-05:00,2015968,CLASE TEORICA,(6) Grupo 6,Dorian Luis Linero Segrera,24,47
gh-31800722326-0814T1300,2026-08-14T08:02:11-05:00,2015968,CLASE TEORICA,(7) Grupo 7,No informado,0,47
gh-31800722326-0814T1300,2026-08-14T08:02:12-05:00,2015969,CLASE TEORICA,(1) Grupo 1 (Inglés),Julio Esteban Colmenares Montañez,30,48
gh-31800722326-0814T1300,2026-08-14T08:02:12-05:00,2015969,CLASE TEORICA,(2) Grupo 2,Guillermo Eduardo Avila Alvarez,30,48
gh-31800722326-0814T1300,2026-08-14T08:02:12-05:00,2015969,CLASE TEORICA,(3) Grupo 3,Livaniel Viveros Rosero,30,48
gh-31800722326-0814T1300,2026-08-14T08:02:12-05:00,2015969,CLASE TEORICA,(4) Grupo 4,No informado,30,48
gh-31800722326-0814T1300,2026-08-14T08:02:13-05:00,2015970,CLASE PRACTICA,(4) Grupo 4,Helga Duarte,30,49
gh-31800722326-0814T1300,2026-08-14T08:02:13-05:00,2015970,CLASE PRACTICA,(5) Grupo 5,Oswaldo Rojas Camacho,45,49
gh-31800722326-0814T1300,2026-08-14T08:02:13-05:00,2015970,CLASE PRACTICA,(8) Grupo 8,Helga Duarte,30,49
gh-31800722326-0814T1300,2026-08-14T08:02:13-05:00,2015970,CLASE PRACTICA,(9) Grupo 9,Oswaldo Rojas Camacho,45,49
gh-31800722326-0814T1300,2026-08-14T08:02:15-05:00,2017293,CLASE TEORICA,(1) 2017293-1 Modelación matemática,JUAN SEBASTIÁN HINCAPIÉ MONTES,34,50
gh-31800722326-0814T1300,2026-08-14T08:02:15-05:00,2017293,CLASE TEORICA,(2) 2017293-2 Modelación matemática,JUAN SEBASTIÁN HINCAPIÉ MONTES,34,50
gh-31800722326-0814T1300,2026-08-14T08:02:15-05:00,2017293,CLASE MAGISTRAL,(1M) 2017293-1M Modelación matemática - Magistral,Carlos Alberto Duque Daza,80,50
gh-31800722326-0814T1300,2026-08-14T08:02:19-05:00,2015971,CLASE TEORICA,(1) Grupo 1,No informado,30,53
gh-31800722326-0814T1300,2026-08-14T08:02:19-05:00,2015971,CLASE TEORICA,(2) Grupo 2,Ferney Betancourt Cardozo,30,53
gh-31800722326-0814T1300,2026-08-14T08:02:19-05:00,2015971,CLASE TEORICA,(3) Grupo 3,No informado,30,53
gh-31800722326-0814T1300,2026-08-14T08:02:20-05:00,2015972,CLASE TEORICA,(1) Grupo 1,Carlos Alberto Moncada Aristizabal,15,54
gh-31800722326-0814T1300,2026-08-14T08:02:20-05:00,2015972,CLASE TEORICA,(2) Grupo 2,SANTIAGO RAMIREZ ECHEVERRI,15,54
gh-31800722326-0814T1300,2026-08-14T08:02:20-05:00,2015972,CLASE TEORICA,(3) Grupo 3,No informado,15,54
gh-31800722326-0814T1300,2026-08-14T08:02:21-05:00,1000024-B,CLASE TEORICA,(12) Grupo 12,Edgar Delgado Mejia,0,55
gh-31800722326-0814T1300,2026-08-14T08:02:21-05:00,1000024-B,CLASE TEORICA,(13) Grupo 13,Jesus Sigifredo Valencia Rios,0,55
gh-31800722326-0814T1300,2026-08-14T08:02:21-05:00,1000024-B,CLASE TEORICA,(14) Grupo 14,Jhon Jairo Aragón Arias,10,55
gh-31800722326-0814T1300,2026-08-14T08:02:23-05:00,1000013-B,CLASE TEORICA,(1) Grupo 1,JHONIER SEBASTIAN RANGEL GUTIERREZ,0,56
gh-31800722326-0814T1300,2026-08-14T08:02:23-05:00,1000013-B,CLASE TEORICA,(10) Grupo 10,Sandra Vergara Cardozo,35,56
gh-31800722326-0814T1300,2026-08-14T08:02:23-05:00,1000013-B,CLASE TEORICA,(11) Grupo 11,DIEGO ALBERTO MARTINEZ SIMBAQUEVA,40,56
gh-31800722326-0814T1300,2026-08-14T08:02:23-05:00,1000013-B,CLASE TEORICA,(12) Grupo 12,DIEGO ALBERTO MARTINEZ SIMBAQUEVA,40,56
gh-31800722326-0814T1300,2026-08-14T08:02:23-05:00,1000013-B,CLASE TEORICA,(13) Grupo 13,DIEGO ALBERTO MARTINEZ SIMBAQUEVA,30,56
gh-31800722326-0814T1300,2026-08-14T08:02:23-05:00,1000013-B,CLASE TEORICA,(14) Grupo 14,Andrea Catalina Garcia Montoya,45,56
gh-31800722326-0814T1300,2026-08-14T08:02:23-05:00,1000013-B,CLASE TEORICA,(16) Grupo 16,Sergio Alejandro Calderon Villanueva,30,56
gh-31800722326-0814T1300,2026-08-14T08:02:23-05:00,1000013-B,CLASE TEORICA,(2) Grupo 2,Luis Guillermo Diaz Monroy,40,56
gh-31800722326-0814T1300,2026-08-14T08:02:23-05:00,1000013-B,CLASE TEORICA,(22) Grupo 22,Hanwen Zhang,45,56
gh-31800722326-0814T1300,2026-08-14T08:02:23-05:00,1000013-B,CLASE TEORICA,(23) Grupo 23,ULPIANO LARA CRISTANCHO,0,56
gh-31800722326-0814T1300,2026-08-14T08:02:23-05:00,1000013-B,CLASE TEORICA,(3) Grupo 3,Diana Carolina Franco Soto,40,56
gh-31800722326-0814T1300,2026-08-14T08:02:23-05:00,1000013-B,CLASE TEORICA,(4) Grupo 4,Diana Carolina Franco Soto,40,56
gh-31800722326-0814T1300,2026-08-14T08:02:23-05:00,1000013-B,CLASE TEORICA,(5) Grupo 5,Darwin Eduardo Martínez Riaño,35,56
gh-31800722326-0814T1300,2026-08-14T08:02:23-05:00,1000013-B,CLASE TEORICA,(6) Grupo 6,Darwin Eduardo Martínez Riaño,35,56
gh-31800722326-0814T1300,2026-08-14T08:02:23-05:00,1000013-B,CLASE TEORICA,(7) Grupo 7,Camilo Jose Torres Jimenez,40,56
gh-31800722326-0814T1300,2026-08-14T08:02:24-05:00,2015734,NA,(1) Grupo 1,Fernando Salazar Delgado,6,57
gh-31800722326-0814T1300,2026-08-14T08:02:24-05:00,2015734,NA,(10) Grupo 10,Tito Florez Calderon,4,57
gh-31800722326-0814T1300,2026-08-14T08:02:24-05:00,2015734,NA,(11) Grupo 11,DAVID ALBERTO HERRERA ALVAREZ,0,57
gh-31800722326-0814T1300,2026-08-14T08:02:24-05:00,2015734,NA,(12) Grupo 12,FABIEL NATÁN ESPINOSA CASTAÑEDA,1,57
gh-31800722326-0814T1300,2026-08-14T08:02:24-05:00,2015734,NA,(13) Grupo 13,SERGIO CAMILO ESPINOSA BOTERO,4,57
gh-31800722326-0814T1300,2026-08-14T08:02:24-05:00,2015734,NA,(14) Grupo 14,Felipe Gonzalez Roldan,0,57
gh-31800722326-0814T1300,2026-08-14T08:02:24-05:00,2015734,NA,(2) Grupo 2,Fernando Salazar Delgado,16,57
gh-31800722326-0814T1300,2026-08-14T08:02:24-05:00,2015734,NA,(3) Grupo 3,Jhoan Sebastian Restrepo Mendoza,0,57
gh-31800722326-0814T1300,2026-08-14T08:02:24-05:00,2015734,NA,(4) Grupo 4,Sandra Liliana Rojas Martinez,0,57
gh-31800722326-0814T1300,2026-08-14T08:02:24-05:00,2015734,NA,(5) Grupo 5,Jhoan Sebastian Restrepo Mendoza,0,57
gh-31800722326-0814T1300,2026-08-14T08:02:24-05:00,2015734,NA,(6) Grupo 6,SERGIO CAMILO ESPINOSA BOTERO,8,57
gh-31800722326-0814T1300,2026-08-14T08:02:24-05:00,2015734,NA,(7) Grupo 7,No informado,3,57
gh-31800722326-0814T1300,2026-08-14T08:02:24-05:00,2015734,NA,(8) Grupo 8 - Virtual,FABIEL NATÁN ESPINOSA CASTAÑEDA,30,57
gh-31800722326-0814T1300,2026-08-14T08:02:24-05:00,2015734,NA,(9) Grupo 9,Alvaro Reynel Córdoba,18,57
gh-31800722326-0814T1300,2026-08-14T08:02:27-05:00,2015973,CLASE TEORICA,(1) Grupo 1,No informado,25,59
gh-31800722326-0814T1300,2026-08-14T08:02:27-05:00,2015973,CLASE TEORICA,(2) Grupo 2,GABRIELA ARRIETA LOYO,25,59
gh-31800722326-0814T1300,2026-08-14T08:02:27-05:00,2015973,CLASE TEORICA,(3) Grupo 3,NICOLAS ESCALANTE MORA,25,59
gh-31800722326-0814T1300,2026-08-14T08:02:28-05:00,2022761,NA,(1) Grupo 1,Servio Javier Contreras Guerrero,15,60
gh-31800722326-0814T1300,2026-08-14T08:02:28-05:00,2022761,NA,(2) Grupo 2,Servio Javier Contreras Guerrero,15,60
gh-31800722326-0814T1300,2026-08-14T08:02:28-05:00,2022761,NA,(3) Grupo 3,Samuel Fernando Mesa Giraldo,15,60
gh-31800722326-0814T1300,2026-08-14T08:02:29-05:00,2024045,CLASE TEORICA,(1) 2024045-1 Taller de proyectos interdisciplinarios,No informado,0,61
gh-31800722326-0814T1300,2026-08-14T08:02:29-05:00,2024045,CLASE TEORICA,(10) 2024045-10 Taller de proyectos interdisciplinarios,Oscar Andres Eraso Eraso,0,61
gh-31800722326-0814T1300,2026-08-14T08:02:29-05:00,2024045,CLASE TEORICA,(11) 2024045-11 Taller de proyectos interdisciplinarios,No informado,0,61
gh-31800722326-0814T1300,2026-08-14T08:02:29-05:00,2024045,CLASE TEORICA,(12) 2024045-12 Taller de proyectos interdisciplinarios,Hector Julian Garcia Otalora,200,61
gh-31800722326-0814T1300,2026-08-14T08:02:29-05:00,2024045,CLASE TEORICA,(13) 2024045-13 Taller de proyectos interdisciplinarios,No informado,0,61
gh-31800722326-0814T1300,2026-08-14T08:02:29-05:00,2024045,CLASE TEORICA,(14) 2024045-14 Taller de proyectos interdisciplinarios,Dolly Santos Barbosa,0,61
gh-31800722326-0814T1300,2026-08-14T08:02:29-05:00,2024045,CLASE TEORICA,(15) 2024045-15 Taller de proyectos interdisciplinarios,Oscar Andres Eraso Eraso,0,61
gh-31800722326-0814T1300,2026-08-14T08:02:29-05:00,2024045,CLASE TEORICA,(16) 2024045-16 Taller de proyectos interdisciplinarios,Luis Ignacio Rodriguez Varela,0,61
gh-31800722326-0814T1300,2026-08-14T08:02:29-05:00,2024045,CLASE TEORICA,(17) 2024045-17 Taller de proyectos interdisciplinarios,JOHANA CATALINA MANOSALVA BARRERA,0,61
gh-31800722326-0814T1300,2026-08-14T08:02:29-05:00,2024045,CLASE TEORICA,(18) 2024045-18 Taller de proyectos interdisciplinarios,Fernando Bernal Martinez,0,61
gh-31800722326-0814T1300,2026-08-14T08:02:29-05:00,2024045,CLASE TEORICA,(19) 2024045-19 Taller de proyectos interdisciplinarios,FRANCISCO JAVIER VÁSQUEZ VÁSQUEZ,0,61
gh-31800722326-0814T1300,2026-08-14T08:02:29-05:00,2024045,CLASE TEORICA,(2) 2024045-2 Taller de proyectos interdisciplinarios,Fernando Bernal Martinez,0,61
gh-31800722326-0814T1300,2026-08-14T08:02:29-05:00,2024045,CLASE TEORICA,(21) 2024045-21 Taller de proyectos interdisciplinarios,No informado,0,61
gh-31800722326-0814T1300,2026-08-14T08:02:29-05:00,2024045,CLASE TEORICA,(22) 2024045-22 Taller de proyectos interdisciplinarios,Ubaldo Garcia Zaragoza,0,61
gh-31800722326-0814T1300,2026-08-14T08:02:29-05:00,2024045,CLASE TEORICA,(23) 2024045-23 Taller de proyectos interdisciplinarios,No informado,0,61
gh-31800722326-0814T1300,2026-08-14T08:02:29-05:00,2024045,CLASE TEORICA,(24) 2024045-24 Taller de proyectos interdisciplinarios,Hector Julian Garcia Otalora,200,61
gh-31800722326-0814T1300,2026-08-14T08:02:29-05:00,2024045,CLASE TEORICA,(3) 2024045-3 Taller de proyectos interdisciplinarios,Guillermo Alberto Rocha Casas,0,61
gh-31800722326-0814T1300,2026-08-14T08:02:29-05:00,2024045,CLASE TEORICA,(4) 2024045-4 Taller de proyectos interdisciplinarios,Francy Nayely Prieto Novoa,0,61
gh-31800722326-0814T1300,2026-08-14T08:02:29-05:00,2024045,CLASE TEORICA,(40) 2024045-40 TPI-- NO BORRAR-- BLOQ ESPACIOS,No informado,0,61
gh-31800722326-0814T1300,2026-08-14T08:02:29-05:00,2024045,CLASE TEORICA,(5) 2024045-5 Taller de proyectos interdisciplinarios,Nubia Carmenza Moreno Sarmiento,0,61
gh-31800722326-0814T1300,2026-08-14T08:02:29-05:00,2024045,CLASE TEORICA,(6) 2024045-6 Taller de proyectos interdisciplinarios,JOHANA CATALINA MANOSALVA BARRERA,0,61
gh-31800722326-0814T1300,2026-08-14T08:02:29-05:00,2024045,CLASE TEORICA,(7) 2024045-7 Taller de proyectos interdisciplinarios,Ubaldo Garcia Zaragoza,0,61
gh-31800722326-0814T1300,2026-08-14T08:02:29-05:00,2024045,CLASE TEORICA,(8) 2024045-8 Taller de proyectos interdisciplinarios,JHON FREDDY LOPEZ MEDINA,0,61
gh-31800722326-0814T1300,2026-08-14T08:02:29-05:00,2024045,CLASE TEORICA,(9) 2024045-9 Taller de proyectos interdisciplinarios,Manuel Alejandro Mayorga Betancourt,0,61
gh-31800722326-0814T1300,2026-08-14T08:02:31-05:00,2015296,NA,(1) Grupo 1,Leonardo David Donado Garzon,5,62
gh-31800722326-0814T1300,2026-08-14T08:02:31-05:00,2015296,NA,(10) Grupo 10,Juan Manuel Lizarazo Marriaga,5,62
gh-31800722326-0814T1300,2026-08-14T08:02:31-05:00,2015296,NA,(11) Grupo 11,Octavio Coronado Garcia,5,62
gh-31800722326-0814T1300,2026-08-14T08:02:31-05:00,2015296,NA,(12) Grupo 12,Carol Andrea Murillo Feo,5,62
gh-31800722326-0814T1300,2026-08-14T08:02:31-05:00,2015296,NA,(13) Grupo 13,CAMILO RIOS FRESNEDA,5,62
gh-31800722326-0814T1300,2026-08-14T08:02:31-05:00,2015296,NA,(14) Grupo 14,William Castro Garcia,5,62
gh-31800722326-0814T1300,2026-08-14T08:02:31-05:00,2015296,NA,(15) Grupo 15,Luis Alejandro Morales Marin,5,62
gh-31800722326-0814T1300,2026-08-14T08:02:31-05:00,2015296,NA,(16) Grupo 16,Ferney Betancourt Cardozo,5,62
gh-31800722326-0814T1300,2026-08-14T08:02:31-05:00,2015296,NA,(17) Grupo 17,Maria Alejandra Caicedo Londoño,5,62
gh-31800722326-0814T1300,2026-08-14T08:02:31-05:00,2015296,NA,(18) Grupo 18,Guillermo Eduardo Avila Alvarez,5,62
gh-31800722326-0814T1300,2026-08-14T08:02:31-05:00,2015296,NA,(19) Grupo 19,Carlos Alfonso Gomez Guacaneme,0,62
gh-31800722326-0814T1300,2026-08-14T08:02:31-05:00,2015296,NA,(2) Grupo 2,Carlos Orlando Robles Roa,5,62
gh-31800722326-0814T1300,2026-08-14T08:02:31-05:00,2015296,NA,(3) Grupo 3,Angela Barrera Puerto,5,62
gh-31800722326-0814T1300,2026-08-14T08:02:31-05:00,2015296,NA,(4) Grupo 4,Mauricio Alberto Tapias Camacho,5,62
gh-31800722326-0814T1300,2026-08-14T08:02:31-05:00,2015296,NA,(5) Grupo 5,Maritzabel Molina Herrera,5,62
gh-31800722326-0814T1300,2026-08-14T08:02:31-05:00,2015296,NA,(6) Grupo 6,Rodolfo Rodriguez Baracaldo,5,62
gh-31800722326-0814T1300,2026-08-14T08:02:31-05:00,2015296,NA,(7) Grupo 7,SANTIAGO RAMIREZ ECHEVERRI,5,62
gh-31800722326-0814T1300,2026-08-14T08:02:31-05:00,2015296,NA,(8) Grupo 8,Jose Ricardo Martinez Vargas,5,62
gh-31800722326-0814T1300,2026-08-14T08:02:31-05:00,2015296,NA,(9) Grupo 9,GABRIELA ARRIETA LOYO,5,62
gh-31800722326-0814T1300,2026-08-14T08:02:32-05:00,2015299,CLASE TEORICA,(1) Grupo 1,GABRIELA ARRIETA LOYO,51,63
