run_id,ts_lectura,codigo,actividad,grupo,profesores_raw,cupos_disponibles,orden_lectura
local-20260912T153601,2026-09-12T15:36:24-05:00,2015938,CLASE TEORICA,(1) Grupo 1,Maria Alejandra Caicedo Londoño,0,0
local-20260912T153601,2026-09-12T15:36:24-05:00,2015938,CLASE TEORICA,(2) Grupo 2,Maria Alejandra Caicedo Londoño,0,0
local-20260912T153601,2026-09-12T15:36:24-05:00,2015938,CLASE TEORICA,(3) Grupo 3,JOSE LUIS DIAZ AREVALO,0,0
local-20260912T153601,2026-09-12T15:36:24-05:00,2015938,CLASE TEORICA,(4) Grupo 4,JOSE LUIS DIAZ AREVALO,0,0
local-20260912T153601,2026-09-12T15:36:25-05:00,2015939,CLASE TEORICA,(1) Grupo 1,ALVARO MARTIN GUTIERREZ MALAXECHEBARRIA,0,1
local-20260912T153601,2026-09-12T15:36:25-05:00,2015939,CLASE TEORICA,(2) Grupo 2,ALVARO MARTIN GUTIERREZ MALAXECHEBARRIA,0,1
local-20260912T153601,2026-09-12T15:36:25-05:00,2015939,CLASE TEORICA,(3) Grupo 3,Edder Alexander Velandia Duran,16,1
local-20260912T153601,2026-09-12T15:36:25-05:00,2015939,CLASE TEORICA,(4) Grupo 4,CARLOS ALBERTO ESPAÑOL MARIÑO,0,1
local-20260912T153601,2026-09-12T15:36:25-05:00,2015939,CLASE TEORICA,(5) Grupo 5,No informado,1,1
local-20260912T153601,2026-09-12T15:36:27-05:00,1000003-B,NA,(1) Grupo 1,Erika Lorena Rosero Alzate; Oscar Andrés Rojas Sepúlveda,0,2
local-20260912T153601,2026-09-12T15:36:27-05:00,1000003-B,NA,(10) Grupo 10,Epifanio Lozano Ayala,0,2
local-20260912T153601,2026-09-12T15:36:27-05:00,1000003-B,NA,(11) Grupo 11,Gustavo Adolfo Nieto Clavijo,0,2
local-20260912T153601,2026-09-12T15:36:27-05:00,1000003-B,NA,(12) Grupo 12,LENIN DAVID ANGARITA RIVERA,0,2
local-20260912T153601,2026-09-12T15:36:27-05:00,1000003-B,NA,(13) Grupo 13,Mohammed EL AIDI,0,2
local-20260912T153601,2026-09-12T15:36:27-05:00,1000003-B,NA,(15) Grupo 15,Myriam Leonor Campos Florez,0,2
local-20260912T153601,2026-09-12T15:36:27-05:00,1000003-B,NA,(16) Grupo 16,Harold Deivi Contreras Contreras,0,2
local-20260912T153601,2026-09-12T15:36:27-05:00,1000003-B,NA,(17) Grupo 17,Martha Cecilia Moreno Penagos,0,2
local-20260912T153601,2026-09-12T15:36:27-05:00,1000003-B,NA,(18) Grupo 18,John Alexander Cruz Morales,0,2
local-20260912T153601,2026-09-12T15:36:27-05:00,1000003-B,NA,(2) Grupo 2,No informado,0,2
local-20260912T153601,2026-09-12T15:36:27-05:00,1000003-B,NA,(20) Grupo 20,Natalia Camila Pinzon Cortes,0,2
local-20260912T153601,2026-09-12T15:36:27-05:00,1000003-B,NA,(21) Grupo 21,Ivon Andrea Dorado Correa,0,2
local-20260912T153601,2026-09-12T15:36:27-05:00,1000003-B,NA,(22) Grupo 22,David Reyes Gaona,0,2
local-20260912T153601,2026-09-12T15:36:27-05:00,1000003-B,NA,(3) Grupo 3,JHON ALEJANDRO AYALA OLIVEROS,0,2
local-20260912T153601,2026-09-12T15:36:27-05:00,1000003-B,NA,(4) Grupo 4,Luis Alejandro Barbosa Torres,0,2
local-20260912T153601,2026-09-12T15:36:27-05:00,1000003-B,NA,(5) Grupo 5,Sherly Paola Alfonso Sanchez,0,2
local-20260912T153601,2026-09-12T15:36:27-05:00,1000003-B,NA,(7) Grupo 7,Myriam Leonor Campos Florez,0,2
local-20260912T153601,2026-09-12T15:36:27-05:00,1000003-B,NA,(8) Grupo 8,No informado,8,2
local-20260912T153601,2026-09-12T15:36:28-05:00,2015940,CLASE TEORICA,(1) Grupo 1,Maritzabel Molina Herrera,0,3
local-20260912T153601,2026-09-12T15:36:28-05:00,2015940,CLASE TEORICA,(2) Grupo 2,Gabriel Andres Bernal Granados,0,3
local-20260912T153601,2026-09-12T15:36:28-05:00,2015940,CLASE TEORICA,(3) Grupo 3,YON ALEXANDER BOLAÑOS DIAZ,0,3
local-20260912T153601,2026-09-12T15:36:28-05:00,2015940,CLASE TEORICA,(4) Grupo 4,No informado,0,3
local-20260912T153601,2026-09-12T15:36:30-05:00,2015941,CLASE TEORICA,(1) Grupo 1,Patricia Luna Tamayo,0,4
local-20260912T153601,2026-09-12T15:36:30-05:00,2015941,CLASE TEORICA,(2) Grupo 2,Raul Andres Lopera Rodriguez,0,4
local-20260912T153601,2026-09-12T15:36:30-05:00,2015941,CLASE TEORICA,(3) Grupo 3,Carlos Ramiro Vallecilla Bahena,0,4
local-20260912T153601,2026-09-12T15:36:30-05:00,2015941,CLASE TEORICA,(4) Grupo 4,Raul Andres Lopera Rodriguez,0,4
local-20260912T153601,2026-09-12T15:36:31-05:00,2015942,CLASE TEORICA,(1) 2015942-1 Aplicaciones de elementos finitos,David Leonardo Diaz Leon,1,5
local-20260912T153601,2026-09-12T15:36:31-05:00,2015942,CLASE TEORICA,(2) 2015942-2 Aplicaciones de elementos finitos,David Leonardo Diaz Leon,0,5
local-20260912T153601,2026-09-12T15:36:31-05:00,2015942,CLASE MAGISTRAL,(1M) 2015942-1M Aplicaciones de elementos finitos - Magistral,Diego Alexander Garzon Alvarado,14,5
local-20260912T153601,2026-09-12T15:36:33-05:00,1000004-B,NA,(1) Grupo 1,Diana Marcela Serrano Rodriguez,35,6
local-20260912T153601,2026-09-12T15:36:33-05:00,1000004-B,NA,(10) Grupo 10,Carolina Neira Jimenez,12,6
local-20260912T153601,2026-09-12T15:36:33-05:00,1000004-B,NA,(11) Grupo 11,Herbert Alonso Dueñas Ruiz,0,6
local-20260912T153601,2026-09-12T15:36:33-05:00,1000004-B,NA,(12) Grupo 12,Martha Cecilia Moreno Penagos,0,6
local-20260912T153601,2026-09-12T15:36:33-05:00,1000004-B,NA,(13) Grupo 13,NICOLAS RODRIGUEZ CHACON,4,6
local-20260912T153601,2026-09-12T15:36:33-05:00,1000004-B,NA,(14) Grupo 14,JOSÉ SEBASTIÁN NARANJO SPADAFORA,11,6
local-20260912T153601,2026-09-12T15:36:33-05:00,1000004-B,NA,(15) Grupo 15,NICOLAS RODRIGUEZ CHACON,18,6
local-20260912T153601,2026-09-12T15:36:33-05:00,1000004-B,NA,(16) Grupo 16,MIGUEL ANGEL COLMENARES HERRERA,0,6
local-20260912T153601,2026-09-12T15:36:33-05:00,1000004-B,NA,(17) Grupo 17,Hernan Garzon Gutierrez,0,6
local-20260912T153601,2026-09-12T15:36:33-05:00,1000004-B,NA,(19) Grupo 19,JOSÉ SEBASTIÁN NARANJO SPADAFORA,23,6
local-20260912T153601,2026-09-12T15:36:33-05:00,1000004-B,NA,(2) Grupo 2,Gustavo Daver Cipagauta Cuitiva,6,6
local-20260912T153601,2026-09-12T15:36:33-05:00,1000004-B,NA,(20) Grupo 20,Hernan Garzon Gutierrez,1,6
local-20260912T153601,2026-09-12T15:36:33-05:00,1000004-B,NA,(21) Grupo 21,JHOAN SEBASTIAN TENJO GARCIA,0,6
local-20260912T153601,2026-09-12T15:36:33-05:00,1000004-B,NA,(22) Grupo 22,EDWIN RODRIGO CELIS MONTEALEGRE,18,6
local-20260912T153601,2026-09-12T15:36:33-05:00,1000004-B,NA,(24) Grupo 24,Ricardo Ariel Pastran Ramirez,0,6
local-20260912T153601,2026-09-12T15:36:33-05:00,1000004-B,NA,(25) Grupo 25,Jeanneth Galeano Penaloza,0,6
local-20260912T153601,2026-09-12T15:36:33-05:00,1000004-B,NA,(27) Grupo 27,JHOAN SEBASTIAN TENJO GARCIA,0,6
local-20260912T153601,2026-09-12T15:36:33-05:00,1000004-B,NA,(28) Grupo 28,Gabriel Ignacio Padilla Leon,2,6
local-20260912T153601,2026-09-12T15:36:33-05:00,1000004-B,NA,(29) Grupo 29,DANIEL FELIPE SUÁREZ LEÓN,0,6
local-20260912T153601,2026-09-12T15:36:33-05:00,1000004-B,NA,(3) Grupo 3,SANDRA NATALIA FLOREZ GARCIA,11,6
local-20260912T153601,2026-09-12T15:36:33-05:00,1000004-B,NA,(30) Grupo 30,Gustavo Daver Cipagauta Cuitiva,48,6
local-20260912T153601,2026-09-12T15:36:33-05:00,1000004-B,NA,(32) Grupo 32,Ibeth Marcela Rubio Perilla,1,6
local-20260912T153601,2026-09-12T15:36:33-05:00,1000004-B,NA,(4) Grupo 4,Myriam Leonor Campos Florez,0,6
local-20260912T153601,2026-09-12T15:36:33-05:00,1000004-B,NA,(5) Grupo 5,RICHARD EDUARDO SANCHEZ MENDEZ,0,6
local-20260912T153601,2026-09-12T15:36:33-05:00,1000004-B,NA,(7) Grupo 7,Anderson Arley Vera Arboleda,0,6
local-20260912T153601,2026-09-12T15:36:33-05:00,1000004-B,NA,(8) Grupo 8,EDWIN RODRIGO CELIS MONTEALEGRE,25,6
local-20260912T153601,2026-09-12T15:36:33-05:00,1000004-B,NA,(9) Grupo 9,No informado,16,6
local-20260912T153601,2026-09-12T15:36:35-05:00,1000006-B,NA,(1) Grupo 1,ANDRÉS ÁLVAREZ RÍOS,0,7
local-20260912T153601,2026-09-12T15:36:35-05:00,1000006-B,NA,(10) Grupo 10,David Reyes Gaona,0,7
local-20260912T153601,2026-09-12T15:36:35-05:00,1000006-B,NA,(11) Grupo 11,Harold Deivi Contreras Contreras,0,7
local-20260912T153601,2026-09-12T15:36:35-05:00,1000006-B,NA,(12) Grupo 12,Leonid Lebedev,0,7
local-20260912T153601,2026-09-12T15:36:35-05:00,1000006-B,NA,(13) Grupo 13,Juan Carlos Hernandez Rincon,0,7
local-20260912T153601,2026-09-12T15:36:35-05:00,1000006-B,NA,(14) Grupo 14,CÉSAR ORLANDO RINCÓN GUERRERO,48,7
local-20260912T153601,2026-09-12T15:36:35-05:00,1000006-B,NA,(15) Grupo 15,JHOAN SEBASTIAN TENJO GARCIA,0,7
local-20260912T153601,2026-09-12T15:36:35-05:00,1000006-B,NA,(2) Grupo 2,Camilo Ernesto Medina Gonzalez,0,7
local-20260912T153601,2026-09-12T15:36:35-05:00,1000006-B,NA,(3) Grupo 3,Cesar Augusto Gomez Sierra,3,7
local-20260912T153601,2026-09-12T15:36:35-05:00,1000006-B,NA,(4) Grupo 4,Agustin Moreno Canadas,20,7
local-20260912T153601,2026-09-12T15:36:35-05:00,1000006-B,NA,(5) Grupo 5,Mauricio Lopez Hernandez,0,7
local-20260912T153601,2026-09-12T15:36:35-05:00,1000006-B,NA,(7) Grupo 7,No informado,5,7
local-20260912T153601,2026-09-12T15:36:35-05:00,1000006-B,NA,(8) Grupo 8,Epifanio Lozano Ayala,47,7
local-20260912T153601,2026-09-12T15:36:35-05:00,1000006-B,NA,(9) Grupo 9,Orlando Vanegas Canro,0,7
local-20260912T153601,2026-09-12T15:36:36-05:00,1000005-B,NA,(1) Grupo 1,Orlando Vanegas Canro,0,8
local-20260912T153601,2026-09-12T15:36:36-05:00,1000005-B,NA,(10) Grupo 10,Epifanio Lozano Ayala,0,8
local-20260912T153601,2026-09-12T15:36:36-05:00,1000005-B,NA,(12) Grupo 12,EDGAR SANTIAGO OCHOA QUIROGA,0,8
local-20260912T153601,2026-09-12T15:36:36-05:00,1000005-B,NA,(13) Grupo 13,Natalia Camila Pinzon Cortes,0,8
local-20260912T153601,2026-09-12T15:36:36-05:00,1000005-B,NA,(14) Grupo 14,Mohammed EL AIDI,2,8
local-20260912T153601,2026-09-12T15:36:36-05:00,1000005-B,NA,(15) Grupo 15,Alina Fedosova,0,8
local-20260912T153601,2026-09-12T15:36:36-05:00,1000005-B,NA,(16) Grupo 16,Jonhatan Castillo Barajas,0,8
local-20260912T153601,2026-09-12T15:36:36-05:00,1000005-B,NA,(17) Grupo 17,Hernan Garzon Gutierrez,0,8
local-20260912T153601,2026-09-12T15:36:36-05:00,1000005-B,NA,(19) Grupo 19,No informado,0,8
local-20260912T153601,2026-09-12T15:36:36-05:00,1000005-B,NA,(2) Grupo 2,RENE ERLIN CASTILLO,0,8
local-20260912T153601,2026-09-12T15:36:36-05:00,1000005-B,NA,(20) Grupo 20,Franqui Solis Cardenas Poloche,0,8
local-20260912T153601,2026-09-12T15:36:36-05:00,1000005-B,NA,(21) Grupo 21,Gustavo Daver Cipagauta Cuitiva,0,8
local-20260912T153601,2026-09-12T15:36:36-05:00,1000005-B,NA,(22) Grupo 22,No informado,0,8
local-20260912T153601,2026-09-12T15:36:36-05:00,1000005-B,NA,(3) Grupo 3,Eduardo Cardenas Gomez,0,8
local-20260912T153601,2026-09-12T15:36:36-05:00,1000005-B,NA,(4) Grupo 4,Edward Samuel Becerra Rojas,1,8
local-20260912T153601,2026-09-12T15:36:36-05:00,1000005-B,NA,(6) Grupo 6,DANIEL CAMILO ARANA HERNÁNDEZ,0,8
local-20260912T153601,2026-09-12T15:36:36-05:00,1000005-B,NA,(7) Grupo 7,Franqui Solis Cardenas Poloche,0,8
local-20260912T153601,2026-09-12T15:36:36-05:00,1000005-B,NA,(8) Grupo 8,Franqui Solis Cardenas Poloche,0,8
local-20260912T153601,2026-09-12T15:36:36-05:00,1000005-B,NA,(9) Grupo 9,No informado,10,8
local-20260912T153601,2026-09-12T15:36:39-05:00,2015943,CLASE TEORICA,(1) Grupo 1,Carlos Orlando Robles Roa,2,10
local-20260912T153601,2026-09-12T15:36:41-05:00,2015944,CLASE TEORICA,(1) Grupo 1,SANTIAGO RAMIREZ ECHEVERRI,0,11
local-20260912T153601,2026-09-12T15:36:42-05:00,2015711,NA,(10) 2015711-10 Dibujo básico,Ariel Augusto Amaya Avila,0,12
local-20260912T153601,2026-09-12T15:36:42-05:00,2015711,NA,(11) 2015711-11 Dibujo básico,Cesar Augusto Bacca Gonzalez,1,12
local-20260912T153601,2026-09-12T15:36:42-05:00,2015711,NA,(14) 2015711-14 Dibujo básico,Cristian Felipe Morales Suárez,0,12
local-20260912T153601,2026-09-12T15:36:42-05:00,2015711,NA,(16) 2015711-16 Dibujo básico,DAVID FELIPE TORRES ARCE,0,12
local-20260912T153601,2026-09-12T15:36:42-05:00,2015711,NA,(4) 2015711-4 Dibujo básico,Cristian Felipe Morales Suárez,0,12
local-20260912T153601,2026-09-12T15:36:42-05:00,2015711,NA,(5) 2015711-5 Dibujo básico,Sebastian Achury Ortiz,0,12
local-20260912T153601,2026-09-12T15:36:42-05:00,2015711,NA,(7) 2015711-7 Dibujo básico,Cesar Augusto Bacca Gonzalez,0,12
local-20260912T153601,2026-09-12T15:36:42-05:00,2015711,NA,(8) 2015711-8 Dibujo básico,Miguel Angel Baquero Cortes,0,12
local-20260912T153601,2026-09-12T15:36:42-05:00,2015711,NA,(9) 2015711-9 Dibujo básico,EDWIN CAMILO REINA BELTRAN,1,12
local-20260912T153601,2026-09-12T15:36:52-05:00,2015948,CLASE TEORICA,(1) Grupo 1,YON ALEXANDER BOLAÑOS DIAZ,0,13
local-20260912T153601,2026-09-12T15:36:52-05:00,2015948,CLASE TEORICA,(2) Grupo 2,Mauricio Alberto Tapias Camacho,0,13
local-20260912T153601,2026-09-12T15:36:52-05:00,2015948,CLASE TEORICA,(3) Grupo 3,No informado,0,13
local-20260912T153601,2026-09-12T15:36:53-05:00,2015950,CLASE TEORICA,(1) Grupo 1,Darwin Humberto Mora Villota,0,14
local-20260912T153601,2026-09-12T15:36:53-05:00,2015950,CLASE TEORICA,(3) Grupo 3,Daniel Ricardo Lozano Monsalve,0,14
local-20260912T153601,2026-09-12T15:36:53-05:00,2015950,CLASE TEORICA,(4) Grupo 4,German Andres Mora Casas,0,14
local-20260912T153601,2026-09-12T15:36:53-05:00,2015950,CLASE TEORICA,(5) Grupo 5,THOMAS FEDERICO ROJAS VALLEJO,0,14
local-20260912T153601,2026-09-12T15:36:54-05:00,2015949,CLASE TEORICA,(1) Grupo 1,Mario Javier Cardozo Chaux,0,15
local-20260912T153601,2026-09-12T15:36:54-05:00,2015949,CLASE TEORICA,(2) Grupo 2,Wilson Ernesto Vargas Vargas,0,15
local-20260912T153601,2026-09-12T15:36:54-05:00,2015949,CLASE TEORICA,(3) Grupo 3,ELKIN DARIO CAÑON BUITRAGO,0,15
local-20260912T153601,2026-09-12T15:36:54-05:00,2015949,CLASE TEORICA,(4) Grupo 4,No informado,0,15
local-20260912T153601,2026-09-12T15:36:56-05:00,1000007-B,NA,(1) Grupo 1,JHON CRISTIAN MINA LADINO,0,16
local-20260912T153601,2026-09-12T15:36:56-05:00,1000007-B,NA,(11) Grupo 11,Leonid Lebedev,0,16
local-20260912T153601,2026-09-12T15:36:56-05:00,1000007-B,NA,(12) Grupo 12,Gustavo Adolfo Nieto Clavijo,3,16
local-20260912T153601,2026-09-12T15:36:56-05:00,1000007-B,NA,(13) Grupo 13,Omar Duque Gomez,31,16
local-20260912T153601,2026-09-12T15:36:56-05:00,1000007-B,NA,(14) Grupo 14,IVAN FELIPE SALAMANCA MEDINA,32,16
local-20260912T153601,2026-09-12T15:36:56-05:00,1000007-B,NA,(3) Grupo 3,IVAN FELIPE SALAMANCA MEDINA,1,16
local-20260912T153601,2026-09-12T15:36:56-05:00,1000007-B,NA,(4) Grupo 4,CARLOS SNEYDER OTALORA ALDANA,0,16
local-20260912T153601,2026-09-12T15:36:56-05:00,1000007-B,NA,(6) Grupo 6,Alexander Caviedes Castro,0,16
local-20260912T153601,2026-09-12T15:36:56-05:00,1000007-B,NA,(7) Grupo 7,Oscar Guillermo Riaño Castañeda,0,16
local-20260912T153601,2026-09-12T15:36:56-05:00,1000007-B,NA,(9) Grupo 9,Orlando Vanegas Canro,0,16
local-20260912T153601,2026-09-12T15:36:57-05:00,2026134,CLASE TEORICA,(2) Grupo 2,Juan Manuel Lizarazo Marriaga,0,17
local-20260912T153601,2026-09-12T15:36:57-05:00,2026134,CLASE TEORICA,(3) Grupo 3,Maritzabel Molina Herrera,2,17
local-20260912T153601,2026-09-12T15:36:57-05:00,2026134,CLASE TEORICA,(4) Grupo 4,Carlos Ramiro Vallecilla Bahena,1,17
local-20260912T153601,2026-09-12T15:36:57-05:00,2026134,CLASE TEORICA,(5) Grupo 5,Fernando Lozano Osorno,0,17
local-20260912T153601,2026-09-12T15:36:57-05:00,2026134,CLASE TEORICA,(6) Grupo 6,Jose Dario Moreno Pineda,0,17
local-20260912T153601,2026-09-12T15:36:59-05:00,2015954,CLASE TEORICA,(1) Grupo 1,Erasmo Alfredo Rodriguez Sandoval,0,18
local-20260912T153601,2026-09-12T15:36:59-05:00,2015954,CLASE TEORICA,(2) Grupo 2,Mario Enrique Moreno Castiblanco,0,18
local-20260912T153601,2026-09-12T15:36:59-05:00,2015954,CLASE TEORICA,(3) Grupo 3,Luis Alejandro Morales Marin,0,18
local-20260912T153601,2026-09-12T15:37:00-05:00,2015955,CLASE TEORICA,(1) Grupo 1,Giovanni Andres Cortes Tovar,0,19
local-20260912T153601,2026-09-12T15:37:00-05:00,2015955,CLASE TEORICA,(2) Grupo 2,Angela Barrera Puerto,13,19
local-20260912T153601,2026-09-12T15:37:00-05:00,2015955,CLASE TEORICA,(3) Grupo 3,Giovanni Andres Cortes Tovar,0,19
local-20260912T153601,2026-09-12T15:37:01-05:00,1000011-B,CLASE TEORICA,(1) Grupo 1,Ernesto Javier Puertas Dellepianes,76,20
local-20260912T153601,2026-09-12T15:37:01-05:00,1000011-B,CLASE TEORICA,(3) Grupo 3,Néstor Fernando Perez Buitrago,11,20
local-20260912T153601,2026-09-12T15:37:04-05:00,1000019-B,CLASE LABORATORIO,(1) Grupo 1,Gustavo Martinez Tamayo,0,21
local-20260912T153601,2026-09-12T15:37:04-05:00,1000019-B,CLASE LABORATORIO,(10) Grupo 10,No informado,0,21
local-20260912T153601,2026-09-12T15:37:04-05:00,1000019-B,CLASE LABORATORIO,(11) Grupo 11,EVER DAVID ALCALA CAJAR,0,21
local-20260912T153601,2026-09-12T15:37:04-05:00,1000019-B,CLASE LABORATORIO,(12) Grupo 12,FABIAN FELIPE QUEVEDO FARIETA,0,21
local-20260912T153601,2026-09-12T15:37:04-05:00,1000019-B,CLASE LABORATORIO,(13) Grupo 13,Alvaro Marino Camargo,0,21
local-20260912T153601,2026-09-12T15:37:04-05:00,1000019-B,CLASE LABORATORIO,(14) Grupo 14,Alvaro Marino Camargo,0,21
local-20260912T153601,2026-09-12T15:37:04-05:00,1000019-B,CLASE LABORATORIO,(15) Grupo 15,EVER DAVID ALCALA CAJAR,0,21
local-20260912T153601,2026-09-12T15:37:04-05:00,1000019-B,CLASE LABORATORIO,(16) Grupo 16,Alvaro Marino Camargo,0,21
local-20260912T153601,2026-09-12T15:37:04-05:00,1000019-B,CLASE LABORATORIO,(17) Grupo 17,JULIAN MATEO DE MENDOZA GUTIERREZ,0,21
local-20260912T153601,2026-09-12T15:37:04-05:00,1000019-B,CLASE LABORATORIO,(18) Grupo 18,Jaime Villalobos Velasco,1,21
local-20260912T153601,2026-09-12T15:37:04-05:00,1000019-B,CLASE LABORATORIO,(19) Grupo 19,JULY PAOLA GARZÓN LOPEZ,4,21
local-20260912T153601,2026-09-12T15:37:04-05:00,1000019-B,CLASE LABORATORIO,(2) Grupo 2,Gustavo Martinez Tamayo,0,21
local-20260912T153601,2026-09-12T15:37:04-05:00,1000019-B,CLASE LABORATORIO,(20) Grupo 20,JOSE ALFREDO GOMEZ MATEUS,20,21
local-20260912T153601,2026-09-12T15:37:04-05:00,1000019-B,CLASE LABORATORIO,(21) Grupo 21,Pedro Hernan Sanchez Machet,2,21
local-20260912T153601,2026-09-12T15:37:04-05:00,1000019-B,CLASE LABORATORIO,(22) Grupo 22,Pedro Hernan Sanchez Machet,13,21
local-20260912T153601,2026-09-12T15:37:04-05:00,1000019-B,CLASE LABORATORIO,(23) Grupo 23,Pedro Hernan Sanchez Machet,27,21
local-20260912T153601,2026-09-12T15:37:04-05:00,1000019-B,CLASE LABORATORIO,(24) Grupo 24,Pedro Hernan Sanchez Machet,11,21
local-20260912T153601,2026-09-12T15:37:04-05:00,1000019-B,CLASE LABORATORIO,(25) Grupo 25,Plinio Del Carmen Teheran Sermeno,26,21
local-20260912T153601,2026-09-12T15:37:04-05:00,1000019-B,CLASE LABORATORIO,(26) Grupo 26 (VIRTUAL),Plinio Del Carmen Teheran Sermeno,3,21
local-20260912T153601,2026-09-12T15:37:04-05:00,1000019-B,CLASE LABORATORIO,(27) Grupo 27 (VIRTUAL),Plinio Del Carmen Teheran Sermeno,3,21
local-20260912T153601,2026-09-12T15:37:04-05:00,1000019-B,CLASE LABORATORIO,(28) Grupo 28 (VIRTUAL),Plinio Del Carmen Teheran Sermeno,9,21
local-20260912T153601,2026-09-12T15:37:04-05:00,1000019-B,CLASE LABORATORIO,(29) Grupo 29 (VIRTUAL),Plinio Del Carmen Teheran Sermeno,8,21
local-20260912T153601,2026-09-12T15:37:04-05:00,1000019-B,CLASE LABORATORIO,(3) Grupo 3,Gustavo Martinez Tamayo,0,21
local-20260912T153601,2026-09-12T15:37:04-05:00,1000019-B,CLASE LABORATORIO,(4) Grupo 4,No informado,0,21
local-20260912T153601,2026-09-12T15:37:04-05:00,1000019-B,CLASE LABORATORIO,(5) Grupo 5,FABIAN FELIPE QUEVEDO FARIETA,0,21
local-20260912T153601,2026-09-12T15:37:04-05:00,1000019-B,CLASE LABORATORIO,(6) Grupo 6,Jaime Villalobos Velasco,0,21
local-20260912T153601,2026-09-12T15:37:04-05:00,1000019-B,CLASE LABORATORIO,(7) Grupo 7,Jaime Villalobos Velasco,0,21
local-20260912T153601,2026-09-12T15:37:04-05:00,1000019-B,CLASE LABORATORIO,(8) Grupo 8,Alvaro Marino Camargo,0,21
local-20260912T153601,2026-09-12T15:37:04-05:00,1000019-B,CLASE LABORATORIO,(9) Grupo 9,Erika Lorena Rosero Alzate,1,21
local-20260912T153601,2026-09-12T15:37:04-05:00,1000019-B,CLASE TALLER,(1) Grupo 1,FABIAN FELIPE QUEVEDO FARIETA,0,21
local-20260912T153601,2026-09-12T15:37:04-05:00,1000019-B,CLASE TALLER,(10) Grupo 10,FABIAN FELIPE QUEVEDO FARIETA; Gladys Aminta Mendoza Baron,0,21
local-20260912T153601,2026-09-12T15:37:04-05:00,1000019-B,CLASE TALLER,(11) Grupo 11,JULIAN MATEO DE MENDOZA GUTIERREZ; Gladys Aminta Mendoza Baron,0,21
local-20260912T153601,2026-09-12T15:37:04-05:00,1000019-B,CLASE TALLER,(12) Grupo 12,JULIAN MATEO DE MENDOZA GUTIERREZ,0,21
local-20260912T153601,2026-09-12T15:37:04-05:00,1000019-B,CLASE TALLER,(13) Grupo 13,MIGUEL ENRIQUE GÁMEZ LÓPEZ,0,21
local-20260912T153601,2026-09-12T15:37:04-05:00,1000019-B,CLASE TALLER,(14) Grupo 14,No informado,0,21
local-20260912T153601,2026-09-12T15:37:04-05:00,1000019-B,CLASE TALLER,(15) Grupo 15,EVER DAVID ALCALA CAJAR,0,21
local-20260912T153601,2026-09-12T15:37:04-05:00,1000019-B,CLASE TALLER,(16) Grupo 16,Edna Carolina Pinilla Beltran,0,21
local-20260912T153601,2026-09-12T15:37:04-05:00,1000019-B,CLASE TALLER,(17) Grupo 17,Jereson Silva Valencia,0,21
local-20260912T153601,2026-09-12T15:37:04-05:00,1000019-B,CLASE TALLER,(18) Grupo 18,Jereson Silva Valencia,1,21
local-20260912T153601,2026-09-12T15:37:04-05:00,1000019-B,CLASE TALLER,(19) Grupo 19,Jereson Silva Valencia,4,21
local-20260912T153601,2026-09-12T15:37:04-05:00,1000019-B,CLASE TALLER,(2) Grupo 2,Gustavo Martinez Tamayo,0,21
local-20260912T153601,2026-09-12T15:37:04-05:00,1000019-B,CLASE TALLER,(20) Grupo 20,Jereson Silva Valencia,20,21
local-20260912T153601,2026-09-12T15:37:04-05:00,1000019-B,CLASE TALLER,(21) Grupo 21,JOSE ALFREDO GOMEZ MATEUS,2,21
local-20260912T153601,2026-09-12T15:37:04-05:00,1000019-B,CLASE TALLER,(22) Grupo 22,JULY PAOLA GARZÓN LOPEZ,13,21
local-20260912T153601,2026-09-12T15:37:04-05:00,1000019-B,CLASE TALLER,(23) Grupo 23,Edna Carolina Pinilla Beltran,27,21
local-20260912T153601,2026-09-12T15:37:04-05:00,1000019-B,CLASE TALLER,(24) Grupo 24,Felipe Valencia Hernandez,11,21
local-20260912T153601,2026-09-12T15:37:04-05:00,1000019-B,CLASE TALLER,(25) Grupo 25,Plinio Del Carmen Teheran Sermeno,26,21
local-20260912T153601,2026-09-12T15:37:04-05:00,1000019-B,CLASE TALLER,(26) Grupo 26 (VIRTUAL),Plinio Del Carmen Teheran Sermeno,3,21
local-20260912T153601,2026-09-12T15:37:04-05:00,1000019-B,CLASE TALLER,(27) Grupo 27 (VIRTUAL),Plinio Del Carmen Teheran Sermeno,3,21
local-20260912T153601,2026-09-12T15:37:04-05:00,1000019-B,CLASE TALLER,(28) Grupo 28 (VIRTUAL),Plinio Del Carmen Teheran Sermeno,9,21
local-20260912T153601,2026-09-12T15:37:04-05:00,1000019-B,CLASE TALLER,(29) Grupo 29 (VIRTUAL),Plinio Del Carmen Teheran Sermeno,8,21
local-20260912T153601,2026-09-12T15:37:04-05:00,1000019-B,CLASE TALLER,(3) Grupo 3,Gustavo Martinez Tamayo,0,21
local-20260912T153601,2026-09-12T15:37:04-05:00,1000019-B,CLASE TALLER,(4) Grupo 4,Jaime Villalobos Velasco,0,21
local-20260912T153601,2026-09-12T15:37:04-05:00,1000019-B,CLASE TALLER,(5) Grupo 5,Jaime Villalobos Velasco,0,21
local-20260912T153601,2026-09-12T15:37:04-05:00,1000019-B,CLASE TALLER,(6) Grupo 6,Ramiro Cardona Cardona,0,21
local-20260912T153601,2026-09-12T15:37:04-05:00,1000019-B,CLASE TALLER,(7) Grupo 7,Ramiro Cardona Cardona,0,21
local-20260912T153601,2026-09-12T15:37:04-05:00,1000019-B,CLASE TALLER,(8) Grupo 8,Edna Carolina Pinilla Beltran,0,21
local-20260912T153601,2026-09-12T15:37:04-05:00,1000019-B,CLASE TALLER,(9) Grupo 9,No informado,6,21
local-20260912T153601,2026-09-12T15:37:04-05:00,1000019-B,CLASE MAGISTRAL,(16) Gruop 16,Erika Lorena Rosero Alzate; Daniel Camilo Padilla González,1,21
local-20260912T153601,2026-09-12T15:37:04-05:00,1000019-B,CLASE MAGISTRAL,(1) Grupo 1,Gustavo Martinez Tamayo,0,21
local-20260912T153601,2026-09-12T15:37:04-05:00,1000019-B,CLASE MAGISTRAL,(10) Grupo 10,Ovidio Amado Almanza Montero,0,21
local-20260912T153601,2026-09-12T15:37:04-05:00,1000019-B,CLASE MAGISTRAL,(11) Grupo 11,Ovidio Amado Almanza Montero,0,21
local-20260912T153601,2026-09-12T15:37:04-05:00,1000019-B,CLASE MAGISTRAL,(12) Grupo 12,Ovidio Amado Almanza Montero,0,21
local-20260912T153601,2026-09-12T15:37:04-05:00,1000019-B,CLASE MAGISTRAL,(13) Grupo 13,Jaime Villalobos Velasco,0,21
local-20260912T153601,2026-09-12T15:37:04-05:00,1000019-B,CLASE MAGISTRAL,(14) Grupo 14,Jaime Villalobos Velasco,0,21
local-20260912T153601,2026-09-12T15:37:04-05:00,1000019-B,CLASE MAGISTRAL,(15) Grupo 15,Jaime Villalobos Velasco,0,21
local-20260912T153601,2026-09-12T15:37:04-05:00,1000019-B,CLASE MAGISTRAL,(17) Grupo 17,Jereson Silva Valencia,0,21
local-20260912T153601,2026-09-12T15:37:04-05:00,1000019-B,CLASE MAGISTRAL,(18) Grupo 18,Jereson Silva Valencia,1,21
local-20260912T153601,2026-09-12T15:37:04-05:00,1000019-B,CLASE MAGISTRAL,(19) Grupo 19,Jereson Silva Valencia,4,21
local-20260912T153601,2026-09-12T15:37:04-05:00,1000019-B,CLASE MAGISTRAL,(2) Grupo 2,Gustavo Martinez Tamayo,0,21
local-20260912T153601,2026-09-12T15:37:04-05:00,1000019-B,CLASE MAGISTRAL,(20) Grupo 20,Jereson Silva Valencia,20,21
local-20260912T153601,2026-09-12T15:37:04-05:00,1000019-B,CLASE MAGISTRAL,(21) Grupo 21,Felipe Valencia Hernandez,2,21
local-20260912T153601,2026-09-12T15:37:04-05:00,1000019-B,CLASE MAGISTRAL,(22) Grupo 22,Felipe Valencia Hernandez,13,21
local-20260912T153601,2026-09-12T15:37:04-05:00,1000019-B,CLASE MAGISTRAL,(23) Grupo 23,Felipe Valencia Hernandez,27,21
local-20260912T153601,2026-09-12T15:37:04-05:00,1000019-B,CLASE MAGISTRAL,(24) Grupo 24,Felipe Valencia Hernandez,11,21
local-20260912T153601,2026-09-12T15:37:04-05:00,1000019-B,CLASE MAGISTRAL,(25) Grupo 25,Plinio Del Carmen Teheran Sermeno,26,21
local-20260912T153601,2026-09-12T15:37:04-05:00,1000019-B,CLASE MAGISTRAL,(26) Grupo 26 (VIRTUAL),Plinio Del Carmen Teheran Sermeno,3,21
local-20260912T153601,2026-09-12T15:37:04-05:00,1000019-B,CLASE MAGISTRAL,(27) Grupo 27 (VIRTUAL),Plinio Del Carmen Teheran Sermeno,3,21
local-20260912T153601,2026-09-12T15:37:04-05:00,1000019-B,CLASE MAGISTRAL,(28) Grupo 28 (VIRTUAL),Plinio Del Carmen Teheran Sermeno,9,21
local-20260912T153601,2026-09-12T15:37:04-05:00,1000019-B,CLASE MAGISTRAL,(29) Grupo 29 (VIRTUAL),Plinio Del Carmen Teheran Sermeno,8,21
local-20260912T153601,2026-09-12T15:37:04-05:00,1000019-B,CLASE MAGISTRAL,(3) Grupo 3,Gustavo Martinez Tamayo,0,21
local-20260912T153601,2026-09-12T15:37:04-05:00,1000019-B,CLASE MAGISTRAL,(4) Grupo 4,Gustavo Martinez Tamayo,0,21
local-20260912T153601,2026-09-12T15:37:04-05:00,1000019-B,CLASE MAGISTRAL,(5) Grupo 5,Ramiro Cardona Cardona,0,21
local-20260912T153601,2026-09-12T15:37:04-05:00,1000019-B,CLASE MAGISTRAL,(6) Grupo 6,Ramiro Cardona Cardona,0,21
local-20260912T153601,2026-09-12T15:37:04-05:00,1000019-B,CLASE MAGISTRAL,(7) Grupo 7,Ramiro Cardona Cardona,0,21
local-20260912T153601,2026-09-12T15:37:04-05:00,1000019-B,CLASE MAGISTRAL,(8) Grupo 8,Ramiro Cardona Cardona,0,21
local-20260912T153601,2026-09-12T15:37:04-05:00,1000019-B,CLASE MAGISTRAL,(9) Grupo 9,Fredy Angel Jimenez Giraldo,6,21
local-20260912T153601,2026-09-12T15:37:05-05:00,2015956,CLASE TEORICA,(1) Grupo 1,Modesto Portilla Gamboa; Fernando Eli Romero Ordoñez,0,22
local-20260912T153601,2026-09-12T15:37:05-05:00,2015956,CLASE TEORICA,(2) Grupo 2,Jennifer Angel Amaya,0,22
local-20260912T153601,2026-09-12T15:37:05-05:00,2015956,CLASE TEORICA,(3) Grupo 3,Jennifer Angel Amaya,0,22
local-20260912T153601,2026-09-12T15:37:05-05:00,2015956,CLASE TEORICA,(4) Grupo 4,Fernando Eli Romero Ordoñez; Modesto Portilla Gamboa,0,22
local-20260912T153601,2026-09-12T15:37:07-05:00,2015957,CLASE PRACTICA,(1) Grupo 1,ELKIN DARIO CAÑON BUITRAGO,0,23
local-20260912T153601,2026-09-12T15:37:07-05:00,2015957,CLASE PRACTICA,(2) Grupo 2,Samuel Fernando Mesa Giraldo,10,23
local-20260912T153601,2026-09-12T15:37:07-05:00,2015957,CLASE PRACTICA,(3) Grupo 3,Rose Marie Aldana Boutin,0,23
local-20260912T153601,2026-09-12T15:37:07-05:00,2015957,CLASE PRACTICA,(4) Grupo 4,Rose Marie Aldana Boutin,1,23
local-20260912T153601,2026-09-12T15:37:08-05:00,2015958,CLASE PRACTICA,(1) Grupo 1,William Castro Garcia,0,24
local-20260912T153601,2026-09-12T15:37:08-05:00,2015958,CLASE PRACTICA,(2) Grupo 2,William Castro Garcia,0,24
local-20260912T153601,2026-09-12T15:37:08-05:00,2015958,CLASE PRACTICA,(3) Grupo 3,Carlos Alfonso Gomez Guacaneme,4,24
local-20260912T153601,2026-09-12T15:37:08-05:00,2015958,CLASE PRACTICA,(4) Grupo 4,Mario Arturo Rincon Villalba,1,24
local-20260912T153601,2026-09-12T15:37:08-05:00,2015958,CLASE PRACTICA,(5) Grupo 5,Mario Arturo Rincon Villalba,4,24
local-20260912T153601,2026-09-12T15:37:08-05:00,2015958,CLASE PRACTICA,(6) Grupo 6,Fausto Alejandro Silva España,0,24
local-20260912T153601,2026-09-12T15:37:08-05:00,2015958,CLASE PRACTICA,(7) Grupo 7,Fausto Alejandro Silva España,1,24
local-20260912T153601,2026-09-12T15:37:08-05:00,2015958,CLASE PRACTICA,(8) Grupo 8,Fausto Alejandro Silva España,1,24
local-20260912T153601,2026-09-12T15:37:08-05:00,2015958,CLASE PRACTICA,(9) Grupo 9,Fausto Alejandro Silva España,7,24
local-20260912T153601,2026-09-12T15:37:08-05:00,2015958,CLASE TEORICA,(1) Grupo 1,William Castro Garcia,0,24
local-20260912T153601,2026-09-12T15:37:08-05:00,2015958,CLASE TEORICA,(3) Grupo 3,Carlos Alfonso Gomez Guacaneme,4,24
local-20260912T153601,2026-09-12T15:37:08-05:00,2015958,CLASE TEORICA,(4) Grupo 4,Mario Arturo Rincon Villalba,5,24
local-20260912T153601,2026-09-12T15:37:08-05:00,2015958,CLASE TEORICA,(6) Grupo 6,Cesar Andres Cortes Bello,1,24
local-20260912T153601,2026-09-12T15:37:08-05:00,2015958,CLASE TEORICA,(8) Grupo 8,Cesar Andres Cortes Bello,8,24
local-20260912T153601,2026-09-12T15:37:10-05:00,2015959,CLASE TEORICA,(1) Grupo 1,Carlos Eduardo Rodriguez Pineda,18,25
local-20260912T153601,2026-09-12T15:37:10-05:00,2015959,CLASE TEORICA,(2) Grupo 2,Guillermo Eduardo Avila Alvarez,0,25
local-20260912T153601,2026-09-12T15:37:10-05:00,2015959,CLASE TEORICA,(3) Grupo 3,Livaniel Viveros Rosero,0,25
local-20260912T153601,2026-09-12T15:37:18-05:00,2022760,NA,(1) Grupo 1,No informado,0,26
local-20260912T153601,2026-09-12T15:37:18-05:00,2022760,NA,(2) Grupo 2,Angela Barrera Puerto,1,26
local-20260912T153601,2026-09-12T15:37:19-05:00,2015961,CLASE TEORICA,(1) Grupo 1,MANUEL ANDRES NIÑO SILVA; Rafael Orland Ortiz Mosquera,0,27
local-20260912T153601,2026-09-12T15:37:19-05:00,2015961,CLASE TEORICA,(2) Grupo 2,MANUEL ANDRES NIÑO SILVA; Adriana Patricia Piña Fulano,0,27
local-20260912T153601,2026-09-12T15:37:19-05:00,2015961,CLASE TEORICA,(3) Grupo 3,MANUEL ANDRES NIÑO SILVA; Gelber Norberto Gutierrez Palacios,0,27
local-20260912T153601,2026-09-12T15:37:19-05:00,2015961,CLASE TEORICA,(4) Grupo 4,MANUEL ANDRES NIÑO SILVA; Camilo Andrés Caro Galindo,0,27
local-20260912T153601,2026-09-12T15:37:19-05:00,2015961,CLASE TEORICA,(5) Grupo 5,MANUEL ANDRES NIÑO SILVA; Paula Angelica Solarte Blandon,0,27
local-20260912T153601,2026-09-12T15:37:19-05:00,2015961,CLASE TEORICA,(6) Grupo 6,MANUEL ANDRES NIÑO SILVA; Leonardo David Donado Garzon,0,27
local-20260912T153601,2026-09-12T15:37:19-05:00,2015961,CLASE TEORICA,(7) Grupo 7,SERGIO ALEJANDRO RIVERA MONROY; Rafael Orland Ortiz Mosquera,1,27
local-20260912T153601,2026-09-12T15:37:19-05:00,2015961,CLASE TEORICA,(8) Grupo 8,SERGIO ALEJANDRO RIVERA MONROY,1,27
local-20260912T153601,2026-09-12T15:37:21-05:00,2015978,CLASE TEORICA,(1) Grupo 1,No informado,0,28
local-20260912T153601,2026-09-12T15:37:21-05:00,2015978,CLASE TEORICA,(2) Grupo 2,Erasmo Alfredo Rodriguez Sandoval,0,28
local-20260912T153601,2026-09-12T15:37:21-05:00,2015978,CLASE TEORICA,(3) Grupo 3,Estiveen Rodriguez Quintero,0,28
local-20260912T153601,2026-09-12T15:37:21-05:00,2015978,CLASE TEORICA,(4) Grupo 4,Diego Alberto Cortés Ramos,0,28
local-20260912T153601,2026-09-12T15:37:21-05:00,2015978,CLASE TEORICA,(5) Grupo 5,Diego Alberto Cortés Ramos,0,28
local-20260912T153601,2026-09-12T15:37:22-05:00,2026135,CLASE TEORICA,(1) Grupo 1,NICOLAS ESCALANTE MORA,0,29
local-20260912T153601,2026-09-12T15:37:22-05:00,2026135,CLASE TEORICA,(2) Grupo 2,Leonel Vega Mora,18,29
local-20260912T153601,2026-09-12T15:37:22-05:00,2026135,CLASE TEORICA,(3) Grupo 3,Leonel Vega Mora,0,29
local-20260912T153601,2026-09-12T15:37:23-05:00,2015963,CLASE TEORICA,(1) Grupo 1,Liliana Yanneth Bohorques Avendaño,3,30
local-20260912T153601,2026-09-12T15:37:23-05:00,2015963,CLASE TEORICA,(2) Grupo 2,Diego Enrique Machuca Duarte,0,30
local-20260912T153601,2026-09-12T15:37:23-05:00,2015963,CLASE TEORICA,(3) Grupo 3,William Castro Garcia,5,30
local-20260912T153601,2026-09-12T15:37:25-05:00,2026138,CLASE TEORICA,(1) Grupo 1,Ivan Dario Serrano Arrieta,0,31
local-20260912T153601,2026-09-12T15:37:25-05:00,2026138,CLASE TEORICA,(2) Grupo 2,Ivan Dario Serrano Arrieta,0,31
local-20260912T153601,2026-09-12T15:37:25-05:00,2026138,CLASE TEORICA,(3) Grupo 3,Pedro Luis Jimenez Poveda,0,31
local-20260912T153601,2026-09-12T15:37:26-05:00,2015703,NA,(1) Grupo 1,Angela Maria Arboleda Restrepo,0,32
local-20260912T153601,2026-09-12T15:37:26-05:00,2015703,NA,(10) Grupo 10,Diego Alejandro Hernandez Castañeda,0,32
local-20260912T153601,2026-09-12T15:37:26-05:00,2015703,NA,(11) Grupo 11,Julio Cesar Cañon Rodriguez,0,32
local-20260912T153601,2026-09-12T15:37:26-05:00,2015703,NA,(2) Grupo 2,Osman Benjamin Giovanny Vargas Rozo,0,32
local-20260912T153601,2026-09-12T15:37:26-05:00,2015703,NA,(3) Grupo 3,Hugo Alberto Herrera Fonseca,0,32
local-20260912T153601,2026-09-12T15:37:26-05:00,2015703,NA,(4) Grupo 4,LINA JULIANA BULLA CASAS,0,32
local-20260912T153601,2026-09-12T15:37:26-05:00,2015703,NA,(5) Grupo 5 - Virtual,Cesar Augusto Roa Lemus,0,32
local-20260912T153601,2026-09-12T15:37:26-05:00,2015703,NA,(6) Grupo 6,JAVIER RICARDO OJEDA SANCHEZ,0,32
local-20260912T153601,2026-09-12T15:37:26-05:00,2015703,NA,(7) Grupo 7,JAVIER RICARDO OJEDA SANCHEZ,0,32
local-20260912T153601,2026-09-12T15:37:26-05:00,2015703,NA,(8) Grupo 8,Diego Alejandro Hernandez Castañeda,0,32
local-20260912T153601,2026-09-12T15:37:26-05:00,2015703,NA,(9) Grupo 9,LINA JULIANA BULLA CASAS,0,32
local-20260912T153601,2026-09-12T15:37:27-05:00,1000044-B,CLASE TEORICA,(1) Grupo 1,Beatriz Elena Urrutia Sanchez,3,33
local-20260912T153601,2026-09-12T15:37:27-05:00,1000044-B,CLASE TEORICA,(2) Grupo 2,Yaneli Niño Osorio,3,33
local-20260912T153601,2026-09-12T15:37:27-05:00,1000044-B,CLASE TEORICA,(3) Grupo 3,Luis Gabriel Peña Ortiz,0,33
local-20260912T153601,2026-09-12T15:37:27-05:00,1000044-B,CLASE TEORICA,(4) Grupo 4,Liliana Marcela Guzman Aricapa,1,33
local-20260912T153601,2026-09-12T15:37:27-05:00,1000044-B,CLASE TEORICA,(5) Grupo 5,Beatriz Elena Urrutia Sanchez,0,33
local-20260912T153601,2026-09-12T15:37:27-05:00,1000044-B,CLASE TEORICA,(6) Grupo 6,Cesar Augusto Romero,0,33
local-20260912T153601,2026-09-12T15:37:27-05:00,1000044-B,CLASE TEORICA,(7) Grupo 7,JOSE JONATHAN MAESTRE HERRERA,0,33
local-20260912T153601,2026-09-12T15:37:27-05:00,1000044-B,CLASE TEORICA,(8) Grupo 8,Beymar Leonardo Solorzano Alviz,0,33
local-20260912T153601,2026-09-12T15:37:27-05:00,1000044-B,CLASE TEORICA,(9) Grupo 9,Claudia Marcela Arevalo Gomez,1,33
local-20260912T153601,2026-09-12T15:37:29-05:00,1000045-B,CLASE TEORICA,(1) Grupo 1,Claudia Marcela Arevalo Gomez,3,34
local-20260912T153601,2026-09-12T15:37:29-05:00,1000045-B,CLASE TEORICA,(10) Grupo 10,Jesica paola Rendon Alfonso,1,34
local-20260912T153601,2026-09-12T15:37:29-05:00,1000045-B,CLASE TEORICA,(11) Grupo 11,JOSE JONATHAN MAESTRE HERRERA,0,34
local-20260912T153601,2026-09-12T15:37:29-05:00,1000045-B,CLASE TEORICA,(12) Grupo 12,LINDA JOHANA RUIZ GOMEZ,0,34
local-20260912T153601,2026-09-12T15:37:29-05:00,1000045-B,CLASE TEORICA,(13) Grupo 13,Narly Yadira Pardo Cadena,1,34
local-20260912T153601,2026-09-12T15:37:29-05:00,1000045-B,CLASE TEORICA,(14) Grupo 14,Angelica Saenz Fonseca,0,34
local-20260912T153601,2026-09-12T15:37:29-05:00,1000045-B,CLASE TEORICA,(15) Grupo 15,Narly Yadira Pardo Cadena,0,34
local-20260912T153601,2026-09-12T15:37:29-05:00,1000045-B,CLASE TEORICA,(16) Grupo 16,Luis Gabriel Peña Ortiz,3,34
local-20260912T153601,2026-09-12T15:37:29-05:00,1000045-B,CLASE TEORICA,(2) Grupo 2,Cesar Augusto Romero,0,34
local-20260912T153601,2026-09-12T15:37:29-05:00,1000045-B,CLASE TEORICA,(3) Grupo 3,Jesica paola Rendon Alfonso,1,34
local-20260912T153601,2026-09-12T15:37:29-05:00,1000045-B,CLASE TEORICA,(4) Grupo 4,Adriana Marlen Sanchez Riaño,0,34
local-20260912T153601,2026-09-12T15:37:29-05:00,1000045-B,CLASE TEORICA,(5) Grupo 5,Cesar Augusto Romero,0,34
local-20260912T153601,2026-09-12T15:37:29-05:00,1000045-B,CLASE TEORICA,(6) Grupo 6,Sara Elisa Monsalve Patino,1,34
local-20260912T153601,2026-09-12T15:37:29-05:00,1000045-B,CLASE TEORICA,(7) Grupo 7,Luis Gabriel Peña Ortiz,0,34
local-20260912T153601,2026-09-12T15:37:29-05:00,1000045-B,CLASE TEORICA,(8) Grupo 8,Johnatan Martinez Hernandez,0,34
local-20260912T153601,2026-09-12T15:37:29-05:00,1000045-B,CLASE TEORICA,(9) Grupo 9,Maureen Elizabeth Hooker Oneill,9,34
local-20260912T153601,2026-09-12T15:37:32-05:00,1000046-B,CLASE TEORICA,(1) Grupo 1,Johnatan Martinez Hernandez,1,36
local-20260912T153601,2026-09-12T15:37:32-05:00,1000046-B,CLASE TEORICA,(10) Grupo 10,Jennly Angelica Gomez Rodriguez,1,36
local-20260912T153601,2026-09-12T15:37:32-05:00,1000046-B,CLASE TEORICA,(11) Grupo 11,Angelica Saenz Fonseca,0,36
local-20260912T153601,2026-09-12T15:37:32-05:00,1000046-B,CLASE TEORICA,(12) Grupo 12,Liliana Marcela Guzman Aricapa,0,36
local-20260912T153601,2026-09-12T15:37:32-05:00,1000046-B,CLASE TEORICA,(13) Grupo 13,ALBA LUCIA RIAÑO RODRIGUEZ,2,36
local-20260912T153601,2026-09-12T15:37:32-05:00,1000046-B,CLASE TEORICA,(14) Grupo 14,Angelica Saenz Fonseca,1,36
local-20260912T153601,2026-09-12T15:37:32-05:00,1000046-B,CLASE TEORICA,(15) Grupo 15,Luis Gabriel Peña Ortiz,0,36
local-20260912T153601,2026-09-12T15:37:32-05:00,1000046-B,CLASE TEORICA,(16) Grupo 16,Olga Lucia Ruiz Convers,7,36
local-20260912T153601,2026-09-12T15:37:32-05:00,1000046-B,CLASE TEORICA,(17) Grupo 17,Luis Gabriel Peña Ortiz,0,36
local-20260912T153601,2026-09-12T15:37:32-05:00,1000046-B,CLASE TEORICA,(18) Grupo 18,Narly Yadira Pardo Cadena,0,36
local-20260912T153601,2026-09-12T15:37:32-05:00,1000046-B,CLASE TEORICA,(2) Grupo 2,Jesica paola Rendon Alfonso,0,36
local-20260912T153601,2026-09-12T15:37:32-05:00,1000046-B,CLASE TEORICA,(3) Grupo 3,JESUS DAVID TORRES RODRIGUEZ,8,36
local-20260912T153601,2026-09-12T15:37:32-05:00,1000046-B,CLASE TEORICA,(4) Grupo 4,Claudia Patricia Cortes Lora,2,36
local-20260912T153601,2026-09-12T15:37:32-05:00,1000046-B,CLASE TEORICA,(5) Grupo 5,Johnatan Martinez Hernandez,0,36
local-20260912T153601,2026-09-12T15:37:32-05:00,1000046-B,CLASE TEORICA,(6) Grupo 6,Johnatan Martinez Hernandez,0,36
local-20260912T153601,2026-09-12T15:37:32-05:00,1000046-B,CLASE TEORICA,(7) Grupo 7,Jesica paola Rendon Alfonso,0,36
local-20260912T153601,2026-09-12T15:37:32-05:00,1000046-B,CLASE TEORICA,(8) Grupo 8,Beatriz Elena Urrutia Sanchez,0,36
local-20260912T153601,2026-09-12T15:37:32-05:00,1000046-B,CLASE TEORICA,(9) Grupo 9,Maureen Elizabeth Hooker Oneill,7,36
local-20260912T153601,2026-09-12T15:37:35-05:00,1000052-B,CLASE TEORICA,(1) Grupo 1,Liliana Marcela Guzman Aricapa,4,38
local-20260912T153601,2026-09-12T15:37:35-05:00,1000052-B,CLASE TEORICA,(2) Grupo 2,JOSE JONATHAN MAESTRE HERRERA,6,38
local-20260912T153601,2026-09-12T15:37:35-05:00,1000052-B,CLASE TEORICA,(3) Grupo 3,Aida Elena Monsalve Solorzano,15,38
local-20260912T153601,2026-09-12T15:37:44-05:00,1000053-B,CLASE TEORICA,(1) Grupo 1,Jennly Angelica Gomez Rodriguez,1,39
local-20260912T153601,2026-09-12T15:37:44-05:00,1000053-B,CLASE TEORICA,(2) Grupo 2,Yaneli Niño Osorio,0,39
local-20260912T153601,2026-09-12T15:37:44-05:00,1000053-B,CLASE TEORICA,(3) Grupo 3,Javier Rodriguez Gomez,14,39
local-20260912T153601,2026-09-12T15:37:44-05:00,1000053-B,CLASE TEORICA,(4) Grupo 4,Javier Rodriguez Gomez,8,39
local-20260912T153601,2026-09-12T15:37:44-05:00,1000053-B,CLASE TEORICA,(5) Grupo 5,LINDA JOHANA RUIZ GOMEZ,11,39
local-20260912T153601,2026-09-12T15:37:44-05:00,1000053-B,CLASE TEORICA,(6) Grupo 6,Olga Lucia Ruiz Convers,9,39
local-20260912T153601,2026-09-12T15:37:46-05:00,1000047-B,CLASE TEORICA,(1) Grupo 1,Cesar Augusto Romero,0,40
local-20260912T153601,2026-09-12T15:37:46-05:00,1000047-B,CLASE TEORICA,(10) Grupo 10,Monica Alexandra Riaño Orjuela,0,40
local-20260912T153601,2026-09-12T15:37:46-05:00,1000047-B,CLASE TEORICA,(11) Grupo 11,Jennly Angelica Gomez Rodriguez,1,40
local-20260912T153601,2026-09-12T15:37:46-05:00,1000047-B,CLASE TEORICA,(12) Grupo 12,Claudia Patricia Cortes Lora,1,40
local-20260912T153601,2026-09-12T15:37:46-05:00,1000047-B,CLASE TEORICA,(13) Grupo 13,Angelica Saenz Fonseca,0,40
local-20260912T153601,2026-09-12T15:37:46-05:00,1000047-B,CLASE TEORICA,(14) Grupo 14,LINDA JOHANA RUIZ GOMEZ,0,40
local-20260912T153601,2026-09-12T15:37:46-05:00,1000047-B,CLASE TEORICA,(15) Grupo 15,Claudia Patricia Cortes Lora,1,40
local-20260912T153601,2026-09-12T15:37:46-05:00,1000047-B,CLASE TEORICA,(16) Grupo 16,Narly Yadira Pardo Cadena,0,40
local-20260912T153601,2026-09-12T15:37:46-05:00,1000047-B,CLASE TEORICA,(17) Grupo 17,Angelica Saenz Fonseca,0,40
local-20260912T153601,2026-09-12T15:37:46-05:00,1000047-B,CLASE TEORICA,(18) Grupo 18,ALBA LUCIA RIAÑO RODRIGUEZ,0,40
local-20260912T153601,2026-09-12T15:37:46-05:00,1000047-B,CLASE TEORICA,(19) Grupo 19,Aida Elena Monsalve Solorzano,0,40
local-20260912T153601,2026-09-12T15:37:46-05:00,1000047-B,CLASE TEORICA,(2) Grupo 2,Yaneli Niño Osorio,1,40
local-20260912T153601,2026-09-12T15:37:46-05:00,1000047-B,CLASE TEORICA,(20) Grupo 20,ALBA LUCIA RIAÑO RODRIGUEZ,1,40
local-20260912T153601,2026-09-12T15:37:46-05:00,1000047-B,CLASE TEORICA,(21) Grupo 21,Edwin Yesid Leon Silva,0,40
local-20260912T153601,2026-09-12T15:37:46-05:00,1000047-B,CLASE TEORICA,(22) Grupo 22,LINDA JOHANA RUIZ GOMEZ,0,40
local-20260912T153601,2026-09-12T15:37:46-05:00,1000047-B,CLASE TEORICA,(3) Grupo 3,Monica Alexandra Riaño Orjuela,0,40
local-20260912T153601,2026-09-12T15:37:46-05:00,1000047-B,CLASE TEORICA,(4) Grupo 4,Claudia Patricia Cortes Lora,0,40
local-20260912T153601,2026-09-12T15:37:46-05:00,1000047-B,CLASE TEORICA,(5) Grupo 5,Olga Lucia Ruiz Convers,0,40
local-20260912T153601,2026-09-12T15:37:46-05:00,1000047-B,CLASE TEORICA,(6) Grupo 6,Monica Alexandra Riaño Orjuela,0,40
local-20260912T153601,2026-09-12T15:37:46-05:00,1000047-B,CLASE TEORICA,(7) Grupo 7,Cesar Augusto Romero,0,40
local-20260912T153601,2026-09-12T15:37:46-05:00,1000047-B,CLASE TEORICA,(8) Grupo 8,Beatriz Elena Urrutia Sanchez,0,40
local-20260912T153601,2026-09-12T15:37:46-05:00,1000047-B,CLASE TEORICA,(9) Grupo 9,Keshia Hilary Howard Livingston,13,40
local-20260912T153601,2026-09-12T15:37:49-05:00,2026186,CLASE TEORICA,(1) Grupo 1,MIGUEL ÁNGEL RIVAS TABARES,0,42
local-20260912T153601,2026-09-12T15:37:49-05:00,2026186,CLASE TEORICA,(2) Grupo 2,Leonel Vega Mora,0,42
local-20260912T153601,2026-09-12T15:37:49-05:00,2026186,CLASE TEORICA,(3) Grupo 3,CAMILO RIOS FRESNEDA,0,42
local-20260912T153601,2026-09-12T15:37:49-05:00,2026186,CLASE TEORICA,(4) Grupo 4,Carlos Orlando Robles Roa,0,42
local-20260912T153601,2026-09-12T15:37:50-05:00,1000002-B,CLASE TEORICA,(8) Grupo 8 - Clase Presencial,Gustavo Adolfo Zuluaga Hoyos,1,43
local-20260912T153601,2026-09-12T15:37:52-05:00,1000001-B,CLASE TEORICA,(1) Grupo 1,No informado,0,44
local-20260912T153601,2026-09-12T15:37:52-05:00,1000001-B,CLASE TEORICA,(19) Grupo 19,No informado,1,44
local-20260912T153601,2026-09-12T15:37:52-05:00,1000001-B,CLASE TEORICA,(2) Grupo 2,Orlando Vanegas Canro,0,44
local-20260912T153601,2026-09-12T15:37:52-05:00,1000001-B,CLASE MAGISTRAL,(1) Grupo 1,DANIEL FELIPE SUÁREZ LEÓN,0,44
local-20260912T153601,2026-09-12T15:37:52-05:00,1000001-B,CLASE MAGISTRAL,(10) Grupo 10,David Reyes Gaona,0,44
local-20260912T153601,2026-09-12T15:37:52-05:00,1000001-B,CLASE MAGISTRAL,(2) Grupo 2,SERGIO ANDRES TAMAYO LÓPEZ,0,44
local-20260912T153601,2026-09-12T15:37:52-05:00,1000001-B,CLASE MAGISTRAL,(3) Grupo 3,NICOLAS RODRIGUEZ CHACON,0,44
local-20260912T153601,2026-09-12T15:37:52-05:00,1000001-B,CLASE MAGISTRAL,(4) Grupo 4,JHON CRISTIAN MINA LADINO,0,44
local-20260912T153601,2026-09-12T15:37:52-05:00,1000001-B,CLASE MAGISTRAL,(5) Grupo 5,MIGUEL ANGEL COLMENARES HERRERA,0,44
local-20260912T153601,2026-09-12T15:37:52-05:00,1000001-B,CLASE MAGISTRAL,(6) Grupo 6,DANIEL FELIPE SUÁREZ LEÓN,0,44
local-20260912T153601,2026-09-12T15:37:52-05:00,1000001-B,CLASE MAGISTRAL,(7) Grupo 7,SERGIO ANDRES TAMAYO LÓPEZ,0,44
local-20260912T153601,2026-09-12T15:37:52-05:00,1000001-B,CLASE MAGISTRAL,(8) Grupo 8,JAIRO SEBASTIÁN NIÑO CASTRO,0,44
local-20260912T153601,2026-09-12T15:37:52-05:00,1000001-B,CLASE MAGISTRAL,(9) Grupo 9,No informado,10,44
local-20260912T153601,2026-09-12T15:37:54-05:00,2015965,CLASE TEORICA,(1) Grupo 1,Edwin Alexander Prieto Saavedra; CAMILO RIOS FRESNEDA,0,45
local-20260912T153601,2026-09-12T15:37:54-05:00,2015965,CLASE TEORICA,(2) Grupo 2,Julian David Puerto Suarez; Vladimir Buelvas Hernández,0,45
local-20260912T153601,2026-09-12T15:37:54-05:00,2015965,CLASE TEORICA,(3) Grupo 3,Ferney Betancourt Cardozo; Juan Manuel Lizarazo Marriaga,0,45
local-20260912T153601,2026-09-12T15:37:54-05:00,2015965,CLASE TEORICA,(4) Grupo 4,Edwin Alexander Prieto Saavedra,0,45
local-20260912T153601,2026-09-12T15:37:56-05:00,2015966,CLASE TEORICA,(1) Grupo 1,NICOLAS GUTIERREZ ARIAS; Paula Angelica Solarte Blandon,0,46
local-20260912T153601,2026-09-12T15:37:56-05:00,2015966,CLASE TEORICA,(2) Grupo 2,NICOLAS GUTIERREZ ARIAS; Adriana Patricia Piña Fulano,0,46
local-20260912T153601,2026-09-12T15:37:56-05:00,2015966,CLASE TEORICA,(3) Grupo 3,NICOLAS GUTIERREZ ARIAS,0,46
local-20260912T153601,2026-09-12T15:37:56-05:00,2015966,CLASE TEORICA,(4) Grupo 4,NICOLAS GUTIERREZ ARIAS; Camilo Andrés Caro Galindo,0,46
local-20260912T153601,2026-09-12T15:37:56-05:00,2015966,CLASE TEORICA,(5) Grupo 5,NICOLAS GUTIERREZ ARIAS; MARIA LUCIA SALAZAR TORRES,0,46
local-20260912T153601,2026-09-12T15:37:56-05:00,2015966,CLASE TEORICA,(6) Grupo 6,NICOLAS GUTIERREZ ARIAS; Luis Alejandro Morales Marin,0,46
local-20260912T153601,2026-09-12T15:37:56-05:00,2015966,CLASE TEORICA,(7) Grupo 7,NICOLAS GUTIERREZ ARIAS; SERGIO ALEJANDRO RIVERA MONROY,0,46
local-20260912T153601,2026-09-12T15:37:56-05:00,2015966,CLASE TEORICA,(8) Grupo 8,NICOLAS GUTIERREZ ARIAS,0,46
local-20260912T153601,2026-09-12T15:37:57-05:00,2015967,NA,(1) Grupo 1,Vladimir Buelvas Hernández,0,47
local-20260912T153601,2026-09-12T15:37:59-05:00,2015968,CLASE TEORICA,(1) Grupo 1,Ricardo Parra Arango,0,48
local-20260912T153601,2026-09-12T15:37:59-05:00,2015968,CLASE TEORICA,(2) Grupo 2,Daniel Felipe Rodriguez Ramirez,0,48
local-20260912T153601,2026-09-12T15:37:59-05:00,2015968,CLASE TEORICA,(3) Grupo 3,Juan David Oliveros Salazar,0,48
local-20260912T153601,2026-09-12T15:37:59-05:00,2015968,CLASE TEORICA,(4) Grupo 4,Ricardo Parra Arango,2,48
local-20260912T153601,2026-09-12T15:37:59-05:00,2015968,CLASE TEORICA,(5) Grupo 5,Julian David Puerto Suarez,0,48
local-20260912T153601,2026-09-12T15:37:59-05:00,2015968,CLASE TEORICA,(6) Grupo 6,Dorian Luis Linero Segrera,0,48
local-20260912T153601,2026-09-12T15:38:00-05:00,2015969,CLASE TEORICA,(1) Grupo 1 (Inglés),Julio Esteban Colmenares Montañez,8,49
local-20260912T153601,2026-09-12T15:38:00-05:00,2015969,CLASE TEORICA,(2) Grupo 2,Guillermo Eduardo Avila Alvarez,0,49
local-20260912T153601,2026-09-12T15:38:00-05:00,2015969,CLASE TEORICA,(3) Grupo 3,Livaniel Viveros Rosero,0,49
local-20260912T153601,2026-09-12T15:38:00-05:00,2015969,CLASE TEORICA,(4) Grupo 4,Ronald Steve Garzon Espejo,0,49
local-20260912T153601,2026-09-12T15:38:01-05:00,2015970,CLASE PRACTICA,(10) Grupo 10,JUAN DANIEL SARMIENTO ABELLO,0,50
local-20260912T153601,2026-09-12T15:38:01-05:00,2015970,CLASE PRACTICA,(4) Grupo 4,Helga Duarte,10,50
local-20260912T153601,2026-09-12T15:38:01-05:00,2015970,CLASE PRACTICA,(5) Grupo 5,Oswaldo Rojas Camacho,5,50
local-20260912T153601,2026-09-12T15:38:01-05:00,2015970,CLASE PRACTICA,(7) Grupo 7,Cristhian Fernando Lara Espejo,0,50
local-20260912T153601,2026-09-12T15:38:01-05:00,2015970,CLASE PRACTICA,(8) Grupo 8,Helga Duarte,14,50
local-20260912T153601,2026-09-12T15:38:01-05:00,2015970,CLASE PRACTICA,(9) Grupo 9,Oswaldo Rojas Camacho,3,50
local-20260912T153601,2026-09-12T15:38:02-05:00,2017293,CLASE TEORICA,(1) 2017293-1 Modelación matemática,David Leonardo Diaz Leon,1,51
local-20260912T153601,2026-09-12T15:38:02-05:00,2017293,CLASE TEORICA,(2) 2017293-2 Modelación matemática,David Leonardo Diaz Leon,1,51
local-20260912T153601,2026-09-12T15:38:02-05:00,2017293,CLASE MAGISTRAL,(1M) 2017293-1M Modelación matemática - Magistral,Carlos Alberto Duque Daza,7,51
local-20260912T153601,2026-09-12T15:38:12-05:00,2025971,CLASE TEORICA,(3) Grupo 3,Gustavo Alfredo Bula,19,53
local-20260912T153601,2026-09-12T15:38:12-05:00,2025971,CLASE TEORICA,(4) Grupo 4,Gustavo Alfredo Bula,7,53
local-20260912T153601,2026-09-12T15:38:14-05:00,2015971,CLASE TEORICA,(1) Grupo 1,Daniel Alberto Silva Castillo,7,54
local-20260912T153601,2026-09-12T15:38:14-05:00,2015971,CLASE TEORICA,(2) Grupo 2,Ferney Betancourt Cardozo,0,54
local-20260912T153601,2026-09-12T15:38:14-05:00,2015971,CLASE TEORICA,(3) Grupo 3,RODRIGO LEON JAIMES MADRID,0,54
local-20260912T153601,2026-09-12T15:38:15-05:00,2015972,CLASE TEORICA,(1) Grupo 1,Carlos Alberto Moncada Aristizabal,0,55
local-20260912T153601,2026-09-12T15:38:15-05:00,2015972,CLASE TEORICA,(2) Grupo 2,SANTIAGO RAMIREZ ECHEVERRI,1,55
local-20260912T153601,2026-09-12T15:38:15-05:00,2015972,CLASE TEORICA,(3) Grupo 3,Maria Constanza Garcia Alicastro,0,55
local-20260912T153601,2026-09-12T15:38:17-05:00,1000024-B,CLASE TEORICA,(12) Grupo 12,Edgar Delgado Mejia,2,56
local-20260912T153601,2026-09-12T15:38:17-05:00,1000024-B,CLASE TEORICA,(13) Grupo 13,Jesus Sigifredo Valencia Rios,0,56
local-20260912T153601,2026-09-12T15:38:17-05:00,1000024-B,CLASE TEORICA,(14) Grupo 14,Edgar Delgado Mejia,12,56
local-20260912T153601,2026-09-12T15:38:17-05:00,1000024-B,CLASE TEORICA,(18) Grupo 18,Jhon Jairo Aragón Arias,8,56
local-20260912T153601,2026-09-12T15:38:18-05:00,1000013-B,CLASE TEORICA,(1) Grupo 1,JHONIER SEBASTIAN RANGEL GUTIERREZ,0,57
local-20260912T153601,2026-09-12T15:38:18-05:00,1000013-B,CLASE TEORICA,(10) Grupo 10,Sandra Vergara Cardozo,0,57
local-20260912T153601,2026-09-12T15:38:18-05:00,1000013-B,CLASE TEORICA,(11) Grupo 11,DIEGO ALBERTO MARTINEZ SIMBAQUEVA,0,57
local-20260912T153601,2026-09-12T15:38:18-05:00,1000013-B,CLASE TEORICA,(12) Grupo 12,DIEGO ALBERTO MARTINEZ SIMBAQUEVA,0,57
local-20260912T153601,2026-09-12T15:38:18-05:00,1000013-B,CLASE TEORICA,(13) Grupo 13,DIEGO ALBERTO MARTINEZ SIMBAQUEVA,0,57
local-20260912T153601,2026-09-12T15:38:18-05:00,1000013-B,CLASE TEORICA,(14) Grupo 14,Andrea Catalina Garcia Montoya,0,57
local-20260912T153601,2026-09-12T15:38:18-05:00,1000013-B,CLASE TEORICA,(15) Grupo 15,Andrea Catalina Garcia Montoya,0,57
local-20260912T153601,2026-09-12T15:38:18-05:00,1000013-B,CLASE TEORICA,(2) Grupo 2,Luis Guillermo Diaz Monroy,0,57
local-20260912T153601,2026-09-12T15:38:18-05:00,1000013-B,CLASE TEORICA,(3) Grupo 3,Diana Carolina Franco Soto,0,57
local-20260912T153601,2026-09-12T15:38:18-05:00,1000013-B,CLASE TEORICA,(5) Grupo 5,Darwin Eduardo Martínez Riaño,0,57
local-20260912T153601,2026-09-12T15:38:18-05:00,1000013-B,CLASE TEORICA,(7) Grupo 7,Camilo Jose Torres Jimenez,0,57
local-20260912T153601,2026-09-12T15:38:20-05:00,2015734,NA,(1) Grupo 1,Fernando Salazar Delgado,0,58
local-20260912T153601,2026-09-12T15:38:20-05:00,2015734,NA,(10) Grupo 10,Tito Florez Calderon,0,58
local-20260912T153601,2026-09-12T15:38:20-05:00,2015734,NA,(11) Grupo 11,DAVID ALBERTO HERRERA ALVAREZ,0,58
local-20260912T153601,2026-09-12T15:38:20-05:00,2015734,NA,(12) Grupo 12,FABIEL NATÁN ESPINOSA CASTAÑEDA,0,58
local-20260912T153601,2026-09-12T15:38:20-05:00,2015734,NA,(13) Grupo 13,SERGIO CAMILO ESPINOSA BOTERO,0,58
local-20260912T153601,2026-09-12T15:38:20-05:00,2015734,NA,(14) Grupo 14,Carlos Andres Sierra Virguez,0,58
local-20260912T153601,2026-09-12T15:38:20-05:00,2015734,NA,(2) Grupo 2,Fernando Salazar Delgado,0,58
local-20260912T153601,2026-09-12T15:38:20-05:00,2015734,NA,(3) Grupo 3,Jhoan Sebastian Restrepo Mendoza,0,58
local-20260912T153601,2026-09-12T15:38:20-05:00,2015734,NA,(4) Grupo 4,Sandra Liliana Rojas Martinez,0,58
local-20260912T153601,2026-09-12T15:38:20-05:00,2015734,NA,(5) Grupo 5,Jhoan Sebastian Restrepo Mendoza,1,58
local-20260912T153601,2026-09-12T15:38:20-05:00,2015734,NA,(6) Grupo 6,SERGIO CAMILO ESPINOSA BOTERO,0,58
local-20260912T153601,2026-09-12T15:38:20-05:00,2015734,NA,(7) Grupo 7,No informado,0,58
local-20260912T153601,2026-09-12T15:38:20-05:00,2015734,NA,(8) Grupo 8 - Virtual,FABIEL NATÁN ESPINOSA CASTAÑEDA,0,58
local-20260912T153601,2026-09-12T15:38:20-05:00,2015734,NA,(9) Grupo 9,Alvaro Reynel Córdoba,4,58
local-20260912T153601,2026-09-12T15:38:21-05:00,2016375,CLASE PRACTICA-POO,(7) Grupo 7,No informado,1,59
local-20260912T153601,2026-09-12T15:38:23-05:00,2015973,CLASE TEORICA,(1) Grupo 1,CARLOS ALBERTO ESPAÑOL MARIÑO,2,60
local-20260912T153601,2026-09-12T15:38:23-05:00,2015973,CLASE TEORICA,(2) Grupo 2,GABRIELA ARRIETA LOYO,2,60
local-20260912T153601,2026-09-12T15:38:23-05:00,2015973,CLASE TEORICA,(3) Grupo 3,NICOLAS ESCALANTE MORA,1,60
local-20260912T153601,2026-09-12T15:38:25-05:00,2022761,NA,(1) Grupo 1,Servio Javier Contreras Guerrero,0,61
local-20260912T153601,2026-09-12T15:38:25-05:00,2022761,NA,(2) Grupo 2,Servio Javier Contreras Guerrero,0,61
local-20260912T153601,2026-09-12T15:38:25-05:00,2022761,NA,(3) Grupo 3,Samuel Fernando Mesa Giraldo,0,61
local-20260912T153601,2026-09-12T15:38:26-05:00,2024045,CLASE TEORICA,(1) 2024045-1 Taller de proyectos interdisciplinarios,Hector Julian Garcia Otalora,0,62
local-20260912T153601,2026-09-12T15:38:26-05:00,2024045,CLASE TEORICA,(10) 2024045-10 Taller de proyectos interdisciplinarios,Oscar Andres Eraso Eraso,0,62
local-20260912T153601,2026-09-12T15:38:26-05:00,2024045,CLASE TEORICA,(11) 2024045-11 Taller de proyectos interdisciplinarios,No informado,0,62
local-20260912T153601,2026-09-12T15:38:26-05:00,2024045,CLASE TEORICA,(12) 2024045-12 Taller de proyectos interdisciplinarios,Hector Julian Garcia Otalora,12,62
local-20260912T153601,2026-09-12T15:38:26-05:00,2024045,CLASE TEORICA,(13) 2024045-13 Taller de proyectos interdisciplinarios,Hector Julian Garcia Otalora,0,62
local-20260912T153601,2026-09-12T15:38:26-05:00,2024045,CLASE TEORICA,(14) 2024045-14 Taller de proyectos interdisciplinarios,Dolly Santos Barbosa,0,62
local-20260912T153601,2026-09-12T15:38:26-05:00,2024045,CLASE TEORICA,(15) 2024045-15 Taller de proyectos interdisciplinarios,Oscar Andres Eraso Eraso,0,62
local-20260912T153601,2026-09-12T15:38:26-05:00,2024045,CLASE TEORICA,(16) 2024045-16 Taller de proyectos interdisciplinarios,Luis Ignacio Rodriguez Varela,0,62
local-20260912T153601,2026-09-12T15:38:26-05:00,2024045,CLASE TEORICA,(17) 2024045-17 Taller de proyectos interdisciplinarios,JOHANA CATALINA MANOSALVA BARRERA,0,62
local-20260912T153601,2026-09-12T15:38:26-05:00,2024045,CLASE TEORICA,(18) 2024045-18 Taller de proyectos interdisciplinarios,Fernando Bernal Martinez,0,62
local-20260912T153601,2026-09-12T15:38:26-05:00,2024045,CLASE TEORICA,(19) 2024045-19 Taller de proyectos interdisciplinarios,FRANCISCO JAVIER VÁSQUEZ VÁSQUEZ,0,62
local-20260912T153601,2026-09-12T15:38:26-05:00,2024045,CLASE TEORICA,(2) 2024045-2 Taller de proyectos interdisciplinarios,Fernando Bernal Martinez,0,62
local-20260912T153601,2026-09-12T15:38:26-05:00,2024045,CLASE TEORICA,(21) 2024045-21 Taller de proyectos interdisciplinarios,No informado,0,62
local-20260912T153601,2026-09-12T15:38:26-05:00,2024045,CLASE TEORICA,(22) 2024045-22 Taller de proyectos interdisciplinarios,Ubaldo Garcia Zaragoza,0,62
local-20260912T153601,2026-09-12T15:38:26-05:00,2024045,CLASE TEORICA,(23) 2024045-23 Taller de proyectos interdisciplinarios,No informado,0,62
local-20260912T153601,2026-09-12T15:38:26-05:00,2024045,CLASE TEORICA,(24) 2024045-24 Taller de proyectos interdisciplinarios,Hector Julian Garcia Otalora,18,62
local-20260912T153601,2026-09-12T15:38:26-05:00,2024045,CLASE TEORICA,(3) 2024045-3 Taller de proyectos interdisciplinarios,Guillermo Alberto Rocha Casas,0,62
local-20260912T153601,2026-09-12T15:38:26-05:00,2024045,CLASE TEORICA,(4) 2024045-4 Taller de proyectos interdisciplinarios,Francy Nayely Prieto Novoa,0,62
local-20260912T153601,2026-09-12T15:38:26-05:00,2024045,CLASE TEORICA,(40) 2024045-40 TPI-- NO BORRAR-- BLOQ ESPACIOS,No informado,0,62
local-20260912T153601,2026-09-12T15:38:26-05:00,2024045,CLASE TEORICA,(41) 2024045-41 TPI -- No BORRAR - - BLQ ESPACIOS,No informado,0,62
local-20260912T153601,2026-09-12T15:38:26-05:00,2024045,CLASE TEORICA,(5) 2024045-5 Taller de proyectos interdisciplinarios,Nubia Carmenza Moreno Sarmiento,0,62
local-20260912T153601,2026-09-12T15:38:26-05:00,2024045,CLASE TEORICA,(6) 2024045-6 Taller de proyectos interdisciplinarios,JOHANA CATALINA MANOSALVA BARRERA,0,62
local-20260912T153601,2026-09-12T15:38:26-05:00,2024045,CLASE TEORICA,(7) 2024045-7 Taller de proyectos interdisciplinarios,Ubaldo Garcia Zaragoza,0,62
local-20260912T153601,2026-09-12T15:38:26-05:00,2024045,CLASE TEORICA,(8) 2024045-8 Taller de proyectos interdisciplinarios,JHON FREDDY LOPEZ MEDINA,0,62
local-20260912T153601,2026-09-12T15:38:26-05:00,2024045,CLASE TEORICA,(9) 2024045-9 Taller de proyectos interdisciplinarios,Manuel Alejandro Mayorga Betancourt,0,62
local-20260912T153601,2026-09-12T15:38:28-05:00,2015296,NA,(1) Grupo 1,Leonardo David Donado Garzon,4,63
local-20260912T153601,2026-09-12T15:38:28-05:00,2015296,NA,(10) Grupo 10,Juan Manuel Lizarazo Marriaga,5,63
local-20260912T153601,2026-09-12T15:38:28-05:00,2015296,NA,(11) Grupo 11,Octavio Coronado Garcia,5,63
local-20260912T153601,2026-09-12T15:38:28-05:00,2015296,NA,(12) Grupo 12,Carol Andrea Murillo Feo,5,63
local-20260912T153601,2026-09-12T15:38:28-05:00,2015296,NA,(13) Grupo 13,CAMILO RIOS FRESNEDA,4,63
local-20260912T153601,2026-09-12T15:38:28-05:00,2015296,NA,(14) Grupo 14,William Castro Garcia,1,63
local-20260912T153601,2026-09-12T15:38:28-05:00,2015296,NA,(15) Grupo 15,Luis Alejandro Morales Marin,5,63
local-20260912T153601,2026-09-12T15:38:28-05:00,2015296,NA,(16) Grupo 16,Ferney Betancourt Cardozo,4,63
local-20260912T153601,2026-09-12T15:38:28-05:00,2015296,NA,(17) Grupo 17,Maria Alejandra Caicedo Londoño,4,63
local-20260912T153601,2026-09-12T15:38:28-05:00,2015296,NA,(18) Grupo 18,Guillermo Eduardo Avila Alvarez,4,63
local-20260912T153601,2026-09-12T15:38:28-05:00,2015296,NA,(19) Grupo 19,Carlos Alfonso Gomez Guacaneme,0,63
local-20260912T153601,2026-09-12T15:38:28-05:00,2015296,NA,(2) Grupo 2,Carlos Orlando Robles Roa,1,63
local-20260912T153601,2026-09-12T15:38:28-05:00,2015296,NA,(20) Grupo 20,Giovanni Andres Cortes Tovar,1,63
local-20260912T153601,2026-09-12T15:38:28-05:00,2015296,NA,(21) Grupo 21,Adriana Patricia Piña Fulano,4,63
local-20260912T153601,2026-09-12T15:38:28-05:00,2015296,NA,(22) Grupo 22,Martha Cristina Bustos Lopez,3,63
local-20260912T153601,2026-09-12T15:38:28-05:00,2015296,NA,(23) Grupo 23,Ricardo Parra Arango,4,63
local-20260912T153601,2026-09-12T15:38:28-05:00,2015296,NA,(24) Grupo 24,NESTOR ALONSO MANCIPE MUÑOZ,4,63
local-20260912T153601,2026-09-12T15:38:28-05:00,2015296,NA,(25) Grupo 25,NICOLAS ESCALANTE MORA,4,63
local-20260912T153601,2026-09-12T15:38:28-05:00,2015296,NA,(26) Grupo 26,Pedro Luis Jimenez Poveda,4,63
local-20260912T153601,2026-09-12T15:38:28-05:00,2015296,NA,(27) Grupo 27,Mario Enrique Moreno Castiblanco,4,63
local-20260912T153601,2026-09-12T15:38:28-05:00,2015296,NA,(28) Grupo 28,Julio Esteban Colmenares Montañez,4,63
local-20260912T153601,2026-09-12T15:38:28-05:00,2015296,NA,(29) Grupo 29,Ricardo Jose Pena Lindarte,3,63
local-20260912T153601,2026-09-12T15:38:28-05:00,2015296,NA,(3) Grupo 3,Angela Barrera Puerto,4,63
local-20260912T153601,2026-09-12T15:38:28-05:00,2015296,NA,(4) Grupo 4,Mauricio Alberto Tapias Camacho,4,63
local-20260912T153601,2026-09-12T15:38:28-05:00,2015296,NA,(5) Grupo 5,Maritzabel Molina Herrera,3,63
local-20260912T153601,2026-09-12T15:38:28-05:00,2015296,NA,(6) Grupo 6,Rodolfo Rodriguez Baracaldo,4,63
local-20260912T153601,2026-09-12T15:38:28-05:00,2015296,NA,(7) Grupo 7,SANTIAGO RAMIREZ ECHEVERRI,3,63
local-20260912T153601,2026-09-12T15:38:28-05:00,2015296,NA,(8) Grupo 8,Jose Ricardo Martinez Vargas,5,63
local-20260912T153601,2026-09-12T15:38:28-05:00,2015296,NA,(9) Grupo 9,GABRIELA ARRIETA LOYO,5,63
local-20260912T153601,2026-09-12T15:38:30-05:00,2015299,CLASE TEORICA,(1) Grupo 1,GABRIELA ARRIETA LOYO,9,64
local-20260912T154050,2026-09-12T15:41:23-05:00,2029352,CLASE TALLER,(4) Mesa: Bienestar universitario,Andres Sicard Currea,0,1
local-20260912T154050,2026-09-12T15:41:23-05:00,2029352,CLASE TALLER,(1) Mesa: Democracia y autonomía universitaria,Andrea Carolina Jimenez Martin,0,1
local-20260912T154050,2026-09-12T15:41:23-05:00,2029352,CLASE TALLER,(3) Mesa: Política de género,Laura Espinosa Botero,0,1
local-20260912T154050,2026-09-12T15:41:23-05:00,2029352,CLASE TALLER,(6) Mesa: Relación I.E.S - Sociedad,Francisco Javier Toloza Fuentes,0,1
local-20260912T154050,2026-09-12T15:41:23-05:00,2029352,CLASE TALLER,(5) Mesa: Seguridad y derechos humanos,Erika Constanza Sabogal Muñoz,0,1
local-20260912T154050,2026-09-12T15:41:25-05:00,2030030,NA,(1) Grupo 1,Miguel Angel Valenzuela Mahecha; Luis Fernando Sanchez Supelano,0,2
local-20260912T154050,2026-09-12T15:41:26-05:00,2024279,CLASE TEORICA,(1) Grupo 1 - Clase Presencial,Eduard Alexis Larrañaga Rubio; ÁNGELA PAOLA VARGAS LÓPEZ,0,3
local-20260912T154050,2026-09-12T15:41:29-05:00,2022616,CLASE TEORICA,(1) Alemán Electivo II,Diego Gonzalez Gonzalez,2,4
local-20260912T154050,2026-09-12T15:41:30-05:00,2022617,CLASE TEORICA,(1) Alemán Electivo III,Daniel Uriel Ventura Caceres,3,5
local-20260912T154050,2026-09-12T15:41:33-05:00,2021514,CLASE TEORICA,(1) Grupo 1 - Clase Remota - Sede Bogotá,Omar Joaquin Agudelo Suarez,2,7
local-20260912T154050,2026-09-12T15:41:49-05:00,2027248,CLASE TEORICA,(1) Grupo 1 - Clase presencial,Miguel Angel Herrera Zgaib,1,11
local-20260912T154050,2026-09-12T15:41:50-05:00,2025406,CLASE TEORICA,(1) Grupo 1 - Clase Presencial,Joanita Jimena Barbosa Gomez,0,12
local-20260912T154050,2026-09-12T15:41:52-05:00,2026433,CLASE TEORICA,(1) Grupo 1 - Clase presencial,Joanita Jimena Barbosa Gomez,0,13
local-20260912T154050,2026-09-12T15:41:57-05:00,2011302,CLASE TEORICA,(1) Grupo 1,Docente Ajuste Derecho,0,15
local-20260912T154050,2026-09-12T15:41:59-05:00,2012698,CLASE TEORICA,(1) Grupo 1,Docente Ajuste Derecho,0,16
local-20260912T154050,2026-09-12T15:42:00-05:00,2021140,NA,(1) Grupo 1 - Clase Presencial,Leonardo Castañeda Colorado,0,17
local-20260912T154050,2026-09-12T15:42:00-05:00,2021140,NA,(2) Grupo 2 - Clase Presencial,Giovanni Alejandro Pinzon Estrada,0,17
local-20260912T154050,2026-09-12T15:42:00-05:00,2021140,NA,(3) Grupo 3 - Clase Presencial,SANTIAGO VARGAS DOMINGUEZ,0,17
local-20260912T154050,2026-09-12T15:42:02-05:00,2026533,CLASE TEORICA,(1) Grupo 1 - Clase Presencial - Sede Bogotá,Egberto Bermudez Cujar,2,18
local-20260912T154050,2026-09-12T15:42:12-05:00,2028674,CLASE TEORICA,(1) Grupo 1 - Clase presencial,Yuly Edith Sanchez Mendoza,0,20
local-20260912T154050,2026-09-12T15:42:19-05:00,2021147,CLASE TEORICA,(1) Grupo 1 - Clase presencial,Nubia Carmenza Moreno Sarmiento,0,23
local-20260912T154050,2026-09-12T15:42:22-05:00,2030025,CLASE TEORICA,(1) GRUPO 1,Maria Elvira Naranjo Botero,1,25
local-20260912T154050,2026-09-12T15:42:25-05:00,2029655,CLASE TEORICA,(1) Grupo 1 - Clase Presencial,Andrea Carolina Jimenez Martin,0,27
local-20260912T154050,2026-09-12T15:42:27-05:00,2022287,CLASE TEORÍCA,(1) Grupo 1 - Clase presencial,Liven Fernando Martinez Bernal,2,28
local-20260912T154050,2026-09-12T15:42:29-05:00,1000129-B,CLASE TEORICA,(1) Grupo 1 - Clase Remota - Grupo Bogotá,Diego Alexander Garzon Alvarado; EDUARDO ALFONSO RUEDA BARRERA,3,29
local-20260912T154050,2026-09-12T15:42:37-05:00,2021770,NA,(1) Grupo 1 - Clase presencial,Eulises Torres,0,30
local-20260912T154050,2026-09-12T15:42:41-05:00,2027992,CLASE TEORICA,(1) Grupo 1,JUAN CARLOS MONTOYA AGUDELO,10,32
local-20260912T154050,2026-09-12T15:42:43-05:00,2027937,NA,(6) Grupo Amazonía,Fernando José Rodríguez Mesa,15,33
local-20260912T154050,2026-09-12T15:42:43-05:00,2027937,NA,(1) Grupo Bogotá,Fernando José Rodríguez Mesa,0,33
local-20260912T154050,2026-09-12T15:42:43-05:00,2027937,NA,(5) Grupo Caribe,Fernando José Rodríguez Mesa,15,33
local-20260912T154050,2026-09-12T15:42:43-05:00,2027937,NA,(7) Grupo Orinoquía,Fernando José Rodríguez Mesa,15,33
local-20260912T154050,2026-09-12T15:42:43-05:00,2027937,NA,(8) Grupo Tumaco,Fernando José Rodríguez Mesa,14,33
local-20260912T154050,2026-09-12T15:42:52-05:00,2030035,CLASE TEORICA,(1) Grupo 1 - Clase Presencial - Sede Bogotá,Andres Leonardo Gongora Sierra; Ginna Marcela Rivera Rodriguez,6,37
local-20260912T154050,2026-09-12T15:43:03-05:00,2030039,CLASE TEORICA,(1) Grupo 1 - Clase Presencial - Sede Bogotá,LIZ KAREN HERRERA QUINTERO,10,40
local-20260912T154050,2026-09-12T15:43:07-05:00,2030040,CLASE TEORICA,(1) Grupo 1 - Clase Presencial - Sede Bogotá,Ana Maria Lozano Rocha; William Alfonso Lopez Rosas; David Lozano Moreno,2,42
local-20260912T154050,2026-09-12T15:43:08-05:00,2030033,CLASE TEORICA,(1) Grupo 1 - Clase Presencial - Sede Bogotá,Jose Ernesto Mancera Pineda,7,43
local-20260912T154050,2026-09-12T15:43:10-05:00,2030034,CLASE TEORICA,(1) Grupo 1 - Clase Presencial - Sede Bogotá,Nancy Liliana Henao Kaffure; MILENA LIMA DE MORAES,7,44
local-20260912T154050,2026-09-12T15:43:16-05:00,1000176-B,CLASE TEORICA,(1) Grupo 1 - Clase Remota - Grupo Bogotá,Harold Enrique Tenorio Quiñones,0,46
local-20260912T154050,2026-09-12T15:43:17-05:00,1000170-B,CLASE TEORICA,(1) Grupo 1 - Clase Remota - Grupo Bogotá,ALVARO RIVAS GUZMAN,0,47
local-20260912T154050,2026-09-12T15:43:19-05:00,1000159-B,CLASE TEORICA,(1) Grupo 1 - Clase Remota - Grupo Bogotá,LUZ MARINA OCAMPO CARMONA,0,48
local-20260912T154050,2026-09-12T15:43:21-05:00,1000158-B,CLASE TEORICA,(1) Grupo 1 - Clase Remota - Grupo Bogotá,Maria Del Rosario Rojas Robles,2,49
local-20260912T154050,2026-09-12T15:43:29-05:00,1000175-B,CLASE TEORICA,(1) Grupo 1 - Clase Remota - Grupo Bogotá,Eduardo Antonio Restrepo Uribe,0,50
local-20260912T154050,2026-09-12T15:43:32-05:00,1000141-B,CLASE TEORICA,(1) Grupo 1 - Clase Remota - Sede Bogotá,Jose Ernesto Mancera Pineda,0,52
local-20260912T154050,2026-09-12T15:43:33-05:00,1000089-B,CLASE TEORICA,(1) Grupo 1 - Clase Virtual,Jasmin Garcia Pineros,40,53
local-20260912T154050,2026-09-12T15:43:33-05:00,1000089-B,CLASE TEORICA,(10) Grupo 10 - Clase Virtual,Jasmin Garcia Pineros,7,53
local-20260912T154050,2026-09-12T15:43:33-05:00,1000089-B,CLASE TEORICA,(11) Grupo 11 - Clase Virtual,Jasmin Garcia Pineros,12,53
local-20260912T154050,2026-09-12T15:43:33-05:00,1000089-B,CLASE TEORICA,(12) Grupo 12 - Clase Virtual,Jasmin Garcia Pineros,12,53
local-20260912T154050,2026-09-12T15:43:33-05:00,1000089-B,CLASE TEORICA,(13) Grupo 13 - Clase Virtual,Jasmin Garcia Pineros,6,53
local-20260912T154050,2026-09-12T15:43:33-05:00,1000089-B,CLASE TEORICA,(14) Grupo 14 - Clase Virtual,Jasmin Garcia Pineros,6,53
local-20260912T154050,2026-09-12T15:43:33-05:00,1000089-B,CLASE TEORICA,(15) Grupo 15 - Clase Virtual,Jasmin Garcia Pineros,8,53
local-20260912T154050,2026-09-12T15:43:33-05:00,1000089-B,CLASE TEORICA,(16) Grupo 16 - Clase Virtual,Jasmin Garcia Pineros,16,53
local-20260912T154050,2026-09-12T15:43:33-05:00,1000089-B,CLASE TEORICA,(17) Grupo 17 - Clase Virtual,Jasmin Garcia Pineros,36,53
local-20260912T154050,2026-09-12T15:43:33-05:00,1000089-B,CLASE TEORICA,(18) Grupo 18 - Clase Virtual,Jasmin Garcia Pineros,35,53
local-20260912T154050,2026-09-12T15:43:33-05:00,1000089-B,CLASE TEORICA,(19) Grupo 19 - Clase Virtual,Jasmin Garcia Pineros,36,53
local-20260912T154050,2026-09-12T15:43:33-05:00,1000089-B,CLASE TEORICA,(2) Grupo 2 - Clase Virtual,Jasmin Garcia Pineros,40,53
local-20260912T154050,2026-09-12T15:43:33-05:00,1000089-B,CLASE TEORICA,(20) Grupo 20 - Clase Virtual,Jasmin Garcia Pineros,41,53
local-20260912T154050,2026-09-12T15:43:33-05:00,1000089-B,CLASE TEORICA,(21) Grupo 21 - Clase Virtual,Jasmin Garcia Pineros,10,53
local-20260912T154050,2026-09-12T15:43:33-05:00,1000089-B,CLASE TEORICA,(3) Grupo 3 - Clase Virtual,Jasmin Garcia Pineros,35,53
local-20260912T154050,2026-09-12T15:43:33-05:00,1000089-B,CLASE TEORICA,(4) Grupo 4 - Clase Virtual,Jasmin Garcia Pineros,37,53
local-20260912T154050,2026-09-12T15:43:33-05:00,1000089-B,CLASE TEORICA,(5) Grupo 5 - Clase Virtual,Jasmin Garcia Pineros,6,53
local-20260912T154050,2026-09-12T15:43:33-05:00,1000089-B,CLASE TEORICA,(6) Grupo 6 - Clase Virtual,Jasmin Garcia Pineros,6,53
local-20260912T154050,2026-09-12T15:43:33-05:00,1000089-B,CLASE TEORICA,(7) Grupo 7 - Clase Virtual,Jasmin Garcia Pineros,10,53
local-20260912T154050,2026-09-12T15:43:33-05:00,1000089-B,CLASE TEORICA,(9) Grupo 9 - Clase Virtual,Jasmin Garcia Pineros,3,53
local-20260912T154050,2026-09-12T15:43:36-05:00,1000168-B,CLASE TEORICA,(1) Grupo 1 - Clase Remota - Grupo Bogotá,Adriana Isabel Orjuela Martinez; SANDRA PATRICIA DAZA CAICEDO,0,55
local-20260912T154050,2026-09-12T15:43:39-05:00,1000167-B,CLASE TEORICA,(1) Grupo 1 - Clase Remota - Grupo Bogotá,Luis Alberto Sanchez Alfaro,0,56
local-20260912T154050,2026-09-12T15:43:41-05:00,1000172-B,CLASE TEORICA,(1) Grupo 1 - Clase Remota - Grupo Bogotá,Monica Reinartz Estrada,0,57
local-20260912T154050,2026-09-12T15:43:42-05:00,1000145-B,CLASE TEORICA,(1) Grupo 1 - Clase Remota - Sede Bogotá,Viviana Vargas Franco,0,58
local-20260912T154050,2026-09-12T15:43:54-05:00,1000173-B,CLASE TEORICA,(1) Grupo 1 - Clase Remota - Grupo Bogotá,MONICA AYDE VALLEJO VELASQUEZ,0,60
local-20260912T154050,2026-09-12T15:43:58-05:00,1000171-B,CLASE TEORICA,(1) Grupo 1 - Clase Remota - Grupo Bogotá,María Luisa Villalba Morales,0,63
local-20260912T154050,2026-09-12T15:44:02-05:00,1000174-B,CLASE TEORICA,(1) Grupo 1 - Clase Remota - Grupo Bogotá,Diego Alejandro Guevara Castañeda,0,65
local-20260912T154050,2026-09-12T15:44:04-05:00,1000169-B,CLASE TEORICA,(1) Grupo 1 - Clase Remota - Grupo Bogotá,Julian Alejandro Osorio Osorio,0,66
local-20260912T154050,2026-09-12T15:44:09-05:00,2028643,NA,(1) Grupo 1 - Virtual Bogotá,Jose Ismael Peña Reyes,0,68
local-20260912T154050,2026-09-12T15:44:21-05:00,2029864,CLASE TEORICA,(1) Chino Electivo III,WAQIANG HOU,1,71
local-20260912T154050,2026-09-12T15:44:23-05:00,2021758,CLASE TEORICA,(1) Grupo 1 - Chino Electivo I,JESSICA LUCIA MORENO NOVOA,0,72
local-20260912T154050,2026-09-12T15:44:23-05:00,2021758,CLASE TEORICA,(2) Grupo 2 - Chino Electivo I,JESSICA LUCIA MORENO NOVOA,0,72
local-20260912T154050,2026-09-12T15:44:25-05:00,2021760,CHINO II,(1) Chino Electivo II,JESSICA LUCIA MORENO NOVOA,0,73
local-20260912T154050,2026-09-12T15:44:26-05:00,2016133,CLASE TEORICA,(1) Grupo 1 - Clase Presencial,Alvaro Ibata Ceballos,2,74
local-20260912T154050,2026-09-12T15:44:28-05:00,2021142,NA,(1) Grupo 1,Raul Eduardo Gomez Torres,4,75
local-20260912T154050,2026-09-12T15:44:28-05:00,2021142,NA,(2) Grupo 2,Raul Eduardo Gomez Torres,5,75
local-20260912T154050,2026-09-12T15:44:30-05:00,2028571,CLASE TEORICA,(1) Grupo 1,Diana Carolina Florez Bayona,3,76
local-20260912T154050,2026-09-12T15:44:31-05:00,2029900,CLASE TEORICA,(1) GRUPO 1,Oscar Antonio Caballero Rodriguez,0,77
local-20260912T154050,2026-09-12T15:44:33-05:00,2023244,NA,(1) 2023244-1 Computacion grafica,Miguel Angel Baquero Cortes,0,78
local-20260912T154050,2026-09-12T15:44:36-05:00,2026204,CLASE SEMINARIO,(1) Grupo 1,Ramon Elberto Uribe Galves,0,79
local-20260912T154050,2026-09-12T15:44:45-05:00,2028569,NA,(1) Grupo 1,Diana Marcela Hincapie Cetina,0,81
local-20260912T154050,2026-09-12T15:44:47-05:00,2029421,CLASE TEORICA,(1) Grupo 1 - Clase presencial,Jenniffer Vargas Reina,0,82
local-20260912T154050,2026-09-12T15:45:02-05:00,7000293-B,CALSE TEORICA,(3) Grupo Amazonia,Sonia Patricia Carreño Moreno,0,89
local-20260912T154050,2026-09-12T15:45:12-05:00,2029512,CLASE TEORICA,(1) Grupo 1 - Clase Presencial,David Alberto Roll Velez,0,91
local-20260912T154050,2026-09-12T15:45:14-05:00,2026702,NA,(1) Grupo 1,Daniel Alberto Libreros Caicedo,1,92
local-20260912T154050,2026-09-12T15:45:17-05:00,2026205,NA,(1) Grupo 1,Diego Isaías Peña Porras,1,94
local-20260912T154050,2026-09-12T15:45:19-05:00,2025976,CLASE TEORICA,(1) Grupo 1 - Clase presencial,Antonio Jose Mejia Umaña,0,95
local-20260912T154050,2026-09-12T15:45:41-05:00,2029398,CLASE TEORICA,(1) GRUPO 1,JUAN GABRIEL GOMEZ ALBARELLO,1,101
local-20260912T154050,2026-09-12T15:45:43-05:00,2023915,CLASE TEORICA,(1) GRUPO 1 (2023915),Alvaro Daniel Reyes Gomez,1,102
local-20260912T154050,2026-09-12T15:45:44-05:00,2015633,CLASE TEORICA,(1) Grupo 1 - 2015633,Alvaro Daniel Reyes Gomez,3,103
local-20260912T154050,2026-09-12T15:45:51-05:00,2025336,CLASE TEORICA,(2) Grupo 2 - Clase Presencial,No informado,0,107
local-20260912T154050,2026-09-12T15:45:53-05:00,2025814,CLASE TEORICA,(1) Electiva en Lengua Coreana II,No informado,0,108
local-20260912T154050,2026-09-12T15:46:04-05:00,2027941,CLASE TEORICA,(1) Grupo 1 - Clase Presencial,EDMON CASTELL GINOVART,0,110
local-20260912T154050,2026-09-12T15:46:08-05:00,2021154,CLASE TEORÍCA,(1) Grupo 1 - Clase presencial,Dario Indalecio Restrepo Botero,7,112
local-20260912T154050,2026-09-12T15:46:12-05:00,2029676,NA,(1) 2029676-1 Estática integrada,Fernando José Rodríguez Mesa,0,114
local-20260912T154050,2026-09-12T15:46:14-05:00,2029371,CLASE TEORICA,(1) Grupo 1 - Clase Presencial,Aurelio Alberto Horta Mesa,4,115
local-20260912T154050,2026-09-12T15:46:18-05:00,2019519,CLASE TEORICA,(1) Grupo 1,Jose Javier Toro Calderon,1,117
local-20260912T154050,2026-09-12T15:46:24-05:00,2015705,CLASE TEORICA,(2) Grupo 2 - Clase presencial,No informado,2,119
local-20260912T154050,2026-09-12T15:46:32-05:00,2015706,CLASE TEORICA,(1) Grupo 1 - Clase presencial,No informado,23,120
local-20260912T154050,2026-09-12T15:46:34-05:00,2024999,CLASE TEORICA,(1) Grupo 1 - Presencial,Jorge Enrique Londono Pinzón; Jairo Danilo Moreno Hernandez,1,121
local-20260912T154050,2026-09-12T15:46:39-05:00,2021849,NA,(1) Grupo 1,DIEGO ALEJANDRO GRAJALES PARRA,2,124
local-20260912T154050,2026-09-12T15:46:48-05:00,2026501,NA,(1) Grupo 1 - (VIRTUAL),Diego Alejandro Torres Galindo,0,129
local-20260912T154050,2026-09-12T15:47:00-05:00,2022625,CLASE TEORICA,(1) Francés Electivo I,Ceymy De Los Angeles Rodriguez Forero,0,132
local-20260912T154050,2026-09-12T15:47:02-05:00,2022626,CLASE TEORICA,(1) Francés Electivo II,Nadid Hernandez Hernandez,1,133
local-20260912T154050,2026-09-12T15:47:04-05:00,2022627,CLASE TEORICA,(1) Francés Electivo III,Fabio Alejandro Pulido Sandoval,2,134
local-20260912T154050,2026-09-12T15:47:05-05:00,2026739,CLASE TEORICA,(1) Grupo 1,YENCY CONTRERAS ORTIZ,0,135
local-20260912T154050,2026-09-12T15:47:07-05:00,2017810,CLASE TEORICA,(1) Grupo 1,Jesus Orlando Rangel Churio; Marisol Amaya Marquez; ALEXIS JARAMILLO JUSTINICO,2,136
local-20260912T154050,2026-09-12T15:47:09-05:00,2021149,CLASE TEORICA,(1) Grupo 1 - Clase presencial,Carlos Augusto Hernandez Rodriguez,1,137
local-20260912T154050,2026-09-12T15:47:12-05:00,2020994,CLASE TEORICA,(1) Grupo 1,Elena Luisa Margarita Brochero,1,139
local-20260912T154050,2026-09-12T15:47:25-05:00,2030002,CLASE TEORICA,(1) Grupo 1,Juan Felipe Gonzalez Calderon,20,143
local-20260912T154050,2026-09-12T15:47:27-05:00,2029505,NA,(1) Grupo 1,Diana Marcela Rojas Rivera,0,144
local-20260912T154050,2026-09-12T15:47:29-05:00,2023250,NA,(1) 2023250-1 Herramientas modernas para la administración,Luis Eduardo Benitez Hernandez,5,145
local-20260912T154050,2026-09-12T15:47:31-05:00,2029607,CLASE TEORICA,(1) GRUPO 1,Andres Lopez Restrepo,0,146
local-20260912T154050,2026-09-12T15:47:33-05:00,2023286,CLASE TEORICA,(1) 2023286-1 Ingenieria estrategica,Juan Edilberto Rincon Pardo,0,147
local-20260912T154050,2026-09-12T15:47:36-05:00,2026055,CLASE TEORICA,(6) Grupo 6,Juan Diego Galvez Diaz,0,149
local-20260912T154050,2026-09-12T15:47:46-05:00,2028496,CLASE TEORICA,(1) Grupo 1,JUAN DAVID GARCIA ARTEAGA,5,151
local-20260912T154050,2026-09-12T15:47:48-05:00,2023251,NA,(1) 2023251-1 Inteligencia Artificial y Mini-Robots,Jose Jesus Fernando Martinez Paez; Gustavo Perez Hoyos; Flavio Augusto Prieto Ortiz,0,152
local-20260912T154050,2026-09-12T15:47:57-05:00,2011183,CLASE TEORICA,(1) Grupo 1,Docente Ajuste Resto,0,157
local-20260912T154050,2026-09-12T15:47:59-05:00,2026630,NA,(1) Grupo 1,Docente Ajuste Resto,0,158
local-20260912T154050,2026-09-12T15:48:01-05:00,2026631,NA,(1) Grupo 1,Docente Ajuste Resto,0,159
local-20260912T154050,2026-09-12T15:48:10-05:00,2028821,NA,(1) Grupo 1,Docente Ajuste Resto,0,160
local-20260912T154050,2026-09-12T15:48:14-05:00,2028822,NA,(1) Grupo 1,Docente Ajuste Resto,0,161
local-20260912T154050,2026-09-12T15:48:17-05:00,2014269,CLASE TEORICA,(1) Grupo 1,Docente Ajuste Resto,0,162
local-20260912T154050,2026-09-12T15:48:19-05:00,2011283,CLASE TEORICA,(1) Grupo 1,Docente Ajuste Resto,0,163
local-20260912T154050,2026-09-12T15:48:21-05:00,2014290,NA,(1) Grupo,Docente Ajuste Derecho,0,164
local-20260912T154050,2026-09-12T15:48:23-05:00,2023216,CLASE TEORICA,(1) Grupo 1,Jorge Enrique Garcia Farieta,1,165
local-20260912T154050,2026-09-12T15:48:23-05:00,2023216,CLASE TEORICA,(2) Grupo 2,Eduard Alexis Larrañaga Rubio; DAVID FELIPE BAMBAGUE SICHACA,0,165
local-20260912T154050,2026-09-12T15:48:24-05:00,2025981,CLASE TEORICA,(1) Grupo 1 - Introducción a la cultura Contemporanea Alemana,Mathias Diederich,0,166
local-20260912T154050,2026-09-12T15:48:24-05:00,2025981,CLASE TEORICA,(2) Grupo 2 - Introducción a la cultura Contemporanea Alemana,Mathias Diederich,0,166
local-20260912T154050,2026-09-12T15:48:26-05:00,2025053,NA,(1) Grupo 1 - Clase Presencial,No informado,0,167
local-20260912T154050,2026-09-12T15:48:26-05:00,2025053,NA,(2) Grupo 2 - Clase Presencial,No informado,17,167
local-20260912T154050,2026-09-12T15:48:28-05:00,2029556,NA,(1) Grupo 1 - Clase Presencial,Zsoka Horvath,0,168
local-20260912T154050,2026-09-12T15:48:40-05:00,2029615,NA,"(1) Grupo 1 - Italiano, historia, sociedad y cultura",Pablo Reyes Pozzi,0,171
local-20260912T154050,2026-09-12T15:48:43-05:00,2022631,CLASE TEORICA,(1) Grupo 1 - Italiano Electivo II,Pablo Reyes Pozzi,0,173
local-20260912T154050,2026-09-12T15:48:45-05:00,2021471,CLASE TEORICA,(1) Grupo 1 - Japonés Electivo I,Yeny Mireya Echeverria Barajas,0,174
local-20260912T154050,2026-09-12T15:48:46-05:00,2021472,CLASE TEORICA,(1) Grupo 1 - Japonés Electivo II,Yeny Mireya Echeverria Barajas,0,175
local-20260912T154050,2026-09-12T15:48:48-05:00,2021473,CLASE TEORICA,(1) Grupo 1 - Japonés Electivo III,Yeny Mireya Echeverria Barajas,7,176
local-20260912T154050,2026-09-12T15:48:51-05:00,2029790,CLASE TEORICA,(1) GRUPO 1,GIOVANNI MOLANO CRUZ,7,178
local-20260912T154050,2026-09-12T15:48:53-05:00,2023919,CLASE TEORICA,(1) Grupo 1 - 2023919,Alvaro Daniel Reyes Gomez,1,179
local-20260912T154050,2026-09-12T15:49:03-05:00,2029046,CLASE TEORICA,(1) Grupo 1 - Clase Remota - Sede Bogotá,Maria Clemencia Del Pilar Castro Vergara; Sebastian Cuellar Sarmiento; Claudia Patricia Sierra Pardo,0,180
local-20260912T154050,2026-09-12T15:49:03-05:00,2029046,CLASE TEORICA,(6) Grupo 6 - Clase Remota - Sede Orinoquía,Adriana Isabel Orjuela Martinez,16,180
local-20260912T154050,2026-09-12T15:49:05-05:00,2028036,CLASE TEORICA,(1) Grupo 1,WILLIAM CHAVARRO ROJAS,2,181
local-20260912T154050,2026-09-12T15:49:07-05:00,2027041,CLASE TEORICA,(1) Grupo 1 (La esquizofrenia:del trastorno a la estructura),Gloria Gomez,1,182
local-20260912T154050,2026-09-12T15:49:11-05:00,2027253,CLASE PRACTICA,(1) Grupo 1,Oscar Gutierrez,0,183
local-20260912T154050,2026-09-12T15:49:12-05:00,2030045,CLASE TEORICA,(1) Grupo 1 - Presencial,SANDRA PATRICIA DAZA CAICEDO,1,184
local-20260912T154050,2026-09-12T15:49:14-05:00,2026611,NA,(1) Grupo 1,German Dario Florez Acero,2,185
local-20260912T154050,2026-09-12T15:49:19-05:00,2029696,CLASE TEORICA,(1) GRUPO 1,No informado,13,187
local-20260912T154050,2026-09-12T15:49:22-05:00,2028840,NA,(1) Grupo 1,Diana Yazmin Valbuena Torres,0,188
local-20260912T154050,2026-09-12T15:49:22-05:00,2028840,NA,(2) Grupo 2,Diana Yazmin Valbuena Torres,0,188
local-20260912T154050,2026-09-12T15:49:24-05:00,2029557,NA,(1) Grupo 1 - Clase Presencial,Zsoka Horvath,0,189
local-20260912T154050,2026-09-12T15:49:32-05:00,2029844,CLASE TEORICA,(1) Grupo 1 - Clase Presencial,Zsoka Horvath,14,190
local-20260912T154050,2026-09-12T15:49:36-05:00,2023240,CLASE TEORICA,(1) Grupo 1,Francelina Muchavisoy Becerra,0,191
local-20260912T154050,2026-09-12T15:49:38-05:00,2029611,NA,(1) Grupo 1,Francelina Muchavisoy Becerra,0,192
local-20260912T154050,2026-09-12T15:49:39-05:00,2023241,CLASE TEORICA,(1) Grupo 1,Rafael Segundo Mercado Epieyu,0,193
local-20260912T154050,2026-09-12T15:49:43-05:00,2016253,NA,(1) Grupo 1 - Lingüística Italiana,Rodolfo Suarez Ortega,0,194
local-20260912T154050,2026-09-12T15:49:44-05:00,2022221,CLASE TEORICA,(1) Grupo 1,Juan Diego Antonio Pablo Caicedo Gonzalez,8,195
local-20260912T154050,2026-09-12T15:49:47-05:00,2027191,NA,(1) Grupo 1 (2026-2S),MIGUEL ANTONIO MORÓN CAMPOS,0,197
local-20260912T154050,2026-09-12T15:50:02-05:00,2025703,CLASE TEORICA,(1) Grupo 1 - Clase Presencial,Maguemati Wabgou,3,201
local-20260912T154050,2026-09-12T15:50:07-05:00,2022225,CLASE TEORICA,(1) Grupo 1 - Clase Presencial,Ricardo Montezuma Enriquez,0,204
local-20260912T154050,2026-09-12T15:50:09-05:00,2026688,NA,(1) Grupo 1,Fabian Rodolfo Acosta Sanchez,3,205
local-20260912T154050,2026-09-12T15:50:11-05:00,2024006,CLASE TEORICA,"(1) GRUPO 1 (Muerte, duelo y venganza - 2024006)",Maria Alejandra Tapia Millan,0,206
local-20260912T154050,2026-09-12T15:50:20-05:00,2024994,NA,(1) Grupo 1,Aleida Dianey Clavijo Grimaldo,0,209
local-20260912T154050,2026-09-12T15:50:33-05:00,2024221,CLASE TEORICA,(1) Grupo 1,ISAAC QUILCUE PUMBA,2,211
local-20260912T154050,2026-09-12T15:50:35-05:00,2028288,CLASE TEORICA,(1) Grupo 1,ISAAC QUILCUE PUMBA,0,212
local-20260912T154050,2026-09-12T15:50:37-05:00,2023217,NA,(1) Grupo 01,Benjamin Calvo Mozo; DANIEL ALEXDY TORRES BALLESTEROS,2,213
local-20260912T154050,2026-09-12T15:50:38-05:00,2029650,CLASE TEORICA,(1) Grupo 1 - Clase presencial,CLAUDIA MARINA MUÑOZ DIAZ,6,214
local-20260912T154050,2026-09-12T15:50:42-05:00,2028465,CLASE TEORICA,(1) Grupo 1 - Clase Presencial - Sede Bogotá,Egberto Bermudez Cujar,54,216
local-20260912T154050,2026-09-12T15:50:44-05:00,2021160,CLASE TEORICA,(1) Grupo 1 - Clase Remota - Sede Bogotá,Jairo Alexis Rodriguez Lopez,0,217
local-20260912T154050,2026-09-12T15:50:59-05:00,2029728,CLASE TEORICA,(1) GRUPO 1,Ivonne Patricia Leon Peñuela; Julio Rafael Quiñones Paez,1,220
local-20260912T154050,2026-09-12T15:51:02-05:00,2025665,CLASE TEORICA,(1) Grupo 1,Natalia Gutierrez Echeverry,1,221
local-20260912T154050,2026-09-12T15:51:05-05:00,2029896,CLASE TEORICA,(1) GRUPO 1,No informado,5,222
local-20260912T154050,2026-09-12T15:51:06-05:00,2019869,NA,(1) Grupo 1,Ivan Dario Serrano Arrieta,0,223
local-20260912T154050,2026-09-12T15:51:08-05:00,2021478,CLASE TEORICA,(1) Grupo 1 - Portugués Electivo I,Lina Lucia Oliveira Da Silva,0,224
local-20260912T154050,2026-09-12T15:51:10-05:00,2021479,CLASE TEORICA,(1) Grupo 1 - Portugués Electivo II,Lina Lucia Oliveira Da Silva,0,225
local-20260912T154050,2026-09-12T15:51:12-05:00,2021480,CLASE TEORICA,(1) Grupo 1,No informado,0,226
local-20260912T154050,2026-09-12T15:51:18-05:00,2029561,CLASE TEORICA,(1) Grupo 1 - Odontología,Dairo Javier Marin Zuluaga,0,229
local-20260912T154050,2026-09-12T15:51:18-05:00,2029561,CLASE TEORICA,(10) Grupo 10 - Ingeniería Química,Cesar Augusto Sanchez Correa,0,229
local-20260912T154050,2026-09-12T15:51:18-05:00,2029561,CLASE TEORICA,(11) Grupo 11 - Ingeniería Química,Oscar Yesid Suarez Palacios,0,229
local-20260912T154050,2026-09-12T15:51:18-05:00,2029561,CLASE TEORICA,(12) Grupo 12 - Ingeniería Química,Gustavo Adolfo Orozco Alvarado,0,229
local-20260912T154050,2026-09-12T15:51:18-05:00,2029561,CLASE TEORICA,(2) Grupo 2 - Odontología,Hania Gicella Camargo Huertas,0,229
local-20260912T154050,2026-09-12T15:51:18-05:00,2029561,CLASE TEORICA,(3) Grupo 3 - Odontología,Hania Gicella Camargo Huertas,0,229
local-20260912T154050,2026-09-12T15:51:18-05:00,2029561,CLASE TEORICA,(4) Grupo 4 - Odontología,Claudia Milena Rincon Bermudez,0,229
local-20260912T154050,2026-09-12T15:51:18-05:00,2029561,CLASE TEORICA,(6) Grupo 6 - Odontología,Diego Sabogal Rojas,0,229
local-20260912T154050,2026-09-12T15:51:18-05:00,2029561,CLASE TEORICA,(7) Grupo 7 - Odontología,Sandra Lucia Patiño Niño,0,229
local-20260912T154050,2026-09-12T15:51:18-05:00,2029561,CLASE TEORICA,(8) Grupo 8 - Ingenieria Química,Alvaro Orjuela Londono,0,229
local-20260912T154050,2026-09-12T15:51:18-05:00,2029561,CLASE TEORICA,(9) Grupo 9 - Ingeniería Química,Nestor Yezid Rojas Roa,0,229
local-20260912T154050,2026-09-12T15:51:26-05:00,2029562,CLASE TEORICA,(2) Grupo 2 - Ingeniería Química,Leonardo David Donado Garzon,0,230
local-20260912T154050,2026-09-12T15:51:30-05:00,2016763,CLASE TEORICA,(1) Grupo 1,Frank Alexander Ballesteros Riveros,0,232
local-20260912T154050,2026-09-12T15:51:30-05:00,2016763,CLASE TEORICA,(2) Grupo 2,Julio Cesar Cañon Rodriguez,0,232
local-20260912T154050,2026-09-12T15:51:30-05:00,2016763,CLASE TEORICA,(3) Grupo 3,Carlos Eduardo Moreno Mantilla,0,232
local-20260912T154050,2026-09-12T15:51:30-05:00,2016763,CLASE TEORICA,(4) Grupo 4,Frank Alexander Ballesteros Riveros,0,232
local-20260912T154050,2026-09-12T15:51:32-05:00,2022240,CLASE TEORICA,(1) Grupo 1,NELLY ESTHER CALIZ ROMERO,6,233
local-20260912T154050,2026-09-12T15:51:37-05:00,2024008,CLASE TEORICA,"(1) GRUPO 1 (Psicoanálisis, Sujeto y problemáticas - 2024008)",Jairo Enrique Gallo Acosta,0,234
local-20260912T154050,2026-09-12T15:51:38-05:00,2021483,CLASE TEORICA,(1) Grupo 1 (2021483),Beatriz Eugenia Ramos Gonzalez,0,235
local-20260912T154050,2026-09-12T15:51:40-05:00,2021485,CLASE TEORICA,(1) Grupo 1 - (Psioanálisis y psicoterapias - 2021485),Carmen Lucia Diaz Leguizamon,0,236
local-20260912T154050,2026-09-12T15:51:41-05:00,2029382,CLASE TEORICA,(1) GRUPO 1,Maria Teresa Pinto Ocampo,0,237
local-20260912T154050,2026-09-12T15:51:43-05:00,2025691,CLASE TEORICA,(1) Grupo 1 - Clase presencial,Oscar Andres Lizarazo Cortes,1,238
local-20260912T154050,2026-09-12T15:51:54-05:00,2029856,CLASE TEORICA,(1) Grupo 1 - Clase Presencial,Sara Eloisa Del Castillo Matamoros,1,240
local-20260912T154050,2026-09-12T15:52:00-05:00,2029778,NA,(1) Grupo 1,Juan Sebastian Paramo Rueda,12,243
local-20260912T154050,2026-09-12T15:52:03-05:00,2029281,CLASE TEORICA,(1) Grupo 1,Edgar Eduardo Romero Castro,0,245
local-20260912T154050,2026-09-12T15:52:04-05:00,2026834,NA,(1) Grupo 1 - Clase presencial,Moises Ildefonso Cetre Castillo,0,246
local-20260912T154050,2026-09-12T15:52:06-05:00,2028300,CLASE TEORICA,(1) Grupo 1 - Clase presencial,Moises Ildefonso Cetre Castillo,0,247
local-20260912T154050,2026-09-12T15:52:07-05:00,2024124,CLASE TEORICA,(1) Grupo 1 - Clase presencial,Juan Diego Antonio Pablo Caicedo Gonzalez,54,248
local-20260912T154050,2026-09-12T15:52:53-05:00,2019882,CLASE TEORICA,(1) Grupo 1,CARLOS FELIPE URAZAN BONELLS,1,262
local-20260912T154050,2026-09-12T15:52:55-05:00,2015725,CLASE TEORICA,(1) Grupo 1 - Clase Presencial,NEZAKET BAYKAL,1,263
local-20260912T154050,2026-09-12T15:52:55-05:00,2015725,CLASE TEORICA,(2) Grupo 2 - Clase Presencial,NEZAKET BAYKAL,0,263
local-20260912T154050,2026-09-12T15:52:55-05:00,2015725,CLASE TEORICA,(3) Grupo 3 - Clase Presencial,Betul Ozen,0,263
local-20260912T154050,2026-09-12T15:52:57-05:00,2015732,CLASE TEORICA,(1) Grupo 1 - Clase Presencial,NEZAKET BAYKAL,12,264
local-20260912T154050,2026-09-12T15:52:57-05:00,2015732,CLASE TEORICA,(2) Grupo 2 - Clase presencial,Betul Ozen,12,264
local-20260912T154050,2026-09-12T15:52:59-05:00,2027134,CLASE TEORICA,(1) Grupo 1 - Clase Presencial,No informado,0,265
local-20260912T154050,2026-09-12T15:53:02-05:00,2023242,CLASE TEORICA,(1) Grupo 1,Norberto Farekatde Maribba,0,266
local-20260912T154050,2026-09-12T15:53:02-05:00,2023242,CLASE TEORICA,(2) Grupo 2,Norberto Farekatde Maribba,1,266
local-20260912T154050,2026-09-12T15:53:05-05:00,2023243,CLASE TEORICA,(1) Grupo 1,Norberto Farekatde Maribba,0,267
local-20260912T154050,2026-09-12T15:53:05-05:00,2023243,CLASE TEORICA,(2) Grupo 2,Norberto Farekatde Maribba,1,267
local-20260912T154050,2026-09-12T15:53:07-05:00,2016197,NA,(1) 2016197-1 VENTILACIÓN Y AIRE ACONDICIONADO,Juan Gustavo Mahecha Bautista,2,268
local-20260912T154050,2026-09-12T15:53:10-05:00,2025156,CLASE TEORICA,(1) Grupo 1,Carlos Alberto Torres Tovar,1,269
local-20260912T155346,2026-09-12T15:54:15-05:00,2015938,CLASE TEORICA,(1) Grupo 1,Maria Alejandra Caicedo Londoño,0,0
local-20260912T155346,2026-09-12T15:54:15-05:00,2015938,CLASE TEORICA,(2) Grupo 2,Maria Alejandra Caicedo Londoño,0,0
local-20260912T155346,2026-09-12T15:54:15-05:00,2015938,CLASE TEORICA,(3) Grupo 3,JOSE LUIS DIAZ AREVALO,0,0
local-20260912T155346,2026-09-12T15:54:15-05:00,2015938,CLASE TEORICA,(4) Grupo 4,JOSE LUIS DIAZ AREVALO,0,0
local-20260912T155346,2026-09-12T15:54:17-05:00,2015939,CLASE TEORICA,(1) Grupo 1,ALVARO MARTIN GUTIERREZ MALAXECHEBARRIA,0,1
local-20260912T155346,2026-09-12T15:54:17-05:00,2015939,CLASE TEORICA,(2) Grupo 2,ALVARO MARTIN GUTIERREZ MALAXECHEBARRIA,0,1
local-20260912T155346,2026-09-12T15:54:17-05:00,2015939,CLASE TEORICA,(3) Grupo 3,Edder Alexander Velandia Duran,16,1
local-20260912T155346,2026-09-12T15:54:17-05:00,2015939,CLASE TEORICA,(4) Grupo 4,CARLOS ALBERTO ESPAÑOL MARIÑO,0,1
local-20260912T155346,2026-09-12T15:54:17-05:00,2015939,CLASE TEORICA,(5) Grupo 5,No informado,1,1
local-20260912T155346,2026-09-12T15:54:19-05:00,1000003-B,NA,(1) Grupo 1,Erika Lorena Rosero Alzate; Oscar Andrés Rojas Sepúlveda,0,2
local-20260912T155346,2026-09-12T15:54:19-05:00,1000003-B,NA,(10) Grupo 10,Epifanio Lozano Ayala,0,2
local-20260912T155346,2026-09-12T15:54:19-05:00,1000003-B,NA,(11) Grupo 11,Gustavo Adolfo Nieto Clavijo,0,2
local-20260912T155346,2026-09-12T15:54:19-05:00,1000003-B,NA,(12) Grupo 12,LENIN DAVID ANGARITA RIVERA,0,2
local-20260912T155346,2026-09-12T15:54:19-05:00,1000003-B,NA,(13) Grupo 13,Mohammed EL AIDI,0,2
local-20260912T155346,2026-09-12T15:54:19-05:00,1000003-B,NA,(15) Grupo 15,Myriam Leonor Campos Florez,0,2
local-20260912T155346,2026-09-12T15:54:19-05:00,1000003-B,NA,(16) Grupo 16,Harold Deivi Contreras Contreras,0,2
local-20260912T155346,2026-09-12T15:54:19-05:00,1000003-B,NA,(17) Grupo 17,Martha Cecilia Moreno Penagos,0,2
local-20260912T155346,2026-09-12T15:54:19-05:00,1000003-B,NA,(18) Grupo 18,John Alexander Cruz Morales,0,2
local-20260912T155346,2026-09-12T15:54:19-05:00,1000003-B,NA,(2) Grupo 2,No informado,0,2
local-20260912T155346,2026-09-12T15:54:19-05:00,1000003-B,NA,(20) Grupo 20,Natalia Camila Pinzon Cortes,0,2
local-20260912T155346,2026-09-12T15:54:19-05:00,1000003-B,NA,(21) Grupo 21,Ivon Andrea Dorado Correa,0,2
local-20260912T155346,2026-09-12T15:54:19-05:00,1000003-B,NA,(22) Grupo 22,David Reyes Gaona,0,2
local-20260912T155346,2026-09-12T15:54:19-05:00,1000003-B,NA,(3) Grupo 3,JHON ALEJANDRO AYALA OLIVEROS,0,2
local-20260912T155346,2026-09-12T15:54:19-05:00,1000003-B,NA,(4) Grupo 4,Luis Alejandro Barbosa Torres,0,2
local-20260912T155346,2026-09-12T15:54:19-05:00,1000003-B,NA,(5) Grupo 5,Sherly Paola Alfonso Sanchez,0,2
local-20260912T155346,2026-09-12T15:54:19-05:00,1000003-B,NA,(7) Grupo 7,Myriam Leonor Campos Florez,0,2
local-20260912T155346,2026-09-12T15:54:19-05:00,1000003-B,NA,(8) Grupo 8,No informado,8,2
local-20260912T155346,2026-09-12T15:54:21-05:00,2015940,CLASE TEORICA,(1) Grupo 1,Maritzabel Molina Herrera,0,3
local-20260912T155346,2026-09-12T15:54:21-05:00,2015940,CLASE TEORICA,(2) Grupo 2,Gabriel Andres Bernal Granados,0,3
local-20260912T155346,2026-09-12T15:54:21-05:00,2015940,CLASE TEORICA,(3) Grupo 3,YON ALEXANDER BOLAÑOS DIAZ,0,3
local-20260912T155346,2026-09-12T15:54:21-05:00,2015940,CLASE TEORICA,(4) Grupo 4,No informado,0,3
local-20260912T155346,2026-09-12T15:54:23-05:00,2015941,CLASE TEORICA,(1) Grupo 1,Patricia Luna Tamayo,0,4
local-20260912T155346,2026-09-12T15:54:23-05:00,2015941,CLASE TEORICA,(2) Grupo 2,Raul Andres Lopera Rodriguez,0,4
local-20260912T155346,2026-09-12T15:54:23-05:00,2015941,CLASE TEORICA,(3) Grupo 3,Carlos Ramiro Vallecilla Bahena,0,4
local-20260912T155346,2026-09-12T15:54:23-05:00,2015941,CLASE TEORICA,(4) Grupo 4,Raul Andres Lopera Rodriguez,0,4
local-20260912T155346,2026-09-12T15:54:25-05:00,2015942,CLASE TEORICA,(1) 2015942-1 Aplicaciones de elementos finitos,David Leonardo Diaz Leon,1,5
local-20260912T155346,2026-09-12T15:54:25-05:00,2015942,CLASE TEORICA,(2) 2015942-2 Aplicaciones de elementos finitos,David Leonardo Diaz Leon,0,5
local-20260912T155346,2026-09-12T15:54:25-05:00,2015942,CLASE MAGISTRAL,(1M) 2015942-1M Aplicaciones de elementos finitos - Magistral,Diego Alexander Garzon Alvarado,14,5
local-20260912T155346,2026-09-12T15:54:28-05:00,1000004-B,NA,(1) Grupo 1,Diana Marcela Serrano Rodriguez,35,6
local-20260912T155346,2026-09-12T15:54:28-05:00,1000004-B,NA,(10) Grupo 10,Carolina Neira Jimenez,12,6
local-20260912T155346,2026-09-12T15:54:28-05:00,1000004-B,NA,(11) Grupo 11,Herbert Alonso Dueñas Ruiz,0,6
local-20260912T155346,2026-09-12T15:54:28-05:00,1000004-B,NA,(12) Grupo 12,Martha Cecilia Moreno Penagos,0,6
local-20260912T155346,2026-09-12T15:54:28-05:00,1000004-B,NA,(13) Grupo 13,NICOLAS RODRIGUEZ CHACON,4,6
local-20260912T155346,2026-09-12T15:54:28-05:00,1000004-B,NA,(14) Grupo 14,JOSÉ SEBASTIÁN NARANJO SPADAFORA,11,6
local-20260912T155346,2026-09-12T15:54:28-05:00,1000004-B,NA,(15) Grupo 15,NICOLAS RODRIGUEZ CHACON,18,6
local-20260912T155346,2026-09-12T15:54:28-05:00,1000004-B,NA,(16) Grupo 16,MIGUEL ANGEL COLMENARES HERRERA,0,6
local-20260912T155346,2026-09-12T15:54:28-05:00,1000004-B,NA,(17) Grupo 17,Hernan Garzon Gutierrez,0,6
local-20260912T155346,2026-09-12T15:54:28-05:00,1000004-B,NA,(19) Grupo 19,JOSÉ SEBASTIÁN NARANJO SPADAFORA,23,6
local-20260912T155346,2026-09-12T15:54:28-05:00,1000004-B,NA,(2) Grupo 2,Gustavo Daver Cipagauta Cuitiva,6,6
local-20260912T155346,2026-09-12T15:54:28-05:00,1000004-B,NA,(20) Grupo 20,Hernan Garzon Gutierrez,1,6
local-20260912T155346,2026-09-12T15:54:28-05:00,1000004-B,NA,(21) Grupo 21,JHOAN SEBASTIAN TENJO GARCIA,0,6
local-20260912T155346,2026-09-12T15:54:28-05:00,1000004-B,NA,(22) Grupo 22,EDWIN RODRIGO CELIS MONTEALEGRE,18,6
local-20260912T155346,2026-09-12T15:54:28-05:00,1000004-B,NA,(24) Grupo 24,Ricardo Ariel Pastran Ramirez,0,6
local-20260912T155346,2026-09-12T15:54:28-05:00,1000004-B,NA,(25) Grupo 25,Jeanneth Galeano Penaloza,0,6
local-20260912T155346,2026-09-12T15:54:28-05:00,1000004-B,NA,(27) Grupo 27,JHOAN SEBASTIAN TENJO GARCIA,0,6
local-20260912T155346,2026-09-12T15:54:28-05:00,1000004-B,NA,(28) Grupo 28,Gabriel Ignacio Padilla Leon,2,6
local-20260912T155346,2026-09-12T15:54:28-05:00,1000004-B,NA,(29) Grupo 29,DANIEL FELIPE SUÁREZ LEÓN,0,6
local-20260912T155346,2026-09-12T15:54:28-05:00,1000004-B,NA,(3) Grupo 3,SANDRA NATALIA FLOREZ GARCIA,11,6
local-20260912T155346,2026-09-12T15:54:28-05:00,1000004-B,NA,(30) Grupo 30,Gustavo Daver Cipagauta Cuitiva,48,6
local-20260912T155346,2026-09-12T15:54:28-05:00,1000004-B,NA,(32) Grupo 32,Ibeth Marcela Rubio Perilla,1,6
local-20260912T155346,2026-09-12T15:54:28-05:00,1000004-B,NA,(4) Grupo 4,Myriam Leonor Campos Florez,0,6
local-20260912T155346,2026-09-12T15:54:28-05:00,1000004-B,NA,(5) Grupo 5,RICHARD EDUARDO SANCHEZ MENDEZ,0,6
local-20260912T155346,2026-09-12T15:54:28-05:00,1000004-B,NA,(7) Grupo 7,Anderson Arley Vera Arboleda,0,6
local-20260912T155346,2026-09-12T15:54:28-05:00,1000004-B,NA,(8) Grupo 8,EDWIN RODRIGO CELIS MONTEALEGRE,25,6
local-20260912T155346,2026-09-12T15:54:28-05:00,1000004-B,NA,(9) Grupo 9,No informado,16,6
local-20260912T155346,2026-09-12T15:54:30-05:00,1000006-B,NA,(1) Grupo 1,ANDRÉS ÁLVAREZ RÍOS,0,7
local-20260912T155346,2026-09-12T15:54:30-05:00,1000006-B,NA,(10) Grupo 10,David Reyes Gaona,0,7
local-20260912T155346,2026-09-12T15:54:30-05:00,1000006-B,NA,(11) Grupo 11,Harold Deivi Contreras Contreras,0,7
local-20260912T155346,2026-09-12T15:54:30-05:00,1000006-B,NA,(12) Grupo 12,Leonid Lebedev,0,7
local-20260912T155346,2026-09-12T15:54:30-05:00,1000006-B,NA,(13) Grupo 13,Juan Carlos Hernandez Rincon,0,7
local-20260912T155346,2026-09-12T15:54:30-05:00,1000006-B,NA,(14) Grupo 14,CÉSAR ORLANDO RINCÓN GUERRERO,48,7
local-20260912T155346,2026-09-12T15:54:30-05:00,1000006-B,NA,(15) Grupo 15,JHOAN SEBASTIAN TENJO GARCIA,0,7
local-20260912T155346,2026-09-12T15:54:30-05:00,1000006-B,NA,(2) Grupo 2,Camilo Ernesto Medina Gonzalez,0,7
local-20260912T155346,2026-09-12T15:54:30-05:00,1000006-B,NA,(3) Grupo 3,Cesar Augusto Gomez Sierra,3,7
local-20260912T155346,2026-09-12T15:54:30-05:00,1000006-B,NA,(4) Grupo 4,Agustin Moreno Canadas,20,7
local-20260912T155346,2026-09-12T15:54:30-05:00,1000006-B,NA,(5) Grupo 5,Mauricio Lopez Hernandez,0,7
local-20260912T155346,2026-09-12T15:54:30-05:00,1000006-B,NA,(7) Grupo 7,No informado,5,7
local-20260912T155346,2026-09-12T15:54:30-05:00,1000006-B,NA,(8) Grupo 8,Epifanio Lozano Ayala,47,7
local-20260912T155346,2026-09-12T15:54:30-05:00,1000006-B,NA,(9) Grupo 9,Orlando Vanegas Canro,0,7
local-20260912T155346,2026-09-12T15:54:32-05:00,1000005-B,NA,(1) Grupo 1,Orlando Vanegas Canro,0,8
local-20260912T155346,2026-09-12T15:54:32-05:00,1000005-B,NA,(10) Grupo 10,Epifanio Lozano Ayala,0,8
local-20260912T155346,2026-09-12T15:54:32-05:00,1000005-B,NA,(12) Grupo 12,EDGAR SANTIAGO OCHOA QUIROGA,0,8
local-20260912T155346,2026-09-12T15:54:32-05:00,1000005-B,NA,(13) Grupo 13,Natalia Camila Pinzon Cortes,0,8
local-20260912T155346,2026-09-12T15:54:32-05:00,1000005-B,NA,(14) Grupo 14,Mohammed EL AIDI,2,8
local-20260912T155346,2026-09-12T15:54:32-05:00,1000005-B,NA,(15) Grupo 15,Alina Fedosova,0,8
local-20260912T155346,2026-09-12T15:54:32-05:00,1000005-B,NA,(16) Grupo 16,Jonhatan Castillo Barajas,0,8
local-20260912T155346,2026-09-12T15:54:32-05:00,1000005-B,NA,(17) Grupo 17,Hernan Garzon Gutierrez,0,8
local-20260912T155346,2026-09-12T15:54:32-05:00,1000005-B,NA,(19) Grupo 19,No informado,0,8
local-20260912T155346,2026-09-12T15:54:32-05:00,1000005-B,NA,(2) Grupo 2,RENE ERLIN CASTILLO,0,8
local-20260912T155346,2026-09-12T15:54:32-05:00,1000005-B,NA,(20) Grupo 20,Franqui Solis Cardenas Poloche,0,8
local-20260912T155346,2026-09-12T15:54:32-05:00,1000005-B,NA,(21) Grupo 21,Gustavo Daver Cipagauta Cuitiva,0,8
local-20260912T155346,2026-09-12T15:54:32-05:00,1000005-B,NA,(22) Grupo 22,No informado,0,8
local-20260912T155346,2026-09-12T15:54:32-05:00,1000005-B,NA,(3) Grupo 3,Eduardo Cardenas Gomez,0,8
local-20260912T155346,2026-09-12T15:54:32-05:00,1000005-B,NA,(4) Grupo 4,Edward Samuel Becerra Rojas,1,8
local-20260912T155346,2026-09-12T15:54:32-05:00,1000005-B,NA,(6) Grupo 6,DANIEL CAMILO ARANA HERNÁNDEZ,0,8
local-20260912T155346,2026-09-12T15:54:32-05:00,1000005-B,NA,(7) Grupo 7,Franqui Solis Cardenas Poloche,0,8
local-20260912T155346,2026-09-12T15:54:32-05:00,1000005-B,NA,(8) Grupo 8,Franqui Solis Cardenas Poloche,0,8
local-20260912T155346,2026-09-12T15:54:32-05:00,1000005-B,NA,(9) Grupo 9,No informado,10,8
local-20260912T155346,2026-09-12T15:54:35-05:00,2015943,CLASE TEORICA,(1) Grupo 1,Carlos Orlando Robles Roa,2,10
local-20260912T155346,2026-09-12T15:54:37-05:00,2015944,CLASE TEORICA,(1) Grupo 1,SANTIAGO RAMIREZ ECHEVERRI,0,11
local-20260912T155346,2026-09-12T15:54:38-05:00,2015711,NA,(10) 2015711-10 Dibujo básico,Ariel Augusto Amaya Avila,0,12
local-20260912T155346,2026-09-12T15:54:38-05:00,2015711,NA,(11) 2015711-11 Dibujo básico,Cesar Augusto Bacca Gonzalez,1,12
local-20260912T155346,2026-09-12T15:54:38-05:00,2015711,NA,(14) 2015711-14 Dibujo básico,Cristian Felipe Morales Suárez,0,12
local-20260912T155346,2026-09-12T15:54:38-05:00,2015711,NA,(16) 2015711-16 Dibujo básico,DAVID FELIPE TORRES ARCE,0,12
local-20260912T155346,2026-09-12T15:54:38-05:00,2015711,NA,(4) 2015711-4 Dibujo básico,Cristian Felipe Morales Suárez,0,12
local-20260912T155346,2026-09-12T15:54:38-05:00,2015711,NA,(5) 2015711-5 Dibujo básico,Sebastian Achury Ortiz,0,12
local-20260912T155346,2026-09-12T15:54:38-05:00,2015711,NA,(7) 2015711-7 Dibujo básico,Cesar Augusto Bacca Gonzalez,0,12
local-20260912T155346,2026-09-12T15:54:38-05:00,2015711,NA,(8) 2015711-8 Dibujo básico,Miguel Angel Baquero Cortes,0,12
local-20260912T155346,2026-09-12T15:54:38-05:00,2015711,NA,(9) 2015711-9 Dibujo básico,EDWIN CAMILO REINA BELTRAN,1,12
local-20260912T155346,2026-09-12T15:54:47-05:00,2015948,CLASE TEORICA,(1) Grupo 1,YON ALEXANDER BOLAÑOS DIAZ,0,13
local-20260912T155346,2026-09-12T15:54:47-05:00,2015948,CLASE TEORICA,(2) Grupo 2,Mauricio Alberto Tapias Camacho,0,13
local-20260912T155346,2026-09-12T15:54:47-05:00,2015948,CLASE TEORICA,(3) Grupo 3,No informado,0,13
local-20260912T155346,2026-09-12T15:54:49-05:00,2015950,CLASE TEORICA,(1) Grupo 1,Darwin Humberto Mora Villota,0,14
local-20260912T155346,2026-09-12T15:54:49-05:00,2015950,CLASE TEORICA,(3) Grupo 3,Daniel Ricardo Lozano Monsalve,0,14
local-20260912T155346,2026-09-12T15:54:49-05:00,2015950,CLASE TEORICA,(4) Grupo 4,German Andres Mora Casas,0,14
local-20260912T155346,2026-09-12T15:54:49-05:00,2015950,CLASE TEORICA,(5) Grupo 5,THOMAS FEDERICO ROJAS VALLEJO,0,14
local-20260912T155346,2026-09-12T15:54:51-05:00,2015949,CLASE TEORICA,(1) Grupo 1,Mario Javier Cardozo Chaux,0,15
local-20260912T155346,2026-09-12T15:54:51-05:00,2015949,CLASE TEORICA,(2) Grupo 2,Wilson Ernesto Vargas Vargas,0,15
local-20260912T155346,2026-09-12T15:54:51-05:00,2015949,CLASE TEORICA,(3) Grupo 3,ELKIN DARIO CAÑON BUITRAGO,0,15
local-20260912T155346,2026-09-12T15:54:51-05:00,2015949,CLASE TEORICA,(4) Grupo 4,No informado,0,15
local-20260912T155346,2026-09-12T15:54:52-05:00,1000007-B,NA,(1) Grupo 1,JHON CRISTIAN MINA LADINO,0,16
local-20260912T155346,2026-09-12T15:54:52-05:00,1000007-B,NA,(11) Grupo 11,Leonid Lebedev,0,16
local-20260912T155346,2026-09-12T15:54:52-05:00,1000007-B,NA,(12) Grupo 12,Gustavo Adolfo Nieto Clavijo,3,16
local-20260912T155346,2026-09-12T15:54:52-05:00,1000007-B,NA,(13) Grupo 13,Omar Duque Gomez,31,16
local-20260912T155346,2026-09-12T15:54:52-05:00,1000007-B,NA,(14) Grupo 14,IVAN FELIPE SALAMANCA MEDINA,32,16
local-20260912T155346,2026-09-12T15:54:52-05:00,1000007-B,NA,(3) Grupo 3,IVAN FELIPE SALAMANCA MEDINA,1,16
local-20260912T155346,2026-09-12T15:54:52-05:00,1000007-B,NA,(4) Grupo 4,CARLOS SNEYDER OTALORA ALDANA,0,16
local-20260912T155346,2026-09-12T15:54:52-05:00,1000007-B,NA,(6) Grupo 6,Alexander Caviedes Castro,0,16
local-20260912T155346,2026-09-12T15:54:52-05:00,1000007-B,NA,(7) Grupo 7,Oscar Guillermo Riaño Castañeda,0,16
local-20260912T155346,2026-09-12T15:54:52-05:00,1000007-B,NA,(9) Grupo 9,Orlando Vanegas Canro,0,16
local-20260912T155346,2026-09-12T15:54:54-05:00,2026134,CLASE TEORICA,(2) Grupo 2,Juan Manuel Lizarazo Marriaga,0,17
local-20260912T155346,2026-09-12T15:54:54-05:00,2026134,CLASE TEORICA,(3) Grupo 3,Maritzabel Molina Herrera,2,17
local-20260912T155346,2026-09-12T15:54:54-05:00,2026134,CLASE TEORICA,(4) Grupo 4,Carlos Ramiro Vallecilla Bahena,1,17
local-20260912T155346,2026-09-12T15:54:54-05:00,2026134,CLASE TEORICA,(5) Grupo 5,Fernando Lozano Osorno,0,17
local-20260912T155346,2026-09-12T15:54:54-05:00,2026134,CLASE TEORICA,(6) Grupo 6,Jose Dario Moreno Pineda,0,17
local-20260912T155346,2026-09-12T15:54:55-05:00,2015954,CLASE TEORICA,(1) Grupo 1,Erasmo Alfredo Rodriguez Sandoval,0,18
local-20260912T155346,2026-09-12T15:54:55-05:00,2015954,CLASE TEORICA,(2) Grupo 2,Mario Enrique Moreno Castiblanco,0,18
local-20260912T155346,2026-09-12T15:54:55-05:00,2015954,CLASE TEORICA,(3) Grupo 3,Luis Alejandro Morales Marin,0,18
local-20260912T155346,2026-09-12T15:54:56-05:00,2015955,CLASE TEORICA,(1) Grupo 1,Giovanni Andres Cortes Tovar,0,19
local-20260912T155346,2026-09-12T15:54:56-05:00,2015955,CLASE TEORICA,(2) Grupo 2,Angela Barrera Puerto,13,19
local-20260912T155346,2026-09-12T15:54:56-05:00,2015955,CLASE TEORICA,(3) Grupo 3,Giovanni Andres Cortes Tovar,0,19
local-20260912T155346,2026-09-12T15:54:58-05:00,1000011-B,CLASE TEORICA,(1) Grupo 1,Ernesto Javier Puertas Dellepianes,76,20
local-20260912T155346,2026-09-12T15:54:58-05:00,1000011-B,CLASE TEORICA,(3) Grupo 3,Néstor Fernando Perez Buitrago,11,20
local-20260912T155346,2026-09-12T15:55:03-05:00,1000019-B,CLASE LABORATORIO,(1) Grupo 1,Gustavo Martinez Tamayo,0,21
local-20260912T155346,2026-09-12T15:55:03-05:00,1000019-B,CLASE LABORATORIO,(10) Grupo 10,No informado,0,21
local-20260912T155346,2026-09-12T15:55:03-05:00,1000019-B,CLASE LABORATORIO,(11) Grupo 11,EVER DAVID ALCALA CAJAR,0,21
local-20260912T155346,2026-09-12T15:55:03-05:00,1000019-B,CLASE LABORATORIO,(12) Grupo 12,FABIAN FELIPE QUEVEDO FARIETA,0,21
local-20260912T155346,2026-09-12T15:55:03-05:00,1000019-B,CLASE LABORATORIO,(13) Grupo 13,Alvaro Marino Camargo,0,21
local-20260912T155346,2026-09-12T15:55:03-05:00,1000019-B,CLASE LABORATORIO,(14) Grupo 14,Alvaro Marino Camargo,0,21
local-20260912T155346,2026-09-12T15:55:03-05:00,1000019-B,CLASE LABORATORIO,(15) Grupo 15,EVER DAVID ALCALA CAJAR,0,21
local-20260912T155346,2026-09-12T15:55:03-05:00,1000019-B,CLASE LABORATORIO,(16) Grupo 16,Alvaro Marino Camargo,0,21
local-20260912T155346,2026-09-12T15:55:03-05:00,1000019-B,CLASE LABORATORIO,(17) Grupo 17,JULIAN MATEO DE MENDOZA GUTIERREZ,0,21
local-20260912T155346,2026-09-12T15:55:03-05:00,1000019-B,CLASE LABORATORIO,(18) Grupo 18,Jaime Villalobos Velasco,1,21
local-20260912T155346,2026-09-12T15:55:03-05:00,1000019-B,CLASE LABORATORIO,(19) Grupo 19,JULY PAOLA GARZÓN LOPEZ,4,21
local-20260912T155346,2026-09-12T15:55:03-05:00,1000019-B,CLASE LABORATORIO,(2) Grupo 2,Gustavo Martinez Tamayo,0,21
local-20260912T155346,2026-09-12T15:55:03-05:00,1000019-B,CLASE LABORATORIO,(20) Grupo 20,JOSE ALFREDO GOMEZ MATEUS,20,21
local-20260912T155346,2026-09-12T15:55:03-05:00,1000019-B,CLASE LABORATORIO,(21) Grupo 21,Pedro Hernan Sanchez Machet,2,21
local-20260912T155346,2026-09-12T15:55:03-05:00,1000019-B,CLASE LABORATORIO,(22) Grupo 22,Pedro Hernan Sanchez Machet,13,21
local-20260912T155346,2026-09-12T15:55:03-05:00,1000019-B,CLASE LABORATORIO,(23) Grupo 23,Pedro Hernan Sanchez Machet,27,21
local-20260912T155346,2026-09-12T15:55:03-05:00,1000019-B,CLASE LABORATORIO,(24) Grupo 24,Pedro Hernan Sanchez Machet,11,21
local-20260912T155346,2026-09-12T15:55:03-05:00,1000019-B,CLASE LABORATORIO,(25) Grupo 25,Plinio Del Carmen Teheran Sermeno,26,21
local-20260912T155346,2026-09-12T15:55:03-05:00,1000019-B,CLASE LABORATORIO,(26) Grupo 26 (VIRTUAL),Plinio Del Carmen Teheran Sermeno,3,21
local-20260912T155346,2026-09-12T15:55:03-05:00,1000019-B,CLASE LABORATORIO,(27) Grupo 27 (VIRTUAL),Plinio Del Carmen Teheran Sermeno,3,21
local-20260912T155346,2026-09-12T15:55:03-05:00,1000019-B,CLASE LABORATORIO,(28) Grupo 28 (VIRTUAL),Plinio Del Carmen Teheran Sermeno,9,21
local-20260912T155346,2026-09-12T15:55:03-05:00,1000019-B,CLASE LABORATORIO,(29) Grupo 29 (VIRTUAL),Plinio Del Carmen Teheran Sermeno,8,21
local-20260912T155346,2026-09-12T15:55:03-05:00,1000019-B,CLASE LABORATORIO,(3) Grupo 3,Gustavo Martinez Tamayo,0,21
local-20260912T155346,2026-09-12T15:55:03-05:00,1000019-B,CLASE LABORATORIO,(4) Grupo 4,No informado,0,21
local-20260912T155346,2026-09-12T15:55:03-05:00,1000019-B,CLASE LABORATORIO,(5) Grupo 5,FABIAN FELIPE QUEVEDO FARIETA,0,21
local-20260912T155346,2026-09-12T15:55:03-05:00,1000019-B,CLASE LABORATORIO,(6) Grupo 6,Jaime Villalobos Velasco,0,21
local-20260912T155346,2026-09-12T15:55:03-05:00,1000019-B,CLASE LABORATORIO,(7) Grupo 7,Jaime Villalobos Velasco,0,21
local-20260912T155346,2026-09-12T15:55:03-05:00,1000019-B,CLASE LABORATORIO,(8) Grupo 8,Alvaro Marino Camargo,0,21
local-20260912T155346,2026-09-12T15:55:03-05:00,1000019-B,CLASE LABORATORIO,(9) Grupo 9,Erika Lorena Rosero Alzate,1,21
local-20260912T155346,2026-09-12T15:55:03-05:00,1000019-B,CLASE TALLER,(1) Grupo 1,FABIAN FELIPE QUEVEDO FARIETA,0,21
local-20260912T155346,2026-09-12T15:55:03-05:00,1000019-B,CLASE TALLER,(10) Grupo 10,FABIAN FELIPE QUEVEDO FARIETA; Gladys Aminta Mendoza Baron,0,21
local-20260912T155346,2026-09-12T15:55:03-05:00,1000019-B,CLASE TALLER,(11) Grupo 11,JULIAN MATEO DE MENDOZA GUTIERREZ; Gladys Aminta Mendoza Baron,0,21
local-20260912T155346,2026-09-12T15:55:03-05:00,1000019-B,CLASE TALLER,(12) Grupo 12,JULIAN MATEO DE MENDOZA GUTIERREZ,0,21
local-20260912T155346,2026-09-12T15:55:03-05:00,1000019-B,CLASE TALLER,(13) Grupo 13,MIGUEL ENRIQUE GÁMEZ LÓPEZ,0,21
local-20260912T155346,2026-09-12T15:55:03-05:00,1000019-B,CLASE TALLER,(14) Grupo 14,No informado,0,21
local-20260912T155346,2026-09-12T15:55:03-05:00,1000019-B,CLASE TALLER,(15) Grupo 15,EVER DAVID ALCALA CAJAR,0,21
local-20260912T155346,2026-09-12T15:55:03-05:00,1000019-B,CLASE TALLER,(16) Grupo 16,Edna Carolina Pinilla Beltran,0,21
local-20260912T155346,2026-09-12T15:55:03-05:00,1000019-B,CLASE TALLER,(17) Grupo 17,Jereson Silva Valencia,0,21
local-20260912T155346,2026-09-12T15:55:03-05:00,1000019-B,CLASE TALLER,(18) Grupo 18,Jereson Silva Valencia,1,21
local-20260912T155346,2026-09-12T15:55:03-05:00,1000019-B,CLASE TALLER,(19) Grupo 19,Jereson Silva Valencia,4,21
local-20260912T155346,2026-09-12T15:55:03-05:00,1000019-B,CLASE TALLER,(2) Grupo 2,Gustavo Martinez Tamayo,0,21
local-20260912T155346,2026-09-12T15:55:03-05:00,1000019-B,CLASE TALLER,(20) Grupo 20,Jereson Silva Valencia,20,21
local-20260912T155346,2026-09-12T15:55:03-05:00,1000019-B,CLASE TALLER,(21) Grupo 21,JOSE ALFREDO GOMEZ MATEUS,2,21
local-20260912T155346,2026-09-12T15:55:03-05:00,1000019-B,CLASE TALLER,(22) Grupo 22,JULY PAOLA GARZÓN LOPEZ,13,21
local-20260912T155346,2026-09-12T15:55:03-05:00,1000019-B,CLASE TALLER,(23) Grupo 23,Edna Carolina Pinilla Beltran,27,21
local-20260912T155346,2026-09-12T15:55:03-05:00,1000019-B,CLASE TALLER,(24) Grupo 24,Felipe Valencia Hernandez,11,21
local-20260912T155346,2026-09-12T15:55:03-05:00,1000019-B,CLASE TALLER,(25) Grupo 25,Plinio Del Carmen Teheran Sermeno,26,21
local-20260912T155346,2026-09-12T15:55:03-05:00,1000019-B,CLASE TALLER,(26) Grupo 26 (VIRTUAL),Plinio Del Carmen Teheran Sermeno,3,21
local-20260912T155346,2026-09-12T15:55:03-05:00,1000019-B,CLASE TALLER,(27) Grupo 27 (VIRTUAL),Plinio Del Carmen Teheran Sermeno,3,21
local-20260912T155346,2026-09-12T15:55:03-05:00,1000019-B,CLASE TALLER,(28) Grupo 28 (VIRTUAL),Plinio Del Carmen Teheran Sermeno,9,21
local-20260912T155346,2026-09-12T15:55:03-05:00,1000019-B,CLASE TALLER,(29) Grupo 29 (VIRTUAL),Plinio Del Carmen Teheran Sermeno,8,21
local-20260912T155346,2026-09-12T15:55:03-05:00,1000019-B,CLASE TALLER,(3) Grupo 3,Gustavo Martinez Tamayo,0,21
local-20260912T155346,2026-09-12T15:55:03-05:00,1000019-B,CLASE TALLER,(4) Grupo 4,Jaime Villalobos Velasco,0,21
local-20260912T155346,2026-09-12T15:55:03-05:00,1000019-B,CLASE TALLER,(5) Grupo 5,Jaime Villalobos Velasco,0,21
local-20260912T155346,2026-09-12T15:55:03-05:00,1000019-B,CLASE TALLER,(6) Grupo 6,Ramiro Cardona Cardona,0,21
local-20260912T155346,2026-09-12T15:55:03-05:00,1000019-B,CLASE TALLER,(7) Grupo 7,Ramiro Cardona Cardona,0,21
local-20260912T155346,2026-09-12T15:55:03-05:00,1000019-B,CLASE TALLER,(8) Grupo 8,Edna Carolina Pinilla Beltran,0,21
local-20260912T155346,2026-09-12T15:55:03-05:00,1000019-B,CLASE TALLER,(9) Grupo 9,No informado,6,21
local-20260912T155346,2026-09-12T15:55:03-05:00,1000019-B,CLASE MAGISTRAL,(16) Gruop 16,Erika Lorena Rosero Alzate; Daniel Camilo Padilla González,1,21
local-20260912T155346,2026-09-12T15:55:03-05:00,1000019-B,CLASE MAGISTRAL,(1) Grupo 1,Gustavo Martinez Tamayo,0,21
local-20260912T155346,2026-09-12T15:55:03-05:00,1000019-B,CLASE MAGISTRAL,(10) Grupo 10,Ovidio Amado Almanza Montero,0,21
local-20260912T155346,2026-09-12T15:55:03-05:00,1000019-B,CLASE MAGISTRAL,(11) Grupo 11,Ovidio Amado Almanza Montero,0,21
local-20260912T155346,2026-09-12T15:55:03-05:00,1000019-B,CLASE MAGISTRAL,(12) Grupo 12,Ovidio Amado Almanza Montero,0,21
local-20260912T155346,2026-09-12T15:55:03-05:00,1000019-B,CLASE MAGISTRAL,(13) Grupo 13,Jaime Villalobos Velasco,0,21
local-20260912T155346,2026-09-12T15:55:03-05:00,1000019-B,CLASE MAGISTRAL,(14) Grupo 14,Jaime Villalobos Velasco,0,21
local-20260912T155346,2026-09-12T15:55:03-05:00,1000019-B,CLASE MAGISTRAL,(15) Grupo 15,Jaime Villalobos Velasco,0,21
local-20260912T155346,2026-09-12T15:55:03-05:00,1000019-B,CLASE MAGISTRAL,(17) Grupo 17,Jereson Silva Valencia,0,21
local-20260912T155346,2026-09-12T15:55:03-05:00,1000019-B,CLASE MAGISTRAL,(18) Grupo 18,Jereson Silva Valencia,1,21
local-20260912T155346,2026-09-12T15:55:03-05:00,1000019-B,CLASE MAGISTRAL,(19) Grupo 19,Jereson Silva Valencia,4,21
local-20260912T155346,2026-09-12T15:55:03-05:00,1000019-B,CLASE MAGISTRAL,(2) Grupo 2,Gustavo Martinez Tamayo,0,21
local-20260912T155346,2026-09-12T15:55:03-05:00,1000019-B,CLASE MAGISTRAL,(20) Grupo 20,Jereson Silva Valencia,20,21
local-20260912T155346,2026-09-12T15:55:03-05:00,1000019-B,CLASE MAGISTRAL,(21) Grupo 21,Felipe Valencia Hernandez,2,21
local-20260912T155346,2026-09-12T15:55:03-05:00,1000019-B,CLASE MAGISTRAL,(22) Grupo 22,Felipe Valencia Hernandez,13,21
local-20260912T155346,2026-09-12T15:55:03-05:00,1000019-B,CLASE MAGISTRAL,(23) Grupo 23,Felipe Valencia Hernandez,27,21
local-20260912T155346,2026-09-12T15:55:03-05:00,1000019-B,CLASE MAGISTRAL,(24) Grupo 24,Felipe Valencia Hernandez,11,21
local-20260912T155346,2026-09-12T15:55:03-05:00,1000019-B,CLASE MAGISTRAL,(25) Grupo 25,Plinio Del Carmen Teheran Sermeno,26,21
local-20260912T155346,2026-09-12T15:55:03-05:00,1000019-B,CLASE MAGISTRAL,(26) Grupo 26 (VIRTUAL),Plinio Del Carmen Teheran Sermeno,3,21
local-20260912T155346,2026-09-12T15:55:03-05:00,1000019-B,CLASE MAGISTRAL,(27) Grupo 27 (VIRTUAL),Plinio Del Carmen Teheran Sermeno,3,21
local-20260912T155346,2026-09-12T15:55:03-05:00,1000019-B,CLASE MAGISTRAL,(28) Grupo 28 (VIRTUAL),Plinio Del Carmen Teheran Sermeno,9,21
local-20260912T155346,2026-09-12T15:55:03-05:00,1000019-B,CLASE MAGISTRAL,(29) Grupo 29 (VIRTUAL),Plinio Del Carmen Teheran Sermeno,8,21
local-20260912T155346,2026-09-12T15:55:03-05:00,1000019-B,CLASE MAGISTRAL,(3) Grupo 3,Gustavo Martinez Tamayo,0,21
local-20260912T155346,2026-09-12T15:55:03-05:00,1000019-B,CLASE MAGISTRAL,(4) Grupo 4,Gustavo Martinez Tamayo,0,21
local-20260912T155346,2026-09-12T15:55:03-05:00,1000019-B,CLASE MAGISTRAL,(5) Grupo 5,Ramiro Cardona Cardona,0,21
local-20260912T155346,2026-09-12T15:55:03-05:00,1000019-B,CLASE MAGISTRAL,(6) Grupo 6,Ramiro Cardona Cardona,0,21
local-20260912T155346,2026-09-12T15:55:03-05:00,1000019-B,CLASE MAGISTRAL,(7) Grupo 7,Ramiro Cardona Cardona,0,21
local-20260912T155346,2026-09-12T15:55:03-05:00,1000019-B,CLASE MAGISTRAL,(8) Grupo 8,Ramiro Cardona Cardona,0,21
local-20260912T155346,2026-09-12T15:55:03-05:00,1000019-B,CLASE MAGISTRAL,(9) Grupo 9,Fredy Angel Jimenez Giraldo,6,21
local-20260912T155346,2026-09-12T15:55:04-05:00,2015956,CLASE TEORICA,(1) Grupo 1,Modesto Portilla Gamboa; Fernando Eli Romero Ordoñez,0,22
local-20260912T155346,2026-09-12T15:55:04-05:00,2015956,CLASE TEORICA,(2) Grupo 2,Jennifer Angel Amaya,0,22
local-20260912T155346,2026-09-12T15:55:04-05:00,2015956,CLASE TEORICA,(3) Grupo 3,Jennifer Angel Amaya,0,22
local-20260912T155346,2026-09-12T15:55:04-05:00,2015956,CLASE TEORICA,(4) Grupo 4,Fernando Eli Romero Ordoñez; Modesto Portilla Gamboa,0,22
local-20260912T155346,2026-09-12T15:55:05-05:00,2015957,CLASE PRACTICA,(1) Grupo 1,ELKIN DARIO CAÑON BUITRAGO,0,23
local-20260912T155346,2026-09-12T15:55:05-05:00,2015957,CLASE PRACTICA,(2) Grupo 2,Samuel Fernando Mesa Giraldo,10,23
local-20260912T155346,2026-09-12T15:55:05-05:00,2015957,CLASE PRACTICA,(3) Grupo 3,Rose Marie Aldana Boutin,0,23
local-20260912T155346,2026-09-12T15:55:05-05:00,2015957,CLASE PRACTICA,(4) Grupo 4,Rose Marie Aldana Boutin,1,23
local-20260912T155346,2026-09-12T15:55:07-05:00,2015958,CLASE PRACTICA,(1) Grupo 1,William Castro Garcia,0,24
local-20260912T155346,2026-09-12T15:55:07-05:00,2015958,CLASE PRACTICA,(2) Grupo 2,William Castro Garcia,0,24
local-20260912T155346,2026-09-12T15:55:07-05:00,2015958,CLASE PRACTICA,(3) Grupo 3,Carlos Alfonso Gomez Guacaneme,4,24
local-20260912T155346,2026-09-12T15:55:07-05:00,2015958,CLASE PRACTICA,(4) Grupo 4,Mario Arturo Rincon Villalba,1,24
local-20260912T155346,2026-09-12T15:55:07-05:00,2015958,CLASE PRACTICA,(5) Grupo 5,Mario Arturo Rincon Villalba,4,24
local-20260912T155346,2026-09-12T15:55:07-05:00,2015958,CLASE PRACTICA,(6) Grupo 6,Fausto Alejandro Silva España,0,24
local-20260912T155346,2026-09-12T15:55:07-05:00,2015958,CLASE PRACTICA,(7) Grupo 7,Fausto Alejandro Silva España,1,24
local-20260912T155346,2026-09-12T15:55:07-05:00,2015958,CLASE PRACTICA,(8) Grupo 8,Fausto Alejandro Silva España,1,24
local-20260912T155346,2026-09-12T15:55:07-05:00,2015958,CLASE PRACTICA,(9) Grupo 9,Fausto Alejandro Silva España,7,24
local-20260912T155346,2026-09-12T15:55:07-05:00,2015958,CLASE TEORICA,(1) Grupo 1,William Castro Garcia,0,24
local-20260912T155346,2026-09-12T15:55:07-05:00,2015958,CLASE TEORICA,(3) Grupo 3,Carlos Alfonso Gomez Guacaneme,4,24
local-20260912T155346,2026-09-12T15:55:07-05:00,2015958,CLASE TEORICA,(4) Grupo 4,Mario Arturo Rincon Villalba,5,24
local-20260912T155346,2026-09-12T15:55:07-05:00,2015958,CLASE TEORICA,(6) Grupo 6,Cesar Andres Cortes Bello,1,24
local-20260912T155346,2026-09-12T15:55:07-05:00,2015958,CLASE TEORICA,(8) Grupo 8,Cesar Andres Cortes Bello,8,24
local-20260912T155346,2026-09-12T15:55:08-05:00,2015959,CLASE TEORICA,(1) Grupo 1,Carlos Eduardo Rodriguez Pineda,18,25
local-20260912T155346,2026-09-12T15:55:08-05:00,2015959,CLASE TEORICA,(2) Grupo 2,Guillermo Eduardo Avila Alvarez,0,25
local-20260912T155346,2026-09-12T15:55:08-05:00,2015959,CLASE TEORICA,(3) Grupo 3,Livaniel Viveros Rosero,0,25
local-20260912T155346,2026-09-12T15:55:17-05:00,2022760,NA,(1) Grupo 1,No informado,0,26
local-20260912T155346,2026-09-12T15:55:17-05:00,2022760,NA,(2) Grupo 2,Angela Barrera Puerto,1,26
local-20260912T155346,2026-09-12T15:55:19-05:00,2015961,CLASE TEORICA,(1) Grupo 1,MANUEL ANDRES NIÑO SILVA; Rafael Orland Ortiz Mosquera,0,27
local-20260912T155346,2026-09-12T15:55:19-05:00,2015961,CLASE TEORICA,(2) Grupo 2,MANUEL ANDRES NIÑO SILVA; Adriana Patricia Piña Fulano,0,27
local-20260912T155346,2026-09-12T15:55:19-05:00,2015961,CLASE TEORICA,(3) Grupo 3,MANUEL ANDRES NIÑO SILVA; Gelber Norberto Gutierrez Palacios,0,27
local-20260912T155346,2026-09-12T15:55:19-05:00,2015961,CLASE TEORICA,(4) Grupo 4,MANUEL ANDRES NIÑO SILVA; Camilo Andrés Caro Galindo,0,27
local-20260912T155346,2026-09-12T15:55:19-05:00,2015961,CLASE TEORICA,(5) Grupo 5,MANUEL ANDRES NIÑO SILVA; Paula Angelica Solarte Blandon,0,27
local-20260912T155346,2026-09-12T15:55:19-05:00,2015961,CLASE TEORICA,(6) Grupo 6,MANUEL ANDRES NIÑO SILVA; Leonardo David Donado Garzon,0,27
local-20260912T155346,2026-09-12T15:55:19-05:00,2015961,CLASE TEORICA,(7) Grupo 7,SERGIO ALEJANDRO RIVERA MONROY; Rafael Orland Ortiz Mosquera,1,27
local-20260912T155346,2026-09-12T15:55:19-05:00,2015961,CLASE TEORICA,(8) Grupo 8,SERGIO ALEJANDRO RIVERA MONROY,1,27
local-20260912T155346,2026-09-12T15:55:20-05:00,2015978,CLASE TEORICA,(1) Grupo 1,No informado,0,28
local-20260912T155346,2026-09-12T15:55:20-05:00,2015978,CLASE TEORICA,(2) Grupo 2,Erasmo Alfredo Rodriguez Sandoval,0,28
local-20260912T155346,2026-09-12T15:55:20-05:00,2015978,CLASE TEORICA,(3) Grupo 3,Estiveen Rodriguez Quintero,0,28
local-20260912T155346,2026-09-12T15:55:20-05:00,2015978,CLASE TEORICA,(4) Grupo 4,Diego Alberto Cortés Ramos,0,28
local-20260912T155346,2026-09-12T15:55:20-05:00,2015978,CLASE TEORICA,(5) Grupo 5,Diego Alberto Cortés Ramos,0,28
local-20260912T155346,2026-09-12T15:55:22-05:00,2026135,CLASE TEORICA,(1) Grupo 1,NICOLAS ESCALANTE MORA,0,29
local-20260912T155346,2026-09-12T15:55:22-05:00,2026135,CLASE TEORICA,(2) Grupo 2,Leonel Vega Mora,18,29
local-20260912T155346,2026-09-12T15:55:22-05:00,2026135,CLASE TEORICA,(3) Grupo 3,Leonel Vega Mora,0,29
local-20260912T155346,2026-09-12T15:55:24-05:00,2015963,CLASE TEORICA,(1) Grupo 1,Liliana Yanneth Bohorques Avendaño,3,30
local-20260912T155346,2026-09-12T15:55:24-05:00,2015963,CLASE TEORICA,(2) Grupo 2,Diego Enrique Machuca Duarte,0,30
local-20260912T155346,2026-09-12T15:55:24-05:00,2015963,CLASE TEORICA,(3) Grupo 3,William Castro Garcia,5,30
local-20260912T155346,2026-09-12T15:55:25-05:00,2026138,CLASE TEORICA,(1) Grupo 1,Ivan Dario Serrano Arrieta,0,31
local-20260912T155346,2026-09-12T15:55:25-05:00,2026138,CLASE TEORICA,(2) Grupo 2,Ivan Dario Serrano Arrieta,0,31
local-20260912T155346,2026-09-12T15:55:25-05:00,2026138,CLASE TEORICA,(3) Grupo 3,Pedro Luis Jimenez Poveda,0,31
local-20260912T155346,2026-09-12T15:55:27-05:00,2015703,NA,(1) Grupo 1,Angela Maria Arboleda Restrepo,0,32
local-20260912T155346,2026-09-12T15:55:27-05:00,2015703,NA,(10) Grupo 10,Diego Alejandro Hernandez Castañeda,0,32
local-20260912T155346,2026-09-12T15:55:27-05:00,2015703,NA,(11) Grupo 11,Julio Cesar Cañon Rodriguez,0,32
local-20260912T155346,2026-09-12T15:55:27-05:00,2015703,NA,(2) Grupo 2,Osman Benjamin Giovanny Vargas Rozo,0,32
local-20260912T155346,2026-09-12T15:55:27-05:00,2015703,NA,(3) Grupo 3,Hugo Alberto Herrera Fonseca,0,32
local-20260912T155346,2026-09-12T15:55:27-05:00,2015703,NA,(4) Grupo 4,LINA JULIANA BULLA CASAS,0,32
local-20260912T155346,2026-09-12T15:55:27-05:00,2015703,NA,(5) Grupo 5 - Virtual,Cesar Augusto Roa Lemus,0,32
local-20260912T155346,2026-09-12T15:55:27-05:00,2015703,NA,(6) Grupo 6,JAVIER RICARDO OJEDA SANCHEZ,0,32
local-20260912T155346,2026-09-12T15:55:27-05:00,2015703,NA,(7) Grupo 7,JAVIER RICARDO OJEDA SANCHEZ,0,32
local-20260912T155346,2026-09-12T15:55:27-05:00,2015703,NA,(8) Grupo 8,Diego Alejandro Hernandez Castañeda,0,32
local-20260912T155346,2026-09-12T15:55:27-05:00,2015703,NA,(9) Grupo 9,LINA JULIANA BULLA CASAS,0,32
local-20260912T155346,2026-09-12T15:55:29-05:00,1000044-B,CLASE TEORICA,(1) Grupo 1,Beatriz Elena Urrutia Sanchez,3,33
local-20260912T155346,2026-09-12T15:55:29-05:00,1000044-B,CLASE TEORICA,(2) Grupo 2,Yaneli Niño Osorio,3,33
local-20260912T155346,2026-09-12T15:55:29-05:00,1000044-B,CLASE TEORICA,(3) Grupo 3,Luis Gabriel Peña Ortiz,0,33
local-20260912T155346,2026-09-12T15:55:29-05:00,1000044-B,CLASE TEORICA,(4) Grupo 4,Liliana Marcela Guzman Aricapa,1,33
local-20260912T155346,2026-09-12T15:55:29-05:00,1000044-B,CLASE TEORICA,(5) Grupo 5,Beatriz Elena Urrutia Sanchez,0,33
local-20260912T155346,2026-09-12T15:55:29-05:00,1000044-B,CLASE TEORICA,(6) Grupo 6,Cesar Augusto Romero,0,33
local-20260912T155346,2026-09-12T15:55:29-05:00,1000044-B,CLASE TEORICA,(7) Grupo 7,JOSE JONATHAN MAESTRE HERRERA,0,33
local-20260912T155346,2026-09-12T15:55:29-05:00,1000044-B,CLASE TEORICA,(8) Grupo 8,Beymar Leonardo Solorzano Alviz,0,33
local-20260912T155346,2026-09-12T15:55:29-05:00,1000044-B,CLASE TEORICA,(9) Grupo 9,Claudia Marcela Arevalo Gomez,1,33
local-20260912T155346,2026-09-12T15:55:31-05:00,1000045-B,CLASE TEORICA,(1) Grupo 1,Claudia Marcela Arevalo Gomez,3,34
local-20260912T155346,2026-09-12T15:55:31-05:00,1000045-B,CLASE TEORICA,(10) Grupo 10,Jesica paola Rendon Alfonso,1,34
local-20260912T155346,2026-09-12T15:55:31-05:00,1000045-B,CLASE TEORICA,(11) Grupo 11,JOSE JONATHAN MAESTRE HERRERA,0,34
local-20260912T155346,2026-09-12T15:55:31-05:00,1000045-B,CLASE TEORICA,(12) Grupo 12,LINDA JOHANA RUIZ GOMEZ,0,34
local-20260912T155346,2026-09-12T15:55:31-05:00,1000045-B,CLASE TEORICA,(13) Grupo 13,Narly Yadira Pardo Cadena,1,34
local-20260912T155346,2026-09-12T15:55:31-05:00,1000045-B,CLASE TEORICA,(14) Grupo 14,Angelica Saenz Fonseca,0,34
local-20260912T155346,2026-09-12T15:55:31-05:00,1000045-B,CLASE TEORICA,(15) Grupo 15,Narly Yadira Pardo Cadena,0,34
local-20260912T155346,2026-09-12T15:55:31-05:00,1000045-B,CLASE TEORICA,(16) Grupo 16,Luis Gabriel Peña Ortiz,3,34
local-20260912T155346,2026-09-12T15:55:31-05:00,1000045-B,CLASE TEORICA,(2) Grupo 2,Cesar Augusto Romero,0,34
local-20260912T155346,2026-09-12T15:55:31-05:00,1000045-B,CLASE TEORICA,(3) Grupo 3,Jesica paola Rendon Alfonso,1,34
local-20260912T155346,2026-09-12T15:55:31-05:00,1000045-B,CLASE TEORICA,(4) Grupo 4,Adriana Marlen Sanchez Riaño,0,34
local-20260912T155346,2026-09-12T15:55:31-05:00,1000045-B,CLASE TEORICA,(5) Grupo 5,Cesar Augusto Romero,0,34
local-20260912T155346,2026-09-12T15:55:31-05:00,1000045-B,CLASE TEORICA,(6) Grupo 6,Sara Elisa Monsalve Patino,1,34
local-20260912T155346,2026-09-12T15:55:31-05:00,1000045-B,CLASE TEORICA,(7) Grupo 7,Luis Gabriel Peña Ortiz,0,34
local-20260912T155346,2026-09-12T15:55:31-05:00,1000045-B,CLASE TEORICA,(8) Grupo 8,Johnatan Martinez Hernandez,0,34
local-20260912T155346,2026-09-12T15:55:31-05:00,1000045-B,CLASE TEORICA,(9) Grupo 9,Maureen Elizabeth Hooker Oneill,9,34
local-20260912T155346,2026-09-12T15:55:35-05:00,1000046-B,CLASE TEORICA,(1) Grupo 1,Johnatan Martinez Hernandez,1,36
local-20260912T155346,2026-09-12T15:55:35-05:00,1000046-B,CLASE TEORICA,(10) Grupo 10,Jennly Angelica Gomez Rodriguez,1,36
local-20260912T155346,2026-09-12T15:55:35-05:00,1000046-B,CLASE TEORICA,(11) Grupo 11,Angelica Saenz Fonseca,0,36
local-20260912T155346,2026-09-12T15:55:35-05:00,1000046-B,CLASE TEORICA,(12) Grupo 12,Liliana Marcela Guzman Aricapa,0,36
local-20260912T155346,2026-09-12T15:55:35-05:00,1000046-B,CLASE TEORICA,(13) Grupo 13,ALBA LUCIA RIAÑO RODRIGUEZ,2,36
local-20260912T155346,2026-09-12T15:55:35-05:00,1000046-B,CLASE TEORICA,(14) Grupo 14,Angelica Saenz Fonseca,1,36
local-20260912T155346,2026-09-12T15:55:35-05:00,1000046-B,CLASE TEORICA,(15) Grupo 15,Luis Gabriel Peña Ortiz,0,36
local-20260912T155346,2026-09-12T15:55:35-05:00,1000046-B,CLASE TEORICA,(16) Grupo 16,Olga Lucia Ruiz Convers,7,36
local-20260912T155346,2026-09-12T15:55:35-05:00,1000046-B,CLASE TEORICA,(17) Grupo 17,Luis Gabriel Peña Ortiz,0,36
local-20260912T155346,2026-09-12T15:55:35-05:00,1000046-B,CLASE TEORICA,(18) Grupo 18,Narly Yadira Pardo Cadena,0,36
local-20260912T155346,2026-09-12T15:55:35-05:00,1000046-B,CLASE TEORICA,(2) Grupo 2,Jesica paola Rendon Alfonso,0,36
local-20260912T155346,2026-09-12T15:55:35-05:00,1000046-B,CLASE TEORICA,(3) Grupo 3,JESUS DAVID TORRES RODRIGUEZ,8,36
local-20260912T155346,2026-09-12T15:55:35-05:00,1000046-B,CLASE TEORICA,(4) Grupo 4,Claudia Patricia Cortes Lora,2,36
local-20260912T155346,2026-09-12T15:55:35-05:00,1000046-B,CLASE TEORICA,(5) Grupo 5,Johnatan Martinez Hernandez,0,36
local-20260912T155346,2026-09-12T15:55:35-05:00,1000046-B,CLASE TEORICA,(6) Grupo 6,Johnatan Martinez Hernandez,0,36
local-20260912T155346,2026-09-12T15:55:35-05:00,1000046-B,CLASE TEORICA,(7) Grupo 7,Jesica paola Rendon Alfonso,0,36
local-20260912T155346,2026-09-12T15:55:35-05:00,1000046-B,CLASE TEORICA,(8) Grupo 8,Beatriz Elena Urrutia Sanchez,0,36
local-20260912T155346,2026-09-12T15:55:35-05:00,1000046-B,CLASE TEORICA,(9) Grupo 9,Maureen Elizabeth Hooker Oneill,7,36
local-20260912T155346,2026-09-12T15:55:38-05:00,1000052-B,CLASE TEORICA,(1) Grupo 1,Liliana Marcela Guzman Aricapa,4,38
local-20260912T155346,2026-09-12T15:55:38-05:00,1000052-B,CLASE TEORICA,(2) Grupo 2,JOSE JONATHAN MAESTRE HERRERA,6,38
local-20260912T155346,2026-09-12T15:55:38-05:00,1000052-B,CLASE TEORICA,(3) Grupo 3,Aida Elena Monsalve Solorzano,15,38
local-20260912T155346,2026-09-12T15:55:47-05:00,1000053-B,CLASE TEORICA,(1) Grupo 1,Jennly Angelica Gomez Rodriguez,1,39
local-20260912T155346,2026-09-12T15:55:47-05:00,1000053-B,CLASE TEORICA,(2) Grupo 2,Yaneli Niño Osorio,0,39
local-20260912T155346,2026-09-12T15:55:47-05:00,1000053-B,CLASE TEORICA,(3) Grupo 3,Javier Rodriguez Gomez,14,39
local-20260912T155346,2026-09-12T15:55:47-05:00,1000053-B,CLASE TEORICA,(4) Grupo 4,Javier Rodriguez Gomez,8,39
local-20260912T155346,2026-09-12T15:55:47-05:00,1000053-B,CLASE TEORICA,(5) Grupo 5,LINDA JOHANA RUIZ GOMEZ,11,39
local-20260912T155346,2026-09-12T15:55:47-05:00,1000053-B,CLASE TEORICA,(6) Grupo 6,Olga Lucia Ruiz Convers,9,39
local-20260912T155346,2026-09-12T15:55:49-05:00,1000047-B,CLASE TEORICA,(1) Grupo 1,Cesar Augusto Romero,0,40
local-20260912T155346,2026-09-12T15:55:49-05:00,1000047-B,CLASE TEORICA,(10) Grupo 10,Monica Alexandra Riaño Orjuela,0,40
local-20260912T155346,2026-09-12T15:55:49-05:00,1000047-B,CLASE TEORICA,(11) Grupo 11,Jennly Angelica Gomez Rodriguez,1,40
local-20260912T155346,2026-09-12T15:55:49-05:00,1000047-B,CLASE TEORICA,(12) Grupo 12,Claudia Patricia Cortes Lora,1,40
local-20260912T155346,2026-09-12T15:55:49-05:00,1000047-B,CLASE TEORICA,(13) Grupo 13,Angelica Saenz Fonseca,0,40
local-20260912T155346,2026-09-12T15:55:49-05:00,1000047-B,CLASE TEORICA,(14) Grupo 14,LINDA JOHANA RUIZ GOMEZ,0,40
local-20260912T155346,2026-09-12T15:55:49-05:00,1000047-B,CLASE TEORICA,(15) Grupo 15,Claudia Patricia Cortes Lora,1,40
local-20260912T155346,2026-09-12T15:55:49-05:00,1000047-B,CLASE TEORICA,(16) Grupo 16,Narly Yadira Pardo Cadena,0,40
local-20260912T155346,2026-09-12T15:55:49-05:00,1000047-B,CLASE TEORICA,(17) Grupo 17,Angelica Saenz Fonseca,0,40
local-20260912T155346,2026-09-12T15:55:49-05:00,1000047-B,CLASE TEORICA,(18) Grupo 18,ALBA LUCIA RIAÑO RODRIGUEZ,0,40
local-20260912T155346,2026-09-12T15:55:49-05:00,1000047-B,CLASE TEORICA,(19) Grupo 19,Aida Elena Monsalve Solorzano,0,40
local-20260912T155346,2026-09-12T15:55:49-05:00,1000047-B,CLASE TEORICA,(2) Grupo 2,Yaneli Niño Osorio,1,40
local-20260912T155346,2026-09-12T15:55:49-05:00,1000047-B,CLASE TEORICA,(20) Grupo 20,ALBA LUCIA RIAÑO RODRIGUEZ,1,40
local-20260912T155346,2026-09-12T15:55:49-05:00,1000047-B,CLASE TEORICA,(21) Grupo 21,Edwin Yesid Leon Silva,0,40
local-20260912T155346,2026-09-12T15:55:49-05:00,1000047-B,CLASE TEORICA,(22) Grupo 22,LINDA JOHANA RUIZ GOMEZ,0,40
local-20260912T155346,2026-09-12T15:55:49-05:00,1000047-B,CLASE TEORICA,(3) Grupo 3,Monica Alexandra Riaño Orjuela,0,40
local-20260912T155346,2026-09-12T15:55:49-05:00,1000047-B,CLASE TEORICA,(4) Grupo 4,Claudia Patricia Cortes Lora,0,40
local-20260912T155346,2026-09-12T15:55:49-05:00,1000047-B,CLASE TEORICA,(5) Grupo 5,Olga Lucia Ruiz Convers,0,40
local-20260912T155346,2026-09-12T15:55:49-05:00,1000047-B,CLASE TEORICA,(6) Grupo 6,Monica Alexandra Riaño Orjuela,0,40
local-20260912T155346,2026-09-12T15:55:49-05:00,1000047-B,CLASE TEORICA,(7) Grupo 7,Cesar Augusto Romero,0,40
local-20260912T155346,2026-09-12T15:55:49-05:00,1000047-B,CLASE TEORICA,(8) Grupo 8,Beatriz Elena Urrutia Sanchez,0,40
local-20260912T155346,2026-09-12T15:55:49-05:00,1000047-B,CLASE TEORICA,(9) Grupo 9,Keshia Hilary Howard Livingston,13,40
local-20260912T155346,2026-09-12T15:55:52-05:00,2026186,CLASE TEORICA,(1) Grupo 1,MIGUEL ÁNGEL RIVAS TABARES,0,42
local-20260912T155346,2026-09-12T15:55:52-05:00,2026186,CLASE TEORICA,(2) Grupo 2,Leonel Vega Mora,0,42
local-20260912T155346,2026-09-12T15:55:52-05:00,2026186,CLASE TEORICA,(3) Grupo 3,CAMILO RIOS FRESNEDA,0,42
local-20260912T155346,2026-09-12T15:55:52-05:00,2026186,CLASE TEORICA,(4) Grupo 4,Carlos Orlando Robles Roa,0,42
local-20260912T155346,2026-09-12T15:55:54-05:00,1000002-B,CLASE TEORICA,(8) Grupo 8 - Clase Presencial,Gustavo Adolfo Zuluaga Hoyos,1,43
local-20260912T155346,2026-09-12T15:55:57-05:00,1000001-B,CLASE TEORICA,(1) Grupo 1,No informado,0,44
local-20260912T155346,2026-09-12T15:55:57-05:00,1000001-B,CLASE TEORICA,(19) Grupo 19,No informado,1,44
local-20260912T155346,2026-09-12T15:55:57-05:00,1000001-B,CLASE TEORICA,(2) Grupo 2,Orlando Vanegas Canro,0,44
local-20260912T155346,2026-09-12T15:55:57-05:00,1000001-B,CLASE MAGISTRAL,(1) Grupo 1,DANIEL FELIPE SUÁREZ LEÓN,0,44
local-20260912T155346,2026-09-12T15:55:57-05:00,1000001-B,CLASE MAGISTRAL,(10) Grupo 10,David Reyes Gaona,0,44
local-20260912T155346,2026-09-12T15:55:57-05:00,1000001-B,CLASE MAGISTRAL,(2) Grupo 2,SERGIO ANDRES TAMAYO LÓPEZ,0,44
local-20260912T155346,2026-09-12T15:55:57-05:00,1000001-B,CLASE MAGISTRAL,(3) Grupo 3,NICOLAS RODRIGUEZ CHACON,0,44
local-20260912T155346,2026-09-12T15:55:57-05:00,1000001-B,CLASE MAGISTRAL,(4) Grupo 4,JHON CRISTIAN MINA LADINO,0,44
local-20260912T155346,2026-09-12T15:55:57-05:00,1000001-B,CLASE MAGISTRAL,(5) Grupo 5,MIGUEL ANGEL COLMENARES HERRERA,0,44
local-20260912T155346,2026-09-12T15:55:57-05:00,1000001-B,CLASE MAGISTRAL,(6) Grupo 6,DANIEL FELIPE SUÁREZ LEÓN,0,44
local-20260912T155346,2026-09-12T15:55:57-05:00,1000001-B,CLASE MAGISTRAL,(7) Grupo 7,SERGIO ANDRES TAMAYO LÓPEZ,0,44
local-20260912T155346,2026-09-12T15:55:57-05:00,1000001-B,CLASE MAGISTRAL,(8) Grupo 8,JAIRO SEBASTIÁN NIÑO CASTRO,0,44
local-20260912T155346,2026-09-12T15:55:57-05:00,1000001-B,CLASE MAGISTRAL,(9) Grupo 9,No informado,10,44
local-20260912T155346,2026-09-12T15:55:59-05:00,2015965,CLASE TEORICA,(1) Grupo 1,Edwin Alexander Prieto Saavedra; CAMILO RIOS FRESNEDA,0,45
local-20260912T155346,2026-09-12T15:55:59-05:00,2015965,CLASE TEORICA,(2) Grupo 2,Julian David Puerto Suarez; Vladimir Buelvas Hernández,0,45
local-20260912T155346,2026-09-12T15:55:59-05:00,2015965,CLASE TEORICA,(3) Grupo 3,Ferney Betancourt Cardozo; Juan Manuel Lizarazo Marriaga,0,45
local-20260912T155346,2026-09-12T15:55:59-05:00,2015965,CLASE TEORICA,(4) Grupo 4,Edwin Alexander Prieto Saavedra,0,45
local-20260912T155346,2026-09-12T15:56:01-05:00,2015966,CLASE TEORICA,(1) Grupo 1,NICOLAS GUTIERREZ ARIAS; Paula Angelica Solarte Blandon,0,46
local-20260912T155346,2026-09-12T15:56:01-05:00,2015966,CLASE TEORICA,(2) Grupo 2,NICOLAS GUTIERREZ ARIAS; Adriana Patricia Piña Fulano,0,46
local-20260912T155346,2026-09-12T15:56:01-05:00,2015966,CLASE TEORICA,(3) Grupo 3,NICOLAS GUTIERREZ ARIAS,0,46
local-20260912T155346,2026-09-12T15:56:01-05:00,2015966,CLASE TEORICA,(4) Grupo 4,NICOLAS GUTIERREZ ARIAS; Camilo Andrés Caro Galindo,0,46
local-20260912T155346,2026-09-12T15:56:01-05:00,2015966,CLASE TEORICA,(5) Grupo 5,NICOLAS GUTIERREZ ARIAS; MARIA LUCIA SALAZAR TORRES,0,46
local-20260912T155346,2026-09-12T15:56:01-05:00,2015966,CLASE TEORICA,(6) Grupo 6,NICOLAS GUTIERREZ ARIAS; Luis Alejandro Morales Marin,0,46
local-20260912T155346,2026-09-12T15:56:01-05:00,2015966,CLASE TEORICA,(7) Grupo 7,NICOLAS GUTIERREZ ARIAS; SERGIO ALEJANDRO RIVERA MONROY,0,46
local-20260912T155346,2026-09-12T15:56:01-05:00,2015966,CLASE TEORICA,(8) Grupo 8,NICOLAS GUTIERREZ ARIAS,0,46
local-20260912T155346,2026-09-12T15:56:03-05:00,2015967,NA,(1) Grupo 1,Vladimir Buelvas Hernández,0,47
local-20260912T155346,2026-09-12T15:56:04-05:00,2015968,CLASE TEORICA,(1) Grupo 1,Ricardo Parra Arango,0,48
local-20260912T155346,2026-09-12T15:56:04-05:00,2015968,CLASE TEORICA,(2) Grupo 2,Daniel Felipe Rodriguez Ramirez,0,48
local-20260912T155346,2026-09-12T15:56:04-05:00,2015968,CLASE TEORICA,(3) Grupo 3,Juan David Oliveros Salazar,0,48
local-20260912T155346,2026-09-12T15:56:04-05:00,2015968,CLASE TEORICA,(4) Grupo 4,Ricardo Parra Arango,2,48
local-20260912T155346,2026-09-12T15:56:04-05:00,2015968,CLASE TEORICA,(5) Grupo 5,Julian David Puerto Suarez,0,48
local-20260912T155346,2026-09-12T15:56:04-05:00,2015968,CLASE TEORICA,(6) Grupo 6,Dorian Luis Linero Segrera,0,48
local-20260912T155346,2026-09-12T15:56:06-05:00,2015969,CLASE TEORICA,(1) Grupo 1 (Inglés),Julio Esteban Colmenares Montañez,8,49
local-20260912T155346,2026-09-12T15:56:06-05:00,2015969,CLASE TEORICA,(2) Grupo 2,Guillermo Eduardo Avila Alvarez,0,49
local-20260912T155346,2026-09-12T15:56:06-05:00,2015969,CLASE TEORICA,(3) Grupo 3,Livaniel Viveros Rosero,0,49
local-20260912T155346,2026-09-12T15:56:06-05:00,2015969,CLASE TEORICA,(4) Grupo 4,Ronald Steve Garzon Espejo,0,49
local-20260912T155346,2026-09-12T15:56:08-05:00,2015970,CLASE PRACTICA,(10) Grupo 10,JUAN DANIEL SARMIENTO ABELLO,0,50
local-20260912T155346,2026-09-12T15:56:08-05:00,2015970,CLASE PRACTICA,(4) Grupo 4,Helga Duarte,10,50
local-20260912T155346,2026-09-12T15:56:08-05:00,2015970,CLASE PRACTICA,(5) Grupo 5,Oswaldo Rojas Camacho,5,50
local-20260912T155346,2026-09-12T15:56:08-05:00,2015970,CLASE PRACTICA,(7) Grupo 7,Cristhian Fernando Lara Espejo,0,50
local-20260912T155346,2026-09-12T15:56:08-05:00,2015970,CLASE PRACTICA,(8) Grupo 8,Helga Duarte,14,50
local-20260912T155346,2026-09-12T15:56:08-05:00,2015970,CLASE PRACTICA,(9) Grupo 9,Oswaldo Rojas Camacho,3,50
local-20260912T155346,2026-09-12T15:56:09-05:00,2017293,CLASE TEORICA,(1) 2017293-1 Modelación matemática,David Leonardo Diaz Leon,1,51
local-20260912T155346,2026-09-12T15:56:09-05:00,2017293,CLASE TEORICA,(2) 2017293-2 Modelación matemática,David Leonardo Diaz Leon,1,51
local-20260912T155346,2026-09-12T15:56:09-05:00,2017293,CLASE MAGISTRAL,(1M) 2017293-1M Modelación matemática - Magistral,Carlos Alberto Duque Daza,7,51
local-20260912T155346,2026-09-12T15:56:19-05:00,2025971,CLASE TEORICA,(3) Grupo 3,Gustavo Alfredo Bula,19,53
local-20260912T155346,2026-09-12T15:56:19-05:00,2025971,CLASE TEORICA,(4) Grupo 4,Gustavo Alfredo Bula,7,53
local-20260912T155346,2026-09-12T15:56:21-05:00,2015971,CLASE TEORICA,(1) Grupo 1,Daniel Alberto Silva Castillo,7,54
local-20260912T155346,2026-09-12T15:56:21-05:00,2015971,CLASE TEORICA,(2) Grupo 2,Ferney Betancourt Cardozo,0,54
local-20260912T155346,2026-09-12T15:56:21-05:00,2015971,CLASE TEORICA,(3) Grupo 3,RODRIGO LEON JAIMES MADRID,0,54
local-20260912T155346,2026-09-12T15:56:22-05:00,2015972,CLASE TEORICA,(1) Grupo 1,Carlos Alberto Moncada Aristizabal,0,55
local-20260912T155346,2026-09-12T15:56:22-05:00,2015972,CLASE TEORICA,(2) Grupo 2,SANTIAGO RAMIREZ ECHEVERRI,1,55
local-20260912T155346,2026-09-12T15:56:22-05:00,2015972,CLASE TEORICA,(3) Grupo 3,Maria Constanza Garcia Alicastro,0,55
local-20260912T155346,2026-09-12T15:56:24-05:00,1000024-B,CLASE TEORICA,(12) Grupo 12,Edgar Delgado Mejia,2,56
local-20260912T155346,2026-09-12T15:56:24-05:00,1000024-B,CLASE TEORICA,(13) Grupo 13,Jesus Sigifredo Valencia Rios,0,56
local-20260912T155346,2026-09-12T15:56:24-05:00,1000024-B,CLASE TEORICA,(14) Grupo 14,Edgar Delgado Mejia,12,56
local-20260912T155346,2026-09-12T15:56:24-05:00,1000024-B,CLASE TEORICA,(18) Grupo 18,Jhon Jairo Aragón Arias,8,56
local-20260912T155346,2026-09-12T15:56:25-05:00,1000013-B,CLASE TEORICA,(1) Grupo 1,JHONIER SEBASTIAN RANGEL GUTIERREZ,0,57
local-20260912T155346,2026-09-12T15:56:25-05:00,1000013-B,CLASE TEORICA,(10) Grupo 10,Sandra Vergara Cardozo,0,57
local-20260912T155346,2026-09-12T15:56:25-05:00,1000013-B,CLASE TEORICA,(11) Grupo 11,DIEGO ALBERTO MARTINEZ SIMBAQUEVA,0,57
local-20260912T155346,2026-09-12T15:56:25-05:00,1000013-B,CLASE TEORICA,(12) Grupo 12,DIEGO ALBERTO MARTINEZ SIMBAQUEVA,0,57
local-20260912T155346,2026-09-12T15:56:25-05:00,1000013-B,CLASE TEORICA,(13) Grupo 13,DIEGO ALBERTO MARTINEZ SIMBAQUEVA,0,57
local-20260912T155346,2026-09-12T15:56:25-05:00,1000013-B,CLASE TEORICA,(14) Grupo 14,Andrea Catalina Garcia Montoya,0,57
local-20260912T155346,2026-09-12T15:56:25-05:00,1000013-B,CLASE TEORICA,(15) Grupo 15,Andrea Catalina Garcia Montoya,0,57
local-20260912T155346,2026-09-12T15:56:25-05:00,1000013-B,CLASE TEORICA,(2) Grupo 2,Luis Guillermo Diaz Monroy,0,57
local-20260912T155346,2026-09-12T15:56:25-05:00,1000013-B,CLASE TEORICA,(3) Grupo 3,Diana Carolina Franco Soto,0,57
local-20260912T155346,2026-09-12T15:56:25-05:00,1000013-B,CLASE TEORICA,(5) Grupo 5,Darwin Eduardo Martínez Riaño,0,57
local-20260912T155346,2026-09-12T15:56:25-05:00,1000013-B,CLASE TEORICA,(7) Grupo 7,Camilo Jose Torres Jimenez,0,57
local-20260912T155346,2026-09-12T15:56:27-05:00,2015734,NA,(1) Grupo 1,Fernando Salazar Delgado,0,58
local-20260912T155346,2026-09-12T15:56:27-05:00,2015734,NA,(10) Grupo 10,Tito Florez Calderon,0,58
local-20260912T155346,2026-09-12T15:56:27-05:00,2015734,NA,(11) Grupo 11,DAVID ALBERTO HERRERA ALVAREZ,0,58
local-20260912T155346,2026-09-12T15:56:27-05:00,2015734,NA,(12) Grupo 12,FABIEL NATÁN ESPINOSA CASTAÑEDA,0,58
local-20260912T155346,2026-09-12T15:56:27-05:00,2015734,NA,(13) Grupo 13,SERGIO CAMILO ESPINOSA BOTERO,0,58
local-20260912T155346,2026-09-12T15:56:27-05:00,2015734,NA,(14) Grupo 14,Carlos Andres Sierra Virguez,0,58
local-20260912T155346,2026-09-12T15:56:27-05:00,2015734,NA,(2) Grupo 2,Fernando Salazar Delgado,0,58
local-20260912T155346,2026-09-12T15:56:27-05:00,2015734,NA,(3) Grupo 3,Jhoan Sebastian Restrepo Mendoza,0,58
local-20260912T155346,2026-09-12T15:56:27-05:00,2015734,NA,(4) Grupo 4,Sandra Liliana Rojas Martinez,0,58
local-20260912T155346,2026-09-12T15:56:27-05:00,2015734,NA,(5) Grupo 5,Jhoan Sebastian Restrepo Mendoza,1,58
local-20260912T155346,2026-09-12T15:56:27-05:00,2015734,NA,(6) Grupo 6,SERGIO CAMILO ESPINOSA BOTERO,0,58
local-20260912T155346,2026-09-12T15:56:27-05:00,2015734,NA,(7) Grupo 7,No informado,0,58
local-20260912T155346,2026-09-12T15:56:27-05:00,2015734,NA,(8) Grupo 8 - Virtual,FABIEL NATÁN ESPINOSA CASTAÑEDA,0,58
local-20260912T155346,2026-09-12T15:56:27-05:00,2015734,NA,(9) Grupo 9,Alvaro Reynel Córdoba,4,58
local-20260912T155346,2026-09-12T15:56:29-05:00,2016375,CLASE PRACTICA-POO,(7) Grupo 7,No informado,1,59
local-20260912T155346,2026-09-12T15:56:30-05:00,2015973,CLASE TEORICA,(1) Grupo 1,CARLOS ALBERTO ESPAÑOL MARIÑO,2,60
local-20260912T155346,2026-09-12T15:56:30-05:00,2015973,CLASE TEORICA,(2) Grupo 2,GABRIELA ARRIETA LOYO,2,60
local-20260912T155346,2026-09-12T15:56:30-05:00,2015973,CLASE TEORICA,(3) Grupo 3,NICOLAS ESCALANTE MORA,1,60
local-20260912T155346,2026-09-12T15:56:32-05:00,2022761,NA,(1) Grupo 1,Servio Javier Contreras Guerrero,0,61
local-20260912T155346,2026-09-12T15:56:32-05:00,2022761,NA,(2) Grupo 2,Servio Javier Contreras Guerrero,0,61
local-20260912T155346,2026-09-12T15:56:32-05:00,2022761,NA,(3) Grupo 3,Samuel Fernando Mesa Giraldo,0,61
local-20260912T155346,2026-09-12T15:56:34-05:00,2024045,CLASE TEORICA,(1) 2024045-1 Taller de proyectos interdisciplinarios,Hector Julian Garcia Otalora,0,62
local-20260912T155346,2026-09-12T15:56:34-05:00,2024045,CLASE TEORICA,(10) 2024045-10 Taller de proyectos interdisciplinarios,Oscar Andres Eraso Eraso,0,62
local-20260912T155346,2026-09-12T15:56:34-05:00,2024045,CLASE TEORICA,(11) 2024045-11 Taller de proyectos interdisciplinarios,No informado,0,62
local-20260912T155346,2026-09-12T15:56:34-05:00,2024045,CLASE TEORICA,(12) 2024045-12 Taller de proyectos interdisciplinarios,Hector Julian Garcia Otalora,12,62
local-20260912T155346,2026-09-12T15:56:34-05:00,2024045,CLASE TEORICA,(13) 2024045-13 Taller de proyectos interdisciplinarios,Hector Julian Garcia Otalora,0,62
local-20260912T155346,2026-09-12T15:56:34-05:00,2024045,CLASE TEORICA,(14) 2024045-14 Taller de proyectos interdisciplinarios,Dolly Santos Barbosa,0,62
local-20260912T155346,2026-09-12T15:56:34-05:00,2024045,CLASE TEORICA,(15) 2024045-15 Taller de proyectos interdisciplinarios,Oscar Andres Eraso Eraso,0,62
local-20260912T155346,2026-09-12T15:56:34-05:00,2024045,CLASE TEORICA,(16) 2024045-16 Taller de proyectos interdisciplinarios,Luis Ignacio Rodriguez Varela,0,62
local-20260912T155346,2026-09-12T15:56:34-05:00,2024045,CLASE TEORICA,(17) 2024045-17 Taller de proyectos interdisciplinarios,JOHANA CATALINA MANOSALVA BARRERA,0,62
local-20260912T155346,2026-09-12T15:56:34-05:00,2024045,CLASE TEORICA,(18) 2024045-18 Taller de proyectos interdisciplinarios,Fernando Bernal Martinez,0,62
local-20260912T155346,2026-09-12T15:56:34-05:00,2024045,CLASE TEORICA,(19) 2024045-19 Taller de proyectos interdisciplinarios,FRANCISCO JAVIER VÁSQUEZ VÁSQUEZ,0,62
local-20260912T155346,2026-09-12T15:56:34-05:00,2024045,CLASE TEORICA,(2) 2024045-2 Taller de proyectos interdisciplinarios,Fernando Bernal Martinez,0,62
local-20260912T155346,2026-09-12T15:56:34-05:00,2024045,CLASE TEORICA,(21) 2024045-21 Taller de proyectos interdisciplinarios,No informado,0,62
local-20260912T155346,2026-09-12T15:56:34-05:00,2024045,CLASE TEORICA,(22) 2024045-22 Taller de proyectos interdisciplinarios,Ubaldo Garcia Zaragoza,0,62
local-20260912T155346,2026-09-12T15:56:34-05:00,2024045,CLASE TEORICA,(23) 2024045-23 Taller de proyectos interdisciplinarios,No informado,0,62
local-20260912T155346,2026-09-12T15:56:34-05:00,2024045,CLASE TEORICA,(24) 2024045-24 Taller de proyectos interdisciplinarios,Hector Julian Garcia Otalora,18,62
local-20260912T155346,2026-09-12T15:56:34-05:00,2024045,CLASE TEORICA,(3) 2024045-3 Taller de proyectos interdisciplinarios,Guillermo Alberto Rocha Casas,0,62
local-20260912T155346,2026-09-12T15:56:34-05:00,2024045,CLASE TEORICA,(4) 2024045-4 Taller de proyectos interdisciplinarios,Francy Nayely Prieto Novoa,0,62
local-20260912T155346,2026-09-12T15:56:34-05:00,2024045,CLASE TEORICA,(40) 2024045-40 TPI-- NO BORRAR-- BLOQ ESPACIOS,No informado,0,62
local-20260912T155346,2026-09-12T15:56:34-05:00,2024045,CLASE TEORICA,(41) 2024045-41 TPI -- No BORRAR - - BLQ ESPACIOS,No informado,0,62
local-20260912T155346,2026-09-12T15:56:34-05:00,2024045,CLASE TEORICA,(5) 2024045-5 Taller de proyectos interdisciplinarios,Nubia Carmenza Moreno Sarmiento,0,62
local-20260912T155346,2026-09-12T15:56:34-05:00,2024045,CLASE TEORICA,(6) 2024045-6 Taller de proyectos interdisciplinarios,JOHANA CATALINA MANOSALVA BARRERA,0,62
local-20260912T155346,2026-09-12T15:56:34-05:00,2024045,CLASE TEORICA,(7) 2024045-7 Taller de proyectos interdisciplinarios,Ubaldo Garcia Zaragoza,0,62
local-20260912T155346,2026-09-12T15:56:34-05:00,2024045,CLASE TEORICA,(8) 2024045-8 Taller de proyectos interdisciplinarios,JHON FREDDY LOPEZ MEDINA,0,62
local-20260912T155346,2026-09-12T15:56:34-05:00,2024045,CLASE TEORICA,(9) 2024045-9 Taller de proyectos interdisciplinarios,Manuel Alejandro Mayorga Betancourt,0,62
local-20260912T155346,2026-09-12T15:56:36-05:00,2015296,NA,(1) Grupo 1,Leonardo David Donado Garzon,4,63
local-20260912T155346,2026-09-12T15:56:36-05:00,2015296,NA,(10) Grupo 10,Juan Manuel Lizarazo Marriaga,5,63
local-20260912T155346,2026-09-12T15:56:36-05:00,2015296,NA,(11) Grupo 11,Octavio Coronado Garcia,5,63
local-20260912T155346,2026-09-12T15:56:36-05:00,2015296,NA,(12) Grupo 12,Carol Andrea Murillo Feo,5,63
local-20260912T155346,2026-09-12T15:56:36-05:00,2015296,NA,(13) Grupo 13,CAMILO RIOS FRESNEDA,4,63
local-20260912T155346,2026-09-12T15:56:36-05:00,2015296,NA,(14) Grupo 14,William Castro Garcia,1,63
local-20260912T155346,2026-09-12T15:56:36-05:00,2015296,NA,(15) Grupo 15,Luis Alejandro Morales Marin,5,63
local-20260912T155346,2026-09-12T15:56:36-05:00,2015296,NA,(16) Grupo 16,Ferney Betancourt Cardozo,4,63
local-20260912T155346,2026-09-12T15:56:36-05:00,2015296,NA,(17) Grupo 17,Maria Alejandra Caicedo Londoño,4,63
local-20260912T155346,2026-09-12T15:56:36-05:00,2015296,NA,(18) Grupo 18,Guillermo Eduardo Avila Alvarez,4,63
local-20260912T155346,2026-09-12T15:56:36-05:00,2015296,NA,(19) Grupo 19,Carlos Alfonso Gomez Guacaneme,0,63
local-20260912T155346,2026-09-12T15:56:36-05:00,2015296,NA,(2) Grupo 2,Carlos Orlando Robles Roa,1,63
local-20260912T155346,2026-09-12T15:56:36-05:00,2015296,NA,(20) Grupo 20,Giovanni Andres Cortes Tovar,1,63
local-20260912T155346,2026-09-12T15:56:36-05:00,2015296,NA,(21) Grupo 21,Adriana Patricia Piña Fulano,4,63
local-20260912T155346,2026-09-12T15:56:36-05:00,2015296,NA,(22) Grupo 22,Martha Cristina Bustos Lopez,3,63
local-20260912T155346,2026-09-12T15:56:36-05:00,2015296,NA,(23) Grupo 23,Ricardo Parra Arango,4,63
local-20260912T155346,2026-09-12T15:56:36-05:00,2015296,NA,(24) Grupo 24,NESTOR ALONSO MANCIPE MUÑOZ,4,63
local-20260912T155346,2026-09-12T15:56:36-05:00,2015296,NA,(25) Grupo 25,NICOLAS ESCALANTE MORA,4,63
local-20260912T155346,2026-09-12T15:56:36-05:00,2015296,NA,(26) Grupo 26,Pedro Luis Jimenez Poveda,4,63
local-20260912T155346,2026-09-12T15:56:36-05:00,2015296,NA,(27) Grupo 27,Mario Enrique Moreno Castiblanco,4,63
local-20260912T155346,2026-09-12T15:56:36-05:00,2015296,NA,(28) Grupo 28,Julio Esteban Colmenares Montañez,4,63
local-20260912T155346,2026-09-12T15:56:36-05:00,2015296,NA,(29) Grupo 29,Ricardo Jose Pena Lindarte,3,63
local-20260912T155346,2026-09-12T15:56:36-05:00,2015296,NA,(3) Grupo 3,Angela Barrera Puerto,4,63
local-20260912T155346,2026-09-12T15:56:36-05:00,2015296,NA,(4) Grupo 4,Mauricio Alberto Tapias Camacho,4,63
local-20260912T155346,2026-09-12T15:56:36-05:00,2015296,NA,(5) Grupo 5,Maritzabel Molina Herrera,3,63
local-20260912T155346,2026-09-12T15:56:36-05:00,2015296,NA,(6) Grupo 6,Rodolfo Rodriguez Baracaldo,4,63
local-20260912T155346,2026-09-12T15:56:36-05:00,2015296,NA,(7) Grupo 7,SANTIAGO RAMIREZ ECHEVERRI,3,63
local-20260912T155346,2026-09-12T15:56:36-05:00,2015296,NA,(8) Grupo 8,Jose Ricardo Martinez Vargas,5,63
local-20260912T155346,2026-09-12T15:56:36-05:00,2015296,NA,(9) Grupo 9,GABRIELA ARRIETA LOYO,5,63
local-20260912T155346,2026-09-12T15:56:38-05:00,2015299,CLASE TEORICA,(1) Grupo 1,GABRIELA ARRIETA LOYO,9,64
